GROUP,PACKAGE,CLASS,INSTRUCTION_MISSED,INSTRUCTION_COVERED,BRANCH_MISSED,BRANCH_COVERED,LINE_MISSED,LINE_COVERED,COMPLEXITY_MISSED,COMPLEXITY_COVERED,METHOD_MISSED,METHOD_COVERED
JaCoCo Coverage Report,com.google.javascript.jscomp,ShowByPathWarningsGuard,92,0,14,0,21,0,13,0,6,0
JaCoCo Coverage Report,com.google.javascript.jscomp,RuntimeTypeCheck,93,5,2,0,23,1,6,1,5,1
JaCoCo Coverage Report,com.google.javascript.jscomp,LiveVariablesAnalysis,362,0,48,0,84,0,38,0,11,0
JaCoCo Coverage Report,com.google.javascript.jscomp,FunctionInjector.CallSiteType,64,0,0,0,7,0,1,0,1,0
JaCoCo Coverage Report,com.google.javascript.jscomp,GoogleJsMessageIdGenerator.FP,578,0,20,0,82,0,18,0,3,0
JaCoCo Coverage Report,com.google.javascript.jscomp,DefaultPassConfig.57.new CompilerPass() {...},23,0,0,0,5,0,2,0,2,0
JaCoCo Coverage Report,com.google.javascript.jscomp,CodePrinter,69,0,12,0,17,0,8,0,2,0
JaCoCo Coverage Report,com.google.javascript.jscomp,ReplaceCssNames.Traversal,324,0,30,0,64,0,19,0,3,0
JaCoCo Coverage Report,com.google.javascript.jscomp,SideEffectsAnalysis.VariableUseDeclarationMap,69,0,4,0,17,0,5,0,3,0
JaCoCo Coverage Report,com.google.javascript.jscomp,OptimizeReturns,204,0,41,0,53,0,29,0,7,0
JaCoCo Coverage Report,com.google.javascript.jscomp,DefaultPassConfig.GlobalTypeResolver,36,0,2,0,9,0,4,0,3,0
JaCoCo Coverage Report,com.google.javascript.jscomp,PureFunctionIdentifier,644,0,104,0,166,0,63,0,11,0
JaCoCo Coverage Report,com.google.javascript.jscomp,SideEffectsAnalysis.LocationAbstractionMode,24,0,0,0,3,0,1,0,1,0
JaCoCo Coverage Report,com.google.javascript.jscomp,VariableRenamingPolicy,0,44,0,0,0,5,0,1,0,1
JaCoCo Coverage Report,com.google.javascript.jscomp,PrepareAst,105,31,23,3,26,11,16,3,3,3
JaCoCo Coverage Report,com.google.javascript.jscomp,ExternExportsPass.new Comparator() {...},12,0,0,0,2,0,2,0,2,0
JaCoCo Coverage Report,com.google.javascript.jscomp,DefaultPassConfig.22.new HotSwapCompilerPass() {...},40,0,0,0,7,0,3,0,3,0
JaCoCo Coverage Report,com.google.javascript.jscomp,ChainCalls,76,0,2,0,17,0,3,0,2,0
JaCoCo Coverage Report,com.google.javascript.jscomp,ProcessTweaks.TweakFunction,53,165,12,0,10,25,12,7,5,7
JaCoCo Coverage Report,com.google.javascript.jscomp,DisambiguateProperties,476,0,58,0,103,0,41,0,12,0
JaCoCo Coverage Report,com.google.javascript.jscomp,InstrumentFunctions.InstrumentCallback,158,0,18,0,41,0,11,0,2,0
JaCoCo Coverage Report,com.google.javascript.jscomp,NameAnalyzer.ClassDefiningFunctionNode,46,0,2,0,10,0,3,0,2,0
JaCoCo Coverage Report,com.google.javascript.jscomp,RemoveTryCatch,21,0,0,0,6,0,2,0,2,0
JaCoCo Coverage Report,com.google.javascript.jscomp,SymbolTable.JSDocInfoCollector,105,0,18,0,24,0,12,0,3,0
JaCoCo Coverage Report,com.google.javascript.jscomp,CheckMissingReturn,150,0,22,0,46,0,21,0,10,0
JaCoCo Coverage Report,com.google.javascript.jscomp,Normalize,156,31,4,0,28,7,7,2,5,2
JaCoCo Coverage Report,com.google.javascript.jscomp,RemoveUnusedVars,823,0,165,0,213,0,98,0,14,0
JaCoCo Coverage Report,com.google.javascript.jscomp,FunctionInfo.new Descriptors.FileDescriptor.InternalDescriptorAssigner() {...},97,0,0,0,11,0,2,0,2,0
JaCoCo Coverage Report,com.google.javascript.jscomp,TypedScopeCreator.DiscoverEnumsAndTypedefs,43,30,10,5,13,13,7,4,0,3
JaCoCo Coverage Report,com.google.javascript.jscomp,CheckDebuggerStatement,23,5,2,0,8,2,4,1,3,1
JaCoCo Coverage Report,com.google.javascript.jscomp,ObjectPropertyStringPreprocess,50,13,4,0,14,6,5,1,3,1
JaCoCo Coverage Report,com.google.javascript.jscomp,TypedScopeCreator.DeferredSetType,32,0,0,0,9,0,2,0,2,0
JaCoCo Coverage Report,com.google.javascript.jscomp,ControlFlowAnalysis.new Comparator() {...},24,0,0,0,2,0,2,0,2,0
JaCoCo Coverage Report,com.google.javascript.jscomp,ClosureCodingConvention,484,41,98,0,134,8,70,5,21,5
JaCoCo Coverage Report,com.google.javascript.jscomp,CrossModuleMethodMotion.IdGenerator,15,6,2,0,2,2,3,1,2,1
JaCoCo Coverage Report,com.google.javascript.jscomp,CompilerOptions.TracerMode,2,39,1,1,0,5,1,2,0,2
JaCoCo Coverage Report,com.google.javascript.jscomp,ChainCalls.GatherCallSites,138,0,30,0,42,0,17,0,2,0
JaCoCo Coverage Report,com.google.javascript.jscomp,SyntheticAst,52,0,0,0,14,0,6,0,6,0
JaCoCo Coverage Report,com.google.javascript.jscomp,CompilerInput,239,86,21,5,61,26,34,9,21,9
JaCoCo Coverage Report,com.google.javascript.jscomp,AstValidator,1467,0,151,0,445,0,159,0,66,0
JaCoCo Coverage Report,com.google.javascript.jscomp,TypedScopeCreator.AbstractScopeBuilder.CollectProperties,83,0,17,0,24,0,12,0,3,0
JaCoCo Coverage Report,com.google.javascript.jscomp,JsMessageVisitor.MalformedException,10,0,0,0,4,0,2,0,2,0
JaCoCo Coverage Report,com.google.javascript.jscomp,CallGraph,595,0,100,0,152,0,73,0,23,0
JaCoCo Coverage Report,com.google.javascript.jscomp,TightenTypes.ExternFunctionCall,29,0,0,0,6,0,2,0,2,0
JaCoCo Coverage Report,com.google.javascript.jscomp,DefinitionsRemover,146,0,44,0,36,0,25,0,3,0
JaCoCo Coverage Report,com.google.javascript.jscomp,Scope,184,148,29,11,44,34,36,12,18,10
JaCoCo Coverage Report,com.google.javascript.jscomp,NodeUtil.MayBeStringResultPredicate,3,3,0,0,1,1,1,1,1,1
JaCoCo Coverage Report,com.google.javascript.jscomp,RemoveUnusedPrototypeProperties,159,0,26,0,49,0,19,0,6,0
JaCoCo Coverage Report,com.google.javascript.jscomp,DefaultPassConfig.HotSwapPassFactory,4,5,0,0,1,2,1,1,1,1
JaCoCo Coverage Report,com.google.javascript.jscomp,ChainableReverseAbstractInterpreter.RestrictByTypeOfResultVisitor,74,0,10,0,17,0,11,0,6,0
JaCoCo Coverage Report,com.google.javascript.jscomp,NameReferenceGraphReport,428,0,26,0,101,0,23,0,10,0
JaCoCo Coverage Report,com.google.javascript.jscomp,AbstractCommandLineRunner.RunTimeStats,126,0,4,0,27,0,6,0,4,0
JaCoCo Coverage Report,com.google.javascript.jscomp,NameReferenceGraph.Reference,36,0,0,0,14,0,7,0,7,0
JaCoCo Coverage Report,com.google.javascript.jscomp,DiagnosticType,25,59,1,3,3,13,4,8,3,7
JaCoCo Coverage Report,com.google.javascript.jscomp,JsMessageDefinition,21,0,0,0,8,0,4,0,4,0
JaCoCo Coverage Report,com.google.javascript.jscomp,SourceInformationAnnotator,79,0,19,0,24,0,14,0,3,0
JaCoCo Coverage Report,com.google.javascript.jscomp,NameAnalyzer.FindDependencyScopes,116,0,22,0,27,0,14,0,3,0
JaCoCo Coverage Report,com.google.javascript.jscomp,ExternExportsPass.Export,329,0,45,0,82,0,33,0,10,0
JaCoCo Coverage Report,com.google.javascript.jscomp,TypeValidator.TypeMismatch,79,0,10,0,12,0,9,0,4,0
JaCoCo Coverage Report,com.google.javascript.jscomp,PeepholeFoldConstants,2329,29,547,0,685,11,344,1,34,1
JaCoCo Coverage Report,com.google.javascript.jscomp,DefaultPassConfig.new DefaultPassConfig.HotSwapPassFactory() {...},5,8,0,0,1,1,1,1,1,1
JaCoCo Coverage Report,com.google.javascript.jscomp,DefaultPassConfig.new DefaultPassConfig.HotSwapPassFactory() {...},51,8,6,0,9,1,4,1,1,1
JaCoCo Coverage Report,com.google.javascript.jscomp,DefaultPassConfig.new DefaultPassConfig.HotSwapPassFactory() {...},9,8,0,0,1,1,1,1,1,1
JaCoCo Coverage Report,com.google.javascript.jscomp,DefaultPassConfig.new DefaultPassConfig.HotSwapPassFactory() {...},9,8,0,0,1,1,1,1,1,1
JaCoCo Coverage Report,com.google.javascript.jscomp,DefaultPassConfig.new PassFactory() {...},21,8,2,0,6,1,2,1,1,1
JaCoCo Coverage Report,com.google.javascript.jscomp,ConstCheck,145,5,28,0,38,2,20,1,5,1
JaCoCo Coverage Report,com.google.javascript.jscomp,DefaultPassConfig.new PassFactory() {...},24,8,4,0,7,1,3,1,1,1
JaCoCo Coverage Report,com.google.javascript.jscomp,SimpleDefinitionFinder,416,0,84,0,115,0,56,0,14,0
JaCoCo Coverage Report,com.google.javascript.jscomp,DefaultPassConfig.new DefaultPassConfig.HotSwapPassFactory() {...},26,8,0,0,4,1,1,1,1,1
JaCoCo Coverage Report,com.google.javascript.jscomp,NodeUtil.MatchShallowStatement,24,0,10,0,6,0,7,0,2,0
JaCoCo Coverage Report,com.google.javascript.jscomp,DefaultPassConfig.new PassFactory() {...},11,8,0,0,2,1,1,1,1,1
JaCoCo Coverage Report,com.google.javascript.jscomp,DefaultPassConfig.new PassFactory() {...},14,8,0,0,2,1,1,1,1,1
JaCoCo Coverage Report,com.google.javascript.jscomp,PhaseOptimizer.LoopInternal,227,0,28,0,50,0,20,0,6,0
JaCoCo Coverage Report,com.google.javascript.jscomp,NodeIterators.FunctionlessLocalScope,142,0,22,0,31,0,18,0,7,0
JaCoCo Coverage Report,com.google.javascript.jscomp,ConcreteType.new ConcreteType.TypeFilter() {...},16,0,2,0,2,0,3,0,2,0
JaCoCo Coverage Report,com.google.javascript.jscomp,CodingConventions.Proxy,156,14,4,0,32,5,30,2,28,2
JaCoCo Coverage Report,com.google.javascript.jscomp,ConcreteType.new ConcreteType.TypeFilter() {...},17,0,2,0,4,0,3,0,2,0
JaCoCo Coverage Report,com.google.javascript.jscomp,ConcreteType.new ConcreteType.TypeFilter() {...},16,0,2,0,2,0,3,0,2,0
JaCoCo Coverage Report,com.google.javascript.jscomp,ConcreteType.new ConcreteType.TypeFilter() {...},21,0,4,0,4,0,4,0,2,0
JaCoCo Coverage Report,com.google.javascript.jscomp,NameAnalyzer.FindReferences,467,0,114,0,128,0,65,0,8,0
JaCoCo Coverage Report,com.google.javascript.jscomp,ConcreteType.new ConcreteType.TypeFilter() {...},20,0,4,0,5,0,4,0,2,0
JaCoCo Coverage Report,com.google.javascript.jscomp,ConcreteType.new ConcreteType.TypeFilter() {...},24,0,2,0,5,0,3,0,2,0
JaCoCo Coverage Report,com.google.javascript.jscomp,ConcreteType.new ConcreteType.TypeFilter() {...},30,0,4,0,4,0,4,0,2,0
JaCoCo Coverage Report,com.google.javascript.jscomp,ObjectPropertyStringPostprocess.Callback,85,0,8,0,28,0,6,0,2,0
JaCoCo Coverage Report,com.google.javascript.jscomp,ControlFlowGraph.AbstractCfgNodeTraversalCallback,14,0,4,0,4,0,4,0,2,0
JaCoCo Coverage Report,com.google.javascript.jscomp,DefaultPassConfig.31.new HotSwapCompilerPass() {...},18,0,0,0,5,0,3,0,3,0
JaCoCo Coverage Report,com.google.javascript.jscomp,NameAnalyzer.HoistVariableAndFunctionDeclarations,49,0,4,0,11,0,4,0,2,0
JaCoCo Coverage Report,com.google.javascript.jscomp,RenameProperties.Property,12,0,0,0,4,0,1,0,1,0
JaCoCo Coverage Report,com.google.javascript.jscomp,AnalyzeNameReferences,77,0,2,0,19,0,5,0,4,0
JaCoCo Coverage Report,com.google.javascript.jscomp,Scope.Arguments,35,0,4,0,7,0,5,0,3,0
JaCoCo Coverage Report,com.google.javascript.jscomp,RuntimeTypeCheck.new Comparator() {...},35,3,12,0,10,1,8,1,2,1
JaCoCo Coverage Report,com.google.javascript.jscomp,MakeDeclaredNamesUnique.BoilerplateRenamer,9,9,0,0,1,4,1,1,1,1
JaCoCo Coverage Report,com.google.javascript.jscomp,CompilerInput.DepsFinder,74,0,14,0,24,0,10,0,3,0
JaCoCo Coverage Report,com.google.javascript.jscomp,AbstractCommandLineRunner,2539,0,348,0,564,0,222,0,48,0
JaCoCo Coverage Report,com.google.javascript.jscomp,PassFactory.new PassFactory() {...},21,0,0,0,3,0,3,0,3,0
JaCoCo Coverage Report,com.google.javascript.jscomp,WarningLevel,156,0,4,0,46,0,8,0,5,0
JaCoCo Coverage Report,com.google.javascript.jscomp,ShadowVariables.GatherReferenceInfo,78,0,16,0,18,0,10,0,2,0
JaCoCo Coverage Report,com.google.javascript.jscomp,NameAnonymousFunctionsMapped.MappedFunctionNamer,67,0,4,0,14,0,6,0,4,0
JaCoCo Coverage Report,com.google.javascript.jscomp,Denormalize.StripConstantAnnotations,27,0,4,0,9,0,5,0,3,0
JaCoCo Coverage Report,com.google.javascript.jscomp,JsMessageVisitor,1135,0,163,0,274,0,106,0,20,0
JaCoCo Coverage Report,com.google.javascript.jscomp,DataFlowAnalysis.MaxIterationsExceededException,4,0,0,0,2,0,1,0,1,0
JaCoCo Coverage Report,com.google.javascript.jscomp,AstChangeProxy,156,0,22,0,39,0,18,0,7,0
JaCoCo Coverage Report,com.google.javascript.jscomp,AmbiguateProperties.PropertyGraphNode,19,0,0,0,7,0,4,0,4,0
JaCoCo Coverage Report,com.google.javascript.jscomp,IgnoreCajaProperties.Traversal,131,0,6,0,21,0,5,0,2,0
JaCoCo Coverage Report,com.google.javascript.jscomp,ComposeWarningsGuard,104,129,19,11,28,30,15,10,4,6
JaCoCo Coverage Report,com.google.javascript.jscomp,InlineVariables,61,0,4,0,15,0,6,0,3,0
JaCoCo Coverage Report,com.google.javascript.jscomp,PeepholeOptimizationsPass,111,0,12,0,29,0,12,0,6,0
JaCoCo Coverage Report,com.google.javascript.jscomp,AnalyzePrototypeProperties.SymbolType,24,0,0,0,3,0,1,0,1,0
JaCoCo Coverage Report,com.google.javascript.jscomp,CustomPassExecutionTime,0,44,0,0,0,5,0,1,0,1
JaCoCo Coverage Report,com.google.javascript.jscomp,NodeTraversal.AbstractShallowCallback,17,0,6,0,3,0,5,0,2,0
JaCoCo Coverage Report,com.google.javascript.jscomp,SourceFile.Generated,28,0,2,0,11,0,4,0,3,0
JaCoCo Coverage Report,com.google.javascript.jscomp,FunctionRewriter.GetterReducer,60,0,12,0,17,0,9,0,3,0
JaCoCo Coverage Report,com.google.javascript.jscomp,JsMessage.Style,44,0,4,0,7,0,4,0,2,0
JaCoCo Coverage Report,com.google.javascript.jscomp,AbstractCommandLineRunner.WarningGuardSpec.Entry,9,0,0,0,4,0,1,0,1,0
JaCoCo Coverage Report,com.google.javascript.jscomp,DotFormatter,589,0,40,0,118,0,34,0,14,0
JaCoCo Coverage Report,com.google.javascript.jscomp,CollapseVariableDeclarations.GatherCollapses,160,0,36,0,37,0,22,0,4,0
JaCoCo Coverage Report,com.google.javascript.jscomp,GlobalVarReferenceMap,347,0,36,0,86,0,26,0,8,0
JaCoCo Coverage Report,com.google.javascript.jscomp,NameAnalyzer,1623,0,230,0,362,0,147,0,27,0
JaCoCo Coverage Report,com.google.javascript.jscomp,CollapseVariableDeclarations.Collapse,12,0,0,0,5,0,1,0,1,0
JaCoCo Coverage Report,com.google.javascript.jscomp,CommandLineRunner.Flags.WarningGuardWarningOptionHandler,11,0,0,0,2,0,1,0,1,0
JaCoCo Coverage Report,com.google.javascript.jscomp,JSModuleGraph.InverseDepthComparator,12,0,0,0,2,0,2,0,2,0
JaCoCo Coverage Report,com.google.javascript.jscomp,AliasExternals.Symbol,87,0,8,0,25,0,7,0,3,0
JaCoCo Coverage Report,com.google.javascript.jscomp,SymbolTable.Reference,5,0,0,0,2,0,1,0,1,0
JaCoCo Coverage Report,com.google.javascript.jscomp,FunctionRewriter.IdentityReducer,52,0,12,0,17,0,9,0,3,0
JaCoCo Coverage Report,com.google.javascript.jscomp,FindExportableNodes.GenerateNodeContext,21,0,0,0,8,0,4,0,4,0
JaCoCo Coverage Report,com.google.javascript.jscomp,TypedCodeGenerator,377,0,76,0,82,0,43,0,5,0
JaCoCo Coverage Report,com.google.javascript.jscomp,CoalesceVariableNames.CombinedLiveRangeChecker,50,0,6,0,14,0,6,0,3,0
JaCoCo Coverage Report,com.google.javascript.jscomp,AnalyzePrototypeProperties.AssignmentProperty,32,0,0,0,10,0,6,0,6,0
JaCoCo Coverage Report,com.google.javascript.jscomp,FunctionRewriter.EmptyFunctionReducer,16,0,2,0,5,0,3,0,2,0
JaCoCo Coverage Report,com.google.javascript.jscomp,SymbolTable.Symbol,149,0,14,0,36,0,23,0,16,0
JaCoCo Coverage Report,com.google.javascript.jscomp,DefaultPassConfig.37.new CompilerPass() {...},42,0,0,0,5,0,2,0,2,0
JaCoCo Coverage Report,com.google.javascript.jscomp,SourceExcerptProvider.SourceExcerpt,0,24,0,0,0,3,0,1,0,1
JaCoCo Coverage Report,com.google.javascript.jscomp,AliasKeywords.VoidKeywordAliasSpecification,75,0,4,0,21,0,7,0,5,0
JaCoCo Coverage Report,com.google.javascript.jscomp,InlineObjectLiterals,25,0,0,0,7,0,2,0,2,0
JaCoCo Coverage Report,com.google.javascript.jscomp,VerboseMessageFormatter,98,0,8,0,15,0,8,0,4,0
JaCoCo Coverage Report,com.google.javascript.jscomp,InlineSimpleMethods,205,9,32,0,64,3,29,1,13,1
JaCoCo Coverage Report,com.google.javascript.jscomp,AnalyzeNameReferences.PropagateReferences,43,0,6,0,10,0,5,0,2,0
JaCoCo Coverage Report,com.google.javascript.jscomp,SourceFile.OnDisk,61,0,6,0,20,0,9,0,6,0
JaCoCo Coverage Report,com.google.javascript.jscomp,XtbMessageBundle.SecureEntityResolver,8,0,0,0,1,0,1,0,1,0
JaCoCo Coverage Report,com.google.javascript.jscomp,ClosureReverseAbstractInterpreter.new ChainableReverseAbstractInterpreter.RestrictByFalseTypeOfResultVisitor() {...},11,0,0,0,3,0,3,0,3,0
JaCoCo Coverage Report,com.google.javascript.jscomp,ClosureReverseAbstractInterpreter.new Function() {...},36,0,6,0,6,0,5,0,2,0
JaCoCo Coverage Report,com.google.javascript.jscomp,ClosureReverseAbstractInterpreter.new Function() {...},36,0,6,0,6,0,5,0,2,0
JaCoCo Coverage Report,com.google.javascript.jscomp,ClosureReverseAbstractInterpreter.new Function() {...},15,0,0,0,2,0,2,0,2,0
JaCoCo Coverage Report,com.google.javascript.jscomp,ClosureReverseAbstractInterpreter.new ChainableReverseAbstractInterpreter.RestrictByTrueTypeOfResultVisitor() {...},22,0,2,0,4,0,4,0,3,0
JaCoCo Coverage Report,com.google.javascript.jscomp,ClosureReverseAbstractInterpreter.new ChainableReverseAbstractInterpreter.RestrictByFalseTypeOfResultVisitor() {...},18,0,2,0,2,0,3,0,2,0
JaCoCo Coverage Report,com.google.javascript.jscomp,ClosureReverseAbstractInterpreter.new ChainableReverseAbstractInterpreter.RestrictByTrueTypeOfResultVisitor() {...},16,0,0,0,4,0,4,0,4,0
JaCoCo Coverage Report,com.google.javascript.jscomp,SemanticReverseAbstractInterpreter.RestrictByTrueInstanceOfResultVisitor,63,0,8,0,17,0,11,0,7,0
JaCoCo Coverage Report,com.google.javascript.jscomp,InlineFunctions,706,0,136,0,185,0,88,0,20,0
JaCoCo Coverage Report,com.google.javascript.jscomp,ClosureReverseAbstractInterpreter.new Function() {...},15,0,0,0,2,0,2,0,2,0
JaCoCo Coverage Report,com.google.javascript.jscomp,ClosureReverseAbstractInterpreter.new Function() {...},15,0,0,0,2,0,2,0,2,0
JaCoCo Coverage Report,com.google.javascript.jscomp,NameAnalyzer.PrototypeSetNode,40,0,2,0,10,0,3,0,2,0
JaCoCo Coverage Report,com.google.javascript.jscomp,AstParallelizer.new Predicate() {...},6,0,0,0,2,0,2,0,2,0
JaCoCo Coverage Report,com.google.javascript.jscomp,AstParallelizer.new Supplier() {...},7,0,0,0,2,0,2,0,2,0
JaCoCo Coverage Report,com.google.javascript.jscomp,AstParallelizer.new Predicate() {...},10,0,2,0,2,0,3,0,2,0
JaCoCo Coverage Report,com.google.javascript.jscomp,DataFlowAnalysis,421,0,50,0,94,0,35,0,10,0
JaCoCo Coverage Report,com.google.javascript.jscomp,AstParallelizer.new Supplier() {...},19,0,0,0,3,0,2,0,2,0
JaCoCo Coverage Report,com.google.javascript.jscomp,CodePrinter.MappedCodePrinter,263,0,46,0,55,0,33,0,10,0
JaCoCo Coverage Report,com.google.javascript.jscomp,AstParallelizer.new Predicate() {...},5,0,0,0,2,0,2,0,2,0
JaCoCo Coverage Report,com.google.javascript.jscomp,AstParallelizer.new Predicate() {...},6,0,0,0,2,0,2,0,2,0
JaCoCo Coverage Report,com.google.javascript.jscomp,ClosureOptimizePrimitives.FindObjectCreateCalls,30,0,6,0,8,0,5,0,2,0
JaCoCo Coverage Report,com.google.javascript.jscomp,SyntacticScopeCreator,302,22,51,0,85,8,34,2,7,2
JaCoCo Coverage Report,com.google.javascript.jscomp,FunctionTypeBuilder.ThisTypeValidator,30,0,2,0,6,0,3,0,2,0
JaCoCo Coverage Report,com.google.javascript.jscomp,CombinedCompilerPass,159,0,12,0,28,0,15,0,9,0
JaCoCo Coverage Report,com.google.javascript.jscomp,RenamePrototypes.ProcessExternedProperties,24,0,4,0,6,0,4,0,2,0
JaCoCo Coverage Report,com.google.javascript.jscomp,SourceMap,138,0,14,0,42,0,16,0,9,0
JaCoCo Coverage Report,com.google.javascript.jscomp,AnonymousFunctionNamingCallback,119,0,21,0,35,0,14,0,3,0
JaCoCo Coverage Report,com.google.javascript.jscomp,ConcreteType,248,0,30,0,58,0,39,0,24,0
JaCoCo Coverage Report,com.google.javascript.jscomp,GenerateExports,253,0,26,0,68,0,17,0,4,0
JaCoCo Coverage Report,com.google.javascript.jscomp,SideEffectsAnalysis.RawMotionEnvironment,9,0,0,0,4,0,2,0,2,0
JaCoCo Coverage Report,com.google.javascript.jscomp,PureFunctionIdentifier.SideEffectPropagationCallback,92,0,38,0,29,0,20,0,1,0
JaCoCo Coverage Report,com.google.javascript.jscomp,InlineCostEstimator,19,0,0,0,5,0,3,0,3,0
JaCoCo Coverage Report,com.google.javascript.jscomp,PassFactory,49,12,6,0,10,5,8,1,5,1
JaCoCo Coverage Report,com.google.javascript.jscomp,DisambiguateProperties.JSTypeSystem,438,0,94,0,113,0,61,0,14,0
JaCoCo Coverage Report,com.google.javascript.jscomp,JSModuleGraph.ModuleDependenceException,16,0,0,0,6,0,3,0,3,0
JaCoCo Coverage Report,com.google.javascript.jscomp,AmbiguateProperties.PropertySubGraph,34,0,2,0,5,0,4,0,3,0
JaCoCo Coverage Report,com.google.javascript.jscomp,ReplaceMessages,426,0,44,0,108,0,34,0,10,0
JaCoCo Coverage Report,com.google.javascript.jscomp,DefaultPassConfig.24.new HotSwapCompilerPass() {...},49,0,0,0,9,0,3,0,3,0
JaCoCo Coverage Report,com.google.javascript.jscomp,MakeDeclaredNamesUnique.InlineRenamer,97,0,10,0,21,0,11,0,6,0
JaCoCo Coverage Report,com.google.javascript.jscomp,Tracer.Event,146,0,10,0,29,0,8,0,3,0
JaCoCo Coverage Report,com.google.javascript.jscomp,AliasExternals.GetAliasableNames,42,0,8,0,9,0,6,0,2,0
JaCoCo Coverage Report,com.google.javascript.jscomp,InlineSimpleMethods.InlineTrivialAccessors,137,0,26,0,26,0,15,0,2,0
JaCoCo Coverage Report,com.google.javascript.jscomp,PeepholeReplaceKnownMethods,1078,6,227,0,311,1,129,1,15,1
JaCoCo Coverage Report,com.google.javascript.jscomp,RhinoErrorReporter.NewRhinoErrorReporter,23,5,0,0,5,2,3,1,3,1
JaCoCo Coverage Report,com.google.javascript.jscomp,NodeTraversal,424,375,61,29,111,96,56,26,19,18
JaCoCo Coverage Report,com.google.javascript.jscomp,NodeTraversal.AbstractScopedCallback,1,6,0,0,1,3,1,3,1,3
JaCoCo Coverage Report,com.google.javascript.jscomp,PureFunctionIdentifier.new Predicate() {...},18,0,6,0,8,0,7,0,2,0
JaCoCo Coverage Report,com.google.javascript.jscomp,AliasKeywords.ThrowAliasSpecification,50,0,0,0,14,0,4,0,4,0
JaCoCo Coverage Report,com.google.javascript.jscomp,RemoveTryCatch.RemoveTryCatchCode,105,0,25,0,32,0,15,0,2,0
JaCoCo Coverage Report,com.google.javascript.jscomp,VarCheck,367,29,54,0,82,10,35,1,8,1
JaCoCo Coverage Report,com.google.javascript.jscomp,ControlStructureCheck,63,5,10,0,21,1,10,1,5,1
JaCoCo Coverage Report,com.google.javascript.jscomp,ControlFlowGraph,91,0,20,0,20,0,19,0,7,0
JaCoCo Coverage Report,com.google.javascript.jscomp,ObjectPropertyStringPostprocess,16,0,0,0,5,0,2,0,2,0
JaCoCo Coverage Report,com.google.javascript.jscomp,ReferenceCollectingCallback.ReferenceCollection,294,0,62,0,77,0,44,0,13,0
JaCoCo Coverage Report,com.google.javascript.jscomp,NameAnonymousFunctionsMapped,73,0,2,0,17,0,5,0,4,0
JaCoCo Coverage Report,com.google.javascript.jscomp,InlineVariables.IdentifyConstants,9,0,0,0,2,0,2,0,2,0
JaCoCo Coverage Report,com.google.javascript.jscomp,VariableNameGenerator,31,0,2,0,8,0,3,0,2,0
JaCoCo Coverage Report,com.google.javascript.jscomp,GatherSideEffectSubexpressionsCallback.CopySideEffectSubexpressions,204,0,22,0,50,0,17,0,6,0
JaCoCo Coverage Report,com.google.javascript.jscomp,FunctionRewriter.ReductionGatherer,49,0,4,0,12,0,5,0,3,0
JaCoCo Coverage Report,com.google.javascript.jscomp,SymbolTable.new Ordering() {...},26,0,4,0,3,0,4,0,2,0
JaCoCo Coverage Report,com.google.javascript.jscomp,SymbolTable.new Ordering() {...},99,0,18,0,20,0,11,0,2,0
JaCoCo Coverage Report,com.google.javascript.jscomp,OperaCompoundAssignFix,202,0,28,0,60,0,20,0,6,0
JaCoCo Coverage Report,com.google.javascript.jscomp,SymbolTable.new NodeTraversal.AbstractScopedCallback() {...},14,0,0,0,4,0,3,0,3,0
JaCoCo Coverage Report,com.google.javascript.jscomp,SymbolTable.new Ordering() {...},25,0,2,0,6,0,3,0,2,0
JaCoCo Coverage Report,com.google.javascript.jscomp,CheckRequiresForConstructors,113,0,12,0,21,0,12,0,6,0
JaCoCo Coverage Report,com.google.javascript.jscomp,SpecializeModule.SpecializationState,149,0,28,0,47,0,26,0,12,0
JaCoCo Coverage Report,com.google.javascript.jscomp,SanityCheck,185,0,12,0,42,0,13,0,7,0
JaCoCo Coverage Report,com.google.javascript.jscomp,MustBeReachingVariableDef.MustDef,50,0,6,0,14,0,7,0,4,0
JaCoCo Coverage Report,com.google.javascript.jscomp,InstrumentFunctions.RemoveCallback,26,0,6,0,9,0,5,0,2,0
JaCoCo Coverage Report,com.google.javascript.jscomp,NameAnalyzer.FindDeclarationsAndSetters,244,0,34,0,53,0,22,0,5,0
JaCoCo Coverage Report,com.google.javascript.jscomp,EmptyMessageBundle,9,0,0,0,4,0,4,0,4,0
JaCoCo Coverage Report,com.google.javascript.jscomp,TypeInferencePass.TypeInferringCallback,41,0,4,0,13,0,7,0,5,0
JaCoCo Coverage Report,com.google.javascript.jscomp,FlowSensitiveInlineVariables.Candidate.new Predicate() {...},13,0,2,0,4,0,3,0,2,0
JaCoCo Coverage Report,com.google.javascript.jscomp,CodingConvention.SubclassRelationship,14,0,0,0,5,0,1,0,1,0
JaCoCo Coverage Report,com.google.javascript.jscomp,UseSite,30,0,4,0,7,0,5,0,3,0
JaCoCo Coverage Report,com.google.javascript.jscomp,SemanticReverseAbstractInterpreter,718,17,148,0,180,4,90,1,10,1
JaCoCo Coverage Report,com.google.javascript.jscomp,RenameProperties.ProcessProperties,351,0,68,0,79,0,43,0,7,0
JaCoCo Coverage Report,com.google.javascript.jscomp,DefinitionsRemover.ExternalNameOnlyDefinition,10,0,0,0,3,0,2,0,2,0
JaCoCo Coverage Report,com.google.javascript.jscomp,TypeInferencePass,133,0,8,0,31,0,10,0,6,0
JaCoCo Coverage Report,com.google.javascript.jscomp,FlowSensitiveInlineVariables.Candidate.new ControlFlowGraph.AbstractCfgNodeTraversalCallback() {...},45,0,11,0,10,0,8,0,2,0
JaCoCo Coverage Report,com.google.javascript.jscomp,FlowSensitiveInlineVariables.Candidate.new Predicate() {...},13,0,2,0,2,0,3,0,2,0
JaCoCo Coverage Report,com.google.javascript.jscomp,FlowSensitiveInlineVariables.Candidate.new ControlFlowGraph.AbstractCfgNodeTraversalCallback() {...},28,0,8,0,6,0,6,0,2,0
JaCoCo Coverage Report,com.google.javascript.jscomp,CoalesceVariableNames,507,0,92,0,133,0,55,0,9,0
JaCoCo Coverage Report,com.google.javascript.jscomp,RhinoErrorReporter,69,78,4,0,12,28,5,5,3,5
JaCoCo Coverage Report,com.google.javascript.jscomp,FunctionInformationMap.Module,351,0,38,0,103,0,52,0,33,0
JaCoCo Coverage Report,com.google.javascript.jscomp,SideEffectsAnalysis.new Predicate() {...},10,0,2,0,2,0,3,0,2,0
JaCoCo Coverage Report,com.google.javascript.jscomp,ParallelCompilerPass.Result,85,0,10,0,19,0,9,0,4,0
JaCoCo Coverage Report,com.google.javascript.jscomp,PeepholeSubstituteAlternateSyntax.new Predicate() {...},8,3,2,0,1,1,2,1,1,1
JaCoCo Coverage Report,com.google.javascript.jscomp,PeepholeSubstituteAlternateSyntax.new Predicate() {...},17,0,4,0,3,0,4,0,2,0
JaCoCo Coverage Report,com.google.javascript.jscomp,SideEffectsAnalysis.new Predicate() {...},19,0,6,0,3,0,5,0,2,0
JaCoCo Coverage Report,com.google.javascript.jscomp,PeepholeSubstituteAlternateSyntax.new Predicate() {...},19,0,2,0,2,0,3,0,2,0
JaCoCo Coverage Report,com.google.javascript.jscomp,SideEffectsAnalysis.new Predicate() {...},16,0,4,0,2,0,4,0,2,0
JaCoCo Coverage Report,com.google.javascript.jscomp,NameAnalyzer.TriState,34,0,0,0,4,0,1,0,1,0
JaCoCo Coverage Report,com.google.javascript.jscomp,Instrumentation,617,0,66,0,165,0,78,0,45,0
JaCoCo Coverage Report,com.google.javascript.jscomp,BasicErrorManager.ErrorWithLevel,9,0,0,0,4,0,1,0,1,0
JaCoCo Coverage Report,com.google.javascript.jscomp,MaybeReachingVariableUse,286,0,42,0,70,0,33,0,9,0
JaCoCo Coverage Report,com.google.javascript.jscomp,ChainCalls.GatherFunctions,59,0,8,0,15,0,9,0,5,0
JaCoCo Coverage Report,com.google.javascript.jscomp,CombinedCompilerPass.CallbackWrapper,81,0,20,0,22,0,16,0,6,0
JaCoCo Coverage Report,com.google.javascript.jscomp,DataFlowAnalysis.new NodeTraversal.AbstractPostOrderCallback() {...},45,0,10,0,9,0,7,0,2,0
JaCoCo Coverage Report,com.google.javascript.jscomp,GlobalNamespace.NodeFilter,39,0,10,0,11,0,7,0,2,0
JaCoCo Coverage Report,com.google.javascript.jscomp,CollapseAnonymousFunctions.Callback,128,0,30,0,37,0,19,0,4,0
JaCoCo Coverage Report,com.google.javascript.jscomp,SourceMap.Format,0,44,0,0,0,5,0,1,0,1
JaCoCo Coverage Report,com.google.javascript.jscomp,NodeTraversal.AbstractNodeTypePruningCallback,27,0,2,0,7,0,4,0,3,0
JaCoCo Coverage Report,com.google.javascript.jscomp,VariableVisibilityAnalysis,115,0,20,0,28,0,14,0,4,0
JaCoCo Coverage Report,com.google.javascript.jscomp,FunctionRewriter,151,0,18,0,32,0,13,0,4,0
JaCoCo Coverage Report,com.google.javascript.jscomp,PureFunctionIdentifier.FunctionInformation,239,0,36,0,70,0,38,0,20,0
JaCoCo Coverage Report,com.google.javascript.jscomp,JsMessageVisitor.MessageLocation,9,0,0,0,4,0,1,0,1,0
JaCoCo Coverage Report,com.google.javascript.jscomp,GatherRawExports,66,0,14,0,22,0,12,0,5,0
JaCoCo Coverage Report,com.google.javascript.jscomp,SourceFile,309,113,34,8,70,37,40,10,20,9
JaCoCo Coverage Report,com.google.javascript.jscomp,JSModule,314,46,26,0,86,15,34,6,21,6
JaCoCo Coverage Report,com.google.javascript.jscomp,MakeDeclaredNamesUnique.ContextualRenamer,87,12,8,0,21,5,12,1,8,1
JaCoCo Coverage Report,com.google.javascript.jscomp,ReplaceStrings.Config,12,0,0,0,4,0,1,0,1,0
JaCoCo Coverage Report,com.google.javascript.jscomp,OptimizeReturns.new NodeUtil.Visitor() {...},50,0,8,0,12,0,6,0,2,0
JaCoCo Coverage Report,com.google.javascript.jscomp,FunctionInjector,938,0,189,0,258,0,117,0,19,0
JaCoCo Coverage Report,com.google.javascript.jscomp,Tracer.new Tracer.InternalClock() {...},0,5,0,0,0,2,0,2,0,2
JaCoCo Coverage Report,com.google.javascript.jscomp,NodeTraversal.AbstractShallowStatementCallback,0,15,1,5,0,3,1,4,0,2
JaCoCo Coverage Report,com.google.javascript.jscomp,CompilerOptions.NullAliasTransformationHandler.NullAliasTransformation,1,0,0,0,1,0,1,0,1,0
JaCoCo Coverage Report,com.google.javascript.jscomp,InlineFunctions.FunctionState,217,0,26,0,66,0,40,0,27,0
JaCoCo Coverage Report,com.google.javascript.jscomp,ReplaceCssNames,50,0,0,0,18,0,4,0,4,0
JaCoCo Coverage Report,com.google.javascript.jscomp,RenameVars.ProcessVars,217,0,46,0,58,0,28,0,5,0
JaCoCo Coverage Report,com.google.javascript.jscomp,StrictWarningsGuard,25,0,4,0,7,0,6,0,4,0
JaCoCo Coverage Report,com.google.javascript.jscomp,TightenTypes.NativeCallFunctionCall,79,0,8,0,19,0,6,0,2,0
JaCoCo Coverage Report,com.google.javascript.jscomp,NameGenerator,215,0,26,0,46,0,19,0,6,0
JaCoCo Coverage Report,com.google.javascript.jscomp,ProcessDefines.CollectDefines,424,0,64,0,95,0,41,0,9,0
JaCoCo Coverage Report,com.google.javascript.jscomp,InlineCostEstimator.CompiledSizeEstimator,61,0,2,0,19,0,8,0,7,0
JaCoCo Coverage Report,com.google.javascript.jscomp,DefaultPassConfig.17.new CompilerPass() {...},24,0,0,0,5,0,2,0,2,0
JaCoCo Coverage Report,com.google.javascript.jscomp,InlineVariables.Mode,34,0,0,0,4,0,1,0,1,0
JaCoCo Coverage Report,com.google.javascript.jscomp,LinkedFlowScope,480,0,86,0,112,0,63,0,20,0
JaCoCo Coverage Report,com.google.javascript.jscomp,DefaultPassConfig,1471,822,284,0,293,125,163,2,20,2
JaCoCo Coverage Report,com.google.javascript.jscomp,CheckMissingGetCssName,177,5,42,0,40,2,28,1,7,1
JaCoCo Coverage Report,com.google.javascript.jscomp,SideEffectsAnalysis.LocationSummary,15,0,0,0,6,0,3,0,3,0
JaCoCo Coverage Report,com.google.javascript.jscomp,NameAnonymousFunctions,49,0,0,0,11,0,3,0,3,0
JaCoCo Coverage Report,com.google.javascript.jscomp,PeepholeCollectPropertyAssignments,422,0,99,0,126,0,60,0,10,0
JaCoCo Coverage Report,com.google.javascript.jscomp,AnalyzeNameReferences.NameInfo,59,0,8,0,18,0,8,0,4,0
JaCoCo Coverage Report,com.google.javascript.jscomp,ExtractPrototypeMemberDeclarations.ExtractionInstance,73,0,10,0,17,0,7,0,2,0
JaCoCo Coverage Report,com.google.javascript.jscomp,TightenTypes.CreateScope,888,0,143,0,208,0,88,0,12,0
JaCoCo Coverage Report,com.google.javascript.jscomp,SemanticReverseAbstractInterpreter.RestrictByFalseInstanceOfResultVisitor,58,0,10,0,18,0,9,0,4,0
JaCoCo Coverage Report,com.google.javascript.jscomp,WarningsGuard.Priority,3,89,0,0,1,11,1,2,1,2
JaCoCo Coverage Report,com.google.javascript.jscomp,ExternExportsPass.SymbolExport,23,0,2,0,7,0,3,0,2,0
JaCoCo Coverage Report,com.google.javascript.jscomp,DefaultPassConfig.7.new CompilerPass() {...},35,0,2,0,6,0,3,0,2,0
JaCoCo Coverage Report,com.google.javascript.jscomp,RescopeGlobalSymbols,79,0,2,0,20,0,5,0,4,0
JaCoCo Coverage Report,com.google.javascript.jscomp,PerformanceTracker,181,0,12,0,46,0,15,0,9,0
JaCoCo Coverage Report,com.google.javascript.jscomp,GlobalNamespace,189,0,16,0,47,0,27,0,19,0
JaCoCo Coverage Report,com.google.javascript.jscomp,PreprocessorSymbolTable,80,0,2,0,20,0,11,0,10,0
JaCoCo Coverage Report,com.google.javascript.jscomp,CreateSyntheticBlocks.Marker,12,0,0,0,4,0,1,0,1,0
JaCoCo Coverage Report,com.google.javascript.jscomp,DeadAssignmentsElimination.VariableLiveness,34,0,0,0,4,0,1,0,1,0
JaCoCo Coverage Report,com.google.javascript.jscomp,FunctionNames.FunctionListExtractor,40,0,2,0,11,0,3,0,2,0
JaCoCo Coverage Report,com.google.javascript.jscomp,ReferenceCollectingCallback,225,5,25,0,51,1,26,1,13,1
JaCoCo Coverage Report,com.google.javascript.jscomp,ChainableReverseAbstractInterpreter.new Visitor() {...},98,0,4,0,17,0,16,0,14,0
JaCoCo Coverage Report,com.google.javascript.jscomp,ChainableReverseAbstractInterpreter.new Visitor() {...},98,0,4,0,17,0,16,0,14,0
JaCoCo Coverage Report,com.google.javascript.jscomp,DefinitionsRemover.FunctionArgumentDefinition,16,0,0,0,5,0,2,0,2,0
JaCoCo Coverage Report,com.google.javascript.jscomp,ClosureOptimizePrimitives,119,0,16,0,39,0,12,0,4,0
JaCoCo Coverage Report,com.google.javascript.jscomp,MethodCompilerPass.GatherSignatures,113,0,22,0,25,0,15,0,3,0
JaCoCo Coverage Report,com.google.javascript.jscomp,AliasStrings,464,0,65,0,113,0,44,0,11,0
JaCoCo Coverage Report,com.google.javascript.jscomp,FunctionTypeBuilder.AstFunctionContents,43,0,4,0,15,0,9,0,7,0
JaCoCo Coverage Report,com.google.javascript.jscomp,NameAnalyzer.FindReferences.NodeAccumulator,54,0,4,0,18,0,7,0,5,0
JaCoCo Coverage Report,com.google.javascript.jscomp,ShadowVariables,51,0,2,0,14,0,3,0,2,0
JaCoCo Coverage Report,com.google.javascript.jscomp,DefaultPassConfig.30.new CompilerPass() {...},37,0,0,0,6,0,2,0,2,0
JaCoCo Coverage Report,com.google.javascript.jscomp,MustBeReachingVariableDef.new ControlFlowGraph.AbstractCfgNodeTraversalCallback() {...},32,0,4,0,4,0,4,0,2,0
JaCoCo Coverage Report,com.google.javascript.jscomp,ScopedAliases.Traversal,501,0,86,0,119,0,58,0,15,0
JaCoCo Coverage Report,com.google.javascript.jscomp,GatherSideEffectSubexpressionsCallback,234,13,42,0,63,2,29,1,8,1
JaCoCo Coverage Report,com.google.javascript.jscomp,NodeNameExtractor,163,0,19,0,34,0,15,0,2,0
JaCoCo Coverage Report,com.google.javascript.jscomp,SymbolTable.ThisRefCollector,164,0,20,0,43,0,15,0,5,0
JaCoCo Coverage Report,com.google.javascript.jscomp,FunctionRewriter.SetterReducer,101,0,20,0,30,0,13,0,3,0
JaCoCo Coverage Report,com.google.javascript.jscomp,AnalyzePrototypeProperties.NameContext,9,0,0,0,3,0,1,0,1,0
JaCoCo Coverage Report,com.google.javascript.jscomp,PropertyRenamingPolicy,0,54,0,0,0,6,0,1,0,1
JaCoCo Coverage Report,com.google.javascript.jscomp,ProcessDefines.DefineInfo,34,0,0,0,13,0,5,0,5,0
JaCoCo Coverage Report,com.google.javascript.jscomp,UnreachableCodeElimination,254,5,59,0,74,2,39,1,8,1
JaCoCo Coverage Report,com.google.javascript.jscomp,SymbolTable.SymbolScope,162,0,24,0,36,0,25,0,13,0
JaCoCo Coverage Report,com.google.javascript.jscomp,AmbiguateProperties.PropertyGraph,67,0,4,0,14,0,8,0,6,0
JaCoCo Coverage Report,com.google.javascript.jscomp,FlowSensitiveInlineVariables.new Predicate() {...},43,0,16,0,11,0,10,0,2,0
JaCoCo Coverage Report,com.google.javascript.jscomp,ExternExportsPass,228,9,26,0,64,4,20,1,7,1
JaCoCo Coverage Report,com.google.javascript.jscomp,Result,62,0,2,0,17,0,3,0,2,0
JaCoCo Coverage Report,com.google.javascript.jscomp,CheckAccessControls,1004,53,234,0,261,20,141,1,23,1
JaCoCo Coverage Report,com.google.javascript.jscomp,LightweightMessageFormatter,144,20,20,0,33,7,15,3,5,3
JaCoCo Coverage Report,com.google.javascript.jscomp,RenameLabels.LabelInfo,9,0,0,0,4,0,1,0,1,0
JaCoCo Coverage Report,com.google.javascript.jscomp,FunctionRewriter.Reduction,35,0,0,0,10,0,3,0,3,0
JaCoCo Coverage Report,com.google.javascript.jscomp,AnonymousFunctionNamingPolicy,3,55,0,0,1,7,1,2,1,2
JaCoCo Coverage Report,com.google.javascript.jscomp,AbstractCompiler.LifeCycleStage,24,34,8,0,3,4,7,1,3,1
JaCoCo Coverage Report,com.google.javascript.jscomp,MaybeReachingVariableUse.ReachingUses,32,0,4,0,9,0,6,0,4,0
JaCoCo Coverage Report,com.google.javascript.jscomp,FlowSensitiveInlineVariables.GatherCandiates,38,0,2,0,10,0,3,0,2,0
JaCoCo Coverage Report,com.google.javascript.jscomp,PeepholeSubstituteAlternateSyntax,2579,27,494,0,704,9,310,1,47,1
JaCoCo Coverage Report,com.google.javascript.jscomp,CheckGlobalThis,200,5,72,0,56,1,41,1,5,1
JaCoCo Coverage Report,com.google.javascript.jscomp,AnalyzePrototypeProperties.ProcessProperties,546,0,103,0,115,0,63,0,11,0
JaCoCo Coverage Report,com.google.javascript.jscomp,ExploitAssigns,259,0,66,0,80,0,42,0,7,0
JaCoCo Coverage Report,com.google.javascript.jscomp,JSSourceFile,50,19,0,0,9,5,8,3,8,3
JaCoCo Coverage Report,com.google.javascript.jscomp,AnalyzePrototypeProperties.LiteralProperty,34,0,0,0,12,0,5,0,5,0
JaCoCo Coverage Report,com.google.javascript.jscomp,SourceFile.Preloaded,0,10,0,0,0,4,0,1,0,1
JaCoCo Coverage Report,com.google.javascript.jscomp,FunctionRewriter.ReturnConstantReducer,37,0,8,0,13,0,7,0,3,0
JaCoCo Coverage Report,com.google.javascript.jscomp,RenameVars.Assignment,30,0,2,0,9,0,3,0,2,0
JaCoCo Coverage Report,com.google.javascript.jscomp,XtbMessageBundle,114,6,2,0,33,1,7,1,6,1
JaCoCo Coverage Report,com.google.javascript.jscomp,ClosureReverseAbstractInterpreter.TypeRestriction,9,0,0,0,4,0,1,0,1,0
JaCoCo Coverage Report,com.google.javascript.jscomp,GoogleJsMessageIdGenerator.MessageId,31,0,6,0,5,0,4,0,1,0
JaCoCo Coverage Report,com.google.javascript.jscomp,IgnoreCajaProperties,19,0,0,0,6,0,2,0,2,0
JaCoCo Coverage Report,com.google.javascript.jscomp,StrictModeCheck.NonExternChecks,83,0,18,0,18,0,13,0,4,0
JaCoCo Coverage Report,com.google.javascript.jscomp,MethodCompilerPass.GetExternMethods,106,0,17,0,24,0,11,0,2,0
JaCoCo Coverage Report,com.google.javascript.jscomp,Compiler.new Callable() {...},184,0,30,0,34,0,17,0,2,0
JaCoCo Coverage Report,com.google.javascript.jscomp,TypedScopeCreator.AbstractScopeBuilder,2109,154,501,24,505,46,283,16,24,7
JaCoCo Coverage Report,com.google.javascript.jscomp,Compiler.new Callable() {...},76,0,6,0,16,0,5,0,2,0
JaCoCo Coverage Report,com.google.javascript.jscomp,DisambiguateProperties.FindExternProperties,61,0,6,0,12,0,5,0,2,0
JaCoCo Coverage Report,com.google.javascript.jscomp,CheckPropertyOrder,252,0,34,0,55,0,26,0,9,0
JaCoCo Coverage Report,com.google.javascript.jscomp,WarningsGuard,0,10,0,0,0,4,0,4,0,4
JaCoCo Coverage Report,com.google.javascript.jscomp,CssRenamingMap.ByPart,5,0,0,0,2,0,2,0,2,0
JaCoCo Coverage Report,com.google.javascript.jscomp,SymbolTable.PropertyRefCollector,178,0,34,0,44,0,23,0,6,0
JaCoCo Coverage Report,com.google.javascript.jscomp,SemanticReverseAbstractInterpreter.new Function() {...},14,3,4,0,3,1,3,1,1,1
JaCoCo Coverage Report,com.google.javascript.jscomp,MustBeReachingVariableDef.Definition,26,0,4,0,8,0,4,0,2,0
JaCoCo Coverage Report,com.google.javascript.jscomp,SemanticReverseAbstractInterpreter.new Function() {...},14,3,4,0,3,1,3,1,1,1
JaCoCo Coverage Report,com.google.javascript.jscomp,RescopeGlobalSymbols.RewriteGlobalFunctionStatementsToVarAssignmentsCallback,42,0,4,0,12,0,4,0,2,0
JaCoCo Coverage Report,com.google.javascript.jscomp,SemanticReverseAbstractInterpreter.new Function() {...},20,0,0,0,4,0,2,0,2,0
JaCoCo Coverage Report,com.google.javascript.jscomp,Compiler.new Callable() {...},13,0,0,0,3,0,2,0,2,0
JaCoCo Coverage Report,com.google.javascript.jscomp,Normalize.VerifyConstants,164,0,28,0,38,0,17,0,3,0
JaCoCo Coverage Report,com.google.javascript.jscomp,Compiler.new PassFactory() {...},5,8,0,0,1,1,1,1,1,1
JaCoCo Coverage Report,com.google.javascript.jscomp,SemanticReverseAbstractInterpreter.new Function() {...},14,3,4,0,3,1,3,1,1,1
JaCoCo Coverage Report,com.google.javascript.jscomp,SemanticReverseAbstractInterpreter.new Function() {...},14,3,4,0,3,1,3,1,1,1
JaCoCo Coverage Report,com.google.javascript.jscomp,Compiler.new Runnable() {...},37,0,4,0,9,0,4,0,2,0
JaCoCo Coverage Report,com.google.javascript.jscomp,Compiler.new Callable() {...},49,0,4,0,11,0,4,0,2,0
JaCoCo Coverage Report,com.google.javascript.jscomp,NameReferenceGraph,202,0,16,0,46,0,15,0,7,0
JaCoCo Coverage Report,com.google.javascript.jscomp,Compiler.new Supplier() {...},5,9,0,0,1,1,1,1,1,1
JaCoCo Coverage Report,com.google.javascript.jscomp,Compiler.new Callable() {...},64,0,6,0,13,0,5,0,2,0
JaCoCo Coverage Report,com.google.javascript.jscomp,Compiler.new Callable() {...},62,0,2,0,12,0,3,0,2,0
JaCoCo Coverage Report,com.google.javascript.jscomp,DefaultPassConfig.85.new CompilerPass() {...},28,0,0,0,3,0,2,0,2,0
JaCoCo Coverage Report,com.google.javascript.jscomp,CrossModuleCodeMotion,512,0,115,0,137,0,69,0,10,0
JaCoCo Coverage Report,com.google.javascript.jscomp,DefinitionsRemover.FunctionExpressionDefinition,18,0,0,0,7,0,2,0,2,0
JaCoCo Coverage Report,com.google.javascript.jscomp,MoveFunctionDeclarations,108,0,16,0,28,0,12,0,4,0
JaCoCo Coverage Report,com.google.javascript.jscomp,CodingConventions,0,5,0,0,0,1,0,1,0,1
JaCoCo Coverage Report,com.google.javascript.jscomp,DeadAssignmentsElimination,561,5,124,0,167,1,75,1,11,1
JaCoCo Coverage Report,com.google.javascript.jscomp,SideEffectsAnalysis.LocationAbstraction,37,0,2,0,8,0,2,0,1,0
JaCoCo Coverage Report,com.google.javascript.jscomp,BasicErrorManager.LeveledJSErrorComparator,118,3,40,0,33,1,21,1,1,1
JaCoCo Coverage Report,com.google.javascript.jscomp,CompilationLevel,251,0,4,0,80,0,9,0,6,0
JaCoCo Coverage Report,com.google.javascript.jscomp,DefaultPassConfig.96.new CompilerPass() {...},54,0,0,0,13,0,2,0,2,0
JaCoCo Coverage Report,com.google.javascript.jscomp,GlobalNamespace.Ref.Type,74,0,0,0,8,0,1,0,1,0
JaCoCo Coverage Report,com.google.javascript.jscomp,CodingConventions.DefaultCodingConvention,179,1,32,0,52,1,45,1,29,1
JaCoCo Coverage Report,com.google.javascript.jscomp,JsAst,37,84,2,4,10,21,4,7,2,6
JaCoCo Coverage Report,com.google.javascript.jscomp,Instrumentation.Builder,978,0,84,0,275,0,100,0,55,0
JaCoCo Coverage Report,com.google.javascript.jscomp,CssRenamingMap.Style,24,0,0,0,3,0,1,0,1,0
JaCoCo Coverage Report,com.google.javascript.jscomp,NameAnalyzer.ReferencePropagationCallback,13,0,4,0,4,0,3,0,1,0
JaCoCo Coverage Report,com.google.javascript.jscomp,CompilerOptions.TweakProcessing,14,34,4,0,2,4,4,1,2,1
JaCoCo Coverage Report,com.google.javascript.jscomp,ReplaceIdGenerators.Replacement,30,0,0,0,6,0,2,0,2,0
JaCoCo Coverage Report,com.google.javascript.jscomp,ExpressionDecomposer.DecompositionType,34,0,0,0,4,0,1,0,1,0
JaCoCo Coverage Report,com.google.javascript.jscomp,FieldCleanupPass.QualifiedNameSearchTraversal,68,0,14,0,19,0,11,0,4,0
JaCoCo Coverage Report,com.google.javascript.jscomp,NameAnalyzer.NameInformation,21,0,0,0,7,0,1,0,1,0
JaCoCo Coverage Report,com.google.javascript.jscomp,AmbiguateProperties.ProcessProperties,102,0,12,0,26,0,11,0,4,0
JaCoCo Coverage Report,com.google.javascript.jscomp,SimpleDefinitionFinder.DefinitionGatheringCallback,233,0,52,0,57,0,29,0,3,0
JaCoCo Coverage Report,com.google.javascript.jscomp,FindExportableNodes,112,5,26,0,28,2,17,1,3,1
JaCoCo Coverage Report,com.google.javascript.jscomp,JsMessage.Hash,789,0,30,0,67,0,32,0,6,0
JaCoCo Coverage Report,com.google.javascript.jscomp,ConcreteType.ConcreteUnionType,196,0,32,0,45,0,26,0,10,0
JaCoCo Coverage Report,com.google.javascript.jscomp,SpecializeModule.new SpecializeModule.NodeMatcher() {...},32,0,4,0,6,0,5,0,3,0
JaCoCo Coverage Report,com.google.javascript.jscomp,CreateSyntheticBlocks.Callback,160,0,16,0,31,0,10,0,2,0
JaCoCo Coverage Report,com.google.javascript.jscomp,GoogleCodingConvention,84,14,20,0,17,6,17,3,7,3
JaCoCo Coverage Report,com.google.javascript.jscomp,MakeDeclaredNamesUnique.ContextualRenameInverter,254,0,36,0,69,0,31,0,13,0
JaCoCo Coverage Report,com.google.javascript.jscomp,AliasStrings.StringInfo,166,0,30,0,37,0,18,0,3,0
JaCoCo Coverage Report,com.google.javascript.jscomp,SymbolTable,1483,5,244,0,370,2,169,1,47,1
JaCoCo Coverage Report,com.google.javascript.jscomp,JSModuleGraph,609,0,72,0,136,0,52,0,16,0
JaCoCo Coverage Report,com.google.javascript.jscomp,ControlFlowAnalysis,1527,0,272,0,386,0,191,0,39,0
JaCoCo Coverage Report,com.google.javascript.jscomp,AnalyzePrototypeProperties,231,0,14,0,51,0,12,0,5,0
JaCoCo Coverage Report,com.google.javascript.jscomp,AmbiguateProperties.new Comparator() {...},20,0,2,0,4,0,3,0,2,0
JaCoCo Coverage Report,com.google.javascript.jscomp,CrossModuleCodeMotion.Declaration,12,0,0,0,4,0,1,0,1,0
JaCoCo Coverage Report,com.google.javascript.jscomp,VariableShadowDeclarationCheck,36,0,0,0,9,0,3,0,3,0
JaCoCo Coverage Report,com.google.javascript.jscomp,CommandLineRunner.FormattingOption,50,0,3,0,10,0,4,0,2,0
JaCoCo Coverage Report,com.google.javascript.jscomp,ReferenceCollectingCallback.new ReferenceCollectingCallback.Behavior() {...},1,3,0,0,1,1,1,1,1,1
JaCoCo Coverage Report,com.google.javascript.jscomp,DefaultPassConfig.new PassFactory() {...},5,8,0,0,1,1,1,1,1,1
JaCoCo Coverage Report,com.google.javascript.jscomp,RenamePrototypes.new Comparator() {...},22,0,2,0,6,0,3,0,2,0
JaCoCo Coverage Report,com.google.javascript.jscomp,DefaultPassConfig.new DefaultPassConfig.HotSwapPassFactory() {...},7,8,0,0,1,1,1,1,1,1
JaCoCo Coverage Report,com.google.javascript.jscomp,DefaultPassConfig.new DefaultPassConfig.HotSwapPassFactory() {...},6,8,0,0,1,1,1,1,1,1
JaCoCo Coverage Report,com.google.javascript.jscomp,Normalize.ScopeTicklingCallback,14,0,0,0,6,0,5,0,5,0
JaCoCo Coverage Report,com.google.javascript.jscomp,DefaultPassConfig.new DefaultPassConfig.HotSwapPassFactory() {...},6,8,0,0,1,1,1,1,1,1
JaCoCo Coverage Report,com.google.javascript.jscomp,ClosureReverseAbstractInterpreter,177,0,18,0,37,0,12,0,3,0
JaCoCo Coverage Report,com.google.javascript.jscomp,DefaultPassConfig.new DefaultPassConfig.HotSwapPassFactory() {...},6,8,0,0,1,1,1,1,1,1
JaCoCo Coverage Report,com.google.javascript.jscomp,DefaultPassConfig.new DefaultPassConfig.HotSwapPassFactory() {...},45,8,6,0,6,1,4,1,1,1
JaCoCo Coverage Report,com.google.javascript.jscomp,DefaultPassConfig.new DefaultPassConfig.HotSwapPassFactory() {...},5,8,0,0,1,1,1,1,1,1
JaCoCo Coverage Report,com.google.javascript.jscomp,CommandLineRunner.Flags.WarningGuardOffOptionHandler,11,0,0,0,2,0,1,0,1,0
JaCoCo Coverage Report,com.google.javascript.jscomp,DefaultPassConfig.new PassFactory() {...},6,8,0,0,1,1,1,1,1,1
JaCoCo Coverage Report,com.google.javascript.jscomp,DefaultPassConfig.new PassFactory() {...},21,8,4,0,1,1,3,1,1,1
JaCoCo Coverage Report,com.google.javascript.jscomp,DefinitionsRemover.AssignmentDefinition,36,0,0,0,11,0,4,0,4,0
JaCoCo Coverage Report,com.google.javascript.jscomp,DefaultPassConfig.new PassFactory() {...},6,8,0,0,1,1,1,1,1,1
JaCoCo Coverage Report,com.google.javascript.jscomp,ComposeWarningsGuard.GuardComparator,0,30,0,2,0,8,0,3,0,2
JaCoCo Coverage Report,com.google.javascript.jscomp,ExtractPrototypeMemberDeclarations.GatherExtractionInfo,77,0,12,0,17,0,9,0,3,0
JaCoCo Coverage Report,com.google.javascript.jscomp,ScopedAliases.AliasedTypeNode,18,0,0,0,6,0,2,0,2,0
JaCoCo Coverage Report,com.google.javascript.jscomp,InlineFunctions.NamedFunction,25,0,0,0,8,0,5,0,5,0
JaCoCo Coverage Report,com.google.javascript.jscomp,CallGraph.new Predicate() {...},30,0,6,0,5,0,5,0,2,0
JaCoCo Coverage Report,com.google.javascript.jscomp,TypedScopeCreator.StubDeclaration,12,0,0,0,5,0,1,0,1,0
JaCoCo Coverage Report,com.google.javascript.jscomp,CallGraph.new NodeTraversal.AbstractPostOrderCallback() {...},69,0,10,0,16,0,7,0,2,0
JaCoCo Coverage Report,com.google.javascript.jscomp,RenameVars,603,0,72,0,135,0,48,0,12,0
JaCoCo Coverage Report,com.google.javascript.jscomp,RenameLabels.LabelNamespace,8,0,0,0,2,0,1,0,1,0
JaCoCo Coverage Report,com.google.javascript.jscomp,InlineVariables.IdentifyLocals,10,0,0,0,2,0,2,0,2,0
JaCoCo Coverage Report,com.google.javascript.jscomp,DefaultPassConfig.new DefaultPassConfig.HotSwapPassFactory() {...},16,8,0,0,4,1,1,1,1,1
JaCoCo Coverage Report,com.google.javascript.jscomp,CheckMissingReturn.new Predicate() {...},45,0,12,0,12,0,8,0,2,0
JaCoCo Coverage Report,com.google.javascript.jscomp,CheckMissingReturn.new Predicate() {...},12,0,4,0,2,0,4,0,2,0
JaCoCo Coverage Report,com.google.javascript.jscomp,DefaultPassConfig.new PassFactory() {...},25,8,4,0,3,1,3,1,1,1
JaCoCo Coverage Report,com.google.javascript.jscomp,FunctionInformationMap,313,24,26,0,74,9,47,3,34,3
JaCoCo Coverage Report,com.google.javascript.jscomp,CodingConvention.AssertionFunctionSpec,22,0,0,0,9,0,5,0,5,0
JaCoCo Coverage Report,com.google.javascript.jscomp,DefaultPassConfig.new PassFactory() {...},6,8,0,0,1,1,1,1,1,1
JaCoCo Coverage Report,com.google.javascript.jscomp,DefaultPassConfig.new PassFactory() {...},13,8,0,0,1,1,1,1,1,1
JaCoCo Coverage Report,com.google.javascript.jscomp,DefaultPassConfig.new PassFactory() {...},41,8,0,0,2,1,1,1,1,1
JaCoCo Coverage Report,com.google.javascript.jscomp,DefaultPassConfig.new PassFactory() {...},47,8,0,0,2,1,1,1,1,1
JaCoCo Coverage Report,com.google.javascript.jscomp,DefaultPassConfig.new DefaultPassConfig.HotSwapPassFactory() {...},5,8,0,0,1,1,1,1,1,1
JaCoCo Coverage Report,com.google.javascript.jscomp,AmbiguateProperties.ProcessExterns,38,0,5,0,10,0,5,0,2,0
JaCoCo Coverage Report,com.google.javascript.jscomp,DefaultPassConfig.new PassFactory() {...},12,8,0,0,2,1,1,1,1,1
JaCoCo Coverage Report,com.google.javascript.jscomp,DefaultPassConfig.new PassFactory() {...},9,8,0,0,1,1,1,1,1,1
JaCoCo Coverage Report,com.google.javascript.jscomp,DefaultPassConfig.new DefaultPassConfig.HotSwapPassFactory() {...},9,8,0,0,1,1,1,1,1,1
JaCoCo Coverage Report,com.google.javascript.jscomp,JsMessage.Builder,226,0,20,0,57,0,28,0,18,0
JaCoCo Coverage Report,com.google.javascript.jscomp,AbstractMessageFormatter,43,17,5,0,9,7,7,3,4,3
JaCoCo Coverage Report,com.google.javascript.jscomp,ShadowVariables.DoShadowVariables,259,0,36,0,58,0,24,0,6,0
JaCoCo Coverage Report,com.google.javascript.jscomp,ReferenceCollectingCallback.Reference,237,0,40,0,51,0,42,0,22,0
JaCoCo Coverage Report,com.google.javascript.jscomp,DeadAssignmentsElimination.new Predicate() {...},17,3,8,0,3,1,5,1,1,1
JaCoCo Coverage Report,com.google.javascript.jscomp,NameReferenceGraphReport.DiGraphNodeComparator,50,0,8,0,12,0,6,0,2,0
JaCoCo Coverage Report,com.google.javascript.jscomp,ProcessTweaks.CollectTweaks,208,0,24,0,49,0,15,0,2,0
JaCoCo Coverage Report,com.google.javascript.jscomp,Scope.Var,176,50,28,2,43,17,41,3,26,3
JaCoCo Coverage Report,com.google.javascript.jscomp,CodePrinter.PrettyCodePrinter,208,0,28,0,66,0,33,0,17,0
JaCoCo Coverage Report,com.google.javascript.jscomp,ConcreteType.ConcreteNoneType,8,0,0,0,4,0,4,0,4,0
JaCoCo Coverage Report,com.google.javascript.jscomp,CodeChangeHandler.RecentChange,8,9,0,0,4,3,2,2,2,2
JaCoCo Coverage Report,com.google.javascript.jscomp,StrictModeCheck,289,37,55,0,69,9,38,1,10,1
JaCoCo Coverage Report,com.google.javascript.jscomp,DefaultPassConfig.56.new CompilerPass() {...},58,0,4,0,12,0,4,0,2,0
JaCoCo Coverage Report,com.google.javascript.jscomp,ProcessClosurePrimitives.new CssRenamingMap() {...},28,0,2,0,5,0,4,0,3,0
JaCoCo Coverage Report,com.google.javascript.jscomp,TypeInference,2126,0,377,0,571,0,243,0,42,0
JaCoCo Coverage Report,com.google.javascript.jscomp,CommandLineRunner.Flags.WarningGuardSetter,27,0,0,0,9,0,4,0,4,0
JaCoCo Coverage Report,com.google.javascript.jscomp,GlobalNamespace.Name.Type,54,0,0,0,6,0,1,0,1,0
JaCoCo Coverage Report,com.google.javascript.jscomp,CodingConvention.Bind,12,0,0,0,5,0,1,0,1,0
JaCoCo Coverage Report,com.google.javascript.jscomp,CodingConvention.DelegateRelationship,9,0,0,0,4,0,1,0,1,0
JaCoCo Coverage Report,com.google.javascript.jscomp,StripCode.Strip,637,0,135,0,168,0,90,0,19,0
JaCoCo Coverage Report,com.google.javascript.jscomp,ChainableReverseAbstractInterpreter.RestrictByTrueTypeOfResultVisitor,23,0,0,0,9,0,9,0,9,0
JaCoCo Coverage Report,com.google.javascript.jscomp,SourceFile.Builder,51,17,0,0,10,4,7,2,7,2
JaCoCo Coverage Report,com.google.javascript.jscomp,TightenTypes.Assignment,15,0,0,0,6,0,1,0,1,0
JaCoCo Coverage Report,com.google.javascript.jscomp,PreprocessorSymbolTable.Reference,5,0,0,0,2,0,1,0,1,0
JaCoCo Coverage Report,com.google.javascript.jscomp,AliasExternals,738,0,56,0,164,0,47,0,19,0
JaCoCo Coverage Report,com.google.javascript.jscomp,RuntimeTypeCheck.AddChecks,270,0,44,0,79,0,28,0,6,0
JaCoCo Coverage Report,com.google.javascript.jscomp,RenamePrototypes.Property,132,0,28,0,29,0,19,0,5,0
JaCoCo Coverage Report,com.google.javascript.jscomp,CheckPropertyOrder.OrdersJoinOp,11,0,0,0,2,0,1,0,1,0
JaCoCo Coverage Report,com.google.javascript.jscomp,ControlFlowAnalysis.AstControlFlowGraph,33,0,2,0,9,0,4,0,3,0
JaCoCo Coverage Report,com.google.javascript.jscomp,ExternExportsPass.PropertyExport,90,0,6,0,13,0,5,0,2,0
JaCoCo Coverage Report,com.google.javascript.jscomp,NodeIterators.LocalVarMotion,212,0,42,0,53,0,28,0,7,0
JaCoCo Coverage Report,com.google.javascript.jscomp,Compiler,1919,917,197,77,464,235,213,60,93,42
JaCoCo Coverage Report,com.google.javascript.jscomp,RenameLabels,29,0,0,0,9,0,3,0,3,0
JaCoCo Coverage Report,com.google.javascript.jscomp,InlineFunctions.Reference,15,0,0,0,5,0,1,0,1,0
JaCoCo Coverage Report,com.google.javascript.jscomp,FunctionNames.FunctionRecord,12,0,0,0,5,0,1,0,1,0
JaCoCo Coverage Report,com.google.javascript.jscomp,FunctionInformationMap.Builder,1135,0,140,0,308,0,128,0,57,0
JaCoCo Coverage Report,com.google.javascript.jscomp,AbstractMessageFormatter.Color,3,45,0,0,1,7,1,2,1,2
JaCoCo Coverage Report,com.google.javascript.jscomp,CommandLineRunner.Flags,162,0,0,0,63,0,3,0,3,0
JaCoCo Coverage Report,com.google.javascript.jscomp,FunctionRewriter.SingleReturnStatementReducer,22,0,4,0,8,0,4,0,2,0
JaCoCo Coverage Report,com.google.javascript.jscomp,ReplaceIdGenerators.GatherGenerators,107,0,20,0,26,0,12,0,2,0
JaCoCo Coverage Report,com.google.javascript.jscomp,TypeCheck,2975,263,495,0,709,58,309,1,40,1
JaCoCo Coverage Report,com.google.javascript.jscomp,DisambiguateProperties.FindRenameableProperties,397,0,56,0,78,0,34,0,6,0
JaCoCo Coverage Report,com.google.javascript.jscomp,UnfoldCompoundAssignments,175,0,31,0,43,0,25,0,8,0
JaCoCo Coverage Report,com.google.javascript.jscomp,ClosureCodeRemoval,104,0,12,0,28,0,8,0,2,0
JaCoCo Coverage Report,com.google.javascript.jscomp,CollapseVariableDeclarations,147,0,16,0,40,0,11,0,3,0
JaCoCo Coverage Report,com.google.javascript.jscomp,FunctionTypeBuilder.UnknownFunctionContents,18,0,0,0,7,0,7,0,7,0
JaCoCo Coverage Report,com.google.javascript.jscomp,InlineFunctions.FunctionVar,27,0,0,0,8,0,5,0,5,0
JaCoCo Coverage Report,com.google.javascript.jscomp,Normalize.NormalizeStatements,436,53,78,7,122,19,51,6,7,6
JaCoCo Coverage Report,com.google.javascript.jscomp,LightweightMessageFormatter.LineNumberingFormatter,116,3,12,0,33,1,8,1,2,1
JaCoCo Coverage Report,com.google.javascript.jscomp,InlineObjectLiterals.InliningBehavior.new NodeUtil.Visitor() {...},23,0,2,0,4,0,3,0,2,0
JaCoCo Coverage Report,com.google.javascript.jscomp,DefinitionsRemover.ObjectLiteralPropertyDefinition,43,0,2,0,12,0,5,0,4,0
JaCoCo Coverage Report,com.google.javascript.jscomp,CheckProvides,34,5,0,0,10,1,3,1,3,1
JaCoCo Coverage Report,com.google.javascript.jscomp,AstValidator.new AstValidator.ViolationHandler() {...},21,0,0,0,3,0,2,0,2,0
JaCoCo Coverage Report,com.google.javascript.jscomp,JSModuleGraph.DepthComparator,12,0,0,0,2,0,2,0,2,0
JaCoCo Coverage Report,com.google.javascript.jscomp,FunctionToBlockMutator.LabelNameSupplier,18,0,0,0,4,0,2,0,2,0
JaCoCo Coverage Report,com.google.javascript.jscomp,PerformanceTracker.CodeSizeEstimatePrinter,95,0,6,0,30,0,8,0,5,0
JaCoCo Coverage Report,com.google.javascript.jscomp,NameAnalyzer.InstanceOfCheckNode,35,0,2,0,7,0,3,0,2,0
JaCoCo Coverage Report,com.google.javascript.jscomp,RenameProperties.new Comparator() {...},31,0,4,0,6,0,4,0,2,0
JaCoCo Coverage Report,com.google.javascript.jscomp,MakeDeclaredNamesUnique,196,73,39,10,49,25,30,6,3,6
JaCoCo Coverage Report,com.google.javascript.jscomp,VariableReferenceCheck.ReferenceCheckingBehavior,244,0,44,0,64,0,25,0,3,0
JaCoCo Coverage Report,com.google.javascript.jscomp,TightenTypes.PropertyAssignAction,68,0,2,0,15,0,3,0,2,0
JaCoCo Coverage Report,com.google.javascript.jscomp,LiveVariablesAnalysis.LiveVariableLattice,60,0,4,0,15,0,9,0,7,0
JaCoCo Coverage Report,com.google.javascript.jscomp,FunctionNames,109,0,8,0,28,0,9,0,5,0
JaCoCo Coverage Report,com.google.javascript.jscomp,ErrorFormat.new ErrorFormat() {...},0,16,0,0,0,4,0,2,0,2
JaCoCo Coverage Report,com.google.javascript.jscomp,ErrorFormat.new ErrorFormat() {...},11,6,0,0,3,1,1,1,1,1
JaCoCo Coverage Report,com.google.javascript.jscomp,TypedScopeCreator.FirstOrderFunctionAnalyzer,62,33,16,4,13,13,9,5,0,4
JaCoCo Coverage Report,com.google.javascript.jscomp,ErrorFormat.new ErrorFormat() {...},7,6,0,0,3,1,1,1,1,1
JaCoCo Coverage Report,com.google.javascript.jscomp,NameAnalyzer.SpecialReferenceNode,21,0,0,0,7,0,2,0,2,0
JaCoCo Coverage Report,com.google.javascript.jscomp,RhinoErrorReporter.OldRhinoErrorReporter,0,5,0,0,0,2,0,1,0,1
JaCoCo Coverage Report,com.google.javascript.jscomp,CommandLineRunner,733,0,40,0,150,0,32,0,12,0
JaCoCo Coverage Report,com.google.javascript.jscomp,ErrorFormat.new ErrorFormat() {...},10,6,0,0,3,1,1,1,1,1
JaCoCo Coverage Report,com.google.javascript.jscomp,TypeInference.BooleanOutcomePair,63,0,12,0,15,0,9,0,3,0
JaCoCo Coverage Report,com.google.javascript.jscomp,SimpleDefinitionFinder.UseSiteGatheringCallback,41,0,2,0,10,0,3,0,2,0
JaCoCo Coverage Report,com.google.javascript.jscomp,ShowByPathWarningsGuard.ShowType,24,0,0,0,3,0,1,0,1,0
JaCoCo Coverage Report,com.google.javascript.jscomp,InvocationsCallback,33,0,6,0,11,0,5,0,2,0
JaCoCo Coverage Report,com.google.javascript.jscomp,DefinitionsRemover.NamedFunctionDefinition,10,0,0,0,4,0,2,0,2,0
JaCoCo Coverage Report,com.google.javascript.jscomp,JoinOp.BinaryJoinOp,66,0,8,0,15,0,7,0,3,0
JaCoCo Coverage Report,com.google.javascript.jscomp,LinkedFlowScope.LinkedFlowSlot,9,0,0,0,3,0,1,0,1,0
JaCoCo Coverage Report,com.google.javascript.jscomp,RuntimeTypeCheck.AddMarkers,191,0,26,0,48,0,20,0,7,0
JaCoCo Coverage Report,com.google.javascript.jscomp,MarkNoSideEffectCalls,78,0,8,0,20,0,9,0,5,0
JaCoCo Coverage Report,com.google.javascript.jscomp,GlobalNamespace.Ref,177,0,20,0,40,0,23,0,13,0
JaCoCo Coverage Report,com.google.javascript.jscomp,PhaseOptimizer.Loop,3,0,0,0,1,0,1,0,1,0
JaCoCo Coverage Report,com.google.javascript.jscomp,SideEffectsAnalysis.DegenerateLocationAbstraction.DegenerateEffectLocation,24,0,8,0,5,0,7,0,3,0
JaCoCo Coverage Report,com.google.javascript.jscomp,NodeUtil.MatchDeclaration,13,0,4,0,2,0,4,0,2,0
JaCoCo Coverage Report,com.google.javascript.jscomp,PhaseOptimizer.NamedPass,28,0,0,0,8,0,2,0,2,0
JaCoCo Coverage Report,com.google.javascript.jscomp,CheckPropertyOrder.PropertyOrdersFlowAnalysis,177,0,20,0,36,0,18,0,5,0
JaCoCo Coverage Report,com.google.javascript.jscomp,FlowSensitiveInlineVariables,172,0,20,0,40,0,18,0,8,0
JaCoCo Coverage Report,com.google.javascript.jscomp,DefinitionsRemover.UnknownDefinition,10,0,0,0,3,0,2,0,2,0
JaCoCo Coverage Report,com.google.javascript.jscomp,ReplaceStrings,666,5,97,0,161,2,68,1,18,1
JaCoCo Coverage Report,com.google.javascript.jscomp,RenameLabels.ProcessLabels,246,0,27,0,58,0,23,0,9,0
JaCoCo Coverage Report,com.google.javascript.jscomp,ProcessTweaks.TweakFunctionCall,27,0,0,0,9,0,3,0,3,0
JaCoCo Coverage Report,com.google.javascript.jscomp,SideEffectsAnalysis.VisibilityLocationAbstraction.new NodeTraversal.AbstractShallowCallback() {...},24,0,6,0,5,0,5,0,2,0
JaCoCo Coverage Report,com.google.javascript.jscomp,AstParallelizer.DettachPoint,49,0,4,0,12,0,4,0,2,0
JaCoCo Coverage Report,com.google.javascript.jscomp,GroupVariableDeclarations,168,0,24,0,60,0,19,0,7,0
JaCoCo Coverage Report,com.google.javascript.jscomp,PhaseOptimizer.PassFactoryDelegate,24,0,0,0,7,0,2,0,2,0
JaCoCo Coverage Report,com.google.javascript.jscomp,DefaultPassConfig.91.new CompilerPass() {...},59,0,0,0,10,0,2,0,2,0
JaCoCo Coverage Report,com.google.javascript.jscomp,RecordFunctionInformation,141,0,12,0,41,0,11,0,5,0
JaCoCo Coverage Report,com.google.javascript.jscomp,NameReferenceGraphConstruction.Traversal,883,0,161,0,221,0,103,0,21,0
JaCoCo Coverage Report,com.google.javascript.jscomp,CompilerOptions,505,482,22,0,183,160,85,12,71,12
JaCoCo Coverage Report,com.google.javascript.jscomp,NameReferenceGraphConstruction,202,0,18,0,49,0,17,0,8,0
JaCoCo Coverage Report,com.google.javascript.jscomp,NodeUtil.BooleanResultPredicate,3,3,0,0,1,1,1,1,1,1
JaCoCo Coverage Report,com.google.javascript.jscomp,RemoveUnusedVars.CallSiteOptimizer,463,0,88,0,120,0,56,0,12,0
JaCoCo Coverage Report,com.google.javascript.jscomp,AmbiguateProperties,690,0,74,0,146,0,49,0,12,0
JaCoCo Coverage Report,com.google.javascript.jscomp,ChainableReverseAbstractInterpreter.RestrictByFalseTypeOfResultVisitor,43,0,0,0,10,0,10,0,10,0
JaCoCo Coverage Report,com.google.javascript.jscomp,ProcessTweaks,312,68,30,2,74,22,22,2,7,1
JaCoCo Coverage Report,com.google.javascript.jscomp,SimpleFunctionAliasAnalysis,129,0,26,0,33,0,18,0,5,0
JaCoCo Coverage Report,com.google.javascript.jscomp,InlineFunctions.Inline,78,0,8,0,22,0,7,0,3,0
JaCoCo Coverage Report,com.google.javascript.jscomp,DiagnosticGroupWarningsGuard,27,45,5,7,2,11,6,5,2,3
JaCoCo Coverage Report,com.google.javascript.jscomp,PassConfig.State,30,0,0,0,11,0,1,0,1,0
JaCoCo Coverage Report,com.google.javascript.jscomp,TightenTypes.ConcreteScope,156,0,8,0,36,0,18,0,14,0
JaCoCo Coverage Report,com.google.javascript.jscomp,AliasExternals.PropertyGatherer,143,0,40,0,25,0,24,0,4,0
JaCoCo Coverage Report,com.google.javascript.jscomp,NameAnonymousFunctions.AnonymousFunctionNamer,64,0,0,0,13,0,5,0,5,0
JaCoCo Coverage Report,com.google.javascript.jscomp,SideEffectsAnalysis.CrossModuleMotionEnvironment,5,0,0,0,3,0,2,0,2,0
JaCoCo Coverage Report,com.google.javascript.jscomp,NameAnalyzer.new Predicate() {...},10,0,2,0,4,0,3,0,2,0
JaCoCo Coverage Report,com.google.javascript.jscomp,CheckUnreachableCode,75,5,10,0,21,1,11,1,6,1
JaCoCo Coverage Report,com.google.javascript.jscomp,InlineSimpleMethods.new MethodCompilerPass.SignatureStore() {...},3,3,0,0,3,1,3,1,3,1
JaCoCo Coverage Report,com.google.javascript.jscomp,ReplaceIdGenerators.ReplaceGenerators,151,0,22,0,38,0,13,0,2,0
JaCoCo Coverage Report,com.google.javascript.jscomp,JsMessageExtractor.ExtractMessagesVisitor,27,0,2,0,8,0,4,0,3,0
JaCoCo Coverage Report,com.google.javascript.jscomp,RemoveUnusedVars.Continuation,43,0,4,0,10,0,4,0,2,0
JaCoCo Coverage Report,com.google.javascript.jscomp,DefinitionsRemover.Definition,21,0,2,0,8,0,4,0,3,0
JaCoCo Coverage Report,com.google.javascript.jscomp,VariableShadowDeclarationCheck.NoShadowAnnotationGatheringCallback,35,0,4,0,11,0,7,0,5,0
JaCoCo Coverage Report,com.google.javascript.jscomp,AliasExternals.GlobalGatherer,83,0,26,0,20,0,15,0,2,0
JaCoCo Coverage Report,com.google.javascript.jscomp,FunctionTypeBuilder,1121,45,218,0,265,13,130,1,21,1
JaCoCo Coverage Report,com.google.javascript.jscomp,CollapseProperties,1454,0,260,0,363,0,155,0,24,0
JaCoCo Coverage Report,com.google.javascript.jscomp,Tracer.AtomicTracerStatMap,50,0,6,0,12,0,6,0,3,0
JaCoCo Coverage Report,com.google.javascript.jscomp,Normalize.PropagateConstantAnnotationsOverVars,101,0,18,0,25,0,12,0,3,0
JaCoCo Coverage Report,com.google.javascript.jscomp,DataFlowAnalysis.BranchedFlowState,78,0,2,0,19,0,8,0,7,0
JaCoCo Coverage Report,com.google.javascript.jscomp,RecordFunctionInformation.new Comparator() {...},12,0,0,0,2,0,2,0,2,0
JaCoCo Coverage Report,com.google.javascript.jscomp,DisambiguateProperties.Warnings,3,5,0,0,1,1,1,1,1,1
JaCoCo Coverage Report,com.google.javascript.jscomp,SideEffectsAnalysis.VisibilityLocationAbstraction.VisibilityBasedEffectLocation,49,0,4,0,12,0,6,0,4,0
JaCoCo Coverage Report,com.google.javascript.jscomp,ProcessClosurePrimitives.UnrecognizedRequire,15,0,0,0,5,0,1,0,1,0
JaCoCo Coverage Report,com.google.javascript.jscomp,NameAnalyzer.RefType,24,0,0,0,3,0,1,0,1,0
JaCoCo Coverage Report,com.google.javascript.jscomp,CompilerOptions.NullAliasTransformationHandler,5,6,0,0,2,1,1,1,1,1
JaCoCo Coverage Report,com.google.javascript.jscomp,CompilerOptions.LanguageMode,0,34,0,0,0,4,0,1,0,1
JaCoCo Coverage Report,com.google.javascript.jscomp,SourceExcerptProvider.SourceExcerpt.new SourceExcerptProvider.SourceExcerpt() {...},7,6,0,0,2,1,1,1,1,1
JaCoCo Coverage Report,com.google.javascript.jscomp,NodeUtil.NumbericResultPredicate,3,3,0,0,1,1,1,1,1,1
JaCoCo Coverage Report,com.google.javascript.jscomp,InlineVariables.AliasCandidate,9,0,0,0,4,0,1,0,1,0
JaCoCo Coverage Report,com.google.javascript.jscomp,SourceExcerptProvider.SourceExcerpt.new SourceExcerptProvider.SourceExcerpt() {...},8,6,0,0,2,1,1,1,1,1
JaCoCo Coverage Report,com.google.javascript.jscomp,CheckRegExp,105,9,24,0,24,3,16,1,4,1
JaCoCo Coverage Report,com.google.javascript.jscomp,ReplaceIdGenerators,148,0,12,0,35,0,10,0,4,0
JaCoCo Coverage Report,com.google.javascript.jscomp,LinkedFlowScope.FlowScopeJoinOp,34,0,2,0,8,0,3,0,2,0
JaCoCo Coverage Report,com.google.javascript.jscomp,DisambiguateProperties.ConcreteTypeSystem,327,0,64,0,76,0,48,0,16,0
JaCoCo Coverage Report,com.google.javascript.jscomp,InlineFunctions.CallVisitor,80,0,16,0,24,0,10,0,2,0
JaCoCo Coverage Report,com.google.javascript.jscomp,ParallelCompilerPass.new Thread() {...},21,0,0,0,3,0,2,0,2,0
JaCoCo Coverage Report,com.google.javascript.jscomp,FieldCleanupPass,27,0,0,0,9,0,3,0,3,0
JaCoCo Coverage Report,com.google.javascript.jscomp,PureFunctionIdentifier.Driver,74,0,4,0,22,0,4,0,2,0
JaCoCo Coverage Report,com.google.javascript.jscomp,InstrumentationTemplate.new Descriptors.FileDescriptor.InternalDescriptorAssigner() {...},47,0,0,0,5,0,2,0,2,0
JaCoCo Coverage Report,com.google.javascript.jscomp,CodeConsumer,323,0,60,0,109,0,62,0,32,0
JaCoCo Coverage Report,com.google.javascript.jscomp,SimpleRegion,21,0,0,0,8,0,4,0,4,0
JaCoCo Coverage Report,com.google.javascript.jscomp,SourceMap.LocationMapping,9,0,0,0,4,0,1,0,1,0
JaCoCo Coverage Report,com.google.javascript.jscomp,ClosureCodeRemoval.RemovableAssignment,77,0,8,0,22,0,6,0,2,0
JaCoCo Coverage Report,com.google.javascript.jscomp,Strings,100,0,22,0,18,0,17,0,6,0
JaCoCo Coverage Report,com.google.javascript.jscomp,DevirtualizePrototypeMethods,510,0,84,0,148,0,55,0,13,0
JaCoCo Coverage Report,com.google.javascript.jscomp,StripCode,50,0,0,0,14,0,4,0,4,0
JaCoCo Coverage Report,com.google.javascript.jscomp,FunctionArgumentInjector,478,0,98,0,119,0,61,0,11,0
JaCoCo Coverage Report,com.google.javascript.jscomp,TightenTypes.VariableAssignAction,36,0,0,0,8,0,2,0,2,0
JaCoCo Coverage Report,com.google.javascript.jscomp,OptimizeParameters,705,0,122,0,198,0,80,0,18,0
JaCoCo Coverage Report,com.google.javascript.jscomp,DefaultPassConfig.36.new CompilerPass() {...},32,0,0,0,5,0,2,0,2,0
JaCoCo Coverage Report,com.google.javascript.jscomp,ReplaceStrings.Location,15,0,0,0,5,0,1,0,1,0
JaCoCo Coverage Report,com.google.javascript.jscomp,PassConfig,215,12,20,0,51,5,21,2,11,2
JaCoCo Coverage Report,com.google.javascript.jscomp,FunctionNames.FunctionExpressionNamer,53,0,4,0,11,0,7,0,5,0
JaCoCo Coverage Report,com.google.javascript.jscomp,SpecializeModule.NodeMatcher,31,0,4,0,10,0,4,0,2,0
JaCoCo Coverage Report,com.google.javascript.jscomp,LinkedFlowScope.FlatFlowScopeCache,204,0,24,0,49,0,16,0,4,0
JaCoCo Coverage Report,com.google.javascript.jscomp,ConcreteType.ConcreteFunctionType,244,0,30,0,57,0,30,0,15,0
JaCoCo Coverage Report,com.google.javascript.jscomp,CheckUnreachableCode.ReachablePredicate,46,0,10,0,11,0,7,0,2,0
JaCoCo Coverage Report,com.google.javascript.jscomp,AmbiguateProperties.Property,100,0,16,0,25,0,11,0,3,0
JaCoCo Coverage Report,com.google.javascript.jscomp,AliasExternals.GetGlobals,85,0,21,0,20,0,14,0,3,0
JaCoCo Coverage Report,com.google.javascript.jscomp,PeepholeSimplifyRegExp,119,0,26,0,27,0,15,0,2,0
JaCoCo Coverage Report,com.google.javascript.jscomp,FunctionTypeBuilder.ImplementedTypeValidator,74,0,8,0,14,0,6,0,2,0
JaCoCo Coverage Report,com.google.javascript.jscomp,AnalyzePrototypeProperties.PropagateReferences,31,0,6,0,8,0,5,0,2,0
JaCoCo Coverage Report,com.google.javascript.jscomp,PassConfig.PassConfigDelegate,33,0,0,0,10,0,7,0,7,0
JaCoCo Coverage Report,com.google.javascript.jscomp,RenameVars.new Comparator() {...},19,0,2,0,4,0,3,0,2,0
JaCoCo Coverage Report,com.google.javascript.jscomp,RenameVars.new Comparator() {...},9,0,0,0,2,0,2,0,2,0
JaCoCo Coverage Report,com.google.javascript.jscomp,RescopeGlobalSymbols.RemoveGlobalVarCallback,133,0,18,0,30,0,12,0,3,0
JaCoCo Coverage Report,com.google.javascript.jscomp,BasicErrorManager,78,46,11,1,19,11,12,4,6,4
JaCoCo Coverage Report,com.google.javascript.jscomp,RenameProperties.PropertyAffinity,19,0,0,0,6,0,2,0,2,0
JaCoCo Coverage Report,com.google.javascript.jscomp,CheckRequiresForConstructors.CheckRequiresForConstructorsCallback,292,0,70,0,73,0,43,0,6,0
JaCoCo Coverage Report,com.google.javascript.jscomp,PeepholeFoldWithTypes,99,0,28,0,30,0,17,0,3,0
JaCoCo Coverage Report,com.google.javascript.jscomp,AliasStrings.StringOccurrence,9,0,0,0,4,0,1,0,1,0
JaCoCo Coverage Report,com.google.javascript.jscomp,ExtractPrototypeMemberDeclarations,298,0,16,0,62,0,13,0,5,0
JaCoCo Coverage Report,com.google.javascript.jscomp,DiagnosticGroup,31,104,5,5,6,27,7,10,3,9
JaCoCo Coverage Report,com.google.javascript.jscomp,InferJSDocInfo,224,0,73,0,72,0,43,0,6,0
JaCoCo Coverage Report,com.google.javascript.jscomp,DefaultPassConfig.12.new CompilerPass() {...},35,0,2,0,7,0,3,0,2,0
JaCoCo Coverage Report,com.google.javascript.jscomp,CompilerOptions.DevMode,0,44,0,0,0,5,0,1,0,1
JaCoCo Coverage Report,com.google.javascript.jscomp,NodeUtil.VarCollector,32,0,8,0,9,0,6,0,2,0
JaCoCo Coverage Report,com.google.javascript.jscomp,SyntacticScopeCreator.DefaultRedeclarationHandler,76,6,14,0,18,1,8,1,1,1
JaCoCo Coverage Report,com.google.javascript.jscomp,AbstractCompiler,7,11,0,0,3,3,2,2,2,2
JaCoCo Coverage Report,com.google.javascript.jscomp,RescopeGlobalSymbols.RewriteScopeCallback,139,0,26,0,37,0,16,0,3,0
JaCoCo Coverage Report,com.google.javascript.jscomp,OptimizeArgumentsArray,295,0,38,0,80,0,28,0,9,0
JaCoCo Coverage Report,com.google.javascript.jscomp,RenamePrototypes,309,0,34,0,62,0,22,0,5,0
JaCoCo Coverage Report,com.google.javascript.jscomp,JsMessageExtractor,105,0,6,0,21,0,6,0,3,0
JaCoCo Coverage Report,com.google.javascript.jscomp,CodeGenerator,2314,68,435,0,578,1,277,1,35,1
JaCoCo Coverage Report,com.google.javascript.jscomp,AbstractCommandLineRunner.WarningGuardSpec,21,0,0,0,6,0,3,0,3,0
JaCoCo Coverage Report,com.google.javascript.jscomp,DataFlowAnalysis.BranchedForwardDataFlowAnalysis,189,0,18,0,41,0,15,0,6,0
JaCoCo Coverage Report,com.google.javascript.jscomp,SourceMap.DetailLevel.new SourceMap.DetailLevel() {...},2,6,0,0,1,1,1,1,1,1
JaCoCo Coverage Report,com.google.javascript.jscomp,SourceMap.DetailLevel.new SourceMap.DetailLevel() {...},31,6,16,0,7,1,9,1,1,1
JaCoCo Coverage Report,com.google.javascript.jscomp,RenameProperties.ProcessExterns,41,0,7,0,10,0,6,0,2,0
JaCoCo Coverage Report,com.google.javascript.jscomp,DefaultPassConfig.23.new HotSwapCompilerPass() {...},41,0,0,0,7,0,3,0,3,0
JaCoCo Coverage Report,com.google.javascript.jscomp,Tracer.Stat,21,3,2,0,4,1,5,1,4,1
JaCoCo Coverage Report,com.google.javascript.jscomp,ExtractPrototypeMemberDeclarations.PrototypeMemberDeclaration,39,0,2,0,12,0,4,0,3,0
JaCoCo Coverage Report,com.google.javascript.jscomp,NodeUtil.MatchNameNode,19,0,4,0,4,0,4,0,2,0
JaCoCo Coverage Report,com.google.javascript.jscomp,DisambiguateProperties.Property,279,0,44,0,62,0,31,0,9,0
JaCoCo Coverage Report,com.google.javascript.jscomp,ControlFlowAnalysis.AstControlFlowGraph.new Comparator() {...},16,0,0,0,2,0,2,0,2,0
JaCoCo Coverage Report,com.google.javascript.jscomp,InstrumentationTemplate,20,0,0,0,7,0,3,0,3,0
JaCoCo Coverage Report,com.google.javascript.jscomp,ControlFlowAnalysis.AstControlFlowGraph.new Comparator() {...},16,0,0,0,2,0,2,0,2,0
JaCoCo Coverage Report,com.google.javascript.jscomp,FunctionInjector.new Predicate() {...},36,0,8,0,6,0,6,0,2,0
JaCoCo Coverage Report,com.google.javascript.jscomp,FunctionInjector.new Predicate() {...},46,0,12,0,8,0,8,0,2,0
JaCoCo Coverage Report,com.google.javascript.jscomp,DefaultPassConfig.95.new CompilerPass() {...},53,0,0,0,11,0,2,0,2,0
JaCoCo Coverage Report,com.google.javascript.jscomp,AbstractPeepholeOptimization,127,0,16,0,29,0,20,0,12,0
JaCoCo Coverage Report,com.google.javascript.jscomp,AnalyzePrototypeProperties.NameInfo,79,0,8,0,25,0,11,0,7,0
JaCoCo Coverage Report,com.google.javascript.jscomp,SourceMap.DetailLevel,0,24,0,0,0,3,0,1,0,1
JaCoCo Coverage Report,com.google.javascript.jscomp,NodeUtil.MatchNodeType,15,0,2,0,4,0,3,0,2,0
JaCoCo Coverage Report,com.google.javascript.jscomp,Normalize.DuplicateDeclarationHandler,165,0,28,0,41,0,17,0,3,0
JaCoCo Coverage Report,com.google.javascript.jscomp,TypedScopeCreator.GlobalScopeBuilder,91,18,13,1,21,6,9,2,2,2
JaCoCo Coverage Report,com.google.javascript.jscomp,ClosureCodeRemoval.FindAbstractMethods,41,0,8,0,10,0,6,0,2,0
JaCoCo Coverage Report,com.google.javascript.jscomp,ExportTestFunctions,140,0,6,0,35,0,9,0,6,0
JaCoCo Coverage Report,com.google.javascript.jscomp,CollapseAnonymousFunctions,20,0,0,0,6,0,2,0,2,0
JaCoCo Coverage Report,com.google.javascript.jscomp,InlineFunctions.FunctionExpression,19,0,0,0,8,0,5,0,5,0
JaCoCo Coverage Report,com.google.javascript.jscomp,NameReferenceGraphConstruction.NameUse,9,0,0,0,4,0,1,0,1,0
JaCoCo Coverage Report,com.google.javascript.jscomp,PureFunctionIdentifier.FunctionAnalyzer,527,0,124,0,160,0,78,0,14,0
JaCoCo Coverage Report,com.google.javascript.jscomp,CompilerOptions.Reach,0,34,0,0,0,4,0,1,0,1
JaCoCo Coverage Report,com.google.javascript.jscomp,LiveVariablesAnalysis.LiveVariableJoinOp,27,0,2,0,4,0,2,0,1,0
JaCoCo Coverage Report,com.google.javascript.jscomp,MemoizedScopeCreator,104,0,10,0,24,0,13,0,8,0
JaCoCo Coverage Report,com.google.javascript.jscomp,CrossModuleMethodMotion,248,0,28,0,65,0,18,0,4,0
JaCoCo Coverage Report,com.google.javascript.jscomp,DiagnosticGroups,31,385,0,0,7,61,3,5,3,5
JaCoCo Coverage Report,com.google.javascript.jscomp,DefinitionSite,18,0,0,0,7,0,1,0,1,0
JaCoCo Coverage Report,com.google.javascript.jscomp,FunctionInjector.CanInlineResult,0,34,0,0,0,4,0,1,0,1
JaCoCo Coverage Report,com.google.javascript.jscomp,MarkNoSideEffectCalls.SetNoSideEffectCallProperty,56,0,12,0,18,0,8,0,2,0
JaCoCo Coverage Report,com.google.javascript.jscomp,FunctionInformationMap.Entry.Builder,902,0,93,0,253,0,99,0,49,0
JaCoCo Coverage Report,com.google.javascript.jscomp,ScopedAliases.Traversal.new SourcePosition() {...},6,0,0,0,1,0,1,0,1,0
JaCoCo Coverage Report,com.google.javascript.jscomp,AmbiguateProperties.JSTypeBitSet,48,0,2,0,13,0,4,0,3,0
JaCoCo Coverage Report,com.google.javascript.jscomp,AliasKeywords.FindAliasableNodes,60,0,6,0,14,0,7,0,4,0
JaCoCo Coverage Report,com.google.javascript.jscomp,CssRenamingMap.ByWhole,5,0,0,0,2,0,2,0,2,0
JaCoCo Coverage Report,com.google.javascript.jscomp,FunctionInjector.Reference,12,0,0,0,5,0,1,0,1,0
JaCoCo Coverage Report,com.google.javascript.jscomp,RenameProperties,500,0,52,0,106,0,35,0,9,0
JaCoCo Coverage Report,com.google.javascript.jscomp,ProcessClosurePrimitives.ProvidedName,485,0,64,0,123,0,46,0,14,0
JaCoCo Coverage Report,com.google.javascript.jscomp,CodePrinter.Builder,110,0,8,0,35,0,14,0,10,0
JaCoCo Coverage Report,com.google.javascript.jscomp,FunctionRewriter.Reducer,27,0,2,0,7,0,3,0,2,0
JaCoCo Coverage Report,com.google.javascript.jscomp,DefinitionsRemover.IncompleteDefinition,39,0,0,0,10,0,4,0,4,0
JaCoCo Coverage Report,com.google.javascript.jscomp,CollapseProperties.new NodeTraversal.AbstractShallowCallback() {...},32,0,2,0,6,0,3,0,2,0
JaCoCo Coverage Report,com.google.javascript.jscomp,SideEffectsAnalysis.IntraproceduralMotionEnvironment,5,0,0,0,3,0,2,0,2,0
JaCoCo Coverage Report,com.google.javascript.jscomp,CoalesceVariableNames.new Comparator() {...},9,0,0,0,2,0,2,0,2,0
JaCoCo Coverage Report,com.google.javascript.jscomp,ExpressionDecomposer,1021,0,149,0,284,0,102,0,25,0
JaCoCo Coverage Report,com.google.javascript.jscomp,SideEffectsAnalysis.AbstractMotionEnvironment,3,0,0,0,1,0,1,0,1,0
JaCoCo Coverage Report,com.google.javascript.jscomp,CheckProvides.CheckProvidesCallback,143,0,26,0,37,0,18,0,4,0
JaCoCo Coverage Report,com.google.javascript.jscomp,TightenTypes,1028,0,151,0,255,0,102,0,20,0
JaCoCo Coverage Report,com.google.javascript.jscomp,ControlFlowGraph.Branch,64,0,4,0,7,0,4,0,2,0
JaCoCo Coverage Report,com.google.javascript.jscomp,NameAnalyzer.RemoveListener,11,0,0,0,3,0,2,0,2,0
JaCoCo Coverage Report,com.google.javascript.jscomp,ProcessTweaks.TweakInfo,208,0,20,0,43,0,19,0,9,0
JaCoCo Coverage Report,com.google.javascript.jscomp,DefaultPassConfig.82.new CompilerPass() {...},14,0,0,0,3,0,2,0,2,0
JaCoCo Coverage Report,com.google.javascript.jscomp,NameAnalyzer.ProcessExternals,50,0,6,0,11,0,5,0,2,0
JaCoCo Coverage Report,com.google.javascript.jscomp,PhaseOptimizer,266,19,28,0,71,5,29,1,15,1
JaCoCo Coverage Report,com.google.javascript.jscomp,InlineObjectLiterals.InliningBehavior,679,0,102,0,160,0,61,0,10,0
JaCoCo Coverage Report,com.google.javascript.jscomp,CheckLevel,0,41,0,2,0,5,0,3,0,2
JaCoCo Coverage Report,com.google.javascript.jscomp,ScopedAliases.AliasedNode,22,0,0,0,7,0,2,0,2,0
JaCoCo Coverage Report,com.google.javascript.jscomp,AnalyzePrototypeProperties.ProcessExternProperties,29,0,2,0,5,0,3,0,2,0
JaCoCo Coverage Report,com.google.javascript.jscomp,ProcessClosurePrimitives,1601,0,253,0,397,0,153,0,24,0
JaCoCo Coverage Report,com.google.javascript.jscomp,TightenTypes.FunctionCall,107,0,12,0,26,0,8,0,2,0
JaCoCo Coverage Report,com.google.javascript.jscomp,ObjectPropertyStringPreprocess.Callback,167,0,12,0,41,0,8,0,2,0
JaCoCo Coverage Report,com.google.javascript.jscomp,MustBeReachingVariableDef,500,0,79,0,114,0,54,0,12,0
JaCoCo Coverage Report,com.google.javascript.jscomp,SuppressDocWarningsGuard,76,34,20,2,24,10,11,3,1,2
JaCoCo Coverage Report,com.google.javascript.jscomp,NodeUtil.MatchNotFunction,7,0,2,0,1,0,2,0,1,0
JaCoCo Coverage Report,com.google.javascript.jscomp,OptimizeParameters.Parameter,33,0,0,0,14,0,8,0,8,0
JaCoCo Coverage Report,com.google.javascript.jscomp,AliasKeywords.KeywordAliasSpecification,58,0,0,0,17,0,4,0,4,0
JaCoCo Coverage Report,com.google.javascript.jscomp,InlineFunctions.FindCandidatesReferences,191,0,38,0,51,0,25,0,6,0
JaCoCo Coverage Report,com.google.javascript.jscomp,ErrorPass,23,0,0,0,8,0,3,0,3,0
JaCoCo Coverage Report,com.google.javascript.jscomp,NameAnalyzer.JsName,69,0,6,0,18,0,6,0,3,0
JaCoCo Coverage Report,com.google.javascript.jscomp,InlineFunctions.FindCandidateFunctions,156,0,39,0,35,0,25,0,5,0
JaCoCo Coverage Report,com.google.javascript.jscomp,TypedScopeCreator,70,359,13,11,16,100,9,14,0,11
JaCoCo Coverage Report,com.google.javascript.jscomp,CrossModuleCodeMotion.NamedInfo,65,0,8,0,18,0,8,0,4,0
JaCoCo Coverage Report,com.google.javascript.jscomp,CallGraph.Function,109,0,16,0,32,0,19,0,11,0
JaCoCo Coverage Report,com.google.javascript.jscomp,ReorderConstantExpression,45,0,10,0,14,0,7,0,2,0
JaCoCo Coverage Report,com.google.javascript.jscomp,DefaultPassConfig.8.new HotSwapCompilerPass() {...},29,0,0,0,6,0,3,0,3,0
JaCoCo Coverage Report,com.google.javascript.jscomp,DefaultPassConfig.29.new CompilerPass() {...},29,0,0,0,5,0,2,0,2,0
JaCoCo Coverage Report,com.google.javascript.jscomp,ReferenceCollectingCallback.ReferenceMapWrapper,12,0,0,0,4,0,2,0,2,0
JaCoCo Coverage Report,com.google.javascript.jscomp,VarCheck.NameRefInExternsCheck,75,0,11,0,17,0,8,0,2,0
JaCoCo Coverage Report,com.google.javascript.jscomp,VariableReferenceCheck,44,13,0,0,11,4,3,1,3,1
JaCoCo Coverage Report,com.google.javascript.jscomp,InstrumentFunctions,208,0,12,0,52,0,8,0,2,0
JaCoCo Coverage Report,com.google.javascript.jscomp,FunctionArgumentInjector.ReferencedAfterSideEffect,169,0,44,0,45,0,29,0,7,0
JaCoCo Coverage Report,com.google.javascript.jscomp,ParallelCompilerPass,162,0,14,0,48,0,13,0,6,0
JaCoCo Coverage Report,com.google.javascript.jscomp,OptimizeCalls,48,0,4,0,13,0,5,0,3,0
JaCoCo Coverage Report,com.google.javascript.jscomp,ConcreteType.ConcreteUniqueType,41,0,6,0,7,0,7,0,4,0
JaCoCo Coverage Report,com.google.javascript.jscomp,CoalesceVariableNames.LiveRangeChecker,124,0,42,0,27,0,27,0,6,0
JaCoCo Coverage Report,com.google.javascript.jscomp,NameAnalyzer.JsNameRefNode,63,0,6,0,18,0,7,0,3,0
JaCoCo Coverage Report,com.google.javascript.jscomp,MinimizeExitPoints,366,0,69,0,108,0,43,0,7,0
JaCoCo Coverage Report,com.google.javascript.jscomp,NodeUtil,3416,172,895,25,916,40,669,20,142,11
JaCoCo Coverage Report,com.google.javascript.jscomp,AliasKeywords,247,0,22,0,53,0,22,0,11,0
JaCoCo Coverage Report,com.google.javascript.jscomp,VariableShadowDeclarationCheck.ShadowDeclarationCheckingCallback,92,0,12,0,24,0,11,0,5,0
JaCoCo Coverage Report,com.google.javascript.jscomp,RenameLabels.DefaultNameSupplier,17,0,0,0,3,0,2,0,2,0
JaCoCo Coverage Report,com.google.javascript.jscomp,NameReferenceGraph.Name,210,0,22,0,54,0,33,0,22,0
JaCoCo Coverage Report,com.google.javascript.jscomp,FunctionInformationMap.Entry,667,0,90,0,186,0,90,0,45,0
JaCoCo Coverage Report,com.google.javascript.jscomp,RemoveUnusedVars.Assign,138,0,22,0,40,0,14,0,3,0
JaCoCo Coverage Report,com.google.javascript.jscomp,StatementFusion,180,0,35,0,54,0,26,0,7,0
JaCoCo Coverage Report,com.google.javascript.jscomp,PeepholeSubstituteAlternateSyntax.FoldArrayAction,34,0,0,0,2,0,1,0,1,0
JaCoCo Coverage Report,com.google.javascript.jscomp,GlobalNamespace.BuildGlobalNamespace,803,0,170,0,232,0,114,0,16,0
JaCoCo Coverage Report,com.google.javascript.jscomp,CodePrinter.Format,0,34,0,0,0,4,0,1,0,1
JaCoCo Coverage Report,com.google.javascript.jscomp,CheckPropertyOrder.PropertyOrders,122,0,10,0,28,0,11,0,6,0
JaCoCo Coverage Report,com.google.javascript.jscomp,MethodCompilerPass,114,0,6,0,29,0,7,0,4,0
JaCoCo Coverage Report,com.google.javascript.jscomp,ConcreteType.ConcreteAll,8,0,0,0,4,0,4,0,4,0
JaCoCo Coverage Report,com.google.javascript.jscomp,ProcessTweaks.CollectTweaksResult,9,0,0,0,4,0,1,0,1,0
JaCoCo Coverage Report,com.google.javascript.jscomp,ReplaceStrings.Result,31,0,0,0,9,0,2,0,2,0
JaCoCo Coverage Report,com.google.javascript.jscomp,SpecializeModule,370,0,38,0,96,0,28,0,9,0
JaCoCo Coverage Report,com.google.javascript.jscomp,CodeChangeHandler.ForbiddenChange,8,0,0,0,2,0,2,0,2,0
JaCoCo Coverage Report,com.google.javascript.jscomp,LineNumberCheck,64,5,8,0,21,1,9,1,5,1
JaCoCo Coverage Report,com.google.javascript.jscomp,CodePrinter.CompactCodePrinter,153,0,16,0,38,0,14,0,6,0
JaCoCo Coverage Report,com.google.javascript.jscomp,FunctionTypeBuilder.ExtendedTypeValidator,79,0,8,0,14,0,6,0,2,0
JaCoCo Coverage Report,com.google.javascript.jscomp,FunctionInfo,24,0,0,0,7,0,3,0,3,0
JaCoCo Coverage Report,com.google.javascript.jscomp,TypeValidator,1031,121,186,0,228,23,126,2,33,2
JaCoCo Coverage Report,com.google.javascript.jscomp,DefaultPassConfig.27.new CompilerPass() {...},39,0,0,0,5,0,2,0,2,0
JaCoCo Coverage Report,com.google.javascript.jscomp,InstrumentFunctions.InstrumentReturns,134,0,12,0,36,0,12,0,6,0
JaCoCo Coverage Report,com.google.javascript.jscomp,CallGraph.Callsite,65,0,6,0,20,0,10,0,7,0
JaCoCo Coverage Report,com.google.javascript.jscomp,TightenTypes.ConcreteJSTypePair,67,0,14,0,16,0,12,0,5,0
JaCoCo Coverage Report,com.google.javascript.jscomp,ConcreteType.ConcreteInstanceType,122,0,22,0,31,0,21,0,10,0
JaCoCo Coverage Report,com.google.javascript.jscomp,CheckSideEffects,167,5,56,0,45,1,30,1,2,1
JaCoCo Coverage Report,com.google.javascript.jscomp,CheckPathsBetweenNodes,276,0,50,0,77,0,36,0,11,0
JaCoCo Coverage Report,com.google.javascript.jscomp,ScopedAliases,148,0,18,0,39,0,13,0,4,0
JaCoCo Coverage Report,com.google.javascript.jscomp,CodingConvention.SubclassType,0,24,0,0,0,3,0,1,0,1
JaCoCo Coverage Report,com.google.javascript.jscomp,ConvertToDottedProperties,60,0,11,0,18,0,9,0,3,0
JaCoCo Coverage Report,com.google.javascript.jscomp,GlobalNamespace.Name,579,0,119,0,126,0,90,0,25,0
JaCoCo Coverage Report,com.google.javascript.jscomp,Tracer.ThreadTrace,516,33,76,0,118,9,46,2,8,2
JaCoCo Coverage Report,com.google.javascript.jscomp,RenamePrototypes.ProcessProperties,186,0,28,0,44,0,22,0,7,0
JaCoCo Coverage Report,com.google.javascript.jscomp,GlobalVarReferenceMap.SourceRefRange,35,0,0,0,7,0,3,0,3,0
JaCoCo Coverage Report,com.google.javascript.jscomp,SideEffectsAnalysis,308,0,59,0,86,0,45,0,12,0
JaCoCo Coverage Report,com.google.javascript.jscomp,AnalyzePrototypeProperties.GlobalFunction,62,0,10,0,18,0,9,0,4,0
JaCoCo Coverage Report,com.google.javascript.jscomp,CheckAccidentalSemicolon,46,5,11,0,15,1,8,1,2,1
JaCoCo Coverage Report,com.google.javascript.jscomp,GlobalVarReferenceMap.GlobalVarRefCleanupPass,19,0,2,0,8,0,4,0,3,0
JaCoCo Coverage Report,com.google.javascript.jscomp,CodeGenerator.Context,0,64,0,0,0,7,0,1,0,1
JaCoCo Coverage Report,com.google.javascript.jscomp,NameAnalyzer.AliasSet,16,0,0,0,5,0,1,0,1,0
JaCoCo Coverage Report,com.google.javascript.jscomp,ProcessDefines,289,34,44,0,66,12,29,1,7,1
JaCoCo Coverage Report,com.google.javascript.jscomp,DefaultPassConfig.new PassFactory() {...},6,8,0,0,1,1,1,1,1,1
JaCoCo Coverage Report,com.google.javascript.jscomp,DefaultPassConfig.new PassFactory() {...},6,8,0,0,1,1,1,1,1,1
JaCoCo Coverage Report,com.google.javascript.jscomp,DefaultPassConfig.new PassFactory() {...},9,0,0,0,2,0,2,0,2,0
JaCoCo Coverage Report,com.google.javascript.jscomp,DefaultPassConfig.new PassFactory() {...},20,0,0,0,2,0,2,0,2,0
JaCoCo Coverage Report,com.google.javascript.jscomp,DefaultPassConfig.new CompilerPass() {...},23,0,2,0,5,0,3,0,2,0
JaCoCo Coverage Report,com.google.javascript.jscomp,DefaultPassConfig.new PassFactory() {...},6,8,0,0,1,1,1,1,1,1
JaCoCo Coverage Report,com.google.javascript.jscomp,DefaultPassConfig.new PassFactory() {...},6,8,0,0,1,1,1,1,1,1
JaCoCo Coverage Report,com.google.javascript.jscomp,Scope.new Predicate() {...},17,3,8,0,4,1,5,1,1,1
JaCoCo Coverage Report,com.google.javascript.jscomp,JsMessage,280,0,52,0,52,0,41,0,15,0
JaCoCo Coverage Report,com.google.javascript.jscomp,Denormalize,121,0,30,0,41,0,20,0,5,0
JaCoCo Coverage Report,com.google.javascript.jscomp,CheckGlobalNames,310,13,56,0,64,5,37,1,9,1
JaCoCo Coverage Report,com.google.javascript.jscomp,Compiler.CodeBuilder,103,0,8,0,22,0,12,0,8,0
JaCoCo Coverage Report,com.google.javascript.jscomp,DefaultPassConfig.new PassFactory() {...},5,8,0,0,1,1,1,1,1,1
JaCoCo Coverage Report,com.google.javascript.jscomp,CreateSyntheticBlocks,168,0,10,0,42,0,12,0,7,0
JaCoCo Coverage Report,com.google.javascript.jscomp,DefaultPassConfig.new PassFactory() {...},10,8,0,0,2,1,1,1,1,1
JaCoCo Coverage Report,com.google.javascript.jscomp,DefaultPassConfig.new PassFactory() {...},6,8,0,0,1,1,1,1,1,1
JaCoCo Coverage Report,com.google.javascript.jscomp,DefaultPassConfig.new PassFactory() {...},5,8,0,0,1,1,1,1,1,1
JaCoCo Coverage Report,com.google.javascript.jscomp,DefaultPassConfig.new PassFactory() {...},3,8,0,0,1,1,1,1,1,1
JaCoCo Coverage Report,com.google.javascript.jscomp,DefaultPassConfig.new PassFactory() {...},38,8,2,0,9,1,2,1,1,1
JaCoCo Coverage Report,com.google.javascript.jscomp,GoogleJsMessageIdGenerator,74,0,8,0,16,0,6,0,2,0
JaCoCo Coverage Report,com.google.javascript.jscomp,DefaultPassConfig.new PassFactory() {...},38,8,2,0,9,1,2,1,1,1
JaCoCo Coverage Report,com.google.javascript.jscomp,DefaultPassConfig.new PassFactory() {...},5,8,0,0,1,1,1,1,1,1
JaCoCo Coverage Report,com.google.javascript.jscomp,DefaultPassConfig.new PassFactory() {...},5,8,0,0,1,1,1,1,1,1
JaCoCo Coverage Report,com.google.javascript.jscomp,DefaultPassConfig.75.new CompilerPass() {...},27,0,0,0,5,0,2,0,2,0
JaCoCo Coverage Report,com.google.javascript.jscomp,DefaultPassConfig.new PassFactory() {...},4,8,0,0,1,1,1,1,1,1
JaCoCo Coverage Report,com.google.javascript.jscomp,SpecializeModule.OriginalFunctionInformation,123,0,14,0,28,0,12,0,5,0
JaCoCo Coverage Report,com.google.javascript.jscomp,XtbMessageBundle.Handler,157,0,30,0,37,0,27,0,12,0
JaCoCo Coverage Report,com.google.javascript.jscomp,CheckPathsBetweenNodes.new Annotation() {...},3,0,0,0,1,0,1,0,1,0
JaCoCo Coverage Report,com.google.javascript.jscomp,CheckPathsBetweenNodes.new Annotation() {...},3,0,0,0,1,0,1,0,1,0
JaCoCo Coverage Report,com.google.javascript.jscomp,TightenTypes.FunctionCallBuilder,83,0,8,0,18,0,9,0,5,0
JaCoCo Coverage Report,com.google.javascript.jscomp,CheckPathsBetweenNodes.new Annotation() {...},3,0,0,0,1,0,1,0,1,0
JaCoCo Coverage Report,com.google.javascript.jscomp,CheckPathsBetweenNodes.new Annotation() {...},3,0,0,0,1,0,1,0,1,0
JaCoCo Coverage Report,com.google.javascript.jscomp,TypedScopeCreator.LocalScopeBuilder,124,42,24,4,33,12,15,4,2,3
JaCoCo Coverage Report,com.google.javascript.jscomp,CommandLineRunner.Flags.WarningGuardErrorOptionHandler,11,0,0,0,2,0,1,0,1,0
JaCoCo Coverage Report,com.google.javascript.jscomp,ExtractPrototypeMemberDeclarations.Pattern,55,0,0,0,13,0,2,0,2,0
JaCoCo Coverage Report,com.google.javascript.jscomp,ClosureReverseAbstractInterpreter.new Function() {...},17,0,2,0,4,0,3,0,2,0
JaCoCo Coverage Report,com.google.javascript.jscomp,ClosureReverseAbstractInterpreter.new Function() {...},20,0,2,0,4,0,3,0,2,0
JaCoCo Coverage Report,com.google.javascript.jscomp,ClosureReverseAbstractInterpreter.new Function() {...},20,0,2,0,5,0,3,0,2,0
JaCoCo Coverage Report,com.google.javascript.jscomp,SourceMap.Format.new SourceMap.Format() {...},7,6,0,0,2,1,1,1,1,1
JaCoCo Coverage Report,com.google.javascript.jscomp,SourceMap.Format.new SourceMap.Format() {...},7,6,0,0,2,1,1,1,1,1
JaCoCo Coverage Report,com.google.javascript.jscomp,SourceMap.Format.new SourceMap.Format() {...},7,6,0,0,2,1,1,1,1,1
JaCoCo Coverage Report,com.google.javascript.jscomp,DefaultPassConfig.new PassFactory() {...},6,8,0,0,1,1,1,1,1,1
JaCoCo Coverage Report,com.google.javascript.jscomp,SourceMap.Format.new SourceMap.Format() {...},7,6,0,0,2,1,1,1,1,1
JaCoCo Coverage Report,com.google.javascript.jscomp,DefaultPassConfig.new PassFactory() {...},5,8,0,0,1,1,1,1,1,1
JaCoCo Coverage Report,com.google.javascript.jscomp,DefaultPassConfig.new PassFactory() {...},5,8,0,0,1,1,1,1,1,1
JaCoCo Coverage Report,com.google.javascript.jscomp,DefaultPassConfig.new PassFactory() {...},5,8,0,0,1,1,1,1,1,1
JaCoCo Coverage Report,com.google.javascript.jscomp,DefaultPassConfig.new PassFactory() {...},5,8,0,0,1,1,1,1,1,1
JaCoCo Coverage Report,com.google.javascript.jscomp,DefaultPassConfig.new PassFactory() {...},6,8,0,0,1,1,1,1,1,1
JaCoCo Coverage Report,com.google.javascript.jscomp,ChainableReverseAbstractInterpreter,267,0,44,0,70,0,35,0,12,0
JaCoCo Coverage Report,com.google.javascript.jscomp,DefaultPassConfig.new PassFactory() {...},5,8,0,0,1,1,1,1,1,1
JaCoCo Coverage Report,com.google.javascript.jscomp,DefaultPassConfig.new PassFactory() {...},15,8,0,0,1,1,1,1,1,1
JaCoCo Coverage Report,com.google.javascript.jscomp,DefaultPassConfig.86.new CompilerPass() {...},28,0,0,0,3,0,2,0,2,0
JaCoCo Coverage Report,com.google.javascript.jscomp,DefaultPassConfig.new PassFactory() {...},26,8,2,0,3,1,2,1,1,1
JaCoCo Coverage Report,com.google.javascript.jscomp,DefaultPassConfig.new PassFactory() {...},5,8,0,0,1,1,1,1,1,1
JaCoCo Coverage Report,com.google.javascript.jscomp,ExportTestFunctions.ExportTestFunctionsNodes,108,0,28,0,26,0,17,0,3,0
JaCoCo Coverage Report,com.google.javascript.jscomp,ConcreteType.TypeFilter,9,0,0,0,3,0,1,0,1,0
JaCoCo Coverage Report,com.google.javascript.jscomp,TightenTypes.ConcreteSlot,57,0,2,0,15,0,10,0,9,0
JaCoCo Coverage Report,com.google.javascript.jscomp,PrepareAst.PrepareAnnotations,158,16,39,2,46,7,26,3,5,3
JaCoCo Coverage Report,com.google.javascript.jscomp,JSError,317,0,45,0,56,0,38,0,15,0
JaCoCo Coverage Report,com.google.javascript.jscomp,ClosureReverseAbstractInterpreter.new Function() {...},15,0,0,0,2,0,2,0,2,0
JaCoCo Coverage Report,com.google.javascript.jscomp,DefaultPassConfig.new PassFactory() {...},42,8,6,0,5,1,4,1,1,1
JaCoCo Coverage Report,com.google.javascript.jscomp,CheckLevelLegacy,44,0,0,0,5,0,1,0,1,0
JaCoCo Coverage Report,com.google.javascript.jscomp,DefaultPassConfig.new PassFactory() {...},36,8,8,0,3,1,5,1,1,1
JaCoCo Coverage Report,com.google.javascript.jscomp,DefaultPassConfig.new PassFactory() {...},7,8,0,0,1,1,1,1,1,1
JaCoCo Coverage Report,com.google.javascript.jscomp,DefaultPassConfig.new PassFactory() {...},12,8,0,0,2,1,1,1,1,1
JaCoCo Coverage Report,com.google.javascript.jscomp,DefaultPassConfig.new PassFactory() {...},25,8,0,0,1,1,1,1,1,1
JaCoCo Coverage Report,com.google.javascript.jscomp,DefaultPassConfig.new PassFactory() {...},5,8,0,0,1,1,1,1,1,1
JaCoCo Coverage Report,com.google.javascript.jscomp,DefaultPassConfig.new PassFactory() {...},9,8,0,0,1,1,1,1,1,1
JaCoCo Coverage Report,com.google.javascript.jscomp,DefaultPassConfig.new PassFactory() {...},13,8,0,0,1,1,1,1,1,1
JaCoCo Coverage Report,com.google.javascript.jscomp,DefaultPassConfig.new PassFactory() {...},5,8,0,0,1,1,1,1,1,1
JaCoCo Coverage Report,com.google.javascript.jscomp,DefaultPassConfig.new PassFactory() {...},5,8,0,0,1,1,1,1,1,1
JaCoCo Coverage Report,com.google.javascript.jscomp,VariableVisibilityAnalysis.VariableVisibility,44,0,0,0,5,0,1,0,1,0
JaCoCo Coverage Report,com.google.javascript.jscomp,FunctionInformationMap.Module.Builder,392,0,40,0,119,0,48,0,27,0
JaCoCo Coverage Report,com.google.javascript.jscomp,InlineVariables.InliningBehavior,1035,0,228,0,258,0,137,0,23,0
JaCoCo Coverage Report,com.google.javascript.jscomp,ChainableReverseAbstractInterpreter.RestrictByOneTypeOfResultVisitor,156,0,32,0,23,0,27,0,11,0
JaCoCo Coverage Report,com.google.javascript.jscomp,VariableMap,218,0,16,0,51,0,19,0,11,0
JaCoCo Coverage Report,com.google.javascript.jscomp,LoggerErrorManager,98,9,9,0,16,4,8,1,3,1
JaCoCo Coverage Report,com.google.javascript.jscomp,FlowSensitiveInlineVariables.GatherCandiates.new ControlFlowGraph.AbstractCfgNodeTraversalCallback() {...},85,0,22,0,15,0,13,0,2,0
JaCoCo Coverage Report,com.google.javascript.jscomp,ClosureCodeRemoval.FindAssertionCalls,48,0,6,0,11,0,5,0,2,0
JaCoCo Coverage Report,com.google.javascript.jscomp,ErrorFormat,0,44,0,0,0,5,0,1,0,1
JaCoCo Coverage Report,com.google.javascript.jscomp,FunctionInjector.InliningMode,0,24,0,0,0,3,0,1,0,1
JaCoCo Coverage Report,com.google.javascript.jscomp,DefaultPassConfig.new PassFactory() {...},5,8,0,0,1,1,1,1,1,1
JaCoCo Coverage Report,com.google.javascript.jscomp,DefaultPassConfig.new PassFactory() {...},38,8,6,0,8,1,4,1,1,1
JaCoCo Coverage Report,com.google.javascript.jscomp,AbstractCommandLineRunner.FlagUsageException,4,0,0,0,2,0,1,0,1,0
JaCoCo Coverage Report,com.google.javascript.jscomp,DefaultPassConfig.new PassFactory() {...},7,8,0,0,1,1,1,1,1,1
JaCoCo Coverage Report,com.google.javascript.jscomp,DefaultPassConfig.new PassFactory() {...},5,8,0,0,1,1,1,1,1,1
JaCoCo Coverage Report,com.google.javascript.jscomp,DefaultPassConfig.new PassFactory() {...},6,8,0,0,1,1,1,1,1,1
JaCoCo Coverage Report,com.google.javascript.jscomp,DefaultPassConfig.new PassFactory() {...},17,8,2,0,1,1,2,1,1,1
JaCoCo Coverage Report,com.google.javascript.jscomp,DefaultPassConfig.new PassFactory() {...},6,8,0,0,1,1,1,1,1,1
JaCoCo Coverage Report,com.google.javascript.jscomp,DefaultPassConfig.new PassFactory() {...},6,8,0,0,1,1,1,1,1,1
JaCoCo Coverage Report,com.google.javascript.jscomp,DefaultPassConfig.new PassFactory() {...},5,8,0,0,1,1,1,1,1,1
JaCoCo Coverage Report,com.google.javascript.jscomp,DefaultPassConfig.new PassFactory() {...},5,8,0,0,1,1,1,1,1,1
JaCoCo Coverage Report,com.google.javascript.jscomp,CommandLineRunner.Flags.BooleanOptionHandler,98,0,6,0,21,0,7,0,4,0
JaCoCo Coverage Report,com.google.javascript.jscomp,NodeTraversal.AbstractPostOrderCallback,5,0,0,0,2,0,2,0,2,0
JaCoCo Coverage Report,com.google.javascript.jscomp,SideEffectsAnalysis.DegenerateLocationAbstraction,41,0,4,0,11,0,8,0,6,0
JaCoCo Coverage Report,com.google.javascript.jscomp,AliasKeywords.AliasSpecification,75,0,6,0,23,0,9,0,6,0
JaCoCo Coverage Report,com.google.javascript.jscomp,ChainCalls.CallSite,18,0,0,0,7,0,1,0,1,0
JaCoCo Coverage Report,com.google.javascript.jscomp,DefinitionsRemover.FunctionDefinition,17,0,0,0,6,0,3,0,3,0
JaCoCo Coverage Report,com.google.javascript.jscomp,Tracer,390,83,50,7,107,26,52,6,23,5
JaCoCo Coverage Report,com.google.javascript.jscomp,DefaultPassConfig.new PassFactory() {...},5,8,0,0,1,1,1,1,1,1
JaCoCo Coverage Report,com.google.javascript.jscomp,DefaultPassConfig.new PassFactory() {...},9,8,0,0,1,1,1,1,1,1
JaCoCo Coverage Report,com.google.javascript.jscomp,DefaultPassConfig.new PassFactory() {...},16,8,2,0,2,1,2,1,1,1
JaCoCo Coverage Report,com.google.javascript.jscomp,DefaultPassConfig.new PassFactory() {...},7,8,0,0,2,1,1,1,1,1
JaCoCo Coverage Report,com.google.javascript.jscomp,AbstractCommandLineRunner.CommandLineConfig,349,0,4,0,121,0,39,0,37,0
JaCoCo Coverage Report,com.google.javascript.jscomp,DefaultPassConfig.new PassFactory() {...},23,8,2,0,4,1,2,1,1,1
JaCoCo Coverage Report,com.google.javascript.jscomp,DefaultPassConfig.new PassFactory() {...},21,8,2,0,4,1,2,1,1,1
JaCoCo Coverage Report,com.google.javascript.jscomp,DefaultPassConfig.new PassFactory() {...},5,8,0,0,1,1,1,1,1,1
JaCoCo Coverage Report,com.google.javascript.jscomp,DataFlowAnalysis.FlowState,64,0,0,0,16,0,7,0,7,0
JaCoCo Coverage Report,com.google.javascript.jscomp,DefaultPassConfig.new PassFactory() {...},5,8,0,0,1,1,1,1,1,1
JaCoCo Coverage Report,com.google.javascript.jscomp,DefaultPassConfig.new PassFactory() {...},74,8,14,0,10,1,8,1,1,1
JaCoCo Coverage Report,com.google.javascript.jscomp,DefaultPassConfig.new PassFactory() {...},10,8,0,0,1,1,1,1,1,1
JaCoCo Coverage Report,com.google.javascript.jscomp,RemoveUnusedNames,76,0,10,0,20,0,9,0,4,0
JaCoCo Coverage Report,com.google.javascript.jscomp,CodingConvention.ObjectLiteralCast,9,0,0,0,4,0,1,0,1,0
JaCoCo Coverage Report,com.google.javascript.jscomp,MarkNoSideEffectCalls.GatherNoSideEffectFunctions,96,0,26,0,28,0,15,0,2,0
JaCoCo Coverage Report,com.google.javascript.jscomp,SideEffectsAnalysis.VisibilityLocationAbstraction,189,0,31,0,55,0,25,0,8,0
JaCoCo Coverage Report,com.google.javascript.jscomp,ReferenceCollectingCallback.BasicBlock,80,0,22,0,22,0,15,0,4,0
JaCoCo Coverage Report,com.google.javascript.jscomp,FunctionToBlockMutator,627,0,84,0,167,0,57,0,15,0
JaCoCo Coverage Report,com.google.javascript.jscomp,DefinitionsRemover.VarDefinition,63,0,4,0,15,0,6,0,4,0
JaCoCo Coverage Report,com.google.javascript.jscomp,DisambiguateProperties.AbstractScopingCallback,46,0,2,0,10,0,6,0,5,0
JaCoCo Coverage Report,com.google.javascript.jscomp,DefaultPassConfig.new PassFactory() {...},6,8,0,0,1,1,1,1,1,1
JaCoCo Coverage Report,com.google.javascript.jscomp,DefaultPassConfig.new DefaultPassConfig.HotSwapPassFactory() {...},5,8,0,0,1,1,1,1,1,1
JaCoCo Coverage Report,com.google.javascript.jscomp,PeepholeRemoveDeadCode,1356,0,266,0,386,0,168,0,28,0
JaCoCo Coverage Report,com.google.javascript.jscomp,FlowSensitiveInlineVariables.Candidate,248,0,34,0,65,0,22,0,5,0
JaCoCo Coverage Report,com.google.javascript.jscomp,DefaultPassConfig.new PassFactory() {...},5,8,0,0,1,1,1,1,1,1
JaCoCo Coverage Report,com.google.javascript.jscomp,DefaultPassConfig.new PassFactory() {...},8,8,0,0,1,1,1,1,1,1
JaCoCo Coverage Report,com.google.javascript.jscomp,MustBeReachingVariableDef.MustDefJoin,101,0,12,0,23,0,7,0,1,0
JaCoCo Coverage Report,com.google.javascript.jscomp,PrintStreamErrorManager,107,0,12,0,20,0,11,0,5,0
JaCoCo Coverage Report,com.google.javascript.jscomp,DefaultPassConfig.new PassFactory() {...},5,8,0,0,1,1,1,1,1,1
JaCoCo Coverage Report,com.google.javascript.jscomp,MaybeReachingVariableUse.ReachingUsesJoinOp,23,0,2,0,5,0,2,0,1,0
JaCoCo Coverage Report,com.google.javascript.jscomp,DefaultPassConfig.new PassFactory() {...},9,8,0,0,1,1,1,1,1,1
JaCoCo Coverage Report,com.google.javascript.jscomp,DefaultPassConfig.new PassFactory() {...},6,8,0,0,1,1,1,1,1,1
JaCoCo Coverage Report,com.google.javascript.jscomp,DefaultPassConfig.new PassFactory() {...},6,8,0,0,1,1,1,1,1,1
JaCoCo Coverage Report,com.google.javascript.jscomp,DefaultPassConfig.new PassFactory() {...},5,8,0,0,1,1,1,1,1,1
JaCoCo Coverage Report,com.google.javascript.jscomp,JsMessage.PlaceholderReference,57,0,6,0,11,0,11,0,8,0
JaCoCo Coverage Report,com.google.javascript.jscomp,DefaultPassConfig.new PassFactory() {...},13,8,0,0,1,1,1,1,1,1
JaCoCo Coverage Report,com.google.javascript.jscomp,AstParallelizer,171,0,10,0,47,0,12,0,7,0
JaCoCo Coverage Report,com.google.javascript.jscomp,ProcessDefines.CollectDefines.RefInfo,9,0,0,0,4,0,1,0,1,0
JaCoCo Coverage Report,com.google.javascript.jscomp.deps,PathUtil,233,0,30,0,46,0,22,0,7,0
JaCoCo Coverage Report,com.google.javascript.jscomp.deps,JsFileLineParser.ParseException,10,0,0,0,4,0,2,0,2,0
JaCoCo Coverage Report,com.google.javascript.jscomp.deps,JsFunctionParser,167,0,16,0,36,0,14,0,6,0
JaCoCo Coverage Report,com.google.javascript.jscomp.deps,DepsGenerator.InclusionStrategy,34,0,0,0,4,0,1,0,1,0
JaCoCo Coverage Report,com.google.javascript.jscomp.deps,SortedDependencies.CircularDependencyException,4,0,0,0,2,0,1,0,1,0
JaCoCo Coverage Report,com.google.javascript.jscomp.deps,DepsGenerator.new Function() {...},9,0,0,0,2,0,2,0,2,0
JaCoCo Coverage Report,com.google.javascript.jscomp.deps,JsFileParser,150,0,18,0,29,0,15,0,6,0
JaCoCo Coverage Report,com.google.javascript.jscomp.deps,DepsFileParser,172,0,14,0,34,0,14,0,7,0
JaCoCo Coverage Report,com.google.javascript.jscomp.deps,SortedDependencies.new Comparator() {...},20,0,0,0,3,0,2,0,2,0
JaCoCo Coverage Report,com.google.javascript.jscomp.deps,DepsGenerator,676,0,60,0,156,0,51,0,21,0
JaCoCo Coverage Report,com.google.javascript.jscomp.deps,SortedDependencies,429,0,50,0,96,0,35,0,10,0
JaCoCo Coverage Report,com.google.javascript.jscomp.deps,JsFunctionParser.SymbolInfo,9,0,0,0,4,0,1,0,1,0
JaCoCo Coverage Report,com.google.javascript.jscomp.deps,SimpleDependencyInfo,90,0,10,0,18,0,12,0,7,0
JaCoCo Coverage Report,com.google.javascript.jscomp.deps,JsFileLineParser,360,0,50,0,81,0,32,0,7,0
JaCoCo Coverage Report,com.google.javascript.jscomp.deps,SortedDependencies.MissingProvideException,4,0,0,0,2,0,1,0,1,0
JaCoCo Coverage Report,com.google.debugging.sourcemap.proto,Mapping.OriginalMapping.Builder,544,0,50,0,155,0,62,0,35,0
JaCoCo Coverage Report,com.google.debugging.sourcemap.proto,Mapping.LineMapping.Builder,561,0,61,0,157,0,66,0,34,0
JaCoCo Coverage Report,com.google.debugging.sourcemap.proto,Mapping.OriginalMapping,415,0,46,0,113,0,60,0,37,0
JaCoCo Coverage Report,com.google.debugging.sourcemap.proto,Mapping.new Descriptors.FileDescriptor.InternalDescriptorAssigner() {...},70,0,0,0,11,0,2,0,2,0
JaCoCo Coverage Report,com.google.debugging.sourcemap.proto,Mapping,20,0,0,0,7,0,3,0,3,0
JaCoCo Coverage Report,com.google.debugging.sourcemap.proto,Mapping.LineMapping,302,0,28,0,78,0,48,0,34,0
JaCoCo Coverage Report,com.google.javascript.jscomp.parsing,Annotation,0,606,0,0,0,97,0,1,0,1
JaCoCo Coverage Report,com.google.javascript.jscomp.parsing,JsDocTokenStream,758,0,132,0,200,0,98,0,24,0
JaCoCo Coverage Report,com.google.javascript.jscomp.parsing,JsDocInfoParser.ExtractionInfo,9,0,0,0,4,0,1,0,1,0
JaCoCo Coverage Report,com.google.javascript.jscomp.parsing,JsDocInfoParser.ExtendedTypeInfo,12,0,0,0,5,0,1,0,1,0
JaCoCo Coverage Report,com.google.javascript.jscomp.parsing,JsDocInfoParser.State,34,0,0,0,4,0,1,0,1,0
JaCoCo Coverage Report,com.google.javascript.jscomp.parsing,NullErrorReporter,12,0,0,0,4,0,4,0,4,0
JaCoCo Coverage Report,com.google.javascript.jscomp.parsing,JsDocInfoParser.WhitespaceOption,34,0,0,0,4,0,1,0,1,0
JaCoCo Coverage Report,com.google.javascript.jscomp.parsing,Config.LanguageMode,0,34,0,0,0,4,0,1,0,1
JaCoCo Coverage Report,com.google.javascript.jscomp.parsing,NullErrorReporter.NewRhinoNullReporter,23,0,0,0,6,0,4,0,4,0
JaCoCo Coverage Report,com.google.javascript.jscomp.parsing,JsDocInfoParser,3632,0,603,0,1001,0,394,0,60,0
JaCoCo Coverage Report,com.google.javascript.jscomp.parsing,IRFactory.TransformDispatcher,1407,107,122,12,332,24,113,10,48,8
JaCoCo Coverage Report,com.google.javascript.jscomp.parsing,NullErrorReporter.OldRhinoNullReporter,4,0,0,0,1,0,1,0,1,0
JaCoCo Coverage Report,com.google.javascript.jscomp.parsing,Config,0,51,1,3,0,15,1,3,0,2
JaCoCo Coverage Report,com.google.javascript.jscomp.parsing,IRFactory,488,283,122,17,163,64,123,17,13,14
JaCoCo Coverage Report,com.google.javascript.jscomp.parsing,ParserRunner,41,149,5,11,9,38,7,8,2,5
JaCoCo Coverage Report,com.google.javascript.jscomp.parsing,TypeSafeDispatcher,291,24,50,4,58,6,43,4,0,2
JaCoCo Coverage Report,com.google.javascript.jscomp.parsing,JsDocToken,214,0,0,0,22,0,1,0,1,0
JaCoCo Coverage Report,com.google.javascript.jscomp.parsing,JsDocInfoParser.ErrorReporterParser,74,0,0,0,15,0,5,0,5,0
JaCoCo Coverage Report,com.google.javascript.rhino,JSDocInfo.NamePosition,3,0,0,0,1,0,1,0,1,0
JaCoCo Coverage Report,com.google.javascript.rhino,Kit,13,0,0,0,4,0,2,0,2,0
JaCoCo Coverage Report,com.google.javascript.rhino,JSDocInfo.LazilyInitializedDocumentation,33,0,0,0,11,0,1,0,1,0
JaCoCo Coverage Report,com.google.javascript.rhino,SourcePosition,91,0,6,0,23,0,11,0,8,0
JaCoCo Coverage Report,com.google.javascript.rhino,TokenStream,658,0,191,0,133,0,123,0,4,0
JaCoCo Coverage Report,com.google.javascript.rhino,JSDocInfo,1375,0,226,0,348,0,240,0,127,0
JaCoCo Coverage Report,com.google.javascript.rhino,Node.ObjectPropListItem,22,11,2,0,3,4,4,2,3,2
JaCoCo Coverage Report,com.google.javascript.rhino,Node.StringNode,48,25,8,2,11,9,9,3,4,3
JaCoCo Coverage Report,com.google.javascript.rhino,Token,199,6,96,2,97,3,97,2,1,1
JaCoCo Coverage Report,com.google.javascript.rhino,ScriptRuntime,610,33,154,0,157,10,93,3,9,3
JaCoCo Coverage Report,com.google.javascript.rhino,JSDocInfo.Marker,53,0,0,0,21,0,11,0,11,0
JaCoCo Coverage Report,com.google.javascript.rhino,JSDocInfo.Visibility,44,0,0,0,5,0,1,0,1,0
JaCoCo Coverage Report,com.google.javascript.rhino,Node.AbstractPropListItem,0,15,0,0,0,6,0,3,0,3
JaCoCo Coverage Report,com.google.javascript.rhino,JSDocInfo.TrimmedStringPosition,25,0,4,0,6,0,4,0,2,0
JaCoCo Coverage Report,com.google.javascript.rhino,JSDocInfoBuilder,1002,0,182,0,304,0,156,0,65,0
JaCoCo Coverage Report,com.google.javascript.rhino,Node.SideEffectFlags,75,0,2,0,28,0,14,0,13,0
JaCoCo Coverage Report,com.google.javascript.rhino,Node.FileLevelJsDocBuilder,33,6,4,0,9,1,3,1,1,1
JaCoCo Coverage Report,com.google.javascript.rhino,Node.NumberNode,33,7,4,0,8,3,6,1,4,1
JaCoCo Coverage Report,com.google.javascript.rhino,JSDocInfo.TypePosition,13,0,0,0,5,0,3,0,3,0
JaCoCo Coverage Report,com.google.javascript.rhino,Node.IntPropListItem,11,17,0,0,3,4,3,2,3,2
JaCoCo Coverage Report,com.google.javascript.rhino,JSDocInfo.LazilyInitializedInfo,42,0,0,0,14,0,1,0,1,0
JaCoCo Coverage Report,com.google.javascript.rhino,Node,2577,537,491,57,647,143,445,68,131,55
JaCoCo Coverage Report,com.google.javascript.rhino,Node.AncestorIterable.new Iterator() {...},39,0,4,0,7,0,6,0,4,0
JaCoCo Coverage Report,com.google.javascript.rhino,Node.SiblingNodeIterable,55,0,6,0,15,0,8,0,5,0
JaCoCo Coverage Report,com.google.javascript.rhino,Node.AncestorIterable,11,0,0,0,4,0,2,0,2,0
JaCoCo Coverage Report,com.google.javascript.rhino,JSTypeExpression,83,0,12,0,16,0,14,0,8,0
JaCoCo Coverage Report,com.google.javascript.rhino,Node.NodeMismatch,47,0,6,0,9,0,6,0,3,0
JaCoCo Coverage Report,com.google.javascript.rhino,InputId,16,30,3,3,1,9,4,4,1,4
JaCoCo Coverage Report,com.google.javascript.rhino,JSDocInfo.StringPosition,3,0,0,0,1,0,1,0,1,0
JaCoCo Coverage Report,com.google.javascript.rhino,SimpleErrorReporter,93,0,12,0,25,0,12,0,6,0
JaCoCo Coverage Report,com.google.javascript.rhino.jstype,TernaryValue,40,0,2,0,5,0,3,0,2,0
JaCoCo Coverage Report,com.google.javascript.rhino.jstype,UnresolvedTypeExpression,23,0,0,0,6,0,2,0,2,0
JaCoCo Coverage Report,com.google.javascript.rhino.jstype,NamedType,503,0,94,0,130,0,68,0,21,0
JaCoCo Coverage Report,com.google.javascript.rhino.jstype,NoObjectType,67,23,10,0,23,6,26,2,21,2
JaCoCo Coverage Report,com.google.javascript.rhino.jstype,NumberType,45,4,6,0,17,2,14,1,11,1
JaCoCo Coverage Report,com.google.javascript.rhino.jstype,RecordTypeBuilder.RecordProperty,15,0,0,0,6,0,3,0,3,0
JaCoCo Coverage Report,com.google.javascript.rhino.jstype,VoidType,45,4,6,0,15,2,13,1,10,1
JaCoCo Coverage Report,com.google.javascript.rhino.jstype,RecordType,470,0,80,0,110,0,50,0,10,0
JaCoCo Coverage Report,com.google.javascript.rhino.jstype,AllType,19,8,0,0,9,4,9,3,9,3
JaCoCo Coverage Report,com.google.javascript.rhino.jstype,SimpleSlot,25,0,0,0,10,0,6,0,6,0
JaCoCo Coverage Report,com.google.javascript.rhino.jstype,FunctionType.Kind,0,34,0,0,0,4,0,1,0,1
JaCoCo Coverage Report,com.google.javascript.rhino.jstype,RecordTypeBuilder,49,0,4,0,13,0,5,0,3,0
JaCoCo Coverage Report,com.google.javascript.rhino.jstype,PrototypeObjectType,598,185,142,26,151,53,104,20,25,15
JaCoCo Coverage Report,com.google.javascript.rhino.jstype,ProxyObjectType,442,0,58,0,106,0,92,0,63,0
JaCoCo Coverage Report,com.google.javascript.rhino.jstype,NamedType.PropertyContinuation,27,0,0,0,8,0,2,0,2,0
JaCoCo Coverage Report,com.google.javascript.rhino.jstype,UnionTypeBuilder,147,185,42,30,38,52,34,9,1,6
JaCoCo Coverage Report,com.google.javascript.rhino.jstype,ValueType,2,6,0,0,1,3,1,2,1,2
JaCoCo Coverage Report,com.google.javascript.rhino.jstype,BooleanType,48,4,8,0,18,2,15,1,11,1
JaCoCo Coverage Report,com.google.javascript.rhino.jstype,FunctionBuilder,91,72,0,0,31,17,11,4,11,4
JaCoCo Coverage Report,com.google.javascript.rhino.jstype,SimpleSourceFile,20,0,0,0,8,0,5,0,5,0
JaCoCo Coverage Report,com.google.javascript.rhino.jstype,FunctionType,1388,341,277,43,331,86,193,27,43,17
JaCoCo Coverage Report,com.google.javascript.rhino.jstype,UnionType,973,12,166,0,241,4,116,1,33,1
JaCoCo Coverage Report,com.google.javascript.rhino.jstype,FunctionParamBuilder,34,116,11,11,7,27,9,11,1,8
JaCoCo Coverage Report,com.google.javascript.rhino.jstype,JSTypeRegistry,1170,1352,130,25,297,282,133,33,57,26
JaCoCo Coverage Report,com.google.javascript.rhino.jstype,ArrowType,229,68,63,7,72,16,42,6,10,3
JaCoCo Coverage Report,com.google.javascript.rhino.jstype,SimpleReference,54,0,4,0,10,0,7,0,5,0
JaCoCo Coverage Report,com.google.javascript.rhino.jstype,InstanceObjectType,153,48,41,3,30,15,35,8,13,8
JaCoCo Coverage Report,com.google.javascript.rhino.jstype,ObjectType,244,78,37,13,79,21,54,11,33,7
JaCoCo Coverage Report,com.google.javascript.rhino.jstype,ParameterizedType,11,0,0,0,4,0,2,0,2,0
JaCoCo Coverage Report,com.google.javascript.rhino.jstype,JSTypeNative,0,554,0,0,0,56,0,1,0,1
JaCoCo Coverage Report,com.google.javascript.rhino.jstype,NoType,19,6,0,0,9,3,9,2,9,2
JaCoCo Coverage Report,com.google.javascript.rhino.jstype,TernaryValue.new TernaryValue() {...},30,0,4,0,7,0,9,0,7,0
JaCoCo Coverage Report,com.google.javascript.rhino.jstype,TernaryValue.new TernaryValue() {...},18,0,0,0,7,0,7,0,7,0
JaCoCo Coverage Report,com.google.javascript.rhino.jstype,TernaryValue.new TernaryValue() {...},19,0,0,0,7,0,7,0,7,0
JaCoCo Coverage Report,com.google.javascript.rhino.jstype,JSTypeRegistry.ResolveMode,0,34,0,0,0,4,0,1,0,1
JaCoCo Coverage Report,com.google.javascript.rhino.jstype,TemplateType,18,0,0,0,6,0,4,0,4,0
JaCoCo Coverage Report,com.google.javascript.rhino.jstype,StringType,43,4,6,0,16,2,13,1,10,1
JaCoCo Coverage Report,com.google.javascript.rhino.jstype,UnknownType,59,9,2,0,26,4,27,2,26,2
JaCoCo Coverage Report,com.google.javascript.rhino.jstype,BooleanLiteralSet,116,0,14,0,21,0,16,0,6,0
JaCoCo Coverage Report,com.google.javascript.rhino.jstype,IndexedType,11,0,0,0,4,0,2,0,2,0
JaCoCo Coverage Report,com.google.javascript.rhino.jstype,JSType,804,156,172,22,204,43,165,27,70,24
JaCoCo Coverage Report,com.google.javascript.rhino.jstype,EnumType,128,0,10,0,28,0,22,0,17,0
JaCoCo Coverage Report,com.google.javascript.rhino.jstype,JSType.TypePair,9,0,0,0,4,0,1,0,1,0
JaCoCo Coverage Report,com.google.javascript.rhino.jstype,ErrorFunctionType,0,40,0,0,0,8,0,1,0,1
JaCoCo Coverage Report,com.google.javascript.rhino.jstype,NoResolvedType,23,4,4,0,7,2,7,1,5,1
JaCoCo Coverage Report,com.google.javascript.rhino.jstype,JSTypeRegistry.new FunctionType() {...},5,14,0,0,1,1,1,1,1,1
JaCoCo Coverage Report,com.google.javascript.rhino.jstype,ObjectType.Property,47,25,6,0,12,10,13,3,10,3
JaCoCo Coverage Report,com.google.javascript.rhino.jstype,JSType.new Comparator() {...},6,3,0,0,1,1,1,1,1,1
JaCoCo Coverage Report,com.google.javascript.rhino.jstype,EnumElementType,244,0,30,0,63,0,47,0,32,0
JaCoCo Coverage Report,com.google.javascript.rhino.jstype,NullType,51,4,10,0,18,2,16,1,11,1
JaCoCo Coverage Report,com.google.javascript.jscomp.regex,RegExpTree.DecomposedCharset,352,0,79,0,69,0,49,0,7,0
JaCoCo Coverage Report,com.google.javascript.jscomp.regex,RegExpTree.Concatenation.new Object() {...},199,0,32,0,47,0,19,0,3,0
JaCoCo Coverage Report,com.google.javascript.jscomp.regex,RegExpTree.RegExpTreeAtom,11,0,0,0,5,0,5,0,5,0
JaCoCo Coverage Report,com.google.javascript.jscomp.regex,RegExpTree.Charset,381,0,42,0,89,0,32,0,11,0
JaCoCo Coverage Report,com.google.javascript.jscomp.regex,CharRanges,1039,0,142,0,188,0,91,0,20,0
JaCoCo Coverage Report,com.google.javascript.jscomp.regex,RegExpTree.Alternation,392,0,72,0,87,0,47,0,10,0
JaCoCo Coverage Report,com.google.javascript.jscomp.regex,RegExpTree.Empty,17,0,0,0,7,0,7,0,7,0
JaCoCo Coverage Report,com.google.javascript.jscomp.regex,RegExpTree.BackReference,49,0,8,0,11,0,10,0,6,0
JaCoCo Coverage Report,com.google.javascript.jscomp.regex,CaseCanonicalize,9125,0,26,0,220,0,18,0,5,0
JaCoCo Coverage Report,com.google.javascript.jscomp.regex,RegExpTree.WordBoundary,40,0,4,0,10,0,8,0,6,0
JaCoCo Coverage Report,com.google.javascript.jscomp.regex,RegExpTree.CapturingGroup,62,0,4,0,16,0,12,0,10,0
JaCoCo Coverage Report,com.google.javascript.jscomp.regex,RegExpTree.Anchor,40,0,4,0,9,0,9,0,7,0
JaCoCo Coverage Report,com.google.javascript.jscomp.regex,RegExpTree,510,0,35,0,83,0,29,0,9,0
JaCoCo Coverage Report,com.google.javascript.jscomp.regex,RegExpTree.new Object() {...},1097,0,179,0,233,0,108,0,10,0
JaCoCo Coverage Report,com.google.javascript.jscomp.regex,RegExpTree.LookaheadAssertion,102,0,14,0,23,0,17,0,10,0
JaCoCo Coverage Report,com.google.javascript.jscomp.regex,CaseCanonicalize.DeltaSet,9,0,0,0,4,0,1,0,1,0
JaCoCo Coverage Report,com.google.javascript.jscomp.regex,RegExpTree.Concatenation,243,0,45,0,55,0,34,0,11,0
JaCoCo Coverage Report,com.google.javascript.jscomp.regex,RegExpTree.Repetition,485,0,106,0,97,0,67,0,13,0
JaCoCo Coverage Report,com.google.javascript.jscomp.regex,RegExpTree.Text,144,0,25,0,31,0,21,0,8,0
JaCoCo Coverage Report,com.google.javascript.jscomp.ant,CompileTask,862,0,74,0,205,0,70,0,33,0
JaCoCo Coverage Report,com.google.javascript.jscomp.ant,AntErrorManager,84,0,7,0,17,0,7,0,3,0
JaCoCo Coverage Report,com.google.debugging.sourcemap,Base64VLQ,97,0,14,0,24,0,11,0,4,0
JaCoCo Coverage Report,com.google.debugging.sourcemap,SourceMapConsumerV3.MappingBuilder,319,0,32,0,65,0,24,0,7,0
JaCoCo Coverage Report,com.google.debugging.sourcemap,SourceMapConsumerV1.LineFragment,42,0,4,0,10,0,5,0,3,0
JaCoCo Coverage Report,com.google.debugging.sourcemap,SourceMapConsumerV3.DefaultSourceMapSupplier,5,0,0,0,2,0,2,0,2,0
JaCoCo Coverage Report,com.google.debugging.sourcemap,SourceMapSection.SectionType,24,0,0,0,3,0,1,0,1,0
JaCoCo Coverage Report,com.google.debugging.sourcemap,SourceMapGeneratorV3.MappingTraversal,238,0,42,0,47,0,29,0,8,0
JaCoCo Coverage Report,com.google.debugging.sourcemap,FilePosition,15,0,0,0,6,0,3,0,3,0
JaCoCo Coverage Report,com.google.debugging.sourcemap,SourceMapGeneratorFactory,28,0,4,0,7,0,6,0,3,0
JaCoCo Coverage Report,com.google.debugging.sourcemap,SourceMapGeneratorV3.UsedMappingCheck,12,0,2,0,4,0,3,0,2,0
JaCoCo Coverage Report,com.google.debugging.sourcemap,SourceMapGeneratorV2.MappingTraversal,238,0,42,0,47,0,29,0,8,0
JaCoCo Coverage Report,com.google.debugging.sourcemap,SourceMapGeneratorV3.Mapping,9,0,0,0,3,0,1,0,1,0
JaCoCo Coverage Report,com.google.debugging.sourcemap,SourceMapGeneratorV2.LineMapper,149,0,16,0,36,0,14,0,6,0
JaCoCo Coverage Report,com.google.debugging.sourcemap,SourceMapConsumerV3.UnmappedEntry,17,0,0,0,8,0,6,0,6,0
JaCoCo Coverage Report,com.google.debugging.sourcemap,SourceMapGeneratorV1.Mapping,9,0,0,0,3,0,1,0,1,0
JaCoCo Coverage Report,com.google.debugging.sourcemap,SourceMapGeneratorV2.LineMapEncoder,218,0,28,0,44,0,19,0,5,0
JaCoCo Coverage Report,com.google.debugging.sourcemap,SourceMapConsumerV1.ParseState,81,0,8,0,21,0,9,0,5,0
JaCoCo Coverage Report,com.google.debugging.sourcemap,SourceMapGeneratorV2.MappingWriter,99,0,8,0,23,0,7,0,3,0
JaCoCo Coverage Report,com.google.debugging.sourcemap,SourceMapConsumerV1.FileName,12,0,0,0,4,0,1,0,1,0
JaCoCo Coverage Report,com.google.debugging.sourcemap,SourceMapLineDecoder.StringParser,38,0,2,0,7,0,5,0,4,0
JaCoCo Coverage Report,com.google.debugging.sourcemap,Util,316,0,35,0,55,0,27,0,6,0
JaCoCo Coverage Report,com.google.debugging.sourcemap,SourceMapGeneratorV2.UsedMappingCheck,12,0,2,0,4,0,3,0,2,0
JaCoCo Coverage Report,com.google.debugging.sourcemap,SourceMapConsumerV3.NamedEntry,13,0,0,0,4,0,2,0,2,0
JaCoCo Coverage Report,com.google.debugging.sourcemap,SourceMapGeneratorV2.Mapping,9,0,0,0,3,0,1,0,1,0
JaCoCo Coverage Report,com.google.debugging.sourcemap,SourceMapGeneratorV1.MappingTraversal,238,0,42,0,47,0,29,0,8,0
JaCoCo Coverage Report,com.google.debugging.sourcemap,SourceMapGeneratorV3.ConsumerEntryVisitor,15,0,0,0,3,0,2,0,2,0
JaCoCo Coverage Report,com.google.debugging.sourcemap,SourceMapConsumerV3.StringCharIterator,39,0,2,0,8,0,5,0,4,0
JaCoCo Coverage Report,com.google.debugging.sourcemap,SourceMapSection,72,0,2,0,21,0,11,0,10,0
JaCoCo Coverage Report,com.google.debugging.sourcemap,SourceMapLineDecoder,163,0,14,0,41,0,13,0,6,0
JaCoCo Coverage Report,com.google.debugging.sourcemap,Base64,60,0,8,0,10,0,7,0,3,0
JaCoCo Coverage Report,com.google.debugging.sourcemap,SourceMapGeneratorV1.LineMapper,126,0,20,0,37,0,16,0,6,0
JaCoCo Coverage Report,com.google.debugging.sourcemap,SourceMapGeneratorV3,688,0,50,0,180,0,46,0,21,0
JaCoCo Coverage Report,com.google.debugging.sourcemap,SourceMapGeneratorV1,354,0,34,0,81,0,27,0,10,0
JaCoCo Coverage Report,com.google.debugging.sourcemap,SourceMapGeneratorV2,582,0,42,0,152,0,40,0,19,0
JaCoCo Coverage Report,com.google.debugging.sourcemap,SourceMapConsumerV1.SourceFile.Builder,63,0,0,0,16,0,9,0,9,0
JaCoCo Coverage Report,com.google.debugging.sourcemap,SourceMapGeneratorV1.UsedMappingCheck,12,0,2,0,4,0,3,0,2,0
JaCoCo Coverage Report,com.google.debugging.sourcemap,SourceMapConsumerV3,778,0,98,0,184,0,65,0,16,0
JaCoCo Coverage Report,com.google.debugging.sourcemap,SourceMapConsumerV2,275,0,28,0,68,0,19,0,5,0
JaCoCo Coverage Report,com.google.debugging.sourcemap,SourceMapConsumerV1,565,0,62,0,152,0,40,0,9,0
JaCoCo Coverage Report,com.google.debugging.sourcemap,SourceMapParseException,4,0,0,0,2,0,1,0,1,0
JaCoCo Coverage Report,com.google.debugging.sourcemap,SourceMapConsumerFactory,81,0,7,0,19,0,6,0,2,0
JaCoCo Coverage Report,com.google.debugging.sourcemap,SourceMapConsumerV3.UnnamedEntry,24,0,0,0,9,0,5,0,5,0
JaCoCo Coverage Report,com.google.debugging.sourcemap,SourceMapGeneratorV3.LineMapper,183,0,22,0,48,0,17,0,6,0
JaCoCo Coverage Report,com.google.debugging.sourcemap,SourceMapLineDecoder.LineEntry,9,0,0,0,4,0,1,0,1,0
JaCoCo Coverage Report,com.google.debugging.sourcemap,SourceMapGeneratorV1.MappingWriter,117,0,10,0,31,0,8,0,3,0
JaCoCo Coverage Report,com.google.debugging.sourcemap,SourceMapFormat,44,0,0,0,5,0,1,0,1,0
JaCoCo Coverage Report,com.google.debugging.sourcemap,SourceMapConsumerV1.SourceFile,128,0,6,0,31,0,9,0,6,0
JaCoCo Coverage Report,com.google.javascript.jscomp.graph,StandardUnionFind,257,0,20,0,55,0,21,0,11,0
JaCoCo Coverage Report,com.google.javascript.jscomp.graph,LinkedUndirectedGraph,490,0,58,0,112,0,57,0,28,0
JaCoCo Coverage Report,com.google.javascript.jscomp.graph,DiGraph,33,0,8,0,4,0,7,0,3,0
JaCoCo Coverage Report,com.google.javascript.jscomp.graph,GraphColoring,39,0,2,0,11,0,4,0,3,0
JaCoCo Coverage Report,com.google.javascript.jscomp.graph,LinkedUndirectedGraph.LinkedUndirectedGraphNode,56,0,2,0,14,0,11,0,10,0
JaCoCo Coverage Report,com.google.javascript.jscomp.graph,Graph.GraphAnnotationState,4,0,0,0,2,0,1,0,1,0
JaCoCo Coverage Report,com.google.javascript.jscomp.graph,Graph.AnnotationState,9,0,0,0,4,0,1,0,1,0
JaCoCo Coverage Report,com.google.javascript.jscomp.graph,LinkedDirectedGraph.LinkedDirectedGraphEdge,81,0,2,0,21,0,16,0,15,0
JaCoCo Coverage Report,com.google.javascript.jscomp.graph,LinkedUndirectedGraph.AnnotatedLinkedUndirectedGraphEdge,13,0,0,0,5,0,3,0,3,0
JaCoCo Coverage Report,com.google.javascript.jscomp.graph,LinkedDirectedGraph.LinkedDirectedGraphNode,61,0,2,0,16,0,12,0,11,0
JaCoCo Coverage Report,com.google.javascript.jscomp.graph,LinkedUndirectedGraph.LinkedUndirectedGraphEdge,67,0,2,0,15,0,12,0,11,0
JaCoCo Coverage Report,com.google.javascript.jscomp.graph,LinkedUndirectedGraph.AnnotatedLinkedUndirectedGraphNode,11,0,0,0,5,0,3,0,3,0
JaCoCo Coverage Report,com.google.javascript.jscomp.graph,LinkedDirectedGraph,586,0,46,0,132,0,59,0,36,0
JaCoCo Coverage Report,com.google.javascript.jscomp.graph,UndiGraph,3,0,0,0,1,0,1,0,1,0
JaCoCo Coverage Report,com.google.javascript.jscomp.graph,GraphReachability,94,0,10,0,25,0,11,0,6,0
JaCoCo Coverage Report,com.google.javascript.jscomp.graph,GraphReachability.EdgeTuple,12,0,0,0,5,0,1,0,1,0
JaCoCo Coverage Report,com.google.javascript.jscomp.graph,StandardUnionFind.Node,15,0,0,0,6,0,1,0,1,0
JaCoCo Coverage Report,com.google.javascript.jscomp.graph,StandardUnionFind.new Predicate() {...},54,0,6,0,9,0,5,0,2,0
JaCoCo Coverage Report,com.google.javascript.jscomp.graph,StandardUnionFind.new AbstractSet() {...},38,0,0,0,4,0,4,0,4,0
JaCoCo Coverage Report,com.google.javascript.jscomp.graph,GraphColoring.GreedyGraphColoring,74,0,6,0,23,0,6,0,3,0
JaCoCo Coverage Report,com.google.javascript.jscomp.graph,GraphPruner,180,0,24,0,39,0,15,0,3,0
JaCoCo Coverage Report,com.google.javascript.jscomp.graph,GraphColoring.GreedyGraphColoring.new Comparator() {...},37,0,4,0,5,0,4,0,2,0
JaCoCo Coverage Report,com.google.javascript.jscomp.graph,FixedPointGraphTraversal,143,0,14,0,33,0,12,0,5,0
JaCoCo Coverage Report,com.google.javascript.jscomp.graph,GraphReachability.new Annotation() {...},3,0,0,0,1,0,1,0,1,0
JaCoCo Coverage Report,com.google.javascript.jscomp.graph,LinkedDirectedGraph.LinkedDirectedGraphNode.NeighborIterator,63,0,10,0,9,0,9,0,4,0
JaCoCo Coverage Report,com.google.javascript.jscomp.graph,Graph.SimpleSubGraph,50,0,4,0,12,0,5,0,3,0
JaCoCo Coverage Report,com.google.javascript.jscomp.graph,LinkedDirectedGraph.AnnotatedLinkedDirectedGraphNode,11,0,0,0,5,0,3,0,3,0
JaCoCo Coverage Report,com.google.javascript.jscomp.graph,GraphColoring.Color,27,0,4,0,8,0,5,0,3,0
JaCoCo Coverage Report,com.google.javascript.jscomp.graph,LinkedDirectedGraph.AnnotatedLinkedDirectedGraphEdge,13,0,0,0,5,0,3,0,3,0
JaCoCo Coverage Report,com.google.javascript.jscomp.graph,Graph,173,0,18,0,42,0,22,0,13,0
JaCoCo Coverage Report,com.google.javascript.jscomp.graph,LinkedUndirectedGraph.LinkedUndirectedGraphNode.NeighborIterator,37,0,2,0,9,0,5,0,4,0
