
$ defects4j checkout -p Mockito -v 18f -w /work/Mockito_18f
Checking out 8ceb04ad to /work/Mockito_18f................................. OK
Init local repository...................................................... OK
Tag post-fix revision...................................................... OK
sed: -e expression #1, char 84: unterminated `s' command
Run post-checkout hook..................................................... OK
Excluding broken/flaky tests............................................... OK
Excluding broken/flaky tests............................................... OK
Excluding broken/flaky tests............................................... OK
Initialize fixed program version........................................... OK
Apply patch................................................................ OK
Initialize buggy program version........................................... OK
Diff 8ceb04ad:6237bd6e..................................................... OK
Apply patch................................................................ OK
Tag pre-fix revision....................................................... OK
Check out program version: Mockito-18f..................................... OK

[exit=0 timeout=False time=4.2s]

$ defects4j compile -w /work/Mockito_18f
Running ant (compile)...................................................... OK
Running ant (compile.tests)................................................ OK

[exit=0 timeout=False time=56.6s]

$ defects4j checkout -p Mockito -v 18b -w /work/Mockito_18b
Checking out 8ceb04ad to /work/Mockito_18b................................. OK
Init local repository...................................................... OK
Tag post-fix revision...................................................... OK
sed: -e expression #1, char 84: unterminated `s' command
Run post-checkout hook..................................................... OK
Excluding broken/flaky tests............................................... OK
Excluding broken/flaky tests............................................... OK
Excluding broken/flaky tests............................................... OK
Initialize fixed program version........................................... OK
Apply patch................................................................ OK
Initialize buggy program version........................................... OK
Diff 8ceb04ad:6237bd6e..................................................... OK
Apply patch................................................................ OK
Tag pre-fix revision....................................................... OK
Check out program version: Mockito-18b..................................... OK

[exit=0 timeout=False time=4.2s]

$ defects4j compile -w /work/Mockito_18b
Running ant (compile)...................................................... OK
Running ant (compile.tests)................................................ OK

[exit=0 timeout=False time=56.6s]

$ java -Djava.awt.headless=true -cp /opt/defects4j/framework/projects/lib/junit-4.12-hamcrest-1.3.jar:/opt/evosuite/evosuite-1.2.0.jar:/work/Mockito_18f/build/classes/java/main:/opt/defects4j/framework/projects/Mockito/lib/asm-all-5.0.4.jar:/opt/defects4j/framework/projects/Mockito/lib/assertj-core-2.1.0.jar:/opt/defects4j/framework/projects/Mockito/lib/cglib-and-asm-1.0.jar:/opt/defects4j/framework/projects/Mockito/lib/cobertura-2.0.3.jar:/opt/defects4j/framework/projects/Mockito/lib/fest-assert-1.3.jar:/opt/defects4j/framework/projects/Mockito/lib/fest-util-1.1.4.jar:/opt/defects4j/framework/projects/Mockito/lib/hamcrest-all-1.3.jar:/opt/defects4j/framework/projects/Mockito/lib/hamcrest-core-1.1.jar:/opt/defects4j/framework/projects/Mockito/lib/objenesis-2.1.jar:/opt/defects4j/framework/projects/Mockito/lib/objenesis-2.2.jar:/opt/defects4j/framework/projects/Mockito/lib/powermock-reflect-1.2.5.jar:/work/Mockito_18f/compileLib/byte-buddy-0.6.8.jar:/work/Mockito_18f/build/classes/java/test org.evosuite.EvoSuite -generateSuite -class org.mockito.internal.stubbing.defaultanswers.ReturnsEmptyValues -projectCP /opt/defects4j/framework/projects/lib/junit-4.12-hamcrest-1.3.jar:/work/Mockito_18f/build/classes/java/main:/opt/defects4j/framework/projects/Mockito/lib/asm-all-5.0.4.jar:/opt/defects4j/framework/projects/Mockito/lib/assertj-core-2.1.0.jar:/opt/defects4j/framework/projects/Mockito/lib/cglib-and-asm-1.0.jar:/opt/defects4j/framework/projects/Mockito/lib/cobertura-2.0.3.jar:/opt/defects4j/framework/projects/Mockito/lib/fest-assert-1.3.jar:/opt/defects4j/framework/projects/Mockito/lib/fest-util-1.1.4.jar:/opt/defects4j/framework/projects/Mockito/lib/hamcrest-all-1.3.jar:/opt/defects4j/framework/projects/Mockito/lib/hamcrest-core-1.1.jar:/opt/defects4j/framework/projects/Mockito/lib/objenesis-2.1.jar:/opt/defects4j/framework/projects/Mockito/lib/objenesis-2.2.jar:/opt/defects4j/framework/projects/Mockito/lib/powermock-reflect-1.2.5.jar:/work/Mockito_18f/compileLib/byte-buddy-0.6.8.jar:/work/Mockito_18f/build/classes/java/test -Dcriterion=LINE:BRANCH:EXCEPTION -Dsearch_budget=60 -seed 1 -Dtest_dir=/work/evo_out/Mockito_18f/budget60_seed1/tests -Dreport_dir=/work/evo_out/Mockito_18f/budget60_seed1/report
* EvoSuite 1.2.0
* Going to generate test cases for class: org.mockito.internal.stubbing.defaultanswers.ReturnsEmptyValues
* Starting Client-0
* Connecting to master process on port 9922
* Analyzing classpath: 
  - /opt/defects4j/framework/projects/lib/junit-4.12-hamcrest-1.3.jar
  - /work/Mockito_18f/build/classes/java/main
  - /opt/defects4j/framework/projects/Mockito/lib/asm-all-5.0.4.jar
  - /opt/defects4j/framework/projects/Mockito/lib/assertj-core-2.1.0.jar
  - /opt/defects4j/framework/projects/Mockito/lib/cglib-and-asm-1.0.jar
  - /opt/defects4j/framework/projects/Mockito/lib/cobertura-2.0.3.jar
  - /opt/defects4j/framework/projects/Mockito/lib/fest-assert-1.3.jar
  - /opt/defects4j/framework/projects/Mockito/lib/fest-util-1.1.4.jar
  - /opt/defects4j/framework/projects/Mockito/lib/hamcrest-all-1.3.jar
  - /opt/defects4j/framework/projects/Mockito/lib/hamcrest-core-1.1.jar
  - /opt/defects4j/framework/projects/Mockito/lib/objenesis-2.1.jar
  - /opt/defects4j/framework/projects/Mockito/lib/objenesis-2.2.jar
  - /opt/defects4j/framework/projects/Mockito/lib/powermock-reflect-1.2.5.jar
  - /work/Mockito_18f/compileLib/byte-buddy-0.6.8.jar
  - /work/Mockito_18f/build/classes/java/test
[MASTER] 14:58:26.950 [logback-1] WARN  InheritanceTree - Class not in inheritance graph: java.util.Locale$IsoCountryCode
[MASTER] 14:58:26.958 [logback-1] WARN  InheritanceTree - Class not in inheritance graph: java.lang.module.ModuleFinder
* Finished analyzing classpath
* Generating tests for class org.mockito.internal.stubbing.defaultanswers.ReturnsEmptyValues
* Test criteria:
  - Line Coverage
  - Branch Coverage
  - Exception
* Setting up search algorithm for whole suite generation
* Total number of test goals: 
  - Line 46
  - Branch 41
  - Exception 0
* Using seed 1
* Starting evolution

[Progress:>                             0%] [Cov:>                                  0%]
[Progress:>                             1%] [Cov:====>                              14%]
[Progress:>                             1%] [Cov:=========>                         28%]
[Progress:>                             1%] [Cov:=====================>             61%]
[Progress:>                             1%] [Cov:=====================>             62%]
[Progress:>                             3%] [Cov:====>                              14%]
[Progress:>                             3%] [Cov:=========>                         28%]
[Progress:>                             3%] [Cov:=====================>             61%]
[Progress:>                             3%] [Cov:=====================>             62%][MASTER] 14:58:29.576 [logback-1] WARN  TestCluster - Failed to check cache for org.mockito.stubbing.Answer<T> : Type points to itself

[Progress:>                             3%] [Cov:=====================>             62%]
[Progress:=>                            5%] [Cov:=====================>             61%]
[Progress:=>                            5%] [Cov:=====================>             62%][MASTER] 14:58:30.275 [logback-1] WARN  TestChromosome - Functional mock problem: org.evosuite.ga.ConstructionFailedException: Have no generator for class org.mockito.internal.invocation.InvocationImpl canUseFunctionalMocks=false, canBeMocked: true

[Progress:=>                            5%] [Cov:=====================>             62%]
[Progress:=>                            6%] [Cov:=====================>             62%][MASTER] 14:58:31.339 [logback-1] WARN  TestChromosome - Functional mock problem: org.evosuite.ga.ConstructionFailedException: Failed to add constructor for org.mockito.internal.invocation.InvocationImpl due to org.evosuite.ga.ConstructionFailedException: Failed to add constructor for org.mockito.internal.invocation.SerializableMethod due to org.evosuite.ga.ConstructionFailedException: Failed to add constructor for org.mockito.internal.stubbing.StubbedInvocationMatcher due to org.evosuite.ga.ConstructionFailedException: Failed to add constructor for org.mockito.internal.invocation.InvocationMatcher due to org.evosuite.ga.ConstructionFailedException: Max recursion depth reached

[Progress:=>                            6%] [Cov:=====================>             62%][MASTER] 14:58:31.543 [logback-1] WARN  TestChromosome - Functional mock problem: org.evosuite.ga.ConstructionFailedException: Failed to add constructor for org.mockito.internal.invocation.InvocationImpl due to org.evosuite.ga.ConstructionFailedException: Failed to add constructor for org.mockito.internal.invocation.SerializableMethod due to org.evosuite.ga.ConstructionFailedException: Have no generator for class org.mockito.internal.invocation.InvocationImpl canUseFunctionalMocks=false, canBeMocked: true
[MASTER] 14:58:31.552 [logback-1] WARN  TestChromosome - Functional mock problem: org.evosuite.ga.ConstructionFailedException: Have no generator for class java.lang.reflect.Method canUseFunctionalMocks=true, canBeMocked: false

[Progress:=>                            6%] [Cov:=====================>             62%][MASTER] 14:58:31.822 [logback-1] WARN  TestChromosome - Functional mock problem: org.evosuite.ga.ConstructionFailedException: Failed to add constructor for org.mockito.internal.invocation.InvocationMatcher due to org.evosuite.ga.ConstructionFailedException: Failed to add constructor for org.mockito.internal.invocation.InvocationImpl due to org.evosuite.ga.ConstructionFailedException: Have no generator for class org.mockito.internal.invocation.InvocationImpl canUseFunctionalMocks=false, canBeMocked: true

[Progress:=>                            6%] [Cov:=====================>             62%][MASTER] 14:58:31.916 [logback-1] WARN  TestChromosome - Functional mock problem: org.evosuite.ga.ConstructionFailedException: Failed to add constructor for org.mockito.internal.invocation.InvocationMatcher due to org.evosuite.ga.ConstructionFailedException: Failed to add constructor for org.mockito.internal.invocation.InvocationImpl due to org.evosuite.ga.ConstructionFailedException: Failed to add constructor for org.mockito.internal.invocation.SerializableMethod due to org.evosuite.ga.ConstructionFailedException: Have no generator for class org.mockito.internal.invocation.InvocationImpl canUseFunctionalMocks=false, canBeMocked: true

[Progress:=>                            6%] [Cov:=====================>             62%]
[Progress:==>                           8%] [Cov:=====================>             62%]
[Progress:==>                           8%] [Cov:=====================>             62%][MASTER] 14:58:32.201 [logback-1] WARN  TestChromosome - Functional mock problem: org.evosuite.ga.ConstructionFailedException: Failed to add constructor for org.mockito.internal.stubbing.StubbedInvocationMatcher due to org.evosuite.ga.ConstructionFailedException: Failed to add constructor for org.mockito.internal.invocation.InvocationMatcher due to org.evosuite.ga.ConstructionFailedException: Failed to add constructor for org.mockito.internal.invocation.InvocationImpl due to org.evosuite.ga.ConstructionFailedException: Failed to add constructor for org.mockito.internal.invocation.SerializableMethod due to org.evosuite.ga.ConstructionFailedException: Have no generator for class org.mockito.internal.invocation.InvocationImpl canUseFunctionalMocks=false, canBeMocked: true
[MASTER] 14:58:32.270 [logback-1] WARN  TestChromosome - Functional mock problem: org.evosuite.ga.ConstructionFailedException: Failed to add constructor for org.mockito.internal.invocation.InvocationImpl due to org.evosuite.ga.ConstructionFailedException: Failed to add constructor for org.mockito.internal.invocation.SerializableMethod due to org.evosuite.ga.ConstructionFailedException: Failed to add constructor for org.mockito.internal.invocation.InvocationMatcher due to org.evosuite.ga.ConstructionFailedException: Failed to add constructor for org.mockito.internal.stubbing.StubbedInvocationMatcher due to org.evosuite.ga.ConstructionFailedException: Max recursion depth reached

[Progress:==>                           8%] [Cov:=====================>             62%]
[Progress:==>                           8%] [Cov:=====================>             62%][MASTER] 14:58:32.522 [logback-1] WARN  TestChromosome - Functional mock problem: org.evosuite.ga.ConstructionFailedException: Failed to add constructor for org.mockito.internal.stubbing.StubbedInvocationMatcher due to org.evosuite.ga.ConstructionFailedException: Failed to add constructor for org.mockito.internal.invocation.InvocationMatcher due to org.evosuite.ga.ConstructionFailedException: Failed to add constructor for org.mockito.internal.invocation.InvocationImpl due to org.evosuite.ga.ConstructionFailedException: Failed to add constructor for org.mockito.internal.invocation.realmethod.CleanTraceRealMethod due to org.evosuite.ga.ConstructionFailedException: Failed to add constructor for org.mockito.internal.invocation.realmethod.CleanTraceRealMethod due to org.evosuite.ga.ConstructionFailedException: Max recursion depth reached

[Progress:==>                           8%] [Cov:=====================>             62%]
[Progress:==>                           8%] [Cov:=====================>             62%]
[Progress:==>                           8%] [Cov:=====================>             62%]
[Progress:==>                           8%] [Cov:=====================>             62%]
[Progress:==>                           8%] [Cov:=====================>             62%]
[Progress:==>                           8%] [Cov:=====================>             62%]
[Progress:===>                          10%] [Cov:=====================>             62%]
[Progress:===>                          10%] [Cov:=====================>             62%]
[Progress:===>                          10%] [Cov:=====================>             62%]
[Progress:===>                          10%] [Cov:=====================>             62%]
[Progress:===>                          10%] [Cov:=====================>             62%]
[Progress:===>                          10%] [Cov:=====================>             62%]
[Progress:===>                          10%] [Cov:=====================>             62%]
[Progress:===>                          10%] [Cov:=====================>             62%]
[Progress:===>                          10%] [Cov:=====================>             62%]
[Progress:===>                          10%] [Cov:=====================>             62%]
[Progress:===>                          10%] [Cov:=====================>             62%]
[Progress:===>                          11%] [Cov:=====================>             62%]
[Progress:===>                          11%] [Cov:=====================>             62%]
[Progress:===>                          11%] [Cov:=====================>             62%]
[Progress:===>                          11%] [Cov:=====================>             62%]
[Progress:===>                          11%] [Cov:=====================>             62%]
[Progress:===>                          11%] [Cov:=====================>             62%]
[Progress:===>                          11%] [Cov:=====================>             62%]
[Progress:===>                          11%] [Cov:=====================>             62%]
[Progress:===>                          11%] [Cov:=====================>             62%]
[Progress:===>                          11%] [Cov:=====================>             62%]
[Progress:===>                          11%] [Cov:=====================>             62%]
[Progress:===>                          11%] [Cov:=====================>             62%]
[Progress:===>                          11%] [Cov:=====================>             62%]
[Progress:===>                          11%] [Cov:=====================>             62%]
[Progress:===>                          11%] [Cov:=====================>             62%]
[Progress:===>                          11%] [Cov:=====================>             62%]
[Progress:===>                          11%] [Cov:=====================>             62%]
[Progress:===>                          13%] [Cov:=====================>             62%]
[Progress:===>                          13%] [Cov:=====================>             62%]
[Progress:===>                          13%] [Cov:=====================>             62%]
[Progress:===>                          13%] [Cov:=====================>             62%]
[Progress:===>                          13%] [Cov:=====================>             62%]
[Progress:===>                          13%] [Cov:=====================>             62%]
[Progress:===>                          13%] [Cov:=====================>             62%]
[Progress:===>                          13%] [Cov:=====================>             62%]
[Progress:===>                          13%] [Cov:=====================>             62%]
[Progress:===>                          13%] [Cov:=====================>             62%]
[Progress:===>                          13%] [Cov:=====================>             62%]
[Progress:===>                          13%] [Cov:=====================>             62%]
[Progress:===>                          13%] [Cov:=====================>             62%]
[Progress:===>                          13%] [Cov:=====================>             62%]
[Progress:===>                          13%] [Cov:=====================>             62%]
[Progress:===>                          13%] [Cov:=====================>             62%]
[Progress:===>                          13%] [Cov:=====================>             62%]
[Progress:===>                          13%] [Cov:=====================>             62%]
[Progress:====>                         15%] [Cov:=====================>             62%]
[Progress:====>                         15%] [Cov:=====================>             62%]
[Progress:====>                         15%] [Cov:=====================>             62%]
[Progress:====>                         15%] [Cov:=====================>             62%]
[Progress:====>                         15%] [Cov:=====================>             62%]
[Progress:====>                         15%] [Cov:=====================>             62%]
[Progress:====>                         15%] [Cov:=====================>             62%]
[Progress:====>                         15%] [Cov:=====================>             62%]
[Progress:====>                         15%] [Cov:=====================>             62%]
[Progress:====>                         15%] [Cov:=====================>             62%]
[Progress:====>                         15%] [Cov:=====================>             62%]
[Progress:====>                         15%] [Cov:=====================>             62%]
[Progress:====>                         15%] [Cov:=====================>             62%]
[Progress:====>                         15%] [Cov:=====================>             62%]
[Progress:====>                         15%] [Cov:=====================>             62%]
[Progress:====>                         15%] [Cov:=====================>             62%]
[Progress:====>                         15%] [Cov:=====================>             62%]
[Progress:====>                         16%] [Cov:=====================>             62%]
[Progress:====>                         16%] [Cov:=====================>             62%]
[Progress:====>                         16%] [Cov:=====================>             62%]
[Progress:====>                         16%] [Cov:=====================>             62%]
[Progress:====>                         16%] [Cov:=====================>             62%]
[Progress:====>                         16%] [Cov:=====================>             62%]
[Progress:====>                         16%] [Cov:=====================>             62%]
[Progress:====>                         16%] [Cov:=====================>             62%]
[Progress:====>                         16%] [Cov:=====================>             62%]
[Progress:====>                         16%] [Cov:=====================>             62%]
[Progress:====>                         16%] [Cov:=====================>             62%]
[Progress:====>                         16%] [Cov:=====================>             62%]
[Progress:====>                         16%] [Cov:=====================>             62%]
[Progress:====>                         16%] [Cov:=====================>             62%]
[Progress:====>                         16%] [Cov:=====================>             62%]
[Progress:====>                         16%] [Cov:=====================>             62%]
[Progress:====>                         16%] [Cov:=====================>             62%]
[Progress:====>                         16%] [Cov:=====================>             62%]
[Progress:=====>                        18%] [Cov:=====================>             62%]
[Progress:=====>                        18%] [Cov:=====================>             62%]
[Progress:=====>                        18%] [Cov:=====================>             62%]
[Progress:=====>                        18%] [Cov:=====================>             62%]
[Progress:=====>                        18%] [Cov:=====================>             62%]
[Progress:=====>                        18%] [Cov:=====================>             62%]
[Progress:=====>                        18%] [Cov:=====================>             62%]
[Progress:=====>                        18%] [Cov:=====================>             62%]
[Progress:=====>                        18%] [Cov:=====================>             62%]
[Progress:=====>                        18%] [Cov:=====================>             62%]
[Progress:=====>                        18%] [Cov:=====================>             62%]
[Progress:=====>                        18%] [Cov:=====================>             62%]
[Progress:=====>                        18%] [Cov:=====================>             62%]
[Progress:=====>                        18%] [Cov:=====================>             62%]
[Progress:=====>                        18%] [Cov:=====================>             62%]
[Progress:=====>                        18%] [Cov:=====================>             62%]
[Progress:======>                       20%] [Cov:=====================>             62%]
[Progress:======>                       20%] [Cov:=====================>             62%]
[Progress:======>                       20%] [Cov:=====================>             62%]
[Progress:======>                       20%] [Cov:=====================>             62%]
[Progress:======>                       20%] [Cov:=====================>             62%]
[Progress:======>                       20%] [Cov:=====================>             62%]
[Progress:======>                       20%] [Cov:=====================>             62%]
[Progress:======>                       20%] [Cov:=====================>             62%]
[Progress:======>                       20%] [Cov:=====================>             62%]
[Progress:======>                       20%] [Cov:=====================>             62%]
[Progress:======>                       20%] [Cov:=====================>             62%]
[Progress:======>                       20%] [Cov:=====================>             62%]
[Progress:======>                       20%] [Cov:=====================>             62%]
[Progress:======>                       20%] [Cov:=====================>             62%]
[Progress:======>                       20%] [Cov:=====================>             62%]
[Progress:======>                       20%] [Cov:=====================>             62%]
[Progress:======>                       20%] [Cov:=====================>             62%]
[Progress:======>                       20%] [Cov:=====================>             62%]
[Progress:======>                       20%] [Cov:=====================>             62%]
[Progress:======>                       21%] [Cov:=====================>             62%]
[Progress:======>                       21%] [Cov:=====================>             62%]
[Progress:======>                       21%] [Cov:=====================>             62%]
[Progress:======>                       21%] [Cov:=====================>             62%]
[Progress:======>                       21%] [Cov:=====================>             62%]
[Progress:======>                       21%] [Cov:=====================>             62%]
[Progress:======>                       21%] [Cov:=====================>             62%]
[Progress:======>                       21%] [Cov:=====================>             62%]
[Progress:======>                       21%] [Cov:=====================>             62%]
[Progress:======>                       21%] [Cov:=====================>             62%]
[Progress:======>                       21%] [Cov:=====================>             62%]
[Progress:======>                       21%] [Cov:=====================>             62%]
[Progress:======>                       21%] [Cov:=====================>             62%]
[Progress:======>                       21%] [Cov:=====================>             62%]
[Progress:======>                       21%] [Cov:=====================>             62%]
[Progress:======>                       21%] [Cov:=====================>             62%]
[Progress:======>                       21%] [Cov:=====================>             62%]
[Progress:======>                       21%] [Cov:=====================>             62%]
[Progress:======>                       21%] [Cov:=====================>             62%]
[Progress:======>                       21%] [Cov:=====================>             62%]
[Progress:======>                       21%] [Cov:=====================>             62%]
[Progress:======>                       23%] [Cov:=====================>             62%]
[Progress:======>                       23%] [Cov:=====================>             62%]
[Progress:======>                       23%] [Cov:=====================>             62%]
[Progress:======>                       23%] [Cov:=====================>             62%]
[Progress:======>                       23%] [Cov:=====================>             62%]
[Progress:======>                       23%] [Cov:=====================>             62%]
[Progress:======>                       23%] [Cov:=====================>             62%]
[Progress:======>                       23%] [Cov:=====================>             62%]
[Progress:======>                       23%] [Cov:=====================>             62%]
[Progress:======>                       23%] [Cov:=====================>             62%]
[Progress:======>                       23%] [Cov:=====================>             62%]
[Progress:======>                       23%] [Cov:=====================>             62%]
[Progress:======>                       23%] [Cov:=====================>             62%]
[Progress:======>                       23%] [Cov:=====================>             62%]
[Progress:======>                       23%] [Cov:=====================>             62%]
[Progress:======>                       23%] [Cov:=====================>             62%]
[Progress:======>                       23%] [Cov:=====================>             62%]
[Progress:======>                       23%] [Cov:=====================>             62%]
[Progress:======>                       23%] [Cov:=====================>             62%]
[Progress:======>                       23%] [Cov:=====================>             62%]
[Progress:======>                       23%] [Cov:=====================>             62%]
[Progress:=======>                      25%] [Cov:=====================>             62%]
[Progress:=======>                      25%] [Cov:=====================>             62%]
[Progress:=======>                      25%] [Cov:=====================>             62%]
[Progress:=======>                      25%] [Cov:=====================>             62%]
[Progress:=======>                      25%] [Cov:=====================>             62%]
[Progress:=======>                      25%] [Cov:=====================>             62%]
[Progress:=======>                      25%] [Cov:=====================>             62%]
[Progress:=======>                      25%] [Cov:=====================>             62%]
[Progress:=======>                      25%] [Cov:=====================>             62%]
[Progress:=======>                      25%] [Cov:=====================>             62%]
[Progress:=======>                      25%] [Cov:=====================>             62%]
[Progress:=======>                      25%] [Cov:=====================>             62%]
[Progress:=======>                      25%] [Cov:=====================>             62%]
[Progress:=======>                      25%] [Cov:=====================>             62%]
[Progress:=======>                      25%] [Cov:=====================>             62%]
[Progress:=======>                      25%] [Cov:=====================>             62%]
[Progress:=======>                      25%] [Cov:=====================>             62%]
[Progress:=======>                      25%] [Cov:=====================>             62%]
[Progress:=======>                      25%] [Cov:=====================>             62%]
[Progress:=======>                      25%] [Cov:=====================>             62%]
[Progress:=======>                      25%] [Cov:=====================>             62%]
[Progress:=======>                      26%] [Cov:=====================>             62%]
[Progress:=======>                      26%] [Cov:=====================>             62%]
[Progress:=======>                      26%] [Cov:=====================>             62%]
[Progress:=======>                      26%] [Cov:=====================>             62%]
[Progress:=======>                      26%] [Cov:=====================>             62%]
[Progress:=======>                      26%] [Cov:=====================>             62%]
[Progress:=======>                      26%] [Cov:=====================>             62%]
[Progress:=======>                      26%] [Cov:=====================>             62%]
[Progress:=======>                      26%] [Cov:=====================>             62%]
[Progress:=======>                      26%] [Cov:=====================>             62%]
[Progress:=======>                      26%] [Cov:=====================>             62%]
[Progress:=======>                      26%] [Cov:=====================>             62%]
[Progress:=======>                      26%] [Cov:=====================>             62%]
[Progress:=======>                      26%] [Cov:=====================>             62%]
[Progress:=======>                      26%] [Cov:=====================>             62%]
[Progress:=======>                      26%] [Cov:=====================>             62%]
[Progress:=======>                      26%] [Cov:=====================>             62%]
[Progress:=======>                      26%] [Cov:=====================>             62%]
[Progress:=======>                      26%] [Cov:=====================>             62%]
[Progress:=======>                      26%] [Cov:=====================>             62%]
[Progress:=======>                      26%] [Cov:=====================>             62%]
[Progress:=======>                      26%] [Cov:=====================>             62%]
[Progress:=======>                      26%] [Cov:=====================>             62%]
[Progress:========>                     28%] [Cov:=====================>             62%]
[Progress:========>                     28%] [Cov:=====================>             62%]
[Progress:========>                     28%] [Cov:=====================>             62%]
[Progress:========>                     28%] [Cov:=====================>             62%]
[Progress:========>                     28%] [Cov:=====================>             62%]
[Progress:========>                     28%] [Cov:=====================>             62%]
[Progress:========>                     28%] [Cov:=====================>             62%]
[Progress:========>                     28%] [Cov:=====================>             62%]
[Progress:========>                     28%] [Cov:=====================>             62%]
[Progress:========>                     28%] [Cov:=====================>             62%]
[Progress:========>                     28%] [Cov:=====================>             62%]
[Progress:========>                     28%] [Cov:=====================>             62%]
[Progress:========>                     28%] [Cov:=====================>             62%]
[Progress:========>                     28%] [Cov:=====================>             62%]
[Progress:========>                     28%] [Cov:=====================>             62%]
[Progress:========>                     28%] [Cov:=====================>             62%]
[Progress:========>                     28%] [Cov:=====================>             62%]
[Progress:========>                     28%] [Cov:=====================>             62%]
[Progress:========>                     28%] [Cov:=====================>             62%]
[Progress:========>                     28%] [Cov:=====================>             62%]
[Progress:========>                     28%] [Cov:=====================>             62%]
[Progress:========>                     28%] [Cov:=====================>             62%]
[Progress:=========>                    30%] [Cov:=====================>             62%]
[Progress:=========>                    30%] [Cov:=====================>             62%]
[Progress:=========>                    30%] [Cov:=====================>             62%]
[Progress:=========>                    30%] [Cov:=====================>             62%]
[Progress:=========>                    30%] [Cov:=====================>             62%]
[Progress:=========>                    30%] [Cov:=====================>             62%]
[Progress:=========>                    30%] [Cov:=====================>             62%]
[Progress:=========>                    30%] [Cov:=====================>             62%]
[Progress:=========>                    30%] [Cov:=====================>             62%]
[Progress:=========>                    30%] [Cov:=====================>             62%]
[Progress:=========>                    30%] [Cov:=====================>             62%]
[Progress:=========>                    30%] [Cov:=====================>             62%]
[Progress:=========>                    30%] [Cov:=====================>             62%]
[Progress:=========>                    30%] [Cov:=====================>             62%]
[Progress:=========>                    30%] [Cov:=====================>             62%]
[Progress:=========>                    30%] [Cov:=====================>             62%]
[Progress:=========>                    30%] [Cov:=====================>             62%]
[Progress:=========>                    30%] [Cov:=====================>             62%]
[Progress:=========>                    30%] [Cov:=====================>             62%]
[Progress:=========>                    30%] [Cov:=====================>             62%]
[Progress:=========>                    30%] [Cov:=====================>             62%]
[Progress:=========>                    30%] [Cov:=====================>             62%]
[Progress:=========>                    31%] [Cov:=====================>             62%]
[Progress:=========>                    31%] [Cov:=====================>             62%]
[Progress:=========>                    31%] [Cov:=====================>             62%]
[Progress:=========>                    31%] [Cov:=====================>             62%]
[Progress:=========>                    31%] [Cov:=====================>             62%]
[Progress:=========>                    31%] [Cov:=====================>             62%]
[Progress:=========>                    31%] [Cov:=====================>             62%]
[Progress:=========>                    31%] [Cov:=====================>             62%]
[Progress:=========>                    31%] [Cov:=====================>             62%]
[Progress:=========>                    31%] [Cov:=====================>             62%]
[Progress:=========>                    31%] [Cov:=====================>             62%]
[Progress:=========>                    31%] [Cov:=====================>             62%]
[Progress:=========>                    31%] [Cov:=====================>             62%]
[Progress:=========>                    31%] [Cov:=====================>             62%]
[Progress:=========>                    31%] [Cov:=====================>             62%]
[Progress:=========>                    31%] [Cov:=====================>             62%]
[Progress:=========>                    31%] [Cov:=====================>             62%]
[Progress:=========>                    31%] [Cov:=====================>             62%]
[Progress:=========>                    31%] [Cov:=====================>             62%]
[Progress:=========>                    31%] [Cov:=====================>             62%]
[Progress:=========>                    31%] [Cov:=====================>             62%]
[Progress:=========>                    33%] [Cov:=====================>             62%]
[Progress:=========>                    33%] [Cov:=====================>             62%]
[Progress:=========>                    33%] [Cov:=====================>             62%]
[Progress:=========>                    33%] [Cov:=====================>             62%]
[Progress:=========>                    33%] [Cov:=====================>             62%]
[Progress:=========>                    33%] [Cov:=====================>             62%]
[Progress:=========>                    33%] [Cov:=====================>             62%]
[Progress:=========>                    33%] [Cov:=====================>             62%]
[Progress:=========>                    33%] [Cov:=====================>             62%]
[Progress:=========>                    33%] [Cov:=====================>             62%]
[Progress:=========>                    33%] [Cov:=====================>             62%]
[Progress:=========>                    33%] [Cov:=====================>             62%]
[Progress:=========>                    33%] [Cov:=====================>             62%]
[Progress:=========>                    33%] [Cov:=====================>             62%]
[Progress:=========>                    33%] [Cov:=====================>             62%]
[Progress:=========>                    33%] [Cov:=====================>             62%]
[Progress:=========>                    33%] [Cov:=====================>             62%]
[Progress:=========>                    33%] [Cov:=====================>             62%]
[Progress:=========>                    33%] [Cov:=====================>             62%]
[Progress:=========>                    33%] [Cov:=====================>             62%]
[Progress:=========>                    33%] [Cov:=====================>             62%]
[Progress:=========>                    33%] [Cov:=====================>             62%]
[Progress:=========>                    33%] [Cov:=====================>             62%]
[Progress:=========>                    33%] [Cov:=====================>             62%]
[Progress:==========>                   35%] [Cov:=====================>             62%]
[Progress:==========>                   35%] [Cov:=====================>             62%]
[Progress:==========>                   35%] [Cov:=====================>             62%]
[Progress:==========>                   35%] [Cov:=====================>             62%]
[Progress:==========>                   35%] [Cov:=====================>             62%]
[Progress:==========>                   35%] [Cov:=====================>             62%]
[Progress:==========>                   35%] [Cov:=====================>             62%]
[Progress:==========>                   35%] [Cov:=====================>             62%]
[Progress:==========>                   35%] [Cov:=====================>             62%]
[Progress:==========>                   35%] [Cov:=====================>             62%]
[Progress:==========>                   35%] [Cov:=====================>             62%]
[Progress:==========>                   35%] [Cov:=====================>             62%]
[Progress:==========>                   35%] [Cov:=====================>             62%]
[Progress:==========>                   35%] [Cov:=====================>             62%]
[Progress:==========>                   35%] [Cov:=====================>             62%]
[Progress:==========>                   35%] [Cov:=====================>             62%]
[Progress:==========>                   35%] [Cov:=====================>             62%]
[Progress:==========>                   35%] [Cov:=====================>             62%]
[Progress:==========>                   35%] [Cov:=====================>             62%]
[Progress:==========>                   35%] [Cov:=====================>             62%]
[Progress:==========>                   35%] [Cov:=====================>             62%]
[Progress:==========>                   35%] [Cov:=====================>             62%]
[Progress:==========>                   35%] [Cov:=====================>             62%]
[Progress:==========>                   35%] [Cov:=====================>             62%]
[Progress:==========>                   35%] [Cov:=====================>             62%]
[Progress:==========>                   36%] [Cov:=====================>             62%]
[Progress:==========>                   36%] [Cov:=====================>             62%]
[Progress:==========>                   36%] [Cov:=====================>             62%]
[Progress:==========>                   36%] [Cov:=====================>             62%]
[Progress:==========>                   36%] [Cov:=====================>             62%]
[Progress:==========>                   36%] [Cov:=====================>             62%]
[Progress:==========>                   36%] [Cov:=====================>             62%]
[Progress:==========>                   36%] [Cov:=====================>             62%]
[Progress:==========>                   36%] [Cov:=====================>             62%]
[Progress:==========>                   36%] [Cov:=====================>             62%]
[Progress:==========>                   36%] [Cov:=====================>             62%]
[Progress:==========>                   36%] [Cov:=====================>             62%]
[Progress:==========>                   36%] [Cov:=====================>             62%]
[Progress:==========>                   36%] [Cov:=====================>             62%]
[Progress:==========>                   36%] [Cov:=====================>             62%]
[Progress:==========>                   36%] [Cov:=====================>             62%]
[Progress:==========>                   36%] [Cov:=====================>             62%]
[Progress:==========>                   36%] [Cov:=====================>             62%]
[Progress:==========>                   36%] [Cov:=====================>             62%]
[Progress:==========>                   36%] [Cov:=====================>             62%]
[Progress:==========>                   36%] [Cov:=====================>             62%]
[Progress:==========>                   36%] [Cov:=====================>             62%]
[Progress:==========>                   36%] [Cov:=====================>             62%]
[Progress:===========>                  38%] [Cov:=====================>             62%]
[Progress:===========>                  38%] [Cov:=====================>             62%]
[Progress:===========>                  38%] [Cov:=====================>             62%]
[Progress:===========>                  38%] [Cov:=====================>             62%]
[Progress:===========>                  38%] [Cov:=====================>             62%]
[Progress:===========>                  38%] [Cov:=====================>             62%]
[Progress:===========>                  38%] [Cov:=====================>             62%]
[Progress:===========>                  38%] [Cov:=====================>             62%]
[Progress:===========>                  38%] [Cov:=====================>             62%]
[Progress:===========>                  38%] [Cov:=====================>             62%]
[Progress:===========>                  38%] [Cov:=====================>             62%]
[Progress:===========>                  38%] [Cov:=====================>             62%]
[Progress:===========>                  38%] [Cov:=====================>             62%]
[Progress:===========>                  38%] [Cov:=====================>             62%]
[Progress:===========>                  38%] [Cov:=====================>             62%]
[Progress:===========>                  38%] [Cov:=====================>             62%]
[Progress:===========>                  38%] [Cov:=====================>             62%]
[Progress:===========>                  38%] [Cov:=====================>             62%]
[Progress:===========>                  38%] [Cov:=====================>             62%]
[Progress:===========>                  38%] [Cov:=====================>             62%]
[Progress:===========>                  38%] [Cov:=====================>             62%]
[Progress:===========>                  38%] [Cov:=====================>             62%]
[Progress:============>                 40%] [Cov:=====================>             62%]
[Progress:============>                 40%] [Cov:=====================>             62%]
[Progress:============>                 40%] [Cov:=====================>             62%]
[Progress:============>                 40%] [Cov:=====================>             62%]
[Progress:============>                 40%] [Cov:=====================>             62%]
[Progress:============>                 40%] [Cov:=====================>             62%]
[Progress:============>                 40%] [Cov:=====================>             62%]
[Progress:============>                 40%] [Cov:=====================>             62%]
[Progress:============>                 40%] [Cov:=====================>             62%]
[Progress:============>                 40%] [Cov:=====================>             62%]
[Progress:============>                 40%] [Cov:=====================>             62%]
[Progress:============>                 40%] [Cov:=====================>             62%]
[Progress:============>                 40%] [Cov:=====================>             62%]
[Progress:============>                 40%] [Cov:=====================>             62%]
[Progress:============>                 40%] [Cov:=====================>             62%]
[Progress:============>                 40%] [Cov:=====================>             62%]
[Progress:============>                 40%] [Cov:=====================>             62%]
[Progress:============>                 40%] [Cov:=====================>             62%]
[Progress:============>                 40%] [Cov:=====================>             62%]
[Progress:============>                 40%] [Cov:=====================>             62%]
[Progress:============>                 40%] [Cov:=====================>             62%]
[Progress:============>                 40%] [Cov:=====================>             62%]
[Progress:============>                 40%] [Cov:=====================>             62%]
[Progress:============>                 40%] [Cov:=====================>             62%]
[Progress:============>                 41%] [Cov:=====================>             62%]
[Progress:============>                 41%] [Cov:=====================>             62%]
[Progress:============>                 41%] [Cov:=====================>             62%]
[Progress:============>                 41%] [Cov:=====================>             62%]
[Progress:============>                 41%] [Cov:=====================>             62%]
[Progress:============>                 41%] [Cov:=====================>             62%]
[Progress:============>                 41%] [Cov:=====================>             62%]
[Progress:============>                 41%] [Cov:=====================>             62%]
[Progress:============>                 41%] [Cov:=====================>             62%]
[Progress:============>                 41%] [Cov:=====================>             62%]
[Progress:============>                 41%] [Cov:=====================>             62%]
[Progress:============>                 41%] [Cov:=====================>             62%]
[Progress:============>                 41%] [Cov:=====================>             62%]
[Progress:============>                 41%] [Cov:=====================>             62%]
[Progress:============>                 41%] [Cov:=====================>             62%]
[Progress:============>                 41%] [Cov:=====================>             62%]
[Progress:============>                 41%] [Cov:=====================>             62%]
[Progress:============>                 41%] [Cov:=====================>             62%]
[Progress:============>                 41%] [Cov:=====================>             62%]
[Progress:============>                 41%] [Cov:=====================>             62%]
[Progress:============>                 41%] [Cov:=====================>             62%]
[Progress:============>                 41%] [Cov:=====================>             62%]
[Progress:============>                 41%] [Cov:=====================>             62%]
[Progress:============>                 43%] [Cov:=====================>             62%]
[Progress:============>                 43%] [Cov:=====================>             62%]
[Progress:============>                 43%] [Cov:=====================>             62%]
[Progress:============>                 43%] [Cov:=====================>             62%]
[Progress:============>                 43%] [Cov:=====================>             62%]
[Progress:============>                 43%] [Cov:=====================>             62%]
[Progress:============>                 43%] [Cov:=====================>             62%]
[Progress:============>                 43%] [Cov:=====================>             62%]
[Progress:============>                 43%] [Cov:=====================>             62%]
[Progress:============>                 43%] [Cov:=====================>             62%]
[Progress:============>                 43%] [Cov:=====================>             62%]
[Progress:============>                 43%] [Cov:=====================>             62%]
[Progress:============>                 43%] [Cov:=====================>             62%]
[Progress:============>                 43%] [Cov:=====================>             62%]
[Progress:============>                 43%] [Cov:=====================>             62%]
[Progress:============>                 43%] [Cov:=====================>             62%]
[Progress:============>                 43%] [Cov:=====================>             62%]
[Progress:============>                 43%] [Cov:=====================>             62%]
[Progress:============>                 43%] [Cov:=====================>             62%]
[Progress:============>                 43%] [Cov:=====================>             62%]
[Progress:============>                 43%] [Cov:=====================>             62%]
[Progress:============>                 43%] [Cov:=====================>             62%]
[Progress:============>                 43%] [Cov:=====================>             62%]
[Progress:============>                 43%] [Cov:=====================>             62%]
[Progress:============>                 43%] [Cov:=====================>             62%]
[Progress:=============>                45%] [Cov:=====================>             62%]
[Progress:=============>                45%] [Cov:=====================>             62%]
[Progress:=============>                45%] [Cov:=====================>             62%]
[Progress:=============>                45%] [Cov:=====================>             62%]
[Progress:=============>                45%] [Cov:=====================>             62%]
[Progress:=============>                45%] [Cov:=====================>             62%]
[Progress:=============>                45%] [Cov:=====================>             62%]
[Progress:=============>                45%] [Cov:=====================>             62%]
[Progress:=============>                45%] [Cov:=====================>             62%]
[Progress:=============>                45%] [Cov:=====================>             62%]
[Progress:=============>                45%] [Cov:=====================>             62%]
[Progress:=============>                45%] [Cov:=====================>             62%]
[Progress:=============>                45%] [Cov:=====================>             62%]
[Progress:=============>                45%] [Cov:=====================>             62%]
[Progress:=============>                45%] [Cov:=====================>             62%]
[Progress:=============>                45%] [Cov:=====================>             62%]
[Progress:=============>                45%] [Cov:=====================>             62%]
[Progress:=============>                45%] [Cov:=====================>             62%]
[Progress:=============>                45%] [Cov:=====================>             62%]
[Progress:=============>                45%] [Cov:=====================>             62%]
[Progress:=============>                45%] [Cov:=====================>             62%]
[Progress:=============>                45%] [Cov:=====================>             62%]
[Progress:=============>                45%] [Cov:=====================>             62%]
[Progress:=============>                45%] [Cov:=====================>             62%]
[Progress:=============>                46%] [Cov:=====================>             62%]
[Progress:=============>                46%] [Cov:=====================>             62%]
[Progress:=============>                46%] [Cov:=====================>             62%]
[Progress:=============>                46%] [Cov:=====================>             62%]
[Progress:=============>                46%] [Cov:=====================>             62%]
[Progress:=============>                46%] [Cov:=====================>             62%]
[Progress:=============>                46%] [Cov:=====================>             62%]
[Progress:=============>                46%] [Cov:=====================>             62%]
[Progress:=============>                46%] [Cov:=====================>             62%]
[Progress:=============>                46%] [Cov:=====================>             62%]
[Progress:=============>                46%] [Cov:=====================>             62%]
[Progress:=============>                46%] [Cov:=====================>             62%]
[Progress:=============>                46%] [Cov:=====================>             62%]
[Progress:=============>                46%] [Cov:=====================>             62%]
[Progress:=============>                46%] [Cov:=====================>             62%]
[Progress:=============>                46%] [Cov:=====================>             62%]
[Progress:=============>                46%] [Cov:=====================>             62%]
[Progress:=============>                46%] [Cov:=====================>             62%]
[Progress:=============>                46%] [Cov:=====================>             62%]
[Progress:=============>                46%] [Cov:=====================>             62%]
[Progress:=============>                46%] [Cov:=====================>             62%]
[Progress:=============>                46%] [Cov:=====================>             62%]
[Progress:=============>                46%] [Cov:=====================>             62%]
[Progress:=============>                46%] [Cov:=====================>             62%]
[Progress:=============>                46%] [Cov:=====================>             62%]
[Progress:==============>               48%] [Cov:=====================>             62%]
[Progress:==============>               48%] [Cov:=====================>             62%]
[Progress:==============>               48%] [Cov:=====================>             62%]
[Progress:==============>               48%] [Cov:=====================>             62%]
[Progress:==============>               48%] [Cov:=====================>             62%]
[Progress:==============>               48%] [Cov:=====================>             62%]
[Progress:==============>               48%] [Cov:=====================>             62%]
[Progress:==============>               48%] [Cov:=====================>             62%]
[Progress:==============>               48%] [Cov:=====================>             62%]
[Progress:==============>               48%] [Cov:=====================>             62%]
[Progress:==============>               48%] [Cov:=====================>             62%]
[Progress:==============>               48%] [Cov:=====================>             62%]
[Progress:==============>               48%] [Cov:=====================>             62%]
[Progress:==============>               48%] [Cov:=====================>             62%]
[Progress:==============>               48%] [Cov:=====================>             62%]
[Progress:==============>               48%] [Cov:=====================>             62%]
[Progress:==============>               48%] [Cov:=====================>             62%]
[Progress:==============>               48%] [Cov:=====================>             62%]
[Progress:==============>               48%] [Cov:=====================>             62%]
[Progress:==============>               48%] [Cov:=====================>             62%]
[Progress:==============>               48%] [Cov:=====================>             62%]
[Progress:==============>               48%] [Cov:=====================>             62%]
[Progress:==============>               48%] [Cov:=====================>             62%]
[Progress:==============>               48%] [Cov:=====================>             62%]
[Progress:==============>               48%] [Cov:=====================>             62%]
[Progress:===============>              50%] [Cov:=====================>             62%]
[Progress:===============>              50%] [Cov:=====================>             62%]
[Progress:===============>              50%] [Cov:=====================>             62%]
[Progress:===============>              50%] [Cov:=====================>             62%]
[Progress:===============>              50%] [Cov:=====================>             62%]
[Progress:===============>              50%] [Cov:=====================>             62%]
[Progress:===============>              50%] [Cov:=====================>             62%]
[Progress:===============>              50%] [Cov:=====================>             62%]
[Progress:===============>              50%] [Cov:=====================>             62%]
[Progress:===============>              50%] [Cov:=====================>             62%]
[Progress:===============>              50%] [Cov:=====================>             62%]
[Progress:===============>              50%] [Cov:=====================>             62%]
[Progress:===============>              50%] [Cov:=====================>             62%]
[Progress:===============>              50%] [Cov:=====================>             62%]
[Progress:===============>              50%] [Cov:=====================>             62%]
[Progress:===============>              50%] [Cov:=====================>             62%]
[Progress:===============>              50%] [Cov:=====================>             62%]
[Progress:===============>              50%] [Cov:=====================>             62%]
[Progress:===============>              50%] [Cov:=====================>             62%]
[Progress:===============>              50%] [Cov:=====================>             62%]
[Progress:===============>              50%] [Cov:=====================>             62%]
[Progress:===============>              50%] [Cov:=====================>             62%]
[Progress:===============>              50%] [Cov:=====================>             62%]
[Progress:===============>              50%] [Cov:=====================>             62%]
[Progress:===============>              51%] [Cov:=====================>             62%]
[Progress:===============>              51%] [Cov:=====================>             62%]
[Progress:===============>              51%] [Cov:=====================>             62%]
[Progress:===============>              51%] [Cov:=====================>             62%]
[Progress:===============>              51%] [Cov:=====================>             62%]
[Progress:===============>              51%] [Cov:=====================>             62%]
[Progress:===============>              51%] [Cov:=====================>             62%]
[Progress:===============>              51%] [Cov:=====================>             62%]
[Progress:===============>              51%] [Cov:=====================>             62%]
[Progress:===============>              51%] [Cov:=====================>             62%]
[Progress:===============>              51%] [Cov:=====================>             62%]
[Progress:===============>              51%] [Cov:=====================>             62%]
[Progress:===============>              51%] [Cov:=====================>             62%]
[Progress:===============>              51%] [Cov:=====================>             62%]
[Progress:===============>              51%] [Cov:=====================>             62%]
[Progress:===============>              51%] [Cov:=====================>             62%]
[Progress:===============>              51%] [Cov:=====================>             62%]
[Progress:===============>              51%] [Cov:=====================>             62%]
[Progress:===============>              51%] [Cov:=====================>             62%]
[Progress:===============>              51%] [Cov:=====================>             62%]
[Progress:===============>              51%] [Cov:=====================>             62%]
[Progress:===============>              51%] [Cov:=====================>             62%]
[Progress:===============>              51%] [Cov:=====================>             62%]
[Progress:===============>              51%] [Cov:=====================>             62%]
[Progress:===============>              51%] [Cov:=====================>             62%]
[Progress:===============>              53%] [Cov:=====================>             62%]
[Progress:===============>              53%] [Cov:=====================>             62%]
[Progress:===============>              53%] [Cov:=====================>             62%]
[Progress:===============>              53%] [Cov:=====================>             62%]
[Progress:===============>              53%] [Cov:=====================>             62%]
[Progress:===============>              53%] [Cov:=====================>             62%]
[Progress:===============>              53%] [Cov:=====================>             62%]
[Progress:===============>              53%] [Cov:=====================>             62%]
[Progress:===============>              53%] [Cov:=====================>             62%]
[Progress:===============>              53%] [Cov:=====================>             62%]
[Progress:===============>              53%] [Cov:=====================>             62%]
[Progress:===============>              53%] [Cov:=====================>             62%]
[Progress:===============>              53%] [Cov:=====================>             62%]
[Progress:===============>              53%] [Cov:=====================>             62%]
[Progress:===============>              53%] [Cov:=====================>             62%]
[Progress:===============>              53%] [Cov:=====================>             62%]
[Progress:===============>              53%] [Cov:=====================>             62%]
[Progress:===============>              53%] [Cov:=====================>             62%]
[Progress:===============>              53%] [Cov:=====================>             62%]
[Progress:===============>              53%] [Cov:=====================>             62%]
[Progress:===============>              53%] [Cov:=====================>             62%]
[Progress:===============>              53%] [Cov:=====================>             62%]
[Progress:===============>              53%] [Cov:=====================>             62%]
[Progress:===============>              53%] [Cov:=====================>             62%]
[Progress:================>             55%] [Cov:=====================>             62%]
[Progress:================>             55%] [Cov:=====================>             62%]
[Progress:================>             55%] [Cov:=====================>             62%]
[Progress:================>             55%] [Cov:=====================>             62%]
[Progress:================>             55%] [Cov:=====================>             62%]
[Progress:================>             55%] [Cov:=====================>             62%]
[Progress:================>             55%] [Cov:=====================>             62%]
[Progress:================>             55%] [Cov:=====================>             62%]
[Progress:================>             55%] [Cov:=====================>             62%]
[Progress:================>             55%] [Cov:=====================>             62%]
[Progress:================>             55%] [Cov:=====================>             62%]
[Progress:================>             55%] [Cov:=====================>             62%]
[Progress:================>             55%] [Cov:=====================>             62%]
[Progress:================>             55%] [Cov:=====================>             62%]
[Progress:================>             55%] [Cov:=====================>             62%]
[Progress:================>             55%] [Cov:=====================>             62%]
[Progress:================>             55%] [Cov:=====================>             62%]
[Progress:================>             55%] [Cov:=====================>             62%]
[Progress:================>             55%] [Cov:=====================>             62%]
[Progress:================>             55%] [Cov:=====================>             62%]
[Progress:================>             55%] [Cov:=====================>             62%]
[Progress:================>             55%] [Cov:=====================>             62%]
[Progress:================>             55%] [Cov:=====================>             62%]
[Progress:================>             56%] [Cov:=====================>             62%]
[Progress:================>             56%] [Cov:=====================>             62%]
[Progress:================>             56%] [Cov:=====================>             62%]
[Progress:================>             56%] [Cov:=====================>             62%]
[Progress:================>             56%] [Cov:=====================>             62%]
[Progress:================>             56%] [Cov:=====================>             62%]
[Progress:================>             56%] [Cov:=====================>             62%]
[Progress:================>             56%] [Cov:=====================>             62%]
[Progress:================>             56%] [Cov:=====================>             62%]
[Progress:================>             56%] [Cov:=====================>             62%]
[Progress:================>             56%] [Cov:=====================>             62%]
[Progress:================>             56%] [Cov:=====================>             62%]
[Progress:================>             56%] [Cov:=====================>             62%]
[Progress:================>             56%] [Cov:=====================>             62%]
[Progress:================>             56%] [Cov:=====================>             62%]
[Progress:================>             56%] [Cov:=====================>             62%]
[Progress:================>             56%] [Cov:=====================>             62%]
[Progress:================>             56%] [Cov:=====================>             62%]
[Progress:================>             56%] [Cov:=====================>             62%]
[Progress:================>             56%] [Cov:=====================>             62%]
[Progress:================>             56%] [Cov:=====================>             62%]
[Progress:================>             56%] [Cov:=====================>             62%]
[Progress:================>             56%] [Cov:=====================>             62%]
[Progress:================>             56%] [Cov:=====================>             62%]
[Progress:=================>            58%] [Cov:=====================>             62%]
[Progress:=================>            58%] [Cov:=====================>             62%]
[Progress:=================>            58%] [Cov:=====================>             62%]
[Progress:=================>            58%] [Cov:=====================>             62%]
[Progress:=================>            58%] [Cov:=====================>             62%]
[Progress:=================>            58%] [Cov:=====================>             62%]
[Progress:=================>            58%] [Cov:=====================>             62%]
[Progress:=================>            58%] [Cov:=====================>             62%]
[Progress:=================>            58%] [Cov:=====================>             62%]
[Progress:=================>            58%] [Cov:=====================>             62%]
[Progress:=================>            58%] [Cov:=====================>             62%]
[Progress:=================>            58%] [Cov:=====================>             62%]
[Progress:=================>            58%] [Cov:=====================>             62%]
[Progress:=================>            58%] [Cov:=====================>             62%]
[Progress:=================>            58%] [Cov:=====================>             62%]
[Progress:=================>            58%] [Cov:=====================>             62%]
[Progress:=================>            58%] [Cov:=====================>             62%]
[Progress:=================>            58%] [Cov:=====================>             62%]
[Progress:=================>            58%] [Cov:=====================>             62%]
[Progress:=================>            58%] [Cov:=====================>             62%]
[Progress:=================>            58%] [Cov:=====================>             62%]
[Progress:=================>            58%] [Cov:=====================>             62%]
[Progress:=================>            58%] [Cov:=====================>             62%]
[Progress:=================>            58%] [Cov:=====================>             62%]
[Progress:=================>            58%] [Cov:=====================>             62%]
[Progress:==================>           60%] [Cov:=====================>             62%]
[Progress:==================>           60%] [Cov:=====================>             62%]
[Progress:==================>           60%] [Cov:=====================>             62%]
[Progress:==================>           60%] [Cov:=====================>             62%]
[Progress:==================>           60%] [Cov:=====================>             62%]
[Progress:==================>           60%] [Cov:=====================>             62%]
[Progress:==================>           60%] [Cov:=====================>             62%]
[Progress:==================>           60%] [Cov:=====================>             62%]
[Progress:==================>           60%] [Cov:=====================>             62%]
[Progress:==================>           60%] [Cov:=====================>             62%]
[Progress:==================>           60%] [Cov:=====================>             62%]
[Progress:==================>           60%] [Cov:=====================>             62%]
[Progress:==================>           60%] [Cov:=====================>             62%]
[Progress:==================>           60%] [Cov:=====================>             62%]
[Progress:==================>           60%] [Cov:=====================>             62%]
[Progress:==================>           60%] [Cov:=====================>             62%]
[Progress:==================>           60%] [Cov:=====================>             62%]
[Progress:==================>           60%] [Cov:=====================>             62%]
[Progress:==================>           60%] [Cov:=====================>             62%]
[Progress:==================>           60%] [Cov:=====================>             62%]
[Progress:==================>           60%] [Cov:=====================>             62%]
[Progress:==================>           60%] [Cov:=====================>             62%]
[Progress:==================>           60%] [Cov:=====================>             62%]
[Progress:==================>           60%] [Cov:=====================>             62%]
[Progress:==================>           61%] [Cov:=====================>             62%]
[Progress:==================>           61%] [Cov:=====================>             62%]
[Progress:==================>           61%] [Cov:=====================>             62%]
[Progress:==================>           61%] [Cov:=====================>             62%]
[Progress:==================>           61%] [Cov:=====================>             62%]
[Progress:==================>           61%] [Cov:=====================>             62%]
[Progress:==================>           61%] [Cov:=====================>             62%]
[Progress:==================>           61%] [Cov:=====================>             62%]
[Progress:==================>           61%] [Cov:=====================>             62%]
[Progress:==================>           61%] [Cov:=====================>             62%]
[Progress:==================>           61%] [Cov:=====================>             62%]
[Progress:==================>           61%] [Cov:=====================>             62%]
[Progress:==================>           61%] [Cov:=====================>             62%]
[Progress:==================>           61%] [Cov:=====================>             62%]
[Progress:==================>           61%] [Cov:=====================>             62%]
[Progress:==================>           61%] [Cov:=====================>             62%]
[Progress:==================>           61%] [Cov:=====================>             62%]
[Progress:==================>           61%] [Cov:=====================>             62%]
[Progress:==================>           61%] [Cov:=====================>             62%]
[Progress:==================>           61%] [Cov:=====================>             62%]
[Progress:==================>           61%] [Cov:=====================>             62%]
[Progress:==================>           61%] [Cov:=====================>             62%]
[Progress:==================>           61%] [Cov:=====================>             62%]
[Progress:==================>           61%] [Cov:=====================>             62%]
[Progress:==================>           63%] [Cov:=====================>             62%]
[Progress:==================>           63%] [Cov:=====================>             62%]
[Progress:==================>           63%] [Cov:=====================>             62%]
[Progress:==================>           63%] [Cov:=====================>             62%]
[Progress:==================>           63%] [Cov:=====================>             62%]
[Progress:==================>           63%] [Cov:=====================>             62%]
[Progress:==================>           63%] [Cov:=====================>             62%]
[Progress:==================>           63%] [Cov:=====================>             62%]
[Progress:==================>           63%] [Cov:=====================>             62%]
[Progress:==================>           63%] [Cov:=====================>             62%]
[Progress:==================>           63%] [Cov:=====================>             62%]
[Progress:==================>           63%] [Cov:=====================>             62%]
[Progress:==================>           63%] [Cov:=====================>             62%]
[Progress:==================>           63%] [Cov:=====================>             62%]
[Progress:==================>           63%] [Cov:=====================>             62%]
[Progress:==================>           63%] [Cov:=====================>             62%]
[Progress:==================>           63%] [Cov:=====================>             62%]
[Progress:==================>           63%] [Cov:=====================>             62%]
[Progress:==================>           63%] [Cov:=====================>             62%]
[Progress:==================>           63%] [Cov:=====================>             62%]
[Progress:==================>           63%] [Cov:=====================>             62%]
[Progress:==================>           63%] [Cov:=====================>             62%]
[Progress:==================>           63%] [Cov:=====================>             62%]
[Progress:==================>           63%] [Cov:=====================>             62%]
[Progress:==================>           63%] [Cov:=====================>             62%]
[Progress:==================>           63%] [Cov:=====================>             62%]
[Progress:===================>          65%] [Cov:=====================>             62%]
[Progress:===================>          65%] [Cov:=====================>             62%]
[Progress:===================>          65%] [Cov:=====================>             62%]
[Progress:===================>          65%] [Cov:=====================>             62%]
[Progress:===================>          65%] [Cov:=====================>             62%]
[Progress:===================>          65%] [Cov:=====================>             62%]
[Progress:===================>          65%] [Cov:=====================>             62%]
[Progress:===================>          65%] [Cov:=====================>             62%]
[Progress:===================>          65%] [Cov:=====================>             62%]
[Progress:===================>          65%] [Cov:=====================>             62%]
[Progress:===================>          65%] [Cov:=====================>             62%]
[Progress:===================>          65%] [Cov:=====================>             62%]
[Progress:===================>          65%] [Cov:=====================>             62%]
[Progress:===================>          65%] [Cov:=====================>             62%]
[Progress:===================>          65%] [Cov:=====================>             62%]
[Progress:===================>          65%] [Cov:=====================>             62%]
[Progress:===================>          65%] [Cov:=====================>             62%]
[Progress:===================>          65%] [Cov:=====================>             62%]
[Progress:===================>          65%] [Cov:=====================>             62%]
[Progress:===================>          65%] [Cov:=====================>             62%]
[Progress:===================>          65%] [Cov:=====================>             62%]
[Progress:===================>          65%] [Cov:=====================>             62%]
[Progress:===================>          65%] [Cov:=====================>             62%]
[Progress:===================>          65%] [Cov:=====================>             62%]
[Progress:===================>          66%] [Cov:=====================>             62%]
[Progress:===================>          66%] [Cov:=====================>             62%]
[Progress:===================>          66%] [Cov:=====================>             62%]
[Progress:===================>          66%] [Cov:=====================>             62%]
[Progress:===================>          66%] [Cov:=====================>             62%]
[Progress:===================>          66%] [Cov:=====================>             62%]
[Progress:===================>          66%] [Cov:=====================>             62%]
[Progress:===================>          66%] [Cov:=====================>             62%]
[Progress:===================>          66%] [Cov:=====================>             62%]
[Progress:===================>          66%] [Cov:=====================>             62%]
[Progress:===================>          66%] [Cov:=====================>             62%]
[Progress:===================>          66%] [Cov:=====================>             62%]
[Progress:===================>          66%] [Cov:=====================>             62%]
[Progress:===================>          66%] [Cov:=====================>             62%]
[Progress:===================>          66%] [Cov:=====================>             62%]
[Progress:===================>          66%] [Cov:=====================>             62%]
[Progress:===================>          66%] [Cov:=====================>             62%]
[Progress:===================>          66%] [Cov:=====================>             62%]
[Progress:===================>          66%] [Cov:=====================>             62%]
[Progress:===================>          66%] [Cov:=====================>             62%]
[Progress:===================>          66%] [Cov:=====================>             62%]
[Progress:===================>          66%] [Cov:=====================>             62%]
[Progress:====================>         68%] [Cov:=====================>             62%]
[Progress:====================>         68%] [Cov:=====================>             62%]
[Progress:====================>         68%] [Cov:=====================>             62%]
[Progress:====================>         68%] [Cov:=====================>             62%]
[Progress:====================>         68%] [Cov:=====================>             62%]
[Progress:====================>         68%] [Cov:=====================>             62%]
[Progress:====================>         68%] [Cov:=====================>             62%]
[Progress:====================>         68%] [Cov:=====================>             62%]
[Progress:====================>         68%] [Cov:=====================>             62%]
[Progress:====================>         68%] [Cov:=====================>             62%]
[Progress:====================>         68%] [Cov:=====================>             62%]
[Progress:====================>         68%] [Cov:=====================>             62%]
[Progress:====================>         68%] [Cov:=====================>             62%]
[Progress:====================>         68%] [Cov:=====================>             62%]
[Progress:====================>         68%] [Cov:=====================>             62%]
[Progress:====================>         68%] [Cov:=====================>             62%]
[Progress:====================>         68%] [Cov:=====================>             62%]
[Progress:====================>         68%] [Cov:=====================>             62%]
[Progress:====================>         68%] [Cov:=====================>             62%]
[Progress:====================>         68%] [Cov:=====================>             62%]
[Progress:====================>         68%] [Cov:=====================>             62%]
[Progress:====================>         68%] [Cov:=====================>             62%]
[Progress:====================>         68%] [Cov:=====================>             62%]
[Progress:====================>         68%] [Cov:=====================>             62%]
[Progress:=====================>        70%] [Cov:=====================>             62%]
[Progress:=====================>        70%] [Cov:=====================>             62%]
[Progress:=====================>        70%] [Cov:=====================>             62%]
[Progress:=====================>        70%] [Cov:=====================>             62%]
[Progress:=====================>        70%] [Cov:=====================>             62%]
[Progress:=====================>        70%] [Cov:=====================>             62%]
[Progress:=====================>        70%] [Cov:=====================>             62%]
[Progress:=====================>        70%] [Cov:=====================>             62%]
[Progress:=====================>        70%] [Cov:=====================>             62%]
[Progress:=====================>        70%] [Cov:=====================>             62%]
[Progress:=====================>        70%] [Cov:=====================>             62%]
[Progress:=====================>        70%] [Cov:=====================>             62%]
[Progress:=====================>        70%] [Cov:=====================>             62%]
[Progress:=====================>        70%] [Cov:=====================>             62%]
[Progress:=====================>        70%] [Cov:=====================>             62%]
[Progress:=====================>        70%] [Cov:=====================>             62%]
[Progress:=====================>        70%] [Cov:=====================>             62%]
[Progress:=====================>        70%] [Cov:=====================>             62%]
[Progress:=====================>        70%] [Cov:=====================>             62%]
[Progress:=====================>        70%] [Cov:=====================>             62%]
[Progress:=====================>        70%] [Cov:=====================>             62%]
[Progress:=====================>        70%] [Cov:=====================>             62%]
[Progress:=====================>        70%] [Cov:=====================>             62%]
[Progress:=====================>        71%] [Cov:=====================>             62%]
[Progress:=====================>        71%] [Cov:=====================>             62%]
[Progress:=====================>        71%] [Cov:=====================>             62%]
[Progress:=====================>        71%] [Cov:=====================>             62%]
[Progress:=====================>        71%] [Cov:=====================>             62%]
[Progress:=====================>        71%] [Cov:=====================>             62%]
[Progress:=====================>        71%] [Cov:=====================>             62%]
[Progress:=====================>        71%] [Cov:=====================>             62%]
[Progress:=====================>        71%] [Cov:=====================>             62%]
[Progress:=====================>        71%] [Cov:=====================>             62%]
[Progress:=====================>        71%] [Cov:=====================>             62%]
[Progress:=====================>        71%] [Cov:=====================>             62%]
[Progress:=====================>        71%] [Cov:=====================>             62%]
[Progress:=====================>        71%] [Cov:=====================>             62%]
[Progress:=====================>        71%] [Cov:=====================>             62%]
[Progress:=====================>        71%] [Cov:=====================>             62%]
[Progress:=====================>        71%] [Cov:=====================>             62%]
[Progress:=====================>        71%] [Cov:=====================>             62%]
[Progress:=====================>        71%] [Cov:=====================>             62%]
[Progress:=====================>        71%] [Cov:=====================>             62%]
[Progress:=====================>        71%] [Cov:=====================>             62%]
[Progress:=====================>        71%] [Cov:=====================>             62%]
[Progress:=====================>        71%] [Cov:=====================>             62%]
[Progress:=====================>        71%] [Cov:=====================>             62%]
[Progress:=====================>        73%] [Cov:=====================>             62%]
[Progress:=====================>        73%] [Cov:=====================>             62%]
[Progress:=====================>        73%] [Cov:=====================>             62%]
[Progress:=====================>        73%] [Cov:=====================>             62%]
[Progress:=====================>        73%] [Cov:=====================>             62%]
[Progress:=====================>        73%] [Cov:=====================>             62%]
[Progress:=====================>        73%] [Cov:=====================>             62%]
[Progress:=====================>        73%] [Cov:=====================>             62%]
[Progress:=====================>        73%] [Cov:=====================>             62%]
[Progress:=====================>        73%] [Cov:=====================>             62%]
[Progress:=====================>        73%] [Cov:=====================>             62%]
[Progress:=====================>        73%] [Cov:=====================>             62%]
[Progress:=====================>        73%] [Cov:=====================>             62%]
[Progress:=====================>        73%] [Cov:=====================>             62%]
[Progress:=====================>        73%] [Cov:=====================>             62%]
[Progress:=====================>        73%] [Cov:=====================>             62%]
[Progress:=====================>        73%] [Cov:=====================>             62%]
[Progress:=====================>        73%] [Cov:=====================>             62%]
[Progress:=====================>        73%] [Cov:=====================>             62%]
[Progress:=====================>        73%] [Cov:=====================>             62%]
[Progress:=====================>        73%] [Cov:=====================>             62%]
[Progress:=====================>        73%] [Cov:=====================>             62%]
[Progress:=====================>        73%] [Cov:=====================>             62%]
[Progress:=====================>        73%] [Cov:=====================>             62%]
[Progress:=====================>        73%] [Cov:=====================>             62%]
[Progress:======================>       75%] [Cov:=====================>             62%]
[Progress:======================>       75%] [Cov:=====================>             62%]
[Progress:======================>       75%] [Cov:=====================>             62%]
[Progress:======================>       75%] [Cov:=====================>             62%]
[Progress:======================>       75%] [Cov:=====================>             62%]
[Progress:======================>       75%] [Cov:=====================>             62%]
[Progress:======================>       75%] [Cov:=====================>             62%]
[Progress:======================>       75%] [Cov:=====================>             62%]
[Progress:======================>       75%] [Cov:=====================>             62%]
[Progress:======================>       75%] [Cov:=====================>             62%]
[Progress:======================>       75%] [Cov:=====================>             62%]
[Progress:======================>       75%] [Cov:=====================>             62%]
[Progress:======================>       75%] [Cov:=====================>             62%]
[Progress:======================>       75%] [Cov:=====================>             62%]
[Progress:======================>       75%] [Cov:=====================>             62%]
[Progress:======================>       75%] [Cov:=====================>             62%]
[Progress:======================>       75%] [Cov:=====================>             62%]
[Progress:======================>       75%] [Cov:=====================>             62%]
[Progress:======================>       75%] [Cov:=====================>             62%]
[Progress:======================>       75%] [Cov:=====================>             62%]
[Progress:======================>       75%] [Cov:=====================>             62%]
[Progress:======================>       75%] [Cov:=====================>             62%]
[Progress:======================>       75%] [Cov:=====================>             62%]
[Progress:======================>       75%] [Cov:=====================>             62%]
[Progress:======================>       76%] [Cov:=====================>             62%]
[Progress:======================>       76%] [Cov:=====================>             62%]
[Progress:======================>       76%] [Cov:=====================>             62%]
[Progress:======================>       76%] [Cov:=====================>             62%]
[Progress:======================>       76%] [Cov:=====================>             62%]
[Progress:======================>       76%] [Cov:=====================>             62%]
[Progress:======================>       76%] [Cov:=====================>             62%]
[Progress:======================>       76%] [Cov:=====================>             62%]
[Progress:======================>       76%] [Cov:=====================>             62%]
[Progress:======================>       76%] [Cov:=====================>             62%]
[Progress:======================>       76%] [Cov:=====================>             62%]
[Progress:======================>       76%] [Cov:=====================>             62%]
[Progress:======================>       76%] [Cov:=====================>             62%]
[Progress:======================>       76%] [Cov:=====================>             62%]
[Progress:======================>       76%] [Cov:=====================>             62%]
[Progress:======================>       76%] [Cov:=====================>             62%]
[Progress:======================>       76%] [Cov:=====================>             62%]
[Progress:======================>       76%] [Cov:=====================>             62%]
[Progress:======================>       76%] [Cov:=====================>             62%]
[Progress:======================>       76%] [Cov:=====================>             62%]
[Progress:======================>       76%] [Cov:=====================>             62%]
[Progress:======================>       76%] [Cov:=====================>             62%]
[Progress:======================>       76%] [Cov:=====================>             62%]
[Progress:=======================>      78%] [Cov:=====================>             62%]
[Progress:=======================>      78%] [Cov:=====================>             62%]
[Progress:=======================>      78%] [Cov:=====================>             62%]
[Progress:=======================>      78%] [Cov:=====================>             62%]
[Progress:=======================>      78%] [Cov:=====================>             62%]
[Progress:=======================>      78%] [Cov:=====================>             62%]
[Progress:=======================>      78%] [Cov:=====================>             62%]
[Progress:=======================>      78%] [Cov:=====================>             62%]
[Progress:=======================>      78%] [Cov:=====================>             62%]
[Progress:=======================>      78%] [Cov:=====================>             62%]
[Progress:=======================>      78%] [Cov:=====================>             62%]
[Progress:=======================>      78%] [Cov:=====================>             62%]
[Progress:=======================>      78%] [Cov:=====================>             62%]
[Progress:=======================>      78%] [Cov:=====================>             62%]
[Progress:=======================>      78%] [Cov:=====================>             62%]
[Progress:=======================>      78%] [Cov:=====================>             62%]
[Progress:=======================>      78%] [Cov:=====================>             62%]
[Progress:=======================>      78%] [Cov:=====================>             62%]
[Progress:=======================>      78%] [Cov:=====================>             62%]
[Progress:=======================>      78%] [Cov:=====================>             62%]
[Progress:=======================>      78%] [Cov:=====================>             62%]
[Progress:=======================>      78%] [Cov:=====================>             62%]
[Progress:========================>     80%] [Cov:=====================>             62%]
[Progress:========================>     80%] [Cov:=====================>             62%]
[Progress:========================>     80%] [Cov:=====================>             62%]
[Progress:========================>     80%] [Cov:=====================>             62%]
[Progress:========================>     80%] [Cov:=====================>             62%]
[Progress:========================>     80%] [Cov:=====================>             62%]
[Progress:========================>     80%] [Cov:=====================>             62%]
[Progress:========================>     80%] [Cov:=====================>             62%]
[Progress:========================>     80%] [Cov:=====================>             62%]
[Progress:========================>     80%] [Cov:=====================>             62%]
[Progress:========================>     80%] [Cov:=====================>             62%]
[Progress:========================>     80%] [Cov:=====================>             62%]
[Progress:========================>     80%] [Cov:=====================>             62%]
[Progress:========================>     80%] [Cov:=====================>             62%]
[Progress:========================>     80%] [Cov:=====================>             62%]
[Progress:========================>     80%] [Cov:=====================>             62%]
[Progress:========================>     80%] [Cov:=====================>             62%]
[Progress:========================>     80%] [Cov:=====================>             62%]
[Progress:========================>     80%] [Cov:=====================>             62%]
[Progress:========================>     80%] [Cov:=====================>             62%]
[Progress:========================>     80%] [Cov:=====================>             62%]
[Progress:========================>     80%] [Cov:=====================>             62%]
[Progress:========================>     80%] [Cov:=====================>             62%]
[Progress:========================>     80%] [Cov:=====================>             62%]
[Progress:========================>     81%] [Cov:=====================>             62%]
[Progress:========================>     81%] [Cov:=====================>             62%]
[Progress:========================>     81%] [Cov:=====================>             62%]
[Progress:========================>     81%] [Cov:=====================>             62%]
[Progress:========================>     81%] [Cov:=====================>             62%]
[Progress:========================>     81%] [Cov:=====================>             62%]
[Progress:========================>     81%] [Cov:=====================>             62%]
[Progress:========================>     81%] [Cov:=====================>             62%]
[Progress:========================>     81%] [Cov:=====================>             62%]
[Progress:========================>     81%] [Cov:=====================>             62%]
[Progress:========================>     81%] [Cov:=====================>             62%]
[Progress:========================>     81%] [Cov:=====================>             62%]
[Progress:========================>     81%] [Cov:=====================>             62%]
[Progress:========================>     81%] [Cov:=====================>             62%]
[Progress:========================>     81%] [Cov:=====================>             62%]
[Progress:========================>     81%] [Cov:=====================>             62%]
[Progress:========================>     81%] [Cov:=====================>             62%]
[Progress:========================>     81%] [Cov:=====================>             62%]
[Progress:========================>     81%] [Cov:=====================>             62%]
[Progress:========================>     81%] [Cov:=====================>             62%]
[Progress:========================>     81%] [Cov:=====================>             62%]
[Progress:========================>     81%] [Cov:=====================>             62%]
[Progress:========================>     81%] [Cov:=====================>             62%]
[Progress:========================>     83%] [Cov:=====================>             62%]
[Progress:========================>     83%] [Cov:=====================>             62%]
[Progress:========================>     83%] [Cov:=====================>             62%]
[Progress:========================>     83%] [Cov:=====================>             62%]
[Progress:========================>     83%] [Cov:=====================>             62%]
[Progress:========================>     83%] [Cov:=====================>             62%]
[Progress:========================>     83%] [Cov:=====================>             62%]
[Progress:========================>     83%] [Cov:=====================>             62%]
[Progress:========================>     83%] [Cov:=====================>             62%]
[Progress:========================>     83%] [Cov:=====================>             62%]
[Progress:========================>     83%] [Cov:=====================>             62%]
[Progress:========================>     83%] [Cov:=====================>             62%]
[Progress:========================>     83%] [Cov:=====================>             62%]
[Progress:========================>     83%] [Cov:=====================>             62%]
[Progress:========================>     83%] [Cov:=====================>             62%]
[Progress:========================>     83%] [Cov:=====================>             62%]
[Progress:========================>     83%] [Cov:=====================>             62%]
[Progress:========================>     83%] [Cov:=====================>             62%]
[Progress:========================>     83%] [Cov:=====================>             62%]
[Progress:========================>     83%] [Cov:=====================>             62%]
[Progress:========================>     83%] [Cov:=====================>             62%]
[Progress:========================>     83%] [Cov:=====================>             62%]
[Progress:========================>     83%] [Cov:=====================>             62%]
[Progress:========================>     83%] [Cov:=====================>             62%]
[Progress:=========================>    85%] [Cov:=====================>             62%]
[Progress:=========================>    85%] [Cov:=====================>             62%]
[Progress:=========================>    85%] [Cov:=====================>             62%]
[Progress:=========================>    85%] [Cov:=====================>             62%]
[Progress:=========================>    85%] [Cov:=====================>             62%]
[Progress:=========================>    85%] [Cov:=====================>             62%]
[Progress:=========================>    85%] [Cov:=====================>             62%]
[Progress:=========================>    85%] [Cov:=====================>             62%]
[Progress:=========================>    85%] [Cov:=====================>             62%]
[Progress:=========================>    85%] [Cov:=====================>             62%]
[Progress:=========================>    85%] [Cov:=====================>             62%]
[Progress:=========================>    85%] [Cov:=====================>             62%]
[Progress:=========================>    85%] [Cov:=====================>             62%]
[Progress:=========================>    85%] [Cov:=====================>             62%]
[Progress:=========================>    85%] [Cov:=====================>             62%]
[Progress:=========================>    85%] [Cov:=====================>             62%]
[Progress:=========================>    85%] [Cov:=====================>             62%]
[Progress:=========================>    85%] [Cov:=====================>             62%]
[Progress:=========================>    85%] [Cov:=====================>             62%]
[Progress:=========================>    85%] [Cov:=====================>             62%]
[Progress:=========================>    85%] [Cov:=====================>             62%]
[Progress:=========================>    85%] [Cov:=====================>             62%]
[Progress:=========================>    85%] [Cov:=====================>             62%]
[Progress:=========================>    85%] [Cov:=====================>             62%]
[Progress:=========================>    86%] [Cov:=====================>             62%]
[Progress:=========================>    86%] [Cov:=====================>             62%]
[Progress:=========================>    86%] [Cov:=====================>             62%]
[Progress:=========================>    86%] [Cov:=====================>             62%]
[Progress:=========================>    86%] [Cov:=====================>             62%]
[Progress:=========================>    86%] [Cov:=====================>             62%]
[Progress:=========================>    86%] [Cov:=====================>             62%]
[Progress:=========================>    86%] [Cov:=====================>             62%]
[Progress:=========================>    86%] [Cov:=====================>             62%]
[Progress:=========================>    86%] [Cov:=====================>             62%]
[Progress:=========================>    86%] [Cov:=====================>             62%]
[Progress:=========================>    86%] [Cov:=====================>             62%]
[Progress:=========================>    86%] [Cov:=====================>             62%]
[Progress:=========================>    86%] [Cov:=====================>             62%]
[Progress:=========================>    86%] [Cov:=====================>             62%]
[Progress:=========================>    86%] [Cov:=====================>             62%]
[Progress:=========================>    86%] [Cov:=====================>             62%]
[Progress:=========================>    86%] [Cov:=====================>             62%]
[Progress:=========================>    86%] [Cov:=====================>             62%]
[Progress:=========================>    86%] [Cov:=====================>             62%]
[Progress:=========================>    86%] [Cov:=====================>             62%]
[Progress:=========================>    86%] [Cov:=====================>             62%]
[Progress:=========================>    86%] [Cov:=====================>             62%]
[Progress:=========================>    86%] [Cov:=====================>             62%]
[Progress:==========================>   88%] [Cov:=====================>             62%]
[Progress:==========================>   88%] [Cov:=====================>             62%]
[Progress:==========================>   88%] [Cov:=====================>             62%]
[Progress:==========================>   88%] [Cov:=====================>             62%]
[Progress:==========================>   88%] [Cov:=====================>             62%]
[Progress:==========================>   88%] [Cov:=====================>             62%]
[Progress:==========================>   88%] [Cov:=====================>             62%]
[Progress:==========================>   88%] [Cov:=====================>             62%]
[Progress:==========================>   88%] [Cov:=====================>             62%]
[Progress:==========================>   88%] [Cov:=====================>             62%]
[Progress:==========================>   88%] [Cov:=====================>             62%]
[Progress:==========================>   88%] [Cov:=====================>             62%]
[Progress:==========================>   88%] [Cov:=====================>             62%]
[Progress:==========================>   88%] [Cov:=====================>             62%]
[Progress:==========================>   88%] [Cov:=====================>             62%]
[Progress:==========================>   88%] [Cov:=====================>             62%]
[Progress:==========================>   88%] [Cov:=====================>             62%]
[Progress:==========================>   88%] [Cov:=====================>             62%]
[Progress:==========================>   88%] [Cov:=====================>             62%]
[Progress:==========================>   88%] [Cov:=====================>             62%]
[Progress:==========================>   88%] [Cov:=====================>             62%]
[Progress:==========================>   88%] [Cov:=====================>             62%]
[Progress:==========================>   88%] [Cov:=====================>             62%]
[Progress:==========================>   88%] [Cov:=====================>             62%]
[Progress:==========================>   88%] [Cov:=====================>             62%]
[Progress:===========================>  90%] [Cov:=====================>             62%]
[Progress:===========================>  90%] [Cov:=====================>             62%]
[Progress:===========================>  90%] [Cov:=====================>             62%]
[Progress:===========================>  90%] [Cov:=====================>             62%]
[Progress:===========================>  90%] [Cov:=====================>             62%]
[Progress:===========================>  90%] [Cov:=====================>             62%]
[Progress:===========================>  90%] [Cov:=====================>             62%]
[Progress:===========================>  90%] [Cov:=====================>             62%]
[Progress:===========================>  90%] [Cov:=====================>             62%]
[Progress:===========================>  90%] [Cov:=====================>             62%]
[Progress:===========================>  90%] [Cov:=====================>             62%]
[Progress:===========================>  90%] [Cov:=====================>             62%]
[Progress:===========================>  90%] [Cov:=====================>             62%]
[Progress:===========================>  90%] [Cov:=====================>             62%]
[Progress:===========================>  90%] [Cov:=====================>             62%]
[Progress:===========================>  90%] [Cov:=====================>             62%]
[Progress:===========================>  90%] [Cov:=====================>             62%]
[Progress:===========================>  90%] [Cov:=====================>             62%]
[Progress:===========================>  90%] [Cov:=====================>             62%]
[Progress:===========================>  90%] [Cov:=====================>             62%]
[Progress:===========================>  90%] [Cov:=====================>             62%]
[Progress:===========================>  90%] [Cov:=====================>             62%]
[Progress:===========================>  90%] [Cov:=====================>             62%]
[Progress:===========================>  90%] [Cov:=====================>             62%]
[Progress:===========================>  91%] [Cov:=====================>             62%]
[Progress:===========================>  91%] [Cov:=====================>             62%]
[Progress:===========================>  91%] [Cov:=====================>             62%]
[Progress:===========================>  91%] [Cov:=====================>             62%]
[Progress:===========================>  91%] [Cov:=====================>             62%]
[Progress:===========================>  91%] [Cov:=====================>             62%]
[Progress:===========================>  91%] [Cov:=====================>             62%]
[Progress:===========================>  91%] [Cov:=====================>             62%]
[Progress:===========================>  91%] [Cov:=====================>             62%]
[Progress:===========================>  91%] [Cov:=====================>             62%]
[Progress:===========================>  91%] [Cov:=====================>             62%]
[Progress:===========================>  91%] [Cov:=====================>             62%]
[Progress:===========================>  91%] [Cov:=====================>             62%]
[Progress:===========================>  91%] [Cov:=====================>             62%]
[Progress:===========================>  91%] [Cov:=====================>             62%]
[Progress:===========================>  91%] [Cov:=====================>             62%]
[Progress:===========================>  91%] [Cov:=====================>             62%]
[Progress:===========================>  91%] [Cov:=====================>             62%]
[Progress:===========================>  91%] [Cov:=====================>             62%]
[Progress:===========================>  91%] [Cov:=====================>             62%]
[Progress:===========================>  91%] [Cov:=====================>             62%]
[Progress:===========================>  91%] [Cov:=====================>             62%]
[Progress:===========================>  91%] [Cov:=====================>             62%]
[Progress:===========================>  91%] [Cov:=====================>             62%]
[Progress:===========================>  91%] [Cov:=====================>             62%]
[Progress:===========================>  93%] [Cov:=====================>             62%]
[Progress:===========================>  93%] [Cov:=====================>             62%]
[Progress:===========================>  93%] [Cov:=====================>             62%]
[Progress:===========================>  93%] [Cov:=====================>             62%]
[Progress:===========================>  93%] [Cov:=====================>             62%]
[Progress:===========================>  93%] [Cov:=====================>             62%]
[Progress:===========================>  93%] [Cov:=====================>             62%]
[Progress:===========================>  93%] [Cov:=====================>             62%]
[Progress:===========================>  93%] [Cov:=====================>             62%]
[Progress:===========================>  93%] [Cov:=====================>             62%]
[Progress:===========================>  93%] [Cov:=====================>             62%]
[Progress:===========================>  93%] [Cov:=====================>             62%]
[Progress:===========================>  93%] [Cov:=====================>             62%]
[Progress:===========================>  93%] [Cov:=====================>             62%]
[Progress:===========================>  93%] [Cov:=====================>             62%]
[Progress:===========================>  93%] [Cov:=====================>             62%]
[Progress:===========================>  93%] [Cov:=====================>             62%]
[Progress:===========================>  93%] [Cov:=====================>             62%]
[Progress:===========================>  93%] [Cov:=====================>             62%]
[Progress:===========================>  93%] [Cov:=====================>             62%]
[Progress:===========================>  93%] [Cov:=====================>             62%]
[Progress:===========================>  93%] [Cov:=====================>             62%]
[Progress:===========================>  93%] [Cov:=====================>             62%]
[Progress:===========================>  93%] [Cov:=====================>             62%]
[Progress:===========================>  93%] [Cov:=====================>             62%]
[Progress:============================> 95%] [Cov:=====================>             62%]
[Progress:============================> 95%] [Cov:=====================>             62%]
[Progress:============================> 95%] [Cov:=====================>             62%]
[Progress:============================> 95%] [Cov:=====================>             62%]
[Progress:============================> 95%] [Cov:=====================>             62%]
[Progress:============================> 95%] [Cov:=====================>             62%]
[Progress:============================> 95%] [Cov:=====================>             62%]
[Progress:============================> 95%] [Cov:=====================>             62%]
[Progress:============================> 95%] [Cov:=====================>             62%]
[Progress:============================> 95%] [Cov:=====================>             62%]
[Progress:============================> 95%] [Cov:=====================>             62%]
[Progress:============================> 95%] [Cov:=====================>             62%]
[Progress:============================> 95%] [Cov:=====================>             62%]
[Progress:============================> 95%] [Cov:=====================>             62%]
[Progress:============================> 95%] [Cov:=====================>             62%]
[Progress:============================> 95%] [Cov:=====================>             62%]
[Progress:============================> 95%] [Cov:=====================>             62%]
[Progress:============================> 95%] [Cov:=====================>             62%]
[Progress:============================> 95%] [Cov:=====================>             62%]
[Progress:============================> 95%] [Cov:=====================>             62%]
[Progress:============================> 95%] [Cov:=====================>             62%]
[Progress:============================> 95%] [Cov:=====================>             62%]
[Progress:============================> 95%] [Cov:=====================>             62%]
[Progress:============================> 95%] [Cov:=====================>             62%]
[Progress:============================> 95%] [Cov:=====================>             62%]
[Progress:============================> 96%] [Cov:=====================>             62%]
[Progress:============================> 96%] [Cov:=====================>             62%]
[Progress:============================> 96%] [Cov:=====================>             62%]
[Progress:============================> 96%] [Cov:=====================>             62%]
[Progress:============================> 96%] [Cov:=====================>             62%]
[Progress:============================> 96%] [Cov:=====================>             62%]
[Progress:============================> 96%] [Cov:=====================>             62%]
[Progress:============================> 96%] [Cov:=====================>             62%]
[Progress:============================> 96%] [Cov:=====================>             62%]
[Progress:============================> 96%] [Cov:=====================>             62%]
[Progress:============================> 96%] [Cov:=====================>             62%]
[Progress:============================> 96%] [Cov:=====================>             62%]
[Progress:============================> 96%] [Cov:=====================>             62%]
[Progress:============================> 96%] [Cov:=====================>             62%]
[Progress:============================> 96%] [Cov:=====================>             62%]
[Progress:============================> 96%] [Cov:=====================>             62%]
[Progress:============================> 96%] [Cov:=====================>             62%]
[Progress:============================> 96%] [Cov:=====================>             62%]
[Progress:============================> 96%] [Cov:=====================>             62%]
[Progress:============================> 96%] [Cov:=====================>             62%]
[Progress:============================> 96%] [Cov:=====================>             62%]
[Progress:============================> 96%] [Cov:=====================>             62%]
[Progress:============================> 96%] [Cov:=====================>             62%]
[Progress:============================> 96%] [Cov:=====================>             62%]
[Progress:=============================>98%] [Cov:=====================>             62%]
[Progress:=============================>98%] [Cov:=====================>             62%]
[Progress:=============================>98%] [Cov:=====================>             62%]
[Progress:=============================>98%] [Cov:=====================>             62%]
[Progress:=============================>98%] [Cov:=====================>             62%]
[Progress:=============================>98%] [Cov:=====================>             62%]
[Progress:=============================>98%] [Cov:=====================>             62%]
[Progress:=============================>98%] [Cov:=====================>             62%]
[Progress:=============================>98%] [Cov:=====================>             62%]
[Progress:=============================>98%] [Cov:=====================>             62%]
[Progress:=============================>98%] [Cov:=====================>             62%]
[Progress:=============================>98%] [Cov:=====================>             62%]
[Progress:=============================>98%] [Cov:=====================>             62%]
[Progress:=============================>98%] [Cov:=====================>             62%]
[Progress:=============================>98%] [Cov:=====================>             62%]
[Progress:=============================>98%] [Cov:=====================>             62%]
[Progress:=============================>98%] [Cov:=====================>             62%]
[Progress:=============================>98%] [Cov:=====================>             62%]
[Progress:=============================>98%] [Cov:=====================>             62%]
[Progress:=============================>98%] [Cov:=====================>             62%]
[Progress:=============================>98%] [Cov:=====================>             62%]
[Progress:=============================>98%] [Cov:=====================>             62%]
[Progress:=============================>98%] [Cov:=====================>             62%]
[Progress:=============================>98%] [Cov:=====================>             62%]
[Progress:=============================>98%] [Cov:=====================>             62%]
[Progress:=============================>98%] [Cov:=====================>             62%]
[Progress:==============================100%] [Cov:=====================>             62%]
[Progress:==============================100%] [Cov:=====================>             62%]
[Progress:==============================100%] [Cov:=====================>             62%]
[Progress:==============================100%] [Cov:=====================>             62%]
[Progress:==============================100%] [Cov:=====================>             62%]
[Progress:==============================100%] [Cov:=====================>             62%]
[Progress:==============================100%] [Cov:=====================>             62%]
[Progress:==============================100%] [Cov:=====================>             62%]
[Progress:==============================100%] [Cov:=====================>             62%]
[Progress:==============================100%] [Cov:=====================>             62%]
[Progress:==============================100%] [Cov:=====================>             62%]
[Progress:==============================100%] [Cov:=====================>             62%]
[Progress:==============================100%] [Cov:=====================>             62%]
[Progress:==============================100%] [Cov:=====================>             62%]
[Progress:==============================100%] [Cov:=====================>             62%]
[Progress:==============================100%] [Cov:=====================>             62%]
[Progress:==============================100%] [Cov:=====================>             62%]
[Progress:==============================100%] [Cov:=====================>             62%]
[Progress:==============================100%] [Cov:=====================>             62%]
[Progress:==============================100%] [Cov:=====================>             62%]
[Progress:==============================100%] [Cov:=====================>             62%]
[Progress:==============================100%] [Cov:=====================>             62%]
[Progress:==============================100%] [Cov:=====================>             62%]
[Progress:==============================100%] [Cov:=====================>             62%]
[Progress:==============================100%] [Cov:=====================>             62%]
[Progress:==============================100%] [Cov:=====================>             62%]
[Progress:==============================100%] [Cov:=====================>             62%]
* Search finished after 61s and 1216 generations, 244257 statements, best individual has fitness: 33.46153846153846
* Minimizing test suite
* Going to analyze the coverage criteria
* Coverage analysis for criterion LINE
* Coverage of criterion LINE: 46%
* Total number of goals: 46
* Number of covered goals: 21
* Coverage analysis for criterion BRANCH
* Coverage of criterion BRANCH: 41%
* Total number of goals: 41
* Number of covered goals: 17
* Coverage analysis for criterion EXCEPTION
* Coverage of criterion EXCEPTION: 100%
* Total number of goals: 1
* Number of covered goals: 1
* Generated 2 tests with total length 5
* Resulting test suite's coverage: 62% (average coverage for all fitness functions)
* Generating assertions
* Resulting test suite's mutation score: 48%
* Compiling and checking tests
* Writing tests to file
* Writing JUnit test case 'ReturnsEmptyValues_ESTest' to /work/evo_out/Mockito_18f/budget60_seed1/tests
* Done!

* Computation finished
[MASTER] 14:58:27.443 [logback-2] ERROR ConcreteClassAnalyzer - Problem for org.mockito.internal.stubbing.defaultanswers.ReturnsEmptyValues. Class not found: jdk.Exported
[MASTER] 14:58:27.443 [logback-2] ERROR ConcreteClassAnalyzer - Removing class from inheritance tree
[MASTER] 14:58:27.443 [logback-2] ERROR ConcreteClassAnalyzer - Problem for org.mockito.internal.stubbing.defaultanswers.ReturnsEmptyValues. Class not found: javax.jws.WebParam
[MASTER] 14:58:27.443 [logback-2] ERROR ConcreteClassAnalyzer - Removing class from inheritance tree
[MASTER] 14:58:27.452 [logback-2] ERROR ConcreteClassAnalyzer - Problem for org.mockito.internal.stubbing.defaultanswers.ReturnsEmptyValues. Class not found: javax.jws.WebService
[MASTER] 14:58:27.453 [logback-2] ERROR ConcreteClassAnalyzer - Removing class from inheritance tree
[MASTER] 14:58:27.455 [logback-2] ERROR ConcreteClassAnalyzer - Problem for org.mockito.internal.stubbing.defaultanswers.ReturnsEmptyValues. Class not found: javax.jws.HandlerChain
[MASTER] 14:58:27.456 [logback-2] ERROR ConcreteClassAnalyzer - Removing class from inheritance tree
[MASTER] 14:58:27.457 [logback-2] ERROR ConcreteClassAnalyzer - Problem for org.mockito.internal.stubbing.defaultanswers.ReturnsEmptyValues. Class not found: javax.jws.WebMethod
[MASTER] 14:58:27.457 [logback-2] ERROR ConcreteClassAnalyzer - Removing class from inheritance tree
[MASTER] 14:58:27.458 [logback-2] ERROR ConcreteClassAnalyzer - Problem for org.mockito.internal.stubbing.defaultanswers.ReturnsEmptyValues. Class not found: javax.jws.WebResult
[MASTER] 14:58:27.458 [logback-2] ERROR ConcreteClassAnalyzer - Removing class from inheritance tree
[MASTER] 14:58:27.458 [logback-2] ERROR ConcreteClassAnalyzer - Problem for org.mockito.internal.stubbing.defaultanswers.ReturnsEmptyValues. Class not found: javax.jws.Oneway
[MASTER] 14:58:27.458 [logback-2] ERROR ConcreteClassAnalyzer - Removing class from inheritance tree
[MASTER] 14:58:27.462 [logback-2] ERROR ConcreteClassAnalyzer - Problem for org.mockito.internal.stubbing.defaultanswers.ReturnsEmptyValues. Class not found: javax.jws.soap.InitParam
[MASTER] 14:58:27.462 [logback-2] ERROR ConcreteClassAnalyzer - Removing class from inheritance tree
[MASTER] 14:58:27.464 [logback-2] ERROR ConcreteClassAnalyzer - Problem for org.mockito.internal.stubbing.defaultanswers.ReturnsEmptyValues. Class not found: javax.jws.soap.SOAPBinding
[MASTER] 14:58:27.464 [logback-2] ERROR ConcreteClassAnalyzer - Removing class from inheritance tree
[MASTER] 14:58:27.492 [logback-2] ERROR ConcreteClassAnalyzer - Problem for org.mockito.internal.stubbing.defaultanswers.ReturnsEmptyValues. Class not found: javax.jws.soap.SOAPMessageHandler
[MASTER] 14:58:27.493 [logback-2] ERROR ConcreteClassAnalyzer - Removing class from inheritance tree
[MASTER] 14:58:27.493 [logback-2] ERROR ConcreteClassAnalyzer - Problem for org.mockito.internal.stubbing.defaultanswers.ReturnsEmptyValues. Class not found: javax.jws.soap.SOAPMessageHandlers
[MASTER] 14:58:27.493 [logback-2] ERROR ConcreteClassAnalyzer - Removing class from inheritance tree

[exit=0 timeout=False time=67.4s]

$ javac -nowarn -cp /work/Mockito_18f/build/classes/java/main:/opt/defects4j/framework/projects/lib/junit-4.12-hamcrest-1.3.jar:/work/Mockito_18f/build/classes/java/main:/work/Mockito_18f/build/classes/java/test:/opt/defects4j/framework/projects/Mockito/lib/asm-all-5.0.4.jar:/opt/defects4j/framework/projects/Mockito/lib/assertj-core-2.1.0.jar:/opt/defects4j/framework/projects/Mockito/lib/cglib-and-asm-1.0.jar:/opt/defects4j/framework/projects/Mockito/lib/cobertura-2.0.3.jar:/opt/defects4j/framework/projects/Mockito/lib/fest-assert-1.3.jar:/opt/defects4j/framework/projects/Mockito/lib/fest-util-1.1.4.jar:/opt/defects4j/framework/projects/Mockito/lib/objenesis-2.1.jar:/opt/defects4j/framework/projects/Mockito/lib/objenesis-2.2.jar:/opt/defects4j/framework/projects/Mockito/lib/powermock-reflect-1.2.5.jar:/work/Mockito_18f/compileLib/byte-buddy-0.6.8.jar:/opt/evosuite/evosuite-standalone-runtime-1.2.0.jar -d /work/evo_out/Mockito_18f/budget60_seed1/classes /work/evo_out/Mockito_18f/budget60_seed1/tests/org/mockito/internal/stubbing/defaultanswers/ReturnsEmptyValues_ESTest.java /work/evo_out/Mockito_18f/budget60_seed1/tests/org/mockito/internal/stubbing/defaultanswers/ReturnsEmptyValues_ESTest_scaffolding.java

[exit=0 timeout=False time=0.7s]

$ java -jar /opt/jacoco/lib/jacococli.jar instrument /work/Mockito_18f/build/classes/java/main --dest /work/evo_out/Mockito_18f/budget60_seed1/instrumented
[INFO] 393 classes instrumented to /work/evo_out/Mockito_18f/budget60_seed1/instrumented.

[exit=0 timeout=False time=0.4s]

$ java -Djacoco-agent.destfile=/workspace/EvoSuite/Result_Round1/Mockito_18/budget60_seed1/jacoco.exec -cp /work/evo_out/Mockito_18f/budget60_seed1/instrumented:/work/evo_out/Mockito_18f/budget60_seed1/classes:/opt/defects4j/framework/projects/lib/junit-4.12-hamcrest-1.3.jar:/work/Mockito_18f/build/classes/java/main:/work/Mockito_18f/build/classes/java/test:/opt/defects4j/framework/projects/Mockito/lib/asm-all-5.0.4.jar:/opt/defects4j/framework/projects/Mockito/lib/assertj-core-2.1.0.jar:/opt/defects4j/framework/projects/Mockito/lib/cglib-and-asm-1.0.jar:/opt/defects4j/framework/projects/Mockito/lib/cobertura-2.0.3.jar:/opt/defects4j/framework/projects/Mockito/lib/fest-assert-1.3.jar:/opt/defects4j/framework/projects/Mockito/lib/fest-util-1.1.4.jar:/opt/defects4j/framework/projects/Mockito/lib/objenesis-2.1.jar:/opt/defects4j/framework/projects/Mockito/lib/objenesis-2.2.jar:/opt/defects4j/framework/projects/Mockito/lib/powermock-reflect-1.2.5.jar:/work/Mockito_18f/compileLib/byte-buddy-0.6.8.jar:/opt/evosuite/evosuite-standalone-runtime-1.2.0.jar:/opt/jacoco/lib/jacocoagent.jar org.junit.runner.JUnitCore org.mockito.internal.stubbing.defaultanswers.ReturnsEmptyValues_ESTest
JUnit version 4.12
..
Time: 1.352

OK (2 tests)

SLF4J: Failed to load class "org.slf4j.impl.StaticLoggerBinder".
SLF4J: Defaulting to no-operation (NOP) logger implementation
SLF4J: See http://www.slf4j.org/codes.html#StaticLoggerBinder for further details.
WARNING: An illegal reflective access operation has occurred
WARNING: Illegal reflective access by org.evosuite.runtime.GuiSupport (file:/opt/evosuite/evosuite-standalone-runtime-1.2.0.jar) to field java.awt.GraphicsEnvironment.headless
WARNING: Please consider reporting this to the maintainers of org.evosuite.runtime.GuiSupport
WARNING: Use --illegal-access=warn to enable warnings of further illegal reflective access operations
WARNING: All illegal access operations will be denied in a future release

[exit=0 timeout=False time=1.8s]

$ java -jar /opt/jacoco/lib/jacococli.jar report /workspace/EvoSuite/Result_Round1/Mockito_18/budget60_seed1/jacoco.exec --classfiles /work/Mockito_18f/build/classes/java/main --csv /workspace/EvoSuite/Result_Round1/Mockito_18/budget60_seed1/jacoco.csv
[INFO] Loading execution data file /workspace/EvoSuite/Result_Round1/Mockito_18/budget60_seed1/jacoco.exec.
[INFO] Analyzing 311 classes.

[exit=0 timeout=False time=0.4s]

$ java -cp /work/evo_out/Mockito_18f/budget60_seed1/classes:/opt/defects4j/framework/projects/lib/junit-4.12-hamcrest-1.3.jar:/work/Mockito_18b/build/classes/java/main:/work/Mockito_18b/build/classes/java/test:/opt/defects4j/framework/projects/Mockito/lib/asm-all-5.0.4.jar:/opt/defects4j/framework/projects/Mockito/lib/assertj-core-2.1.0.jar:/opt/defects4j/framework/projects/Mockito/lib/cglib-and-asm-1.0.jar:/opt/defects4j/framework/projects/Mockito/lib/cobertura-2.0.3.jar:/opt/defects4j/framework/projects/Mockito/lib/fest-assert-1.3.jar:/opt/defects4j/framework/projects/Mockito/lib/fest-util-1.1.4.jar:/opt/defects4j/framework/projects/Mockito/lib/objenesis-2.1.jar:/opt/defects4j/framework/projects/Mockito/lib/objenesis-2.2.jar:/opt/defects4j/framework/projects/Mockito/lib/powermock-reflect-1.2.5.jar:/work/Mockito_18b/compileLib/byte-buddy-0.6.8.jar:/opt/evosuite/evosuite-standalone-runtime-1.2.0.jar org.junit.runner.JUnitCore org.mockito.internal.stubbing.defaultanswers.ReturnsEmptyValues_ESTest
JUnit version 4.12
..
Time: 1.25

OK (2 tests)

SLF4J: Failed to load class "org.slf4j.impl.StaticLoggerBinder".
SLF4J: Defaulting to no-operation (NOP) logger implementation
SLF4J: See http://www.slf4j.org/codes.html#StaticLoggerBinder for further details.
WARNING: An illegal reflective access operation has occurred
WARNING: Illegal reflective access by org.evosuite.runtime.GuiSupport (file:/opt/evosuite/evosuite-standalone-runtime-1.2.0.jar) to field java.awt.GraphicsEnvironment.headless
WARNING: Please consider reporting this to the maintainers of org.evosuite.runtime.GuiSupport
WARNING: Use --illegal-access=warn to enable warnings of further illegal reflective access operations
WARNING: All illegal access operations will be denied in a future release

[exit=0 timeout=False time=1.5s]
