
$ defects4j compile -w /work/Mockito_13f
Running ant (compile)...................................................... OK
Running ant (compile.tests)................................................ OK

[exit=0 timeout=False time=8.8s]

$ defects4j compile -w /work/Mockito_13b
Running ant (compile)...................................................... OK
Running ant (compile.tests)................................................ OK

[exit=0 timeout=False time=8.9s]

$ java -Djava.awt.headless=true -cp /opt/defects4j/framework/projects/lib/junit-4.12-hamcrest-1.3.jar:/opt/evosuite/evosuite-1.2.0.jar:/work/Mockito_13f/target/classes:/opt/defects4j/framework/projects/Mockito/lib/asm-all-5.0.4.jar:/opt/defects4j/framework/projects/Mockito/lib/assertj-core-2.1.0.jar:/opt/defects4j/framework/projects/Mockito/lib/cglib-and-asm-1.0.jar:/opt/defects4j/framework/projects/Mockito/lib/cobertura-2.0.3.jar:/opt/defects4j/framework/projects/Mockito/lib/fest-assert-1.3.jar:/opt/defects4j/framework/projects/Mockito/lib/fest-util-1.1.4.jar:/opt/defects4j/framework/projects/Mockito/lib/hamcrest-all-1.3.jar:/opt/defects4j/framework/projects/Mockito/lib/hamcrest-core-1.1.jar:/opt/defects4j/framework/projects/Mockito/lib/objenesis-2.1.jar:/opt/defects4j/framework/projects/Mockito/lib/objenesis-2.2.jar:/opt/defects4j/framework/projects/Mockito/lib/powermock-reflect-1.2.5.jar:/work/Mockito_13f/target/test-classes org.evosuite.EvoSuite -generateSuite -class org.mockito.internal.MockHandler -projectCP /opt/defects4j/framework/projects/lib/junit-4.12-hamcrest-1.3.jar:/work/Mockito_13f/target/classes:/opt/defects4j/framework/projects/Mockito/lib/asm-all-5.0.4.jar:/opt/defects4j/framework/projects/Mockito/lib/assertj-core-2.1.0.jar:/opt/defects4j/framework/projects/Mockito/lib/cglib-and-asm-1.0.jar:/opt/defects4j/framework/projects/Mockito/lib/cobertura-2.0.3.jar:/opt/defects4j/framework/projects/Mockito/lib/fest-assert-1.3.jar:/opt/defects4j/framework/projects/Mockito/lib/fest-util-1.1.4.jar:/opt/defects4j/framework/projects/Mockito/lib/hamcrest-all-1.3.jar:/opt/defects4j/framework/projects/Mockito/lib/hamcrest-core-1.1.jar:/opt/defects4j/framework/projects/Mockito/lib/objenesis-2.1.jar:/opt/defects4j/framework/projects/Mockito/lib/objenesis-2.2.jar:/opt/defects4j/framework/projects/Mockito/lib/powermock-reflect-1.2.5.jar:/work/Mockito_13f/target/test-classes -Dcriterion=LINE:BRANCH:EXCEPTION -Dsearch_budget=120 -seed 1 -Dtest_dir=/work/evo_out/Mockito_13f/budget120_seed1/tests -Dreport_dir=/work/evo_out/Mockito_13f/budget120_seed1/report
* EvoSuite 1.2.0
* Going to generate test cases for class: org.mockito.internal.MockHandler
* Starting Client-0
* Connecting to master process on port 9922
* Analyzing classpath: 
  - /opt/defects4j/framework/projects/lib/junit-4.12-hamcrest-1.3.jar
  - /work/Mockito_13f/target/classes
  - /opt/defects4j/framework/projects/Mockito/lib/asm-all-5.0.4.jar
  - /opt/defects4j/framework/projects/Mockito/lib/assertj-core-2.1.0.jar
  - /opt/defects4j/framework/projects/Mockito/lib/cglib-and-asm-1.0.jar
  - /opt/defects4j/framework/projects/Mockito/lib/cobertura-2.0.3.jar
  - /opt/defects4j/framework/projects/Mockito/lib/fest-assert-1.3.jar
  - /opt/defects4j/framework/projects/Mockito/lib/fest-util-1.1.4.jar
  - /opt/defects4j/framework/projects/Mockito/lib/hamcrest-all-1.3.jar
  - /opt/defects4j/framework/projects/Mockito/lib/hamcrest-core-1.1.jar
  - /opt/defects4j/framework/projects/Mockito/lib/objenesis-2.1.jar
  - /opt/defects4j/framework/projects/Mockito/lib/objenesis-2.2.jar
  - /opt/defects4j/framework/projects/Mockito/lib/powermock-reflect-1.2.5.jar
  - /work/Mockito_13f/target/test-classes
[MASTER] 14:27:32.656 [logback-1] WARN  InheritanceTree - Class not in inheritance graph: java.util.Locale$IsoCountryCode
[MASTER] 14:27:32.836 [logback-1] WARN  InheritanceTree - Class not in inheritance graph: java.lang.module.ModuleFinder
* Finished analyzing classpath
* Generating tests for class org.mockito.internal.MockHandler
* Test criteria:
  - Line Coverage
  - Branch Coverage
  - Exception
* Setting up search algorithm for whole suite generation
* Total number of test goals: 
  - Line 41
  - Branch 15

[Progress:>                             0%] [Cov:>                                  0%]  - Exception 0
* Using seed 1
* Starting evolution

[Progress:>                             0%] [Cov:===>                               11%]
[Progress:>                             0%] [Cov:=======>                           20%]
[Progress:>                             0%] [Cov:==================>                53%]
[Progress:>                             0%] [Cov:====================>              59%]
[Progress:>                             0%] [Cov:==========================>        77%]
[Progress:>                             1%] [Cov:===============>                   44%]
[Progress:>                             1%] [Cov:==========================>        77%]
[Progress:>                             1%] [Cov:============================>      81%]
[Progress:>                             1%] [Cov:==========================>        77%]
[Progress:>                             1%] [Cov:============================>      81%][MASTER] 14:27:35.967 [logback-1] WARN  TestChromosome - Functional mock problem: org.evosuite.ga.ConstructionFailedException: Failed to add constructor for org.mockito.internal.invocation.Invocation due to org.evosuite.ga.ConstructionFailedException: Failed to add constructor for org.mockito.internal.invocation.SerializableMethod due to org.evosuite.ga.ConstructionFailedException: Have no generator for class org.mockito.internal.invocation.Invocation canUseFunctionalMocks=false, canBeMocked: true

[Progress:>                             2%] [Cov:======================>            65%]
[Progress:>                             2%] [Cov:==========================>        77%]
[Progress:>                             2%] [Cov:============================>      81%][MASTER] 14:27:36.106 [logback-1] WARN  TestChromosome - Functional mock problem: org.evosuite.ga.ConstructionFailedException: Have no generator for class org.mockito.internal.invocation.Invocation canUseFunctionalMocks=false, canBeMocked: true
[MASTER] 14:27:36.310 [logback-1] WARN  TestChromosome - Functional mock problem: org.evosuite.ga.ConstructionFailedException: Failed to add constructor for org.mockito.internal.invocation.InvocationMatcher due to org.evosuite.ga.ConstructionFailedException: Failed to add constructor for org.mockito.internal.invocation.Invocation due to org.evosuite.ga.ConstructionFailedException: Failed to add constructor for org.mockito.internal.invocation.SerializableMethod due to org.evosuite.ga.ConstructionFailedException: Have no generator for class org.mockito.internal.invocation.Invocation canUseFunctionalMocks=false, canBeMocked: true

[Progress:>                             2%] [Cov:============================>      81%][MASTER] 14:27:36.510 [logback-1] WARN  TestChromosome - Functional mock problem: org.evosuite.ga.ConstructionFailedException: Failed to add constructor for org.mockito.internal.invocation.Invocation due to org.evosuite.ga.ConstructionFailedException: Failed to add constructor for org.mockito.internal.invocation.SerializableMethod due to org.evosuite.ga.ConstructionFailedException: Failed to add constructor for org.mockito.internal.stubbing.StubbedInvocationMatcher due to org.evosuite.ga.ConstructionFailedException: Failed to add constructor for org.mockito.internal.invocation.InvocationMatcher due to org.evosuite.ga.ConstructionFailedException: Max recursion depth reached
[MASTER] 14:27:36.526 [logback-1] WARN  TestChromosome - Functional mock problem: org.evosuite.ga.ConstructionFailedException: Failed to add constructor for org.mockito.internal.invocation.Invocation due to org.evosuite.ga.ConstructionFailedException: Failed to add constructor for org.mockito.internal.invocation.realmethod.FilteredCGLIBProxyRealMethod due to org.evosuite.ga.ConstructionFailedException: Failed to add constructor for org.mockito.internal.creation.DelegatingMockitoMethodProxy due to org.evosuite.ga.ConstructionFailedException: Failed to add constructor for org.mockito.cglib.core.Signature due to org.evosuite.ga.ConstructionFailedException: Max recursion depth reached

[Progress:>                             2%] [Cov:============================>      81%]
[Progress:>                             2%] [Cov:============================>      81%]
[Progress:>                             2%] [Cov:============================>      81%][MASTER] 14:27:36.981 [logback-1] WARN  TestChromosome - Functional mock problem: org.evosuite.ga.ConstructionFailedException: Failed to add constructor for org.mockito.internal.invocation.Invocation due to org.evosuite.ga.ConstructionFailedException: Failed to add constructor for org.mockito.internal.invocation.SerializableMethod due to org.evosuite.ga.ConstructionFailedException: Failed to add constructor for org.mockito.internal.stubbing.StubbedInvocationMatcher due to org.evosuite.ga.ConstructionFailedException: Failed to add constructor for org.mockito.stubbing.answers.ReturnsElementsOf due to org.evosuite.ga.ConstructionFailedException: Max recursion depth reached

[Progress:>                             3%] [Cov:============================>      81%]
[Progress:>                             3%] [Cov:============================>      81%][MASTER] 14:27:37.163 [logback-1] WARN  TestChromosome - Functional mock problem: org.evosuite.ga.ConstructionFailedException: Have no generator for class java.lang.reflect.Method canUseFunctionalMocks=true, canBeMocked: false

[Progress:>                             3%] [Cov:============================>      81%][MASTER] 14:27:37.460 [logback-1] WARN  TestChromosome - Functional mock problem: org.evosuite.ga.ConstructionFailedException: Failed to add constructor for org.mockito.internal.stubbing.StubbedInvocationMatcher due to org.evosuite.ga.ConstructionFailedException: Failed to add constructor for org.mockito.internal.invocation.Invocation due to org.evosuite.ga.ConstructionFailedException: Failed to add constructor for org.mockito.internal.invocation.SerializableMethod due to org.evosuite.ga.ConstructionFailedException: Have no generator for class org.mockito.internal.invocation.Invocation canUseFunctionalMocks=false, canBeMocked: true

[Progress:>                             3%] [Cov:============================>      81%]
[Progress:>                             3%] [Cov:============================>      81%]
[Progress:>                             3%] [Cov:============================>      81%]
[Progress:>                             3%] [Cov:============================>      81%]
[Progress:=>                            4%] [Cov:============================>      81%]
[Progress:=>                            4%] [Cov:============================>      81%]
[Progress:=>                            4%] [Cov:============================>      81%]
[Progress:=>                            4%] [Cov:============================>      81%]
[Progress:=>                            4%] [Cov:============================>      81%]
[Progress:=>                            4%] [Cov:============================>      81%]
[Progress:=>                            4%] [Cov:============================>      81%]
[Progress:=>                            4%] [Cov:============================>      81%]
[Progress:=>                            4%] [Cov:============================>      81%]
[Progress:=>                            4%] [Cov:============================>      81%]
[Progress:=>                            5%] [Cov:============================>      81%]
[Progress:=>                            5%] [Cov:============================>      81%]
[Progress:=>                            5%] [Cov:============================>      81%]
[Progress:=>                            5%] [Cov:============================>      81%]
[Progress:=>                            5%] [Cov:============================>      81%]
[Progress:=>                            5%] [Cov:============================>      81%]
[Progress:=>                            5%] [Cov:============================>      81%]
[Progress:=>                            5%] [Cov:============================>      81%]
[Progress:=>                            5%] [Cov:============================>      81%]
[Progress:=>                            5%] [Cov:============================>      81%]
[Progress:=>                            5%] [Cov:============================>      81%]
[Progress:=>                            5%] [Cov:============================>      81%]
[Progress:=>                            5%] [Cov:============================>      81%]
[Progress:=>                            5%] [Cov:============================>      81%]
[Progress:=>                            5%] [Cov:============================>      81%]
[Progress:=>                            5%] [Cov:============================>      81%]
[Progress:=>                            5%] [Cov:============================>      81%]
[Progress:=>                            5%] [Cov:============================>      81%]
[Progress:=>                            5%] [Cov:============================>      81%]
[Progress:=>                            5%] [Cov:============================>      81%]
[Progress:=>                            5%] [Cov:============================>      81%]
[Progress:=>                            5%] [Cov:============================>      81%]
[Progress:=>                            5%] [Cov:============================>      81%]
[Progress:=>                            5%] [Cov:============================>      81%]
[Progress:=>                            5%] [Cov:============================>      81%]
[Progress:=>                            6%] [Cov:============================>      81%]
[Progress:=>                            6%] [Cov:============================>      81%]
[Progress:=>                            6%] [Cov:============================>      81%]
[Progress:=>                            6%] [Cov:============================>      81%]
[Progress:=>                            6%] [Cov:============================>      81%]
[Progress:=>                            6%] [Cov:============================>      81%]
[Progress:=>                            6%] [Cov:============================>      81%]
[Progress:=>                            6%] [Cov:============================>      81%]
[Progress:=>                            6%] [Cov:============================>      81%]
[Progress:=>                            6%] [Cov:============================>      81%]
[Progress:=>                            6%] [Cov:============================>      81%]
[Progress:=>                            6%] [Cov:============================>      81%]
[Progress:=>                            6%] [Cov:============================>      81%]
[Progress:=>                            6%] [Cov:============================>      81%]
[Progress:=>                            6%] [Cov:============================>      81%]
[Progress:==>                           7%] [Cov:============================>      81%]
[Progress:==>                           7%] [Cov:============================>      81%]
[Progress:==>                           7%] [Cov:============================>      81%]
[Progress:==>                           7%] [Cov:============================>      81%]
[Progress:==>                           7%] [Cov:============================>      81%]
[Progress:==>                           7%] [Cov:============================>      81%]
[Progress:==>                           7%] [Cov:============================>      81%]
[Progress:==>                           7%] [Cov:============================>      81%]
[Progress:==>                           7%] [Cov:============================>      81%]
[Progress:==>                           7%] [Cov:============================>      81%]
[Progress:==>                           7%] [Cov:============================>      81%]
[Progress:==>                           7%] [Cov:============================>      81%]
[Progress:==>                           7%] [Cov:============================>      81%]
[Progress:==>                           7%] [Cov:============================>      81%]
[Progress:==>                           7%] [Cov:============================>      81%]
[Progress:==>                           8%] [Cov:============================>      81%]
[Progress:==>                           8%] [Cov:============================>      81%]
[Progress:==>                           8%] [Cov:============================>      81%]
[Progress:==>                           8%] [Cov:============================>      81%]
[Progress:==>                           8%] [Cov:============================>      81%]
[Progress:==>                           8%] [Cov:============================>      81%]
[Progress:==>                           8%] [Cov:============================>      81%]
[Progress:==>                           8%] [Cov:============================>      81%]
[Progress:==>                           8%] [Cov:============================>      81%]
[Progress:==>                           8%] [Cov:============================>      81%]
[Progress:==>                           8%] [Cov:============================>      81%]
[Progress:==>                           8%] [Cov:============================>      81%]
[Progress:==>                           8%] [Cov:============================>      81%]
[Progress:==>                           9%] [Cov:============================>      81%]
[Progress:==>                           9%] [Cov:============================>      81%]
[Progress:==>                           9%] [Cov:============================>      81%]
[Progress:==>                           9%] [Cov:============================>      81%]
[Progress:==>                           9%] [Cov:============================>      81%]
[Progress:==>                           9%] [Cov:============================>      81%]
[Progress:==>                           9%] [Cov:============================>      81%]
[Progress:==>                           9%] [Cov:============================>      81%]
[Progress:==>                           9%] [Cov:============================>      81%]
[Progress:==>                           9%] [Cov:============================>      81%]
[Progress:==>                           9%] [Cov:============================>      81%]
[Progress:==>                           9%] [Cov:============================>      81%]
[Progress:==>                           9%] [Cov:============================>      81%]
[Progress:===>                          10%] [Cov:============================>      81%]
[Progress:===>                          10%] [Cov:============================>      81%]
[Progress:===>                          10%] [Cov:============================>      81%]
[Progress:===>                          10%] [Cov:============================>      81%]
[Progress:===>                          10%] [Cov:============================>      81%]
[Progress:===>                          10%] [Cov:============================>      81%]
[Progress:===>                          10%] [Cov:============================>      81%]
[Progress:===>                          10%] [Cov:============================>      81%]
[Progress:===>                          10%] [Cov:============================>      81%]
[Progress:===>                          10%] [Cov:============================>      81%]
[Progress:===>                          10%] [Cov:============================>      81%]
[Progress:===>                          10%] [Cov:============================>      81%]
[Progress:===>                          10%] [Cov:============================>      81%]
[Progress:===>                          10%] [Cov:============================>      81%]
[Progress:===>                          10%] [Cov:============================>      81%]
[Progress:===>                          10%] [Cov:============================>      81%]
[Progress:===>                          10%] [Cov:============================>      81%]
[Progress:===>                          10%] [Cov:============================>      81%]
[Progress:===>                          10%] [Cov:============================>      81%]
[Progress:===>                          10%] [Cov:============================>      81%]
[Progress:===>                          10%] [Cov:============================>      81%]
[Progress:===>                          10%] [Cov:============================>      81%]
[Progress:===>                          10%] [Cov:============================>      81%]
[Progress:===>                          10%] [Cov:============================>      81%]
[Progress:===>                          10%] [Cov:============================>      81%]
[Progress:===>                          10%] [Cov:============================>      81%]
[Progress:===>                          10%] [Cov:============================>      81%]
[Progress:===>                          10%] [Cov:============================>      81%]
[Progress:===>                          10%] [Cov:============================>      81%]
[Progress:===>                          11%] [Cov:============================>      81%]
[Progress:===>                          11%] [Cov:============================>      81%]
[Progress:===>                          11%] [Cov:============================>      81%]
[Progress:===>                          11%] [Cov:============================>      81%]
[Progress:===>                          11%] [Cov:============================>      81%]
[Progress:===>                          11%] [Cov:============================>      81%]
[Progress:===>                          11%] [Cov:============================>      81%]
[Progress:===>                          11%] [Cov:============================>      81%]
[Progress:===>                          11%] [Cov:============================>      81%]
[Progress:===>                          11%] [Cov:============================>      81%]
[Progress:===>                          11%] [Cov:============================>      81%]
[Progress:===>                          11%] [Cov:============================>      81%]
[Progress:===>                          11%] [Cov:============================>      81%]
[Progress:===>                          11%] [Cov:============================>      81%]
[Progress:===>                          12%] [Cov:============================>      81%]
[Progress:===>                          12%] [Cov:============================>      81%]
[Progress:===>                          12%] [Cov:============================>      81%]
[Progress:===>                          12%] [Cov:============================>      81%]
[Progress:===>                          12%] [Cov:============================>      81%]
[Progress:===>                          12%] [Cov:============================>      81%]
[Progress:===>                          12%] [Cov:============================>      81%]
[Progress:===>                          12%] [Cov:============================>      81%]
[Progress:===>                          12%] [Cov:============================>      81%]
[Progress:===>                          12%] [Cov:============================>      81%]
[Progress:===>                          12%] [Cov:============================>      81%]
[Progress:===>                          12%] [Cov:============================>      81%]
[Progress:===>                          12%] [Cov:============================>      81%]
[Progress:===>                          12%] [Cov:============================>      81%]
[Progress:===>                          12%] [Cov:============================>      81%]
[Progress:===>                          12%] [Cov:============================>      81%]
[Progress:===>                          13%] [Cov:============================>      81%]
[Progress:===>                          13%] [Cov:============================>      81%]
[Progress:===>                          13%] [Cov:============================>      81%]
[Progress:===>                          13%] [Cov:============================>      81%]
[Progress:===>                          13%] [Cov:============================>      81%]
[Progress:===>                          13%] [Cov:============================>      81%]
[Progress:===>                          13%] [Cov:============================>      81%]
[Progress:===>                          13%] [Cov:============================>      81%]
[Progress:===>                          13%] [Cov:============================>      81%]
[Progress:===>                          13%] [Cov:============================>      81%]
[Progress:===>                          13%] [Cov:============================>      81%]
[Progress:===>                          13%] [Cov:============================>      81%]
[Progress:===>                          13%] [Cov:============================>      81%]
[Progress:===>                          13%] [Cov:============================>      81%]
[Progress:===>                          13%] [Cov:============================>      81%]
[Progress:===>                          13%] [Cov:============================>      81%]
[Progress:===>                          13%] [Cov:============================>      81%]
[Progress:====>                         14%] [Cov:============================>      81%]
[Progress:====>                         14%] [Cov:============================>      81%]
[Progress:====>                         14%] [Cov:============================>      81%]
[Progress:====>                         14%] [Cov:============================>      81%]
[Progress:====>                         14%] [Cov:============================>      81%]
[Progress:====>                         14%] [Cov:============================>      81%]
[Progress:====>                         14%] [Cov:============================>      81%]
[Progress:====>                         14%] [Cov:============================>      81%]
[Progress:====>                         14%] [Cov:============================>      81%][MASTER] 14:27:50.614 [logback-1] WARN  TestChromosome - Functional mock problem: org.evosuite.ga.ConstructionFailedException: Failed to add constructor for org.mockito.internal.stubbing.StubbedInvocationMatcher due to org.evosuite.ga.ConstructionFailedException: Failed to add constructor for org.mockito.internal.invocation.InvocationMatcher due to org.evosuite.ga.ConstructionFailedException: Failed to add constructor for org.mockito.internal.invocation.Invocation due to org.evosuite.ga.ConstructionFailedException: Failed to add constructor for org.mockito.internal.invocation.SerializableMethod due to org.evosuite.ga.ConstructionFailedException: Have no generator for class org.mockito.internal.invocation.Invocation canUseFunctionalMocks=false, canBeMocked: true

[Progress:====>                         14%] [Cov:============================>      81%]
[Progress:====>                         14%] [Cov:============================>      81%]
[Progress:====>                         14%] [Cov:============================>      81%]
[Progress:====>                         14%] [Cov:============================>      81%]
[Progress:====>                         14%] [Cov:============================>      81%]
[Progress:====>                         14%] [Cov:============================>      81%]
[Progress:====>                         14%] [Cov:============================>      81%]
[Progress:====>                         15%] [Cov:============================>      81%]
[Progress:====>                         15%] [Cov:============================>      81%]
[Progress:====>                         15%] [Cov:============================>      81%]
[Progress:====>                         15%] [Cov:============================>      81%]
[Progress:====>                         15%] [Cov:============================>      81%]
[Progress:====>                         15%] [Cov:============================>      81%]
[Progress:====>                         15%] [Cov:============================>      81%]
[Progress:====>                         15%] [Cov:============================>      81%]
[Progress:====>                         15%] [Cov:============================>      81%]
[Progress:====>                         15%] [Cov:============================>      81%]
[Progress:====>                         15%] [Cov:============================>      81%]
[Progress:====>                         15%] [Cov:============================>      81%]
[Progress:====>                         15%] [Cov:============================>      81%]
[Progress:====>                         15%] [Cov:============================>      81%]
[Progress:====>                         15%] [Cov:============================>      81%]
[Progress:====>                         15%] [Cov:============================>      81%]
[Progress:====>                         15%] [Cov:============================>      81%]
[Progress:====>                         15%] [Cov:============================>      81%]
[Progress:====>                         15%] [Cov:============================>      81%]
[Progress:====>                         15%] [Cov:============================>      81%]
[Progress:====>                         15%] [Cov:============================>      81%]
[Progress:====>                         15%] [Cov:============================>      81%]
[Progress:====>                         15%] [Cov:============================>      81%]
[Progress:====>                         15%] [Cov:============================>      81%]
[Progress:====>                         15%] [Cov:============================>      81%]
[Progress:====>                         15%] [Cov:============================>      81%]
[Progress:====>                         15%] [Cov:============================>      81%]
[Progress:====>                         15%] [Cov:============================>      81%]
[Progress:====>                         15%] [Cov:============================>      81%]
[Progress:====>                         15%] [Cov:============================>      81%]
[Progress:====>                         16%] [Cov:============================>      81%]
[Progress:====>                         16%] [Cov:============================>      81%]
[Progress:====>                         16%] [Cov:============================>      81%]
[Progress:====>                         16%] [Cov:============================>      81%]
[Progress:====>                         16%] [Cov:============================>      81%]
[Progress:====>                         16%] [Cov:============================>      81%]
[Progress:====>                         16%] [Cov:============================>      81%]
[Progress:====>                         16%] [Cov:============================>      81%]
[Progress:====>                         16%] [Cov:============================>      81%]
[Progress:====>                         16%] [Cov:============================>      81%]
[Progress:====>                         16%] [Cov:============================>      81%]
[Progress:====>                         16%] [Cov:============================>      81%]
[Progress:====>                         16%] [Cov:============================>      81%]
[Progress:====>                         16%] [Cov:============================>      81%]
[Progress:====>                         16%] [Cov:============================>      81%]
[Progress:====>                         16%] [Cov:============================>      81%]
[Progress:=====>                        17%] [Cov:============================>      81%]
[Progress:=====>                        17%] [Cov:============================>      81%]
[Progress:=====>                        17%] [Cov:============================>      81%]
[Progress:=====>                        17%] [Cov:============================>      81%]
[Progress:=====>                        17%] [Cov:============================>      81%]
[Progress:=====>                        17%] [Cov:============================>      81%]
[Progress:=====>                        17%] [Cov:============================>      81%]
[Progress:=====>                        17%] [Cov:============================>      81%]
[Progress:=====>                        17%] [Cov:============================>      81%]
[Progress:=====>                        17%] [Cov:============================>      81%]
[Progress:=====>                        17%] [Cov:============================>      81%]
[Progress:=====>                        17%] [Cov:============================>      81%]
[Progress:=====>                        17%] [Cov:============================>      81%]
[Progress:=====>                        17%] [Cov:============================>      81%]
[Progress:=====>                        17%] [Cov:============================>      81%]
[Progress:=====>                        17%] [Cov:============================>      81%]
[Progress:=====>                        17%] [Cov:============================>      81%]
[Progress:=====>                        17%] [Cov:============================>      81%]
[Progress:=====>                        18%] [Cov:============================>      81%]
[Progress:=====>                        18%] [Cov:============================>      81%]
[Progress:=====>                        18%] [Cov:============================>      81%]
[Progress:=====>                        18%] [Cov:============================>      81%]
[Progress:=====>                        18%] [Cov:============================>      81%]
[Progress:=====>                        18%] [Cov:============================>      81%]
[Progress:=====>                        18%] [Cov:============================>      81%]
[Progress:=====>                        18%] [Cov:============================>      81%]
[Progress:=====>                        18%] [Cov:============================>      81%]
[Progress:=====>                        18%] [Cov:============================>      81%]
[Progress:=====>                        18%] [Cov:============================>      81%]
[Progress:=====>                        18%] [Cov:============================>      81%]
[Progress:=====>                        18%] [Cov:============================>      81%]
[Progress:=====>                        18%] [Cov:============================>      81%]
[Progress:=====>                        18%] [Cov:============================>      81%]
[Progress:=====>                        18%] [Cov:============================>      81%]
[Progress:=====>                        18%] [Cov:============================>      81%]
[Progress:=====>                        18%] [Cov:============================>      81%]
[Progress:=====>                        18%] [Cov:============================>      81%]
[Progress:=====>                        18%] [Cov:============================>      81%]
[Progress:=====>                        19%] [Cov:============================>      81%]
[Progress:=====>                        19%] [Cov:============================>      81%]
[Progress:=====>                        19%] [Cov:============================>      82%]
[Progress:=====>                        19%] [Cov:============================>      82%]
[Progress:=====>                        19%] [Cov:============================>      82%]
[Progress:=====>                        19%] [Cov:============================>      82%]
[Progress:=====>                        19%] [Cov:============================>      82%]
[Progress:=====>                        19%] [Cov:============================>      82%]
[Progress:=====>                        19%] [Cov:============================>      82%]
[Progress:=====>                        19%] [Cov:============================>      82%]
[Progress:=====>                        19%] [Cov:============================>      82%]
[Progress:=====>                        19%] [Cov:============================>      82%]
[Progress:=====>                        19%] [Cov:============================>      82%]
[Progress:=====>                        19%] [Cov:============================>      82%]
[Progress:=====>                        19%] [Cov:============================>      82%]
[Progress:=====>                        19%] [Cov:============================>      82%]
[Progress:=====>                        19%] [Cov:============================>      82%]
[Progress:=====>                        19%] [Cov:============================>      82%]
[Progress:=====>                        19%] [Cov:============================>      82%]
[Progress:======>                       20%] [Cov:============================>      82%]
[Progress:======>                       20%] [Cov:============================>      82%]
[Progress:======>                       20%] [Cov:============================>      82%]
[Progress:======>                       20%] [Cov:============================>      82%]
[Progress:======>                       20%] [Cov:============================>      82%]
[Progress:======>                       20%] [Cov:============================>      82%]
[Progress:======>                       20%] [Cov:============================>      82%]
[Progress:======>                       20%] [Cov:============================>      82%]
[Progress:======>                       20%] [Cov:============================>      82%]
[Progress:======>                       20%] [Cov:============================>      82%]
[Progress:======>                       20%] [Cov:============================>      82%]
[Progress:======>                       20%] [Cov:============================>      82%]
[Progress:======>                       20%] [Cov:============================>      82%]
[Progress:======>                       20%] [Cov:============================>      82%]
[Progress:======>                       20%] [Cov:============================>      82%]
[Progress:======>                       20%] [Cov:============================>      82%]
[Progress:======>                       20%] [Cov:============================>      82%]
[Progress:======>                       20%] [Cov:============================>      82%]
[Progress:======>                       20%] [Cov:============================>      82%]
[Progress:======>                       20%] [Cov:============================>      82%]
[Progress:======>                       20%] [Cov:============================>      82%]
[Progress:======>                       20%] [Cov:============================>      82%]
[Progress:======>                       20%] [Cov:============================>      82%]
[Progress:======>                       20%] [Cov:============================>      82%]
[Progress:======>                       20%] [Cov:============================>      82%]
[Progress:======>                       20%] [Cov:============================>      82%]
[Progress:======>                       20%] [Cov:============================>      82%]
[Progress:======>                       20%] [Cov:============================>      82%]
[Progress:======>                       20%] [Cov:============================>      82%]
[Progress:======>                       20%] [Cov:============================>      82%]
[Progress:======>                       20%] [Cov:============================>      82%]
[Progress:======>                       20%] [Cov:============================>      82%]
[Progress:======>                       20%] [Cov:============================>      82%]
[Progress:======>                       20%] [Cov:============================>      82%]
[Progress:======>                       20%] [Cov:============================>      82%]
[Progress:======>                       21%] [Cov:============================>      82%]
[Progress:======>                       21%] [Cov:============================>      82%]
[Progress:======>                       21%] [Cov:============================>      82%]
[Progress:======>                       21%] [Cov:============================>      82%]
[Progress:======>                       21%] [Cov:============================>      82%]
[Progress:======>                       21%] [Cov:============================>      82%]
[Progress:======>                       21%] [Cov:============================>      82%]
[Progress:======>                       21%] [Cov:============================>      82%]
[Progress:======>                       21%] [Cov:============================>      82%]
[Progress:======>                       21%] [Cov:============================>      82%]
[Progress:======>                       21%] [Cov:============================>      82%]
[Progress:======>                       21%] [Cov:============================>      82%]
[Progress:======>                       21%] [Cov:============================>      82%]
[Progress:======>                       21%] [Cov:============================>      82%]
[Progress:======>                       21%] [Cov:============================>      82%]
[Progress:======>                       21%] [Cov:============================>      82%]
[Progress:======>                       21%] [Cov:============================>      82%]
[Progress:======>                       21%] [Cov:============================>      82%]
[Progress:======>                       22%] [Cov:============================>      82%]
[Progress:======>                       22%] [Cov:============================>      82%]
[Progress:======>                       22%] [Cov:============================>      82%]
[Progress:======>                       22%] [Cov:============================>      82%]
[Progress:======>                       22%] [Cov:============================>      82%]
[Progress:======>                       22%] [Cov:============================>      82%]
[Progress:======>                       22%] [Cov:============================>      82%]
[Progress:======>                       22%] [Cov:============================>      82%]
[Progress:======>                       22%] [Cov:============================>      82%]
[Progress:======>                       22%] [Cov:============================>      82%]
[Progress:======>                       22%] [Cov:============================>      82%]
[Progress:======>                       22%] [Cov:============================>      82%]
[Progress:======>                       22%] [Cov:============================>      82%]
[Progress:======>                       22%] [Cov:============================>      82%]
[Progress:======>                       22%] [Cov:============================>      82%]
[Progress:======>                       23%] [Cov:============================>      82%]
[Progress:======>                       23%] [Cov:============================>      82%]
[Progress:======>                       23%] [Cov:============================>      82%]
[Progress:======>                       23%] [Cov:============================>      82%]
[Progress:======>                       23%] [Cov:============================>      82%]
[Progress:======>                       23%] [Cov:============================>      82%]
[Progress:======>                       23%] [Cov:============================>      82%]
[Progress:======>                       23%] [Cov:============================>      82%]
[Progress:======>                       23%] [Cov:============================>      82%]
[Progress:======>                       23%] [Cov:============================>      82%]
[Progress:======>                       23%] [Cov:============================>      82%]
[Progress:======>                       23%] [Cov:============================>      82%]
[Progress:======>                       23%] [Cov:============================>      82%]
[Progress:======>                       23%] [Cov:============================>      82%]
[Progress:======>                       23%] [Cov:============================>      82%]
[Progress:======>                       23%] [Cov:============================>      82%]
[Progress:======>                       23%] [Cov:============================>      82%]
[Progress:======>                       23%] [Cov:============================>      82%]
[Progress:=======>                      24%] [Cov:============================>      82%]
[Progress:=======>                      24%] [Cov:============================>      82%]
[Progress:=======>                      24%] [Cov:============================>      82%]
[Progress:=======>                      24%] [Cov:============================>      82%]
[Progress:=======>                      24%] [Cov:============================>      82%]
[Progress:=======>                      24%] [Cov:============================>      82%]
[Progress:=======>                      24%] [Cov:============================>      82%]
[Progress:=======>                      24%] [Cov:============================>      82%]
[Progress:=======>                      24%] [Cov:============================>      82%]
[Progress:=======>                      24%] [Cov:============================>      82%]
[Progress:=======>                      24%] [Cov:============================>      82%]
[Progress:=======>                      24%] [Cov:============================>      82%]
[Progress:=======>                      24%] [Cov:============================>      82%]
[Progress:=======>                      24%] [Cov:============================>      82%]
[Progress:=======>                      24%] [Cov:============================>      82%]
[Progress:=======>                      24%] [Cov:============================>      82%]
[Progress:=======>                      24%] [Cov:============================>      82%]
[Progress:=======>                      25%] [Cov:============================>      82%]
[Progress:=======>                      25%] [Cov:============================>      82%]
[Progress:=======>                      25%] [Cov:============================>      82%]
[Progress:=======>                      25%] [Cov:============================>      82%]
[Progress:=======>                      25%] [Cov:============================>      82%]
[Progress:=======>                      25%] [Cov:============================>      82%]
[Progress:=======>                      25%] [Cov:============================>      82%]
[Progress:=======>                      25%] [Cov:============================>      82%]
[Progress:=======>                      25%] [Cov:============================>      82%]
[Progress:=======>                      25%] [Cov:============================>      82%]
[Progress:=======>                      25%] [Cov:============================>      82%]
[Progress:=======>                      25%] [Cov:============================>      82%]
[Progress:=======>                      25%] [Cov:============================>      82%]
[Progress:=======>                      25%] [Cov:============================>      82%]
[Progress:=======>                      25%] [Cov:============================>      82%]
[Progress:=======>                      25%] [Cov:============================>      82%]
[Progress:=======>                      25%] [Cov:============================>      82%]
[Progress:=======>                      25%] [Cov:============================>      82%]
[Progress:=======>                      25%] [Cov:============================>      82%]
[Progress:=======>                      25%] [Cov:============================>      82%]
[Progress:=======>                      25%] [Cov:============================>      82%]
[Progress:=======>                      25%] [Cov:============================>      82%]
[Progress:=======>                      25%] [Cov:============================>      82%]
[Progress:=======>                      25%] [Cov:============================>      82%]
[Progress:=======>                      25%] [Cov:============================>      82%]
[Progress:=======>                      25%] [Cov:============================>      82%]
[Progress:=======>                      25%] [Cov:============================>      82%]
[Progress:=======>                      25%] [Cov:============================>      82%]
[Progress:=======>                      25%] [Cov:============================>      82%]
[Progress:=======>                      25%] [Cov:============================>      82%]
[Progress:=======>                      25%] [Cov:============================>      82%]
[Progress:=======>                      25%] [Cov:============================>      82%]
[Progress:=======>                      25%] [Cov:============================>      82%]
[Progress:=======>                      25%] [Cov:============================>      82%]
[Progress:=======>                      25%] [Cov:============================>      82%]
[Progress:=======>                      25%] [Cov:============================>      82%]
[Progress:=======>                      25%] [Cov:============================>      82%]
[Progress:=======>                      26%] [Cov:============================>      82%]
[Progress:=======>                      26%] [Cov:============================>      82%]
[Progress:=======>                      26%] [Cov:============================>      82%]
[Progress:=======>                      26%] [Cov:============================>      82%]
[Progress:=======>                      26%] [Cov:============================>      82%]
[Progress:=======>                      26%] [Cov:============================>      82%]
[Progress:=======>                      26%] [Cov:============================>      82%]
[Progress:=======>                      26%] [Cov:============================>      82%]
[Progress:=======>                      26%] [Cov:============================>      82%]
[Progress:=======>                      26%] [Cov:============================>      82%]
[Progress:=======>                      26%] [Cov:============================>      82%]
[Progress:=======>                      26%] [Cov:============================>      82%]
[Progress:=======>                      26%] [Cov:============================>      82%]
[Progress:=======>                      26%] [Cov:============================>      82%]
[Progress:=======>                      26%] [Cov:============================>      82%]
[Progress:=======>                      26%] [Cov:============================>      82%]
[Progress:=======>                      26%] [Cov:============================>      82%]
[Progress:========>                     27%] [Cov:============================>      82%]
[Progress:========>                     27%] [Cov:============================>      82%]
[Progress:========>                     27%] [Cov:============================>      82%]
[Progress:========>                     27%] [Cov:============================>      82%]
[Progress:========>                     27%] [Cov:============================>      82%]
[Progress:========>                     27%] [Cov:============================>      82%]
[Progress:========>                     27%] [Cov:============================>      82%]
[Progress:========>                     27%] [Cov:============================>      82%]
[Progress:========>                     27%] [Cov:============================>      82%]
[Progress:========>                     27%] [Cov:============================>      82%]
[Progress:========>                     27%] [Cov:============================>      82%]
[Progress:========>                     27%] [Cov:============================>      82%]
[Progress:========>                     27%] [Cov:============================>      82%]
[Progress:========>                     27%] [Cov:============================>      82%]
[Progress:========>                     27%] [Cov:============================>      82%]
[Progress:========>                     27%] [Cov:============================>      82%]
[Progress:========>                     27%] [Cov:============================>      82%]
[Progress:========>                     28%] [Cov:============================>      82%]
[Progress:========>                     28%] [Cov:============================>      82%]
[Progress:========>                     28%] [Cov:============================>      82%]
[Progress:========>                     28%] [Cov:============================>      82%]
[Progress:========>                     28%] [Cov:============================>      82%]
[Progress:========>                     28%] [Cov:============================>      82%]
[Progress:========>                     28%] [Cov:============================>      82%]
[Progress:========>                     28%] [Cov:============================>      82%]
[Progress:========>                     28%] [Cov:============================>      82%]
[Progress:========>                     28%] [Cov:============================>      82%]
[Progress:========>                     28%] [Cov:============================>      82%]
[Progress:========>                     28%] [Cov:============================>      82%]
[Progress:========>                     28%] [Cov:============================>      82%]
[Progress:========>                     28%] [Cov:============================>      82%]
[Progress:========>                     28%] [Cov:============================>      82%]
[Progress:========>                     28%] [Cov:============================>      82%]
[Progress:========>                     28%] [Cov:============================>      82%]
[Progress:========>                     28%] [Cov:============================>      82%]
[Progress:========>                     28%] [Cov:============================>      82%]
[Progress:========>                     28%] [Cov:============================>      82%]
[Progress:========>                     29%] [Cov:============================>      82%]
[Progress:========>                     29%] [Cov:============================>      82%]
[Progress:========>                     29%] [Cov:============================>      82%]
[Progress:========>                     29%] [Cov:============================>      82%]
[Progress:========>                     29%] [Cov:============================>      82%]
[Progress:========>                     29%] [Cov:============================>      82%]
[Progress:========>                     29%] [Cov:============================>      82%]
[Progress:========>                     29%] [Cov:============================>      82%]
[Progress:========>                     29%] [Cov:============================>      82%]
[Progress:========>                     29%] [Cov:============================>      82%]
[Progress:========>                     29%] [Cov:============================>      82%]
[Progress:========>                     29%] [Cov:============================>      82%]
[Progress:========>                     29%] [Cov:============================>      82%]
[Progress:========>                     29%] [Cov:============================>      82%]
[Progress:========>                     29%] [Cov:============================>      82%]
[Progress:========>                     29%] [Cov:============================>      82%]
[Progress:========>                     29%] [Cov:============================>      82%]
[Progress:========>                     29%] [Cov:============================>      82%]
[Progress:=========>                    30%] [Cov:============================>      82%]
[Progress:=========>                    30%] [Cov:============================>      82%]
[Progress:=========>                    30%] [Cov:============================>      82%]
[Progress:=========>                    30%] [Cov:============================>      82%]
[Progress:=========>                    30%] [Cov:============================>      82%]
[Progress:=========>                    30%] [Cov:============================>      82%]
[Progress:=========>                    30%] [Cov:============================>      82%]
[Progress:=========>                    30%] [Cov:============================>      82%]
[Progress:=========>                    30%] [Cov:============================>      82%]
[Progress:=========>                    30%] [Cov:============================>      82%]
[Progress:=========>                    30%] [Cov:============================>      82%]
[Progress:=========>                    30%] [Cov:============================>      82%]
[Progress:=========>                    30%] [Cov:============================>      82%]
[Progress:=========>                    30%] [Cov:============================>      82%]
[Progress:=========>                    30%] [Cov:============================>      82%]
[Progress:=========>                    30%] [Cov:============================>      82%]
[Progress:=========>                    30%] [Cov:============================>      82%]
[Progress:=========>                    30%] [Cov:============================>      82%]
[Progress:=========>                    30%] [Cov:============================>      82%]
[Progress:=========>                    30%] [Cov:============================>      82%]
[Progress:=========>                    30%] [Cov:============================>      82%]
[Progress:=========>                    30%] [Cov:============================>      82%]
[Progress:=========>                    30%] [Cov:============================>      82%]
[Progress:=========>                    30%] [Cov:============================>      82%]
[Progress:=========>                    30%] [Cov:============================>      82%]
[Progress:=========>                    30%] [Cov:============================>      82%]
[Progress:=========>                    30%] [Cov:============================>      82%]
[Progress:=========>                    30%] [Cov:============================>      82%]
[Progress:=========>                    30%] [Cov:============================>      82%]
[Progress:=========>                    30%] [Cov:============================>      82%]
[Progress:=========>                    30%] [Cov:============================>      82%]
[Progress:=========>                    30%] [Cov:============================>      82%]
[Progress:=========>                    30%] [Cov:============================>      82%]
[Progress:=========>                    30%] [Cov:============================>      82%]
[Progress:=========>                    30%] [Cov:============================>      82%]
[Progress:=========>                    30%] [Cov:============================>      82%]
[Progress:=========>                    31%] [Cov:============================>      82%]
[Progress:=========>                    31%] [Cov:============================>      82%]
[Progress:=========>                    31%] [Cov:============================>      82%]
[Progress:=========>                    31%] [Cov:============================>      82%]
[Progress:=========>                    31%] [Cov:============================>      82%]
[Progress:=========>                    31%] [Cov:============================>      82%]
[Progress:=========>                    31%] [Cov:============================>      82%]
[Progress:=========>                    31%] [Cov:============================>      82%]
[Progress:=========>                    31%] [Cov:============================>      82%]
[Progress:=========>                    31%] [Cov:============================>      82%]
[Progress:=========>                    31%] [Cov:============================>      82%]
[Progress:=========>                    31%] [Cov:============================>      82%]
[Progress:=========>                    31%] [Cov:============================>      82%]
[Progress:=========>                    31%] [Cov:============================>      82%]
[Progress:=========>                    31%] [Cov:============================>      82%]
[Progress:=========>                    31%] [Cov:============================>      82%]
[Progress:=========>                    31%] [Cov:============================>      82%]
[Progress:=========>                    31%] [Cov:============================>      82%]
[Progress:=========>                    31%] [Cov:============================>      82%]
[Progress:=========>                    32%] [Cov:============================>      82%]
[Progress:=========>                    32%] [Cov:============================>      82%]
[Progress:=========>                    32%] [Cov:============================>      82%]
[Progress:=========>                    32%] [Cov:============================>      82%]
[Progress:=========>                    32%] [Cov:============================>      82%]
[Progress:=========>                    32%] [Cov:============================>      82%]
[Progress:=========>                    32%] [Cov:============================>      82%]
[Progress:=========>                    32%] [Cov:============================>      82%]
[Progress:=========>                    32%] [Cov:============================>      82%]
[Progress:=========>                    32%] [Cov:============================>      82%]
[Progress:=========>                    32%] [Cov:============================>      82%]
[Progress:=========>                    32%] [Cov:============================>      82%]
[Progress:=========>                    32%] [Cov:============================>      82%]
[Progress:=========>                    32%] [Cov:============================>      82%]
[Progress:=========>                    32%] [Cov:============================>      82%]
[Progress:=========>                    32%] [Cov:============================>      82%]
[Progress:=========>                    32%] [Cov:============================>      82%]
[Progress:=========>                    32%] [Cov:============================>      82%]
[Progress:=========>                    32%] [Cov:============================>      82%]
[Progress:=========>                    32%] [Cov:============================>      82%]
[Progress:=========>                    33%] [Cov:============================>      82%]
[Progress:=========>                    33%] [Cov:============================>      82%]
[Progress:=========>                    33%] [Cov:============================>      82%]
[Progress:=========>                    33%] [Cov:============================>      82%]
[Progress:=========>                    33%] [Cov:============================>      82%]
[Progress:=========>                    33%] [Cov:============================>      82%]
[Progress:=========>                    33%] [Cov:============================>      82%]
[Progress:=========>                    33%] [Cov:============================>      82%]
[Progress:=========>                    33%] [Cov:============================>      82%]
[Progress:=========>                    33%] [Cov:============================>      82%]
[Progress:=========>                    33%] [Cov:============================>      82%]
[Progress:=========>                    33%] [Cov:============================>      82%]
[Progress:=========>                    33%] [Cov:============================>      82%]
[Progress:=========>                    33%] [Cov:============================>      82%]
[Progress:=========>                    33%] [Cov:============================>      82%]
[Progress:=========>                    33%] [Cov:============================>      82%]
[Progress:=========>                    33%] [Cov:============================>      82%]
[Progress:=========>                    33%] [Cov:============================>      82%]
[Progress:=========>                    33%] [Cov:============================>      82%]
[Progress:==========>                   34%] [Cov:============================>      82%]
[Progress:==========>                   34%] [Cov:============================>      82%]
[Progress:==========>                   34%] [Cov:============================>      82%]
[Progress:==========>                   34%] [Cov:============================>      82%]
[Progress:==========>                   34%] [Cov:============================>      82%]
[Progress:==========>                   34%] [Cov:============================>      82%]
[Progress:==========>                   34%] [Cov:============================>      82%]
[Progress:==========>                   34%] [Cov:============================>      82%]
[Progress:==========>                   34%] [Cov:============================>      82%]
[Progress:==========>                   34%] [Cov:============================>      82%]
[Progress:==========>                   34%] [Cov:============================>      82%]
[Progress:==========>                   34%] [Cov:============================>      82%]
[Progress:==========>                   34%] [Cov:============================>      82%]
[Progress:==========>                   34%] [Cov:============================>      82%]
[Progress:==========>                   34%] [Cov:============================>      82%]
[Progress:==========>                   34%] [Cov:============================>      82%]
[Progress:==========>                   34%] [Cov:============================>      82%]
[Progress:==========>                   34%] [Cov:============================>      82%]
[Progress:==========>                   34%] [Cov:============================>      82%]
[Progress:==========>                   35%] [Cov:============================>      82%]
[Progress:==========>                   35%] [Cov:============================>      82%]
[Progress:==========>                   35%] [Cov:============================>      82%]
[Progress:==========>                   35%] [Cov:============================>      82%]
[Progress:==========>                   35%] [Cov:============================>      82%]
[Progress:==========>                   35%] [Cov:============================>      82%]
[Progress:==========>                   35%] [Cov:============================>      82%]
[Progress:==========>                   35%] [Cov:============================>      82%]
[Progress:==========>                   35%] [Cov:============================>      82%]
[Progress:==========>                   35%] [Cov:============================>      82%]
[Progress:==========>                   35%] [Cov:============================>      82%]
[Progress:==========>                   35%] [Cov:============================>      82%]
[Progress:==========>                   35%] [Cov:============================>      82%]
[Progress:==========>                   35%] [Cov:============================>      82%]
[Progress:==========>                   35%] [Cov:============================>      82%]
[Progress:==========>                   35%] [Cov:============================>      82%]
[Progress:==========>                   35%] [Cov:============================>      82%]
[Progress:==========>                   35%] [Cov:============================>      82%]
[Progress:==========>                   35%] [Cov:============================>      82%]
[Progress:==========>                   35%] [Cov:============================>      82%]
[Progress:==========>                   35%] [Cov:============================>      82%]
[Progress:==========>                   35%] [Cov:============================>      82%]
[Progress:==========>                   35%] [Cov:============================>      82%]
[Progress:==========>                   35%] [Cov:============================>      82%]
[Progress:==========>                   35%] [Cov:============================>      82%]
[Progress:==========>                   35%] [Cov:============================>      82%]
[Progress:==========>                   35%] [Cov:============================>      82%]
[Progress:==========>                   35%] [Cov:============================>      82%]
[Progress:==========>                   35%] [Cov:============================>      82%]
[Progress:==========>                   35%] [Cov:============================>      82%]
[Progress:==========>                   35%] [Cov:============================>      82%]
[Progress:==========>                   35%] [Cov:============================>      82%]
[Progress:==========>                   35%] [Cov:============================>      82%]
[Progress:==========>                   35%] [Cov:============================>      82%]
[Progress:==========>                   35%] [Cov:============================>      82%]
[Progress:==========>                   35%] [Cov:============================>      82%]
[Progress:==========>                   35%] [Cov:============================>      82%]
[Progress:==========>                   36%] [Cov:============================>      82%]
[Progress:==========>                   36%] [Cov:============================>      82%]
[Progress:==========>                   36%] [Cov:============================>      82%]
[Progress:==========>                   36%] [Cov:============================>      82%]
[Progress:==========>                   36%] [Cov:============================>      82%]
[Progress:==========>                   36%] [Cov:============================>      82%]
[Progress:==========>                   36%] [Cov:============================>      82%]
[Progress:==========>                   36%] [Cov:============================>      82%]
[Progress:==========>                   36%] [Cov:============================>      82%]
[Progress:==========>                   36%] [Cov:============================>      82%]
[Progress:==========>                   36%] [Cov:============================>      82%]
[Progress:==========>                   36%] [Cov:============================>      82%]
[Progress:==========>                   36%] [Cov:============================>      82%]
[Progress:==========>                   36%] [Cov:============================>      82%]
[Progress:==========>                   36%] [Cov:============================>      82%]
[Progress:==========>                   36%] [Cov:============================>      82%]
[Progress:==========>                   36%] [Cov:============================>      82%]
[Progress:===========>                  37%] [Cov:============================>      82%]
[Progress:===========>                  37%] [Cov:============================>      82%]
[Progress:===========>                  37%] [Cov:============================>      82%]
[Progress:===========>                  37%] [Cov:============================>      82%]
[Progress:===========>                  37%] [Cov:============================>      82%]
[Progress:===========>                  37%] [Cov:============================>      82%]
[Progress:===========>                  37%] [Cov:============================>      82%]
[Progress:===========>                  37%] [Cov:============================>      82%]
[Progress:===========>                  37%] [Cov:============================>      82%]
[Progress:===========>                  37%] [Cov:============================>      82%]
[Progress:===========>                  37%] [Cov:============================>      82%]
[Progress:===========>                  37%] [Cov:============================>      82%]
[Progress:===========>                  37%] [Cov:============================>      82%]
[Progress:===========>                  37%] [Cov:============================>      82%]
[Progress:===========>                  37%] [Cov:============================>      82%]
[Progress:===========>                  37%] [Cov:============================>      82%]
[Progress:===========>                  37%] [Cov:============================>      82%]
[Progress:===========>                  37%] [Cov:============================>      82%]
[Progress:===========>                  38%] [Cov:============================>      82%]
[Progress:===========>                  38%] [Cov:============================>      82%]
[Progress:===========>                  38%] [Cov:============================>      82%]
[Progress:===========>                  38%] [Cov:============================>      82%]
[Progress:===========>                  38%] [Cov:============================>      82%]
[Progress:===========>                  38%] [Cov:============================>      82%]
[Progress:===========>                  38%] [Cov:============================>      82%]
[Progress:===========>                  38%] [Cov:============================>      82%]
[Progress:===========>                  38%] [Cov:============================>      82%]
[Progress:===========>                  38%] [Cov:============================>      82%]
[Progress:===========>                  38%] [Cov:============================>      82%]
[Progress:===========>                  38%] [Cov:============================>      82%]
[Progress:===========>                  38%] [Cov:============================>      82%]
[Progress:===========>                  38%] [Cov:============================>      82%]
[Progress:===========>                  38%] [Cov:============================>      82%]
[Progress:===========>                  38%] [Cov:============================>      82%]
[Progress:===========>                  38%] [Cov:============================>      82%]
[Progress:===========>                  38%] [Cov:============================>      82%]
[Progress:===========>                  38%] [Cov:============================>      82%]
[Progress:===========>                  39%] [Cov:============================>      82%]
[Progress:===========>                  39%] [Cov:============================>      82%]
[Progress:===========>                  39%] [Cov:============================>      82%]
[Progress:===========>                  39%] [Cov:============================>      82%]
[Progress:===========>                  39%] [Cov:============================>      82%]
[Progress:===========>                  39%] [Cov:============================>      82%]
[Progress:===========>                  39%] [Cov:============================>      82%]
[Progress:===========>                  39%] [Cov:============================>      82%]
[Progress:===========>                  39%] [Cov:============================>      82%]
[Progress:===========>                  39%] [Cov:============================>      82%]
[Progress:===========>                  39%] [Cov:============================>      82%]
[Progress:===========>                  39%] [Cov:============================>      82%]
[Progress:===========>                  39%] [Cov:============================>      82%]
[Progress:===========>                  39%] [Cov:============================>      82%]
[Progress:===========>                  39%] [Cov:============================>      82%]
[Progress:===========>                  39%] [Cov:============================>      82%]
[Progress:===========>                  39%] [Cov:============================>      82%]
[Progress:============>                 40%] [Cov:============================>      82%]
[Progress:============>                 40%] [Cov:============================>      82%]
[Progress:============>                 40%] [Cov:============================>      82%]
[Progress:============>                 40%] [Cov:============================>      82%]
[Progress:============>                 40%] [Cov:============================>      82%]
[Progress:============>                 40%] [Cov:============================>      82%]
[Progress:============>                 40%] [Cov:============================>      82%]
[Progress:============>                 40%] [Cov:============================>      82%]
[Progress:============>                 40%] [Cov:============================>      82%]
[Progress:============>                 40%] [Cov:============================>      82%]
[Progress:============>                 40%] [Cov:============================>      82%]
[Progress:============>                 40%] [Cov:============================>      82%]
[Progress:============>                 40%] [Cov:============================>      82%]
[Progress:============>                 40%] [Cov:============================>      82%]
[Progress:============>                 40%] [Cov:============================>      82%]
[Progress:============>                 40%] [Cov:============================>      82%]
[Progress:============>                 40%] [Cov:============================>      82%]
[Progress:============>                 40%] [Cov:============================>      82%]
[Progress:============>                 40%] [Cov:============================>      82%]
[Progress:============>                 40%] [Cov:============================>      82%]
[Progress:============>                 40%] [Cov:============================>      82%]
[Progress:============>                 40%] [Cov:============================>      82%]
[Progress:============>                 40%] [Cov:============================>      82%]
[Progress:============>                 40%] [Cov:============================>      82%]
[Progress:============>                 40%] [Cov:============================>      82%]
[Progress:============>                 40%] [Cov:============================>      82%]
[Progress:============>                 40%] [Cov:============================>      82%]
[Progress:============>                 40%] [Cov:============================>      82%]
[Progress:============>                 40%] [Cov:============================>      82%]
[Progress:============>                 40%] [Cov:============================>      82%]
[Progress:============>                 40%] [Cov:============================>      82%]
[Progress:============>                 40%] [Cov:============================>      82%]
[Progress:============>                 40%] [Cov:============================>      82%]
[Progress:============>                 41%] [Cov:============================>      82%]
[Progress:============>                 41%] [Cov:============================>      82%]
[Progress:============>                 41%] [Cov:============================>      82%]
[Progress:============>                 41%] [Cov:============================>      82%]
[Progress:============>                 41%] [Cov:============================>      82%]
[Progress:============>                 41%] [Cov:============================>      82%]
[Progress:============>                 41%] [Cov:============================>      82%]
[Progress:============>                 41%] [Cov:============================>      82%]
[Progress:============>                 41%] [Cov:============================>      82%]
[Progress:============>                 41%] [Cov:============================>      82%]
[Progress:============>                 41%] [Cov:============================>      82%]
[Progress:============>                 41%] [Cov:============================>      82%]
[Progress:============>                 41%] [Cov:============================>      82%]
[Progress:============>                 41%] [Cov:============================>      82%]
[Progress:============>                 41%] [Cov:============================>      82%]
[Progress:============>                 41%] [Cov:============================>      82%]
[Progress:============>                 41%] [Cov:============================>      82%]
[Progress:============>                 41%] [Cov:============================>      82%]
[Progress:============>                 41%] [Cov:============================>      82%]
[Progress:============>                 42%] [Cov:============================>      82%]
[Progress:============>                 42%] [Cov:============================>      82%]
[Progress:============>                 42%] [Cov:============================>      82%]
[Progress:============>                 42%] [Cov:============================>      82%]
[Progress:============>                 42%] [Cov:============================>      82%]
[Progress:============>                 42%] [Cov:============================>      82%]
[Progress:============>                 42%] [Cov:============================>      82%]
[Progress:============>                 42%] [Cov:============================>      82%]
[Progress:============>                 42%] [Cov:============================>      82%]
[Progress:============>                 42%] [Cov:============================>      82%]
[Progress:============>                 42%] [Cov:============================>      82%]
[Progress:============>                 42%] [Cov:============================>      82%]
[Progress:============>                 42%] [Cov:============================>      82%]
[Progress:============>                 42%] [Cov:============================>      82%]
[Progress:============>                 42%] [Cov:============================>      82%]
[Progress:============>                 42%] [Cov:============================>      82%]
[Progress:============>                 42%] [Cov:============================>      82%]
[Progress:============>                 42%] [Cov:============================>      82%]
[Progress:============>                 42%] [Cov:============================>      82%]
[Progress:============>                 43%] [Cov:============================>      82%]
[Progress:============>                 43%] [Cov:============================>      82%]
[Progress:============>                 43%] [Cov:============================>      82%]
[Progress:============>                 43%] [Cov:============================>      82%]
[Progress:============>                 43%] [Cov:============================>      82%]
[Progress:============>                 43%] [Cov:============================>      82%]
[Progress:============>                 43%] [Cov:============================>      82%]
[Progress:============>                 43%] [Cov:============================>      82%]
[Progress:============>                 43%] [Cov:============================>      82%]
[Progress:============>                 43%] [Cov:============================>      82%]
[Progress:============>                 43%] [Cov:============================>      82%]
[Progress:============>                 43%] [Cov:============================>      82%]
[Progress:============>                 43%] [Cov:============================>      82%]
[Progress:============>                 43%] [Cov:============================>      82%]
[Progress:============>                 43%] [Cov:============================>      82%]
[Progress:============>                 43%] [Cov:============================>      82%]
[Progress:============>                 43%] [Cov:============================>      82%]
[Progress:============>                 43%] [Cov:============================>      82%]
[Progress:============>                 43%] [Cov:============================>      82%]
[Progress:=============>                44%] [Cov:============================>      82%]
[Progress:=============>                44%] [Cov:============================>      82%]
[Progress:=============>                44%] [Cov:============================>      82%]
[Progress:=============>                44%] [Cov:============================>      82%]
[Progress:=============>                44%] [Cov:============================>      82%]
[Progress:=============>                44%] [Cov:============================>      82%]
[Progress:=============>                44%] [Cov:============================>      82%]
[Progress:=============>                44%] [Cov:============================>      82%]
[Progress:=============>                44%] [Cov:============================>      82%]
[Progress:=============>                44%] [Cov:============================>      82%]
[Progress:=============>                44%] [Cov:============================>      82%]
[Progress:=============>                44%] [Cov:============================>      82%]
[Progress:=============>                44%] [Cov:============================>      82%]
[Progress:=============>                44%] [Cov:============================>      82%]
[Progress:=============>                44%] [Cov:============================>      82%]
[Progress:=============>                44%] [Cov:============================>      82%]
[Progress:=============>                44%] [Cov:============================>      82%]
[Progress:=============>                44%] [Cov:============================>      82%]
[Progress:=============>                44%] [Cov:============================>      82%]
[Progress:=============>                45%] [Cov:============================>      82%]
[Progress:=============>                45%] [Cov:============================>      82%]
[Progress:=============>                45%] [Cov:============================>      82%]
[Progress:=============>                45%] [Cov:============================>      82%]
[Progress:=============>                45%] [Cov:============================>      82%]
[Progress:=============>                45%] [Cov:============================>      82%]
[Progress:=============>                45%] [Cov:============================>      82%]
[Progress:=============>                45%] [Cov:============================>      82%]
[Progress:=============>                45%] [Cov:============================>      82%]
[Progress:=============>                45%] [Cov:============================>      82%]
[Progress:=============>                45%] [Cov:============================>      82%]
[Progress:=============>                45%] [Cov:============================>      82%]
[Progress:=============>                45%] [Cov:============================>      82%]
[Progress:=============>                45%] [Cov:============================>      82%]
[Progress:=============>                45%] [Cov:============================>      82%]
[Progress:=============>                45%] [Cov:============================>      82%]
[Progress:=============>                45%] [Cov:============================>      82%]
[Progress:=============>                45%] [Cov:============================>      82%]
[Progress:=============>                45%] [Cov:============================>      82%]
[Progress:=============>                45%] [Cov:============================>      82%]
[Progress:=============>                45%] [Cov:============================>      82%]
[Progress:=============>                45%] [Cov:============================>      82%]
[Progress:=============>                45%] [Cov:============================>      82%]
[Progress:=============>                45%] [Cov:============================>      82%]
[Progress:=============>                45%] [Cov:============================>      82%]
[Progress:=============>                45%] [Cov:============================>      82%]
[Progress:=============>                45%] [Cov:============================>      82%]
[Progress:=============>                45%] [Cov:============================>      82%]
[Progress:=============>                45%] [Cov:============================>      82%]
[Progress:=============>                45%] [Cov:============================>      82%]
[Progress:=============>                45%] [Cov:============================>      82%]
[Progress:=============>                45%] [Cov:============================>      82%]
[Progress:=============>                45%] [Cov:============================>      82%]
[Progress:=============>                45%] [Cov:============================>      82%]
[Progress:=============>                45%] [Cov:============================>      82%]
[Progress:=============>                45%] [Cov:============================>      82%]
[Progress:=============>                45%] [Cov:============================>      82%]
[Progress:=============>                45%] [Cov:============================>      82%]
[Progress:=============>                46%] [Cov:============================>      82%]
[Progress:=============>                46%] [Cov:============================>      82%]
[Progress:=============>                46%] [Cov:============================>      82%]
[Progress:=============>                46%] [Cov:============================>      82%]
[Progress:=============>                46%] [Cov:============================>      82%]
[Progress:=============>                46%] [Cov:============================>      82%]
[Progress:=============>                46%] [Cov:============================>      82%]
[Progress:=============>                46%] [Cov:============================>      82%]
[Progress:=============>                46%] [Cov:============================>      82%]
[Progress:=============>                46%] [Cov:============================>      82%]
[Progress:=============>                46%] [Cov:============================>      82%]
[Progress:=============>                46%] [Cov:============================>      82%]
[Progress:=============>                46%] [Cov:============================>      82%]
[Progress:=============>                46%] [Cov:============================>      82%]
[Progress:=============>                46%] [Cov:============================>      82%]
[Progress:=============>                46%] [Cov:============================>      82%]
[Progress:=============>                46%] [Cov:============================>      82%]
[Progress:=============>                46%] [Cov:============================>      82%]
[Progress:=============>                46%] [Cov:============================>      82%]
[Progress:==============>               47%] [Cov:============================>      82%]
[Progress:==============>               47%] [Cov:============================>      82%]
[Progress:==============>               47%] [Cov:============================>      82%]
[Progress:==============>               47%] [Cov:============================>      82%]
[Progress:==============>               47%] [Cov:============================>      82%]
[Progress:==============>               47%] [Cov:============================>      82%]
[Progress:==============>               47%] [Cov:============================>      82%]
[Progress:==============>               47%] [Cov:============================>      82%]
[Progress:==============>               47%] [Cov:============================>      82%]
[Progress:==============>               47%] [Cov:============================>      82%]
[Progress:==============>               47%] [Cov:============================>      82%]
[Progress:==============>               47%] [Cov:============================>      82%]
[Progress:==============>               47%] [Cov:============================>      82%]
[Progress:==============>               47%] [Cov:============================>      82%]
[Progress:==============>               47%] [Cov:============================>      82%]
[Progress:==============>               47%] [Cov:============================>      82%]
[Progress:==============>               47%] [Cov:============================>      82%]
[Progress:==============>               47%] [Cov:============================>      82%]
[Progress:==============>               47%] [Cov:============================>      82%]
[Progress:==============>               47%] [Cov:============================>      82%]
[Progress:==============>               48%] [Cov:============================>      82%]
[Progress:==============>               48%] [Cov:============================>      82%]
[Progress:==============>               48%] [Cov:============================>      82%]
[Progress:==============>               48%] [Cov:============================>      82%]
[Progress:==============>               48%] [Cov:============================>      82%]
[Progress:==============>               48%] [Cov:============================>      82%]
[Progress:==============>               48%] [Cov:============================>      82%]
[Progress:==============>               48%] [Cov:============================>      82%]
[Progress:==============>               48%] [Cov:============================>      82%]
[Progress:==============>               48%] [Cov:============================>      82%]
[Progress:==============>               48%] [Cov:============================>      82%]
[Progress:==============>               48%] [Cov:============================>      82%]
[Progress:==============>               48%] [Cov:============================>      82%]
[Progress:==============>               48%] [Cov:============================>      82%]
[Progress:==============>               48%] [Cov:============================>      82%]
[Progress:==============>               48%] [Cov:============================>      82%]
[Progress:==============>               48%] [Cov:============================>      82%]
[Progress:==============>               48%] [Cov:============================>      82%]
[Progress:==============>               48%] [Cov:============================>      82%]
[Progress:==============>               48%] [Cov:============================>      82%]
[Progress:==============>               48%] [Cov:============================>      82%]
[Progress:==============>               49%] [Cov:============================>      82%]
[Progress:==============>               49%] [Cov:============================>      82%]
[Progress:==============>               49%] [Cov:============================>      82%]
[Progress:==============>               49%] [Cov:============================>      82%]
[Progress:==============>               49%] [Cov:============================>      82%]
[Progress:==============>               49%] [Cov:============================>      82%]
[Progress:==============>               49%] [Cov:============================>      82%]
[Progress:==============>               49%] [Cov:============================>      82%]
[Progress:==============>               49%] [Cov:============================>      82%]
[Progress:==============>               49%] [Cov:============================>      82%]
[Progress:==============>               49%] [Cov:============================>      82%]
[Progress:==============>               49%] [Cov:============================>      82%]
[Progress:==============>               49%] [Cov:============================>      82%]
[Progress:==============>               49%] [Cov:============================>      82%]
[Progress:==============>               49%] [Cov:============================>      82%]
[Progress:==============>               49%] [Cov:============================>      82%]
[Progress:==============>               49%] [Cov:============================>      82%]
[Progress:==============>               49%] [Cov:============================>      82%]
[Progress:==============>               49%] [Cov:============================>      82%]
[Progress:==============>               49%] [Cov:============================>      82%]
[Progress:==============>               49%] [Cov:============================>      82%]
[Progress:===============>              50%] [Cov:============================>      82%]
[Progress:===============>              50%] [Cov:============================>      82%]
[Progress:===============>              50%] [Cov:============================>      82%]
[Progress:===============>              50%] [Cov:============================>      82%]
[Progress:===============>              50%] [Cov:============================>      82%]
[Progress:===============>              50%] [Cov:============================>      82%]
[Progress:===============>              50%] [Cov:============================>      82%]
[Progress:===============>              50%] [Cov:============================>      82%]
[Progress:===============>              50%] [Cov:============================>      82%]
[Progress:===============>              50%] [Cov:============================>      82%]
[Progress:===============>              50%] [Cov:============================>      82%]
[Progress:===============>              50%] [Cov:============================>      82%]
[Progress:===============>              50%] [Cov:============================>      82%]
[Progress:===============>              50%] [Cov:============================>      82%]
[Progress:===============>              50%] [Cov:============================>      82%]
[Progress:===============>              50%] [Cov:============================>      82%]
[Progress:===============>              50%] [Cov:============================>      82%]
[Progress:===============>              50%] [Cov:============================>      82%]
[Progress:===============>              50%] [Cov:============================>      82%]
[Progress:===============>              50%] [Cov:============================>      82%]
[Progress:===============>              50%] [Cov:============================>      82%]
[Progress:===============>              50%] [Cov:============================>      82%]
[Progress:===============>              50%] [Cov:============================>      82%]
[Progress:===============>              50%] [Cov:============================>      82%]
[Progress:===============>              50%] [Cov:============================>      82%]
[Progress:===============>              50%] [Cov:============================>      82%]
[Progress:===============>              50%] [Cov:============================>      82%]
[Progress:===============>              50%] [Cov:============================>      82%]
[Progress:===============>              50%] [Cov:============================>      82%]
[Progress:===============>              50%] [Cov:============================>      82%]
[Progress:===============>              50%] [Cov:============================>      82%]
[Progress:===============>              50%] [Cov:============================>      82%]
[Progress:===============>              50%] [Cov:============================>      82%]
[Progress:===============>              50%] [Cov:============================>      82%]
[Progress:===============>              50%] [Cov:============================>      82%]
[Progress:===============>              50%] [Cov:============================>      82%]
[Progress:===============>              50%] [Cov:============================>      82%]
[Progress:===============>              51%] [Cov:============================>      82%]
[Progress:===============>              51%] [Cov:============================>      82%]
[Progress:===============>              51%] [Cov:============================>      82%]
[Progress:===============>              51%] [Cov:============================>      82%]
[Progress:===============>              51%] [Cov:============================>      82%]
[Progress:===============>              51%] [Cov:============================>      82%]
[Progress:===============>              51%] [Cov:============================>      82%]
[Progress:===============>              51%] [Cov:============================>      82%]
[Progress:===============>              51%] [Cov:============================>      82%]
[Progress:===============>              51%] [Cov:============================>      82%]
[Progress:===============>              51%] [Cov:============================>      82%]
[Progress:===============>              51%] [Cov:============================>      82%]
[Progress:===============>              51%] [Cov:============================>      82%]
[Progress:===============>              51%] [Cov:============================>      82%]
[Progress:===============>              51%] [Cov:============================>      82%]
[Progress:===============>              51%] [Cov:============================>      82%]
[Progress:===============>              51%] [Cov:============================>      82%]
[Progress:===============>              51%] [Cov:============================>      82%]
[Progress:===============>              51%] [Cov:============================>      82%]
[Progress:===============>              51%] [Cov:============================>      82%]
[Progress:===============>              51%] [Cov:============================>      82%]
[Progress:===============>              51%] [Cov:============================>      82%]
[Progress:===============>              52%] [Cov:============================>      82%]
[Progress:===============>              52%] [Cov:============================>      82%]
[Progress:===============>              52%] [Cov:============================>      82%]
[Progress:===============>              52%] [Cov:============================>      82%]
[Progress:===============>              52%] [Cov:============================>      82%]
[Progress:===============>              52%] [Cov:============================>      82%]
[Progress:===============>              52%] [Cov:============================>      82%]
[Progress:===============>              52%] [Cov:============================>      82%]
[Progress:===============>              52%] [Cov:============================>      82%]
[Progress:===============>              52%] [Cov:============================>      82%]
[Progress:===============>              52%] [Cov:============================>      82%]
[Progress:===============>              52%] [Cov:============================>      82%]
[Progress:===============>              52%] [Cov:============================>      82%]
[Progress:===============>              52%] [Cov:============================>      82%]
[Progress:===============>              52%] [Cov:============================>      82%]
[Progress:===============>              52%] [Cov:============================>      82%]
[Progress:===============>              52%] [Cov:============================>      82%]
[Progress:===============>              53%] [Cov:============================>      82%]
[Progress:===============>              53%] [Cov:============================>      82%]
[Progress:===============>              53%] [Cov:============================>      82%]
[Progress:===============>              53%] [Cov:============================>      82%]
[Progress:===============>              53%] [Cov:============================>      82%]
[Progress:===============>              53%] [Cov:============================>      82%]
[Progress:===============>              53%] [Cov:============================>      82%]
[Progress:===============>              53%] [Cov:============================>      82%]
[Progress:===============>              53%] [Cov:============================>      82%]
[Progress:===============>              53%] [Cov:============================>      82%]
[Progress:===============>              53%] [Cov:============================>      82%]
[Progress:===============>              53%] [Cov:============================>      82%]
[Progress:===============>              53%] [Cov:============================>      82%]
[Progress:===============>              53%] [Cov:============================>      82%]
[Progress:===============>              53%] [Cov:============================>      82%]
[Progress:===============>              53%] [Cov:============================>      82%]
[Progress:===============>              53%] [Cov:============================>      82%]
[Progress:===============>              53%] [Cov:============================>      82%]
[Progress:===============>              53%] [Cov:============================>      82%]
[Progress:===============>              53%] [Cov:============================>      82%]
[Progress:================>             54%] [Cov:============================>      82%]
[Progress:================>             54%] [Cov:============================>      82%]
[Progress:================>             54%] [Cov:============================>      82%]
[Progress:================>             54%] [Cov:============================>      82%]
[Progress:================>             54%] [Cov:============================>      82%]
[Progress:================>             54%] [Cov:============================>      82%]
[Progress:================>             54%] [Cov:============================>      82%]
[Progress:================>             54%] [Cov:============================>      82%]
[Progress:================>             54%] [Cov:============================>      82%]
[Progress:================>             54%] [Cov:============================>      82%]
[Progress:================>             54%] [Cov:============================>      82%]
[Progress:================>             54%] [Cov:============================>      82%]
[Progress:================>             54%] [Cov:============================>      82%]
[Progress:================>             54%] [Cov:============================>      82%]
[Progress:================>             54%] [Cov:============================>      82%]
[Progress:================>             54%] [Cov:============================>      82%]
[Progress:================>             54%] [Cov:============================>      82%]
[Progress:================>             54%] [Cov:============================>      82%]
[Progress:================>             54%] [Cov:============================>      82%]
[Progress:================>             55%] [Cov:============================>      82%]
[Progress:================>             55%] [Cov:============================>      82%]
[Progress:================>             55%] [Cov:============================>      82%]
[Progress:================>             55%] [Cov:============================>      82%]
[Progress:================>             55%] [Cov:============================>      82%]
[Progress:================>             55%] [Cov:============================>      82%]
[Progress:================>             55%] [Cov:============================>      82%]
[Progress:================>             55%] [Cov:============================>      82%]
[Progress:================>             55%] [Cov:============================>      82%]
[Progress:================>             55%] [Cov:============================>      82%]
[Progress:================>             55%] [Cov:============================>      82%]
[Progress:================>             55%] [Cov:============================>      82%]
[Progress:================>             55%] [Cov:============================>      82%]
[Progress:================>             55%] [Cov:============================>      82%]
[Progress:================>             55%] [Cov:============================>      82%]
[Progress:================>             55%] [Cov:============================>      82%]
[Progress:================>             55%] [Cov:============================>      82%]
[Progress:================>             55%] [Cov:============================>      82%]
[Progress:================>             55%] [Cov:============================>      82%]
[Progress:================>             55%] [Cov:============================>      82%]
[Progress:================>             55%] [Cov:============================>      82%]
[Progress:================>             55%] [Cov:============================>      82%]
[Progress:================>             55%] [Cov:============================>      82%]
[Progress:================>             55%] [Cov:============================>      82%]
[Progress:================>             55%] [Cov:============================>      82%]
[Progress:================>             55%] [Cov:============================>      82%]
[Progress:================>             55%] [Cov:============================>      82%]
[Progress:================>             55%] [Cov:============================>      82%]
[Progress:================>             55%] [Cov:============================>      82%]
[Progress:================>             55%] [Cov:============================>      82%]
[Progress:================>             55%] [Cov:============================>      82%]
[Progress:================>             55%] [Cov:============================>      82%]
[Progress:================>             55%] [Cov:============================>      82%]
[Progress:================>             55%] [Cov:============================>      82%]
[Progress:================>             55%] [Cov:============================>      82%]
[Progress:================>             55%] [Cov:============================>      82%]
[Progress:================>             56%] [Cov:============================>      82%]
[Progress:================>             56%] [Cov:============================>      82%]
[Progress:================>             56%] [Cov:============================>      82%]
[Progress:================>             56%] [Cov:============================>      82%]
[Progress:================>             56%] [Cov:============================>      82%]
[Progress:================>             56%] [Cov:============================>      82%]
[Progress:================>             56%] [Cov:============================>      82%]
[Progress:================>             56%] [Cov:============================>      82%]
[Progress:================>             56%] [Cov:============================>      82%]
[Progress:================>             56%] [Cov:============================>      82%]
[Progress:================>             56%] [Cov:============================>      82%]
[Progress:================>             56%] [Cov:============================>      82%]
[Progress:================>             56%] [Cov:============================>      82%]
[Progress:================>             56%] [Cov:============================>      82%]
[Progress:================>             56%] [Cov:============================>      82%]
[Progress:================>             56%] [Cov:============================>      82%]
[Progress:================>             56%] [Cov:============================>      82%]
[Progress:================>             56%] [Cov:============================>      82%]
[Progress:================>             56%] [Cov:============================>      82%]
[Progress:=================>            57%] [Cov:============================>      82%]
[Progress:=================>            57%] [Cov:============================>      82%]
[Progress:=================>            57%] [Cov:============================>      82%]
[Progress:=================>            57%] [Cov:============================>      82%]
[Progress:=================>            57%] [Cov:============================>      82%]
[Progress:=================>            57%] [Cov:============================>      82%]
[Progress:=================>            57%] [Cov:============================>      82%]
[Progress:=================>            57%] [Cov:============================>      82%]
[Progress:=================>            57%] [Cov:============================>      82%]
[Progress:=================>            57%] [Cov:============================>      82%]
[Progress:=================>            57%] [Cov:============================>      82%]
[Progress:=================>            57%] [Cov:============================>      82%]
[Progress:=================>            57%] [Cov:============================>      82%]
[Progress:=================>            57%] [Cov:============================>      82%]
[Progress:=================>            57%] [Cov:============================>      82%]
[Progress:=================>            57%] [Cov:============================>      82%]
[Progress:=================>            57%] [Cov:============================>      82%]
[Progress:=================>            57%] [Cov:============================>      82%]
[Progress:=================>            57%] [Cov:============================>      82%]
[Progress:=================>            57%] [Cov:============================>      82%]
[Progress:=================>            58%] [Cov:============================>      82%]
[Progress:=================>            58%] [Cov:============================>      82%]
[Progress:=================>            58%] [Cov:============================>      82%]
[Progress:=================>            58%] [Cov:============================>      82%]
[Progress:=================>            58%] [Cov:============================>      82%]
[Progress:=================>            58%] [Cov:============================>      82%]
[Progress:=================>            58%] [Cov:============================>      82%]
[Progress:=================>            58%] [Cov:============================>      82%]
[Progress:=================>            58%] [Cov:============================>      82%]
[Progress:=================>            58%] [Cov:============================>      82%]
[Progress:=================>            58%] [Cov:============================>      82%]
[Progress:=================>            58%] [Cov:============================>      82%]
[Progress:=================>            58%] [Cov:============================>      82%]
[Progress:=================>            58%] [Cov:============================>      82%]
[Progress:=================>            58%] [Cov:============================>      82%]
[Progress:=================>            58%] [Cov:============================>      82%]
[Progress:=================>            58%] [Cov:============================>      82%]
[Progress:=================>            58%] [Cov:============================>      82%]
[Progress:=================>            58%] [Cov:============================>      82%]
[Progress:=================>            58%] [Cov:============================>      82%]
[Progress:=================>            59%] [Cov:============================>      82%]
[Progress:=================>            59%] [Cov:============================>      82%]
[Progress:=================>            59%] [Cov:============================>      82%]
[Progress:=================>            59%] [Cov:============================>      82%]
[Progress:=================>            59%] [Cov:============================>      82%]
[Progress:=================>            59%] [Cov:============================>      82%]
[Progress:=================>            59%] [Cov:============================>      82%]
[Progress:=================>            59%] [Cov:============================>      82%]
[Progress:=================>            59%] [Cov:============================>      82%]
[Progress:=================>            59%] [Cov:============================>      82%]
[Progress:=================>            59%] [Cov:============================>      82%]
[Progress:=================>            59%] [Cov:============================>      82%]
[Progress:=================>            59%] [Cov:============================>      82%]
[Progress:=================>            59%] [Cov:============================>      82%]
[Progress:=================>            59%] [Cov:============================>      82%]
[Progress:=================>            59%] [Cov:============================>      82%]
[Progress:=================>            59%] [Cov:============================>      82%]
[Progress:=================>            59%] [Cov:============================>      82%]
[Progress:=================>            59%] [Cov:============================>      82%]
[Progress:=================>            59%] [Cov:============================>      82%]
[Progress:==================>           60%] [Cov:============================>      82%]
[Progress:==================>           60%] [Cov:============================>      82%]
[Progress:==================>           60%] [Cov:============================>      82%]
[Progress:==================>           60%] [Cov:============================>      82%]
[Progress:==================>           60%] [Cov:============================>      82%]
[Progress:==================>           60%] [Cov:============================>      82%]
[Progress:==================>           60%] [Cov:============================>      82%]
[Progress:==================>           60%] [Cov:============================>      82%]
[Progress:==================>           60%] [Cov:============================>      82%]
[Progress:==================>           60%] [Cov:============================>      82%]
[Progress:==================>           60%] [Cov:============================>      82%]
[Progress:==================>           60%] [Cov:============================>      82%]
[Progress:==================>           60%] [Cov:============================>      82%]
[Progress:==================>           60%] [Cov:============================>      82%]
[Progress:==================>           60%] [Cov:============================>      82%]
[Progress:==================>           60%] [Cov:============================>      82%]
[Progress:==================>           60%] [Cov:============================>      82%]
[Progress:==================>           60%] [Cov:============================>      82%]
[Progress:==================>           60%] [Cov:============================>      82%]
[Progress:==================>           60%] [Cov:============================>      82%]
[Progress:==================>           60%] [Cov:============================>      82%]
[Progress:==================>           60%] [Cov:============================>      82%]
[Progress:==================>           60%] [Cov:============================>      82%]
[Progress:==================>           60%] [Cov:============================>      82%]
[Progress:==================>           60%] [Cov:============================>      82%]
[Progress:==================>           60%] [Cov:============================>      82%]
[Progress:==================>           60%] [Cov:============================>      82%]
[Progress:==================>           60%] [Cov:============================>      82%]
[Progress:==================>           60%] [Cov:============================>      82%]
[Progress:==================>           60%] [Cov:============================>      82%]
[Progress:==================>           60%] [Cov:============================>      82%]
[Progress:==================>           60%] [Cov:============================>      82%]
[Progress:==================>           60%] [Cov:============================>      82%]
[Progress:==================>           60%] [Cov:============================>      82%]
[Progress:==================>           60%] [Cov:============================>      82%]
[Progress:==================>           61%] [Cov:============================>      82%]
[Progress:==================>           61%] [Cov:============================>      82%]
[Progress:==================>           61%] [Cov:============================>      82%]
[Progress:==================>           61%] [Cov:============================>      82%]
[Progress:==================>           61%] [Cov:============================>      82%]
[Progress:==================>           61%] [Cov:============================>      82%]
[Progress:==================>           61%] [Cov:============================>      82%]
[Progress:==================>           61%] [Cov:============================>      82%]
[Progress:==================>           61%] [Cov:============================>      82%]
[Progress:==================>           61%] [Cov:============================>      82%]
[Progress:==================>           61%] [Cov:============================>      82%]
[Progress:==================>           61%] [Cov:============================>      82%]
[Progress:==================>           61%] [Cov:============================>      82%]
[Progress:==================>           61%] [Cov:============================>      82%]
[Progress:==================>           61%] [Cov:============================>      82%]
[Progress:==================>           61%] [Cov:============================>      82%]
[Progress:==================>           61%] [Cov:============================>      82%]
[Progress:==================>           61%] [Cov:============================>      82%]
[Progress:==================>           61%] [Cov:============================>      82%]
[Progress:==================>           61%] [Cov:============================>      82%]
[Progress:==================>           62%] [Cov:============================>      82%]
[Progress:==================>           62%] [Cov:============================>      82%]
[Progress:==================>           62%] [Cov:============================>      82%]
[Progress:==================>           62%] [Cov:============================>      82%]
[Progress:==================>           62%] [Cov:============================>      82%]
[Progress:==================>           62%] [Cov:============================>      82%]
[Progress:==================>           62%] [Cov:============================>      82%]
[Progress:==================>           62%] [Cov:============================>      82%]
[Progress:==================>           62%] [Cov:============================>      82%]
[Progress:==================>           62%] [Cov:============================>      82%]
[Progress:==================>           62%] [Cov:============================>      82%]
[Progress:==================>           62%] [Cov:============================>      82%]
[Progress:==================>           62%] [Cov:============================>      82%]
[Progress:==================>           62%] [Cov:============================>      82%]
[Progress:==================>           62%] [Cov:============================>      82%]
[Progress:==================>           62%] [Cov:============================>      82%]
[Progress:==================>           62%] [Cov:============================>      82%]
[Progress:==================>           62%] [Cov:============================>      82%]
[Progress:==================>           62%] [Cov:============================>      82%]
[Progress:==================>           62%] [Cov:============================>      82%]
[Progress:==================>           63%] [Cov:============================>      82%]
[Progress:==================>           63%] [Cov:============================>      82%]
[Progress:==================>           63%] [Cov:============================>      82%]
[Progress:==================>           63%] [Cov:============================>      82%]
[Progress:==================>           63%] [Cov:============================>      82%]
[Progress:==================>           63%] [Cov:============================>      82%]
[Progress:==================>           63%] [Cov:============================>      82%]
[Progress:==================>           63%] [Cov:============================>      82%]
[Progress:==================>           63%] [Cov:============================>      82%]
[Progress:==================>           63%] [Cov:============================>      82%]
[Progress:==================>           63%] [Cov:============================>      82%]
[Progress:==================>           63%] [Cov:============================>      82%]
[Progress:==================>           63%] [Cov:============================>      82%]
[Progress:==================>           63%] [Cov:============================>      82%]
[Progress:==================>           63%] [Cov:============================>      82%]
[Progress:==================>           63%] [Cov:============================>      82%]
[Progress:==================>           63%] [Cov:============================>      82%]
[Progress:==================>           63%] [Cov:============================>      82%]
[Progress:==================>           63%] [Cov:============================>      82%]
[Progress:==================>           63%] [Cov:============================>      82%]
[Progress:===================>          64%] [Cov:============================>      82%]
[Progress:===================>          64%] [Cov:============================>      82%]
[Progress:===================>          64%] [Cov:============================>      82%]
[Progress:===================>          64%] [Cov:============================>      82%]
[Progress:===================>          64%] [Cov:============================>      82%]
[Progress:===================>          64%] [Cov:============================>      82%]
[Progress:===================>          64%] [Cov:============================>      82%]
[Progress:===================>          64%] [Cov:============================>      82%]
[Progress:===================>          64%] [Cov:============================>      82%]
[Progress:===================>          64%] [Cov:============================>      82%]
[Progress:===================>          64%] [Cov:============================>      82%]
[Progress:===================>          64%] [Cov:============================>      82%]
[Progress:===================>          64%] [Cov:============================>      82%]
[Progress:===================>          64%] [Cov:============================>      82%]
[Progress:===================>          64%] [Cov:============================>      82%]
[Progress:===================>          64%] [Cov:============================>      82%]
[Progress:===================>          64%] [Cov:============================>      82%]
[Progress:===================>          64%] [Cov:============================>      82%]
[Progress:===================>          64%] [Cov:============================>      82%]
[Progress:===================>          64%] [Cov:============================>      82%]
[Progress:===================>          65%] [Cov:============================>      82%]
[Progress:===================>          65%] [Cov:============================>      82%]
[Progress:===================>          65%] [Cov:============================>      82%]
[Progress:===================>          65%] [Cov:============================>      82%]
[Progress:===================>          65%] [Cov:============================>      82%]
[Progress:===================>          65%] [Cov:============================>      82%]
[Progress:===================>          65%] [Cov:============================>      82%]
[Progress:===================>          65%] [Cov:============================>      82%]
[Progress:===================>          65%] [Cov:============================>      82%]
[Progress:===================>          65%] [Cov:============================>      82%]
[Progress:===================>          65%] [Cov:============================>      82%]
[Progress:===================>          65%] [Cov:============================>      82%]
[Progress:===================>          65%] [Cov:============================>      82%]
[Progress:===================>          65%] [Cov:============================>      82%]
[Progress:===================>          65%] [Cov:============================>      82%]
[Progress:===================>          65%] [Cov:============================>      82%]
[Progress:===================>          65%] [Cov:============================>      82%]
[Progress:===================>          65%] [Cov:============================>      82%]
[Progress:===================>          65%] [Cov:============================>      82%]
[Progress:===================>          65%] [Cov:============================>      82%]
[Progress:===================>          65%] [Cov:============================>      82%]
[Progress:===================>          65%] [Cov:============================>      82%]
[Progress:===================>          65%] [Cov:============================>      82%]
[Progress:===================>          65%] [Cov:============================>      82%]
[Progress:===================>          65%] [Cov:============================>      82%]
[Progress:===================>          65%] [Cov:============================>      82%]
[Progress:===================>          65%] [Cov:============================>      82%]
[Progress:===================>          65%] [Cov:============================>      82%]
[Progress:===================>          65%] [Cov:============================>      82%]
[Progress:===================>          65%] [Cov:============================>      82%]
[Progress:===================>          65%] [Cov:============================>      82%]
[Progress:===================>          65%] [Cov:============================>      82%]
[Progress:===================>          65%] [Cov:============================>      82%]
[Progress:===================>          65%] [Cov:============================>      82%]
[Progress:===================>          65%] [Cov:============================>      82%]
[Progress:===================>          65%] [Cov:============================>      82%]
[Progress:===================>          65%] [Cov:============================>      82%]
[Progress:===================>          65%] [Cov:============================>      82%]
[Progress:===================>          65%] [Cov:============================>      82%]
[Progress:===================>          66%] [Cov:============================>      82%]
[Progress:===================>          66%] [Cov:============================>      82%]
[Progress:===================>          66%] [Cov:============================>      82%]
[Progress:===================>          66%] [Cov:============================>      82%]
[Progress:===================>          66%] [Cov:============================>      82%]
[Progress:===================>          66%] [Cov:============================>      82%]
[Progress:===================>          66%] [Cov:=============================>     84%]
[Progress:===================>          66%] [Cov:===============================>   89%]
[Progress:===================>          66%] [Cov:===============================>   89%][MASTER] 14:28:53.376 [logback-1] WARN  TestChromosome - Functional mock problem: org.evosuite.ga.ConstructionFailedException: Failed to add constructor for org.mockito.internal.invocation.Invocation due to org.evosuite.ga.ConstructionFailedException: Failed to add constructor for org.mockito.internal.invocation.realmethod.FilteredCGLIBProxyRealMethod due to org.evosuite.ga.ConstructionFailedException: Failed to add constructor for org.mockito.internal.invocation.realmethod.FilteredCGLIBProxyRealMethod due to org.evosuite.ga.ConstructionFailedException: Failed to add constructor for org.mockito.internal.creation.SerializableMockitoMethodProxy due to org.evosuite.ga.ConstructionFailedException: Max recursion depth reached

[Progress:===================>          66%] [Cov:===============================>   89%][MASTER] 14:28:53.428 [logback-1] WARN  TestChromosome - Functional mock problem: org.evosuite.ga.ConstructionFailedException: Failed to add constructor for org.mockito.internal.verification.MockAwareVerificationMode due to org.evosuite.ga.ConstructionFailedException: Failed to add constructor for org.mockito.verification.VerificationWithTimeout due to org.evosuite.ga.ConstructionFailedException: Have no generator for class org.mockito.internal.progress.MockingProgressImpl canUseFunctionalMocks=false, canBeMocked: true
[MASTER] 14:28:53.432 [logback-1] WARN  TestChromosome - Functional mock problem: org.evosuite.ga.ConstructionFailedException: Failed to add constructor for org.mockito.internal.invocation.InvocationMatcher due to org.evosuite.ga.ConstructionFailedException: Failed to add constructor for org.mockito.internal.invocation.Invocation due to org.evosuite.ga.ConstructionFailedException: Have no generator for class org.mockito.internal.invocation.Invocation canUseFunctionalMocks=false, canBeMocked: true

[Progress:===================>          66%] [Cov:===============================>   89%][MASTER] 14:28:53.452 [logback-1] WARN  TestChromosome - Functional mock problem: org.evosuite.ga.ConstructionFailedException: Failed to add constructor for org.mockito.internal.invocation.Invocation due to org.evosuite.ga.ConstructionFailedException: Failed to add constructor for org.mockito.internal.invocation.SerializableMethod due to org.evosuite.ga.ConstructionFailedException: Failed to add constructor for org.mockito.internal.invocation.InvocationMatcher due to org.evosuite.ga.ConstructionFailedException: Max recursion depth reached
[MASTER] 14:28:53.466 [logback-1] WARN  TestChromosome - Functional mock problem: org.evosuite.ga.ConstructionFailedException: Failed to add constructor for org.mockito.internal.invocation.Invocation due to org.evosuite.ga.ConstructionFailedException: Failed to add constructor for org.mockito.internal.verification.MockAwareVerificationMode due to org.evosuite.ga.ConstructionFailedException: Have no generator for class org.mockito.internal.invocation.Invocation canUseFunctionalMocks=false, canBeMocked: true

[Progress:===================>          66%] [Cov:===============================>   89%][MASTER] 14:28:53.489 [logback-1] WARN  TestChromosome - Functional mock problem: org.evosuite.ga.ConstructionFailedException: Failed to add constructor for org.mockito.internal.verification.MockAwareVerificationMode due to org.evosuite.ga.ConstructionFailedException: Failed to add constructor for org.mockito.internal.invocation.Invocation due to org.evosuite.ga.ConstructionFailedException: Failed to add constructor for org.mockito.internal.invocation.realmethod.FilteredCGLIBProxyRealMethod due to org.evosuite.ga.ConstructionFailedException: Failed to add constructor for org.mockito.internal.creation.DelegatingMockitoMethodProxy due to org.evosuite.ga.ConstructionFailedException: Max recursion depth reached
[MASTER] 14:28:53.499 [logback-1] WARN  TestChromosome - Functional mock problem: org.evosuite.ga.ConstructionFailedException: Failed to add constructor for org.mockito.internal.verification.MockAwareVerificationMode due to org.evosuite.ga.ConstructionFailedException: Failed to add constructor for org.mockito.internal.invocation.Invocation due to org.evosuite.ga.ConstructionFailedException: Failed to add constructor for org.mockito.internal.verification.MockAwareVerificationMode due to org.evosuite.ga.ConstructionFailedException: Failed to add constructor for org.mockito.verification.VerificationWithTimeout due to org.evosuite.ga.ConstructionFailedException: Max recursion depth reached
[MASTER] 14:28:53.523 [logback-1] WARN  TestChromosome - Functional mock problem: org.evosuite.ga.ConstructionFailedException: Failed to add constructor for org.mockito.internal.verification.MockAwareVerificationMode due to org.evosuite.ga.ConstructionFailedException: Failed to add constructor for org.mockito.internal.invocation.Invocation due to org.evosuite.ga.ConstructionFailedException: Failed to add constructor for org.mockito.internal.invocation.InvocationMatcher due to org.evosuite.ga.ConstructionFailedException: Max recursion depth reached
[MASTER] 14:28:53.526 [logback-1] WARN  TestChromosome - Functional mock problem: org.evosuite.ga.ConstructionFailedException: Failed to add constructor for org.mockito.internal.verification.MockAwareVerificationMode due to org.evosuite.ga.ConstructionFailedException: Failed to add constructor for org.mockito.internal.verification.MockAwareVerificationMode due to org.evosuite.ga.ConstructionFailedException: Have no generator for class java.lang.reflect.AccessibleObject canUseFunctionalMocks=false, canBeMocked: true

[Progress:===================>          66%] [Cov:===============================>   89%][MASTER] 14:28:53.557 [logback-1] WARN  TestChromosome - Functional mock problem: org.evosuite.ga.ConstructionFailedException: Failed to add constructor for org.mockito.internal.verification.MockAwareVerificationMode due to org.evosuite.ga.ConstructionFailedException: Failed to add constructor for org.mockito.internal.invocation.Invocation due to org.evosuite.ga.ConstructionFailedException: Failed to add constructor for org.mockito.internal.invocation.SerializableMethod due to org.evosuite.ga.ConstructionFailedException: Have no generator for class org.mockito.internal.invocation.Invocation canUseFunctionalMocks=false, canBeMocked: true
[MASTER] 14:28:53.570 [logback-1] WARN  TestChromosome - Functional mock problem: org.evosuite.ga.ConstructionFailedException: Failed to add constructor for org.mockito.internal.stubbing.StubbedInvocationMatcher due to org.evosuite.ga.ConstructionFailedException: Failed to add constructor for org.mockito.internal.invocation.InvocationMatcher due to org.evosuite.ga.ConstructionFailedException: Failed to add constructor for org.mockito.internal.invocation.Invocation due to org.evosuite.ga.ConstructionFailedException: Failed to add constructor for org.mockito.internal.verification.MockAwareVerificationMode due to org.evosuite.ga.ConstructionFailedException: Max recursion depth reached
[MASTER] 14:28:53.608 [logback-1] WARN  TestChromosome - Functional mock problem: org.evosuite.ga.ConstructionFailedException: Failed to add constructor for org.mockito.internal.verification.MockAwareVerificationMode due to org.evosuite.ga.ConstructionFailedException: Failed to add constructor for org.mockito.internal.invocation.Invocation due to org.evosuite.ga.ConstructionFailedException: Have no generator for class org.mockito.internal.invocation.Invocation canUseFunctionalMocks=false, canBeMocked: true
[MASTER] 14:28:53.614 [logback-1] WARN  TestChromosome - Functional mock problem: org.evosuite.ga.ConstructionFailedException: Failed to add constructor for org.mockito.internal.invocation.Invocation due to org.evosuite.ga.ConstructionFailedException: Failed to add constructor for org.mockito.internal.invocation.realmethod.FilteredCGLIBProxyRealMethod due to org.evosuite.ga.ConstructionFailedException: Failed to add constructor for org.mockito.internal.invocation.realmethod.CGLIBProxyRealMethod due to org.evosuite.ga.ConstructionFailedException: Failed to add constructor for org.mockito.internal.creation.SerializableMockitoMethodProxy due to org.evosuite.ga.ConstructionFailedException: Max recursion depth reached
[MASTER] 14:28:53.628 [logback-1] WARN  TestChromosome - Functional mock problem: org.evosuite.ga.ConstructionFailedException: Failed to add constructor for org.mockito.internal.verification.MockAwareVerificationMode due to org.evosuite.ga.ConstructionFailedException: Have no generator for class org.mockito.internal.invocation.Invocation canUseFunctionalMocks=false, canBeMocked: true

[Progress:===================>          66%] [Cov:===============================>   89%]
[Progress:===================>          66%] [Cov:===============================>   89%][MASTER] 14:28:53.704 [logback-1] WARN  TestChromosome - Functional mock problem: org.evosuite.ga.ConstructionFailedException: Have no generator for org.mockito.internal.MockHandler<org.mockito.internal.verification.MockAwareVerificationMode> canUseFunctionalMocks=false, canBeMocked: false
[MASTER] 14:28:53.706 [logback-1] WARN  TestChromosome - Functional mock problem: org.evosuite.ga.ConstructionFailedException: Have no generator for org.mockito.internal.MockHandler<java.lang.annotation.Annotation> canUseFunctionalMocks=false, canBeMocked: false
[MASTER] 14:28:53.708 [logback-1] WARN  TestChromosome - Functional mock problem: org.evosuite.ga.ConstructionFailedException: Failed to add constructor for org.mockito.internal.invocation.InvocationMatcher due to org.evosuite.ga.ConstructionFailedException: Failed to add constructor for org.mockito.internal.invocation.Invocation due to org.evosuite.ga.ConstructionFailedException: Have no generator for org.mockito.internal.MockHandler<java.lang.Object> canUseFunctionalMocks=false, canBeMocked: false

[Progress:===================>          66%] [Cov:===============================>   89%][MASTER] 14:28:53.760 [logback-1] WARN  TestChromosome - Functional mock problem: org.evosuite.ga.ConstructionFailedException: Failed to add constructor for org.mockito.internal.verification.MockAwareVerificationMode due to org.evosuite.ga.ConstructionFailedException: Failed to add constructor for org.mockito.internal.invocation.Invocation due to org.evosuite.ga.ConstructionFailedException: Failed to add constructor for org.mockito.internal.invocation.SerializableMethod due to org.evosuite.ga.ConstructionFailedException: Failed to add constructor for org.mockito.internal.invocation.InvocationMatcher due to org.evosuite.ga.ConstructionFailedException: Max recursion depth reached
[MASTER] 14:28:53.767 [logback-1] WARN  TestChromosome - Functional mock problem: org.evosuite.ga.ConstructionFailedException: Failed to add constructor for org.mockito.internal.invocation.Invocation due to org.evosuite.ga.ConstructionFailedException: Failed to add constructor for org.mockito.internal.invocation.realmethod.CGLIBProxyRealMethod due to org.evosuite.ga.ConstructionFailedException: Failed to add constructor for org.mockito.internal.creation.SerializableMockitoMethodProxy due to org.evosuite.ga.ConstructionFailedException: Max recursion depth reached
[MASTER] 14:28:53.773 [logback-1] WARN  TestChromosome - Functional mock problem: org.evosuite.ga.ConstructionFailedException: Failed to add constructor for org.mockito.internal.stubbing.StubbedInvocationMatcher due to org.evosuite.ga.ConstructionFailedException: Failed to add constructor for org.mockito.internal.invocation.Invocation due to org.evosuite.ga.ConstructionFailedException: Failed to add constructor for org.mockito.internal.invocation.SerializableMethod due to org.evosuite.ga.ConstructionFailedException: Max recursion depth reached

[Progress:===================>          66%] [Cov:===============================>   89%][MASTER] 14:28:53.836 [logback-1] WARN  TestChromosome - Functional mock problem: org.evosuite.ga.ConstructionFailedException: Failed to add constructor for org.mockito.internal.verification.MockAwareVerificationMode due to org.evosuite.ga.ConstructionFailedException: Failed to add constructor for org.mockito.internal.verification.MockAwareVerificationMode due to org.evosuite.ga.ConstructionFailedException: Failed to add constructor for org.mockito.internal.verification.MockAwareVerificationMode due to org.evosuite.ga.ConstructionFailedException: Failed to add constructor for org.mockito.internal.invocation.Invocation due to org.evosuite.ga.ConstructionFailedException: Max recursion depth reached
[MASTER] 14:28:53.865 [logback-1] WARN  TestChromosome - Functional mock problem: org.evosuite.ga.ConstructionFailedException: Failed to add constructor for org.mockito.internal.invocation.Invocation due to org.evosuite.ga.ConstructionFailedException: Failed to add constructor for org.mockito.internal.invocation.realmethod.FilteredCGLIBProxyRealMethod due to org.evosuite.ga.ConstructionFailedException: Failed to add constructor for org.mockito.internal.creation.DelegatingMockitoMethodProxy due to org.evosuite.ga.ConstructionFailedException: Max recursion depth reached
[MASTER] 14:28:53.878 [logback-1] WARN  TestChromosome - Functional mock problem: org.evosuite.ga.ConstructionFailedException: Failed to add constructor for org.mockito.internal.invocation.InvocationMatcher due to org.evosuite.ga.ConstructionFailedException: Failed to add constructor for org.mockito.internal.invocation.Invocation due to org.evosuite.ga.ConstructionFailedException: Failed to add constructor for org.mockito.internal.verification.MockAwareVerificationMode due to org.evosuite.ga.ConstructionFailedException: Failed to add constructor for org.mockito.verification.VerificationWithTimeout due to org.evosuite.ga.ConstructionFailedException: Max recursion depth reached

[Progress:===================>          66%] [Cov:===============================>   89%][MASTER] 14:28:53.924 [logback-1] WARN  TestChromosome - Functional mock problem: org.evosuite.ga.ConstructionFailedException: Failed to add constructor for org.mockito.internal.verification.MockAwareVerificationMode due to org.evosuite.ga.ConstructionFailedException: Failed to add constructor for org.mockito.internal.invocation.Invocation due to org.evosuite.ga.ConstructionFailedException: Failed to add constructor for org.mockito.internal.invocation.SerializableMethod due to org.evosuite.ga.ConstructionFailedException: Failed to add constructor for org.mockito.internal.stubbing.StubbedInvocationMatcher due to org.evosuite.ga.ConstructionFailedException: Max recursion depth reached

[Progress:===================>          66%] [Cov:===============================>   89%]
[Progress:===================>          66%] [Cov:===============================>   89%]
[Progress:====================>         67%] [Cov:===============================>   89%][MASTER] 14:28:54.040 [logback-1] WARN  TestChromosome - Functional mock problem: org.evosuite.ga.ConstructionFailedException: Failed to add constructor for org.mockito.internal.invocation.Invocation due to org.evosuite.ga.ConstructionFailedException: Failed to add constructor for org.mockito.internal.stubbing.StubbedInvocationMatcher due to org.evosuite.ga.ConstructionFailedException: Failed to add constructor for org.mockito.internal.invocation.InvocationMatcher due to org.evosuite.ga.ConstructionFailedException: Max recursion depth reached
[MASTER] 14:28:54.077 [logback-1] WARN  TestChromosome - Functional mock problem: org.evosuite.ga.ConstructionFailedException: Failed to add constructor for org.mockito.internal.verification.MockAwareVerificationMode due to org.evosuite.ga.ConstructionFailedException: Failed to add constructor for org.mockito.internal.verification.MockAwareVerificationMode due to org.evosuite.ga.ConstructionFailedException: Failed to add constructor for org.mockito.internal.invocation.Invocation due to org.evosuite.ga.ConstructionFailedException: Failed to add constructor for org.mockito.internal.invocation.SerializableMethod due to org.evosuite.ga.ConstructionFailedException: Max recursion depth reached

[Progress:====================>         67%] [Cov:===============================>   89%][MASTER] 14:28:54.105 [logback-1] WARN  TestChromosome - Functional mock problem: org.evosuite.ga.ConstructionFailedException: Failed to add constructor for org.mockito.internal.verification.MockAwareVerificationMode due to org.evosuite.ga.ConstructionFailedException: Failed to add constructor for org.mockito.internal.invocation.Invocation due to org.evosuite.ga.ConstructionFailedException: Failed to add constructor for org.mockito.internal.invocation.realmethod.FilteredCGLIBProxyRealMethod due to org.evosuite.ga.ConstructionFailedException: Failed to add constructor for org.mockito.internal.invocation.realmethod.FilteredCGLIBProxyRealMethod due to org.evosuite.ga.ConstructionFailedException: Max recursion depth reached
[MASTER] 14:28:54.144 [logback-1] WARN  TestChromosome - Functional mock problem: org.evosuite.ga.ConstructionFailedException: Failed to add constructor for org.mockito.internal.verification.MockAwareVerificationMode due to org.evosuite.ga.ConstructionFailedException: Failed to add constructor for org.mockito.internal.invocation.Invocation due to org.evosuite.ga.ConstructionFailedException: Failed to add constructor for org.mockito.internal.verification.MockAwareVerificationMode due to org.evosuite.ga.ConstructionFailedException: Max recursion depth reached

[Progress:====================>         67%] [Cov:===============================>   89%][MASTER] 14:28:54.192 [logback-1] WARN  TestChromosome - Functional mock problem: org.evosuite.ga.ConstructionFailedException: Failed to add constructor for org.mockito.internal.invocation.Invocation due to org.evosuite.ga.ConstructionFailedException: Failed to add constructor for org.mockito.internal.invocation.realmethod.FilteredCGLIBProxyRealMethod due to org.evosuite.ga.ConstructionFailedException: Failed to add constructor for org.mockito.internal.invocation.realmethod.FilteredCGLIBProxyRealMethod due to org.evosuite.ga.ConstructionFailedException: Failed to add constructor for org.mockito.internal.creation.DelegatingMockitoMethodProxy due to org.evosuite.ga.ConstructionFailedException: Max recursion depth reached

[Progress:====================>         67%] [Cov:===============================>   89%][MASTER] 14:28:54.262 [logback-1] WARN  TestChromosome - Functional mock problem: org.evosuite.ga.ConstructionFailedException: Have no generator for org.mockito.internal.MockHandler<java.lang.Object> canUseFunctionalMocks=false, canBeMocked: false
[MASTER] 14:28:54.269 [logback-1] WARN  TestChromosome - Functional mock problem: org.evosuite.ga.ConstructionFailedException: Failed to add constructor for org.mockito.internal.verification.MockAwareVerificationMode due to org.evosuite.ga.ConstructionFailedException: Have no generator for org.mockito.internal.MockHandler<java.lang.Object> canUseFunctionalMocks=false, canBeMocked: false

[Progress:====================>         67%] [Cov:===============================>   89%][MASTER] 14:28:54.341 [logback-1] WARN  TestChromosome - Functional mock problem: org.evosuite.ga.ConstructionFailedException: Have no generator for class java.lang.reflect.AccessibleObject canUseFunctionalMocks=false, canBeMocked: true
[MASTER] 14:28:54.345 [logback-1] WARN  TestChromosome - Functional mock problem: org.evosuite.ga.ConstructionFailedException: Failed to add constructor for org.mockito.internal.verification.MockAwareVerificationMode due to org.evosuite.ga.ConstructionFailedException: Failed to add constructor for org.mockito.internal.stubbing.StubbedInvocationMatcher due to org.evosuite.ga.ConstructionFailedException: Failed to add constructor for org.mockito.internal.invocation.InvocationMatcher due to org.evosuite.ga.ConstructionFailedException: Failed to add constructor for org.mockito.internal.invocation.Invocation due to org.evosuite.ga.ConstructionFailedException: Max recursion depth reached

[Progress:====================>         67%] [Cov:===============================>   89%][MASTER] 14:28:54.384 [logback-1] WARN  TestChromosome - Functional mock problem: org.evosuite.ga.ConstructionFailedException: Failed to add constructor for org.mockito.internal.invocation.Invocation due to org.evosuite.ga.ConstructionFailedException: Failed to add constructor for org.mockito.internal.invocation.realmethod.CGLIBProxyRealMethod due to org.evosuite.ga.ConstructionFailedException: Failed to add constructor for org.mockito.internal.creation.DelegatingMockitoMethodProxy due to org.evosuite.ga.ConstructionFailedException: Max recursion depth reached
[MASTER] 14:28:54.393 [logback-1] WARN  TestChromosome - Functional mock problem: org.evosuite.ga.ConstructionFailedException: Have no generator for class java.lang.reflect.Method canUseFunctionalMocks=false, canBeMocked: false

[Progress:====================>         67%] [Cov:===============================>   89%]
[Progress:====================>         67%] [Cov:===============================>   89%][MASTER] 14:28:54.502 [logback-1] WARN  TestChromosome - Functional mock problem: org.evosuite.ga.ConstructionFailedException: Failed to add constructor for org.mockito.internal.invocation.Invocation due to org.evosuite.ga.ConstructionFailedException: Have no generator for class org.mockito.internal.invocation.Invocation canUseFunctionalMocks=false, canBeMocked: true

[Progress:====================>         67%] [Cov:===============================>   89%][MASTER] 14:28:54.589 [logback-1] WARN  TestChromosome - Functional mock problem: org.evosuite.ga.ConstructionFailedException: Failed to add constructor for org.mockito.internal.MockHandler due to org.evosuite.ga.ConstructionFailedException: Have no generator for org.mockito.internal.MockHandler<java.lang.Object> canUseFunctionalMocks=false, canBeMocked: false

[Progress:====================>         67%] [Cov:===============================>   89%][MASTER] 14:28:54.614 [logback-1] WARN  TestChromosome - Functional mock problem: org.evosuite.ga.ConstructionFailedException: Failed to add constructor for org.mockito.internal.verification.MockAwareVerificationMode due to org.evosuite.ga.ConstructionFailedException: Failed to add constructor for org.mockito.internal.invocation.Invocation due to org.evosuite.ga.ConstructionFailedException: Failed to add constructor for org.mockito.internal.stubbing.StubbedInvocationMatcher due to org.evosuite.ga.ConstructionFailedException: Max recursion depth reached
[MASTER] 14:28:54.657 [logback-1] WARN  TestChromosome - Functional mock problem: org.evosuite.ga.ConstructionFailedException: Failed to add constructor for org.mockito.internal.invocation.Invocation due to org.evosuite.ga.ConstructionFailedException: Failed to add constructor for org.mockito.internal.verification.MockAwareVerificationMode due to org.evosuite.ga.ConstructionFailedException: Failed to add constructor for org.mockito.internal.stubbing.StubbedInvocationMatcher due to org.evosuite.ga.ConstructionFailedException: Max recursion depth reached

[Progress:====================>         67%] [Cov:===============================>   89%][MASTER] 14:28:54.738 [logback-1] WARN  TestChromosome - Functional mock problem: org.evosuite.ga.ConstructionFailedException: Failed to add constructor for org.mockito.internal.invocation.Invocation due to org.evosuite.ga.ConstructionFailedException: Failed to add constructor for org.mockito.internal.verification.MockAwareVerificationMode due to org.evosuite.ga.ConstructionFailedException: Failed to add constructor for org.mockito.internal.verification.MockAwareVerificationMode due to org.evosuite.ga.ConstructionFailedException: Failed to add constructor for org.mockito.verification.VerificationWithTimeout due to org.evosuite.ga.ConstructionFailedException: Max recursion depth reached

[Progress:====================>         67%] [Cov:===============================>   89%][MASTER] 14:28:54.810 [logback-1] WARN  TestChromosome - Functional mock problem: org.evosuite.ga.ConstructionFailedException: Failed to add constructor for org.mockito.internal.verification.MockAwareVerificationMode due to org.evosuite.ga.ConstructionFailedException: Failed to add constructor for org.mockito.internal.invocation.Invocation due to org.evosuite.ga.ConstructionFailedException: Failed to add constructor for org.mockito.internal.invocation.SerializableMethod due to org.evosuite.ga.ConstructionFailedException: Max recursion depth reached
[MASTER] 14:28:54.817 [logback-1] WARN  TestChromosome - Functional mock problem: org.evosuite.ga.ConstructionFailedException: Failed to add constructor for org.mockito.internal.verification.MockAwareVerificationMode due to org.evosuite.ga.ConstructionFailedException: Have no generator for class java.lang.reflect.Method canUseFunctionalMocks=false, canBeMocked: false
[MASTER] 14:28:54.825 [logback-1] WARN  TestChromosome - Functional mock problem: org.evosuite.ga.ConstructionFailedException: Failed to add constructor for org.mockito.internal.stubbing.StubbedInvocationMatcher due to org.evosuite.ga.ConstructionFailedException: Failed to add constructor for org.mockito.internal.invocation.InvocationMatcher due to org.evosuite.ga.ConstructionFailedException: Failed to add constructor for org.mockito.internal.invocation.Invocation due to org.evosuite.ga.ConstructionFailedException: Failed to add constructor for org.mockito.internal.invocation.SerializableMethod due to org.evosuite.ga.ConstructionFailedException: Max recursion depth reached

[Progress:====================>         67%] [Cov:===============================>   89%][MASTER] 14:28:54.897 [logback-1] WARN  TestChromosome - Functional mock problem: org.evosuite.ga.ConstructionFailedException: Failed to add constructor for org.mockito.internal.verification.MockAwareVerificationMode due to org.evosuite.ga.ConstructionFailedException: Failed to add constructor for org.mockito.internal.invocation.Invocation due to org.evosuite.ga.ConstructionFailedException: Failed to add constructor for org.mockito.internal.verification.MockAwareVerificationMode due to org.evosuite.ga.ConstructionFailedException: Failed to add constructor for org.mockito.internal.verification.MockAwareVerificationMode due to org.evosuite.ga.ConstructionFailedException: Max recursion depth reached
[MASTER] 14:28:54.902 [logback-1] WARN  TestChromosome - Functional mock problem: org.evosuite.ga.ConstructionFailedException: Failed to add constructor for org.mockito.internal.invocation.Invocation due to org.evosuite.ga.ConstructionFailedException: Failed to add constructor for org.mockito.internal.verification.MockAwareVerificationMode due to org.evosuite.ga.ConstructionFailedException: Failed to add constructor for org.mockito.internal.verification.MockAwareVerificationMode due to org.evosuite.ga.ConstructionFailedException: Failed to add constructor for org.mockito.internal.verification.MockAwareVerificationMode due to org.evosuite.ga.ConstructionFailedException: Max recursion depth reached

[Progress:====================>         67%] [Cov:===============================>   89%][MASTER] 14:28:54.978 [logback-1] WARN  TestChromosome - Functional mock problem: org.evosuite.ga.ConstructionFailedException: Failed to add constructor for org.mockito.internal.verification.MockAwareVerificationMode due to org.evosuite.ga.ConstructionFailedException: Have no generator for org.mockito.internal.MockHandler<org.mockito.internal.verification.MockAwareVerificationMode> canUseFunctionalMocks=false, canBeMocked: false

[Progress:====================>         67%] [Cov:===============================>   89%][MASTER] 14:28:55.034 [logback-1] WARN  TestChromosome - Functional mock problem: org.evosuite.ga.ConstructionFailedException: Failed to add constructor for org.mockito.internal.invocation.Invocation due to org.evosuite.ga.ConstructionFailedException: Failed to add constructor for org.mockito.internal.invocation.SerializableMethod due to org.evosuite.ga.ConstructionFailedException: Have no generator for class java.lang.reflect.Method canUseFunctionalMocks=true, canBeMocked: false

[Progress:====================>         68%] [Cov:===============================>   89%][MASTER] 14:28:55.055 [logback-1] WARN  TestChromosome - Functional mock problem: org.evosuite.ga.ConstructionFailedException: Failed to add constructor for org.mockito.internal.stubbing.StubbedInvocationMatcher due to org.evosuite.ga.ConstructionFailedException: Failed to add constructor for org.mockito.internal.invocation.InvocationMatcher due to org.evosuite.ga.ConstructionFailedException: Failed to add constructor for org.mockito.internal.invocation.Invocation due to org.evosuite.ga.ConstructionFailedException: Max recursion depth reached

[Progress:====================>         68%] [Cov:===============================>   89%][MASTER] 14:28:55.086 [logback-1] WARN  TestChromosome - Functional mock problem: org.evosuite.ga.ConstructionFailedException: Failed to add constructor for org.mockito.internal.verification.MockAwareVerificationMode due to org.evosuite.ga.ConstructionFailedException: Have no generator for class java.lang.reflect.AccessibleObject canUseFunctionalMocks=false, canBeMocked: true
[MASTER] 14:28:55.116 [logback-1] WARN  TestChromosome - Functional mock problem: org.evosuite.ga.ConstructionFailedException: Failed to add constructor for org.mockito.internal.verification.MockAwareVerificationMode due to org.evosuite.ga.ConstructionFailedException: Failed to add constructor for org.mockito.internal.verification.MockAwareVerificationMode due to org.evosuite.ga.ConstructionFailedException: Failed to add constructor for org.mockito.internal.invocation.InvocationMatcher due to org.evosuite.ga.ConstructionFailedException: Failed to add constructor for org.mockito.internal.invocation.Invocation due to org.evosuite.ga.ConstructionFailedException: Max recursion depth reached

[Progress:====================>         68%] [Cov:===============================>   89%]
[Progress:====================>         68%] [Cov:===============================>   89%]
[Progress:====================>         68%] [Cov:===============================>   89%]
[Progress:====================>         68%] [Cov:===============================>   89%][MASTER] 14:28:55.343 [logback-1] WARN  TestChromosome - Functional mock problem: org.evosuite.ga.ConstructionFailedException: Failed to add constructor for org.mockito.internal.verification.MockAwareVerificationMode due to org.evosuite.ga.ConstructionFailedException: Failed to add constructor for org.mockito.internal.verification.MockAwareVerificationMode due to org.evosuite.ga.ConstructionFailedException: Have no generator for class org.mockito.internal.invocation.Invocation canUseFunctionalMocks=false, canBeMocked: true

[Progress:====================>         68%] [Cov:===============================>   89%][MASTER] 14:28:55.464 [logback-1] WARN  TestChromosome - Functional mock problem: org.evosuite.ga.ConstructionFailedException: Failed to add constructor for org.mockito.internal.invocation.Invocation due to org.evosuite.ga.ConstructionFailedException: Failed to add constructor for org.mockito.internal.invocation.realmethod.FilteredCGLIBProxyRealMethod due to org.evosuite.ga.ConstructionFailedException: Failed to add constructor for org.mockito.internal.creation.SerializableMockitoMethodProxy due to org.evosuite.ga.ConstructionFailedException: Max recursion depth reached

[Progress:====================>         68%] [Cov:===============================>   89%][MASTER] 14:28:55.526 [logback-1] WARN  TestChromosome - Functional mock problem: org.evosuite.ga.ConstructionFailedException: Failed to add constructor for org.mockito.internal.stubbing.StubbedInvocationMatcher due to org.evosuite.ga.ConstructionFailedException: Failed to add constructor for org.mockito.internal.invocation.Invocation due to org.evosuite.ga.ConstructionFailedException: Failed to add constructor for org.mockito.internal.verification.MockAwareVerificationMode due to org.evosuite.ga.ConstructionFailedException: Max recursion depth reached
[MASTER] 14:28:55.545 [logback-1] WARN  TestChromosome - Functional mock problem: org.evosuite.ga.ConstructionFailedException: Failed to add constructor for org.mockito.internal.verification.MockAwareVerificationMode due to org.evosuite.ga.ConstructionFailedException: Failed to add constructor for org.mockito.internal.invocation.InvocationMatcher due to org.evosuite.ga.ConstructionFailedException: Failed to add constructor for org.mockito.internal.invocation.Invocation due to org.evosuite.ga.ConstructionFailedException: Failed to add constructor for org.mockito.internal.invocation.SerializableMethod due to org.evosuite.ga.ConstructionFailedException: Max recursion depth reached

[Progress:====================>         68%] [Cov:===============================>   89%]
[Progress:====================>         68%] [Cov:===============================>   89%][MASTER] 14:28:55.673 [logback-1] WARN  TestChromosome - Functional mock problem: org.evosuite.ga.ConstructionFailedException: Failed to add constructor for org.mockito.internal.stubbing.StubbedInvocationMatcher due to org.evosuite.ga.ConstructionFailedException: Failed to add constructor for org.mockito.internal.invocation.InvocationMatcher due to org.evosuite.ga.ConstructionFailedException: Failed to add constructor for org.mockito.internal.invocation.Invocation due to org.evosuite.ga.ConstructionFailedException: Failed to add constructor for org.mockito.internal.MockHandler due to org.evosuite.ga.ConstructionFailedException: Max recursion depth reached
[MASTER] 14:28:55.701 [logback-1] WARN  TestChromosome - Functional mock problem: org.evosuite.ga.ConstructionFailedException: Failed to add constructor for org.mockito.internal.verification.MockAwareVerificationMode due to org.evosuite.ga.ConstructionFailedException: Have no generator for org.mockito.internal.MockHandler<java.lang.annotation.Annotation> canUseFunctionalMocks=false, canBeMocked: false
[MASTER] 14:28:55.706 [logback-1] WARN  TestChromosome - Functional mock problem: org.evosuite.ga.ConstructionFailedException: Failed to add constructor for org.mockito.internal.invocation.Invocation due to org.evosuite.ga.ConstructionFailedException: Failed to add constructor for org.mockito.internal.verification.MockAwareVerificationMode due to org.evosuite.ga.ConstructionFailedException: Failed to add constructor for org.mockito.internal.invocation.InvocationMatcher due to org.evosuite.ga.ConstructionFailedException: Max recursion depth reached

[Progress:====================>         68%] [Cov:===============================>   89%]
[Progress:====================>         68%] [Cov:===============================>   89%][MASTER] 14:28:55.855 [logback-1] WARN  TestChromosome - Functional mock problem: org.evosuite.ga.ConstructionFailedException: Failed to add constructor for org.mockito.internal.invocation.Invocation due to org.evosuite.ga.ConstructionFailedException: Failed to add constructor for org.mockito.internal.invocation.realmethod.FilteredCGLIBProxyRealMethod due to org.evosuite.ga.ConstructionFailedException: Failed to add constructor for org.mockito.internal.invocation.realmethod.FilteredCGLIBProxyRealMethod due to org.evosuite.ga.ConstructionFailedException: Max recursion depth reached

[Progress:====================>         68%] [Cov:===============================>   89%]
[Progress:====================>         68%] [Cov:===============================>   89%]
[Progress:====================>         69%] [Cov:===============================>   89%]
[Progress:====================>         69%] [Cov:===============================>   89%][MASTER] 14:28:56.067 [logback-1] WARN  TestChromosome - Functional mock problem: org.evosuite.ga.ConstructionFailedException: Failed to add constructor for org.mockito.internal.invocation.Invocation due to org.evosuite.ga.ConstructionFailedException: Failed to add constructor for org.mockito.internal.verification.MockAwareVerificationMode due to org.evosuite.ga.ConstructionFailedException: Failed to add constructor for org.mockito.internal.verification.MockAwareVerificationMode due to org.evosuite.ga.ConstructionFailedException: Max recursion depth reached

[Progress:====================>         69%] [Cov:===============================>   89%][MASTER] 14:28:56.123 [logback-1] WARN  TestChromosome - Functional mock problem: org.evosuite.ga.ConstructionFailedException: Failed to add constructor for org.mockito.internal.verification.MockAwareVerificationMode due to org.evosuite.ga.ConstructionFailedException: Failed to add constructor for org.mockito.internal.verification.MockAwareVerificationMode due to org.evosuite.ga.ConstructionFailedException: Failed to add constructor for org.mockito.internal.verification.MockAwareVerificationMode due to org.evosuite.ga.ConstructionFailedException: Failed to add constructor for org.mockito.internal.verification.MockAwareVerificationMode due to org.evosuite.ga.ConstructionFailedException: Failed to add constructor for org.mockito.internal.MockHandler due to org.evosuite.ga.ConstructionFailedException: Max recursion depth reached

[Progress:====================>         69%] [Cov:===============================>   89%][MASTER] 14:28:56.188 [logback-1] WARN  TestChromosome - Functional mock problem: org.evosuite.ga.ConstructionFailedException: Failed to add constructor for org.mockito.internal.invocation.Invocation due to org.evosuite.ga.ConstructionFailedException: Failed to add constructor for org.mockito.internal.invocation.realmethod.FilteredCGLIBProxyRealMethod due to org.evosuite.ga.ConstructionFailedException: Failed to add constructor for org.mockito.internal.invocation.realmethod.CGLIBProxyRealMethod due to org.evosuite.ga.ConstructionFailedException: Failed to add constructor for org.mockito.internal.creation.DelegatingMockitoMethodProxy due to org.evosuite.ga.ConstructionFailedException: Max recursion depth reached

[Progress:====================>         69%] [Cov:===============================>   89%]
[Progress:====================>         69%] [Cov:===============================>   89%][MASTER] 14:28:56.357 [logback-1] WARN  TestChromosome - Functional mock problem: org.evosuite.ga.ConstructionFailedException: Failed to add constructor for org.mockito.internal.invocation.InvocationMatcher due to org.evosuite.ga.ConstructionFailedException: Failed to add constructor for org.mockito.internal.invocation.Invocation due to org.evosuite.ga.ConstructionFailedException: Failed to add constructor for org.mockito.internal.invocation.realmethod.CGLIBProxyRealMethod due to org.evosuite.ga.ConstructionFailedException: Failed to add constructor for org.mockito.internal.creation.SerializableMockitoMethodProxy due to org.evosuite.ga.ConstructionFailedException: Max recursion depth reached

[Progress:====================>         69%] [Cov:===============================>   89%][MASTER] 14:28:56.456 [logback-1] WARN  TestChromosome - Functional mock problem: org.evosuite.ga.ConstructionFailedException: Failed to add constructor for org.mockito.internal.invocation.InvocationMatcher due to org.evosuite.ga.ConstructionFailedException: Failed to add constructor for org.mockito.internal.invocation.Invocation due to org.evosuite.ga.ConstructionFailedException: Failed to add constructor for org.mockito.internal.MockHandler due to org.evosuite.ga.ConstructionFailedException: Failed to add constructor for org.mockito.internal.MockHandler due to org.evosuite.ga.ConstructionFailedException: Max recursion depth reached

[Progress:====================>         69%] [Cov:===============================>   89%]
[Progress:====================>         69%] [Cov:===============================>   89%]
[Progress:====================>         69%] [Cov:===============================>   89%][MASTER] 14:28:56.626 [logback-1] WARN  TestChromosome - Functional mock problem: org.evosuite.ga.ConstructionFailedException: Failed to add constructor for org.mockito.internal.invocation.InvocationMatcher due to org.evosuite.ga.ConstructionFailedException: Failed to add constructor for org.mockito.internal.invocation.Invocation due to org.evosuite.ga.ConstructionFailedException: Failed to add constructor for org.mockito.internal.invocation.realmethod.FilteredCGLIBProxyRealMethod due to org.evosuite.ga.ConstructionFailedException: Failed to add constructor for org.mockito.internal.invocation.realmethod.FilteredCGLIBProxyRealMethod due to org.evosuite.ga.ConstructionFailedException: Max recursion depth reached

[Progress:====================>         69%] [Cov:===============================>   89%][MASTER] 14:28:56.705 [logback-1] WARN  TestChromosome - Functional mock problem: org.evosuite.ga.ConstructionFailedException: Failed to add constructor for org.mockito.internal.verification.MockAwareVerificationMode due to org.evosuite.ga.ConstructionFailedException: Failed to add constructor for org.mockito.internal.verification.MockAwareVerificationMode due to org.evosuite.ga.ConstructionFailedException: Have no generator for class java.lang.reflect.Method canUseFunctionalMocks=false, canBeMocked: false

[Progress:====================>         69%] [Cov:===============================>   89%][MASTER] 14:28:56.845 [logback-1] WARN  TestChromosome - Functional mock problem: org.evosuite.ga.ConstructionFailedException: Failed to add constructor for org.mockito.internal.verification.MockAwareVerificationMode due to org.evosuite.ga.ConstructionFailedException: Failed to add constructor for org.mockito.internal.verification.MockAwareVerificationMode due to org.evosuite.ga.ConstructionFailedException: Failed to add constructor for org.mockito.internal.verification.MockAwareVerificationMode due to org.evosuite.ga.ConstructionFailedException: Failed to add constructor for org.mockito.internal.MockHandler due to org.evosuite.ga.ConstructionFailedException: Failed to add constructor for org.mockito.internal.MockHandler due to org.evosuite.ga.ConstructionFailedException: Max recursion depth reached

[Progress:====================>         69%] [Cov:===============================>   89%][MASTER] 14:28:56.918 [logback-1] WARN  TestChromosome - Functional mock problem: org.evosuite.ga.ConstructionFailedException: Failed to add constructor for org.mockito.internal.invocation.Invocation due to org.evosuite.ga.ConstructionFailedException: Failed to add constructor for org.mockito.internal.verification.MockAwareVerificationMode due to org.evosuite.ga.ConstructionFailedException: Failed to add constructor for org.mockito.verification.VerificationWithTimeout due to org.evosuite.ga.ConstructionFailedException: Max recursion depth reached

[Progress:====================>         69%] [Cov:===============================>   89%][MASTER] 14:28:56.953 [logback-1] WARN  TestChromosome - Functional mock problem: org.evosuite.ga.ConstructionFailedException: Failed to add constructor for org.mockito.internal.verification.MockAwareVerificationMode due to org.evosuite.ga.ConstructionFailedException: Failed to add constructor for org.mockito.internal.verification.MockAwareVerificationMode due to org.evosuite.ga.ConstructionFailedException: Failed to add constructor for org.mockito.internal.invocation.Invocation due to org.evosuite.ga.ConstructionFailedException: Max recursion depth reached
[MASTER] 14:28:56.994 [logback-1] WARN  TestChromosome - Functional mock problem: org.evosuite.ga.ConstructionFailedException: Failed to add constructor for org.mockito.internal.invocation.Invocation due to org.evosuite.ga.ConstructionFailedException: Failed to add constructor for org.mockito.internal.invocation.InvocationMatcher due to org.evosuite.ga.ConstructionFailedException: Failed to add constructor for org.mockito.internal.stubbing.StubbedInvocationMatcher due to org.evosuite.ga.ConstructionFailedException: Max recursion depth reached

[Progress:====================>         69%] [Cov:===============================>   89%]
[Progress:=====================>        70%] [Cov:===============================>   89%]
[Progress:=====================>        70%] [Cov:===============================>   89%][MASTER] 14:28:57.141 [logback-1] WARN  TestChromosome - Functional mock problem: org.evosuite.ga.ConstructionFailedException: Failed to add constructor for org.mockito.internal.verification.MockAwareVerificationMode due to org.evosuite.ga.ConstructionFailedException: Failed to add constructor for org.mockito.internal.verification.MockAwareVerificationMode due to org.evosuite.ga.ConstructionFailedException: Have no generator for org.mockito.internal.MockHandler<java.lang.Object> canUseFunctionalMocks=false, canBeMocked: false

[Progress:=====================>        70%] [Cov:===============================>   89%][MASTER] 14:28:57.170 [logback-1] WARN  TestChromosome - Functional mock problem: org.evosuite.ga.ConstructionFailedException: Failed to add constructor for org.mockito.internal.verification.MockAwareVerificationMode due to org.evosuite.ga.ConstructionFailedException: Failed to add constructor for org.mockito.internal.verification.MockAwareVerificationMode due to org.evosuite.ga.ConstructionFailedException: Failed to add constructor for org.mockito.internal.verification.MockAwareVerificationMode due to org.evosuite.ga.ConstructionFailedException: Failed to add constructor for org.mockito.internal.invocation.InvocationMatcher due to org.evosuite.ga.ConstructionFailedException: Max recursion depth reached

[Progress:=====================>        70%] [Cov:===============================>   89%]
[Progress:=====================>        70%] [Cov:===============================>   89%]
[Progress:=====================>        70%] [Cov:===============================>   89%]
[Progress:=====================>        70%] [Cov:===============================>   89%][MASTER] 14:28:57.461 [logback-1] WARN  TestChromosome - Functional mock problem: org.evosuite.ga.ConstructionFailedException: Failed to add constructor for org.mockito.internal.verification.MockAwareVerificationMode due to org.evosuite.ga.ConstructionFailedException: Failed to add constructor for org.mockito.internal.verification.MockAwareVerificationMode due to org.evosuite.ga.ConstructionFailedException: Failed to add constructor for org.mockito.internal.stubbing.StubbedInvocationMatcher due to org.evosuite.ga.ConstructionFailedException: Failed to add constructor for org.mockito.internal.invocation.InvocationMatcher due to org.evosuite.ga.ConstructionFailedException: Max recursion depth reached
[MASTER] 14:28:57.472 [logback-1] WARN  TestChromosome - Functional mock problem: org.evosuite.ga.ConstructionFailedException: Failed to add constructor for org.mockito.internal.verification.MockAwareVerificationMode due to org.evosuite.ga.ConstructionFailedException: Failed to add constructor for org.mockito.internal.verification.MockAwareVerificationMode due to org.evosuite.ga.ConstructionFailedException: Failed to add constructor for org.mockito.internal.verification.MockAwareVerificationMode due to org.evosuite.ga.ConstructionFailedException: Have no generator for class java.lang.reflect.AccessibleObject canUseFunctionalMocks=false, canBeMocked: true

[Progress:=====================>        70%] [Cov:===============================>   89%]
[Progress:=====================>        70%] [Cov:===============================>   89%][MASTER] 14:28:57.584 [logback-1] WARN  TestChromosome - Functional mock problem: org.evosuite.ga.ConstructionFailedException: Failed to add constructor for org.mockito.internal.verification.MockAwareVerificationMode due to org.evosuite.ga.ConstructionFailedException: Failed to add constructor for org.mockito.internal.verification.MockAwareVerificationMode due to org.evosuite.ga.ConstructionFailedException: Failed to add constructor for org.mockito.internal.invocation.Invocation due to org.evosuite.ga.ConstructionFailedException: Have no generator for class org.mockito.internal.invocation.Invocation canUseFunctionalMocks=false, canBeMocked: true
[MASTER] 14:28:57.597 [logback-1] WARN  TestChromosome - Functional mock problem: org.evosuite.ga.ConstructionFailedException: Failed to add constructor for org.mockito.internal.verification.MockAwareVerificationMode due to org.evosuite.ga.ConstructionFailedException: Failed to add constructor for org.mockito.internal.invocation.Invocation due to org.evosuite.ga.ConstructionFailedException: Failed to add constructor for org.mockito.internal.verification.MockAwareVerificationMode due to org.evosuite.ga.ConstructionFailedException: Failed to add constructor for org.mockito.internal.MockHandler due to org.evosuite.ga.ConstructionFailedException: Max recursion depth reached

[Progress:=====================>        70%] [Cov:===============================>   89%]
[Progress:=====================>        70%] [Cov:===============================>   89%]
[Progress:=====================>        70%] [Cov:===============================>   89%]
[Progress:=====================>        70%] [Cov:===============================>   89%]
[Progress:=====================>        70%] [Cov:===============================>   89%]
[Progress:=====================>        70%] [Cov:===============================>   89%]
[Progress:=====================>        70%] [Cov:===============================>   89%]
[Progress:=====================>        70%] [Cov:===============================>   89%]
[Progress:=====================>        70%] [Cov:===============================>   89%]
[Progress:=====================>        70%] [Cov:===============================>   89%][MASTER] 14:28:58.302 [logback-1] WARN  TestChromosome - Functional mock problem: org.evosuite.ga.ConstructionFailedException: Failed to add constructor for org.mockito.internal.verification.MockAwareVerificationMode due to org.evosuite.ga.ConstructionFailedException: Failed to add constructor for org.mockito.internal.invocation.Invocation due to org.evosuite.ga.ConstructionFailedException: Failed to add constructor for org.mockito.internal.invocation.realmethod.FilteredCGLIBProxyRealMethod due to org.evosuite.ga.ConstructionFailedException: Failed to add constructor for org.mockito.internal.invocation.realmethod.CGLIBProxyRealMethod due to org.evosuite.ga.ConstructionFailedException: Max recursion depth reached

[Progress:=====================>        70%] [Cov:===============================>   89%]
[Progress:=====================>        70%] [Cov:===============================>   89%]
[Progress:=====================>        70%] [Cov:===============================>   89%][MASTER] 14:28:58.504 [logback-1] WARN  TestChromosome - Functional mock problem: org.evosuite.ga.ConstructionFailedException: Failed to add constructor for org.mockito.internal.verification.MockAwareVerificationMode due to org.evosuite.ga.ConstructionFailedException: Failed to add constructor for org.mockito.internal.invocation.InvocationMatcher due to org.evosuite.ga.ConstructionFailedException: Failed to add constructor for org.mockito.internal.invocation.Invocation due to org.evosuite.ga.ConstructionFailedException: Failed to add constructor for org.mockito.internal.verification.MockAwareVerificationMode due to org.evosuite.ga.ConstructionFailedException: Max recursion depth reached
[MASTER] 14:28:58.580 [logback-1] WARN  TestChromosome - Functional mock problem: org.evosuite.ga.ConstructionFailedException: Failed to add constructor for org.mockito.internal.stubbing.StubbedInvocationMatcher due to org.evosuite.ga.ConstructionFailedException: Failed to add constructor for org.mockito.internal.invocation.InvocationMatcher due to org.evosuite.ga.ConstructionFailedException: Failed to add constructor for org.mockito.internal.invocation.Invocation due to org.evosuite.ga.ConstructionFailedException: Have no generator for class org.mockito.internal.invocation.Invocation canUseFunctionalMocks=false, canBeMocked: true

[Progress:=====================>        70%] [Cov:===============================>   89%][MASTER] 14:28:58.628 [logback-1] WARN  TestChromosome - Functional mock problem: org.evosuite.ga.ConstructionFailedException: Failed to add constructor for org.mockito.internal.invocation.Invocation due to org.evosuite.ga.ConstructionFailedException: Failed to add constructor for org.mockito.internal.verification.MockAwareVerificationMode due to org.evosuite.ga.ConstructionFailedException: Failed to add constructor for org.mockito.internal.MockHandler due to org.evosuite.ga.ConstructionFailedException: Failed to add constructor for org.mockito.internal.MockHandler due to org.evosuite.ga.ConstructionFailedException: Max recursion depth reached

[Progress:=====================>        70%] [Cov:===============================>   89%]
[Progress:=====================>        70%] [Cov:===============================>   89%]
[Progress:=====================>        70%] [Cov:===============================>   89%]
[Progress:=====================>        70%] [Cov:===============================>   89%]
[Progress:=====================>        70%] [Cov:===============================>   89%]
[Progress:=====================>        70%] [Cov:===============================>   89%]
[Progress:=====================>        71%] [Cov:===============================>   89%]
[Progress:=====================>        71%] [Cov:===============================>   89%][MASTER] 14:28:59.146 [logback-1] WARN  TestChromosome - Functional mock problem: org.evosuite.ga.ConstructionFailedException: Failed to add constructor for org.mockito.internal.invocation.InvocationMatcher due to org.evosuite.ga.ConstructionFailedException: Failed to add constructor for org.mockito.internal.invocation.Invocation due to org.evosuite.ga.ConstructionFailedException: Failed to add constructor for org.mockito.internal.verification.MockAwareVerificationMode due to org.evosuite.ga.ConstructionFailedException: Failed to add constructor for org.mockito.internal.verification.MockAwareVerificationMode due to org.evosuite.ga.ConstructionFailedException: Max recursion depth reached

[Progress:=====================>        71%] [Cov:===============================>   89%][MASTER] 14:28:59.259 [logback-1] WARN  TestChromosome - Functional mock problem: org.evosuite.ga.ConstructionFailedException: Failed to add constructor for org.mockito.internal.invocation.Invocation due to org.evosuite.ga.ConstructionFailedException: Failed to add constructor for org.mockito.internal.stubbing.StubbedInvocationMatcher due to org.evosuite.ga.ConstructionFailedException: Failed to add constructor for org.mockito.stubbing.answers.ReturnsElementsOf due to org.evosuite.ga.ConstructionFailedException: Max recursion depth reached

[Progress:=====================>        71%] [Cov:===============================>   89%]
[Progress:=====================>        71%] [Cov:===============================>   89%]
[Progress:=====================>        71%] [Cov:===============================>   89%][MASTER] 14:28:59.426 [logback-1] WARN  TestChromosome - Functional mock problem: org.evosuite.ga.ConstructionFailedException: Failed to add constructor for org.mockito.internal.stubbing.StubbedInvocationMatcher due to org.evosuite.ga.ConstructionFailedException: Failed to add constructor for org.mockito.internal.invocation.Invocation due to org.evosuite.ga.ConstructionFailedException: Max recursion depth reached

[Progress:=====================>        71%] [Cov:===============================>   89%]
[Progress:=====================>        71%] [Cov:===============================>   89%][MASTER] 14:28:59.567 [logback-1] WARN  TestChromosome - Functional mock problem: org.evosuite.ga.ConstructionFailedException: Failed to add constructor for org.mockito.internal.verification.MockAwareVerificationMode due to org.evosuite.ga.ConstructionFailedException: Have no generator for class org.mockito.internal.progress.MockingProgressImpl canUseFunctionalMocks=false, canBeMocked: true

[Progress:=====================>        71%] [Cov:===============================>   89%]
[Progress:=====================>        71%] [Cov:===============================>   89%]
[Progress:=====================>        71%] [Cov:===============================>   89%]
[Progress:=====================>        71%] [Cov:===============================>   89%]
[Progress:=====================>        71%] [Cov:===============================>   89%]
[Progress:=====================>        71%] [Cov:===============================>   89%]
[Progress:=====================>        72%] [Cov:===============================>   89%]
[Progress:=====================>        72%] [Cov:===============================>   89%]
[Progress:=====================>        72%] [Cov:===============================>   89%]
[Progress:=====================>        72%] [Cov:===============================>   89%][MASTER] 14:29:00.269 [logback-1] WARN  TestChromosome - Functional mock problem: org.evosuite.ga.ConstructionFailedException: Failed to add constructor for org.mockito.internal.verification.MockAwareVerificationMode due to org.evosuite.ga.ConstructionFailedException: Failed to add constructor for org.mockito.internal.verification.MockAwareVerificationMode due to org.evosuite.ga.ConstructionFailedException: Failed to add constructor for org.mockito.internal.invocation.Invocation due to org.evosuite.ga.ConstructionFailedException: Failed to add constructor for org.mockito.internal.MockHandler due to org.evosuite.ga.ConstructionFailedException: Max recursion depth reached

[Progress:=====================>        72%] [Cov:===============================>   89%]
[Progress:=====================>        72%] [Cov:===============================>   89%]
[Progress:=====================>        72%] [Cov:===============================>   89%][MASTER] 14:29:00.455 [logback-1] WARN  TestChromosome - Functional mock problem: org.evosuite.ga.ConstructionFailedException: Failed to add constructor for org.mockito.internal.stubbing.StubbedInvocationMatcher due to org.evosuite.ga.ConstructionFailedException: Failed to add constructor for org.mockito.internal.invocation.Invocation due to org.evosuite.ga.ConstructionFailedException: Have no generator for class org.mockito.internal.invocation.Invocation canUseFunctionalMocks=false, canBeMocked: true
[MASTER] 14:29:00.515 [logback-1] WARN  TestChromosome - Functional mock problem: org.evosuite.ga.ConstructionFailedException: Failed to add constructor for org.mockito.internal.verification.MockAwareVerificationMode due to org.evosuite.ga.ConstructionFailedException: Failed to add constructor for org.mockito.internal.verification.MockAwareVerificationMode due to org.evosuite.ga.ConstructionFailedException: Have no generator for class org.mockito.internal.progress.MockingProgressImpl canUseFunctionalMocks=false, canBeMocked: true

[Progress:=====================>        72%] [Cov:===============================>   89%][MASTER] 14:29:00.596 [logback-1] WARN  TestChromosome - Functional mock problem: org.evosuite.ga.ConstructionFailedException: Have no generator for class org.mockito.internal.progress.MockingProgressImpl canUseFunctionalMocks=false, canBeMocked: true

[Progress:=====================>        72%] [Cov:===============================>   89%][MASTER] 14:29:00.690 [logback-1] WARN  TestChromosome - Functional mock problem: org.evosuite.ga.ConstructionFailedException: Failed to add constructor for org.mockito.internal.verification.MockAwareVerificationMode due to org.evosuite.ga.ConstructionFailedException: Failed to add constructor for org.mockito.internal.verification.MockAwareVerificationMode due to org.evosuite.ga.ConstructionFailedException: Failed to add constructor for org.mockito.internal.invocation.Invocation due to org.evosuite.ga.ConstructionFailedException: Failed to add constructor for org.mockito.internal.invocation.SerializableMethod due to org.evosuite.ga.ConstructionFailedException: Have no generator for class java.lang.reflect.Method canUseFunctionalMocks=true, canBeMocked: false

[Progress:=====================>        72%] [Cov:===============================>   89%]
[Progress:=====================>        72%] [Cov:===============================>   89%]
[Progress:=====================>        72%] [Cov:===============================>   89%]
[Progress:=====================>        72%] [Cov:===============================>   89%]
[Progress:=====================>        72%] [Cov:===============================>   89%]
[Progress:=====================>        73%] [Cov:===============================>   89%]
[Progress:=====================>        73%] [Cov:===============================>   89%]
[Progress:=====================>        73%] [Cov:===============================>   89%]
[Progress:=====================>        73%] [Cov:===============================>   89%]
[Progress:=====================>        73%] [Cov:===============================>   89%]
[Progress:=====================>        73%] [Cov:===============================>   89%][MASTER] 14:29:01.362 [logback-1] WARN  TestChromosome - Functional mock problem: org.evosuite.ga.ConstructionFailedException: Failed to add constructor for org.mockito.internal.invocation.InvocationMatcher due to org.evosuite.ga.ConstructionFailedException: Failed to add constructor for org.mockito.internal.invocation.Invocation due to org.evosuite.ga.ConstructionFailedException: Failed to add constructor for org.mockito.internal.invocation.realmethod.CGLIBProxyRealMethod due to org.evosuite.ga.ConstructionFailedException: Failed to add constructor for org.mockito.internal.creation.DelegatingMockitoMethodProxy due to org.evosuite.ga.ConstructionFailedException: Max recursion depth reached

[Progress:=====================>        73%] [Cov:===============================>   89%]
[Progress:=====================>        73%] [Cov:===============================>   89%][MASTER] 14:29:01.503 [logback-1] WARN  TestChromosome - Functional mock problem: org.evosuite.ga.ConstructionFailedException: Failed to add constructor for org.mockito.internal.verification.MockAwareVerificationMode due to org.evosuite.ga.ConstructionFailedException: Failed to add constructor for org.mockito.internal.verification.MockAwareVerificationMode due to org.evosuite.ga.ConstructionFailedException: Failed to add constructor for org.mockito.internal.verification.MockAwareVerificationMode due to org.evosuite.ga.ConstructionFailedException: Failed to add constructor for org.mockito.internal.verification.MockAwareVerificationMode due to org.evosuite.ga.ConstructionFailedException: Failed to add constructor for org.mockito.verification.VerificationWithTimeout due to org.evosuite.ga.ConstructionFailedException: Max recursion depth reached

[Progress:=====================>        73%] [Cov:===============================>   89%]
[Progress:=====================>        73%] [Cov:===============================>   89%][MASTER] 14:29:01.692 [logback-1] WARN  TestChromosome - Functional mock problem: org.evosuite.ga.ConstructionFailedException: Failed to add constructor for org.mockito.internal.verification.MockAwareVerificationMode due to org.evosuite.ga.ConstructionFailedException: Failed to add constructor for org.mockito.internal.invocation.Invocation due to org.evosuite.ga.ConstructionFailedException: Failed to add constructor for org.mockito.internal.invocation.realmethod.CGLIBProxyRealMethod due to org.evosuite.ga.ConstructionFailedException: Failed to add constructor for org.mockito.internal.creation.SerializableMockitoMethodProxy due to org.evosuite.ga.ConstructionFailedException: Max recursion depth reached

[Progress:=====================>        73%] [Cov:===============================>   89%]
[Progress:=====================>        73%] [Cov:===============================>   89%]
[Progress:=====================>        73%] [Cov:===============================>   89%][MASTER] 14:29:01.920 [logback-1] WARN  TestChromosome - Functional mock problem: org.evosuite.ga.ConstructionFailedException: Failed to add constructor for org.mockito.internal.invocation.Invocation due to org.evosuite.ga.ConstructionFailedException: Have no generator for org.mockito.internal.MockHandler<java.lang.annotation.Annotation> canUseFunctionalMocks=false, canBeMocked: false

[Progress:=====================>        73%] [Cov:===============================>   89%][MASTER] 14:29:02.004 [logback-1] WARN  TestChromosome - Functional mock problem: org.evosuite.ga.ConstructionFailedException: Failed to add constructor for org.mockito.internal.verification.MockAwareVerificationMode due to org.evosuite.ga.ConstructionFailedException: Failed to add constructor for org.mockito.internal.verification.MockAwareVerificationMode due to org.evosuite.ga.ConstructionFailedException: Failed to add constructor for org.mockito.internal.invocation.Invocation due to org.evosuite.ga.ConstructionFailedException: Failed to add constructor for org.mockito.internal.verification.MockAwareVerificationMode due to org.evosuite.ga.ConstructionFailedException: Max recursion depth reached

[Progress:======================>       74%] [Cov:===============================>   89%]
[Progress:======================>       74%] [Cov:===============================>   89%]
[Progress:======================>       74%] [Cov:===============================>   89%]
[Progress:======================>       74%] [Cov:===============================>   89%]
[Progress:======================>       74%] [Cov:===============================>   89%]
[Progress:======================>       74%] [Cov:===============================>   89%]
[Progress:======================>       74%] [Cov:===============================>   89%][MASTER] 14:29:02.429 [logback-1] WARN  TestChromosome - Functional mock problem: org.evosuite.ga.ConstructionFailedException: Failed to add constructor for org.mockito.internal.verification.MockAwareVerificationMode due to org.evosuite.ga.ConstructionFailedException: Failed to add constructor for org.mockito.internal.verification.MockAwareVerificationMode due to org.evosuite.ga.ConstructionFailedException: Failed to add constructor for org.mockito.internal.verification.MockAwareVerificationMode due to org.evosuite.ga.ConstructionFailedException: Failed to add constructor for org.mockito.internal.verification.MockAwareVerificationMode due to org.evosuite.ga.ConstructionFailedException: Have no generator for class org.mockito.internal.invocation.Invocation canUseFunctionalMocks=false, canBeMocked: true

[Progress:======================>       74%] [Cov:===============================>   89%]
[Progress:======================>       74%] [Cov:===============================>   89%]
[Progress:======================>       74%] [Cov:===============================>   89%]
[Progress:======================>       74%] [Cov:===============================>   89%]
[Progress:======================>       74%] [Cov:===============================>   89%][MASTER] 14:29:02.839 [logback-1] WARN  TestChromosome - Functional mock problem: org.evosuite.ga.ConstructionFailedException: Failed to add constructor for org.mockito.internal.verification.MockAwareVerificationMode due to org.evosuite.ga.ConstructionFailedException: Failed to add constructor for org.mockito.internal.verification.MockAwareVerificationMode due to org.evosuite.ga.ConstructionFailedException: Failed to add constructor for org.mockito.internal.invocation.InvocationMatcher due to org.evosuite.ga.ConstructionFailedException: Failed to add constructor for org.mockito.internal.invocation.InvocationMatcher due to org.evosuite.ga.ConstructionFailedException: Max recursion depth reached

[Progress:======================>       74%] [Cov:===============================>   89%]
[Progress:======================>       74%] [Cov:===============================>   89%][MASTER] 14:29:02.942 [logback-1] WARN  TestChromosome - Functional mock problem: org.evosuite.ga.ConstructionFailedException: Failed to add constructor for org.mockito.internal.invocation.InvocationMatcher due to org.evosuite.ga.ConstructionFailedException: Failed to add constructor for org.mockito.internal.stubbing.StubbedInvocationMatcher due to org.evosuite.ga.ConstructionFailedException: Failed to add constructor for org.mockito.stubbing.answers.ReturnsElementsOf due to org.evosuite.ga.ConstructionFailedException: Failed to add constructor for org.mockito.internal.verification.MockAwareVerificationMode due to org.evosuite.ga.ConstructionFailedException: Have no generator for org.mockito.internal.MockHandler<java.lang.Object> canUseFunctionalMocks=false, canBeMocked: false
[MASTER] 14:29:02.960 [logback-1] WARN  TestChromosome - Functional mock problem: org.evosuite.ga.ConstructionFailedException: Failed to add constructor for org.mockito.internal.verification.MockAwareVerificationMode due to org.evosuite.ga.ConstructionFailedException: Failed to add constructor for org.mockito.internal.invocation.Invocation due to org.evosuite.ga.ConstructionFailedException: Failed to add constructor for org.mockito.internal.invocation.realmethod.CGLIBProxyRealMethod due to org.evosuite.ga.ConstructionFailedException: Max recursion depth reached
[MASTER] 14:29:02.985 [logback-1] WARN  TestChromosome - Functional mock problem: org.evosuite.ga.ConstructionFailedException: Failed to add constructor for org.mockito.internal.verification.MockAwareVerificationMode due to org.evosuite.ga.ConstructionFailedException: Failed to add constructor for org.mockito.internal.invocation.InvocationMatcher due to org.evosuite.ga.ConstructionFailedException: Failed to add constructor for org.mockito.internal.invocation.Invocation due to org.evosuite.ga.ConstructionFailedException: Max recursion depth reached

[Progress:======================>       74%] [Cov:===============================>   89%]
[Progress:======================>       75%] [Cov:===============================>   89%]
[Progress:======================>       75%] [Cov:===============================>   89%]
[Progress:======================>       75%] [Cov:===============================>   89%][MASTER] 14:29:03.191 [logback-1] WARN  TestChromosome - Functional mock problem: org.evosuite.ga.ConstructionFailedException: Failed to add constructor for org.mockito.internal.verification.MockAwareVerificationMode due to org.evosuite.ga.ConstructionFailedException: Failed to add constructor for org.mockito.internal.invocation.InvocationMatcher due to org.evosuite.ga.ConstructionFailedException: Failed to add constructor for org.mockito.internal.invocation.Invocation due to org.evosuite.ga.ConstructionFailedException: Failed to add constructor for org.mockito.internal.invocation.realmethod.FilteredCGLIBProxyRealMethod due to org.evosuite.ga.ConstructionFailedException: Max recursion depth reached

[Progress:======================>       75%] [Cov:===============================>   89%]
[Progress:======================>       75%] [Cov:===============================>   89%][MASTER] 14:29:03.388 [logback-1] WARN  TestChromosome - Functional mock problem: org.evosuite.ga.ConstructionFailedException: Failed to add constructor for org.mockito.internal.verification.MockAwareVerificationMode due to org.evosuite.ga.ConstructionFailedException: Failed to add constructor for org.mockito.internal.invocation.Invocation due to org.evosuite.ga.ConstructionFailedException: Failed to add constructor for org.mockito.internal.invocation.realmethod.CGLIBProxyRealMethod due to org.evosuite.ga.ConstructionFailedException: Failed to add constructor for org.mockito.internal.creation.DelegatingMockitoMethodProxy due to org.evosuite.ga.ConstructionFailedException: Max recursion depth reached

[Progress:======================>       75%] [Cov:===============================>   89%]
[Progress:======================>       75%] [Cov:===============================>   89%]
[Progress:======================>       75%] [Cov:===============================>   89%]
[Progress:======================>       75%] [Cov:===============================>   89%]
[Progress:======================>       75%] [Cov:===============================>   89%]
[Progress:======================>       75%] [Cov:===============================>   89%]
[Progress:======================>       75%] [Cov:===============================>   89%]
[Progress:======================>       75%] [Cov:===============================>   89%]
[Progress:======================>       75%] [Cov:===============================>   89%]
[Progress:======================>       75%] [Cov:===============================>   89%][MASTER] 14:29:04.048 [logback-1] WARN  TestChromosome - Functional mock problem: org.evosuite.ga.ConstructionFailedException: Failed to add constructor for org.mockito.internal.verification.MockAwareVerificationMode due to org.evosuite.ga.ConstructionFailedException: Failed to add constructor for org.mockito.internal.invocation.Invocation due to org.evosuite.ga.ConstructionFailedException: Failed to add constructor for org.mockito.internal.invocation.realmethod.FilteredCGLIBProxyRealMethod due to org.evosuite.ga.ConstructionFailedException: Failed to add constructor for org.mockito.internal.creation.SerializableMockitoMethodProxy due to org.evosuite.ga.ConstructionFailedException: Max recursion depth reached

[Progress:======================>       75%] [Cov:===============================>   89%]
[Progress:======================>       75%] [Cov:===============================>   89%]
[Progress:======================>       75%] [Cov:===============================>   89%][MASTER] 14:29:04.259 [logback-1] WARN  TestChromosome - Functional mock problem: org.evosuite.ga.ConstructionFailedException: Failed to add constructor for org.mockito.internal.verification.MockAwareVerificationMode due to org.evosuite.ga.ConstructionFailedException: Failed to add constructor for org.mockito.internal.invocation.InvocationMatcher due to org.evosuite.ga.ConstructionFailedException: Failed to add constructor for org.mockito.internal.invocation.Invocation due to org.evosuite.ga.ConstructionFailedException: Have no generator for class org.mockito.internal.invocation.Invocation canUseFunctionalMocks=false, canBeMocked: true

[Progress:======================>       75%] [Cov:===============================>   89%]
[Progress:======================>       75%] [Cov:===============================>   89%]
[Progress:======================>       75%] [Cov:===============================>   89%]
[Progress:======================>       75%] [Cov:===============================>   89%]
[Progress:======================>       75%] [Cov:===============================>   89%][MASTER] 14:29:04.580 [logback-1] WARN  TestChromosome - Functional mock problem: org.evosuite.ga.ConstructionFailedException: Failed to add constructor for org.mockito.internal.verification.MockAwareVerificationMode due to org.evosuite.ga.ConstructionFailedException: Failed to add constructor for org.mockito.internal.verification.MockAwareVerificationMode due to org.evosuite.ga.ConstructionFailedException: Failed to add constructor for org.mockito.internal.verification.MockAwareVerificationMode due to org.evosuite.ga.ConstructionFailedException: Failed to add constructor for org.mockito.internal.verification.MockAwareVerificationMode due to org.evosuite.ga.ConstructionFailedException: Max recursion depth reached
[MASTER] 14:29:04.601 [logback-1] WARN  TestChromosome - Functional mock problem: org.evosuite.ga.ConstructionFailedException: Failed to add constructor for org.mockito.internal.verification.MockAwareVerificationMode due to org.evosuite.ga.ConstructionFailedException: Failed to add constructor for org.mockito.internal.verification.MockAwareVerificationMode due to org.evosuite.ga.ConstructionFailedException: Failed to add constructor for org.mockito.internal.invocation.Invocation due to org.evosuite.ga.ConstructionFailedException: Failed to add constructor for org.mockito.internal.invocation.realmethod.CGLIBProxyRealMethod due to org.evosuite.ga.ConstructionFailedException: Max recursion depth reached

[Progress:======================>       75%] [Cov:===============================>   89%]
[Progress:======================>       75%] [Cov:===============================>   89%]
[Progress:======================>       75%] [Cov:===============================>   89%]
[Progress:======================>       75%] [Cov:===============================>   89%]
[Progress:======================>       75%] [Cov:===============================>   89%]
[Progress:======================>       75%] [Cov:===============================>   89%]
[Progress:======================>       75%] [Cov:===============================>   89%]
[Progress:======================>       76%] [Cov:===============================>   89%]
[Progress:======================>       76%] [Cov:===============================>   89%][MASTER] 14:29:05.117 [logback-1] WARN  TestChromosome - Functional mock problem: org.evosuite.ga.ConstructionFailedException: Failed to add constructor for org.mockito.internal.verification.MockAwareVerificationMode due to org.evosuite.ga.ConstructionFailedException: Failed to add constructor for org.mockito.internal.verification.MockAwareVerificationMode due to org.evosuite.ga.ConstructionFailedException: Have no generator for org.mockito.internal.MockHandler<org.mockito.internal.verification.MockAwareVerificationMode> canUseFunctionalMocks=false, canBeMocked: false

[Progress:======================>       76%] [Cov:===============================>   89%]
[Progress:======================>       76%] [Cov:===============================>   89%]
[Progress:======================>       76%] [Cov:===============================>   89%]
[Progress:======================>       76%] [Cov:===============================>   89%]
[Progress:======================>       76%] [Cov:===============================>   89%]
[Progress:======================>       76%] [Cov:===============================>   89%][MASTER] 14:29:05.516 [logback-1] WARN  TestChromosome - Functional mock problem: org.evosuite.ga.ConstructionFailedException: Failed to add constructor for org.mockito.internal.verification.MockAwareVerificationMode due to org.evosuite.ga.ConstructionFailedException: Have no generator for class org.mockito.internal.progress.ThreadSafeMockingProgress canUseFunctionalMocks=false, canBeMocked: true
[MASTER] 14:29:05.542 [logback-1] WARN  TestChromosome - Functional mock problem: org.evosuite.ga.ConstructionFailedException: Have no generator for class org.mockito.internal.progress.ThreadSafeMockingProgress canUseFunctionalMocks=false, canBeMocked: true

[Progress:======================>       76%] [Cov:===============================>   89%][MASTER] 14:29:05.585 [logback-1] WARN  TestChromosome - Functional mock problem: org.evosuite.ga.ConstructionFailedException: Failed to add constructor for org.mockito.internal.verification.MockAwareVerificationMode due to org.evosuite.ga.ConstructionFailedException: Failed to add constructor for org.mockito.verification.VerificationWithTimeout due to org.evosuite.ga.ConstructionFailedException: Have no generator for class org.mockito.internal.progress.ThreadSafeMockingProgress canUseFunctionalMocks=false, canBeMocked: true
[MASTER] 14:29:05.620 [logback-1] WARN  TestChromosome - Functional mock problem: org.evosuite.ga.ConstructionFailedException: Failed to add constructor for org.mockito.internal.invocation.Invocation due to org.evosuite.ga.ConstructionFailedException: Failed to add constructor for org.mockito.internal.verification.MockAwareVerificationMode due to org.evosuite.ga.ConstructionFailedException: Failed to add constructor for org.mockito.verification.VerificationWithTimeout due to org.evosuite.ga.ConstructionFailedException: Have no generator for class org.mockito.internal.progress.ThreadSafeMockingProgress canUseFunctionalMocks=false, canBeMocked: true

[Progress:======================>       76%] [Cov:===============================>   89%][MASTER] 14:29:05.666 [logback-1] WARN  TestChromosome - Functional mock problem: org.evosuite.ga.ConstructionFailedException: Failed to add constructor for org.mockito.internal.invocation.InvocationMatcher due to org.evosuite.ga.ConstructionFailedException: Failed to add constructor for org.mockito.internal.invocation.Invocation due to org.evosuite.ga.ConstructionFailedException: Failed to add constructor for org.mockito.internal.verification.MockAwareVerificationMode due to org.evosuite.ga.ConstructionFailedException: Max recursion depth reached

[Progress:======================>       76%] [Cov:===============================>   89%][MASTER] 14:29:05.735 [logback-1] WARN  TestChromosome - Functional mock problem: org.evosuite.ga.ConstructionFailedException: Failed to add constructor for org.mockito.internal.invocation.InvocationMatcher due to org.evosuite.ga.ConstructionFailedException: Failed to add constructor for org.mockito.internal.invocation.Invocation due to org.evosuite.ga.ConstructionFailedException: Failed to add constructor for org.mockito.internal.verification.MockAwareVerificationMode due to org.evosuite.ga.ConstructionFailedException: Failed to add constructor for org.mockito.internal.MockHandler due to org.evosuite.ga.ConstructionFailedException: Max recursion depth reached

[Progress:======================>       76%] [Cov:===============================>   89%][MASTER] 14:29:05.777 [logback-1] WARN  TestChromosome - Functional mock problem: org.evosuite.ga.ConstructionFailedException: Failed to add constructor for org.mockito.internal.invocation.InvocationMatcher due to org.evosuite.ga.ConstructionFailedException: Failed to add constructor for org.mockito.internal.invocation.Invocation due to org.evosuite.ga.ConstructionFailedException: Failed to add constructor for org.mockito.internal.invocation.realmethod.FilteredCGLIBProxyRealMethod due to org.evosuite.ga.ConstructionFailedException: Failed to add constructor for org.mockito.internal.invocation.realmethod.CGLIBProxyRealMethod due to org.evosuite.ga.ConstructionFailedException: Max recursion depth reached
[MASTER] 14:29:05.839 [logback-1] WARN  TestChromosome - Functional mock problem: org.evosuite.ga.ConstructionFailedException: Failed to add constructor for org.mockito.internal.invocation.Invocation due to org.evosuite.ga.ConstructionFailedException: Failed to add constructor for org.mockito.internal.verification.MockAwareVerificationMode due to org.evosuite.ga.ConstructionFailedException: Failed to add constructor for org.mockito.internal.verification.MockAwareVerificationMode due to org.evosuite.ga.ConstructionFailedException: Failed to add constructor for org.mockito.internal.MockHandler due to org.evosuite.ga.ConstructionFailedException: Max recursion depth reached

[Progress:======================>       76%] [Cov:===============================>   89%]
[Progress:======================>       76%] [Cov:===============================>   89%]
[Progress:======================>       76%] [Cov:===============================>   89%]
[Progress:=======================>      77%] [Cov:===============================>   89%]
[Progress:=======================>      77%] [Cov:===============================>   89%]
[Progress:=======================>      77%] [Cov:===============================>   89%]
[Progress:=======================>      77%] [Cov:===============================>   89%]
[Progress:=======================>      77%] [Cov:===============================>   89%][MASTER] 14:29:06.321 [logback-1] WARN  TestChromosome - Functional mock problem: org.evosuite.ga.ConstructionFailedException: Failed to add constructor for org.mockito.internal.verification.MockAwareVerificationMode due to org.evosuite.ga.ConstructionFailedException: Failed to add constructor for org.mockito.internal.verification.MockAwareVerificationMode due to org.evosuite.ga.ConstructionFailedException: Failed to add constructor for org.mockito.internal.invocation.InvocationMatcher due to org.evosuite.ga.ConstructionFailedException: Failed to add constructor for org.mockito.internal.stubbing.StubbedInvocationMatcher due to org.evosuite.ga.ConstructionFailedException: Max recursion depth reached
[MASTER] 14:29:06.382 [logback-1] WARN  TestChromosome - Functional mock problem: org.evosuite.ga.ConstructionFailedException: Failed to add constructor for org.mockito.internal.invocation.InvocationMatcher due to org.evosuite.ga.ConstructionFailedException: Failed to add constructor for org.mockito.internal.invocation.Invocation due to org.evosuite.ga.ConstructionFailedException: Failed to add constructor for org.mockito.internal.verification.MockAwareVerificationMode due to org.evosuite.ga.ConstructionFailedException: Have no generator for class org.mockito.internal.invocation.Invocation canUseFunctionalMocks=false, canBeMocked: true

[Progress:=======================>      77%] [Cov:===============================>   89%][MASTER] 14:29:06.446 [logback-1] WARN  TestChromosome - Functional mock problem: org.evosuite.ga.ConstructionFailedException: Failed to add constructor for org.mockito.internal.verification.MockAwareVerificationMode due to org.evosuite.ga.ConstructionFailedException: Failed to add constructor for org.mockito.internal.invocation.Invocation due to org.evosuite.ga.ConstructionFailedException: Failed to add constructor for org.mockito.internal.MockHandler due to org.evosuite.ga.ConstructionFailedException: Failed to add constructor for org.mockito.internal.MockHandler due to org.evosuite.ga.ConstructionFailedException: Max recursion depth reached

[Progress:=======================>      77%] [Cov:===============================>   89%][MASTER] 14:29:06.502 [logback-1] WARN  TestChromosome - Functional mock problem: org.evosuite.ga.ConstructionFailedException: Failed to add constructor for org.mockito.internal.invocation.InvocationMatcher due to org.evosuite.ga.ConstructionFailedException: Failed to add constructor for org.mockito.internal.invocation.Invocation due to org.evosuite.ga.ConstructionFailedException: Failed to add constructor for org.mockito.internal.invocation.realmethod.FilteredCGLIBProxyRealMethod due to org.evosuite.ga.ConstructionFailedException: Failed to add constructor for org.mockito.internal.creation.SerializableMockitoMethodProxy due to org.evosuite.ga.ConstructionFailedException: Max recursion depth reached

[Progress:=======================>      77%] [Cov:===============================>   89%]
[Progress:=======================>      77%] [Cov:===============================>   89%]
[Progress:=======================>      77%] [Cov:===============================>   89%]
[Progress:=======================>      77%] [Cov:===============================>   89%]
[Progress:=======================>      77%] [Cov:===============================>   89%]
[Progress:=======================>      77%] [Cov:===============================>   89%]
[Progress:=======================>      77%] [Cov:===============================>   89%][MASTER] 14:29:07.025 [logback-1] WARN  TestChromosome - Functional mock problem: org.evosuite.ga.ConstructionFailedException: Failed to add constructor for org.mockito.internal.verification.MockAwareVerificationMode due to org.evosuite.ga.ConstructionFailedException: Failed to add constructor for org.mockito.internal.verification.MockAwareVerificationMode due to org.evosuite.ga.ConstructionFailedException: Failed to add constructor for org.mockito.internal.verification.MockAwareVerificationMode due to org.evosuite.ga.ConstructionFailedException: Have no generator for class org.mockito.internal.invocation.Invocation canUseFunctionalMocks=false, canBeMocked: true

[Progress:=======================>      78%] [Cov:===============================>   89%]
[Progress:=======================>      78%] [Cov:===============================>   89%]
[Progress:=======================>      78%] [Cov:===============================>   89%]
[Progress:=======================>      78%] [Cov:===============================>   89%][MASTER] 14:29:07.238 [logback-1] WARN  TestChromosome - Functional mock problem: org.evosuite.ga.ConstructionFailedException: Failed to add constructor for org.mockito.internal.invocation.InvocationMatcher due to org.evosuite.ga.ConstructionFailedException: Have no generator for class org.mockito.internal.progress.ArgumentMatcherStorageImpl canUseFunctionalMocks=false, canBeMocked: true

[Progress:=======================>      78%] [Cov:===============================>   89%]
[Progress:=======================>      78%] [Cov:===============================>   89%]
[Progress:=======================>      78%] [Cov:===============================>   90%]
[Progress:=======================>      78%] [Cov:===============================>   90%]
[Progress:=======================>      78%] [Cov:===============================>   90%]
[Progress:=======================>      78%] [Cov:===============================>   90%][MASTER] 14:29:07.679 [logback-1] WARN  TestChromosome - Functional mock problem: org.evosuite.ga.ConstructionFailedException: Failed to add constructor for org.mockito.internal.verification.MockAwareVerificationMode due to org.evosuite.ga.ConstructionFailedException: Failed to add constructor for org.mockito.internal.invocation.InvocationMatcher due to org.evosuite.ga.ConstructionFailedException: Failed to add constructor for org.mockito.internal.stubbing.StubbedInvocationMatcher due to org.evosuite.ga.ConstructionFailedException: Failed to add constructor for org.mockito.stubbing.answers.ReturnsElementsOf due to org.evosuite.ga.ConstructionFailedException: Max recursion depth reached

[Progress:=======================>      78%] [Cov:===============================>   90%]
[Progress:=======================>      78%] [Cov:===============================>   90%]
[Progress:=======================>      78%] [Cov:===============================>   90%][MASTER] 14:29:07.904 [logback-1] WARN  TestChromosome - Functional mock problem: org.evosuite.ga.ConstructionFailedException: Failed to add constructor for org.mockito.internal.verification.MockAwareVerificationMode due to org.evosuite.ga.ConstructionFailedException: Failed to add constructor for org.mockito.internal.verification.MockAwareVerificationMode due to org.evosuite.ga.ConstructionFailedException: Have no generator for org.mockito.internal.MockHandler<java.lang.annotation.Annotation> canUseFunctionalMocks=false, canBeMocked: false

[Progress:=======================>      78%] [Cov:===============================>   90%]
[Progress:=======================>      78%] [Cov:===============================>   90%]
[Progress:=======================>      79%] [Cov:===============================>   90%]
[Progress:=======================>      79%] [Cov:===============================>   90%]
[Progress:=======================>      79%] [Cov:===============================>   90%]
[Progress:=======================>      79%] [Cov:===============================>   90%][MASTER] 14:29:08.262 [logback-1] WARN  TestChromosome - Functional mock problem: org.evosuite.ga.ConstructionFailedException: Failed to add constructor for org.mockito.internal.invocation.Invocation due to org.evosuite.ga.ConstructionFailedException: Failed to add constructor for org.mockito.internal.verification.MockAwareVerificationMode due to org.evosuite.ga.ConstructionFailedException: Max recursion depth reached

[Progress:=======================>      79%] [Cov:===============================>   90%]
[Progress:=======================>      79%] [Cov:===============================>   90%]
[Progress:=======================>      79%] [Cov:===============================>   90%]
[Progress:=======================>      79%] [Cov:===============================>   90%]
[Progress:=======================>      79%] [Cov:===============================>   90%]
[Progress:=======================>      79%] [Cov:===============================>   90%][MASTER] 14:29:08.713 [logback-1] WARN  TestChromosome - Functional mock problem: org.evosuite.ga.ConstructionFailedException: Failed to add constructor for org.mockito.internal.stubbing.StubbedInvocationMatcher due to org.evosuite.ga.ConstructionFailedException: Failed to add constructor for org.mockito.internal.invocation.Invocation due to org.evosuite.ga.ConstructionFailedException: Failed to add constructor for org.mockito.internal.invocation.realmethod.CGLIBProxyRealMethod due to org.evosuite.ga.ConstructionFailedException: Max recursion depth reached

[Progress:=======================>      79%] [Cov:===============================>   90%]
[Progress:=======================>      79%] [Cov:===============================>   90%][MASTER] 14:29:08.881 [logback-1] WARN  TestChromosome - Functional mock problem: org.evosuite.ga.ConstructionFailedException: Failed to add constructor for org.mockito.internal.invocation.Invocation due to org.evosuite.ga.ConstructionFailedException: Failed to add constructor for org.mockito.internal.verification.MockAwareVerificationMode due to org.evosuite.ga.ConstructionFailedException: Failed to add constructor for org.mockito.internal.MockHandler due to org.evosuite.ga.ConstructionFailedException: Max recursion depth reached

[Progress:=======================>      79%] [Cov:===============================>   90%]
[Progress:=======================>      79%] [Cov:===============================>   90%]
[Progress:========================>     80%] [Cov:===============================>   90%]
[Progress:========================>     80%] [Cov:===============================>   90%]
[Progress:========================>     80%] [Cov:===============================>   90%]
[Progress:========================>     80%] [Cov:===============================>   90%]
[Progress:========================>     80%] [Cov:===============================>   90%]
[Progress:========================>     80%] [Cov:===============================>   90%]
[Progress:========================>     80%] [Cov:===============================>   90%]
[Progress:========================>     80%] [Cov:===============================>   90%]
[Progress:========================>     80%] [Cov:===============================>   90%]
[Progress:========================>     80%] [Cov:===============================>   90%]
[Progress:========================>     80%] [Cov:===============================>   90%]
[Progress:========================>     80%] [Cov:===============================>   90%]
[Progress:========================>     80%] [Cov:===============================>   90%]
[Progress:========================>     80%] [Cov:===============================>   90%]
[Progress:========================>     80%] [Cov:===============================>   90%][MASTER] 14:29:10.006 [logback-1] WARN  TestChromosome - Functional mock problem: org.evosuite.ga.ConstructionFailedException: Failed to add constructor for org.mockito.internal.stubbing.StubbedInvocationMatcher due to org.evosuite.ga.ConstructionFailedException: Failed to add constructor for org.mockito.internal.MockHandler due to org.evosuite.ga.ConstructionFailedException: Failed to add constructor for org.mockito.internal.MockHandler due to org.evosuite.ga.ConstructionFailedException: Max recursion depth reached
[MASTER] 14:29:10.025 [logback-1] WARN  TestChromosome - Functional mock problem: org.evosuite.ga.ConstructionFailedException: Failed to add constructor for org.mockito.internal.invocation.Invocation due to org.evosuite.ga.ConstructionFailedException: Failed to add constructor for org.mockito.internal.verification.MockAwareVerificationMode due to org.evosuite.ga.ConstructionFailedException: Failed to add constructor for org.mockito.internal.verification.MockAwareVerificationMode due to org.evosuite.ga.ConstructionFailedException: Have no generator for class org.mockito.internal.invocation.Invocation canUseFunctionalMocks=false, canBeMocked: true

[Progress:========================>     80%] [Cov:===============================>   90%]
[Progress:========================>     80%] [Cov:===============================>   90%]
[Progress:========================>     80%] [Cov:===============================>   90%]
[Progress:========================>     80%] [Cov:===============================>   90%]
[Progress:========================>     80%] [Cov:===============================>   90%]
[Progress:========================>     80%] [Cov:===============================>   90%]
[Progress:========================>     80%] [Cov:===============================>   90%]
[Progress:========================>     80%] [Cov:===============================>   90%]
[Progress:========================>     80%] [Cov:===============================>   90%]
[Progress:========================>     80%] [Cov:===============================>   90%]
[Progress:========================>     80%] [Cov:===============================>   90%]
[Progress:========================>     80%] [Cov:===============================>   90%]
[Progress:========================>     80%] [Cov:===============================>   90%]
[Progress:========================>     80%] [Cov:===============================>   90%]
[Progress:========================>     81%] [Cov:===============================>   90%][MASTER] 14:29:11.059 [logback-1] WARN  TestChromosome - Functional mock problem: org.evosuite.ga.ConstructionFailedException: Failed to add constructor for org.mockito.internal.verification.MockAwareVerificationMode due to org.evosuite.ga.ConstructionFailedException: Failed to add constructor for org.mockito.internal.invocation.Invocation due to org.evosuite.ga.ConstructionFailedException: Failed to add constructor for org.mockito.internal.verification.MockAwareVerificationMode due to org.evosuite.ga.ConstructionFailedException: Have no generator for class org.mockito.internal.invocation.Invocation canUseFunctionalMocks=false, canBeMocked: true

[Progress:========================>     81%] [Cov:===============================>   90%][MASTER] 14:29:11.193 [logback-1] WARN  TestChromosome - Functional mock problem: org.evosuite.ga.ConstructionFailedException: Failed to add constructor for org.mockito.internal.invocation.Invocation due to org.evosuite.ga.ConstructionFailedException: Have no generator for class java.lang.reflect.AccessibleObject canUseFunctionalMocks=false, canBeMocked: true

[Progress:========================>     81%] [Cov:===============================>   90%]
[Progress:========================>     81%] [Cov:===============================>   90%]
[Progress:========================>     81%] [Cov:===============================>   90%]
[Progress:========================>     81%] [Cov:===============================>   90%]
[Progress:========================>     81%] [Cov:===============================>   90%]
[Progress:========================>     81%] [Cov:===============================>   90%][MASTER] 14:29:11.602 [logback-1] WARN  TestChromosome - Functional mock problem: org.evosuite.ga.ConstructionFailedException: Failed to add constructor for org.mockito.internal.verification.MockAwareVerificationMode due to org.evosuite.ga.ConstructionFailedException: Failed to add constructor for org.mockito.internal.invocation.Invocation due to org.evosuite.ga.ConstructionFailedException: Failed to add constructor for org.mockito.internal.invocation.realmethod.FilteredCGLIBProxyRealMethod due to org.evosuite.ga.ConstructionFailedException: Max recursion depth reached

[Progress:========================>     81%] [Cov:===============================>   90%]
[Progress:========================>     81%] [Cov:===============================>   90%]
[Progress:========================>     81%] [Cov:===============================>   90%]
[Progress:========================>     81%] [Cov:===============================>   90%]
[Progress:========================>     81%] [Cov:===============================>   90%]
[Progress:========================>     82%] [Cov:===============================>   90%]
[Progress:========================>     82%] [Cov:===============================>   90%][MASTER] 14:29:12.103 [logback-1] WARN  TestChromosome - Functional mock problem: org.evosuite.ga.ConstructionFailedException: Failed to add constructor for org.mockito.internal.verification.MockAwareVerificationMode due to org.evosuite.ga.ConstructionFailedException: Failed to add constructor for org.mockito.internal.verification.MockAwareVerificationMode due to org.evosuite.ga.ConstructionFailedException: Failed to add constructor for org.mockito.internal.verification.MockAwareVerificationMode due to org.evosuite.ga.ConstructionFailedException: Failed to add constructor for org.mockito.internal.verification.MockAwareVerificationMode due to org.evosuite.ga.ConstructionFailedException: Failed to add constructor for org.mockito.internal.verification.MockAwareVerificationMode due to org.evosuite.ga.ConstructionFailedException: Max recursion depth reached

[Progress:========================>     82%] [Cov:===============================>   90%]
[Progress:========================>     82%] [Cov:===============================>   90%]
[Progress:========================>     82%] [Cov:===============================>   90%]
[Progress:========================>     82%] [Cov:===============================>   90%]
[Progress:========================>     82%] [Cov:===============================>   90%]
[Progress:========================>     82%] [Cov:===============================>   90%]
[Progress:========================>     82%] [Cov:===============================>   90%]
[Progress:========================>     82%] [Cov:===============================>   90%]
[Progress:========================>     82%] [Cov:===============================>   90%]
[Progress:========================>     82%] [Cov:===============================>   90%]
[Progress:========================>     82%] [Cov:===============================>   90%]
[Progress:========================>     82%] [Cov:===============================>   90%]
[Progress:========================>     82%] [Cov:===============================>   90%]
[Progress:========================>     82%] [Cov:===============================>   90%]
[Progress:========================>     83%] [Cov:===============================>   90%]
[Progress:========================>     83%] [Cov:===============================>   90%]
[Progress:========================>     83%] [Cov:===============================>   90%]
[Progress:========================>     83%] [Cov:===============================>   90%]
[Progress:========================>     83%] [Cov:===============================>   90%]
[Progress:========================>     83%] [Cov:===============================>   90%]
[Progress:========================>     83%] [Cov:===============================>   90%]
[Progress:========================>     83%] [Cov:===============================>   90%]
[Progress:========================>     83%] [Cov:===============================>   90%]
[Progress:========================>     83%] [Cov:===============================>   90%]
[Progress:========================>     83%] [Cov:===============================>   90%]
[Progress:========================>     83%] [Cov:===============================>   90%]
[Progress:========================>     83%] [Cov:===============================>   90%]
[Progress:=========================>    84%] [Cov:===============================>   90%]
[Progress:=========================>    84%] [Cov:===============================>   90%]
[Progress:=========================>    84%] [Cov:===============================>   90%]
[Progress:=========================>    84%] [Cov:===============================>   90%]
[Progress:=========================>    84%] [Cov:===============================>   90%]
[Progress:=========================>    84%] [Cov:===============================>   90%]
[Progress:=========================>    84%] [Cov:===============================>   90%]
[Progress:=========================>    84%] [Cov:===============================>   90%]
[Progress:=========================>    84%] [Cov:===============================>   90%]
[Progress:=========================>    84%] [Cov:===============================>   90%]
[Progress:=========================>    84%] [Cov:===============================>   90%]
[Progress:=========================>    84%] [Cov:===============================>   90%]
[Progress:=========================>    84%] [Cov:===============================>   90%]
[Progress:=========================>    84%] [Cov:===============================>   90%]
[Progress:=========================>    85%] [Cov:===============================>   90%]
[Progress:=========================>    85%] [Cov:===============================>   90%]
[Progress:=========================>    85%] [Cov:===============================>   90%]
[Progress:=========================>    85%] [Cov:===============================>   90%]
[Progress:=========================>    85%] [Cov:===============================>   90%]
[Progress:=========================>    85%] [Cov:===============================>   90%]
[Progress:=========================>    85%] [Cov:===============================>   90%]
[Progress:=========================>    85%] [Cov:===============================>   90%]
[Progress:=========================>    85%] [Cov:===============================>   90%]
[Progress:=========================>    85%] [Cov:===============================>   90%]
[Progress:=========================>    85%] [Cov:===============================>   90%]
[Progress:=========================>    85%] [Cov:===============================>   90%]
[Progress:=========================>    85%] [Cov:===============================>   90%]
[Progress:=========================>    85%] [Cov:===============================>   90%]
[Progress:=========================>    85%] [Cov:===============================>   90%]
[Progress:=========================>    85%] [Cov:===============================>   90%]
[Progress:=========================>    85%] [Cov:===============================>   90%]
[Progress:=========================>    85%] [Cov:===============================>   90%]
[Progress:=========================>    85%] [Cov:===============================>   90%]
[Progress:=========================>    85%] [Cov:===============================>   90%]
[Progress:=========================>    85%] [Cov:===============================>   90%]
[Progress:=========================>    85%] [Cov:===============================>   90%]
[Progress:=========================>    85%] [Cov:===============================>   90%]
[Progress:=========================>    85%] [Cov:===============================>   90%]
[Progress:=========================>    85%] [Cov:===============================>   90%]
[Progress:=========================>    85%] [Cov:===============================>   90%]
[Progress:=========================>    86%] [Cov:===============================>   90%]
[Progress:=========================>    86%] [Cov:===============================>   90%]
[Progress:=========================>    86%] [Cov:===============================>   90%]
[Progress:=========================>    86%] [Cov:===============================>   90%]
[Progress:=========================>    86%] [Cov:===============================>   90%]
[Progress:=========================>    86%] [Cov:===============================>   90%]
[Progress:=========================>    86%] [Cov:===============================>   90%]
[Progress:=========================>    86%] [Cov:===============================>   90%]
[Progress:=========================>    86%] [Cov:===============================>   90%]
[Progress:=========================>    86%] [Cov:===============================>   90%]
[Progress:=========================>    86%] [Cov:===============================>   90%]
[Progress:=========================>    86%] [Cov:===============================>   90%]
[Progress:=========================>    86%] [Cov:===============================>   90%]
[Progress:=========================>    86%] [Cov:===============================>   90%][MASTER] 14:29:17.960 [logback-1] WARN  TestChromosome - Functional mock problem: org.evosuite.ga.ConstructionFailedException: Failed to add constructor for org.mockito.internal.verification.MockAwareVerificationMode due to org.evosuite.ga.ConstructionFailedException: Failed to add constructor for org.mockito.internal.verification.MockAwareVerificationMode due to org.evosuite.ga.ConstructionFailedException: Failed to add constructor for org.mockito.internal.stubbing.StubbedInvocationMatcher due to org.evosuite.ga.ConstructionFailedException: Failed to add constructor for org.mockito.stubbing.answers.ReturnsElementsOf due to org.evosuite.ga.ConstructionFailedException: Max recursion depth reached

[Progress:=========================>    86%] [Cov:===============================>   90%]
[Progress:==========================>   87%] [Cov:===============================>   90%]
[Progress:==========================>   87%] [Cov:===============================>   90%]
[Progress:==========================>   87%] [Cov:===============================>   90%]
[Progress:==========================>   87%] [Cov:===============================>   90%]
[Progress:==========================>   87%] [Cov:===============================>   90%]
[Progress:==========================>   87%] [Cov:===============================>   90%]
[Progress:==========================>   87%] [Cov:===============================>   90%]
[Progress:==========================>   87%] [Cov:===============================>   90%]
[Progress:==========================>   87%] [Cov:===============================>   90%]
[Progress:==========================>   87%] [Cov:===============================>   90%]
[Progress:==========================>   87%] [Cov:===============================>   90%]
[Progress:==========================>   87%] [Cov:===============================>   90%]
[Progress:==========================>   87%] [Cov:===============================>   90%]
[Progress:==========================>   87%] [Cov:===============================>   90%]
[Progress:==========================>   88%] [Cov:===============================>   90%]
[Progress:==========================>   88%] [Cov:===============================>   90%]
[Progress:==========================>   88%] [Cov:===============================>   90%]
[Progress:==========================>   88%] [Cov:===============================>   90%]
[Progress:==========================>   88%] [Cov:===============================>   90%]
[Progress:==========================>   88%] [Cov:===============================>   90%]
[Progress:==========================>   88%] [Cov:===============================>   90%]
[Progress:==========================>   88%] [Cov:===============================>   90%]
[Progress:==========================>   88%] [Cov:===============================>   90%]
[Progress:==========================>   88%] [Cov:===============================>   90%]
[Progress:==========================>   88%] [Cov:===============================>   90%]
[Progress:==========================>   88%] [Cov:===============================>   90%]
[Progress:==========================>   88%] [Cov:===============================>   90%]
[Progress:==========================>   88%] [Cov:===============================>   90%]
[Progress:==========================>   88%] [Cov:===============================>   90%]
[Progress:==========================>   89%] [Cov:===============================>   90%]
[Progress:==========================>   89%] [Cov:===============================>   90%]
[Progress:==========================>   89%] [Cov:===============================>   90%]
[Progress:==========================>   89%] [Cov:===============================>   90%]
[Progress:==========================>   89%] [Cov:===============================>   90%]
[Progress:==========================>   89%] [Cov:===============================>   90%]
[Progress:==========================>   89%] [Cov:===============================>   90%]
[Progress:==========================>   89%] [Cov:===============================>   90%]
[Progress:==========================>   89%] [Cov:===============================>   90%]
[Progress:==========================>   89%] [Cov:===============================>   90%]
[Progress:==========================>   89%] [Cov:===============================>   90%]
[Progress:==========================>   89%] [Cov:===============================>   90%]
[Progress:===========================>  90%] [Cov:===============================>   90%]
[Progress:===========================>  90%] [Cov:===============================>   90%]
[Progress:===========================>  90%] [Cov:===============================>   90%]
[Progress:===========================>  90%] [Cov:===============================>   90%]
[Progress:===========================>  90%] [Cov:===============================>   90%]
[Progress:===========================>  90%] [Cov:===============================>   90%]
[Progress:===========================>  90%] [Cov:===============================>   90%]
[Progress:===========================>  90%] [Cov:===============================>   90%]
[Progress:===========================>  90%] [Cov:===============================>   90%]
[Progress:===========================>  90%] [Cov:===============================>   90%]
[Progress:===========================>  90%] [Cov:===============================>   90%]
[Progress:===========================>  90%] [Cov:===============================>   90%]
[Progress:===========================>  90%] [Cov:===============================>   90%]
[Progress:===========================>  90%] [Cov:===============================>   90%]
[Progress:===========================>  90%] [Cov:===============================>   90%]
[Progress:===========================>  90%] [Cov:===============================>   90%]
[Progress:===========================>  90%] [Cov:===============================>   90%]
[Progress:===========================>  90%] [Cov:===============================>   90%]
[Progress:===========================>  90%] [Cov:===============================>   90%]
[Progress:===========================>  90%] [Cov:===============================>   90%]
[Progress:===========================>  90%] [Cov:===============================>   90%]
[Progress:===========================>  90%] [Cov:===============================>   90%]
[Progress:===========================>  90%] [Cov:===============================>   90%]
[Progress:===========================>  90%] [Cov:===============================>   90%]
[Progress:===========================>  90%] [Cov:===============================>   90%]
[Progress:===========================>  90%] [Cov:===============================>   90%]
[Progress:===========================>  91%] [Cov:===============================>   90%]
[Progress:===========================>  91%] [Cov:===============================>   90%]
[Progress:===========================>  91%] [Cov:===============================>   90%]
[Progress:===========================>  91%] [Cov:===============================>   90%]
[Progress:===========================>  91%] [Cov:===============================>   90%]
[Progress:===========================>  91%] [Cov:===============================>   90%]
[Progress:===========================>  91%] [Cov:===============================>   90%]
[Progress:===========================>  91%] [Cov:===============================>   90%]
[Progress:===========================>  91%] [Cov:===============================>   90%]
[Progress:===========================>  91%] [Cov:===============================>   90%]
[Progress:===========================>  91%] [Cov:===============================>   90%]
[Progress:===========================>  91%] [Cov:===============================>   90%]
[Progress:===========================>  91%] [Cov:===============================>   90%]
[Progress:===========================>  91%] [Cov:===============================>   90%]
[Progress:===========================>  91%] [Cov:===============================>   90%]
[Progress:===========================>  92%] [Cov:===============================>   90%]
[Progress:===========================>  92%] [Cov:===============================>   90%]
[Progress:===========================>  92%] [Cov:===============================>   90%]
[Progress:===========================>  92%] [Cov:===============================>   90%]
[Progress:===========================>  92%] [Cov:===============================>   90%]
[Progress:===========================>  92%] [Cov:===============================>   90%]
[Progress:===========================>  92%] [Cov:===============================>   90%]
[Progress:===========================>  92%] [Cov:===============================>   90%]
[Progress:===========================>  92%] [Cov:===============================>   90%]
[Progress:===========================>  92%] [Cov:===============================>   90%]
[Progress:===========================>  92%] [Cov:===============================>   90%]
[Progress:===========================>  92%] [Cov:===============================>   90%]
[Progress:===========================>  92%] [Cov:===============================>   90%]
[Progress:===========================>  92%] [Cov:===============================>   90%]
[Progress:===========================>  93%] [Cov:===============================>   90%]
[Progress:===========================>  93%] [Cov:===============================>   90%]
[Progress:===========================>  93%] [Cov:===============================>   90%]
[Progress:===========================>  93%] [Cov:===============================>   90%]
[Progress:===========================>  93%] [Cov:===============================>   90%]
[Progress:===========================>  93%] [Cov:===============================>   90%]
[Progress:===========================>  93%] [Cov:===============================>   90%]
[Progress:===========================>  93%] [Cov:===============================>   90%]
[Progress:===========================>  93%] [Cov:===============================>   90%]
[Progress:===========================>  93%] [Cov:===============================>   90%]
[Progress:===========================>  93%] [Cov:===============================>   90%]
[Progress:===========================>  93%] [Cov:===============================>   90%]
[Progress:===========================>  93%] [Cov:===============================>   90%]
[Progress:===========================>  93%] [Cov:===============================>   90%]
[Progress:===========================>  93%] [Cov:===============================>   90%]
[Progress:===========================>  93%] [Cov:===============================>   90%]
[Progress:============================> 94%] [Cov:===============================>   90%]
[Progress:============================> 94%] [Cov:===============================>   90%]
[Progress:============================> 94%] [Cov:===============================>   90%]
[Progress:============================> 94%] [Cov:===============================>   90%]
[Progress:============================> 94%] [Cov:===============================>   90%]
[Progress:============================> 94%] [Cov:===============================>   90%]
[Progress:============================> 94%] [Cov:===============================>   90%]
[Progress:============================> 94%] [Cov:===============================>   90%]
[Progress:============================> 94%] [Cov:===============================>   90%]
[Progress:============================> 94%] [Cov:===============================>   90%]
[Progress:============================> 94%] [Cov:===============================>   90%]
[Progress:============================> 94%] [Cov:===============================>   90%]
[Progress:============================> 94%] [Cov:===============================>   90%]
[Progress:============================> 94%] [Cov:===============================>   90%]
[Progress:============================> 94%] [Cov:===============================>   90%]
[Progress:============================> 94%] [Cov:===============================>   90%]
[Progress:============================> 95%] [Cov:===============================>   90%]
[Progress:============================> 95%] [Cov:===============================>   90%]
[Progress:============================> 95%] [Cov:===============================>   90%]
[Progress:============================> 95%] [Cov:===============================>   90%]
[Progress:============================> 95%] [Cov:===============================>   90%]
[Progress:============================> 95%] [Cov:===============================>   90%]
[Progress:============================> 95%] [Cov:===============================>   90%]
[Progress:============================> 95%] [Cov:===============================>   90%]
[Progress:============================> 95%] [Cov:===============================>   90%]
[Progress:============================> 95%] [Cov:===============================>   90%]
[Progress:============================> 95%] [Cov:===============================>   90%]
[Progress:============================> 95%] [Cov:===============================>   90%]
[Progress:============================> 95%] [Cov:===============================>   90%]
[Progress:============================> 95%] [Cov:===============================>   90%]
[Progress:============================> 95%] [Cov:===============================>   90%]
[Progress:============================> 95%] [Cov:===============================>   90%]
[Progress:============================> 95%] [Cov:===============================>   90%]
[Progress:============================> 95%] [Cov:===============================>   90%]
[Progress:============================> 95%] [Cov:===============================>   90%]
[Progress:============================> 95%] [Cov:===============================>   90%]
[Progress:============================> 95%] [Cov:===============================>   90%]
[Progress:============================> 95%] [Cov:===============================>   90%]
[Progress:============================> 95%] [Cov:===============================>   90%]
[Progress:============================> 95%] [Cov:===============================>   90%]
[Progress:============================> 95%] [Cov:===============================>   90%]
[Progress:============================> 95%] [Cov:===============================>   90%]
[Progress:============================> 95%] [Cov:===============================>   90%]
[Progress:============================> 95%] [Cov:===============================>   90%]
[Progress:============================> 96%] [Cov:===============================>   90%]
[Progress:============================> 96%] [Cov:===============================>   90%]
[Progress:============================> 96%] [Cov:===============================>   90%]
[Progress:============================> 96%] [Cov:===============================>   90%]
[Progress:============================> 96%] [Cov:===============================>   90%]
[Progress:============================> 96%] [Cov:===============================>   90%]
[Progress:============================> 96%] [Cov:===============================>   90%]
[Progress:============================> 96%] [Cov:===============================>   90%]
[Progress:============================> 96%] [Cov:===============================>   90%][MASTER] 14:29:29.646 [logback-1] WARN  TestCluster - Failed to check cache for org.hamcrest.Matcher<T> : Type points to itself

[Progress:============================> 96%] [Cov:===============================>   90%]
[Progress:============================> 96%] [Cov:===============================>   90%]
[Progress:============================> 96%] [Cov:===============================>   90%]
[Progress:============================> 96%] [Cov:===============================>   90%]
[Progress:============================> 96%] [Cov:===============================>   90%]
[Progress:=============================>97%] [Cov:===============================>   90%]
[Progress:=============================>97%] [Cov:===============================>   90%]
[Progress:=============================>97%] [Cov:===============================>   90%]
[Progress:=============================>97%] [Cov:===============================>   90%]
[Progress:=============================>97%] [Cov:===============================>   90%]
[Progress:=============================>97%] [Cov:===============================>   90%]
[Progress:=============================>97%] [Cov:===============================>   90%]
[Progress:=============================>97%] [Cov:===============================>   90%]
[Progress:=============================>97%] [Cov:===============================>   90%]
[Progress:=============================>97%] [Cov:===============================>   90%]
[Progress:=============================>97%] [Cov:===============================>   90%]
[Progress:=============================>97%] [Cov:===============================>   90%]
[Progress:=============================>97%] [Cov:===============================>   90%]
[Progress:=============================>97%] [Cov:===============================>   90%]
[Progress:=============================>98%] [Cov:===============================>   90%]
[Progress:=============================>98%] [Cov:===============================>   90%]
[Progress:=============================>98%] [Cov:===============================>   90%]
[Progress:=============================>98%] [Cov:===============================>   90%]
[Progress:=============================>98%] [Cov:===============================>   90%]
[Progress:=============================>98%] [Cov:===============================>   90%]
[Progress:=============================>98%] [Cov:===============================>   90%]
[Progress:=============================>98%] [Cov:===============================>   90%]
[Progress:=============================>98%] [Cov:===============================>   90%]
[Progress:=============================>98%] [Cov:===============================>   90%]
[Progress:=============================>98%] [Cov:===============================>   90%]
[Progress:=============================>98%] [Cov:===============================>   90%]
[Progress:=============================>98%] [Cov:===============================>   90%]
[Progress:=============================>98%] [Cov:===============================>   90%]
[Progress:=============================>99%] [Cov:===============================>   90%]
[Progress:=============================>99%] [Cov:===============================>   90%]
[Progress:=============================>99%] [Cov:===============================>   90%]
[Progress:=============================>99%] [Cov:===============================>   90%]
[Progress:=============================>99%] [Cov:===============================>   90%]
[Progress:=============================>99%] [Cov:===============================>   90%]
[Progress:=============================>99%] [Cov:===============================>   90%]
[Progress:=============================>99%] [Cov:===============================>   90%]
[Progress:=============================>99%] [Cov:===============================>   90%]
[Progress:=============================>99%] [Cov:===============================>   90%]
[Progress:=============================>99%] [Cov:===============================>   90%]
[Progress:=============================>99%] [Cov:===============================>   90%]
[Progress:=============================>99%] [Cov:===============================>   90%]
[Progress:==============================100%] [Cov:===============================>   90%]
[Progress:==============================100%] [Cov:===============================>   90%]
[Progress:==============================100%] [Cov:===============================>   90%]
[Progress:==============================100%] [Cov:===============================>   90%]
[Progress:==============================100%] [Cov:===============================>   90%]
[Progress:==============================100%] [Cov:===============================>   90%]
[Progress:==============================100%] [Cov:===============================>   90%]
[Progress:==============================100%] [Cov:===============================>   90%]
[Progress:==============================100%] [Cov:===============================>   90%]
[Progress:==============================100%] [Cov:===============================>   90%]
[Progress:==============================100%] [Cov:===============================>   90%]
[Progress:==============================100%] [Cov:===============================>   90%]
[Progress:==============================100%] [Cov:===============================>   90%]
[Progress:==============================100%] [Cov:===============================>   90%]
* Search finished after 122s and 1832 generations, 315405 statements, best individual has fitness: 2.9682539682539684
* Minimizing test suite
* Going to analyze the coverage criteria
* Coverage analysis for criterion LINE
* Coverage of criterion LINE: 80%
* Total number of goals: 41
* Number of covered goals: 33
* Coverage analysis for criterion BRANCH
* Coverage of criterion BRANCH: 80%
* Total number of goals: 15
* Number of covered goals: 12
* Coverage analysis for criterion EXCEPTION
* Coverage of criterion EXCEPTION: 50%
* Total number of goals: 8
* Number of covered goals: 4
* Generated 9 tests with total length 37
* Resulting test suite's coverage: 91% (average coverage for all fitness functions)
* Generating assertions
* Resulting test suite's mutation score: 67%
* Compiling and checking tests
* Writing tests to file
* Writing JUnit test case 'MockHandler_ESTest' to /work/evo_out/Mockito_13f/budget120_seed1/tests
* Done!

* Computation finished
[MASTER] 14:27:40.351 [logback-2] ERROR ConcreteClassAnalyzer - Problem for org.mockito.internal.MockHandler. Class not found: jdk.Exported
[MASTER] 14:27:40.351 [logback-2] ERROR ConcreteClassAnalyzer - Removing class from inheritance tree
[MASTER] 14:27:40.352 [logback-2] ERROR ConcreteClassAnalyzer - Problem for org.mockito.internal.MockHandler. Class not found: javax.jws.WebParam
[MASTER] 14:27:40.352 [logback-2] ERROR ConcreteClassAnalyzer - Removing class from inheritance tree
[MASTER] 14:27:40.355 [logback-2] ERROR ConcreteClassAnalyzer - Problem for org.mockito.internal.MockHandler. Class not found: javax.jws.WebService
[MASTER] 14:27:40.355 [logback-2] ERROR ConcreteClassAnalyzer - Removing class from inheritance tree
[MASTER] 14:27:40.356 [logback-2] ERROR ConcreteClassAnalyzer - Problem for org.mockito.internal.MockHandler. Class not found: javax.jws.HandlerChain
[MASTER] 14:27:40.356 [logback-2] ERROR ConcreteClassAnalyzer - Removing class from inheritance tree
[MASTER] 14:27:40.356 [logback-2] ERROR ConcreteClassAnalyzer - Problem for org.mockito.internal.MockHandler. Class not found: javax.jws.WebMethod
[MASTER] 14:27:40.357 [logback-2] ERROR ConcreteClassAnalyzer - Removing class from inheritance tree
[MASTER] 14:27:40.357 [logback-2] ERROR ConcreteClassAnalyzer - Problem for org.mockito.internal.MockHandler. Class not found: javax.jws.WebResult
[MASTER] 14:27:40.357 [logback-2] ERROR ConcreteClassAnalyzer - Removing class from inheritance tree
[MASTER] 14:27:40.357 [logback-2] ERROR ConcreteClassAnalyzer - Problem for org.mockito.internal.MockHandler. Class not found: javax.jws.Oneway
[MASTER] 14:27:40.357 [logback-2] ERROR ConcreteClassAnalyzer - Removing class from inheritance tree
[MASTER] 14:27:40.359 [logback-2] ERROR ConcreteClassAnalyzer - Problem for org.mockito.internal.MockHandler. Class not found: javax.jws.soap.InitParam
[MASTER] 14:27:40.359 [logback-2] ERROR ConcreteClassAnalyzer - Removing class from inheritance tree
[MASTER] 14:27:40.361 [logback-2] ERROR ConcreteClassAnalyzer - Problem for org.mockito.internal.MockHandler. Class not found: javax.jws.soap.SOAPBinding
[MASTER] 14:27:40.361 [logback-2] ERROR ConcreteClassAnalyzer - Removing class from inheritance tree
[MASTER] 14:27:40.364 [logback-2] ERROR ConcreteClassAnalyzer - Problem for org.mockito.internal.MockHandler. Class not found: javax.jws.soap.SOAPMessageHandler
[MASTER] 14:27:40.364 [logback-2] ERROR ConcreteClassAnalyzer - Removing class from inheritance tree
[MASTER] 14:27:40.365 [logback-2] ERROR ConcreteClassAnalyzer - Problem for org.mockito.internal.MockHandler. Class not found: javax.jws.soap.SOAPMessageHandlers
[MASTER] 14:27:40.365 [logback-2] ERROR ConcreteClassAnalyzer - Removing class from inheritance tree

[exit=0 timeout=False time=130.2s]

$ javac -nowarn -cp /work/Mockito_13f/target/classes:/opt/defects4j/framework/projects/lib/junit-4.12-hamcrest-1.3.jar:/work/Mockito_13f/target/classes:/work/Mockito_13f/target/test-classes:/opt/defects4j/framework/projects/Mockito/lib/asm-all-5.0.4.jar:/opt/defects4j/framework/projects/Mockito/lib/assertj-core-2.1.0.jar:/opt/defects4j/framework/projects/Mockito/lib/cglib-and-asm-1.0.jar:/opt/defects4j/framework/projects/Mockito/lib/cobertura-2.0.3.jar:/opt/defects4j/framework/projects/Mockito/lib/fest-assert-1.3.jar:/opt/defects4j/framework/projects/Mockito/lib/fest-util-1.1.4.jar:/opt/defects4j/framework/projects/Mockito/lib/objenesis-2.1.jar:/opt/defects4j/framework/projects/Mockito/lib/objenesis-2.2.jar:/opt/defects4j/framework/projects/Mockito/lib/powermock-reflect-1.2.5.jar:/opt/evosuite/evosuite-standalone-runtime-1.2.0.jar -d /work/evo_out/Mockito_13f/budget120_seed1/classes /work/evo_out/Mockito_13f/budget120_seed1/tests/org/mockito/internal/MockHandler_ESTest.java /work/evo_out/Mockito_13f/budget120_seed1/tests/org/mockito/internal/MockHandler_ESTest_scaffolding.java

[exit=0 timeout=False time=0.8s]

$ java -jar /opt/jacoco/lib/jacococli.jar instrument /work/Mockito_13f/target/classes --dest /work/evo_out/Mockito_13f/budget120_seed1/instrumented
[INFO] 255 classes instrumented to /work/evo_out/Mockito_13f/budget120_seed1/instrumented.

[exit=0 timeout=False time=0.3s]

$ java -Djacoco-agent.destfile=/workspace/EvoSuite/Result_Round2/Mockito_13/budget120_seed1/jacoco.exec -cp /work/evo_out/Mockito_13f/budget120_seed1/instrumented:/work/evo_out/Mockito_13f/budget120_seed1/classes:/opt/defects4j/framework/projects/lib/junit-4.12-hamcrest-1.3.jar:/work/Mockito_13f/target/classes:/work/Mockito_13f/target/test-classes:/opt/defects4j/framework/projects/Mockito/lib/asm-all-5.0.4.jar:/opt/defects4j/framework/projects/Mockito/lib/assertj-core-2.1.0.jar:/opt/defects4j/framework/projects/Mockito/lib/cglib-and-asm-1.0.jar:/opt/defects4j/framework/projects/Mockito/lib/cobertura-2.0.3.jar:/opt/defects4j/framework/projects/Mockito/lib/fest-assert-1.3.jar:/opt/defects4j/framework/projects/Mockito/lib/fest-util-1.1.4.jar:/opt/defects4j/framework/projects/Mockito/lib/objenesis-2.1.jar:/opt/defects4j/framework/projects/Mockito/lib/objenesis-2.2.jar:/opt/defects4j/framework/projects/Mockito/lib/powermock-reflect-1.2.5.jar:/opt/evosuite/evosuite-standalone-runtime-1.2.0.jar:/opt/jacoco/lib/jacocoagent.jar org.junit.runner.JUnitCore org.mockito.internal.MockHandler_ESTest
JUnit version 4.12
.........
Time: 1.382

OK (9 tests)

SLF4J: Failed to load class "org.slf4j.impl.StaticLoggerBinder".
SLF4J: Defaulting to no-operation (NOP) logger implementation
SLF4J: See http://www.slf4j.org/codes.html#StaticLoggerBinder for further details.
WARNING: An illegal reflective access operation has occurred
WARNING: Illegal reflective access by org.evosuite.runtime.GuiSupport (file:/opt/evosuite/evosuite-standalone-runtime-1.2.0.jar) to field java.awt.GraphicsEnvironment.headless
WARNING: Please consider reporting this to the maintainers of org.evosuite.runtime.GuiSupport
WARNING: Use --illegal-access=warn to enable warnings of further illegal reflective access operations
WARNING: All illegal access operations will be denied in a future release

[exit=0 timeout=False time=1.7s]

$ java -jar /opt/jacoco/lib/jacococli.jar report /workspace/EvoSuite/Result_Round2/Mockito_13/budget120_seed1/jacoco.exec --classfiles /work/Mockito_13f/target/classes --csv /workspace/EvoSuite/Result_Round2/Mockito_13/budget120_seed1/jacoco.csv
[INFO] Loading execution data file /workspace/EvoSuite/Result_Round2/Mockito_13/budget120_seed1/jacoco.exec.
[INFO] Analyzing 203 classes.

[exit=0 timeout=False time=0.3s]

$ java -cp /work/evo_out/Mockito_13f/budget120_seed1/classes:/opt/defects4j/framework/projects/lib/junit-4.12-hamcrest-1.3.jar:/work/Mockito_13b/target/classes:/work/Mockito_13b/target/test-classes:/opt/defects4j/framework/projects/Mockito/lib/asm-all-5.0.4.jar:/opt/defects4j/framework/projects/Mockito/lib/assertj-core-2.1.0.jar:/opt/defects4j/framework/projects/Mockito/lib/cglib-and-asm-1.0.jar:/opt/defects4j/framework/projects/Mockito/lib/cobertura-2.0.3.jar:/opt/defects4j/framework/projects/Mockito/lib/fest-assert-1.3.jar:/opt/defects4j/framework/projects/Mockito/lib/fest-util-1.1.4.jar:/opt/defects4j/framework/projects/Mockito/lib/objenesis-2.1.jar:/opt/defects4j/framework/projects/Mockito/lib/objenesis-2.2.jar:/opt/defects4j/framework/projects/Mockito/lib/powermock-reflect-1.2.5.jar:/opt/evosuite/evosuite-standalone-runtime-1.2.0.jar org.junit.runner.JUnitCore org.mockito.internal.MockHandler_ESTest
JUnit version 4.12
.........
Time: 1.286

OK (9 tests)

SLF4J: Failed to load class "org.slf4j.impl.StaticLoggerBinder".
SLF4J: Defaulting to no-operation (NOP) logger implementation
SLF4J: See http://www.slf4j.org/codes.html#StaticLoggerBinder for further details.
WARNING: An illegal reflective access operation has occurred
WARNING: Illegal reflective access by org.evosuite.runtime.GuiSupport (file:/opt/evosuite/evosuite-standalone-runtime-1.2.0.jar) to field java.awt.GraphicsEnvironment.headless
WARNING: Please consider reporting this to the maintainers of org.evosuite.runtime.GuiSupport
WARNING: Use --illegal-access=warn to enable warnings of further illegal reflective access operations
WARNING: All illegal access operations will be denied in a future release

[exit=0 timeout=False time=1.6s]
