GROUP,PACKAGE,CLASS,INSTRUCTION_MISSED,INSTRUCTION_COVERED,BRANCH_MISSED,BRANCH_COVERED,LINE_MISSED,LINE_COVERED,COMPLEXITY_MISSED,COMPLEXITY_COVERED,METHOD_MISSED,METHOD_COVERED
JaCoCo Coverage Report,com.google.javascript.jscomp,ShowByPathWarningsGuard,92,0,14,0,21,0,13,0,6,0
JaCoCo Coverage Report,com.google.javascript.jscomp,RuntimeTypeCheck,93,5,2,0,23,1,6,1,5,1
JaCoCo Coverage Report,com.google.javascript.jscomp,LiveVariablesAnalysis,352,0,46,0,82,0,37,0,11,0
JaCoCo Coverage Report,com.google.javascript.jscomp,FunctionInjector.CallSiteType,64,0,0,0,7,0,1,0,1,0
JaCoCo Coverage Report,com.google.javascript.jscomp,DefaultCodingConvention,102,3,16,0,30,1,36,1,28,1
JaCoCo Coverage Report,com.google.javascript.jscomp,CodePrinter,69,0,12,0,17,0,8,0,2,0
JaCoCo Coverage Report,com.google.javascript.jscomp,ReplaceCssNames.Traversal,327,0,30,0,65,0,19,0,3,0
JaCoCo Coverage Report,com.google.javascript.jscomp,SideEffectsAnalysis.VariableUseDeclarationMap,69,0,4,0,17,0,5,0,3,0
JaCoCo Coverage Report,com.google.javascript.jscomp,OptimizeReturns,228,0,47,0,60,0,32,0,7,0
JaCoCo Coverage Report,com.google.javascript.jscomp,DefaultPassConfig.GlobalTypeResolver,29,0,2,0,7,0,3,0,2,0
JaCoCo Coverage Report,com.google.javascript.jscomp,PureFunctionIdentifier,638,9,104,0,162,4,62,1,10,1
JaCoCo Coverage Report,com.google.javascript.jscomp,SideEffectsAnalysis.LocationAbstractionMode,24,0,0,0,3,0,1,0,1,0
JaCoCo Coverage Report,com.google.javascript.jscomp,VariableRenamingPolicy,0,44,0,0,0,5,0,1,0,1
JaCoCo Coverage Report,com.google.javascript.jscomp,PrepareAst,157,0,32,0,42,0,22,0,6,0
JaCoCo Coverage Report,com.google.javascript.jscomp,ExternExportsPass.new Comparator() {...},12,0,0,0,2,0,2,0,2,0
JaCoCo Coverage Report,com.google.javascript.jscomp,DefaultPassConfig.22.new CompilerPass() {...},31,0,0,0,5,0,2,0,2,0
JaCoCo Coverage Report,com.google.javascript.jscomp,ChainCalls,76,0,2,0,17,0,3,0,2,0
JaCoCo Coverage Report,com.google.javascript.jscomp,ProcessTweaks.TweakFunction,53,165,12,0,10,25,12,7,5,7
JaCoCo Coverage Report,com.google.javascript.jscomp,DisambiguateProperties,415,5,48,0,86,2,34,1,10,1
JaCoCo Coverage Report,com.google.javascript.jscomp,InstrumentFunctions.InstrumentCallback,150,0,18,0,39,0,11,0,2,0
JaCoCo Coverage Report,com.google.javascript.jscomp,NameAnalyzer.ClassDefiningFunctionNode,56,0,6,0,10,0,5,0,2,0
JaCoCo Coverage Report,com.google.javascript.jscomp,RemoveTryCatch,21,0,0,0,6,0,2,0,2,0
JaCoCo Coverage Report,com.google.javascript.jscomp,CheckMissingReturn,138,13,22,0,42,4,20,1,9,1
JaCoCo Coverage Report,com.google.javascript.jscomp,Normalize,182,5,4,0,33,2,8,1,6,1
JaCoCo Coverage Report,com.google.javascript.jscomp,SuspiciousPropertiesCheck.ProcessProperties,236,0,44,0,52,0,27,0,4,0
JaCoCo Coverage Report,com.google.javascript.jscomp,RemoveUnusedVars,824,0,165,0,210,0,98,0,14,0
JaCoCo Coverage Report,com.google.javascript.jscomp,FunctionInfo.new Descriptors.FileDescriptor.InternalDescriptorAssigner() {...},0,97,0,0,0,11,0,2,0,2
JaCoCo Coverage Report,com.google.javascript.jscomp,TypedScopeCreator.DiscoverEnumsAndTypedefs,86,0,19,0,29,0,13,0,3,0
JaCoCo Coverage Report,com.google.javascript.jscomp,ObjectPropertyStringPreprocess,25,13,0,0,7,6,2,1,2,1
JaCoCo Coverage Report,com.google.javascript.jscomp,TypedScopeCreator.DeferredSetType,32,0,0,0,9,0,2,0,2,0
JaCoCo Coverage Report,com.google.javascript.jscomp,ControlFlowAnalysis.new Comparator() {...},24,0,0,0,2,0,2,0,2,0
JaCoCo Coverage Report,com.google.javascript.jscomp,ClosureCodingConvention,445,31,88,0,116,3,66,2,22,2
JaCoCo Coverage Report,com.google.javascript.jscomp,CrossModuleMethodMotion.IdGenerator,21,0,2,0,4,0,4,0,3,0
JaCoCo Coverage Report,com.google.javascript.jscomp,CompilerOptions.TracerMode,7,34,2,0,1,4,2,1,1,1
JaCoCo Coverage Report,com.google.javascript.jscomp,ChainCalls.GatherCallSites,138,0,30,0,42,0,17,0,2,0
JaCoCo Coverage Report,com.google.javascript.jscomp,SyntheticAst,31,0,0,0,10,0,5,0,5,0
JaCoCo Coverage Report,com.google.javascript.jscomp,CompilerInput,275,0,12,0,74,0,30,0,24,0
JaCoCo Coverage Report,com.google.javascript.jscomp,TypedScopeCreator.AbstractScopeBuilder.CollectProperties,87,0,17,0,24,0,12,0,3,0
JaCoCo Coverage Report,com.google.javascript.jscomp,JsMessageVisitor.MalformedException,10,0,0,0,4,0,2,0,2,0
JaCoCo Coverage Report,com.google.javascript.jscomp,CallGraph,599,0,100,0,152,0,73,0,23,0
JaCoCo Coverage Report,com.google.javascript.jscomp,TightenTypes.ExternFunctionCall,29,0,0,0,6,0,2,0,2,0
JaCoCo Coverage Report,com.google.javascript.jscomp,DefinitionsRemover,148,0,44,0,36,0,25,0,3,0
JaCoCo Coverage Report,com.google.javascript.jscomp,Scope,303,0,38,0,70,0,41,0,22,0
JaCoCo Coverage Report,com.google.javascript.jscomp,NodeUtil.MayBeStringResultPredicate,3,3,0,0,1,1,1,1,1,1
JaCoCo Coverage Report,com.google.javascript.jscomp,RemoveUnusedPrototypeProperties,159,0,26,0,49,0,19,0,6,0
JaCoCo Coverage Report,com.google.javascript.jscomp,ChainableReverseAbstractInterpreter.RestrictByTypeOfResultVisitor,74,0,10,0,17,0,11,0,6,0
JaCoCo Coverage Report,com.google.javascript.jscomp,NameReferenceGraphReport,430,0,26,0,101,0,23,0,10,0
JaCoCo Coverage Report,com.google.javascript.jscomp,AbstractCommandLineRunner.RunTimeStats,103,23,4,0,18,8,4,2,2,2
JaCoCo Coverage Report,com.google.javascript.jscomp,NameReferenceGraph.Reference,36,0,0,0,14,0,7,0,7,0
JaCoCo Coverage Report,com.google.javascript.jscomp,DiagnosticType,25,41,0,0,3,10,3,5,3,5
JaCoCo Coverage Report,com.google.javascript.jscomp,JsMessageDefinition,21,0,0,0,8,0,4,0,4,0
JaCoCo Coverage Report,com.google.javascript.jscomp,SourceInformationAnnotator,73,0,17,0,21,0,12,0,2,0
JaCoCo Coverage Report,com.google.javascript.jscomp,NameAnalyzer.FindDependencyScopes,118,0,22,0,27,0,14,0,3,0
JaCoCo Coverage Report,com.google.javascript.jscomp,ExternExportsPass.Export,329,0,45,0,81,0,33,0,10,0
JaCoCo Coverage Report,com.google.javascript.jscomp,TypeValidator.TypeMismatch,76,0,10,0,11,0,9,0,4,0
JaCoCo Coverage Report,com.google.javascript.jscomp,PeepholeFoldConstants,2810,34,619,0,787,12,379,1,36,1
JaCoCo Coverage Report,com.google.javascript.jscomp,DefaultPassConfig.new PassFactory() {...},13,0,0,0,2,0,2,0,2,0
JaCoCo Coverage Report,com.google.javascript.jscomp,DefaultPassConfig.new PassFactory() {...},46,0,4,0,8,0,4,0,2,0
JaCoCo Coverage Report,com.google.javascript.jscomp,DefaultPassConfig.new PassFactory() {...},17,0,0,0,2,0,2,0,2,0
JaCoCo Coverage Report,com.google.javascript.jscomp,DefaultPassConfig.new PassFactory() {...},17,0,0,0,2,0,2,0,2,0
JaCoCo Coverage Report,com.google.javascript.jscomp,DefaultPassConfig.new PassFactory() {...},27,0,2,0,6,0,3,0,2,0
JaCoCo Coverage Report,com.google.javascript.jscomp,ConstCheck,148,5,28,0,38,2,20,1,5,1
JaCoCo Coverage Report,com.google.javascript.jscomp,DefaultPassConfig.new PassFactory() {...},32,0,4,0,8,0,4,0,2,0
JaCoCo Coverage Report,com.google.javascript.jscomp,SimpleDefinitionFinder,363,0,74,0,100,0,50,0,13,0
JaCoCo Coverage Report,com.google.javascript.jscomp,DefaultPassConfig.new PassFactory() {...},27,0,0,0,3,0,2,0,2,0
JaCoCo Coverage Report,com.google.javascript.jscomp,NodeUtil.MatchShallowStatement,25,0,10,0,6,0,7,0,2,0
JaCoCo Coverage Report,com.google.javascript.jscomp,DefaultPassConfig.new PassFactory() {...},19,0,0,0,3,0,2,0,2,0
JaCoCo Coverage Report,com.google.javascript.jscomp,DefaultPassConfig.new PassFactory() {...},22,0,0,0,3,0,2,0,2,0
JaCoCo Coverage Report,com.google.javascript.jscomp,PhaseOptimizer.LoopInternal,230,0,28,0,51,0,20,0,6,0
JaCoCo Coverage Report,com.google.javascript.jscomp,NodeIterators.FunctionlessLocalScope,146,0,22,0,31,0,18,0,7,0
JaCoCo Coverage Report,com.google.javascript.jscomp,ConcreteType.new ConcreteType.TypeFilter() {...},16,0,2,0,2,0,3,0,2,0
JaCoCo Coverage Report,com.google.javascript.jscomp,ConcreteType.new ConcreteType.TypeFilter() {...},17,0,2,0,4,0,3,0,2,0
JaCoCo Coverage Report,com.google.javascript.jscomp,ConcreteType.new ConcreteType.TypeFilter() {...},16,0,2,0,2,0,3,0,2,0
JaCoCo Coverage Report,com.google.javascript.jscomp,ConcreteType.new ConcreteType.TypeFilter() {...},21,0,4,0,4,0,4,0,2,0
JaCoCo Coverage Report,com.google.javascript.jscomp,NameAnalyzer.FindReferences,483,0,114,0,127,0,65,0,8,0
JaCoCo Coverage Report,com.google.javascript.jscomp,ConcreteType.new ConcreteType.TypeFilter() {...},20,0,4,0,5,0,4,0,2,0
JaCoCo Coverage Report,com.google.javascript.jscomp,ConcreteType.new ConcreteType.TypeFilter() {...},24,0,2,0,5,0,3,0,2,0
JaCoCo Coverage Report,com.google.javascript.jscomp,ConcreteType.new ConcreteType.TypeFilter() {...},30,0,4,0,4,0,4,0,2,0
JaCoCo Coverage Report,com.google.javascript.jscomp,ObjectPropertyStringPostprocess.Callback,85,0,8,0,28,0,6,0,2,0
JaCoCo Coverage Report,com.google.javascript.jscomp,ControlFlowGraph.AbstractCfgNodeTraversalCallback,14,0,4,0,4,0,4,0,2,0
JaCoCo Coverage Report,com.google.javascript.jscomp,NameAnalyzer.HoistVariableAndFunctionDeclarations,49,0,4,0,11,0,4,0,2,0
JaCoCo Coverage Report,com.google.javascript.jscomp,RenameProperties.Property,12,0,0,0,4,0,1,0,1,0
JaCoCo Coverage Report,com.google.javascript.jscomp,AnalyzeNameReferences,77,0,2,0,19,0,5,0,4,0
JaCoCo Coverage Report,com.google.javascript.jscomp,Scope.Arguments,35,0,4,0,7,0,5,0,3,0
JaCoCo Coverage Report,com.google.javascript.jscomp,RuntimeTypeCheck.new Comparator() {...},35,3,12,0,10,1,8,1,2,1
JaCoCo Coverage Report,com.google.javascript.jscomp,MakeDeclaredNamesUnique.BoilerplateRenamer,18,0,0,0,5,0,2,0,2,0
JaCoCo Coverage Report,com.google.javascript.jscomp,CompilerInput.DepsFinder,75,0,14,0,24,0,10,0,3,0
JaCoCo Coverage Report,com.google.javascript.jscomp,AbstractCommandLineRunner,1553,540,230,52,331,133,148,33,15,25
JaCoCo Coverage Report,com.google.javascript.jscomp,PassFactory.new PassFactory() {...},16,0,0,0,2,0,2,0,2,0
JaCoCo Coverage Report,com.google.javascript.jscomp,WarningLevel,50,59,3,1,18,14,5,3,2,3
JaCoCo Coverage Report,com.google.javascript.jscomp,ShadowVariables.GatherReferenceInfo,78,0,16,0,18,0,10,0,2,0
JaCoCo Coverage Report,com.google.javascript.jscomp,NameAnonymousFunctionsMapped.MappedFunctionNamer,67,0,4,0,14,0,6,0,4,0
JaCoCo Coverage Report,com.google.javascript.jscomp,Denormalize.StripConstantAnnotations,29,0,4,0,9,0,5,0,3,0
JaCoCo Coverage Report,com.google.javascript.jscomp,JsMessageVisitor,1104,35,163,0,256,18,105,1,19,1
JaCoCo Coverage Report,com.google.javascript.jscomp,DataFlowAnalysis.MaxIterationsExceededException,4,0,0,0,2,0,1,0,1,0
JaCoCo Coverage Report,com.google.javascript.jscomp,AstChangeProxy,156,0,22,0,39,0,18,0,7,0
JaCoCo Coverage Report,com.google.javascript.jscomp,AmbiguateProperties.PropertyGraphNode,19,0,0,0,7,0,4,0,4,0
JaCoCo Coverage Report,com.google.javascript.jscomp,IgnoreCajaProperties.Traversal,133,0,6,0,21,0,5,0,2,0
JaCoCo Coverage Report,com.google.javascript.jscomp,ComposeWarningsGuard,107,73,19,3,26,19,15,5,5,4
JaCoCo Coverage Report,com.google.javascript.jscomp,InlineVariables,61,0,4,0,15,0,6,0,3,0
JaCoCo Coverage Report,com.google.javascript.jscomp,PeepholeOptimizationsPass,111,0,12,0,29,0,12,0,6,0
JaCoCo Coverage Report,com.google.javascript.jscomp,AnalyzePrototypeProperties.SymbolType,24,0,0,0,3,0,1,0,1,0
JaCoCo Coverage Report,com.google.javascript.jscomp,CustomPassExecutionTime,0,44,0,0,0,5,0,1,0,1
JaCoCo Coverage Report,com.google.javascript.jscomp,NodeTraversal.AbstractShallowCallback,17,0,6,0,3,0,5,0,2,0
JaCoCo Coverage Report,com.google.javascript.jscomp,SourceFile.Generated,25,0,2,0,10,0,4,0,3,0
JaCoCo Coverage Report,com.google.javascript.jscomp,FunctionRewriter.GetterReducer,60,0,12,0,17,0,9,0,3,0
JaCoCo Coverage Report,com.google.javascript.jscomp,JsMessage.Style,44,0,4,0,7,0,4,0,2,0
JaCoCo Coverage Report,com.google.javascript.jscomp,AbstractCommandLineRunner.WarningGuardSpec.Entry,0,9,0,0,0,4,0,1,0,1
JaCoCo Coverage Report,com.google.javascript.jscomp,DotFormatter,589,0,40,0,118,0,34,0,14,0
JaCoCo Coverage Report,com.google.javascript.jscomp,CollapseVariableDeclarations.GatherCollapses,168,0,38,0,37,0,23,0,4,0
JaCoCo Coverage Report,com.google.javascript.jscomp,NameAnalyzer,1599,0,226,0,353,0,145,0,27,0
JaCoCo Coverage Report,com.google.javascript.jscomp,CollapseVariableDeclarations.Collapse,12,0,0,0,5,0,1,0,1,0
JaCoCo Coverage Report,com.google.javascript.jscomp,CommandLineRunner.Flags.WarningGuardWarningOptionHandler,0,11,0,0,0,2,0,1,0,1
JaCoCo Coverage Report,com.google.javascript.jscomp,JSModuleGraph.InverseDepthComparator,12,0,0,0,2,0,2,0,2,0
JaCoCo Coverage Report,com.google.javascript.jscomp,AliasExternals.Symbol,87,0,8,0,25,0,7,0,3,0
JaCoCo Coverage Report,com.google.javascript.jscomp,DefaultPassConfig.26.new CompilerPass() {...},39,0,0,0,5,0,2,0,2,0
JaCoCo Coverage Report,com.google.javascript.jscomp,FunctionRewriter.IdentityReducer,52,0,12,0,17,0,9,0,3,0
JaCoCo Coverage Report,com.google.javascript.jscomp,FindExportableNodes.GenerateNodeContext,21,0,0,0,8,0,4,0,4,0
JaCoCo Coverage Report,com.google.javascript.jscomp,TypedCodeGenerator,360,0,74,0,76,0,42,0,5,0
JaCoCo Coverage Report,com.google.javascript.jscomp,CoalesceVariableNames.CombinedLiveRangeChecker,50,0,6,0,14,0,6,0,3,0
JaCoCo Coverage Report,com.google.javascript.jscomp,AnalyzePrototypeProperties.AssignmentProperty,32,0,0,0,10,0,6,0,6,0
JaCoCo Coverage Report,com.google.javascript.jscomp,FunctionRewriter.EmptyFunctionReducer,16,0,2,0,5,0,3,0,2,0
JaCoCo Coverage Report,com.google.javascript.jscomp,DefaultPassConfig.90.new CompilerPass() {...},53,0,0,0,11,0,2,0,2,0
JaCoCo Coverage Report,com.google.javascript.jscomp,SourceExcerptProvider.SourceExcerpt,0,24,0,0,0,3,0,1,0,1
JaCoCo Coverage Report,com.google.javascript.jscomp,AliasKeywords.VoidKeywordAliasSpecification,76,0,4,0,21,0,7,0,5,0
JaCoCo Coverage Report,com.google.javascript.jscomp,VerboseMessageFormatter,98,0,8,0,15,0,8,0,4,0
JaCoCo Coverage Report,com.google.javascript.jscomp,InlineSimpleMethods,207,9,32,0,64,3,29,1,13,1
JaCoCo Coverage Report,com.google.javascript.jscomp,AnalyzeNameReferences.PropagateReferences,43,0,6,0,10,0,5,0,2,0
JaCoCo Coverage Report,com.google.javascript.jscomp,SourceFile.OnDisk,44,18,5,1,14,7,8,2,5,2
JaCoCo Coverage Report,com.google.javascript.jscomp,ClosureReverseAbstractInterpreter.new ChainableReverseAbstractInterpreter.RestrictByFalseTypeOfResultVisitor() {...},11,0,0,0,3,0,3,0,3,0
JaCoCo Coverage Report,com.google.javascript.jscomp,ClosureReverseAbstractInterpreter.new Function() {...},36,0,6,0,6,0,5,0,2,0
JaCoCo Coverage Report,com.google.javascript.jscomp,ClosureReverseAbstractInterpreter.new Function() {...},36,0,6,0,6,0,5,0,2,0
JaCoCo Coverage Report,com.google.javascript.jscomp,ClosureReverseAbstractInterpreter.new Function() {...},15,0,0,0,2,0,2,0,2,0
JaCoCo Coverage Report,com.google.javascript.jscomp,ClosureReverseAbstractInterpreter.new ChainableReverseAbstractInterpreter.RestrictByTrueTypeOfResultVisitor() {...},22,0,2,0,4,0,4,0,3,0
JaCoCo Coverage Report,com.google.javascript.jscomp,ClosureReverseAbstractInterpreter.new ChainableReverseAbstractInterpreter.RestrictByFalseTypeOfResultVisitor() {...},18,0,2,0,2,0,3,0,2,0
JaCoCo Coverage Report,com.google.javascript.jscomp,ClosureReverseAbstractInterpreter.new ChainableReverseAbstractInterpreter.RestrictByTrueTypeOfResultVisitor() {...},16,0,0,0,4,0,4,0,4,0
JaCoCo Coverage Report,com.google.javascript.jscomp,SemanticReverseAbstractInterpreter.RestrictByTrueInstanceOfResultVisitor,65,0,8,0,18,0,11,0,7,0
JaCoCo Coverage Report,com.google.javascript.jscomp,InlineFunctions,649,0,114,0,171,0,76,0,19,0
JaCoCo Coverage Report,com.google.javascript.jscomp,ClosureReverseAbstractInterpreter.new Function() {...},15,0,0,0,2,0,2,0,2,0
JaCoCo Coverage Report,com.google.javascript.jscomp,ClosureReverseAbstractInterpreter.new Function() {...},15,0,0,0,2,0,2,0,2,0
JaCoCo Coverage Report,com.google.javascript.jscomp,NameAnalyzer.PrototypeSetNode,45,0,4,0,10,0,4,0,2,0
JaCoCo Coverage Report,com.google.javascript.jscomp,AstParallelizer.new Predicate() {...},11,0,2,0,2,0,3,0,2,0
JaCoCo Coverage Report,com.google.javascript.jscomp,AstParallelizer.new Supplier() {...},7,0,0,0,2,0,2,0,2,0
JaCoCo Coverage Report,com.google.javascript.jscomp,AstParallelizer.new Predicate() {...},14,0,2,0,3,0,3,0,2,0
JaCoCo Coverage Report,com.google.javascript.jscomp,DataFlowAnalysis,422,0,50,0,94,0,35,0,10,0
JaCoCo Coverage Report,com.google.javascript.jscomp,AstParallelizer.new Supplier() {...},19,0,0,0,3,0,2,0,2,0
JaCoCo Coverage Report,com.google.javascript.jscomp,CodePrinter.MappedCodePrinter,264,0,46,0,55,0,33,0,10,0
JaCoCo Coverage Report,com.google.javascript.jscomp,AstParallelizer.new Predicate() {...},5,0,0,0,2,0,2,0,2,0
JaCoCo Coverage Report,com.google.javascript.jscomp,AstParallelizer.new Predicate() {...},6,0,0,0,2,0,2,0,2,0
JaCoCo Coverage Report,com.google.javascript.jscomp,SyntacticScopeCreator,278,9,45,0,74,4,30,1,6,1
JaCoCo Coverage Report,com.google.javascript.jscomp,FunctionTypeBuilder.ThisTypeValidator,30,0,2,0,6,0,3,0,2,0
JaCoCo Coverage Report,com.google.javascript.jscomp,CombinedCompilerPass,153,0,12,0,26,0,14,0,8,0
JaCoCo Coverage Report,com.google.javascript.jscomp,RenamePrototypes.ProcessExternedProperties,25,0,4,0,6,0,4,0,2,0
JaCoCo Coverage Report,com.google.javascript.jscomp,SourceMap,63,0,4,0,20,0,9,0,7,0
JaCoCo Coverage Report,com.google.javascript.jscomp,AnonymousFunctionNamingCallback,123,0,21,0,35,0,14,0,3,0
JaCoCo Coverage Report,com.google.javascript.jscomp,ConcreteType,248,0,30,0,58,0,39,0,24,0
JaCoCo Coverage Report,com.google.javascript.jscomp,GenerateExports,260,0,28,0,68,0,18,0,4,0
JaCoCo Coverage Report,com.google.javascript.jscomp,SideEffectsAnalysis.RawMotionEnvironment,9,0,0,0,4,0,2,0,2,0
JaCoCo Coverage Report,com.google.javascript.jscomp,PureFunctionIdentifier.SideEffectPropagationCallback,94,0,38,0,29,0,20,0,1,0
JaCoCo Coverage Report,com.google.javascript.jscomp,InlineCostEstimator,19,0,0,0,5,0,3,0,3,0
JaCoCo Coverage Report,com.google.javascript.jscomp,PassFactory,48,12,6,0,9,5,7,1,4,1
JaCoCo Coverage Report,com.google.javascript.jscomp,DisambiguateProperties.JSTypeSystem,394,0,78,0,100,0,53,0,14,0
JaCoCo Coverage Report,com.google.javascript.jscomp,JSModuleGraph.ModuleDependenceException,16,0,0,0,6,0,3,0,3,0
JaCoCo Coverage Report,com.google.javascript.jscomp,AmbiguateProperties.PropertySubGraph,34,0,2,0,5,0,4,0,3,0
JaCoCo Coverage Report,com.google.javascript.jscomp,ReplaceMessages,422,5,44,0,106,2,33,1,9,1
JaCoCo Coverage Report,com.google.javascript.jscomp,MakeDeclaredNamesUnique.InlineRenamer,97,0,10,0,21,0,11,0,6,0
JaCoCo Coverage Report,com.google.javascript.jscomp,Tracer.Event,146,0,10,0,29,0,8,0,3,0
JaCoCo Coverage Report,com.google.javascript.jscomp,AliasExternals.GetAliasableNames,43,0,8,0,9,0,6,0,2,0
JaCoCo Coverage Report,com.google.javascript.jscomp,InlineSimpleMethods.InlineTrivialAccessors,137,0,26,0,26,0,15,0,2,0
JaCoCo Coverage Report,com.google.javascript.jscomp,RhinoErrorReporter.NewRhinoErrorReporter,9,5,0,0,1,2,1,1,1,1
JaCoCo Coverage Report,com.google.javascript.jscomp,NodeTraversal,776,5,90,0,197,2,80,1,35,1
JaCoCo Coverage Report,com.google.javascript.jscomp,PureFunctionIdentifier.new Predicate() {...},18,0,6,0,8,0,7,0,2,0
JaCoCo Coverage Report,com.google.javascript.jscomp,DefaultPassConfig.35.new CompilerPass() {...},32,0,0,0,5,0,2,0,2,0
JaCoCo Coverage Report,com.google.javascript.jscomp,AliasKeywords.ThrowAliasSpecification,46,0,0,0,13,0,4,0,4,0
JaCoCo Coverage Report,com.google.javascript.jscomp,RemoveTryCatch.RemoveTryCatchCode,106,0,25,0,32,0,15,0,2,0
JaCoCo Coverage Report,com.google.javascript.jscomp,VarCheck,351,29,54,0,77,10,34,1,7,1
JaCoCo Coverage Report,com.google.javascript.jscomp,ControlStructureCheck,69,5,11,0,21,1,10,1,4,1
JaCoCo Coverage Report,com.google.javascript.jscomp,ControlFlowGraph,91,0,20,0,20,0,19,0,7,0
JaCoCo Coverage Report,com.google.javascript.jscomp,ObjectPropertyStringPostprocess,16,0,0,0,5,0,2,0,2,0
JaCoCo Coverage Report,com.google.javascript.jscomp,ReferenceCollectingCallback.ReferenceCollection,290,0,62,0,76,0,43,0,12,0
JaCoCo Coverage Report,com.google.javascript.jscomp,NameAnonymousFunctionsMapped,73,0,2,0,17,0,5,0,4,0
JaCoCo Coverage Report,com.google.javascript.jscomp,InlineVariables.IdentifyConstants,9,0,0,0,2,0,2,0,2,0
JaCoCo Coverage Report,com.google.javascript.jscomp,VariableNameGenerator,31,0,2,0,8,0,3,0,2,0
JaCoCo Coverage Report,com.google.javascript.jscomp,GatherSideEffectSubexpressionsCallback.CopySideEffectSubexpressions,213,0,24,0,51,0,18,0,6,0
JaCoCo Coverage Report,com.google.javascript.jscomp,FunctionRewriter.ReductionGatherer,49,0,4,0,12,0,5,0,3,0
JaCoCo Coverage Report,com.google.javascript.jscomp,OperaCompoundAssignFix,202,0,28,0,60,0,20,0,6,0
JaCoCo Coverage Report,com.google.javascript.jscomp,CheckRequiresForConstructors,37,5,0,0,8,1,2,1,2,1
JaCoCo Coverage Report,com.google.javascript.jscomp,SpecializeModule.SpecializationState,149,0,28,0,47,0,26,0,12,0
JaCoCo Coverage Report,com.google.javascript.jscomp,SanityCheck,158,9,12,0,34,3,11,1,5,1
JaCoCo Coverage Report,com.google.javascript.jscomp,MustBeReachingVariableDef.MustDef,50,0,6,0,14,0,7,0,4,0
JaCoCo Coverage Report,com.google.javascript.jscomp,InstrumentFunctions.RemoveCallback,26,0,6,0,9,0,5,0,2,0
JaCoCo Coverage Report,com.google.javascript.jscomp,NameAnalyzer.FindDeclarationsAndSetters,230,0,32,0,50,0,21,0,5,0
JaCoCo Coverage Report,com.google.javascript.jscomp,TypeInferencePass.TypeInferringCallback,41,0,4,0,13,0,7,0,5,0
JaCoCo Coverage Report,com.google.javascript.jscomp,FlowSensitiveInlineVariables.Candidate.new Predicate() {...},13,0,2,0,4,0,3,0,2,0
JaCoCo Coverage Report,com.google.javascript.jscomp,CodingConvention.SubclassRelationship,14,0,0,0,5,0,1,0,1,0
JaCoCo Coverage Report,com.google.javascript.jscomp,UseSite,30,0,4,0,7,0,5,0,3,0
JaCoCo Coverage Report,com.google.javascript.jscomp,SemanticReverseAbstractInterpreter,718,17,146,0,180,4,89,1,10,1
JaCoCo Coverage Report,com.google.javascript.jscomp,RenameProperties.ProcessProperties,356,0,68,0,79,0,43,0,7,0
JaCoCo Coverage Report,com.google.javascript.jscomp,DefinitionsRemover.ExternalNameOnlyDefinition,10,0,0,0,3,0,2,0,2,0
JaCoCo Coverage Report,com.google.javascript.jscomp,TypeInferencePass,165,0,10,0,39,0,12,0,7,0
JaCoCo Coverage Report,com.google.javascript.jscomp,FlowSensitiveInlineVariables.Candidate.new ControlFlowGraph.AbstractCfgNodeTraversalCallback() {...},45,0,11,0,10,0,8,0,2,0
JaCoCo Coverage Report,com.google.javascript.jscomp,FlowSensitiveInlineVariables.Candidate.new Predicate() {...},13,0,2,0,2,0,3,0,2,0
JaCoCo Coverage Report,com.google.javascript.jscomp,FlowSensitiveInlineVariables.Candidate.new ControlFlowGraph.AbstractCfgNodeTraversalCallback() {...},28,0,8,0,6,0,6,0,2,0
JaCoCo Coverage Report,com.google.javascript.jscomp,CoalesceVariableNames,490,5,88,0,126,1,51,1,7,1
JaCoCo Coverage Report,com.google.javascript.jscomp,RhinoErrorReporter,69,78,4,0,12,28,5,5,3,5
JaCoCo Coverage Report,com.google.javascript.jscomp,FunctionInformationMap.Module,218,0,18,0,66,0,38,0,29,0
JaCoCo Coverage Report,com.google.javascript.jscomp,SideEffectsAnalysis.new Predicate() {...},10,0,2,0,2,0,3,0,2,0
JaCoCo Coverage Report,com.google.javascript.jscomp,ParallelCompilerPass.Result,85,0,10,0,19,0,9,0,4,0
JaCoCo Coverage Report,com.google.javascript.jscomp,PeepholeSubstituteAlternateSyntax.new Predicate() {...},8,3,2,0,1,1,2,1,1,1
JaCoCo Coverage Report,com.google.javascript.jscomp,PeepholeSubstituteAlternateSyntax.new Predicate() {...},19,0,4,0,3,0,4,0,2,0
JaCoCo Coverage Report,com.google.javascript.jscomp,SideEffectsAnalysis.new Predicate() {...},19,0,6,0,3,0,5,0,2,0
JaCoCo Coverage Report,com.google.javascript.jscomp,PeepholeSubstituteAlternateSyntax.new Predicate() {...},19,0,2,0,2,0,3,0,2,0
JaCoCo Coverage Report,com.google.javascript.jscomp,SideEffectsAnalysis.new Predicate() {...},16,0,4,0,2,0,4,0,2,0
JaCoCo Coverage Report,com.google.javascript.jscomp,NameAnalyzer.TriState,34,0,0,0,4,0,1,0,1,0
JaCoCo Coverage Report,com.google.javascript.jscomp,Instrumentation,400,0,30,0,110,0,54,0,39,0
JaCoCo Coverage Report,com.google.javascript.jscomp,BasicErrorManager.ErrorWithLevel,9,0,0,0,4,0,1,0,1,0
JaCoCo Coverage Report,com.google.javascript.jscomp,MaybeReachingVariableUse,286,0,42,0,70,0,33,0,9,0
JaCoCo Coverage Report,com.google.javascript.jscomp,ChainCalls.GatherFunctions,59,0,8,0,15,0,9,0,5,0
JaCoCo Coverage Report,com.google.javascript.jscomp,CombinedCompilerPass.CallbackWrapper,81,0,20,0,22,0,16,0,6,0
JaCoCo Coverage Report,com.google.javascript.jscomp,DataFlowAnalysis.new NodeTraversal.AbstractPostOrderCallback() {...},45,0,10,0,9,0,7,0,2,0
JaCoCo Coverage Report,com.google.javascript.jscomp,GlobalNamespace.NodeFilter,41,0,10,0,11,0,7,0,2,0
JaCoCo Coverage Report,com.google.javascript.jscomp,CollapseAnonymousFunctions.Callback,133,0,30,0,37,0,19,0,4,0
JaCoCo Coverage Report,com.google.javascript.jscomp,SourceMap.Format,0,34,0,0,0,4,0,1,0,1
JaCoCo Coverage Report,com.google.javascript.jscomp,NodeTraversal.AbstractNodeTypePruningCallback,27,0,2,0,7,0,4,0,3,0
JaCoCo Coverage Report,com.google.javascript.jscomp,VariableVisibilityAnalysis,117,0,20,0,28,0,14,0,4,0
JaCoCo Coverage Report,com.google.javascript.jscomp,FunctionRewriter,140,0,14,0,30,0,10,0,3,0
JaCoCo Coverage Report,com.google.javascript.jscomp,PureFunctionIdentifier.FunctionInformation,239,0,36,0,70,0,38,0,20,0
JaCoCo Coverage Report,com.google.javascript.jscomp,JsMessageVisitor.MessageLocation,9,0,0,0,4,0,1,0,1,0
JaCoCo Coverage Report,com.google.javascript.jscomp,GatherRawExports,69,0,14,0,22,0,12,0,5,0
JaCoCo Coverage Report,com.google.javascript.jscomp,SourceFile,254,48,26,0,63,15,29,7,16,7
JaCoCo Coverage Report,com.google.javascript.jscomp,JSModule,336,24,26,0,93,8,38,2,25,2
JaCoCo Coverage Report,com.google.javascript.jscomp,MakeDeclaredNamesUnique.ContextualRenamer,99,0,8,0,26,0,13,0,9,0
JaCoCo Coverage Report,com.google.javascript.jscomp,ReplaceStrings.Config,12,0,0,0,4,0,1,0,1,0
JaCoCo Coverage Report,com.google.javascript.jscomp,OptimizeReturns.new NodeUtil.Visitor() {...},51,0,8,0,12,0,6,0,2,0
JaCoCo Coverage Report,com.google.javascript.jscomp,FunctionInjector,913,0,181,0,247,0,113,0,19,0
JaCoCo Coverage Report,com.google.javascript.jscomp,Tracer.new Tracer.InternalClock() {...},2,3,0,0,1,1,1,1,1,1
JaCoCo Coverage Report,com.google.javascript.jscomp,NodeTraversal.AbstractShallowStatementCallback,15,0,6,0,3,0,5,0,2,0
JaCoCo Coverage Report,com.google.javascript.jscomp,CompilerOptions.NullAliasTransformationHandler.NullAliasTransformation,1,0,0,0,1,0,1,0,1,0
JaCoCo Coverage Report,com.google.javascript.jscomp,InlineFunctions.FunctionState,217,0,26,0,66,0,40,0,27,0
JaCoCo Coverage Report,com.google.javascript.jscomp,ReplaceIdGenerators.Callback,97,0,10,0,22,0,7,0,2,0
JaCoCo Coverage Report,com.google.javascript.jscomp,ReplaceCssNames,33,17,0,0,10,8,3,1,3,1
JaCoCo Coverage Report,com.google.javascript.jscomp,RenameVars.ProcessVars,217,0,46,0,58,0,28,0,5,0
JaCoCo Coverage Report,com.google.javascript.jscomp,StrictWarningsGuard,25,0,4,0,7,0,6,0,4,0
JaCoCo Coverage Report,com.google.javascript.jscomp,TightenTypes.NativeCallFunctionCall,79,0,8,0,19,0,6,0,2,0
JaCoCo Coverage Report,com.google.javascript.jscomp,NameGenerator,208,7,26,0,42,4,18,1,5,1
JaCoCo Coverage Report,com.google.javascript.jscomp,ProcessDefines.CollectDefines,432,0,66,0,92,0,42,0,9,0
JaCoCo Coverage Report,com.google.javascript.jscomp,DefaultPassConfig.81.new CompilerPass() {...},28,0,0,0,3,0,2,0,2,0
JaCoCo Coverage Report,com.google.javascript.jscomp,InlineCostEstimator.CompiledSizeEstimator,61,0,2,0,19,0,8,0,7,0
JaCoCo Coverage Report,com.google.javascript.jscomp,DefaultPassConfig.17.new CompilerPass() {...},24,0,0,0,5,0,2,0,2,0
JaCoCo Coverage Report,com.google.javascript.jscomp,InlineVariables.Mode,34,0,0,0,4,0,1,0,1,0
JaCoCo Coverage Report,com.google.javascript.jscomp,LinkedFlowScope,477,0,86,0,111,0,62,0,19,0
JaCoCo Coverage Report,com.google.javascript.jscomp,DefaultPassConfig,2124,33,268,0,375,16,153,1,18,1
JaCoCo Coverage Report,com.google.javascript.jscomp,CheckMissingGetCssName,183,5,42,0,40,2,28,1,7,1
JaCoCo Coverage Report,com.google.javascript.jscomp,SideEffectsAnalysis.LocationSummary,15,0,0,0,6,0,3,0,3,0
JaCoCo Coverage Report,com.google.javascript.jscomp,NameAnonymousFunctions,49,0,0,0,11,0,3,0,3,0
JaCoCo Coverage Report,com.google.javascript.jscomp,PeepholeCollectPropertyAssignments,368,0,81,0,115,0,48,0,7,0
JaCoCo Coverage Report,com.google.javascript.jscomp,AnalyzeNameReferences.NameInfo,59,0,8,0,18,0,8,0,4,0
JaCoCo Coverage Report,com.google.javascript.jscomp,ExtractPrototypeMemberDeclarations.ExtractionInstance,64,0,10,0,17,0,7,0,2,0
JaCoCo Coverage Report,com.google.javascript.jscomp,TightenTypes.CreateScope,920,0,148,0,212,0,91,0,12,0
JaCoCo Coverage Report,com.google.javascript.jscomp,SemanticReverseAbstractInterpreter.RestrictByFalseInstanceOfResultVisitor,58,0,10,0,18,0,9,0,4,0
JaCoCo Coverage Report,com.google.javascript.jscomp,WarningsGuard.Priority,3,89,0,0,1,11,1,2,1,2
JaCoCo Coverage Report,com.google.javascript.jscomp,ExternExportsPass.SymbolExport,23,0,2,0,7,0,3,0,2,0
JaCoCo Coverage Report,com.google.javascript.jscomp,DefaultPassConfig.7.new CompilerPass() {...},35,0,2,0,6,0,3,0,2,0
JaCoCo Coverage Report,com.google.javascript.jscomp,PerformanceTracker,181,0,12,0,46,0,15,0,9,0
JaCoCo Coverage Report,com.google.javascript.jscomp,GlobalNamespace,149,0,18,0,35,0,19,0,10,0
JaCoCo Coverage Report,com.google.javascript.jscomp,CreateSyntheticBlocks.Marker,12,0,0,0,4,0,1,0,1,0
JaCoCo Coverage Report,com.google.javascript.jscomp,DeadAssignmentsElimination.VariableLiveness,34,0,0,0,4,0,1,0,1,0
JaCoCo Coverage Report,com.google.javascript.jscomp,FunctionNames.FunctionListExtractor,41,0,2,0,11,0,3,0,2,0
JaCoCo Coverage Report,com.google.javascript.jscomp,ReferenceCollectingCallback,191,5,25,0,45,1,24,1,11,1
JaCoCo Coverage Report,com.google.javascript.jscomp,ChainableReverseAbstractInterpreter.new Visitor() {...},98,0,4,0,17,0,16,0,14,0
JaCoCo Coverage Report,com.google.javascript.jscomp,ChainableReverseAbstractInterpreter.new Visitor() {...},98,0,4,0,17,0,16,0,14,0
JaCoCo Coverage Report,com.google.javascript.jscomp,DefinitionsRemover.FunctionArgumentDefinition,16,0,0,0,5,0,2,0,2,0
JaCoCo Coverage Report,com.google.javascript.jscomp,MethodCompilerPass.GatherSignatures,117,0,22,0,25,0,15,0,3,0
JaCoCo Coverage Report,com.google.javascript.jscomp,AliasStrings,465,0,65,0,113,0,44,0,11,0
JaCoCo Coverage Report,com.google.javascript.jscomp,NameAnalyzer.FindReferences.NodeAccumulator,54,0,4,0,18,0,7,0,5,0
JaCoCo Coverage Report,com.google.javascript.jscomp,ShadowVariables,51,0,2,0,14,0,3,0,2,0
JaCoCo Coverage Report,com.google.javascript.jscomp,DefaultPassConfig.30.new CompilerPass() {...},43,0,0,0,7,0,2,0,2,0
JaCoCo Coverage Report,com.google.javascript.jscomp,MustBeReachingVariableDef.new ControlFlowGraph.AbstractCfgNodeTraversalCallback() {...},32,0,4,0,4,0,4,0,2,0
JaCoCo Coverage Report,com.google.javascript.jscomp,ScopedAliases.Traversal,370,0,68,0,80,0,46,0,12,0
JaCoCo Coverage Report,com.google.javascript.jscomp,GatherSideEffectSubexpressionsCallback,261,13,48,0,66,2,32,1,8,1
JaCoCo Coverage Report,com.google.javascript.jscomp,NodeNameExtractor,163,0,19,0,34,0,15,0,2,0
JaCoCo Coverage Report,com.google.javascript.jscomp,FunctionRewriter.SetterReducer,101,0,20,0,30,0,13,0,3,0
JaCoCo Coverage Report,com.google.javascript.jscomp,AnalyzePrototypeProperties.NameContext,9,0,0,0,3,0,1,0,1,0
JaCoCo Coverage Report,com.google.javascript.jscomp,PropertyRenamingPolicy,0,54,0,0,0,6,0,1,0,1
JaCoCo Coverage Report,com.google.javascript.jscomp,ProcessDefines.DefineInfo,34,0,0,0,13,0,5,0,5,0
JaCoCo Coverage Report,com.google.javascript.jscomp,UnreachableCodeElimination,258,0,55,0,74,0,38,0,9,0
JaCoCo Coverage Report,com.google.javascript.jscomp,AmbiguateProperties.PropertyGraph,67,0,4,0,14,0,8,0,6,0
JaCoCo Coverage Report,com.google.javascript.jscomp,FlowSensitiveInlineVariables.new Predicate() {...},40,3,16,0,10,1,9,1,1,1
JaCoCo Coverage Report,com.google.javascript.jscomp,ExternExportsPass,230,9,26,0,64,4,20,1,7,1
JaCoCo Coverage Report,com.google.javascript.jscomp,Result,62,0,2,0,17,0,3,0,2,0
JaCoCo Coverage Report,com.google.javascript.jscomp,CheckAccessControls,959,49,222,0,247,18,133,1,21,1
JaCoCo Coverage Report,com.google.javascript.jscomp,LightweightMessageFormatter,159,5,20,0,39,1,17,1,7,1
JaCoCo Coverage Report,com.google.javascript.jscomp,RenameLabels.LabelInfo,9,0,0,0,4,0,1,0,1,0
JaCoCo Coverage Report,com.google.javascript.jscomp,FunctionRewriter.Reduction,35,0,0,0,10,0,3,0,3,0
JaCoCo Coverage Report,com.google.javascript.jscomp,AnonymousFunctionNamingPolicy,3,55,0,0,1,7,1,2,1,2
JaCoCo Coverage Report,com.google.javascript.jscomp,AbstractCompiler.LifeCycleStage,24,34,8,0,3,4,7,1,3,1
JaCoCo Coverage Report,com.google.javascript.jscomp,DefaultPassConfig.52.new CompilerPass() {...},58,0,4,0,12,0,4,0,2,0
JaCoCo Coverage Report,com.google.javascript.jscomp,MaybeReachingVariableUse.ReachingUses,32,0,4,0,9,0,6,0,4,0
JaCoCo Coverage Report,com.google.javascript.jscomp,FlowSensitiveInlineVariables.GatherCandiates,38,0,2,0,10,0,3,0,2,0
JaCoCo Coverage Report,com.google.javascript.jscomp,PeepholeSubstituteAlternateSyntax,1964,27,387,0,541,9,242,1,37,1
JaCoCo Coverage Report,com.google.javascript.jscomp,CheckGlobalThis,206,5,72,0,56,1,41,1,5,1
JaCoCo Coverage Report,com.google.javascript.jscomp,AnalyzePrototypeProperties.ProcessProperties,560,0,103,0,114,0,63,0,11,0
JaCoCo Coverage Report,com.google.javascript.jscomp,ExploitAssigns,273,0,68,0,80,0,43,0,7,0
JaCoCo Coverage Report,com.google.javascript.jscomp,JSSourceFile,47,22,0,0,9,5,8,3,8,3
JaCoCo Coverage Report,com.google.javascript.jscomp,AnalyzePrototypeProperties.LiteralProperty,34,0,0,0,12,0,5,0,5,0
JaCoCo Coverage Report,com.google.javascript.jscomp,SourceFile.Preloaded,0,16,0,0,0,6,0,2,0,2
JaCoCo Coverage Report,com.google.javascript.jscomp,FunctionRewriter.ReturnConstantReducer,37,0,8,0,13,0,7,0,3,0
JaCoCo Coverage Report,com.google.javascript.jscomp,RenameVars.Assignment,30,0,2,0,9,0,3,0,2,0
JaCoCo Coverage Report,com.google.javascript.jscomp,ClosureReverseAbstractInterpreter.TypeRestriction,9,0,0,0,4,0,1,0,1,0
JaCoCo Coverage Report,com.google.javascript.jscomp,IgnoreCajaProperties,19,0,0,0,6,0,2,0,2,0
JaCoCo Coverage Report,com.google.javascript.jscomp,StrictModeCheck.NonExternChecks,85,0,18,0,18,0,13,0,4,0
JaCoCo Coverage Report,com.google.javascript.jscomp,MethodCompilerPass.GetExternMethods,110,0,17,0,24,0,11,0,2,0
JaCoCo Coverage Report,com.google.javascript.jscomp,Compiler.new Callable() {...},179,0,30,0,32,0,17,0,2,0
JaCoCo Coverage Report,com.google.javascript.jscomp,TypedScopeCreator.AbstractScopeBuilder,2207,0,490,0,529,0,279,0,28,0
JaCoCo Coverage Report,com.google.javascript.jscomp,Compiler.new Callable() {...},76,0,6,0,16,0,5,0,2,0
JaCoCo Coverage Report,com.google.javascript.jscomp,DisambiguateProperties.FindExternProperties,62,0,6,0,12,0,5,0,2,0
JaCoCo Coverage Report,com.google.javascript.jscomp,CheckPropertyOrder,243,9,34,0,53,2,25,1,8,1
JaCoCo Coverage Report,com.google.javascript.jscomp,WarningsGuard,4,6,0,0,2,2,2,2,2,2
JaCoCo Coverage Report,com.google.javascript.jscomp,CssRenamingMap.ByPart,5,0,0,0,2,0,2,0,2,0
JaCoCo Coverage Report,com.google.javascript.jscomp,SuspiciousPropertiesCheck.ProcessExternedProperties,65,0,14,0,16,0,10,0,2,0
JaCoCo Coverage Report,com.google.javascript.jscomp,SemanticReverseAbstractInterpreter.new Function() {...},14,3,4,0,3,1,3,1,1,1
JaCoCo Coverage Report,com.google.javascript.jscomp,MustBeReachingVariableDef.Definition,26,0,4,0,8,0,4,0,2,0
JaCoCo Coverage Report,com.google.javascript.jscomp,SemanticReverseAbstractInterpreter.new Function() {...},14,3,4,0,3,1,3,1,1,1
JaCoCo Coverage Report,com.google.javascript.jscomp,SemanticReverseAbstractInterpreter.new Function() {...},20,0,0,0,4,0,2,0,2,0
JaCoCo Coverage Report,com.google.javascript.jscomp,Compiler.new Callable() {...},13,0,0,0,3,0,2,0,2,0
JaCoCo Coverage Report,com.google.javascript.jscomp,Normalize.VerifyConstants,174,0,28,0,38,0,17,0,3,0
JaCoCo Coverage Report,com.google.javascript.jscomp,Compiler.new PassFactory() {...},5,8,0,0,1,1,1,1,1,1
JaCoCo Coverage Report,com.google.javascript.jscomp,SemanticReverseAbstractInterpreter.new Function() {...},14,3,4,0,3,1,3,1,1,1
JaCoCo Coverage Report,com.google.javascript.jscomp,SemanticReverseAbstractInterpreter.new Function() {...},14,3,4,0,3,1,3,1,1,1
JaCoCo Coverage Report,com.google.javascript.jscomp,Compiler.new Runnable() {...},37,0,4,0,9,0,4,0,2,0
JaCoCo Coverage Report,com.google.javascript.jscomp,Compiler.new Callable() {...},49,0,4,0,11,0,4,0,2,0
JaCoCo Coverage Report,com.google.javascript.jscomp,NameReferenceGraph,202,0,16,0,46,0,15,0,7,0
JaCoCo Coverage Report,com.google.javascript.jscomp,Compiler.new Supplier() {...},14,0,0,0,2,0,2,0,2,0
JaCoCo Coverage Report,com.google.javascript.jscomp,Compiler.new Callable() {...},64,0,6,0,13,0,5,0,2,0
JaCoCo Coverage Report,com.google.javascript.jscomp,Compiler.new Callable() {...},62,0,2,0,12,0,3,0,2,0
JaCoCo Coverage Report,com.google.javascript.jscomp,CrossModuleCodeMotion,528,0,117,0,137,0,70,0,10,0
JaCoCo Coverage Report,com.google.javascript.jscomp,DefinitionsRemover.FunctionExpressionDefinition,18,0,0,0,7,0,2,0,2,0
JaCoCo Coverage Report,com.google.javascript.jscomp,MoveFunctionDeclarations,108,0,16,0,28,0,12,0,4,0
JaCoCo Coverage Report,com.google.javascript.jscomp,DeadAssignmentsElimination,571,0,124,0,165,0,76,0,12,0
JaCoCo Coverage Report,com.google.javascript.jscomp,SideEffectsAnalysis.LocationAbstraction,37,0,2,0,8,0,2,0,1,0
JaCoCo Coverage Report,com.google.javascript.jscomp,BasicErrorManager.LeveledJSErrorComparator,121,0,40,0,34,0,22,0,2,0
JaCoCo Coverage Report,com.google.javascript.jscomp,CompilationLevel,153,99,3,1,54,27,6,3,3,3
JaCoCo Coverage Report,com.google.javascript.jscomp,GlobalNamespace.Ref.Type,64,0,0,0,7,0,1,0,1,0
JaCoCo Coverage Report,com.google.javascript.jscomp,JsAst,118,5,6,0,32,1,10,1,7,1
JaCoCo Coverage Report,com.google.javascript.jscomp,Instrumentation.Builder,598,0,68,0,153,0,80,0,43,0
JaCoCo Coverage Report,com.google.javascript.jscomp,CssRenamingMap.Style,24,0,0,0,3,0,1,0,1,0
JaCoCo Coverage Report,com.google.javascript.jscomp,NameAnalyzer.ReferencePropagationCallback,13,0,4,0,4,0,3,0,1,0
JaCoCo Coverage Report,com.google.javascript.jscomp,CompilerOptions.TweakProcessing,14,34,4,0,2,4,4,1,2,1
JaCoCo Coverage Report,com.google.javascript.jscomp,ReplaceIdGenerators.Replacement,30,0,0,0,6,0,2,0,2,0
JaCoCo Coverage Report,com.google.javascript.jscomp,ExpressionDecomposer.DecompositionType,34,0,0,0,4,0,1,0,1,0
JaCoCo Coverage Report,com.google.javascript.jscomp,NameAnalyzer.NameInformation,21,0,0,0,7,0,1,0,1,0
JaCoCo Coverage Report,com.google.javascript.jscomp,AmbiguateProperties.ProcessProperties,103,0,12,0,26,0,11,0,4,0
JaCoCo Coverage Report,com.google.javascript.jscomp,SimpleDefinitionFinder.DefinitionGatheringCallback,234,0,52,0,57,0,29,0,3,0
JaCoCo Coverage Report,com.google.javascript.jscomp,FindExportableNodes,116,5,26,0,28,2,17,1,3,1
JaCoCo Coverage Report,com.google.javascript.jscomp,JsMessage.Hash,789,0,30,0,67,0,32,0,6,0
JaCoCo Coverage Report,com.google.javascript.jscomp,ConcreteType.ConcreteUnionType,196,0,32,0,45,0,26,0,10,0
JaCoCo Coverage Report,com.google.javascript.jscomp,SpecializeModule.new SpecializeModule.NodeMatcher() {...},32,0,4,0,6,0,5,0,3,0
JaCoCo Coverage Report,com.google.javascript.jscomp,CreateSyntheticBlocks.Callback,160,0,16,0,31,0,10,0,2,0
JaCoCo Coverage Report,com.google.javascript.jscomp,GoogleCodingConvention,84,7,20,0,17,3,17,2,7,2
JaCoCo Coverage Report,com.google.javascript.jscomp,MakeDeclaredNamesUnique.ContextualRenameInverter,259,0,38,0,69,0,32,0,13,0
JaCoCo Coverage Report,com.google.javascript.jscomp,AliasStrings.StringInfo,166,0,30,0,37,0,18,0,3,0
JaCoCo Coverage Report,com.google.javascript.jscomp,JSModuleGraph,568,0,68,0,127,0,49,0,15,0
JaCoCo Coverage Report,com.google.javascript.jscomp,ControlFlowAnalysis,1551,0,276,0,386,0,193,0,39,0
JaCoCo Coverage Report,com.google.javascript.jscomp,AnalyzePrototypeProperties,231,0,14,0,51,0,12,0,5,0
JaCoCo Coverage Report,com.google.javascript.jscomp,AmbiguateProperties.new Comparator() {...},20,0,2,0,4,0,3,0,2,0
JaCoCo Coverage Report,com.google.javascript.jscomp,CrossModuleCodeMotion.Declaration,12,0,0,0,4,0,1,0,1,0
JaCoCo Coverage Report,com.google.javascript.jscomp,VariableShadowDeclarationCheck,31,5,0,0,8,1,2,1,2,1
JaCoCo Coverage Report,com.google.javascript.jscomp,CommandLineRunner.FormattingOption,26,24,3,0,7,3,3,1,1,1
JaCoCo Coverage Report,com.google.javascript.jscomp,ReferenceCollectingCallback.new ReferenceCollectingCallback.Behavior() {...},1,3,0,0,1,1,1,1,1,1
JaCoCo Coverage Report,com.google.javascript.jscomp,DefaultPassConfig.new PassFactory() {...},13,0,0,0,2,0,2,0,2,0
JaCoCo Coverage Report,com.google.javascript.jscomp,RenamePrototypes.new Comparator() {...},22,0,2,0,6,0,3,0,2,0
JaCoCo Coverage Report,com.google.javascript.jscomp,DefaultPassConfig.new PassFactory() {...},15,0,0,0,2,0,2,0,2,0
JaCoCo Coverage Report,com.google.javascript.jscomp,DefaultPassConfig.new PassFactory() {...},14,0,0,0,2,0,2,0,2,0
JaCoCo Coverage Report,com.google.javascript.jscomp,Normalize.ScopeTicklingCallback,14,0,0,0,6,0,5,0,5,0
JaCoCo Coverage Report,com.google.javascript.jscomp,DefaultPassConfig.new PassFactory() {...},14,0,0,0,2,0,2,0,2,0
JaCoCo Coverage Report,com.google.javascript.jscomp,ClosureReverseAbstractInterpreter,181,0,18,0,37,0,12,0,3,0
JaCoCo Coverage Report,com.google.javascript.jscomp,DefaultPassConfig.new PassFactory() {...},53,0,6,0,7,0,5,0,2,0
JaCoCo Coverage Report,com.google.javascript.jscomp,DefaultPassConfig.new PassFactory() {...},13,0,0,0,2,0,2,0,2,0
JaCoCo Coverage Report,com.google.javascript.jscomp,DefaultPassConfig.new PassFactory() {...},14,0,0,0,2,0,2,0,2,0
JaCoCo Coverage Report,com.google.javascript.jscomp,CommandLineRunner.Flags.WarningGuardOffOptionHandler,0,11,0,0,0,2,0,1,0,1
JaCoCo Coverage Report,com.google.javascript.jscomp,DefaultPassConfig.new PassFactory() {...},25,0,2,0,4,0,3,0,2,0
JaCoCo Coverage Report,com.google.javascript.jscomp,DefaultPassConfig.new PassFactory() {...},29,0,4,0,2,0,4,0,2,0
JaCoCo Coverage Report,com.google.javascript.jscomp,DefinitionsRemover.AssignmentDefinition,36,0,0,0,11,0,4,0,4,0
JaCoCo Coverage Report,com.google.javascript.jscomp,DefaultPassConfig.new PassFactory() {...},14,0,0,0,2,0,2,0,2,0
JaCoCo Coverage Report,com.google.javascript.jscomp,ExtractPrototypeMemberDeclarations.GatherExtractionInfo,72,0,12,0,17,0,9,0,3,0
JaCoCo Coverage Report,com.google.javascript.jscomp,ScopedAliases.AliasedTypeNode,18,0,0,0,6,0,2,0,2,0
JaCoCo Coverage Report,com.google.javascript.jscomp,InlineFunctions.NamedFunction,25,0,0,0,8,0,5,0,5,0
JaCoCo Coverage Report,com.google.javascript.jscomp,CallGraph.new Predicate() {...},30,0,6,0,5,0,5,0,2,0
JaCoCo Coverage Report,com.google.javascript.jscomp,TypedScopeCreator.StubDeclaration,12,0,0,0,5,0,1,0,1,0
JaCoCo Coverage Report,com.google.javascript.jscomp,CallGraph.new NodeTraversal.AbstractPostOrderCallback() {...},69,0,10,0,16,0,7,0,2,0
JaCoCo Coverage Report,com.google.javascript.jscomp,RenameVars,603,0,72,0,135,0,48,0,12,0
JaCoCo Coverage Report,com.google.javascript.jscomp,RenameLabels.LabelNamespace,8,0,0,0,2,0,1,0,1,0
JaCoCo Coverage Report,com.google.javascript.jscomp,InlineVariables.IdentifyLocals,10,0,0,0,2,0,2,0,2,0
JaCoCo Coverage Report,com.google.javascript.jscomp,DefaultPassConfig.new PassFactory() {...},17,0,0,0,3,0,2,0,2,0
JaCoCo Coverage Report,com.google.javascript.jscomp,CheckMissingReturn.new Predicate() {...},42,3,12,0,11,1,7,1,1,1
JaCoCo Coverage Report,com.google.javascript.jscomp,CheckMissingReturn.new Predicate() {...},10,3,4,0,1,1,3,1,1,1
JaCoCo Coverage Report,com.google.javascript.jscomp,DefaultPassConfig.new PassFactory() {...},33,0,4,0,4,0,4,0,2,0
JaCoCo Coverage Report,com.google.javascript.jscomp,FunctionInformationMap,266,22,22,0,67,11,39,3,28,3
JaCoCo Coverage Report,com.google.javascript.jscomp,CodingConvention.AssertionFunctionSpec,22,0,0,0,9,0,5,0,5,0
JaCoCo Coverage Report,com.google.javascript.jscomp,DefaultPassConfig.new PassFactory() {...},14,0,0,0,2,0,2,0,2,0
JaCoCo Coverage Report,com.google.javascript.jscomp,DefaultPassConfig.new PassFactory() {...},21,0,0,0,2,0,2,0,2,0
JaCoCo Coverage Report,com.google.javascript.jscomp,DefaultPassConfig.new PassFactory() {...},40,0,0,0,2,0,2,0,2,0
JaCoCo Coverage Report,com.google.javascript.jscomp,DefaultPassConfig.new PassFactory() {...},40,0,0,0,2,0,2,0,2,0
JaCoCo Coverage Report,com.google.javascript.jscomp,DefaultPassConfig.new PassFactory() {...},13,0,0,0,2,0,2,0,2,0
JaCoCo Coverage Report,com.google.javascript.jscomp,AmbiguateProperties.ProcessExterns,38,0,5,0,10,0,5,0,2,0
JaCoCo Coverage Report,com.google.javascript.jscomp,DefaultPassConfig.new PassFactory() {...},20,0,0,0,3,0,2,0,2,0
JaCoCo Coverage Report,com.google.javascript.jscomp,DefaultPassConfig.new PassFactory() {...},17,0,0,0,2,0,2,0,2,0
JaCoCo Coverage Report,com.google.javascript.jscomp,DefaultPassConfig.new PassFactory() {...},17,0,0,0,2,0,2,0,2,0
JaCoCo Coverage Report,com.google.javascript.jscomp,JsMessage.Builder,226,0,20,0,57,0,28,0,18,0
JaCoCo Coverage Report,com.google.javascript.jscomp,AbstractMessageFormatter,53,7,5,0,14,2,9,1,6,1
JaCoCo Coverage Report,com.google.javascript.jscomp,ShadowVariables.DoShadowVariables,259,0,36,0,58,0,24,0,6,0
JaCoCo Coverage Report,com.google.javascript.jscomp,ReferenceCollectingCallback.Reference,207,0,40,0,41,0,38,0,18,0
JaCoCo Coverage Report,com.google.javascript.jscomp,DeadAssignmentsElimination.new Predicate() {...},23,0,8,0,4,0,6,0,2,0
JaCoCo Coverage Report,com.google.javascript.jscomp,NameReferenceGraphReport.DiGraphNodeComparator,50,0,8,0,12,0,6,0,2,0
JaCoCo Coverage Report,com.google.javascript.jscomp,ProcessTweaks.CollectTweaks,208,0,24,0,49,0,15,0,2,0
JaCoCo Coverage Report,com.google.javascript.jscomp,Scope.Var,190,0,28,0,51,0,36,0,22,0
JaCoCo Coverage Report,com.google.javascript.jscomp,CodePrinter.PrettyCodePrinter,213,0,30,0,66,0,34,0,17,0
JaCoCo Coverage Report,com.google.javascript.jscomp,ConcreteType.ConcreteNoneType,8,0,0,0,4,0,4,0,4,0
JaCoCo Coverage Report,com.google.javascript.jscomp,CodeChangeHandler.RecentChange,11,6,0,0,5,2,3,1,3,1
JaCoCo Coverage Report,com.google.javascript.jscomp,StrictModeCheck,265,37,51,0,62,9,36,1,10,1
JaCoCo Coverage Report,com.google.javascript.jscomp,ProcessClosurePrimitives.new CssRenamingMap() {...},28,0,2,0,5,0,4,0,3,0
JaCoCo Coverage Report,com.google.javascript.jscomp,TypeInference,2124,0,371,0,563,0,239,0,41,0
JaCoCo Coverage Report,com.google.javascript.jscomp,CommandLineRunner.Flags.WarningGuardSetter,20,9,0,0,5,4,3,1,3,1
JaCoCo Coverage Report,com.google.javascript.jscomp,GlobalNamespace.Name.Type,54,0,0,0,6,0,1,0,1,0
JaCoCo Coverage Report,com.google.javascript.jscomp,CodingConvention.DelegateRelationship,9,0,0,0,4,0,1,0,1,0
JaCoCo Coverage Report,com.google.javascript.jscomp,StripCode.Strip,643,0,135,0,168,0,90,0,19,0
JaCoCo Coverage Report,com.google.javascript.jscomp,ChainableReverseAbstractInterpreter.RestrictByTrueTypeOfResultVisitor,23,0,0,0,9,0,9,0,9,0
JaCoCo Coverage Report,com.google.javascript.jscomp,TightenTypes.Assignment,15,0,0,0,6,0,1,0,1,0
JaCoCo Coverage Report,com.google.javascript.jscomp,AliasExternals,739,0,58,0,163,0,48,0,19,0
JaCoCo Coverage Report,com.google.javascript.jscomp,RuntimeTypeCheck.AddChecks,277,0,44,0,80,0,28,0,6,0
JaCoCo Coverage Report,com.google.javascript.jscomp,RenamePrototypes.Property,132,0,28,0,29,0,19,0,5,0
JaCoCo Coverage Report,com.google.javascript.jscomp,CheckPropertyOrder.OrdersJoinOp,11,0,0,0,2,0,1,0,1,0
JaCoCo Coverage Report,com.google.javascript.jscomp,ControlFlowAnalysis.AstControlFlowGraph,33,0,2,0,9,0,4,0,3,0
JaCoCo Coverage Report,com.google.javascript.jscomp,ExternExportsPass.PropertyExport,90,0,6,0,13,0,5,0,2,0
JaCoCo Coverage Report,com.google.javascript.jscomp,NodeIterators.LocalVarMotion,240,0,52,0,53,0,33,0,7,0
JaCoCo Coverage Report,com.google.javascript.jscomp,Compiler,2483,129,256,0,599,47,250,7,121,7
JaCoCo Coverage Report,com.google.javascript.jscomp,RenameLabels,15,0,0,0,5,0,2,0,2,0
JaCoCo Coverage Report,com.google.javascript.jscomp,InlineFunctions.Reference,15,0,0,0,5,0,1,0,1,0
JaCoCo Coverage Report,com.google.javascript.jscomp,FunctionNames.FunctionRecord,12,0,0,0,5,0,1,0,1,0
JaCoCo Coverage Report,com.google.javascript.jscomp,FunctionInformationMap.Builder,463,0,52,0,114,0,58,0,31,0
JaCoCo Coverage Report,com.google.javascript.jscomp,AbstractMessageFormatter.Color,3,45,0,0,1,7,1,2,1,2
JaCoCo Coverage Report,com.google.javascript.jscomp,CommandLineRunner.Flags,0,132,0,0,0,54,0,2,0,2
JaCoCo Coverage Report,com.google.javascript.jscomp,FunctionRewriter.SingleReturnStatementReducer,23,0,4,0,8,0,4,0,2,0
JaCoCo Coverage Report,com.google.javascript.jscomp,TypeCheck,2788,239,467,0,668,52,296,1,40,1
JaCoCo Coverage Report,com.google.javascript.jscomp,DisambiguateProperties.FindRenameableProperties,238,0,32,0,47,0,21,0,5,0
JaCoCo Coverage Report,com.google.javascript.jscomp,UnfoldCompoundAssignments,182,0,33,0,43,0,26,0,8,0
JaCoCo Coverage Report,com.google.javascript.jscomp,ClosureCodeRemoval,104,0,12,0,28,0,8,0,2,0
JaCoCo Coverage Report,com.google.javascript.jscomp,DefaultPassConfig.78.new CompilerPass() {...},14,0,0,0,3,0,2,0,2,0
JaCoCo Coverage Report,com.google.javascript.jscomp,CollapseVariableDeclarations,147,0,16,0,40,0,11,0,3,0
JaCoCo Coverage Report,com.google.javascript.jscomp,SuspiciousPropertiesCheck.Property,15,0,0,0,6,0,1,0,1,0
JaCoCo Coverage Report,com.google.javascript.jscomp,InlineFunctions.FunctionVar,27,0,0,0,8,0,5,0,5,0
JaCoCo Coverage Report,com.google.javascript.jscomp,Normalize.NormalizeStatements,516,0,91,0,141,0,60,0,13,0
JaCoCo Coverage Report,com.google.javascript.jscomp,LightweightMessageFormatter.LineNumberingFormatter,116,3,12,0,33,1,8,1,2,1
JaCoCo Coverage Report,com.google.javascript.jscomp,DefinitionsRemover.ObjectLiteralPropertyDefinition,43,0,2,0,12,0,5,0,4,0
JaCoCo Coverage Report,com.google.javascript.jscomp,CheckProvides,34,0,0,0,9,0,3,0,3,0
JaCoCo Coverage Report,com.google.javascript.jscomp,JSModuleGraph.DepthComparator,12,0,0,0,2,0,2,0,2,0
JaCoCo Coverage Report,com.google.javascript.jscomp,PerformanceTracker.CodeSizeEstimatePrinter,95,0,6,0,30,0,8,0,5,0
JaCoCo Coverage Report,com.google.javascript.jscomp,NameAnalyzer.InstanceOfCheckNode,35,0,2,0,7,0,3,0,2,0
JaCoCo Coverage Report,com.google.javascript.jscomp,RenameProperties.new Comparator() {...},28,3,4,0,5,1,3,1,1,1
JaCoCo Coverage Report,com.google.javascript.jscomp,MakeDeclaredNamesUnique,258,0,47,0,71,0,34,0,9,0
JaCoCo Coverage Report,com.google.javascript.jscomp,VariableReferenceCheck.ReferenceCheckingBehavior,226,0,40,0,57,0,23,0,3,0
JaCoCo Coverage Report,com.google.javascript.jscomp,TightenTypes.PropertyAssignAction,68,0,2,0,15,0,3,0,2,0
JaCoCo Coverage Report,com.google.javascript.jscomp,LiveVariablesAnalysis.LiveVariableLattice,60,0,4,0,15,0,9,0,7,0
JaCoCo Coverage Report,com.google.javascript.jscomp,FunctionNames,109,0,8,0,28,0,9,0,5,0
JaCoCo Coverage Report,com.google.javascript.jscomp,ErrorFormat.new ErrorFormat() {...},10,6,0,0,3,1,1,1,1,1
JaCoCo Coverage Report,com.google.javascript.jscomp,ErrorFormat.new ErrorFormat() {...},11,6,0,0,3,1,1,1,1,1
JaCoCo Coverage Report,com.google.javascript.jscomp,ErrorFormat.new ErrorFormat() {...},7,6,0,0,3,1,1,1,1,1
JaCoCo Coverage Report,com.google.javascript.jscomp,NameAnalyzer.SpecialReferenceNode,21,0,0,0,7,0,2,0,2,0
JaCoCo Coverage Report,com.google.javascript.jscomp,RhinoErrorReporter.OldRhinoErrorReporter,9,5,0,0,1,2,1,1,1,1
JaCoCo Coverage Report,com.google.javascript.jscomp,CommandLineRunner,256,432,24,12,62,78,18,12,2,10
JaCoCo Coverage Report,com.google.javascript.jscomp,ErrorFormat.new ErrorFormat() {...},10,6,0,0,3,1,1,1,1,1
JaCoCo Coverage Report,com.google.javascript.jscomp,TypeInference.BooleanOutcomePair,63,0,12,0,15,0,9,0,3,0
JaCoCo Coverage Report,com.google.javascript.jscomp,SimpleDefinitionFinder.UseSiteGatheringCallback,41,0,2,0,10,0,3,0,2,0
JaCoCo Coverage Report,com.google.javascript.jscomp,ShowByPathWarningsGuard.ShowType,24,0,0,0,3,0,1,0,1,0
JaCoCo Coverage Report,com.google.javascript.jscomp,InvocationsCallback,33,0,6,0,11,0,5,0,2,0
JaCoCo Coverage Report,com.google.javascript.jscomp,DefinitionsRemover.NamedFunctionDefinition,10,0,0,0,4,0,2,0,2,0
JaCoCo Coverage Report,com.google.javascript.jscomp,JoinOp.BinaryJoinOp,66,0,8,0,15,0,7,0,3,0
JaCoCo Coverage Report,com.google.javascript.jscomp,LinkedFlowScope.LinkedFlowSlot,9,0,0,0,3,0,1,0,1,0
JaCoCo Coverage Report,com.google.javascript.jscomp,RuntimeTypeCheck.AddMarkers,189,0,24,0,48,0,19,0,7,0
JaCoCo Coverage Report,com.google.javascript.jscomp,MarkNoSideEffectCalls,73,5,8,0,18,2,8,1,4,1
JaCoCo Coverage Report,com.google.javascript.jscomp,GlobalNamespace.Ref,128,0,16,0,29,0,16,0,8,0
JaCoCo Coverage Report,com.google.javascript.jscomp,PhaseOptimizer.Loop,3,0,0,0,1,0,1,0,1,0
JaCoCo Coverage Report,com.google.javascript.jscomp,SideEffectsAnalysis.DegenerateLocationAbstraction.DegenerateEffectLocation,24,0,8,0,5,0,7,0,3,0
JaCoCo Coverage Report,com.google.javascript.jscomp,NodeUtil.MatchDeclaration,14,0,4,0,2,0,4,0,2,0
JaCoCo Coverage Report,com.google.javascript.jscomp,PhaseOptimizer.NamedPass,28,0,0,0,8,0,2,0,2,0
JaCoCo Coverage Report,com.google.javascript.jscomp,CheckPropertyOrder.PropertyOrdersFlowAnalysis,180,0,20,0,36,0,18,0,5,0
JaCoCo Coverage Report,com.google.javascript.jscomp,FlowSensitiveInlineVariables,161,5,18,0,36,1,16,1,7,1
JaCoCo Coverage Report,com.google.javascript.jscomp,DefinitionsRemover.UnknownDefinition,10,0,0,0,3,0,2,0,2,0
JaCoCo Coverage Report,com.google.javascript.jscomp,ReplaceStrings,671,5,97,0,161,2,68,1,18,1
JaCoCo Coverage Report,com.google.javascript.jscomp,RenameLabels.ProcessLabels,253,0,25,0,59,0,22,0,9,0
JaCoCo Coverage Report,com.google.javascript.jscomp,ProcessTweaks.TweakFunctionCall,27,0,0,0,9,0,3,0,3,0
JaCoCo Coverage Report,com.google.javascript.jscomp,SideEffectsAnalysis.VisibilityLocationAbstraction.new NodeTraversal.AbstractShallowCallback() {...},24,0,6,0,5,0,5,0,2,0
JaCoCo Coverage Report,com.google.javascript.jscomp,AstParallelizer.DettachPoint,49,0,4,0,12,0,4,0,2,0
JaCoCo Coverage Report,com.google.javascript.jscomp,GroupVariableDeclarations,167,0,22,0,58,0,18,0,7,0
JaCoCo Coverage Report,com.google.javascript.jscomp,PhaseOptimizer.PassFactoryDelegate,24,0,0,0,7,0,2,0,2,0
JaCoCo Coverage Report,com.google.javascript.jscomp,DefaultPassConfig.91.new CompilerPass() {...},54,0,0,0,13,0,2,0,2,0
JaCoCo Coverage Report,com.google.javascript.jscomp,RecordFunctionInformation,141,0,12,0,41,0,11,0,5,0
JaCoCo Coverage Report,com.google.javascript.jscomp,NameReferenceGraphConstruction.Traversal,892,0,165,0,221,0,105,0,21,0
JaCoCo Coverage Report,com.google.javascript.jscomp,CompilerOptions,316,486,19,1,98,159,55,10,45,10
JaCoCo Coverage Report,com.google.javascript.jscomp,NameReferenceGraphConstruction,202,0,18,0,49,0,17,0,8,0
JaCoCo Coverage Report,com.google.javascript.jscomp,NodeUtil.BooleanResultPredicate,3,3,0,0,1,1,1,1,1,1
JaCoCo Coverage Report,com.google.javascript.jscomp,RemoveUnusedVars.CallSiteOptimizer,510,0,96,0,130,0,60,0,12,0
JaCoCo Coverage Report,com.google.javascript.jscomp,AmbiguateProperties,688,0,72,0,147,0,48,0,12,0
JaCoCo Coverage Report,com.google.javascript.jscomp,ChainableReverseAbstractInterpreter.RestrictByFalseTypeOfResultVisitor,43,0,0,0,10,0,10,0,10,0
JaCoCo Coverage Report,com.google.javascript.jscomp,ProcessTweaks,312,68,30,2,74,22,22,2,7,1
JaCoCo Coverage Report,com.google.javascript.jscomp,SimpleFunctionAliasAnalysis,129,0,26,0,33,0,18,0,5,0
JaCoCo Coverage Report,com.google.javascript.jscomp,InlineFunctions.Inline,78,0,8,0,22,0,7,0,3,0
JaCoCo Coverage Report,com.google.javascript.jscomp,DiagnosticGroupWarningsGuard,63,9,12,0,9,4,10,1,4,1
JaCoCo Coverage Report,com.google.javascript.jscomp,PassConfig.State,30,0,0,0,11,0,1,0,1,0
JaCoCo Coverage Report,com.google.javascript.jscomp,TightenTypes.ConcreteScope,165,0,12,0,35,0,19,0,13,0
JaCoCo Coverage Report,com.google.javascript.jscomp,AliasExternals.PropertyGatherer,150,0,40,0,25,0,24,0,4,0
JaCoCo Coverage Report,com.google.javascript.jscomp,NameAnonymousFunctions.AnonymousFunctionNamer,64,0,0,0,13,0,5,0,5,0
JaCoCo Coverage Report,com.google.javascript.jscomp,SideEffectsAnalysis.CrossModuleMotionEnvironment,5,0,0,0,3,0,2,0,2,0
JaCoCo Coverage Report,com.google.javascript.jscomp,NameAnalyzer.new Predicate() {...},11,0,2,0,4,0,3,0,2,0
JaCoCo Coverage Report,com.google.javascript.jscomp,CheckUnreachableCode,75,5,10,0,21,1,11,1,6,1
JaCoCo Coverage Report,com.google.javascript.jscomp,InlineSimpleMethods.new MethodCompilerPass.SignatureStore() {...},3,3,0,0,3,1,3,1,3,1
JaCoCo Coverage Report,com.google.javascript.jscomp,JsMessageExtractor.ExtractMessagesVisitor,27,0,2,0,8,0,4,0,3,0
JaCoCo Coverage Report,com.google.javascript.jscomp,RemoveUnusedVars.Continuation,43,0,4,0,10,0,4,0,2,0
JaCoCo Coverage Report,com.google.javascript.jscomp,DefinitionsRemover.Definition,21,0,2,0,8,0,4,0,3,0
JaCoCo Coverage Report,com.google.javascript.jscomp,VariableShadowDeclarationCheck.NoShadowAnnotationGatheringCallback,35,0,4,0,11,0,7,0,5,0
JaCoCo Coverage Report,com.google.javascript.jscomp,AliasExternals.GlobalGatherer,89,0,26,0,20,0,15,0,2,0
JaCoCo Coverage Report,com.google.javascript.jscomp,FunctionTypeBuilder,1162,45,232,0,275,13,137,1,21,1
JaCoCo Coverage Report,com.google.javascript.jscomp,CollapseProperties,1361,13,242,0,328,5,144,1,22,1
JaCoCo Coverage Report,com.google.javascript.jscomp,Tracer.AtomicTracerStatMap,50,0,6,0,12,0,6,0,3,0
JaCoCo Coverage Report,com.google.javascript.jscomp,Normalize.PropagateConstantAnnotationsOverVars,102,0,18,0,25,0,12,0,3,0
JaCoCo Coverage Report,com.google.javascript.jscomp,DataFlowAnalysis.BranchedFlowState,78,0,2,0,19,0,8,0,7,0
JaCoCo Coverage Report,com.google.javascript.jscomp,RecordFunctionInformation.new Comparator() {...},12,0,0,0,2,0,2,0,2,0
JaCoCo Coverage Report,com.google.javascript.jscomp,DisambiguateProperties.Warnings,3,5,0,0,1,1,1,1,1,1
JaCoCo Coverage Report,com.google.javascript.jscomp,SideEffectsAnalysis.VisibilityLocationAbstraction.VisibilityBasedEffectLocation,49,0,4,0,12,0,6,0,4,0
JaCoCo Coverage Report,com.google.javascript.jscomp,ProcessClosurePrimitives.UnrecognizedRequire,15,0,0,0,5,0,1,0,1,0
JaCoCo Coverage Report,com.google.javascript.jscomp,NameAnalyzer.RefType,24,0,0,0,3,0,1,0,1,0
JaCoCo Coverage Report,com.google.javascript.jscomp,CompilerOptions.NullAliasTransformationHandler,2,6,0,0,1,1,1,1,1,1
JaCoCo Coverage Report,com.google.javascript.jscomp,CompilerOptions.LanguageMode,0,34,0,0,0,4,0,1,0,1
JaCoCo Coverage Report,com.google.javascript.jscomp,SourceExcerptProvider.SourceExcerpt.new SourceExcerptProvider.SourceExcerpt() {...},7,6,0,0,2,1,1,1,1,1
JaCoCo Coverage Report,com.google.javascript.jscomp,NodeUtil.NumbericResultPredicate,3,3,0,0,1,1,1,1,1,1
JaCoCo Coverage Report,com.google.javascript.jscomp,InlineVariables.AliasCandidate,9,0,0,0,4,0,1,0,1,0
JaCoCo Coverage Report,com.google.javascript.jscomp,SourceExcerptProvider.SourceExcerpt.new SourceExcerptProvider.SourceExcerpt() {...},8,6,0,0,2,1,1,1,1,1
JaCoCo Coverage Report,com.google.javascript.jscomp,CheckRegExp,69,5,20,0,16,2,14,1,4,1
JaCoCo Coverage Report,com.google.javascript.jscomp,ReplaceIdGenerators,110,9,6,0,24,4,6,1,3,1
JaCoCo Coverage Report,com.google.javascript.jscomp,LinkedFlowScope.FlowScopeJoinOp,34,0,2,0,8,0,3,0,2,0
JaCoCo Coverage Report,com.google.javascript.jscomp,DisambiguateProperties.ConcreteTypeSystem,297,16,62,0,70,1,46,1,15,1
JaCoCo Coverage Report,com.google.javascript.jscomp,InlineFunctions.CallVisitor,84,0,16,0,24,0,10,0,2,0
JaCoCo Coverage Report,com.google.javascript.jscomp,ParallelCompilerPass.new Thread() {...},21,0,0,0,3,0,2,0,2,0
JaCoCo Coverage Report,com.google.javascript.jscomp,PureFunctionIdentifier.Driver,74,0,4,0,22,0,4,0,2,0
JaCoCo Coverage Report,com.google.javascript.jscomp,InstrumentationTemplate.new Descriptors.FileDescriptor.InternalDescriptorAssigner() {...},47,0,0,0,5,0,2,0,2,0
JaCoCo Coverage Report,com.google.javascript.jscomp,CodeConsumer,306,0,54,0,108,0,58,0,31,0
JaCoCo Coverage Report,com.google.javascript.jscomp,SimpleRegion,21,0,0,0,8,0,4,0,4,0
JaCoCo Coverage Report,com.google.javascript.jscomp,ClosureCodeRemoval.RemovableAssignment,78,0,8,0,22,0,6,0,2,0
JaCoCo Coverage Report,com.google.javascript.jscomp,Strings,92,8,19,3,17,1,15,2,5,1
JaCoCo Coverage Report,com.google.javascript.jscomp,DevirtualizePrototypeMethods,503,0,84,0,146,0,55,0,13,0
JaCoCo Coverage Report,com.google.javascript.jscomp,StripCode,50,0,0,0,14,0,4,0,4,0
JaCoCo Coverage Report,com.google.javascript.jscomp,FunctionArgumentInjector,429,0,88,0,105,0,55,0,10,0
JaCoCo Coverage Report,com.google.javascript.jscomp,TightenTypes.VariableAssignAction,36,0,0,0,8,0,2,0,2,0
JaCoCo Coverage Report,com.google.javascript.jscomp,OptimizeParameters,699,0,122,0,195,0,80,0,18,0
JaCoCo Coverage Report,com.google.javascript.jscomp,DefaultPassConfig.36.new CompilerPass() {...},42,0,0,0,5,0,2,0,2,0
JaCoCo Coverage Report,com.google.javascript.jscomp,ReplaceStrings.Location,15,0,0,0,5,0,1,0,1,0
JaCoCo Coverage Report,com.google.javascript.jscomp,PassConfig,207,0,20,0,51,0,21,0,11,0
JaCoCo Coverage Report,com.google.javascript.jscomp,FunctionNames.FunctionExpressionNamer,53,0,4,0,11,0,7,0,5,0
JaCoCo Coverage Report,com.google.javascript.jscomp,SpecializeModule.NodeMatcher,31,0,4,0,10,0,4,0,2,0
JaCoCo Coverage Report,com.google.javascript.jscomp,LinkedFlowScope.FlatFlowScopeCache,204,0,24,0,49,0,16,0,4,0
JaCoCo Coverage Report,com.google.javascript.jscomp,ConcreteType.ConcreteFunctionType,249,0,32,0,57,0,31,0,15,0
JaCoCo Coverage Report,com.google.javascript.jscomp,CheckUnreachableCode.ReachablePredicate,46,0,10,0,11,0,7,0,2,0
JaCoCo Coverage Report,com.google.javascript.jscomp,AmbiguateProperties.Property,100,0,16,0,25,0,11,0,3,0
JaCoCo Coverage Report,com.google.javascript.jscomp,AliasExternals.GetGlobals,86,0,21,0,20,0,14,0,3,0
JaCoCo Coverage Report,com.google.javascript.jscomp,FunctionTypeBuilder.ImplementedTypeValidator,58,0,10,0,12,0,7,0,2,0
JaCoCo Coverage Report,com.google.javascript.jscomp,AnalyzePrototypeProperties.PropagateReferences,31,0,6,0,8,0,5,0,2,0
JaCoCo Coverage Report,com.google.javascript.jscomp,PassConfig.PassConfigDelegate,33,0,0,0,10,0,7,0,7,0
JaCoCo Coverage Report,com.google.javascript.jscomp,RenameVars.new Comparator() {...},19,0,2,0,4,0,3,0,2,0
JaCoCo Coverage Report,com.google.javascript.jscomp,RenameVars.new Comparator() {...},9,0,0,0,2,0,2,0,2,0
JaCoCo Coverage Report,com.google.javascript.jscomp,BasicErrorManager,124,0,12,0,30,0,16,0,10,0
JaCoCo Coverage Report,com.google.javascript.jscomp,RenameProperties.PropertyAffinity,19,0,0,0,6,0,2,0,2,0
JaCoCo Coverage Report,com.google.javascript.jscomp,CheckRequiresForConstructors.CheckRequiresForConstructorsCallback,274,0,64,0,68,0,40,0,6,0
JaCoCo Coverage Report,com.google.javascript.jscomp,PeepholeFoldWithTypes,99,0,28,0,30,0,17,0,3,0
JaCoCo Coverage Report,com.google.javascript.jscomp,AliasStrings.StringOccurrence,9,0,0,0,4,0,1,0,1,0
JaCoCo Coverage Report,com.google.javascript.jscomp,ExtractPrototypeMemberDeclarations,205,0,8,0,48,0,10,0,6,0
JaCoCo Coverage Report,com.google.javascript.jscomp,DiagnosticGroup,83,52,8,2,18,15,12,5,8,4
JaCoCo Coverage Report,com.google.javascript.jscomp,InferJSDocInfo,215,0,73,0,67,0,42,0,5,0
JaCoCo Coverage Report,com.google.javascript.jscomp,DefaultPassConfig.12.new CompilerPass() {...},35,0,2,0,7,0,3,0,2,0
JaCoCo Coverage Report,com.google.javascript.jscomp,CompilerOptions.DevMode,0,44,0,0,0,5,0,1,0,1
JaCoCo Coverage Report,com.google.javascript.jscomp,NodeUtil.VarCollector,34,0,8,0,9,0,6,0,2,0
JaCoCo Coverage Report,com.google.javascript.jscomp,SyntacticScopeCreator.DefaultRedeclarationHandler,125,0,26,0,29,0,15,0,2,0
JaCoCo Coverage Report,com.google.javascript.jscomp,AbstractCompiler,7,11,0,0,3,3,2,2,2,2
JaCoCo Coverage Report,com.google.javascript.jscomp,OptimizeArgumentsArray,300,0,40,0,80,0,29,0,9,0
JaCoCo Coverage Report,com.google.javascript.jscomp,RenamePrototypes,309,0,34,0,62,0,22,0,5,0
JaCoCo Coverage Report,com.google.javascript.jscomp,JsMessageExtractor,105,0,6,0,21,0,6,0,3,0
JaCoCo Coverage Report,com.google.javascript.jscomp,CodeGenerator,2369,68,449,0,578,1,285,1,34,1
JaCoCo Coverage Report,com.google.javascript.jscomp,AbstractCommandLineRunner.WarningGuardSpec,0,21,0,0,0,6,0,3,0,3
JaCoCo Coverage Report,com.google.javascript.jscomp,DataFlowAnalysis.BranchedForwardDataFlowAnalysis,189,0,18,0,41,0,15,0,6,0
JaCoCo Coverage Report,com.google.javascript.jscomp,SourceMap.DetailLevel.new SourceMap.DetailLevel() {...},2,6,0,0,1,1,1,1,1,1
JaCoCo Coverage Report,com.google.javascript.jscomp,SourceMap.DetailLevel.new SourceMap.DetailLevel() {...},31,6,16,0,7,1,9,1,1,1
JaCoCo Coverage Report,com.google.javascript.jscomp,RenameProperties.ProcessExterns,42,0,7,0,10,0,6,0,2,0
JaCoCo Coverage Report,com.google.javascript.jscomp,DefaultPassConfig.23.new CompilerPass() {...},39,0,0,0,7,0,2,0,2,0
JaCoCo Coverage Report,com.google.javascript.jscomp,Tracer.Stat,21,3,2,0,4,1,5,1,4,1
JaCoCo Coverage Report,com.google.javascript.jscomp,ExtractPrototypeMemberDeclarations.PrototypeMemberDeclaration,39,0,2,0,12,0,4,0,3,0
JaCoCo Coverage Report,com.google.javascript.jscomp,NodeUtil.MatchNameNode,20,0,4,0,5,0,4,0,2,0
JaCoCo Coverage Report,com.google.javascript.jscomp,DisambiguateProperties.Property,279,0,44,0,62,0,31,0,9,0
JaCoCo Coverage Report,com.google.javascript.jscomp,ControlFlowAnalysis.AstControlFlowGraph.new Comparator() {...},16,0,0,0,2,0,2,0,2,0
JaCoCo Coverage Report,com.google.javascript.jscomp,InstrumentationTemplate,21,0,0,0,8,0,4,0,4,0
JaCoCo Coverage Report,com.google.javascript.jscomp,ControlFlowAnalysis.AstControlFlowGraph.new Comparator() {...},16,0,0,0,2,0,2,0,2,0
JaCoCo Coverage Report,com.google.javascript.jscomp,FunctionInjector.new Predicate() {...},48,0,12,0,8,0,8,0,2,0
JaCoCo Coverage Report,com.google.javascript.jscomp,AbstractPeepholeOptimization,111,0,12,0,26,0,16,0,10,0
JaCoCo Coverage Report,com.google.javascript.jscomp,AnalyzePrototypeProperties.NameInfo,79,0,8,0,25,0,11,0,7,0
JaCoCo Coverage Report,com.google.javascript.jscomp,SourceMap.DetailLevel,0,24,0,0,0,3,0,1,0,1
JaCoCo Coverage Report,com.google.javascript.jscomp,NodeUtil.MatchNodeType,15,0,2,0,4,0,3,0,2,0
JaCoCo Coverage Report,com.google.javascript.jscomp,Normalize.DuplicateDeclarationHandler,180,0,32,0,41,0,19,0,3,0
JaCoCo Coverage Report,com.google.javascript.jscomp,TypedScopeCreator.GlobalScopeBuilder,180,0,23,0,43,0,17,0,5,0
JaCoCo Coverage Report,com.google.javascript.jscomp,ClosureCodeRemoval.FindAbstractMethods,42,0,8,0,10,0,6,0,2,0
JaCoCo Coverage Report,com.google.javascript.jscomp,ExportTestFunctions,77,0,4,0,20,0,7,0,5,0
JaCoCo Coverage Report,com.google.javascript.jscomp,CollapseAnonymousFunctions,20,0,0,0,6,0,2,0,2,0
JaCoCo Coverage Report,com.google.javascript.jscomp,InlineFunctions.FunctionExpression,19,0,0,0,8,0,5,0,5,0
JaCoCo Coverage Report,com.google.javascript.jscomp,NameReferenceGraphConstruction.NameUse,9,0,0,0,4,0,1,0,1,0
JaCoCo Coverage Report,com.google.javascript.jscomp,PureFunctionIdentifier.FunctionAnalyzer,531,0,126,0,160,0,79,0,14,0
JaCoCo Coverage Report,com.google.javascript.jscomp,LiveVariablesAnalysis.LiveVariableJoinOp,27,0,2,0,4,0,2,0,1,0
JaCoCo Coverage Report,com.google.javascript.jscomp,MemoizedScopeCreator,40,0,4,0,10,0,4,0,2,0
JaCoCo Coverage Report,com.google.javascript.jscomp,CrossModuleMethodMotion,230,9,28,0,58,3,17,1,3,1
JaCoCo Coverage Report,com.google.javascript.jscomp,DiagnosticGroups,16,308,0,0,3,55,0,8,0,8
JaCoCo Coverage Report,com.google.javascript.jscomp,DefinitionSite,18,0,0,0,7,0,1,0,1,0
JaCoCo Coverage Report,com.google.javascript.jscomp,FunctionInjector.CanInlineResult,34,0,0,0,4,0,1,0,1,0
JaCoCo Coverage Report,com.google.javascript.jscomp,MarkNoSideEffectCalls.SetNoSideEffectCallProperty,56,0,12,0,18,0,8,0,2,0
JaCoCo Coverage Report,com.google.javascript.jscomp,FunctionInformationMap.Entry.Builder,490,0,47,0,133,0,68,0,41,0
JaCoCo Coverage Report,com.google.javascript.jscomp,AmbiguateProperties.JSTypeBitSet,48,0,2,0,13,0,4,0,3,0
JaCoCo Coverage Report,com.google.javascript.jscomp,AliasKeywords.FindAliasableNodes,60,0,6,0,14,0,7,0,4,0
JaCoCo Coverage Report,com.google.javascript.jscomp,CssRenamingMap.ByWhole,5,0,0,0,2,0,2,0,2,0
JaCoCo Coverage Report,com.google.javascript.jscomp,FunctionInjector.Reference,12,0,0,0,5,0,1,0,1,0
JaCoCo Coverage Report,com.google.javascript.jscomp,RenameProperties,485,13,52,0,103,3,34,1,8,1
JaCoCo Coverage Report,com.google.javascript.jscomp,ProcessClosurePrimitives.ProvidedName,420,0,52,0,103,0,37,0,11,0
JaCoCo Coverage Report,com.google.javascript.jscomp,CodePrinter.Builder,110,0,8,0,35,0,14,0,10,0
JaCoCo Coverage Report,com.google.javascript.jscomp,FunctionRewriter.Reducer,23,0,2,0,6,0,3,0,2,0
JaCoCo Coverage Report,com.google.javascript.jscomp,DefinitionsRemover.IncompleteDefinition,40,0,0,0,11,0,4,0,4,0
JaCoCo Coverage Report,com.google.javascript.jscomp,CollapseProperties.new NodeTraversal.AbstractShallowCallback() {...},33,0,2,0,6,0,3,0,2,0
JaCoCo Coverage Report,com.google.javascript.jscomp,DefaultPassConfig.71.new CompilerPass() {...},27,0,0,0,5,0,2,0,2,0
JaCoCo Coverage Report,com.google.javascript.jscomp,SideEffectsAnalysis.IntraproceduralMotionEnvironment,5,0,0,0,3,0,2,0,2,0
JaCoCo Coverage Report,com.google.javascript.jscomp,CoalesceVariableNames.new Comparator() {...},6,3,0,0,1,1,1,1,1,1
JaCoCo Coverage Report,com.google.javascript.jscomp,ExpressionDecomposer,1031,0,153,0,283,0,103,0,24,0
JaCoCo Coverage Report,com.google.javascript.jscomp,SideEffectsAnalysis.AbstractMotionEnvironment,3,0,0,0,1,0,1,0,1,0
JaCoCo Coverage Report,com.google.javascript.jscomp,CheckProvides.CheckProvidesCallback,142,0,26,0,36,0,18,0,4,0
JaCoCo Coverage Report,com.google.javascript.jscomp,TightenTypes,1034,0,153,0,255,0,103,0,20,0
JaCoCo Coverage Report,com.google.javascript.jscomp,ControlFlowGraph.Branch,64,0,4,0,7,0,4,0,2,0
JaCoCo Coverage Report,com.google.javascript.jscomp,NameAnalyzer.RemoveListener,11,0,0,0,3,0,2,0,2,0
JaCoCo Coverage Report,com.google.javascript.jscomp,ProcessTweaks.TweakInfo,208,0,20,0,43,0,19,0,9,0
JaCoCo Coverage Report,com.google.javascript.jscomp,DefaultPassConfig.82.new CompilerPass() {...},28,0,0,0,3,0,2,0,2,0
JaCoCo Coverage Report,com.google.javascript.jscomp,NameAnalyzer.ProcessExternals,50,0,6,0,11,0,5,0,2,0
JaCoCo Coverage Report,com.google.javascript.jscomp,PhaseOptimizer,263,22,28,0,69,7,28,2,14,2
JaCoCo Coverage Report,com.google.javascript.jscomp,CheckLevel,7,34,2,0,1,4,2,1,1,1
JaCoCo Coverage Report,com.google.javascript.jscomp,ScopedAliases.AliasedNode,22,0,0,0,7,0,2,0,2,0
JaCoCo Coverage Report,com.google.javascript.jscomp,AnalyzePrototypeProperties.ProcessExternProperties,30,0,2,0,5,0,3,0,2,0
JaCoCo Coverage Report,com.google.javascript.jscomp,ProcessClosurePrimitives,1419,61,240,0,338,16,141,1,19,1
JaCoCo Coverage Report,com.google.javascript.jscomp,TightenTypes.FunctionCall,107,0,12,0,26,0,8,0,2,0
JaCoCo Coverage Report,com.google.javascript.jscomp,ObjectPropertyStringPreprocess.Callback,167,0,12,0,41,0,8,0,2,0
JaCoCo Coverage Report,com.google.javascript.jscomp,MustBeReachingVariableDef,507,0,81,0,114,0,55,0,12,0
JaCoCo Coverage Report,com.google.javascript.jscomp,SuppressDocWarningsGuard,97,0,18,0,30,0,12,0,3,0
JaCoCo Coverage Report,com.google.javascript.jscomp,NodeUtil.MatchNotFunction,10,0,2,0,2,0,3,0,2,0
JaCoCo Coverage Report,com.google.javascript.jscomp,OptimizeParameters.Parameter,33,0,0,0,14,0,8,0,8,0
JaCoCo Coverage Report,com.google.javascript.jscomp,AliasKeywords.KeywordAliasSpecification,58,0,0,0,17,0,4,0,4,0
JaCoCo Coverage Report,com.google.javascript.jscomp,InlineFunctions.FindCandidatesReferences,245,0,58,0,61,0,35,0,6,0
JaCoCo Coverage Report,com.google.javascript.jscomp,LocaleUtil,40,0,2,0,11,0,4,0,3,0
JaCoCo Coverage Report,com.google.javascript.jscomp,ErrorPass,23,0,0,0,8,0,3,0,3,0
JaCoCo Coverage Report,com.google.javascript.jscomp,NameAnalyzer.JsName,66,0,6,0,17,0,6,0,3,0
JaCoCo Coverage Report,com.google.javascript.jscomp,InlineFunctions.FindCandidateFunctions,161,0,39,0,35,0,25,0,5,0
JaCoCo Coverage Report,com.google.javascript.jscomp,TypedScopeCreator,414,32,50,0,110,16,37,1,12,1
JaCoCo Coverage Report,com.google.javascript.jscomp,CrossModuleCodeMotion.NamedInfo,65,0,8,0,18,0,8,0,4,0
JaCoCo Coverage Report,com.google.javascript.jscomp,CallGraph.Function,109,0,16,0,32,0,19,0,11,0
JaCoCo Coverage Report,com.google.javascript.jscomp,DefaultPassConfig.8.new CompilerPass() {...},23,0,0,0,4,0,2,0,2,0
JaCoCo Coverage Report,com.google.javascript.jscomp,DefaultPassConfig.29.new CompilerPass() {...},29,0,0,0,5,0,2,0,2,0
JaCoCo Coverage Report,com.google.javascript.jscomp,VarCheck.NameRefInExternsCheck,76,0,11,0,17,0,8,0,2,0
JaCoCo Coverage Report,com.google.javascript.jscomp,VariableReferenceCheck,28,13,0,0,8,4,2,1,2,1
JaCoCo Coverage Report,com.google.javascript.jscomp,InstrumentFunctions,204,0,12,0,51,0,8,0,2,0
JaCoCo Coverage Report,com.google.javascript.jscomp,FunctionArgumentInjector.ReferencedAfterSideEffect,161,0,42,0,43,0,28,0,7,0
JaCoCo Coverage Report,com.google.javascript.jscomp,ParallelCompilerPass,162,0,14,0,48,0,13,0,6,0
JaCoCo Coverage Report,com.google.javascript.jscomp,OptimizeCalls,48,0,4,0,13,0,5,0,3,0
JaCoCo Coverage Report,com.google.javascript.jscomp,ConcreteType.ConcreteUniqueType,41,0,6,0,7,0,7,0,4,0
JaCoCo Coverage Report,com.google.javascript.jscomp,CoalesceVariableNames.LiveRangeChecker,125,0,42,0,27,0,27,0,6,0
JaCoCo Coverage Report,com.google.javascript.jscomp,NameAnalyzer.JsNameRefNode,62,0,6,0,17,0,7,0,3,0
JaCoCo Coverage Report,com.google.javascript.jscomp,MinimizeExitPoints,373,0,69,0,108,0,43,0,7,0
JaCoCo Coverage Report,com.google.javascript.jscomp,NodeUtil,3390,85,861,3,868,18,653,4,151,2
JaCoCo Coverage Report,com.google.javascript.jscomp,AliasKeywords,247,0,22,0,53,0,22,0,11,0
JaCoCo Coverage Report,com.google.javascript.jscomp,VariableShadowDeclarationCheck.ShadowDeclarationCheckingCallback,92,0,12,0,24,0,11,0,5,0
JaCoCo Coverage Report,com.google.javascript.jscomp,NameReferenceGraph.Name,210,0,22,0,54,0,33,0,22,0
JaCoCo Coverage Report,com.google.javascript.jscomp,FunctionInformationMap.Entry,393,0,48,0,111,0,63,0,39,0
JaCoCo Coverage Report,com.google.javascript.jscomp,RemoveUnusedVars.Assign,142,0,22,0,40,0,14,0,3,0
JaCoCo Coverage Report,com.google.javascript.jscomp,StatementFusion,174,0,31,0,53,0,24,0,7,0
JaCoCo Coverage Report,com.google.javascript.jscomp,PeepholeSubstituteAlternateSyntax.FoldArrayAction,34,0,0,0,2,0,1,0,1,0
JaCoCo Coverage Report,com.google.javascript.jscomp,GlobalNamespace.BuildGlobalNamespace,745,0,160,0,207,0,105,0,14,0
JaCoCo Coverage Report,com.google.javascript.jscomp,CodePrinter.Format,0,34,0,0,0,4,0,1,0,1
JaCoCo Coverage Report,com.google.javascript.jscomp,CheckPropertyOrder.PropertyOrders,122,0,10,0,28,0,11,0,6,0
JaCoCo Coverage Report,com.google.javascript.jscomp,MethodCompilerPass,115,0,6,0,29,0,7,0,4,0
JaCoCo Coverage Report,com.google.javascript.jscomp,ConcreteType.ConcreteAll,8,0,0,0,4,0,4,0,4,0
JaCoCo Coverage Report,com.google.javascript.jscomp,ProcessTweaks.CollectTweaksResult,9,0,0,0,4,0,1,0,1,0
JaCoCo Coverage Report,com.google.javascript.jscomp,ReplaceStrings.Result,33,0,0,0,9,0,2,0,2,0
JaCoCo Coverage Report,com.google.javascript.jscomp,SpecializeModule,370,0,38,0,96,0,28,0,9,0
JaCoCo Coverage Report,com.google.javascript.jscomp,CodeChangeHandler.ForbiddenChange,8,0,0,0,2,0,2,0,2,0
JaCoCo Coverage Report,com.google.javascript.jscomp,LineNumberCheck,66,5,8,0,21,1,9,1,5,1
JaCoCo Coverage Report,com.google.javascript.jscomp,CodePrinter.CompactCodePrinter,153,0,16,0,38,0,14,0,6,0
JaCoCo Coverage Report,com.google.javascript.jscomp,ComposeWarningsGuard.new Comparator() {...},2,30,1,1,1,5,1,2,0,2
JaCoCo Coverage Report,com.google.javascript.jscomp,FunctionTypeBuilder.ExtendedTypeValidator,63,0,10,0,12,0,7,0,2,0
JaCoCo Coverage Report,com.google.javascript.jscomp,FunctionInfo,1,20,0,0,1,7,1,3,1,3
JaCoCo Coverage Report,com.google.javascript.jscomp,TypeValidator,1079,63,194,0,237,15,130,1,33,1
JaCoCo Coverage Report,com.google.javascript.jscomp,InstrumentFunctions.InstrumentReturns,128,0,12,0,34,0,12,0,6,0
JaCoCo Coverage Report,com.google.javascript.jscomp,CallGraph.Callsite,65,0,6,0,20,0,10,0,7,0
JaCoCo Coverage Report,com.google.javascript.jscomp,TightenTypes.ConcreteJSTypePair,67,0,14,0,16,0,12,0,5,0
JaCoCo Coverage Report,com.google.javascript.jscomp,ConcreteType.ConcreteInstanceType,125,0,22,0,32,0,21,0,10,0
JaCoCo Coverage Report,com.google.javascript.jscomp,CheckSideEffects,154,5,54,0,42,1,29,1,2,1
JaCoCo Coverage Report,com.google.javascript.jscomp,CheckPathsBetweenNodes,276,0,50,0,77,0,36,0,11,0
JaCoCo Coverage Report,com.google.javascript.jscomp,ScopedAliases,109,29,18,0,27,8,11,1,2,1
JaCoCo Coverage Report,com.google.javascript.jscomp,CodingConvention.SubclassType,24,0,0,0,3,0,1,0,1,0
JaCoCo Coverage Report,com.google.javascript.jscomp,ConvertToDottedProperties,57,0,9,0,17,0,8,0,3,0
JaCoCo Coverage Report,com.google.javascript.jscomp,GlobalNamespace.Name,529,0,107,0,113,0,75,0,17,0
JaCoCo Coverage Report,com.google.javascript.jscomp,Tracer.ThreadTrace,549,0,76,0,127,0,48,0,10,0
JaCoCo Coverage Report,com.google.javascript.jscomp,RenamePrototypes.ProcessProperties,190,0,28,0,44,0,22,0,7,0
JaCoCo Coverage Report,com.google.javascript.jscomp,SideEffectsAnalysis,309,0,59,0,86,0,45,0,12,0
JaCoCo Coverage Report,com.google.javascript.jscomp,DefaultPassConfig.53.new CompilerPass() {...},23,0,0,0,5,0,2,0,2,0
JaCoCo Coverage Report,com.google.javascript.jscomp,AnalyzePrototypeProperties.GlobalFunction,69,0,12,0,18,0,10,0,4,0
JaCoCo Coverage Report,com.google.javascript.jscomp,CheckAccidentalSemicolon,47,5,11,0,15,1,8,1,2,1
JaCoCo Coverage Report,com.google.javascript.jscomp,CodeGenerator.Context,0,64,0,0,0,7,0,1,0,1
JaCoCo Coverage Report,com.google.javascript.jscomp,NameAnalyzer.AliasSet,16,0,0,0,5,0,1,0,1,0
JaCoCo Coverage Report,com.google.javascript.jscomp,ProcessDefines,288,34,44,0,63,12,29,1,7,1
JaCoCo Coverage Report,com.google.javascript.jscomp,DefaultPassConfig.new PassFactory() {...},14,0,0,0,2,0,2,0,2,0
JaCoCo Coverage Report,com.google.javascript.jscomp,DefaultPassConfig.new PassFactory() {...},14,0,0,0,2,0,2,0,2,0
JaCoCo Coverage Report,com.google.javascript.jscomp,JsMessage,280,0,52,0,52,0,41,0,15,0
JaCoCo Coverage Report,com.google.javascript.jscomp,Denormalize,123,0,30,0,41,0,20,0,5,0
JaCoCo Coverage Report,com.google.javascript.jscomp,CheckGlobalNames,249,9,48,0,53,3,32,1,8,1
JaCoCo Coverage Report,com.google.javascript.jscomp,Compiler.CodeBuilder,103,0,8,0,22,0,12,0,8,0
JaCoCo Coverage Report,com.google.javascript.jscomp,DefaultPassConfig.new PassFactory() {...},11,0,0,0,2,0,2,0,2,0
JaCoCo Coverage Report,com.google.javascript.jscomp,CreateSyntheticBlocks,155,13,10,0,39,3,11,1,6,1
JaCoCo Coverage Report,com.google.javascript.jscomp,DefaultPassConfig.new PassFactory() {...},46,0,2,0,10,0,3,0,2,0
JaCoCo Coverage Report,com.google.javascript.jscomp,DefaultPassConfig.new PassFactory() {...},46,0,2,0,10,0,3,0,2,0
JaCoCo Coverage Report,com.google.javascript.jscomp,DefaultPassConfig.new PassFactory() {...},13,0,0,0,2,0,2,0,2,0
JaCoCo Coverage Report,com.google.javascript.jscomp,DefaultPassConfig.new PassFactory() {...},13,0,0,0,2,0,2,0,2,0
JaCoCo Coverage Report,com.google.javascript.jscomp,DefaultPassConfig.new PassFactory() {...},14,0,0,0,2,0,2,0,2,0
JaCoCo Coverage Report,com.google.javascript.jscomp,DefaultPassConfig.new PassFactory() {...},14,0,0,0,2,0,2,0,2,0
JaCoCo Coverage Report,com.google.javascript.jscomp,DefaultPassConfig.new PassFactory() {...},9,0,0,0,2,0,2,0,2,0
JaCoCo Coverage Report,com.google.javascript.jscomp,DefaultPassConfig.new PassFactory() {...},20,0,0,0,2,0,2,0,2,0
JaCoCo Coverage Report,com.google.javascript.jscomp,DefaultPassConfig.new CompilerPass() {...},23,0,2,0,5,0,3,0,2,0
JaCoCo Coverage Report,com.google.javascript.jscomp,SpecializeModule.OriginalFunctionInformation,123,0,14,0,28,0,12,0,5,0
JaCoCo Coverage Report,com.google.javascript.jscomp,CheckPathsBetweenNodes.new Annotation() {...},3,0,0,0,1,0,1,0,1,0
JaCoCo Coverage Report,com.google.javascript.jscomp,CheckPathsBetweenNodes.new Annotation() {...},3,0,0,0,1,0,1,0,1,0
JaCoCo Coverage Report,com.google.javascript.jscomp,TightenTypes.FunctionCallBuilder,83,0,8,0,18,0,9,0,5,0
JaCoCo Coverage Report,com.google.javascript.jscomp,CheckPathsBetweenNodes.new Annotation() {...},3,0,0,0,1,0,1,0,1,0
JaCoCo Coverage Report,com.google.javascript.jscomp,CheckPathsBetweenNodes.new Annotation() {...},3,0,0,0,1,0,1,0,1,0
JaCoCo Coverage Report,com.google.javascript.jscomp,TypedScopeCreator.LocalScopeBuilder,130,0,22,0,36,0,16,0,5,0
JaCoCo Coverage Report,com.google.javascript.jscomp,CommandLineRunner.Flags.WarningGuardErrorOptionHandler,0,11,0,0,0,2,0,1,0,1
JaCoCo Coverage Report,com.google.javascript.jscomp,ClosureReverseAbstractInterpreter.new Function() {...},17,0,2,0,4,0,3,0,2,0
JaCoCo Coverage Report,com.google.javascript.jscomp,ClosureReverseAbstractInterpreter.new Function() {...},20,0,2,0,4,0,3,0,2,0
JaCoCo Coverage Report,com.google.javascript.jscomp,ClosureReverseAbstractInterpreter.new Function() {...},20,0,2,0,5,0,3,0,2,0
JaCoCo Coverage Report,com.google.javascript.jscomp,SourceMap.Format.new SourceMap.Format() {...},7,6,0,0,2,1,1,1,1,1
JaCoCo Coverage Report,com.google.javascript.jscomp,SourceMap.Format.new SourceMap.Format() {...},7,6,0,0,2,1,1,1,1,1
JaCoCo Coverage Report,com.google.javascript.jscomp,DefaultPassConfig.new PassFactory() {...},13,0,0,0,2,0,2,0,2,0
JaCoCo Coverage Report,com.google.javascript.jscomp,SourceMap.Format.new SourceMap.Format() {...},7,6,0,0,2,1,1,1,1,1
JaCoCo Coverage Report,com.google.javascript.jscomp,DefaultPassConfig.new PassFactory() {...},14,0,0,0,2,0,2,0,2,0
JaCoCo Coverage Report,com.google.javascript.jscomp,DefaultPassConfig.new PassFactory() {...},13,0,0,0,2,0,2,0,2,0
JaCoCo Coverage Report,com.google.javascript.jscomp,DefaultPassConfig.new PassFactory() {...},23,0,0,0,2,0,2,0,2,0
JaCoCo Coverage Report,com.google.javascript.jscomp,DefaultPassConfig.new PassFactory() {...},34,0,2,0,4,0,3,0,2,0
JaCoCo Coverage Report,com.google.javascript.jscomp,DefaultPassConfig.new PassFactory() {...},13,0,0,0,2,0,2,0,2,0
JaCoCo Coverage Report,com.google.javascript.jscomp,ChainableReverseAbstractInterpreter,266,0,44,0,70,0,35,0,12,0
JaCoCo Coverage Report,com.google.javascript.jscomp,DefaultPassConfig.new PassFactory() {...},13,0,0,0,2,0,2,0,2,0
JaCoCo Coverage Report,com.google.javascript.jscomp,DefaultPassConfig.new PassFactory() {...},18,0,0,0,3,0,2,0,2,0
JaCoCo Coverage Report,com.google.javascript.jscomp,DefaultPassConfig.86.new CompilerPass() {...},59,0,0,0,10,0,2,0,2,0
JaCoCo Coverage Report,com.google.javascript.jscomp,DefaultPassConfig.new PassFactory() {...},14,0,0,0,2,0,2,0,2,0
JaCoCo Coverage Report,com.google.javascript.jscomp,DefaultPassConfig.new PassFactory() {...},13,0,0,0,2,0,2,0,2,0
JaCoCo Coverage Report,com.google.javascript.jscomp,ExportTestFunctions.ExportTestFunctionsNodes,75,0,18,0,16,0,12,0,3,0
JaCoCo Coverage Report,com.google.javascript.jscomp,ConcreteType.TypeFilter,9,0,0,0,3,0,1,0,1,0
JaCoCo Coverage Report,com.google.javascript.jscomp,TightenTypes.ConcreteSlot,53,0,2,0,13,0,8,0,7,0
JaCoCo Coverage Report,com.google.javascript.jscomp,PrepareAst.PrepareAnnotations,198,0,49,0,53,0,33,0,8,0
JaCoCo Coverage Report,com.google.javascript.jscomp,JSError,299,0,41,0,54,0,34,0,13,0
JaCoCo Coverage Report,com.google.javascript.jscomp,SuspiciousPropertiesCheck,149,12,12,0,31,3,11,1,5,1
JaCoCo Coverage Report,com.google.javascript.jscomp,ClosureReverseAbstractInterpreter.new Function() {...},15,0,0,0,2,0,2,0,2,0
JaCoCo Coverage Report,com.google.javascript.jscomp,DefaultPassConfig.new PassFactory() {...},33,0,0,0,3,0,2,0,2,0
JaCoCo Coverage Report,com.google.javascript.jscomp,CheckLevelLegacy,44,0,0,0,5,0,1,0,1,0
JaCoCo Coverage Report,com.google.javascript.jscomp,DefaultPassConfig.new PassFactory() {...},13,0,0,0,2,0,2,0,2,0
JaCoCo Coverage Report,com.google.javascript.jscomp,DefaultPassConfig.new PassFactory() {...},17,0,0,0,2,0,2,0,2,0
JaCoCo Coverage Report,com.google.javascript.jscomp,DefaultPassConfig.new PassFactory() {...},21,0,0,0,2,0,2,0,2,0
JaCoCo Coverage Report,com.google.javascript.jscomp,DefaultPassConfig.new PassFactory() {...},13,0,0,0,2,0,2,0,2,0
JaCoCo Coverage Report,com.google.javascript.jscomp,DefaultPassConfig.new PassFactory() {...},13,0,0,0,2,0,2,0,2,0
JaCoCo Coverage Report,com.google.javascript.jscomp,DefaultPassConfig.new PassFactory() {...},13,0,0,0,2,0,2,0,2,0
JaCoCo Coverage Report,com.google.javascript.jscomp,DefaultPassConfig.new PassFactory() {...},13,0,0,0,2,0,2,0,2,0
JaCoCo Coverage Report,com.google.javascript.jscomp,DefaultPassConfig.new PassFactory() {...},13,0,0,0,2,0,2,0,2,0
JaCoCo Coverage Report,com.google.javascript.jscomp,DefaultPassConfig.new PassFactory() {...},13,0,0,0,2,0,2,0,2,0
JaCoCo Coverage Report,com.google.javascript.jscomp,VariableVisibilityAnalysis.VariableVisibility,44,0,0,0,5,0,1,0,1,0
JaCoCo Coverage Report,com.google.javascript.jscomp,FunctionInformationMap.Module.Builder,246,0,28,0,69,0,36,0,21,0
JaCoCo Coverage Report,com.google.javascript.jscomp,InlineVariables.InliningBehavior,1064,0,232,0,257,0,139,0,23,0
JaCoCo Coverage Report,com.google.javascript.jscomp,ChainableReverseAbstractInterpreter.RestrictByOneTypeOfResultVisitor,156,0,32,0,23,0,27,0,11,0
JaCoCo Coverage Report,com.google.javascript.jscomp,VariableMap,218,0,16,0,51,0,19,0,11,0
JaCoCo Coverage Report,com.google.javascript.jscomp,LoggerErrorManager,107,0,9,0,20,0,9,0,4,0
JaCoCo Coverage Report,com.google.javascript.jscomp,FlowSensitiveInlineVariables.GatherCandiates.new ControlFlowGraph.AbstractCfgNodeTraversalCallback() {...},89,0,22,0,15,0,13,0,2,0
JaCoCo Coverage Report,com.google.javascript.jscomp,ClosureCodeRemoval.FindAssertionCalls,49,0,6,0,11,0,5,0,2,0
JaCoCo Coverage Report,com.google.javascript.jscomp,ErrorFormat,0,44,0,0,0,5,0,1,0,1
JaCoCo Coverage Report,com.google.javascript.jscomp,FunctionInjector.InliningMode,24,0,0,0,3,0,1,0,1,0
JaCoCo Coverage Report,com.google.javascript.jscomp,DefaultPassConfig.new PassFactory() {...},14,0,0,0,2,0,2,0,2,0
JaCoCo Coverage Report,com.google.javascript.jscomp,DefaultPassConfig.new PassFactory() {...},25,0,2,0,2,0,3,0,2,0
JaCoCo Coverage Report,com.google.javascript.jscomp,AbstractCommandLineRunner.FlagUsageException,0,4,0,0,0,2,0,1,0,1
JaCoCo Coverage Report,com.google.javascript.jscomp,DefaultPassConfig.new PassFactory() {...},14,0,0,0,2,0,2,0,2,0
JaCoCo Coverage Report,com.google.javascript.jscomp,DefaultPassConfig.new PassFactory() {...},14,0,0,0,2,0,2,0,2,0
JaCoCo Coverage Report,com.google.javascript.jscomp,DefaultPassConfig.new PassFactory() {...},13,0,0,0,2,0,2,0,2,0
JaCoCo Coverage Report,com.google.javascript.jscomp,DefaultPassConfig.new PassFactory() {...},13,0,0,0,2,0,2,0,2,0
JaCoCo Coverage Report,com.google.javascript.jscomp,DefaultPassConfig.new PassFactory() {...},32,0,2,0,4,0,3,0,2,0
JaCoCo Coverage Report,com.google.javascript.jscomp,DefaultPassConfig.new PassFactory() {...},44,0,8,0,4,0,6,0,2,0
JaCoCo Coverage Report,com.google.javascript.jscomp,DefaultPassConfig.new PassFactory() {...},15,0,0,0,2,0,2,0,2,0
JaCoCo Coverage Report,com.google.javascript.jscomp,DefaultPassConfig.new PassFactory() {...},20,0,0,0,3,0,2,0,2,0
JaCoCo Coverage Report,com.google.javascript.jscomp,CommandLineRunner.Flags.BooleanOptionHandler,49,49,6,0,14,7,4,3,1,3
JaCoCo Coverage Report,com.google.javascript.jscomp,NodeTraversal.AbstractPostOrderCallback,5,0,0,0,2,0,2,0,2,0
JaCoCo Coverage Report,com.google.javascript.jscomp,SideEffectsAnalysis.DegenerateLocationAbstraction,41,0,4,0,11,0,8,0,6,0
JaCoCo Coverage Report,com.google.javascript.jscomp,AliasKeywords.AliasSpecification,75,0,6,0,23,0,9,0,6,0
JaCoCo Coverage Report,com.google.javascript.jscomp,ChainCalls.CallSite,18,0,0,0,7,0,1,0,1,0
JaCoCo Coverage Report,com.google.javascript.jscomp,DefinitionsRemover.FunctionDefinition,17,0,0,0,6,0,3,0,3,0
JaCoCo Coverage Report,com.google.javascript.jscomp,Tracer,452,21,57,0,127,6,57,1,27,1
JaCoCo Coverage Report,com.google.javascript.jscomp,DefaultPassConfig.new PassFactory() {...},31,0,2,0,5,0,3,0,2,0
JaCoCo Coverage Report,com.google.javascript.jscomp,DefaultPassConfig.new PassFactory() {...},21,0,2,0,5,0,3,0,2,0
JaCoCo Coverage Report,com.google.javascript.jscomp,DefaultPassConfig.new PassFactory() {...},13,0,0,0,2,0,2,0,2,0
JaCoCo Coverage Report,com.google.javascript.jscomp,DefaultPassConfig.new PassFactory() {...},13,0,0,0,2,0,2,0,2,0
JaCoCo Coverage Report,com.google.javascript.jscomp,AbstractCommandLineRunner.CommandLineConfig,0,303,0,0,0,107,0,34,0,34
JaCoCo Coverage Report,com.google.javascript.jscomp,DefaultPassConfig.new PassFactory() {...},82,0,14,0,11,0,9,0,2,0
JaCoCo Coverage Report,com.google.javascript.jscomp,DefaultPassConfig.new PassFactory() {...},18,0,0,0,2,0,2,0,2,0
JaCoCo Coverage Report,com.google.javascript.jscomp,DefaultPassConfig.new PassFactory() {...},13,0,0,0,2,0,2,0,2,0
JaCoCo Coverage Report,com.google.javascript.jscomp,DataFlowAnalysis.FlowState,64,0,0,0,16,0,7,0,7,0
JaCoCo Coverage Report,com.google.javascript.jscomp,DefaultPassConfig.new PassFactory() {...},46,0,6,0,9,0,5,0,2,0
JaCoCo Coverage Report,com.google.javascript.jscomp,DefaultPassConfig.new PassFactory() {...},15,0,0,0,2,0,2,0,2,0
JaCoCo Coverage Report,com.google.javascript.jscomp,DefaultPassConfig.new PassFactory() {...},13,0,0,0,2,0,2,0,2,0
JaCoCo Coverage Report,com.google.javascript.jscomp,RemoveUnusedNames,76,0,10,0,20,0,9,0,4,0
JaCoCo Coverage Report,com.google.javascript.jscomp,CodingConvention.ObjectLiteralCast,9,0,0,0,4,0,1,0,1,0
JaCoCo Coverage Report,com.google.javascript.jscomp,MarkNoSideEffectCalls.GatherNoSideEffectFunctions,96,0,26,0,28,0,15,0,2,0
JaCoCo Coverage Report,com.google.javascript.jscomp,SideEffectsAnalysis.VisibilityLocationAbstraction,220,0,45,0,60,0,32,0,8,0
JaCoCo Coverage Report,com.google.javascript.jscomp,ReferenceCollectingCallback.BasicBlock,70,0,18,0,17,0,12,0,3,0
JaCoCo Coverage Report,com.google.javascript.jscomp,FunctionToBlockMutator,507,0,76,0,134,0,51,0,13,0
JaCoCo Coverage Report,com.google.javascript.jscomp,DefinitionsRemover.VarDefinition,66,0,4,0,15,0,6,0,4,0
JaCoCo Coverage Report,com.google.javascript.jscomp,DisambiguateProperties.AbstractScopingCallback,46,0,2,0,10,0,6,0,5,0
JaCoCo Coverage Report,com.google.javascript.jscomp,DefaultPassConfig.new PassFactory() {...},14,0,0,0,2,0,2,0,2,0
JaCoCo Coverage Report,com.google.javascript.jscomp,DefaultPassConfig.new PassFactory() {...},13,0,0,0,2,0,2,0,2,0
JaCoCo Coverage Report,com.google.javascript.jscomp,PeepholeRemoveDeadCode,1398,0,282,0,379,0,176,0,28,0
JaCoCo Coverage Report,com.google.javascript.jscomp,FlowSensitiveInlineVariables.Candidate,238,0,30,0,63,0,20,0,5,0
JaCoCo Coverage Report,com.google.javascript.jscomp,DefaultPassConfig.new PassFactory() {...},16,0,0,0,2,0,2,0,2,0
JaCoCo Coverage Report,com.google.javascript.jscomp,DefaultPassConfig.new PassFactory() {...},13,0,0,0,2,0,2,0,2,0
JaCoCo Coverage Report,com.google.javascript.jscomp,MustBeReachingVariableDef.MustDefJoin,97,0,12,0,21,0,7,0,1,0
JaCoCo Coverage Report,com.google.javascript.jscomp,PrintStreamErrorManager,107,0,12,0,20,0,11,0,5,0
JaCoCo Coverage Report,com.google.javascript.jscomp,DefaultPassConfig.new PassFactory() {...},17,0,0,0,2,0,2,0,2,0
JaCoCo Coverage Report,com.google.javascript.jscomp,MaybeReachingVariableUse.ReachingUsesJoinOp,23,0,2,0,5,0,2,0,1,0
JaCoCo Coverage Report,com.google.javascript.jscomp,DefaultPassConfig.new PassFactory() {...},14,0,0,0,2,0,2,0,2,0
JaCoCo Coverage Report,com.google.javascript.jscomp,DefaultPassConfig.new PassFactory() {...},14,0,0,0,2,0,2,0,2,0
JaCoCo Coverage Report,com.google.javascript.jscomp,DefaultPassConfig.new PassFactory() {...},13,0,0,0,2,0,2,0,2,0
JaCoCo Coverage Report,com.google.javascript.jscomp,DefaultPassConfig.new PassFactory() {...},21,0,0,0,2,0,2,0,2,0
JaCoCo Coverage Report,com.google.javascript.jscomp,JsMessage.PlaceholderReference,57,0,6,0,11,0,11,0,8,0
JaCoCo Coverage Report,com.google.javascript.jscomp,DefaultPassConfig.new PassFactory() {...},24,0,2,0,3,0,3,0,2,0
JaCoCo Coverage Report,com.google.javascript.jscomp,AstParallelizer,171,0,10,0,47,0,12,0,7,0
JaCoCo Coverage Report,com.google.javascript.jscomp,ProcessDefines.CollectDefines.RefInfo,9,0,0,0,4,0,1,0,1,0
JaCoCo Coverage Report,com.google.javascript.jscomp.deps,JsFileLineParser.ParseException,10,0,0,0,4,0,2,0,2,0
JaCoCo Coverage Report,com.google.javascript.jscomp.deps,JsFunctionParser,167,0,16,0,36,0,14,0,6,0
JaCoCo Coverage Report,com.google.javascript.jscomp.deps,SortedDependencies.CircularDependencyException,4,0,0,0,2,0,1,0,1,0
JaCoCo Coverage Report,com.google.javascript.jscomp.deps,JsFileParser,150,0,18,0,29,0,15,0,6,0
JaCoCo Coverage Report,com.google.javascript.jscomp.deps,DepsFileParser,160,0,14,0,31,0,13,0,6,0
JaCoCo Coverage Report,com.google.javascript.jscomp.deps,SortedDependencies.new Comparator() {...},20,0,0,0,3,0,2,0,2,0
JaCoCo Coverage Report,com.google.javascript.jscomp.deps,SortedDependencies,429,0,50,0,96,0,35,0,10,0
JaCoCo Coverage Report,com.google.javascript.jscomp.deps,JsFunctionParser.SymbolInfo,9,0,0,0,4,0,1,0,1,0
JaCoCo Coverage Report,com.google.javascript.jscomp.deps,SimpleDependencyInfo,90,0,10,0,18,0,12,0,7,0
JaCoCo Coverage Report,com.google.javascript.jscomp.deps,JsFileLineParser,360,0,50,0,81,0,32,0,7,0
JaCoCo Coverage Report,com.google.javascript.jscomp.deps,SortedDependencies.MissingProvideException,4,0,0,0,2,0,1,0,1,0
JaCoCo Coverage Report,com.google.debugging.sourcemap.proto,Mapping.OriginalMapping.Builder,338,0,34,0,93,0,48,0,29,0
JaCoCo Coverage Report,com.google.debugging.sourcemap.proto,Mapping.LineMapping.Builder,345,0,35,0,94,0,46,0,27,0
JaCoCo Coverage Report,com.google.debugging.sourcemap.proto,Mapping.OriginalMapping,268,0,22,0,80,0,44,0,33,0
JaCoCo Coverage Report,com.google.debugging.sourcemap.proto,Mapping.new Descriptors.FileDescriptor.InternalDescriptorAssigner() {...},70,0,0,0,11,0,2,0,2,0
JaCoCo Coverage Report,com.google.debugging.sourcemap.proto,Mapping,21,0,0,0,8,0,4,0,4,0
JaCoCo Coverage Report,com.google.debugging.sourcemap.proto,Mapping.LineMapping,235,0,18,0,72,0,40,0,31,0
JaCoCo Coverage Report,com.google.javascript.jscomp.parsing,Annotation,0,580,0,0,0,93,0,1,0,1
JaCoCo Coverage Report,com.google.javascript.jscomp.parsing,JsDocTokenStream,758,0,132,0,200,0,98,0,24,0
JaCoCo Coverage Report,com.google.javascript.jscomp.parsing,JsDocInfoParser.ExtractionInfo,9,0,0,0,4,0,1,0,1,0
JaCoCo Coverage Report,com.google.javascript.jscomp.parsing,JsDocInfoParser.State,34,0,0,0,4,0,1,0,1,0
JaCoCo Coverage Report,com.google.javascript.jscomp.parsing,NullErrorReporter,12,0,0,0,4,0,4,0,4,0
JaCoCo Coverage Report,com.google.javascript.jscomp.parsing,JsDocInfoParser.WhitespaceOption,34,0,0,0,4,0,1,0,1,0
JaCoCo Coverage Report,com.google.javascript.jscomp.parsing,Config.LanguageMode,0,34,0,0,0,4,0,1,0,1
JaCoCo Coverage Report,com.google.javascript.jscomp.parsing,NullErrorReporter.NewRhinoNullReporter,9,0,0,0,2,0,2,0,2,0
JaCoCo Coverage Report,com.google.javascript.jscomp.parsing,JsDocInfoParser,3490,0,583,0,965,0,381,0,58,0
JaCoCo Coverage Report,com.google.javascript.jscomp.parsing,IRFactory.TransformDispatcher,1465,0,136,0,339,0,124,0,56,0
JaCoCo Coverage Report,com.google.javascript.jscomp.parsing,NullErrorReporter.OldRhinoNullReporter,9,0,0,0,2,0,2,0,2,0
JaCoCo Coverage Report,com.google.javascript.jscomp.parsing,Config,51,0,4,0,15,0,4,0,2,0
JaCoCo Coverage Report,com.google.javascript.jscomp.parsing,IRFactory,789,65,197,0,274,4,199,1,24,1
JaCoCo Coverage Report,com.google.javascript.jscomp.parsing,ParserRunner,158,5,14,0,38,2,12,1,5,1
JaCoCo Coverage Report,com.google.javascript.jscomp.parsing,TypeSafeDispatcher,315,0,54,0,64,0,47,0,2,0
JaCoCo Coverage Report,com.google.javascript.jscomp.parsing,JsDocToken,214,0,0,0,22,0,1,0,1,0
JaCoCo Coverage Report,com.google.javascript.jscomp.parsing,JsDocInfoParser.ErrorReporterParser,74,0,0,0,15,0,5,0,5,0
JaCoCo Coverage Report,com.google.javascript.rhino,Kit,554,0,88,0,164,0,60,0,16,0
JaCoCo Coverage Report,com.google.javascript.rhino,JSDocInfo.LazilyInitializedDocumentation,33,0,0,0,11,0,1,0,1,0
JaCoCo Coverage Report,com.google.javascript.rhino,SourcePosition,50,0,0,0,18,0,8,0,8,0
JaCoCo Coverage Report,com.google.javascript.rhino,TokenStream,3152,12,697,2,870,3,443,1,41,1
JaCoCo Coverage Report,com.google.javascript.rhino,JSDocInfo,1267,0,206,0,322,0,222,0,119,0
JaCoCo Coverage Report,com.google.javascript.rhino,Context,839,11,154,0,226,3,137,2,55,2
JaCoCo Coverage Report,com.google.javascript.rhino,RhinoException.new FilenameFilter() {...},10,0,0,0,2,0,2,0,2,0
JaCoCo Coverage Report,com.google.javascript.rhino,ObjToIntMap,762,0,112,0,182,0,79,0,23,0
JaCoCo Coverage Report,com.google.javascript.rhino,EcmaError,46,0,0,0,12,0,8,0,8,0
JaCoCo Coverage Report,com.google.javascript.rhino,ObjArray,794,0,146,0,177,0,114,0,28,0
JaCoCo Coverage Report,com.google.javascript.rhino,Parser,4570,0,418,0,1188,0,301,0,64,0
JaCoCo Coverage Report,com.google.javascript.rhino,RhinoException,202,0,38,0,59,0,37,0,18,0
JaCoCo Coverage Report,com.google.javascript.rhino,ObjToIntMap.Iterator,107,0,12,0,28,0,14,0,8,0
JaCoCo Coverage Report,com.google.javascript.rhino,Node.StringNode,73,0,10,0,20,0,12,0,7,0
JaCoCo Coverage Report,com.google.javascript.rhino,Token,335,0,163,0,165,0,164,0,2,0
JaCoCo Coverage Report,com.google.javascript.rhino,FunctionNode,28,0,0,0,10,0,6,0,6,0
JaCoCo Coverage Report,com.google.javascript.rhino,ScriptRuntime,943,48,195,1,225,14,136,3,31,3
JaCoCo Coverage Report,com.google.javascript.rhino,JSDocInfo.Marker,15,0,0,0,5,0,1,0,1,0
JaCoCo Coverage Report,com.google.javascript.rhino,UniqueTag,64,0,8,0,20,0,10,0,4,0
JaCoCo Coverage Report,com.google.javascript.rhino,JSDocInfo.Visibility,44,0,0,0,5,0,1,0,1,0
JaCoCo Coverage Report,com.google.javascript.rhino,JSDocInfoBuilder,921,0,174,0,274,0,148,0,61,0
JaCoCo Coverage Report,com.google.javascript.rhino,JavaScriptException,15,0,0,0,5,0,2,0,2,0
JaCoCo Coverage Report,com.google.javascript.rhino,Decompiler,1303,0,216,0,373,0,173,0,20,0
JaCoCo Coverage Report,com.google.javascript.rhino,UintMap,879,0,152,0,205,0,96,0,20,0
JaCoCo Coverage Report,com.google.javascript.rhino,Node.SideEffectFlags,75,0,2,0,28,0,14,0,13,0
JaCoCo Coverage Report,com.google.javascript.rhino,Node.FileLevelJsDocBuilder,39,0,4,0,10,0,4,0,2,0
JaCoCo Coverage Report,com.google.javascript.rhino,Node.NumberNode,40,0,4,0,11,0,7,0,5,0
JaCoCo Coverage Report,com.google.javascript.rhino,JSDocInfo.TypePosition,6,0,0,0,2,0,1,0,1,0
JaCoCo Coverage Report,com.google.javascript.rhino,CompilerEnvirons,193,0,6,0,70,0,30,0,27,0
JaCoCo Coverage Report,com.google.javascript.rhino,IRFactory,981,0,119,0,221,0,113,0,53,0
JaCoCo Coverage Report,com.google.javascript.rhino,Kit.ComplexKey,48,0,8,0,11,0,7,0,3,0
JaCoCo Coverage Report,com.google.javascript.rhino,JSDocInfo.LazilyInitializedInfo,39,0,0,0,13,0,1,0,1,0
JaCoCo Coverage Report,com.google.javascript.rhino,Node,2841,0,544,0,804,0,482,0,122,0
JaCoCo Coverage Report,com.google.javascript.rhino,DToA,2484,0,432,0,586,0,236,0,16,0
JaCoCo Coverage Report,com.google.javascript.rhino,Node.PropListItem,29,0,0,0,10,0,3,0,3,0
JaCoCo Coverage Report,com.google.javascript.rhino,Node.AncestorIterable.new Iterator() {...},39,0,4,0,7,0,6,0,4,0
JaCoCo Coverage Report,com.google.javascript.rhino,Node.SiblingNodeIterable,55,0,6,0,15,0,8,0,5,0
JaCoCo Coverage Report,com.google.javascript.rhino,ScriptOrFnNode,428,0,46,0,100,0,54,0,31,0
JaCoCo Coverage Report,com.google.javascript.rhino,Node.AncestorIterable,11,0,0,0,4,0,2,0,2,0
JaCoCo Coverage Report,com.google.javascript.rhino,JSTypeExpression,77,0,12,0,14,0,14,0,8,0
JaCoCo Coverage Report,com.google.javascript.rhino,Node.NodeMismatch,47,0,6,0,9,0,6,0,3,0
JaCoCo Coverage Report,com.google.javascript.rhino,JSDocInfo.StringPosition,3,0,0,0,1,0,1,0,1,0
JaCoCo Coverage Report,com.google.javascript.rhino,EvaluatorException,22,0,0,0,7,0,3,0,3,0
JaCoCo Coverage Report,com.google.javascript.rhino,SimpleErrorReporter,92,0,12,0,24,0,13,0,7,0
JaCoCo Coverage Report,com.google.javascript.rhino.jstype,TernaryValue,40,0,2,0,5,0,3,0,2,0
JaCoCo Coverage Report,com.google.javascript.rhino.jstype,UnresolvedTypeExpression,23,0,0,0,6,0,2,0,2,0
JaCoCo Coverage Report,com.google.javascript.rhino.jstype,NamedType,490,0,88,0,126,0,65,0,21,0
JaCoCo Coverage Report,com.google.javascript.rhino.jstype,NoObjectType,88,0,10,0,28,0,27,0,22,0
JaCoCo Coverage Report,com.google.javascript.rhino.jstype,NumberType,49,0,6,0,19,0,15,0,12,0
JaCoCo Coverage Report,com.google.javascript.rhino.jstype,RecordTypeBuilder.RecordProperty,15,0,0,0,6,0,3,0,3,0
JaCoCo Coverage Report,com.google.javascript.rhino.jstype,VoidType,49,0,6,0,17,0,14,0,11,0
JaCoCo Coverage Report,com.google.javascript.rhino.jstype,RecordType,513,0,84,0,117,0,53,0,11,0
JaCoCo Coverage Report,com.google.javascript.rhino.jstype,AllType,31,0,0,0,14,0,13,0,13,0
JaCoCo Coverage Report,com.google.javascript.rhino.jstype,SimpleSlot,21,0,0,0,8,0,4,0,4,0
JaCoCo Coverage Report,com.google.javascript.rhino.jstype,FunctionType.Kind,0,34,0,0,0,4,0,1,0,1
JaCoCo Coverage Report,com.google.javascript.rhino.jstype,RecordTypeBuilder,49,0,4,0,13,0,5,0,3,0
JaCoCo Coverage Report,com.google.javascript.rhino.jstype,PrototypeObjectType,676,0,142,0,182,0,105,0,34,0
JaCoCo Coverage Report,com.google.javascript.rhino.jstype,ProxyObjectType,374,0,46,0,88,0,77,0,54,0
JaCoCo Coverage Report,com.google.javascript.rhino.jstype,NamedType.PropertyContinuation,32,0,0,0,9,0,2,0,2,0
JaCoCo Coverage Report,com.google.javascript.rhino.jstype,UnionTypeBuilder,251,5,60,0,69,1,36,1,6,1
JaCoCo Coverage Report,com.google.javascript.rhino.jstype,ValueType,12,0,0,0,5,0,4,0,4,0
JaCoCo Coverage Report,com.google.javascript.rhino.jstype,BooleanType,52,0,8,0,20,0,16,0,12,0
JaCoCo Coverage Report,com.google.javascript.rhino.jstype,FunctionBuilder,163,0,0,0,48,0,15,0,15,0
JaCoCo Coverage Report,com.google.javascript.rhino.jstype,PrototypeObjectType.Property,18,0,0,0,7,0,1,0,1,0
JaCoCo Coverage Report,com.google.javascript.rhino.jstype,FunctionType,1510,0,290,0,355,0,200,0,55,0
JaCoCo Coverage Report,com.google.javascript.rhino.jstype,UnionType,897,0,148,0,220,0,106,0,32,0
JaCoCo Coverage Report,com.google.javascript.rhino.jstype,FunctionParamBuilder,150,0,22,0,34,0,20,0,9,0
JaCoCo Coverage Report,com.google.javascript.rhino.jstype,JSTypeRegistry,2421,0,143,0,548,0,155,0,78,0
JaCoCo Coverage Report,com.google.javascript.rhino.jstype,ArrowType,297,0,70,0,88,0,48,0,13,0
JaCoCo Coverage Report,com.google.javascript.rhino.jstype,InstanceObjectType,198,0,44,0,37,0,42,0,20,0
JaCoCo Coverage Report,com.google.javascript.rhino.jstype,ObjectType,264,11,42,0,84,1,52,1,31,1
JaCoCo Coverage Report,com.google.javascript.rhino.jstype,ParameterizedType,11,0,0,0,4,0,2,0,2,0
JaCoCo Coverage Report,com.google.javascript.rhino.jstype,JSTypeNative,0,554,0,0,0,56,0,1,0,1
JaCoCo Coverage Report,com.google.javascript.rhino.jstype,NoType,25,0,0,0,12,0,11,0,11,0
JaCoCo Coverage Report,com.google.javascript.rhino.jstype,TernaryValue.new TernaryValue() {...},30,0,4,0,7,0,9,0,7,0
JaCoCo Coverage Report,com.google.javascript.rhino.jstype,TernaryValue.new TernaryValue() {...},18,0,0,0,7,0,7,0,7,0
JaCoCo Coverage Report,com.google.javascript.rhino.jstype,TernaryValue.new TernaryValue() {...},19,0,0,0,7,0,7,0,7,0
JaCoCo Coverage Report,com.google.javascript.rhino.jstype,FunctionPrototypeType,53,0,6,0,12,0,10,0,7,0
JaCoCo Coverage Report,com.google.javascript.rhino.jstype,JSTypeRegistry.ResolveMode,0,34,0,0,0,4,0,1,0,1
JaCoCo Coverage Report,com.google.javascript.rhino.jstype,TemplateType,18,0,0,0,6,0,4,0,4,0
JaCoCo Coverage Report,com.google.javascript.rhino.jstype,StringType,47,0,6,0,18,0,14,0,11,0
JaCoCo Coverage Report,com.google.javascript.rhino.jstype,UnknownType,66,0,2,0,29,0,28,0,27,0
JaCoCo Coverage Report,com.google.javascript.rhino.jstype,BooleanLiteralSet,116,0,14,0,21,0,16,0,6,0
JaCoCo Coverage Report,com.google.javascript.rhino.jstype,IndexedType,11,0,0,0,4,0,2,0,2,0
JaCoCo Coverage Report,com.google.javascript.rhino.jstype,JSType,820,5,158,0,214,1,162,1,82,1
JaCoCo Coverage Report,com.google.javascript.rhino.jstype,EnumType,123,0,10,0,26,0,21,0,16,0
JaCoCo Coverage Report,com.google.javascript.rhino.jstype,JSType.TypePair,9,0,0,0,4,0,1,0,1,0
JaCoCo Coverage Report,com.google.javascript.rhino.jstype,ErrorFunctionType,40,0,0,0,8,0,1,0,1,0
JaCoCo Coverage Report,com.google.javascript.rhino.jstype,NoResolvedType,27,0,4,0,9,0,8,0,6,0
JaCoCo Coverage Report,com.google.javascript.rhino.jstype,JSTypeRegistry.new FunctionType() {...},19,0,0,0,2,0,2,0,2,0
JaCoCo Coverage Report,com.google.javascript.rhino.jstype,JSType.new Comparator() {...},6,3,0,0,1,1,1,1,1,1
JaCoCo Coverage Report,com.google.javascript.rhino.jstype,EnumElementType,218,0,26,0,57,0,43,0,30,0
JaCoCo Coverage Report,com.google.javascript.rhino.jstype,NullType,55,0,10,0,20,0,17,0,12,0
JaCoCo Coverage Report,com.google.javascript.rhino.jstype,UnionTypeBuilder.new Comparator() {...},6,3,0,0,1,1,1,1,1,1
JaCoCo Coverage Report,com.google.javascript.jscomp.ant,CompileTask,546,0,40,0,132,0,44,0,24,0
JaCoCo Coverage Report,com.google.javascript.jscomp.ant,AntErrorManager,84,0,7,0,17,0,7,0,3,0
JaCoCo Coverage Report,com.google.debugging.sourcemap,SourceMapConsumerV1.LineFragment,42,0,4,0,10,0,5,0,3,0
JaCoCo Coverage Report,com.google.debugging.sourcemap,FilePosition,15,0,0,0,6,0,3,0,3,0
JaCoCo Coverage Report,com.google.debugging.sourcemap,SourceMapGeneratorFactory,24,0,3,0,6,0,5,0,3,0
JaCoCo Coverage Report,com.google.debugging.sourcemap,SourceMapGeneratorV2.MappingTraversal,238,0,42,0,47,0,29,0,8,0
JaCoCo Coverage Report,com.google.debugging.sourcemap,SourceMapGeneratorV2.LineMapper,149,0,16,0,36,0,14,0,6,0
JaCoCo Coverage Report,com.google.debugging.sourcemap,SourceMapGeneratorV1.Mapping,9,0,0,0,3,0,1,0,1,0
JaCoCo Coverage Report,com.google.debugging.sourcemap,SourceMapGeneratorV2.LineMapEncoder,220,0,28,0,44,0,19,0,5,0
JaCoCo Coverage Report,com.google.debugging.sourcemap,SourceMapConsumerV1.ParseState,81,0,8,0,21,0,9,0,5,0
JaCoCo Coverage Report,com.google.debugging.sourcemap,SourceMapGeneratorV2.MappingWriter,96,0,8,0,24,0,7,0,3,0
JaCoCo Coverage Report,com.google.debugging.sourcemap,SourceMapConsumerV1.FileName,12,0,0,0,4,0,1,0,1,0
JaCoCo Coverage Report,com.google.debugging.sourcemap,SourceMapLineDecoder.StringParser,38,0,2,0,7,0,5,0,4,0
JaCoCo Coverage Report,com.google.debugging.sourcemap,Util,316,0,35,0,55,0,27,0,6,0
JaCoCo Coverage Report,com.google.debugging.sourcemap,SourceMapGeneratorV2.UsedMappingCheck,12,0,2,0,4,0,3,0,2,0
JaCoCo Coverage Report,com.google.debugging.sourcemap,SourceMapGeneratorV2.Mapping,9,0,0,0,3,0,1,0,1,0
JaCoCo Coverage Report,com.google.debugging.sourcemap,SourceMapGeneratorV1.MappingTraversal,238,0,42,0,47,0,29,0,8,0
JaCoCo Coverage Report,com.google.debugging.sourcemap,SourceMapSection,15,0,0,0,6,0,3,0,3,0
JaCoCo Coverage Report,com.google.debugging.sourcemap,SourceMapLineDecoder,163,0,14,0,40,0,13,0,6,0
JaCoCo Coverage Report,com.google.debugging.sourcemap,SourceMapGeneratorV1.LineMapper,126,0,20,0,37,0,16,0,6,0
JaCoCo Coverage Report,com.google.debugging.sourcemap,SourceMapGeneratorV1,354,0,34,0,81,0,27,0,10,0
JaCoCo Coverage Report,com.google.debugging.sourcemap,SourceMapGeneratorV2,607,0,44,0,155,0,37,0,15,0
JaCoCo Coverage Report,com.google.debugging.sourcemap,SourceMapConsumerV1.SourceFile.Builder,63,0,0,0,16,0,9,0,9,0
JaCoCo Coverage Report,com.google.debugging.sourcemap,SourceMapGeneratorV2.LineMapDecoder,167,0,14,0,42,0,14,0,7,0
JaCoCo Coverage Report,com.google.debugging.sourcemap,SourceMapGeneratorV1.UsedMappingCheck,12,0,2,0,4,0,3,0,2,0
JaCoCo Coverage Report,com.google.debugging.sourcemap,SourceMapGeneratorV2.LineMapDecoder.LineEntry,9,0,0,0,4,0,1,0,1,0
JaCoCo Coverage Report,com.google.debugging.sourcemap,SourceMapConsumerV2,238,0,22,0,59,0,15,0,4,0
JaCoCo Coverage Report,com.google.debugging.sourcemap,SourceMapConsumerV1,565,0,62,0,152,0,40,0,9,0
JaCoCo Coverage Report,com.google.debugging.sourcemap,SourceMapParseException,4,0,0,0,2,0,1,0,1,0
JaCoCo Coverage Report,com.google.debugging.sourcemap,SourceMapConsumerFactory,49,0,7,0,14,0,7,0,3,0
JaCoCo Coverage Report,com.google.debugging.sourcemap,SourceMapLineDecoder.LineEntry,9,0,0,0,4,0,1,0,1,0
JaCoCo Coverage Report,com.google.debugging.sourcemap,SourceMapGeneratorV2.LineMapDecoder.StringParser,38,0,2,0,7,0,5,0,4,0
JaCoCo Coverage Report,com.google.debugging.sourcemap,SourceMapGeneratorV1.MappingWriter,117,0,10,0,31,0,8,0,3,0
JaCoCo Coverage Report,com.google.debugging.sourcemap,SourceMapFormat,34,0,0,0,4,0,1,0,1,0
JaCoCo Coverage Report,com.google.debugging.sourcemap,SourceMapConsumerV1.SourceFile,128,0,6,0,31,0,9,0,6,0
JaCoCo Coverage Report,com.google.javascript.jscomp.graph,StandardUnionFind,257,0,20,0,55,0,21,0,11,0
JaCoCo Coverage Report,com.google.javascript.jscomp.graph,LinkedUndirectedGraph,491,0,58,0,112,0,57,0,28,0
JaCoCo Coverage Report,com.google.javascript.jscomp.graph,DiGraph,33,0,8,0,4,0,7,0,3,0
JaCoCo Coverage Report,com.google.javascript.jscomp.graph,GraphColoring,39,0,2,0,11,0,4,0,3,0
JaCoCo Coverage Report,com.google.javascript.jscomp.graph,LinkedUndirectedGraph.LinkedUndirectedGraphNode,56,0,2,0,14,0,11,0,10,0
JaCoCo Coverage Report,com.google.javascript.jscomp.graph,Graph.GraphAnnotationState,4,0,0,0,2,0,1,0,1,0
JaCoCo Coverage Report,com.google.javascript.jscomp.graph,Graph.AnnotationState,9,0,0,0,4,0,1,0,1,0
JaCoCo Coverage Report,com.google.javascript.jscomp.graph,LinkedDirectedGraph.LinkedDirectedGraphEdge,81,0,2,0,21,0,16,0,15,0
JaCoCo Coverage Report,com.google.javascript.jscomp.graph,LinkedUndirectedGraph.AnnotatedLinkedUndirectedGraphEdge,13,0,0,0,5,0,3,0,3,0
JaCoCo Coverage Report,com.google.javascript.jscomp.graph,LinkedDirectedGraph.LinkedDirectedGraphNode,61,0,2,0,16,0,12,0,11,0
JaCoCo Coverage Report,com.google.javascript.jscomp.graph,LinkedUndirectedGraph.LinkedUndirectedGraphEdge,67,0,2,0,15,0,12,0,11,0
JaCoCo Coverage Report,com.google.javascript.jscomp.graph,LinkedUndirectedGraph.AnnotatedLinkedUndirectedGraphNode,11,0,0,0,5,0,3,0,3,0
JaCoCo Coverage Report,com.google.javascript.jscomp.graph,LinkedDirectedGraph,586,0,46,0,132,0,59,0,36,0
JaCoCo Coverage Report,com.google.javascript.jscomp.graph,UndiGraph,3,0,0,0,1,0,1,0,1,0
JaCoCo Coverage Report,com.google.javascript.jscomp.graph,GraphReachability,94,0,10,0,25,0,11,0,6,0
JaCoCo Coverage Report,com.google.javascript.jscomp.graph,GraphReachability.EdgeTuple,12,0,0,0,5,0,1,0,1,0
JaCoCo Coverage Report,com.google.javascript.jscomp.graph,StandardUnionFind.Node,15,0,0,0,6,0,1,0,1,0
JaCoCo Coverage Report,com.google.javascript.jscomp.graph,StandardUnionFind.new Predicate() {...},54,0,6,0,9,0,5,0,2,0
JaCoCo Coverage Report,com.google.javascript.jscomp.graph,StandardUnionFind.new AbstractSet() {...},39,0,0,0,4,0,4,0,4,0
JaCoCo Coverage Report,com.google.javascript.jscomp.graph,GraphColoring.GreedyGraphColoring,74,0,6,0,23,0,6,0,3,0
JaCoCo Coverage Report,com.google.javascript.jscomp.graph,GraphColoring.GreedyGraphColoring.new Comparator() {...},37,0,4,0,5,0,4,0,2,0
JaCoCo Coverage Report,com.google.javascript.jscomp.graph,FixedPointGraphTraversal,143,0,14,0,33,0,12,0,5,0
JaCoCo Coverage Report,com.google.javascript.jscomp.graph,GraphReachability.new Annotation() {...},3,0,0,0,1,0,1,0,1,0
JaCoCo Coverage Report,com.google.javascript.jscomp.graph,LinkedDirectedGraph.LinkedDirectedGraphNode.NeighborIterator,63,0,10,0,9,0,9,0,4,0
JaCoCo Coverage Report,com.google.javascript.jscomp.graph,Graph.SimpleSubGraph,50,0,4,0,12,0,5,0,3,0
JaCoCo Coverage Report,com.google.javascript.jscomp.graph,LinkedDirectedGraph.AnnotatedLinkedDirectedGraphNode,11,0,0,0,5,0,3,0,3,0
JaCoCo Coverage Report,com.google.javascript.jscomp.graph,GraphColoring.Color,27,0,4,0,8,0,5,0,3,0
JaCoCo Coverage Report,com.google.javascript.jscomp.graph,LinkedDirectedGraph.AnnotatedLinkedDirectedGraphEdge,13,0,0,0,5,0,3,0,3,0
JaCoCo Coverage Report,com.google.javascript.jscomp.graph,Graph,173,0,18,0,42,0,22,0,13,0
JaCoCo Coverage Report,com.google.javascript.jscomp.graph,LinkedUndirectedGraph.LinkedUndirectedGraphNode.NeighborIterator,37,0,2,0,9,0,5,0,4,0
