GROUP,PACKAGE,CLASS,INSTRUCTION_MISSED,INSTRUCTION_COVERED,BRANCH_MISSED,BRANCH_COVERED,LINE_MISSED,LINE_COVERED,COMPLEXITY_MISSED,COMPLEXITY_COVERED,METHOD_MISSED,METHOD_COVERED
JaCoCo Coverage Report,com.google.javascript.jscomp,ShowByPathWarningsGuard,92,0,14,0,21,0,13,0,6,0
JaCoCo Coverage Report,com.google.javascript.jscomp,RuntimeTypeCheck,93,5,2,0,23,1,6,1,5,1
JaCoCo Coverage Report,com.google.javascript.jscomp,LiveVariablesAnalysis,352,0,46,0,82,0,37,0,11,0
JaCoCo Coverage Report,com.google.javascript.jscomp,FunctionInjector.CallSiteType,64,0,0,0,7,0,1,0,1,0
JaCoCo Coverage Report,com.google.javascript.jscomp,DefaultCodingConvention,98,7,16,0,28,3,34,3,26,3
JaCoCo Coverage Report,com.google.javascript.jscomp,CodePrinter,24,45,6,6,4,13,7,1,1,1
JaCoCo Coverage Report,com.google.javascript.jscomp,ReplaceCssNames.Traversal,327,0,30,0,65,0,19,0,3,0
JaCoCo Coverage Report,com.google.javascript.jscomp,SideEffectsAnalysis.VariableUseDeclarationMap,69,0,4,0,17,0,5,0,3,0
JaCoCo Coverage Report,com.google.javascript.jscomp,OptimizeReturns,209,0,43,0,53,0,30,0,7,0
JaCoCo Coverage Report,com.google.javascript.jscomp,DefaultPassConfig.GlobalTypeResolver,36,0,2,0,9,0,4,0,3,0
JaCoCo Coverage Report,com.google.javascript.jscomp,PureFunctionIdentifier,647,0,104,0,166,0,63,0,11,0
JaCoCo Coverage Report,com.google.javascript.jscomp,SideEffectsAnalysis.LocationAbstractionMode,24,0,0,0,3,0,1,0,1,0
JaCoCo Coverage Report,com.google.javascript.jscomp,VariableRenamingPolicy,0,44,0,0,0,5,0,1,0,1
JaCoCo Coverage Report,com.google.javascript.jscomp,PrepareAst,117,40,28,4,30,12,18,4,3,3
JaCoCo Coverage Report,com.google.javascript.jscomp,ExternExportsPass.new Comparator() {...},12,0,0,0,2,0,2,0,2,0
JaCoCo Coverage Report,com.google.javascript.jscomp,DefaultPassConfig.22.new HotSwapCompilerPass() {...},40,0,0,0,7,0,3,0,3,0
JaCoCo Coverage Report,com.google.javascript.jscomp,ChainCalls,76,0,2,0,17,0,3,0,2,0
JaCoCo Coverage Report,com.google.javascript.jscomp,ProcessTweaks.TweakFunction,53,165,12,0,10,25,12,7,5,7
JaCoCo Coverage Report,com.google.javascript.jscomp,DisambiguateProperties,420,0,48,0,88,0,35,0,11,0
JaCoCo Coverage Report,com.google.javascript.jscomp,InstrumentFunctions.InstrumentCallback,158,0,18,0,41,0,11,0,2,0
JaCoCo Coverage Report,com.google.javascript.jscomp,NameAnalyzer.ClassDefiningFunctionNode,56,0,6,0,10,0,5,0,2,0
JaCoCo Coverage Report,com.google.javascript.jscomp,RemoveTryCatch,21,0,0,0,6,0,2,0,2,0
JaCoCo Coverage Report,com.google.javascript.jscomp,CheckMissingReturn,138,13,22,0,42,4,20,1,9,1
JaCoCo Coverage Report,com.google.javascript.jscomp,Normalize,162,25,4,0,29,6,7,2,5,2
JaCoCo Coverage Report,com.google.javascript.jscomp,RemoveUnusedVars,853,0,171,0,214,0,101,0,14,0
JaCoCo Coverage Report,com.google.javascript.jscomp,FunctionInfo.new Descriptors.FileDescriptor.InternalDescriptorAssigner() {...},0,97,0,0,0,11,0,2,0,2
JaCoCo Coverage Report,com.google.javascript.jscomp,TypedScopeCreator.DiscoverEnumsAndTypedefs,74,0,15,0,26,0,11,0,3,0
JaCoCo Coverage Report,com.google.javascript.jscomp,ObjectPropertyStringPreprocess,63,0,4,0,20,0,6,0,4,0
JaCoCo Coverage Report,com.google.javascript.jscomp,TypedScopeCreator.DeferredSetType,32,0,0,0,9,0,2,0,2,0
JaCoCo Coverage Report,com.google.javascript.jscomp,ControlFlowAnalysis.new Comparator() {...},24,0,0,0,2,0,2,0,2,0
JaCoCo Coverage Report,com.google.javascript.jscomp,ClosureCodingConvention,506,43,97,1,129,7,70,4,21,4
JaCoCo Coverage Report,com.google.javascript.jscomp,CrossModuleMethodMotion.IdGenerator,21,0,2,0,4,0,4,0,3,0
JaCoCo Coverage Report,com.google.javascript.jscomp,CompilerOptions.TracerMode,2,39,1,1,0,5,1,2,0,2
JaCoCo Coverage Report,com.google.javascript.jscomp,ChainCalls.GatherCallSites,138,0,30,0,42,0,17,0,2,0
JaCoCo Coverage Report,com.google.javascript.jscomp,SyntheticAst,7,28,0,0,2,9,2,3,2,3
JaCoCo Coverage Report,com.google.javascript.jscomp,CompilerInput,325,53,20,2,78,16,33,5,22,5
JaCoCo Coverage Report,com.google.javascript.jscomp,AstValidator,921,539,94,55,272,168,104,53,34,31
JaCoCo Coverage Report,com.google.javascript.jscomp,TypedScopeCreator.AbstractScopeBuilder.CollectProperties,87,0,17,0,24,0,12,0,3,0
JaCoCo Coverage Report,com.google.javascript.jscomp,JsMessageVisitor.MalformedException,10,0,0,0,4,0,2,0,2,0
JaCoCo Coverage Report,com.google.javascript.jscomp,CallGraph,599,0,100,0,152,0,73,0,23,0
JaCoCo Coverage Report,com.google.javascript.jscomp,TightenTypes.ExternFunctionCall,29,0,0,0,6,0,2,0,2,0
JaCoCo Coverage Report,com.google.javascript.jscomp,DefinitionsRemover,148,0,44,0,36,0,25,0,3,0
JaCoCo Coverage Report,com.google.javascript.jscomp,Scope,308,5,38,0,72,1,42,1,23,1
JaCoCo Coverage Report,com.google.javascript.jscomp,NodeUtil.MayBeStringResultPredicate,0,6,0,0,0,2,0,2,0,2
JaCoCo Coverage Report,com.google.javascript.jscomp,RemoveUnusedPrototypeProperties,159,0,26,0,49,0,19,0,6,0
JaCoCo Coverage Report,com.google.javascript.jscomp,DefaultPassConfig.HotSwapPassFactory,9,0,0,0,3,0,2,0,2,0
JaCoCo Coverage Report,com.google.javascript.jscomp,DefaultPassConfig.55.new CompilerPass() {...},23,0,0,0,5,0,2,0,2,0
JaCoCo Coverage Report,com.google.javascript.jscomp,ChainableReverseAbstractInterpreter.RestrictByTypeOfResultVisitor,74,0,10,0,17,0,11,0,6,0
JaCoCo Coverage Report,com.google.javascript.jscomp,NameReferenceGraphReport,430,0,26,0,101,0,23,0,10,0
JaCoCo Coverage Report,com.google.javascript.jscomp,AbstractCommandLineRunner.RunTimeStats,126,0,4,0,27,0,6,0,4,0
JaCoCo Coverage Report,com.google.javascript.jscomp,NameReferenceGraph.Reference,36,0,0,0,14,0,7,0,7,0
JaCoCo Coverage Report,com.google.javascript.jscomp,DiagnosticType,25,59,1,3,3,13,4,8,3,7
JaCoCo Coverage Report,com.google.javascript.jscomp,JsMessageDefinition,21,0,0,0,8,0,4,0,4,0
JaCoCo Coverage Report,com.google.javascript.jscomp,SourceInformationAnnotator,80,0,19,0,24,0,14,0,3,0
JaCoCo Coverage Report,com.google.javascript.jscomp,NameAnalyzer.FindDependencyScopes,118,0,22,0,27,0,14,0,3,0
JaCoCo Coverage Report,com.google.javascript.jscomp,ExternExportsPass.Export,329,0,45,0,81,0,33,0,10,0
JaCoCo Coverage Report,com.google.javascript.jscomp,TypeValidator.TypeMismatch,76,0,10,0,11,0,9,0,4,0
JaCoCo Coverage Report,com.google.javascript.jscomp,PeepholeFoldConstants,2167,29,496,0,619,11,310,1,29,1
JaCoCo Coverage Report,com.google.javascript.jscomp,DefaultPassConfig.new DefaultPassConfig.HotSwapPassFactory() {...},13,0,0,0,2,0,2,0,2,0
JaCoCo Coverage Report,com.google.javascript.jscomp,DefaultPassConfig.new DefaultPassConfig.HotSwapPassFactory() {...},46,0,4,0,8,0,4,0,2,0
JaCoCo Coverage Report,com.google.javascript.jscomp,DefaultPassConfig.new DefaultPassConfig.HotSwapPassFactory() {...},17,0,0,0,2,0,2,0,2,0
JaCoCo Coverage Report,com.google.javascript.jscomp,DefaultPassConfig.new DefaultPassConfig.HotSwapPassFactory() {...},17,0,0,0,2,0,2,0,2,0
JaCoCo Coverage Report,com.google.javascript.jscomp,DefaultPassConfig.new PassFactory() {...},27,0,2,0,6,0,3,0,2,0
JaCoCo Coverage Report,com.google.javascript.jscomp,ConstCheck,148,5,28,0,38,2,20,1,5,1
JaCoCo Coverage Report,com.google.javascript.jscomp,DefaultPassConfig.new PassFactory() {...},32,0,4,0,8,0,4,0,2,0
JaCoCo Coverage Report,com.google.javascript.jscomp,SimpleDefinitionFinder,416,0,84,0,115,0,56,0,14,0
JaCoCo Coverage Report,com.google.javascript.jscomp,DefaultPassConfig.new DefaultPassConfig.HotSwapPassFactory() {...},27,0,0,0,3,0,2,0,2,0
JaCoCo Coverage Report,com.google.javascript.jscomp,NodeUtil.MatchShallowStatement,7,18,7,3,1,5,5,2,0,2
JaCoCo Coverage Report,com.google.javascript.jscomp,DefaultPassConfig.new PassFactory() {...},19,0,0,0,3,0,2,0,2,0
JaCoCo Coverage Report,com.google.javascript.jscomp,DefaultPassConfig.new PassFactory() {...},22,0,0,0,3,0,2,0,2,0
JaCoCo Coverage Report,com.google.javascript.jscomp,PhaseOptimizer.LoopInternal,230,0,28,0,51,0,20,0,6,0
JaCoCo Coverage Report,com.google.javascript.jscomp,NodeIterators.FunctionlessLocalScope,146,0,22,0,31,0,18,0,7,0
JaCoCo Coverage Report,com.google.javascript.jscomp,ConcreteType.new ConcreteType.TypeFilter() {...},16,0,2,0,2,0,3,0,2,0
JaCoCo Coverage Report,com.google.javascript.jscomp,ConcreteType.new ConcreteType.TypeFilter() {...},17,0,2,0,4,0,3,0,2,0
JaCoCo Coverage Report,com.google.javascript.jscomp,ConcreteType.new ConcreteType.TypeFilter() {...},16,0,2,0,2,0,3,0,2,0
JaCoCo Coverage Report,com.google.javascript.jscomp,ConcreteType.new ConcreteType.TypeFilter() {...},21,0,4,0,4,0,4,0,2,0
JaCoCo Coverage Report,com.google.javascript.jscomp,NameAnalyzer.FindReferences,486,0,114,0,128,0,65,0,8,0
JaCoCo Coverage Report,com.google.javascript.jscomp,ConcreteType.new ConcreteType.TypeFilter() {...},20,0,4,0,5,0,4,0,2,0
JaCoCo Coverage Report,com.google.javascript.jscomp,ConcreteType.new ConcreteType.TypeFilter() {...},24,0,2,0,5,0,3,0,2,0
JaCoCo Coverage Report,com.google.javascript.jscomp,ConcreteType.new ConcreteType.TypeFilter() {...},30,0,4,0,4,0,4,0,2,0
JaCoCo Coverage Report,com.google.javascript.jscomp,ObjectPropertyStringPostprocess.Callback,85,0,8,0,28,0,6,0,2,0
JaCoCo Coverage Report,com.google.javascript.jscomp,ControlFlowGraph.AbstractCfgNodeTraversalCallback,14,0,4,0,4,0,4,0,2,0
JaCoCo Coverage Report,com.google.javascript.jscomp,NameAnalyzer.HoistVariableAndFunctionDeclarations,49,0,4,0,11,0,4,0,2,0
JaCoCo Coverage Report,com.google.javascript.jscomp,RenameProperties.Property,12,0,0,0,4,0,1,0,1,0
JaCoCo Coverage Report,com.google.javascript.jscomp,AnalyzeNameReferences,77,0,2,0,19,0,5,0,4,0
JaCoCo Coverage Report,com.google.javascript.jscomp,Scope.Arguments,35,0,4,0,7,0,5,0,3,0
JaCoCo Coverage Report,com.google.javascript.jscomp,RuntimeTypeCheck.new Comparator() {...},35,3,12,0,10,1,8,1,2,1
JaCoCo Coverage Report,com.google.javascript.jscomp,MakeDeclaredNamesUnique.BoilerplateRenamer,18,0,0,0,5,0,2,0,2,0
JaCoCo Coverage Report,com.google.javascript.jscomp,CompilerInput.DepsFinder,75,0,14,0,24,0,10,0,3,0
JaCoCo Coverage Report,com.google.javascript.jscomp,AbstractCommandLineRunner,2277,0,312,0,509,0,198,0,42,0
JaCoCo Coverage Report,com.google.javascript.jscomp,PassFactory.new PassFactory() {...},21,0,0,0,3,0,3,0,3,0
JaCoCo Coverage Report,com.google.javascript.jscomp,WarningLevel,103,0,4,0,30,0,8,0,5,0
JaCoCo Coverage Report,com.google.javascript.jscomp,ShadowVariables.GatherReferenceInfo,78,0,16,0,18,0,10,0,2,0
JaCoCo Coverage Report,com.google.javascript.jscomp,NameAnonymousFunctionsMapped.MappedFunctionNamer,67,0,4,0,14,0,6,0,4,0
JaCoCo Coverage Report,com.google.javascript.jscomp,Denormalize.StripConstantAnnotations,29,0,4,0,9,0,5,0,3,0
JaCoCo Coverage Report,com.google.javascript.jscomp,JsMessageVisitor,1104,35,163,0,256,18,105,1,19,1
JaCoCo Coverage Report,com.google.javascript.jscomp,DataFlowAnalysis.MaxIterationsExceededException,4,0,0,0,2,0,1,0,1,0
JaCoCo Coverage Report,com.google.javascript.jscomp,AstChangeProxy,156,0,22,0,39,0,18,0,7,0
JaCoCo Coverage Report,com.google.javascript.jscomp,AmbiguateProperties.PropertyGraphNode,19,0,0,0,7,0,4,0,4,0
JaCoCo Coverage Report,com.google.javascript.jscomp,IgnoreCajaProperties.Traversal,133,0,6,0,21,0,5,0,2,0
JaCoCo Coverage Report,com.google.javascript.jscomp,ComposeWarningsGuard,104,129,19,11,28,30,15,10,4,6
JaCoCo Coverage Report,com.google.javascript.jscomp,InlineVariables,61,0,4,0,15,0,6,0,3,0
JaCoCo Coverage Report,com.google.javascript.jscomp,PeepholeOptimizationsPass,111,0,12,0,29,0,12,0,6,0
JaCoCo Coverage Report,com.google.javascript.jscomp,AnalyzePrototypeProperties.SymbolType,24,0,0,0,3,0,1,0,1,0
JaCoCo Coverage Report,com.google.javascript.jscomp,CustomPassExecutionTime,0,44,0,0,0,5,0,1,0,1
JaCoCo Coverage Report,com.google.javascript.jscomp,NodeTraversal.AbstractShallowCallback,17,0,6,0,3,0,5,0,2,0
JaCoCo Coverage Report,com.google.javascript.jscomp,SourceFile.Generated,25,0,2,0,10,0,4,0,3,0
JaCoCo Coverage Report,com.google.javascript.jscomp,FunctionRewriter.GetterReducer,60,0,12,0,17,0,9,0,3,0
JaCoCo Coverage Report,com.google.javascript.jscomp,JsMessage.Style,44,0,4,0,7,0,4,0,2,0
JaCoCo Coverage Report,com.google.javascript.jscomp,AbstractCommandLineRunner.WarningGuardSpec.Entry,9,0,0,0,4,0,1,0,1,0
JaCoCo Coverage Report,com.google.javascript.jscomp,DotFormatter,589,0,40,0,118,0,34,0,14,0
JaCoCo Coverage Report,com.google.javascript.jscomp,CollapseVariableDeclarations.GatherCollapses,168,0,38,0,37,0,23,0,4,0
JaCoCo Coverage Report,com.google.javascript.jscomp,GlobalVarReferenceMap,262,0,28,0,67,0,21,0,7,0
JaCoCo Coverage Report,com.google.javascript.jscomp,NameAnalyzer,1626,15,232,0,358,5,147,1,26,1
JaCoCo Coverage Report,com.google.javascript.jscomp,CollapseVariableDeclarations.Collapse,12,0,0,0,5,0,1,0,1,0
JaCoCo Coverage Report,com.google.javascript.jscomp,CommandLineRunner.Flags.WarningGuardWarningOptionHandler,11,0,0,0,2,0,1,0,1,0
JaCoCo Coverage Report,com.google.javascript.jscomp,JSModuleGraph.InverseDepthComparator,12,0,0,0,2,0,2,0,2,0
JaCoCo Coverage Report,com.google.javascript.jscomp,AliasExternals.Symbol,87,0,8,0,25,0,7,0,3,0
JaCoCo Coverage Report,com.google.javascript.jscomp,FunctionRewriter.IdentityReducer,52,0,12,0,17,0,9,0,3,0
JaCoCo Coverage Report,com.google.javascript.jscomp,FindExportableNodes.GenerateNodeContext,21,0,0,0,8,0,4,0,4,0
JaCoCo Coverage Report,com.google.javascript.jscomp,TypedCodeGenerator,388,0,78,0,80,0,44,0,5,0
JaCoCo Coverage Report,com.google.javascript.jscomp,CoalesceVariableNames.CombinedLiveRangeChecker,50,0,6,0,14,0,6,0,3,0
JaCoCo Coverage Report,com.google.javascript.jscomp,AnalyzePrototypeProperties.AssignmentProperty,32,0,0,0,10,0,6,0,6,0
JaCoCo Coverage Report,com.google.javascript.jscomp,FunctionRewriter.EmptyFunctionReducer,16,0,2,0,5,0,3,0,2,0
JaCoCo Coverage Report,com.google.javascript.jscomp,SourceExcerptProvider.SourceExcerpt,0,24,0,0,0,3,0,1,0,1
JaCoCo Coverage Report,com.google.javascript.jscomp,AliasKeywords.VoidKeywordAliasSpecification,76,0,4,0,21,0,7,0,5,0
JaCoCo Coverage Report,com.google.javascript.jscomp,InlineObjectLiterals,25,0,0,0,7,0,2,0,2,0
JaCoCo Coverage Report,com.google.javascript.jscomp,VerboseMessageFormatter,98,0,8,0,15,0,8,0,4,0
JaCoCo Coverage Report,com.google.javascript.jscomp,InlineSimpleMethods,216,0,32,0,67,0,30,0,14,0
JaCoCo Coverage Report,com.google.javascript.jscomp,AnalyzeNameReferences.PropagateReferences,43,0,6,0,10,0,5,0,2,0
JaCoCo Coverage Report,com.google.javascript.jscomp,SourceFile.OnDisk,62,0,6,0,21,0,10,0,7,0
JaCoCo Coverage Report,com.google.javascript.jscomp,ClosureReverseAbstractInterpreter.new ChainableReverseAbstractInterpreter.RestrictByFalseTypeOfResultVisitor() {...},11,0,0,0,3,0,3,0,3,0
JaCoCo Coverage Report,com.google.javascript.jscomp,ClosureReverseAbstractInterpreter.new Function() {...},36,0,6,0,6,0,5,0,2,0
JaCoCo Coverage Report,com.google.javascript.jscomp,ClosureReverseAbstractInterpreter.new Function() {...},36,0,6,0,6,0,5,0,2,0
JaCoCo Coverage Report,com.google.javascript.jscomp,ClosureReverseAbstractInterpreter.new Function() {...},15,0,0,0,2,0,2,0,2,0
JaCoCo Coverage Report,com.google.javascript.jscomp,ClosureReverseAbstractInterpreter.new ChainableReverseAbstractInterpreter.RestrictByTrueTypeOfResultVisitor() {...},22,0,2,0,4,0,4,0,3,0
JaCoCo Coverage Report,com.google.javascript.jscomp,ClosureReverseAbstractInterpreter.new ChainableReverseAbstractInterpreter.RestrictByFalseTypeOfResultVisitor() {...},18,0,2,0,2,0,3,0,2,0
JaCoCo Coverage Report,com.google.javascript.jscomp,ClosureReverseAbstractInterpreter.new ChainableReverseAbstractInterpreter.RestrictByTrueTypeOfResultVisitor() {...},16,0,0,0,4,0,4,0,4,0
JaCoCo Coverage Report,com.google.javascript.jscomp,SemanticReverseAbstractInterpreter.RestrictByTrueInstanceOfResultVisitor,65,0,8,0,18,0,11,0,7,0
JaCoCo Coverage Report,com.google.javascript.jscomp,InlineFunctions,710,0,136,0,184,0,88,0,20,0
JaCoCo Coverage Report,com.google.javascript.jscomp,ClosureReverseAbstractInterpreter.new Function() {...},15,0,0,0,2,0,2,0,2,0
JaCoCo Coverage Report,com.google.javascript.jscomp,ClosureReverseAbstractInterpreter.new Function() {...},15,0,0,0,2,0,2,0,2,0
JaCoCo Coverage Report,com.google.javascript.jscomp,NameAnalyzer.PrototypeSetNode,45,0,4,0,10,0,4,0,2,0
JaCoCo Coverage Report,com.google.javascript.jscomp,AstParallelizer.new Predicate() {...},11,0,2,0,2,0,3,0,2,0
JaCoCo Coverage Report,com.google.javascript.jscomp,AstParallelizer.new Supplier() {...},7,0,0,0,2,0,2,0,2,0
JaCoCo Coverage Report,com.google.javascript.jscomp,AstParallelizer.new Predicate() {...},14,0,2,0,3,0,3,0,2,0
JaCoCo Coverage Report,com.google.javascript.jscomp,DataFlowAnalysis,422,0,50,0,94,0,35,0,10,0
JaCoCo Coverage Report,com.google.javascript.jscomp,AstParallelizer.new Supplier() {...},19,0,0,0,3,0,2,0,2,0
JaCoCo Coverage Report,com.google.javascript.jscomp,CodePrinter.MappedCodePrinter,185,79,36,10,35,20,27,6,5,5
JaCoCo Coverage Report,com.google.javascript.jscomp,AstParallelizer.new Predicate() {...},5,0,0,0,2,0,2,0,2,0
JaCoCo Coverage Report,com.google.javascript.jscomp,AstParallelizer.new Predicate() {...},6,0,0,0,2,0,2,0,2,0
JaCoCo Coverage Report,com.google.javascript.jscomp,ClosureOptimizePrimitives.FindObjectCreateCalls,31,0,6,0,8,0,5,0,2,0
JaCoCo Coverage Report,com.google.javascript.jscomp,SyntacticScopeCreator,325,22,59,0,83,8,38,2,7,2
JaCoCo Coverage Report,com.google.javascript.jscomp,FunctionTypeBuilder.ThisTypeValidator,30,0,2,0,6,0,3,0,2,0
JaCoCo Coverage Report,com.google.javascript.jscomp,CombinedCompilerPass,159,0,12,0,28,0,15,0,9,0
JaCoCo Coverage Report,com.google.javascript.jscomp,RenamePrototypes.ProcessExternedProperties,25,0,4,0,6,0,4,0,2,0
JaCoCo Coverage Report,com.google.javascript.jscomp,SourceMap,63,0,4,0,20,0,9,0,7,0
JaCoCo Coverage Report,com.google.javascript.jscomp,AnonymousFunctionNamingCallback,123,0,21,0,35,0,14,0,3,0
JaCoCo Coverage Report,com.google.javascript.jscomp,ConcreteType,248,0,30,0,58,0,39,0,24,0
JaCoCo Coverage Report,com.google.javascript.jscomp,GenerateExports,260,0,28,0,68,0,18,0,4,0
JaCoCo Coverage Report,com.google.javascript.jscomp,SideEffectsAnalysis.RawMotionEnvironment,9,0,0,0,4,0,2,0,2,0
JaCoCo Coverage Report,com.google.javascript.jscomp,PureFunctionIdentifier.SideEffectPropagationCallback,94,0,38,0,29,0,20,0,1,0
JaCoCo Coverage Report,com.google.javascript.jscomp,InlineCostEstimator,19,0,0,0,5,0,3,0,3,0
JaCoCo Coverage Report,com.google.javascript.jscomp,PassFactory,50,12,6,0,10,5,8,1,5,1
JaCoCo Coverage Report,com.google.javascript.jscomp,DisambiguateProperties.JSTypeSystem,417,0,88,0,106,0,58,0,14,0
JaCoCo Coverage Report,com.google.javascript.jscomp,JSModuleGraph.ModuleDependenceException,16,0,0,0,6,0,3,0,3,0
JaCoCo Coverage Report,com.google.javascript.jscomp,AmbiguateProperties.PropertySubGraph,34,0,2,0,5,0,4,0,3,0
JaCoCo Coverage Report,com.google.javascript.jscomp,ReplaceMessages,422,5,44,0,106,2,33,1,9,1
JaCoCo Coverage Report,com.google.javascript.jscomp,DefaultPassConfig.24.new HotSwapCompilerPass() {...},49,0,0,0,9,0,3,0,3,0
JaCoCo Coverage Report,com.google.javascript.jscomp,MakeDeclaredNamesUnique.InlineRenamer,97,0,10,0,21,0,11,0,6,0
JaCoCo Coverage Report,com.google.javascript.jscomp,Tracer.Event,146,0,10,0,29,0,8,0,3,0
JaCoCo Coverage Report,com.google.javascript.jscomp,AliasExternals.GetAliasableNames,43,0,8,0,9,0,6,0,2,0
JaCoCo Coverage Report,com.google.javascript.jscomp,InlineSimpleMethods.InlineTrivialAccessors,137,0,26,0,26,0,15,0,2,0
JaCoCo Coverage Report,com.google.javascript.jscomp,PeepholeReplaceKnownMethods,997,6,215,0,273,1,121,1,13,1
JaCoCo Coverage Report,com.google.javascript.jscomp,RhinoErrorReporter.NewRhinoErrorReporter,9,5,0,0,1,2,1,1,1,1
JaCoCo Coverage Report,com.google.javascript.jscomp,NodeTraversal,511,270,64,26,122,77,62,19,23,13
JaCoCo Coverage Report,com.google.javascript.jscomp,PureFunctionIdentifier.new Predicate() {...},18,0,6,0,8,0,7,0,2,0
JaCoCo Coverage Report,com.google.javascript.jscomp,DefaultPassConfig.35.new CompilerPass() {...},32,0,0,0,5,0,2,0,2,0
JaCoCo Coverage Report,com.google.javascript.jscomp,AliasKeywords.ThrowAliasSpecification,50,0,0,0,14,0,4,0,4,0
JaCoCo Coverage Report,com.google.javascript.jscomp,RemoveTryCatch.RemoveTryCatchCode,106,0,25,0,32,0,15,0,2,0
JaCoCo Coverage Report,com.google.javascript.jscomp,VarCheck,373,29,56,0,82,10,36,1,8,1
JaCoCo Coverage Report,com.google.javascript.jscomp,ControlStructureCheck,78,0,11,0,24,0,12,0,6,0
JaCoCo Coverage Report,com.google.javascript.jscomp,ControlFlowGraph,91,0,20,0,20,0,19,0,7,0
JaCoCo Coverage Report,com.google.javascript.jscomp,ObjectPropertyStringPostprocess,16,0,0,0,5,0,2,0,2,0
JaCoCo Coverage Report,com.google.javascript.jscomp,ReferenceCollectingCallback.ReferenceCollection,290,0,62,0,76,0,43,0,12,0
JaCoCo Coverage Report,com.google.javascript.jscomp,NameAnonymousFunctionsMapped,73,0,2,0,17,0,5,0,4,0
JaCoCo Coverage Report,com.google.javascript.jscomp,InlineVariables.IdentifyConstants,9,0,0,0,2,0,2,0,2,0
JaCoCo Coverage Report,com.google.javascript.jscomp,VariableNameGenerator,31,0,2,0,8,0,3,0,2,0
JaCoCo Coverage Report,com.google.javascript.jscomp,GatherSideEffectSubexpressionsCallback.CopySideEffectSubexpressions,213,0,24,0,51,0,18,0,6,0
JaCoCo Coverage Report,com.google.javascript.jscomp,FunctionRewriter.ReductionGatherer,49,0,4,0,12,0,5,0,3,0
JaCoCo Coverage Report,com.google.javascript.jscomp,OperaCompoundAssignFix,202,0,28,0,60,0,20,0,6,0
JaCoCo Coverage Report,com.google.javascript.jscomp,CheckRequiresForConstructors,60,0,0,0,13,0,4,0,4,0
JaCoCo Coverage Report,com.google.javascript.jscomp,SpecializeModule.SpecializationState,149,0,28,0,47,0,26,0,12,0
JaCoCo Coverage Report,com.google.javascript.jscomp,SanityCheck,185,0,12,0,42,0,13,0,7,0
JaCoCo Coverage Report,com.google.javascript.jscomp,MustBeReachingVariableDef.MustDef,50,0,6,0,14,0,7,0,4,0
JaCoCo Coverage Report,com.google.javascript.jscomp,InstrumentFunctions.RemoveCallback,26,0,6,0,9,0,5,0,2,0
JaCoCo Coverage Report,com.google.javascript.jscomp,NameAnalyzer.FindDeclarationsAndSetters,249,0,36,0,54,0,23,0,5,0
JaCoCo Coverage Report,com.google.javascript.jscomp,TypeInferencePass.TypeInferringCallback,41,0,4,0,13,0,7,0,5,0
JaCoCo Coverage Report,com.google.javascript.jscomp,FlowSensitiveInlineVariables.Candidate.new Predicate() {...},13,0,2,0,4,0,3,0,2,0
JaCoCo Coverage Report,com.google.javascript.jscomp,CodingConvention.SubclassRelationship,14,0,0,0,5,0,1,0,1,0
JaCoCo Coverage Report,com.google.javascript.jscomp,UseSite,30,0,4,0,7,0,5,0,3,0
JaCoCo Coverage Report,com.google.javascript.jscomp,SemanticReverseAbstractInterpreter,718,17,146,0,180,4,89,1,10,1
JaCoCo Coverage Report,com.google.javascript.jscomp,DefaultPassConfig.83.new CompilerPass() {...},28,0,0,0,3,0,2,0,2,0
JaCoCo Coverage Report,com.google.javascript.jscomp,RenameProperties.ProcessProperties,356,0,68,0,79,0,43,0,7,0
JaCoCo Coverage Report,com.google.javascript.jscomp,DefinitionsRemover.ExternalNameOnlyDefinition,10,0,0,0,3,0,2,0,2,0
JaCoCo Coverage Report,com.google.javascript.jscomp,TypeInferencePass,160,5,10,0,38,1,11,1,6,1
JaCoCo Coverage Report,com.google.javascript.jscomp,FlowSensitiveInlineVariables.Candidate.new ControlFlowGraph.AbstractCfgNodeTraversalCallback() {...},45,0,11,0,10,0,8,0,2,0
JaCoCo Coverage Report,com.google.javascript.jscomp,FlowSensitiveInlineVariables.Candidate.new Predicate() {...},13,0,2,0,2,0,3,0,2,0
JaCoCo Coverage Report,com.google.javascript.jscomp,FlowSensitiveInlineVariables.Candidate.new ControlFlowGraph.AbstractCfgNodeTraversalCallback() {...},28,0,8,0,6,0,6,0,2,0
JaCoCo Coverage Report,com.google.javascript.jscomp,CoalesceVariableNames,490,5,88,0,126,1,51,1,7,1
JaCoCo Coverage Report,com.google.javascript.jscomp,RhinoErrorReporter,69,78,4,0,12,28,5,5,3,5
JaCoCo Coverage Report,com.google.javascript.jscomp,FunctionInformationMap.Module,218,0,18,0,66,0,38,0,29,0
JaCoCo Coverage Report,com.google.javascript.jscomp,DefaultPassConfig.94.new CompilerPass() {...},54,0,0,0,13,0,2,0,2,0
JaCoCo Coverage Report,com.google.javascript.jscomp,SideEffectsAnalysis.new Predicate() {...},10,0,2,0,2,0,3,0,2,0
JaCoCo Coverage Report,com.google.javascript.jscomp,ParallelCompilerPass.Result,85,0,10,0,19,0,9,0,4,0
JaCoCo Coverage Report,com.google.javascript.jscomp,PeepholeSubstituteAlternateSyntax.new Predicate() {...},8,3,2,0,1,1,2,1,1,1
JaCoCo Coverage Report,com.google.javascript.jscomp,PeepholeSubstituteAlternateSyntax.new Predicate() {...},19,0,4,0,3,0,4,0,2,0
JaCoCo Coverage Report,com.google.javascript.jscomp,SideEffectsAnalysis.new Predicate() {...},19,0,6,0,3,0,5,0,2,0
JaCoCo Coverage Report,com.google.javascript.jscomp,PeepholeSubstituteAlternateSyntax.new Predicate() {...},19,0,2,0,2,0,3,0,2,0
JaCoCo Coverage Report,com.google.javascript.jscomp,SideEffectsAnalysis.new Predicate() {...},16,0,4,0,2,0,4,0,2,0
JaCoCo Coverage Report,com.google.javascript.jscomp,NameAnalyzer.TriState,34,0,0,0,4,0,1,0,1,0
JaCoCo Coverage Report,com.google.javascript.jscomp,Instrumentation,400,0,30,0,110,0,54,0,39,0
JaCoCo Coverage Report,com.google.javascript.jscomp,BasicErrorManager.ErrorWithLevel,9,0,0,0,4,0,1,0,1,0
JaCoCo Coverage Report,com.google.javascript.jscomp,MaybeReachingVariableUse,286,0,42,0,70,0,33,0,9,0
JaCoCo Coverage Report,com.google.javascript.jscomp,ChainCalls.GatherFunctions,59,0,8,0,15,0,9,0,5,0
JaCoCo Coverage Report,com.google.javascript.jscomp,CombinedCompilerPass.CallbackWrapper,81,0,20,0,22,0,16,0,6,0
JaCoCo Coverage Report,com.google.javascript.jscomp,DataFlowAnalysis.new NodeTraversal.AbstractPostOrderCallback() {...},45,0,10,0,9,0,7,0,2,0
JaCoCo Coverage Report,com.google.javascript.jscomp,GlobalNamespace.NodeFilter,41,0,10,0,11,0,7,0,2,0
JaCoCo Coverage Report,com.google.javascript.jscomp,CollapseAnonymousFunctions.Callback,133,0,30,0,37,0,19,0,4,0
JaCoCo Coverage Report,com.google.javascript.jscomp,SourceMap.Format,0,44,0,0,0,5,0,1,0,1
JaCoCo Coverage Report,com.google.javascript.jscomp,NodeTraversal.AbstractNodeTypePruningCallback,27,0,2,0,7,0,4,0,3,0
JaCoCo Coverage Report,com.google.javascript.jscomp,VariableVisibilityAnalysis,117,0,20,0,28,0,14,0,4,0
JaCoCo Coverage Report,com.google.javascript.jscomp,FunctionRewriter,140,0,14,0,30,0,10,0,3,0
JaCoCo Coverage Report,com.google.javascript.jscomp,PureFunctionIdentifier.FunctionInformation,239,0,36,0,70,0,38,0,20,0
JaCoCo Coverage Report,com.google.javascript.jscomp,JsMessageVisitor.MessageLocation,9,0,0,0,4,0,1,0,1,0
JaCoCo Coverage Report,com.google.javascript.jscomp,GatherRawExports,57,12,14,0,17,5,10,2,3,2
JaCoCo Coverage Report,com.google.javascript.jscomp,SourceFile,269,43,28,2,65,15,32,6,17,6
JaCoCo Coverage Report,com.google.javascript.jscomp,JSModule,317,43,26,0,87,14,35,5,22,5
JaCoCo Coverage Report,com.google.javascript.jscomp,MakeDeclaredNamesUnique.ContextualRenamer,81,18,8,0,20,6,11,2,7,2
JaCoCo Coverage Report,com.google.javascript.jscomp,ReplaceStrings.Config,12,0,0,0,4,0,1,0,1,0
JaCoCo Coverage Report,com.google.javascript.jscomp,OptimizeReturns.new NodeUtil.Visitor() {...},51,0,8,0,12,0,6,0,2,0
JaCoCo Coverage Report,com.google.javascript.jscomp,FunctionInjector,917,0,185,0,250,0,115,0,19,0
JaCoCo Coverage Report,com.google.javascript.jscomp,Tracer.new Tracer.InternalClock() {...},0,5,0,0,0,2,0,2,0,2
JaCoCo Coverage Report,com.google.javascript.jscomp,NodeTraversal.AbstractShallowStatementCallback,15,0,6,0,3,0,5,0,2,0
JaCoCo Coverage Report,com.google.javascript.jscomp,CompilerOptions.NullAliasTransformationHandler.NullAliasTransformation,1,0,0,0,1,0,1,0,1,0
JaCoCo Coverage Report,com.google.javascript.jscomp,InlineFunctions.FunctionState,217,0,26,0,66,0,40,0,27,0
JaCoCo Coverage Report,com.google.javascript.jscomp,ReplaceIdGenerators.Callback,97,0,10,0,22,0,7,0,2,0
JaCoCo Coverage Report,com.google.javascript.jscomp,ReplaceCssNames,33,17,0,0,10,8,3,1,3,1
JaCoCo Coverage Report,com.google.javascript.jscomp,RenameVars.ProcessVars,217,0,46,0,58,0,28,0,5,0
JaCoCo Coverage Report,com.google.javascript.jscomp,StrictWarningsGuard,25,0,4,0,7,0,6,0,4,0
JaCoCo Coverage Report,com.google.javascript.jscomp,TightenTypes.NativeCallFunctionCall,79,0,8,0,19,0,6,0,2,0
JaCoCo Coverage Report,com.google.javascript.jscomp,NameGenerator,215,0,26,0,46,0,19,0,6,0
JaCoCo Coverage Report,com.google.javascript.jscomp,ProcessDefines.CollectDefines,434,0,66,0,93,0,42,0,9,0
JaCoCo Coverage Report,com.google.javascript.jscomp,InlineCostEstimator.CompiledSizeEstimator,61,0,2,0,19,0,8,0,7,0
JaCoCo Coverage Report,com.google.javascript.jscomp,DefaultPassConfig.17.new CompilerPass() {...},24,0,0,0,5,0,2,0,2,0
JaCoCo Coverage Report,com.google.javascript.jscomp,InlineVariables.Mode,34,0,0,0,4,0,1,0,1,0
JaCoCo Coverage Report,com.google.javascript.jscomp,LinkedFlowScope,477,0,86,0,111,0,62,0,19,0
JaCoCo Coverage Report,com.google.javascript.jscomp,DefaultPassConfig,2171,33,272,0,382,16,155,1,18,1
JaCoCo Coverage Report,com.google.javascript.jscomp,CheckMissingGetCssName,188,0,42,0,42,0,29,0,8,0
JaCoCo Coverage Report,com.google.javascript.jscomp,SideEffectsAnalysis.LocationSummary,15,0,0,0,6,0,3,0,3,0
JaCoCo Coverage Report,com.google.javascript.jscomp,NameAnonymousFunctions,49,0,0,0,11,0,3,0,3,0
JaCoCo Coverage Report,com.google.javascript.jscomp,PeepholeCollectPropertyAssignments,429,0,99,0,126,0,60,0,10,0
JaCoCo Coverage Report,com.google.javascript.jscomp,AnalyzeNameReferences.NameInfo,59,0,8,0,18,0,8,0,4,0
JaCoCo Coverage Report,com.google.javascript.jscomp,ExtractPrototypeMemberDeclarations.ExtractionInstance,64,0,10,0,17,0,7,0,2,0
JaCoCo Coverage Report,com.google.javascript.jscomp,TightenTypes.CreateScope,920,0,148,0,212,0,91,0,12,0
JaCoCo Coverage Report,com.google.javascript.jscomp,SemanticReverseAbstractInterpreter.RestrictByFalseInstanceOfResultVisitor,58,0,10,0,18,0,9,0,4,0
JaCoCo Coverage Report,com.google.javascript.jscomp,WarningsGuard.Priority,3,89,0,0,1,11,1,2,1,2
JaCoCo Coverage Report,com.google.javascript.jscomp,ExternExportsPass.SymbolExport,23,0,2,0,7,0,3,0,2,0
JaCoCo Coverage Report,com.google.javascript.jscomp,DefaultPassConfig.7.new CompilerPass() {...},35,0,2,0,6,0,3,0,2,0
JaCoCo Coverage Report,com.google.javascript.jscomp,PerformanceTracker,181,0,12,0,46,0,15,0,9,0
JaCoCo Coverage Report,com.google.javascript.jscomp,GlobalNamespace,170,0,18,0,40,0,23,0,14,0
JaCoCo Coverage Report,com.google.javascript.jscomp,CreateSyntheticBlocks.Marker,12,0,0,0,4,0,1,0,1,0
JaCoCo Coverage Report,com.google.javascript.jscomp,DeadAssignmentsElimination.VariableLiveness,34,0,0,0,4,0,1,0,1,0
JaCoCo Coverage Report,com.google.javascript.jscomp,FunctionNames.FunctionListExtractor,41,0,2,0,11,0,3,0,2,0
JaCoCo Coverage Report,com.google.javascript.jscomp,ReferenceCollectingCallback,228,5,27,0,50,1,26,1,12,1
JaCoCo Coverage Report,com.google.javascript.jscomp,ChainableReverseAbstractInterpreter.new Visitor() {...},98,0,4,0,17,0,16,0,14,0
JaCoCo Coverage Report,com.google.javascript.jscomp,ChainableReverseAbstractInterpreter.new Visitor() {...},98,0,4,0,17,0,16,0,14,0
JaCoCo Coverage Report,com.google.javascript.jscomp,DefinitionsRemover.FunctionArgumentDefinition,16,0,0,0,5,0,2,0,2,0
JaCoCo Coverage Report,com.google.javascript.jscomp,ClosureOptimizePrimitives,119,0,16,0,39,0,12,0,4,0
JaCoCo Coverage Report,com.google.javascript.jscomp,MethodCompilerPass.GatherSignatures,117,0,22,0,25,0,15,0,3,0
JaCoCo Coverage Report,com.google.javascript.jscomp,AliasStrings,465,0,65,0,113,0,44,0,11,0
JaCoCo Coverage Report,com.google.javascript.jscomp,NameAnalyzer.FindReferences.NodeAccumulator,54,0,4,0,18,0,7,0,5,0
JaCoCo Coverage Report,com.google.javascript.jscomp,ShadowVariables,51,0,2,0,14,0,3,0,2,0
JaCoCo Coverage Report,com.google.javascript.jscomp,DefaultPassConfig.30.new CompilerPass() {...},43,0,0,0,7,0,2,0,2,0
JaCoCo Coverage Report,com.google.javascript.jscomp,MustBeReachingVariableDef.new ControlFlowGraph.AbstractCfgNodeTraversalCallback() {...},32,0,4,0,4,0,4,0,2,0
JaCoCo Coverage Report,com.google.javascript.jscomp,ScopedAliases.Traversal,457,0,80,0,102,0,53,0,13,0
JaCoCo Coverage Report,com.google.javascript.jscomp,GatherSideEffectSubexpressionsCallback,261,13,48,0,66,2,32,1,8,1
JaCoCo Coverage Report,com.google.javascript.jscomp,NodeNameExtractor,163,0,19,0,34,0,15,0,2,0
JaCoCo Coverage Report,com.google.javascript.jscomp,FunctionRewriter.SetterReducer,101,0,20,0,30,0,13,0,3,0
JaCoCo Coverage Report,com.google.javascript.jscomp,AnalyzePrototypeProperties.NameContext,9,0,0,0,3,0,1,0,1,0
JaCoCo Coverage Report,com.google.javascript.jscomp,PropertyRenamingPolicy,0,54,0,0,0,6,0,1,0,1
JaCoCo Coverage Report,com.google.javascript.jscomp,ProcessDefines.DefineInfo,34,0,0,0,13,0,5,0,5,0
JaCoCo Coverage Report,com.google.javascript.jscomp,UnreachableCodeElimination,253,5,55,0,72,2,37,1,8,1
JaCoCo Coverage Report,com.google.javascript.jscomp,AmbiguateProperties.PropertyGraph,67,0,4,0,14,0,8,0,6,0
JaCoCo Coverage Report,com.google.javascript.jscomp,FlowSensitiveInlineVariables.new Predicate() {...},43,0,16,0,11,0,10,0,2,0
JaCoCo Coverage Report,com.google.javascript.jscomp,ExternExportsPass,230,9,26,0,64,4,20,1,7,1
JaCoCo Coverage Report,com.google.javascript.jscomp,Result,62,0,2,0,17,0,3,0,2,0
JaCoCo Coverage Report,com.google.javascript.jscomp,CheckAccessControls,1003,53,228,0,257,20,138,1,23,1
JaCoCo Coverage Report,com.google.javascript.jscomp,LightweightMessageFormatter,144,20,20,0,33,7,15,3,5,3
JaCoCo Coverage Report,com.google.javascript.jscomp,RenameLabels.LabelInfo,9,0,0,0,4,0,1,0,1,0
JaCoCo Coverage Report,com.google.javascript.jscomp,FunctionRewriter.Reduction,35,0,0,0,10,0,3,0,3,0
JaCoCo Coverage Report,com.google.javascript.jscomp,AnonymousFunctionNamingPolicy,3,55,0,0,1,7,1,2,1,2
JaCoCo Coverage Report,com.google.javascript.jscomp,AbstractCompiler.LifeCycleStage,19,39,7,1,2,5,6,2,2,2
JaCoCo Coverage Report,com.google.javascript.jscomp,MaybeReachingVariableUse.ReachingUses,32,0,4,0,9,0,6,0,4,0
JaCoCo Coverage Report,com.google.javascript.jscomp,FlowSensitiveInlineVariables.GatherCandiates,38,0,2,0,10,0,3,0,2,0
JaCoCo Coverage Report,com.google.javascript.jscomp,PeepholeSubstituteAlternateSyntax,2427,48,462,3,644,16,290,3,42,3
JaCoCo Coverage Report,com.google.javascript.jscomp,CheckGlobalThis,206,5,72,0,56,1,41,1,5,1
JaCoCo Coverage Report,com.google.javascript.jscomp,AnalyzePrototypeProperties.ProcessProperties,565,0,105,0,115,0,64,0,11,0
JaCoCo Coverage Report,com.google.javascript.jscomp,ExploitAssigns,273,0,68,0,80,0,43,0,7,0
JaCoCo Coverage Report,com.google.javascript.jscomp,JSSourceFile,50,19,0,0,9,5,8,3,8,3
JaCoCo Coverage Report,com.google.javascript.jscomp,AnalyzePrototypeProperties.LiteralProperty,34,0,0,0,12,0,5,0,5,0
JaCoCo Coverage Report,com.google.javascript.jscomp,SourceFile.Preloaded,0,16,0,0,0,6,0,2,0,2
JaCoCo Coverage Report,com.google.javascript.jscomp,FunctionRewriter.ReturnConstantReducer,37,0,8,0,13,0,7,0,3,0
JaCoCo Coverage Report,com.google.javascript.jscomp,RenameVars.Assignment,30,0,2,0,9,0,3,0,2,0
JaCoCo Coverage Report,com.google.javascript.jscomp,ClosureReverseAbstractInterpreter.TypeRestriction,9,0,0,0,4,0,1,0,1,0
JaCoCo Coverage Report,com.google.javascript.jscomp,IgnoreCajaProperties,19,0,0,0,6,0,2,0,2,0
JaCoCo Coverage Report,com.google.javascript.jscomp,StrictModeCheck.NonExternChecks,85,0,18,0,18,0,13,0,4,0
JaCoCo Coverage Report,com.google.javascript.jscomp,MethodCompilerPass.GetExternMethods,110,0,17,0,24,0,11,0,2,0
JaCoCo Coverage Report,com.google.javascript.jscomp,Compiler.new Callable() {...},185,0,32,0,32,0,18,0,2,0
JaCoCo Coverage Report,com.google.javascript.jscomp,TypedScopeCreator.AbstractScopeBuilder,2205,0,490,0,529,0,279,0,28,0
JaCoCo Coverage Report,com.google.javascript.jscomp,Compiler.new Callable() {...},76,0,6,0,16,0,5,0,2,0
JaCoCo Coverage Report,com.google.javascript.jscomp,DisambiguateProperties.FindExternProperties,62,0,6,0,12,0,5,0,2,0
JaCoCo Coverage Report,com.google.javascript.jscomp,CheckPropertyOrder,243,9,34,0,53,2,25,1,8,1
JaCoCo Coverage Report,com.google.javascript.jscomp,WarningsGuard,0,10,0,0,0,4,0,4,0,4
JaCoCo Coverage Report,com.google.javascript.jscomp,CssRenamingMap.ByPart,5,0,0,0,2,0,2,0,2,0
JaCoCo Coverage Report,com.google.javascript.jscomp,SemanticReverseAbstractInterpreter.new Function() {...},14,3,4,0,3,1,3,1,1,1
JaCoCo Coverage Report,com.google.javascript.jscomp,MustBeReachingVariableDef.Definition,26,0,4,0,8,0,4,0,2,0
JaCoCo Coverage Report,com.google.javascript.jscomp,SemanticReverseAbstractInterpreter.new Function() {...},14,3,4,0,3,1,3,1,1,1
JaCoCo Coverage Report,com.google.javascript.jscomp,SemanticReverseAbstractInterpreter.new Function() {...},20,0,0,0,4,0,2,0,2,0
JaCoCo Coverage Report,com.google.javascript.jscomp,Compiler.new Callable() {...},13,0,0,0,3,0,2,0,2,0
JaCoCo Coverage Report,com.google.javascript.jscomp,Normalize.VerifyConstants,174,0,28,0,38,0,17,0,3,0
JaCoCo Coverage Report,com.google.javascript.jscomp,Compiler.new PassFactory() {...},5,8,0,0,1,1,1,1,1,1
JaCoCo Coverage Report,com.google.javascript.jscomp,SemanticReverseAbstractInterpreter.new Function() {...},14,3,4,0,3,1,3,1,1,1
JaCoCo Coverage Report,com.google.javascript.jscomp,SemanticReverseAbstractInterpreter.new Function() {...},14,3,4,0,3,1,3,1,1,1
JaCoCo Coverage Report,com.google.javascript.jscomp,Compiler.new Runnable() {...},37,0,4,0,9,0,4,0,2,0
JaCoCo Coverage Report,com.google.javascript.jscomp,Compiler.new Callable() {...},49,0,4,0,11,0,4,0,2,0
JaCoCo Coverage Report,com.google.javascript.jscomp,NameReferenceGraph,202,0,16,0,46,0,15,0,7,0
JaCoCo Coverage Report,com.google.javascript.jscomp,Compiler.new Supplier() {...},14,0,0,0,2,0,2,0,2,0
JaCoCo Coverage Report,com.google.javascript.jscomp,Compiler.new Callable() {...},64,0,6,0,13,0,5,0,2,0
JaCoCo Coverage Report,com.google.javascript.jscomp,Compiler.new Callable() {...},62,0,2,0,12,0,3,0,2,0
JaCoCo Coverage Report,com.google.javascript.jscomp,CrossModuleCodeMotion,528,0,117,0,137,0,70,0,10,0
JaCoCo Coverage Report,com.google.javascript.jscomp,DefinitionsRemover.FunctionExpressionDefinition,18,0,0,0,7,0,2,0,2,0
JaCoCo Coverage Report,com.google.javascript.jscomp,MoveFunctionDeclarations,108,0,16,0,28,0,12,0,4,0
JaCoCo Coverage Report,com.google.javascript.jscomp,DeadAssignmentsElimination,571,0,124,0,165,0,76,0,12,0
JaCoCo Coverage Report,com.google.javascript.jscomp,SideEffectsAnalysis.LocationAbstraction,37,0,2,0,8,0,2,0,1,0
JaCoCo Coverage Report,com.google.javascript.jscomp,BasicErrorManager.LeveledJSErrorComparator,118,3,40,0,33,1,21,1,1,1
JaCoCo Coverage Report,com.google.javascript.jscomp,CompilationLevel,258,0,4,0,83,0,9,0,6,0
JaCoCo Coverage Report,com.google.javascript.jscomp,GlobalNamespace.Ref.Type,74,0,0,0,8,0,1,0,1,0
JaCoCo Coverage Report,com.google.javascript.jscomp,JsAst,51,72,2,4,13,20,5,6,3,5
JaCoCo Coverage Report,com.google.javascript.jscomp,Instrumentation.Builder,598,0,68,0,153,0,80,0,43,0
JaCoCo Coverage Report,com.google.javascript.jscomp,CssRenamingMap.Style,24,0,0,0,3,0,1,0,1,0
JaCoCo Coverage Report,com.google.javascript.jscomp,NameAnalyzer.ReferencePropagationCallback,13,0,4,0,4,0,3,0,1,0
JaCoCo Coverage Report,com.google.javascript.jscomp,CompilerOptions.TweakProcessing,14,34,4,0,2,4,4,1,2,1
JaCoCo Coverage Report,com.google.javascript.jscomp,ReplaceIdGenerators.Replacement,30,0,0,0,6,0,2,0,2,0
JaCoCo Coverage Report,com.google.javascript.jscomp,ExpressionDecomposer.DecompositionType,34,0,0,0,4,0,1,0,1,0
JaCoCo Coverage Report,com.google.javascript.jscomp,NameAnalyzer.NameInformation,21,0,0,0,7,0,1,0,1,0
JaCoCo Coverage Report,com.google.javascript.jscomp,AmbiguateProperties.ProcessProperties,103,0,12,0,26,0,11,0,4,0
JaCoCo Coverage Report,com.google.javascript.jscomp,SimpleDefinitionFinder.DefinitionGatheringCallback,234,0,52,0,57,0,29,0,3,0
JaCoCo Coverage Report,com.google.javascript.jscomp,FindExportableNodes,116,5,26,0,28,2,17,1,3,1
JaCoCo Coverage Report,com.google.javascript.jscomp,JsMessage.Hash,789,0,30,0,67,0,32,0,6,0
JaCoCo Coverage Report,com.google.javascript.jscomp,ConcreteType.ConcreteUnionType,196,0,32,0,45,0,26,0,10,0
JaCoCo Coverage Report,com.google.javascript.jscomp,SpecializeModule.new SpecializeModule.NodeMatcher() {...},32,0,4,0,6,0,5,0,3,0
JaCoCo Coverage Report,com.google.javascript.jscomp,CreateSyntheticBlocks.Callback,160,0,16,0,31,0,10,0,2,0
JaCoCo Coverage Report,com.google.javascript.jscomp,GoogleCodingConvention,53,38,13,7,9,11,12,7,5,4
JaCoCo Coverage Report,com.google.javascript.jscomp,MakeDeclaredNamesUnique.ContextualRenameInverter,259,0,38,0,69,0,32,0,13,0
JaCoCo Coverage Report,com.google.javascript.jscomp,AliasStrings.StringInfo,166,0,30,0,37,0,18,0,3,0
JaCoCo Coverage Report,com.google.javascript.jscomp,JSModuleGraph,609,0,72,0,136,0,52,0,16,0
JaCoCo Coverage Report,com.google.javascript.jscomp,ControlFlowAnalysis,1551,0,276,0,386,0,193,0,39,0
JaCoCo Coverage Report,com.google.javascript.jscomp,AnalyzePrototypeProperties,231,0,14,0,51,0,12,0,5,0
JaCoCo Coverage Report,com.google.javascript.jscomp,AmbiguateProperties.new Comparator() {...},20,0,2,0,4,0,3,0,2,0
JaCoCo Coverage Report,com.google.javascript.jscomp,CrossModuleCodeMotion.Declaration,12,0,0,0,4,0,1,0,1,0
JaCoCo Coverage Report,com.google.javascript.jscomp,VariableShadowDeclarationCheck,36,0,0,0,9,0,3,0,3,0
JaCoCo Coverage Report,com.google.javascript.jscomp,CommandLineRunner.FormattingOption,50,0,3,0,10,0,4,0,2,0
JaCoCo Coverage Report,com.google.javascript.jscomp,ReferenceCollectingCallback.new ReferenceCollectingCallback.Behavior() {...},1,3,0,0,1,1,1,1,1,1
JaCoCo Coverage Report,com.google.javascript.jscomp,DefaultPassConfig.new PassFactory() {...},13,0,0,0,2,0,2,0,2,0
JaCoCo Coverage Report,com.google.javascript.jscomp,RenamePrototypes.new Comparator() {...},22,0,2,0,6,0,3,0,2,0
JaCoCo Coverage Report,com.google.javascript.jscomp,DefaultPassConfig.new DefaultPassConfig.HotSwapPassFactory() {...},15,0,0,0,2,0,2,0,2,0
JaCoCo Coverage Report,com.google.javascript.jscomp,DefaultPassConfig.new DefaultPassConfig.HotSwapPassFactory() {...},14,0,0,0,2,0,2,0,2,0
JaCoCo Coverage Report,com.google.javascript.jscomp,Normalize.ScopeTicklingCallback,14,0,0,0,6,0,5,0,5,0
JaCoCo Coverage Report,com.google.javascript.jscomp,DefaultPassConfig.new DefaultPassConfig.HotSwapPassFactory() {...},14,0,0,0,2,0,2,0,2,0
JaCoCo Coverage Report,com.google.javascript.jscomp,ClosureReverseAbstractInterpreter,181,0,18,0,37,0,12,0,3,0
JaCoCo Coverage Report,com.google.javascript.jscomp,DefaultPassConfig.new DefaultPassConfig.HotSwapPassFactory() {...},14,0,0,0,2,0,2,0,2,0
JaCoCo Coverage Report,com.google.javascript.jscomp,DefaultPassConfig.new DefaultPassConfig.HotSwapPassFactory() {...},53,0,6,0,7,0,5,0,2,0
JaCoCo Coverage Report,com.google.javascript.jscomp,DefaultPassConfig.new DefaultPassConfig.HotSwapPassFactory() {...},13,0,0,0,2,0,2,0,2,0
JaCoCo Coverage Report,com.google.javascript.jscomp,CommandLineRunner.Flags.WarningGuardOffOptionHandler,11,0,0,0,2,0,1,0,1,0
JaCoCo Coverage Report,com.google.javascript.jscomp,DefaultPassConfig.new PassFactory() {...},14,0,0,0,2,0,2,0,2,0
JaCoCo Coverage Report,com.google.javascript.jscomp,DefaultPassConfig.new PassFactory() {...},29,0,4,0,2,0,4,0,2,0
JaCoCo Coverage Report,com.google.javascript.jscomp,DefinitionsRemover.AssignmentDefinition,36,0,0,0,11,0,4,0,4,0
JaCoCo Coverage Report,com.google.javascript.jscomp,DefaultPassConfig.new PassFactory() {...},14,0,0,0,2,0,2,0,2,0
JaCoCo Coverage Report,com.google.javascript.jscomp,ComposeWarningsGuard.GuardComparator,0,30,0,2,0,8,0,3,0,2
JaCoCo Coverage Report,com.google.javascript.jscomp,ExtractPrototypeMemberDeclarations.GatherExtractionInfo,72,0,12,0,17,0,9,0,3,0
JaCoCo Coverage Report,com.google.javascript.jscomp,ScopedAliases.AliasedTypeNode,18,0,0,0,6,0,2,0,2,0
JaCoCo Coverage Report,com.google.javascript.jscomp,InlineFunctions.NamedFunction,25,0,0,0,8,0,5,0,5,0
JaCoCo Coverage Report,com.google.javascript.jscomp,CallGraph.new Predicate() {...},30,0,6,0,5,0,5,0,2,0
JaCoCo Coverage Report,com.google.javascript.jscomp,TypedScopeCreator.StubDeclaration,12,0,0,0,5,0,1,0,1,0
JaCoCo Coverage Report,com.google.javascript.jscomp,CallGraph.new NodeTraversal.AbstractPostOrderCallback() {...},69,0,10,0,16,0,7,0,2,0
JaCoCo Coverage Report,com.google.javascript.jscomp,RenameVars,603,0,72,0,135,0,48,0,12,0
JaCoCo Coverage Report,com.google.javascript.jscomp,RenameLabels.LabelNamespace,8,0,0,0,2,0,1,0,1,0
JaCoCo Coverage Report,com.google.javascript.jscomp,InlineVariables.IdentifyLocals,10,0,0,0,2,0,2,0,2,0
JaCoCo Coverage Report,com.google.javascript.jscomp,DefaultPassConfig.new DefaultPassConfig.HotSwapPassFactory() {...},17,0,0,0,3,0,2,0,2,0
JaCoCo Coverage Report,com.google.javascript.jscomp,CheckMissingReturn.new Predicate() {...},42,3,12,0,11,1,7,1,1,1
JaCoCo Coverage Report,com.google.javascript.jscomp,CheckMissingReturn.new Predicate() {...},10,3,4,0,1,1,3,1,1,1
JaCoCo Coverage Report,com.google.javascript.jscomp,DefaultPassConfig.new PassFactory() {...},33,0,4,0,4,0,4,0,2,0
JaCoCo Coverage Report,com.google.javascript.jscomp,FunctionInformationMap,266,22,22,0,67,11,39,3,28,3
JaCoCo Coverage Report,com.google.javascript.jscomp,CodingConvention.AssertionFunctionSpec,22,0,0,0,9,0,5,0,5,0
JaCoCo Coverage Report,com.google.javascript.jscomp,DefaultPassConfig.new PassFactory() {...},14,0,0,0,2,0,2,0,2,0
JaCoCo Coverage Report,com.google.javascript.jscomp,DefaultPassConfig.new PassFactory() {...},21,0,0,0,2,0,2,0,2,0
JaCoCo Coverage Report,com.google.javascript.jscomp,DefaultPassConfig.new PassFactory() {...},46,0,0,0,2,0,2,0,2,0
JaCoCo Coverage Report,com.google.javascript.jscomp,DefaultPassConfig.new PassFactory() {...},46,0,0,0,2,0,2,0,2,0
JaCoCo Coverage Report,com.google.javascript.jscomp,DefaultPassConfig.new DefaultPassConfig.HotSwapPassFactory() {...},13,0,0,0,2,0,2,0,2,0
JaCoCo Coverage Report,com.google.javascript.jscomp,AmbiguateProperties.ProcessExterns,38,0,5,0,10,0,5,0,2,0
JaCoCo Coverage Report,com.google.javascript.jscomp,DefaultPassConfig.new PassFactory() {...},20,0,0,0,3,0,2,0,2,0
JaCoCo Coverage Report,com.google.javascript.jscomp,DefaultPassConfig.new PassFactory() {...},17,0,0,0,2,0,2,0,2,0
JaCoCo Coverage Report,com.google.javascript.jscomp,DefaultPassConfig.new DefaultPassConfig.HotSwapPassFactory() {...},17,0,0,0,2,0,2,0,2,0
JaCoCo Coverage Report,com.google.javascript.jscomp,JsMessage.Builder,226,0,20,0,57,0,28,0,18,0
JaCoCo Coverage Report,com.google.javascript.jscomp,AbstractMessageFormatter,43,17,5,0,9,7,7,3,4,3
JaCoCo Coverage Report,com.google.javascript.jscomp,ShadowVariables.DoShadowVariables,259,0,36,0,58,0,24,0,6,0
JaCoCo Coverage Report,com.google.javascript.jscomp,ReferenceCollectingCallback.Reference,230,0,42,0,47,0,41,0,20,0
JaCoCo Coverage Report,com.google.javascript.jscomp,DeadAssignmentsElimination.new Predicate() {...},23,0,8,0,4,0,6,0,2,0
JaCoCo Coverage Report,com.google.javascript.jscomp,NameReferenceGraphReport.DiGraphNodeComparator,50,0,8,0,12,0,6,0,2,0
JaCoCo Coverage Report,com.google.javascript.jscomp,ProcessTweaks.CollectTweaks,208,0,24,0,49,0,15,0,2,0
JaCoCo Coverage Report,com.google.javascript.jscomp,Scope.Var,197,0,28,0,51,0,36,0,22,0
JaCoCo Coverage Report,com.google.javascript.jscomp,CodePrinter.PrettyCodePrinter,213,0,30,0,66,0,34,0,17,0
JaCoCo Coverage Report,com.google.javascript.jscomp,ConcreteType.ConcreteNoneType,8,0,0,0,4,0,4,0,4,0
JaCoCo Coverage Report,com.google.javascript.jscomp,CodeChangeHandler.RecentChange,0,17,0,0,0,7,0,4,0,4
JaCoCo Coverage Report,com.google.javascript.jscomp,StrictModeCheck,311,41,59,0,71,10,40,1,10,1
JaCoCo Coverage Report,com.google.javascript.jscomp,ProcessClosurePrimitives.new CssRenamingMap() {...},28,0,2,0,5,0,4,0,3,0
JaCoCo Coverage Report,com.google.javascript.jscomp,TypeInference,2169,0,375,0,576,0,242,0,42,0
JaCoCo Coverage Report,com.google.javascript.jscomp,CommandLineRunner.Flags.WarningGuardSetter,29,0,0,0,9,0,4,0,4,0
JaCoCo Coverage Report,com.google.javascript.jscomp,GlobalNamespace.Name.Type,54,0,0,0,6,0,1,0,1,0
JaCoCo Coverage Report,com.google.javascript.jscomp,CodingConvention.Bind,12,0,0,0,5,0,1,0,1,0
JaCoCo Coverage Report,com.google.javascript.jscomp,CodingConvention.DelegateRelationship,9,0,0,0,4,0,1,0,1,0
JaCoCo Coverage Report,com.google.javascript.jscomp,StripCode.Strip,643,0,135,0,168,0,90,0,19,0
JaCoCo Coverage Report,com.google.javascript.jscomp,ChainableReverseAbstractInterpreter.RestrictByTrueTypeOfResultVisitor,23,0,0,0,9,0,9,0,9,0
JaCoCo Coverage Report,com.google.javascript.jscomp,TightenTypes.Assignment,15,0,0,0,6,0,1,0,1,0
JaCoCo Coverage Report,com.google.javascript.jscomp,AliasExternals,743,0,58,0,164,0,48,0,19,0
JaCoCo Coverage Report,com.google.javascript.jscomp,RuntimeTypeCheck.AddChecks,277,0,44,0,80,0,28,0,6,0
JaCoCo Coverage Report,com.google.javascript.jscomp,RenamePrototypes.Property,132,0,28,0,29,0,19,0,5,0
JaCoCo Coverage Report,com.google.javascript.jscomp,CheckPropertyOrder.OrdersJoinOp,11,0,0,0,2,0,1,0,1,0
JaCoCo Coverage Report,com.google.javascript.jscomp,ControlFlowAnalysis.AstControlFlowGraph,33,0,2,0,9,0,4,0,3,0
JaCoCo Coverage Report,com.google.javascript.jscomp,ExternExportsPass.PropertyExport,90,0,6,0,13,0,5,0,2,0
JaCoCo Coverage Report,com.google.javascript.jscomp,NodeIterators.LocalVarMotion,240,0,52,0,53,0,33,0,7,0
JaCoCo Coverage Report,com.google.javascript.jscomp,Compiler,1792,867,190,72,431,229,207,56,93,38
JaCoCo Coverage Report,com.google.javascript.jscomp,RenameLabels,29,0,0,0,9,0,3,0,3,0
JaCoCo Coverage Report,com.google.javascript.jscomp,InlineFunctions.Reference,15,0,0,0,5,0,1,0,1,0
JaCoCo Coverage Report,com.google.javascript.jscomp,FunctionNames.FunctionRecord,12,0,0,0,5,0,1,0,1,0
JaCoCo Coverage Report,com.google.javascript.jscomp,FunctionInformationMap.Builder,463,0,52,0,114,0,58,0,31,0
JaCoCo Coverage Report,com.google.javascript.jscomp,AbstractMessageFormatter.Color,3,45,0,0,1,7,1,2,1,2
JaCoCo Coverage Report,com.google.javascript.jscomp,CommandLineRunner.Flags,129,0,0,0,53,0,2,0,2,0
JaCoCo Coverage Report,com.google.javascript.jscomp,FunctionRewriter.SingleReturnStatementReducer,23,0,4,0,8,0,4,0,2,0
JaCoCo Coverage Report,com.google.javascript.jscomp,TypeCheck,3050,263,505,0,721,58,315,1,40,1
JaCoCo Coverage Report,com.google.javascript.jscomp,DisambiguateProperties.FindRenameableProperties,238,0,32,0,47,0,21,0,5,0
JaCoCo Coverage Report,com.google.javascript.jscomp,UnfoldCompoundAssignments,182,0,33,0,43,0,26,0,8,0
JaCoCo Coverage Report,com.google.javascript.jscomp,ClosureCodeRemoval,104,0,12,0,28,0,8,0,2,0
JaCoCo Coverage Report,com.google.javascript.jscomp,CollapseVariableDeclarations,147,0,16,0,40,0,11,0,3,0
JaCoCo Coverage Report,com.google.javascript.jscomp,InlineFunctions.FunctionVar,27,0,0,0,8,0,5,0,5,0
JaCoCo Coverage Report,com.google.javascript.jscomp,Normalize.NormalizeStatements,270,246,36,55,67,74,31,29,3,10
JaCoCo Coverage Report,com.google.javascript.jscomp,LightweightMessageFormatter.LineNumberingFormatter,116,3,12,0,33,1,8,1,2,1
JaCoCo Coverage Report,com.google.javascript.jscomp,InlineObjectLiterals.InliningBehavior.new NodeUtil.Visitor() {...},24,0,2,0,4,0,3,0,2,0
JaCoCo Coverage Report,com.google.javascript.jscomp,DefinitionsRemover.ObjectLiteralPropertyDefinition,43,0,2,0,12,0,5,0,4,0
JaCoCo Coverage Report,com.google.javascript.jscomp,CheckProvides,38,0,0,0,11,0,4,0,4,0
JaCoCo Coverage Report,com.google.javascript.jscomp,DefaultPassConfig.89.new CompilerPass() {...},59,0,0,0,10,0,2,0,2,0
JaCoCo Coverage Report,com.google.javascript.jscomp,AstValidator.new AstValidator.ViolationHandler() {...},15,6,0,0,2,1,1,1,1,1
JaCoCo Coverage Report,com.google.javascript.jscomp,JSModuleGraph.DepthComparator,12,0,0,0,2,0,2,0,2,0
JaCoCo Coverage Report,com.google.javascript.jscomp,FunctionToBlockMutator.LabelNameSupplier,18,0,0,0,4,0,2,0,2,0
JaCoCo Coverage Report,com.google.javascript.jscomp,PerformanceTracker.CodeSizeEstimatePrinter,95,0,6,0,30,0,8,0,5,0
JaCoCo Coverage Report,com.google.javascript.jscomp,NameAnalyzer.InstanceOfCheckNode,35,0,2,0,7,0,3,0,2,0
JaCoCo Coverage Report,com.google.javascript.jscomp,RenameProperties.new Comparator() {...},31,0,4,0,6,0,4,0,2,0
JaCoCo Coverage Report,com.google.javascript.jscomp,MakeDeclaredNamesUnique,139,119,29,18,35,36,22,12,1,8
JaCoCo Coverage Report,com.google.javascript.jscomp,VariableReferenceCheck.ReferenceCheckingBehavior,239,0,44,0,61,0,25,0,3,0
JaCoCo Coverage Report,com.google.javascript.jscomp,TightenTypes.PropertyAssignAction,68,0,2,0,15,0,3,0,2,0
JaCoCo Coverage Report,com.google.javascript.jscomp,LiveVariablesAnalysis.LiveVariableLattice,60,0,4,0,15,0,9,0,7,0
JaCoCo Coverage Report,com.google.javascript.jscomp,FunctionNames,109,0,8,0,28,0,9,0,5,0
JaCoCo Coverage Report,com.google.javascript.jscomp,ErrorFormat.new ErrorFormat() {...},0,16,0,0,0,4,0,2,0,2
JaCoCo Coverage Report,com.google.javascript.jscomp,ErrorFormat.new ErrorFormat() {...},11,6,0,0,3,1,1,1,1,1
JaCoCo Coverage Report,com.google.javascript.jscomp,ErrorFormat.new ErrorFormat() {...},7,6,0,0,3,1,1,1,1,1
JaCoCo Coverage Report,com.google.javascript.jscomp,NameAnalyzer.SpecialReferenceNode,21,0,0,0,7,0,2,0,2,0
JaCoCo Coverage Report,com.google.javascript.jscomp,DefaultPassConfig.54.new CompilerPass() {...},58,0,4,0,12,0,4,0,2,0
JaCoCo Coverage Report,com.google.javascript.jscomp,RhinoErrorReporter.OldRhinoErrorReporter,9,5,0,0,1,2,1,1,1,1
JaCoCo Coverage Report,com.google.javascript.jscomp,CommandLineRunner,685,0,36,0,139,0,30,0,12,0
JaCoCo Coverage Report,com.google.javascript.jscomp,ErrorFormat.new ErrorFormat() {...},10,6,0,0,3,1,1,1,1,1
JaCoCo Coverage Report,com.google.javascript.jscomp,TypeInference.BooleanOutcomePair,63,0,12,0,15,0,9,0,3,0
JaCoCo Coverage Report,com.google.javascript.jscomp,SimpleDefinitionFinder.UseSiteGatheringCallback,41,0,2,0,10,0,3,0,2,0
JaCoCo Coverage Report,com.google.javascript.jscomp,ShowByPathWarningsGuard.ShowType,24,0,0,0,3,0,1,0,1,0
JaCoCo Coverage Report,com.google.javascript.jscomp,InvocationsCallback,33,0,6,0,11,0,5,0,2,0
JaCoCo Coverage Report,com.google.javascript.jscomp,DefinitionsRemover.NamedFunctionDefinition,10,0,0,0,4,0,2,0,2,0
JaCoCo Coverage Report,com.google.javascript.jscomp,JoinOp.BinaryJoinOp,66,0,8,0,15,0,7,0,3,0
JaCoCo Coverage Report,com.google.javascript.jscomp,LinkedFlowScope.LinkedFlowSlot,9,0,0,0,3,0,1,0,1,0
JaCoCo Coverage Report,com.google.javascript.jscomp,RuntimeTypeCheck.AddMarkers,189,0,24,0,48,0,19,0,7,0
JaCoCo Coverage Report,com.google.javascript.jscomp,MarkNoSideEffectCalls,78,0,8,0,20,0,9,0,5,0
JaCoCo Coverage Report,com.google.javascript.jscomp,GlobalNamespace.Ref,166,0,20,0,37,0,23,0,13,0
JaCoCo Coverage Report,com.google.javascript.jscomp,PhaseOptimizer.Loop,3,0,0,0,1,0,1,0,1,0
JaCoCo Coverage Report,com.google.javascript.jscomp,SideEffectsAnalysis.DegenerateLocationAbstraction.DegenerateEffectLocation,24,0,8,0,5,0,7,0,3,0
JaCoCo Coverage Report,com.google.javascript.jscomp,NodeUtil.MatchDeclaration,2,12,2,2,0,2,2,2,0,2
JaCoCo Coverage Report,com.google.javascript.jscomp,PhaseOptimizer.NamedPass,28,0,0,0,8,0,2,0,2,0
JaCoCo Coverage Report,com.google.javascript.jscomp,CheckPropertyOrder.PropertyOrdersFlowAnalysis,180,0,20,0,36,0,18,0,5,0
JaCoCo Coverage Report,com.google.javascript.jscomp,FlowSensitiveInlineVariables,166,0,18,0,37,0,17,0,8,0
JaCoCo Coverage Report,com.google.javascript.jscomp,DefinitionsRemover.UnknownDefinition,10,0,0,0,3,0,2,0,2,0
JaCoCo Coverage Report,com.google.javascript.jscomp,ReplaceStrings,676,0,97,0,163,0,69,0,19,0
JaCoCo Coverage Report,com.google.javascript.jscomp,RenameLabels.ProcessLabels,248,0,27,0,58,0,23,0,9,0
JaCoCo Coverage Report,com.google.javascript.jscomp,ProcessTweaks.TweakFunctionCall,27,0,0,0,9,0,3,0,3,0
JaCoCo Coverage Report,com.google.javascript.jscomp,SideEffectsAnalysis.VisibilityLocationAbstraction.new NodeTraversal.AbstractShallowCallback() {...},24,0,6,0,5,0,5,0,2,0
JaCoCo Coverage Report,com.google.javascript.jscomp,AstParallelizer.DettachPoint,49,0,4,0,12,0,4,0,2,0
JaCoCo Coverage Report,com.google.javascript.jscomp,GroupVariableDeclarations,171,0,24,0,60,0,19,0,7,0
JaCoCo Coverage Report,com.google.javascript.jscomp,PhaseOptimizer.PassFactoryDelegate,24,0,0,0,7,0,2,0,2,0
JaCoCo Coverage Report,com.google.javascript.jscomp,RecordFunctionInformation,141,0,12,0,41,0,11,0,5,0
JaCoCo Coverage Report,com.google.javascript.jscomp,NameReferenceGraphConstruction.Traversal,892,0,165,0,221,0,105,0,21,0
JaCoCo Coverage Report,com.google.javascript.jscomp,CompilerOptions,329,476,10,0,108,157,53,13,48,13
JaCoCo Coverage Report,com.google.javascript.jscomp,NameReferenceGraphConstruction,202,0,18,0,49,0,17,0,8,0
JaCoCo Coverage Report,com.google.javascript.jscomp,NodeUtil.BooleanResultPredicate,0,6,0,0,0,2,0,2,0,2
JaCoCo Coverage Report,com.google.javascript.jscomp,RemoveUnusedVars.CallSiteOptimizer,468,0,90,0,120,0,57,0,12,0
JaCoCo Coverage Report,com.google.javascript.jscomp,AmbiguateProperties,688,0,72,0,147,0,48,0,12,0
JaCoCo Coverage Report,com.google.javascript.jscomp,ChainableReverseAbstractInterpreter.RestrictByFalseTypeOfResultVisitor,43,0,0,0,10,0,10,0,10,0
JaCoCo Coverage Report,com.google.javascript.jscomp,ProcessTweaks,312,68,30,2,74,22,22,2,7,1
JaCoCo Coverage Report,com.google.javascript.jscomp,SimpleFunctionAliasAnalysis,129,0,26,0,33,0,18,0,5,0
JaCoCo Coverage Report,com.google.javascript.jscomp,InlineFunctions.Inline,78,0,8,0,22,0,7,0,3,0
JaCoCo Coverage Report,com.google.javascript.jscomp,DiagnosticGroupWarningsGuard,27,45,5,7,2,11,6,5,2,3
JaCoCo Coverage Report,com.google.javascript.jscomp,PassConfig.State,30,0,0,0,11,0,1,0,1,0
JaCoCo Coverage Report,com.google.javascript.jscomp,TightenTypes.ConcreteScope,165,0,12,0,35,0,19,0,13,0
JaCoCo Coverage Report,com.google.javascript.jscomp,AliasExternals.PropertyGatherer,150,0,40,0,25,0,24,0,4,0
JaCoCo Coverage Report,com.google.javascript.jscomp,NameAnonymousFunctions.AnonymousFunctionNamer,64,0,0,0,13,0,5,0,5,0
JaCoCo Coverage Report,com.google.javascript.jscomp,SideEffectsAnalysis.CrossModuleMotionEnvironment,5,0,0,0,3,0,2,0,2,0
JaCoCo Coverage Report,com.google.javascript.jscomp,NameAnalyzer.new Predicate() {...},8,3,2,0,3,1,2,1,1,1
JaCoCo Coverage Report,com.google.javascript.jscomp,CheckUnreachableCode,75,5,10,0,21,1,11,1,6,1
JaCoCo Coverage Report,com.google.javascript.jscomp,InlineSimpleMethods.new MethodCompilerPass.SignatureStore() {...},6,0,0,0,4,0,4,0,4,0
JaCoCo Coverage Report,com.google.javascript.jscomp,JsMessageExtractor.ExtractMessagesVisitor,27,0,2,0,8,0,4,0,3,0
JaCoCo Coverage Report,com.google.javascript.jscomp,RemoveUnusedVars.Continuation,43,0,4,0,10,0,4,0,2,0
JaCoCo Coverage Report,com.google.javascript.jscomp,DefinitionsRemover.Definition,21,0,2,0,8,0,4,0,3,0
JaCoCo Coverage Report,com.google.javascript.jscomp,VariableShadowDeclarationCheck.NoShadowAnnotationGatheringCallback,35,0,4,0,11,0,7,0,5,0
JaCoCo Coverage Report,com.google.javascript.jscomp,AliasExternals.GlobalGatherer,89,0,26,0,20,0,15,0,2,0
JaCoCo Coverage Report,com.google.javascript.jscomp,FunctionTypeBuilder,1231,45,248,0,291,13,146,1,22,1
JaCoCo Coverage Report,com.google.javascript.jscomp,CollapseProperties,1481,0,266,0,360,0,158,0,24,0
JaCoCo Coverage Report,com.google.javascript.jscomp,Tracer.AtomicTracerStatMap,50,0,6,0,12,0,6,0,3,0
JaCoCo Coverage Report,com.google.javascript.jscomp,Normalize.PropagateConstantAnnotationsOverVars,102,0,18,0,25,0,12,0,3,0
JaCoCo Coverage Report,com.google.javascript.jscomp,DataFlowAnalysis.BranchedFlowState,78,0,2,0,19,0,8,0,7,0
JaCoCo Coverage Report,com.google.javascript.jscomp,RecordFunctionInformation.new Comparator() {...},12,0,0,0,2,0,2,0,2,0
JaCoCo Coverage Report,com.google.javascript.jscomp,DisambiguateProperties.Warnings,3,5,0,0,1,1,1,1,1,1
JaCoCo Coverage Report,com.google.javascript.jscomp,SideEffectsAnalysis.VisibilityLocationAbstraction.VisibilityBasedEffectLocation,49,0,4,0,12,0,6,0,4,0
JaCoCo Coverage Report,com.google.javascript.jscomp,ProcessClosurePrimitives.UnrecognizedRequire,15,0,0,0,5,0,1,0,1,0
JaCoCo Coverage Report,com.google.javascript.jscomp,NameAnalyzer.RefType,24,0,0,0,3,0,1,0,1,0
JaCoCo Coverage Report,com.google.javascript.jscomp,CompilerOptions.NullAliasTransformationHandler,5,6,0,0,2,1,1,1,1,1
JaCoCo Coverage Report,com.google.javascript.jscomp,CompilerOptions.LanguageMode,0,34,0,0,0,4,0,1,0,1
JaCoCo Coverage Report,com.google.javascript.jscomp,SourceExcerptProvider.SourceExcerpt.new SourceExcerptProvider.SourceExcerpt() {...},7,6,0,0,2,1,1,1,1,1
JaCoCo Coverage Report,com.google.javascript.jscomp,NodeUtil.NumbericResultPredicate,0,6,0,0,0,2,0,2,0,2
JaCoCo Coverage Report,com.google.javascript.jscomp,InlineVariables.AliasCandidate,9,0,0,0,4,0,1,0,1,0
JaCoCo Coverage Report,com.google.javascript.jscomp,SourceExcerptProvider.SourceExcerpt.new SourceExcerptProvider.SourceExcerpt() {...},8,6,0,0,2,1,1,1,1,1
JaCoCo Coverage Report,com.google.javascript.jscomp,CheckRegExp,105,9,24,0,24,3,16,1,4,1
JaCoCo Coverage Report,com.google.javascript.jscomp,ReplaceIdGenerators,110,9,6,0,24,4,6,1,3,1
JaCoCo Coverage Report,com.google.javascript.jscomp,LinkedFlowScope.FlowScopeJoinOp,34,0,2,0,8,0,3,0,2,0
JaCoCo Coverage Report,com.google.javascript.jscomp,DisambiguateProperties.ConcreteTypeSystem,313,0,62,0,71,0,47,0,16,0
JaCoCo Coverage Report,com.google.javascript.jscomp,InlineFunctions.CallVisitor,84,0,16,0,24,0,10,0,2,0
JaCoCo Coverage Report,com.google.javascript.jscomp,ParallelCompilerPass.new Thread() {...},21,0,0,0,3,0,2,0,2,0
JaCoCo Coverage Report,com.google.javascript.jscomp,PureFunctionIdentifier.Driver,74,0,4,0,22,0,4,0,2,0
JaCoCo Coverage Report,com.google.javascript.jscomp,InstrumentationTemplate.new Descriptors.FileDescriptor.InternalDescriptorAssigner() {...},47,0,0,0,5,0,2,0,2,0
JaCoCo Coverage Report,com.google.javascript.jscomp,CodeConsumer,147,159,31,23,52,56,40,18,17,14
JaCoCo Coverage Report,com.google.javascript.jscomp,SimpleRegion,21,0,0,0,8,0,4,0,4,0
JaCoCo Coverage Report,com.google.javascript.jscomp,ClosureCodeRemoval.RemovableAssignment,78,0,8,0,22,0,6,0,2,0
JaCoCo Coverage Report,com.google.javascript.jscomp,Strings,100,0,22,0,18,0,17,0,6,0
JaCoCo Coverage Report,com.google.javascript.jscomp,DevirtualizePrototypeMethods,515,0,86,0,148,0,56,0,13,0
JaCoCo Coverage Report,com.google.javascript.jscomp,StripCode,41,9,0,0,12,2,3,1,3,1
JaCoCo Coverage Report,com.google.javascript.jscomp,FunctionArgumentInjector,478,0,96,0,116,0,60,0,11,0
JaCoCo Coverage Report,com.google.javascript.jscomp,TightenTypes.VariableAssignAction,36,0,0,0,8,0,2,0,2,0
JaCoCo Coverage Report,com.google.javascript.jscomp,OptimizeParameters,698,0,122,0,195,0,80,0,18,0
JaCoCo Coverage Report,com.google.javascript.jscomp,DefaultPassConfig.36.new CompilerPass() {...},42,0,0,0,5,0,2,0,2,0
JaCoCo Coverage Report,com.google.javascript.jscomp,ReplaceStrings.Location,15,0,0,0,5,0,1,0,1,0
JaCoCo Coverage Report,com.google.javascript.jscomp,PassConfig,227,0,20,0,56,0,23,0,13,0
JaCoCo Coverage Report,com.google.javascript.jscomp,FunctionNames.FunctionExpressionNamer,53,0,4,0,11,0,7,0,5,0
JaCoCo Coverage Report,com.google.javascript.jscomp,SpecializeModule.NodeMatcher,31,0,4,0,10,0,4,0,2,0
JaCoCo Coverage Report,com.google.javascript.jscomp,LinkedFlowScope.FlatFlowScopeCache,204,0,24,0,49,0,16,0,4,0
JaCoCo Coverage Report,com.google.javascript.jscomp,ConcreteType.ConcreteFunctionType,249,0,32,0,57,0,31,0,15,0
JaCoCo Coverage Report,com.google.javascript.jscomp,CheckUnreachableCode.ReachablePredicate,46,0,10,0,11,0,7,0,2,0
JaCoCo Coverage Report,com.google.javascript.jscomp,AmbiguateProperties.Property,100,0,16,0,25,0,11,0,3,0
JaCoCo Coverage Report,com.google.javascript.jscomp,AliasExternals.GetGlobals,86,0,21,0,20,0,14,0,3,0
JaCoCo Coverage Report,com.google.javascript.jscomp,PeepholeSimplifyRegExp,119,0,26,0,27,0,15,0,2,0
JaCoCo Coverage Report,com.google.javascript.jscomp,FunctionTypeBuilder.ImplementedTypeValidator,74,0,8,0,14,0,6,0,2,0
JaCoCo Coverage Report,com.google.javascript.jscomp,AnalyzePrototypeProperties.PropagateReferences,31,0,6,0,8,0,5,0,2,0
JaCoCo Coverage Report,com.google.javascript.jscomp,PassConfig.PassConfigDelegate,33,0,0,0,10,0,7,0,7,0
JaCoCo Coverage Report,com.google.javascript.jscomp,RenameVars.new Comparator() {...},19,0,2,0,4,0,3,0,2,0
JaCoCo Coverage Report,com.google.javascript.jscomp,RenameVars.new Comparator() {...},9,0,0,0,2,0,2,0,2,0
JaCoCo Coverage Report,com.google.javascript.jscomp,BasicErrorManager,71,53,11,1,17,13,10,6,4,6
JaCoCo Coverage Report,com.google.javascript.jscomp,RenameProperties.PropertyAffinity,19,0,0,0,6,0,2,0,2,0
JaCoCo Coverage Report,com.google.javascript.jscomp,CheckRequiresForConstructors.CheckRequiresForConstructorsCallback,274,0,64,0,68,0,40,0,6,0
JaCoCo Coverage Report,com.google.javascript.jscomp,PeepholeFoldWithTypes,99,0,28,0,30,0,17,0,3,0
JaCoCo Coverage Report,com.google.javascript.jscomp,AliasStrings.StringOccurrence,9,0,0,0,4,0,1,0,1,0
JaCoCo Coverage Report,com.google.javascript.jscomp,ExtractPrototypeMemberDeclarations,205,0,8,0,48,0,10,0,6,0
JaCoCo Coverage Report,com.google.javascript.jscomp,DiagnosticGroup,31,104,5,5,6,27,7,10,3,9
JaCoCo Coverage Report,com.google.javascript.jscomp,InferJSDocInfo,235,0,75,0,72,0,44,0,6,0
JaCoCo Coverage Report,com.google.javascript.jscomp,DefaultPassConfig.12.new CompilerPass() {...},35,0,2,0,7,0,3,0,2,0
JaCoCo Coverage Report,com.google.javascript.jscomp,CompilerOptions.DevMode,0,44,0,0,0,5,0,1,0,1
JaCoCo Coverage Report,com.google.javascript.jscomp,NodeUtil.VarCollector,18,16,5,3,3,6,3,3,0,2
JaCoCo Coverage Report,com.google.javascript.jscomp,SyntacticScopeCreator.DefaultRedeclarationHandler,80,6,14,0,18,1,8,1,1,1
JaCoCo Coverage Report,com.google.javascript.jscomp,AbstractCompiler,4,14,0,0,2,4,1,3,1,3
JaCoCo Coverage Report,com.google.javascript.jscomp,OptimizeArgumentsArray,300,0,40,0,80,0,29,0,9,0
JaCoCo Coverage Report,com.google.javascript.jscomp,RenamePrototypes,309,0,34,0,62,0,22,0,5,0
JaCoCo Coverage Report,com.google.javascript.jscomp,JsMessageExtractor,105,0,6,0,21,0,6,0,3,0
JaCoCo Coverage Report,com.google.javascript.jscomp,CodeGenerator,1819,640,357,94,437,151,250,38,18,18
JaCoCo Coverage Report,com.google.javascript.jscomp,AbstractCommandLineRunner.WarningGuardSpec,21,0,0,0,6,0,3,0,3,0
JaCoCo Coverage Report,com.google.javascript.jscomp,DataFlowAnalysis.BranchedForwardDataFlowAnalysis,189,0,18,0,41,0,15,0,6,0
JaCoCo Coverage Report,com.google.javascript.jscomp,SourceMap.DetailLevel.new SourceMap.DetailLevel() {...},2,6,0,0,1,1,1,1,1,1
JaCoCo Coverage Report,com.google.javascript.jscomp,SourceMap.DetailLevel.new SourceMap.DetailLevel() {...},31,6,16,0,7,1,9,1,1,1
JaCoCo Coverage Report,com.google.javascript.jscomp,RenameProperties.ProcessExterns,42,0,7,0,10,0,6,0,2,0
JaCoCo Coverage Report,com.google.javascript.jscomp,DefaultPassConfig.23.new HotSwapCompilerPass() {...},40,0,0,0,7,0,3,0,3,0
JaCoCo Coverage Report,com.google.javascript.jscomp,Tracer.Stat,21,3,2,0,4,1,5,1,4,1
JaCoCo Coverage Report,com.google.javascript.jscomp,ExtractPrototypeMemberDeclarations.PrototypeMemberDeclaration,39,0,2,0,12,0,4,0,3,0
JaCoCo Coverage Report,com.google.javascript.jscomp,NodeUtil.MatchNameNode,2,18,1,3,0,5,1,3,0,2
JaCoCo Coverage Report,com.google.javascript.jscomp,DisambiguateProperties.Property,279,0,44,0,62,0,31,0,9,0
JaCoCo Coverage Report,com.google.javascript.jscomp,ControlFlowAnalysis.AstControlFlowGraph.new Comparator() {...},16,0,0,0,2,0,2,0,2,0
JaCoCo Coverage Report,com.google.javascript.jscomp,InstrumentationTemplate,21,0,0,0,8,0,4,0,4,0
JaCoCo Coverage Report,com.google.javascript.jscomp,ControlFlowAnalysis.AstControlFlowGraph.new Comparator() {...},16,0,0,0,2,0,2,0,2,0
JaCoCo Coverage Report,com.google.javascript.jscomp,FunctionInjector.new Predicate() {...},48,0,12,0,8,0,8,0,2,0
JaCoCo Coverage Report,com.google.javascript.jscomp,AbstractPeepholeOptimization,125,3,16,0,28,1,19,1,11,1
JaCoCo Coverage Report,com.google.javascript.jscomp,AnalyzePrototypeProperties.NameInfo,79,0,8,0,25,0,11,0,7,0
JaCoCo Coverage Report,com.google.javascript.jscomp,SourceMap.DetailLevel,0,24,0,0,0,3,0,1,0,1
JaCoCo Coverage Report,com.google.javascript.jscomp,NodeUtil.MatchNodeType,2,13,1,1,0,4,1,2,0,2
JaCoCo Coverage Report,com.google.javascript.jscomp,Normalize.DuplicateDeclarationHandler,180,0,32,0,41,0,19,0,3,0
JaCoCo Coverage Report,com.google.javascript.jscomp,TypedScopeCreator.GlobalScopeBuilder,110,0,14,0,27,0,11,0,4,0
JaCoCo Coverage Report,com.google.javascript.jscomp,ClosureCodeRemoval.FindAbstractMethods,42,0,8,0,10,0,6,0,2,0
JaCoCo Coverage Report,com.google.javascript.jscomp,ExportTestFunctions,87,0,6,0,23,0,8,0,5,0
JaCoCo Coverage Report,com.google.javascript.jscomp,CollapseAnonymousFunctions,20,0,0,0,6,0,2,0,2,0
JaCoCo Coverage Report,com.google.javascript.jscomp,InlineFunctions.FunctionExpression,19,0,0,0,8,0,5,0,5,0
JaCoCo Coverage Report,com.google.javascript.jscomp,NameReferenceGraphConstruction.NameUse,9,0,0,0,4,0,1,0,1,0
JaCoCo Coverage Report,com.google.javascript.jscomp,PureFunctionIdentifier.FunctionAnalyzer,531,0,126,0,160,0,79,0,14,0
JaCoCo Coverage Report,com.google.javascript.jscomp,LiveVariablesAnalysis.LiveVariableJoinOp,27,0,2,0,4,0,2,0,1,0
JaCoCo Coverage Report,com.google.javascript.jscomp,MemoizedScopeCreator,46,0,4,0,11,0,5,0,3,0
JaCoCo Coverage Report,com.google.javascript.jscomp,CrossModuleMethodMotion,251,0,28,0,65,0,18,0,4,0
JaCoCo Coverage Report,com.google.javascript.jscomp,DiagnosticGroups,32,317,0,0,7,53,3,5,3,5
JaCoCo Coverage Report,com.google.javascript.jscomp,DefinitionSite,18,0,0,0,7,0,1,0,1,0
JaCoCo Coverage Report,com.google.javascript.jscomp,FunctionInjector.CanInlineResult,34,0,0,0,4,0,1,0,1,0
JaCoCo Coverage Report,com.google.javascript.jscomp,MarkNoSideEffectCalls.SetNoSideEffectCallProperty,56,0,12,0,18,0,8,0,2,0
JaCoCo Coverage Report,com.google.javascript.jscomp,FunctionInformationMap.Entry.Builder,490,0,47,0,133,0,68,0,41,0
JaCoCo Coverage Report,com.google.javascript.jscomp,ScopedAliases.Traversal.new SourcePosition() {...},6,0,0,0,1,0,1,0,1,0
JaCoCo Coverage Report,com.google.javascript.jscomp,AmbiguateProperties.JSTypeBitSet,48,0,2,0,13,0,4,0,3,0
JaCoCo Coverage Report,com.google.javascript.jscomp,AliasKeywords.FindAliasableNodes,60,0,6,0,14,0,7,0,4,0
JaCoCo Coverage Report,com.google.javascript.jscomp,CssRenamingMap.ByWhole,5,0,0,0,2,0,2,0,2,0
JaCoCo Coverage Report,com.google.javascript.jscomp,FunctionInjector.Reference,12,0,0,0,5,0,1,0,1,0
JaCoCo Coverage Report,com.google.javascript.jscomp,RenameProperties,498,0,52,0,106,0,35,0,9,0
JaCoCo Coverage Report,com.google.javascript.jscomp,ProcessClosurePrimitives.ProvidedName,486,0,64,0,123,0,46,0,14,0
JaCoCo Coverage Report,com.google.javascript.jscomp,CodePrinter.Builder,15,95,4,4,5,30,5,9,1,9
JaCoCo Coverage Report,com.google.javascript.jscomp,FunctionRewriter.Reducer,27,0,2,0,7,0,3,0,2,0
JaCoCo Coverage Report,com.google.javascript.jscomp,DefinitionsRemover.IncompleteDefinition,40,0,0,0,11,0,4,0,4,0
JaCoCo Coverage Report,com.google.javascript.jscomp,CollapseProperties.new NodeTraversal.AbstractShallowCallback() {...},33,0,2,0,6,0,3,0,2,0
JaCoCo Coverage Report,com.google.javascript.jscomp,SideEffectsAnalysis.IntraproceduralMotionEnvironment,5,0,0,0,3,0,2,0,2,0
JaCoCo Coverage Report,com.google.javascript.jscomp,CoalesceVariableNames.new Comparator() {...},6,3,0,0,1,1,1,1,1,1
JaCoCo Coverage Report,com.google.javascript.jscomp,ExpressionDecomposer,1031,0,153,0,283,0,103,0,24,0
JaCoCo Coverage Report,com.google.javascript.jscomp,SideEffectsAnalysis.AbstractMotionEnvironment,3,0,0,0,1,0,1,0,1,0
JaCoCo Coverage Report,com.google.javascript.jscomp,CheckProvides.CheckProvidesCallback,142,0,26,0,36,0,18,0,4,0
JaCoCo Coverage Report,com.google.javascript.jscomp,TightenTypes,1034,0,153,0,255,0,103,0,20,0
JaCoCo Coverage Report,com.google.javascript.jscomp,ControlFlowGraph.Branch,64,0,4,0,7,0,4,0,2,0
JaCoCo Coverage Report,com.google.javascript.jscomp,NameAnalyzer.RemoveListener,11,0,0,0,3,0,2,0,2,0
JaCoCo Coverage Report,com.google.javascript.jscomp,ProcessTweaks.TweakInfo,208,0,20,0,43,0,19,0,9,0
JaCoCo Coverage Report,com.google.javascript.jscomp,NameAnalyzer.ProcessExternals,50,0,6,0,11,0,5,0,2,0
JaCoCo Coverage Report,com.google.javascript.jscomp,PhaseOptimizer,285,0,28,0,76,0,30,0,16,0
JaCoCo Coverage Report,com.google.javascript.jscomp,InlineObjectLiterals.InliningBehavior,706,0,110,0,158,0,65,0,10,0
JaCoCo Coverage Report,com.google.javascript.jscomp,CheckLevel,0,41,0,2,0,5,0,3,0,2
JaCoCo Coverage Report,com.google.javascript.jscomp,ScopedAliases.AliasedNode,22,0,0,0,7,0,2,0,2,0
JaCoCo Coverage Report,com.google.javascript.jscomp,AnalyzePrototypeProperties.ProcessExternProperties,30,0,2,0,5,0,3,0,2,0
JaCoCo Coverage Report,com.google.javascript.jscomp,ProcessClosurePrimitives,1462,61,251,0,350,16,149,1,21,1
JaCoCo Coverage Report,com.google.javascript.jscomp,TightenTypes.FunctionCall,107,0,12,0,26,0,8,0,2,0
JaCoCo Coverage Report,com.google.javascript.jscomp,ObjectPropertyStringPreprocess.Callback,167,0,12,0,41,0,8,0,2,0
JaCoCo Coverage Report,com.google.javascript.jscomp,MustBeReachingVariableDef,507,0,81,0,114,0,55,0,12,0
JaCoCo Coverage Report,com.google.javascript.jscomp,SuppressDocWarningsGuard,63,34,16,2,20,10,9,3,1,2
JaCoCo Coverage Report,com.google.javascript.jscomp,NodeUtil.MatchNotFunction,1,9,1,1,0,2,1,2,0,2
JaCoCo Coverage Report,com.google.javascript.jscomp,OptimizeParameters.Parameter,33,0,0,0,14,0,8,0,8,0
JaCoCo Coverage Report,com.google.javascript.jscomp,AliasKeywords.KeywordAliasSpecification,58,0,0,0,17,0,4,0,4,0
JaCoCo Coverage Report,com.google.javascript.jscomp,DefaultPassConfig.93.new CompilerPass() {...},53,0,0,0,11,0,2,0,2,0
JaCoCo Coverage Report,com.google.javascript.jscomp,InlineFunctions.FindCandidatesReferences,200,0,40,0,51,0,26,0,6,0
JaCoCo Coverage Report,com.google.javascript.jscomp,ErrorPass,23,0,0,0,8,0,3,0,3,0
JaCoCo Coverage Report,com.google.javascript.jscomp,NameAnalyzer.JsName,69,0,6,0,18,0,6,0,3,0
JaCoCo Coverage Report,com.google.javascript.jscomp,InlineFunctions.FindCandidateFunctions,161,0,39,0,35,0,25,0,5,0
JaCoCo Coverage Report,com.google.javascript.jscomp,TypedScopeCreator,478,32,58,0,127,16,42,1,13,1
JaCoCo Coverage Report,com.google.javascript.jscomp,CrossModuleCodeMotion.NamedInfo,65,0,8,0,18,0,8,0,4,0
JaCoCo Coverage Report,com.google.javascript.jscomp,CallGraph.Function,109,0,16,0,32,0,19,0,11,0
JaCoCo Coverage Report,com.google.javascript.jscomp,DefaultPassConfig.8.new HotSwapCompilerPass() {...},28,0,0,0,6,0,3,0,3,0
JaCoCo Coverage Report,com.google.javascript.jscomp,DefaultPassConfig.29.new CompilerPass() {...},29,0,0,0,5,0,2,0,2,0
JaCoCo Coverage Report,com.google.javascript.jscomp,ReferenceCollectingCallback.ReferenceMapWrapper,12,0,0,0,4,0,2,0,2,0
JaCoCo Coverage Report,com.google.javascript.jscomp,VarCheck.NameRefInExternsCheck,76,0,11,0,17,0,8,0,2,0
JaCoCo Coverage Report,com.google.javascript.jscomp,VariableReferenceCheck,43,13,0,0,11,4,3,1,3,1
JaCoCo Coverage Report,com.google.javascript.jscomp,InstrumentFunctions,208,0,12,0,52,0,8,0,2,0
JaCoCo Coverage Report,com.google.javascript.jscomp,FunctionArgumentInjector.ReferencedAfterSideEffect,171,0,44,0,45,0,29,0,7,0
JaCoCo Coverage Report,com.google.javascript.jscomp,ParallelCompilerPass,162,0,14,0,48,0,13,0,6,0
JaCoCo Coverage Report,com.google.javascript.jscomp,OptimizeCalls,48,0,4,0,13,0,5,0,3,0
JaCoCo Coverage Report,com.google.javascript.jscomp,ConcreteType.ConcreteUniqueType,41,0,6,0,7,0,7,0,4,0
JaCoCo Coverage Report,com.google.javascript.jscomp,CoalesceVariableNames.LiveRangeChecker,125,0,42,0,27,0,27,0,6,0
JaCoCo Coverage Report,com.google.javascript.jscomp,NameAnalyzer.JsNameRefNode,63,0,6,0,18,0,7,0,3,0
JaCoCo Coverage Report,com.google.javascript.jscomp,MinimizeExitPoints,373,0,69,0,108,0,43,0,7,0
JaCoCo Coverage Report,com.google.javascript.jscomp,NodeUtil,1977,1564,632,262,508,391,459,214,24,130
JaCoCo Coverage Report,com.google.javascript.jscomp,AliasKeywords,247,0,22,0,53,0,22,0,11,0
JaCoCo Coverage Report,com.google.javascript.jscomp,VariableShadowDeclarationCheck.ShadowDeclarationCheckingCallback,92,0,12,0,24,0,11,0,5,0
JaCoCo Coverage Report,com.google.javascript.jscomp,RenameLabels.DefaultNameSupplier,17,0,0,0,3,0,2,0,2,0
JaCoCo Coverage Report,com.google.javascript.jscomp,NameReferenceGraph.Name,210,0,22,0,54,0,33,0,22,0
JaCoCo Coverage Report,com.google.javascript.jscomp,FunctionInformationMap.Entry,393,0,48,0,111,0,63,0,39,0
JaCoCo Coverage Report,com.google.javascript.jscomp,RemoveUnusedVars.Assign,142,0,22,0,40,0,14,0,3,0
JaCoCo Coverage Report,com.google.javascript.jscomp,StatementFusion,182,0,35,0,54,0,26,0,7,0
JaCoCo Coverage Report,com.google.javascript.jscomp,PeepholeSubstituteAlternateSyntax.FoldArrayAction,0,34,0,0,0,2,0,1,0,1
JaCoCo Coverage Report,com.google.javascript.jscomp,GlobalNamespace.BuildGlobalNamespace,778,0,162,0,217,0,109,0,16,0
JaCoCo Coverage Report,com.google.javascript.jscomp,CodePrinter.Format,0,34,0,0,0,4,0,1,0,1
JaCoCo Coverage Report,com.google.javascript.jscomp,CheckPropertyOrder.PropertyOrders,122,0,10,0,28,0,11,0,6,0
JaCoCo Coverage Report,com.google.javascript.jscomp,MethodCompilerPass,115,0,6,0,29,0,7,0,4,0
JaCoCo Coverage Report,com.google.javascript.jscomp,ConcreteType.ConcreteAll,8,0,0,0,4,0,4,0,4,0
JaCoCo Coverage Report,com.google.javascript.jscomp,ProcessTweaks.CollectTweaksResult,9,0,0,0,4,0,1,0,1,0
JaCoCo Coverage Report,com.google.javascript.jscomp,ReplaceStrings.Result,33,0,0,0,9,0,2,0,2,0
JaCoCo Coverage Report,com.google.javascript.jscomp,SpecializeModule,370,0,38,0,96,0,28,0,9,0
JaCoCo Coverage Report,com.google.javascript.jscomp,CodeChangeHandler.ForbiddenChange,8,0,0,0,2,0,2,0,2,0
JaCoCo Coverage Report,com.google.javascript.jscomp,LineNumberCheck,23,48,1,7,6,16,2,8,1,5
JaCoCo Coverage Report,com.google.javascript.jscomp,CodePrinter.CompactCodePrinter,84,69,12,4,18,20,9,5,1,5
JaCoCo Coverage Report,com.google.javascript.jscomp,DefaultPassConfig.80.new CompilerPass() {...},14,0,0,0,3,0,2,0,2,0
JaCoCo Coverage Report,com.google.javascript.jscomp,FunctionTypeBuilder.ExtendedTypeValidator,79,0,8,0,14,0,6,0,2,0
JaCoCo Coverage Report,com.google.javascript.jscomp,FunctionInfo,1,20,0,0,1,7,1,3,1,3
JaCoCo Coverage Report,com.google.javascript.jscomp,TypeValidator,1091,63,198,0,240,15,132,1,33,1
JaCoCo Coverage Report,com.google.javascript.jscomp,DefaultPassConfig.27.new CompilerPass() {...},39,0,0,0,5,0,2,0,2,0
JaCoCo Coverage Report,com.google.javascript.jscomp,InstrumentFunctions.InstrumentReturns,134,0,12,0,36,0,12,0,6,0
JaCoCo Coverage Report,com.google.javascript.jscomp,CallGraph.Callsite,65,0,6,0,20,0,10,0,7,0
JaCoCo Coverage Report,com.google.javascript.jscomp,TightenTypes.ConcreteJSTypePair,67,0,14,0,16,0,12,0,5,0
JaCoCo Coverage Report,com.google.javascript.jscomp,ConcreteType.ConcreteInstanceType,125,0,22,0,32,0,21,0,10,0
JaCoCo Coverage Report,com.google.javascript.jscomp,CheckSideEffects,154,5,54,0,42,1,29,1,2,1
JaCoCo Coverage Report,com.google.javascript.jscomp,CheckPathsBetweenNodes,276,0,50,0,77,0,36,0,11,0
JaCoCo Coverage Report,com.google.javascript.jscomp,ScopedAliases,116,29,18,0,30,8,12,1,3,1
JaCoCo Coverage Report,com.google.javascript.jscomp,CodingConvention.SubclassType,0,24,0,0,0,3,0,1,0,1
JaCoCo Coverage Report,com.google.javascript.jscomp,ConvertToDottedProperties,61,0,11,0,18,0,9,0,3,0
JaCoCo Coverage Report,com.google.javascript.jscomp,GlobalNamespace.Name,571,0,119,0,123,0,87,0,22,0
JaCoCo Coverage Report,com.google.javascript.jscomp,Tracer.ThreadTrace,516,33,76,0,118,9,46,2,8,2
JaCoCo Coverage Report,com.google.javascript.jscomp,RenamePrototypes.ProcessProperties,190,0,28,0,44,0,22,0,7,0
JaCoCo Coverage Report,com.google.javascript.jscomp,GlobalVarReferenceMap.SourceRefRange,35,0,0,0,7,0,3,0,3,0
JaCoCo Coverage Report,com.google.javascript.jscomp,SideEffectsAnalysis,309,0,59,0,86,0,45,0,12,0
JaCoCo Coverage Report,com.google.javascript.jscomp,AnalyzePrototypeProperties.GlobalFunction,69,0,12,0,18,0,10,0,4,0
JaCoCo Coverage Report,com.google.javascript.jscomp,CheckAccidentalSemicolon,52,0,11,0,16,0,9,0,3,0
JaCoCo Coverage Report,com.google.javascript.jscomp,CodeGenerator.Context,0,64,0,0,0,7,0,1,0,1
JaCoCo Coverage Report,com.google.javascript.jscomp,NameAnalyzer.AliasSet,16,0,0,0,5,0,1,0,1,0
JaCoCo Coverage Report,com.google.javascript.jscomp,ProcessDefines,290,34,44,0,65,12,29,1,7,1
JaCoCo Coverage Report,com.google.javascript.jscomp,DefaultPassConfig.new PassFactory() {...},9,0,0,0,2,0,2,0,2,0
JaCoCo Coverage Report,com.google.javascript.jscomp,DefaultPassConfig.new PassFactory() {...},20,0,0,0,2,0,2,0,2,0
JaCoCo Coverage Report,com.google.javascript.jscomp,DefaultPassConfig.new CompilerPass() {...},23,0,2,0,5,0,3,0,2,0
JaCoCo Coverage Report,com.google.javascript.jscomp,DefaultPassConfig.new PassFactory() {...},14,0,0,0,2,0,2,0,2,0
JaCoCo Coverage Report,com.google.javascript.jscomp,DefaultPassConfig.new PassFactory() {...},14,0,0,0,2,0,2,0,2,0
JaCoCo Coverage Report,com.google.javascript.jscomp,Scope.new Predicate() {...},18,3,8,0,4,1,5,1,1,1
JaCoCo Coverage Report,com.google.javascript.jscomp,JsMessage,280,0,52,0,52,0,41,0,15,0
JaCoCo Coverage Report,com.google.javascript.jscomp,Denormalize,46,77,10,20,15,26,8,12,1,4
JaCoCo Coverage Report,com.google.javascript.jscomp,CheckGlobalNames,311,13,56,0,62,5,37,1,9,1
JaCoCo Coverage Report,com.google.javascript.jscomp,Compiler.CodeBuilder,103,0,8,0,22,0,12,0,8,0
JaCoCo Coverage Report,com.google.javascript.jscomp,DefaultPassConfig.new PassFactory() {...},14,0,0,0,2,0,2,0,2,0
JaCoCo Coverage Report,com.google.javascript.jscomp,CreateSyntheticBlocks,168,0,10,0,42,0,12,0,7,0
JaCoCo Coverage Report,com.google.javascript.jscomp,DefaultPassConfig.new PassFactory() {...},13,0,0,0,2,0,2,0,2,0
JaCoCo Coverage Report,com.google.javascript.jscomp,DefaultPassConfig.new PassFactory() {...},11,0,0,0,2,0,2,0,2,0
JaCoCo Coverage Report,com.google.javascript.jscomp,DefaultPassConfig.new PassFactory() {...},46,0,2,0,10,0,3,0,2,0
JaCoCo Coverage Report,com.google.javascript.jscomp,DefaultPassConfig.new PassFactory() {...},46,0,2,0,10,0,3,0,2,0
JaCoCo Coverage Report,com.google.javascript.jscomp,DefaultPassConfig.new PassFactory() {...},13,0,0,0,2,0,2,0,2,0
JaCoCo Coverage Report,com.google.javascript.jscomp,DefaultPassConfig.new PassFactory() {...},13,0,0,0,2,0,2,0,2,0
JaCoCo Coverage Report,com.google.javascript.jscomp,DefaultPassConfig.new PassFactory() {...},12,0,0,0,2,0,2,0,2,0
JaCoCo Coverage Report,com.google.javascript.jscomp,DefaultPassConfig.new PassFactory() {...},14,0,0,0,2,0,2,0,2,0
JaCoCo Coverage Report,com.google.javascript.jscomp,DefaultPassConfig.new PassFactory() {...},14,0,0,0,2,0,2,0,2,0
JaCoCo Coverage Report,com.google.javascript.jscomp,SpecializeModule.OriginalFunctionInformation,123,0,14,0,28,0,12,0,5,0
JaCoCo Coverage Report,com.google.javascript.jscomp,CheckPathsBetweenNodes.new Annotation() {...},3,0,0,0,1,0,1,0,1,0
JaCoCo Coverage Report,com.google.javascript.jscomp,CheckPathsBetweenNodes.new Annotation() {...},3,0,0,0,1,0,1,0,1,0
JaCoCo Coverage Report,com.google.javascript.jscomp,TightenTypes.FunctionCallBuilder,83,0,8,0,18,0,9,0,5,0
JaCoCo Coverage Report,com.google.javascript.jscomp,CheckPathsBetweenNodes.new Annotation() {...},3,0,0,0,1,0,1,0,1,0
JaCoCo Coverage Report,com.google.javascript.jscomp,CheckPathsBetweenNodes.new Annotation() {...},3,0,0,0,1,0,1,0,1,0
JaCoCo Coverage Report,com.google.javascript.jscomp,TypedScopeCreator.LocalScopeBuilder,130,0,22,0,36,0,16,0,5,0
JaCoCo Coverage Report,com.google.javascript.jscomp,CommandLineRunner.Flags.WarningGuardErrorOptionHandler,11,0,0,0,2,0,1,0,1,0
JaCoCo Coverage Report,com.google.javascript.jscomp,ClosureReverseAbstractInterpreter.new Function() {...},17,0,2,0,4,0,3,0,2,0
JaCoCo Coverage Report,com.google.javascript.jscomp,ClosureReverseAbstractInterpreter.new Function() {...},20,0,2,0,4,0,3,0,2,0
JaCoCo Coverage Report,com.google.javascript.jscomp,ClosureReverseAbstractInterpreter.new Function() {...},20,0,2,0,5,0,3,0,2,0
JaCoCo Coverage Report,com.google.javascript.jscomp,SourceMap.Format.new SourceMap.Format() {...},7,6,0,0,2,1,1,1,1,1
JaCoCo Coverage Report,com.google.javascript.jscomp,SourceMap.Format.new SourceMap.Format() {...},7,6,0,0,2,1,1,1,1,1
JaCoCo Coverage Report,com.google.javascript.jscomp,SourceMap.Format.new SourceMap.Format() {...},7,6,0,0,2,1,1,1,1,1
JaCoCo Coverage Report,com.google.javascript.jscomp,DefaultPassConfig.new PassFactory() {...},13,0,0,0,2,0,2,0,2,0
JaCoCo Coverage Report,com.google.javascript.jscomp,SourceMap.Format.new SourceMap.Format() {...},7,6,0,0,2,1,1,1,1,1
JaCoCo Coverage Report,com.google.javascript.jscomp,DefaultPassConfig.new PassFactory() {...},13,0,0,0,2,0,2,0,2,0
JaCoCo Coverage Report,com.google.javascript.jscomp,DefaultPassConfig.new PassFactory() {...},13,0,0,0,2,0,2,0,2,0
JaCoCo Coverage Report,com.google.javascript.jscomp,DefaultPassConfig.new PassFactory() {...},14,0,0,0,2,0,2,0,2,0
JaCoCo Coverage Report,com.google.javascript.jscomp,DefaultPassConfig.new PassFactory() {...},13,0,0,0,2,0,2,0,2,0
JaCoCo Coverage Report,com.google.javascript.jscomp,DefaultPassConfig.new PassFactory() {...},23,0,0,0,2,0,2,0,2,0
JaCoCo Coverage Report,com.google.javascript.jscomp,ChainableReverseAbstractInterpreter,266,0,44,0,70,0,35,0,12,0
JaCoCo Coverage Report,com.google.javascript.jscomp,DefaultPassConfig.new PassFactory() {...},34,0,2,0,4,0,3,0,2,0
JaCoCo Coverage Report,com.google.javascript.jscomp,DefaultPassConfig.new PassFactory() {...},13,0,0,0,2,0,2,0,2,0
JaCoCo Coverage Report,com.google.javascript.jscomp,DefaultPassConfig.new PassFactory() {...},13,0,0,0,2,0,2,0,2,0
JaCoCo Coverage Report,com.google.javascript.jscomp,DefaultPassConfig.new PassFactory() {...},18,0,0,0,3,0,2,0,2,0
JaCoCo Coverage Report,com.google.javascript.jscomp,ExportTestFunctions.ExportTestFunctionsNodes,75,0,18,0,16,0,12,0,3,0
JaCoCo Coverage Report,com.google.javascript.jscomp,ConcreteType.TypeFilter,9,0,0,0,3,0,1,0,1,0
JaCoCo Coverage Report,com.google.javascript.jscomp,TightenTypes.ConcreteSlot,53,0,2,0,13,0,8,0,7,0
JaCoCo Coverage Report,com.google.javascript.jscomp,PrepareAst.PrepareAnnotations,118,80,38,11,27,26,25,8,2,6
JaCoCo Coverage Report,com.google.javascript.jscomp,JSError,299,0,41,0,54,0,34,0,13,0
JaCoCo Coverage Report,com.google.javascript.jscomp,ClosureReverseAbstractInterpreter.new Function() {...},15,0,0,0,2,0,2,0,2,0
JaCoCo Coverage Report,com.google.javascript.jscomp,DefaultPassConfig.new PassFactory() {...},15,0,0,0,2,0,2,0,2,0
JaCoCo Coverage Report,com.google.javascript.jscomp,CheckLevelLegacy,44,0,0,0,5,0,1,0,1,0
JaCoCo Coverage Report,com.google.javascript.jscomp,DefaultPassConfig.new PassFactory() {...},20,0,0,0,3,0,2,0,2,0
JaCoCo Coverage Report,com.google.javascript.jscomp,DefaultPassConfig.new PassFactory() {...},33,0,0,0,3,0,2,0,2,0
JaCoCo Coverage Report,com.google.javascript.jscomp,DefaultPassConfig.new PassFactory() {...},13,0,0,0,2,0,2,0,2,0
JaCoCo Coverage Report,com.google.javascript.jscomp,DefaultPassConfig.new PassFactory() {...},17,0,0,0,2,0,2,0,2,0
JaCoCo Coverage Report,com.google.javascript.jscomp,DefaultPassConfig.new PassFactory() {...},21,0,0,0,2,0,2,0,2,0
JaCoCo Coverage Report,com.google.javascript.jscomp,DefaultPassConfig.new PassFactory() {...},13,0,0,0,2,0,2,0,2,0
JaCoCo Coverage Report,com.google.javascript.jscomp,DefaultPassConfig.new PassFactory() {...},13,0,0,0,2,0,2,0,2,0
JaCoCo Coverage Report,com.google.javascript.jscomp,DefaultPassConfig.new PassFactory() {...},13,0,0,0,2,0,2,0,2,0
JaCoCo Coverage Report,com.google.javascript.jscomp,DefaultPassConfig.new PassFactory() {...},13,0,0,0,2,0,2,0,2,0
JaCoCo Coverage Report,com.google.javascript.jscomp,VariableVisibilityAnalysis.VariableVisibility,44,0,0,0,5,0,1,0,1,0
JaCoCo Coverage Report,com.google.javascript.jscomp,FunctionInformationMap.Module.Builder,246,0,28,0,69,0,36,0,21,0
JaCoCo Coverage Report,com.google.javascript.jscomp,InlineVariables.InliningBehavior,1064,0,234,0,258,0,140,0,23,0
JaCoCo Coverage Report,com.google.javascript.jscomp,ChainableReverseAbstractInterpreter.RestrictByOneTypeOfResultVisitor,156,0,32,0,23,0,27,0,11,0
JaCoCo Coverage Report,com.google.javascript.jscomp,VariableMap,218,0,16,0,51,0,19,0,11,0
JaCoCo Coverage Report,com.google.javascript.jscomp,LoggerErrorManager,98,9,9,0,16,4,8,1,3,1
JaCoCo Coverage Report,com.google.javascript.jscomp,FlowSensitiveInlineVariables.GatherCandiates.new ControlFlowGraph.AbstractCfgNodeTraversalCallback() {...},89,0,22,0,15,0,13,0,2,0
JaCoCo Coverage Report,com.google.javascript.jscomp,ClosureCodeRemoval.FindAssertionCalls,49,0,6,0,11,0,5,0,2,0
JaCoCo Coverage Report,com.google.javascript.jscomp,ErrorFormat,0,44,0,0,0,5,0,1,0,1
JaCoCo Coverage Report,com.google.javascript.jscomp,FunctionInjector.InliningMode,24,0,0,0,3,0,1,0,1,0
JaCoCo Coverage Report,com.google.javascript.jscomp,DefaultPassConfig.new PassFactory() {...},15,0,0,0,2,0,2,0,2,0
JaCoCo Coverage Report,com.google.javascript.jscomp,DefaultPassConfig.new PassFactory() {...},13,0,0,0,2,0,2,0,2,0
JaCoCo Coverage Report,com.google.javascript.jscomp,AbstractCommandLineRunner.FlagUsageException,4,0,0,0,2,0,1,0,1,0
JaCoCo Coverage Report,com.google.javascript.jscomp,DefaultPassConfig.new PassFactory() {...},14,0,0,0,2,0,2,0,2,0
JaCoCo Coverage Report,com.google.javascript.jscomp,DefaultPassConfig.new PassFactory() {...},25,0,2,0,2,0,3,0,2,0
JaCoCo Coverage Report,com.google.javascript.jscomp,DefaultPassConfig.new PassFactory() {...},14,0,0,0,2,0,2,0,2,0
JaCoCo Coverage Report,com.google.javascript.jscomp,DefaultPassConfig.new PassFactory() {...},14,0,0,0,2,0,2,0,2,0
JaCoCo Coverage Report,com.google.javascript.jscomp,DefaultPassConfig.new PassFactory() {...},13,0,0,0,2,0,2,0,2,0
JaCoCo Coverage Report,com.google.javascript.jscomp,DefaultPassConfig.new PassFactory() {...},13,0,0,0,2,0,2,0,2,0
JaCoCo Coverage Report,com.google.javascript.jscomp,DefaultPassConfig.new PassFactory() {...},46,0,6,0,6,0,5,0,2,0
JaCoCo Coverage Report,com.google.javascript.jscomp,DefaultPassConfig.new PassFactory() {...},44,0,8,0,4,0,6,0,2,0
JaCoCo Coverage Report,com.google.javascript.jscomp,CommandLineRunner.Flags.BooleanOptionHandler,98,0,6,0,21,0,7,0,4,0
JaCoCo Coverage Report,com.google.javascript.jscomp,NodeTraversal.AbstractPostOrderCallback,2,3,0,0,1,1,1,1,1,1
JaCoCo Coverage Report,com.google.javascript.jscomp,SideEffectsAnalysis.DegenerateLocationAbstraction,41,0,4,0,11,0,8,0,6,0
JaCoCo Coverage Report,com.google.javascript.jscomp,AliasKeywords.AliasSpecification,75,0,6,0,23,0,9,0,6,0
JaCoCo Coverage Report,com.google.javascript.jscomp,ChainCalls.CallSite,18,0,0,0,7,0,1,0,1,0
JaCoCo Coverage Report,com.google.javascript.jscomp,DefinitionsRemover.FunctionDefinition,17,0,0,0,6,0,3,0,3,0
JaCoCo Coverage Report,com.google.javascript.jscomp,Tracer,390,83,50,7,107,26,52,6,23,5
JaCoCo Coverage Report,com.google.javascript.jscomp,DefaultPassConfig.73.new CompilerPass() {...},27,0,0,0,5,0,2,0,2,0
JaCoCo Coverage Report,com.google.javascript.jscomp,DefaultPassConfig.new PassFactory() {...},24,0,2,0,3,0,3,0,2,0
JaCoCo Coverage Report,com.google.javascript.jscomp,DefaultPassConfig.new PassFactory() {...},15,0,0,0,3,0,2,0,2,0
JaCoCo Coverage Report,com.google.javascript.jscomp,DefaultPassConfig.new PassFactory() {...},31,0,2,0,5,0,3,0,2,0
JaCoCo Coverage Report,com.google.javascript.jscomp,DefaultPassConfig.new PassFactory() {...},21,0,2,0,5,0,3,0,2,0
JaCoCo Coverage Report,com.google.javascript.jscomp,AbstractCommandLineRunner.CommandLineConfig,319,0,0,0,113,0,36,0,36,0
JaCoCo Coverage Report,com.google.javascript.jscomp,DefaultPassConfig.new PassFactory() {...},13,0,0,0,2,0,2,0,2,0
JaCoCo Coverage Report,com.google.javascript.jscomp,DefaultPassConfig.new PassFactory() {...},13,0,0,0,2,0,2,0,2,0
JaCoCo Coverage Report,com.google.javascript.jscomp,DefaultPassConfig.new PassFactory() {...},82,0,14,0,11,0,9,0,2,0
JaCoCo Coverage Report,com.google.javascript.jscomp,DataFlowAnalysis.FlowState,64,0,0,0,16,0,7,0,7,0
JaCoCo Coverage Report,com.google.javascript.jscomp,DefaultPassConfig.new PassFactory() {...},18,0,0,0,2,0,2,0,2,0
JaCoCo Coverage Report,com.google.javascript.jscomp,DefaultPassConfig.new PassFactory() {...},13,0,0,0,2,0,2,0,2,0
JaCoCo Coverage Report,com.google.javascript.jscomp,DefaultPassConfig.new PassFactory() {...},46,0,6,0,9,0,5,0,2,0
JaCoCo Coverage Report,com.google.javascript.jscomp,RemoveUnusedNames,76,0,10,0,20,0,9,0,4,0
JaCoCo Coverage Report,com.google.javascript.jscomp,CodingConvention.ObjectLiteralCast,9,0,0,0,4,0,1,0,1,0
JaCoCo Coverage Report,com.google.javascript.jscomp,MarkNoSideEffectCalls.GatherNoSideEffectFunctions,96,0,26,0,28,0,15,0,2,0
JaCoCo Coverage Report,com.google.javascript.jscomp,SideEffectsAnalysis.VisibilityLocationAbstraction,191,0,31,0,55,0,25,0,8,0
JaCoCo Coverage Report,com.google.javascript.jscomp,ReferenceCollectingCallback.BasicBlock,85,0,24,0,22,0,16,0,4,0
JaCoCo Coverage Report,com.google.javascript.jscomp,FunctionToBlockMutator,588,0,84,0,151,0,56,0,14,0
JaCoCo Coverage Report,com.google.javascript.jscomp,DefaultPassConfig.84.new CompilerPass() {...},28,0,0,0,3,0,2,0,2,0
JaCoCo Coverage Report,com.google.javascript.jscomp,DefinitionsRemover.VarDefinition,66,0,4,0,15,0,6,0,4,0
JaCoCo Coverage Report,com.google.javascript.jscomp,DisambiguateProperties.AbstractScopingCallback,46,0,2,0,10,0,6,0,5,0
JaCoCo Coverage Report,com.google.javascript.jscomp,DefaultPassConfig.new PassFactory() {...},14,0,0,0,2,0,2,0,2,0
JaCoCo Coverage Report,com.google.javascript.jscomp,DefaultPassConfig.new PassFactory() {...},13,0,0,0,2,0,2,0,2,0
JaCoCo Coverage Report,com.google.javascript.jscomp,PeepholeRemoveDeadCode,1395,0,282,0,378,0,176,0,28,0
JaCoCo Coverage Report,com.google.javascript.jscomp,FlowSensitiveInlineVariables.Candidate,249,0,34,0,65,0,22,0,5,0
JaCoCo Coverage Report,com.google.javascript.jscomp,DefaultPassConfig.new PassFactory() {...},16,0,0,0,2,0,2,0,2,0
JaCoCo Coverage Report,com.google.javascript.jscomp,DefaultPassConfig.new PassFactory() {...},13,0,0,0,2,0,2,0,2,0
JaCoCo Coverage Report,com.google.javascript.jscomp,MustBeReachingVariableDef.MustDefJoin,97,0,12,0,21,0,7,0,1,0
JaCoCo Coverage Report,com.google.javascript.jscomp,PrintStreamErrorManager,95,12,12,0,15,5,10,1,4,1
JaCoCo Coverage Report,com.google.javascript.jscomp,DefaultPassConfig.new PassFactory() {...},17,0,0,0,2,0,2,0,2,0
JaCoCo Coverage Report,com.google.javascript.jscomp,MaybeReachingVariableUse.ReachingUsesJoinOp,23,0,2,0,5,0,2,0,1,0
JaCoCo Coverage Report,com.google.javascript.jscomp,DefaultPassConfig.new PassFactory() {...},14,0,0,0,2,0,2,0,2,0
JaCoCo Coverage Report,com.google.javascript.jscomp,DefaultPassConfig.new PassFactory() {...},14,0,0,0,2,0,2,0,2,0
JaCoCo Coverage Report,com.google.javascript.jscomp,DefaultPassConfig.new PassFactory() {...},13,0,0,0,2,0,2,0,2,0
JaCoCo Coverage Report,com.google.javascript.jscomp,DefaultPassConfig.new PassFactory() {...},21,0,0,0,2,0,2,0,2,0
JaCoCo Coverage Report,com.google.javascript.jscomp,JsMessage.PlaceholderReference,57,0,6,0,11,0,11,0,8,0
JaCoCo Coverage Report,com.google.javascript.jscomp,DefaultPassConfig.new PassFactory() {...},13,0,0,0,2,0,2,0,2,0
JaCoCo Coverage Report,com.google.javascript.jscomp,AstParallelizer,126,45,8,2,31,16,9,3,4,3
JaCoCo Coverage Report,com.google.javascript.jscomp,ProcessDefines.CollectDefines.RefInfo,9,0,0,0,4,0,1,0,1,0
JaCoCo Coverage Report,com.google.javascript.jscomp.deps,PathUtil,233,0,30,0,46,0,22,0,7,0
JaCoCo Coverage Report,com.google.javascript.jscomp.deps,JsFileLineParser.ParseException,10,0,0,0,4,0,2,0,2,0
JaCoCo Coverage Report,com.google.javascript.jscomp.deps,JsFunctionParser,167,0,16,0,36,0,14,0,6,0
JaCoCo Coverage Report,com.google.javascript.jscomp.deps,DepsGenerator.InclusionStrategy,34,0,0,0,4,0,1,0,1,0
JaCoCo Coverage Report,com.google.javascript.jscomp.deps,SortedDependencies.CircularDependencyException,4,0,0,0,2,0,1,0,1,0
JaCoCo Coverage Report,com.google.javascript.jscomp.deps,DepsGenerator.new Function() {...},9,0,0,0,2,0,2,0,2,0
JaCoCo Coverage Report,com.google.javascript.jscomp.deps,JsFileParser,150,0,18,0,29,0,15,0,6,0
JaCoCo Coverage Report,com.google.javascript.jscomp.deps,DepsFileParser,172,0,14,0,34,0,14,0,7,0
JaCoCo Coverage Report,com.google.javascript.jscomp.deps,SortedDependencies.new Comparator() {...},20,0,0,0,3,0,2,0,2,0
JaCoCo Coverage Report,com.google.javascript.jscomp.deps,DepsGenerator,676,0,60,0,156,0,51,0,21,0
JaCoCo Coverage Report,com.google.javascript.jscomp.deps,SortedDependencies,429,0,50,0,96,0,35,0,10,0
JaCoCo Coverage Report,com.google.javascript.jscomp.deps,JsFunctionParser.SymbolInfo,9,0,0,0,4,0,1,0,1,0
JaCoCo Coverage Report,com.google.javascript.jscomp.deps,SimpleDependencyInfo,90,0,10,0,18,0,12,0,7,0
JaCoCo Coverage Report,com.google.javascript.jscomp.deps,JsFileLineParser,360,0,50,0,81,0,32,0,7,0
JaCoCo Coverage Report,com.google.javascript.jscomp.deps,SortedDependencies.MissingProvideException,4,0,0,0,2,0,1,0,1,0
JaCoCo Coverage Report,com.google.debugging.sourcemap.proto,Mapping.OriginalMapping.Builder,338,0,34,0,93,0,48,0,29,0
JaCoCo Coverage Report,com.google.debugging.sourcemap.proto,Mapping.LineMapping.Builder,345,0,35,0,94,0,46,0,27,0
JaCoCo Coverage Report,com.google.debugging.sourcemap.proto,Mapping.OriginalMapping,268,0,22,0,80,0,44,0,33,0
JaCoCo Coverage Report,com.google.debugging.sourcemap.proto,Mapping.new Descriptors.FileDescriptor.InternalDescriptorAssigner() {...},70,0,0,0,11,0,2,0,2,0
JaCoCo Coverage Report,com.google.debugging.sourcemap.proto,Mapping,21,0,0,0,8,0,4,0,4,0
JaCoCo Coverage Report,com.google.debugging.sourcemap.proto,Mapping.LineMapping,235,0,18,0,72,0,40,0,31,0
JaCoCo Coverage Report,com.google.javascript.jscomp.parsing,Annotation,0,580,0,0,0,93,0,1,0,1
JaCoCo Coverage Report,com.google.javascript.jscomp.parsing,JsDocTokenStream,758,0,132,0,200,0,98,0,24,0
JaCoCo Coverage Report,com.google.javascript.jscomp.parsing,JsDocInfoParser.ExtractionInfo,9,0,0,0,4,0,1,0,1,0
JaCoCo Coverage Report,com.google.javascript.jscomp.parsing,JsDocInfoParser.ExtendedTypeInfo,12,0,0,0,5,0,1,0,1,0
JaCoCo Coverage Report,com.google.javascript.jscomp.parsing,JsDocInfoParser.State,34,0,0,0,4,0,1,0,1,0
JaCoCo Coverage Report,com.google.javascript.jscomp.parsing,NullErrorReporter,12,0,0,0,4,0,4,0,4,0
JaCoCo Coverage Report,com.google.javascript.jscomp.parsing,JsDocInfoParser.WhitespaceOption,34,0,0,0,4,0,1,0,1,0
JaCoCo Coverage Report,com.google.javascript.jscomp.parsing,Config.LanguageMode,0,34,0,0,0,4,0,1,0,1
JaCoCo Coverage Report,com.google.javascript.jscomp.parsing,NullErrorReporter.NewRhinoNullReporter,9,0,0,0,2,0,2,0,2,0
JaCoCo Coverage Report,com.google.javascript.jscomp.parsing,JsDocInfoParser,3536,0,587,0,977,0,383,0,58,0
JaCoCo Coverage Report,com.google.javascript.jscomp.parsing,IRFactory.TransformDispatcher,961,534,105,39,226,121,92,36,30,26
JaCoCo Coverage Report,com.google.javascript.jscomp.parsing,NullErrorReporter.OldRhinoNullReporter,9,0,0,0,2,0,2,0,2,0
JaCoCo Coverage Report,com.google.javascript.jscomp.parsing,Config,0,51,1,3,0,15,1,3,0,2
JaCoCo Coverage Report,com.google.javascript.jscomp.parsing,IRFactory,406,358,122,20,147,79,117,26,7,19
JaCoCo Coverage Report,com.google.javascript.jscomp.parsing,ParserRunner,24,139,3,11,4,36,4,9,1,5
JaCoCo Coverage Report,com.google.javascript.jscomp.parsing,TypeSafeDispatcher,203,112,30,24,38,26,29,18,0,2
JaCoCo Coverage Report,com.google.javascript.jscomp.parsing,JsDocToken,214,0,0,0,22,0,1,0,1,0
JaCoCo Coverage Report,com.google.javascript.jscomp.parsing,JsDocInfoParser.ErrorReporterParser,74,0,0,0,15,0,5,0,5,0
JaCoCo Coverage Report,com.google.javascript.rhino,Kit,532,22,88,0,156,8,58,2,14,2
JaCoCo Coverage Report,com.google.javascript.rhino,JSDocInfo.LazilyInitializedDocumentation,33,0,0,0,11,0,1,0,1,0
JaCoCo Coverage Report,com.google.javascript.rhino,SourcePosition,50,0,0,0,18,0,8,0,8,0
JaCoCo Coverage Report,com.google.javascript.rhino,TokenStream,2980,184,686,13,799,74,439,5,39,3
JaCoCo Coverage Report,com.google.javascript.rhino,JSDocInfo,1344,0,222,0,339,0,233,0,122,0
JaCoCo Coverage Report,com.google.javascript.rhino,Context,839,11,154,0,226,3,137,2,55,2
JaCoCo Coverage Report,com.google.javascript.rhino,RhinoException.new FilenameFilter() {...},10,0,0,0,2,0,2,0,2,0
JaCoCo Coverage Report,com.google.javascript.rhino,ObjToIntMap,762,0,112,0,182,0,79,0,23,0
JaCoCo Coverage Report,com.google.javascript.rhino,EcmaError,46,0,0,0,12,0,8,0,8,0
JaCoCo Coverage Report,com.google.javascript.rhino,ObjArray,794,0,146,0,177,0,114,0,28,0
JaCoCo Coverage Report,com.google.javascript.rhino,Parser,4570,0,418,0,1188,0,301,0,64,0
JaCoCo Coverage Report,com.google.javascript.rhino,Node.ObjectPropListItem,22,11,2,0,3,4,4,2,3,2
JaCoCo Coverage Report,com.google.javascript.rhino,RhinoException,202,0,38,0,59,0,37,0,18,0
JaCoCo Coverage Report,com.google.javascript.rhino,ObjToIntMap.Iterator,107,0,12,0,28,0,14,0,8,0
JaCoCo Coverage Report,com.google.javascript.rhino,Node.StringNode,27,46,5,5,8,12,7,5,3,4
JaCoCo Coverage Report,com.google.javascript.rhino,Token,319,16,158,5,159,6,159,5,1,1
JaCoCo Coverage Report,com.google.javascript.rhino,FunctionNode,28,0,0,0,10,0,6,0,6,0
JaCoCo Coverage Report,com.google.javascript.rhino,ScriptRuntime,943,48,195,1,225,14,136,3,31,3
JaCoCo Coverage Report,com.google.javascript.rhino,JSDocInfo.Marker,15,0,0,0,5,0,1,0,1,0
JaCoCo Coverage Report,com.google.javascript.rhino,UniqueTag,64,0,8,0,20,0,10,0,4,0
JaCoCo Coverage Report,com.google.javascript.rhino,JSDocInfo.Visibility,0,44,0,0,0,5,0,1,0,1
JaCoCo Coverage Report,com.google.javascript.rhino,Node.AbstractPropListItem,0,15,0,0,0,6,0,3,0,3
JaCoCo Coverage Report,com.google.javascript.rhino,JSDocInfoBuilder,937,0,178,0,279,0,151,0,62,0
JaCoCo Coverage Report,com.google.javascript.rhino,JavaScriptException,15,0,0,0,5,0,2,0,2,0
JaCoCo Coverage Report,com.google.javascript.rhino,Decompiler,1303,0,216,0,373,0,173,0,20,0
JaCoCo Coverage Report,com.google.javascript.rhino,UintMap,879,0,152,0,205,0,96,0,20,0
JaCoCo Coverage Report,com.google.javascript.rhino,Node.SideEffectFlags,75,0,2,0,28,0,14,0,13,0
JaCoCo Coverage Report,com.google.javascript.rhino,Node.FileLevelJsDocBuilder,33,6,4,0,9,1,3,1,1,1
JaCoCo Coverage Report,com.google.javascript.rhino,Node.NumberNode,5,35,2,2,2,9,3,4,1,4
JaCoCo Coverage Report,com.google.javascript.rhino,JSDocInfo.TypePosition,6,0,0,0,2,0,1,0,1,0
JaCoCo Coverage Report,com.google.javascript.rhino,CompilerEnvirons,193,0,6,0,70,0,30,0,27,0
JaCoCo Coverage Report,com.google.javascript.rhino,IRFactory,981,0,119,0,221,0,113,0,53,0
JaCoCo Coverage Report,com.google.javascript.rhino,Kit.ComplexKey,48,0,8,0,11,0,7,0,3,0
JaCoCo Coverage Report,com.google.javascript.rhino,Node.IntPropListItem,8,20,0,0,2,5,2,3,2,3
JaCoCo Coverage Report,com.google.javascript.rhino,JSDocInfo.LazilyInitializedInfo,42,0,0,0,14,0,1,0,1,0
JaCoCo Coverage Report,com.google.javascript.rhino,Node,1599,1279,394,157,477,339,365,127,47,80
JaCoCo Coverage Report,com.google.javascript.rhino,DToA,2484,0,432,0,586,0,236,0,16,0
JaCoCo Coverage Report,com.google.javascript.rhino,Node.AncestorIterable.new Iterator() {...},8,31,1,3,1,6,2,4,1,3
JaCoCo Coverage Report,com.google.javascript.rhino,Node.SiblingNodeIterable,55,0,6,0,15,0,8,0,5,0
JaCoCo Coverage Report,com.google.javascript.rhino,ScriptOrFnNode,428,0,46,0,100,0,54,0,31,0
JaCoCo Coverage Report,com.google.javascript.rhino,Node.AncestorIterable,0,11,0,0,0,4,0,2,0,2
JaCoCo Coverage Report,com.google.javascript.rhino,JSTypeExpression,77,0,12,0,14,0,14,0,8,0
JaCoCo Coverage Report,com.google.javascript.rhino,Node.NodeMismatch,47,0,6,0,9,0,6,0,3,0
JaCoCo Coverage Report,com.google.javascript.rhino,JSDocInfo.StringPosition,3,0,0,0,1,0,1,0,1,0
JaCoCo Coverage Report,com.google.javascript.rhino,EvaluatorException,22,0,0,0,7,0,3,0,3,0
JaCoCo Coverage Report,com.google.javascript.rhino,SimpleErrorReporter,83,9,12,0,21,3,12,1,6,1
JaCoCo Coverage Report,com.google.javascript.rhino.jstype,TernaryValue,1,39,1,1,0,5,1,2,0,2
JaCoCo Coverage Report,com.google.javascript.rhino.jstype,UnresolvedTypeExpression,23,0,0,0,6,0,2,0,2,0
JaCoCo Coverage Report,com.google.javascript.rhino.jstype,NamedType,490,0,88,0,126,0,65,0,21,0
JaCoCo Coverage Report,com.google.javascript.rhino.jstype,NoObjectType,67,21,10,0,23,5,26,1,21,1
JaCoCo Coverage Report,com.google.javascript.rhino.jstype,NumberType,45,4,6,0,17,2,14,1,11,1
JaCoCo Coverage Report,com.google.javascript.rhino.jstype,RecordTypeBuilder.RecordProperty,15,0,0,0,6,0,3,0,3,0
JaCoCo Coverage Report,com.google.javascript.rhino.jstype,VoidType,45,4,6,0,15,2,13,1,10,1
JaCoCo Coverage Report,com.google.javascript.rhino.jstype,RecordType,513,0,84,0,117,0,53,0,11,0
JaCoCo Coverage Report,com.google.javascript.rhino.jstype,AllType,25,6,0,0,11,3,11,2,11,2
JaCoCo Coverage Report,com.google.javascript.rhino.jstype,SimpleSlot,21,0,0,0,8,0,4,0,4,0
JaCoCo Coverage Report,com.google.javascript.rhino.jstype,FunctionType.Kind,0,34,0,0,0,4,0,1,0,1
JaCoCo Coverage Report,com.google.javascript.rhino.jstype,RecordTypeBuilder,49,0,4,0,13,0,5,0,3,0
JaCoCo Coverage Report,com.google.javascript.rhino.jstype,PrototypeObjectType,567,157,129,27,148,42,95,18,23,12
JaCoCo Coverage Report,com.google.javascript.rhino.jstype,ProxyObjectType,384,0,48,0,91,0,79,0,55,0
JaCoCo Coverage Report,com.google.javascript.rhino.jstype,NamedType.PropertyContinuation,32,0,0,0,9,0,2,0,2,0
JaCoCo Coverage Report,com.google.javascript.rhino.jstype,UnionTypeBuilder,98,158,35,25,25,45,29,8,1,6
JaCoCo Coverage Report,com.google.javascript.rhino.jstype,ValueType,4,8,0,0,2,3,2,2,2,2
JaCoCo Coverage Report,com.google.javascript.rhino.jstype,BooleanType,48,4,8,0,18,2,15,1,11,1
JaCoCo Coverage Report,com.google.javascript.rhino.jstype,FunctionBuilder,91,72,0,0,31,17,11,4,11,4
JaCoCo Coverage Report,com.google.javascript.rhino.jstype,SimpleSourceFile,15,0,0,0,6,0,3,0,3,0
JaCoCo Coverage Report,com.google.javascript.rhino.jstype,PrototypeObjectType.Property,9,21,0,0,3,8,3,1,3,1
JaCoCo Coverage Report,com.google.javascript.rhino.jstype,FunctionType,1409,265,278,40,325,73,196,25,43,19
JaCoCo Coverage Report,com.google.javascript.rhino.jstype,UnionType,885,12,148,0,216,4,105,1,31,1
JaCoCo Coverage Report,com.google.javascript.rhino.jstype,FunctionParamBuilder,34,116,11,11,7,27,9,11,1,8
JaCoCo Coverage Report,com.google.javascript.rhino.jstype,JSTypeRegistry,1114,1307,124,19,274,274,122,33,52,26
JaCoCo Coverage Report,com.google.javascript.rhino.jstype,ArrowType,258,39,66,4,78,10,44,4,11,2
JaCoCo Coverage Report,com.google.javascript.rhino.jstype,InstanceObjectType,121,81,35,9,17,21,31,12,11,10
JaCoCo Coverage Report,com.google.javascript.rhino.jstype,ObjectType,206,105,33,15,67,29,44,16,26,10
JaCoCo Coverage Report,com.google.javascript.rhino.jstype,ParameterizedType,11,0,0,0,4,0,2,0,2,0
JaCoCo Coverage Report,com.google.javascript.rhino.jstype,JSTypeNative,0,554,0,0,0,56,0,1,0,1
JaCoCo Coverage Report,com.google.javascript.rhino.jstype,NoType,19,6,0,0,9,3,9,2,9,2
JaCoCo Coverage Report,com.google.javascript.rhino.jstype,TernaryValue.new TernaryValue() {...},24,6,4,0,6,1,8,1,6,1
JaCoCo Coverage Report,com.google.javascript.rhino.jstype,TernaryValue.new TernaryValue() {...},12,6,0,0,6,1,6,1,6,1
JaCoCo Coverage Report,com.google.javascript.rhino.jstype,TernaryValue.new TernaryValue() {...},13,6,0,0,6,1,6,1,6,1
JaCoCo Coverage Report,com.google.javascript.rhino.jstype,FunctionPrototypeType,9,53,3,5,3,12,5,7,2,6
JaCoCo Coverage Report,com.google.javascript.rhino.jstype,JSTypeRegistry.ResolveMode,0,34,0,0,0,4,0,1,0,1
JaCoCo Coverage Report,com.google.javascript.rhino.jstype,TemplateType,18,0,0,0,6,0,4,0,4,0
JaCoCo Coverage Report,com.google.javascript.rhino.jstype,StringType,43,4,6,0,16,2,13,1,10,1
JaCoCo Coverage Report,com.google.javascript.rhino.jstype,UnknownType,61,7,2,0,27,3,28,1,27,1
JaCoCo Coverage Report,com.google.javascript.rhino.jstype,BooleanLiteralSet,72,44,14,0,16,5,15,1,5,1
JaCoCo Coverage Report,com.google.javascript.rhino.jstype,IndexedType,11,0,0,0,4,0,2,0,2,0
JaCoCo Coverage Report,com.google.javascript.rhino.jstype,JSType,731,94,142,16,189,26,145,18,69,14
JaCoCo Coverage Report,com.google.javascript.rhino.jstype,EnumType,123,0,10,0,26,0,21,0,16,0
JaCoCo Coverage Report,com.google.javascript.rhino.jstype,JSType.TypePair,9,0,0,0,4,0,1,0,1,0
JaCoCo Coverage Report,com.google.javascript.rhino.jstype,ErrorFunctionType,0,40,0,0,0,8,0,1,0,1
JaCoCo Coverage Report,com.google.javascript.rhino.jstype,NoResolvedType,23,4,4,0,7,2,7,1,5,1
JaCoCo Coverage Report,com.google.javascript.rhino.jstype,JSTypeRegistry.new FunctionType() {...},5,14,0,0,1,1,1,1,1,1
JaCoCo Coverage Report,com.google.javascript.rhino.jstype,JSType.new Comparator() {...},6,3,0,0,1,1,1,1,1,1
JaCoCo Coverage Report,com.google.javascript.rhino.jstype,EnumElementType,228,0,28,0,60,0,45,0,31,0
JaCoCo Coverage Report,com.google.javascript.rhino.jstype,NullType,51,4,10,0,18,2,16,1,11,1
JaCoCo Coverage Report,com.google.javascript.rhino.jstype,UnionTypeBuilder.new Comparator() {...},0,9,0,0,0,2,0,2,0,2
JaCoCo Coverage Report,com.google.javascript.jscomp.regex,RegExpTree.DecomposedCharset,352,0,79,0,69,0,49,0,7,0
JaCoCo Coverage Report,com.google.javascript.jscomp.regex,RegExpTree.Concatenation.new Object() {...},199,0,32,0,47,0,19,0,3,0
JaCoCo Coverage Report,com.google.javascript.jscomp.regex,RegExpTree.RegExpTreeAtom,11,0,0,0,5,0,5,0,5,0
JaCoCo Coverage Report,com.google.javascript.jscomp.regex,RegExpTree.Charset,381,0,42,0,89,0,32,0,11,0
JaCoCo Coverage Report,com.google.javascript.jscomp.regex,CharRanges,1039,0,142,0,188,0,91,0,20,0
JaCoCo Coverage Report,com.google.javascript.jscomp.regex,RegExpTree.Alternation,392,0,72,0,87,0,47,0,10,0
JaCoCo Coverage Report,com.google.javascript.jscomp.regex,RegExpTree.Empty,17,0,0,0,7,0,7,0,7,0
JaCoCo Coverage Report,com.google.javascript.jscomp.regex,RegExpTree.BackReference,49,0,8,0,11,0,10,0,6,0
JaCoCo Coverage Report,com.google.javascript.jscomp.regex,CaseCanonicalize,9125,0,26,0,220,0,18,0,5,0
JaCoCo Coverage Report,com.google.javascript.jscomp.regex,RegExpTree.WordBoundary,40,0,4,0,10,0,8,0,6,0
JaCoCo Coverage Report,com.google.javascript.jscomp.regex,RegExpTree.CapturingGroup,62,0,4,0,16,0,12,0,10,0
JaCoCo Coverage Report,com.google.javascript.jscomp.regex,RegExpTree.Anchor,40,0,4,0,9,0,9,0,7,0
JaCoCo Coverage Report,com.google.javascript.jscomp.regex,RegExpTree,510,0,35,0,83,0,29,0,9,0
JaCoCo Coverage Report,com.google.javascript.jscomp.regex,RegExpTree.new Object() {...},1097,0,179,0,233,0,108,0,10,0
JaCoCo Coverage Report,com.google.javascript.jscomp.regex,RegExpTree.LookaheadAssertion,102,0,14,0,23,0,17,0,10,0
JaCoCo Coverage Report,com.google.javascript.jscomp.regex,CaseCanonicalize.DeltaSet,9,0,0,0,4,0,1,0,1,0
JaCoCo Coverage Report,com.google.javascript.jscomp.regex,RegExpTree.Concatenation,243,0,45,0,55,0,34,0,11,0
JaCoCo Coverage Report,com.google.javascript.jscomp.regex,RegExpTree.Repetition,485,0,106,0,97,0,67,0,13,0
JaCoCo Coverage Report,com.google.javascript.jscomp.regex,RegExpTree.Text,144,0,25,0,31,0,21,0,8,0
JaCoCo Coverage Report,com.google.javascript.jscomp.ant,CompileTask,546,0,40,0,132,0,44,0,24,0
JaCoCo Coverage Report,com.google.javascript.jscomp.ant,AntErrorManager,84,0,7,0,17,0,7,0,3,0
JaCoCo Coverage Report,com.google.debugging.sourcemap,Base64VLQ,97,0,14,0,24,0,11,0,4,0
JaCoCo Coverage Report,com.google.debugging.sourcemap,SourceMapConsumerV3.MappingBuilder,319,0,32,0,65,0,24,0,7,0
JaCoCo Coverage Report,com.google.debugging.sourcemap,SourceMapConsumerV1.LineFragment,42,0,4,0,10,0,5,0,3,0
JaCoCo Coverage Report,com.google.debugging.sourcemap,SourceMapConsumerV3.DefaultSourceMapSupplier,5,0,0,0,2,0,2,0,2,0
JaCoCo Coverage Report,com.google.debugging.sourcemap,SourceMapGeneratorV3.MappingTraversal,238,0,42,0,47,0,29,0,8,0
JaCoCo Coverage Report,com.google.debugging.sourcemap,FilePosition,15,0,0,0,6,0,3,0,3,0
JaCoCo Coverage Report,com.google.debugging.sourcemap,SourceMapGeneratorFactory,28,0,4,0,7,0,6,0,3,0
JaCoCo Coverage Report,com.google.debugging.sourcemap,SourceMapGeneratorV3.UsedMappingCheck,12,0,2,0,4,0,3,0,2,0
JaCoCo Coverage Report,com.google.debugging.sourcemap,SourceMapGeneratorV2.MappingTraversal,238,0,42,0,47,0,29,0,8,0
JaCoCo Coverage Report,com.google.debugging.sourcemap,SourceMapGeneratorV3.Mapping,9,0,0,0,3,0,1,0,1,0
JaCoCo Coverage Report,com.google.debugging.sourcemap,SourceMapGeneratorV2.LineMapper,149,0,16,0,36,0,14,0,6,0
JaCoCo Coverage Report,com.google.debugging.sourcemap,SourceMapConsumerV3.UnmappedEntry,17,0,0,0,8,0,6,0,6,0
JaCoCo Coverage Report,com.google.debugging.sourcemap,SourceMapGeneratorV1.Mapping,9,0,0,0,3,0,1,0,1,0
JaCoCo Coverage Report,com.google.debugging.sourcemap,SourceMapGeneratorV2.LineMapEncoder,218,0,28,0,44,0,19,0,5,0
JaCoCo Coverage Report,com.google.debugging.sourcemap,SourceMapConsumerV1.ParseState,81,0,8,0,21,0,9,0,5,0
JaCoCo Coverage Report,com.google.debugging.sourcemap,SourceMapGeneratorV2.MappingWriter,99,0,8,0,23,0,7,0,3,0
JaCoCo Coverage Report,com.google.debugging.sourcemap,SourceMapConsumerV1.FileName,12,0,0,0,4,0,1,0,1,0
JaCoCo Coverage Report,com.google.debugging.sourcemap,SourceMapLineDecoder.StringParser,38,0,2,0,7,0,5,0,4,0
JaCoCo Coverage Report,com.google.debugging.sourcemap,Util,316,0,35,0,55,0,27,0,6,0
JaCoCo Coverage Report,com.google.debugging.sourcemap,SourceMapGeneratorV2.UsedMappingCheck,12,0,2,0,4,0,3,0,2,0
JaCoCo Coverage Report,com.google.debugging.sourcemap,SourceMapConsumerV3.NamedEntry,13,0,0,0,4,0,2,0,2,0
JaCoCo Coverage Report,com.google.debugging.sourcemap,SourceMapGeneratorV2.Mapping,9,0,0,0,3,0,1,0,1,0
JaCoCo Coverage Report,com.google.debugging.sourcemap,SourceMapGeneratorV1.MappingTraversal,238,0,42,0,47,0,29,0,8,0
JaCoCo Coverage Report,com.google.debugging.sourcemap,SourceMapGeneratorV3.ConsumerEntryVisitor,15,0,0,0,3,0,2,0,2,0
JaCoCo Coverage Report,com.google.debugging.sourcemap,SourceMapConsumerV3.StringCharIterator,39,0,2,0,8,0,5,0,4,0
JaCoCo Coverage Report,com.google.debugging.sourcemap,SourceMapSection,21,0,0,0,8,0,4,0,4,0
JaCoCo Coverage Report,com.google.debugging.sourcemap,SourceMapLineDecoder,163,0,14,0,41,0,13,0,6,0
JaCoCo Coverage Report,com.google.debugging.sourcemap,Base64,60,0,8,0,10,0,7,0,3,0
JaCoCo Coverage Report,com.google.debugging.sourcemap,SourceMapGeneratorV1.LineMapper,126,0,20,0,37,0,16,0,6,0
JaCoCo Coverage Report,com.google.debugging.sourcemap,SourceMapGeneratorV3,668,0,46,0,176,0,44,0,21,0
JaCoCo Coverage Report,com.google.debugging.sourcemap,SourceMapGeneratorV1,354,0,34,0,81,0,27,0,10,0
JaCoCo Coverage Report,com.google.debugging.sourcemap,SourceMapGeneratorV2,582,0,42,0,152,0,40,0,19,0
JaCoCo Coverage Report,com.google.debugging.sourcemap,SourceMapConsumerV1.SourceFile.Builder,63,0,0,0,16,0,9,0,9,0
JaCoCo Coverage Report,com.google.debugging.sourcemap,SourceMapGeneratorV1.UsedMappingCheck,12,0,2,0,4,0,3,0,2,0
JaCoCo Coverage Report,com.google.debugging.sourcemap,SourceMapConsumerV3,613,0,70,0,144,0,48,0,13,0
JaCoCo Coverage Report,com.google.debugging.sourcemap,SourceMapConsumerV2,275,0,28,0,68,0,19,0,5,0
JaCoCo Coverage Report,com.google.debugging.sourcemap,SourceMapConsumerV1,565,0,62,0,152,0,40,0,9,0
JaCoCo Coverage Report,com.google.debugging.sourcemap,SourceMapParseException,4,0,0,0,2,0,1,0,1,0
JaCoCo Coverage Report,com.google.debugging.sourcemap,SourceMapConsumerFactory,81,0,7,0,19,0,6,0,2,0
JaCoCo Coverage Report,com.google.debugging.sourcemap,SourceMapConsumerV3.UnnamedEntry,24,0,0,0,9,0,5,0,5,0
JaCoCo Coverage Report,com.google.debugging.sourcemap,SourceMapGeneratorV3.LineMapper,183,0,22,0,48,0,17,0,6,0
JaCoCo Coverage Report,com.google.debugging.sourcemap,SourceMapLineDecoder.LineEntry,9,0,0,0,4,0,1,0,1,0
JaCoCo Coverage Report,com.google.debugging.sourcemap,SourceMapGeneratorV1.MappingWriter,117,0,10,0,31,0,8,0,3,0
JaCoCo Coverage Report,com.google.debugging.sourcemap,SourceMapFormat,44,0,0,0,5,0,1,0,1,0
JaCoCo Coverage Report,com.google.debugging.sourcemap,SourceMapConsumerV1.SourceFile,128,0,6,0,31,0,9,0,6,0
JaCoCo Coverage Report,com.google.javascript.jscomp.graph,StandardUnionFind,257,0,20,0,55,0,21,0,11,0
JaCoCo Coverage Report,com.google.javascript.jscomp.graph,LinkedUndirectedGraph,491,0,58,0,112,0,57,0,28,0
JaCoCo Coverage Report,com.google.javascript.jscomp.graph,DiGraph,33,0,8,0,4,0,7,0,3,0
JaCoCo Coverage Report,com.google.javascript.jscomp.graph,GraphColoring,39,0,2,0,11,0,4,0,3,0
JaCoCo Coverage Report,com.google.javascript.jscomp.graph,LinkedUndirectedGraph.LinkedUndirectedGraphNode,56,0,2,0,14,0,11,0,10,0
JaCoCo Coverage Report,com.google.javascript.jscomp.graph,Graph.GraphAnnotationState,4,0,0,0,2,0,1,0,1,0
JaCoCo Coverage Report,com.google.javascript.jscomp.graph,Graph.AnnotationState,9,0,0,0,4,0,1,0,1,0
JaCoCo Coverage Report,com.google.javascript.jscomp.graph,LinkedDirectedGraph.LinkedDirectedGraphEdge,81,0,2,0,21,0,16,0,15,0
JaCoCo Coverage Report,com.google.javascript.jscomp.graph,LinkedUndirectedGraph.AnnotatedLinkedUndirectedGraphEdge,13,0,0,0,5,0,3,0,3,0
JaCoCo Coverage Report,com.google.javascript.jscomp.graph,LinkedDirectedGraph.LinkedDirectedGraphNode,61,0,2,0,16,0,12,0,11,0
JaCoCo Coverage Report,com.google.javascript.jscomp.graph,LinkedUndirectedGraph.LinkedUndirectedGraphEdge,67,0,2,0,15,0,12,0,11,0
JaCoCo Coverage Report,com.google.javascript.jscomp.graph,LinkedUndirectedGraph.AnnotatedLinkedUndirectedGraphNode,11,0,0,0,5,0,3,0,3,0
JaCoCo Coverage Report,com.google.javascript.jscomp.graph,LinkedDirectedGraph,586,0,46,0,132,0,59,0,36,0
JaCoCo Coverage Report,com.google.javascript.jscomp.graph,UndiGraph,3,0,0,0,1,0,1,0,1,0
JaCoCo Coverage Report,com.google.javascript.jscomp.graph,GraphReachability,94,0,10,0,25,0,11,0,6,0
JaCoCo Coverage Report,com.google.javascript.jscomp.graph,GraphReachability.EdgeTuple,12,0,0,0,5,0,1,0,1,0
JaCoCo Coverage Report,com.google.javascript.jscomp.graph,StandardUnionFind.Node,15,0,0,0,6,0,1,0,1,0
JaCoCo Coverage Report,com.google.javascript.jscomp.graph,StandardUnionFind.new Predicate() {...},54,0,6,0,9,0,5,0,2,0
JaCoCo Coverage Report,com.google.javascript.jscomp.graph,StandardUnionFind.new AbstractSet() {...},39,0,0,0,4,0,4,0,4,0
JaCoCo Coverage Report,com.google.javascript.jscomp.graph,GraphColoring.GreedyGraphColoring,74,0,6,0,23,0,6,0,3,0
JaCoCo Coverage Report,com.google.javascript.jscomp.graph,GraphPruner,180,0,24,0,39,0,15,0,3,0
JaCoCo Coverage Report,com.google.javascript.jscomp.graph,GraphColoring.GreedyGraphColoring.new Comparator() {...},37,0,4,0,5,0,4,0,2,0
JaCoCo Coverage Report,com.google.javascript.jscomp.graph,FixedPointGraphTraversal,143,0,14,0,33,0,12,0,5,0
JaCoCo Coverage Report,com.google.javascript.jscomp.graph,GraphReachability.new Annotation() {...},3,0,0,0,1,0,1,0,1,0
JaCoCo Coverage Report,com.google.javascript.jscomp.graph,LinkedDirectedGraph.LinkedDirectedGraphNode.NeighborIterator,63,0,10,0,9,0,9,0,4,0
JaCoCo Coverage Report,com.google.javascript.jscomp.graph,Graph.SimpleSubGraph,50,0,4,0,12,0,5,0,3,0
JaCoCo Coverage Report,com.google.javascript.jscomp.graph,LinkedDirectedGraph.AnnotatedLinkedDirectedGraphNode,11,0,0,0,5,0,3,0,3,0
JaCoCo Coverage Report,com.google.javascript.jscomp.graph,GraphColoring.Color,27,0,4,0,8,0,5,0,3,0
JaCoCo Coverage Report,com.google.javascript.jscomp.graph,LinkedDirectedGraph.AnnotatedLinkedDirectedGraphEdge,13,0,0,0,5,0,3,0,3,0
JaCoCo Coverage Report,com.google.javascript.jscomp.graph,Graph,173,0,18,0,42,0,22,0,13,0
JaCoCo Coverage Report,com.google.javascript.jscomp.graph,LinkedUndirectedGraph.LinkedUndirectedGraphNode.NeighborIterator,37,0,2,0,9,0,5,0,4,0
