GROUP,PACKAGE,CLASS,INSTRUCTION_MISSED,INSTRUCTION_COVERED,BRANCH_MISSED,BRANCH_COVERED,LINE_MISSED,LINE_COVERED,COMPLEXITY_MISSED,COMPLEXITY_COVERED,METHOD_MISSED,METHOD_COVERED
JaCoCo Coverage Report,com.google.javascript.jscomp,ShowByPathWarningsGuard,92,0,14,0,21,0,13,0,6,0
JaCoCo Coverage Report,com.google.javascript.jscomp,RuntimeTypeCheck,91,5,2,0,22,1,6,1,5,1
JaCoCo Coverage Report,com.google.javascript.jscomp,LiveVariablesAnalysis,352,0,46,0,82,0,37,0,11,0
JaCoCo Coverage Report,com.google.javascript.jscomp,FunctionInjector.CallSiteType,64,0,0,0,7,0,1,0,1,0
JaCoCo Coverage Report,com.google.javascript.jscomp,DefaultCodingConvention,101,4,16,0,29,2,35,2,27,2
JaCoCo Coverage Report,com.google.javascript.jscomp,CodePrinter,22,41,5,5,3,11,6,1,1,1
JaCoCo Coverage Report,com.google.javascript.jscomp,ReplaceCssNames.Traversal,271,0,29,0,53,0,18,0,3,0
JaCoCo Coverage Report,com.google.javascript.jscomp,SideEffectsAnalysis.VariableUseDeclarationMap,69,0,4,0,17,0,5,0,3,0
JaCoCo Coverage Report,com.google.javascript.jscomp,DefaultPassConfig.GlobalTypeResolver,43,0,2,0,8,0,3,0,2,0
JaCoCo Coverage Report,com.google.javascript.jscomp,PureFunctionIdentifier,586,0,94,0,149,0,55,0,8,0
JaCoCo Coverage Report,com.google.javascript.jscomp,SideEffectsAnalysis.LocationAbstractionMode,24,0,0,0,3,0,1,0,1,0
JaCoCo Coverage Report,com.google.javascript.jscomp,VariableRenamingPolicy,0,44,0,0,0,5,0,1,0,1
JaCoCo Coverage Report,com.google.javascript.jscomp,PrepareAst,117,40,28,4,30,12,18,4,3,3
JaCoCo Coverage Report,com.google.javascript.jscomp,ExternExportsPass.new Comparator() {...},12,0,0,0,2,0,2,0,2,0
JaCoCo Coverage Report,com.google.javascript.jscomp,DefaultPassConfig.68.new CompilerPass() {...},27,0,0,0,5,0,2,0,2,0
JaCoCo Coverage Report,com.google.javascript.jscomp,DefaultPassConfig.22.new CompilerPass() {...},39,0,0,0,7,0,2,0,2,0
JaCoCo Coverage Report,com.google.javascript.jscomp,ChainCalls,76,0,2,0,17,0,3,0,2,0
JaCoCo Coverage Report,com.google.javascript.jscomp,DisambiguateProperties,411,0,46,0,88,0,34,0,11,0
JaCoCo Coverage Report,com.google.javascript.jscomp,InstrumentFunctions.InstrumentCallback,150,0,18,0,39,0,11,0,2,0
JaCoCo Coverage Report,com.google.javascript.jscomp,NameAnalyzer.ClassDefiningFunctionNode,56,0,6,0,10,0,5,0,2,0
JaCoCo Coverage Report,com.google.javascript.jscomp,RemoveTryCatch,21,0,0,0,6,0,2,0,2,0
JaCoCo Coverage Report,com.google.javascript.jscomp,CheckMissingReturn,138,13,22,0,42,4,20,1,9,1
JaCoCo Coverage Report,com.google.javascript.jscomp,Normalize,144,5,2,0,27,2,6,1,5,1
JaCoCo Coverage Report,com.google.javascript.jscomp,SuspiciousPropertiesCheck.ProcessProperties,250,0,50,0,55,0,30,0,4,0
JaCoCo Coverage Report,com.google.javascript.jscomp,RemoveUnusedVars,691,0,140,0,176,0,84,0,13,0
JaCoCo Coverage Report,com.google.javascript.jscomp,FunctionInfo.new Descriptors.FileDescriptor.InternalDescriptorAssigner() {...},0,97,0,0,0,11,0,2,0,2
JaCoCo Coverage Report,com.google.javascript.jscomp,ObjectPropertyStringPreprocess,38,0,0,0,13,0,3,0,3,0
JaCoCo Coverage Report,com.google.javascript.jscomp,RemoveConstantExpressions,20,0,0,0,7,0,2,0,2,0
JaCoCo Coverage Report,com.google.javascript.jscomp,TypedScopeCreator.DeferredSetType,11,21,0,0,2,7,1,1,1,1
JaCoCo Coverage Report,com.google.javascript.jscomp,ControlFlowAnalysis.new Comparator() {...},24,0,0,0,2,0,2,0,2,0
JaCoCo Coverage Report,com.google.javascript.jscomp,ClosureCodingConvention,413,31,78,0,108,3,61,2,22,2
JaCoCo Coverage Report,com.google.javascript.jscomp,CrossModuleMethodMotion.IdGenerator,21,0,2,0,4,0,4,0,3,0
JaCoCo Coverage Report,com.google.javascript.jscomp,CompilerOptions.TracerMode,2,39,1,1,0,5,1,2,0,2
JaCoCo Coverage Report,com.google.javascript.jscomp,ChainCalls.GatherCallSites,138,0,30,0,42,0,17,0,2,0
JaCoCo Coverage Report,com.google.javascript.jscomp,SyntheticAst,7,24,0,0,2,8,2,3,2,3
JaCoCo Coverage Report,com.google.javascript.jscomp,CompilerInput,218,57,10,2,57,17,23,7,17,7
JaCoCo Coverage Report,com.google.javascript.jscomp,TypedScopeCreator.AbstractScopeBuilder.CollectProperties,80,0,19,0,22,0,13,0,3,0
JaCoCo Coverage Report,com.google.javascript.jscomp,JsMessageVisitor.MalformedException,10,0,0,0,4,0,2,0,2,0
JaCoCo Coverage Report,com.google.javascript.jscomp,CallGraph,601,0,100,0,152,0,73,0,23,0
JaCoCo Coverage Report,com.google.javascript.jscomp,TightenTypes.ExternFunctionCall,29,0,0,0,6,0,2,0,2,0
JaCoCo Coverage Report,com.google.javascript.jscomp,DefinitionsRemover,91,0,22,0,19,0,13,0,2,0
JaCoCo Coverage Report,com.google.javascript.jscomp,Scope,126,168,25,11,28,42,26,12,11,9
JaCoCo Coverage Report,com.google.javascript.jscomp,RemoveUnusedPrototypeProperties,159,0,26,0,49,0,19,0,6,0
JaCoCo Coverage Report,com.google.javascript.jscomp,CollapseVariableDeclarations.ExploitAssigns,212,0,51,0,64,0,33,0,5,0
JaCoCo Coverage Report,com.google.javascript.jscomp,ChainableReverseAbstractInterpreter.RestrictByTypeOfResultVisitor,74,0,10,0,17,0,11,0,6,0
JaCoCo Coverage Report,com.google.javascript.jscomp,NameReferenceGraphReport,430,0,26,0,101,0,23,0,10,0
JaCoCo Coverage Report,com.google.javascript.jscomp,AbstractCommandLineRunner.RunTimeStats,126,0,4,0,26,0,6,0,4,0
JaCoCo Coverage Report,com.google.javascript.jscomp,NameReferenceGraph.Reference,36,0,0,0,14,0,7,0,7,0
JaCoCo Coverage Report,com.google.javascript.jscomp,DiagnosticType,25,41,0,0,3,10,3,5,3,5
JaCoCo Coverage Report,com.google.javascript.jscomp,JsMessageDefinition,21,0,0,0,8,0,4,0,4,0
JaCoCo Coverage Report,com.google.javascript.jscomp,SourceInformationAnnotator,68,0,16,0,19,0,11,0,2,0
JaCoCo Coverage Report,com.google.javascript.jscomp,NameAnalyzer.FindDependencyScopes,118,0,22,0,27,0,14,0,3,0
JaCoCo Coverage Report,com.google.javascript.jscomp,ExternExportsPass.Export,329,0,45,0,80,0,33,0,10,0
JaCoCo Coverage Report,com.google.javascript.jscomp,TypeValidator.TypeMismatch,76,0,10,0,11,0,9,0,4,0
JaCoCo Coverage Report,com.google.javascript.jscomp,PeepholeFoldConstants,1883,33,436,0,545,12,267,1,20,1
JaCoCo Coverage Report,com.google.javascript.jscomp,DefaultPassConfig.new PassFactory() {...},13,0,0,0,2,0,2,0,2,0
JaCoCo Coverage Report,com.google.javascript.jscomp,DefaultPassConfig.new PassFactory() {...},49,0,4,0,9,0,4,0,2,0
JaCoCo Coverage Report,com.google.javascript.jscomp,DefaultPassConfig.new PassFactory() {...},17,0,0,0,2,0,2,0,2,0
JaCoCo Coverage Report,com.google.javascript.jscomp,DefaultPassConfig.new PassFactory() {...},17,0,0,0,2,0,2,0,2,0
JaCoCo Coverage Report,com.google.javascript.jscomp,DefaultPassConfig.new PassFactory() {...},27,0,2,0,6,0,3,0,2,0
JaCoCo Coverage Report,com.google.javascript.jscomp,ConstCheck,143,5,28,0,37,2,20,1,5,1
JaCoCo Coverage Report,com.google.javascript.jscomp,DefaultPassConfig.new PassFactory() {...},32,0,4,0,8,0,4,0,2,0
JaCoCo Coverage Report,com.google.javascript.jscomp,SimpleDefinitionFinder,131,0,20,0,34,0,16,0,6,0
JaCoCo Coverage Report,com.google.javascript.jscomp,DefaultPassConfig.new PassFactory() {...},27,0,0,0,3,0,2,0,2,0
JaCoCo Coverage Report,com.google.javascript.jscomp,NodeUtil.MatchShallowStatement,25,0,10,0,6,0,7,0,2,0
JaCoCo Coverage Report,com.google.javascript.jscomp,DefaultPassConfig.new PassFactory() {...},19,0,0,0,3,0,2,0,2,0
JaCoCo Coverage Report,com.google.javascript.jscomp,DefaultPassConfig.new PassFactory() {...},22,0,0,0,3,0,2,0,2,0
JaCoCo Coverage Report,com.google.javascript.jscomp,PhaseOptimizer.LoopInternal,230,0,28,0,51,0,20,0,6,0
JaCoCo Coverage Report,com.google.javascript.jscomp,NodeIterators.FunctionlessLocalScope,146,0,22,0,31,0,18,0,7,0
JaCoCo Coverage Report,com.google.javascript.jscomp,ConcreteType.new ConcreteType.TypeFilter() {...},16,0,2,0,2,0,3,0,2,0
JaCoCo Coverage Report,com.google.javascript.jscomp,ConcreteType.new ConcreteType.TypeFilter() {...},17,0,2,0,4,0,3,0,2,0
JaCoCo Coverage Report,com.google.javascript.jscomp,ConcreteType.new ConcreteType.TypeFilter() {...},16,0,2,0,2,0,3,0,2,0
JaCoCo Coverage Report,com.google.javascript.jscomp,ConcreteType.new ConcreteType.TypeFilter() {...},21,0,4,0,4,0,4,0,2,0
JaCoCo Coverage Report,com.google.javascript.jscomp,NameAnalyzer.FindReferences,418,0,96,0,112,0,54,0,6,0
JaCoCo Coverage Report,com.google.javascript.jscomp,ConcreteType.new ConcreteType.TypeFilter() {...},20,0,4,0,5,0,4,0,2,0
JaCoCo Coverage Report,com.google.javascript.jscomp,ConcreteType.new ConcreteType.TypeFilter() {...},24,0,2,0,5,0,3,0,2,0
JaCoCo Coverage Report,com.google.javascript.jscomp,ConcreteType.new ConcreteType.TypeFilter() {...},30,0,4,0,4,0,4,0,2,0
JaCoCo Coverage Report,com.google.javascript.jscomp,ObjectPropertyStringPostprocess.Callback,85,0,8,0,28,0,6,0,2,0
JaCoCo Coverage Report,com.google.javascript.jscomp,ControlFlowGraph.AbstractCfgNodeTraversalCallback,14,0,4,0,4,0,4,0,2,0
JaCoCo Coverage Report,com.google.javascript.jscomp,NameAnalyzer.HoistVariableAndFunctionDeclarations,49,0,4,0,11,0,4,0,2,0
JaCoCo Coverage Report,com.google.javascript.jscomp,RenameProperties.Property,12,0,0,0,4,0,1,0,1,0
JaCoCo Coverage Report,com.google.javascript.jscomp,DefaultPassConfig.77.new CompilerPass() {...},28,0,0,0,3,0,2,0,2,0
JaCoCo Coverage Report,com.google.javascript.jscomp,AnalyzeNameReferences,77,0,2,0,19,0,5,0,4,0
JaCoCo Coverage Report,com.google.javascript.jscomp,RuntimeTypeCheck.new Comparator() {...},35,3,12,0,10,1,8,1,2,1
JaCoCo Coverage Report,com.google.javascript.jscomp,MakeDeclaredNamesUnique.BoilerplateRenamer,18,0,0,0,5,0,2,0,2,0
JaCoCo Coverage Report,com.google.javascript.jscomp,SourceMap2.MappingWriter,96,0,8,0,24,0,7,0,3,0
JaCoCo Coverage Report,com.google.javascript.jscomp,CompilerInput.DepsFinder,75,0,14,0,24,0,10,0,3,0
JaCoCo Coverage Report,com.google.javascript.jscomp,AbstractCommandLineRunner,1945,0,252,0,440,0,164,0,38,0
JaCoCo Coverage Report,com.google.javascript.jscomp,PassFactory.new PassFactory() {...},16,0,0,0,2,0,2,0,2,0
JaCoCo Coverage Report,com.google.javascript.jscomp,WarningLevel,98,0,4,0,29,0,8,0,5,0
JaCoCo Coverage Report,com.google.javascript.jscomp,SourceMap2.LineMapDecoder.StringParser,38,0,2,0,7,0,5,0,4,0
JaCoCo Coverage Report,com.google.javascript.jscomp,NameAnonymousFunctionsMapped.MappedFunctionNamer,67,0,4,0,14,0,6,0,4,0
JaCoCo Coverage Report,com.google.javascript.jscomp,Denormalize.StripConstantAnnotations,29,0,4,0,9,0,5,0,3,0
JaCoCo Coverage Report,com.google.javascript.jscomp,JsMessageVisitor,1097,35,161,0,254,18,104,1,19,1
JaCoCo Coverage Report,com.google.javascript.jscomp,DataFlowAnalysis.MaxIterationsExceededException,4,0,0,0,2,0,1,0,1,0
JaCoCo Coverage Report,com.google.javascript.jscomp,AstChangeProxy,156,0,22,0,39,0,18,0,7,0
JaCoCo Coverage Report,com.google.javascript.jscomp,AmbiguateProperties.PropertyGraphNode,19,0,0,0,7,0,4,0,4,0
JaCoCo Coverage Report,com.google.javascript.jscomp,IgnoreCajaProperties.Traversal,133,0,6,0,21,0,5,0,2,0
JaCoCo Coverage Report,com.google.javascript.jscomp,ComposeWarningsGuard,93,63,19,5,24,18,14,7,4,5
JaCoCo Coverage Report,com.google.javascript.jscomp,InlineVariables,61,0,4,0,15,0,6,0,3,0
JaCoCo Coverage Report,com.google.javascript.jscomp,PeepholeOptimizationsPass,102,0,12,0,34,0,13,0,7,0
JaCoCo Coverage Report,com.google.javascript.jscomp,AnalyzePrototypeProperties.SymbolType,24,0,0,0,3,0,1,0,1,0
JaCoCo Coverage Report,com.google.javascript.jscomp,CustomPassExecutionTime,0,44,0,0,0,5,0,1,0,1
JaCoCo Coverage Report,com.google.javascript.jscomp,NodeTraversal.AbstractShallowCallback,0,17,0,6,0,3,0,5,0,2
JaCoCo Coverage Report,com.google.javascript.jscomp,SourceFile.Generated,25,0,2,0,10,0,4,0,3,0
JaCoCo Coverage Report,com.google.javascript.jscomp,FunctionRewriter.GetterReducer,60,0,12,0,17,0,9,0,3,0
JaCoCo Coverage Report,com.google.javascript.jscomp,JsMessage.Style,44,0,4,0,7,0,4,0,2,0
JaCoCo Coverage Report,com.google.javascript.jscomp,DotFormatter,589,0,40,0,118,0,34,0,14,0
JaCoCo Coverage Report,com.google.javascript.jscomp,CollapseVariableDeclarations.GatherCollapses,67,0,12,0,15,0,8,0,2,0
JaCoCo Coverage Report,com.google.javascript.jscomp,NameAnalyzer,1589,0,224,0,349,0,144,0,27,0
JaCoCo Coverage Report,com.google.javascript.jscomp,CollapseVariableDeclarations.Collapse,9,0,0,0,4,0,1,0,1,0
JaCoCo Coverage Report,com.google.javascript.jscomp,JSModuleGraph.InverseDepthComparator,12,0,0,0,2,0,2,0,2,0
JaCoCo Coverage Report,com.google.javascript.jscomp,AliasExternals.Symbol,84,0,8,0,24,0,7,0,3,0
JaCoCo Coverage Report,com.google.javascript.jscomp,FunctionRewriter.IdentityReducer,52,0,12,0,17,0,9,0,3,0
JaCoCo Coverage Report,com.google.javascript.jscomp,FindExportableNodes.GenerateNodeContext,21,0,0,0,8,0,4,0,4,0
JaCoCo Coverage Report,com.google.javascript.jscomp,TypedCodeGenerator,360,0,74,0,76,0,42,0,5,0
JaCoCo Coverage Report,com.google.javascript.jscomp,CoalesceVariableNames.CombinedLiveRangeChecker,47,0,4,0,13,0,6,0,4,0
JaCoCo Coverage Report,com.google.javascript.jscomp,AnalyzePrototypeProperties.AssignmentProperty,32,0,0,0,10,0,6,0,6,0
JaCoCo Coverage Report,com.google.javascript.jscomp,FunctionRewriter.EmptyFunctionReducer,16,0,2,0,5,0,3,0,2,0
JaCoCo Coverage Report,com.google.javascript.jscomp,SourceExcerptProvider.SourceExcerpt,0,24,0,0,0,3,0,1,0,1
JaCoCo Coverage Report,com.google.javascript.jscomp,InlineGetters.InlineTrivialAccessors,137,0,26,0,26,0,15,0,2,0
JaCoCo Coverage Report,com.google.javascript.jscomp,VerboseMessageFormatter,98,0,8,0,15,0,8,0,4,0
JaCoCo Coverage Report,com.google.javascript.jscomp,Position,15,0,0,0,6,0,3,0,3,0
JaCoCo Coverage Report,com.google.javascript.jscomp,AnalyzeNameReferences.PropagateReferences,43,0,6,0,10,0,5,0,2,0
JaCoCo Coverage Report,com.google.javascript.jscomp,SourceFile.OnDisk,62,0,6,0,21,0,10,0,7,0
JaCoCo Coverage Report,com.google.javascript.jscomp,ClosureReverseAbstractInterpreter.new ChainableReverseAbstractInterpreter.RestrictByFalseTypeOfResultVisitor() {...},11,0,0,0,3,0,3,0,3,0
JaCoCo Coverage Report,com.google.javascript.jscomp,ClosureReverseAbstractInterpreter.new Function() {...},36,0,6,0,6,0,5,0,2,0
JaCoCo Coverage Report,com.google.javascript.jscomp,ClosureReverseAbstractInterpreter.new Function() {...},36,0,6,0,6,0,5,0,2,0
JaCoCo Coverage Report,com.google.javascript.jscomp,ClosureReverseAbstractInterpreter.new Function() {...},15,0,0,0,2,0,2,0,2,0
JaCoCo Coverage Report,com.google.javascript.jscomp,ClosureReverseAbstractInterpreter.new ChainableReverseAbstractInterpreter.RestrictByTrueTypeOfResultVisitor() {...},22,0,2,0,4,0,4,0,3,0
JaCoCo Coverage Report,com.google.javascript.jscomp,ClosureReverseAbstractInterpreter.new ChainableReverseAbstractInterpreter.RestrictByFalseTypeOfResultVisitor() {...},18,0,2,0,2,0,3,0,2,0
JaCoCo Coverage Report,com.google.javascript.jscomp,ClosureReverseAbstractInterpreter.new ChainableReverseAbstractInterpreter.RestrictByTrueTypeOfResultVisitor() {...},16,0,0,0,4,0,4,0,4,0
JaCoCo Coverage Report,com.google.javascript.jscomp,SemanticReverseAbstractInterpreter.RestrictByTrueInstanceOfResultVisitor,65,0,8,0,18,0,11,0,7,0
JaCoCo Coverage Report,com.google.javascript.jscomp,InlineFunctions,647,0,114,0,171,0,76,0,19,0
JaCoCo Coverage Report,com.google.javascript.jscomp,TypedScopeCreator.DiscoverEnums,15,25,6,6,3,12,4,5,0,2
JaCoCo Coverage Report,com.google.javascript.jscomp,ClosureReverseAbstractInterpreter.new Function() {...},15,0,0,0,2,0,2,0,2,0
JaCoCo Coverage Report,com.google.javascript.jscomp,ClosureReverseAbstractInterpreter.new Function() {...},15,0,0,0,2,0,2,0,2,0
JaCoCo Coverage Report,com.google.javascript.jscomp,NameAnalyzer.PrototypeSetNode,45,0,4,0,10,0,4,0,2,0
JaCoCo Coverage Report,com.google.javascript.jscomp,AstParallelizer.new Predicate() {...},11,0,2,0,2,0,3,0,2,0
JaCoCo Coverage Report,com.google.javascript.jscomp,AstParallelizer.new Supplier() {...},7,0,0,0,2,0,2,0,2,0
JaCoCo Coverage Report,com.google.javascript.jscomp,AstParallelizer.new Predicate() {...},14,0,2,0,3,0,3,0,2,0
JaCoCo Coverage Report,com.google.javascript.jscomp,DataFlowAnalysis,422,0,50,0,94,0,35,0,10,0
JaCoCo Coverage Report,com.google.javascript.jscomp,AstParallelizer.new Supplier() {...},19,0,0,0,3,0,2,0,2,0
JaCoCo Coverage Report,com.google.javascript.jscomp,CodePrinter.MappedCodePrinter,183,77,35,9,35,19,26,6,5,5
JaCoCo Coverage Report,com.google.javascript.jscomp,AstParallelizer.new Predicate() {...},5,0,0,0,2,0,2,0,2,0
JaCoCo Coverage Report,com.google.javascript.jscomp,AstParallelizer.new Predicate() {...},6,0,0,0,2,0,2,0,2,0
JaCoCo Coverage Report,com.google.javascript.jscomp,SyntacticScopeCreator,292,22,45,0,69,8,29,2,5,2
JaCoCo Coverage Report,com.google.javascript.jscomp,CombinedCompilerPass,153,0,12,0,26,0,14,0,8,0
JaCoCo Coverage Report,com.google.javascript.jscomp,RenamePrototypes.ProcessExternedProperties,25,0,4,0,6,0,4,0,2,0
JaCoCo Coverage Report,com.google.javascript.jscomp,AnonymousFunctionNamingCallback,133,0,23,0,36,0,15,0,3,0
JaCoCo Coverage Report,com.google.javascript.jscomp,ConcreteType,248,0,30,0,58,0,39,0,24,0
JaCoCo Coverage Report,com.google.javascript.jscomp,GenerateExports,245,0,28,0,63,0,18,0,4,0
JaCoCo Coverage Report,com.google.javascript.jscomp,SideEffectsAnalysis.RawMotionEnvironment,9,0,0,0,4,0,2,0,2,0
JaCoCo Coverage Report,com.google.javascript.jscomp,CoalesceVariableNames.CombinedCfgNodeLiveRangeChecker,27,0,4,0,8,0,4,0,2,0
JaCoCo Coverage Report,com.google.javascript.jscomp,PureFunctionIdentifier.SideEffectPropagationCallback,66,0,24,0,20,0,13,0,1,0
JaCoCo Coverage Report,com.google.javascript.jscomp,InlineCostEstimator,19,0,0,0,5,0,3,0,3,0
JaCoCo Coverage Report,com.google.javascript.jscomp,PassFactory,48,12,6,0,9,5,7,1,4,1
JaCoCo Coverage Report,com.google.javascript.jscomp,DisambiguateProperties.JSTypeSystem,387,0,78,0,99,0,53,0,14,0
JaCoCo Coverage Report,com.google.javascript.jscomp,JSModuleGraph.ModuleDependenceException,16,0,0,0,6,0,3,0,3,0
JaCoCo Coverage Report,com.google.javascript.jscomp,AmbiguateProperties.PropertySubGraph,34,0,2,0,5,0,4,0,3,0
JaCoCo Coverage Report,com.google.javascript.jscomp,ReplaceMessages,423,5,44,0,106,2,33,1,9,1
JaCoCo Coverage Report,com.google.javascript.jscomp,MakeDeclaredNamesUnique.InlineRenamer,97,0,10,0,21,0,11,0,6,0
JaCoCo Coverage Report,com.google.javascript.jscomp,Tracer.Event,146,0,10,0,28,0,8,0,3,0
JaCoCo Coverage Report,com.google.javascript.jscomp,AliasExternals.GetAliasableNames,43,0,8,0,9,0,6,0,2,0
JaCoCo Coverage Report,com.google.javascript.jscomp,RhinoErrorReporter.NewRhinoErrorReporter,9,5,0,0,1,2,1,1,1,1
JaCoCo Coverage Report,com.google.javascript.jscomp,NodeTraversal,441,342,61,29,110,89,61,20,22,14
JaCoCo Coverage Report,com.google.javascript.jscomp,SourceMap2.LineMapDecoder,166,0,14,0,41,0,14,0,7,0
JaCoCo Coverage Report,com.google.javascript.jscomp,AliasKeywords.ThrowAliasSpecification,81,0,0,0,17,0,6,0,6,0
JaCoCo Coverage Report,com.google.javascript.jscomp,RemoveTryCatch.RemoveTryCatchCode,106,0,25,0,32,0,15,0,2,0
JaCoCo Coverage Report,com.google.javascript.jscomp,VarCheck,348,29,54,0,76,10,34,1,7,1
JaCoCo Coverage Report,com.google.javascript.jscomp,ControlStructureCheck,69,5,11,0,21,1,10,1,4,1
JaCoCo Coverage Report,com.google.javascript.jscomp,Normalize.PropogateConstantAnnotations,88,0,14,0,21,0,10,0,3,0
JaCoCo Coverage Report,com.google.javascript.jscomp,ControlFlowGraph,89,0,20,0,20,0,19,0,7,0
JaCoCo Coverage Report,com.google.javascript.jscomp,ObjectPropertyStringPostprocess,16,0,0,0,5,0,2,0,2,0
JaCoCo Coverage Report,com.google.javascript.jscomp,ReferenceCollectingCallback.ReferenceCollection,290,0,62,0,76,0,43,0,12,0
JaCoCo Coverage Report,com.google.javascript.jscomp,NameAnonymousFunctionsMapped,73,0,2,0,17,0,5,0,4,0
JaCoCo Coverage Report,com.google.javascript.jscomp,InlineVariables.IdentifyConstants,9,0,0,0,2,0,2,0,2,0
JaCoCo Coverage Report,com.google.javascript.jscomp,VariableNameGenerator,31,0,2,0,7,0,3,0,2,0
JaCoCo Coverage Report,com.google.javascript.jscomp,GatherSideEffectSubexpressionsCallback.CopySideEffectSubexpressions,213,0,24,0,51,0,18,0,6,0
JaCoCo Coverage Report,com.google.javascript.jscomp,FunctionRewriter.ReductionGatherer,49,0,4,0,12,0,5,0,3,0
JaCoCo Coverage Report,com.google.javascript.jscomp,SourceMap2.MappingTraversal,238,0,42,0,47,0,29,0,8,0
JaCoCo Coverage Report,com.google.javascript.jscomp,CheckRequiresForConstructors,42,0,0,0,9,0,3,0,3,0
JaCoCo Coverage Report,com.google.javascript.jscomp,SpecializeModule.SpecializationState,149,0,28,0,47,0,26,0,12,0
JaCoCo Coverage Report,com.google.javascript.jscomp,SanityCheck,148,0,8,0,34,0,9,0,5,0
JaCoCo Coverage Report,com.google.javascript.jscomp,MustBeReachingVariableDef.MustDef,50,0,6,0,14,0,7,0,4,0
JaCoCo Coverage Report,com.google.javascript.jscomp,SourceMap2,554,0,42,0,135,0,35,0,14,0
JaCoCo Coverage Report,com.google.javascript.jscomp,InstrumentFunctions.RemoveCallback,26,0,6,0,9,0,5,0,2,0
JaCoCo Coverage Report,com.google.javascript.jscomp,NameAnalyzer.FindDeclarationsAndSetters,230,0,32,0,50,0,21,0,5,0
JaCoCo Coverage Report,com.google.javascript.jscomp,TypeInferencePass.TypeInferringCallback,41,0,4,0,13,0,7,0,5,0
JaCoCo Coverage Report,com.google.javascript.jscomp,FlowSensitiveInlineVariables.Candidate.new Predicate() {...},13,0,2,0,4,0,3,0,2,0
JaCoCo Coverage Report,com.google.javascript.jscomp,CodingConvention.SubclassRelationship,14,0,0,0,5,0,1,0,1,0
JaCoCo Coverage Report,com.google.javascript.jscomp,UseSite,9,0,0,0,4,0,1,0,1,0
JaCoCo Coverage Report,com.google.javascript.jscomp,SemanticReverseAbstractInterpreter,718,17,146,0,180,4,89,1,10,1
JaCoCo Coverage Report,com.google.javascript.jscomp,RenameProperties.ProcessProperties,260,0,48,0,58,0,31,0,5,0
JaCoCo Coverage Report,com.google.javascript.jscomp,DefinitionsRemover.ExternalNameOnlyDefinition,10,0,0,0,3,0,2,0,2,0
JaCoCo Coverage Report,com.google.javascript.jscomp,TypeInferencePass,159,5,10,0,38,1,11,1,6,1
JaCoCo Coverage Report,com.google.javascript.jscomp,FlowSensitiveInlineVariables.Candidate.new ControlFlowGraph.AbstractCfgNodeTraversalCallback() {...},45,0,11,0,10,0,8,0,2,0
JaCoCo Coverage Report,com.google.javascript.jscomp,FlowSensitiveInlineVariables.Candidate.new Predicate() {...},13,0,2,0,2,0,3,0,2,0
JaCoCo Coverage Report,com.google.javascript.jscomp,FlowSensitiveInlineVariables.Candidate.new ControlFlowGraph.AbstractCfgNodeTraversalCallback() {...},21,0,4,0,4,0,4,0,2,0
JaCoCo Coverage Report,com.google.javascript.jscomp,CoalesceVariableNames,494,5,84,0,123,1,50,1,8,1
JaCoCo Coverage Report,com.google.javascript.jscomp,RhinoErrorReporter,68,70,4,0,12,25,5,5,3,5
JaCoCo Coverage Report,com.google.javascript.jscomp,SourceMap2.LineMapEncoder,220,0,28,0,44,0,19,0,5,0
JaCoCo Coverage Report,com.google.javascript.jscomp,SourceMap2.LineMapper,149,0,16,0,36,0,14,0,6,0
JaCoCo Coverage Report,com.google.javascript.jscomp,FunctionInformationMap.Module,218,0,18,0,66,0,38,0,29,0
JaCoCo Coverage Report,com.google.javascript.jscomp,SideEffectsAnalysis.new Predicate() {...},10,0,2,0,2,0,3,0,2,0
JaCoCo Coverage Report,com.google.javascript.jscomp,ParallelCompilerPass.Result,85,0,10,0,19,0,9,0,4,0
JaCoCo Coverage Report,com.google.javascript.jscomp,PeepholeSubstituteAlternateSyntax.new Predicate() {...},8,3,2,0,1,1,2,1,1,1
JaCoCo Coverage Report,com.google.javascript.jscomp,PeepholeSubstituteAlternateSyntax.new Predicate() {...},19,0,4,0,3,0,4,0,2,0
JaCoCo Coverage Report,com.google.javascript.jscomp,SideEffectsAnalysis.new Predicate() {...},19,0,6,0,3,0,5,0,2,0
JaCoCo Coverage Report,com.google.javascript.jscomp,PeepholeSubstituteAlternateSyntax.new Predicate() {...},19,0,2,0,2,0,3,0,2,0
JaCoCo Coverage Report,com.google.javascript.jscomp,SideEffectsAnalysis.new Predicate() {...},16,0,4,0,2,0,4,0,2,0
JaCoCo Coverage Report,com.google.javascript.jscomp,NameAnalyzer.TriState,34,0,0,0,4,0,1,0,1,0
JaCoCo Coverage Report,com.google.javascript.jscomp,Instrumentation,400,0,30,0,110,0,54,0,39,0
JaCoCo Coverage Report,com.google.javascript.jscomp,RemoveConstantExpressions.ReportCodeHasChangedListener,11,0,0,0,5,0,2,0,2,0
JaCoCo Coverage Report,com.google.javascript.jscomp,BasicErrorManager.ErrorWithLevel,9,0,0,0,4,0,1,0,1,0
JaCoCo Coverage Report,com.google.javascript.jscomp,MaybeReachingVariableUse,286,0,42,0,70,0,33,0,9,0
JaCoCo Coverage Report,com.google.javascript.jscomp,ChainCalls.GatherFunctions,59,0,8,0,15,0,9,0,5,0
JaCoCo Coverage Report,com.google.javascript.jscomp,CombinedCompilerPass.CallbackWrapper,81,0,20,0,22,0,16,0,6,0
JaCoCo Coverage Report,com.google.javascript.jscomp,DataFlowAnalysis.new NodeTraversal.AbstractPostOrderCallback() {...},45,0,10,0,9,0,7,0,2,0
JaCoCo Coverage Report,com.google.javascript.jscomp,GlobalNamespace.NodeFilter,41,0,10,0,11,0,7,0,2,0
JaCoCo Coverage Report,com.google.javascript.jscomp,CollapseAnonymousFunctions.Callback,133,0,30,0,37,0,19,0,4,0
JaCoCo Coverage Report,com.google.javascript.jscomp,SourceMap.Format,0,24,0,0,0,3,0,1,0,1
JaCoCo Coverage Report,com.google.javascript.jscomp,NodeTraversal.AbstractNodeTypePruningCallback,27,0,2,0,7,0,4,0,3,0
JaCoCo Coverage Report,com.google.javascript.jscomp,VariableVisibilityAnalysis,117,0,20,0,28,0,14,0,4,0
JaCoCo Coverage Report,com.google.javascript.jscomp,FunctionRewriter,140,0,14,0,30,0,10,0,3,0
JaCoCo Coverage Report,com.google.javascript.jscomp,PureFunctionIdentifier.FunctionInformation,187,0,32,0,52,0,32,0,16,0
JaCoCo Coverage Report,com.google.javascript.jscomp,JsMessageVisitor.MessageLocation,9,0,0,0,4,0,1,0,1,0
JaCoCo Coverage Report,com.google.javascript.jscomp,GatherRawExports,68,0,14,0,22,0,12,0,5,0
JaCoCo Coverage Report,com.google.javascript.jscomp,SourceFile,221,78,23,3,51,26,28,7,15,7
JaCoCo Coverage Report,com.google.javascript.jscomp,JSModule,317,43,26,0,87,14,35,5,22,5
JaCoCo Coverage Report,com.google.javascript.jscomp,MakeDeclaredNamesUnique.ContextualRenamer,99,0,8,0,26,0,13,0,9,0
JaCoCo Coverage Report,com.google.javascript.jscomp,ReplaceStrings.Config,12,0,0,0,4,0,1,0,1,0
JaCoCo Coverage Report,com.google.javascript.jscomp,FunctionInjector,919,0,189,0,254,0,117,0,19,0
JaCoCo Coverage Report,com.google.javascript.jscomp,Tracer.new Tracer.InternalClock() {...},0,5,0,0,0,2,0,2,0,2
JaCoCo Coverage Report,com.google.javascript.jscomp,SourceMap2.LineMapDecoder.LineEntry,9,0,0,0,4,0,1,0,1,0
JaCoCo Coverage Report,com.google.javascript.jscomp,NodeTraversal.AbstractShallowStatementCallback,15,0,6,0,3,0,5,0,2,0
JaCoCo Coverage Report,com.google.javascript.jscomp,InlineFunctions.FunctionState,217,0,26,0,66,0,40,0,27,0
JaCoCo Coverage Report,com.google.javascript.jscomp,ReplaceIdGenerators.Callback,78,0,10,0,19,0,7,0,2,0
JaCoCo Coverage Report,com.google.javascript.jscomp,ReplaceCssNames,50,0,0,0,18,0,4,0,4,0
JaCoCo Coverage Report,com.google.javascript.jscomp,RenameVars.ProcessVars,175,0,36,0,45,0,21,0,3,0
JaCoCo Coverage Report,com.google.javascript.jscomp,StrictWarningsGuard,14,0,2,0,3,0,4,0,3,0
JaCoCo Coverage Report,com.google.javascript.jscomp,RemoveConstantExpressionsParallel.new Supplier() {...},11,0,0,0,2,0,2,0,2,0
JaCoCo Coverage Report,com.google.javascript.jscomp,TightenTypes.NativeCallFunctionCall,79,0,8,0,19,0,6,0,2,0
JaCoCo Coverage Report,com.google.javascript.jscomp,NameGenerator,208,7,26,0,42,4,18,1,5,1
JaCoCo Coverage Report,com.google.javascript.jscomp,ProcessDefines.CollectDefines,432,0,66,0,92,0,42,0,9,0
JaCoCo Coverage Report,com.google.javascript.jscomp,InlineCostEstimator.CompiledSizeEstimator,61,0,2,0,19,0,8,0,7,0
JaCoCo Coverage Report,com.google.javascript.jscomp,InlineVariables.Mode,34,0,0,0,4,0,1,0,1,0
JaCoCo Coverage Report,com.google.javascript.jscomp,LinkedFlowScope,489,0,90,0,115,0,64,0,19,0
JaCoCo Coverage Report,com.google.javascript.jscomp,DefaultPassConfig,2024,33,250,0,360,16,144,1,18,1
JaCoCo Coverage Report,com.google.javascript.jscomp,CheckMissingGetCssName,183,5,42,0,40,2,28,1,7,1
JaCoCo Coverage Report,com.google.javascript.jscomp,SideEffectsAnalysis.LocationSummary,15,0,0,0,6,0,3,0,3,0
JaCoCo Coverage Report,com.google.javascript.jscomp,NameAnonymousFunctions,49,0,0,0,11,0,3,0,3,0
JaCoCo Coverage Report,com.google.javascript.jscomp,AnalyzeNameReferences.NameInfo,59,0,8,0,18,0,8,0,4,0
JaCoCo Coverage Report,com.google.javascript.jscomp,ExtractPrototypeMemberDeclarations.ExtractionInstance,64,0,10,0,17,0,7,0,2,0
JaCoCo Coverage Report,com.google.javascript.jscomp,TightenTypes.CreateScope,922,0,148,0,212,0,91,0,12,0
JaCoCo Coverage Report,com.google.javascript.jscomp,SemanticReverseAbstractInterpreter.RestrictByFalseInstanceOfResultVisitor,58,0,10,0,18,0,9,0,4,0
JaCoCo Coverage Report,com.google.javascript.jscomp,DefaultPassConfig.28.new CompilerPass() {...},43,0,0,0,7,0,2,0,2,0
JaCoCo Coverage Report,com.google.javascript.jscomp,WarningsGuard.Priority,3,89,0,0,1,11,1,2,1,2
JaCoCo Coverage Report,com.google.javascript.jscomp,ExternExportsPass.SymbolExport,23,0,2,0,7,0,3,0,2,0
JaCoCo Coverage Report,com.google.javascript.jscomp,DefaultPassConfig.7.new CompilerPass() {...},35,0,2,0,6,0,3,0,2,0
JaCoCo Coverage Report,com.google.javascript.jscomp,PerformanceTracker,181,0,12,0,46,0,15,0,9,0
JaCoCo Coverage Report,com.google.javascript.jscomp,GlobalNamespace,149,0,18,0,35,0,19,0,10,0
JaCoCo Coverage Report,com.google.javascript.jscomp,CreateSyntheticBlocks.Marker,12,0,0,0,4,0,1,0,1,0
JaCoCo Coverage Report,com.google.javascript.jscomp,DeadAssignmentsElimination.VariableLiveness,34,0,0,0,4,0,1,0,1,0
JaCoCo Coverage Report,com.google.javascript.jscomp,FunctionNames.FunctionListExtractor,41,0,2,0,11,0,3,0,2,0
JaCoCo Coverage Report,com.google.javascript.jscomp,ReferenceCollectingCallback,181,5,23,0,43,1,23,1,11,1
JaCoCo Coverage Report,com.google.javascript.jscomp,ChainableReverseAbstractInterpreter.new Visitor() {...},98,0,4,0,17,0,16,0,14,0
JaCoCo Coverage Report,com.google.javascript.jscomp,ChainableReverseAbstractInterpreter.new Visitor() {...},98,0,4,0,17,0,16,0,14,0
JaCoCo Coverage Report,com.google.javascript.jscomp,DefinitionsRemover.FunctionArgumentDefinition,16,0,0,0,5,0,2,0,2,0
JaCoCo Coverage Report,com.google.javascript.jscomp,MethodCompilerPass.GatherSignatures,100,0,21,0,23,0,14,0,3,0
JaCoCo Coverage Report,com.google.javascript.jscomp,AliasStrings,492,5,69,0,120,2,45,1,10,1
JaCoCo Coverage Report,com.google.javascript.jscomp,NameAnalyzer.FindReferences.NodeAccumulator,54,0,4,0,18,0,7,0,5,0
JaCoCo Coverage Report,com.google.javascript.jscomp,MustBeReachingVariableDef.new ControlFlowGraph.AbstractCfgNodeTraversalCallback() {...},32,0,4,0,4,0,4,0,2,0
JaCoCo Coverage Report,com.google.javascript.jscomp,ScopedAliases.Traversal,370,0,68,0,80,0,46,0,12,0
JaCoCo Coverage Report,com.google.javascript.jscomp,GatherSideEffectSubexpressionsCallback,274,0,48,0,68,0,33,0,9,0
JaCoCo Coverage Report,com.google.javascript.jscomp,NodeNameExtractor,163,0,19,0,34,0,15,0,2,0
JaCoCo Coverage Report,com.google.javascript.jscomp,FunctionRewriter.SetterReducer,101,0,20,0,30,0,13,0,3,0
JaCoCo Coverage Report,com.google.javascript.jscomp,AnalyzePrototypeProperties.NameContext,9,0,0,0,3,0,1,0,1,0
JaCoCo Coverage Report,com.google.javascript.jscomp,PropertyRenamingPolicy,0,54,0,0,0,6,0,1,0,1
JaCoCo Coverage Report,com.google.javascript.jscomp,ProcessDefines.DefineInfo,34,0,0,0,13,0,5,0,5,0
JaCoCo Coverage Report,com.google.javascript.jscomp,UnreachableCodeElimination,282,5,58,0,81,2,37,1,7,1
JaCoCo Coverage Report,com.google.javascript.jscomp,AmbiguateProperties.PropertyGraph,67,0,4,0,14,0,8,0,6,0
JaCoCo Coverage Report,com.google.javascript.jscomp,FlowSensitiveInlineVariables.new Predicate() {...},40,3,16,0,10,1,9,1,1,1
JaCoCo Coverage Report,com.google.javascript.jscomp,ExternExportsPass,207,9,24,0,58,4,18,1,6,1
JaCoCo Coverage Report,com.google.javascript.jscomp,Result,58,0,2,0,16,0,3,0,2,0
JaCoCo Coverage Report,com.google.javascript.jscomp,CheckAccessControls,842,45,190,0,215,16,116,1,20,1
JaCoCo Coverage Report,com.google.javascript.jscomp,DefaultPassConfig.87.new CompilerPass() {...},54,0,0,0,12,0,2,0,2,0
JaCoCo Coverage Report,com.google.javascript.jscomp,LightweightMessageFormatter,144,20,20,0,33,7,15,3,5,3
JaCoCo Coverage Report,com.google.javascript.jscomp,RenameLabels.LabelInfo,9,0,0,0,4,0,1,0,1,0
JaCoCo Coverage Report,com.google.javascript.jscomp,FunctionRewriter.Reduction,35,0,0,0,10,0,3,0,3,0
JaCoCo Coverage Report,com.google.javascript.jscomp,AnonymousFunctionNamingPolicy,3,55,0,0,1,7,1,2,1,2
JaCoCo Coverage Report,com.google.javascript.jscomp,MaybeReachingVariableUse.ReachingUses,32,0,4,0,9,0,6,0,4,0
JaCoCo Coverage Report,com.google.javascript.jscomp,FlowSensitiveInlineVariables.GatherCandiates,38,0,2,0,10,0,3,0,2,0
JaCoCo Coverage Report,com.google.javascript.jscomp,PeepholeSubstituteAlternateSyntax,1406,24,274,0,401,8,171,1,25,1
JaCoCo Coverage Report,com.google.javascript.jscomp,CheckGlobalThis,189,5,64,0,50,1,37,1,5,1
JaCoCo Coverage Report,com.google.javascript.jscomp,AnalyzePrototypeProperties.ProcessProperties,572,0,107,0,117,0,65,0,11,0
JaCoCo Coverage Report,com.google.javascript.jscomp,JSSourceFile,50,19,0,0,9,5,8,3,8,3
JaCoCo Coverage Report,com.google.javascript.jscomp,AnalyzePrototypeProperties.LiteralProperty,42,0,0,0,14,0,6,0,6,0
JaCoCo Coverage Report,com.google.javascript.jscomp,SourceFile.Preloaded,0,16,0,0,0,6,0,2,0,2
JaCoCo Coverage Report,com.google.javascript.jscomp,FunctionRewriter.ReturnConstantReducer,37,0,8,0,13,0,7,0,3,0
JaCoCo Coverage Report,com.google.javascript.jscomp,RenameVars.Assignment,33,0,2,0,10,0,3,0,2,0
JaCoCo Coverage Report,com.google.javascript.jscomp,ClosureReverseAbstractInterpreter.TypeRestriction,9,0,0,0,4,0,1,0,1,0
JaCoCo Coverage Report,com.google.javascript.jscomp,IgnoreCajaProperties,19,0,0,0,6,0,2,0,2,0
JaCoCo Coverage Report,com.google.javascript.jscomp,StrictModeCheck.NonExternChecks,85,0,18,0,18,0,13,0,4,0
JaCoCo Coverage Report,com.google.javascript.jscomp,MethodCompilerPass.GetExternMethods,111,0,17,0,25,0,11,0,2,0
JaCoCo Coverage Report,com.google.javascript.jscomp,Compiler.new Callable() {...},148,0,22,0,27,0,13,0,2,0
JaCoCo Coverage Report,com.google.javascript.jscomp,TypedScopeCreator.AbstractScopeBuilder,1474,328,326,53,335,83,195,21,13,11
JaCoCo Coverage Report,com.google.javascript.jscomp,Compiler.new Callable() {...},76,0,6,0,16,0,5,0,2,0
JaCoCo Coverage Report,com.google.javascript.jscomp,DisambiguateProperties.FindExternProperties,62,0,6,0,12,0,5,0,2,0
JaCoCo Coverage Report,com.google.javascript.jscomp,DefaultPassConfig.74.new CompilerPass() {...},13,0,0,0,3,0,2,0,2,0
JaCoCo Coverage Report,com.google.javascript.jscomp,WarningsGuard,4,6,0,0,2,2,2,2,2,2
JaCoCo Coverage Report,com.google.javascript.jscomp,SuspiciousPropertiesCheck.ProcessExternedProperties,69,0,16,0,17,0,11,0,2,0
JaCoCo Coverage Report,com.google.javascript.jscomp,SourceMapLegacy.Mapping,9,0,0,0,3,0,1,0,1,0
JaCoCo Coverage Report,com.google.javascript.jscomp,SemanticReverseAbstractInterpreter.new Function() {...},14,3,4,0,3,1,3,1,1,1
JaCoCo Coverage Report,com.google.javascript.jscomp,MustBeReachingVariableDef.Definition,26,0,4,0,8,0,4,0,2,0
JaCoCo Coverage Report,com.google.javascript.jscomp,SemanticReverseAbstractInterpreter.new Function() {...},14,3,4,0,3,1,3,1,1,1
JaCoCo Coverage Report,com.google.javascript.jscomp,SemanticReverseAbstractInterpreter.new Function() {...},20,0,0,0,4,0,2,0,2,0
JaCoCo Coverage Report,com.google.javascript.jscomp,Compiler.new Callable() {...},13,0,0,0,3,0,2,0,2,0
JaCoCo Coverage Report,com.google.javascript.jscomp,Normalize.VerifyConstants,174,0,28,0,38,0,17,0,3,0
JaCoCo Coverage Report,com.google.javascript.jscomp,Compiler.new PassFactory() {...},5,8,0,0,1,1,1,1,1,1
JaCoCo Coverage Report,com.google.javascript.jscomp,SemanticReverseAbstractInterpreter.new Function() {...},14,3,4,0,3,1,3,1,1,1
JaCoCo Coverage Report,com.google.javascript.jscomp,SemanticReverseAbstractInterpreter.new Function() {...},14,3,4,0,3,1,3,1,1,1
JaCoCo Coverage Report,com.google.javascript.jscomp,Compiler.new Runnable() {...},40,0,4,0,9,0,4,0,2,0
JaCoCo Coverage Report,com.google.javascript.jscomp,Compiler.new Callable() {...},49,0,4,0,11,0,4,0,2,0
JaCoCo Coverage Report,com.google.javascript.jscomp,NameReferenceGraph,200,0,16,0,46,0,15,0,7,0
JaCoCo Coverage Report,com.google.javascript.jscomp,Compiler.new Supplier() {...},14,0,0,0,2,0,2,0,2,0
JaCoCo Coverage Report,com.google.javascript.jscomp,Compiler.new Callable() {...},64,0,6,0,13,0,5,0,2,0
JaCoCo Coverage Report,com.google.javascript.jscomp,Compiler.new Callable() {...},62,0,2,0,12,0,3,0,2,0
JaCoCo Coverage Report,com.google.javascript.jscomp,CrossModuleCodeMotion,497,5,109,0,129,2,65,1,9,1
JaCoCo Coverage Report,com.google.javascript.jscomp,DefinitionsRemover.FunctionExpressionDefinition,18,0,0,0,7,0,2,0,2,0
JaCoCo Coverage Report,com.google.javascript.jscomp,MoveFunctionDeclarations,108,0,16,0,28,0,12,0,4,0
JaCoCo Coverage Report,com.google.javascript.jscomp,DeadAssignmentsElimination,419,0,90,0,119,0,56,0,10,0
JaCoCo Coverage Report,com.google.javascript.jscomp,SideEffectsAnalysis.LocationAbstraction,37,0,2,0,8,0,2,0,1,0
JaCoCo Coverage Report,com.google.javascript.jscomp,BasicErrorManager.LeveledJSErrorComparator,118,3,40,0,33,1,21,1,1,1
JaCoCo Coverage Report,com.google.javascript.jscomp,CompilationLevel,231,0,4,0,74,0,9,0,6,0
JaCoCo Coverage Report,com.google.javascript.jscomp,GlobalNamespace.Ref.Type,64,0,0,0,7,0,1,0,1,0
JaCoCo Coverage Report,com.google.javascript.jscomp,JsAst,48,75,2,4,12,21,4,7,2,6
JaCoCo Coverage Report,com.google.javascript.jscomp,Instrumentation.Builder,598,0,68,0,153,0,80,0,43,0
JaCoCo Coverage Report,com.google.javascript.jscomp,NameAnalyzer.ReferencePropagationCallback,13,0,4,0,4,0,3,0,1,0
JaCoCo Coverage Report,com.google.javascript.jscomp,ExpressionDecomposer.DecompositionType,34,0,0,0,4,0,1,0,1,0
JaCoCo Coverage Report,com.google.javascript.jscomp,NameAnalyzer.NameInformation,21,0,0,0,7,0,1,0,1,0
JaCoCo Coverage Report,com.google.javascript.jscomp,AmbiguateProperties.ProcessProperties,108,0,14,0,27,0,12,0,4,0
JaCoCo Coverage Report,com.google.javascript.jscomp,SimpleDefinitionFinder.DefinitionGatheringCallback,234,0,52,0,57,0,29,0,3,0
JaCoCo Coverage Report,com.google.javascript.jscomp,FindExportableNodes,116,5,26,0,28,2,17,1,3,1
JaCoCo Coverage Report,com.google.javascript.jscomp,JsMessage.Hash,795,0,30,0,68,0,33,0,7,0
JaCoCo Coverage Report,com.google.javascript.jscomp,ConcreteType.ConcreteUnionType,196,0,32,0,45,0,26,0,10,0
JaCoCo Coverage Report,com.google.javascript.jscomp,SpecializeModule.new SpecializeModule.NodeMatcher() {...},30,0,4,0,6,0,5,0,3,0
JaCoCo Coverage Report,com.google.javascript.jscomp,CreateSyntheticBlocks.Callback,160,0,16,0,31,0,10,0,2,0
JaCoCo Coverage Report,com.google.javascript.jscomp,GoogleCodingConvention,53,33,13,5,9,10,13,5,5,4
JaCoCo Coverage Report,com.google.javascript.jscomp,MakeDeclaredNamesUnique.ContextualRenameInverter,259,0,38,0,69,0,32,0,13,0
JaCoCo Coverage Report,com.google.javascript.jscomp,AliasStrings.StringInfo,166,0,30,0,37,0,18,0,3,0
JaCoCo Coverage Report,com.google.javascript.jscomp,JSModuleGraph,545,0,66,0,123,0,48,0,15,0
JaCoCo Coverage Report,com.google.javascript.jscomp,ControlFlowAnalysis,1530,0,272,0,379,0,191,0,39,0
JaCoCo Coverage Report,com.google.javascript.jscomp,AnalyzePrototypeProperties,233,0,14,0,50,0,12,0,5,0
JaCoCo Coverage Report,com.google.javascript.jscomp,AmbiguateProperties.new Comparator() {...},20,0,2,0,4,0,3,0,2,0
JaCoCo Coverage Report,com.google.javascript.jscomp,CrossModuleCodeMotion.Declaration,12,0,0,0,4,0,1,0,1,0
JaCoCo Coverage Report,com.google.javascript.jscomp,VariableShadowDeclarationCheck,36,0,0,0,9,0,3,0,3,0
JaCoCo Coverage Report,com.google.javascript.jscomp,CommandLineRunner.FormattingOption,50,0,3,0,10,0,4,0,2,0
JaCoCo Coverage Report,com.google.javascript.jscomp,ReferenceCollectingCallback.new ReferenceCollectingCallback.Behavior() {...},1,3,0,0,1,1,1,1,1,1
JaCoCo Coverage Report,com.google.javascript.jscomp,DefaultPassConfig.new PassFactory() {...},15,0,0,0,2,0,2,0,2,0
JaCoCo Coverage Report,com.google.javascript.jscomp,RenamePrototypes.new Comparator() {...},22,0,2,0,6,0,3,0,2,0
JaCoCo Coverage Report,com.google.javascript.jscomp,DefaultPassConfig.new PassFactory() {...},14,0,0,0,2,0,2,0,2,0
JaCoCo Coverage Report,com.google.javascript.jscomp,DefaultPassConfig.new PassFactory() {...},14,0,0,0,2,0,2,0,2,0
JaCoCo Coverage Report,com.google.javascript.jscomp,Normalize.ScopeTicklingCallback,14,0,0,0,6,0,5,0,5,0
JaCoCo Coverage Report,com.google.javascript.jscomp,DefaultPassConfig.new PassFactory() {...},53,0,6,0,7,0,5,0,2,0
JaCoCo Coverage Report,com.google.javascript.jscomp,ClosureReverseAbstractInterpreter,181,0,18,0,37,0,12,0,3,0
JaCoCo Coverage Report,com.google.javascript.jscomp,DefaultPassConfig.34.new CompilerPass() {...},37,0,0,0,5,0,2,0,2,0
JaCoCo Coverage Report,com.google.javascript.jscomp,DefaultPassConfig.new PassFactory() {...},13,0,0,0,2,0,2,0,2,0
JaCoCo Coverage Report,com.google.javascript.jscomp,DefaultPassConfig.new PassFactory() {...},14,0,0,0,2,0,2,0,2,0
JaCoCo Coverage Report,com.google.javascript.jscomp,DefaultPassConfig.new PassFactory() {...},25,0,2,0,4,0,3,0,2,0
JaCoCo Coverage Report,com.google.javascript.jscomp,DefaultPassConfig.new PassFactory() {...},29,0,4,0,2,0,4,0,2,0
JaCoCo Coverage Report,com.google.javascript.jscomp,DefaultPassConfig.new PassFactory() {...},14,0,0,0,2,0,2,0,2,0
JaCoCo Coverage Report,com.google.javascript.jscomp,DefinitionsRemover.AssignmentDefinition,36,0,0,0,11,0,4,0,4,0
JaCoCo Coverage Report,com.google.javascript.jscomp,DefaultPassConfig.new PassFactory() {...},13,0,0,0,2,0,2,0,2,0
JaCoCo Coverage Report,com.google.javascript.jscomp,ExtractPrototypeMemberDeclarations.GatherExtractionInfo,72,0,12,0,17,0,9,0,3,0
JaCoCo Coverage Report,com.google.javascript.jscomp,ScopedAliases.AliasedTypeNode,18,0,0,0,6,0,2,0,2,0
JaCoCo Coverage Report,com.google.javascript.jscomp,InlineFunctions.NamedFunction,25,0,0,0,8,0,5,0,5,0
JaCoCo Coverage Report,com.google.javascript.jscomp,CallGraph.new Predicate() {...},30,0,6,0,5,0,5,0,2,0
JaCoCo Coverage Report,com.google.javascript.jscomp,TypedScopeCreator.StubDeclaration,12,0,0,0,5,0,1,0,1,0
JaCoCo Coverage Report,com.google.javascript.jscomp,CallGraph.new NodeTraversal.AbstractPostOrderCallback() {...},69,0,10,0,16,0,7,0,2,0
JaCoCo Coverage Report,com.google.javascript.jscomp,RenameVars,505,9,60,0,116,2,40,1,10,1
JaCoCo Coverage Report,com.google.javascript.jscomp,RenameLabels.LabelNamespace,8,0,0,0,2,0,1,0,1,0
JaCoCo Coverage Report,com.google.javascript.jscomp,InlineVariables.IdentifyLocals,10,0,0,0,2,0,2,0,2,0
JaCoCo Coverage Report,com.google.javascript.jscomp,DefaultPassConfig.new PassFactory() {...},13,0,0,0,2,0,2,0,2,0
JaCoCo Coverage Report,com.google.javascript.jscomp,CheckMissingReturn.new Predicate() {...},42,3,12,0,11,1,7,1,1,1
JaCoCo Coverage Report,com.google.javascript.jscomp,CheckMissingReturn.new Predicate() {...},10,3,4,0,1,1,3,1,1,1
JaCoCo Coverage Report,com.google.javascript.jscomp,DefaultPassConfig.new PassFactory() {...},33,0,4,0,4,0,4,0,2,0
JaCoCo Coverage Report,com.google.javascript.jscomp,FunctionInformationMap,266,22,22,0,67,11,39,3,28,3
JaCoCo Coverage Report,com.google.javascript.jscomp,CodingConvention.AssertionFunctionSpec,22,0,0,0,9,0,5,0,5,0
JaCoCo Coverage Report,com.google.javascript.jscomp,DefaultPassConfig.new PassFactory() {...},14,0,0,0,2,0,2,0,2,0
JaCoCo Coverage Report,com.google.javascript.jscomp,DefaultPassConfig.new PassFactory() {...},21,0,0,0,2,0,2,0,2,0
JaCoCo Coverage Report,com.google.javascript.jscomp,DefaultPassConfig.new PassFactory() {...},33,0,0,0,2,0,2,0,2,0
JaCoCo Coverage Report,com.google.javascript.jscomp,DefaultPassConfig.new PassFactory() {...},13,0,0,0,2,0,2,0,2,0
JaCoCo Coverage Report,com.google.javascript.jscomp,DefaultPassConfig.new PassFactory() {...},20,0,0,0,3,0,2,0,2,0
JaCoCo Coverage Report,com.google.javascript.jscomp,AmbiguateProperties.ProcessExterns,43,0,7,0,11,0,6,0,2,0
JaCoCo Coverage Report,com.google.javascript.jscomp,DefaultPassConfig.new PassFactory() {...},17,0,0,0,2,0,2,0,2,0
JaCoCo Coverage Report,com.google.javascript.jscomp,DefaultPassConfig.new PassFactory() {...},17,0,0,0,2,0,2,0,2,0
JaCoCo Coverage Report,com.google.javascript.jscomp,DefaultPassConfig.new PassFactory() {...},13,0,0,0,2,0,2,0,2,0
JaCoCo Coverage Report,com.google.javascript.jscomp,JsMessage.Builder,212,0,18,0,53,0,26,0,17,0
JaCoCo Coverage Report,com.google.javascript.jscomp,AbstractMessageFormatter,43,17,5,0,9,7,7,3,4,3
JaCoCo Coverage Report,com.google.javascript.jscomp,ReferenceCollectingCallback.Reference,207,0,40,0,41,0,38,0,18,0
JaCoCo Coverage Report,com.google.javascript.jscomp,NameReferenceGraphReport.DiGraphNodeComparator,50,0,8,0,12,0,6,0,2,0
JaCoCo Coverage Report,com.google.javascript.jscomp,Scope.Var,152,21,23,1,38,7,32,2,20,2
JaCoCo Coverage Report,com.google.javascript.jscomp,CodePrinter.PrettyCodePrinter,210,0,30,0,64,0,33,0,16,0
JaCoCo Coverage Report,com.google.javascript.jscomp,ConcreteType.ConcreteNoneType,8,0,0,0,4,0,4,0,4,0
JaCoCo Coverage Report,com.google.javascript.jscomp,CodeChangeHandler.RecentChange,0,17,0,0,0,7,0,4,0,4
JaCoCo Coverage Report,com.google.javascript.jscomp,StrictModeCheck,266,37,51,0,62,9,36,1,10,1
JaCoCo Coverage Report,com.google.javascript.jscomp,ProcessClosurePrimitives.new CssRenamingMap() {...},22,0,2,0,4,0,3,0,2,0
JaCoCo Coverage Report,com.google.javascript.jscomp,TypeInference,2017,0,345,0,534,0,226,0,41,0
JaCoCo Coverage Report,com.google.javascript.jscomp,GlobalNamespace.Name.Type,34,0,0,0,4,0,1,0,1,0
JaCoCo Coverage Report,com.google.javascript.jscomp,CodingConvention.DelegateRelationship,9,0,0,0,4,0,1,0,1,0
JaCoCo Coverage Report,com.google.javascript.jscomp,StripCode.Strip,651,0,137,0,170,0,91,0,19,0
JaCoCo Coverage Report,com.google.javascript.jscomp,ChainableReverseAbstractInterpreter.RestrictByTrueTypeOfResultVisitor,23,0,0,0,9,0,9,0,9,0
JaCoCo Coverage Report,com.google.javascript.jscomp,TightenTypes.Assignment,15,0,0,0,6,0,1,0,1,0
JaCoCo Coverage Report,com.google.javascript.jscomp,AliasExternals,742,0,58,0,164,0,48,0,19,0
JaCoCo Coverage Report,com.google.javascript.jscomp,RuntimeTypeCheck.AddChecks,264,0,44,0,81,0,28,0,6,0
JaCoCo Coverage Report,com.google.javascript.jscomp,RenamePrototypes.Property,135,0,28,0,30,0,19,0,5,0
JaCoCo Coverage Report,com.google.javascript.jscomp,DefaultPassConfig.21.new CompilerPass() {...},31,0,0,0,5,0,2,0,2,0
JaCoCo Coverage Report,com.google.javascript.jscomp,ControlFlowAnalysis.AstControlFlowGraph,31,0,2,0,9,0,4,0,3,0
JaCoCo Coverage Report,com.google.javascript.jscomp,ExternExportsPass.PropertyExport,90,0,6,0,13,0,5,0,2,0
JaCoCo Coverage Report,com.google.javascript.jscomp,NodeIterators.LocalVarMotion,240,0,52,0,53,0,33,0,7,0
JaCoCo Coverage Report,com.google.javascript.jscomp,Compiler,1590,829,164,66,383,216,184,56,84,41
JaCoCo Coverage Report,com.google.javascript.jscomp,RenameLabels,15,0,0,0,5,0,2,0,2,0
JaCoCo Coverage Report,com.google.javascript.jscomp,InlineFunctions.Reference,15,0,0,0,5,0,1,0,1,0
JaCoCo Coverage Report,com.google.javascript.jscomp,FunctionNames.FunctionRecord,12,0,0,0,5,0,1,0,1,0
JaCoCo Coverage Report,com.google.javascript.jscomp,FunctionInformationMap.Builder,463,0,52,0,114,0,58,0,31,0
JaCoCo Coverage Report,com.google.javascript.jscomp,AbstractMessageFormatter.Color,3,45,0,0,1,7,1,2,1,2
JaCoCo Coverage Report,com.google.javascript.jscomp,CommandLineRunner.Flags,112,0,0,0,47,0,1,0,1,0
JaCoCo Coverage Report,com.google.javascript.jscomp,SourceMapLegacy,371,0,36,0,82,0,26,0,8,0
JaCoCo Coverage Report,com.google.javascript.jscomp,FunctionRewriter.SingleReturnStatementReducer,23,0,4,0,8,0,4,0,2,0
JaCoCo Coverage Report,com.google.javascript.jscomp,TypeCheck,2653,223,434,0,630,54,277,1,38,1
JaCoCo Coverage Report,com.google.javascript.jscomp,DisambiguateProperties.FindRenameableProperties,177,0,26,0,39,0,18,0,5,0
JaCoCo Coverage Report,com.google.javascript.jscomp,UnfoldCompoundAssignments,181,0,33,0,43,0,26,0,8,0
JaCoCo Coverage Report,com.google.javascript.jscomp,ClosureCodeRemoval,104,0,12,0,28,0,8,0,2,0
JaCoCo Coverage Report,com.google.javascript.jscomp,DefaultPassConfig.PureFunctionMarker,74,0,4,0,22,0,4,0,2,0
JaCoCo Coverage Report,com.google.javascript.jscomp,DefaultPassConfig.78.new CompilerPass() {...},28,0,0,0,3,0,2,0,2,0
JaCoCo Coverage Report,com.google.javascript.jscomp,CollapseVariableDeclarations,167,0,30,0,39,0,20,0,5,0
JaCoCo Coverage Report,com.google.javascript.jscomp,SuspiciousPropertiesCheck.Property,18,0,0,0,7,0,1,0,1,0
JaCoCo Coverage Report,com.google.javascript.jscomp,InlineFunctions.FunctionVar,27,0,0,0,8,0,5,0,5,0
JaCoCo Coverage Report,com.google.javascript.jscomp,Normalize.NormalizeStatements,233,187,24,40,61,57,22,23,3,9
JaCoCo Coverage Report,com.google.javascript.jscomp,LightweightMessageFormatter.LineNumberingFormatter,116,3,12,0,33,1,8,1,2,1
JaCoCo Coverage Report,com.google.javascript.jscomp,DefinitionsRemover.ObjectLiteralPropertyDefinition,39,0,0,0,11,0,4,0,4,0
JaCoCo Coverage Report,com.google.javascript.jscomp,CheckProvides,34,0,0,0,9,0,3,0,3,0
JaCoCo Coverage Report,com.google.javascript.jscomp,JSModuleGraph.DepthComparator,12,0,0,0,2,0,2,0,2,0
JaCoCo Coverage Report,com.google.javascript.jscomp,PerformanceTracker.CodeSizeEstimatePrinter,95,0,6,0,30,0,8,0,5,0
JaCoCo Coverage Report,com.google.javascript.jscomp,NameAnalyzer.InstanceOfCheckNode,35,0,2,0,7,0,3,0,2,0
JaCoCo Coverage Report,com.google.javascript.jscomp,RenameProperties.new Comparator() {...},20,0,2,0,4,0,3,0,2,0
JaCoCo Coverage Report,com.google.javascript.jscomp,MakeDeclaredNamesUnique,258,0,47,0,71,0,34,0,9,0
JaCoCo Coverage Report,com.google.javascript.jscomp,VariableReferenceCheck.ReferenceCheckingBehavior,226,0,40,0,57,0,23,0,3,0
JaCoCo Coverage Report,com.google.javascript.jscomp,TightenTypes.PropertyAssignAction,68,0,2,0,15,0,3,0,2,0
JaCoCo Coverage Report,com.google.javascript.jscomp,LiveVariablesAnalysis.LiveVariableLattice,60,0,4,0,15,0,9,0,7,0
JaCoCo Coverage Report,com.google.javascript.jscomp,FunctionNames,109,0,8,0,28,0,9,0,5,0
JaCoCo Coverage Report,com.google.javascript.jscomp,ErrorFormat.new ErrorFormat() {...},0,16,0,0,0,4,0,2,0,2
JaCoCo Coverage Report,com.google.javascript.jscomp,ErrorFormat.new ErrorFormat() {...},11,6,0,0,3,1,1,1,1,1
JaCoCo Coverage Report,com.google.javascript.jscomp,ErrorFormat.new ErrorFormat() {...},7,6,0,0,3,1,1,1,1,1
JaCoCo Coverage Report,com.google.javascript.jscomp,NameAnalyzer.SpecialReferenceNode,21,0,0,0,7,0,2,0,2,0
JaCoCo Coverage Report,com.google.javascript.jscomp,RhinoErrorReporter.OldRhinoErrorReporter,9,5,0,0,1,2,1,1,1,1
JaCoCo Coverage Report,com.google.javascript.jscomp,CommandLineRunner,544,0,26,0,108,0,23,0,10,0
JaCoCo Coverage Report,com.google.javascript.jscomp,ErrorFormat.new ErrorFormat() {...},10,6,0,0,3,1,1,1,1,1
JaCoCo Coverage Report,com.google.javascript.jscomp,TypeInference.BooleanOutcomePair,63,0,12,0,15,0,9,0,3,0
JaCoCo Coverage Report,com.google.javascript.jscomp,SimpleDefinitionFinder.UseSiteGatheringCallback,39,0,2,0,10,0,3,0,2,0
JaCoCo Coverage Report,com.google.javascript.jscomp,ShowByPathWarningsGuard.ShowType,24,0,0,0,3,0,1,0,1,0
JaCoCo Coverage Report,com.google.javascript.jscomp,InvocationsCallback,33,0,6,0,11,0,5,0,2,0
JaCoCo Coverage Report,com.google.javascript.jscomp,DefinitionsRemover.NamedFunctionDefinition,10,0,0,0,4,0,2,0,2,0
JaCoCo Coverage Report,com.google.javascript.jscomp,JoinOp.BinaryJoinOp,66,0,8,0,15,0,7,0,3,0
JaCoCo Coverage Report,com.google.javascript.jscomp,LinkedFlowScope.LinkedFlowSlot,9,0,0,0,3,0,1,0,1,0
JaCoCo Coverage Report,com.google.javascript.jscomp,RuntimeTypeCheck.AddMarkers,186,0,24,0,47,0,19,0,7,0
JaCoCo Coverage Report,com.google.javascript.jscomp,MarkNoSideEffectCalls,78,0,8,0,20,0,9,0,5,0
JaCoCo Coverage Report,com.google.javascript.jscomp,GlobalNamespace.Ref,128,0,16,0,29,0,16,0,8,0
JaCoCo Coverage Report,com.google.javascript.jscomp,PhaseOptimizer.Loop,3,0,0,0,1,0,1,0,1,0
JaCoCo Coverage Report,com.google.javascript.jscomp,SideEffectsAnalysis.DegenerateLocationAbstraction.DegenerateEffectLocation,24,0,8,0,5,0,7,0,3,0
JaCoCo Coverage Report,com.google.javascript.jscomp,NodeUtil.MatchDeclaration,14,0,4,0,2,0,4,0,2,0
JaCoCo Coverage Report,com.google.javascript.jscomp,PhaseOptimizer.NamedPass,28,0,0,0,8,0,2,0,2,0
JaCoCo Coverage Report,com.google.javascript.jscomp,FlowSensitiveInlineVariables,160,5,18,0,36,1,16,1,7,1
JaCoCo Coverage Report,com.google.javascript.jscomp,DefinitionsRemover.UnknownDefinition,10,0,0,0,3,0,2,0,2,0
JaCoCo Coverage Report,com.google.javascript.jscomp,ReplaceStrings,661,5,97,0,160,2,67,1,17,1
JaCoCo Coverage Report,com.google.javascript.jscomp,RenameLabels.ProcessLabels,253,0,25,0,59,0,22,0,9,0
JaCoCo Coverage Report,com.google.javascript.jscomp,SideEffectsAnalysis.VisibilityLocationAbstraction.new NodeTraversal.AbstractShallowCallback() {...},24,0,6,0,5,0,5,0,2,0
JaCoCo Coverage Report,com.google.javascript.jscomp,AstParallelizer.DettachPoint,49,0,4,0,12,0,4,0,2,0
JaCoCo Coverage Report,com.google.javascript.jscomp,GroupVariableDeclarations,167,0,22,0,58,0,18,0,7,0
JaCoCo Coverage Report,com.google.javascript.jscomp,PhaseOptimizer.PassFactoryDelegate,24,0,0,0,7,0,2,0,2,0
JaCoCo Coverage Report,com.google.javascript.jscomp,SourceMapLegacy.UsedMappingCheck,12,0,2,0,4,0,3,0,2,0
JaCoCo Coverage Report,com.google.javascript.jscomp,RecordFunctionInformation,141,0,12,0,41,0,11,0,5,0
JaCoCo Coverage Report,com.google.javascript.jscomp,NameReferenceGraphConstruction.Traversal,892,0,165,0,221,0,105,0,21,0
JaCoCo Coverage Report,com.google.javascript.jscomp,CompilerOptions,241,421,19,1,71,139,38,7,28,7
JaCoCo Coverage Report,com.google.javascript.jscomp,NameReferenceGraphConstruction,199,0,18,0,49,0,17,0,8,0
JaCoCo Coverage Report,com.google.javascript.jscomp,SourceMapLegacy.MappingTraversal,238,0,42,0,47,0,29,0,8,0
JaCoCo Coverage Report,com.google.javascript.jscomp,AmbiguateProperties,687,0,72,0,147,0,48,0,12,0
JaCoCo Coverage Report,com.google.javascript.jscomp,ChainableReverseAbstractInterpreter.RestrictByFalseTypeOfResultVisitor,43,0,0,0,10,0,10,0,10,0
JaCoCo Coverage Report,com.google.javascript.jscomp,SimpleFunctionAliasAnalysis,129,0,26,0,33,0,18,0,5,0
JaCoCo Coverage Report,com.google.javascript.jscomp,InlineFunctions.Inline,82,0,8,0,21,0,7,0,3,0
JaCoCo Coverage Report,com.google.javascript.jscomp,DiagnosticGroupWarningsGuard,48,9,12,0,8,4,9,1,3,1
JaCoCo Coverage Report,com.google.javascript.jscomp,PassConfig.State,27,0,0,0,10,0,1,0,1,0
JaCoCo Coverage Report,com.google.javascript.jscomp,TightenTypes.ConcreteScope,165,0,12,0,35,0,19,0,13,0
JaCoCo Coverage Report,com.google.javascript.jscomp,AliasExternals.PropertyGatherer,150,0,40,0,25,0,24,0,4,0
JaCoCo Coverage Report,com.google.javascript.jscomp,NameAnonymousFunctions.AnonymousFunctionNamer,64,0,0,0,13,0,5,0,5,0
JaCoCo Coverage Report,com.google.javascript.jscomp,SideEffectsAnalysis.CrossModuleMotionEnvironment,5,0,0,0,3,0,2,0,2,0
JaCoCo Coverage Report,com.google.javascript.jscomp,CheckUnreachableCode,115,0,20,0,33,0,18,0,8,0
JaCoCo Coverage Report,com.google.javascript.jscomp,JsMessageExtractor.ExtractMessagesVisitor,27,0,2,0,8,0,4,0,3,0
JaCoCo Coverage Report,com.google.javascript.jscomp,RemoveUnusedVars.Continuation,43,0,4,0,10,0,4,0,2,0
JaCoCo Coverage Report,com.google.javascript.jscomp,DefinitionsRemover.Definition,21,0,2,0,8,0,4,0,3,0
JaCoCo Coverage Report,com.google.javascript.jscomp,VariableShadowDeclarationCheck.NoShadowAnnotationGatheringCallback,35,0,4,0,11,0,7,0,5,0
JaCoCo Coverage Report,com.google.javascript.jscomp,AliasExternals.GlobalGatherer,74,0,22,0,17,0,13,0,2,0
JaCoCo Coverage Report,com.google.javascript.jscomp,FunctionTypeBuilder,836,315,178,38,172,97,112,17,9,12
JaCoCo Coverage Report,com.google.javascript.jscomp,CollapseProperties,1282,0,208,0,303,0,128,0,23,0
JaCoCo Coverage Report,com.google.javascript.jscomp,Tracer.AtomicTracerStatMap,50,0,6,0,12,0,6,0,3,0
JaCoCo Coverage Report,com.google.javascript.jscomp,DataFlowAnalysis.BranchedFlowState,78,0,2,0,19,0,8,0,7,0
JaCoCo Coverage Report,com.google.javascript.jscomp,RecordFunctionInformation.new Comparator() {...},12,0,0,0,2,0,2,0,2,0
JaCoCo Coverage Report,com.google.javascript.jscomp,SideEffectsAnalysis.VisibilityLocationAbstraction.VisibilityBasedEffectLocation,49,0,4,0,12,0,6,0,4,0
JaCoCo Coverage Report,com.google.javascript.jscomp,ProcessClosurePrimitives.UnrecognizedRequire,15,0,0,0,5,0,1,0,1,0
JaCoCo Coverage Report,com.google.javascript.jscomp,NameAnalyzer.RefType,24,0,0,0,3,0,1,0,1,0
JaCoCo Coverage Report,com.google.javascript.jscomp,SourceExcerptProvider.SourceExcerpt.new SourceExcerptProvider.SourceExcerpt() {...},7,6,0,0,2,1,1,1,1,1
JaCoCo Coverage Report,com.google.javascript.jscomp,InlineVariables.AliasCandidate,9,0,0,0,4,0,1,0,1,0
JaCoCo Coverage Report,com.google.javascript.jscomp,SourceExcerptProvider.SourceExcerpt.new SourceExcerptProvider.SourceExcerpt() {...},8,6,0,0,2,1,1,1,1,1
JaCoCo Coverage Report,com.google.javascript.jscomp,CheckRegExp,69,5,20,0,16,2,14,1,4,1
JaCoCo Coverage Report,com.google.javascript.jscomp,ReplaceIdGenerators,50,0,2,0,14,0,4,0,3,0
JaCoCo Coverage Report,com.google.javascript.jscomp,LinkedFlowScope.FlowScopeJoinOp,34,0,2,0,8,0,3,0,2,0
JaCoCo Coverage Report,com.google.javascript.jscomp,DisambiguateProperties.ConcreteTypeSystem,313,0,62,0,71,0,47,0,16,0
JaCoCo Coverage Report,com.google.javascript.jscomp,InlineFunctions.CallVisitor,84,0,16,0,24,0,10,0,2,0
JaCoCo Coverage Report,com.google.javascript.jscomp,ParallelCompilerPass.new Thread() {...},21,0,0,0,3,0,2,0,2,0
JaCoCo Coverage Report,com.google.javascript.jscomp,DefaultPassConfig.25.new CompilerPass() {...},39,0,0,0,5,0,2,0,2,0
JaCoCo Coverage Report,com.google.javascript.jscomp,InstrumentationTemplate.new Descriptors.FileDescriptor.InternalDescriptorAssigner() {...},47,0,0,0,5,0,2,0,2,0
JaCoCo Coverage Report,com.google.javascript.jscomp,CodeConsumer,109,196,27,27,33,74,33,24,11,19
JaCoCo Coverage Report,com.google.javascript.jscomp,SimpleRegion,21,0,0,0,8,0,4,0,4,0
JaCoCo Coverage Report,com.google.javascript.jscomp,SourceMapLegacy.LineMapper,126,0,20,0,37,0,16,0,6,0
JaCoCo Coverage Report,com.google.javascript.jscomp,ClosureCodeRemoval.RemovableAssignment,78,0,8,0,22,0,6,0,2,0
JaCoCo Coverage Report,com.google.javascript.jscomp,Strings,100,0,22,0,18,0,17,0,6,0
JaCoCo Coverage Report,com.google.javascript.jscomp,DevirtualizePrototypeMethods,497,0,84,0,144,0,54,0,12,0
JaCoCo Coverage Report,com.google.javascript.jscomp,StripCode,31,9,0,0,10,2,2,1,2,1
JaCoCo Coverage Report,com.google.javascript.jscomp,FunctionArgumentInjector,428,0,88,0,105,0,55,0,10,0
JaCoCo Coverage Report,com.google.javascript.jscomp,TightenTypes.VariableAssignAction,36,0,0,0,8,0,2,0,2,0
JaCoCo Coverage Report,com.google.javascript.jscomp,OptimizeParameters,494,0,78,0,123,0,56,0,17,0
JaCoCo Coverage Report,com.google.javascript.jscomp,DefaultPassConfig.36.new CompilerPass() {...},30,0,0,0,5,0,2,0,2,0
JaCoCo Coverage Report,com.google.javascript.jscomp,ReplaceStrings.Location,15,0,0,0,5,0,1,0,1,0
JaCoCo Coverage Report,com.google.javascript.jscomp,PassConfig,190,0,20,0,48,0,20,0,10,0
JaCoCo Coverage Report,com.google.javascript.jscomp,FunctionNames.FunctionExpressionNamer,53,0,4,0,11,0,7,0,5,0
JaCoCo Coverage Report,com.google.javascript.jscomp,SpecializeModule.NodeMatcher,31,0,4,0,10,0,4,0,2,0
JaCoCo Coverage Report,com.google.javascript.jscomp,LinkedFlowScope.FlatFlowScopeCache,204,0,24,0,49,0,16,0,4,0
JaCoCo Coverage Report,com.google.javascript.jscomp,ConcreteType.ConcreteFunctionType,249,0,32,0,57,0,31,0,15,0
JaCoCo Coverage Report,com.google.javascript.jscomp,CheckUnreachableCode.ReachablePredicate,46,0,10,0,11,0,7,0,2,0
JaCoCo Coverage Report,com.google.javascript.jscomp,AmbiguateProperties.Property,100,0,16,0,25,0,11,0,3,0
JaCoCo Coverage Report,com.google.javascript.jscomp,AliasExternals.GetGlobals,86,0,21,0,20,0,14,0,3,0
JaCoCo Coverage Report,com.google.javascript.jscomp,AnalyzePrototypeProperties.PropagateReferences,31,0,6,0,8,0,5,0,2,0
JaCoCo Coverage Report,com.google.javascript.jscomp,PassConfig.PassConfigDelegate,33,0,0,0,10,0,7,0,7,0
JaCoCo Coverage Report,com.google.javascript.jscomp,InlineGetters,207,9,32,0,64,3,29,1,13,1
JaCoCo Coverage Report,com.google.javascript.jscomp,RenameVars.new Comparator() {...},16,3,2,0,3,1,2,1,1,1
JaCoCo Coverage Report,com.google.javascript.jscomp,RenameVars.new Comparator() {...},6,3,0,0,1,1,1,1,1,1
JaCoCo Coverage Report,com.google.javascript.jscomp,BasicErrorManager,71,53,11,1,17,13,10,6,4,6
JaCoCo Coverage Report,com.google.javascript.jscomp,CheckRequiresForConstructors.CheckRequiresForConstructorsCallback,274,0,64,0,68,0,40,0,6,0
JaCoCo Coverage Report,com.google.javascript.jscomp,PeepholeFoldWithTypes,99,0,28,0,30,0,17,0,3,0
JaCoCo Coverage Report,com.google.javascript.jscomp,AliasStrings.StringOccurrence,9,0,0,0,4,0,1,0,1,0
JaCoCo Coverage Report,com.google.javascript.jscomp,ExtractPrototypeMemberDeclarations,199,0,8,0,46,0,10,0,6,0
JaCoCo Coverage Report,com.google.javascript.jscomp,DiagnosticGroup,57,41,6,2,14,11,9,4,6,3
JaCoCo Coverage Report,com.google.javascript.jscomp,InferJSDocInfo,215,0,73,0,67,0,42,0,5,0
JaCoCo Coverage Report,com.google.javascript.jscomp,DefaultPassConfig.12.new CompilerPass() {...},35,0,2,0,7,0,3,0,2,0
JaCoCo Coverage Report,com.google.javascript.jscomp,CompilerOptions.DevMode,0,44,0,0,0,5,0,1,0,1
JaCoCo Coverage Report,com.google.javascript.jscomp,NodeUtil.VarCollector,34,0,8,0,9,0,6,0,2,0
JaCoCo Coverage Report,com.google.javascript.jscomp,SyntacticScopeCreator.DefaultRedeclarationHandler,94,6,20,0,22,1,11,1,1,1
JaCoCo Coverage Report,com.google.javascript.jscomp,AbstractCompiler,0,8,0,0,0,2,0,2,0,2
JaCoCo Coverage Report,com.google.javascript.jscomp,OptimizeArgumentsArray,300,0,40,0,80,0,29,0,9,0
JaCoCo Coverage Report,com.google.javascript.jscomp,RenamePrototypes,300,0,34,0,60,0,22,0,5,0
JaCoCo Coverage Report,com.google.javascript.jscomp,JsMessageExtractor,105,0,6,0,21,0,6,0,3,0
JaCoCo Coverage Report,com.google.javascript.jscomp,RemoveConstantExpressions.RemoveConstantRValuesCallback,92,0,10,0,23,0,10,0,5,0
JaCoCo Coverage Report,com.google.javascript.jscomp,CodeGenerator,1478,704,289,103,353,169,210,43,14,18
JaCoCo Coverage Report,com.google.javascript.jscomp,DataFlowAnalysis.BranchedForwardDataFlowAnalysis,189,0,18,0,41,0,15,0,6,0
JaCoCo Coverage Report,com.google.javascript.jscomp,SourceMap.DetailLevel.new SourceMap.DetailLevel() {...},2,6,0,0,1,1,1,1,1,1
JaCoCo Coverage Report,com.google.javascript.jscomp,SourceMap.DetailLevel.new SourceMap.DetailLevel() {...},26,6,14,0,6,1,8,1,1,1
JaCoCo Coverage Report,com.google.javascript.jscomp,RenameProperties.ProcessExterns,47,0,9,0,11,0,7,0,2,0
JaCoCo Coverage Report,com.google.javascript.jscomp,Tracer.Stat,21,3,2,0,4,1,5,1,4,1
JaCoCo Coverage Report,com.google.javascript.jscomp,ExtractPrototypeMemberDeclarations.PrototypeMemberDeclaration,39,0,2,0,12,0,4,0,3,0
JaCoCo Coverage Report,com.google.javascript.jscomp,NodeUtil.MatchNameNode,20,0,4,0,5,0,4,0,2,0
JaCoCo Coverage Report,com.google.javascript.jscomp,DisambiguateProperties.Property,279,0,44,0,62,0,31,0,9,0
JaCoCo Coverage Report,com.google.javascript.jscomp,ControlFlowAnalysis.AstControlFlowGraph.new Comparator() {...},16,0,0,0,2,0,2,0,2,0
JaCoCo Coverage Report,com.google.javascript.jscomp,InstrumentationTemplate,21,0,0,0,8,0,4,0,4,0
JaCoCo Coverage Report,com.google.javascript.jscomp,ControlFlowAnalysis.AstControlFlowGraph.new Comparator() {...},16,0,0,0,2,0,2,0,2,0
JaCoCo Coverage Report,com.google.javascript.jscomp,AbstractPeepholeOptimization,110,0,12,0,26,0,16,0,10,0
JaCoCo Coverage Report,com.google.javascript.jscomp,AnalyzePrototypeProperties.NameInfo,79,0,8,0,25,0,11,0,7,0
JaCoCo Coverage Report,com.google.javascript.jscomp,SourceMap.DetailLevel,0,24,0,0,0,3,0,1,0,1
JaCoCo Coverage Report,com.google.javascript.jscomp,NodeUtil.MatchNodeType,15,0,2,0,4,0,3,0,2,0
JaCoCo Coverage Report,com.google.javascript.jscomp,Normalize.DuplicateDeclarationHandler,156,0,22,0,35,0,14,0,3,0
JaCoCo Coverage Report,com.google.javascript.jscomp,TypedScopeCreator.GlobalScopeBuilder,154,18,22,1,37,6,15,2,3,2
JaCoCo Coverage Report,com.google.javascript.jscomp,ClosureCodeRemoval.FindAbstractMethods,42,0,8,0,10,0,6,0,2,0
JaCoCo Coverage Report,com.google.javascript.jscomp,ExportTestFunctions,71,0,4,0,18,0,7,0,5,0
JaCoCo Coverage Report,com.google.javascript.jscomp,CollapseAnonymousFunctions,19,0,0,0,6,0,2,0,2,0
JaCoCo Coverage Report,com.google.javascript.jscomp,InlineFunctions.FunctionExpression,19,0,0,0,8,0,5,0,5,0
JaCoCo Coverage Report,com.google.javascript.jscomp,SourceMapLegacy.MappingWriter,117,0,10,0,31,0,8,0,3,0
JaCoCo Coverage Report,com.google.javascript.jscomp,NameReferenceGraphConstruction.NameUse,9,0,0,0,4,0,1,0,1,0
JaCoCo Coverage Report,com.google.javascript.jscomp,PureFunctionIdentifier.FunctionAnalyzer,258,0,63,0,76,0,41,0,8,0
JaCoCo Coverage Report,com.google.javascript.jscomp,LiveVariablesAnalysis.LiveVariableJoinOp,27,0,2,0,4,0,2,0,1,0
JaCoCo Coverage Report,com.google.javascript.jscomp,MemoizedScopeCreator,40,0,4,0,10,0,4,0,2,0
JaCoCo Coverage Report,com.google.javascript.jscomp,CrossModuleMethodMotion,230,0,24,0,58,0,16,0,4,0
JaCoCo Coverage Report,com.google.javascript.jscomp,DiagnosticGroups,36,252,2,0,7,35,3,4,2,4
JaCoCo Coverage Report,com.google.javascript.jscomp,DefinitionSite,18,0,0,0,7,0,1,0,1,0
JaCoCo Coverage Report,com.google.javascript.jscomp,FunctionInjector.CanInlineResult,34,0,0,0,4,0,1,0,1,0
JaCoCo Coverage Report,com.google.javascript.jscomp,MarkNoSideEffectCalls.SetNoSideEffectCallProperty,55,0,12,0,18,0,8,0,2,0
JaCoCo Coverage Report,com.google.javascript.jscomp,FunctionInformationMap.Entry.Builder,490,0,47,0,133,0,68,0,41,0
JaCoCo Coverage Report,com.google.javascript.jscomp,AmbiguateProperties.JSTypeBitSet,48,0,2,0,13,0,4,0,3,0
JaCoCo Coverage Report,com.google.javascript.jscomp,AliasKeywords.FindAliasableNodes,60,0,6,0,14,0,7,0,4,0
JaCoCo Coverage Report,com.google.javascript.jscomp,FunctionInjector.Reference,12,0,0,0,5,0,1,0,1,0
JaCoCo Coverage Report,com.google.javascript.jscomp,RenameProperties,413,0,42,0,84,0,29,0,8,0
JaCoCo Coverage Report,com.google.javascript.jscomp,ProcessClosurePrimitives.ProvidedName,400,0,48,0,97,0,34,0,10,0
JaCoCo Coverage Report,com.google.javascript.jscomp,CodePrinter.Builder,20,83,4,4,7,26,6,7,2,7
JaCoCo Coverage Report,com.google.javascript.jscomp,FunctionRewriter.Reducer,23,0,2,0,6,0,3,0,2,0
JaCoCo Coverage Report,com.google.javascript.jscomp,DefinitionsRemover.IncompleteDefinition,40,0,0,0,11,0,4,0,4,0
JaCoCo Coverage Report,com.google.javascript.jscomp,CollapseProperties.new NodeTraversal.AbstractShallowCallback() {...},33,0,2,0,6,0,3,0,2,0
JaCoCo Coverage Report,com.google.javascript.jscomp,SideEffectsAnalysis.IntraproceduralMotionEnvironment,5,0,0,0,3,0,2,0,2,0
JaCoCo Coverage Report,com.google.javascript.jscomp,CoalesceVariableNames.new Comparator() {...},6,3,0,0,1,1,1,1,1,1
JaCoCo Coverage Report,com.google.javascript.jscomp,ExpressionDecomposer,992,0,145,0,273,0,98,0,23,0
JaCoCo Coverage Report,com.google.javascript.jscomp,SideEffectsAnalysis.AbstractMotionEnvironment,3,0,0,0,1,0,1,0,1,0
JaCoCo Coverage Report,com.google.javascript.jscomp,CheckProvides.CheckProvidesCallback,142,0,26,0,36,0,18,0,4,0
JaCoCo Coverage Report,com.google.javascript.jscomp,TightenTypes,1034,0,153,0,255,0,103,0,20,0
JaCoCo Coverage Report,com.google.javascript.jscomp,ControlFlowGraph.Branch,10,54,4,0,1,6,3,1,1,1
JaCoCo Coverage Report,com.google.javascript.jscomp,NameAnalyzer.RemoveListener,11,0,0,0,3,0,2,0,2,0
JaCoCo Coverage Report,com.google.javascript.jscomp,DefaultPassConfig.82.new CompilerPass() {...},59,0,0,0,10,0,2,0,2,0
JaCoCo Coverage Report,com.google.javascript.jscomp,NameAnalyzer.ProcessExternals,50,0,6,0,11,0,5,0,2,0
JaCoCo Coverage Report,com.google.javascript.jscomp,PhaseOptimizer,266,19,28,0,71,5,29,1,15,1
JaCoCo Coverage Report,com.google.javascript.jscomp,CheckLevel,7,34,2,0,1,4,2,1,1,1
JaCoCo Coverage Report,com.google.javascript.jscomp,ScopedAliases.AliasedNode,22,0,0,0,7,0,2,0,2,0
JaCoCo Coverage Report,com.google.javascript.jscomp,AnalyzePrototypeProperties.ProcessExternProperties,30,0,2,0,5,0,3,0,2,0
JaCoCo Coverage Report,com.google.javascript.jscomp,ProcessClosurePrimitives,1176,45,208,0,289,12,124,1,18,1
JaCoCo Coverage Report,com.google.javascript.jscomp,TightenTypes.FunctionCall,107,0,12,0,26,0,8,0,2,0
JaCoCo Coverage Report,com.google.javascript.jscomp,ObjectPropertyStringPreprocess.Callback,159,0,12,0,39,0,8,0,2,0
JaCoCo Coverage Report,com.google.javascript.jscomp,MustBeReachingVariableDef,402,0,57,0,91,0,41,0,10,0
JaCoCo Coverage Report,com.google.javascript.jscomp,SuppressDocWarningsGuard,63,34,16,2,20,10,9,3,1,2
JaCoCo Coverage Report,com.google.javascript.jscomp,NodeUtil.MatchNotFunction,10,0,2,0,2,0,3,0,2,0
JaCoCo Coverage Report,com.google.javascript.jscomp,OptimizeParameters.Parameter,19,0,0,0,8,0,4,0,4,0
JaCoCo Coverage Report,com.google.javascript.jscomp,RemoveConstantExpressionsParallel,36,0,0,0,12,0,3,0,3,0
JaCoCo Coverage Report,com.google.javascript.jscomp,AliasKeywords.KeywordAliasSpecification,47,0,0,0,13,0,4,0,4,0
JaCoCo Coverage Report,com.google.javascript.jscomp,InlineFunctions.FindCandidatesReferences,228,0,52,0,57,0,32,0,6,0
JaCoCo Coverage Report,com.google.javascript.jscomp,InlineGetters.new MethodCompilerPass.SignatureStore() {...},3,3,0,0,3,1,3,1,3,1
JaCoCo Coverage Report,com.google.javascript.jscomp,LocaleUtil,40,0,2,0,11,0,4,0,3,0
JaCoCo Coverage Report,com.google.javascript.jscomp,ErrorPass,23,0,0,0,8,0,3,0,3,0
JaCoCo Coverage Report,com.google.javascript.jscomp,NameAnalyzer.JsName,66,0,6,0,17,0,6,0,3,0
JaCoCo Coverage Report,com.google.javascript.jscomp,InlineFunctions.FindCandidateFunctions,161,0,39,0,35,0,25,0,5,0
JaCoCo Coverage Report,com.google.javascript.jscomp,TypedScopeCreator,94,268,22,9,26,73,15,15,1,10
JaCoCo Coverage Report,com.google.javascript.jscomp,CrossModuleCodeMotion.NamedInfo,65,0,8,0,18,0,8,0,4,0
JaCoCo Coverage Report,com.google.javascript.jscomp,CallGraph.Function,109,0,16,0,32,0,19,0,11,0
JaCoCo Coverage Report,com.google.javascript.jscomp,DefaultPassConfig.8.new CompilerPass() {...},23,0,0,0,4,0,2,0,2,0
JaCoCo Coverage Report,com.google.javascript.jscomp,VarCheck.NameRefInExternsCheck,76,0,11,0,17,0,8,0,2,0
JaCoCo Coverage Report,com.google.javascript.jscomp,VariableReferenceCheck,28,13,0,0,8,4,2,1,2,1
JaCoCo Coverage Report,com.google.javascript.jscomp,InstrumentFunctions,204,0,12,0,51,0,8,0,2,0
JaCoCo Coverage Report,com.google.javascript.jscomp,FunctionArgumentInjector.ReferencedAfterSideEffect,161,0,42,0,43,0,28,0,7,0
JaCoCo Coverage Report,com.google.javascript.jscomp,ParallelCompilerPass,162,0,14,0,48,0,13,0,6,0
JaCoCo Coverage Report,com.google.javascript.jscomp,ConcreteType.ConcreteUniqueType,41,0,6,0,7,0,7,0,4,0
JaCoCo Coverage Report,com.google.javascript.jscomp,CoalesceVariableNames.LiveRangeChecker,125,0,42,0,27,0,27,0,6,0
JaCoCo Coverage Report,com.google.javascript.jscomp,NameAnalyzer.JsNameRefNode,62,0,6,0,17,0,7,0,3,0
JaCoCo Coverage Report,com.google.javascript.jscomp,MinimizeExitPoints,373,0,69,0,108,0,43,0,7,0
JaCoCo Coverage Report,com.google.javascript.jscomp,NodeUtil,2110,244,515,45,546,58,413,33,94,20
JaCoCo Coverage Report,com.google.javascript.jscomp,AliasKeywords,192,0,22,0,45,0,20,0,9,0
JaCoCo Coverage Report,com.google.javascript.jscomp,VariableShadowDeclarationCheck.ShadowDeclarationCheckingCallback,92,0,12,0,24,0,11,0,5,0
JaCoCo Coverage Report,com.google.javascript.jscomp,NameReferenceGraph.Name,210,0,22,0,54,0,33,0,22,0
JaCoCo Coverage Report,com.google.javascript.jscomp,FunctionInformationMap.Entry,393,0,48,0,111,0,63,0,39,0
JaCoCo Coverage Report,com.google.javascript.jscomp,RemoveUnusedVars.Assign,142,0,22,0,40,0,14,0,3,0
JaCoCo Coverage Report,com.google.javascript.jscomp,PeepholeSubstituteAlternateSyntax.FoldArrayAction,34,0,0,0,2,0,1,0,1,0
JaCoCo Coverage Report,com.google.javascript.jscomp,GlobalNamespace.BuildGlobalNamespace,724,0,154,0,200,0,101,0,14,0
JaCoCo Coverage Report,com.google.javascript.jscomp,CodePrinter.Format,0,34,0,0,0,4,0,1,0,1
JaCoCo Coverage Report,com.google.javascript.jscomp,DefaultPassConfig.16.new CompilerPass() {...},24,0,0,0,5,0,2,0,2,0
JaCoCo Coverage Report,com.google.javascript.jscomp,MethodCompilerPass,115,0,6,0,29,0,7,0,4,0
JaCoCo Coverage Report,com.google.javascript.jscomp,ConcreteType.ConcreteAll,8,0,0,0,4,0,4,0,4,0
JaCoCo Coverage Report,com.google.javascript.jscomp,ReplaceStrings.Result,33,0,0,0,9,0,2,0,2,0
JaCoCo Coverage Report,com.google.javascript.jscomp,SpecializeModule,370,0,38,0,96,0,28,0,9,0
JaCoCo Coverage Report,com.google.javascript.jscomp,CodeChangeHandler.ForbiddenChange,8,0,0,0,2,0,2,0,2,0
JaCoCo Coverage Report,com.google.javascript.jscomp,LineNumberCheck,23,48,1,7,6,16,2,8,1,5
JaCoCo Coverage Report,com.google.javascript.jscomp,CodePrinter.CompactCodePrinter,84,69,11,5,18,20,8,6,1,5
JaCoCo Coverage Report,com.google.javascript.jscomp,ComposeWarningsGuard.new Comparator() {...},0,9,0,0,0,2,0,2,0,2
JaCoCo Coverage Report,com.google.javascript.jscomp,FunctionInfo,1,20,0,0,1,7,1,3,1,3
JaCoCo Coverage Report,com.google.javascript.jscomp,TypeValidator,902,98,168,0,203,20,114,2,30,2
JaCoCo Coverage Report,com.google.javascript.jscomp,SourceMap2.Mapping,9,0,0,0,3,0,1,0,1,0
JaCoCo Coverage Report,com.google.javascript.jscomp,InstrumentFunctions.InstrumentReturns,127,0,12,0,33,0,12,0,6,0
JaCoCo Coverage Report,com.google.javascript.jscomp,CallGraph.Callsite,65,0,6,0,20,0,10,0,7,0
JaCoCo Coverage Report,com.google.javascript.jscomp,TightenTypes.ConcreteJSTypePair,67,0,14,0,16,0,12,0,5,0
JaCoCo Coverage Report,com.google.javascript.jscomp,ConcreteType.ConcreteInstanceType,125,0,22,0,32,0,21,0,10,0
JaCoCo Coverage Report,com.google.javascript.jscomp,CheckSideEffects,154,5,54,0,42,1,29,1,2,1
JaCoCo Coverage Report,com.google.javascript.jscomp,CheckPathsBetweenNodes,256,0,46,0,70,0,34,0,11,0
JaCoCo Coverage Report,com.google.javascript.jscomp,ScopedAliases,109,29,18,0,27,8,11,1,2,1
JaCoCo Coverage Report,com.google.javascript.jscomp,CodingConvention.SubclassType,0,24,0,0,0,3,0,1,0,1
JaCoCo Coverage Report,com.google.javascript.jscomp,ConvertToDottedProperties,48,0,6,0,15,0,6,0,3,0
JaCoCo Coverage Report,com.google.javascript.jscomp,GlobalNamespace.Name,493,0,93,0,108,0,66,0,15,0
JaCoCo Coverage Report,com.google.javascript.jscomp,Tracer.ThreadTrace,516,33,76,0,117,9,46,2,8,2
JaCoCo Coverage Report,com.google.javascript.jscomp,RenamePrototypes.ProcessProperties,198,0,28,0,45,0,22,0,7,0
JaCoCo Coverage Report,com.google.javascript.jscomp,SideEffectsAnalysis,309,0,59,0,86,0,45,0,12,0
JaCoCo Coverage Report,com.google.javascript.jscomp,AnalyzePrototypeProperties.GlobalFunction,69,0,12,0,18,0,10,0,4,0
JaCoCo Coverage Report,com.google.javascript.jscomp,CheckAccidentalSemicolon,47,5,11,0,15,1,8,1,2,1
JaCoCo Coverage Report,com.google.javascript.jscomp,CodeGenerator.Context,0,64,0,0,0,7,0,1,0,1
JaCoCo Coverage Report,com.google.javascript.jscomp,NameAnalyzer.AliasSet,16,0,0,0,5,0,1,0,1,0
JaCoCo Coverage Report,com.google.javascript.jscomp,ProcessDefines,288,34,44,0,63,12,29,1,7,1
JaCoCo Coverage Report,com.google.javascript.jscomp,SourceMap2.UsedMappingCheck,12,0,2,0,4,0,3,0,2,0
JaCoCo Coverage Report,com.google.javascript.jscomp,JsMessage,261,0,46,0,49,0,37,0,14,0
JaCoCo Coverage Report,com.google.javascript.jscomp,Denormalize,46,77,10,20,15,26,8,12,1,4
JaCoCo Coverage Report,com.google.javascript.jscomp,CheckGlobalNames,249,9,48,0,53,3,32,1,8,1
JaCoCo Coverage Report,com.google.javascript.jscomp,Compiler.CodeBuilder,103,0,8,0,22,0,12,0,8,0
JaCoCo Coverage Report,com.google.javascript.jscomp,DefaultPassConfig.new PassFactory() {...},13,0,0,0,2,0,2,0,2,0
JaCoCo Coverage Report,com.google.javascript.jscomp,CreateSyntheticBlocks,168,0,10,0,42,0,12,0,7,0
JaCoCo Coverage Report,com.google.javascript.jscomp,DefaultPassConfig.new PassFactory() {...},14,0,0,0,2,0,2,0,2,0
JaCoCo Coverage Report,com.google.javascript.jscomp,DefaultPassConfig.new PassFactory() {...},14,0,0,0,2,0,2,0,2,0
JaCoCo Coverage Report,com.google.javascript.jscomp,DefaultPassConfig.new PassFactory() {...},9,0,0,0,2,0,2,0,2,0
JaCoCo Coverage Report,com.google.javascript.jscomp,DefaultPassConfig.new PassFactory() {...},20,0,0,0,2,0,2,0,2,0
JaCoCo Coverage Report,com.google.javascript.jscomp,DefaultPassConfig.new CompilerPass() {...},23,0,2,0,5,0,3,0,2,0
JaCoCo Coverage Report,com.google.javascript.jscomp,DefaultPassConfig.new PassFactory() {...},14,0,0,0,2,0,2,0,2,0
JaCoCo Coverage Report,com.google.javascript.jscomp,DefaultPassConfig.new PassFactory() {...},14,0,0,0,2,0,2,0,2,0
JaCoCo Coverage Report,com.google.javascript.jscomp,SpecializeModule.OriginalFunctionInformation,112,0,14,0,27,0,12,0,5,0
JaCoCo Coverage Report,com.google.javascript.jscomp,CheckPathsBetweenNodes.new Annotation() {...},3,0,0,0,1,0,1,0,1,0
JaCoCo Coverage Report,com.google.javascript.jscomp,CheckPathsBetweenNodes.new Annotation() {...},3,0,0,0,1,0,1,0,1,0
JaCoCo Coverage Report,com.google.javascript.jscomp,TightenTypes.FunctionCallBuilder,83,0,8,0,18,0,9,0,5,0
JaCoCo Coverage Report,com.google.javascript.jscomp,CheckPathsBetweenNodes.new Annotation() {...},3,0,0,0,1,0,1,0,1,0
JaCoCo Coverage Report,com.google.javascript.jscomp,TypedScopeCreator.LocalScopeBuilder,88,42,17,5,26,10,10,6,1,4
JaCoCo Coverage Report,com.google.javascript.jscomp,ClosureReverseAbstractInterpreter.new Function() {...},17,0,2,0,4,0,3,0,2,0
JaCoCo Coverage Report,com.google.javascript.jscomp,ClosureReverseAbstractInterpreter.new Function() {...},20,0,2,0,4,0,3,0,2,0
JaCoCo Coverage Report,com.google.javascript.jscomp,ClosureReverseAbstractInterpreter.new Function() {...},20,0,2,0,5,0,3,0,2,0
JaCoCo Coverage Report,com.google.javascript.jscomp,SourceMap.Format.new SourceMap.Format() {...},4,6,0,0,1,1,1,1,1,1
JaCoCo Coverage Report,com.google.javascript.jscomp,DefaultPassConfig.new PassFactory() {...},34,0,2,0,4,0,3,0,2,0
JaCoCo Coverage Report,com.google.javascript.jscomp,SourceMap.Format.new SourceMap.Format() {...},4,6,0,0,1,1,1,1,1,1
JaCoCo Coverage Report,com.google.javascript.jscomp,DefaultPassConfig.new PassFactory() {...},13,0,0,0,2,0,2,0,2,0
JaCoCo Coverage Report,com.google.javascript.jscomp,DefaultPassConfig.new PassFactory() {...},13,0,0,0,2,0,2,0,2,0
JaCoCo Coverage Report,com.google.javascript.jscomp,DefaultPassConfig.new PassFactory() {...},18,0,0,0,3,0,2,0,2,0
JaCoCo Coverage Report,com.google.javascript.jscomp,DefaultPassConfig.new PassFactory() {...},14,0,0,0,2,0,2,0,2,0
JaCoCo Coverage Report,com.google.javascript.jscomp,DefaultPassConfig.new PassFactory() {...},13,0,0,0,2,0,2,0,2,0
JaCoCo Coverage Report,com.google.javascript.jscomp,ChainableReverseAbstractInterpreter,266,0,44,0,70,0,35,0,12,0
JaCoCo Coverage Report,com.google.javascript.jscomp,DefaultPassConfig.new PassFactory() {...},11,0,0,0,2,0,2,0,2,0
JaCoCo Coverage Report,com.google.javascript.jscomp,DefaultPassConfig.new PassFactory() {...},46,0,2,0,10,0,3,0,2,0
JaCoCo Coverage Report,com.google.javascript.jscomp,DefaultPassConfig.86.new CompilerPass() {...},53,0,0,0,11,0,2,0,2,0
JaCoCo Coverage Report,com.google.javascript.jscomp,DefaultPassConfig.new PassFactory() {...},46,0,2,0,10,0,3,0,2,0
JaCoCo Coverage Report,com.google.javascript.jscomp,DefaultPassConfig.new PassFactory() {...},13,0,0,0,2,0,2,0,2,0
JaCoCo Coverage Report,com.google.javascript.jscomp,ExportTestFunctions.ExportTestFunctionsNodes,75,0,18,0,16,0,12,0,3,0
JaCoCo Coverage Report,com.google.javascript.jscomp,ConcreteType.TypeFilter,9,0,0,0,3,0,1,0,1,0
JaCoCo Coverage Report,com.google.javascript.jscomp,TightenTypes.ConcreteSlot,53,0,2,0,13,0,8,0,7,0
JaCoCo Coverage Report,com.google.javascript.jscomp,PrepareAst.PrepareAnnotations,123,98,45,14,27,32,29,9,1,6
JaCoCo Coverage Report,com.google.javascript.jscomp,JSError,299,0,41,0,54,0,34,0,13,0
JaCoCo Coverage Report,com.google.javascript.jscomp,SuspiciousPropertiesCheck,162,0,12,0,34,0,12,0,6,0
JaCoCo Coverage Report,com.google.javascript.jscomp,ClosureReverseAbstractInterpreter.new Function() {...},15,0,0,0,2,0,2,0,2,0
JaCoCo Coverage Report,com.google.javascript.jscomp,DefaultPassConfig.51.new CompilerPass() {...},58,0,4,0,12,0,4,0,2,0
JaCoCo Coverage Report,com.google.javascript.jscomp,DefaultPassConfig.new PassFactory() {...},17,0,0,0,2,0,2,0,2,0
JaCoCo Coverage Report,com.google.javascript.jscomp,CheckLevelLegacy,44,0,0,0,5,0,1,0,1,0
JaCoCo Coverage Report,com.google.javascript.jscomp,DefaultPassConfig.new PassFactory() {...},13,0,0,0,2,0,2,0,2,0
JaCoCo Coverage Report,com.google.javascript.jscomp,DefaultPassConfig.new PassFactory() {...},13,0,0,0,2,0,2,0,2,0
JaCoCo Coverage Report,com.google.javascript.jscomp,DefaultPassConfig.new PassFactory() {...},13,0,0,0,2,0,2,0,2,0
JaCoCo Coverage Report,com.google.javascript.jscomp,DefaultPassConfig.new PassFactory() {...},13,0,0,0,2,0,2,0,2,0
JaCoCo Coverage Report,com.google.javascript.jscomp,DefaultPassConfig.new PassFactory() {...},13,0,0,0,2,0,2,0,2,0
JaCoCo Coverage Report,com.google.javascript.jscomp,DefaultPassConfig.new PassFactory() {...},13,0,0,0,2,0,2,0,2,0
JaCoCo Coverage Report,com.google.javascript.jscomp,DefaultPassConfig.new PassFactory() {...},13,0,0,0,2,0,2,0,2,0
JaCoCo Coverage Report,com.google.javascript.jscomp,DefaultPassConfig.new PassFactory() {...},14,0,0,0,2,0,2,0,2,0
JaCoCo Coverage Report,com.google.javascript.jscomp,DefaultPassConfig.new PassFactory() {...},23,0,0,0,2,0,2,0,2,0
JaCoCo Coverage Report,com.google.javascript.jscomp,VariableVisibilityAnalysis.VariableVisibility,44,0,0,0,5,0,1,0,1,0
JaCoCo Coverage Report,com.google.javascript.jscomp,FunctionInformationMap.Module.Builder,246,0,28,0,69,0,36,0,21,0
JaCoCo Coverage Report,com.google.javascript.jscomp,InlineVariables.InliningBehavior,977,0,206,0,235,0,124,0,21,0
JaCoCo Coverage Report,com.google.javascript.jscomp,ChainableReverseAbstractInterpreter.RestrictByOneTypeOfResultVisitor,156,0,32,0,23,0,27,0,11,0
JaCoCo Coverage Report,com.google.javascript.jscomp,VariableMap,218,0,16,0,51,0,19,0,11,0
JaCoCo Coverage Report,com.google.javascript.jscomp,LoggerErrorManager,98,9,9,0,16,4,8,1,3,1
JaCoCo Coverage Report,com.google.javascript.jscomp,FlowSensitiveInlineVariables.GatherCandiates.new ControlFlowGraph.AbstractCfgNodeTraversalCallback() {...},89,0,22,0,15,0,13,0,2,0
JaCoCo Coverage Report,com.google.javascript.jscomp,ClosureCodeRemoval.FindAssertionCalls,49,0,6,0,11,0,5,0,2,0
JaCoCo Coverage Report,com.google.javascript.jscomp,ErrorFormat,0,44,0,0,0,5,0,1,0,1
JaCoCo Coverage Report,com.google.javascript.jscomp,FunctionInjector.InliningMode,0,24,0,0,0,3,0,1,0,1
JaCoCo Coverage Report,com.google.javascript.jscomp,DefaultPassConfig.new PassFactory() {...},25,0,2,0,2,0,3,0,2,0
JaCoCo Coverage Report,com.google.javascript.jscomp,DefaultPassConfig.new PassFactory() {...},14,0,0,0,2,0,2,0,2,0
JaCoCo Coverage Report,com.google.javascript.jscomp,AbstractCommandLineRunner.FlagUsageException,4,0,0,0,2,0,1,0,1,0
JaCoCo Coverage Report,com.google.javascript.jscomp,DefaultPassConfig.new PassFactory() {...},13,0,0,0,2,0,2,0,2,0
JaCoCo Coverage Report,com.google.javascript.jscomp,DefaultPassConfig.new PassFactory() {...},13,0,0,0,2,0,2,0,2,0
JaCoCo Coverage Report,com.google.javascript.jscomp,DefaultPassConfig.new PassFactory() {...},32,0,2,0,4,0,3,0,2,0
JaCoCo Coverage Report,com.google.javascript.jscomp,DefaultPassConfig.new PassFactory() {...},28,0,2,0,3,0,3,0,2,0
JaCoCo Coverage Report,com.google.javascript.jscomp,DefaultPassConfig.new PassFactory() {...},15,0,0,0,2,0,2,0,2,0
JaCoCo Coverage Report,com.google.javascript.jscomp,DefaultPassConfig.new PassFactory() {...},20,0,0,0,3,0,2,0,2,0
JaCoCo Coverage Report,com.google.javascript.jscomp,DefaultPassConfig.new PassFactory() {...},33,0,0,0,3,0,2,0,2,0
JaCoCo Coverage Report,com.google.javascript.jscomp,DefaultPassConfig.new PassFactory() {...},13,0,0,0,2,0,2,0,2,0
JaCoCo Coverage Report,com.google.javascript.jscomp,CommandLineRunner.Flags.BooleanOptionHandler,101,0,6,0,18,0,7,0,4,0
JaCoCo Coverage Report,com.google.javascript.jscomp,NodeTraversal.AbstractPostOrderCallback,0,5,0,0,0,2,0,2,0,2
JaCoCo Coverage Report,com.google.javascript.jscomp,SideEffectsAnalysis.DegenerateLocationAbstraction,41,0,4,0,11,0,8,0,6,0
JaCoCo Coverage Report,com.google.javascript.jscomp,AliasKeywords.AliasSpecification,75,0,6,0,23,0,9,0,6,0
JaCoCo Coverage Report,com.google.javascript.jscomp,ChainCalls.CallSite,18,0,0,0,7,0,1,0,1,0
JaCoCo Coverage Report,com.google.javascript.jscomp,DefinitionsRemover.FunctionDefinition,17,0,0,0,6,0,3,0,3,0
JaCoCo Coverage Report,com.google.javascript.jscomp,Tracer,390,83,50,7,107,26,52,6,23,5
JaCoCo Coverage Report,com.google.javascript.jscomp,DefaultPassConfig.new PassFactory() {...},21,0,2,0,5,0,3,0,2,0
JaCoCo Coverage Report,com.google.javascript.jscomp,DefaultPassConfig.new PassFactory() {...},13,0,0,0,2,0,2,0,2,0
JaCoCo Coverage Report,com.google.javascript.jscomp,DefaultPassConfig.new PassFactory() {...},13,0,0,0,2,0,2,0,2,0
JaCoCo Coverage Report,com.google.javascript.jscomp,DefaultPassConfig.new PassFactory() {...},18,0,0,0,2,0,2,0,2,0
JaCoCo Coverage Report,com.google.javascript.jscomp,AbstractCommandLineRunner.CommandLineConfig,294,0,0,0,102,0,32,0,32,0
JaCoCo Coverage Report,com.google.javascript.jscomp,DefaultPassConfig.new PassFactory() {...},13,0,0,0,2,0,2,0,2,0
JaCoCo Coverage Report,com.google.javascript.jscomp,DefaultPassConfig.new PassFactory() {...},46,0,6,0,9,0,5,0,2,0
JaCoCo Coverage Report,com.google.javascript.jscomp,RemoveConstantExpressionsParallel.1.new ParallelCompilerPass.Task() {...},17,0,0,0,4,0,2,0,2,0
JaCoCo Coverage Report,com.google.javascript.jscomp,DefaultPassConfig.new PassFactory() {...},15,0,0,0,2,0,2,0,2,0
JaCoCo Coverage Report,com.google.javascript.jscomp,DataFlowAnalysis.FlowState,64,0,0,0,16,0,7,0,7,0
JaCoCo Coverage Report,com.google.javascript.jscomp,DefaultPassConfig.new PassFactory() {...},13,0,0,0,2,0,2,0,2,0
JaCoCo Coverage Report,com.google.javascript.jscomp,DefaultPassConfig.new PassFactory() {...},13,0,0,0,2,0,2,0,2,0
JaCoCo Coverage Report,com.google.javascript.jscomp,DefaultPassConfig.new PassFactory() {...},14,0,0,0,2,0,2,0,2,0
JaCoCo Coverage Report,com.google.javascript.jscomp,RemoveUnusedNames,76,0,10,0,20,0,9,0,4,0
JaCoCo Coverage Report,com.google.javascript.jscomp,CodingConvention.ObjectLiteralCast,9,0,0,0,4,0,1,0,1,0
JaCoCo Coverage Report,com.google.javascript.jscomp,MarkNoSideEffectCalls.GatherNoSideEffectFunctions,96,0,26,0,28,0,15,0,2,0
JaCoCo Coverage Report,com.google.javascript.jscomp,SideEffectsAnalysis.VisibilityLocationAbstraction,220,0,45,0,60,0,32,0,8,0
JaCoCo Coverage Report,com.google.javascript.jscomp,ReferenceCollectingCallback.BasicBlock,70,0,18,0,17,0,12,0,3,0
JaCoCo Coverage Report,com.google.javascript.jscomp,FunctionToBlockMutator,507,0,76,0,134,0,51,0,13,0
JaCoCo Coverage Report,com.google.javascript.jscomp,DefinitionsRemover.VarDefinition,66,0,4,0,15,0,6,0,4,0
JaCoCo Coverage Report,com.google.javascript.jscomp,DisambiguateProperties.AbstractScopingCallback,46,0,2,0,10,0,6,0,5,0
JaCoCo Coverage Report,com.google.javascript.jscomp,DefaultPassConfig.new PassFactory() {...},16,0,0,0,2,0,2,0,2,0
JaCoCo Coverage Report,com.google.javascript.jscomp,DefaultPassConfig.new PassFactory() {...},13,0,0,0,2,0,2,0,2,0
JaCoCo Coverage Report,com.google.javascript.jscomp,PeepholeRemoveDeadCode,1304,0,262,0,356,0,163,0,26,0
JaCoCo Coverage Report,com.google.javascript.jscomp,FlowSensitiveInlineVariables.Candidate,238,0,30,0,63,0,20,0,5,0
JaCoCo Coverage Report,com.google.javascript.jscomp,DefaultPassConfig.new PassFactory() {...},17,0,0,0,2,0,2,0,2,0
JaCoCo Coverage Report,com.google.javascript.jscomp,DefaultPassConfig.new PassFactory() {...},17,0,0,0,2,0,2,0,2,0
JaCoCo Coverage Report,com.google.javascript.jscomp,MustBeReachingVariableDef.MustDefJoin,97,0,12,0,21,0,7,0,1,0
JaCoCo Coverage Report,com.google.javascript.jscomp,PrintStreamErrorManager,107,0,12,0,20,0,11,0,5,0
JaCoCo Coverage Report,com.google.javascript.jscomp,DefaultPassConfig.new PassFactory() {...},16,0,0,0,3,0,2,0,2,0
JaCoCo Coverage Report,com.google.javascript.jscomp,MaybeReachingVariableUse.ReachingUsesJoinOp,23,0,2,0,5,0,2,0,1,0
JaCoCo Coverage Report,com.google.javascript.jscomp,DefaultPassConfig.new PassFactory() {...},13,0,0,0,2,0,2,0,2,0
JaCoCo Coverage Report,com.google.javascript.jscomp,DefaultPassConfig.new PassFactory() {...},14,0,0,0,2,0,2,0,2,0
JaCoCo Coverage Report,com.google.javascript.jscomp,DefaultPassConfig.new PassFactory() {...},21,0,0,0,2,0,2,0,2,0
JaCoCo Coverage Report,com.google.javascript.jscomp,DefaultPassConfig.new PassFactory() {...},24,0,2,0,3,0,3,0,2,0
JaCoCo Coverage Report,com.google.javascript.jscomp,JsMessage.PlaceholderReference,57,0,6,0,11,0,11,0,8,0
JaCoCo Coverage Report,com.google.javascript.jscomp,DefaultPassConfig.new PassFactory() {...},31,0,2,0,5,0,3,0,2,0
JaCoCo Coverage Report,com.google.javascript.jscomp,AstParallelizer,171,0,10,0,47,0,12,0,7,0
JaCoCo Coverage Report,com.google.javascript.jscomp,ProcessDefines.CollectDefines.RefInfo,9,0,0,0,4,0,1,0,1,0
JaCoCo Coverage Report,com.google.javascript.jscomp.deps,JsFileLineParser.ParseException,10,0,0,0,4,0,2,0,2,0
JaCoCo Coverage Report,com.google.javascript.jscomp.deps,SortedDependencies.CircularDependencyException,4,0,0,0,2,0,1,0,1,0
JaCoCo Coverage Report,com.google.javascript.jscomp.deps,JsFileParser,150,0,18,0,29,0,15,0,6,0
JaCoCo Coverage Report,com.google.javascript.jscomp.deps,DepsFileParser,160,0,14,0,31,0,13,0,6,0
JaCoCo Coverage Report,com.google.javascript.jscomp.deps,SortedDependencies.new Comparator() {...},20,0,0,0,3,0,2,0,2,0
JaCoCo Coverage Report,com.google.javascript.jscomp.deps,SortedDependencies,413,0,48,0,93,0,33,0,9,0
JaCoCo Coverage Report,com.google.javascript.jscomp.deps,SimpleDependencyInfo,90,0,10,0,18,0,12,0,7,0
JaCoCo Coverage Report,com.google.javascript.jscomp.deps,JsFileLineParser,360,0,50,0,81,0,32,0,7,0
JaCoCo Coverage Report,com.google.javascript.jscomp.testing,TestErrorReporter,131,0,20,0,21,0,16,0,6,0
JaCoCo Coverage Report,com.google.javascript.jscomp.testing,SimpleSourceExcerptProvider,18,0,0,0,5,0,3,0,3,0
JaCoCo Coverage Report,com.google.javascript.jscomp.parsing,Annotation,0,554,0,0,0,89,0,1,0,1
JaCoCo Coverage Report,com.google.javascript.jscomp.parsing,JsDocTokenStream,758,0,132,0,200,0,98,0,24,0
JaCoCo Coverage Report,com.google.javascript.jscomp.parsing,JsDocInfoParser.ExtractionInfo,9,0,0,0,4,0,1,0,1,0
JaCoCo Coverage Report,com.google.javascript.jscomp.parsing,JsDocInfoParser.State,34,0,0,0,4,0,1,0,1,0
JaCoCo Coverage Report,com.google.javascript.jscomp.parsing,NullErrorReporter,12,0,0,0,4,0,4,0,4,0
JaCoCo Coverage Report,com.google.javascript.jscomp.parsing,JsDocInfoParser.WhitespaceOption,34,0,0,0,4,0,1,0,1,0
JaCoCo Coverage Report,com.google.javascript.jscomp.parsing,IRFactory.NodeWithJsDoc,9,0,0,0,2,0,1,0,1,0
JaCoCo Coverage Report,com.google.javascript.jscomp.parsing,NullErrorReporter.NewRhinoNullReporter,9,0,0,0,2,0,2,0,2,0
JaCoCo Coverage Report,com.google.javascript.jscomp.parsing,JsDocInfoParser,3122,0,519,0,863,0,345,0,55,0
JaCoCo Coverage Report,com.google.javascript.jscomp.parsing,IRFactory.TransformDispatcher,790,472,73,27,184,110,71,29,29,21
JaCoCo Coverage Report,com.google.javascript.jscomp.parsing,NullErrorReporter.OldRhinoNullReporter,9,0,0,0,2,0,2,0,2,0
JaCoCo Coverage Report,com.google.javascript.jscomp.parsing,Config,0,45,1,3,0,13,1,3,0,2
JaCoCo Coverage Report,com.google.javascript.jscomp.parsing,IRFactory,457,234,171,16,189,59,166,20,3,14
JaCoCo Coverage Report,com.google.javascript.jscomp.parsing,ParserRunner,22,118,2,6,4,33,2,7,0,5
JaCoCo Coverage Report,com.google.javascript.jscomp.parsing,TypeSafeDispatcher,208,107,31,23,39,25,30,17,0,2
JaCoCo Coverage Report,com.google.javascript.jscomp.parsing,JsDocToken,214,0,0,0,22,0,1,0,1,0
JaCoCo Coverage Report,com.google.javascript.jscomp.parsing,JsDocInfoParser.ErrorReporterParser,33,0,0,0,7,0,3,0,3,0
JaCoCo Coverage Report,com.google.javascript.rhino,Kit,532,22,88,0,156,8,58,2,14,2
JaCoCo Coverage Report,com.google.javascript.rhino,JSDocInfo.LazilyInitializedDocumentation,30,0,0,0,10,0,1,0,1,0
JaCoCo Coverage Report,com.google.javascript.rhino,SourcePosition,50,0,0,0,18,0,8,0,8,0
JaCoCo Coverage Report,com.google.javascript.rhino,TokenStream,3164,0,699,0,865,0,444,0,42,0
JaCoCo Coverage Report,com.google.javascript.rhino,JSDocInfo,1176,0,188,0,300,0,205,0,111,0
JaCoCo Coverage Report,com.google.javascript.rhino,Context,839,11,154,0,226,3,137,2,55,2
JaCoCo Coverage Report,com.google.javascript.rhino,RhinoException.new FilenameFilter() {...},10,0,0,0,2,0,2,0,2,0
JaCoCo Coverage Report,com.google.javascript.rhino,ObjToIntMap,762,0,112,0,182,0,79,0,23,0
JaCoCo Coverage Report,com.google.javascript.rhino,EcmaError,46,0,0,0,12,0,8,0,8,0
JaCoCo Coverage Report,com.google.javascript.rhino,ObjArray,794,0,146,0,177,0,114,0,28,0
JaCoCo Coverage Report,com.google.javascript.rhino,Parser,4570,0,418,0,1186,0,301,0,64,0
JaCoCo Coverage Report,com.google.javascript.rhino,RhinoException,202,0,38,0,59,0,37,0,18,0
JaCoCo Coverage Report,com.google.javascript.rhino,ObjToIntMap.Iterator,107,0,12,0,28,0,14,0,8,0
JaCoCo Coverage Report,com.google.javascript.rhino,Node.StringNode,44,26,7,3,13,7,9,3,4,3
JaCoCo Coverage Report,com.google.javascript.rhino,Token,327,8,160,3,161,4,161,3,1,1
JaCoCo Coverage Report,com.google.javascript.rhino,FunctionNode,28,0,0,0,10,0,6,0,6,0
JaCoCo Coverage Report,com.google.javascript.rhino,ScriptRuntime,943,48,195,1,225,14,136,3,31,3
JaCoCo Coverage Report,com.google.javascript.rhino,JSDocInfo.Marker,15,0,0,0,5,0,1,0,1,0
JaCoCo Coverage Report,com.google.javascript.rhino,UniqueTag,64,0,8,0,20,0,10,0,4,0
JaCoCo Coverage Report,com.google.javascript.rhino,JSDocInfo.Visibility,44,0,0,0,5,0,1,0,1,0
JaCoCo Coverage Report,com.google.javascript.rhino,JSDocInfoBuilder,862,0,158,0,256,0,135,0,56,0
JaCoCo Coverage Report,com.google.javascript.rhino,JavaScriptException,15,0,0,0,5,0,2,0,2,0
JaCoCo Coverage Report,com.google.javascript.rhino,Decompiler,1303,0,216,0,373,0,173,0,20,0
JaCoCo Coverage Report,com.google.javascript.rhino,UintMap,879,0,152,0,205,0,96,0,20,0
JaCoCo Coverage Report,com.google.javascript.rhino,Node.FileLevelJsDocBuilder,33,6,4,0,9,1,3,1,1,1
JaCoCo Coverage Report,com.google.javascript.rhino,Node.NumberNode,14,23,2,2,5,6,4,3,2,3
JaCoCo Coverage Report,com.google.javascript.rhino,JSDocInfo.TypePosition,6,0,0,0,2,0,1,0,1,0
JaCoCo Coverage Report,com.google.javascript.rhino,CompilerEnvirons,193,0,6,0,70,0,30,0,27,0
JaCoCo Coverage Report,com.google.javascript.rhino,IRFactory,981,0,119,0,221,0,113,0,53,0
JaCoCo Coverage Report,com.google.javascript.rhino,Kit.ComplexKey,48,0,8,0,11,0,7,0,3,0
JaCoCo Coverage Report,com.google.javascript.rhino,JSDocInfo.LazilyInitializedInfo,33,0,0,0,11,0,1,0,1,0
JaCoCo Coverage Report,com.google.javascript.rhino,Node,1730,1055,414,126,507,285,377,98,52,65
JaCoCo Coverage Report,com.google.javascript.rhino,DToA,2484,0,432,0,586,0,236,0,16,0
JaCoCo Coverage Report,com.google.javascript.rhino,Node.PropListItem,0,29,0,0,0,10,0,3,0,3
JaCoCo Coverage Report,com.google.javascript.rhino,Node.AncestorIterable.new Iterator() {...},39,0,4,0,7,0,6,0,4,0
JaCoCo Coverage Report,com.google.javascript.rhino,Node.SiblingNodeIterable,55,0,6,0,15,0,8,0,5,0
JaCoCo Coverage Report,com.google.javascript.rhino,ScriptOrFnNode,428,0,46,0,100,0,54,0,31,0
JaCoCo Coverage Report,com.google.javascript.rhino,Node.AncestorIterable,11,0,0,0,4,0,2,0,2,0
JaCoCo Coverage Report,com.google.javascript.rhino,JSTypeExpression,81,0,12,0,15,0,14,0,8,0
JaCoCo Coverage Report,com.google.javascript.rhino,Node.NodeMismatch,38,9,6,0,5,4,5,1,2,1
JaCoCo Coverage Report,com.google.javascript.rhino,JSDocInfo.StringPosition,3,0,0,0,1,0,1,0,1,0
JaCoCo Coverage Report,com.google.javascript.rhino,EvaluatorException,22,0,0,0,7,0,3,0,3,0
JaCoCo Coverage Report,com.google.javascript.rhino,SimpleErrorReporter,92,0,12,0,24,0,13,0,7,0
JaCoCo Coverage Report,com.google.javascript.rhino.jstype,TernaryValue,6,34,2,0,1,4,2,1,1,1
JaCoCo Coverage Report,com.google.javascript.rhino.jstype,UnresolvedTypeExpression,31,0,0,0,8,0,2,0,2,0
JaCoCo Coverage Report,com.google.javascript.rhino.jstype,NamedType,395,0,68,0,96,0,53,0,19,0
JaCoCo Coverage Report,com.google.javascript.rhino.jstype,NoObjectType,79,39,10,0,24,9,27,3,22,3
JaCoCo Coverage Report,com.google.javascript.rhino.jstype,NoObjectType.LeastSupertypeVisitor,143,6,2,0,17,1,14,1,13,1
JaCoCo Coverage Report,com.google.javascript.rhino.jstype,NumberType,42,4,6,0,16,2,13,1,10,1
JaCoCo Coverage Report,com.google.javascript.rhino.jstype,VoidType,42,4,6,0,14,2,12,1,9,1
JaCoCo Coverage Report,com.google.javascript.rhino.jstype,RecordType,491,0,82,0,111,0,52,0,11,0
JaCoCo Coverage Report,com.google.javascript.rhino.jstype,AllType,37,8,6,0,12,4,13,3,10,3
JaCoCo Coverage Report,com.google.javascript.rhino.jstype,SimpleSlot,21,0,0,0,8,0,4,0,4,0
JaCoCo Coverage Report,com.google.javascript.rhino.jstype,FunctionType.Kind,0,34,0,0,0,4,0,1,0,1
JaCoCo Coverage Report,com.google.javascript.rhino.jstype,RecordTypeBuilder,38,0,2,0,12,0,4,0,3,0
JaCoCo Coverage Report,com.google.javascript.rhino.jstype,PrototypeObjectType,482,177,115,25,127,48,84,19,19,14
JaCoCo Coverage Report,com.google.javascript.rhino.jstype,ProxyObjectType,233,0,2,0,55,0,48,0,47,0
JaCoCo Coverage Report,com.google.javascript.rhino.jstype,UnionTypeBuilder,100,142,31,21,22,39,25,6,0,5
JaCoCo Coverage Report,com.google.javascript.rhino.jstype,ValueType,0,10,0,0,0,4,0,3,0,3
JaCoCo Coverage Report,com.google.javascript.rhino.jstype,BooleanType,45,4,8,0,17,2,14,1,10,1
JaCoCo Coverage Report,com.google.javascript.rhino.jstype,FunctionBuilder,58,100,0,0,18,28,5,9,5,9
JaCoCo Coverage Report,com.google.javascript.rhino.jstype,PrototypeObjectType.Property,0,15,0,0,0,6,0,1,0,1
JaCoCo Coverage Report,com.google.javascript.rhino.jstype,FunctionType,1114,294,223,39,256,67,161,25,39,16
JaCoCo Coverage Report,com.google.javascript.rhino.jstype,UnionType,815,51,134,4,198,14,98,3,30,2
JaCoCo Coverage Report,com.google.javascript.rhino.jstype,FunctionParamBuilder,28,122,8,14,7,27,8,12,1,8
JaCoCo Coverage Report,com.google.javascript.rhino.jstype,JSTypeRegistry,991,1345,111,26,245,279,110,39,44,31
JaCoCo Coverage Report,com.google.javascript.rhino.jstype,ArrowType,161,107,47,13,52,29,34,8,8,4
JaCoCo Coverage Report,com.google.javascript.rhino.jstype,InstanceObjectType,130,67,38,6,18,19,33,9,11,9
JaCoCo Coverage Report,com.google.javascript.rhino.jstype,ObjectType,152,78,25,13,50,22,33,13,19,8
JaCoCo Coverage Report,com.google.javascript.rhino.jstype,ParameterizedType,11,0,0,0,4,0,2,0,2,0
JaCoCo Coverage Report,com.google.javascript.rhino.jstype,NoObjectType.GreatestSupertypeVisitor,83,6,4,0,18,1,15,1,13,1
JaCoCo Coverage Report,com.google.javascript.rhino.jstype,JSTypeNative,0,544,0,0,0,55,0,1,0,1
JaCoCo Coverage Report,com.google.javascript.rhino.jstype,NoType,31,6,2,0,13,3,12,2,11,2
JaCoCo Coverage Report,com.google.javascript.rhino.jstype,TernaryValue.new TernaryValue() {...},24,6,4,0,6,1,8,1,6,1
JaCoCo Coverage Report,com.google.javascript.rhino.jstype,TernaryValue.new TernaryValue() {...},12,6,0,0,6,1,6,1,6,1
JaCoCo Coverage Report,com.google.javascript.rhino.jstype,TernaryValue.new TernaryValue() {...},13,6,0,0,6,1,6,1,6,1
JaCoCo Coverage Report,com.google.javascript.rhino.jstype,FunctionPrototypeType,22,31,5,1,5,7,7,3,4,3
JaCoCo Coverage Report,com.google.javascript.rhino.jstype,JSTypeRegistry.ResolveMode,0,34,0,0,0,4,0,1,0,1
JaCoCo Coverage Report,com.google.javascript.rhino.jstype,TemplateType,18,0,0,0,6,0,4,0,4,0
JaCoCo Coverage Report,com.google.javascript.rhino.jstype,StringType,40,4,6,0,15,2,12,1,9,1
JaCoCo Coverage Report,com.google.javascript.rhino.jstype,UnknownType,55,11,2,0,24,5,25,3,24,3
JaCoCo Coverage Report,com.google.javascript.rhino.jstype,BooleanLiteralSet,72,44,14,0,16,5,15,1,5,1
JaCoCo Coverage Report,com.google.javascript.rhino.jstype,IndexedType,11,0,0,0,4,0,2,0,2,0
JaCoCo Coverage Report,com.google.javascript.rhino.jstype,JSType,583,119,107,17,147,33,123,19,64,15
JaCoCo Coverage Report,com.google.javascript.rhino.jstype,EnumType,118,0,10,0,25,0,20,0,15,0
JaCoCo Coverage Report,com.google.javascript.rhino.jstype,JSType.TypePair,9,0,0,0,4,0,1,0,1,0
JaCoCo Coverage Report,com.google.javascript.rhino.jstype,ErrorFunctionType,0,40,0,0,0,8,0,1,0,1
JaCoCo Coverage Report,com.google.javascript.rhino.jstype,JSTypeRegistry.new FunctionType() {...},5,14,0,0,1,1,1,1,1,1
JaCoCo Coverage Report,com.google.javascript.rhino.jstype,JSType.new Comparator() {...},6,3,0,0,1,1,1,1,1,1
JaCoCo Coverage Report,com.google.javascript.rhino.jstype,EnumElementType,218,0,26,0,57,0,43,0,30,0
JaCoCo Coverage Report,com.google.javascript.rhino.jstype,NullType,48,4,10,0,17,2,15,1,10,1
JaCoCo Coverage Report,com.google.javascript.rhino.jstype,UnionTypeBuilder.new Comparator() {...},0,9,0,0,0,2,0,2,0,2
JaCoCo Coverage Report,com.google.javascript.jscomp.ant,CompileTask,420,0,28,0,102,0,33,0,19,0
JaCoCo Coverage Report,com.google.javascript.jscomp.ant,AntErrorManager,84,0,7,0,17,0,7,0,3,0
JaCoCo Coverage Report,com.google.javascript.jscomp.graph,StandardUnionFind,257,0,20,0,55,0,21,0,11,0
JaCoCo Coverage Report,com.google.javascript.jscomp.graph,LinkedUndirectedGraph,409,0,48,0,94,0,47,0,23,0
JaCoCo Coverage Report,com.google.javascript.jscomp.graph,DiGraph,33,0,8,0,4,0,7,0,3,0
JaCoCo Coverage Report,com.google.javascript.jscomp.graph,GraphColoring,39,0,2,0,11,0,4,0,3,0
JaCoCo Coverage Report,com.google.javascript.jscomp.graph,LinkedUndirectedGraph.LinkedUndirectedGraphNode,59,0,2,0,16,0,11,0,10,0
JaCoCo Coverage Report,com.google.javascript.jscomp.graph,Graph.GraphAnnotationState,4,0,0,0,2,0,1,0,1,0
JaCoCo Coverage Report,com.google.javascript.jscomp.graph,Graph.AnnotationState,9,0,0,0,4,0,1,0,1,0
JaCoCo Coverage Report,com.google.javascript.jscomp.graph,LinkedDirectedGraph.LinkedDirectedGraphEdge,78,0,2,0,22,0,16,0,15,0
JaCoCo Coverage Report,com.google.javascript.jscomp.graph,LinkedDirectedGraph.LinkedDirectedGraphNode,65,3,2,0,18,1,12,1,11,1
JaCoCo Coverage Report,com.google.javascript.jscomp.graph,LinkedUndirectedGraph.LinkedUndirectedGraphEdge,64,0,2,0,16,0,12,0,11,0
JaCoCo Coverage Report,com.google.javascript.jscomp.graph,LinkedDirectedGraph,494,0,34,0,111,0,49,0,32,0
JaCoCo Coverage Report,com.google.javascript.jscomp.graph,UndiGraph,3,0,0,0,1,0,1,0,1,0
JaCoCo Coverage Report,com.google.javascript.jscomp.graph,GraphReachability,94,0,10,0,25,0,11,0,6,0
JaCoCo Coverage Report,com.google.javascript.jscomp.graph,GraphReachability.EdgeTuple,12,0,0,0,5,0,1,0,1,0
JaCoCo Coverage Report,com.google.javascript.jscomp.graph,StandardUnionFind.Node,15,0,0,0,6,0,1,0,1,0
JaCoCo Coverage Report,com.google.javascript.jscomp.graph,StandardUnionFind.new Predicate() {...},54,0,6,0,9,0,5,0,2,0
JaCoCo Coverage Report,com.google.javascript.jscomp.graph,StandardUnionFind.new AbstractSet() {...},39,0,0,0,4,0,4,0,4,0
JaCoCo Coverage Report,com.google.javascript.jscomp.graph,GraphColoring.GreedyGraphColoring,74,0,6,0,23,0,6,0,3,0
JaCoCo Coverage Report,com.google.javascript.jscomp.graph,GraphColoring.GreedyGraphColoring.new Comparator() {...},37,0,4,0,5,0,4,0,2,0
JaCoCo Coverage Report,com.google.javascript.jscomp.graph,FixedPointGraphTraversal,143,0,14,0,33,0,12,0,5,0
JaCoCo Coverage Report,com.google.javascript.jscomp.graph,GraphReachability.new Annotation() {...},3,0,0,0,1,0,1,0,1,0
JaCoCo Coverage Report,com.google.javascript.jscomp.graph,LinkedDirectedGraph.LinkedDirectedGraphNode.NeighborIterator,63,0,10,0,9,0,9,0,4,0
JaCoCo Coverage Report,com.google.javascript.jscomp.graph,Graph.SimpleSubGraph,50,0,4,0,12,0,5,0,3,0
JaCoCo Coverage Report,com.google.javascript.jscomp.graph,GraphColoring.Color,27,0,4,0,8,0,5,0,3,0
JaCoCo Coverage Report,com.google.javascript.jscomp.graph,Graph,173,0,18,0,42,0,22,0,13,0
JaCoCo Coverage Report,com.google.javascript.jscomp.graph,LinkedUndirectedGraph.LinkedUndirectedGraphNode.NeighborIterator,37,0,2,0,9,0,5,0,4,0
JaCoCo Coverage Report,com.google.javascript.rhino.testing,BaseJSTypeTestCase,373,619,0,0,117,148,10,2,10,2
JaCoCo Coverage Report,com.google.javascript.rhino.testing,TestErrorReporter,143,0,20,0,28,0,19,0,9,0
JaCoCo Coverage Report,com.google.javascript.rhino.testing,Asserts,62,0,2,0,15,0,6,0,5,0
JaCoCo Coverage Report,com.google.javascript.rhino.testing,EmptyScope,11,0,0,0,5,0,5,0,5,0
