
$ defects4j checkout -p Chart -v 18f -w /work/Chart_18f
Checking out 621 to /work/Chart_18f........................................ OK
Init local repository...................................................... OK
Tag post-fix revision...................................................... OK
Excluding broken/flaky tests............................................... OK
Excluding broken/flaky tests............................................... OK
Initialize fixed program version........................................... OK
Apply patch................................................................ OK
Initialize buggy program version........................................... OK
Diff 621:620............................................................... OK
Apply patch................................................................ OK
Tag pre-fix revision....................................................... OK
Check out program version: Chart-18f....................................... OK

[exit=0 timeout=False time=3.7s]

$ defects4j compile -w /work/Chart_18f
Running ant (compile)...................................................... OK
Running ant (compile.tests)................................................ OK

[exit=0 timeout=False time=7.7s]

$ defects4j checkout -p Chart -v 18b -w /work/Chart_18b
Checking out 621 to /work/Chart_18b........................................ OK
Init local repository...................................................... OK
Tag post-fix revision...................................................... OK
Excluding broken/flaky tests............................................... OK
Excluding broken/flaky tests............................................... OK
Initialize fixed program version........................................... OK
Apply patch................................................................ OK
Initialize buggy program version........................................... OK
Diff 621:620............................................................... OK
Apply patch................................................................ OK
Tag pre-fix revision....................................................... OK
Check out program version: Chart-18b....................................... OK

[exit=0 timeout=False time=3.6s]

$ defects4j compile -w /work/Chart_18b
Running ant (compile)...................................................... OK
Running ant (compile.tests)................................................ OK

[exit=0 timeout=False time=7.9s]

$ java -Djava.awt.headless=true -cp /opt/defects4j/framework/projects/lib/junit-4.12-hamcrest-1.3.jar:/opt/evosuite/evosuite-1.2.0.jar:/work/Chart_18f/build:/work/Chart_18f/lib/servlet.jar:/work/Chart_18f/build-tests org.evosuite.EvoSuite -generateSuite -class org.jfree.data.DefaultKeyedValues -projectCP /opt/defects4j/framework/projects/lib/junit-4.12-hamcrest-1.3.jar:/work/Chart_18f/build:/work/Chart_18f/lib/servlet.jar:/work/Chart_18f/build-tests -Dcriterion=LINE:BRANCH:EXCEPTION -Dsearch_budget=60 -seed 1 -Dtest_dir=/work/evo_out/Chart_18f/budget60_seed1/tests -Dreport_dir=/work/evo_out/Chart_18f/budget60_seed1/report
* EvoSuite 1.2.0
* Going to generate test cases for class: org.jfree.data.DefaultKeyedValues
* Starting Client-0
* Connecting to master process on port 9922
* Analyzing classpath: 
  - /opt/defects4j/framework/projects/lib/junit-4.12-hamcrest-1.3.jar
  - /work/Chart_18f/build
  - /work/Chart_18f/lib/servlet.jar
  - /work/Chart_18f/build-tests
* Finished analyzing classpath
* Generating tests for class org.jfree.data.DefaultKeyedValues
* Test criteria:
  - Line Coverage
  - Branch Coverage
  - Exception
* Setting up search algorithm for whole suite generation
* Total number of test goals: 
  - Line 121
  - Branch 62
  - Exception 0

[Progress:>                             0%] [Cov:>                                  0%]* Using seed 1
* Starting evolution
[MASTER] 07:25:09.835 [logback-1] WARN  TestCluster - Failed to check cache for java.lang.Comparable<T> : Type points to itself

[Progress:>                             0%] [Cov:========>                          23%]
[Progress:>                             1%] [Cov:===============>                   43%]
[Progress:>                             1%] [Cov:==========================>        76%]
[Progress:>                             1%] [Cov:==========================>        77%]
[Progress:>                             3%] [Cov:=====>                             17%]
[Progress:>                             3%] [Cov:=================>                 50%]
[Progress:>                             3%] [Cov:==========================>        77%]
[Progress:>                             3%] [Cov:==============================>    88%]
[Progress:>                             3%] [Cov:===============================>   90%]
[Progress:>                             3%] [Cov:================================>  92%]
[Progress:>                             3%] [Cov:================================>  93%]
[Progress:>                             3%] [Cov:================================>  93%]
[Progress:>                             3%] [Cov:================================>  93%]
[Progress:>                             3%] [Cov:================================>  93%]
[Progress:>                             3%] [Cov:================================>  93%]
[Progress:=>                            5%] [Cov:================================>  93%]
[Progress:=>                            5%] [Cov:================================>  93%]
[Progress:=>                            5%] [Cov:================================>  94%]
[Progress:=>                            5%] [Cov:================================>  94%]
[Progress:=>                            5%] [Cov:================================>  94%]
[Progress:=>                            5%] [Cov:=================================> 95%]
[Progress:=>                            5%] [Cov:=================================> 95%]
[Progress:=>                            5%] [Cov:=================================> 95%]
[Progress:=>                            5%] [Cov:=================================> 95%]
[Progress:=>                            5%] [Cov:=================================> 95%]
[Progress:=>                            6%] [Cov:=================================> 95%]
[Progress:=>                            6%] [Cov:=================================> 95%]
[Progress:=>                            6%] [Cov:=================================> 95%]
[Progress:=>                            6%] [Cov:=================================> 95%]
[Progress:=>                            6%] [Cov:=================================> 95%]
[Progress:=>                            6%] [Cov:=================================> 95%]
[Progress:=>                            6%] [Cov:=================================> 95%]
[Progress:=>                            6%] [Cov:=================================> 96%]
[Progress:=>                            6%] [Cov:=================================> 96%]
[Progress:=>                            6%] [Cov:=================================> 96%]
[Progress:=>                            6%] [Cov:=================================> 96%]
[Progress:=>                            6%] [Cov:=================================> 96%]
[Progress:==>                           8%] [Cov:=================================> 96%]
[Progress:==>                           8%] [Cov:=================================> 96%]
[Progress:==>                           8%] [Cov:=================================> 96%]
[Progress:==>                           8%] [Cov:=================================> 96%]
[Progress:==>                           8%] [Cov:=================================> 96%]
[Progress:==>                           8%] [Cov:=================================> 96%]
[Progress:==>                           8%] [Cov:=================================> 96%]
[Progress:==>                           8%] [Cov:=================================> 96%]
[Progress:==>                           8%] [Cov:=================================> 96%]
[Progress:==>                           8%] [Cov:=================================> 96%]
[Progress:===>                          10%] [Cov:=================================> 96%]
[Progress:===>                          10%] [Cov:=================================> 96%]
[Progress:===>                          10%] [Cov:=================================> 96%]
[Progress:===>                          10%] [Cov:=================================> 96%]
[Progress:===>                          10%] [Cov:=================================> 96%]
[Progress:===>                          10%] [Cov:=================================> 96%]
[Progress:===>                          10%] [Cov:=================================> 96%]
[Progress:===>                          10%] [Cov:=================================> 96%]
[Progress:===>                          10%] [Cov:=================================> 96%]
[Progress:===>                          10%] [Cov:=================================> 96%]
[Progress:===>                          10%] [Cov:=================================> 96%]
[Progress:===>                          11%] [Cov:=================================> 96%]
[Progress:===>                          11%] [Cov:=================================> 96%]
[Progress:===>                          11%] [Cov:=================================> 96%]
[Progress:===>                          11%] [Cov:=================================> 96%]
[Progress:===>                          11%] [Cov:=================================> 97%]
[Progress:===>                          11%] [Cov:=================================> 97%]
[Progress:===>                          11%] [Cov:=================================> 97%]
[Progress:===>                          11%] [Cov:=================================> 97%]
[Progress:===>                          11%] [Cov:=================================> 97%]
[Progress:===>                          11%] [Cov:=================================> 97%]
[Progress:===>                          11%] [Cov:=================================> 97%]
[Progress:===>                          11%] [Cov:=================================> 97%]
[Progress:===>                          11%] [Cov:=================================> 97%]
[Progress:===>                          13%] [Cov:=================================> 97%]
[Progress:===>                          13%] [Cov:=================================> 97%]
[Progress:===>                          13%] [Cov:=================================> 97%]
[Progress:===>                          13%] [Cov:=================================> 97%]
[Progress:===>                          13%] [Cov:=================================> 97%]
[Progress:===>                          13%] [Cov:=================================> 97%]
[Progress:===>                          13%] [Cov:=================================> 97%]
[Progress:===>                          13%] [Cov:=================================> 97%]
[Progress:===>                          13%] [Cov:=================================> 97%]
[Progress:===>                          13%] [Cov:=================================> 97%]
[Progress:===>                          13%] [Cov:=================================> 97%]
[Progress:====>                         15%] [Cov:=================================> 97%]
[Progress:====>                         15%] [Cov:=================================> 97%]
[Progress:====>                         15%] [Cov:=================================> 97%]
[Progress:====>                         15%] [Cov:=================================> 97%]
[Progress:====>                         15%] [Cov:=================================> 97%]
[Progress:====>                         15%] [Cov:=================================> 97%]
[Progress:====>                         15%] [Cov:=================================> 97%]
[Progress:====>                         15%] [Cov:=================================> 97%]
[Progress:====>                         15%] [Cov:=================================> 97%]
[Progress:====>                         15%] [Cov:=================================> 97%]
[Progress:====>                         15%] [Cov:=================================> 97%]
[Progress:====>                         16%] [Cov:=================================> 97%]
[Progress:====>                         16%] [Cov:=================================> 97%]
[Progress:====>                         16%] [Cov:=================================> 97%]
[Progress:====>                         16%] [Cov:=================================> 97%]
[Progress:====>                         16%] [Cov:=================================> 97%]
[Progress:====>                         16%] [Cov:=================================> 97%]
[Progress:====>                         16%] [Cov:=================================> 97%]
[Progress:====>                         16%] [Cov:=================================> 97%]
[Progress:====>                         16%] [Cov:=================================> 97%]
[Progress:====>                         16%] [Cov:=================================> 97%]
[Progress:====>                         16%] [Cov:=================================> 97%]
[Progress:=====>                        18%] [Cov:=================================> 97%]
[Progress:=====>                        18%] [Cov:=================================> 97%]
[Progress:=====>                        18%] [Cov:=================================> 97%]
[Progress:=====>                        18%] [Cov:=================================> 97%]
[Progress:=====>                        18%] [Cov:=================================> 97%]
[Progress:=====>                        18%] [Cov:=================================> 97%]
[Progress:=====>                        18%] [Cov:=================================> 97%]
[Progress:=====>                        18%] [Cov:=================================> 97%]
[Progress:=====>                        18%] [Cov:=================================> 97%]
[Progress:=====>                        18%] [Cov:=================================> 97%]
[Progress:======>                       20%] [Cov:=================================> 97%]
[Progress:======>                       20%] [Cov:=================================> 97%]
[Progress:======>                       20%] [Cov:=================================> 97%]
[Progress:======>                       20%] [Cov:=================================> 97%]
[Progress:======>                       20%] [Cov:=================================> 97%]
[Progress:======>                       20%] [Cov:=================================> 97%]
[Progress:======>                       20%] [Cov:=================================> 97%]
[Progress:======>                       20%] [Cov:=================================> 97%]
[Progress:======>                       20%] [Cov:=================================> 97%]
[Progress:======>                       20%] [Cov:=================================> 97%]
[Progress:======>                       20%] [Cov:=================================> 97%]
[Progress:======>                       20%] [Cov:=================================> 97%]
[Progress:======>                       20%] [Cov:=================================> 97%]
[Progress:======>                       21%] [Cov:=================================> 97%]
[Progress:======>                       21%] [Cov:=================================> 97%]
[Progress:======>                       21%] [Cov:=================================> 97%]
[Progress:======>                       21%] [Cov:=================================> 97%]
[Progress:======>                       21%] [Cov:=================================> 97%]
[Progress:======>                       21%] [Cov:=================================> 97%]
[Progress:======>                       21%] [Cov:=================================> 97%]
[Progress:======>                       21%] [Cov:=================================> 97%]
[Progress:======>                       21%] [Cov:=================================> 97%]
[Progress:======>                       21%] [Cov:=================================> 97%]
[Progress:======>                       21%] [Cov:=================================> 97%]
[Progress:======>                       23%] [Cov:=================================> 97%]
[Progress:======>                       23%] [Cov:=================================> 97%]
[Progress:======>                       23%] [Cov:=================================> 97%]
[Progress:======>                       23%] [Cov:=================================> 97%]
[Progress:======>                       23%] [Cov:=================================> 97%]
[Progress:======>                       23%] [Cov:=================================> 97%]
[Progress:======>                       23%] [Cov:=================================> 97%]
[Progress:======>                       23%] [Cov:=================================> 97%]
[Progress:======>                       23%] [Cov:=================================> 97%]
[Progress:======>                       23%] [Cov:=================================> 97%]
[Progress:======>                       23%] [Cov:=================================> 97%]
[Progress:======>                       23%] [Cov:=================================> 97%]
[Progress:=======>                      25%] [Cov:=================================> 97%]
[Progress:=======>                      25%] [Cov:=================================> 97%]
[Progress:=======>                      25%] [Cov:=================================> 97%]
[Progress:=======>                      25%] [Cov:=================================> 97%]
[Progress:=======>                      25%] [Cov:=================================> 97%]
[Progress:=======>                      25%] [Cov:=================================> 97%]
[Progress:=======>                      25%] [Cov:=================================> 97%]
[Progress:=======>                      25%] [Cov:=================================> 97%]
[Progress:=======>                      25%] [Cov:=================================> 97%]
[Progress:=======>                      25%] [Cov:=================================> 97%]
[Progress:=======>                      25%] [Cov:=================================> 97%]
[Progress:=======>                      25%] [Cov:=================================> 97%]
[Progress:=======>                      25%] [Cov:=================================> 97%]
[Progress:=======>                      26%] [Cov:=================================> 97%]
[Progress:=======>                      26%] [Cov:=================================> 97%]
[Progress:=======>                      26%] [Cov:=================================> 97%]
[Progress:=======>                      26%] [Cov:=================================> 97%]
[Progress:=======>                      26%] [Cov:=================================> 97%]
[Progress:=======>                      26%] [Cov:=================================> 97%]
[Progress:=======>                      26%] [Cov:=================================> 97%]
[Progress:=======>                      26%] [Cov:=================================> 97%]
[Progress:=======>                      26%] [Cov:=================================> 97%]
[Progress:=======>                      26%] [Cov:=================================> 97%]
[Progress:=======>                      26%] [Cov:=================================> 97%]
[Progress:=======>                      26%] [Cov:=================================> 97%]
[Progress:========>                     28%] [Cov:=================================> 97%]
[Progress:========>                     28%] [Cov:=================================> 97%]
[Progress:========>                     28%] [Cov:=================================> 97%]
[Progress:========>                     28%] [Cov:=================================> 97%]
[Progress:========>                     28%] [Cov:=================================> 97%]
[Progress:========>                     28%] [Cov:=================================> 97%]
[Progress:========>                     28%] [Cov:=================================> 97%]
[Progress:========>                     28%] [Cov:=================================> 97%]
[Progress:========>                     28%] [Cov:=================================> 97%]
[Progress:========>                     28%] [Cov:=================================> 97%]
[Progress:========>                     28%] [Cov:=================================> 97%]
[Progress:========>                     28%] [Cov:=================================> 97%]
[Progress:=========>                    30%] [Cov:=================================> 97%]
[Progress:=========>                    30%] [Cov:=================================> 97%]
[Progress:=========>                    30%] [Cov:=================================> 97%]
[Progress:=========>                    30%] [Cov:=================================> 97%]
[Progress:=========>                    30%] [Cov:=================================> 97%]
[Progress:=========>                    30%] [Cov:=================================> 97%]
[Progress:=========>                    30%] [Cov:=================================> 97%]
[Progress:=========>                    30%] [Cov:=================================> 97%]
[Progress:=========>                    30%] [Cov:=================================> 97%]
[Progress:=========>                    30%] [Cov:=================================> 97%]
[Progress:=========>                    30%] [Cov:=================================> 97%]
[Progress:=========>                    30%] [Cov:=================================> 97%]
[Progress:=========>                    30%] [Cov:=================================> 97%]
[Progress:=========>                    31%] [Cov:=================================> 97%]
[Progress:=========>                    31%] [Cov:=================================> 97%]
[Progress:=========>                    31%] [Cov:=================================> 97%]
[Progress:=========>                    31%] [Cov:=================================> 97%]
[Progress:=========>                    31%] [Cov:=================================> 97%]
[Progress:=========>                    31%] [Cov:=================================> 97%]
[Progress:=========>                    31%] [Cov:=================================> 97%]
[Progress:=========>                    31%] [Cov:=================================> 97%]
[Progress:=========>                    31%] [Cov:=================================> 97%]
[Progress:=========>                    31%] [Cov:=================================> 97%]
[Progress:=========>                    31%] [Cov:=================================> 97%]
[Progress:=========>                    31%] [Cov:=================================> 97%]
[Progress:=========>                    31%] [Cov:=================================> 97%]
[Progress:=========>                    31%] [Cov:=================================> 97%]
[Progress:=========>                    33%] [Cov:=================================> 97%]
[Progress:=========>                    33%] [Cov:=================================> 97%]
[Progress:=========>                    33%] [Cov:=================================> 97%]
[Progress:=========>                    33%] [Cov:=================================> 97%]
[Progress:=========>                    33%] [Cov:=================================> 97%]
[Progress:=========>                    33%] [Cov:==================================>98%]
[Progress:=========>                    33%] [Cov:==================================>98%]
[Progress:=========>                    33%] [Cov:==================================>98%]
[Progress:=========>                    33%] [Cov:==================================>98%]
[Progress:=========>                    33%] [Cov:==================================>98%]
[Progress:=========>                    33%] [Cov:==================================>98%]
[Progress:=========>                    33%] [Cov:==================================>98%]
[Progress:=========>                    33%] [Cov:==================================>98%]
[Progress:=========>                    33%] [Cov:==================================>98%]
[Progress:==========>                   35%] [Cov:==================================>98%]
[Progress:==========>                   35%] [Cov:==================================>98%]
[Progress:==========>                   35%] [Cov:==================================>98%]
[Progress:==========>                   35%] [Cov:==================================>98%]
[Progress:==========>                   35%] [Cov:==================================>98%]
[Progress:==========>                   35%] [Cov:==================================>98%]
[Progress:==========>                   35%] [Cov:==================================>98%]
[Progress:==========>                   35%] [Cov:==================================>98%]
[Progress:==========>                   35%] [Cov:==================================>98%]
[Progress:==========>                   35%] [Cov:==================================>98%]
[Progress:==========>                   35%] [Cov:==================================>98%]
[Progress:==========>                   35%] [Cov:==================================>98%]
[Progress:==========>                   35%] [Cov:==================================>98%]
[Progress:==========>                   36%] [Cov:==================================>98%]
[Progress:==========>                   36%] [Cov:==================================>98%]
[Progress:==========>                   36%] [Cov:==================================>98%]
[Progress:==========>                   36%] [Cov:==================================>98%]
[Progress:==========>                   36%] [Cov:==================================>98%]
[Progress:==========>                   36%] [Cov:==================================>98%]
[Progress:==========>                   36%] [Cov:==================================>98%]
[Progress:==========>                   36%] [Cov:==================================>98%]
[Progress:==========>                   36%] [Cov:==================================>98%]
[Progress:==========>                   36%] [Cov:==================================>98%]
[Progress:==========>                   36%] [Cov:==================================>98%]
[Progress:==========>                   36%] [Cov:==================================>98%]
[Progress:==========>                   36%] [Cov:==================================>98%]
[Progress:==========>                   36%] [Cov:==================================>98%]
[Progress:==========>                   36%] [Cov:==================================>98%]
[Progress:===========>                  38%] [Cov:==================================>98%]
[Progress:===========>                  38%] [Cov:==================================>98%]
[Progress:===========>                  38%] [Cov:==================================>98%]
[Progress:===========>                  38%] [Cov:==================================>98%]
[Progress:===========>                  38%] [Cov:==================================>98%]
[Progress:===========>                  38%] [Cov:==================================>98%]
[Progress:===========>                  38%] [Cov:==================================>98%]
[Progress:===========>                  38%] [Cov:==================================>98%]
[Progress:===========>                  38%] [Cov:==================================>98%]
[Progress:===========>                  38%] [Cov:==================================>98%]
[Progress:===========>                  38%] [Cov:==================================>98%]
[Progress:===========>                  38%] [Cov:==================================>98%]
[Progress:===========>                  38%] [Cov:==================================>98%]
[Progress:===========>                  38%] [Cov:==================================>99%]
[Progress:===========>                  38%] [Cov:==================================>99%]
[Progress:============>                 40%] [Cov:==================================>99%]
[Progress:============>                 40%] [Cov:==================================>99%]
[Progress:============>                 40%] [Cov:==================================>99%]
[Progress:============>                 40%] [Cov:==================================>99%]
[Progress:============>                 40%] [Cov:==================================>99%]
[Progress:============>                 40%] [Cov:==================================>99%]
[Progress:============>                 40%] [Cov:==================================>99%]
[Progress:============>                 40%] [Cov:==================================>99%]
[Progress:============>                 40%] [Cov:==================================>99%]
[Progress:============>                 40%] [Cov:==================================>99%]
[Progress:============>                 40%] [Cov:==================================>99%]
[Progress:============>                 40%] [Cov:==================================>99%]
[Progress:============>                 40%] [Cov:==================================>99%]
[Progress:============>                 40%] [Cov:==================================>99%]
[Progress:============>                 40%] [Cov:==================================>99%]
[Progress:============>                 41%] [Cov:==================================>99%]
[Progress:============>                 41%] [Cov:==================================>99%]
[Progress:============>                 41%] [Cov:==================================>99%]
[Progress:============>                 41%] [Cov:==================================>99%]
[Progress:============>                 41%] [Cov:==================================>99%]
[Progress:============>                 41%] [Cov:==================================>99%]
[Progress:============>                 41%] [Cov:==================================>99%]
[Progress:============>                 41%] [Cov:==================================>99%]
[Progress:============>                 41%] [Cov:==================================>99%]
[Progress:============>                 41%] [Cov:==================================>99%]
[Progress:============>                 41%] [Cov:==================================>99%]
[Progress:============>                 41%] [Cov:==================================>99%]
[Progress:============>                 41%] [Cov:==================================>99%]
[Progress:============>                 41%] [Cov:==================================>99%]
[Progress:============>                 41%] [Cov:==================================>99%]
[Progress:============>                 43%] [Cov:==================================>99%]
[Progress:============>                 43%] [Cov:==================================>99%]
[Progress:============>                 43%] [Cov:==================================>99%]
[Progress:============>                 43%] [Cov:==================================>99%]
[Progress:============>                 43%] [Cov:==================================>99%]
[Progress:============>                 43%] [Cov:==================================>99%]
[Progress:============>                 43%] [Cov:==================================>99%]
[Progress:============>                 43%] [Cov:==================================>99%]
[Progress:============>                 43%] [Cov:==================================>99%]
[Progress:============>                 43%] [Cov:==================================>99%]
[Progress:============>                 43%] [Cov:==================================>99%]
[Progress:============>                 43%] [Cov:==================================>99%]
[Progress:============>                 43%] [Cov:==================================>99%]
[Progress:============>                 43%] [Cov:==================================>99%]
[Progress:============>                 43%] [Cov:==================================>99%]
[Progress:=============>                45%] [Cov:==================================>99%]
[Progress:=============>                45%] [Cov:==================================>99%]
[Progress:=============>                45%] [Cov:==================================>99%]
[Progress:=============>                45%] [Cov:==================================>99%]
[Progress:=============>                45%] [Cov:==================================>99%]
[Progress:=============>                45%] [Cov:==================================>99%]
[Progress:=============>                45%] [Cov:==================================>99%]
[Progress:=============>                45%] [Cov:==================================>99%]
[Progress:=============>                45%] [Cov:==================================>99%]
[Progress:=============>                45%] [Cov:==================================>99%]
[Progress:=============>                45%] [Cov:==================================>99%]
[Progress:=============>                45%] [Cov:==================================>99%]
[Progress:=============>                45%] [Cov:==================================>99%]
[Progress:=============>                45%] [Cov:==================================>99%]
[Progress:=============>                45%] [Cov:==================================>99%]
[Progress:=============>                45%] [Cov:==================================>99%]
[Progress:=============>                46%] [Cov:==================================>99%]
[Progress:=============>                46%] [Cov:==================================>99%]
[Progress:=============>                46%] [Cov:==================================>99%]
[Progress:=============>                46%] [Cov:==================================>99%]
[Progress:=============>                46%] [Cov:==================================>99%]
[Progress:=============>                46%] [Cov:==================================>99%]
[Progress:=============>                46%] [Cov:==================================>99%]
[Progress:=============>                46%] [Cov:==================================>99%]
[Progress:=============>                46%] [Cov:==================================>99%]
[Progress:=============>                46%] [Cov:==================================>99%]
[Progress:=============>                46%] [Cov:==================================>99%]
[Progress:=============>                46%] [Cov:==================================>99%]
[Progress:=============>                46%] [Cov:==================================>99%]
[Progress:=============>                46%] [Cov:==================================>99%]
[Progress:=============>                46%] [Cov:==================================>99%]
[Progress:==============>               48%] [Cov:==================================>99%]
[Progress:==============>               48%] [Cov:==================================>99%]
[Progress:==============>               48%] [Cov:==================================>99%]
[Progress:==============>               48%] [Cov:==================================>99%]
[Progress:==============>               48%] [Cov:==================================>99%]
[Progress:==============>               48%] [Cov:==================================>99%]
[Progress:==============>               48%] [Cov:==================================>99%]
[Progress:==============>               48%] [Cov:==================================>99%]
[Progress:==============>               48%] [Cov:==================================>99%]
[Progress:==============>               48%] [Cov:==================================>99%]
[Progress:==============>               48%] [Cov:==================================>99%]
[Progress:==============>               48%] [Cov:==================================>99%]
[Progress:==============>               48%] [Cov:==================================>99%]
[Progress:==============>               48%] [Cov:==================================>99%]
[Progress:==============>               48%] [Cov:==================================>99%]
[Progress:==============>               48%] [Cov:==================================>99%]
[Progress:===============>              50%] [Cov:==================================>99%]
[Progress:===============>              50%] [Cov:==================================>99%]
[Progress:===============>              50%] [Cov:==================================>99%]
[Progress:===============>              50%] [Cov:==================================>99%]
[Progress:===============>              50%] [Cov:==================================>99%]
[Progress:===============>              50%] [Cov:==================================>99%]
[Progress:===============>              50%] [Cov:==================================>99%]
[Progress:===============>              50%] [Cov:==================================>99%]
[Progress:===============>              50%] [Cov:==================================>99%]
[Progress:===============>              50%] [Cov:==================================>99%]
[Progress:===============>              50%] [Cov:==================================>99%]
[Progress:===============>              50%] [Cov:==================================>99%]
[Progress:===============>              50%] [Cov:==================================>99%]
[Progress:===============>              50%] [Cov:==================================>99%]
[Progress:===============>              50%] [Cov:==================================>99%]
[Progress:===============>              50%] [Cov:==================================>99%]
[Progress:===============>              51%] [Cov:==================================>99%]
[Progress:===============>              51%] [Cov:==================================>99%]
[Progress:===============>              51%] [Cov:==================================>99%]
[Progress:===============>              51%] [Cov:==================================>99%]
[Progress:===============>              51%] [Cov:==================================>99%]
[Progress:===============>              51%] [Cov:==================================>99%]
[Progress:===============>              51%] [Cov:==================================>99%]
[Progress:===============>              51%] [Cov:==================================>99%]
[Progress:===============>              51%] [Cov:==================================>99%]
[Progress:===============>              51%] [Cov:==================================>99%]
[Progress:===============>              51%] [Cov:==================================>99%]
[Progress:===============>              51%] [Cov:==================================>99%]
[Progress:===============>              51%] [Cov:==================================>99%]
[Progress:===============>              51%] [Cov:==================================>99%]
[Progress:===============>              51%] [Cov:==================================>99%]
[Progress:===============>              53%] [Cov:==================================>99%]
[Progress:===============>              53%] [Cov:==================================>99%]
[Progress:===============>              53%] [Cov:==================================>99%]
[Progress:===============>              53%] [Cov:==================================>99%]
[Progress:===============>              53%] [Cov:==================================>99%]
[Progress:===============>              53%] [Cov:==================================>99%]
[Progress:===============>              53%] [Cov:==================================>99%]
[Progress:===============>              53%] [Cov:==================================>99%]
[Progress:===============>              53%] [Cov:==================================>99%]
[Progress:===============>              53%] [Cov:==================================>99%]
[Progress:===============>              53%] [Cov:==================================>99%]
[Progress:===============>              53%] [Cov:==================================>99%]
[Progress:===============>              53%] [Cov:==================================>99%]
[Progress:===============>              53%] [Cov:==================================>99%]
[Progress:===============>              53%] [Cov:==================================>99%]
[Progress:================>             55%] [Cov:==================================>99%]
[Progress:================>             55%] [Cov:==================================>99%]
[Progress:================>             55%] [Cov:==================================>99%]
[Progress:================>             55%] [Cov:==================================>99%]
[Progress:================>             55%] [Cov:==================================>99%]
[Progress:================>             55%] [Cov:==================================>99%]
[Progress:================>             55%] [Cov:==================================>99%]
[Progress:================>             55%] [Cov:==================================>99%]
[Progress:================>             55%] [Cov:==================================>99%]
[Progress:================>             55%] [Cov:==================================>99%]
[Progress:================>             55%] [Cov:==================================>99%]
[Progress:================>             55%] [Cov:==================================>99%]
[Progress:================>             55%] [Cov:==================================>99%]
[Progress:================>             55%] [Cov:==================================>99%]
[Progress:================>             56%] [Cov:==================================>99%]
[Progress:================>             56%] [Cov:==================================>99%]
[Progress:================>             56%] [Cov:==================================>99%]
[Progress:================>             56%] [Cov:==================================>99%]
[Progress:================>             56%] [Cov:==================================>99%]
[Progress:================>             56%] [Cov:==================================>99%]
[Progress:================>             56%] [Cov:==================================>99%]
[Progress:================>             56%] [Cov:==================================>99%]
[Progress:================>             56%] [Cov:==================================>99%]
[Progress:================>             56%] [Cov:==================================>99%]
[Progress:================>             56%] [Cov:==================================>99%]
[Progress:================>             56%] [Cov:==================================>99%]
[Progress:================>             56%] [Cov:==================================>99%]
[Progress:================>             56%] [Cov:==================================>99%]
[Progress:================>             56%] [Cov:==================================>99%]
[Progress:================>             56%] [Cov:==================================>99%]
[Progress:=================>            58%] [Cov:==================================>99%]
[Progress:=================>            58%] [Cov:==================================>99%]
[Progress:=================>            58%] [Cov:==================================>99%]
[Progress:=================>            58%] [Cov:==================================>99%]
[Progress:=================>            58%] [Cov:==================================>99%]
[Progress:=================>            58%] [Cov:==================================>99%]
[Progress:=================>            58%] [Cov:==================================>99%]
[Progress:=================>            58%] [Cov:==================================>99%]
[Progress:=================>            58%] [Cov:==================================>99%]
[Progress:=================>            58%] [Cov:==================================>99%]
[Progress:=================>            58%] [Cov:==================================>99%]
[Progress:=================>            58%] [Cov:==================================>99%]
[Progress:=================>            58%] [Cov:==================================>99%]
[Progress:=================>            58%] [Cov:==================================>99%]
[Progress:=================>            58%] [Cov:==================================>99%]
[Progress:==================>           60%] [Cov:==================================>99%]
[Progress:==================>           60%] [Cov:==================================>99%]
[Progress:==================>           60%] [Cov:==================================>99%]
[Progress:==================>           60%] [Cov:==================================>99%]
[Progress:==================>           60%] [Cov:==================================>99%]
[Progress:==================>           60%] [Cov:==================================>99%]
[Progress:==================>           60%] [Cov:==================================>99%]
[Progress:==================>           60%] [Cov:==================================>99%]
[Progress:==================>           60%] [Cov:==================================>99%]
[Progress:==================>           60%] [Cov:==================================>99%]
[Progress:==================>           60%] [Cov:==================================>99%]
[Progress:==================>           60%] [Cov:==================================>99%]
[Progress:==================>           60%] [Cov:==================================>99%]
[Progress:==================>           60%] [Cov:==================================>99%]
[Progress:==================>           61%] [Cov:==================================>99%]
[Progress:==================>           61%] [Cov:==================================>99%]
[Progress:==================>           61%] [Cov:==================================>99%]
[Progress:==================>           61%] [Cov:==================================>99%]
[Progress:==================>           61%] [Cov:==================================>99%]
[Progress:==================>           61%] [Cov:==================================>99%]
[Progress:==================>           61%] [Cov:==================================>99%]
[Progress:==================>           61%] [Cov:==================================>99%]
[Progress:==================>           61%] [Cov:==================================>99%]
[Progress:==================>           61%] [Cov:==================================>99%]
[Progress:==================>           61%] [Cov:==================================>99%]
[Progress:==================>           61%] [Cov:==================================>99%]
[Progress:==================>           61%] [Cov:==================================>99%]
[Progress:==================>           61%] [Cov:==================================>99%]
[Progress:==================>           61%] [Cov:==================================>99%]
[Progress:==================>           63%] [Cov:==================================>99%]
[Progress:==================>           63%] [Cov:==================================>99%]
[Progress:==================>           63%] [Cov:==================================>99%]
[Progress:==================>           63%] [Cov:==================================>99%]
[Progress:==================>           63%] [Cov:==================================>99%]
[Progress:==================>           63%] [Cov:==================================>99%]
[Progress:==================>           63%] [Cov:==================================>99%]
[Progress:==================>           63%] [Cov:==================================>99%]
[Progress:==================>           63%] [Cov:==================================>99%]
[Progress:==================>           63%] [Cov:==================================>99%]
[Progress:==================>           63%] [Cov:==================================>99%]
[Progress:==================>           63%] [Cov:==================================>99%]
[Progress:==================>           63%] [Cov:==================================>99%]
[Progress:==================>           63%] [Cov:==================================>99%]
[Progress:==================>           63%] [Cov:==================================>99%]
[Progress:==================>           63%] [Cov:==================================>99%]
[Progress:===================>          65%] [Cov:==================================>99%]
[Progress:===================>          65%] [Cov:==================================>99%]
[Progress:===================>          65%] [Cov:==================================>99%]
[Progress:===================>          65%] [Cov:==================================>99%]
[Progress:===================>          65%] [Cov:==================================>99%]
[Progress:===================>          65%] [Cov:==================================>99%]
[Progress:===================>          65%] [Cov:==================================>99%]
[Progress:===================>          65%] [Cov:==================================>99%]
[Progress:===================>          65%] [Cov:==================================>99%]
[Progress:===================>          65%] [Cov:==================================>99%]
[Progress:===================>          65%] [Cov:==================================>99%]
[Progress:===================>          65%] [Cov:==================================>99%]
[Progress:===================>          65%] [Cov:==================================>99%]
[Progress:===================>          65%] [Cov:==================================>99%]
[Progress:===================>          65%] [Cov:==================================>99%]
[Progress:===================>          66%] [Cov:==================================>99%]
[Progress:===================>          66%] [Cov:==================================>99%]
[Progress:===================>          66%] [Cov:==================================>99%]
[Progress:===================>          66%] [Cov:==================================>99%]
[Progress:===================>          66%] [Cov:==================================>99%]
[Progress:===================>          66%] [Cov:==================================>99%]
[Progress:===================>          66%] [Cov:==================================>99%]
[Progress:===================>          66%] [Cov:==================================>99%]
[Progress:===================>          66%] [Cov:==================================>99%]
[Progress:===================>          66%] [Cov:==================================>99%]
[Progress:===================>          66%] [Cov:==================================>99%]
[Progress:===================>          66%] [Cov:==================================>99%]
[Progress:===================>          66%] [Cov:==================================>99%]
[Progress:===================>          66%] [Cov:==================================>99%]
[Progress:===================>          66%] [Cov:==================================>99%]
[Progress:====================>         68%] [Cov:==================================>99%]
[Progress:====================>         68%] [Cov:==================================>99%]
[Progress:====================>         68%] [Cov:==================================>99%]
[Progress:====================>         68%] [Cov:==================================>99%]
[Progress:====================>         68%] [Cov:==================================>99%]
[Progress:====================>         68%] [Cov:==================================>99%]
[Progress:====================>         68%] [Cov:==================================>99%]
[Progress:====================>         68%] [Cov:==================================>99%]
[Progress:====================>         68%] [Cov:==================================>99%]
[Progress:====================>         68%] [Cov:==================================>99%]
[Progress:====================>         68%] [Cov:==================================>99%]
[Progress:====================>         68%] [Cov:==================================>99%]
[Progress:====================>         68%] [Cov:==================================>99%]
[Progress:====================>         68%] [Cov:==================================>99%]
[Progress:====================>         68%] [Cov:==================================>99%]
[Progress:=====================>        70%] [Cov:==================================>99%]
[Progress:=====================>        70%] [Cov:==================================>99%]
[Progress:=====================>        70%] [Cov:==================================>99%]
[Progress:=====================>        70%] [Cov:==================================>99%]
[Progress:=====================>        70%] [Cov:==================================>99%]
[Progress:=====================>        70%] [Cov:==================================>99%]
[Progress:=====================>        70%] [Cov:==================================>99%]
[Progress:=====================>        70%] [Cov:==================================>99%]
[Progress:=====================>        70%] [Cov:==================================>99%]
[Progress:=====================>        70%] [Cov:==================================>99%]
[Progress:=====================>        70%] [Cov:==================================>99%]
[Progress:=====================>        70%] [Cov:==================================>99%]
[Progress:=====================>        70%] [Cov:==================================>99%]
[Progress:=====================>        70%] [Cov:==================================>99%]
[Progress:=====================>        70%] [Cov:==================================>99%]
[Progress:=====================>        70%] [Cov:==================================>99%]
[Progress:=====================>        71%] [Cov:==================================>99%]
[Progress:=====================>        71%] [Cov:==================================>99%]
[Progress:=====================>        71%] [Cov:==================================>99%]
[Progress:=====================>        71%] [Cov:==================================>99%]
[Progress:=====================>        71%] [Cov:==================================>99%]
[Progress:=====================>        71%] [Cov:==================================>99%]
[Progress:=====================>        71%] [Cov:==================================>99%]
[Progress:=====================>        71%] [Cov:==================================>99%]
[Progress:=====================>        71%] [Cov:==================================>99%]
[Progress:=====================>        71%] [Cov:==================================>99%]
[Progress:=====================>        71%] [Cov:==================================>99%]
[Progress:=====================>        71%] [Cov:==================================>99%]
[Progress:=====================>        71%] [Cov:==================================>99%]
[Progress:=====================>        71%] [Cov:==================================>99%]
[Progress:=====================>        71%] [Cov:==================================>99%]
[Progress:=====================>        73%] [Cov:==================================>99%]
[Progress:=====================>        73%] [Cov:==================================>99%]
[Progress:=====================>        73%] [Cov:==================================>99%]
[Progress:=====================>        73%] [Cov:==================================>99%]
[Progress:=====================>        73%] [Cov:==================================>99%]
[Progress:=====================>        73%] [Cov:==================================>99%]
[Progress:=====================>        73%] [Cov:==================================>99%]
[Progress:=====================>        73%] [Cov:==================================>99%]
[Progress:=====================>        73%] [Cov:==================================>99%]
[Progress:=====================>        73%] [Cov:==================================>99%]
[Progress:=====================>        73%] [Cov:==================================>99%]
[Progress:=====================>        73%] [Cov:==================================>99%]
[Progress:=====================>        73%] [Cov:==================================>99%]
[Progress:=====================>        73%] [Cov:==================================>99%]
[Progress:=====================>        73%] [Cov:==================================>99%]
[Progress:=====================>        73%] [Cov:==================================>99%]
[Progress:======================>       75%] [Cov:==================================>99%]
[Progress:======================>       75%] [Cov:==================================>99%]
[Progress:======================>       75%] [Cov:==================================>99%]
[Progress:======================>       75%] [Cov:==================================>99%]
[Progress:======================>       75%] [Cov:==================================>99%]
[Progress:======================>       75%] [Cov:==================================>99%]
[Progress:======================>       75%] [Cov:==================================>99%]
[Progress:======================>       75%] [Cov:==================================>99%]
[Progress:======================>       75%] [Cov:==================================>99%]
[Progress:======================>       75%] [Cov:==================================>99%]
[Progress:======================>       75%] [Cov:==================================>99%]
[Progress:======================>       75%] [Cov:==================================>99%]
[Progress:======================>       75%] [Cov:==================================>99%]
[Progress:======================>       75%] [Cov:==================================>99%]
[Progress:======================>       75%] [Cov:==================================>99%]
[Progress:======================>       75%] [Cov:==================================>99%]
[Progress:======================>       76%] [Cov:==================================>99%]
[Progress:======================>       76%] [Cov:==================================>99%]
[Progress:======================>       76%] [Cov:==================================>99%]
[Progress:======================>       76%] [Cov:==================================>99%]
[Progress:======================>       76%] [Cov:==================================>99%]
[Progress:======================>       76%] [Cov:==================================>99%]
[Progress:======================>       76%] [Cov:==================================>99%]
[Progress:======================>       76%] [Cov:==================================>99%]
[Progress:======================>       76%] [Cov:==================================>99%]
[Progress:======================>       76%] [Cov:==================================>99%]
[Progress:======================>       76%] [Cov:==================================>99%]
[Progress:======================>       76%] [Cov:==================================>99%]
[Progress:======================>       76%] [Cov:==================================>99%]
[Progress:======================>       76%] [Cov:==================================>99%]
[Progress:======================>       76%] [Cov:==================================>99%]
[Progress:======================>       76%] [Cov:==================================>99%]
[Progress:=======================>      78%] [Cov:==================================>99%]
[Progress:=======================>      78%] [Cov:==================================>99%]
[Progress:=======================>      78%] [Cov:==================================>99%]
[Progress:=======================>      78%] [Cov:==================================>99%]
[Progress:=======================>      78%] [Cov:==================================>99%]
[Progress:=======================>      78%] [Cov:==================================>99%]
[Progress:=======================>      78%] [Cov:==================================>99%]
[Progress:=======================>      78%] [Cov:==================================>99%]
[Progress:=======================>      78%] [Cov:==================================>99%]
[Progress:=======================>      78%] [Cov:==================================>99%]
[Progress:=======================>      78%] [Cov:==================================>99%]
[Progress:=======================>      78%] [Cov:==================================>99%]
[Progress:=======================>      78%] [Cov:==================================>99%]
[Progress:=======================>      78%] [Cov:==================================>99%]
[Progress:=======================>      78%] [Cov:==================================>99%]
[Progress:========================>     80%] [Cov:==================================>99%]
[Progress:========================>     80%] [Cov:==================================>99%]
[Progress:========================>     80%] [Cov:==================================>99%]
[Progress:========================>     80%] [Cov:==================================>99%]
[Progress:========================>     80%] [Cov:==================================>99%]
[Progress:========================>     80%] [Cov:==================================>99%]
[Progress:========================>     80%] [Cov:==================================>99%]
[Progress:========================>     80%] [Cov:==================================>99%]
[Progress:========================>     80%] [Cov:==================================>99%]
[Progress:========================>     80%] [Cov:==================================>99%]
[Progress:========================>     80%] [Cov:==================================>99%]
[Progress:========================>     80%] [Cov:==================================>99%]
[Progress:========================>     80%] [Cov:==================================>99%]
[Progress:========================>     81%] [Cov:==================================>99%]
[Progress:========================>     81%] [Cov:==================================>99%]
[Progress:========================>     81%] [Cov:==================================>99%]
[Progress:========================>     81%] [Cov:==================================>99%]
[Progress:========================>     81%] [Cov:==================================>99%]
[Progress:========================>     81%] [Cov:==================================>99%]
[Progress:========================>     81%] [Cov:==================================>99%]
[Progress:========================>     81%] [Cov:==================================>99%]
[Progress:========================>     81%] [Cov:==================================>99%]
[Progress:========================>     81%] [Cov:==================================>99%]
[Progress:========================>     81%] [Cov:==================================>99%]
[Progress:========================>     81%] [Cov:==================================>99%]
[Progress:========================>     81%] [Cov:==================================>99%]
[Progress:========================>     81%] [Cov:==================================>99%]
[Progress:========================>     81%] [Cov:==================================>99%]
[Progress:========================>     81%] [Cov:==================================>99%]
[Progress:========================>     83%] [Cov:==================================>99%]
[Progress:========================>     83%] [Cov:==================================>99%]
[Progress:========================>     83%] [Cov:==================================>99%]
[Progress:========================>     83%] [Cov:==================================>99%]
[Progress:========================>     83%] [Cov:==================================>99%]
[Progress:========================>     83%] [Cov:==================================>99%]
[Progress:========================>     83%] [Cov:==================================>99%]
[Progress:========================>     83%] [Cov:==================================>99%]
[Progress:========================>     83%] [Cov:==================================>99%]
[Progress:========================>     83%] [Cov:==================================>99%]
[Progress:========================>     83%] [Cov:==================================>99%]
[Progress:========================>     83%] [Cov:==================================>99%]
[Progress:========================>     83%] [Cov:==================================>99%]
[Progress:========================>     83%] [Cov:==================================>99%]
[Progress:========================>     83%] [Cov:==================================>99%]
[Progress:========================>     83%] [Cov:==================================>99%]
[Progress:=========================>    85%] [Cov:==================================>99%]
[Progress:=========================>    85%] [Cov:==================================>99%]
[Progress:=========================>    85%] [Cov:==================================>99%]
[Progress:=========================>    85%] [Cov:==================================>99%]
[Progress:=========================>    85%] [Cov:==================================>99%]
[Progress:=========================>    85%] [Cov:==================================>99%]
[Progress:=========================>    85%] [Cov:==================================>99%]
[Progress:=========================>    85%] [Cov:==================================>99%]
[Progress:=========================>    85%] [Cov:==================================>99%]
[Progress:=========================>    85%] [Cov:==================================>99%]
[Progress:=========================>    85%] [Cov:==================================>99%]
[Progress:=========================>    85%] [Cov:==================================>99%]
[Progress:=========================>    85%] [Cov:==================================>99%]
[Progress:=========================>    85%] [Cov:==================================>99%]
[Progress:=========================>    85%] [Cov:==================================>99%]
[Progress:=========================>    86%] [Cov:==================================>99%]
[Progress:=========================>    86%] [Cov:==================================>99%]
[Progress:=========================>    86%] [Cov:==================================>99%]
[Progress:=========================>    86%] [Cov:==================================>99%]
[Progress:=========================>    86%] [Cov:==================================>99%]
[Progress:=========================>    86%] [Cov:==================================>99%]
[Progress:=========================>    86%] [Cov:==================================>99%]
[Progress:=========================>    86%] [Cov:==================================>99%]
[Progress:=========================>    86%] [Cov:==================================>99%]
[Progress:=========================>    86%] [Cov:==================================>99%]
[Progress:=========================>    86%] [Cov:==================================>99%]
[Progress:=========================>    86%] [Cov:==================================>99%]
[Progress:=========================>    86%] [Cov:==================================>99%]
[Progress:=========================>    86%] [Cov:==================================>99%]
[Progress:=========================>    86%] [Cov:==================================>99%]
[Progress:=========================>    86%] [Cov:==================================>99%]
[Progress:==========================>   88%] [Cov:==================================>99%]
[Progress:==========================>   88%] [Cov:==================================>99%]
[Progress:==========================>   88%] [Cov:==================================>99%]
[Progress:==========================>   88%] [Cov:==================================>99%]
[Progress:==========================>   88%] [Cov:==================================>99%]
[Progress:==========================>   88%] [Cov:==================================>99%]
[Progress:==========================>   88%] [Cov:==================================>99%]
[Progress:==========================>   88%] [Cov:==================================>99%]
[Progress:==========================>   88%] [Cov:==================================>99%]
[Progress:==========================>   88%] [Cov:==================================>99%]
[Progress:==========================>   88%] [Cov:==================================>99%]
[Progress:==========================>   88%] [Cov:==================================>99%]
[Progress:==========================>   88%] [Cov:==================================>99%]
[Progress:==========================>   88%] [Cov:==================================>99%]
[Progress:==========================>   88%] [Cov:==================================>99%]
[Progress:===========================>  90%] [Cov:==================================>99%]
[Progress:===========================>  90%] [Cov:==================================>99%]
[Progress:===========================>  90%] [Cov:==================================>99%]
[Progress:===========================>  90%] [Cov:==================================>99%]
[Progress:===========================>  90%] [Cov:==================================>99%]
[Progress:===========================>  90%] [Cov:==================================>99%]
[Progress:===========================>  90%] [Cov:==================================>99%]
[Progress:===========================>  90%] [Cov:==================================>99%]
[Progress:===========================>  90%] [Cov:==================================>99%]
[Progress:===========================>  90%] [Cov:==================================>99%]
[Progress:===========================>  90%] [Cov:==================================>99%]
[Progress:===========================>  90%] [Cov:==================================>99%]
[Progress:===========================>  90%] [Cov:==================================>99%]
[Progress:===========================>  90%] [Cov:==================================>99%]
[Progress:===========================>  90%] [Cov:==================================>99%]
[Progress:===========================>  91%] [Cov:==================================>99%]
[Progress:===========================>  91%] [Cov:==================================>99%]
[Progress:===========================>  91%] [Cov:==================================>99%]
[Progress:===========================>  91%] [Cov:==================================>99%]
[Progress:===========================>  91%] [Cov:==================================>99%]
[Progress:===========================>  91%] [Cov:==================================>99%]
[Progress:===========================>  91%] [Cov:==================================>99%]
[Progress:===========================>  91%] [Cov:==================================>99%]
[Progress:===========================>  91%] [Cov:==================================>99%]
[Progress:===========================>  91%] [Cov:==================================>99%]
[Progress:===========================>  91%] [Cov:==================================>99%]
[Progress:===========================>  91%] [Cov:==================================>99%]
[Progress:===========================>  91%] [Cov:==================================>99%]
[Progress:===========================>  91%] [Cov:==================================>99%]
[Progress:===========================>  91%] [Cov:==================================>99%]
[Progress:===========================>  91%] [Cov:==================================>99%]
[Progress:===========================>  93%] [Cov:==================================>99%]
[Progress:===========================>  93%] [Cov:==================================>99%]
[Progress:===========================>  93%] [Cov:==================================>99%]
[Progress:===========================>  93%] [Cov:==================================>99%]
[Progress:===========================>  93%] [Cov:==================================>99%]
[Progress:===========================>  93%] [Cov:==================================>99%]
[Progress:===========================>  93%] [Cov:==================================>99%]
[Progress:===========================>  93%] [Cov:==================================>99%]
[Progress:===========================>  93%] [Cov:==================================>99%]
[Progress:===========================>  93%] [Cov:==================================>99%]
[Progress:===========================>  93%] [Cov:==================================>99%]
[Progress:===========================>  93%] [Cov:==================================>99%]
[Progress:===========================>  93%] [Cov:==================================>99%]
[Progress:===========================>  93%] [Cov:==================================>99%]
[Progress:===========================>  93%] [Cov:==================================>99%]
[Progress:===========================>  93%] [Cov:==================================>99%]
[Progress:============================> 95%] [Cov:==================================>99%]
[Progress:============================> 95%] [Cov:==================================>99%]
[Progress:============================> 95%] [Cov:==================================>99%]
[Progress:============================> 95%] [Cov:==================================>99%]
[Progress:============================> 95%] [Cov:==================================>99%]
[Progress:============================> 95%] [Cov:==================================>99%]
[Progress:============================> 95%] [Cov:==================================>99%]
[Progress:============================> 95%] [Cov:==================================>99%]
[Progress:============================> 95%] [Cov:==================================>99%]
[Progress:============================> 95%] [Cov:==================================>99%]
[Progress:============================> 95%] [Cov:==================================>99%]
[Progress:============================> 95%] [Cov:==================================>99%]
[Progress:============================> 95%] [Cov:==================================>99%]
[Progress:============================> 95%] [Cov:==================================>99%]
[Progress:============================> 95%] [Cov:==================================>99%]
[Progress:============================> 95%] [Cov:==================================>99%]
[Progress:============================> 96%] [Cov:==================================>99%]
[Progress:============================> 96%] [Cov:==================================>99%]
[Progress:============================> 96%] [Cov:==================================>99%]
[Progress:============================> 96%] [Cov:==================================>99%]
[Progress:============================> 96%] [Cov:==================================>99%]
[Progress:============================> 96%] [Cov:==================================>99%]
[Progress:============================> 96%] [Cov:==================================>99%]
[Progress:============================> 96%] [Cov:==================================>99%]
[Progress:============================> 96%] [Cov:==================================>99%]
[Progress:============================> 96%] [Cov:==================================>99%]
[Progress:============================> 96%] [Cov:==================================>99%]
[Progress:============================> 96%] [Cov:==================================>99%]
[Progress:============================> 96%] [Cov:==================================>99%]
[Progress:============================> 96%] [Cov:==================================>99%]
[Progress:============================> 96%] [Cov:==================================>99%]
[Progress:=============================>98%] [Cov:==================================>99%]
[Progress:=============================>98%] [Cov:==================================>99%]
[Progress:=============================>98%] [Cov:==================================>99%]
[Progress:=============================>98%] [Cov:==================================>99%]
[Progress:=============================>98%] [Cov:==================================>99%]
[Progress:=============================>98%] [Cov:==================================>99%]
[Progress:=============================>98%] [Cov:==================================>99%]
[Progress:=============================>98%] [Cov:==================================>99%]
[Progress:=============================>98%] [Cov:==================================>99%]
[Progress:=============================>98%] [Cov:==================================>99%]
[Progress:=============================>98%] [Cov:==================================>99%]
[Progress:=============================>98%] [Cov:==================================>99%]
[Progress:=============================>98%] [Cov:==================================>99%]
[Progress:=============================>98%] [Cov:==================================>99%]
[Progress:=============================>98%] [Cov:==================================>99%]
[Progress:=============================>98%] [Cov:==================================>99%]
[Progress:==============================100%] [Cov:==================================>99%]
[Progress:==============================100%] [Cov:==================================>99%]
[Progress:==============================100%] [Cov:==================================>99%]
[Progress:==============================100%] [Cov:==================================>99%]
[Progress:==============================100%] [Cov:==================================>99%]
[Progress:==============================100%] [Cov:==================================>99%]
[Progress:==============================100%] [Cov:==================================>99%]
[Progress:==============================100%] [Cov:==================================>99%]
[Progress:==============================100%] [Cov:==================================>99%]
[Progress:==============================100%] [Cov:==================================>99%]
[Progress:==============================100%] [Cov:==================================>99%]
[Progress:==============================100%] [Cov:==================================>99%]
[Progress:==============================100%] [Cov:==================================>99%]
[Progress:==============================100%] [Cov:==================================>99%]
[Progress:==============================100%] [Cov:==================================>99%]
[Progress:==============================100%] [Cov:==================================>99%]
[Progress:==============================100%] [Cov:==================================>99%]
* Search finished after 61s and 766 generations, 232431 statements, best individual has fitness: 1.05
* Minimizing test suite
* Going to analyze the coverage criteria
* Coverage analysis for criterion LINE
* Coverage of criterion LINE: 100%
* Total number of goals: 121
* Number of covered goals: 121
* Coverage analysis for criterion BRANCH
* Coverage of criterion BRANCH: 98%
* Total number of goals: 62
* Number of covered goals: 61
* Coverage analysis for criterion EXCEPTION
* Coverage of criterion EXCEPTION: 100%
* Total number of goals: 19
* Number of covered goals: 19
* Generated 35 tests with total length 117
* Resulting test suite's coverage: 99% (average coverage for all fitness functions)
* Generating assertions
* Resulting test suite's mutation score: 64%
* Compiling and checking tests
* Writing tests to file
* Writing JUnit test case 'DefaultKeyedValues_ESTest' to /work/evo_out/Chart_18f/budget60_seed1/tests
* Done!

* Computation finished

[exit=0 timeout=False time=70.7s]

$ java -Djava.awt.headless=true -cp /opt/defects4j/framework/projects/lib/junit-4.12-hamcrest-1.3.jar:/opt/evosuite/evosuite-1.2.0.jar:/work/Chart_18f/build:/work/Chart_18f/lib/servlet.jar:/work/Chart_18f/build-tests org.evosuite.EvoSuite -generateSuite -class org.jfree.data.DefaultKeyedValues2D -projectCP /opt/defects4j/framework/projects/lib/junit-4.12-hamcrest-1.3.jar:/work/Chart_18f/build:/work/Chart_18f/lib/servlet.jar:/work/Chart_18f/build-tests -Dcriterion=LINE:BRANCH:EXCEPTION -Dsearch_budget=60 -seed 1 -Dtest_dir=/work/evo_out/Chart_18f/budget60_seed1/tests -Dreport_dir=/work/evo_out/Chart_18f/budget60_seed1/report
* EvoSuite 1.2.0
* Going to generate test cases for class: org.jfree.data.DefaultKeyedValues2D
* Starting Client-0
* Connecting to master process on port 9922
* Analyzing classpath: 
  - /opt/defects4j/framework/projects/lib/junit-4.12-hamcrest-1.3.jar
  - /work/Chart_18f/build
  - /work/Chart_18f/lib/servlet.jar
  - /work/Chart_18f/build-tests
* Finished analyzing classpath
* Generating tests for class org.jfree.data.DefaultKeyedValues2D
* Test criteria:
  - Line Coverage
  - Branch Coverage
  - Exception
* Setting up search algorithm for whole suite generation
* Total number of test goals: 
  - Line 150
  - Branch 95
  - Exception 0

[Progress:>                             0%] [Cov:>                                  0%]* Using seed 1
* Starting evolution
[MASTER] 07:26:19.576 [logback-1] WARN  TestCluster - Failed to check cache for java.util.LinkedList<E> : Type points to itself
[MASTER] 07:26:20.253 [logback-1] WARN  TestCluster - Failed to check cache for java.lang.Comparable<T> : Type points to itself

[Progress:>                             0%] [Cov:====>                              13%]
[Progress:>                             0%] [Cov:=======>                           22%]
[Progress:>                             0%] [Cov:===================>               56%]
[Progress:>                             0%] [Cov:====================>              58%]
[Progress:>                             1%] [Cov:==>                                6%]
[Progress:>                             1%] [Cov:===>                               11%]
[Progress:>                             1%] [Cov:===============>                   45%]
[Progress:>                             1%] [Cov:==================>                52%]
[Progress:>                             1%] [Cov:=======================>           66%]
[Progress:>                             1%] [Cov:=======================>           66%]
[Progress:>                             3%] [Cov:================>                  46%]
[Progress:>                             3%] [Cov:===================>               56%]
[Progress:>                             3%] [Cov:===================>               57%]
[Progress:>                             3%] [Cov:====================>              59%]
[Progress:>                             3%] [Cov:=======================>           66%]
[Progress:>                             3%] [Cov:============================>      82%]
[Progress:>                             3%] [Cov:=============================>     85%]
[Progress:>                             3%] [Cov:==============================>    87%]
[Progress:>                             3%] [Cov:==============================>    87%]
[Progress:>                             3%] [Cov:==============================>    87%]
[Progress:>                             3%] [Cov:==============================>    87%]
[Progress:>                             3%] [Cov:==============================>    88%]
[Progress:>                             3%] [Cov:==============================>    88%]
[Progress:=>                            5%] [Cov:==============================>    88%]
[Progress:=>                            5%] [Cov:==============================>    88%]
[Progress:=>                            5%] [Cov:==============================>    88%]
[Progress:=>                            5%] [Cov:==============================>    88%]
[Progress:=>                            5%] [Cov:==============================>    88%]
[Progress:=>                            5%] [Cov:===============================>   90%]
[Progress:=>                            5%] [Cov:================================>  92%]
[Progress:=>                            5%] [Cov:================================>  92%]
[Progress:=>                            5%] [Cov:================================>  93%]
[Progress:=>                            5%] [Cov:================================>  93%]
[Progress:=>                            6%] [Cov:================================>  93%]
[Progress:=>                            6%] [Cov:================================>  93%]
[Progress:=>                            6%] [Cov:================================>  93%]
[Progress:=>                            6%] [Cov:================================>  93%]
[Progress:=>                            6%] [Cov:================================>  93%]
[Progress:=>                            6%] [Cov:================================>  93%]
[Progress:=>                            6%] [Cov:================================>  93%]
[Progress:=>                            6%] [Cov:================================>  93%]
[Progress:=>                            6%] [Cov:================================>  93%]
[Progress:=>                            6%] [Cov:================================>  93%]
[Progress:==>                           8%] [Cov:================================>  93%]
[Progress:==>                           8%] [Cov:================================>  93%]
[Progress:==>                           8%] [Cov:================================>  93%]
[Progress:==>                           8%] [Cov:================================>  93%]
[Progress:==>                           8%] [Cov:================================>  93%]
[Progress:==>                           8%] [Cov:================================>  93%]
[Progress:==>                           8%] [Cov:================================>  93%]
[Progress:==>                           8%] [Cov:================================>  93%]
[Progress:==>                           8%] [Cov:================================>  93%]
[Progress:==>                           8%] [Cov:================================>  93%]
[Progress:===>                          10%] [Cov:================================>  93%]
[Progress:===>                          10%] [Cov:================================>  93%]
[Progress:===>                          10%] [Cov:================================>  93%]
[Progress:===>                          10%] [Cov:================================>  93%]
[Progress:===>                          10%] [Cov:================================>  93%]
[Progress:===>                          10%] [Cov:================================>  94%]
[Progress:===>                          10%] [Cov:================================>  94%]
[Progress:===>                          10%] [Cov:================================>  94%]
[Progress:===>                          10%] [Cov:================================>  94%]
[Progress:===>                          10%] [Cov:================================>  94%]
[Progress:===>                          10%] [Cov:================================>  94%]
[Progress:===>                          10%] [Cov:================================>  94%]
[Progress:===>                          11%] [Cov:================================>  94%]
[Progress:===>                          11%] [Cov:================================>  94%]
[Progress:===>                          11%] [Cov:================================>  94%]
[Progress:===>                          11%] [Cov:================================>  94%]
[Progress:===>                          11%] [Cov:================================>  94%]
[Progress:===>                          11%] [Cov:================================>  94%]
[Progress:===>                          11%] [Cov:================================>  94%]
[Progress:===>                          11%] [Cov:================================>  94%]
[Progress:===>                          11%] [Cov:================================>  94%]
[Progress:===>                          11%] [Cov:================================>  94%]
[Progress:===>                          11%] [Cov:================================>  94%]
[Progress:===>                          13%] [Cov:================================>  94%]
[Progress:===>                          13%] [Cov:================================>  94%]
[Progress:===>                          13%] [Cov:================================>  94%]
[Progress:===>                          13%] [Cov:================================>  94%]
[Progress:===>                          13%] [Cov:================================>  94%]
[Progress:===>                          13%] [Cov:================================>  94%]
[Progress:===>                          13%] [Cov:================================>  94%]
[Progress:===>                          13%] [Cov:================================>  94%]
[Progress:===>                          13%] [Cov:================================>  94%]
[Progress:===>                          13%] [Cov:================================>  94%]
[Progress:====>                         15%] [Cov:================================>  94%]
[Progress:====>                         15%] [Cov:================================>  94%]
[Progress:====>                         15%] [Cov:================================>  94%]
[Progress:====>                         15%] [Cov:================================>  94%]
[Progress:====>                         15%] [Cov:================================>  94%]
[Progress:====>                         15%] [Cov:================================>  94%]
[Progress:====>                         15%] [Cov:================================>  94%]
[Progress:====>                         15%] [Cov:================================>  94%]
[Progress:====>                         15%] [Cov:================================>  94%]
[Progress:====>                         15%] [Cov:================================>  94%]
[Progress:====>                         16%] [Cov:================================>  94%]
[Progress:====>                         16%] [Cov:================================>  94%]
[Progress:====>                         16%] [Cov:================================>  94%]
[Progress:====>                         16%] [Cov:================================>  94%]
[Progress:====>                         16%] [Cov:================================>  94%]
[Progress:====>                         16%] [Cov:================================>  94%]
[Progress:====>                         16%] [Cov:================================>  94%]
[Progress:====>                         16%] [Cov:================================>  94%]
[Progress:====>                         16%] [Cov:================================>  94%]
[Progress:====>                         16%] [Cov:================================>  94%]
[Progress:====>                         16%] [Cov:================================>  94%]
[Progress:=====>                        18%] [Cov:================================>  94%]
[Progress:=====>                        18%] [Cov:================================>  94%]
[Progress:=====>                        18%] [Cov:================================>  94%]
[Progress:=====>                        18%] [Cov:================================>  94%]
[Progress:=====>                        18%] [Cov:================================>  94%]
[Progress:=====>                        18%] [Cov:================================>  94%]
[Progress:=====>                        18%] [Cov:================================>  94%]
[Progress:=====>                        18%] [Cov:================================>  94%]
[Progress:=====>                        18%] [Cov:================================>  94%]
[Progress:======>                       20%] [Cov:================================>  94%]
[Progress:======>                       20%] [Cov:================================>  94%]
[Progress:======>                       20%] [Cov:================================>  94%]
[Progress:======>                       20%] [Cov:================================>  94%]
[Progress:======>                       20%] [Cov:================================>  94%]
[Progress:======>                       20%] [Cov:================================>  94%]
[Progress:======>                       20%] [Cov:================================>  94%]
[Progress:======>                       20%] [Cov:================================>  94%]
[Progress:======>                       20%] [Cov:================================>  94%]
[Progress:======>                       20%] [Cov:================================>  94%]
[Progress:======>                       20%] [Cov:================================>  94%]
[Progress:======>                       21%] [Cov:================================>  94%]
[Progress:======>                       21%] [Cov:================================>  94%]
[Progress:======>                       21%] [Cov:================================>  94%]
[Progress:======>                       21%] [Cov:================================>  94%]
[Progress:======>                       21%] [Cov:================================>  94%]
[Progress:======>                       21%] [Cov:================================>  94%]
[Progress:======>                       21%] [Cov:================================>  94%]
[Progress:======>                       21%] [Cov:================================>  94%]
[Progress:======>                       21%] [Cov:================================>  94%]
[Progress:======>                       21%] [Cov:================================>  94%]
[Progress:======>                       23%] [Cov:================================>  94%]
[Progress:======>                       23%] [Cov:================================>  94%]
[Progress:======>                       23%] [Cov:================================>  94%]
[Progress:======>                       23%] [Cov:================================>  94%]
[Progress:======>                       23%] [Cov:================================>  94%]
[Progress:======>                       23%] [Cov:================================>  94%]
[Progress:======>                       23%] [Cov:================================>  94%]
[Progress:======>                       23%] [Cov:================================>  94%]
[Progress:======>                       23%] [Cov:================================>  94%]
[Progress:======>                       23%] [Cov:================================>  94%]
[Progress:======>                       23%] [Cov:================================>  94%]
[Progress:======>                       23%] [Cov:================================>  94%]
[Progress:=======>                      25%] [Cov:================================>  94%]
[Progress:=======>                      25%] [Cov:================================>  94%]
[Progress:=======>                      25%] [Cov:================================>  94%]
[Progress:=======>                      25%] [Cov:================================>  94%]
[Progress:=======>                      25%] [Cov:================================>  94%]
[Progress:=======>                      25%] [Cov:================================>  94%]
[Progress:=======>                      25%] [Cov:================================>  94%]
[Progress:=======>                      25%] [Cov:================================>  94%]
[Progress:=======>                      25%] [Cov:================================>  94%]
[Progress:=======>                      25%] [Cov:================================>  94%]
[Progress:=======>                      25%] [Cov:================================>  94%]
[Progress:=======>                      25%] [Cov:================================>  94%]
[Progress:=======>                      26%] [Cov:================================>  94%]
[Progress:=======>                      26%] [Cov:================================>  94%]
[Progress:=======>                      26%] [Cov:================================>  94%]
[Progress:=======>                      26%] [Cov:================================>  94%]
[Progress:=======>                      26%] [Cov:================================>  94%]
[Progress:=======>                      26%] [Cov:================================>  94%]
[Progress:=======>                      26%] [Cov:================================>  94%]
[Progress:=======>                      26%] [Cov:================================>  94%]
[Progress:=======>                      26%] [Cov:================================>  94%]
[Progress:=======>                      26%] [Cov:================================>  94%]
[Progress:=======>                      26%] [Cov:================================>  94%]
[Progress:========>                     28%] [Cov:================================>  94%]
[Progress:========>                     28%] [Cov:================================>  94%]
[Progress:========>                     28%] [Cov:================================>  94%]
[Progress:========>                     28%] [Cov:================================>  94%]
[Progress:========>                     28%] [Cov:================================>  94%]
[Progress:========>                     28%] [Cov:================================>  94%]
[Progress:========>                     28%] [Cov:================================>  94%]
[Progress:========>                     28%] [Cov:================================>  94%]
[Progress:========>                     28%] [Cov:================================>  94%]
[Progress:========>                     28%] [Cov:================================>  94%]
[Progress:========>                     28%] [Cov:================================>  94%]
[Progress:========>                     28%] [Cov:================================>  94%]
[Progress:========>                     28%] [Cov:================================>  94%]
[Progress:=========>                    30%] [Cov:================================>  94%]
[Progress:=========>                    30%] [Cov:================================>  94%]
[Progress:=========>                    30%] [Cov:================================>  94%]
[Progress:=========>                    30%] [Cov:================================>  94%]
[Progress:=========>                    30%] [Cov:================================>  94%]
[Progress:=========>                    30%] [Cov:================================>  94%]
[Progress:=========>                    30%] [Cov:================================>  94%]
[Progress:=========>                    30%] [Cov:================================>  94%]
[Progress:=========>                    30%] [Cov:================================>  94%]
[Progress:=========>                    30%] [Cov:================================>  94%]
[Progress:=========>                    30%] [Cov:================================>  94%]
[Progress:=========>                    30%] [Cov:================================>  94%]
[Progress:=========>                    31%] [Cov:================================>  94%]
[Progress:=========>                    31%] [Cov:================================>  94%]
[Progress:=========>                    31%] [Cov:================================>  94%]
[Progress:=========>                    31%] [Cov:================================>  94%]
[Progress:=========>                    31%] [Cov:================================>  94%]
[Progress:=========>                    31%] [Cov:================================>  94%]
[Progress:=========>                    31%] [Cov:================================>  94%]
[Progress:=========>                    31%] [Cov:================================>  94%]
[Progress:=========>                    31%] [Cov:================================>  94%]
[Progress:=========>                    31%] [Cov:================================>  94%]
[Progress:=========>                    31%] [Cov:================================>  94%]
[Progress:=========>                    31%] [Cov:================================>  94%]
[Progress:=========>                    33%] [Cov:================================>  94%]
[Progress:=========>                    33%] [Cov:================================>  94%]
[Progress:=========>                    33%] [Cov:================================>  94%]
[Progress:=========>                    33%] [Cov:================================>  94%]
[Progress:=========>                    33%] [Cov:================================>  94%]
[Progress:=========>                    33%] [Cov:================================>  94%]
[Progress:=========>                    33%] [Cov:================================>  94%]
[Progress:=========>                    33%] [Cov:================================>  94%]
[Progress:=========>                    33%] [Cov:================================>  94%]
[Progress:=========>                    33%] [Cov:================================>  94%]
[Progress:=========>                    33%] [Cov:================================>  94%]
[Progress:=========>                    33%] [Cov:================================>  94%]
[Progress:=========>                    33%] [Cov:================================>  94%]
[Progress:==========>                   35%] [Cov:================================>  94%]
[Progress:==========>                   35%] [Cov:================================>  94%]
[Progress:==========>                   35%] [Cov:================================>  94%]
[Progress:==========>                   35%] [Cov:================================>  94%]
[Progress:==========>                   35%] [Cov:================================>  94%]
[Progress:==========>                   35%] [Cov:================================>  94%]
[Progress:==========>                   35%] [Cov:================================>  94%]
[Progress:==========>                   35%] [Cov:================================>  94%]
[Progress:==========>                   35%] [Cov:================================>  94%]
[Progress:==========>                   35%] [Cov:================================>  94%]
[Progress:==========>                   35%] [Cov:================================>  94%]
[Progress:==========>                   35%] [Cov:================================>  94%]
[Progress:==========>                   35%] [Cov:================================>  94%]
[Progress:==========>                   35%] [Cov:================================>  94%]
[Progress:==========>                   36%] [Cov:================================>  94%]
[Progress:==========>                   36%] [Cov:================================>  94%]
[Progress:==========>                   36%] [Cov:================================>  94%]
[Progress:==========>                   36%] [Cov:================================>  94%]
[Progress:==========>                   36%] [Cov:================================>  94%]
[Progress:==========>                   36%] [Cov:================================>  94%]
[Progress:==========>                   36%] [Cov:================================>  94%]
[Progress:==========>                   36%] [Cov:================================>  94%]
[Progress:==========>                   36%] [Cov:================================>  94%]
[Progress:==========>                   36%] [Cov:================================>  94%]
[Progress:==========>                   36%] [Cov:================================>  94%]
[Progress:==========>                   36%] [Cov:================================>  94%]
[Progress:==========>                   36%] [Cov:================================>  94%]
[Progress:==========>                   36%] [Cov:================================>  94%]
[Progress:===========>                  38%] [Cov:================================>  94%]
[Progress:===========>                  38%] [Cov:================================>  94%]
[Progress:===========>                  38%] [Cov:================================>  94%]
[Progress:===========>                  38%] [Cov:================================>  94%]
[Progress:===========>                  38%] [Cov:================================>  94%]
[Progress:===========>                  38%] [Cov:================================>  94%]
[Progress:===========>                  38%] [Cov:================================>  94%]
[Progress:===========>                  38%] [Cov:================================>  94%]
[Progress:===========>                  38%] [Cov:================================>  94%]
[Progress:===========>                  38%] [Cov:================================>  94%]
[Progress:===========>                  38%] [Cov:================================>  94%]
[Progress:============>                 40%] [Cov:================================>  94%]
[Progress:============>                 40%] [Cov:================================>  94%]
[Progress:============>                 40%] [Cov:================================>  94%]
[Progress:============>                 40%] [Cov:================================>  94%]
[Progress:============>                 40%] [Cov:================================>  94%]
[Progress:============>                 40%] [Cov:================================>  94%]
[Progress:============>                 40%] [Cov:================================>  94%]
[Progress:============>                 40%] [Cov:================================>  94%]
[Progress:============>                 40%] [Cov:================================>  94%]
[Progress:============>                 40%] [Cov:================================>  94%]
[Progress:============>                 40%] [Cov:================================>  94%]
[Progress:============>                 40%] [Cov:================================>  94%]
[Progress:============>                 40%] [Cov:================================>  94%]
[Progress:============>                 40%] [Cov:================================>  94%]
[Progress:============>                 40%] [Cov:================================>  94%]
[Progress:============>                 41%] [Cov:================================>  94%]
[Progress:============>                 41%] [Cov:=================================> 95%]
[Progress:============>                 41%] [Cov:=================================> 96%]
[Progress:============>                 41%] [Cov:=================================> 96%]
[Progress:============>                 41%] [Cov:=================================> 96%]
[Progress:============>                 41%] [Cov:=================================> 96%]
[Progress:============>                 41%] [Cov:=================================> 96%]
[Progress:============>                 41%] [Cov:=================================> 96%]
[Progress:============>                 41%] [Cov:=================================> 96%]
[Progress:============>                 41%] [Cov:=================================> 96%]
[Progress:============>                 41%] [Cov:=================================> 96%]
[Progress:============>                 41%] [Cov:=================================> 96%]
[Progress:============>                 41%] [Cov:=================================> 96%]
[Progress:============>                 41%] [Cov:=================================> 96%]
[Progress:============>                 41%] [Cov:=================================> 96%]
[Progress:============>                 43%] [Cov:=================================> 96%]
[Progress:============>                 43%] [Cov:=================================> 96%]
[Progress:============>                 43%] [Cov:=================================> 96%]
[Progress:============>                 43%] [Cov:=================================> 96%]
[Progress:============>                 43%] [Cov:=================================> 96%]
[Progress:============>                 43%] [Cov:=================================> 96%]
[Progress:============>                 43%] [Cov:=================================> 96%]
[Progress:============>                 43%] [Cov:=================================> 96%]
[Progress:============>                 43%] [Cov:=================================> 96%]
[Progress:============>                 43%] [Cov:=================================> 96%]
[Progress:============>                 43%] [Cov:=================================> 96%]
[Progress:============>                 43%] [Cov:=================================> 96%]
[Progress:============>                 43%] [Cov:=================================> 96%]
[Progress:=============>                45%] [Cov:=================================> 96%]
[Progress:=============>                45%] [Cov:=================================> 96%]
[Progress:=============>                45%] [Cov:=================================> 96%]
[Progress:=============>                45%] [Cov:=================================> 96%]
[Progress:=============>                45%] [Cov:=================================> 96%]
[Progress:=============>                45%] [Cov:=================================> 96%]
[Progress:=============>                45%] [Cov:=================================> 96%]
[Progress:=============>                45%] [Cov:=================================> 96%]
[Progress:=============>                45%] [Cov:=================================> 96%]
[Progress:=============>                45%] [Cov:=================================> 96%]
[Progress:=============>                45%] [Cov:=================================> 96%]
[Progress:=============>                45%] [Cov:=================================> 96%]
[Progress:=============>                45%] [Cov:=================================> 96%]
[Progress:=============>                45%] [Cov:=================================> 96%]
[Progress:=============>                46%] [Cov:=================================> 96%]
[Progress:=============>                46%] [Cov:=================================> 96%]
[Progress:=============>                46%] [Cov:=================================> 96%]
[Progress:=============>                46%] [Cov:=================================> 96%]
[Progress:=============>                46%] [Cov:=================================> 96%]
[Progress:=============>                46%] [Cov:=================================> 96%]
[Progress:=============>                46%] [Cov:=================================> 96%]
[Progress:=============>                46%] [Cov:=================================> 96%]
[Progress:=============>                46%] [Cov:=================================> 96%]
[Progress:=============>                46%] [Cov:=================================> 97%]
[Progress:=============>                46%] [Cov:=================================> 97%]
[Progress:=============>                46%] [Cov:=================================> 97%]
[Progress:=============>                46%] [Cov:=================================> 97%]
[Progress:=============>                46%] [Cov:=================================> 97%]
[Progress:==============>               48%] [Cov:=================================> 97%]
[Progress:==============>               48%] [Cov:=================================> 97%]
[Progress:==============>               48%] [Cov:=================================> 97%]
[Progress:==============>               48%] [Cov:=================================> 97%]
[Progress:==============>               48%] [Cov:=================================> 97%]
[Progress:==============>               48%] [Cov:=================================> 97%]
[Progress:==============>               48%] [Cov:=================================> 97%]
[Progress:==============>               48%] [Cov:=================================> 97%]
[Progress:==============>               48%] [Cov:=================================> 97%]
[Progress:==============>               48%] [Cov:=================================> 97%]
[Progress:==============>               48%] [Cov:=================================> 97%]
[Progress:==============>               48%] [Cov:=================================> 97%]
[Progress:==============>               48%] [Cov:=================================> 97%]
[Progress:==============>               48%] [Cov:=================================> 97%]
[Progress:===============>              50%] [Cov:=================================> 97%]
[Progress:===============>              50%] [Cov:=================================> 97%]
[Progress:===============>              50%] [Cov:=================================> 97%]
[Progress:===============>              50%] [Cov:=================================> 97%]
[Progress:===============>              50%] [Cov:=================================> 97%]
[Progress:===============>              50%] [Cov:=================================> 97%]
[Progress:===============>              50%] [Cov:=================================> 97%]
[Progress:===============>              50%] [Cov:=================================> 97%]
[Progress:===============>              50%] [Cov:=================================> 97%]
[Progress:===============>              50%] [Cov:=================================> 97%]
[Progress:===============>              50%] [Cov:=================================> 97%]
[Progress:===============>              50%] [Cov:=================================> 97%]
[Progress:===============>              50%] [Cov:=================================> 97%]
[Progress:===============>              50%] [Cov:=================================> 97%]
[Progress:===============>              51%] [Cov:=================================> 97%]
[Progress:===============>              51%] [Cov:=================================> 97%]
[Progress:===============>              51%] [Cov:=================================> 97%]
[Progress:===============>              51%] [Cov:=================================> 97%]
[Progress:===============>              51%] [Cov:=================================> 97%]
[Progress:===============>              51%] [Cov:=================================> 97%]
[Progress:===============>              51%] [Cov:=================================> 97%]
[Progress:===============>              51%] [Cov:=================================> 97%]
[Progress:===============>              51%] [Cov:=================================> 97%]
[Progress:===============>              51%] [Cov:=================================> 97%]
[Progress:===============>              51%] [Cov:=================================> 97%]
[Progress:===============>              51%] [Cov:=================================> 97%]
[Progress:===============>              51%] [Cov:=================================> 97%]
[Progress:===============>              51%] [Cov:=================================> 97%]
[Progress:===============>              53%] [Cov:=================================> 97%]
[Progress:===============>              53%] [Cov:=================================> 97%]
[Progress:===============>              53%] [Cov:=================================> 97%]
[Progress:===============>              53%] [Cov:=================================> 97%]
[Progress:===============>              53%] [Cov:=================================> 97%]
[Progress:===============>              53%] [Cov:=================================> 97%]
[Progress:===============>              53%] [Cov:=================================> 97%]
[Progress:===============>              53%] [Cov:=================================> 97%]
[Progress:===============>              53%] [Cov:=================================> 97%]
[Progress:===============>              53%] [Cov:=================================> 97%]
[Progress:===============>              53%] [Cov:=================================> 97%]
[Progress:===============>              53%] [Cov:=================================> 97%]
[Progress:===============>              53%] [Cov:=================================> 97%]
[Progress:===============>              53%] [Cov:=================================> 97%]
[Progress:================>             55%] [Cov:=================================> 97%]
[Progress:================>             55%] [Cov:=================================> 97%]
[Progress:================>             55%] [Cov:=================================> 97%]
[Progress:================>             55%] [Cov:=================================> 97%]
[Progress:================>             55%] [Cov:=================================> 97%]
[Progress:================>             55%] [Cov:=================================> 97%]
[Progress:================>             55%] [Cov:=================================> 97%]
[Progress:================>             55%] [Cov:=================================> 97%]
[Progress:================>             55%] [Cov:=================================> 97%]
[Progress:================>             55%] [Cov:=================================> 97%]
[Progress:================>             55%] [Cov:=================================> 97%]
[Progress:================>             55%] [Cov:=================================> 97%]
[Progress:================>             55%] [Cov:=================================> 97%]
[Progress:================>             56%] [Cov:=================================> 97%]
[Progress:================>             56%] [Cov:=================================> 97%]
[Progress:================>             56%] [Cov:=================================> 97%]
[Progress:================>             56%] [Cov:=================================> 97%]
[Progress:================>             56%] [Cov:=================================> 97%]
[Progress:================>             56%] [Cov:=================================> 97%]
[Progress:================>             56%] [Cov:=================================> 97%]
[Progress:================>             56%] [Cov:=================================> 97%]
[Progress:================>             56%] [Cov:=================================> 97%]
[Progress:================>             56%] [Cov:=================================> 97%]
[Progress:================>             56%] [Cov:=================================> 97%]
[Progress:================>             56%] [Cov:=================================> 97%]
[Progress:================>             56%] [Cov:=================================> 97%]
[Progress:================>             56%] [Cov:=================================> 97%]
[Progress:================>             56%] [Cov:=================================> 97%]
[Progress:=================>            58%] [Cov:=================================> 97%]
[Progress:=================>            58%] [Cov:=================================> 97%]
[Progress:=================>            58%] [Cov:=================================> 97%]
[Progress:=================>            58%] [Cov:=================================> 97%]
[Progress:=================>            58%] [Cov:=================================> 97%]
[Progress:=================>            58%] [Cov:=================================> 97%]
[Progress:=================>            58%] [Cov:=================================> 97%]
[Progress:=================>            58%] [Cov:=================================> 97%]
[Progress:=================>            58%] [Cov:=================================> 97%]
[Progress:=================>            58%] [Cov:=================================> 97%]
[Progress:=================>            58%] [Cov:=================================> 97%]
[Progress:=================>            58%] [Cov:=================================> 97%]
[Progress:=================>            58%] [Cov:=================================> 97%]
[Progress:=================>            58%] [Cov:=================================> 97%]
[Progress:==================>           60%] [Cov:=================================> 97%]
[Progress:==================>           60%] [Cov:=================================> 97%]
[Progress:==================>           60%] [Cov:=================================> 97%]
[Progress:==================>           60%] [Cov:=================================> 97%]
[Progress:==================>           60%] [Cov:=================================> 97%]
[Progress:==================>           60%] [Cov:=================================> 97%]
[Progress:==================>           60%] [Cov:=================================> 97%]
[Progress:==================>           60%] [Cov:=================================> 97%]
[Progress:==================>           60%] [Cov:=================================> 97%]
[Progress:==================>           60%] [Cov:=================================> 97%]
[Progress:==================>           60%] [Cov:=================================> 97%]
[Progress:==================>           60%] [Cov:=================================> 97%]
[Progress:==================>           60%] [Cov:=================================> 97%]
[Progress:==================>           60%] [Cov:=================================> 97%]
[Progress:==================>           61%] [Cov:=================================> 97%]
[Progress:==================>           61%] [Cov:=================================> 97%]
[Progress:==================>           61%] [Cov:=================================> 97%]
[Progress:==================>           61%] [Cov:=================================> 97%]
[Progress:==================>           61%] [Cov:=================================> 97%]
[Progress:==================>           61%] [Cov:=================================> 97%]
[Progress:==================>           61%] [Cov:=================================> 97%]
[Progress:==================>           61%] [Cov:=================================> 97%]
[Progress:==================>           61%] [Cov:=================================> 97%]
[Progress:==================>           61%] [Cov:=================================> 97%]
[Progress:==================>           61%] [Cov:=================================> 97%]
[Progress:==================>           61%] [Cov:=================================> 97%]
[Progress:==================>           61%] [Cov:=================================> 97%]
[Progress:==================>           61%] [Cov:=================================> 97%]
[Progress:==================>           63%] [Cov:=================================> 97%]
[Progress:==================>           63%] [Cov:=================================> 97%]
[Progress:==================>           63%] [Cov:=================================> 97%]
[Progress:==================>           63%] [Cov:=================================> 97%]
[Progress:==================>           63%] [Cov:=================================> 97%]
[Progress:==================>           63%] [Cov:=================================> 97%]
[Progress:==================>           63%] [Cov:=================================> 97%]
[Progress:==================>           63%] [Cov:=================================> 97%]
[Progress:==================>           63%] [Cov:=================================> 97%]
[Progress:==================>           63%] [Cov:=================================> 97%]
[Progress:==================>           63%] [Cov:=================================> 97%]
[Progress:==================>           63%] [Cov:=================================> 97%]
[Progress:==================>           63%] [Cov:=================================> 97%]
[Progress:==================>           63%] [Cov:=================================> 97%]
[Progress:===================>          65%] [Cov:=================================> 97%]
[Progress:===================>          65%] [Cov:=================================> 97%]
[Progress:===================>          65%] [Cov:=================================> 97%]
[Progress:===================>          65%] [Cov:=================================> 97%]
[Progress:===================>          65%] [Cov:=================================> 97%]
[Progress:===================>          65%] [Cov:=================================> 97%]
[Progress:===================>          65%] [Cov:=================================> 97%]
[Progress:===================>          65%] [Cov:=================================> 97%]
[Progress:===================>          65%] [Cov:=================================> 97%]
[Progress:===================>          65%] [Cov:=================================> 97%]
[Progress:===================>          65%] [Cov:=================================> 97%]
[Progress:===================>          65%] [Cov:=================================> 97%]
[Progress:===================>          65%] [Cov:=================================> 97%]
[Progress:===================>          65%] [Cov:=================================> 97%]
[Progress:===================>          65%] [Cov:=================================> 97%]
[Progress:===================>          66%] [Cov:=================================> 97%]
[Progress:===================>          66%] [Cov:=================================> 97%]
[Progress:===================>          66%] [Cov:=================================> 97%]
[Progress:===================>          66%] [Cov:=================================> 97%]
[Progress:===================>          66%] [Cov:=================================> 97%]
[Progress:===================>          66%] [Cov:=================================> 97%]
[Progress:===================>          66%] [Cov:=================================> 97%]
[Progress:===================>          66%] [Cov:=================================> 97%]
[Progress:===================>          66%] [Cov:=================================> 97%]
[Progress:===================>          66%] [Cov:=================================> 97%]
[Progress:===================>          66%] [Cov:=================================> 97%]
[Progress:===================>          66%] [Cov:=================================> 97%]
[Progress:===================>          66%] [Cov:=================================> 97%]
[Progress:===================>          66%] [Cov:=================================> 97%]
[Progress:===================>          66%] [Cov:=================================> 97%]
[Progress:===================>          66%] [Cov:=================================> 97%]
[Progress:====================>         68%] [Cov:=================================> 97%]
[Progress:====================>         68%] [Cov:=================================> 97%]
[Progress:====================>         68%] [Cov:=================================> 97%]
[Progress:====================>         68%] [Cov:=================================> 97%]
[Progress:====================>         68%] [Cov:=================================> 97%]
[Progress:====================>         68%] [Cov:=================================> 97%]
[Progress:====================>         68%] [Cov:=================================> 97%]
[Progress:====================>         68%] [Cov:=================================> 97%]
[Progress:====================>         68%] [Cov:=================================> 97%]
[Progress:====================>         68%] [Cov:=================================> 97%]
[Progress:====================>         68%] [Cov:=================================> 97%]
[Progress:====================>         68%] [Cov:=================================> 97%]
[Progress:====================>         68%] [Cov:=================================> 97%]
[Progress:=====================>        70%] [Cov:=================================> 97%]
[Progress:=====================>        70%] [Cov:=================================> 97%]
[Progress:=====================>        70%] [Cov:=================================> 97%]
[Progress:=====================>        70%] [Cov:=================================> 97%]
[Progress:=====================>        70%] [Cov:=================================> 97%]
[Progress:=====================>        70%] [Cov:=================================> 97%]
[Progress:=====================>        70%] [Cov:=================================> 97%]
[Progress:=====================>        70%] [Cov:=================================> 97%]
[Progress:=====================>        70%] [Cov:=================================> 97%]
[Progress:=====================>        70%] [Cov:=================================> 97%]
[Progress:=====================>        70%] [Cov:=================================> 97%]
[Progress:=====================>        70%] [Cov:=================================> 97%]
[Progress:=====================>        70%] [Cov:=================================> 97%]
[Progress:=====================>        70%] [Cov:=================================> 97%]
[Progress:=====================>        70%] [Cov:=================================> 97%]
[Progress:=====================>        71%] [Cov:=================================> 97%]
[Progress:=====================>        71%] [Cov:=================================> 97%]
[Progress:=====================>        71%] [Cov:=================================> 97%]
[Progress:=====================>        71%] [Cov:=================================> 97%]
[Progress:=====================>        71%] [Cov:=================================> 97%]
[Progress:=====================>        71%] [Cov:=================================> 97%]
[Progress:=====================>        71%] [Cov:=================================> 97%]
[Progress:=====================>        71%] [Cov:=================================> 97%]
[Progress:=====================>        71%] [Cov:=================================> 97%]
[Progress:=====================>        71%] [Cov:=================================> 97%]
[Progress:=====================>        71%] [Cov:=================================> 97%]
[Progress:=====================>        71%] [Cov:=================================> 97%]
[Progress:=====================>        71%] [Cov:=================================> 97%]
[Progress:=====================>        71%] [Cov:=================================> 97%]
[Progress:=====================>        73%] [Cov:=================================> 97%]
[Progress:=====================>        73%] [Cov:=================================> 97%]
[Progress:=====================>        73%] [Cov:=================================> 97%]
[Progress:=====================>        73%] [Cov:=================================> 97%]
[Progress:=====================>        73%] [Cov:=================================> 97%]
[Progress:=====================>        73%] [Cov:=================================> 97%]
[Progress:=====================>        73%] [Cov:=================================> 97%]
[Progress:=====================>        73%] [Cov:=================================> 97%]
[Progress:=====================>        73%] [Cov:=================================> 97%]
[Progress:=====================>        73%] [Cov:=================================> 97%]
[Progress:=====================>        73%] [Cov:=================================> 97%]
[Progress:=====================>        73%] [Cov:=================================> 97%]
[Progress:=====================>        73%] [Cov:=================================> 97%]
[Progress:=====================>        73%] [Cov:=================================> 97%]
[Progress:=====================>        73%] [Cov:=================================> 97%]
[Progress:=====================>        73%] [Cov:=================================> 97%]
[Progress:======================>       75%] [Cov:=================================> 97%]
[Progress:======================>       75%] [Cov:=================================> 97%]
[Progress:======================>       75%] [Cov:=================================> 97%]
[Progress:======================>       75%] [Cov:=================================> 97%]
[Progress:======================>       75%] [Cov:=================================> 97%]
[Progress:======================>       75%] [Cov:=================================> 97%]
[Progress:======================>       75%] [Cov:=================================> 97%]
[Progress:======================>       75%] [Cov:=================================> 97%]
[Progress:======================>       75%] [Cov:=================================> 97%]
[Progress:======================>       75%] [Cov:=================================> 97%]
[Progress:======================>       75%] [Cov:=================================> 97%]
[Progress:======================>       75%] [Cov:=================================> 97%]
[Progress:======================>       75%] [Cov:=================================> 97%]
[Progress:======================>       75%] [Cov:=================================> 97%]
[Progress:======================>       76%] [Cov:=================================> 97%]
[Progress:======================>       76%] [Cov:=================================> 97%]
[Progress:======================>       76%] [Cov:=================================> 97%]
[Progress:======================>       76%] [Cov:=================================> 97%]
[Progress:======================>       76%] [Cov:=================================> 97%]
[Progress:======================>       76%] [Cov:=================================> 97%]
[Progress:======================>       76%] [Cov:=================================> 97%]
[Progress:======================>       76%] [Cov:=================================> 97%]
[Progress:======================>       76%] [Cov:=================================> 97%]
[Progress:======================>       76%] [Cov:=================================> 97%]
[Progress:======================>       76%] [Cov:=================================> 97%]
[Progress:======================>       76%] [Cov:=================================> 97%]
[Progress:======================>       76%] [Cov:=================================> 97%]
[Progress:======================>       76%] [Cov:=================================> 97%]
[Progress:======================>       76%] [Cov:=================================> 97%]
[Progress:=======================>      78%] [Cov:=================================> 97%]
[Progress:=======================>      78%] [Cov:=================================> 97%]
[Progress:=======================>      78%] [Cov:=================================> 97%]
[Progress:=======================>      78%] [Cov:=================================> 97%]
[Progress:=======================>      78%] [Cov:=================================> 97%]
[Progress:=======================>      78%] [Cov:=================================> 97%]
[Progress:=======================>      78%] [Cov:=================================> 97%]
[Progress:=======================>      78%] [Cov:=================================> 97%]
[Progress:=======================>      78%] [Cov:=================================> 97%]
[Progress:=======================>      78%] [Cov:=================================> 97%]
[Progress:=======================>      78%] [Cov:=================================> 97%]
[Progress:=======================>      78%] [Cov:=================================> 97%]
[Progress:=======================>      78%] [Cov:=================================> 97%]
[Progress:=======================>      78%] [Cov:=================================> 97%]
[Progress:=======================>      78%] [Cov:=================================> 97%]
[Progress:========================>     80%] [Cov:=================================> 97%]
[Progress:========================>     80%] [Cov:=================================> 97%]
[Progress:========================>     80%] [Cov:=================================> 97%]
[Progress:========================>     80%] [Cov:=================================> 97%]
[Progress:========================>     80%] [Cov:=================================> 97%]
[Progress:========================>     80%] [Cov:=================================> 97%]
[Progress:========================>     80%] [Cov:=================================> 97%]
[Progress:========================>     80%] [Cov:=================================> 97%]
[Progress:========================>     80%] [Cov:=================================> 97%]
[Progress:========================>     80%] [Cov:=================================> 97%]
[Progress:========================>     80%] [Cov:=================================> 97%]
[Progress:========================>     80%] [Cov:=================================> 97%]
[Progress:========================>     80%] [Cov:=================================> 97%]
[Progress:========================>     80%] [Cov:=================================> 97%]
[Progress:========================>     81%] [Cov:=================================> 97%]
[Progress:========================>     81%] [Cov:=================================> 97%]
[Progress:========================>     81%] [Cov:=================================> 97%]
[Progress:========================>     81%] [Cov:=================================> 97%]
[Progress:========================>     81%] [Cov:=================================> 97%]
[Progress:========================>     81%] [Cov:=================================> 97%]
[Progress:========================>     81%] [Cov:=================================> 97%]
[Progress:========================>     81%] [Cov:=================================> 97%]
[Progress:========================>     81%] [Cov:=================================> 97%]
[Progress:========================>     81%] [Cov:=================================> 97%]
[Progress:========================>     81%] [Cov:=================================> 97%]
[Progress:========================>     81%] [Cov:=================================> 97%]
[Progress:========================>     81%] [Cov:=================================> 97%]
[Progress:========================>     81%] [Cov:=================================> 97%]
[Progress:========================>     83%] [Cov:=================================> 97%]
[Progress:========================>     83%] [Cov:=================================> 97%]
[Progress:========================>     83%] [Cov:=================================> 97%]
[Progress:========================>     83%] [Cov:=================================> 97%]
[Progress:========================>     83%] [Cov:=================================> 97%]
[Progress:========================>     83%] [Cov:=================================> 97%]
[Progress:========================>     83%] [Cov:=================================> 97%]
[Progress:========================>     83%] [Cov:=================================> 97%]
[Progress:========================>     83%] [Cov:=================================> 97%]
[Progress:========================>     83%] [Cov:=================================> 97%]
[Progress:========================>     83%] [Cov:=================================> 97%]
[Progress:========================>     83%] [Cov:=================================> 97%]
[Progress:========================>     83%] [Cov:=================================> 97%]
[Progress:========================>     83%] [Cov:=================================> 97%]
[Progress:=========================>    85%] [Cov:=================================> 97%]
[Progress:=========================>    85%] [Cov:=================================> 97%]
[Progress:=========================>    85%] [Cov:=================================> 97%]
[Progress:=========================>    85%] [Cov:=================================> 97%]
[Progress:=========================>    85%] [Cov:=================================> 97%]
[Progress:=========================>    85%] [Cov:=================================> 97%]
[Progress:=========================>    85%] [Cov:=================================> 97%]
[Progress:=========================>    85%] [Cov:=================================> 97%]
[Progress:=========================>    85%] [Cov:=================================> 97%]
[Progress:=========================>    85%] [Cov:=================================> 97%]
[Progress:=========================>    85%] [Cov:=================================> 97%]
[Progress:=========================>    85%] [Cov:=================================> 97%]
[Progress:=========================>    85%] [Cov:=================================> 97%]
[Progress:=========================>    85%] [Cov:=================================> 97%]
[Progress:=========================>    85%] [Cov:=================================> 97%]
[Progress:=========================>    86%] [Cov:=================================> 97%]
[Progress:=========================>    86%] [Cov:=================================> 97%]
[Progress:=========================>    86%] [Cov:=================================> 97%]
[Progress:=========================>    86%] [Cov:=================================> 97%]
[Progress:=========================>    86%] [Cov:=================================> 97%]
[Progress:=========================>    86%] [Cov:=================================> 97%]
[Progress:=========================>    86%] [Cov:=================================> 97%]
[Progress:=========================>    86%] [Cov:=================================> 97%]
[Progress:=========================>    86%] [Cov:=================================> 97%]
[Progress:=========================>    86%] [Cov:=================================> 97%]
[Progress:=========================>    86%] [Cov:=================================> 97%]
[Progress:=========================>    86%] [Cov:=================================> 97%]
[Progress:=========================>    86%] [Cov:=================================> 97%]
[Progress:=========================>    86%] [Cov:=================================> 97%]
[Progress:=========================>    86%] [Cov:=================================> 97%]
[Progress:=========================>    86%] [Cov:=================================> 97%]
[Progress:==========================>   88%] [Cov:=================================> 97%]
[Progress:==========================>   88%] [Cov:=================================> 97%]
[Progress:==========================>   88%] [Cov:=================================> 97%]
[Progress:==========================>   88%] [Cov:=================================> 97%]
[Progress:==========================>   88%] [Cov:=================================> 97%]
[Progress:==========================>   88%] [Cov:=================================> 97%]
[Progress:==========================>   88%] [Cov:=================================> 97%]
[Progress:==========================>   88%] [Cov:=================================> 97%]
[Progress:==========================>   88%] [Cov:=================================> 97%]
[Progress:==========================>   88%] [Cov:=================================> 97%]
[Progress:==========================>   88%] [Cov:=================================> 97%]
[Progress:==========================>   88%] [Cov:=================================> 97%]
[Progress:==========================>   88%] [Cov:=================================> 97%]
[Progress:==========================>   88%] [Cov:=================================> 97%]
[Progress:==========================>   88%] [Cov:=================================> 97%]
[Progress:===========================>  90%] [Cov:=================================> 97%]
[Progress:===========================>  90%] [Cov:=================================> 97%]
[Progress:===========================>  90%] [Cov:=================================> 97%]
[Progress:===========================>  90%] [Cov:=================================> 97%]
[Progress:===========================>  90%] [Cov:=================================> 97%]
[Progress:===========================>  90%] [Cov:=================================> 97%]
[Progress:===========================>  90%] [Cov:=================================> 97%]
[Progress:===========================>  90%] [Cov:=================================> 97%]
[Progress:===========================>  90%] [Cov:=================================> 97%]
[Progress:===========================>  90%] [Cov:=================================> 97%]
[Progress:===========================>  90%] [Cov:=================================> 97%]
[Progress:===========================>  90%] [Cov:=================================> 97%]
[Progress:===========================>  90%] [Cov:=================================> 97%]
[Progress:===========================>  90%] [Cov:=================================> 97%]
[Progress:===========================>  91%] [Cov:=================================> 97%]
[Progress:===========================>  91%] [Cov:=================================> 97%]
[Progress:===========================>  91%] [Cov:=================================> 97%]
[Progress:===========================>  91%] [Cov:=================================> 97%]
[Progress:===========================>  91%] [Cov:=================================> 97%]
[Progress:===========================>  91%] [Cov:=================================> 97%]
[Progress:===========================>  91%] [Cov:=================================> 97%]
[Progress:===========================>  91%] [Cov:=================================> 97%]
[Progress:===========================>  91%] [Cov:=================================> 97%]
[Progress:===========================>  91%] [Cov:=================================> 97%]
[Progress:===========================>  91%] [Cov:=================================> 97%]
[Progress:===========================>  91%] [Cov:=================================> 97%]
[Progress:===========================>  91%] [Cov:=================================> 97%]
[Progress:===========================>  91%] [Cov:=================================> 97%]
[Progress:===========================>  91%] [Cov:=================================> 97%]
[Progress:===========================>  91%] [Cov:=================================> 97%]
[Progress:===========================>  93%] [Cov:=================================> 97%]
[Progress:===========================>  93%] [Cov:=================================> 97%]
[Progress:===========================>  93%] [Cov:=================================> 97%]
[Progress:===========================>  93%] [Cov:=================================> 97%]
[Progress:===========================>  93%] [Cov:=================================> 97%]
[Progress:===========================>  93%] [Cov:=================================> 97%]
[Progress:===========================>  93%] [Cov:=================================> 97%]
[Progress:===========================>  93%] [Cov:=================================> 97%]
[Progress:===========================>  93%] [Cov:=================================> 97%]
[Progress:===========================>  93%] [Cov:=================================> 97%]
[Progress:===========================>  93%] [Cov:=================================> 97%]
[Progress:===========================>  93%] [Cov:=================================> 97%]
[Progress:===========================>  93%] [Cov:=================================> 97%]
[Progress:===========================>  93%] [Cov:=================================> 97%]
[Progress:===========================>  93%] [Cov:=================================> 97%]
[Progress:============================> 95%] [Cov:=================================> 97%]
[Progress:============================> 95%] [Cov:=================================> 97%]
[Progress:============================> 95%] [Cov:=================================> 97%]
[Progress:============================> 95%] [Cov:=================================> 97%]
[Progress:============================> 95%] [Cov:=================================> 97%]
[Progress:============================> 95%] [Cov:=================================> 97%]
[Progress:============================> 95%] [Cov:=================================> 97%]
[Progress:============================> 95%] [Cov:=================================> 97%]
[Progress:============================> 95%] [Cov:=================================> 97%]
[Progress:============================> 95%] [Cov:=================================> 97%]
[Progress:============================> 95%] [Cov:=================================> 97%]
[Progress:============================> 95%] [Cov:=================================> 97%]
[Progress:============================> 95%] [Cov:=================================> 97%]
[Progress:============================> 95%] [Cov:=================================> 97%]
[Progress:============================> 95%] [Cov:=================================> 97%]
[Progress:============================> 96%] [Cov:=================================> 97%]
[Progress:============================> 96%] [Cov:=================================> 97%]
[Progress:============================> 96%] [Cov:=================================> 97%]
[Progress:============================> 96%] [Cov:=================================> 97%]
[Progress:============================> 96%] [Cov:=================================> 97%]
[Progress:============================> 96%] [Cov:=================================> 97%]
[Progress:============================> 96%] [Cov:=================================> 97%]
[Progress:============================> 96%] [Cov:=================================> 97%]
[Progress:============================> 96%] [Cov:=================================> 97%]
[Progress:============================> 96%] [Cov:=================================> 97%]
[Progress:============================> 96%] [Cov:=================================> 97%]
[Progress:============================> 96%] [Cov:=================================> 97%]
[Progress:============================> 96%] [Cov:=================================> 97%]
[Progress:============================> 96%] [Cov:=================================> 97%]
[Progress:=============================>98%] [Cov:=================================> 97%]
[Progress:=============================>98%] [Cov:=================================> 97%]
[Progress:=============================>98%] [Cov:=================================> 97%]
[Progress:=============================>98%] [Cov:=================================> 97%]
[Progress:=============================>98%] [Cov:=================================> 97%]
[Progress:=============================>98%] [Cov:=================================> 97%]
[Progress:=============================>98%] [Cov:=================================> 97%]
[Progress:=============================>98%] [Cov:=================================> 97%]
[Progress:=============================>98%] [Cov:=================================> 97%]
[Progress:=============================>98%] [Cov:=================================> 97%]
[Progress:=============================>98%] [Cov:=================================> 97%]
[Progress:=============================>98%] [Cov:=================================> 97%]
[Progress:=============================>98%] [Cov:=================================> 97%]
[Progress:=============================>98%] [Cov:=================================> 97%]
[Progress:==============================100%] [Cov:=================================> 97%]
[Progress:==============================100%] [Cov:=================================> 97%]
[Progress:==============================100%] [Cov:=================================> 97%]
[Progress:==============================100%] [Cov:=================================> 97%]
[Progress:==============================100%] [Cov:=================================> 97%]
[Progress:==============================100%] [Cov:=================================> 97%]
[Progress:==============================100%] [Cov:=================================> 97%]
[Progress:==============================100%] [Cov:=================================> 97%]
[Progress:==============================100%] [Cov:=================================> 97%]
[Progress:==============================100%] [Cov:=================================> 97%]
[Progress:==============================100%] [Cov:=================================> 97%]
[Progress:==============================100%] [Cov:=================================> 97%]
[Progress:==============================100%] [Cov:=================================> 97%]
[Progress:==============================100%] [Cov:=================================> 97%]
[Progress:==============================100%] [Cov:=================================> 97%]
[Progress:==============================100%] [Cov:=================================> 97%]
* Search finished after 61s and 713 generations, 195619 statements, best individual has fitness: 5.341666666666667
* Minimizing test suite
* Going to analyze the coverage criteria
* Coverage analysis for criterion LINE
* Coverage of criterion LINE: 97%
* Total number of goals: 150
* Number of covered goals: 146
* Coverage analysis for criterion BRANCH
* Coverage of criterion BRANCH: 95%
* Total number of goals: 95
* Number of covered goals: 90
* Coverage analysis for criterion EXCEPTION
* Coverage of criterion EXCEPTION: 100%
* Total number of goals: 23
* Number of covered goals: 23
* Generated 43 tests with total length 155
* Resulting test suite's coverage: 97% (average coverage for all fitness functions)
* Generating assertions
* Resulting test suite's mutation score: 57%
* Compiling and checking tests
* Writing tests to file
* Writing JUnit test case 'DefaultKeyedValues2D_ESTest' to /work/evo_out/Chart_18f/budget60_seed1/tests
* Done!

* Computation finished

[exit=0 timeout=False time=71.4s]

$ javac -nowarn -cp /work/Chart_18f/build:/opt/defects4j/framework/projects/lib/junit-4.12-hamcrest-1.3.jar:/work/Chart_18f/lib/servlet.jar:/work/Chart_18f/build:/work/Chart_18f/build-tests:/opt/evosuite/evosuite-standalone-runtime-1.2.0.jar -d /work/evo_out/Chart_18f/budget60_seed1/classes /work/evo_out/Chart_18f/budget60_seed1/tests/org/jfree/data/DefaultKeyedValues2D_ESTest.java /work/evo_out/Chart_18f/budget60_seed1/tests/org/jfree/data/DefaultKeyedValues2D_ESTest_scaffolding.java /work/evo_out/Chart_18f/budget60_seed1/tests/org/jfree/data/DefaultKeyedValues_ESTest.java /work/evo_out/Chart_18f/budget60_seed1/tests/org/jfree/data/DefaultKeyedValues_ESTest_scaffolding.java
Note: Some input files use or override a deprecated API.
Note: Recompile with -Xlint:deprecation for details.
Note: Some input files use unchecked or unsafe operations.
Note: Recompile with -Xlint:unchecked for details.

[exit=0 timeout=False time=0.8s]

$ java -jar /opt/jacoco/lib/jacococli.jar instrument /work/Chart_18f/build --dest /work/evo_out/Chart_18f/budget60_seed1/instrumented
[INFO] 607 classes instrumented to /work/evo_out/Chart_18f/budget60_seed1/instrumented.

[exit=0 timeout=False time=0.6s]

$ java -Djacoco-agent.destfile=/workspace/EvoSuite/Result_Round1/Chart_18/budget60_seed1/jacoco.exec -cp /work/evo_out/Chart_18f/budget60_seed1/instrumented:/work/evo_out/Chart_18f/budget60_seed1/classes:/opt/defects4j/framework/projects/lib/junit-4.12-hamcrest-1.3.jar:/work/Chart_18f/lib/servlet.jar:/work/Chart_18f/build:/work/Chart_18f/build-tests:/opt/evosuite/evosuite-standalone-runtime-1.2.0.jar:/opt/jacoco/lib/jacocoagent.jar org.junit.runner.JUnitCore org.jfree.data.DefaultKeyedValues_ESTest org.jfree.data.DefaultKeyedValues2D_ESTest
JUnit version 4.12
..............................................................................
Time: 0.759

OK (78 tests)

SLF4J: Failed to load class "org.slf4j.impl.StaticLoggerBinder".
SLF4J: Defaulting to no-operation (NOP) logger implementation
SLF4J: See http://www.slf4j.org/codes.html#StaticLoggerBinder for further details.
WARNING: An illegal reflective access operation has occurred
WARNING: Illegal reflective access by org.evosuite.runtime.GuiSupport (file:/opt/evosuite/evosuite-standalone-runtime-1.2.0.jar) to field java.awt.GraphicsEnvironment.headless
WARNING: Please consider reporting this to the maintainers of org.evosuite.runtime.GuiSupport
WARNING: Use --illegal-access=warn to enable warnings of further illegal reflective access operations
WARNING: All illegal access operations will be denied in a future release

[exit=0 timeout=False time=1.0s]

$ java -jar /opt/jacoco/lib/jacococli.jar report /workspace/EvoSuite/Result_Round1/Chart_18/budget60_seed1/jacoco.exec --classfiles /work/Chart_18f/build --csv /workspace/EvoSuite/Result_Round1/Chart_18/budget60_seed1/jacoco.csv
[INFO] Loading execution data file /workspace/EvoSuite/Result_Round1/Chart_18/budget60_seed1/jacoco.exec.
[INFO] Analyzing 513 classes.

[exit=0 timeout=False time=0.6s]

$ java -cp /work/evo_out/Chart_18f/budget60_seed1/classes:/opt/defects4j/framework/projects/lib/junit-4.12-hamcrest-1.3.jar:/work/Chart_18b/lib/servlet.jar:/work/Chart_18b/build:/work/Chart_18b/build-tests:/opt/evosuite/evosuite-standalone-runtime-1.2.0.jar org.junit.runner.JUnitCore org.jfree.data.DefaultKeyedValues_ESTest org.jfree.data.DefaultKeyedValues2D_ESTest
JUnit version 4.12
...................E................E..........E.....E............................
Time: 0.712
There were 4 failures:
1) test29(org.jfree.data.DefaultKeyedValues_ESTest)
java.lang.AssertionError: expected:<0> but was:<1>
	at org.junit.Assert.fail(Assert.java:88)
	at org.junit.Assert.failNotEquals(Assert.java:834)
	at org.junit.Assert.assertEquals(Assert.java:645)
	at org.junit.Assert.assertEquals(Assert.java:631)
	at org.jfree.data.DefaultKeyedValues_ESTest.test29(DefaultKeyedValues_ESTest.java:431)
	at java.base/jdk.internal.reflect.NativeMethodAccessorImpl.invoke0(Native Method)
	at java.base/jdk.internal.reflect.NativeMethodAccessorImpl.invoke(NativeMethodAccessorImpl.java:62)
	at java.base/jdk.internal.reflect.DelegatingMethodAccessorImpl.invoke(DelegatingMethodAccessorImpl.java:43)
	at java.base/java.lang.reflect.Method.invoke(Method.java:566)
	at org.junit.runners.model.FrameworkMethod$1.runReflectiveCall(FrameworkMethod.java:50)
	at org.junit.internal.runners.model.ReflectiveCallable.run(ReflectiveCallable.java:12)
	at org.junit.runners.model.FrameworkMethod.invokeExplosively(FrameworkMethod.java:47)
	at org.junit.internal.runners.statements.InvokeMethod.evaluate(InvokeMethod.java:17)
	at org.junit.internal.runners.statements.FailOnTimeout$CallableStatement.call(FailOnTimeout.java:298)
	at org.junit.internal.runners.statements.FailOnTimeout$CallableStatement.call(FailOnTimeout.java:292)
	at java.base/java.util.concurrent.FutureTask.run(FutureTask.java:264)
	at java.base/java.lang.Thread.run(Thread.java:829)
2) test23(org.jfree.data.DefaultKeyedValues_ESTest)
java.lang.AssertionError: Expecting exception: IllegalArgumentException
	at org.junit.Assert.fail(Assert.java:88)
	at org.jfree.data.DefaultKeyedValues_ESTest.test23(DefaultKeyedValues_ESTest.java:349)
	at java.base/jdk.internal.reflect.NativeMethodAccessorImpl.invoke0(Native Method)
	at java.base/jdk.internal.reflect.NativeMethodAccessorImpl.invoke(NativeMethodAccessorImpl.java:62)
	at java.base/jdk.internal.reflect.DelegatingMethodAccessorImpl.invoke(DelegatingMethodAccessorImpl.java:43)
	at java.base/java.lang.reflect.Method.invoke(Method.java:566)
	at org.junit.runners.model.FrameworkMethod$1.runReflectiveCall(FrameworkMethod.java:50)
	at org.junit.internal.runners.model.ReflectiveCallable.run(ReflectiveCallable.java:12)
	at org.junit.runners.model.FrameworkMethod.invokeExplosively(FrameworkMethod.java:47)
	at org.junit.internal.runners.statements.InvokeMethod.evaluate(InvokeMethod.java:17)
	at org.junit.internal.runners.statements.FailOnTimeout$CallableStatement.call(FailOnTimeout.java:298)
	at org.junit.internal.runners.statements.FailOnTimeout$CallableStatement.call(FailOnTimeout.java:292)
	at java.base/java.util.concurrent.FutureTask.run(FutureTask.java:264)
	at java.base/java.lang.Thread.run(Thread.java:829)
3) test22(org.jfree.data.DefaultKeyedValues2D_ESTest)
java.lang.AssertionError: Expecting exception: IllegalArgumentException
	at org.junit.Assert.fail(Assert.java:88)
	at org.jfree.data.DefaultKeyedValues2D_ESTest.test22(DefaultKeyedValues2D_ESTest.java:338)
	at java.base/jdk.internal.reflect.NativeMethodAccessorImpl.invoke0(Native Method)
	at java.base/jdk.internal.reflect.NativeMethodAccessorImpl.invoke(NativeMethodAccessorImpl.java:62)
	at java.base/jdk.internal.reflect.DelegatingMethodAccessorImpl.invoke(DelegatingMethodAccessorImpl.java:43)
	at java.base/java.lang.reflect.Method.invoke(Method.java:566)
	at org.junit.runners.model.FrameworkMethod$1.runReflectiveCall(FrameworkMethod.java:50)
	at org.junit.internal.runners.model.ReflectiveCallable.run(ReflectiveCallable.java:12)
	at org.junit.runners.model.FrameworkMethod.invokeExplosively(FrameworkMethod.java:47)
	at org.junit.internal.runners.statements.InvokeMethod.evaluate(InvokeMethod.java:17)
	at org.junit.internal.runners.statements.FailOnTimeout$CallableStatement.call(FailOnTimeout.java:298)
	at org.junit.internal.runners.statements.FailOnTimeout$CallableStatement.call(FailOnTimeout.java:292)
	at java.base/java.util.concurrent.FutureTask.run(FutureTask.java:264)
	at java.base/java.lang.Thread.run(Thread.java:829)
4) test21(org.jfree.data.DefaultKeyedValues2D_ESTest)
java.lang.AssertionError: Expecting exception: IllegalArgumentException
	at org.junit.Assert.fail(Assert.java:88)
	at org.jfree.data.DefaultKeyedValues2D_ESTest.test21(DefaultKeyedValues2D_ESTest.java:321)
	at java.base/jdk.internal.reflect.NativeMethodAccessorImpl.invoke0(Native Method)
	at java.base/jdk.internal.reflect.NativeMethodAccessorImpl.invoke(NativeMethodAccessorImpl.java:62)
	at java.base/jdk.internal.reflect.DelegatingMethodAccessorImpl.invoke(DelegatingMethodAccessorImpl.java:43)
	at java.base/java.lang.reflect.Method.invoke(Method.java:566)
	at org.junit.runners.model.FrameworkMethod$1.runReflectiveCall(FrameworkMethod.java:50)
	at org.junit.internal.runners.model.ReflectiveCallable.run(ReflectiveCallable.java:12)
	at org.junit.runners.model.FrameworkMethod.invokeExplosively(FrameworkMethod.java:47)
	at org.junit.internal.runners.statements.InvokeMethod.evaluate(InvokeMethod.java:17)
	at org.junit.internal.runners.statements.FailOnTimeout$CallableStatement.call(FailOnTimeout.java:298)
	at org.junit.internal.runners.statements.FailOnTimeout$CallableStatement.call(FailOnTimeout.java:292)
	at java.base/java.util.concurrent.FutureTask.run(FutureTask.java:264)
	at java.base/java.lang.Thread.run(Thread.java:829)

FAILURES!!!
Tests run: 78,  Failures: 4

SLF4J: Failed to load class "org.slf4j.impl.StaticLoggerBinder".
SLF4J: Defaulting to no-operation (NOP) logger implementation
SLF4J: See http://www.slf4j.org/codes.html#StaticLoggerBinder for further details.
WARNING: An illegal reflective access operation has occurred
WARNING: Illegal reflective access by org.evosuite.runtime.GuiSupport (file:/opt/evosuite/evosuite-standalone-runtime-1.2.0.jar) to field java.awt.GraphicsEnvironment.headless
WARNING: Please consider reporting this to the maintainers of org.evosuite.runtime.GuiSupport
WARNING: Use --illegal-access=warn to enable warnings of further illegal reflective access operations
WARNING: All illegal access operations will be denied in a future release

[exit=1 timeout=False time=0.9s]
