
$ defects4j compile -w /work/Time_26f
Running ant (compile)...................................................... OK
Running ant (compile.tests)................................................ OK

[exit=0 timeout=False time=3.1s]

$ defects4j compile -w /work/Time_26b
Running ant (compile)...................................................... OK
Running ant (compile.tests)................................................ OK

[exit=0 timeout=False time=3.0s]

$ java -Djava.awt.headless=true -cp /opt/defects4j/framework/projects/lib/junit-4.12-hamcrest-1.3.jar:/opt/evosuite/evosuite-1.2.0.jar:/work/Time_26f/build/classes:/opt/defects4j/framework/projects/Time/lib/joda-convert-1.2.jar:/work/Time_26f/build/tests:/work/Time_26f/src/test/java org.evosuite.EvoSuite -generateSuite -class org.joda.time.chrono.ZonedChronology -projectCP /opt/defects4j/framework/projects/lib/junit-4.12-hamcrest-1.3.jar:/work/Time_26f/build/classes:/opt/defects4j/framework/projects/Time/lib/joda-convert-1.2.jar:/work/Time_26f/build/tests:/work/Time_26f/src/test/java -Dcriterion=LINE:BRANCH:EXCEPTION -Dsearch_budget=120 -seed 1 -Dtest_dir=/work/evo_out/Time_26f/budget120_seed1/tests -Dreport_dir=/work/evo_out/Time_26f/budget120_seed1/report
* EvoSuite 1.2.0
* Going to generate test cases for class: org.joda.time.chrono.ZonedChronology
* Starting Client-0
* Connecting to master process on port 9922
* Analyzing classpath: 
  - /opt/defects4j/framework/projects/lib/junit-4.12-hamcrest-1.3.jar
  - /work/Time_26f/build/classes
  - /opt/defects4j/framework/projects/Time/lib/joda-convert-1.2.jar
  - /work/Time_26f/build/tests
  - /work/Time_26f/src/test/java
[MASTER] 03:25:19.929 [logback-1] WARN  InheritanceTree - Class not in inheritance graph: java.util.Locale$IsoCountryCode
* Finished analyzing classpath
* Generating tests for class org.joda.time.chrono.ZonedChronology
* Test criteria:
  - Line Coverage
  - Branch Coverage
  - Exception
* Setting up search algorithm for whole suite generation
* Total number of test goals: 
  - Line 231
  - Branch 121
  - Exception 0

[Progress:>                             0%] [Cov:>                                  0%]* Using seed 1
* Starting evolution

[Progress:>                             0%] [Cov:====>                              14%]
[Progress:>                             0%] [Cov:========>                          23%]
[Progress:>                             0%] [Cov:===================>               57%]
[Progress:>                             1%] [Cov:====>                              12%]
[Progress:>                             1%] [Cov:======>                            19%]
[Progress:>                             1%] [Cov:==================>                53%]
[Progress:>                             1%] [Cov:===================>               57%]
[Progress:>                             2%] [Cov:====>                              13%]
[Progress:>                             2%] [Cov:=======>                           21%]
[Progress:>                             2%] [Cov:==================>                54%]
[Progress:>                             2%] [Cov:=====================>             60%]
[Progress:>                             2%] [Cov:=====================>             60%]
[Progress:>                             2%] [Cov:==============================>    86%]
[Progress:>                             2%] [Cov:==============================>    86%]
[Progress:>                             3%] [Cov:==============================>    86%]
[Progress:>                             3%] [Cov:==============================>    86%]
[Progress:>                             3%] [Cov:==============================>    87%]
[Progress:>                             3%] [Cov:==============================>    87%]
[Progress:>                             3%] [Cov:==============================>    88%]
[Progress:>                             3%] [Cov:==============================>    88%]
[Progress:=>                            4%] [Cov:==============================>    88%]
[Progress:=>                            4%] [Cov:==============================>    88%]
[Progress:=>                            4%] [Cov:===============================>   89%]
[Progress:=>                            4%] [Cov:===============================>   89%]
[Progress:=>                            4%] [Cov:===============================>   89%]
[Progress:=>                            4%] [Cov:===============================>   89%]
[Progress:=>                            5%] [Cov:===============================>   89%]
[Progress:=>                            5%] [Cov:===============================>   90%]
[Progress:=>                            5%] [Cov:===============================>   90%]
[Progress:=>                            5%] [Cov:===============================>   91%]
[Progress:=>                            5%] [Cov:===============================>   91%]
[Progress:=>                            5%] [Cov:===============================>   91%]
[Progress:=>                            5%] [Cov:===============================>   91%]
[Progress:=>                            5%] [Cov:===============================>   91%]
[Progress:=>                            5%] [Cov:===============================>   91%]
[Progress:=>                            5%] [Cov:================================>  92%]
[Progress:=>                            5%] [Cov:================================>  92%]
[Progress:=>                            5%] [Cov:================================>  92%]
[Progress:=>                            5%] [Cov:================================>  92%]
[Progress:=>                            5%] [Cov:================================>  92%]
[Progress:=>                            6%] [Cov:================================>  92%]
[Progress:=>                            6%] [Cov:================================>  93%]
[Progress:=>                            6%] [Cov:================================>  93%]
[Progress:=>                            6%] [Cov:================================>  93%]
[Progress:=>                            6%] [Cov:================================>  93%]
[Progress:=>                            6%] [Cov:================================>  93%]
[Progress:==>                           7%] [Cov:================================>  93%]
[Progress:==>                           7%] [Cov:================================>  93%]
[Progress:==>                           7%] [Cov:================================>  93%]
[Progress:==>                           7%] [Cov:================================>  93%]
[Progress:==>                           7%] [Cov:================================>  93%]
[Progress:==>                           7%] [Cov:================================>  93%]
[Progress:==>                           7%] [Cov:================================>  93%]
[Progress:==>                           8%] [Cov:================================>  93%]
[Progress:==>                           8%] [Cov:================================>  93%]
[Progress:==>                           8%] [Cov:================================>  93%]
[Progress:==>                           8%] [Cov:================================>  93%]
[Progress:==>                           8%] [Cov:================================>  93%]
[Progress:==>                           8%] [Cov:================================>  93%]
[Progress:==>                           9%] [Cov:================================>  93%]
[Progress:==>                           9%] [Cov:================================>  93%]
[Progress:==>                           9%] [Cov:================================>  93%]
[Progress:==>                           9%] [Cov:================================>  93%]
[Progress:==>                           9%] [Cov:================================>  93%]
[Progress:===>                          10%] [Cov:================================>  93%]
[Progress:===>                          10%] [Cov:================================>  93%]
[Progress:===>                          10%] [Cov:================================>  93%]
[Progress:===>                          10%] [Cov:================================>  93%]
[Progress:===>                          10%] [Cov:================================>  93%]
[Progress:===>                          10%] [Cov:================================>  93%]
[Progress:===>                          10%] [Cov:================================>  93%]
[Progress:===>                          10%] [Cov:================================>  93%]
[Progress:===>                          10%] [Cov:================================>  93%]
[Progress:===>                          10%] [Cov:================================>  93%]
[Progress:===>                          11%] [Cov:================================>  93%]
[Progress:===>                          11%] [Cov:================================>  93%]
[Progress:===>                          11%] [Cov:================================>  93%]
[Progress:===>                          11%] [Cov:================================>  93%]
[Progress:===>                          11%] [Cov:================================>  93%]
[Progress:===>                          11%] [Cov:================================>  93%]
[Progress:===>                          12%] [Cov:================================>  93%]
[Progress:===>                          12%] [Cov:================================>  93%]
[Progress:===>                          12%] [Cov:================================>  93%]
[Progress:===>                          12%] [Cov:================================>  93%]
[Progress:===>                          12%] [Cov:================================>  93%]
[Progress:===>                          13%] [Cov:================================>  93%]
[Progress:===>                          13%] [Cov:================================>  93%]
[Progress:===>                          13%] [Cov:================================>  93%]
[Progress:===>                          13%] [Cov:================================>  93%]
[Progress:===>                          13%] [Cov:================================>  93%]
[Progress:===>                          13%] [Cov:================================>  93%]
[Progress:====>                         14%] [Cov:================================>  93%]
[Progress:====>                         14%] [Cov:================================>  93%]
[Progress:====>                         14%] [Cov:================================>  93%]
[Progress:====>                         14%] [Cov:================================>  93%]
[Progress:====>                         14%] [Cov:================================>  93%]
[Progress:====>                         14%] [Cov:================================>  93%]
[Progress:====>                         15%] [Cov:================================>  93%]
[Progress:====>                         15%] [Cov:================================>  93%]
[Progress:====>                         15%] [Cov:================================>  93%]
[Progress:====>                         15%] [Cov:================================>  93%]
[Progress:====>                         15%] [Cov:================================>  93%]
[Progress:====>                         15%] [Cov:================================>  93%]
[Progress:====>                         15%] [Cov:================================>  93%]
[Progress:====>                         15%] [Cov:================================>  93%]
[Progress:====>                         15%] [Cov:================================>  93%]
[Progress:====>                         15%] [Cov:================================>  93%]
[Progress:====>                         15%] [Cov:================================>  93%]
[Progress:====>                         16%] [Cov:================================>  93%]
[Progress:====>                         16%] [Cov:================================>  93%]
[Progress:====>                         16%] [Cov:================================>  93%]
[Progress:====>                         16%] [Cov:================================>  93%]
[Progress:====>                         16%] [Cov:================================>  93%]
[Progress:====>                         16%] [Cov:================================>  93%]
[Progress:=====>                        17%] [Cov:================================>  93%]
[Progress:=====>                        17%] [Cov:================================>  93%]
[Progress:=====>                        17%] [Cov:================================>  93%]
[Progress:=====>                        17%] [Cov:================================>  93%]
[Progress:=====>                        17%] [Cov:================================>  93%]
[Progress:=====>                        17%] [Cov:================================>  93%]
[Progress:=====>                        18%] [Cov:================================>  93%]
[Progress:=====>                        18%] [Cov:================================>  93%]
[Progress:=====>                        18%] [Cov:================================>  93%]
[Progress:=====>                        18%] [Cov:================================>  93%]
[Progress:=====>                        18%] [Cov:================================>  93%]
[Progress:=====>                        19%] [Cov:================================>  93%]
[Progress:=====>                        19%] [Cov:================================>  93%]
[Progress:=====>                        19%] [Cov:================================>  93%]
[Progress:=====>                        19%] [Cov:================================>  93%]
[Progress:=====>                        19%] [Cov:================================>  93%]
[Progress:=====>                        19%] [Cov:================================>  93%]
[Progress:======>                       20%] [Cov:================================>  93%]
[Progress:======>                       20%] [Cov:================================>  93%]
[Progress:======>                       20%] [Cov:================================>  93%]
[Progress:======>                       20%] [Cov:================================>  93%]
[Progress:======>                       20%] [Cov:================================>  93%]
[Progress:======>                       20%] [Cov:================================>  93%]
[Progress:======>                       20%] [Cov:================================>  93%]
[Progress:======>                       20%] [Cov:================================>  93%]
[Progress:======>                       20%] [Cov:================================>  93%]
[Progress:======>                       20%] [Cov:================================>  93%]
[Progress:======>                       20%] [Cov:================================>  93%]
[Progress:======>                       20%] [Cov:================================>  93%]
[Progress:======>                       21%] [Cov:================================>  93%]
[Progress:======>                       21%] [Cov:================================>  93%]
[Progress:======>                       21%] [Cov:================================>  93%]
[Progress:======>                       21%] [Cov:================================>  93%]
[Progress:======>                       21%] [Cov:================================>  93%]
[Progress:======>                       21%] [Cov:================================>  93%]
[Progress:======>                       22%] [Cov:================================>  93%]
[Progress:======>                       22%] [Cov:================================>  93%]
[Progress:======>                       22%] [Cov:================================>  93%]
[Progress:======>                       22%] [Cov:================================>  93%]
[Progress:======>                       22%] [Cov:================================>  93%]
[Progress:======>                       22%] [Cov:================================>  93%]
[Progress:======>                       23%] [Cov:================================>  93%]
[Progress:======>                       23%] [Cov:================================>  93%]
[Progress:======>                       23%] [Cov:================================>  93%]
[Progress:======>                       23%] [Cov:================================>  93%]
[Progress:======>                       23%] [Cov:================================>  93%]
[Progress:======>                       23%] [Cov:================================>  93%]
[Progress:=======>                      24%] [Cov:================================>  93%]
[Progress:=======>                      24%] [Cov:================================>  93%]
[Progress:=======>                      24%] [Cov:================================>  93%]
[Progress:=======>                      24%] [Cov:================================>  93%]
[Progress:=======>                      24%] [Cov:================================>  93%]
[Progress:=======>                      24%] [Cov:================================>  93%]
[Progress:=======>                      25%] [Cov:================================>  93%]
[Progress:=======>                      25%] [Cov:================================>  93%]
[Progress:=======>                      25%] [Cov:================================>  93%]
[Progress:=======>                      25%] [Cov:================================>  93%]
[Progress:=======>                      25%] [Cov:================================>  93%]
[Progress:=======>                      25%] [Cov:================================>  93%]
[Progress:=======>                      25%] [Cov:================================>  93%]
[Progress:=======>                      25%] [Cov:================================>  93%]
[Progress:=======>                      25%] [Cov:================================>  93%]
[Progress:=======>                      25%] [Cov:================================>  93%]
[Progress:=======>                      25%] [Cov:================================>  93%]
[Progress:=======>                      26%] [Cov:================================>  93%]
[Progress:=======>                      26%] [Cov:================================>  93%]
[Progress:=======>                      26%] [Cov:================================>  93%]
[Progress:=======>                      26%] [Cov:================================>  93%]
[Progress:=======>                      26%] [Cov:================================>  93%]
[Progress:=======>                      26%] [Cov:================================>  93%]
[Progress:=======>                      26%] [Cov:================================>  93%]
[Progress:========>                     27%] [Cov:================================>  93%]
[Progress:========>                     27%] [Cov:================================>  93%]
[Progress:========>                     27%] [Cov:================================>  93%]
[Progress:========>                     27%] [Cov:================================>  93%]
[Progress:========>                     27%] [Cov:================================>  93%]
[Progress:========>                     28%] [Cov:================================>  93%]
[Progress:========>                     28%] [Cov:================================>  93%]
[Progress:========>                     28%] [Cov:================================>  93%]
[Progress:========>                     28%] [Cov:================================>  93%]
[Progress:========>                     28%] [Cov:================================>  93%]
[Progress:========>                     28%] [Cov:================================>  93%]
[Progress:========>                     28%] [Cov:================================>  93%]
[Progress:========>                     29%] [Cov:================================>  93%]
[Progress:========>                     29%] [Cov:================================>  93%]
[Progress:========>                     29%] [Cov:================================>  93%]
[Progress:========>                     29%] [Cov:================================>  93%]
[Progress:========>                     29%] [Cov:================================>  93%]
[Progress:========>                     29%] [Cov:================================>  93%]
[Progress:=========>                    30%] [Cov:================================>  93%]
[Progress:=========>                    30%] [Cov:================================>  93%]
[Progress:=========>                    30%] [Cov:================================>  93%]
[Progress:=========>                    30%] [Cov:================================>  93%]
[Progress:=========>                    30%] [Cov:================================>  93%]
[Progress:=========>                    30%] [Cov:================================>  93%]
[Progress:=========>                    30%] [Cov:================================>  93%]
[Progress:=========>                    30%] [Cov:================================>  93%]
[Progress:=========>                    30%] [Cov:================================>  93%]
[Progress:=========>                    30%] [Cov:================================>  93%]
[Progress:=========>                    30%] [Cov:================================>  93%]
[Progress:=========>                    31%] [Cov:================================>  93%]
[Progress:=========>                    31%] [Cov:================================>  93%]
[Progress:=========>                    31%] [Cov:================================>  93%]
[Progress:=========>                    31%] [Cov:================================>  93%]
[Progress:=========>                    31%] [Cov:================================>  93%]
[Progress:=========>                    31%] [Cov:================================>  93%]
[Progress:=========>                    32%] [Cov:================================>  93%]
[Progress:=========>                    32%] [Cov:================================>  93%]
[Progress:=========>                    32%] [Cov:================================>  93%]
[Progress:=========>                    32%] [Cov:================================>  93%]
[Progress:=========>                    32%] [Cov:================================>  93%]
[Progress:=========>                    32%] [Cov:================================>  93%]
[Progress:=========>                    33%] [Cov:================================>  93%]
[Progress:=========>                    33%] [Cov:================================>  93%]
[Progress:=========>                    33%] [Cov:================================>  93%]
[Progress:=========>                    33%] [Cov:================================>  93%]
[Progress:=========>                    33%] [Cov:================================>  93%]
[Progress:=========>                    33%] [Cov:================================>  93%]
[Progress:==========>                   34%] [Cov:================================>  93%]
[Progress:==========>                   34%] [Cov:================================>  93%]
[Progress:==========>                   34%] [Cov:================================>  93%]
[Progress:==========>                   34%] [Cov:================================>  93%]
[Progress:==========>                   34%] [Cov:================================>  93%]
[Progress:==========>                   34%] [Cov:================================>  93%]
[Progress:==========>                   35%] [Cov:================================>  93%]
[Progress:==========>                   35%] [Cov:================================>  93%]
[Progress:==========>                   35%] [Cov:================================>  93%]
[Progress:==========>                   35%] [Cov:================================>  93%]
[Progress:==========>                   35%] [Cov:================================>  93%]
[Progress:==========>                   35%] [Cov:================================>  93%]
[Progress:==========>                   35%] [Cov:================================>  93%]
[Progress:==========>                   35%] [Cov:================================>  93%]
[Progress:==========>                   35%] [Cov:================================>  93%]
[Progress:==========>                   35%] [Cov:================================>  93%]
[Progress:==========>                   35%] [Cov:================================>  93%]
[Progress:==========>                   36%] [Cov:================================>  93%]
[Progress:==========>                   36%] [Cov:================================>  93%]
[Progress:==========>                   36%] [Cov:================================>  93%]
[Progress:==========>                   36%] [Cov:================================>  93%]
[Progress:==========>                   36%] [Cov:================================>  93%]
[Progress:==========>                   36%] [Cov:================================>  93%]
[Progress:===========>                  37%] [Cov:================================>  93%]
[Progress:===========>                  37%] [Cov:================================>  93%]
[Progress:===========>                  37%] [Cov:================================>  93%]
[Progress:===========>                  37%] [Cov:================================>  93%]
[Progress:===========>                  37%] [Cov:================================>  93%]
[Progress:===========>                  38%] [Cov:================================>  93%]
[Progress:===========>                  38%] [Cov:================================>  93%]
[Progress:===========>                  38%] [Cov:================================>  93%]
[Progress:===========>                  38%] [Cov:================================>  93%]
[Progress:===========>                  38%] [Cov:================================>  93%]
[Progress:===========>                  38%] [Cov:================================>  93%]
[Progress:===========>                  39%] [Cov:================================>  93%]
[Progress:===========>                  39%] [Cov:================================>  93%]
[Progress:===========>                  39%] [Cov:================================>  93%]
[Progress:===========>                  39%] [Cov:================================>  93%]
[Progress:===========>                  39%] [Cov:================================>  93%]
[Progress:===========>                  39%] [Cov:================================>  93%]
[Progress:============>                 40%] [Cov:================================>  93%]
[Progress:============>                 40%] [Cov:================================>  93%]
[Progress:============>                 40%] [Cov:================================>  93%]
[Progress:============>                 40%] [Cov:================================>  93%]
[Progress:============>                 40%] [Cov:================================>  93%]
[Progress:============>                 40%] [Cov:================================>  93%]
[Progress:============>                 40%] [Cov:================================>  93%]
[Progress:============>                 40%] [Cov:================================>  93%]
[Progress:============>                 40%] [Cov:================================>  93%]
[Progress:============>                 40%] [Cov:================================>  93%]
[Progress:============>                 40%] [Cov:================================>  93%]
[Progress:============>                 40%] [Cov:================================>  94%]
[Progress:============>                 41%] [Cov:================================>  94%]
[Progress:============>                 41%] [Cov:================================>  94%]
[Progress:============>                 41%] [Cov:================================>  94%]
[Progress:============>                 41%] [Cov:================================>  94%]
[Progress:============>                 41%] [Cov:================================>  94%]
[Progress:============>                 41%] [Cov:================================>  94%]
[Progress:============>                 42%] [Cov:================================>  94%]
[Progress:============>                 42%] [Cov:================================>  94%]
[Progress:============>                 42%] [Cov:================================>  94%]
[Progress:============>                 42%] [Cov:================================>  94%]
[Progress:============>                 42%] [Cov:================================>  94%]
[Progress:============>                 42%] [Cov:================================>  94%]
[Progress:============>                 43%] [Cov:=================================> 95%]
[Progress:============>                 43%] [Cov:=================================> 96%]
[Progress:============>                 43%] [Cov:=================================> 96%]
[Progress:============>                 43%] [Cov:=================================> 96%]
[Progress:============>                 43%] [Cov:=================================> 96%]
[Progress:============>                 43%] [Cov:=================================> 96%]
[Progress:============>                 43%] [Cov:=================================> 96%]
[Progress:=============>                44%] [Cov:=================================> 96%]
[Progress:=============>                44%] [Cov:=================================> 96%]
[Progress:=============>                44%] [Cov:=================================> 96%]
[Progress:=============>                44%] [Cov:=================================> 96%]
[Progress:=============>                44%] [Cov:=================================> 96%]
[Progress:=============>                44%] [Cov:=================================> 96%]
[Progress:=============>                45%] [Cov:=================================> 96%]
[Progress:=============>                45%] [Cov:=================================> 96%]
[Progress:=============>                45%] [Cov:=================================> 96%]
[Progress:=============>                45%] [Cov:=================================> 96%]
[Progress:=============>                45%] [Cov:=================================> 96%]
[Progress:=============>                45%] [Cov:=================================> 96%]
[Progress:=============>                45%] [Cov:=================================> 96%]
[Progress:=============>                45%] [Cov:=================================> 96%]
[Progress:=============>                45%] [Cov:=================================> 96%]
[Progress:=============>                45%] [Cov:=================================> 96%]
[Progress:=============>                45%] [Cov:=================================> 96%]
[Progress:=============>                46%] [Cov:=================================> 96%]
[Progress:=============>                46%] [Cov:=================================> 96%]
[Progress:=============>                46%] [Cov:=================================> 96%]
[Progress:=============>                46%] [Cov:=================================> 96%]
[Progress:=============>                46%] [Cov:=================================> 96%]
[Progress:=============>                46%] [Cov:=================================> 96%]
[Progress:==============>               47%] [Cov:=================================> 96%]
[Progress:==============>               47%] [Cov:=================================> 96%]
[Progress:==============>               47%] [Cov:=================================> 96%]
[Progress:==============>               47%] [Cov:=================================> 96%]
[Progress:==============>               47%] [Cov:=================================> 96%]
[Progress:==============>               47%] [Cov:=================================> 96%]
[Progress:==============>               48%] [Cov:=================================> 96%]
[Progress:==============>               48%] [Cov:=================================> 96%]
[Progress:==============>               48%] [Cov:=================================> 96%]
[Progress:==============>               48%] [Cov:=================================> 96%]
[Progress:==============>               48%] [Cov:=================================> 96%]
[Progress:==============>               48%] [Cov:=================================> 96%]
[Progress:==============>               49%] [Cov:=================================> 96%]
[Progress:==============>               49%] [Cov:=================================> 96%]
[Progress:==============>               49%] [Cov:=================================> 96%]
[Progress:==============>               49%] [Cov:=================================> 96%]
[Progress:==============>               49%] [Cov:=================================> 96%]
[Progress:==============>               49%] [Cov:=================================> 96%]
[Progress:==============>               49%] [Cov:=================================> 96%]
[Progress:===============>              50%] [Cov:=================================> 96%]
[Progress:===============>              50%] [Cov:=================================> 96%]
[Progress:===============>              50%] [Cov:=================================> 96%]
[Progress:===============>              50%] [Cov:=================================> 96%]
[Progress:===============>              50%] [Cov:=================================> 96%]
[Progress:===============>              50%] [Cov:=================================> 96%]
[Progress:===============>              50%] [Cov:=================================> 96%]
[Progress:===============>              50%] [Cov:=================================> 96%]
[Progress:===============>              50%] [Cov:=================================> 96%]
[Progress:===============>              50%] [Cov:=================================> 96%]
[Progress:===============>              50%] [Cov:=================================> 96%]
[Progress:===============>              50%] [Cov:=================================> 96%]
[Progress:===============>              51%] [Cov:=================================> 96%]
[Progress:===============>              51%] [Cov:=================================> 96%]
[Progress:===============>              51%] [Cov:=================================> 96%]
[Progress:===============>              51%] [Cov:=================================> 96%]
[Progress:===============>              51%] [Cov:=================================> 96%]
[Progress:===============>              51%] [Cov:=================================> 96%]
[Progress:===============>              51%] [Cov:=================================> 96%]
[Progress:===============>              52%] [Cov:=================================> 96%]
[Progress:===============>              52%] [Cov:=================================> 96%]
[Progress:===============>              52%] [Cov:=================================> 96%]
[Progress:===============>              52%] [Cov:=================================> 96%]
[Progress:===============>              52%] [Cov:=================================> 96%]
[Progress:===============>              52%] [Cov:=================================> 96%]
[Progress:===============>              53%] [Cov:=================================> 96%]
[Progress:===============>              53%] [Cov:=================================> 96%]
[Progress:===============>              53%] [Cov:=================================> 96%]
[Progress:===============>              53%] [Cov:=================================> 96%]
[Progress:===============>              53%] [Cov:=================================> 96%]
[Progress:===============>              53%] [Cov:=================================> 96%]
[Progress:===============>              53%] [Cov:=================================> 96%]
[Progress:================>             54%] [Cov:=================================> 96%]
[Progress:================>             54%] [Cov:=================================> 96%]
[Progress:================>             54%] [Cov:=================================> 96%]
[Progress:================>             54%] [Cov:=================================> 96%]
[Progress:================>             54%] [Cov:=================================> 96%]
[Progress:================>             54%] [Cov:=================================> 96%]
[Progress:================>             54%] [Cov:=================================> 96%]
[Progress:================>             55%] [Cov:=================================> 96%]
[Progress:================>             55%] [Cov:=================================> 96%]
[Progress:================>             55%] [Cov:=================================> 96%]
[Progress:================>             55%] [Cov:=================================> 96%]
[Progress:================>             55%] [Cov:=================================> 96%]
[Progress:================>             55%] [Cov:=================================> 96%]
[Progress:================>             55%] [Cov:=================================> 96%]
[Progress:================>             55%] [Cov:=================================> 96%]
[Progress:================>             55%] [Cov:=================================> 96%]
[Progress:================>             55%] [Cov:=================================> 96%]
[Progress:================>             55%] [Cov:=================================> 96%]
[Progress:================>             55%] [Cov:=================================> 96%]
[Progress:================>             56%] [Cov:=================================> 96%]
[Progress:================>             56%] [Cov:=================================> 96%]
[Progress:================>             56%] [Cov:=================================> 96%]
[Progress:================>             56%] [Cov:=================================> 96%]
[Progress:================>             56%] [Cov:=================================> 96%]
[Progress:================>             56%] [Cov:=================================> 96%]
[Progress:================>             56%] [Cov:=================================> 96%]
[Progress:=================>            57%] [Cov:=================================> 96%]
[Progress:=================>            57%] [Cov:=================================> 96%]
[Progress:=================>            57%] [Cov:=================================> 96%]
[Progress:=================>            57%] [Cov:=================================> 96%]
[Progress:=================>            57%] [Cov:=================================> 96%]
[Progress:=================>            57%] [Cov:=================================> 96%]
[Progress:=================>            57%] [Cov:=================================> 96%]
[Progress:=================>            58%] [Cov:=================================> 96%]
[Progress:=================>            58%] [Cov:=================================> 96%]
[Progress:=================>            58%] [Cov:=================================> 96%]
[Progress:=================>            58%] [Cov:=================================> 96%]
[Progress:=================>            58%] [Cov:=================================> 96%]
[Progress:=================>            58%] [Cov:=================================> 96%]
[Progress:=================>            58%] [Cov:=================================> 96%]
[Progress:=================>            59%] [Cov:=================================> 96%]
[Progress:=================>            59%] [Cov:=================================> 96%]
[Progress:=================>            59%] [Cov:=================================> 96%]
[Progress:=================>            59%] [Cov:=================================> 96%]
[Progress:=================>            59%] [Cov:=================================> 96%]
[Progress:=================>            59%] [Cov:=================================> 96%]
[Progress:==================>           60%] [Cov:=================================> 96%]
[Progress:==================>           60%] [Cov:=================================> 96%]
[Progress:==================>           60%] [Cov:=================================> 96%]
[Progress:==================>           60%] [Cov:=================================> 96%]
[Progress:==================>           60%] [Cov:=================================> 96%]
[Progress:==================>           60%] [Cov:=================================> 96%]
[Progress:==================>           60%] [Cov:=================================> 96%]
[Progress:==================>           60%] [Cov:=================================> 96%]
[Progress:==================>           60%] [Cov:=================================> 96%]
[Progress:==================>           60%] [Cov:=================================> 96%]
[Progress:==================>           60%] [Cov:=================================> 96%]
[Progress:==================>           60%] [Cov:=================================> 96%]
[Progress:==================>           61%] [Cov:=================================> 96%]
[Progress:==================>           61%] [Cov:=================================> 96%]
[Progress:==================>           61%] [Cov:=================================> 96%]
[Progress:==================>           61%] [Cov:=================================> 96%]
[Progress:==================>           61%] [Cov:=================================> 96%]
[Progress:==================>           61%] [Cov:=================================> 96%]
[Progress:==================>           61%] [Cov:=================================> 96%]
[Progress:==================>           62%] [Cov:=================================> 96%]
[Progress:==================>           62%] [Cov:=================================> 96%]
[Progress:==================>           62%] [Cov:=================================> 96%]
[Progress:==================>           62%] [Cov:=================================> 96%]
[Progress:==================>           62%] [Cov:=================================> 96%]
[Progress:==================>           62%] [Cov:=================================> 96%]
[Progress:==================>           63%] [Cov:=================================> 96%]
[Progress:==================>           63%] [Cov:=================================> 96%]
[Progress:==================>           63%] [Cov:=================================> 96%]
[Progress:==================>           63%] [Cov:=================================> 96%]
[Progress:==================>           63%] [Cov:=================================> 96%]
[Progress:==================>           63%] [Cov:=================================> 96%]
[Progress:===================>          64%] [Cov:=================================> 96%]
[Progress:===================>          64%] [Cov:=================================> 96%]
[Progress:===================>          64%] [Cov:=================================> 96%]
[Progress:===================>          64%] [Cov:=================================> 96%]
[Progress:===================>          64%] [Cov:=================================> 96%]
[Progress:===================>          64%] [Cov:=================================> 96%]
[Progress:===================>          65%] [Cov:=================================> 96%]
[Progress:===================>          65%] [Cov:=================================> 96%]
[Progress:===================>          65%] [Cov:=================================> 96%]
[Progress:===================>          65%] [Cov:=================================> 96%]
[Progress:===================>          65%] [Cov:=================================> 96%]
[Progress:===================>          65%] [Cov:=================================> 96%]
[Progress:===================>          65%] [Cov:=================================> 96%]
[Progress:===================>          65%] [Cov:=================================> 96%]
[Progress:===================>          65%] [Cov:=================================> 96%]
[Progress:===================>          65%] [Cov:=================================> 96%]
[Progress:===================>          65%] [Cov:=================================> 96%]
[Progress:===================>          66%] [Cov:=================================> 96%]
[Progress:===================>          66%] [Cov:=================================> 96%]
[Progress:===================>          66%] [Cov:=================================> 96%]
[Progress:===================>          66%] [Cov:=================================> 96%]
[Progress:===================>          66%] [Cov:=================================> 96%]
[Progress:===================>          66%] [Cov:=================================> 96%]
[Progress:===================>          66%] [Cov:=================================> 96%]
[Progress:====================>         67%] [Cov:=================================> 96%]
[Progress:====================>         67%] [Cov:=================================> 96%]
[Progress:====================>         67%] [Cov:=================================> 96%]
[Progress:====================>         67%] [Cov:=================================> 96%]
[Progress:====================>         67%] [Cov:=================================> 96%]
[Progress:====================>         67%] [Cov:=================================> 96%]
[Progress:====================>         67%] [Cov:=================================> 96%]
[Progress:====================>         68%] [Cov:=================================> 96%]
[Progress:====================>         68%] [Cov:=================================> 96%]
[Progress:====================>         68%] [Cov:=================================> 96%]
[Progress:====================>         68%] [Cov:=================================> 96%]
[Progress:====================>         68%] [Cov:=================================> 96%]
[Progress:====================>         68%] [Cov:=================================> 96%]
[Progress:====================>         68%] [Cov:=================================> 96%]
[Progress:====================>         69%] [Cov:=================================> 96%]
[Progress:====================>         69%] [Cov:=================================> 96%]
[Progress:====================>         69%] [Cov:=================================> 96%]
[Progress:====================>         69%] [Cov:=================================> 96%]
[Progress:====================>         69%] [Cov:=================================> 96%]
[Progress:====================>         69%] [Cov:=================================> 96%]
[Progress:=====================>        70%] [Cov:=================================> 96%]
[Progress:=====================>        70%] [Cov:=================================> 96%]
[Progress:=====================>        70%] [Cov:=================================> 96%]
[Progress:=====================>        70%] [Cov:=================================> 96%]
[Progress:=====================>        70%] [Cov:=================================> 96%]
[Progress:=====================>        70%] [Cov:=================================> 96%]
[Progress:=====================>        70%] [Cov:=================================> 96%]
[Progress:=====================>        70%] [Cov:=================================> 96%]
[Progress:=====================>        70%] [Cov:=================================> 96%]
[Progress:=====================>        70%] [Cov:=================================> 96%]
[Progress:=====================>        70%] [Cov:=================================> 96%]
[Progress:=====================>        71%] [Cov:=================================> 96%]
[Progress:=====================>        71%] [Cov:=================================> 96%]
[Progress:=====================>        71%] [Cov:=================================> 96%]
[Progress:=====================>        71%] [Cov:=================================> 96%]
[Progress:=====================>        71%] [Cov:=================================> 96%]
[Progress:=====================>        71%] [Cov:=================================> 96%]
[Progress:=====================>        71%] [Cov:=================================> 96%]
[Progress:=====================>        72%] [Cov:=================================> 96%]
[Progress:=====================>        72%] [Cov:=================================> 96%]
[Progress:=====================>        72%] [Cov:=================================> 96%]
[Progress:=====================>        72%] [Cov:=================================> 96%]
[Progress:=====================>        72%] [Cov:=================================> 96%]
[Progress:=====================>        72%] [Cov:=================================> 96%]
[Progress:=====================>        73%] [Cov:=================================> 96%]
[Progress:=====================>        73%] [Cov:=================================> 96%]
[Progress:=====================>        73%] [Cov:=================================> 96%]
[Progress:=====================>        73%] [Cov:=================================> 96%]
[Progress:=====================>        73%] [Cov:=================================> 96%]
[Progress:=====================>        73%] [Cov:=================================> 96%]
[Progress:=====================>        73%] [Cov:=================================> 96%]
[Progress:======================>       74%] [Cov:=================================> 96%]
[Progress:======================>       74%] [Cov:=================================> 96%]
[Progress:======================>       74%] [Cov:=================================> 96%]
[Progress:======================>       74%] [Cov:=================================> 96%]
[Progress:======================>       74%] [Cov:=================================> 96%]
[Progress:======================>       74%] [Cov:=================================> 96%]
[Progress:======================>       75%] [Cov:=================================> 96%]
[Progress:======================>       75%] [Cov:=================================> 96%]
[Progress:======================>       75%] [Cov:=================================> 96%]
[Progress:======================>       75%] [Cov:=================================> 96%]
[Progress:======================>       75%] [Cov:=================================> 96%]
[Progress:======================>       75%] [Cov:=================================> 96%]
[Progress:======================>       75%] [Cov:=================================> 96%]
[Progress:======================>       75%] [Cov:=================================> 96%]
[Progress:======================>       75%] [Cov:=================================> 96%]
[Progress:======================>       75%] [Cov:=================================> 96%]
[Progress:======================>       75%] [Cov:=================================> 96%]
[Progress:======================>       75%] [Cov:=================================> 96%]
[Progress:======================>       76%] [Cov:=================================> 96%]
[Progress:======================>       76%] [Cov:=================================> 96%]
[Progress:======================>       76%] [Cov:=================================> 96%]
[Progress:======================>       76%] [Cov:=================================> 96%]
[Progress:======================>       76%] [Cov:=================================> 96%]
[Progress:======================>       76%] [Cov:=================================> 96%]
[Progress:======================>       76%] [Cov:=================================> 96%]
[Progress:=======================>      77%] [Cov:=================================> 96%]
[Progress:=======================>      77%] [Cov:=================================> 96%]
[Progress:=======================>      77%] [Cov:=================================> 96%]
[Progress:=======================>      77%] [Cov:=================================> 96%]
[Progress:=======================>      77%] [Cov:=================================> 96%]
[Progress:=======================>      77%] [Cov:=================================> 96%]
[Progress:=======================>      78%] [Cov:=================================> 96%]
[Progress:=======================>      78%] [Cov:=================================> 96%]
[Progress:=======================>      78%] [Cov:=================================> 96%]
[Progress:=======================>      78%] [Cov:=================================> 96%]
[Progress:=======================>      78%] [Cov:=================================> 96%]
[Progress:=======================>      78%] [Cov:=================================> 96%]
[Progress:=======================>      78%] [Cov:=================================> 96%]
[Progress:=======================>      79%] [Cov:=================================> 96%]
[Progress:=======================>      79%] [Cov:=================================> 96%]
[Progress:=======================>      79%] [Cov:=================================> 96%]
[Progress:=======================>      79%] [Cov:=================================> 96%]
[Progress:=======================>      79%] [Cov:=================================> 96%]
[Progress:=======================>      79%] [Cov:=================================> 96%]
[Progress:========================>     80%] [Cov:=================================> 96%]
[Progress:========================>     80%] [Cov:=================================> 96%]
[Progress:========================>     80%] [Cov:=================================> 96%]
[Progress:========================>     80%] [Cov:=================================> 96%]
[Progress:========================>     80%] [Cov:=================================> 96%]
[Progress:========================>     80%] [Cov:=================================> 96%]
[Progress:========================>     80%] [Cov:=================================> 96%]
[Progress:========================>     80%] [Cov:=================================> 96%]
[Progress:========================>     80%] [Cov:=================================> 96%]
[Progress:========================>     80%] [Cov:=================================> 96%]
[Progress:========================>     80%] [Cov:=================================> 96%]
[Progress:========================>     80%] [Cov:=================================> 96%]
[Progress:========================>     81%] [Cov:=================================> 96%]
[Progress:========================>     81%] [Cov:=================================> 96%]
[Progress:========================>     81%] [Cov:=================================> 96%]
[Progress:========================>     81%] [Cov:=================================> 96%]
[Progress:========================>     81%] [Cov:=================================> 96%]
[Progress:========================>     81%] [Cov:=================================> 96%]
[Progress:========================>     82%] [Cov:=================================> 96%]
[Progress:========================>     82%] [Cov:=================================> 96%]
[Progress:========================>     82%] [Cov:=================================> 96%]
[Progress:========================>     82%] [Cov:=================================> 96%]
[Progress:========================>     82%] [Cov:=================================> 96%]
[Progress:========================>     82%] [Cov:=================================> 96%]
[Progress:========================>     82%] [Cov:=================================> 96%]
[Progress:========================>     83%] [Cov:=================================> 96%]
[Progress:========================>     83%] [Cov:=================================> 96%]
[Progress:========================>     83%] [Cov:=================================> 96%]
[Progress:========================>     83%] [Cov:=================================> 96%]
[Progress:========================>     83%] [Cov:=================================> 96%]
[Progress:========================>     83%] [Cov:=================================> 96%]
[Progress:=========================>    84%] [Cov:=================================> 96%]
[Progress:=========================>    84%] [Cov:=================================> 96%]
[Progress:=========================>    84%] [Cov:=================================> 96%]
[Progress:=========================>    84%] [Cov:=================================> 96%]
[Progress:=========================>    84%] [Cov:=================================> 96%]
[Progress:=========================>    84%] [Cov:=================================> 96%]
[Progress:=========================>    84%] [Cov:=================================> 96%]
[Progress:=========================>    85%] [Cov:=================================> 96%]
[Progress:=========================>    85%] [Cov:=================================> 96%]
[Progress:=========================>    85%] [Cov:=================================> 96%]
[Progress:=========================>    85%] [Cov:=================================> 96%]
[Progress:=========================>    85%] [Cov:=================================> 96%]
[Progress:=========================>    85%] [Cov:=================================> 96%]
[Progress:=========================>    85%] [Cov:=================================> 96%]
[Progress:=========================>    85%] [Cov:=================================> 96%]
[Progress:=========================>    85%] [Cov:=================================> 96%]
[Progress:=========================>    85%] [Cov:=================================> 96%]
[Progress:=========================>    85%] [Cov:=================================> 96%]
[Progress:=========================>    85%] [Cov:=================================> 96%]
[Progress:=========================>    85%] [Cov:=================================> 96%]
[Progress:=========================>    86%] [Cov:=================================> 96%]
[Progress:=========================>    86%] [Cov:=================================> 96%]
[Progress:=========================>    86%] [Cov:=================================> 96%]
[Progress:=========================>    86%] [Cov:=================================> 96%]
[Progress:=========================>    86%] [Cov:=================================> 96%]
[Progress:=========================>    86%] [Cov:=================================> 96%]
[Progress:=========================>    86%] [Cov:=================================> 96%]
[Progress:==========================>   87%] [Cov:=================================> 96%]
[Progress:==========================>   87%] [Cov:=================================> 96%]
[Progress:==========================>   87%] [Cov:=================================> 96%]
[Progress:==========================>   87%] [Cov:=================================> 96%]
[Progress:==========================>   87%] [Cov:=================================> 96%]
[Progress:==========================>   87%] [Cov:=================================> 96%]
[Progress:==========================>   87%] [Cov:=================================> 96%]
[Progress:==========================>   88%] [Cov:=================================> 96%]
[Progress:==========================>   88%] [Cov:=================================> 96%]
[Progress:==========================>   88%] [Cov:=================================> 96%]
[Progress:==========================>   88%] [Cov:=================================> 96%]
[Progress:==========================>   88%] [Cov:=================================> 96%]
[Progress:==========================>   88%] [Cov:=================================> 96%]
[Progress:==========================>   88%] [Cov:=================================> 96%]
[Progress:==========================>   89%] [Cov:=================================> 96%]
[Progress:==========================>   89%] [Cov:=================================> 96%]
[Progress:==========================>   89%] [Cov:=================================> 96%]
[Progress:==========================>   89%] [Cov:=================================> 96%]
[Progress:==========================>   89%] [Cov:=================================> 96%]
[Progress:==========================>   89%] [Cov:=================================> 96%]
[Progress:==========================>   89%] [Cov:=================================> 96%]
[Progress:==========================>   89%] [Cov:=================================> 96%]
[Progress:===========================>  90%] [Cov:=================================> 96%]
[Progress:===========================>  90%] [Cov:=================================> 96%]
[Progress:===========================>  90%] [Cov:=================================> 96%]
[Progress:===========================>  90%] [Cov:=================================> 96%]
[Progress:===========================>  90%] [Cov:=================================> 96%]
[Progress:===========================>  90%] [Cov:=================================> 96%]
[Progress:===========================>  90%] [Cov:=================================> 96%]
[Progress:===========================>  90%] [Cov:=================================> 96%]
[Progress:===========================>  90%] [Cov:=================================> 96%]
[Progress:===========================>  90%] [Cov:=================================> 96%]
[Progress:===========================>  90%] [Cov:=================================> 96%]
[Progress:===========================>  90%] [Cov:=================================> 96%]
[Progress:===========================>  90%] [Cov:=================================> 96%]
[Progress:===========================>  91%] [Cov:=================================> 96%]
[Progress:===========================>  91%] [Cov:=================================> 96%]
[Progress:===========================>  91%] [Cov:=================================> 96%]
[Progress:===========================>  91%] [Cov:=================================> 96%]
[Progress:===========================>  91%] [Cov:=================================> 96%]
[Progress:===========================>  91%] [Cov:=================================> 96%]
[Progress:===========================>  91%] [Cov:=================================> 96%]
[Progress:===========================>  92%] [Cov:=================================> 96%]
[Progress:===========================>  92%] [Cov:=================================> 96%]
[Progress:===========================>  92%] [Cov:=================================> 96%]
[Progress:===========================>  92%] [Cov:=================================> 96%]
[Progress:===========================>  92%] [Cov:=================================> 96%]
[Progress:===========================>  92%] [Cov:=================================> 96%]
[Progress:===========================>  92%] [Cov:=================================> 96%]
[Progress:===========================>  93%] [Cov:=================================> 96%]
[Progress:===========================>  93%] [Cov:=================================> 96%]
[Progress:===========================>  93%] [Cov:=================================> 96%]
[Progress:===========================>  93%] [Cov:=================================> 96%]
[Progress:===========================>  93%] [Cov:=================================> 96%]
[Progress:===========================>  93%] [Cov:=================================> 96%]
[Progress:===========================>  93%] [Cov:=================================> 96%]
[Progress:============================> 94%] [Cov:=================================> 96%]
[Progress:============================> 94%] [Cov:=================================> 96%]
[Progress:============================> 94%] [Cov:=================================> 96%]
[Progress:============================> 94%] [Cov:=================================> 96%]
[Progress:============================> 94%] [Cov:=================================> 96%]
[Progress:============================> 94%] [Cov:=================================> 96%]
[Progress:============================> 95%] [Cov:=================================> 96%]
[Progress:============================> 95%] [Cov:=================================> 96%]
[Progress:============================> 95%] [Cov:=================================> 96%]
[Progress:============================> 95%] [Cov:=================================> 96%]
[Progress:============================> 95%] [Cov:=================================> 96%]
[Progress:============================> 95%] [Cov:=================================> 96%]
[Progress:============================> 95%] [Cov:=================================> 96%]
[Progress:============================> 95%] [Cov:=================================> 96%]
[Progress:============================> 95%] [Cov:=================================> 96%]
[Progress:============================> 95%] [Cov:=================================> 96%]
[Progress:============================> 95%] [Cov:=================================> 96%]
[Progress:============================> 95%] [Cov:=================================> 96%]
[Progress:============================> 95%] [Cov:=================================> 96%]
[Progress:============================> 95%] [Cov:=================================> 96%]
[Progress:============================> 95%] [Cov:=================================> 96%]
[Progress:============================> 96%] [Cov:=================================> 96%]
[Progress:============================> 96%] [Cov:=================================> 96%]
[Progress:============================> 96%] [Cov:=================================> 97%]
[Progress:============================> 96%] [Cov:=================================> 97%]
[Progress:============================> 96%] [Cov:=================================> 97%]
[Progress:============================> 96%] [Cov:=================================> 97%]
[Progress:============================> 96%] [Cov:=================================> 97%]
[Progress:============================> 96%] [Cov:=================================> 97%]
[Progress:=============================>97%] [Cov:=================================> 97%]
[Progress:=============================>97%] [Cov:=================================> 97%]
[Progress:=============================>97%] [Cov:=================================> 97%]
[Progress:=============================>97%] [Cov:=================================> 97%]
[Progress:=============================>97%] [Cov:=================================> 97%]
[Progress:=============================>97%] [Cov:=================================> 97%]
[Progress:=============================>97%] [Cov:=================================> 97%]
[Progress:=============================>98%] [Cov:=================================> 97%]
[Progress:=============================>98%] [Cov:=================================> 97%]
[Progress:=============================>98%] [Cov:=================================> 97%]
[Progress:=============================>98%] [Cov:=================================> 97%]
[Progress:=============================>98%] [Cov:=================================> 97%]
[Progress:=============================>98%] [Cov:=================================> 97%]
[Progress:=============================>98%] [Cov:=================================> 97%]
[Progress:=============================>98%] [Cov:=================================> 97%]
[Progress:=============================>98%] [Cov:=================================> 97%]
[Progress:=============================>99%] [Cov:=================================> 97%]
[Progress:=============================>99%] [Cov:=================================> 97%]
[Progress:=============================>99%] [Cov:=================================> 97%]
[Progress:=============================>99%] [Cov:=================================> 97%]
[Progress:=============================>99%] [Cov:=================================> 97%]
[Progress:=============================>99%] [Cov:=================================> 97%]
[Progress:=============================>99%] [Cov:=================================> 97%]
[Progress:=============================>99%] [Cov:=================================> 97%]
[Progress:==============================100%] [Cov:=================================> 97%]
[Progress:==============================100%] [Cov:=================================> 97%]
[Progress:==============================100%] [Cov:=================================> 97%]
[Progress:==============================100%] [Cov:=================================> 97%]
[Progress:==============================100%] [Cov:=================================> 97%]
[Progress:==============================100%] [Cov:=================================> 97%]
[Progress:==============================100%] [Cov:=================================> 97%]
[Progress:==============================100%] [Cov:=================================> 97%]
[Progress:==============================100%] [Cov:=================================> 97%]
* Search finished after 121s and 633 generations, 281480 statements, best individual has fitness: 10.023809521874789
* Minimizing test suite
* Going to analyze the coverage criteria
* Coverage analysis for criterion LINE
* Coverage of criterion LINE: 97%
* Total number of goals: 231
* Number of covered goals: 224
* Coverage analysis for criterion BRANCH
* Coverage of criterion BRANCH: 93%
* Total number of goals: 121
* Number of covered goals: 113
* Coverage analysis for criterion EXCEPTION
* Coverage of criterion EXCEPTION: 100%
* Total number of goals: 5
* Number of covered goals: 5
* Generated 56 tests with total length 304
* Resulting test suite's coverage: 97% (average coverage for all fitness functions)
* Generating assertions
* Resulting test suite's mutation score: 41%
* Compiling and checking tests
* Writing tests to file
* Writing JUnit test case 'ZonedChronology_ESTest' to /work/evo_out/Time_26f/budget120_seed1/tests
* Done!

* Computation finished

[exit=0 timeout=False time=157.2s]

$ java -Djava.awt.headless=true -cp /opt/defects4j/framework/projects/lib/junit-4.12-hamcrest-1.3.jar:/opt/evosuite/evosuite-1.2.0.jar:/work/Time_26f/build/classes:/opt/defects4j/framework/projects/Time/lib/joda-convert-1.2.jar:/work/Time_26f/build/tests:/work/Time_26f/src/test/java org.evosuite.EvoSuite -generateSuite -class org.joda.time.DateTimeZone -projectCP /opt/defects4j/framework/projects/lib/junit-4.12-hamcrest-1.3.jar:/work/Time_26f/build/classes:/opt/defects4j/framework/projects/Time/lib/joda-convert-1.2.jar:/work/Time_26f/build/tests:/work/Time_26f/src/test/java -Dcriterion=LINE:BRANCH:EXCEPTION -Dsearch_budget=120 -seed 1 -Dtest_dir=/work/evo_out/Time_26f/budget120_seed1/tests -Dreport_dir=/work/evo_out/Time_26f/budget120_seed1/report
* EvoSuite 1.2.0
* Going to generate test cases for class: org.joda.time.DateTimeZone
* Starting Client-0
* Connecting to master process on port 9922
* Analyzing classpath: 
  - /opt/defects4j/framework/projects/lib/junit-4.12-hamcrest-1.3.jar
  - /work/Time_26f/build/classes
  - /opt/defects4j/framework/projects/Time/lib/joda-convert-1.2.jar
  - /work/Time_26f/build/tests
  - /work/Time_26f/src/test/java
[MASTER] 03:27:56.507 [logback-1] WARN  InheritanceTree - Class not in inheritance graph: java.util.Locale$IsoCountryCode
* Finished analyzing classpath
* Generating tests for class org.joda.time.DateTimeZone
* Test criteria:
  - Line Coverage
  - Branch Coverage
  - Exception
* Setting up search algorithm for whole suite generation
* Total number of test goals: 
  - Line 322
  - Branch 176
  - Exception 0

[Progress:>                             0%] [Cov:>                                  0%]* Using seed 1
* Starting evolution
[MASTER] 03:27:57.879 [logback-1] WARN  TestCluster - Failed to check cache for java.lang.ref.WeakReference<T> : Type points to itself

[Progress:>                             0%] [Cov:=====>                             15%]
[Progress:>                             0%] [Cov:========>                          24%]
[Progress:>                             0%] [Cov:===================>               57%]
[Progress:>                             0%] [Cov:====================>              59%]
[Progress:>                             1%] [Cov:====>                              12%]
[Progress:>                             1%] [Cov:=======>                           20%]
[Progress:>                             1%] [Cov:==================>                53%]
[Progress:>                             1%] [Cov:====================>              58%]
[Progress:>                             1%] [Cov:=====================>             60%]
[Progress:>                             1%] [Cov:======================>            64%]
[Progress:>                             2%] [Cov:======>                            18%]
[Progress:>                             2%] [Cov:==========>                        31%]
[Progress:>                             2%] [Cov:======================>            64%]
[Progress:>                             2%] [Cov:=======================>           67%]
[Progress:>                             2%] [Cov:=====================>             61%]
[Progress:>                             2%] [Cov:======================>            64%]
[Progress:>                             2%] [Cov:=======================>           66%]
[Progress:>                             2%] [Cov:========================>          69%]
[Progress:>                             2%] [Cov:==============================>    86%]
[Progress:>                             3%] [Cov:==============================>    86%]
[Progress:>                             3%] [Cov:==============================>    86%]
[Progress:>                             3%] [Cov:==============================>    86%]
[Progress:>                             3%] [Cov:==============================>    87%]
[Progress:>                             3%] [Cov:==============================>    87%]
[Progress:>                             3%] [Cov:==============================>    87%]
[Progress:=>                            4%] [Cov:==============================>    87%]
[Progress:=>                            4%] [Cov:==============================>    87%]
[Progress:=>                            4%] [Cov:==============================>    87%]
[Progress:=>                            4%] [Cov:==============================>    87%]
[Progress:=>                            4%] [Cov:==============================>    87%]
[Progress:=>                            5%] [Cov:==============================>    87%]
[Progress:=>                            5%] [Cov:==============================>    87%]
[Progress:=>                            5%] [Cov:==============================>    87%][MASTER] 03:28:04.376 [logback-1] WARN  TestCluster - Failed to check cache for java.util.List<E> : Type points to itself

[Progress:=>                            5%] [Cov:==============================>    87%]
[Progress:=>                            5%] [Cov:==============================>    87%]
[Progress:=>                            5%] [Cov:==============================>    87%]
[Progress:=>                            5%] [Cov:==============================>    87%]
[Progress:=>                            5%] [Cov:==============================>    88%]
[Progress:=>                            5%] [Cov:==============================>    88%]
[Progress:=>                            5%] [Cov:==============================>    88%]
[Progress:=>                            6%] [Cov:==============================>    88%]
[Progress:=>                            6%] [Cov:==============================>    88%]
[Progress:=>                            6%] [Cov:==============================>    88%]
[Progress:=>                            6%] [Cov:==============================>    88%]
[Progress:==>                           7%] [Cov:==============================>    88%]
[Progress:==>                           7%] [Cov:==============================>    88%]
[Progress:==>                           7%] [Cov:==============================>    88%]
[Progress:==>                           8%] [Cov:==============================>    88%]
[Progress:==>                           8%] [Cov:==============================>    88%]
[Progress:==>                           8%] [Cov:==============================>    88%]
[Progress:==>                           8%] [Cov:===============================>   89%]
[Progress:==>                           8%] [Cov:===============================>   89%]
[Progress:==>                           9%] [Cov:===============================>   89%]
[Progress:==>                           9%] [Cov:===============================>   89%]
[Progress:==>                           9%] [Cov:===============================>   89%]
[Progress:==>                           9%] [Cov:===============================>   89%]
[Progress:==>                           9%] [Cov:===============================>   89%]
[Progress:===>                          10%] [Cov:===============================>   89%]
[Progress:===>                          10%] [Cov:===============================>   89%]
[Progress:===>                          10%] [Cov:===============================>   89%]
[Progress:===>                          10%] [Cov:===============================>   89%]
[Progress:===>                          10%] [Cov:===============================>   89%]
[Progress:===>                          10%] [Cov:===============================>   89%]
[Progress:===>                          10%] [Cov:===============================>   89%]
[Progress:===>                          10%] [Cov:===============================>   89%]
[Progress:===>                          11%] [Cov:===============================>   89%]
[Progress:===>                          11%] [Cov:===============================>   89%]
[Progress:===>                          11%] [Cov:===============================>   89%]
[Progress:===>                          11%] [Cov:===============================>   89%]
[Progress:===>                          12%] [Cov:===============================>   89%]
[Progress:===>                          12%] [Cov:===============================>   89%]
[Progress:===>                          12%] [Cov:===============================>   89%]
[Progress:===>                          12%] [Cov:===============================>   89%]
[Progress:===>                          13%] [Cov:===============================>   89%]
[Progress:===>                          13%] [Cov:===============================>   89%]
[Progress:===>                          13%] [Cov:===============================>   89%]
[Progress:===>                          13%] [Cov:===============================>   89%]
[Progress:===>                          13%] [Cov:===============================>   89%]
[Progress:====>                         14%] [Cov:===============================>   89%]
[Progress:====>                         14%] [Cov:===============================>   89%]
[Progress:====>                         14%] [Cov:===============================>   89%]
[Progress:====>                         14%] [Cov:===============================>   89%]
[Progress:====>                         15%] [Cov:===============================>   89%]
[Progress:====>                         15%] [Cov:===============================>   89%]
[Progress:====>                         15%] [Cov:===============================>   89%]
[Progress:====>                         15%] [Cov:===============================>   89%]
[Progress:====>                         15%] [Cov:===============================>   90%]
[Progress:====>                         15%] [Cov:===============================>   90%]
[Progress:====>                         15%] [Cov:===============================>   90%]
[Progress:====>                         15%] [Cov:===============================>   90%]
[Progress:====>                         15%] [Cov:===============================>   90%]
[Progress:====>                         16%] [Cov:===============================>   90%]
[Progress:====>                         16%] [Cov:===============================>   90%]
[Progress:====>                         16%] [Cov:===============================>   90%]
[Progress:====>                         16%] [Cov:===============================>   90%]
[Progress:=====>                        17%] [Cov:===============================>   90%]
[Progress:=====>                        17%] [Cov:===============================>   90%]
[Progress:=====>                        17%] [Cov:===============================>   90%]
[Progress:=====>                        17%] [Cov:===============================>   90%]
[Progress:=====>                        18%] [Cov:===============================>   90%]
[Progress:=====>                        18%] [Cov:===============================>   90%]
[Progress:=====>                        18%] [Cov:===============================>   90%]
[Progress:=====>                        18%] [Cov:===============================>   90%]
[Progress:=====>                        19%] [Cov:===============================>   90%]
[Progress:=====>                        19%] [Cov:===============================>   90%]
[Progress:=====>                        19%] [Cov:===============================>   90%]
[Progress:=====>                        19%] [Cov:===============================>   90%]
[Progress:======>                       20%] [Cov:===============================>   90%]
[Progress:======>                       20%] [Cov:===============================>   90%]
[Progress:======>                       20%] [Cov:===============================>   90%]
[Progress:======>                       20%] [Cov:===============================>   90%]
[Progress:======>                       20%] [Cov:===============================>   90%]
[Progress:======>                       20%] [Cov:===============================>   90%]
[Progress:======>                       20%] [Cov:===============================>   90%]
[Progress:======>                       21%] [Cov:===============================>   90%]
[Progress:======>                       21%] [Cov:===============================>   90%]
[Progress:======>                       21%] [Cov:===============================>   90%]
[Progress:======>                       21%] [Cov:===============================>   90%]
[Progress:======>                       22%] [Cov:===============================>   90%]
[Progress:======>                       22%] [Cov:===============================>   90%]
[Progress:======>                       22%] [Cov:===============================>   90%]
[Progress:======>                       23%] [Cov:===============================>   90%]
[Progress:======>                       23%] [Cov:===============================>   90%]
[Progress:======>                       23%] [Cov:===============================>   90%]
[Progress:======>                       23%] [Cov:===============================>   90%]
[Progress:=======>                      24%] [Cov:===============================>   90%]
[Progress:=======>                      24%] [Cov:===============================>   90%]
[Progress:=======>                      24%] [Cov:===============================>   90%]
[Progress:=======>                      25%] [Cov:===============================>   90%]
[Progress:=======>                      25%] [Cov:===============================>   90%]
[Progress:=======>                      25%] [Cov:===============================>   90%]
[Progress:=======>                      25%] [Cov:===============================>   90%]
[Progress:=======>                      25%] [Cov:===============================>   90%]
[Progress:=======>                      25%] [Cov:===============================>   90%]
[Progress:=======>                      25%] [Cov:===============================>   90%]
[Progress:=======>                      26%] [Cov:===============================>   90%]
[Progress:=======>                      26%] [Cov:===============================>   90%]
[Progress:=======>                      26%] [Cov:===============================>   90%]
[Progress:=======>                      26%] [Cov:===============================>   90%]
[Progress:========>                     27%] [Cov:===============================>   90%]
[Progress:========>                     27%] [Cov:===============================>   90%]
[Progress:========>                     27%] [Cov:===============================>   90%]
[Progress:========>                     28%] [Cov:===============================>   90%]
[Progress:========>                     28%] [Cov:===============================>   90%]
[Progress:========>                     28%] [Cov:===============================>   90%]
[Progress:========>                     28%] [Cov:===============================>   90%]
[Progress:========>                     29%] [Cov:===============================>   90%]
[Progress:========>                     29%] [Cov:===============================>   90%]
[Progress:========>                     29%] [Cov:===============================>   90%]
[Progress:=========>                    30%] [Cov:===============================>   90%]
[Progress:=========>                    30%] [Cov:===============================>   90%]
[Progress:=========>                    30%] [Cov:===============================>   90%]
[Progress:=========>                    30%] [Cov:===============================>   90%]
[Progress:=========>                    30%] [Cov:===============================>   90%]
[Progress:=========>                    30%] [Cov:===============================>   90%]
[Progress:=========>                    31%] [Cov:===============================>   90%]
[Progress:=========>                    31%] [Cov:===============================>   90%]
[Progress:=========>                    31%] [Cov:===============================>   90%]
[Progress:=========>                    32%] [Cov:===============================>   90%]
[Progress:=========>                    32%] [Cov:===============================>   90%]
[Progress:=========>                    32%] [Cov:===============================>   90%]
[Progress:=========>                    32%] [Cov:===============================>   90%]
[Progress:=========>                    33%] [Cov:===============================>   90%]
[Progress:=========>                    33%] [Cov:===============================>   90%]
[Progress:=========>                    33%] [Cov:===============================>   90%]
[Progress:==========>                   34%] [Cov:===============================>   90%]
[Progress:==========>                   34%] [Cov:===============================>   90%]
[Progress:==========>                   34%] [Cov:===============================>   90%]
[Progress:==========>                   35%] [Cov:===============================>   90%]
[Progress:==========>                   35%] [Cov:===============================>   90%]
[Progress:==========>                   35%] [Cov:===============================>   90%]
[Progress:==========>                   35%] [Cov:===============================>   90%]
[Progress:==========>                   35%] [Cov:===============================>   90%]
[Progress:==========>                   35%] [Cov:===============================>   90%]
[Progress:==========>                   36%] [Cov:===============================>   90%]
[Progress:==========>                   36%] [Cov:===============================>   90%]
[Progress:==========>                   36%] [Cov:===============================>   90%]
[Progress:==========>                   36%] [Cov:===============================>   90%]
[Progress:===========>                  37%] [Cov:===============================>   90%]
[Progress:===========>                  37%] [Cov:===============================>   90%]
[Progress:===========>                  37%] [Cov:===============================>   90%]
[Progress:===========>                  38%] [Cov:===============================>   90%]
[Progress:===========>                  38%] [Cov:===============================>   90%]
[Progress:===========>                  38%] [Cov:===============================>   90%]
[Progress:===========>                  39%] [Cov:===============================>   90%]
[Progress:===========>                  39%] [Cov:===============================>   90%]
[Progress:===========>                  39%] [Cov:===============================>   90%]
[Progress:============>                 40%] [Cov:===============================>   90%]
[Progress:============>                 40%] [Cov:===============================>   90%]
[Progress:============>                 40%] [Cov:===============================>   90%]
[Progress:============>                 40%] [Cov:===============================>   90%]
[Progress:============>                 40%] [Cov:===============================>   90%]
[Progress:============>                 41%] [Cov:===============================>   90%]
[Progress:============>                 41%] [Cov:===============================>   91%]
[Progress:============>                 41%] [Cov:===============================>   91%]
[Progress:============>                 41%] [Cov:===============================>   91%]
[Progress:============>                 42%] [Cov:===============================>   91%]
[Progress:============>                 42%] [Cov:===============================>   91%]
[Progress:============>                 42%] [Cov:===============================>   91%]
[Progress:============>                 43%] [Cov:===============================>   91%]
[Progress:============>                 43%] [Cov:===============================>   91%]
[Progress:============>                 43%] [Cov:===============================>   91%]
[Progress:============>                 43%] [Cov:===============================>   91%]
[Progress:=============>                44%] [Cov:===============================>   91%]
[Progress:=============>                44%] [Cov:===============================>   91%]
[Progress:=============>                44%] [Cov:===============================>   91%]
[Progress:=============>                45%] [Cov:===============================>   91%]
[Progress:=============>                45%] [Cov:===============================>   91%]
[Progress:=============>                45%] [Cov:===============================>   91%]
[Progress:=============>                45%] [Cov:===============================>   91%]
[Progress:=============>                45%] [Cov:===============================>   91%]
[Progress:=============>                45%] [Cov:===============================>   91%]
[Progress:=============>                46%] [Cov:===============================>   91%]
[Progress:=============>                46%] [Cov:===============================>   91%]
[Progress:=============>                46%] [Cov:===============================>   91%]
[Progress:==============>               47%] [Cov:===============================>   91%]
[Progress:==============>               47%] [Cov:===============================>   91%]
[Progress:==============>               47%] [Cov:===============================>   91%]
[Progress:==============>               47%] [Cov:===============================>   91%]
[Progress:==============>               48%] [Cov:===============================>   91%]
[Progress:==============>               48%] [Cov:===============================>   91%]
[Progress:==============>               48%] [Cov:===============================>   91%]
[Progress:==============>               49%] [Cov:===============================>   91%]
[Progress:==============>               49%] [Cov:===============================>   91%]
[Progress:==============>               49%] [Cov:===============================>   91%]
[Progress:===============>              50%] [Cov:===============================>   91%]
[Progress:===============>              50%] [Cov:===============================>   91%]
[Progress:===============>              50%] [Cov:===============================>   91%]
[Progress:===============>              50%] [Cov:===============================>   91%]
[Progress:===============>              50%] [Cov:===============================>   91%]
[Progress:===============>              50%] [Cov:===============================>   91%]
[Progress:===============>              51%] [Cov:===============================>   91%]
[Progress:===============>              51%] [Cov:===============================>   91%]
[Progress:===============>              51%] [Cov:===============================>   91%]
[Progress:===============>              52%] [Cov:===============================>   91%]
[Progress:===============>              52%] [Cov:===============================>   91%]
[Progress:===============>              52%] [Cov:===============================>   91%]
[Progress:===============>              53%] [Cov:===============================>   91%]
[Progress:===============>              53%] [Cov:================================>  92%]
[Progress:===============>              53%] [Cov:================================>  92%]
[Progress:===============>              53%] [Cov:================================>  92%]
[Progress:================>             54%] [Cov:================================>  92%]
[Progress:================>             54%] [Cov:================================>  92%]
[Progress:================>             54%] [Cov:================================>  92%]
[Progress:================>             55%] [Cov:================================>  92%]
[Progress:================>             55%] [Cov:================================>  92%]
[Progress:================>             55%] [Cov:================================>  92%]
[Progress:================>             55%] [Cov:================================>  92%]
[Progress:================>             55%] [Cov:================================>  92%]
[Progress:================>             55%] [Cov:================================>  92%]
[Progress:================>             56%] [Cov:================================>  92%]
[Progress:================>             56%] [Cov:================================>  92%]
[Progress:================>             56%] [Cov:================================>  92%]
[Progress:================>             56%] [Cov:================================>  92%]
[Progress:=================>            57%] [Cov:================================>  92%]
[Progress:=================>            57%] [Cov:================================>  92%]
[Progress:=================>            57%] [Cov:================================>  92%]
[Progress:=================>            58%] [Cov:================================>  92%]
[Progress:=================>            58%] [Cov:================================>  92%]
[Progress:=================>            58%] [Cov:================================>  92%]
[Progress:=================>            58%] [Cov:================================>  92%]
[Progress:=================>            59%] [Cov:================================>  92%]
[Progress:=================>            59%] [Cov:================================>  92%]
[Progress:=================>            59%] [Cov:================================>  92%]
[Progress:==================>           60%] [Cov:================================>  92%]
[Progress:==================>           60%] [Cov:================================>  92%]
[Progress:==================>           60%] [Cov:================================>  92%]
[Progress:==================>           60%] [Cov:================================>  92%]
[Progress:==================>           60%] [Cov:================================>  92%]
[Progress:==================>           60%] [Cov:================================>  92%]
[Progress:==================>           61%] [Cov:================================>  92%]
[Progress:==================>           61%] [Cov:================================>  92%]
[Progress:==================>           61%] [Cov:================================>  92%]
[Progress:==================>           61%] [Cov:================================>  92%]
[Progress:==================>           62%] [Cov:================================>  92%]
[Progress:==================>           62%] [Cov:================================>  92%]
[Progress:==================>           62%] [Cov:================================>  92%]
[Progress:==================>           63%] [Cov:================================>  92%]
[Progress:==================>           63%] [Cov:================================>  92%]
[Progress:==================>           63%] [Cov:================================>  92%]
[Progress:===================>          64%] [Cov:================================>  92%]
[Progress:===================>          64%] [Cov:================================>  92%]
[Progress:===================>          64%] [Cov:================================>  92%]
[Progress:===================>          64%] [Cov:================================>  92%]
[Progress:===================>          65%] [Cov:================================>  92%]
[Progress:===================>          65%] [Cov:================================>  92%]
[Progress:===================>          65%] [Cov:================================>  92%]
[Progress:===================>          65%] [Cov:================================>  92%]
[Progress:===================>          65%] [Cov:================================>  92%]
[Progress:===================>          65%] [Cov:================================>  92%]
[Progress:===================>          66%] [Cov:================================>  92%]
[Progress:===================>          66%] [Cov:================================>  92%]
[Progress:===================>          66%] [Cov:================================>  92%]
[Progress:====================>         67%] [Cov:================================>  92%]
[Progress:====================>         67%] [Cov:================================>  92%]
[Progress:====================>         67%] [Cov:================================>  92%]
[Progress:====================>         67%] [Cov:================================>  92%]
[Progress:====================>         68%] [Cov:================================>  92%]
[Progress:====================>         68%] [Cov:================================>  92%]
[Progress:====================>         68%] [Cov:================================>  92%]
[Progress:====================>         69%] [Cov:================================>  92%]
[Progress:====================>         69%] [Cov:================================>  92%]
[Progress:====================>         69%] [Cov:================================>  92%]
[Progress:====================>         69%] [Cov:================================>  92%]
[Progress:=====================>        70%] [Cov:================================>  92%]
[Progress:=====================>        70%] [Cov:================================>  92%]
[Progress:=====================>        70%] [Cov:================================>  92%]
[Progress:=====================>        70%] [Cov:================================>  92%]
[Progress:=====================>        70%] [Cov:================================>  92%]
[Progress:=====================>        70%] [Cov:================================>  92%]
[Progress:=====================>        71%] [Cov:================================>  92%]
[Progress:=====================>        71%] [Cov:================================>  92%]
[Progress:=====================>        71%] [Cov:================================>  92%]
[Progress:=====================>        72%] [Cov:================================>  92%]
[Progress:=====================>        72%] [Cov:================================>  92%]
[Progress:=====================>        72%] [Cov:================================>  92%]
[Progress:=====================>        73%] [Cov:================================>  92%]
[Progress:=====================>        73%] [Cov:================================>  92%]
[Progress:=====================>        73%] [Cov:================================>  92%]
[Progress:======================>       74%] [Cov:================================>  92%]
[Progress:======================>       74%] [Cov:================================>  92%]
[Progress:======================>       74%] [Cov:================================>  92%]
[Progress:======================>       75%] [Cov:================================>  92%]
[Progress:======================>       75%] [Cov:================================>  92%]
[Progress:======================>       75%] [Cov:================================>  92%]
[Progress:======================>       75%] [Cov:================================>  92%]
[Progress:======================>       75%] [Cov:================================>  92%]
[Progress:======================>       75%] [Cov:================================>  92%]
[Progress:======================>       76%] [Cov:================================>  92%]
[Progress:======================>       76%] [Cov:================================>  92%]
[Progress:======================>       76%] [Cov:================================>  92%]
[Progress:======================>       76%] [Cov:================================>  92%]
[Progress:=======================>      77%] [Cov:================================>  92%]
[Progress:=======================>      77%] [Cov:================================>  92%]
[Progress:=======================>      77%] [Cov:================================>  92%]
[Progress:=======================>      77%] [Cov:================================>  92%]
[Progress:=======================>      78%] [Cov:================================>  92%]
[Progress:=======================>      78%] [Cov:================================>  92%]
[Progress:=======================>      78%] [Cov:================================>  92%]
[Progress:=======================>      79%] [Cov:================================>  92%]
[Progress:=======================>      79%] [Cov:================================>  92%]
[Progress:=======================>      79%] [Cov:================================>  92%]
[Progress:=======================>      79%] [Cov:================================>  92%]
[Progress:========================>     80%] [Cov:================================>  92%]
[Progress:========================>     80%] [Cov:================================>  92%]
[Progress:========================>     80%] [Cov:================================>  92%]
[Progress:========================>     80%] [Cov:================================>  92%]
[Progress:========================>     80%] [Cov:================================>  92%]
[Progress:========================>     80%] [Cov:================================>  92%]
[Progress:========================>     80%] [Cov:================================>  92%]
[Progress:========================>     81%] [Cov:================================>  92%]
[Progress:========================>     81%] [Cov:================================>  92%]
[Progress:========================>     81%] [Cov:================================>  92%]
[Progress:========================>     82%] [Cov:================================>  92%]
[Progress:========================>     82%] [Cov:================================>  92%]
[Progress:========================>     82%] [Cov:================================>  92%]
[Progress:========================>     82%] [Cov:================================>  92%]
[Progress:========================>     83%] [Cov:================================>  92%]
[Progress:========================>     83%] [Cov:================================>  92%]
[Progress:========================>     83%] [Cov:================================>  92%]
[Progress:========================>     83%] [Cov:================================>  92%]
[Progress:=========================>    84%] [Cov:================================>  92%]
[Progress:=========================>    84%] [Cov:================================>  92%]
[Progress:=========================>    84%] [Cov:================================>  92%]
[Progress:=========================>    84%] [Cov:================================>  92%]
[Progress:=========================>    85%] [Cov:================================>  92%]
[Progress:=========================>    85%] [Cov:================================>  92%]
[Progress:=========================>    85%] [Cov:================================>  92%]
[Progress:=========================>    85%] [Cov:================================>  92%]
[Progress:=========================>    85%] [Cov:================================>  92%]
[Progress:=========================>    85%] [Cov:================================>  92%]
[Progress:=========================>    85%] [Cov:================================>  92%]
[Progress:=========================>    86%] [Cov:================================>  92%]
[Progress:=========================>    86%] [Cov:================================>  92%]
[Progress:=========================>    86%] [Cov:================================>  92%]
[Progress:==========================>   87%] [Cov:================================>  92%]
[Progress:==========================>   87%] [Cov:================================>  92%]
[Progress:==========================>   87%] [Cov:================================>  92%]
[Progress:==========================>   87%] [Cov:================================>  92%]
[Progress:==========================>   88%] [Cov:================================>  92%]
[Progress:==========================>   88%] [Cov:================================>  92%]
[Progress:==========================>   88%] [Cov:================================>  92%]
[Progress:==========================>   88%] [Cov:================================>  92%]
[Progress:==========================>   89%] [Cov:================================>  92%]
[Progress:==========================>   89%] [Cov:================================>  92%]
[Progress:==========================>   89%] [Cov:================================>  92%]
[Progress:==========================>   89%] [Cov:================================>  92%]
[Progress:===========================>  90%] [Cov:================================>  92%]
[Progress:===========================>  90%] [Cov:================================>  92%]
[Progress:===========================>  90%] [Cov:================================>  92%]
[Progress:===========================>  90%] [Cov:================================>  92%]
[Progress:===========================>  90%] [Cov:================================>  92%]
[Progress:===========================>  90%] [Cov:================================>  92%]
[Progress:===========================>  90%] [Cov:================================>  92%]
[Progress:===========================>  91%] [Cov:================================>  92%]
[Progress:===========================>  91%] [Cov:================================>  92%]
[Progress:===========================>  91%] [Cov:================================>  92%]
[Progress:===========================>  91%] [Cov:================================>  92%]
[Progress:===========================>  92%] [Cov:================================>  92%]
[Progress:===========================>  92%] [Cov:================================>  92%]
[Progress:===========================>  92%] [Cov:================================>  92%]
[Progress:===========================>  92%] [Cov:================================>  92%]
[Progress:===========================>  93%] [Cov:================================>  92%]
[Progress:===========================>  93%] [Cov:================================>  92%]
[Progress:===========================>  93%] [Cov:================================>  92%]
[Progress:===========================>  93%] [Cov:================================>  92%]
[Progress:============================> 94%] [Cov:================================>  92%]
[Progress:============================> 94%] [Cov:================================>  92%]
[Progress:============================> 94%] [Cov:================================>  92%]
[Progress:============================> 94%] [Cov:================================>  92%]
[Progress:============================> 95%] [Cov:================================>  92%]
[Progress:============================> 95%] [Cov:================================>  92%]
[Progress:============================> 95%] [Cov:================================>  92%]
[Progress:============================> 95%] [Cov:================================>  92%]
[Progress:============================> 95%] [Cov:================================>  92%]
[Progress:============================> 95%] [Cov:================================>  92%]
[Progress:============================> 95%] [Cov:================================>  92%]
[Progress:============================> 96%] [Cov:================================>  92%]
[Progress:============================> 96%] [Cov:================================>  92%]
[Progress:============================> 96%] [Cov:================================>  92%]
[Progress:============================> 96%] [Cov:================================>  92%]
[Progress:=============================>97%] [Cov:================================>  92%]
[Progress:=============================>97%] [Cov:================================>  92%]
[Progress:=============================>97%] [Cov:================================>  92%]
[Progress:=============================>97%] [Cov:================================>  92%]
[Progress:=============================>98%] [Cov:================================>  92%]
[Progress:=============================>98%] [Cov:================================>  92%]
[Progress:=============================>98%] [Cov:================================>  92%]
[Progress:=============================>98%] [Cov:================================>  92%]
[Progress:=============================>99%] [Cov:================================>  92%]
[Progress:=============================>99%] [Cov:================================>  92%]
[Progress:=============================>99%] [Cov:================================>  92%]
[Progress:==============================100%] [Cov:================================>  92%]
[Progress:==============================100%] [Cov:================================>  92%]
[Progress:==============================100%] [Cov:================================>  92%]
[Progress:==============================100%] [Cov:================================>  92%]
[Progress:==============================100%] [Cov:================================>  92%]
* Search finished after 121s and 321 generations, 195311 statements, best individual has fitness: 26.891984356930248
* Minimizing test suite
* Going to analyze the coverage criteria
* Coverage analysis for criterion LINE
* Coverage of criterion LINE: 91%
* Total number of goals: 322
* Number of covered goals: 292
* Coverage analysis for criterion BRANCH
* Coverage of criterion BRANCH: 86%
* Total number of goals: 176
* Number of covered goals: 151
* Coverage analysis for criterion EXCEPTION
* Coverage of criterion EXCEPTION: 100%
* Total number of goals: 10
* Number of covered goals: 10
* Generated 58 tests with total length 115
* Resulting test suite's coverage: 92% (average coverage for all fitness functions)
* Generating assertions
* Resulting test suite's mutation score: 58%
* Compiling and checking tests
[MASTER] 03:30:17.550 [logback-1] WARN  JUnitAnalyzer - Found unstable test named test0 -> class java.lang.AssertionError: Expecting exception: NoClassDefFoundError
[MASTER] 03:30:17.550 [logback-1] WARN  JUnitAnalyzer - Failing test:
 UTCProvider uTCProvider0 = new UTCProvider();
DateTimeZone.setProvider(uTCProvider0);
TestInstant_Basics testInstant_Basics0 = new TestInstant_Basics("");

[MASTER] 03:30:22.859 [logback-1] WARN  JUnitAnalyzer - Found unstable test named test0 -> class java.lang.AssertionError: Expecting exception: NoClassDefFoundError
[MASTER] 03:30:22.859 [logback-1] WARN  JUnitAnalyzer - Failing test:
 TestInstant_Basics testInstant_Basics0 = new TestInstant_Basics("");

* Writing tests to file
* Writing JUnit test case 'DateTimeZone_ESTest' to /work/evo_out/Time_26f/budget120_seed1/tests
* Done!

* Computation finished

[exit=0 timeout=False time=156.4s]

$ java -Djava.awt.headless=true -cp /opt/defects4j/framework/projects/lib/junit-4.12-hamcrest-1.3.jar:/opt/evosuite/evosuite-1.2.0.jar:/work/Time_26f/build/classes:/opt/defects4j/framework/projects/Time/lib/joda-convert-1.2.jar:/work/Time_26f/build/tests:/work/Time_26f/src/test/java org.evosuite.EvoSuite -generateSuite -class org.joda.time.field.LenientDateTimeField -projectCP /opt/defects4j/framework/projects/lib/junit-4.12-hamcrest-1.3.jar:/work/Time_26f/build/classes:/opt/defects4j/framework/projects/Time/lib/joda-convert-1.2.jar:/work/Time_26f/build/tests:/work/Time_26f/src/test/java -Dcriterion=LINE:BRANCH:EXCEPTION -Dsearch_budget=120 -seed 1 -Dtest_dir=/work/evo_out/Time_26f/budget120_seed1/tests -Dreport_dir=/work/evo_out/Time_26f/budget120_seed1/report
* EvoSuite 1.2.0
* Going to generate test cases for class: org.joda.time.field.LenientDateTimeField
* Starting Client-0
* Connecting to master process on port 9922
* Analyzing classpath: 
  - /opt/defects4j/framework/projects/lib/junit-4.12-hamcrest-1.3.jar
  - /work/Time_26f/build/classes
  - /opt/defects4j/framework/projects/Time/lib/joda-convert-1.2.jar
  - /work/Time_26f/build/tests
  - /work/Time_26f/src/test/java
[MASTER] 03:30:33.352 [logback-1] WARN  InheritanceTree - Class not in inheritance graph: java.util.Locale$IsoCountryCode
* Finished analyzing classpath
* Generating tests for class org.joda.time.field.LenientDateTimeField
* Test criteria:
  - Line Coverage
  - Branch Coverage
  - Exception
* Setting up search algorithm for whole suite generation
* Total number of test goals: 
  - Line 15
  - Branch 9
  - Exception 0

[Progress:>                             0%] [Cov:>                                  0%]* Using seed 1
* Starting evolution

[Progress:>                             0%] [Cov:==>                                8%]
[Progress:>                             0%] [Cov:=====>                             16%]
[Progress:>                             0%] [Cov:=================>                 49%]
[Progress:>                             0%] [Cov:==================>                54%]
[Progress:>                             0%] [Cov:=====================>             62%]
[Progress:>                             0%] [Cov:============================>      82%]
[Progress:>                             0%] [Cov:==============================>    88%]
[Progress:>                             1%] [Cov:==>                                6%]
[Progress:>                             1%] [Cov:===>                               10%]
[Progress:>                             1%] [Cov:===============>                   43%]
[Progress:>                             1%] [Cov:========================>          69%]
[Progress:>                             1%] [Cov:========================>          70%]
[Progress:>                             1%] [Cov:==============================>    88%]
[Progress:>                             1%] [Cov:================================>  94%]
[Progress:>                             1%] [Cov:================================>  94%]
[Progress:>                             2%] [Cov:=====================>             62%]
[Progress:>                             2%] [Cov:==============================>    88%]
[Progress:>                             2%] [Cov:===================================100%]
[Progress:>                             2%] [Cov:===================================100%]
[Progress:>                             2%] [Cov:===================================100%]
* Search finished after 3s and 3 generations, 3245 statements, best individual has fitness: 0.2
* Minimizing test suite
* Going to analyze the coverage criteria
* Coverage analysis for criterion LINE
* Coverage of criterion LINE: 100%
* Total number of goals: 15
* Number of covered goals: 15
* Coverage analysis for criterion BRANCH
* Coverage of criterion BRANCH: 100%
* Total number of goals: 9
* Number of covered goals: 9
* Coverage analysis for criterion EXCEPTION
* Coverage of criterion EXCEPTION: 100%
* Total number of goals: 4
* Number of covered goals: 4
* Generated 8 tests with total length 40
* Resulting test suite's coverage: 100% (average coverage for all fitness functions)
* Generating assertions
* Resulting test suite's mutation score: 61%
* Compiling and checking tests
* Writing tests to file
* Writing JUnit test case 'LenientDateTimeField_ESTest' to /work/evo_out/Time_26f/budget120_seed1/tests
* Done!

* Computation finished

[exit=0 timeout=False time=14.1s]

$ javac -nowarn -cp /work/Time_26f/build/classes:/opt/defects4j/framework/projects/lib/junit-4.12-hamcrest-1.3.jar:/opt/defects4j/framework/projects/Time/lib/joda-convert-1.2.jar:/work/Time_26f/build/classes:/work/Time_26f/build/tests:/work/Time_26f/src/test/java:/opt/evosuite/evosuite-standalone-runtime-1.2.0.jar -d /work/evo_out/Time_26f/budget120_seed1/classes /work/evo_out/Time_26f/budget120_seed1/tests/org/joda/time/DateTimeZone_ESTest.java /work/evo_out/Time_26f/budget120_seed1/tests/org/joda/time/DateTimeZone_ESTest_scaffolding.java /work/evo_out/Time_26f/budget120_seed1/tests/org/joda/time/chrono/ZonedChronology_ESTest.java /work/evo_out/Time_26f/budget120_seed1/tests/org/joda/time/chrono/ZonedChronology_ESTest_scaffolding.java /work/evo_out/Time_26f/budget120_seed1/tests/org/joda/time/field/LenientDateTimeField_ESTest.java /work/evo_out/Time_26f/budget120_seed1/tests/org/joda/time/field/LenientDateTimeField_ESTest_scaffolding.java
Note: /work/evo_out/Time_26f/budget120_seed1/tests/org/joda/time/chrono/ZonedChronology_ESTest.java uses or overrides a deprecated API.
Note: Recompile with -Xlint:deprecation for details.

[exit=0 timeout=False time=1.0s]

$ java -jar /opt/jacoco/lib/jacococli.jar instrument /work/Time_26f/build/classes --dest /work/evo_out/Time_26f/budget120_seed1/instrumented
[INFO] 226 classes instrumented to /work/evo_out/Time_26f/budget120_seed1/instrumented.

[exit=0 timeout=False time=0.5s]

$ java -Djacoco-agent.destfile=/workspace/EvoSuite/Result_Round2/Time_26/budget120_seed1/jacoco.exec -cp /work/evo_out/Time_26f/budget120_seed1/instrumented:/work/evo_out/Time_26f/budget120_seed1/classes:/opt/defects4j/framework/projects/lib/junit-4.12-hamcrest-1.3.jar:/opt/defects4j/framework/projects/Time/lib/joda-convert-1.2.jar:/work/Time_26f/build/classes:/work/Time_26f/build/tests:/work/Time_26f/src/test/java:/opt/evosuite/evosuite-standalone-runtime-1.2.0.jar:/opt/jacoco/lib/jacocoagent.jar org.junit.runner.JUnitCore org.joda.time.chrono.ZonedChronology_ESTest org.joda.time.DateTimeZone_ESTest org.joda.time.field.LenientDateTimeField_ESTest
JUnit version 4.12
..........................................................................................................................
Time: 3.035

OK (122 tests)

SLF4J: Failed to load class "org.slf4j.impl.StaticLoggerBinder".
SLF4J: Defaulting to no-operation (NOP) logger implementation
SLF4J: See http://www.slf4j.org/codes.html#StaticLoggerBinder for further details.
WARNING: An illegal reflective access operation has occurred
WARNING: Illegal reflective access by org.evosuite.runtime.GuiSupport (file:/opt/evosuite/evosuite-standalone-runtime-1.2.0.jar) to field java.awt.GraphicsEnvironment.headless
WARNING: Please consider reporting this to the maintainers of org.evosuite.runtime.GuiSupport
WARNING: Use --illegal-access=warn to enable warnings of further illegal reflective access operations
WARNING: All illegal access operations will be denied in a future release

[exit=0 timeout=False time=4.7s]

$ java -jar /opt/jacoco/lib/jacococli.jar report /workspace/EvoSuite/Result_Round2/Time_26/budget120_seed1/jacoco.exec --classfiles /work/Time_26f/build/classes --csv /workspace/EvoSuite/Result_Round2/Time_26/budget120_seed1/jacoco.csv
[INFO] Loading execution data file /workspace/EvoSuite/Result_Round2/Time_26/budget120_seed1/jacoco.exec.
[INFO] Analyzing 202 classes.

[exit=0 timeout=False time=0.5s]

$ java -cp /work/evo_out/Time_26f/budget120_seed1/classes:/opt/defects4j/framework/projects/lib/junit-4.12-hamcrest-1.3.jar:/opt/defects4j/framework/projects/Time/lib/joda-convert-1.2.jar:/work/Time_26b/build/classes:/work/Time_26b/build/tests:/work/Time_26b/src/test/java:/opt/evosuite/evosuite-standalone-runtime-1.2.0.jar org.junit.runner.JUnitCore org.joda.time.chrono.ZonedChronology_ESTest org.joda.time.DateTimeZone_ESTest org.joda.time.field.LenientDateTimeField_ESTest
JUnit version 4.12
...............................................................E..E....E.....................................................
Time: 2.643
There were 3 failures:
1) test13(org.joda.time.DateTimeZone_ESTest)
java.lang.NoSuchMethodError: 'long org.joda.time.MockZone.convertLocalToUTC(long, boolean, long)'
	at org.joda.time.DateTimeZone_ESTest.test13(DateTimeZone_ESTest.java:181)
	at java.base/jdk.internal.reflect.NativeMethodAccessorImpl.invoke0(Native Method)
	at java.base/jdk.internal.reflect.NativeMethodAccessorImpl.invoke(NativeMethodAccessorImpl.java:62)
	at java.base/jdk.internal.reflect.DelegatingMethodAccessorImpl.invoke(DelegatingMethodAccessorImpl.java:43)
	at java.base/java.lang.reflect.Method.invoke(Method.java:566)
	at org.junit.runners.model.FrameworkMethod$1.runReflectiveCall(FrameworkMethod.java:50)
	at org.junit.internal.runners.model.ReflectiveCallable.run(ReflectiveCallable.java:12)
	at org.junit.runners.model.FrameworkMethod.invokeExplosively(FrameworkMethod.java:47)
	at org.junit.internal.runners.statements.InvokeMethod.evaluate(InvokeMethod.java:17)
	at org.junit.internal.runners.statements.FailOnTimeout$CallableStatement.call(FailOnTimeout.java:298)
	at org.junit.internal.runners.statements.FailOnTimeout$CallableStatement.call(FailOnTimeout.java:292)
	at java.base/java.util.concurrent.FutureTask.run(FutureTask.java:264)
	at java.base/java.lang.Thread.run(Thread.java:829)
2) test12(org.joda.time.DateTimeZone_ESTest)
java.lang.NoSuchMethodError: 'long org.joda.time.DateTimeZone.convertLocalToUTC(long, boolean, long)'
	at org.joda.time.DateTimeZone_ESTest.test12(DateTimeZone_ESTest.java:174)
	at java.base/jdk.internal.reflect.NativeMethodAccessorImpl.invoke0(Native Method)
	at java.base/jdk.internal.reflect.NativeMethodAccessorImpl.invoke(NativeMethodAccessorImpl.java:62)
	at java.base/jdk.internal.reflect.DelegatingMethodAccessorImpl.invoke(DelegatingMethodAccessorImpl.java:43)
	at java.base/java.lang.reflect.Method.invoke(Method.java:566)
	at org.junit.runners.model.FrameworkMethod$1.runReflectiveCall(FrameworkMethod.java:50)
	at org.junit.internal.runners.model.ReflectiveCallable.run(ReflectiveCallable.java:12)
	at org.junit.runners.model.FrameworkMethod.invokeExplosively(FrameworkMethod.java:47)
	at org.junit.internal.runners.statements.InvokeMethod.evaluate(InvokeMethod.java:17)
	at org.junit.internal.runners.statements.FailOnTimeout$CallableStatement.call(FailOnTimeout.java:298)
	at org.junit.internal.runners.statements.FailOnTimeout$CallableStatement.call(FailOnTimeout.java:292)
	at java.base/java.util.concurrent.FutureTask.run(FutureTask.java:264)
	at java.base/java.lang.Thread.run(Thread.java:829)
3) test10(org.joda.time.DateTimeZone_ESTest)
java.lang.NoSuchMethodError: 'long org.joda.time.MockZone.convertLocalToUTC(long, boolean, long)'
	at org.joda.time.DateTimeZone_ESTest.test10(DateTimeZone_ESTest.java:153)
	at java.base/jdk.internal.reflect.NativeMethodAccessorImpl.invoke0(Native Method)
	at java.base/jdk.internal.reflect.NativeMethodAccessorImpl.invoke(NativeMethodAccessorImpl.java:62)
	at java.base/jdk.internal.reflect.DelegatingMethodAccessorImpl.invoke(DelegatingMethodAccessorImpl.java:43)
	at java.base/java.lang.reflect.Method.invoke(Method.java:566)
	at org.junit.runners.model.FrameworkMethod$1.runReflectiveCall(FrameworkMethod.java:50)
	at org.junit.internal.runners.model.ReflectiveCallable.run(ReflectiveCallable.java:12)
	at org.junit.runners.model.FrameworkMethod.invokeExplosively(FrameworkMethod.java:47)
	at org.junit.internal.runners.statements.InvokeMethod.evaluate(InvokeMethod.java:17)
	at org.junit.internal.runners.statements.FailOnTimeout$CallableStatement.call(FailOnTimeout.java:298)
	at org.junit.internal.runners.statements.FailOnTimeout$CallableStatement.call(FailOnTimeout.java:292)
	at java.base/java.util.concurrent.FutureTask.run(FutureTask.java:264)
	at java.base/java.lang.Thread.run(Thread.java:829)

FAILURES!!!
Tests run: 122,  Failures: 3

SLF4J: Failed to load class "org.slf4j.impl.StaticLoggerBinder".
SLF4J: Defaulting to no-operation (NOP) logger implementation
SLF4J: See http://www.slf4j.org/codes.html#StaticLoggerBinder for further details.
WARNING: An illegal reflective access operation has occurred
WARNING: Illegal reflective access by org.evosuite.runtime.GuiSupport (file:/opt/evosuite/evosuite-standalone-runtime-1.2.0.jar) to field java.awt.GraphicsEnvironment.headless
WARNING: Please consider reporting this to the maintainers of org.evosuite.runtime.GuiSupport
WARNING: Use --illegal-access=warn to enable warnings of further illegal reflective access operations
WARNING: All illegal access operations will be denied in a future release

[exit=1 timeout=False time=3.3s]
