GROUP,PACKAGE,CLASS,INSTRUCTION_MISSED,INSTRUCTION_COVERED,BRANCH_MISSED,BRANCH_COVERED,LINE_MISSED,LINE_COVERED,COMPLEXITY_MISSED,COMPLEXITY_COVERED,METHOD_MISSED,METHOD_COVERED
JaCoCo Coverage Report,com.google.javascript.jscomp,ShowByPathWarningsGuard,61,0,6,0,16,0,9,0,6,0
JaCoCo Coverage Report,com.google.javascript.jscomp,RuntimeTypeCheck,82,0,4,0,22,0,7,0,5,0
JaCoCo Coverage Report,com.google.javascript.jscomp,LiveVariablesAnalysis,352,0,48,0,82,0,38,0,11,0
JaCoCo Coverage Report,com.google.javascript.jscomp,FunctionInjector.CallSiteType,0,64,0,0,0,7,0,1,0,1
JaCoCo Coverage Report,com.google.javascript.jscomp,GoogleJsMessageIdGenerator.FP,611,0,30,0,93,0,18,0,3,0
JaCoCo Coverage Report,com.google.javascript.jscomp,CodePrinter,78,0,12,0,17,0,8,0,2,0
JaCoCo Coverage Report,com.google.javascript.jscomp,ReplaceCssNames.Traversal,331,0,34,0,66,0,21,0,3,0
JaCoCo Coverage Report,com.google.javascript.jscomp,SideEffectsAnalysis.VariableUseDeclarationMap,69,0,4,0,17,0,5,0,3,0
JaCoCo Coverage Report,com.google.javascript.jscomp,OptimizeReturns,162,0,28,0,44,0,20,0,6,0
JaCoCo Coverage Report,com.google.javascript.jscomp,DefaultPassConfig.GlobalTypeResolver,36,0,2,0,9,0,4,0,3,0
JaCoCo Coverage Report,com.google.javascript.jscomp,PureFunctionIdentifier,627,0,100,0,159,0,60,0,10,0
JaCoCo Coverage Report,com.google.javascript.jscomp,SideEffectsAnalysis.LocationAbstractionMode,24,0,0,0,3,0,1,0,1,0
JaCoCo Coverage Report,com.google.javascript.jscomp,VariableRenamingPolicy,0,44,0,0,0,5,0,1,0,1
JaCoCo Coverage Report,com.google.javascript.jscomp,CheckEventfulObjectDisposal,798,17,112,0,176,8,67,1,11,1
JaCoCo Coverage Report,com.google.javascript.jscomp,PrepareAst,90,29,23,3,24,11,16,3,3,3
JaCoCo Coverage Report,com.google.javascript.jscomp,ExternExportsPass.new Comparator() {...},12,0,0,0,2,0,2,0,2,0
JaCoCo Coverage Report,com.google.javascript.jscomp,CleanupPasses.new DefaultPassConfig.HotSwapPassFactory() {...},13,0,0,0,2,0,2,0,2,0
JaCoCo Coverage Report,com.google.javascript.jscomp,CleanupPasses.new DefaultPassConfig.HotSwapPassFactory() {...},13,0,0,0,2,0,2,0,2,0
JaCoCo Coverage Report,com.google.javascript.jscomp,ChainCalls,76,0,2,0,17,0,3,0,2,0
JaCoCo Coverage Report,com.google.javascript.jscomp,CleanupPasses.new DefaultPassConfig.HotSwapPassFactory() {...},13,0,0,0,2,0,2,0,2,0
JaCoCo Coverage Report,com.google.javascript.jscomp,ProcessTweaks.TweakFunction,50,165,12,0,10,25,12,7,5,7
JaCoCo Coverage Report,com.google.javascript.jscomp,DisambiguateProperties,509,0,62,0,107,0,43,0,12,0
JaCoCo Coverage Report,com.google.javascript.jscomp,InstrumentFunctions.InstrumentCallback,156,0,18,0,41,0,11,0,2,0
JaCoCo Coverage Report,com.google.javascript.jscomp,NameAnalyzer.ClassDefiningFunctionNode,41,0,2,0,10,0,3,0,2,0
JaCoCo Coverage Report,com.google.javascript.jscomp,RemoveTryCatch,21,0,0,0,6,0,2,0,2,0
JaCoCo Coverage Report,com.google.javascript.jscomp,SymbolTable.JSDocInfoCollector,160,0,26,0,39,0,17,0,4,0
JaCoCo Coverage Report,com.google.javascript.jscomp,CheckMissingReturn,141,13,24,0,44,4,21,1,9,1
JaCoCo Coverage Report,com.google.javascript.jscomp,Normalize,208,5,6,0,39,2,9,1,6,1
JaCoCo Coverage Report,com.google.javascript.jscomp,PerformanceTracker.Stats,24,0,0,0,9,0,1,0,1,0
JaCoCo Coverage Report,com.google.javascript.jscomp,ClosureCodingConvention.AssertFunctionByTypeName,12,0,0,0,4,0,2,0,2,0
JaCoCo Coverage Report,com.google.javascript.jscomp,RemoveUnusedVars,855,0,173,0,220,0,102,0,14,0
JaCoCo Coverage Report,com.google.javascript.jscomp,FunctionInfo.new Descriptors.FileDescriptor.InternalDescriptorAssigner() {...},97,0,0,0,11,0,2,0,2,0
JaCoCo Coverage Report,com.google.javascript.jscomp,TypedScopeCreator.DiscoverEnumsAndTypedefs,66,0,15,0,23,0,11,0,3,0
JaCoCo Coverage Report,com.google.javascript.jscomp,DefaultPassConfig.33.new CompilerPass() {...},40,0,0,0,5,0,2,0,2,0
JaCoCo Coverage Report,com.google.javascript.jscomp,NodeTraversal.AbstractPreOrderCallback,4,0,0,0,2,0,2,0,2,0
JaCoCo Coverage Report,com.google.javascript.jscomp,CheckDebuggerStatement,22,5,2,0,8,2,4,1,3,1
JaCoCo Coverage Report,com.google.javascript.jscomp,ObjectPropertyStringPreprocess,52,0,4,0,20,0,6,0,4,0
JaCoCo Coverage Report,com.google.javascript.jscomp,TypedScopeCreator.DeferredSetType,32,0,0,0,9,0,2,0,2,0
JaCoCo Coverage Report,com.google.javascript.jscomp,ControlFlowAnalysis.new Comparator() {...},24,0,0,0,2,0,2,0,2,0
JaCoCo Coverage Report,com.google.javascript.jscomp,RescopeGlobalSymbols.MakeExternsReferenceWindowExplicitly,52,0,12,0,13,0,8,0,2,0
JaCoCo Coverage Report,com.google.javascript.jscomp,ClosureCodingConvention,537,61,110,0,148,9,79,3,24,3
JaCoCo Coverage Report,com.google.javascript.jscomp,CheckEventfulObjectDisposal.Traversal,751,0,155,0,214,0,95,0,15,0
JaCoCo Coverage Report,com.google.javascript.jscomp,CrossModuleMethodMotion.IdGenerator,21,0,2,0,4,0,4,0,3,0
JaCoCo Coverage Report,com.google.javascript.jscomp,CompilerOptions.TracerMode,2,49,1,1,0,6,1,2,0,2
JaCoCo Coverage Report,com.google.javascript.jscomp,ChainCalls.GatherCallSites,133,0,30,0,41,0,17,0,2,0
JaCoCo Coverage Report,com.google.javascript.jscomp,SyntheticAst,11,34,0,0,3,10,3,3,3,3
JaCoCo Coverage Report,com.google.javascript.jscomp,CompilerInput,287,86,21,5,73,27,38,9,25,9
JaCoCo Coverage Report,com.google.javascript.jscomp,DefaultPassConfig.44.new CompilerPass() {...},47,0,0,0,5,0,2,0,2,0
JaCoCo Coverage Report,com.google.javascript.jscomp,AstValidator,1464,0,151,0,444,0,159,0,66,0
JaCoCo Coverage Report,com.google.javascript.jscomp,TypedScopeCreator.AbstractScopeBuilder.CollectProperties,105,0,23,0,32,0,15,0,3,0
JaCoCo Coverage Report,com.google.javascript.jscomp,JsMessageVisitor.MalformedException,10,0,0,0,4,0,2,0,2,0
JaCoCo Coverage Report,com.google.javascript.jscomp,NodeUtil.new NodeUtil.Visitor() {...},45,0,10,0,8,0,7,0,2,0
JaCoCo Coverage Report,com.google.javascript.jscomp,NodeUtil.new Predicate() {...},3,3,0,0,1,1,1,1,1,1
JaCoCo Coverage Report,com.google.javascript.jscomp,CallGraph,517,0,80,0,129,0,62,0,22,0
JaCoCo Coverage Report,com.google.javascript.jscomp,AngularPass.NodeContext,30,0,0,0,10,0,5,0,5,0
JaCoCo Coverage Report,com.google.javascript.jscomp,TightenTypes.ExternFunctionCall,29,0,0,0,6,0,2,0,2,0
JaCoCo Coverage Report,com.google.javascript.jscomp,DefinitionsRemover,144,0,44,0,36,0,25,0,3,0
JaCoCo Coverage Report,com.google.javascript.jscomp,Scope,316,5,38,0,76,1,49,1,30,1
JaCoCo Coverage Report,com.google.javascript.jscomp,ExpandJqueryAliases.FindCallbackArgumentReferences,147,0,34,0,39,0,22,0,5,0
JaCoCo Coverage Report,com.google.javascript.jscomp,NodeUtil.MayBeStringResultPredicate,3,3,0,0,1,1,1,1,1,1
JaCoCo Coverage Report,com.google.javascript.jscomp,RemoveUnusedPrototypeProperties,152,0,24,0,45,0,18,0,6,0
JaCoCo Coverage Report,com.google.javascript.jscomp,CoverageInstrumentationPass,79,0,2,0,28,0,6,0,5,0
JaCoCo Coverage Report,com.google.javascript.jscomp,DefaultPassConfig.HotSwapPassFactory,9,0,0,0,3,0,2,0,2,0
JaCoCo Coverage Report,com.google.javascript.jscomp,CheckSideEffects.StripProtection,36,0,6,0,12,0,6,0,3,0
JaCoCo Coverage Report,com.google.javascript.jscomp,NameReferenceGraphReport,428,0,26,0,101,0,23,0,10,0
JaCoCo Coverage Report,com.google.javascript.jscomp,TransformAMDToCJSModule.DefineCallbackReturnCallback,32,0,4,0,9,0,4,0,2,0
JaCoCo Coverage Report,com.google.javascript.jscomp,NameReferenceGraph.Reference,36,0,0,0,14,0,7,0,7,0
JaCoCo Coverage Report,com.google.javascript.jscomp,DiagnosticType,25,59,1,3,3,13,4,8,3,7
JaCoCo Coverage Report,com.google.javascript.jscomp,JsMessageDefinition,21,0,0,0,8,0,4,0,4,0
JaCoCo Coverage Report,com.google.javascript.jscomp,SourceInformationAnnotator,79,0,19,0,24,0,14,0,3,0
JaCoCo Coverage Report,com.google.javascript.jscomp,NameAnalyzer.FindDependencyScopes,181,0,33,0,47,0,23,0,5,0
JaCoCo Coverage Report,com.google.javascript.jscomp,NameGenerator.CharPriority,33,0,2,0,10,0,3,0,2,0
JaCoCo Coverage Report,com.google.javascript.jscomp,CheckEventfulObjectDisposal.SeenType,0,44,0,0,0,2,0,1,0,1
JaCoCo Coverage Report,com.google.javascript.jscomp,ExternExportsPass.Export,298,0,50,0,82,0,34,0,8,0
JaCoCo Coverage Report,com.google.javascript.jscomp,TypeValidator.TypeMismatch,79,0,10,0,14,0,9,0,4,0
JaCoCo Coverage Report,com.google.javascript.jscomp,PeepholeFoldConstants,2263,29,549,0,663,13,347,1,36,1
JaCoCo Coverage Report,com.google.javascript.jscomp,DefaultPassConfig.new PassFactory() {...},13,0,0,0,2,0,2,0,2,0
JaCoCo Coverage Report,com.google.javascript.jscomp,DefaultPassConfig.new DefaultPassConfig.HotSwapPassFactory() {...},36,0,6,0,4,0,5,0,2,0
JaCoCo Coverage Report,com.google.javascript.jscomp,DefaultPassConfig.new DefaultPassConfig.HotSwapPassFactory() {...},13,0,0,0,2,0,2,0,2,0
JaCoCo Coverage Report,com.google.javascript.jscomp,DefaultPassConfig.new DefaultPassConfig.HotSwapPassFactory() {...},51,0,6,0,9,0,5,0,2,0
JaCoCo Coverage Report,com.google.javascript.jscomp,DefaultPassConfig.new DefaultPassConfig.HotSwapPassFactory() {...},17,0,0,0,2,0,2,0,2,0
JaCoCo Coverage Report,com.google.javascript.jscomp,ConstCheck,145,5,28,0,38,2,20,1,5,1
JaCoCo Coverage Report,com.google.javascript.jscomp,DefaultPassConfig.new DefaultPassConfig.HotSwapPassFactory() {...},17,0,0,0,2,0,2,0,2,0
JaCoCo Coverage Report,com.google.javascript.jscomp,SimpleDefinitionFinder,414,0,84,0,115,0,56,0,14,0
JaCoCo Coverage Report,com.google.javascript.jscomp,DefaultPassConfig.new PassFactory() {...},29,0,2,0,7,0,3,0,2,0
JaCoCo Coverage Report,com.google.javascript.jscomp,NodeUtil.MatchShallowStatement,24,0,10,0,6,0,7,0,2,0
JaCoCo Coverage Report,com.google.javascript.jscomp,DefaultPassConfig.new PassFactory() {...},52,0,8,0,10,0,6,0,2,0
JaCoCo Coverage Report,com.google.javascript.jscomp,PhaseOptimizer.State,24,0,0,0,3,0,1,0,1,0
JaCoCo Coverage Report,com.google.javascript.jscomp,DefaultPassConfig.new PassFactory() {...},19,0,0,0,3,0,2,0,2,0
JaCoCo Coverage Report,com.google.javascript.jscomp,NodeIterators.FunctionlessLocalScope,142,0,22,0,31,0,18,0,7,0
JaCoCo Coverage Report,com.google.javascript.jscomp,BitField,156,0,18,0,30,0,14,0,5,0
JaCoCo Coverage Report,com.google.javascript.jscomp,DefaultPassConfig.66.new CompilerPass() {...},23,0,0,0,5,0,2,0,2,0
JaCoCo Coverage Report,com.google.javascript.jscomp,ConcreteType.new ConcreteType.TypeFilter() {...},16,0,2,0,2,0,3,0,2,0
JaCoCo Coverage Report,com.google.javascript.jscomp,CodingConventions.Proxy,180,6,4,0,38,3,35,1,33,1
JaCoCo Coverage Report,com.google.javascript.jscomp,ConcreteType.new ConcreteType.TypeFilter() {...},17,0,2,0,4,0,3,0,2,0
JaCoCo Coverage Report,com.google.javascript.jscomp,ConcreteType.new ConcreteType.TypeFilter() {...},16,0,2,0,2,0,3,0,2,0
JaCoCo Coverage Report,com.google.javascript.jscomp,ConcreteType.new ConcreteType.TypeFilter() {...},21,0,4,0,4,0,4,0,2,0
JaCoCo Coverage Report,com.google.javascript.jscomp,NameAnalyzer.FindReferences,573,0,132,0,148,0,76,0,10,0
JaCoCo Coverage Report,com.google.javascript.jscomp,ConcreteType.new ConcreteType.TypeFilter() {...},20,0,4,0,5,0,4,0,2,0
JaCoCo Coverage Report,com.google.javascript.jscomp,ConcreteType.new ConcreteType.TypeFilter() {...},24,0,2,0,5,0,3,0,2,0
JaCoCo Coverage Report,com.google.javascript.jscomp,ConcreteType.new ConcreteType.TypeFilter() {...},30,0,4,0,4,0,4,0,2,0
JaCoCo Coverage Report,com.google.javascript.jscomp,ObjectPropertyStringPostprocess.Callback,84,0,8,0,28,0,6,0,2,0
JaCoCo Coverage Report,com.google.javascript.jscomp,ControlFlowGraph.AbstractCfgNodeTraversalCallback,14,0,4,0,4,0,4,0,2,0
JaCoCo Coverage Report,com.google.javascript.jscomp,JSModuleGraph.MissingModuleException,4,0,0,0,2,0,1,0,1,0
JaCoCo Coverage Report,com.google.javascript.jscomp,NameAnalyzer.HoistVariableAndFunctionDeclarations,47,0,4,0,11,0,4,0,2,0
JaCoCo Coverage Report,com.google.javascript.jscomp,RenameProperties.Property,12,0,0,0,4,0,1,0,1,0
JaCoCo Coverage Report,com.google.javascript.jscomp,AnalyzeNameReferences,77,0,2,0,19,0,5,0,4,0
JaCoCo Coverage Report,com.google.javascript.jscomp,Scope.Arguments,33,0,4,0,7,0,5,0,3,0
JaCoCo Coverage Report,com.google.javascript.jscomp,RuntimeTypeCheck.new Comparator() {...},38,0,12,0,11,0,9,0,3,0
JaCoCo Coverage Report,com.google.javascript.jscomp,MakeDeclaredNamesUnique.BoilerplateRenamer,23,0,0,0,6,0,2,0,2,0
JaCoCo Coverage Report,com.google.javascript.jscomp,GatherSideEffectSubexpressionsCallback.GetReplacementSideEffectSubexpressions,196,0,24,0,53,0,18,0,6,0
JaCoCo Coverage Report,com.google.javascript.jscomp,ForbiddenChange,8,0,0,0,2,0,2,0,2,0
JaCoCo Coverage Report,com.google.javascript.jscomp,RecentChange,8,9,0,0,4,3,2,2,2,2
JaCoCo Coverage Report,com.google.javascript.jscomp,CompilerInput.DepsFinder,72,0,14,0,24,0,10,0,3,0
JaCoCo Coverage Report,com.google.javascript.jscomp,AbstractCommandLineRunner,2769,0,374,0,639,0,243,0,56,0
JaCoCo Coverage Report,com.google.javascript.jscomp,WarningLevel,188,0,4,0,54,0,8,0,5,0
JaCoCo Coverage Report,com.google.javascript.jscomp,ShadowVariables.GatherReferenceInfo,78,0,16,0,18,0,10,0,2,0
JaCoCo Coverage Report,com.google.javascript.jscomp,PeepholeMinimizeConditions,1607,7,304,0,491,2,192,1,33,1
JaCoCo Coverage Report,com.google.javascript.jscomp,InlineProperties.PropertyInfo,0,9,0,0,0,4,0,1,0,1
JaCoCo Coverage Report,com.google.javascript.jscomp,NameAnonymousFunctionsMapped.MappedFunctionNamer,85,0,8,0,19,0,9,0,5,0
JaCoCo Coverage Report,com.google.javascript.jscomp,Denormalize.StripConstantAnnotations,30,0,6,0,9,0,6,0,3,0
JaCoCo Coverage Report,com.google.javascript.jscomp,JsMessageVisitor,1291,50,191,0,302,23,124,1,24,1
JaCoCo Coverage Report,com.google.javascript.jscomp,DataFlowAnalysis.MaxIterationsExceededException,4,0,0,0,2,0,1,0,1,0
JaCoCo Coverage Report,com.google.javascript.jscomp,AstChangeProxy,147,0,22,0,37,0,18,0,7,0
JaCoCo Coverage Report,com.google.javascript.jscomp,AmbiguateProperties.PropertyGraphNode,19,0,0,0,7,0,4,0,4,0
JaCoCo Coverage Report,com.google.javascript.jscomp,UnreachableCodeElimination.EliminationPass,234,0,69,0,65,0,43,0,7,0
JaCoCo Coverage Report,com.google.javascript.jscomp,IgnoreCajaProperties.Traversal,115,0,6,0,30,0,5,0,2,0
JaCoCo Coverage Report,com.google.javascript.jscomp,ComposeWarningsGuard,122,108,23,7,31,27,18,7,5,5
JaCoCo Coverage Report,com.google.javascript.jscomp,CheckEventfulObjectDisposal.ComputeEventizeTraversal,404,0,76,0,111,0,49,0,11,0
JaCoCo Coverage Report,com.google.javascript.jscomp,InlineVariables,61,0,4,0,15,0,6,0,3,0
JaCoCo Coverage Report,com.google.javascript.jscomp,PeepholeOptimizationsPass,90,0,4,0,21,0,8,0,6,0
JaCoCo Coverage Report,com.google.javascript.jscomp,ReplaceIdGenerators.RenameStrategy,44,0,0,0,5,0,1,0,1,0
JaCoCo Coverage Report,com.google.javascript.jscomp,AnalyzePrototypeProperties.SymbolType,24,0,0,0,3,0,1,0,1,0
JaCoCo Coverage Report,com.google.javascript.jscomp,CustomPassExecutionTime,0,44,0,0,0,5,0,1,0,1
JaCoCo Coverage Report,com.google.javascript.jscomp,NodeTraversal.AbstractShallowCallback,16,0,6,0,3,0,5,0,2,0
JaCoCo Coverage Report,com.google.javascript.jscomp,SourceFile.Generated,28,0,2,0,11,0,4,0,3,0
JaCoCo Coverage Report,com.google.javascript.jscomp,FunctionRewriter.GetterReducer,56,0,12,0,16,0,9,0,3,0
JaCoCo Coverage Report,com.google.javascript.jscomp,JsMessage.Style,44,0,4,0,7,0,4,0,2,0
JaCoCo Coverage Report,com.google.javascript.jscomp,AbstractCommandLineRunner.WarningGuardSpec.Entry,9,0,0,0,4,0,1,0,1,0
JaCoCo Coverage Report,com.google.javascript.jscomp,ScopedAliases.AliasUsage,32,0,2,0,8,0,3,0,2,0
JaCoCo Coverage Report,com.google.javascript.jscomp,DotFormatter,589,0,40,0,118,0,34,0,14,0
JaCoCo Coverage Report,com.google.javascript.jscomp,CollapseVariableDeclarations.GatherCollapses,164,0,38,0,42,0,23,0,4,0
JaCoCo Coverage Report,com.google.javascript.jscomp,GlobalVarReferenceMap,352,0,38,0,88,0,27,0,8,0
JaCoCo Coverage Report,com.google.javascript.jscomp,NameAnalyzer,1599,15,230,0,358,5,146,1,26,1
JaCoCo Coverage Report,com.google.javascript.jscomp,CollapseVariableDeclarations.Collapse,12,0,0,0,5,0,1,0,1,0
JaCoCo Coverage Report,com.google.javascript.jscomp,CommandLineRunner.Flags.WarningGuardWarningOptionHandler,11,0,0,0,2,0,1,0,1,0
JaCoCo Coverage Report,com.google.javascript.jscomp,JSModuleGraph.InverseDepthComparator,12,0,0,0,2,0,2,0,2,0
JaCoCo Coverage Report,com.google.javascript.jscomp,AliasExternals.Symbol,87,0,8,0,25,0,7,0,3,0
JaCoCo Coverage Report,com.google.javascript.jscomp,CleanupPasses,56,0,0,0,14,0,5,0,5,0
JaCoCo Coverage Report,com.google.javascript.jscomp,SymbolTable.Reference,5,0,0,0,2,0,1,0,1,0
JaCoCo Coverage Report,com.google.javascript.jscomp,FunctionRewriter.IdentityReducer,49,0,12,0,16,0,9,0,3,0
JaCoCo Coverage Report,com.google.javascript.jscomp,FindExportableNodes.GenerateNodeContext,15,0,0,0,6,0,3,0,3,0
JaCoCo Coverage Report,com.google.javascript.jscomp,ReplaceIdGenerators.UniqueRenamingToken,2,0,0,0,1,0,1,0,1,0
JaCoCo Coverage Report,com.google.javascript.jscomp,TypedCodeGenerator,466,0,88,0,116,0,51,0,7,0
JaCoCo Coverage Report,com.google.javascript.jscomp,CoalesceVariableNames.CombinedLiveRangeChecker,50,0,6,0,14,0,6,0,3,0
JaCoCo Coverage Report,com.google.javascript.jscomp,AnalyzePrototypeProperties.AssignmentProperty,42,0,0,0,13,0,7,0,7,0
JaCoCo Coverage Report,com.google.javascript.jscomp,FunctionRewriter.EmptyFunctionReducer,13,0,2,0,4,0,3,0,2,0
JaCoCo Coverage Report,com.google.javascript.jscomp,SymbolTable.Symbol,156,0,14,0,38,0,24,0,17,0
JaCoCo Coverage Report,com.google.javascript.jscomp,DefaultPassConfig.37.new HotSwapCompilerPass() {...},18,0,0,0,5,0,3,0,3,0
JaCoCo Coverage Report,com.google.javascript.jscomp,SourceExcerptProvider.SourceExcerpt,0,24,0,0,0,3,0,1,0,1
JaCoCo Coverage Report,com.google.javascript.jscomp,TypeInference.TemplateTypeReplacer,31,0,2,0,9,0,3,0,2,0
JaCoCo Coverage Report,com.google.javascript.jscomp,AliasKeywords.VoidKeywordAliasSpecification,72,0,4,0,21,0,7,0,5,0
JaCoCo Coverage Report,com.google.javascript.jscomp,InlineObjectLiterals,25,0,0,0,7,0,2,0,2,0
JaCoCo Coverage Report,com.google.javascript.jscomp,VerboseMessageFormatter,98,0,8,0,15,0,8,0,4,0
JaCoCo Coverage Report,com.google.javascript.jscomp,InlineSimpleMethods,201,9,32,0,64,3,29,1,13,1
JaCoCo Coverage Report,com.google.javascript.jscomp,AnalyzeNameReferences.PropagateReferences,43,0,6,0,10,0,5,0,2,0
JaCoCo Coverage Report,com.google.javascript.jscomp,SourceFile.OnDisk,61,0,6,0,20,0,9,0,6,0
JaCoCo Coverage Report,com.google.javascript.jscomp,XtbMessageBundle.SecureEntityResolver,8,0,0,0,1,0,1,0,1,0
JaCoCo Coverage Report,com.google.javascript.jscomp,InlineFunctions,696,0,138,0,182,0,89,0,20,0
JaCoCo Coverage Report,com.google.javascript.jscomp,NameAnalyzer.PrototypeSetNode,40,0,2,0,10,0,3,0,2,0
JaCoCo Coverage Report,com.google.javascript.jscomp,MakeDeclaredNamesUnique.WhitelistedRenamer,44,0,4,0,11,0,7,0,5,0
JaCoCo Coverage Report,com.google.javascript.jscomp,AstParallelizer.new Predicate() {...},6,0,0,0,2,0,2,0,2,0
JaCoCo Coverage Report,com.google.javascript.jscomp,AstParallelizer.new Supplier() {...},7,0,0,0,2,0,2,0,2,0
JaCoCo Coverage Report,com.google.javascript.jscomp,AstParallelizer.new Predicate() {...},10,0,2,0,2,0,3,0,2,0
JaCoCo Coverage Report,com.google.javascript.jscomp,DataFlowAnalysis,421,0,50,0,94,0,35,0,10,0
JaCoCo Coverage Report,com.google.javascript.jscomp,AstParallelizer.new Supplier() {...},9,0,0,0,2,0,2,0,2,0
JaCoCo Coverage Report,com.google.javascript.jscomp,CodePrinter.MappedCodePrinter,290,0,52,0,61,0,36,0,10,0
JaCoCo Coverage Report,com.google.javascript.jscomp,AstParallelizer.new Predicate() {...},5,0,0,0,2,0,2,0,2,0
JaCoCo Coverage Report,com.google.javascript.jscomp,AstParallelizer.new Predicate() {...},6,0,0,0,2,0,2,0,2,0
JaCoCo Coverage Report,com.google.javascript.jscomp,ClosureOptimizePrimitives.FindObjectCreateCalls,30,0,6,0,8,0,5,0,2,0
JaCoCo Coverage Report,com.google.javascript.jscomp,SyntacticScopeCreator,247,13,39,0,73,4,27,1,6,1
JaCoCo Coverage Report,com.google.javascript.jscomp,CombinedCompilerPass,159,0,12,0,28,0,15,0,9,0
JaCoCo Coverage Report,com.google.javascript.jscomp,FunctionInjector.CallSiteType.new FunctionInjector.CallSiteType() {...},5,6,0,0,1,1,1,1,1,1
JaCoCo Coverage Report,com.google.javascript.jscomp,RenamePrototypes.ProcessExternedProperties,24,0,4,0,6,0,4,0,2,0
JaCoCo Coverage Report,com.google.javascript.jscomp,SourceMap,152,0,18,0,45,0,18,0,9,0
JaCoCo Coverage Report,com.google.javascript.jscomp,WhitelistWarningsGuard,183,7,18,0,46,2,21,1,12,1
JaCoCo Coverage Report,com.google.javascript.jscomp,AnonymousFunctionNamingCallback,119,0,21,0,35,0,14,0,3,0
JaCoCo Coverage Report,com.google.javascript.jscomp,ConcreteType,248,0,30,0,58,0,39,0,24,0
JaCoCo Coverage Report,com.google.javascript.jscomp,FunctionInjector.CallSiteType.new FunctionInjector.CallSiteType() {...},20,6,2,0,5,1,2,1,1,1
JaCoCo Coverage Report,com.google.javascript.jscomp,FunctionInjector.CallSiteType.new FunctionInjector.CallSiteType() {...},1,6,0,0,1,1,1,1,1,1
JaCoCo Coverage Report,com.google.javascript.jscomp,FunctionInjector.CallSiteType.new FunctionInjector.CallSiteType() {...},1,6,0,0,1,1,1,1,1,1
JaCoCo Coverage Report,com.google.javascript.jscomp,FunctionInjector.CallSiteType.new FunctionInjector.CallSiteType() {...},20,6,2,0,5,1,2,1,1,1
JaCoCo Coverage Report,com.google.javascript.jscomp,GenerateExports,299,0,30,0,83,0,24,0,9,0
JaCoCo Coverage Report,com.google.javascript.jscomp,FunctionInjector.CallSiteType.new FunctionInjector.CallSiteType() {...},1,6,0,0,1,1,1,1,1,1
JaCoCo Coverage Report,com.google.javascript.jscomp,SideEffectsAnalysis.RawMotionEnvironment,9,0,0,0,4,0,2,0,2,0
JaCoCo Coverage Report,com.google.javascript.jscomp,PureFunctionIdentifier.SideEffectPropagationCallback,109,0,46,0,33,0,24,0,1,0
JaCoCo Coverage Report,com.google.javascript.jscomp,InlineCostEstimator,15,4,0,0,4,1,2,1,2,1
JaCoCo Coverage Report,com.google.javascript.jscomp,PassFactory,8,9,0,0,3,4,3,1,3,1
JaCoCo Coverage Report,com.google.javascript.jscomp,DisambiguateProperties.JSTypeSystem,438,0,94,0,114,0,61,0,14,0
JaCoCo Coverage Report,com.google.javascript.jscomp,JSModuleGraph.ModuleDependenceException,16,0,0,0,6,0,3,0,3,0
JaCoCo Coverage Report,com.google.javascript.jscomp,AmbiguateProperties.PropertySubGraph,34,0,2,0,5,0,4,0,3,0
JaCoCo Coverage Report,com.google.javascript.jscomp,ReplaceMessages,448,0,54,0,121,0,39,0,10,0
JaCoCo Coverage Report,com.google.javascript.jscomp,MakeDeclaredNamesUnique.InlineRenamer,116,0,12,0,24,0,12,0,6,0
JaCoCo Coverage Report,com.google.javascript.jscomp,Tracer.Event,146,0,10,0,29,0,8,0,3,0
JaCoCo Coverage Report,com.google.javascript.jscomp,AliasExternals.GetAliasableNames,42,0,8,0,9,0,6,0,2,0
JaCoCo Coverage Report,com.google.javascript.jscomp,InlineSimpleMethods.InlineTrivialAccessors,142,0,26,0,28,0,15,0,2,0
JaCoCo Coverage Report,com.google.javascript.jscomp,PeepholeReplaceKnownMethods,1328,6,281,0,376,1,159,1,18,1
JaCoCo Coverage Report,com.google.javascript.jscomp,JqueryCodingConvention,27,11,0,0,10,2,5,1,5,1
JaCoCo Coverage Report,com.google.javascript.jscomp,RhinoErrorReporter.NewRhinoErrorReporter,87,5,6,0,24,2,8,1,5,1
JaCoCo Coverage Report,com.google.javascript.jscomp,NodeTraversal,666,196,80,14,168,54,75,12,28,12
JaCoCo Coverage Report,com.google.javascript.jscomp,NodeTraversal.AbstractScopedCallback,7,0,0,0,4,0,4,0,4,0
JaCoCo Coverage Report,com.google.javascript.jscomp,DefaultPassConfig.new PassFactory() {...},20,0,0,0,2,0,2,0,2,0
JaCoCo Coverage Report,com.google.javascript.jscomp,PureFunctionIdentifier.new Predicate() {...},18,0,6,0,8,0,7,0,2,0
JaCoCo Coverage Report,com.google.javascript.jscomp,DefaultPassConfig.new PassFactory() {...},9,0,0,0,2,0,2,0,2,0
JaCoCo Coverage Report,com.google.javascript.jscomp,DefaultPassConfig.new PassFactory() {...},14,0,0,0,2,0,2,0,2,0
JaCoCo Coverage Report,com.google.javascript.jscomp,DefaultPassConfig.new CompilerPass() {...},23,0,2,0,5,0,3,0,2,0
JaCoCo Coverage Report,com.google.javascript.jscomp,DefaultPassConfig.new PassFactory() {...},14,0,0,0,2,0,2,0,2,0
JaCoCo Coverage Report,com.google.javascript.jscomp,TransformAMDToCJSModule.RenameCallback,31,0,4,0,8,0,4,0,2,0
JaCoCo Coverage Report,com.google.javascript.jscomp,ExpandJqueryAliases,920,22,144,0,228,9,83,1,11,1
JaCoCo Coverage Report,com.google.javascript.jscomp,DefaultPassConfig.35.new CompilerPass() {...},29,0,0,0,5,0,2,0,2,0
JaCoCo Coverage Report,com.google.javascript.jscomp,AliasKeywords.ThrowAliasSpecification,49,0,0,0,14,0,4,0,4,0
JaCoCo Coverage Report,com.google.javascript.jscomp,RemoveTryCatch.RemoveTryCatchCode,99,0,25,0,31,0,15,0,2,0
JaCoCo Coverage Report,com.google.javascript.jscomp,VarCheck,428,33,66,0,92,12,42,1,9,1
JaCoCo Coverage Report,com.google.javascript.jscomp,ControlStructureCheck,63,5,10,0,21,1,10,1,5,1
JaCoCo Coverage Report,com.google.javascript.jscomp,DefaultPassConfig.new PassFactory() {...},14,0,0,0,2,0,2,0,2,0
JaCoCo Coverage Report,com.google.javascript.jscomp,DefaultPassConfig.new PassFactory() {...},14,0,0,0,2,0,2,0,2,0
JaCoCo Coverage Report,com.google.javascript.jscomp,DefaultPassConfig.new PassFactory() {...},14,0,0,0,2,0,2,0,2,0
JaCoCo Coverage Report,com.google.javascript.jscomp,DefaultPassConfig.new PassFactory() {...},13,0,0,0,2,0,2,0,2,0
JaCoCo Coverage Report,com.google.javascript.jscomp,ControlFlowGraph,119,0,22,0,25,0,21,0,8,0
JaCoCo Coverage Report,com.google.javascript.jscomp,ObjectPropertyStringPostprocess,16,0,0,0,5,0,2,0,2,0
JaCoCo Coverage Report,com.google.javascript.jscomp,ReferenceCollectingCallback.ReferenceCollection,301,0,64,0,78,0,45,0,13,0
JaCoCo Coverage Report,com.google.javascript.jscomp,NameAnonymousFunctionsMapped,85,0,4,0,20,0,6,0,4,0
JaCoCo Coverage Report,com.google.javascript.jscomp,CleanupPasses.MemoizedScopeCleanupPass,56,0,10,0,18,0,8,0,3,0
JaCoCo Coverage Report,com.google.javascript.jscomp,InlineVariables.IdentifyConstants,9,0,0,0,2,0,2,0,2,0
JaCoCo Coverage Report,com.google.javascript.jscomp,FunctionRewriter.ReductionGatherer,49,0,4,0,12,0,5,0,3,0
JaCoCo Coverage Report,com.google.javascript.jscomp,SymbolTable.new Ordering() {...},26,0,4,0,3,0,4,0,2,0
JaCoCo Coverage Report,com.google.javascript.jscomp,SymbolTable.new Ordering() {...},36,0,2,0,7,0,3,0,2,0
JaCoCo Coverage Report,com.google.javascript.jscomp,RenameVars2,638,0,74,0,142,0,50,0,13,0
JaCoCo Coverage Report,com.google.javascript.jscomp,SymbolTable.new NodeTraversal.AbstractScopedCallback() {...},14,0,0,0,4,0,3,0,3,0
JaCoCo Coverage Report,com.google.javascript.jscomp,SymbolTable.new Ordering() {...},25,0,2,0,6,0,3,0,2,0
JaCoCo Coverage Report,com.google.javascript.jscomp,CheckRequiresForConstructors,108,5,12,0,20,1,11,1,5,1
JaCoCo Coverage Report,com.google.javascript.jscomp,SpecializeModule.SpecializationState,149,0,28,0,47,0,26,0,12,0
JaCoCo Coverage Report,com.google.javascript.jscomp,SanityCheck,185,0,12,0,42,0,13,0,7,0
JaCoCo Coverage Report,com.google.javascript.jscomp,RescopeGlobalSymbols.FindCrossModuleNamesCallback,62,0,14,0,17,0,9,0,2,0
JaCoCo Coverage Report,com.google.javascript.jscomp,MustBeReachingVariableDef.MustDef,54,0,6,0,15,0,8,0,5,0
JaCoCo Coverage Report,com.google.javascript.jscomp,InstrumentFunctions.RemoveCallback,26,0,6,0,9,0,5,0,2,0
JaCoCo Coverage Report,com.google.javascript.jscomp,NameAnalyzer.FindDeclarationsAndSetters,233,0,32,0,51,0,21,0,5,0
JaCoCo Coverage Report,com.google.javascript.jscomp,ReplaceIdGenerators.StableNameSupplier,6,0,0,0,2,0,2,0,2,0
JaCoCo Coverage Report,com.google.javascript.jscomp,EmptyMessageBundle,9,0,0,0,4,0,4,0,4,0
JaCoCo Coverage Report,com.google.javascript.jscomp,FlowSensitiveInlineVariables.Candidate.new Predicate() {...},30,0,7,0,8,0,6,0,2,0
JaCoCo Coverage Report,com.google.javascript.jscomp,CodingConvention.SubclassRelationship,14,0,0,0,5,0,1,0,1,0
JaCoCo Coverage Report,com.google.javascript.jscomp,UseSite,30,0,4,0,7,0,5,0,3,0
JaCoCo Coverage Report,com.google.javascript.jscomp,RenameProperties.ProcessProperties,350,0,68,0,79,0,43,0,7,0
JaCoCo Coverage Report,com.google.javascript.jscomp,DefinitionsRemover.ExternalNameOnlyDefinition,10,0,0,0,3,0,2,0,2,0
JaCoCo Coverage Report,com.google.javascript.jscomp,TypeInferencePass,163,0,10,0,36,0,11,0,6,0
JaCoCo Coverage Report,com.google.javascript.jscomp,FlowSensitiveInlineVariables.Candidate.new ControlFlowGraph.AbstractCfgNodeTraversalCallback() {...},45,0,11,0,10,0,8,0,2,0
JaCoCo Coverage Report,com.google.javascript.jscomp,FlowSensitiveInlineVariables.Candidate.new Predicate() {...},13,0,2,0,2,0,3,0,2,0
JaCoCo Coverage Report,com.google.javascript.jscomp,FlowSensitiveInlineVariables.Candidate.new ControlFlowGraph.AbstractCfgNodeTraversalCallback() {...},54,0,14,0,11,0,10,0,3,0
JaCoCo Coverage Report,com.google.javascript.jscomp,CoalesceVariableNames,498,5,92,0,131,1,54,1,8,1
JaCoCo Coverage Report,com.google.javascript.jscomp,DefaultPassConfig.108.new CompilerPass() {...},54,0,0,0,13,0,2,0,2,0
JaCoCo Coverage Report,com.google.javascript.jscomp,RhinoErrorReporter,79,100,6,0,15,35,7,5,4,5
JaCoCo Coverage Report,com.google.javascript.jscomp,FunctionInformationMap.Module,351,0,38,0,103,0,52,0,33,0
JaCoCo Coverage Report,com.google.javascript.jscomp,DefaultPassConfig.94.new CompilerPass() {...},28,0,0,0,3,0,2,0,2,0
JaCoCo Coverage Report,com.google.javascript.jscomp,SideEffectsAnalysis.new Predicate() {...},10,0,2,0,2,0,3,0,2,0
JaCoCo Coverage Report,com.google.javascript.jscomp,SideEffectsAnalysis.new Predicate() {...},19,0,6,0,3,0,5,0,2,0
JaCoCo Coverage Report,com.google.javascript.jscomp,SideEffectsAnalysis.new Predicate() {...},16,0,4,0,2,0,4,0,2,0
JaCoCo Coverage Report,com.google.javascript.jscomp,NameAnalyzer.TriState,34,0,0,0,4,0,1,0,1,0
JaCoCo Coverage Report,com.google.javascript.jscomp,CoverageInstrumentationPass.CoverageReach,24,0,0,0,3,0,1,0,1,0
JaCoCo Coverage Report,com.google.javascript.jscomp,CoverageUtil,5,0,0,0,1,0,1,0,1,0
JaCoCo Coverage Report,com.google.javascript.jscomp,DefaultPassConfig.9.new CompilerPass() {...},35,0,2,0,6,0,3,0,2,0
JaCoCo Coverage Report,com.google.javascript.jscomp,Instrumentation,617,0,66,0,165,0,78,0,45,0
JaCoCo Coverage Report,com.google.javascript.jscomp,BasicErrorManager.ErrorWithLevel,9,0,0,0,4,0,1,0,1,0
JaCoCo Coverage Report,com.google.javascript.jscomp,MaybeReachingVariableUse,314,0,46,0,77,0,36,0,10,0
JaCoCo Coverage Report,com.google.javascript.jscomp,ChainCalls.GatherFunctions,57,0,8,0,15,0,9,0,5,0
JaCoCo Coverage Report,com.google.javascript.jscomp,CombinedCompilerPass.CallbackWrapper,81,0,20,0,22,0,16,0,6,0
JaCoCo Coverage Report,com.google.javascript.jscomp,DataFlowAnalysis.new NodeTraversal.AbstractPostOrderCallback() {...},45,0,10,0,9,0,7,0,2,0
JaCoCo Coverage Report,com.google.javascript.jscomp,GatherCharacterEncodingBias,283,0,57,0,100,0,52,0,7,0
JaCoCo Coverage Report,com.google.javascript.jscomp,ClosureRewriteClass,667,25,100,0,176,6,68,1,17,1
JaCoCo Coverage Report,com.google.javascript.jscomp,CollapseAnonymousFunctions.Callback,127,0,30,0,37,0,19,0,4,0
JaCoCo Coverage Report,com.google.javascript.jscomp,SourceMap.Format,0,44,0,0,0,5,0,1,0,1
JaCoCo Coverage Report,com.google.javascript.jscomp,NodeTraversal.AbstractNodeTypePruningCallback,27,0,2,0,7,0,4,0,3,0
JaCoCo Coverage Report,com.google.javascript.jscomp,VariableVisibilityAnalysis,115,0,20,0,28,0,14,0,4,0
JaCoCo Coverage Report,com.google.javascript.jscomp,FunctionRewriter,151,0,18,0,32,0,13,0,4,0
JaCoCo Coverage Report,com.google.javascript.jscomp,PureFunctionIdentifier.FunctionInformation,249,0,40,0,71,0,41,0,21,0
JaCoCo Coverage Report,com.google.javascript.jscomp,JsMessageVisitor.MessageLocation,9,0,0,0,4,0,1,0,1,0
JaCoCo Coverage Report,com.google.javascript.jscomp,GatherRawExports,78,12,16,0,24,1,13,1,5,1
JaCoCo Coverage Report,com.google.javascript.jscomp,ReplaceStrings.new Predicate() {...},11,0,2,0,2,0,3,0,2,0
JaCoCo Coverage Report,com.google.javascript.jscomp,SourceFile,388,50,38,2,89,18,43,8,23,8
JaCoCo Coverage Report,com.google.javascript.jscomp,JSModule,329,43,26,0,91,14,36,5,23,5
JaCoCo Coverage Report,com.google.javascript.jscomp,MakeDeclaredNamesUnique.ContextualRenamer,99,0,8,0,26,0,13,0,9,0
JaCoCo Coverage Report,com.google.javascript.jscomp,ReplaceStrings.Config,12,0,0,0,4,0,1,0,1,0
JaCoCo Coverage Report,com.google.javascript.jscomp,OptimizeReturns.new NodeUtil.Visitor() {...},47,0,8,0,12,0,6,0,2,0
JaCoCo Coverage Report,com.google.javascript.jscomp,FunctionInjector,775,150,157,37,203,45,101,19,13,7
JaCoCo Coverage Report,com.google.javascript.jscomp,Tracer.new Tracer.InternalClock() {...},0,5,0,0,0,2,0,2,0,2
JaCoCo Coverage Report,com.google.javascript.jscomp,NodeTraversal.AbstractShallowStatementCallback,15,0,6,0,3,0,5,0,2,0
JaCoCo Coverage Report,com.google.javascript.jscomp,CompilerOptions.NullAliasTransformationHandler.NullAliasTransformation,1,0,0,0,1,0,1,0,1,0
JaCoCo Coverage Report,com.google.javascript.jscomp,InlineFunctions.FunctionState,217,0,26,0,66,0,40,0,27,0
JaCoCo Coverage Report,com.google.javascript.jscomp,ReplaceCssNames,36,17,0,0,11,8,3,1,3,1
JaCoCo Coverage Report,com.google.javascript.jscomp,RenameVars.ProcessVars,216,0,46,0,59,0,28,0,5,0
JaCoCo Coverage Report,com.google.javascript.jscomp,StrictWarningsGuard,25,0,4,0,7,0,6,0,4,0
JaCoCo Coverage Report,com.google.javascript.jscomp,TightenTypes.NativeCallFunctionCall,79,0,8,0,19,0,6,0,2,0
JaCoCo Coverage Report,com.google.javascript.jscomp,RenameVars2.Assignment,30,0,2,0,9,0,3,0,2,0
JaCoCo Coverage Report,com.google.javascript.jscomp,NameGenerator,373,7,40,0,70,4,27,1,7,1
JaCoCo Coverage Report,com.google.javascript.jscomp,ProcessDefines.CollectDefines,424,0,64,0,95,0,41,0,9,0
JaCoCo Coverage Report,com.google.javascript.jscomp,InlineCostEstimator.CompiledSizeEstimator,63,0,2,0,21,0,9,0,8,0
JaCoCo Coverage Report,com.google.javascript.jscomp,InlineVariables.Mode,34,0,0,0,4,0,1,0,1,0
JaCoCo Coverage Report,com.google.javascript.jscomp,LinkedFlowScope,487,0,86,0,114,0,64,0,21,0
JaCoCo Coverage Report,com.google.javascript.jscomp,DefaultPassConfig,2536,32,318,0,449,16,182,1,22,1
JaCoCo Coverage Report,com.google.javascript.jscomp,CheckMissingGetCssName,177,5,40,0,42,2,27,1,7,1
JaCoCo Coverage Report,com.google.javascript.jscomp,SideEffectsAnalysis.LocationSummary,15,0,0,0,6,0,3,0,3,0
JaCoCo Coverage Report,com.google.javascript.jscomp,NameAnonymousFunctions,44,5,0,0,9,2,2,1,2,1
JaCoCo Coverage Report,com.google.javascript.jscomp,PeepholeCollectPropertyAssignments,408,0,99,0,125,0,60,0,10,0
JaCoCo Coverage Report,com.google.javascript.jscomp,AnalyzeNameReferences.NameInfo,59,0,8,0,18,0,8,0,4,0
JaCoCo Coverage Report,com.google.javascript.jscomp,ExtractPrototypeMemberDeclarations.ExtractionInstance,73,0,10,0,17,0,7,0,2,0
JaCoCo Coverage Report,com.google.javascript.jscomp,TightenTypes.CreateScope,889,0,143,0,210,0,88,0,12,0
JaCoCo Coverage Report,com.google.javascript.jscomp,DefaultPassConfig.28.new HotSwapCompilerPass() {...},40,0,0,0,7,0,3,0,3,0
JaCoCo Coverage Report,com.google.javascript.jscomp,WarningsGuard.Priority,3,89,0,0,1,11,1,2,1,2
JaCoCo Coverage Report,com.google.javascript.jscomp,ExternExportsPass.SymbolExport,23,0,2,0,7,0,3,0,2,0
JaCoCo Coverage Report,com.google.javascript.jscomp,RescopeGlobalSymbols,171,0,6,0,25,0,9,0,6,0
JaCoCo Coverage Report,com.google.javascript.jscomp,PerformanceTracker,672,0,42,0,138,0,36,0,14,0
JaCoCo Coverage Report,com.google.javascript.jscomp,JvmMetrics,824,0,70,0,156,0,46,0,11,0
JaCoCo Coverage Report,com.google.javascript.jscomp,MinimizedCondition,410,0,21,0,83,0,21,0,9,0
JaCoCo Coverage Report,com.google.javascript.jscomp,GlobalNamespace,234,0,28,0,57,0,35,0,21,0
JaCoCo Coverage Report,com.google.javascript.jscomp,PreprocessorSymbolTable,80,0,2,0,20,0,11,0,10,0
JaCoCo Coverage Report,com.google.javascript.jscomp,CreateSyntheticBlocks.Marker,12,0,0,0,4,0,1,0,1,0
JaCoCo Coverage Report,com.google.javascript.jscomp,DeadAssignmentsElimination.VariableLiveness,34,0,0,0,4,0,1,0,1,0
JaCoCo Coverage Report,com.google.javascript.jscomp,FunctionNames.FunctionListExtractor,40,0,2,0,11,0,3,0,2,0
JaCoCo Coverage Report,com.google.javascript.jscomp,ReferenceCollectingCallback,222,5,25,0,51,1,26,1,13,1
JaCoCo Coverage Report,com.google.javascript.jscomp,DefinitionsRemover.FunctionArgumentDefinition,16,0,0,0,5,0,2,0,2,0
JaCoCo Coverage Report,com.google.javascript.jscomp,ClosureOptimizePrimitives,117,0,16,0,37,0,12,0,4,0
JaCoCo Coverage Report,com.google.javascript.jscomp,MethodCompilerPass.GatherSignatures,113,0,22,0,25,0,15,0,3,0
JaCoCo Coverage Report,com.google.javascript.jscomp,AliasStrings,439,5,63,0,106,2,42,1,10,1
JaCoCo Coverage Report,com.google.javascript.jscomp,FunctionTypeBuilder.AstFunctionContents,90,0,12,0,27,0,18,0,12,0
JaCoCo Coverage Report,com.google.javascript.jscomp,NameAnalyzer.FindReferences.NodeAccumulator,54,0,4,0,18,0,7,0,5,0
JaCoCo Coverage Report,com.google.javascript.jscomp,ShadowVariables,51,0,2,0,14,0,3,0,2,0
JaCoCo Coverage Report,com.google.javascript.jscomp,DefaultPassConfig.30.new HotSwapCompilerPass() {...},49,0,0,0,9,0,3,0,3,0
JaCoCo Coverage Report,com.google.javascript.jscomp,MustBeReachingVariableDef.new ControlFlowGraph.AbstractCfgNodeTraversalCallback() {...},34,0,4,0,7,0,4,0,2,0
JaCoCo Coverage Report,com.google.javascript.jscomp,ScopedAliases.Traversal,710,0,116,0,169,0,76,0,18,0
JaCoCo Coverage Report,com.google.javascript.jscomp,GatherSideEffectSubexpressionsCallback,255,0,42,0,65,0,30,0,9,0
JaCoCo Coverage Report,com.google.javascript.jscomp,TransformAMDToCJSModule.TransformAMDModulesCallback,413,0,68,0,105,0,41,0,7,0
JaCoCo Coverage Report,com.google.javascript.jscomp,NodeNameExtractor,163,0,19,0,34,0,15,0,2,0
JaCoCo Coverage Report,com.google.javascript.jscomp,SymbolTable.ThisRefCollector,163,0,20,0,43,0,15,0,5,0
JaCoCo Coverage Report,com.google.javascript.jscomp,FunctionRewriter.SetterReducer,97,0,20,0,29,0,13,0,3,0
JaCoCo Coverage Report,com.google.javascript.jscomp,AnalyzePrototypeProperties.NameContext,12,0,0,0,4,0,1,0,1,0
JaCoCo Coverage Report,com.google.javascript.jscomp,CheckEventfulObjectDisposal.DisposalCheckingPolicy,0,34,0,0,0,4,0,1,0,1
JaCoCo Coverage Report,com.google.javascript.jscomp,PropertyRenamingPolicy,0,54,0,0,0,6,0,1,0,1
JaCoCo Coverage Report,com.google.javascript.jscomp,ProcessDefines.DefineInfo,34,0,0,0,13,0,5,0,5,0
JaCoCo Coverage Report,com.google.javascript.jscomp,UnreachableCodeElimination,22,0,0,0,8,0,3,0,3,0
JaCoCo Coverage Report,com.google.javascript.jscomp,SymbolTable.SymbolScope,197,0,34,0,44,0,33,0,16,0
JaCoCo Coverage Report,com.google.javascript.jscomp,AmbiguateProperties.PropertyGraph,67,0,4,0,14,0,8,0,6,0
JaCoCo Coverage Report,com.google.javascript.jscomp,FlowSensitiveInlineVariables.new Predicate() {...},45,3,18,0,12,1,10,1,1,1
JaCoCo Coverage Report,com.google.javascript.jscomp,ExternExportsPass,226,0,28,0,66,0,21,0,7,0
JaCoCo Coverage Report,com.google.javascript.jscomp,Result,62,0,2,0,17,0,3,0,2,0
JaCoCo Coverage Report,com.google.javascript.jscomp,MinimizedCondition.MeasuredNode,165,0,17,0,41,0,19,0,9,0
JaCoCo Coverage Report,com.google.javascript.jscomp,CheckAccessControls,1072,57,253,0,280,22,153,1,25,1
JaCoCo Coverage Report,com.google.javascript.jscomp,LightweightMessageFormatter,144,20,20,0,33,7,15,3,5,3
JaCoCo Coverage Report,com.google.javascript.jscomp,RenameLabels.LabelInfo,9,0,0,0,4,0,1,0,1,0
JaCoCo Coverage Report,com.google.javascript.jscomp,FunctionRewriter.Reduction,35,0,0,0,10,0,3,0,3,0
JaCoCo Coverage Report,com.google.javascript.jscomp,ShadowVariables2,51,0,2,0,14,0,3,0,2,0
JaCoCo Coverage Report,com.google.javascript.jscomp,AnonymousFunctionNamingPolicy,3,55,0,0,1,7,1,2,1,2
JaCoCo Coverage Report,com.google.javascript.jscomp,AbstractCompiler.LifeCycleStage,16,42,6,2,2,5,6,2,2,2
JaCoCo Coverage Report,com.google.javascript.jscomp,MaybeReachingVariableUse.ReachingUses,32,0,4,0,9,0,6,0,4,0
JaCoCo Coverage Report,com.google.javascript.jscomp,FlowSensitiveInlineVariables.GatherCandiates,30,0,2,0,8,0,3,0,2,0
JaCoCo Coverage Report,com.google.javascript.jscomp,PeepholeSubstituteAlternateSyntax,1085,20,215,0,286,8,137,1,21,1
JaCoCo Coverage Report,com.google.javascript.jscomp,CheckGlobalThis,198,5,72,0,56,1,41,1,5,1
JaCoCo Coverage Report,com.google.javascript.jscomp,AnalyzePrototypeProperties.ProcessProperties,656,0,127,0,153,0,78,0,14,0
JaCoCo Coverage Report,com.google.javascript.jscomp,GlobalNamespace.Tracker,121,0,14,0,25,0,9,0,2,0
JaCoCo Coverage Report,com.google.javascript.jscomp,ExploitAssigns,261,0,68,0,81,0,43,0,7,0
JaCoCo Coverage Report,com.google.javascript.jscomp,JSSourceFile,69,0,0,0,14,0,11,0,11,0
JaCoCo Coverage Report,com.google.javascript.jscomp,AnalyzePrototypeProperties.LiteralProperty,44,0,0,0,15,0,6,0,6,0
JaCoCo Coverage Report,com.google.javascript.jscomp,SourceFile.Preloaded,0,10,0,0,0,4,0,1,0,1
JaCoCo Coverage Report,com.google.javascript.jscomp,FunctionRewriter.ReturnConstantReducer,34,0,8,0,12,0,7,0,3,0
JaCoCo Coverage Report,com.google.javascript.jscomp,RenameVars.Assignment,30,0,2,0,9,0,3,0,2,0
JaCoCo Coverage Report,com.google.javascript.jscomp,XtbMessageBundle,120,0,2,0,34,0,8,0,7,0
JaCoCo Coverage Report,com.google.javascript.jscomp,GoogleJsMessageIdGenerator.MessageId,31,0,6,0,5,0,4,0,1,0
JaCoCo Coverage Report,com.google.javascript.jscomp,IgnoreCajaProperties,19,0,0,0,6,0,2,0,2,0
JaCoCo Coverage Report,com.google.javascript.jscomp,StrictModeCheck.NonExternChecks,83,0,18,0,18,0,13,0,4,0
JaCoCo Coverage Report,com.google.javascript.jscomp,MethodCompilerPass.GetExternMethods,105,0,17,0,24,0,11,0,2,0
JaCoCo Coverage Report,com.google.javascript.jscomp,Compiler.new Callable() {...},76,0,6,0,16,0,5,0,2,0
JaCoCo Coverage Report,com.google.javascript.jscomp,TypedScopeCreator.AbstractScopeBuilder,2537,0,598,0,627,0,340,0,35,0
JaCoCo Coverage Report,com.google.javascript.jscomp,Compiler.new Callable() {...},64,0,6,0,13,0,5,0,2,0
JaCoCo Coverage Report,com.google.javascript.jscomp,DisambiguateProperties.FindExternProperties,61,0,6,0,12,0,5,0,2,0
JaCoCo Coverage Report,com.google.javascript.jscomp,WarningsGuard,4,6,0,0,2,2,2,2,2,2
JaCoCo Coverage Report,com.google.javascript.jscomp,CssRenamingMap.ByPart,5,0,0,0,2,0,2,0,2,0
JaCoCo Coverage Report,com.google.javascript.jscomp,SymbolTable.PropertyRefCollector,225,0,42,0,65,0,28,0,7,0
JaCoCo Coverage Report,com.google.javascript.jscomp,DefaultPassConfig.ClearTypedScope,10,0,0,0,3,0,2,0,2,0
JaCoCo Coverage Report,com.google.javascript.jscomp,MustBeReachingVariableDef.Definition,44,0,4,0,11,0,6,0,4,0
JaCoCo Coverage Report,com.google.javascript.jscomp,RescopeGlobalSymbols.RewriteGlobalFunctionStatementsToVarAssignmentsCallback,42,0,4,0,12,0,4,0,2,0
JaCoCo Coverage Report,com.google.javascript.jscomp,Compiler.new ThreadFactory() {...},8,3,0,0,1,1,1,1,1,1
JaCoCo Coverage Report,com.google.javascript.jscomp,Normalize.VerifyConstants,164,0,28,0,38,0,17,0,3,0
JaCoCo Coverage Report,com.google.javascript.jscomp,Compiler.new Callable() {...},61,0,6,0,14,0,5,0,2,0
JaCoCo Coverage Report,com.google.javascript.jscomp,Compiler.new Callable() {...},13,0,0,0,3,0,2,0,2,0
JaCoCo Coverage Report,com.google.javascript.jscomp,Compiler.new Supplier() {...},5,9,0,0,1,1,1,1,1,1
JaCoCo Coverage Report,com.google.javascript.jscomp,NameReferenceGraph,202,0,16,0,46,0,15,0,7,0
JaCoCo Coverage Report,com.google.javascript.jscomp,Compiler.new PassFactory() {...},5,8,0,0,1,1,1,1,1,1
JaCoCo Coverage Report,com.google.javascript.jscomp,Compiler.new Callable() {...},62,0,2,0,12,0,3,0,2,0
JaCoCo Coverage Report,com.google.javascript.jscomp,Compiler.new Callable() {...},49,0,4,0,11,0,4,0,2,0
JaCoCo Coverage Report,com.google.javascript.jscomp,DefaultPassConfig.85.new CompilerPass() {...},32,0,0,0,5,0,2,0,2,0
JaCoCo Coverage Report,com.google.javascript.jscomp,PeepholeOptimizationsPass.new NodeTraversal.FunctionCallback() {...},35,0,6,0,7,0,5,0,2,0
JaCoCo Coverage Report,com.google.javascript.jscomp,TypeInferencePass.SecondScopeBuildingCallback,15,0,0,0,4,0,3,0,3,0
JaCoCo Coverage Report,com.google.javascript.jscomp,CrossModuleCodeMotion,494,5,115,0,132,2,68,1,9,1
JaCoCo Coverage Report,com.google.javascript.jscomp,DefinitionsRemover.FunctionExpressionDefinition,17,0,0,0,6,0,2,0,2,0
JaCoCo Coverage Report,com.google.javascript.jscomp,ClosureRewriteClass.MemberDefinition,12,0,0,0,5,0,1,0,1,0
JaCoCo Coverage Report,com.google.javascript.jscomp,MoveFunctionDeclarations,106,0,16,0,27,0,12,0,4,0
JaCoCo Coverage Report,com.google.javascript.jscomp,CodingConventions,0,5,0,0,0,1,0,1,0,1
JaCoCo Coverage Report,com.google.javascript.jscomp,DeadAssignmentsElimination,560,0,124,0,168,0,76,0,12,0
JaCoCo Coverage Report,com.google.javascript.jscomp,SideEffectsAnalysis.LocationAbstraction,37,0,2,0,8,0,2,0,1,0
JaCoCo Coverage Report,com.google.javascript.jscomp,BasicErrorManager.LeveledJSErrorComparator,118,3,40,0,33,1,21,1,1,1
JaCoCo Coverage Report,com.google.javascript.jscomp,ProcessCommonJSModules.SuffixVarsCallback,62,0,10,0,15,0,7,0,2,0
JaCoCo Coverage Report,com.google.javascript.jscomp,CompilationLevel,278,0,7,0,90,0,12,0,7,0
JaCoCo Coverage Report,com.google.javascript.jscomp,TypeCheck.SuggestionPair,9,0,0,0,4,0,1,0,1,0
JaCoCo Coverage Report,com.google.javascript.jscomp,GlobalNamespace.Ref.Type,74,0,0,0,8,0,1,0,1,0
JaCoCo Coverage Report,com.google.javascript.jscomp,CodingConventions.DefaultCodingConvention,192,2,34,0,62,1,50,1,33,1
JaCoCo Coverage Report,com.google.javascript.jscomp,JsAst,37,88,4,4,10,24,5,7,2,6
JaCoCo Coverage Report,com.google.javascript.jscomp,Instrumentation.Builder,978,0,84,0,275,0,100,0,55,0
JaCoCo Coverage Report,com.google.javascript.jscomp,CssRenamingMap.Style,24,0,0,0,3,0,1,0,1,0
JaCoCo Coverage Report,com.google.javascript.jscomp,NameAnalyzer.ReferencePropagationCallback,13,0,4,0,4,0,3,0,1,0
JaCoCo Coverage Report,com.google.javascript.jscomp,CompilerOptions.TweakProcessing,14,34,4,0,2,4,4,1,2,1
JaCoCo Coverage Report,com.google.javascript.jscomp,ExpressionDecomposer.DecompositionType,0,34,0,0,0,4,0,1,0,1
JaCoCo Coverage Report,com.google.javascript.jscomp,FieldCleanupPass.QualifiedNameSearchTraversal,68,0,14,0,19,0,11,0,4,0
JaCoCo Coverage Report,com.google.javascript.jscomp,NameAnalyzer.NameInformation,21,0,0,0,7,0,1,0,1,0
JaCoCo Coverage Report,com.google.javascript.jscomp,AmbiguateProperties.ProcessProperties,102,0,12,0,26,0,11,0,4,0
JaCoCo Coverage Report,com.google.javascript.jscomp,SimpleDefinitionFinder.DefinitionGatheringCallback,233,0,52,0,57,0,29,0,3,0
JaCoCo Coverage Report,com.google.javascript.jscomp,FindExportableNodes,181,9,42,0,45,4,26,1,3,1
JaCoCo Coverage Report,com.google.javascript.jscomp,JsMessage.Hash,862,0,56,0,89,0,34,0,6,0
JaCoCo Coverage Report,com.google.javascript.jscomp,ConcreteType.ConcreteUnionType,196,0,32,0,45,0,26,0,10,0
JaCoCo Coverage Report,com.google.javascript.jscomp,SpecializeModule.new SpecializeModule.NodeMatcher() {...},32,0,4,0,6,0,5,0,3,0
JaCoCo Coverage Report,com.google.javascript.jscomp,CreateSyntheticBlocks.Callback,156,0,16,0,30,0,10,0,2,0
JaCoCo Coverage Report,com.google.javascript.jscomp,GoogleCodingConvention,84,14,20,0,17,6,17,3,7,3
JaCoCo Coverage Report,com.google.javascript.jscomp,MakeDeclaredNamesUnique.ContextualRenameInverter,254,0,36,0,69,0,31,0,13,0
JaCoCo Coverage Report,com.google.javascript.jscomp,AliasStrings.StringInfo,166,0,30,0,37,0,18,0,3,0
JaCoCo Coverage Report,com.google.javascript.jscomp,SymbolTable,1643,5,266,0,403,2,182,1,49,1
JaCoCo Coverage Report,com.google.javascript.jscomp,JSModuleGraph,853,0,94,0,195,0,66,0,19,0
JaCoCo Coverage Report,com.google.javascript.jscomp,ControlFlowAnalysis,1537,0,274,0,390,0,192,0,39,0
JaCoCo Coverage Report,com.google.javascript.jscomp,AnalyzePrototypeProperties,227,0,14,0,51,0,12,0,5,0
JaCoCo Coverage Report,com.google.javascript.jscomp,ProcessCommonJSModules,136,0,8,0,31,0,12,0,8,0
JaCoCo Coverage Report,com.google.javascript.jscomp,AmbiguateProperties.new Comparator() {...},17,3,2,0,3,1,2,1,1,1
JaCoCo Coverage Report,com.google.javascript.jscomp,CrossModuleCodeMotion.Declaration,12,0,0,0,4,0,1,0,1,0
JaCoCo Coverage Report,com.google.javascript.jscomp,CheckSuspiciousCode,86,9,13,0,26,3,13,1,6,1
JaCoCo Coverage Report,com.google.javascript.jscomp,CommandLineRunner.FormattingOption,64,0,4,0,13,0,5,0,2,0
JaCoCo Coverage Report,com.google.javascript.jscomp,ReferenceCollectingCallback.new ReferenceCollectingCallback.Behavior() {...},1,3,0,0,1,1,1,1,1,1
JaCoCo Coverage Report,com.google.javascript.jscomp,DefaultPassConfig.new PassFactory() {...},57,0,0,0,3,0,2,0,2,0
JaCoCo Coverage Report,com.google.javascript.jscomp,RenamePrototypes.new Comparator() {...},22,0,2,0,6,0,3,0,2,0
JaCoCo Coverage Report,com.google.javascript.jscomp,DefaultPassConfig.new PassFactory() {...},67,0,0,0,3,0,2,0,2,0
JaCoCo Coverage Report,com.google.javascript.jscomp,DefaultPassConfig.new DefaultPassConfig.HotSwapPassFactory() {...},13,0,0,0,2,0,2,0,2,0
JaCoCo Coverage Report,com.google.javascript.jscomp,Normalize.ScopeTicklingCallback,14,0,0,0,6,0,5,0,5,0
JaCoCo Coverage Report,com.google.javascript.jscomp,DefaultPassConfig.new PassFactory() {...},20,0,0,0,3,0,2,0,2,0
JaCoCo Coverage Report,com.google.javascript.jscomp,TransformAMDToCJSModule,55,0,6,0,16,0,8,0,5,0
JaCoCo Coverage Report,com.google.javascript.jscomp,DefaultPassConfig.new DefaultPassConfig.HotSwapPassFactory() {...},17,0,0,0,2,0,2,0,2,0
JaCoCo Coverage Report,com.google.javascript.jscomp,DefaultPassConfig.new PassFactory() {...},13,0,0,0,2,0,2,0,2,0
JaCoCo Coverage Report,com.google.javascript.jscomp,DefaultPassConfig.new DefaultPassConfig.HotSwapPassFactory() {...},15,0,0,0,2,0,2,0,2,0
JaCoCo Coverage Report,com.google.javascript.jscomp,CommandLineRunner.Flags.WarningGuardOffOptionHandler,11,0,0,0,2,0,1,0,1,0
JaCoCo Coverage Report,com.google.javascript.jscomp,DefaultPassConfig.new PassFactory() {...},14,0,0,0,2,0,2,0,2,0
JaCoCo Coverage Report,com.google.javascript.jscomp,DefaultPassConfig.new DefaultPassConfig.HotSwapPassFactory() {...},14,0,0,0,2,0,2,0,2,0
JaCoCo Coverage Report,com.google.javascript.jscomp,DefinitionsRemover.AssignmentDefinition,36,0,0,0,11,0,4,0,4,0
JaCoCo Coverage Report,com.google.javascript.jscomp,DefaultPassConfig.new DefaultPassConfig.HotSwapPassFactory() {...},14,0,0,0,2,0,2,0,2,0
JaCoCo Coverage Report,com.google.javascript.jscomp,ComposeWarningsGuard.GuardComparator,0,30,0,2,0,8,0,3,0,2
JaCoCo Coverage Report,com.google.javascript.jscomp,ExtractPrototypeMemberDeclarations.GatherExtractionInfo,75,0,12,0,17,0,9,0,3,0
JaCoCo Coverage Report,com.google.javascript.jscomp,ScopedAliases.AliasedTypeNode,38,0,0,0,11,0,2,0,2,0
JaCoCo Coverage Report,com.google.javascript.jscomp,InlineFunctions.NamedFunction,34,0,0,0,9,0,5,0,5,0
JaCoCo Coverage Report,com.google.javascript.jscomp,CallGraph.new Predicate() {...},30,0,6,0,5,0,5,0,2,0
JaCoCo Coverage Report,com.google.javascript.jscomp,TypedScopeCreator.StubDeclaration,12,0,0,0,5,0,1,0,1,0
JaCoCo Coverage Report,com.google.javascript.jscomp,CallGraph.new NodeTraversal.AbstractPostOrderCallback() {...},69,0,10,0,16,0,7,0,2,0
JaCoCo Coverage Report,com.google.javascript.jscomp,RenameVars,638,0,74,0,142,0,50,0,13,0
JaCoCo Coverage Report,com.google.javascript.jscomp,RenameLabels.LabelNamespace,8,0,0,0,2,0,1,0,1,0
JaCoCo Coverage Report,com.google.javascript.jscomp,InlineVariables.IdentifyLocals,10,0,0,0,2,0,2,0,2,0
JaCoCo Coverage Report,com.google.javascript.jscomp,DefaultPassConfig.new DefaultPassConfig.HotSwapPassFactory() {...},30,0,0,0,5,0,2,0,2,0
JaCoCo Coverage Report,com.google.javascript.jscomp,CheckMissingReturn.new Predicate() {...},42,3,12,0,11,1,7,1,1,1
JaCoCo Coverage Report,com.google.javascript.jscomp,CheckMissingReturn.new Predicate() {...},9,3,4,0,1,1,3,1,1,1
JaCoCo Coverage Report,com.google.javascript.jscomp,DefaultPassConfig.new PassFactory() {...},13,0,0,0,2,0,2,0,2,0
JaCoCo Coverage Report,com.google.javascript.jscomp,FunctionInformationMap,313,24,26,0,74,9,47,3,34,3
JaCoCo Coverage Report,com.google.javascript.jscomp,CodingConvention.AssertionFunctionSpec,29,0,2,0,9,0,6,0,5,0
JaCoCo Coverage Report,com.google.javascript.jscomp,DefaultPassConfig.new PassFactory() {...},13,0,0,0,2,0,2,0,2,0
JaCoCo Coverage Report,com.google.javascript.jscomp,DefaultPassConfig.new PassFactory() {...},22,0,0,0,3,0,2,0,2,0
JaCoCo Coverage Report,com.google.javascript.jscomp,DefaultPassConfig.new PassFactory() {...},24,0,0,0,3,0,2,0,2,0
JaCoCo Coverage Report,com.google.javascript.jscomp,DefaultPassConfig.new DefaultPassConfig.HotSwapPassFactory() {...},24,0,0,0,5,0,2,0,2,0
JaCoCo Coverage Report,com.google.javascript.jscomp,DefaultPassConfig.new DefaultPassConfig.HotSwapPassFactory() {...},13,0,0,0,2,0,2,0,2,0
JaCoCo Coverage Report,com.google.javascript.jscomp,AmbiguateProperties.ProcessExterns,38,0,5,0,10,0,5,0,2,0
JaCoCo Coverage Report,com.google.javascript.jscomp,DefaultPassConfig.new PassFactory() {...},33,0,4,0,4,0,4,0,2,0
JaCoCo Coverage Report,com.google.javascript.jscomp,DefaultPassConfig.new PassFactory() {...},14,0,0,0,2,0,2,0,2,0
JaCoCo Coverage Report,com.google.javascript.jscomp,DefaultPassConfig.new PassFactory() {...},21,0,0,0,2,0,2,0,2,0
JaCoCo Coverage Report,com.google.javascript.jscomp,InlineProperties.ReplaceCandidates,86,0,16,0,20,0,11,0,3,0
JaCoCo Coverage Report,com.google.javascript.jscomp,RenameVars2.ProcessVars,216,0,46,0,59,0,28,0,5,0
JaCoCo Coverage Report,com.google.javascript.jscomp,JsMessage.Builder,226,0,20,0,57,0,28,0,18,0
JaCoCo Coverage Report,com.google.javascript.jscomp,AbstractMessageFormatter,43,17,5,0,10,7,7,3,4,3
JaCoCo Coverage Report,com.google.javascript.jscomp,ShadowVariables.DoShadowVariables,258,0,36,0,58,0,24,0,6,0
JaCoCo Coverage Report,com.google.javascript.jscomp,ReferenceCollectingCallback.Reference,227,9,40,0,49,2,41,1,21,1
JaCoCo Coverage Report,com.google.javascript.jscomp,DeadAssignmentsElimination.new Predicate() {...},20,0,8,0,4,0,6,0,2,0
JaCoCo Coverage Report,com.google.javascript.jscomp,NameReferenceGraphReport.DiGraphNodeComparator,50,0,8,0,12,0,6,0,2,0
JaCoCo Coverage Report,com.google.javascript.jscomp,ProcessTweaks.CollectTweaks,206,0,24,0,49,0,15,0,2,0
JaCoCo Coverage Report,com.google.javascript.jscomp,Scope.Var,224,0,30,0,54,0,46,0,31,0
JaCoCo Coverage Report,com.google.javascript.jscomp,CodePrinter.PrettyCodePrinter,219,0,30,0,69,0,35,0,18,0
JaCoCo Coverage Report,com.google.javascript.jscomp,ConcreteType.ConcreteNoneType,8,0,0,0,4,0,4,0,4,0
JaCoCo Coverage Report,com.google.javascript.jscomp,DefaultPassConfig.10.new HotSwapCompilerPass() {...},29,0,0,0,6,0,3,0,3,0
JaCoCo Coverage Report,com.google.javascript.jscomp,StrictModeCheck,307,41,61,0,74,10,42,1,11,1
JaCoCo Coverage Report,com.google.javascript.jscomp,ProcessClosurePrimitives.new CssRenamingMap() {...},28,0,2,0,5,0,4,0,3,0
JaCoCo Coverage Report,com.google.javascript.jscomp,DependencyOptions,46,23,6,2,13,6,12,2,8,2
JaCoCo Coverage Report,com.google.javascript.jscomp,TypeInference,2477,0,451,0,683,0,290,0,51,0
JaCoCo Coverage Report,com.google.javascript.jscomp,CommandLineRunner.Flags.WarningGuardSetter,31,0,0,0,9,0,4,0,4,0
JaCoCo Coverage Report,com.google.javascript.jscomp,GlobalNamespace.Name.Type,54,0,0,0,6,0,1,0,1,0
JaCoCo Coverage Report,com.google.javascript.jscomp,CodingConvention.Bind,29,0,2,0,10,0,3,0,2,0
JaCoCo Coverage Report,com.google.javascript.jscomp,CodingConvention.DelegateRelationship,9,0,0,0,4,0,1,0,1,0
JaCoCo Coverage Report,com.google.javascript.jscomp,StripCode.Strip,637,0,133,0,171,0,89,0,19,0
JaCoCo Coverage Report,com.google.javascript.jscomp,SourceFile.Builder,51,17,0,0,10,4,7,2,7,2
JaCoCo Coverage Report,com.google.javascript.jscomp,TightenTypes.Assignment,15,0,0,0,6,0,1,0,1,0
JaCoCo Coverage Report,com.google.javascript.jscomp,PreprocessorSymbolTable.Reference,5,0,0,0,2,0,1,0,1,0
JaCoCo Coverage Report,com.google.javascript.jscomp,AliasExternals,690,0,56,0,160,0,47,0,19,0
JaCoCo Coverage Report,com.google.javascript.jscomp,RuntimeTypeCheck.AddChecks,276,0,44,0,79,0,28,0,6,0
JaCoCo Coverage Report,com.google.javascript.jscomp,RenamePrototypes.Property,132,0,28,0,29,0,19,0,5,0
JaCoCo Coverage Report,com.google.javascript.jscomp,ControlFlowAnalysis.AstControlFlowGraph,33,0,2,0,9,0,4,0,3,0
JaCoCo Coverage Report,com.google.javascript.jscomp,ExternExportsPass.PropertyExport,90,0,6,0,13,0,5,0,2,0
JaCoCo Coverage Report,com.google.javascript.jscomp,NodeIterators.LocalVarMotion,210,0,44,0,53,0,29,0,7,0
JaCoCo Coverage Report,com.google.javascript.jscomp,Compiler,2840,795,305,68,687,217,304,49,128,37
JaCoCo Coverage Report,com.google.javascript.jscomp,RenameVars2.new Comparator() {...},9,0,0,0,2,0,2,0,2,0
JaCoCo Coverage Report,com.google.javascript.jscomp,RenameVars2.new Comparator() {...},19,0,2,0,4,0,3,0,2,0
JaCoCo Coverage Report,com.google.javascript.jscomp,RenameLabels,42,0,0,0,12,0,4,0,4,0
JaCoCo Coverage Report,com.google.javascript.jscomp,InlineFunctions.Reference,15,0,0,0,5,0,1,0,1,0
JaCoCo Coverage Report,com.google.javascript.jscomp,FunctionNames.FunctionRecord,12,0,0,0,5,0,1,0,1,0
JaCoCo Coverage Report,com.google.javascript.jscomp,MinimizedCondition.MinimizationStyle,24,0,0,0,3,0,1,0,1,0
JaCoCo Coverage Report,com.google.javascript.jscomp,DefaultPassConfig.101.new CompilerPass() {...},59,0,0,0,10,0,2,0,2,0
JaCoCo Coverage Report,com.google.javascript.jscomp,PerformanceTracker.new Comparator() {...},17,0,0,0,2,0,2,0,2,0
JaCoCo Coverage Report,com.google.javascript.jscomp,ReplaceIdGenerators.PseudoNameSuppier,42,0,2,0,8,0,4,0,3,0
JaCoCo Coverage Report,com.google.javascript.jscomp,FunctionInformationMap.Builder,1135,0,140,0,308,0,128,0,57,0
JaCoCo Coverage Report,com.google.javascript.jscomp,AbstractMessageFormatter.Color,3,45,0,0,1,7,1,2,1,2
JaCoCo Coverage Report,com.google.javascript.jscomp,CommandLineRunner.Flags,213,0,2,0,79,0,5,0,4,0
JaCoCo Coverage Report,com.google.javascript.jscomp,FunctionRewriter.SingleReturnStatementReducer,22,0,4,0,8,0,4,0,2,0
JaCoCo Coverage Report,com.google.javascript.jscomp,ReplaceIdGenerators.GatherGenerators,193,0,34,0,44,0,19,0,2,0
JaCoCo Coverage Report,com.google.javascript.jscomp,TypeCheck,3466,283,613,0,801,64,373,1,43,1
JaCoCo Coverage Report,com.google.javascript.jscomp,DisambiguateProperties.FindRenameableProperties,393,0,56,0,77,0,34,0,6,0
JaCoCo Coverage Report,com.google.javascript.jscomp,ClosureCodeRemoval,104,0,12,0,28,0,8,0,2,0
JaCoCo Coverage Report,com.google.javascript.jscomp,CollapseVariableDeclarations,152,0,16,0,41,0,12,0,4,0
JaCoCo Coverage Report,com.google.javascript.jscomp,FunctionTypeBuilder.UnknownFunctionContents,24,0,0,0,10,0,10,0,10,0
JaCoCo Coverage Report,com.google.javascript.jscomp,InstrumentMemoryAllocPass,100,0,12,0,23,0,11,0,5,0
JaCoCo Coverage Report,com.google.javascript.jscomp,InlineFunctions.FunctionVar,36,0,0,0,9,0,5,0,5,0
JaCoCo Coverage Report,com.google.javascript.jscomp,Normalize.NormalizeStatements,471,0,88,0,141,0,59,0,13,0
JaCoCo Coverage Report,com.google.javascript.jscomp,LightweightMessageFormatter.LineNumberingFormatter,116,3,12,0,33,1,8,1,2,1
JaCoCo Coverage Report,com.google.javascript.jscomp,InlineObjectLiterals.InliningBehavior.new NodeUtil.Visitor() {...},23,0,2,0,4,0,3,0,2,0
JaCoCo Coverage Report,com.google.javascript.jscomp,DefinitionsRemover.ObjectLiteralPropertyDefinition,40,0,2,0,13,0,5,0,4,0
JaCoCo Coverage Report,com.google.javascript.jscomp,CheckProvides,34,5,0,0,10,1,3,1,3,1
JaCoCo Coverage Report,com.google.javascript.jscomp,DefaultPassConfig.43.new CompilerPass() {...},42,0,0,0,5,0,2,0,2,0
JaCoCo Coverage Report,com.google.javascript.jscomp,AstValidator.new AstValidator.ViolationHandler() {...},21,0,0,0,3,0,2,0,2,0
JaCoCo Coverage Report,com.google.javascript.jscomp,FunctionToBlockMutator.LabelNameSupplier,12,6,0,0,1,3,1,1,1,1
JaCoCo Coverage Report,com.google.javascript.jscomp,PerformanceTracker.CodeSizeEstimatePrinter,91,0,4,0,27,0,7,0,5,0
JaCoCo Coverage Report,com.google.javascript.jscomp,NameAnalyzer.InstanceOfCheckNode,26,0,0,0,7,0,2,0,2,0
JaCoCo Coverage Report,com.google.javascript.jscomp,RenameProperties.new Comparator() {...},31,0,4,0,6,0,4,0,2,0
JaCoCo Coverage Report,com.google.javascript.jscomp,MakeDeclaredNamesUnique,266,0,49,0,74,0,36,0,9,0
JaCoCo Coverage Report,com.google.javascript.jscomp,VariableReferenceCheck.ReferenceCheckingBehavior,244,0,44,0,64,0,25,0,3,0
JaCoCo Coverage Report,com.google.javascript.jscomp,TightenTypes.PropertyAssignAction,68,0,2,0,15,0,3,0,2,0
JaCoCo Coverage Report,com.google.javascript.jscomp,LiveVariablesAnalysis.LiveVariableLattice,60,0,4,0,15,0,9,0,7,0
JaCoCo Coverage Report,com.google.javascript.jscomp,FunctionNames,109,0,8,0,28,0,9,0,5,0
JaCoCo Coverage Report,com.google.javascript.jscomp,ErrorFormat.new ErrorFormat() {...},0,16,0,0,0,4,0,2,0,2
JaCoCo Coverage Report,com.google.javascript.jscomp,ErrorFormat.new ErrorFormat() {...},11,6,0,0,3,1,1,1,1,1
JaCoCo Coverage Report,com.google.javascript.jscomp,TypedScopeCreator.FirstOrderFunctionAnalyzer,154,0,38,0,41,0,23,0,4,0
JaCoCo Coverage Report,com.google.javascript.jscomp,ErrorFormat.new ErrorFormat() {...},7,6,0,0,3,1,1,1,1,1
JaCoCo Coverage Report,com.google.javascript.jscomp,NameAnalyzer.SpecialReferenceNode,30,0,2,0,7,0,5,0,4,0
JaCoCo Coverage Report,com.google.javascript.jscomp,RhinoErrorReporter.OldRhinoErrorReporter,14,5,0,0,4,2,2,1,2,1
JaCoCo Coverage Report,com.google.javascript.jscomp,CommandLineRunner,887,0,58,0,187,0,42,0,13,0
JaCoCo Coverage Report,com.google.javascript.jscomp,ErrorFormat.new ErrorFormat() {...},10,6,0,0,3,1,1,1,1,1
JaCoCo Coverage Report,com.google.javascript.jscomp,TypeInference.BooleanOutcomePair,63,0,12,0,15,0,9,0,3,0
JaCoCo Coverage Report,com.google.javascript.jscomp,SimpleDefinitionFinder.UseSiteGatheringCallback,41,0,2,0,10,0,3,0,2,0
JaCoCo Coverage Report,com.google.javascript.jscomp,ShowByPathWarningsGuard.ShowType,24,0,0,0,3,0,1,0,1,0
JaCoCo Coverage Report,com.google.javascript.jscomp,ShadowVariables2.GatherReferenceInfo,78,0,16,0,18,0,10,0,2,0
JaCoCo Coverage Report,com.google.javascript.jscomp,InvocationsCallback,30,0,6,0,11,0,5,0,2,0
JaCoCo Coverage Report,com.google.javascript.jscomp,DefinitionsRemover.NamedFunctionDefinition,10,0,0,0,4,0,2,0,2,0
JaCoCo Coverage Report,com.google.javascript.jscomp,JoinOp.BinaryJoinOp,66,0,8,0,15,0,7,0,3,0
JaCoCo Coverage Report,com.google.javascript.jscomp,LinkedFlowScope.LinkedFlowSlot,9,0,0,0,3,0,1,0,1,0
JaCoCo Coverage Report,com.google.javascript.jscomp,DefaultPassConfig.65.new CompilerPass() {...},58,0,4,0,12,0,4,0,2,0
JaCoCo Coverage Report,com.google.javascript.jscomp,RuntimeTypeCheck.AddMarkers,171,0,26,0,50,0,20,0,7,0
JaCoCo Coverage Report,com.google.javascript.jscomp,MarkNoSideEffectCalls,78,0,8,0,20,0,9,0,5,0
JaCoCo Coverage Report,com.google.javascript.jscomp,GlobalNamespace.Ref,169,0,18,0,40,0,22,0,13,0
JaCoCo Coverage Report,com.google.javascript.jscomp,PhaseOptimizer.Loop,276,0,34,0,61,0,21,0,4,0
JaCoCo Coverage Report,com.google.javascript.jscomp,SideEffectsAnalysis.DegenerateLocationAbstraction.DegenerateEffectLocation,24,0,8,0,5,0,7,0,3,0
JaCoCo Coverage Report,com.google.javascript.jscomp,NodeUtil.MatchDeclaration,13,0,4,0,2,0,4,0,2,0
JaCoCo Coverage Report,com.google.javascript.jscomp,PhaseOptimizer.NamedPass,114,0,6,0,21,0,5,0,2,0
JaCoCo Coverage Report,com.google.javascript.jscomp,FlowSensitiveInlineVariables,194,5,22,0,42,1,18,1,7,1
JaCoCo Coverage Report,com.google.javascript.jscomp,DefinitionsRemover.UnknownDefinition,10,0,0,0,3,0,2,0,2,0
JaCoCo Coverage Report,com.google.javascript.jscomp,ReplaceStrings,715,0,103,0,176,0,72,0,19,0
JaCoCo Coverage Report,com.google.javascript.jscomp,RenameLabels.ProcessLabels,246,0,27,0,58,0,23,0,9,0
JaCoCo Coverage Report,com.google.javascript.jscomp,ProcessTweaks.TweakFunctionCall,27,0,0,0,9,0,3,0,3,0
JaCoCo Coverage Report,com.google.javascript.jscomp,SideEffectsAnalysis.VisibilityLocationAbstraction.new NodeTraversal.AbstractShallowCallback() {...},24,0,6,0,5,0,5,0,2,0
JaCoCo Coverage Report,com.google.javascript.jscomp,GroupVariableDeclarations,156,0,24,0,58,0,19,0,7,0
JaCoCo Coverage Report,com.google.javascript.jscomp,DefaultPassConfig.91.new CompilerPass() {...},14,0,0,0,3,0,2,0,2,0
JaCoCo Coverage Report,com.google.javascript.jscomp,WhitelistWarningsGuard.WhitelistBuilder,188,0,16,0,44,0,16,0,8,0
JaCoCo Coverage Report,com.google.javascript.jscomp,RecordFunctionInformation,140,0,12,0,41,0,11,0,5,0
JaCoCo Coverage Report,com.google.javascript.jscomp,NameReferenceGraphConstruction.Traversal,858,0,161,0,218,0,103,0,21,0
JaCoCo Coverage Report,com.google.javascript.jscomp,CompilerOptions,1153,499,40,0,478,166,239,11,216,11
JaCoCo Coverage Report,com.google.javascript.jscomp,NameReferenceGraphConstruction,202,0,18,0,49,0,17,0,8,0
JaCoCo Coverage Report,com.google.javascript.jscomp,ProcessCommonJSModules.ProcessCommonJsModulesCallback,270,0,24,0,63,0,19,0,7,0
JaCoCo Coverage Report,com.google.javascript.jscomp,NodeUtil.BooleanResultPredicate,3,3,0,0,1,1,1,1,1,1
JaCoCo Coverage Report,com.google.javascript.jscomp,RemoveUnusedVars.CallSiteOptimizer,461,0,88,0,119,0,56,0,12,0
JaCoCo Coverage Report,com.google.javascript.jscomp,AmbiguateProperties,684,9,76,0,145,3,49,1,11,1
JaCoCo Coverage Report,com.google.javascript.jscomp,ProcessTweaks,306,68,30,2,71,22,22,2,7,1
JaCoCo Coverage Report,com.google.javascript.jscomp,Normalize.FindExposeAnnotations,75,0,20,0,15,0,13,0,3,0
JaCoCo Coverage Report,com.google.javascript.jscomp,SimpleFunctionAliasAnalysis,129,0,26,0,33,0,18,0,5,0
JaCoCo Coverage Report,com.google.javascript.jscomp,InlineFunctions.Inline,78,0,8,0,22,0,7,0,3,0
JaCoCo Coverage Report,com.google.javascript.jscomp,DiagnosticGroupWarningsGuard,40,32,8,4,4,9,8,3,3,2
JaCoCo Coverage Report,com.google.javascript.jscomp,PassConfig.State,30,0,0,0,11,0,1,0,1,0
JaCoCo Coverage Report,com.google.javascript.jscomp,TightenTypes.ConcreteScope,156,0,8,0,36,0,18,0,14,0
JaCoCo Coverage Report,com.google.javascript.jscomp,AliasExternals.PropertyGatherer,143,0,40,0,25,0,24,0,4,0
JaCoCo Coverage Report,com.google.javascript.jscomp,NameAnonymousFunctions.AnonymousFunctionNamer,64,0,0,0,13,0,5,0,5,0
JaCoCo Coverage Report,com.google.javascript.jscomp,SideEffectsAnalysis.CrossModuleMotionEnvironment,5,0,0,0,3,0,2,0,2,0
JaCoCo Coverage Report,com.google.javascript.jscomp,NameAnalyzer.new Predicate() {...},7,3,2,0,3,1,2,1,1,1
JaCoCo Coverage Report,com.google.javascript.jscomp,CheckUnreachableCode,73,5,10,0,21,1,11,1,6,1
JaCoCo Coverage Report,com.google.javascript.jscomp,InlineSimpleMethods.new MethodCompilerPass.SignatureStore() {...},3,3,0,0,3,1,3,1,3,1
JaCoCo Coverage Report,com.google.javascript.jscomp,ReplaceIdGenerators.ReplaceGenerators,201,0,26,0,48,0,16,0,3,0
JaCoCo Coverage Report,com.google.javascript.jscomp,GlobalNamespace.AstChange,12,0,0,0,5,0,1,0,1,0
JaCoCo Coverage Report,com.google.javascript.jscomp,PeepholeOptimizationsPass.PeepCallback,47,0,8,0,13,0,6,0,2,0
JaCoCo Coverage Report,com.google.javascript.jscomp,JsMessageExtractor.ExtractMessagesVisitor,27,0,2,0,8,0,4,0,3,0
JaCoCo Coverage Report,com.google.javascript.jscomp,RemoveUnusedVars.Continuation,43,0,4,0,10,0,4,0,2,0
JaCoCo Coverage Report,com.google.javascript.jscomp,DefinitionsRemover.Definition,21,0,2,0,8,0,4,0,3,0
JaCoCo Coverage Report,com.google.javascript.jscomp,AliasExternals.GlobalGatherer,83,0,26,0,20,0,15,0,2,0
JaCoCo Coverage Report,com.google.javascript.jscomp,FunctionTypeBuilder,1328,53,252,0,316,17,148,1,22,1
JaCoCo Coverage Report,com.google.javascript.jscomp,CollapseProperties,1735,13,324,0,431,5,192,1,27,1
JaCoCo Coverage Report,com.google.javascript.jscomp,Tracer.AtomicTracerStatMap,50,0,6,0,12,0,6,0,3,0
JaCoCo Coverage Report,com.google.javascript.jscomp,Normalize.PropagateConstantAnnotationsOverVars,92,9,18,0,21,4,11,1,2,1
JaCoCo Coverage Report,com.google.javascript.jscomp,DataFlowAnalysis.BranchedFlowState,78,0,2,0,19,0,8,0,7,0
JaCoCo Coverage Report,com.google.javascript.jscomp,RecordFunctionInformation.new Comparator() {...},12,0,0,0,2,0,2,0,2,0
JaCoCo Coverage Report,com.google.javascript.jscomp,AstParallelizer.DetachPoint,49,0,4,0,12,0,4,0,2,0
JaCoCo Coverage Report,com.google.javascript.jscomp,DisambiguateProperties.Warnings,3,9,0,0,1,2,1,1,1,1
JaCoCo Coverage Report,com.google.javascript.jscomp,SideEffectsAnalysis.VisibilityLocationAbstraction.VisibilityBasedEffectLocation,49,0,4,0,12,0,6,0,4,0
JaCoCo Coverage Report,com.google.javascript.jscomp,ProcessClosurePrimitives.UnrecognizedRequire,15,0,0,0,5,0,1,0,1,0
JaCoCo Coverage Report,com.google.javascript.jscomp,NameAnalyzer.RefType,24,0,0,0,3,0,1,0,1,0
JaCoCo Coverage Report,com.google.javascript.jscomp,CompilerOptions.NullAliasTransformationHandler,5,6,0,0,2,1,1,1,1,1
JaCoCo Coverage Report,com.google.javascript.jscomp,CompilerOptions.LanguageMode,32,34,12,0,10,4,7,1,1,1
JaCoCo Coverage Report,com.google.javascript.jscomp,SourceExcerptProvider.SourceExcerpt.new SourceExcerptProvider.SourceExcerpt() {...},7,6,0,0,2,1,1,1,1,1
JaCoCo Coverage Report,com.google.javascript.jscomp,TypeInferencePass.FirstScopeBuildingCallback,11,0,0,0,4,0,3,0,3,0
JaCoCo Coverage Report,com.google.javascript.jscomp,NodeUtil.NumbericResultPredicate,3,3,0,0,1,1,1,1,1,1
JaCoCo Coverage Report,com.google.javascript.jscomp,InlineVariables.AliasCandidate,9,0,0,0,4,0,1,0,1,0
JaCoCo Coverage Report,com.google.javascript.jscomp,SourceExcerptProvider.SourceExcerpt.new SourceExcerptProvider.SourceExcerpt() {...},8,6,0,0,2,1,1,1,1,1
JaCoCo Coverage Report,com.google.javascript.jscomp,CheckRegExp,143,79,40,0,28,4,24,1,4,1
JaCoCo Coverage Report,com.google.javascript.jscomp,ReplaceIdGenerators,385,26,42,0,88,11,29,1,8,1
JaCoCo Coverage Report,com.google.javascript.jscomp,LinkedFlowScope.FlowScopeJoinOp,34,0,2,0,8,0,3,0,2,0
JaCoCo Coverage Report,com.google.javascript.jscomp,DisambiguateProperties.ConcreteTypeSystem,327,0,64,0,76,0,48,0,16,0
JaCoCo Coverage Report,com.google.javascript.jscomp,InlineFunctions.CallVisitor,80,0,16,0,24,0,10,0,2,0
JaCoCo Coverage Report,com.google.javascript.jscomp,CommandLineRunner.GuardLevel,9,0,0,0,4,0,1,0,1,0
JaCoCo Coverage Report,com.google.javascript.jscomp,FieldCleanupPass,27,0,0,0,9,0,3,0,3,0
JaCoCo Coverage Report,com.google.javascript.jscomp,PureFunctionIdentifier.Driver,74,0,4,0,22,0,4,0,2,0
JaCoCo Coverage Report,com.google.javascript.jscomp,InstrumentationTemplate.new Descriptors.FileDescriptor.InternalDescriptorAssigner() {...},47,0,0,0,5,0,2,0,2,0
JaCoCo Coverage Report,com.google.javascript.jscomp,CodeConsumer,392,0,74,0,124,0,71,0,34,0
JaCoCo Coverage Report,com.google.javascript.jscomp,SimpleRegion,21,0,0,0,8,0,4,0,4,0
JaCoCo Coverage Report,com.google.javascript.jscomp,SourceMap.LocationMapping,9,0,0,0,4,0,1,0,1,0
JaCoCo Coverage Report,com.google.javascript.jscomp,ClosureCodeRemoval.RemovableAssignment,77,0,8,0,22,0,6,0,2,0
JaCoCo Coverage Report,com.google.javascript.jscomp,Strings,63,0,14,0,12,0,10,0,3,0
JaCoCo Coverage Report,com.google.javascript.jscomp,DevirtualizePrototypeMethods,633,0,112,0,184,0,70,0,14,0
JaCoCo Coverage Report,com.google.javascript.jscomp,RemoveUnusedClassProperties,254,0,56,0,63,0,36,0,7,0
JaCoCo Coverage Report,com.google.javascript.jscomp,StripCode,50,0,0,0,14,0,4,0,4,0
JaCoCo Coverage Report,com.google.javascript.jscomp,FunctionArgumentInjector,475,0,100,0,119,0,62,0,11,0
JaCoCo Coverage Report,com.google.javascript.jscomp,TightenTypes.VariableAssignAction,36,0,0,0,8,0,2,0,2,0
JaCoCo Coverage Report,com.google.javascript.jscomp,OptimizeParameters,721,0,128,0,205,0,83,0,18,0
JaCoCo Coverage Report,com.google.javascript.jscomp,DefaultPassConfig.36.new CompilerPass() {...},37,0,0,0,6,0,2,0,2,0
JaCoCo Coverage Report,com.google.javascript.jscomp,ReplaceStrings.Location,15,0,0,0,5,0,1,0,1,0
JaCoCo Coverage Report,com.google.javascript.jscomp,PassConfig,234,0,20,0,60,0,24,0,14,0
JaCoCo Coverage Report,com.google.javascript.jscomp,FunctionNames.FunctionExpressionNamer,53,0,4,0,11,0,7,0,5,0
JaCoCo Coverage Report,com.google.javascript.jscomp,SpecializeModule.NodeMatcher,31,0,4,0,10,0,4,0,2,0
JaCoCo Coverage Report,com.google.javascript.jscomp,LinkedFlowScope.FlatFlowScopeCache,204,0,24,0,49,0,16,0,4,0
JaCoCo Coverage Report,com.google.javascript.jscomp,ConcreteType.ConcreteFunctionType,244,0,30,0,57,0,30,0,15,0
JaCoCo Coverage Report,com.google.javascript.jscomp,CheckUnreachableCode.ReachablePredicate,46,0,10,0,11,0,7,0,2,0
JaCoCo Coverage Report,com.google.javascript.jscomp,AmbiguateProperties.Property,100,0,16,0,25,0,11,0,3,0
JaCoCo Coverage Report,com.google.javascript.jscomp,AliasExternals.GetGlobals,85,0,21,0,20,0,14,0,3,0
JaCoCo Coverage Report,com.google.javascript.jscomp,PeepholeSimplifyRegExp,118,0,26,0,27,0,15,0,2,0
JaCoCo Coverage Report,com.google.javascript.jscomp,FunctionTypeBuilder.ImplementedTypeValidator,74,0,8,0,14,0,6,0,2,0
JaCoCo Coverage Report,com.google.javascript.jscomp,AnalyzePrototypeProperties.PropagateReferences,31,0,6,0,8,0,5,0,2,0
JaCoCo Coverage Report,com.google.javascript.jscomp,PassConfig.PassConfigDelegate,33,0,0,0,10,0,7,0,7,0
JaCoCo Coverage Report,com.google.javascript.jscomp,RenameVars.new Comparator() {...},19,0,2,0,4,0,3,0,2,0
JaCoCo Coverage Report,com.google.javascript.jscomp,RenameVars.new Comparator() {...},9,0,0,0,2,0,2,0,2,0
JaCoCo Coverage Report,com.google.javascript.jscomp,RescopeGlobalSymbols.RemoveGlobalVarCallback,132,0,22,0,32,0,14,0,3,0
JaCoCo Coverage Report,com.google.javascript.jscomp,InlineProperties.GatherCandidates,220,0,50,0,57,0,32,0,7,0
JaCoCo Coverage Report,com.google.javascript.jscomp,BasicErrorManager,78,46,11,1,19,11,12,4,6,4
JaCoCo Coverage Report,com.google.javascript.jscomp,ReplaceIdGenerators.ObfuscatedNameSuppier,36,0,2,0,11,0,4,0,3,0
JaCoCo Coverage Report,com.google.javascript.jscomp,RenameProperties.PropertyAffinity,19,0,0,0,6,0,2,0,2,0
JaCoCo Coverage Report,com.google.javascript.jscomp,CheckRequiresForConstructors.CheckRequiresForConstructorsCallback,248,0,54,0,64,0,36,0,7,0
JaCoCo Coverage Report,com.google.javascript.jscomp,PeepholeFoldWithTypes,86,8,25,1,27,3,14,2,1,2
JaCoCo Coverage Report,com.google.javascript.jscomp,AliasStrings.StringOccurrence,9,0,0,0,4,0,1,0,1,0
JaCoCo Coverage Report,com.google.javascript.jscomp,ExtractPrototypeMemberDeclarations,285,0,16,0,63,0,13,0,5,0
JaCoCo Coverage Report,com.google.javascript.jscomp,ByPathWarningsGuard,95,0,16,0,23,0,13,0,5,0
JaCoCo Coverage Report,com.google.javascript.jscomp,DiagnosticGroup,75,60,8,2,16,17,10,7,6,6
JaCoCo Coverage Report,com.google.javascript.jscomp,InferJSDocInfo,223,0,73,0,72,0,43,0,6,0
JaCoCo Coverage Report,com.google.javascript.jscomp,CompilerOptions.DevMode,0,44,0,0,0,5,0,1,0,1
JaCoCo Coverage Report,com.google.javascript.jscomp,NodeUtil.VarCollector,32,0,8,0,9,0,6,0,2,0
JaCoCo Coverage Report,com.google.javascript.jscomp,SyntacticScopeCreator.DefaultRedeclarationHandler,1,6,0,0,1,1,1,1,1,1
JaCoCo Coverage Report,com.google.javascript.jscomp,AbstractCompiler,4,17,0,0,2,5,1,3,1,3
JaCoCo Coverage Report,com.google.javascript.jscomp,RescopeGlobalSymbols.RewriteScopeCallback,203,0,48,0,55,0,27,0,3,0
JaCoCo Coverage Report,com.google.javascript.jscomp,OptimizeArgumentsArray,289,0,38,0,80,0,28,0,9,0
JaCoCo Coverage Report,com.google.javascript.jscomp,RenamePrototypes,308,0,34,0,62,0,22,0,5,0
JaCoCo Coverage Report,com.google.javascript.jscomp,JsMessageExtractor,102,0,6,0,24,0,7,0,4,0
JaCoCo Coverage Report,com.google.javascript.jscomp,CodeGenerator,2577,94,483,0,646,10,304,3,32,3
JaCoCo Coverage Report,com.google.javascript.jscomp,AbstractCommandLineRunner.WarningGuardSpec,21,0,0,0,6,0,3,0,3,0
JaCoCo Coverage Report,com.google.javascript.jscomp,DataFlowAnalysis.BranchedForwardDataFlowAnalysis,189,0,18,0,41,0,15,0,6,0
JaCoCo Coverage Report,com.google.javascript.jscomp,SourceMap.DetailLevel.new SourceMap.DetailLevel() {...},2,6,0,0,1,1,1,1,1,1
JaCoCo Coverage Report,com.google.javascript.jscomp,SourceMap.DetailLevel.new SourceMap.DetailLevel() {...},29,6,16,0,7,1,9,1,1,1
JaCoCo Coverage Report,com.google.javascript.jscomp,RenameProperties.ProcessExterns,41,0,7,0,10,0,6,0,2,0
JaCoCo Coverage Report,com.google.javascript.jscomp,DefaultPassConfig.23.new CompilerPass() {...},24,0,0,0,5,0,2,0,2,0
JaCoCo Coverage Report,com.google.javascript.jscomp,Tracer.Stat,21,3,2,0,4,1,5,1,4,1
JaCoCo Coverage Report,com.google.javascript.jscomp,ExtractPrototypeMemberDeclarations.PrototypeMemberDeclaration,39,0,2,0,12,0,4,0,3,0
JaCoCo Coverage Report,com.google.javascript.jscomp,NodeUtil.MatchNameNode,19,0,4,0,4,0,4,0,2,0
JaCoCo Coverage Report,com.google.javascript.jscomp,DisambiguateProperties.Property,279,0,44,0,62,0,31,0,9,0
JaCoCo Coverage Report,com.google.javascript.jscomp,ControlFlowAnalysis.AstControlFlowGraph.new Comparator() {...},16,0,0,0,2,0,2,0,2,0
JaCoCo Coverage Report,com.google.javascript.jscomp,InstrumentationTemplate,20,0,0,0,7,0,3,0,3,0
JaCoCo Coverage Report,com.google.javascript.jscomp,ControlFlowAnalysis.AstControlFlowGraph.new Comparator() {...},16,0,0,0,2,0,2,0,2,0
JaCoCo Coverage Report,com.google.javascript.jscomp,FunctionInjector.new Predicate() {...},36,0,8,0,6,0,6,0,2,0
JaCoCo Coverage Report,com.google.javascript.jscomp,FunctionInjector.new Predicate() {...},46,0,12,0,8,0,8,0,2,0
JaCoCo Coverage Report,com.google.javascript.jscomp,DefaultPassConfig.95.new CompilerPass() {...},28,0,0,0,3,0,2,0,2,0
JaCoCo Coverage Report,com.google.javascript.jscomp,AbstractPeepholeOptimization,114,3,16,0,29,1,20,1,12,1
JaCoCo Coverage Report,com.google.javascript.jscomp,AnalyzePrototypeProperties.NameInfo,79,0,8,0,25,0,11,0,7,0
JaCoCo Coverage Report,com.google.javascript.jscomp,SourceMap.DetailLevel,0,24,0,0,0,3,0,1,0,1
JaCoCo Coverage Report,com.google.javascript.jscomp,NodeUtil.MatchNodeType,15,0,2,0,4,0,3,0,2,0
JaCoCo Coverage Report,com.google.javascript.jscomp,Normalize.DuplicateDeclarationHandler,162,0,28,0,41,0,17,0,3,0
JaCoCo Coverage Report,com.google.javascript.jscomp,TypedScopeCreator.GlobalScopeBuilder,108,0,14,0,27,0,11,0,4,0
JaCoCo Coverage Report,com.google.javascript.jscomp,ClosureCodeRemoval.FindAbstractMethods,41,0,8,0,10,0,6,0,2,0
JaCoCo Coverage Report,com.google.javascript.jscomp,ExportTestFunctions,136,0,6,0,35,0,9,0,6,0
JaCoCo Coverage Report,com.google.javascript.jscomp,CollapseAnonymousFunctions,20,0,0,0,6,0,2,0,2,0
JaCoCo Coverage Report,com.google.javascript.jscomp,InlineFunctions.FunctionExpression,22,0,0,0,8,0,5,0,5,0
JaCoCo Coverage Report,com.google.javascript.jscomp,CheckEventfulObjectDisposal.EventfulObjectState,6,0,0,0,1,0,1,0,1,0
JaCoCo Coverage Report,com.google.javascript.jscomp,NameReferenceGraphConstruction.NameUse,9,0,0,0,4,0,1,0,1,0
JaCoCo Coverage Report,com.google.javascript.jscomp,PureFunctionIdentifier.FunctionAnalyzer,554,0,134,0,169,0,83,0,14,0
JaCoCo Coverage Report,com.google.javascript.jscomp,PhaseOptimizer.ProgressRange,9,0,0,0,4,0,1,0,1,0
JaCoCo Coverage Report,com.google.javascript.jscomp,CompilerOptions.Reach,0,34,0,0,0,4,0,1,0,1
JaCoCo Coverage Report,com.google.javascript.jscomp,LiveVariablesAnalysis.LiveVariableJoinOp,27,0,2,0,4,0,2,0,1,0
JaCoCo Coverage Report,com.google.javascript.jscomp,MemoizedScopeCreator,104,0,10,0,24,0,13,0,8,0
JaCoCo Coverage Report,com.google.javascript.jscomp,CrossModuleMethodMotion,222,0,32,0,65,0,20,0,4,0
JaCoCo Coverage Report,com.google.javascript.jscomp,DiagnosticGroups,24,555,0,0,5,90,2,7,2,7
JaCoCo Coverage Report,com.google.javascript.jscomp,DefinitionSite,18,0,0,0,7,0,1,0,1,0
JaCoCo Coverage Report,com.google.javascript.jscomp,FunctionInjector.CanInlineResult,0,34,0,0,0,4,0,1,0,1
JaCoCo Coverage Report,com.google.javascript.jscomp,MarkNoSideEffectCalls.SetNoSideEffectCallProperty,62,0,14,0,21,0,9,0,2,0
JaCoCo Coverage Report,com.google.javascript.jscomp,FunctionInformationMap.Entry.Builder,902,0,93,0,253,0,99,0,49,0
JaCoCo Coverage Report,com.google.javascript.jscomp,ScopedAliases.Traversal.new SourcePosition() {...},6,0,0,0,1,0,1,0,1,0
JaCoCo Coverage Report,com.google.javascript.jscomp,AmbiguateProperties.JSTypeBitSet,48,0,2,0,13,0,4,0,3,0
JaCoCo Coverage Report,com.google.javascript.jscomp,AliasKeywords.FindAliasableNodes,60,0,6,0,14,0,7,0,4,0
JaCoCo Coverage Report,com.google.javascript.jscomp,CssRenamingMap.ByWhole,5,0,0,0,2,0,2,0,2,0
JaCoCo Coverage Report,com.google.javascript.jscomp,FunctionInjector.Reference,0,12,0,0,0,5,0,1,0,1
JaCoCo Coverage Report,com.google.javascript.jscomp,RenameProperties,499,0,52,0,106,0,35,0,9,0
JaCoCo Coverage Report,com.google.javascript.jscomp,ProcessClosurePrimitives.ProvidedName,475,0,64,0,124,0,46,0,14,0
JaCoCo Coverage Report,com.google.javascript.jscomp,CodePrinter.Builder,95,0,6,0,31,0,12,0,9,0
JaCoCo Coverage Report,com.google.javascript.jscomp,FunctionRewriter.Reducer,23,0,2,0,6,0,3,0,2,0
JaCoCo Coverage Report,com.google.javascript.jscomp,DefinitionsRemover.IncompleteDefinition,39,0,0,0,10,0,4,0,4,0
JaCoCo Coverage Report,com.google.javascript.jscomp,CollapseProperties.new NodeTraversal.AbstractShallowCallback() {...},32,0,2,0,6,0,3,0,2,0
JaCoCo Coverage Report,com.google.javascript.jscomp,SideEffectsAnalysis.IntraproceduralMotionEnvironment,5,0,0,0,3,0,2,0,2,0
JaCoCo Coverage Report,com.google.javascript.jscomp,CoalesceVariableNames.new Comparator() {...},6,3,0,0,1,1,1,1,1,1
JaCoCo Coverage Report,com.google.javascript.jscomp,ExpressionDecomposer,994,26,146,3,281,7,102,2,26,1
JaCoCo Coverage Report,com.google.javascript.jscomp,SideEffectsAnalysis.AbstractMotionEnvironment,3,0,0,0,1,0,1,0,1,0
JaCoCo Coverage Report,com.google.javascript.jscomp,CheckProvides.CheckProvidesCallback,176,0,32,0,47,0,21,0,4,0
JaCoCo Coverage Report,com.google.javascript.jscomp,TightenTypes,1028,0,151,0,255,0,102,0,20,0
JaCoCo Coverage Report,com.google.javascript.jscomp,ControlFlowGraph.Branch,64,0,4,0,7,0,4,0,2,0
JaCoCo Coverage Report,com.google.javascript.jscomp,NameAnalyzer.RemoveListener,11,0,0,0,3,0,2,0,2,0
JaCoCo Coverage Report,com.google.javascript.jscomp,ProcessTweaks.TweakInfo,208,0,20,0,43,0,19,0,9,0
JaCoCo Coverage Report,com.google.javascript.jscomp,NameAnalyzer.ProcessExternals,48,0,6,0,11,0,5,0,2,0
JaCoCo Coverage Report,com.google.javascript.jscomp,PhaseOptimizer,322,16,36,0,87,3,35,1,17,1
JaCoCo Coverage Report,com.google.javascript.jscomp,InlineObjectLiterals.InliningBehavior,693,0,108,0,172,0,64,0,10,0
JaCoCo Coverage Report,com.google.javascript.jscomp,CheckLevel,0,41,0,2,0,5,0,3,0,2
JaCoCo Coverage Report,com.google.javascript.jscomp,ScopedAliases.AliasedNode,22,0,0,0,7,0,2,0,2,0
JaCoCo Coverage Report,com.google.javascript.jscomp,AnalyzePrototypeProperties.ProcessExternProperties,27,0,2,0,5,0,3,0,2,0
JaCoCo Coverage Report,com.google.javascript.jscomp,ProcessClosurePrimitives,1702,69,260,0,412,18,159,1,27,1
JaCoCo Coverage Report,com.google.javascript.jscomp,MinimizedCondition.new Comparator() {...},9,0,0,0,2,0,2,0,2,0
JaCoCo Coverage Report,com.google.javascript.jscomp,TightenTypes.FunctionCall,107,0,12,0,26,0,8,0,2,0
JaCoCo Coverage Report,com.google.javascript.jscomp,ObjectPropertyStringPreprocess.Callback,160,0,12,0,40,0,8,0,2,0
JaCoCo Coverage Report,com.google.javascript.jscomp,MustBeReachingVariableDef,485,0,81,0,111,0,56,0,13,0
JaCoCo Coverage Report,com.google.javascript.jscomp,DefaultPassConfig.18.new CompilerPass() {...},42,0,2,0,8,0,3,0,2,0
JaCoCo Coverage Report,com.google.javascript.jscomp,SuppressDocWarningsGuard,94,34,28,2,29,10,15,3,1,2
JaCoCo Coverage Report,com.google.javascript.jscomp,NodeUtil.MatchNotFunction,7,0,2,0,1,0,2,0,1,0
JaCoCo Coverage Report,com.google.javascript.jscomp,OptimizeParameters.Parameter,33,0,0,0,14,0,8,0,8,0
JaCoCo Coverage Report,com.google.javascript.jscomp,AliasKeywords.KeywordAliasSpecification,58,0,0,0,17,0,4,0,4,0
JaCoCo Coverage Report,com.google.javascript.jscomp,InlineFunctions.FindCandidatesReferences,190,0,38,0,51,0,25,0,6,0
JaCoCo Coverage Report,com.google.javascript.jscomp,ErrorPass,23,0,0,0,8,0,3,0,3,0
JaCoCo Coverage Report,com.google.javascript.jscomp,NameAnalyzer.JsName,69,0,6,0,18,0,6,0,3,0
JaCoCo Coverage Report,com.google.javascript.jscomp,CoverageInstrumentationCallback,257,0,28,0,72,0,21,0,7,0
JaCoCo Coverage Report,com.google.javascript.jscomp,InlineFunctions.FindCandidateFunctions,162,0,39,0,35,0,25,0,5,0
JaCoCo Coverage Report,com.google.javascript.jscomp,TypedScopeCreator,414,32,24,0,106,16,22,1,10,1
JaCoCo Coverage Report,com.google.javascript.jscomp,CrossModuleCodeMotion.NamedInfo,65,0,8,0,18,0,8,0,4,0
JaCoCo Coverage Report,com.google.javascript.jscomp,CallGraph.Function,109,0,16,0,32,0,19,0,11,0
JaCoCo Coverage Report,com.google.javascript.jscomp,ReorderConstantExpression,55,0,12,0,17,0,8,0,2,0
JaCoCo Coverage Report,com.google.javascript.jscomp,PeepholeMinimizeConditions.new Predicate() {...},14,0,4,0,3,0,4,0,2,0
JaCoCo Coverage Report,com.google.javascript.jscomp,DefaultPassConfig.29.new HotSwapCompilerPass() {...},41,0,0,0,7,0,3,0,3,0
JaCoCo Coverage Report,com.google.javascript.jscomp,ReferenceCollectingCallback.ReferenceMapWrapper,12,0,0,0,4,0,2,0,2,0
JaCoCo Coverage Report,com.google.javascript.jscomp,DisambiguatePrivateProperties,94,0,11,0,24,0,11,0,5,0
JaCoCo Coverage Report,com.google.javascript.jscomp,VarCheck.NameRefInExternsCheck,75,0,11,0,17,0,8,0,2,0
JaCoCo Coverage Report,com.google.javascript.jscomp,ShadowVariables2.DoShadowVariables,258,0,36,0,58,0,24,0,6,0
JaCoCo Coverage Report,com.google.javascript.jscomp,VariableReferenceCheck,44,13,0,0,11,4,3,1,3,1
JaCoCo Coverage Report,com.google.javascript.jscomp,InstrumentFunctions,206,0,12,0,52,0,8,0,2,0
JaCoCo Coverage Report,com.google.javascript.jscomp,FunctionArgumentInjector.ReferencedAfterSideEffect,169,0,44,0,45,0,29,0,7,0
JaCoCo Coverage Report,com.google.javascript.jscomp,OptimizeCalls,48,0,4,0,13,0,5,0,3,0
JaCoCo Coverage Report,com.google.javascript.jscomp,ConcreteType.ConcreteUniqueType,41,0,6,0,7,0,7,0,4,0
JaCoCo Coverage Report,com.google.javascript.jscomp,CoalesceVariableNames.LiveRangeChecker,124,0,42,0,27,0,27,0,6,0
JaCoCo Coverage Report,com.google.javascript.jscomp,NameAnalyzer.JsNameRefNode,63,0,6,0,18,0,7,0,3,0
JaCoCo Coverage Report,com.google.javascript.jscomp,MinimizeExitPoints,350,0,67,0,99,0,42,0,7,0
JaCoCo Coverage Report,com.google.javascript.jscomp,NodeUtil,3799,162,1047,15,1023,39,765,13,152,11
JaCoCo Coverage Report,com.google.javascript.jscomp,AliasKeywords,227,0,22,0,54,0,22,0,11,0
JaCoCo Coverage Report,com.google.javascript.jscomp,RenameLabels.DefaultNameSupplier,23,0,0,0,7,0,3,0,3,0
JaCoCo Coverage Report,com.google.javascript.jscomp,NameReferenceGraph.Name,210,0,22,0,54,0,33,0,22,0
JaCoCo Coverage Report,com.google.javascript.jscomp,FunctionInformationMap.Entry,667,0,90,0,186,0,90,0,45,0
JaCoCo Coverage Report,com.google.javascript.jscomp,RemoveUnusedVars.Assign,136,0,22,0,40,0,14,0,3,0
JaCoCo Coverage Report,com.google.javascript.jscomp,StatementFusion,355,0,71,0,103,0,51,0,12,0
JaCoCo Coverage Report,com.google.javascript.jscomp,PeepholeSubstituteAlternateSyntax.FoldArrayAction,34,0,0,0,2,0,1,0,1,0
JaCoCo Coverage Report,com.google.javascript.jscomp,GlobalNamespace.BuildGlobalNamespace,805,0,169,0,232,0,113,0,16,0
JaCoCo Coverage Report,com.google.javascript.jscomp,CodePrinter.Format,0,34,0,0,0,4,0,1,0,1
JaCoCo Coverage Report,com.google.javascript.jscomp,MethodCompilerPass,114,0,6,0,29,0,7,0,4,0
JaCoCo Coverage Report,com.google.javascript.jscomp,ConcreteType.ConcreteAll,8,0,0,0,4,0,4,0,4,0
JaCoCo Coverage Report,com.google.javascript.jscomp,ProcessTweaks.CollectTweaksResult,9,0,0,0,4,0,1,0,1,0
JaCoCo Coverage Report,com.google.javascript.jscomp,ReplaceStrings.Result,31,0,0,0,9,0,2,0,2,0
JaCoCo Coverage Report,com.google.javascript.jscomp,SpecializeModule,356,0,38,0,94,0,28,0,9,0
JaCoCo Coverage Report,com.google.javascript.jscomp,LineNumberCheck,64,5,8,0,21,1,9,1,5,1
JaCoCo Coverage Report,com.google.javascript.jscomp,CodePrinter.CompactCodePrinter,242,0,22,0,61,0,18,0,7,0
JaCoCo Coverage Report,com.google.javascript.jscomp,FunctionTypeBuilder.ExtendedTypeValidator,79,0,8,0,14,0,6,0,2,0
JaCoCo Coverage Report,com.google.javascript.jscomp,FunctionInfo,24,0,0,0,7,0,3,0,3,0
JaCoCo Coverage Report,com.google.javascript.jscomp,TypeValidator,1164,79,198,0,254,19,133,1,34,1
JaCoCo Coverage Report,com.google.javascript.jscomp,InstrumentFunctions.InstrumentReturns,129,0,12,0,36,0,12,0,6,0
JaCoCo Coverage Report,com.google.javascript.jscomp,CallGraph.Callsite,65,0,6,0,20,0,10,0,7,0
JaCoCo Coverage Report,com.google.javascript.jscomp,InlineProperties,276,7,34,0,59,1,23,1,6,1
JaCoCo Coverage Report,com.google.javascript.jscomp,Normalize.RewriteExposedProperties,57,0,8,0,16,0,6,0,2,0
JaCoCo Coverage Report,com.google.javascript.jscomp,TightenTypes.ConcreteJSTypePair,67,0,14,0,16,0,12,0,5,0
JaCoCo Coverage Report,com.google.javascript.jscomp,VarCheck.RedeclarationCheckHandler,78,0,14,0,19,0,9,0,2,0
JaCoCo Coverage Report,com.google.javascript.jscomp,DefaultPassConfig.107.new CompilerPass() {...},53,0,0,0,11,0,2,0,2,0
JaCoCo Coverage Report,com.google.javascript.jscomp,ConcreteType.ConcreteInstanceType,122,0,22,0,31,0,21,0,10,0
JaCoCo Coverage Report,com.google.javascript.jscomp,CheckSideEffects,207,5,32,0,57,1,22,1,6,1
JaCoCo Coverage Report,com.google.javascript.jscomp,CheckPathsBetweenNodes,276,0,50,0,77,0,36,0,11,0
JaCoCo Coverage Report,com.google.javascript.jscomp,ScopedAliases,200,0,24,0,54,0,16,0,4,0
JaCoCo Coverage Report,com.google.javascript.jscomp,CodingConvention.SubclassType,24,0,0,0,3,0,1,0,1,0
JaCoCo Coverage Report,com.google.javascript.jscomp,ConvertToDottedProperties,56,0,9,0,18,0,8,0,3,0
JaCoCo Coverage Report,com.google.javascript.jscomp,AngularPass,268,13,40,0,83,6,28,1,7,1
JaCoCo Coverage Report,com.google.javascript.jscomp,GlobalNamespace.Name,578,0,119,0,126,0,91,0,26,0
JaCoCo Coverage Report,com.google.javascript.jscomp,ReplaceIdGenerators.MappedNameSupplier,13,0,0,0,5,0,3,0,3,0
JaCoCo Coverage Report,com.google.javascript.jscomp,Tracer.ThreadTrace,516,33,76,0,118,9,46,2,8,2
JaCoCo Coverage Report,com.google.javascript.jscomp,RenamePrototypes.ProcessProperties,186,0,28,0,44,0,22,0,7,0
JaCoCo Coverage Report,com.google.javascript.jscomp,GlobalVarReferenceMap.SourceRefRange,35,0,0,0,7,0,3,0,3,0
JaCoCo Coverage Report,com.google.javascript.jscomp,SideEffectsAnalysis,308,0,59,0,86,0,45,0,12,0
JaCoCo Coverage Report,com.google.javascript.jscomp,AnalyzePrototypeProperties.GlobalFunction,74,0,10,0,22,0,10,0,5,0
JaCoCo Coverage Report,com.google.javascript.jscomp,GlobalVarReferenceMap.GlobalVarRefCleanupPass,19,0,2,0,8,0,4,0,3,0
JaCoCo Coverage Report,com.google.javascript.jscomp,CodeGenerator.Context,0,64,0,0,0,7,0,1,0,1
JaCoCo Coverage Report,com.google.javascript.jscomp,NameAnalyzer.AliasSet,16,0,0,0,5,0,1,0,1,0
JaCoCo Coverage Report,com.google.javascript.jscomp,ProcessDefines,289,34,44,0,66,12,29,1,7,1
JaCoCo Coverage Report,com.google.javascript.jscomp,ReplaceMessagesForChrome,158,0,10,0,36,0,10,0,5,0
JaCoCo Coverage Report,com.google.javascript.jscomp,DefaultPassConfig.new PassFactory() {...},18,0,0,0,3,0,2,0,2,0
JaCoCo Coverage Report,com.google.javascript.jscomp,DefaultPassConfig.new PassFactory() {...},14,0,0,0,2,0,2,0,2,0
JaCoCo Coverage Report,com.google.javascript.jscomp,DefaultPassConfig.new PassFactory() {...},13,0,0,0,2,0,2,0,2,0
JaCoCo Coverage Report,com.google.javascript.jscomp,DefaultPassConfig.new PassFactory() {...},11,0,0,0,2,0,2,0,2,0
JaCoCo Coverage Report,com.google.javascript.jscomp,DefaultPassConfig.new PassFactory() {...},20,0,0,0,3,0,2,0,2,0
JaCoCo Coverage Report,com.google.javascript.jscomp,DefaultPassConfig.new PassFactory() {...},20,0,0,0,3,0,2,0,2,0
JaCoCo Coverage Report,com.google.javascript.jscomp,DefaultPassConfig.new PassFactory() {...},25,0,2,0,3,0,3,0,2,0
JaCoCo Coverage Report,com.google.javascript.jscomp,DefaultPassConfig.new PassFactory() {...},26,0,2,0,4,0,3,0,2,0
JaCoCo Coverage Report,com.google.javascript.jscomp,DefaultPassConfig.new PassFactory() {...},13,0,0,0,2,0,2,0,2,0
JaCoCo Coverage Report,com.google.javascript.jscomp,DefaultPassConfig.new PassFactory() {...},12,0,0,0,2,0,2,0,2,0
JaCoCo Coverage Report,com.google.javascript.jscomp,Scope.new Predicate() {...},17,3,8,0,4,1,5,1,1,1
JaCoCo Coverage Report,com.google.javascript.jscomp,JsMessage,280,0,52,0,54,0,41,0,15,0
JaCoCo Coverage Report,com.google.javascript.jscomp,Denormalize,121,0,30,0,41,0,20,0,5,0
JaCoCo Coverage Report,com.google.javascript.jscomp,CheckGlobalNames,498,13,96,0,115,5,58,1,10,1
JaCoCo Coverage Report,com.google.javascript.jscomp,Compiler.CodeBuilder,103,0,8,0,22,0,12,0,8,0
JaCoCo Coverage Report,com.google.javascript.jscomp,PhaseOptimizer.ScopedChangeHandler,55,0,4,0,13,0,5,0,3,0
JaCoCo Coverage Report,com.google.javascript.jscomp,InstrumentMemoryAllocPass.Traversal,65,0,8,0,13,0,6,0,2,0
JaCoCo Coverage Report,com.google.javascript.jscomp,DefaultPassConfig.new PassFactory() {...},14,0,0,0,2,0,2,0,2,0
JaCoCo Coverage Report,com.google.javascript.jscomp,CreateSyntheticBlocks,149,13,10,0,39,3,11,1,6,1
JaCoCo Coverage Report,com.google.javascript.jscomp,DefaultPassConfig.new PassFactory() {...},13,0,0,0,2,0,2,0,2,0
JaCoCo Coverage Report,com.google.javascript.jscomp,DefaultPassConfig.new PassFactory() {...},13,0,0,0,2,0,2,0,2,0
JaCoCo Coverage Report,com.google.javascript.jscomp,DefaultPassConfig.new PassFactory() {...},13,0,0,0,2,0,2,0,2,0
JaCoCo Coverage Report,com.google.javascript.jscomp,DefaultPassConfig.new PassFactory() {...},13,0,0,0,2,0,2,0,2,0
JaCoCo Coverage Report,com.google.javascript.jscomp,DefaultPassConfig.new PassFactory() {...},14,0,0,0,2,0,2,0,2,0
JaCoCo Coverage Report,com.google.javascript.jscomp,GoogleJsMessageIdGenerator,74,0,8,0,16,0,6,0,2,0
JaCoCo Coverage Report,com.google.javascript.jscomp,DefaultPassConfig.new PassFactory() {...},23,0,0,0,2,0,2,0,2,0
JaCoCo Coverage Report,com.google.javascript.jscomp,DefaultPassConfig.new PassFactory() {...},34,0,2,0,4,0,3,0,2,0
JaCoCo Coverage Report,com.google.javascript.jscomp,DefaultPassConfig.new PassFactory() {...},13,0,0,0,2,0,2,0,2,0
JaCoCo Coverage Report,com.google.javascript.jscomp,DefaultPassConfig.new PassFactory() {...},13,0,0,0,2,0,2,0,2,0
JaCoCo Coverage Report,com.google.javascript.jscomp,SpecializeModule.OriginalFunctionInformation,120,0,14,0,28,0,12,0,5,0
JaCoCo Coverage Report,com.google.javascript.jscomp,XtbMessageBundle.Handler,157,0,30,0,37,0,27,0,12,0
JaCoCo Coverage Report,com.google.javascript.jscomp,CheckPathsBetweenNodes.new Annotation() {...},3,0,0,0,1,0,1,0,1,0
JaCoCo Coverage Report,com.google.javascript.jscomp,CheckPathsBetweenNodes.new Annotation() {...},3,0,0,0,1,0,1,0,1,0
JaCoCo Coverage Report,com.google.javascript.jscomp,TightenTypes.FunctionCallBuilder,83,0,8,0,18,0,9,0,5,0
JaCoCo Coverage Report,com.google.javascript.jscomp,CheckPathsBetweenNodes.new Annotation() {...},3,0,0,0,1,0,1,0,1,0
JaCoCo Coverage Report,com.google.javascript.jscomp,CheckPathsBetweenNodes.new Annotation() {...},3,0,0,0,1,0,1,0,1,0
JaCoCo Coverage Report,com.google.javascript.jscomp,TypedScopeCreator.LocalScopeBuilder,258,0,58,0,65,0,34,0,5,0
JaCoCo Coverage Report,com.google.javascript.jscomp,CommandLineRunner.Flags.WarningGuardErrorOptionHandler,11,0,0,0,2,0,1,0,1,0
JaCoCo Coverage Report,com.google.javascript.jscomp,ExtractPrototypeMemberDeclarations.Pattern,55,0,0,0,13,0,2,0,2,0
JaCoCo Coverage Report,com.google.javascript.jscomp,SourceMap.Format.new SourceMap.Format() {...},7,6,0,0,2,1,1,1,1,1
JaCoCo Coverage Report,com.google.javascript.jscomp,SourceMap.Format.new SourceMap.Format() {...},7,6,0,0,2,1,1,1,1,1
JaCoCo Coverage Report,com.google.javascript.jscomp,SourceMap.Format.new SourceMap.Format() {...},7,6,0,0,2,1,1,1,1,1
JaCoCo Coverage Report,com.google.javascript.jscomp,DefaultPassConfig.new PassFactory() {...},13,0,0,0,2,0,2,0,2,0
JaCoCo Coverage Report,com.google.javascript.jscomp,SourceMap.Format.new SourceMap.Format() {...},7,6,0,0,2,1,1,1,1,1
JaCoCo Coverage Report,com.google.javascript.jscomp,DefaultPassConfig.new PassFactory() {...},44,0,8,0,4,0,6,0,2,0
JaCoCo Coverage Report,com.google.javascript.jscomp,DefaultPassConfig.new PassFactory() {...},15,0,0,0,2,0,2,0,2,0
JaCoCo Coverage Report,com.google.javascript.jscomp,DefaultPassConfig.new PassFactory() {...},20,0,0,0,3,0,2,0,2,0
JaCoCo Coverage Report,com.google.javascript.jscomp,DefaultPassConfig.new PassFactory() {...},33,0,0,0,2,0,2,0,2,0
JaCoCo Coverage Report,com.google.javascript.jscomp,DefaultPassConfig.new PassFactory() {...},13,0,0,0,2,0,2,0,2,0
JaCoCo Coverage Report,com.google.javascript.jscomp,DefaultPassConfig.new PassFactory() {...},17,0,0,0,2,0,2,0,2,0
JaCoCo Coverage Report,com.google.javascript.jscomp,DefaultPassConfig.new PassFactory() {...},21,0,0,0,2,0,2,0,2,0
JaCoCo Coverage Report,com.google.javascript.jscomp,DefaultPassConfig.new PassFactory() {...},13,0,0,0,2,0,2,0,2,0
JaCoCo Coverage Report,com.google.javascript.jscomp,DefaultPassConfig.new PassFactory() {...},13,0,0,0,2,0,2,0,2,0
JaCoCo Coverage Report,com.google.javascript.jscomp,ExportTestFunctions.ExportTestFunctionsNodes,106,0,28,0,26,0,17,0,3,0
JaCoCo Coverage Report,com.google.javascript.jscomp,ConcreteType.TypeFilter,9,0,0,0,3,0,1,0,1,0
JaCoCo Coverage Report,com.google.javascript.jscomp,TightenTypes.ConcreteSlot,57,0,2,0,15,0,10,0,9,0
JaCoCo Coverage Report,com.google.javascript.jscomp,PrepareAst.PrepareAnnotations,106,12,25,2,32,6,18,3,4,3
JaCoCo Coverage Report,com.google.javascript.jscomp,JSError,340,0,47,0,60,0,42,0,18,0
JaCoCo Coverage Report,com.google.javascript.jscomp,DefaultPassConfig.new PassFactory() {...},15,0,0,0,2,0,2,0,2,0
JaCoCo Coverage Report,com.google.javascript.jscomp,CheckLevelLegacy,44,0,0,0,5,0,1,0,1,0
JaCoCo Coverage Report,com.google.javascript.jscomp,DefaultPassConfig.new PassFactory() {...},13,0,0,0,2,0,2,0,2,0
JaCoCo Coverage Report,com.google.javascript.jscomp,DefaultPassConfig.new PassFactory() {...},14,0,0,0,2,0,2,0,2,0
JaCoCo Coverage Report,com.google.javascript.jscomp,DefaultPassConfig.new PassFactory() {...},25,0,2,0,2,0,3,0,2,0
JaCoCo Coverage Report,com.google.javascript.jscomp,DefaultPassConfig.new PassFactory() {...},13,0,0,0,2,0,2,0,2,0
JaCoCo Coverage Report,com.google.javascript.jscomp,DefaultPassConfig.new PassFactory() {...},14,0,0,0,2,0,2,0,2,0
JaCoCo Coverage Report,com.google.javascript.jscomp,DefaultPassConfig.new PassFactory() {...},14,0,0,0,2,0,2,0,2,0
JaCoCo Coverage Report,com.google.javascript.jscomp,DefaultPassConfig.new PassFactory() {...},13,0,0,0,2,0,2,0,2,0
JaCoCo Coverage Report,com.google.javascript.jscomp,DefaultPassConfig.new PassFactory() {...},13,0,0,0,2,0,2,0,2,0
JaCoCo Coverage Report,com.google.javascript.jscomp,DefaultPassConfig.new PassFactory() {...},50,0,6,0,6,0,5,0,2,0
JaCoCo Coverage Report,com.google.javascript.jscomp,VariableVisibilityAnalysis.VariableVisibility,44,0,0,0,5,0,1,0,1,0
JaCoCo Coverage Report,com.google.javascript.jscomp,FunctionInformationMap.Module.Builder,392,0,40,0,119,0,48,0,27,0
JaCoCo Coverage Report,com.google.javascript.jscomp,InlineVariables.InliningBehavior,1061,0,232,0,266,0,139,0,23,0
JaCoCo Coverage Report,com.google.javascript.jscomp,UnreachableCodeElimination.new NodeTraversal.FunctionCallback() {...},54,0,4,0,12,0,4,0,2,0
JaCoCo Coverage Report,com.google.javascript.jscomp,VariableMap,290,5,26,0,67,2,28,1,15,1
JaCoCo Coverage Report,com.google.javascript.jscomp,LoggerErrorManager,99,9,9,0,17,4,8,1,3,1
JaCoCo Coverage Report,com.google.javascript.jscomp,FlowSensitiveInlineVariables.GatherCandiates.new ControlFlowGraph.AbstractCfgNodeTraversalCallback() {...},86,0,24,0,16,0,14,0,2,0
JaCoCo Coverage Report,com.google.javascript.jscomp,ClosureCodeRemoval.FindAssertionCalls,48,0,6,0,11,0,5,0,2,0
JaCoCo Coverage Report,com.google.javascript.jscomp,ErrorFormat,0,44,0,0,0,5,0,1,0,1
JaCoCo Coverage Report,com.google.javascript.jscomp,FunctionInjector.InliningMode,0,24,0,0,0,3,0,1,0,1
JaCoCo Coverage Report,com.google.javascript.jscomp,DefaultPassConfig.new PassFactory() {...},15,0,0,0,3,0,2,0,2,0
JaCoCo Coverage Report,com.google.javascript.jscomp,DefaultPassConfig.new PassFactory() {...},31,0,2,0,5,0,3,0,2,0
JaCoCo Coverage Report,com.google.javascript.jscomp,AbstractCommandLineRunner.FlagUsageException,4,0,0,0,2,0,1,0,1,0
JaCoCo Coverage Report,com.google.javascript.jscomp,DefaultPassConfig.new PassFactory() {...},13,0,0,0,2,0,2,0,2,0
JaCoCo Coverage Report,com.google.javascript.jscomp,FindExportableNodes.Mode,24,0,0,0,3,0,1,0,1,0
JaCoCo Coverage Report,com.google.javascript.jscomp,DefaultPassConfig.new PassFactory() {...},29,0,2,0,5,0,3,0,2,0
JaCoCo Coverage Report,com.google.javascript.jscomp,DefaultPassConfig.new PassFactory() {...},13,0,0,0,2,0,2,0,2,0
JaCoCo Coverage Report,com.google.javascript.jscomp,DefaultPassConfig.new PassFactory() {...},13,0,0,0,2,0,2,0,2,0
JaCoCo Coverage Report,com.google.javascript.jscomp,DefaultPassConfig.new PassFactory() {...},82,0,14,0,11,0,9,0,2,0
JaCoCo Coverage Report,com.google.javascript.jscomp,DefaultPassConfig.new PassFactory() {...},18,0,0,0,2,0,2,0,2,0
JaCoCo Coverage Report,com.google.javascript.jscomp,DefaultPassConfig.new PassFactory() {...},13,0,0,0,2,0,2,0,2,0
JaCoCo Coverage Report,com.google.javascript.jscomp,DefaultPassConfig.new PassFactory() {...},46,0,6,0,9,0,5,0,2,0
JaCoCo Coverage Report,com.google.javascript.jscomp,CommandLineRunner.Flags.BooleanOptionHandler,100,0,6,0,23,0,7,0,4,0
JaCoCo Coverage Report,com.google.javascript.jscomp,NodeTraversal.AbstractPostOrderCallback,2,3,0,0,1,1,1,1,1,1
JaCoCo Coverage Report,com.google.javascript.jscomp,SideEffectsAnalysis.DegenerateLocationAbstraction,41,0,4,0,11,0,8,0,6,0
JaCoCo Coverage Report,com.google.javascript.jscomp,ClosureCodingConvention.AssertInstanceofSpec,38,0,10,0,12,0,7,0,2,0
JaCoCo Coverage Report,com.google.javascript.jscomp,AliasKeywords.AliasSpecification,75,0,6,0,23,0,9,0,6,0
JaCoCo Coverage Report,com.google.javascript.jscomp,ChainCalls.CallSite,18,0,0,0,7,0,1,0,1,0
JaCoCo Coverage Report,com.google.javascript.jscomp,DefinitionsRemover.FunctionDefinition,17,0,0,0,6,0,3,0,3,0
JaCoCo Coverage Report,com.google.javascript.jscomp,Tracer,389,83,50,7,107,26,52,6,23,5
JaCoCo Coverage Report,com.google.javascript.jscomp,DefaultPassConfig.new PassFactory() {...},16,0,0,0,2,0,2,0,2,0
JaCoCo Coverage Report,com.google.javascript.jscomp,DefaultPassConfig.new PassFactory() {...},13,0,0,0,2,0,2,0,2,0
JaCoCo Coverage Report,com.google.javascript.jscomp,DefaultPassConfig.new PassFactory() {...},17,0,0,0,2,0,2,0,2,0
JaCoCo Coverage Report,com.google.javascript.jscomp,DefaultPassConfig.new PassFactory() {...},14,0,0,0,2,0,2,0,2,0
JaCoCo Coverage Report,com.google.javascript.jscomp,AbstractCommandLineRunner.CommandLineConfig,397,0,4,0,139,0,45,0,43,0
JaCoCo Coverage Report,com.google.javascript.jscomp,DefaultPassConfig.new PassFactory() {...},14,0,0,0,2,0,2,0,2,0
JaCoCo Coverage Report,com.google.javascript.jscomp,DefaultPassConfig.new PassFactory() {...},13,0,0,0,2,0,2,0,2,0
JaCoCo Coverage Report,com.google.javascript.jscomp,DefaultPassConfig.new PassFactory() {...},21,0,0,0,2,0,2,0,2,0
JaCoCo Coverage Report,com.google.javascript.jscomp,DataFlowAnalysis.FlowState,64,0,0,0,16,0,7,0,7,0
JaCoCo Coverage Report,com.google.javascript.jscomp,DefaultPassConfig.new PassFactory() {...},13,0,0,0,2,0,2,0,2,0
JaCoCo Coverage Report,com.google.javascript.jscomp,DefaultPassConfig.new PassFactory() {...},21,0,0,0,2,0,2,0,2,0
JaCoCo Coverage Report,com.google.javascript.jscomp,DefaultPassConfig.new PassFactory() {...},24,0,2,0,3,0,3,0,2,0
JaCoCo Coverage Report,com.google.javascript.jscomp,RemoveUnusedNames,76,0,10,0,20,0,9,0,4,0
JaCoCo Coverage Report,com.google.javascript.jscomp,NodeTraversal.new NodeTraversal.AbstractPreOrderCallback() {...},32,0,6,0,4,0,5,0,2,0
JaCoCo Coverage Report,com.google.javascript.jscomp,CodingConvention.ObjectLiteralCast,12,0,0,0,5,0,1,0,1,0
JaCoCo Coverage Report,com.google.javascript.jscomp,MarkNoSideEffectCalls.GatherNoSideEffectFunctions,94,0,26,0,27,0,15,0,2,0
JaCoCo Coverage Report,com.google.javascript.jscomp,ClosureRewriteClass.ClassDefinition,24,0,0,0,8,0,1,0,1,0
JaCoCo Coverage Report,com.google.javascript.jscomp,FileInstrumentationData,41,0,2,0,12,0,7,0,6,0
JaCoCo Coverage Report,com.google.javascript.jscomp,SideEffectsAnalysis.VisibilityLocationAbstraction,188,0,31,0,55,0,25,0,8,0
JaCoCo Coverage Report,com.google.javascript.jscomp,ReferenceCollectingCallback.BasicBlock,80,0,22,0,22,0,15,0,4,0
JaCoCo Coverage Report,com.google.javascript.jscomp,Compiler.new Callable() {...},184,0,30,0,34,0,17,0,2,0
JaCoCo Coverage Report,com.google.javascript.jscomp,FunctionToBlockMutator,601,0,84,0,162,0,57,0,15,0
JaCoCo Coverage Report,com.google.javascript.jscomp,DefinitionsRemover.VarDefinition,62,0,4,0,15,0,6,0,4,0
JaCoCo Coverage Report,com.google.javascript.jscomp,DisambiguateProperties.AbstractScopingCallback,46,0,2,0,10,0,6,0,5,0
JaCoCo Coverage Report,com.google.javascript.jscomp,DefaultPassConfig.new DefaultPassConfig.HotSwapPassFactory() {...},14,0,0,0,2,0,2,0,2,0
JaCoCo Coverage Report,com.google.javascript.jscomp,DefaultPassConfig.new DefaultPassConfig.HotSwapPassFactory() {...},53,0,6,0,7,0,5,0,2,0
JaCoCo Coverage Report,com.google.javascript.jscomp,PeepholeRemoveDeadCode,1426,0,294,0,415,0,183,0,29,0
JaCoCo Coverage Report,com.google.javascript.jscomp,FlowSensitiveInlineVariables.Candidate,279,0,38,0,71,0,25,0,6,0
JaCoCo Coverage Report,com.google.javascript.jscomp,DefaultPassConfig.new DefaultPassConfig.HotSwapPassFactory() {...},13,0,0,0,2,0,2,0,2,0
JaCoCo Coverage Report,com.google.javascript.jscomp,DefaultPassConfig.new PassFactory() {...},14,0,0,0,2,0,2,0,2,0
JaCoCo Coverage Report,com.google.javascript.jscomp,MustBeReachingVariableDef.MustDefJoin,98,0,12,0,22,0,7,0,1,0
JaCoCo Coverage Report,com.google.javascript.jscomp,PrintStreamErrorManager,107,0,12,0,20,0,11,0,5,0
JaCoCo Coverage Report,com.google.javascript.jscomp,DefaultPassConfig.new PassFactory() {...},29,0,4,0,2,0,4,0,2,0
JaCoCo Coverage Report,com.google.javascript.jscomp,MaybeReachingVariableUse.ReachingUsesJoinOp,23,0,2,0,5,0,2,0,1,0
JaCoCo Coverage Report,com.google.javascript.jscomp,DefaultPassConfig.new PassFactory() {...},14,0,0,0,2,0,2,0,2,0
JaCoCo Coverage Report,com.google.javascript.jscomp,DefaultPassConfig.new PassFactory() {...},14,0,0,0,2,0,2,0,2,0
JaCoCo Coverage Report,com.google.javascript.jscomp,DefaultPassConfig.new DefaultPassConfig.HotSwapPassFactory() {...},13,0,0,0,2,0,2,0,2,0
JaCoCo Coverage Report,com.google.javascript.jscomp,DefaultPassConfig.new PassFactory() {...},13,0,0,0,2,0,2,0,2,0
JaCoCo Coverage Report,com.google.javascript.jscomp,JsMessage.PlaceholderReference,57,0,6,0,11,0,11,0,8,0
JaCoCo Coverage Report,com.google.javascript.jscomp,DefaultPassConfig.new PassFactory() {...},17,0,0,0,2,0,2,0,2,0
JaCoCo Coverage Report,com.google.javascript.jscomp,AstParallelizer,171,0,10,0,47,0,12,0,7,0
JaCoCo Coverage Report,com.google.javascript.jscomp,ProcessDefines.CollectDefines.RefInfo,9,0,0,0,4,0,1,0,1,0
JaCoCo Coverage Report,com.google.javascript.jscomp.deps,PathUtil,233,0,30,0,46,0,22,0,7,0
JaCoCo Coverage Report,com.google.javascript.jscomp.deps,JsFileLineParser.ParseException,10,0,0,0,4,0,2,0,2,0
JaCoCo Coverage Report,com.google.javascript.jscomp.deps,JsFunctionParser,167,0,16,0,36,0,14,0,6,0
JaCoCo Coverage Report,com.google.javascript.jscomp.deps,DepsGenerator.InclusionStrategy,34,0,0,0,4,0,1,0,1,0
JaCoCo Coverage Report,com.google.javascript.jscomp.deps,SortedDependencies.CircularDependencyException,4,0,0,0,2,0,1,0,1,0
JaCoCo Coverage Report,com.google.javascript.jscomp.deps,DepsGenerator.new Function() {...},9,0,0,0,2,0,2,0,2,0
JaCoCo Coverage Report,com.google.javascript.jscomp.deps,JsFileParser,215,0,38,0,44,0,26,0,7,0
JaCoCo Coverage Report,com.google.javascript.jscomp.deps,DepsFileParser,172,0,14,0,34,0,14,0,7,0
JaCoCo Coverage Report,com.google.javascript.jscomp.deps,SortedDependencies.new Comparator() {...},20,0,0,0,3,0,2,0,2,0
JaCoCo Coverage Report,com.google.javascript.jscomp.deps,DepsGenerator,676,0,60,0,156,0,51,0,21,0
JaCoCo Coverage Report,com.google.javascript.jscomp.deps,SortedDependencies,453,0,56,0,100,0,40,0,12,0
JaCoCo Coverage Report,com.google.javascript.jscomp.deps,JsFunctionParser.SymbolInfo,9,0,0,0,4,0,1,0,1,0
JaCoCo Coverage Report,com.google.javascript.jscomp.deps,SimpleDependencyInfo,114,0,10,0,19,0,13,0,8,0
JaCoCo Coverage Report,com.google.javascript.jscomp.deps,JsFileLineParser,360,0,50,0,81,0,32,0,7,0
JaCoCo Coverage Report,com.google.javascript.jscomp.deps,SortedDependencies.MissingProvideException,4,0,0,0,2,0,1,0,1,0
JaCoCo Coverage Report,com.google.debugging.sourcemap.proto,Mapping.OriginalMapping.Builder,544,0,50,0,155,0,62,0,35,0
JaCoCo Coverage Report,com.google.debugging.sourcemap.proto,Mapping.LineMapping.Builder,561,0,61,0,157,0,66,0,34,0
JaCoCo Coverage Report,com.google.debugging.sourcemap.proto,Mapping.OriginalMapping,415,0,46,0,113,0,60,0,37,0
JaCoCo Coverage Report,com.google.debugging.sourcemap.proto,Mapping.new Descriptors.FileDescriptor.InternalDescriptorAssigner() {...},70,0,0,0,11,0,2,0,2,0
JaCoCo Coverage Report,com.google.debugging.sourcemap.proto,Mapping,20,0,0,0,7,0,3,0,3,0
JaCoCo Coverage Report,com.google.debugging.sourcemap.proto,Mapping.LineMapping,302,0,28,0,78,0,48,0,34,0
JaCoCo Coverage Report,com.google.javascript.jscomp.parsing,Annotation,0,739,0,0,0,118,0,1,0,1
JaCoCo Coverage Report,com.google.javascript.jscomp.parsing,JsDocTokenStream,758,0,132,0,200,0,98,0,24,0
JaCoCo Coverage Report,com.google.javascript.jscomp.parsing,JsDocInfoParser.ExtractionInfo,9,0,0,0,4,0,1,0,1,0
JaCoCo Coverage Report,com.google.javascript.jscomp.parsing,JsDocInfoParser.ExtendedTypeInfo,12,0,0,0,5,0,1,0,1,0
JaCoCo Coverage Report,com.google.javascript.jscomp.parsing,JsDocInfoParser.State,34,0,0,0,4,0,1,0,1,0
JaCoCo Coverage Report,com.google.javascript.jscomp.parsing,NullErrorReporter,12,0,0,0,4,0,4,0,4,0
JaCoCo Coverage Report,com.google.javascript.jscomp.parsing,JsDocInfoParser.WhitespaceOption,34,0,0,0,4,0,1,0,1,0
JaCoCo Coverage Report,com.google.javascript.jscomp.parsing,Config.LanguageMode,0,34,0,0,0,4,0,1,0,1
JaCoCo Coverage Report,com.google.javascript.jscomp.parsing,NullErrorReporter.NewRhinoNullReporter,23,0,0,0,6,0,4,0,4,0
JaCoCo Coverage Report,com.google.javascript.jscomp.parsing,JsDocInfoParser,4124,0,693,0,1096,0,449,0,66,0
JaCoCo Coverage Report,com.google.javascript.jscomp.parsing,IRFactory.TransformDispatcher,1721,36,168,4,400,11,140,4,54,4
JaCoCo Coverage Report,com.google.javascript.jscomp.parsing,NullErrorReporter.OldRhinoNullReporter,4,0,0,0,1,0,1,0,1,0
JaCoCo Coverage Report,com.google.javascript.jscomp.parsing,Config,0,51,0,4,0,15,0,4,0,2
JaCoCo Coverage Report,com.google.javascript.jscomp.parsing,IRFactory,742,245,178,10,225,57,162,12,21,12
JaCoCo Coverage Report,com.google.javascript.jscomp.parsing,ParserRunner,38,152,4,6,9,39,6,6,2,5
JaCoCo Coverage Report,com.google.javascript.jscomp.parsing,ParserRunner.ParseResult,0,9,0,0,0,4,0,1,0,1
JaCoCo Coverage Report,com.google.javascript.jscomp.parsing,TypeSafeDispatcher,312,11,55,1,63,3,46,2,0,2
JaCoCo Coverage Report,com.google.javascript.jscomp.parsing,JsDocToken,214,0,0,0,22,0,1,0,1,0
JaCoCo Coverage Report,com.google.javascript.jscomp.parsing,JsDocInfoParser.ErrorReporterParser,74,0,0,0,16,0,5,0,5,0
JaCoCo Coverage Report,com.google.javascript.rhino,JSDocInfo.NamePosition,3,0,0,0,1,0,1,0,1,0
JaCoCo Coverage Report,com.google.javascript.rhino,JSDocInfo.LazilyInitializedDocumentation,33,0,0,0,11,0,1,0,1,0
JaCoCo Coverage Report,com.google.javascript.rhino,SourcePosition,91,0,6,0,23,0,11,0,8,0
JaCoCo Coverage Report,com.google.javascript.rhino,TokenStream,581,0,169,0,114,0,111,0,3,0
JaCoCo Coverage Report,com.google.javascript.rhino,JSDocInfo,1570,0,256,0,395,0,280,0,152,0
JaCoCo Coverage Report,com.google.javascript.rhino,Node.ObjectPropListItem,22,11,2,0,3,4,4,2,3,2
JaCoCo Coverage Report,com.google.javascript.rhino,Node.StringNode,52,22,8,2,12,8,10,2,5,2
JaCoCo Coverage Report,com.google.javascript.rhino,Token,213,0,102,0,104,0,103,0,2,0
JaCoCo Coverage Report,com.google.javascript.rhino,JSDocInfo.Marker,53,0,0,0,21,0,11,0,11,0
JaCoCo Coverage Report,com.google.javascript.rhino,IR,885,50,62,4,192,13,104,6,71,5
JaCoCo Coverage Report,com.google.javascript.rhino,JSDocInfo.Visibility,44,0,0,0,5,0,1,0,1,0
JaCoCo Coverage Report,com.google.javascript.rhino,Node.AbstractPropListItem,0,15,0,0,0,6,0,3,0,3
JaCoCo Coverage Report,com.google.javascript.rhino,JSDocInfo.TrimmedStringPosition,25,0,4,0,6,0,4,0,2,0
JaCoCo Coverage Report,com.google.javascript.rhino,JSDocInfoBuilder,1240,0,228,0,374,0,197,0,83,0
JaCoCo Coverage Report,com.google.javascript.rhino,Node.SideEffectFlags,82,0,2,0,28,0,14,0,13,0
JaCoCo Coverage Report,com.google.javascript.rhino,Node.FileLevelJsDocBuilder,34,6,4,0,9,1,3,1,1,1
JaCoCo Coverage Report,com.google.javascript.rhino,Node.NumberNode,52,9,8,0,13,3,8,1,4,1
JaCoCo Coverage Report,com.google.javascript.rhino,JSDocInfo.TypePosition,13,0,0,0,5,0,3,0,3,0
JaCoCo Coverage Report,com.google.javascript.rhino,Node.IntPropListItem,11,17,0,0,3,4,3,2,3,2
JaCoCo Coverage Report,com.google.javascript.rhino,JSDocInfo.LazilyInitializedInfo,60,0,0,0,20,0,1,0,1,0
JaCoCo Coverage Report,com.google.javascript.rhino,Node,2640,518,464,48,600,135,419,56,161,46
JaCoCo Coverage Report,com.google.javascript.rhino,Node.AncestorIterable.new Iterator() {...},8,31,1,3,2,6,2,4,1,3
JaCoCo Coverage Report,com.google.javascript.rhino,Node.SiblingNodeIterable,55,0,6,0,15,0,8,0,5,0
JaCoCo Coverage Report,com.google.javascript.rhino,Node.AncestorIterable,0,11,0,0,0,4,0,2,0,2
JaCoCo Coverage Report,com.google.javascript.rhino,JSTypeExpression,86,0,12,0,17,0,15,0,9,0
JaCoCo Coverage Report,com.google.javascript.rhino,Node.NodeMismatch,47,0,6,0,9,0,6,0,3,0
JaCoCo Coverage Report,com.google.javascript.rhino,InputId,33,13,6,0,5,5,5,3,2,3
JaCoCo Coverage Report,com.google.javascript.rhino,JSDocInfo.StringPosition,3,0,0,0,1,0,1,0,1,0
JaCoCo Coverage Report,com.google.javascript.rhino,SimpleErrorReporter,115,26,12,0,29,8,13,2,7,2
JaCoCo Coverage Report,com.google.javascript.rhino.jstype,EquivalenceMethod,0,34,0,0,0,4,0,1,0,1
JaCoCo Coverage Report,com.google.javascript.rhino.jstype,TernaryValue,40,0,2,0,5,0,3,0,2,0
JaCoCo Coverage Report,com.google.javascript.rhino.jstype,Property,72,0,6,0,22,0,16,0,13,0
JaCoCo Coverage Report,com.google.javascript.rhino.jstype,NamedType,483,0,88,0,129,0,66,0,22,0
JaCoCo Coverage Report,com.google.javascript.rhino.jstype,NoObjectType,79,0,10,0,24,0,23,0,18,0
JaCoCo Coverage Report,com.google.javascript.rhino.jstype,ModificationVisitor,311,0,36,0,81,0,37,0,19,0
JaCoCo Coverage Report,com.google.javascript.rhino.jstype,NumberType,49,0,6,0,19,0,15,0,12,0
JaCoCo Coverage Report,com.google.javascript.rhino.jstype,FunctionType.PropAccess,0,34,0,0,0,1,0,1,0,1
JaCoCo Coverage Report,com.google.javascript.rhino.jstype,RecordTypeBuilder.RecordProperty,15,0,0,0,6,0,3,0,3,0
JaCoCo Coverage Report,com.google.javascript.rhino.jstype,VoidType,49,0,6,0,17,0,14,0,11,0
JaCoCo Coverage Report,com.google.javascript.rhino.jstype,RecordType,361,0,58,0,90,0,39,0,10,0
JaCoCo Coverage Report,com.google.javascript.rhino.jstype,TemplateTypeMapReplacer,69,0,10,0,18,0,8,0,3,0
JaCoCo Coverage Report,com.google.javascript.rhino.jstype,AllType,31,0,0,0,14,0,13,0,13,0
JaCoCo Coverage Report,com.google.javascript.rhino.jstype,NamespaceType,27,0,0,0,4,0,2,0,2,0
JaCoCo Coverage Report,com.google.javascript.rhino.jstype,PropertyMap.new Function() {...},3,3,0,0,1,1,1,1,1,1
JaCoCo Coverage Report,com.google.javascript.rhino.jstype,SimpleSlot,25,0,0,0,10,0,6,0,6,0
JaCoCo Coverage Report,com.google.javascript.rhino.jstype,FunctionType.Kind,0,34,0,0,0,4,0,1,0,1
JaCoCo Coverage Report,com.google.javascript.rhino.jstype,RecordTypeBuilder,64,0,6,0,17,0,7,0,4,0
JaCoCo Coverage Report,com.google.javascript.rhino.jstype,TemplateTypeMap,559,0,68,0,110,0,53,0,19,0
JaCoCo Coverage Report,com.google.javascript.rhino.jstype,PrototypeObjectType,638,0,144,0,161,0,103,0,31,0
JaCoCo Coverage Report,com.google.javascript.rhino.jstype,CanCastToVisitor,258,3,58,0,56,1,44,1,15,1
JaCoCo Coverage Report,com.google.javascript.rhino.jstype,ProxyObjectType,352,0,32,0,86,0,74,0,58,0
JaCoCo Coverage Report,com.google.javascript.rhino.jstype,NamedType.PropertyContinuation,27,0,0,0,8,0,2,0,2,0
JaCoCo Coverage Report,com.google.javascript.rhino.jstype,UnionTypeBuilder,406,0,98,0,114,0,56,0,7,0
JaCoCo Coverage Report,com.google.javascript.rhino.jstype,ValueType,13,0,0,0,5,0,4,0,4,0
JaCoCo Coverage Report,com.google.javascript.rhino.jstype,BooleanType,52,0,8,0,20,0,16,0,12,0
JaCoCo Coverage Report,com.google.javascript.rhino.jstype,FunctionBuilder,167,0,0,0,48,0,15,0,15,0
JaCoCo Coverage Report,com.google.javascript.rhino.jstype,SimpleSourceFile,39,0,2,0,12,0,8,0,7,0
JaCoCo Coverage Report,com.google.javascript.rhino.jstype,FunctionType,1998,0,368,0,488,0,257,0,73,0
JaCoCo Coverage Report,com.google.javascript.rhino.jstype,UnionType,1075,0,182,0,264,0,131,0,40,0
JaCoCo Coverage Report,com.google.javascript.rhino.jstype,FunctionParamBuilder,165,0,26,0,38,0,23,0,10,0
JaCoCo Coverage Report,com.google.javascript.rhino.jstype,TemplatizedType,188,0,24,0,44,0,26,0,14,0
JaCoCo Coverage Report,com.google.javascript.rhino.jstype,JSTypeRegistry,2792,0,193,0,643,0,192,0,90,0
JaCoCo Coverage Report,com.google.javascript.rhino.jstype,ArrowType,400,0,114,0,111,0,74,0,17,0
JaCoCo Coverage Report,com.google.javascript.rhino.jstype,SimpleReference,54,0,4,0,10,0,7,0,5,0
JaCoCo Coverage Report,com.google.javascript.rhino.jstype,InstanceObjectType,180,0,36,0,38,0,38,0,20,0
JaCoCo Coverage Report,com.google.javascript.rhino.jstype,ObjectType,469,11,82,0,126,1,92,1,51,1
JaCoCo Coverage Report,com.google.javascript.rhino.jstype,JSTypeNative,564,0,0,0,57,0,1,0,1,0
JaCoCo Coverage Report,com.google.javascript.rhino.jstype,NoType,33,0,2,0,13,0,13,0,12,0
JaCoCo Coverage Report,com.google.javascript.rhino.jstype,TernaryValue.new TernaryValue() {...},30,0,4,0,7,0,9,0,7,0
JaCoCo Coverage Report,com.google.javascript.rhino.jstype,TernaryValue.new TernaryValue() {...},18,0,0,0,7,0,7,0,7,0
JaCoCo Coverage Report,com.google.javascript.rhino.jstype,TernaryValue.new TernaryValue() {...},19,0,0,0,7,0,7,0,7,0
JaCoCo Coverage Report,com.google.javascript.rhino.jstype,TemplateType,29,0,0,0,9,0,7,0,7,0
JaCoCo Coverage Report,com.google.javascript.rhino.jstype,StringType,47,0,6,0,18,0,14,0,11,0
JaCoCo Coverage Report,com.google.javascript.rhino.jstype,PropertyMap,214,19,40,0,59,7,35,2,15,2
JaCoCo Coverage Report,com.google.javascript.rhino.jstype,UnknownType,58,0,2,0,23,0,22,0,21,0
JaCoCo Coverage Report,com.google.javascript.rhino.jstype,BooleanLiteralSet,116,0,14,0,21,0,16,0,6,0
JaCoCo Coverage Report,com.google.javascript.rhino.jstype,TemplateTypeMap.EquivalenceMatch,0,34,0,0,0,2,0,1,0,1
JaCoCo Coverage Report,com.google.javascript.rhino.jstype,JSType,1361,9,302,0,349,2,263,1,111,1
JaCoCo Coverage Report,com.google.javascript.rhino.jstype,EnumType,137,0,12,0,29,0,24,0,18,0
JaCoCo Coverage Report,com.google.javascript.rhino.jstype,JSType.TypePair,9,0,0,0,4,0,1,0,1,0
JaCoCo Coverage Report,com.google.javascript.rhino.jstype,ErrorFunctionType,40,0,0,0,8,0,1,0,1,0
JaCoCo Coverage Report,com.google.javascript.rhino.jstype,NoResolvedType,29,0,6,0,9,0,9,0,6,0
JaCoCo Coverage Report,com.google.javascript.rhino.jstype,JSTypeRegistry.new FunctionType() {...},19,0,0,0,2,0,2,0,2,0
JaCoCo Coverage Report,com.google.javascript.rhino.jstype,JSType.new Comparator() {...},6,3,0,0,1,1,1,1,1,1
JaCoCo Coverage Report,com.google.javascript.rhino.jstype,EnumElementType,171,0,12,0,44,0,32,0,26,0
JaCoCo Coverage Report,com.google.javascript.rhino.jstype,NullType,55,0,10,0,20,0,17,0,12,0
JaCoCo Coverage Report,com.google.javascript.jscomp.regex,RegExpTree.DecomposedCharset,352,0,79,0,69,0,49,0,7,0
JaCoCo Coverage Report,com.google.javascript.jscomp.regex,RegExpTree.Concatenation.new Object() {...},199,0,32,0,47,0,19,0,3,0
JaCoCo Coverage Report,com.google.javascript.jscomp.regex,RegExpTree.RegExpTreeAtom,11,0,0,0,5,0,5,0,5,0
JaCoCo Coverage Report,com.google.javascript.jscomp.regex,RegExpTree.Charset,381,0,42,0,89,0,32,0,11,0
JaCoCo Coverage Report,com.google.javascript.jscomp.regex,CharRanges,1039,0,142,0,188,0,91,0,20,0
JaCoCo Coverage Report,com.google.javascript.jscomp.regex,RegExpTree.Alternation,392,0,72,0,87,0,47,0,10,0
JaCoCo Coverage Report,com.google.javascript.jscomp.regex,RegExpTree.Empty,17,0,0,0,7,0,7,0,7,0
JaCoCo Coverage Report,com.google.javascript.jscomp.regex,RegExpTree.BackReference,49,0,8,0,11,0,10,0,6,0
JaCoCo Coverage Report,com.google.javascript.jscomp.regex,CaseCanonicalize,9125,0,26,0,220,0,18,0,5,0
JaCoCo Coverage Report,com.google.javascript.jscomp.regex,RegExpTree.WordBoundary,40,0,4,0,10,0,8,0,6,0
JaCoCo Coverage Report,com.google.javascript.jscomp.regex,RegExpTree.CapturingGroup,62,0,4,0,16,0,12,0,10,0
JaCoCo Coverage Report,com.google.javascript.jscomp.regex,RegExpTree.Anchor,40,0,4,0,9,0,9,0,7,0
JaCoCo Coverage Report,com.google.javascript.jscomp.regex,RegExpTree,510,0,35,0,83,0,29,0,9,0
JaCoCo Coverage Report,com.google.javascript.jscomp.regex,RegExpTree.new Object() {...},1097,0,179,0,233,0,108,0,10,0
JaCoCo Coverage Report,com.google.javascript.jscomp.regex,RegExpTree.LookaheadAssertion,102,0,14,0,23,0,17,0,10,0
JaCoCo Coverage Report,com.google.javascript.jscomp.regex,CaseCanonicalize.DeltaSet,9,0,0,0,4,0,1,0,1,0
JaCoCo Coverage Report,com.google.javascript.jscomp.regex,RegExpTree.Concatenation,243,0,45,0,55,0,34,0,11,0
JaCoCo Coverage Report,com.google.javascript.jscomp.regex,RegExpTree.Repetition,485,0,106,0,97,0,67,0,13,0
JaCoCo Coverage Report,com.google.javascript.jscomp.regex,RegExpTree.Text,144,0,25,0,31,0,21,0,8,0
JaCoCo Coverage Report,com.google.javascript.jscomp.ant,CompileTask,1069,0,100,0,254,0,89,0,39,0
JaCoCo Coverage Report,com.google.javascript.jscomp.ant,Warning,17,0,0,0,7,0,5,0,5,0
JaCoCo Coverage Report,com.google.javascript.jscomp.ant,AntErrorManager,85,0,7,0,18,0,7,0,3,0
JaCoCo Coverage Report,com.google.debugging.sourcemap,Base64VLQ,97,0,14,0,24,0,11,0,4,0
JaCoCo Coverage Report,com.google.debugging.sourcemap,SourceMapConsumerV3.MappingBuilder,319,0,32,0,65,0,24,0,7,0
JaCoCo Coverage Report,com.google.debugging.sourcemap,SourceMapConsumerV1.LineFragment,42,0,4,0,10,0,5,0,3,0
JaCoCo Coverage Report,com.google.debugging.sourcemap,SourceMapConsumerV3.DefaultSourceMapSupplier,5,0,0,0,2,0,2,0,2,0
JaCoCo Coverage Report,com.google.debugging.sourcemap,SourceMapSection.SectionType,24,0,0,0,3,0,1,0,1,0
JaCoCo Coverage Report,com.google.debugging.sourcemap,SourceMapGeneratorV3.MappingTraversal,238,0,42,0,47,0,29,0,8,0
JaCoCo Coverage Report,com.google.debugging.sourcemap,FilePosition,15,0,0,0,6,0,3,0,3,0
JaCoCo Coverage Report,com.google.debugging.sourcemap,SourceMapGeneratorFactory,28,0,4,0,7,0,6,0,3,0
JaCoCo Coverage Report,com.google.debugging.sourcemap,SourceMapGeneratorV3.UsedMappingCheck,12,0,2,0,4,0,3,0,2,0
JaCoCo Coverage Report,com.google.debugging.sourcemap,SourceMapGeneratorV2.MappingTraversal,238,0,42,0,47,0,29,0,8,0
JaCoCo Coverage Report,com.google.debugging.sourcemap,SourceMapGeneratorV3.Mapping,9,0,0,0,3,0,1,0,1,0
JaCoCo Coverage Report,com.google.debugging.sourcemap,SourceMapGeneratorV2.LineMapper,149,0,16,0,36,0,14,0,6,0
JaCoCo Coverage Report,com.google.debugging.sourcemap,SourceMapConsumerV3.UnmappedEntry,17,0,0,0,8,0,6,0,6,0
JaCoCo Coverage Report,com.google.debugging.sourcemap,SourceMapGeneratorV1.Mapping,9,0,0,0,3,0,1,0,1,0
JaCoCo Coverage Report,com.google.debugging.sourcemap,SourceMapGeneratorV2.LineMapEncoder,218,0,28,0,44,0,19,0,5,0
JaCoCo Coverage Report,com.google.debugging.sourcemap,SourceMapConsumerV1.ParseState,81,0,8,0,21,0,9,0,5,0
JaCoCo Coverage Report,com.google.debugging.sourcemap,SourceMapGeneratorV2.MappingWriter,99,0,8,0,23,0,7,0,3,0
JaCoCo Coverage Report,com.google.debugging.sourcemap,SourceMapConsumerV1.FileName,12,0,0,0,4,0,1,0,1,0
JaCoCo Coverage Report,com.google.debugging.sourcemap,SourceMapLineDecoder.StringParser,38,0,2,0,7,0,5,0,4,0
JaCoCo Coverage Report,com.google.debugging.sourcemap,Util,316,0,35,0,55,0,27,0,6,0
JaCoCo Coverage Report,com.google.debugging.sourcemap,SourceMapGeneratorV2.UsedMappingCheck,12,0,2,0,4,0,3,0,2,0
JaCoCo Coverage Report,com.google.debugging.sourcemap,SourceMapConsumerV3.NamedEntry,13,0,0,0,4,0,2,0,2,0
JaCoCo Coverage Report,com.google.debugging.sourcemap,SourceMapGeneratorV2.Mapping,9,0,0,0,3,0,1,0,1,0
JaCoCo Coverage Report,com.google.debugging.sourcemap,SourceMapGeneratorV1.MappingTraversal,238,0,42,0,47,0,29,0,8,0
JaCoCo Coverage Report,com.google.debugging.sourcemap,SourceMapGeneratorV3.ConsumerEntryVisitor,15,0,0,0,3,0,2,0,2,0
JaCoCo Coverage Report,com.google.debugging.sourcemap,SourceMapConsumerV3.StringCharIterator,39,0,2,0,8,0,5,0,4,0
JaCoCo Coverage Report,com.google.debugging.sourcemap,SourceMapSection,72,0,2,0,21,0,11,0,10,0
JaCoCo Coverage Report,com.google.debugging.sourcemap,SourceMapLineDecoder,163,0,14,0,41,0,13,0,6,0
JaCoCo Coverage Report,com.google.debugging.sourcemap,Base64,97,0,10,0,15,0,9,0,4,0
JaCoCo Coverage Report,com.google.debugging.sourcemap,SourceMapGeneratorV1.LineMapper,126,0,20,0,37,0,16,0,6,0
JaCoCo Coverage Report,com.google.debugging.sourcemap,SourceMapGeneratorV3,680,0,50,0,177,0,46,0,21,0
JaCoCo Coverage Report,com.google.debugging.sourcemap,SourceMapGeneratorV1,354,0,34,0,81,0,27,0,10,0
JaCoCo Coverage Report,com.google.debugging.sourcemap,SourceMapGeneratorV2,582,0,42,0,152,0,40,0,19,0
JaCoCo Coverage Report,com.google.debugging.sourcemap,SourceMapConsumerV1.SourceFile.Builder,63,0,0,0,16,0,9,0,9,0
JaCoCo Coverage Report,com.google.debugging.sourcemap,SourceMapGeneratorV1.UsedMappingCheck,12,0,2,0,4,0,3,0,2,0
JaCoCo Coverage Report,com.google.debugging.sourcemap,SourceMapConsumerV3,782,0,98,0,184,0,65,0,16,0
JaCoCo Coverage Report,com.google.debugging.sourcemap,SourceMapConsumerV2,275,0,28,0,68,0,19,0,5,0
JaCoCo Coverage Report,com.google.debugging.sourcemap,SourceMapConsumerV1,562,0,62,0,151,0,40,0,9,0
JaCoCo Coverage Report,com.google.debugging.sourcemap,SourceMapParseException,4,0,0,0,2,0,1,0,1,0
JaCoCo Coverage Report,com.google.debugging.sourcemap,SourceMapConsumerFactory,81,0,7,0,19,0,6,0,2,0
JaCoCo Coverage Report,com.google.debugging.sourcemap,SourceMapConsumerV3.UnnamedEntry,24,0,0,0,9,0,5,0,5,0
JaCoCo Coverage Report,com.google.debugging.sourcemap,SourceMapGeneratorV3.LineMapper,176,0,20,0,47,0,16,0,6,0
JaCoCo Coverage Report,com.google.debugging.sourcemap,SourceMapLineDecoder.LineEntry,9,0,0,0,4,0,1,0,1,0
JaCoCo Coverage Report,com.google.debugging.sourcemap,SourceMapGeneratorV1.MappingWriter,117,0,10,0,31,0,8,0,3,0
JaCoCo Coverage Report,com.google.debugging.sourcemap,SourceMapFormat,44,0,0,0,5,0,1,0,1,0
JaCoCo Coverage Report,com.google.debugging.sourcemap,SourceMapConsumerV1.SourceFile,128,0,6,0,31,0,9,0,6,0
JaCoCo Coverage Report,com.google.javascript.jscomp.graph,StandardUnionFind,257,0,20,0,55,0,21,0,11,0
JaCoCo Coverage Report,com.google.javascript.jscomp.graph,LinkedUndirectedGraph,486,0,58,0,111,0,57,0,28,0
JaCoCo Coverage Report,com.google.javascript.jscomp.graph,DiGraph,33,0,8,0,4,0,7,0,3,0
JaCoCo Coverage Report,com.google.javascript.jscomp.graph,GraphColoring,39,0,2,0,11,0,4,0,3,0
JaCoCo Coverage Report,com.google.javascript.jscomp.graph,LinkedUndirectedGraph.LinkedUndirectedGraphNode,56,0,2,0,14,0,11,0,10,0
JaCoCo Coverage Report,com.google.javascript.jscomp.graph,Graph.GraphAnnotationState,4,0,0,0,2,0,1,0,1,0
JaCoCo Coverage Report,com.google.javascript.jscomp.graph,Graph.AnnotationState,9,0,0,0,4,0,1,0,1,0
JaCoCo Coverage Report,com.google.javascript.jscomp.graph,LinkedDirectedGraph.LinkedDirectedGraphEdge,81,0,2,0,21,0,16,0,15,0
JaCoCo Coverage Report,com.google.javascript.jscomp.graph,LinkedUndirectedGraph.AnnotatedLinkedUndirectedGraphEdge,13,0,0,0,5,0,3,0,3,0
JaCoCo Coverage Report,com.google.javascript.jscomp.graph,LinkedDirectedGraph.LinkedDirectedGraphNode,61,0,2,0,16,0,12,0,11,0
JaCoCo Coverage Report,com.google.javascript.jscomp.graph,LinkedUndirectedGraph.LinkedUndirectedGraphEdge,67,0,2,0,15,0,12,0,11,0
JaCoCo Coverage Report,com.google.javascript.jscomp.graph,LinkedUndirectedGraph.AnnotatedLinkedUndirectedGraphNode,11,0,0,0,5,0,3,0,3,0
JaCoCo Coverage Report,com.google.javascript.jscomp.graph,LinkedDirectedGraph,586,0,46,0,132,0,59,0,36,0
JaCoCo Coverage Report,com.google.javascript.jscomp.graph,UndiGraph,3,0,0,0,1,0,1,0,1,0
JaCoCo Coverage Report,com.google.javascript.jscomp.graph,GraphReachability,94,0,10,0,25,0,11,0,6,0
JaCoCo Coverage Report,com.google.javascript.jscomp.graph,GraphReachability.EdgeTuple,12,0,0,0,5,0,1,0,1,0
JaCoCo Coverage Report,com.google.javascript.jscomp.graph,StandardUnionFind.Node,15,0,0,0,6,0,1,0,1,0
JaCoCo Coverage Report,com.google.javascript.jscomp.graph,StandardUnionFind.new Predicate() {...},54,0,6,0,9,0,5,0,2,0
JaCoCo Coverage Report,com.google.javascript.jscomp.graph,StandardUnionFind.new AbstractSet() {...},38,0,0,0,4,0,4,0,4,0
JaCoCo Coverage Report,com.google.javascript.jscomp.graph,GraphColoring.GreedyGraphColoring,74,0,6,0,23,0,6,0,3,0
JaCoCo Coverage Report,com.google.javascript.jscomp.graph,GraphPruner,180,0,24,0,39,0,15,0,3,0
JaCoCo Coverage Report,com.google.javascript.jscomp.graph,GraphColoring.GreedyGraphColoring.new Comparator() {...},37,0,4,0,5,0,4,0,2,0
JaCoCo Coverage Report,com.google.javascript.jscomp.graph,FixedPointGraphTraversal,143,0,14,0,33,0,12,0,5,0
JaCoCo Coverage Report,com.google.javascript.jscomp.graph,GraphReachability.new Annotation() {...},3,0,0,0,1,0,1,0,1,0
JaCoCo Coverage Report,com.google.javascript.jscomp.graph,LinkedDirectedGraph.LinkedDirectedGraphNode.NeighborIterator,63,0,10,0,9,0,9,0,4,0
JaCoCo Coverage Report,com.google.javascript.jscomp.graph,Graph.SimpleSubGraph,50,0,4,0,12,0,5,0,3,0
JaCoCo Coverage Report,com.google.javascript.jscomp.graph,LinkedDirectedGraph.AnnotatedLinkedDirectedGraphNode,11,0,0,0,5,0,3,0,3,0
JaCoCo Coverage Report,com.google.javascript.jscomp.graph,GraphColoring.Color,27,0,4,0,8,0,5,0,3,0
JaCoCo Coverage Report,com.google.javascript.jscomp.graph,LinkedDirectedGraph.AnnotatedLinkedDirectedGraphEdge,13,0,0,0,5,0,3,0,3,0
JaCoCo Coverage Report,com.google.javascript.jscomp.graph,Graph,173,0,18,0,42,0,22,0,13,0
JaCoCo Coverage Report,com.google.javascript.jscomp.graph,LinkedUndirectedGraph.LinkedUndirectedGraphNode.NeighborIterator,37,0,2,0,9,0,5,0,4,0
JaCoCo Coverage Report,com.google.javascript.jscomp.type,SemanticReverseAbstractInterpreter,731,17,142,0,178,4,89,1,12,1
JaCoCo Coverage Report,com.google.javascript.jscomp.type,ClosureReverseAbstractInterpreter.new ChainableReverseAbstractInterpreter.RestrictByTrueTypeOfResultVisitor() {...},16,0,0,0,4,0,4,0,4,0
JaCoCo Coverage Report,com.google.javascript.jscomp.type,ClosureReverseAbstractInterpreter.new ChainableReverseAbstractInterpreter.RestrictByFalseTypeOfResultVisitor() {...},32,0,0,0,5,0,4,0,4,0
JaCoCo Coverage Report,com.google.javascript.jscomp.type,ClosureReverseAbstractInterpreter.new Function() {...},36,0,6,0,6,0,5,0,2,0
JaCoCo Coverage Report,com.google.javascript.jscomp.type,ClosureReverseAbstractInterpreter.new Function() {...},36,0,6,0,6,0,5,0,2,0
JaCoCo Coverage Report,com.google.javascript.jscomp.type,ClosureReverseAbstractInterpreter.new Function() {...},15,0,0,0,2,0,2,0,2,0
JaCoCo Coverage Report,com.google.javascript.jscomp.type,ClosureReverseAbstractInterpreter.new Function() {...},15,0,0,0,2,0,2,0,2,0
JaCoCo Coverage Report,com.google.javascript.jscomp.type,ClosureReverseAbstractInterpreter.new Function() {...},15,0,0,0,2,0,2,0,2,0
JaCoCo Coverage Report,com.google.javascript.jscomp.type,ClosureReverseAbstractInterpreter.new Function() {...},15,0,0,0,2,0,2,0,2,0
JaCoCo Coverage Report,com.google.javascript.jscomp.type,ClosureReverseAbstractInterpreter.new Function() {...},31,0,4,0,6,0,4,0,2,0
JaCoCo Coverage Report,com.google.javascript.jscomp.type,ClosureReverseAbstractInterpreter.new Function() {...},28,0,4,0,5,0,4,0,2,0
JaCoCo Coverage Report,com.google.javascript.jscomp.type,ClosureReverseAbstractInterpreter.new ChainableReverseAbstractInterpreter.RestrictByTrueTypeOfResultVisitor() {...},22,0,2,0,4,0,4,0,3,0
JaCoCo Coverage Report,com.google.javascript.jscomp.type,ClosureReverseAbstractInterpreter.new Function() {...},28,0,4,0,5,0,4,0,2,0
JaCoCo Coverage Report,com.google.javascript.jscomp.type,ClosureReverseAbstractInterpreter.new ChainableReverseAbstractInterpreter.RestrictByFalseTypeOfResultVisitor() {...},18,0,2,0,2,0,3,0,2,0
JaCoCo Coverage Report,com.google.javascript.jscomp.type,ChainableReverseAbstractInterpreter.RestrictByTrueTypeOfResultVisitor,23,0,0,0,9,0,9,0,9,0
JaCoCo Coverage Report,com.google.javascript.jscomp.type,ChainableReverseAbstractInterpreter.RestrictByFalseTypeOfResultVisitor,43,0,0,0,10,0,10,0,10,0
JaCoCo Coverage Report,com.google.javascript.jscomp.type,ChainableReverseAbstractInterpreter.RestrictByOneTypeOfResultVisitor,160,0,32,0,25,0,27,0,11,0
JaCoCo Coverage Report,com.google.javascript.jscomp.type,ClosureReverseAbstractInterpreter,177,0,18,0,37,0,12,0,3,0
JaCoCo Coverage Report,com.google.javascript.jscomp.type,ChainableReverseAbstractInterpreter,268,0,45,0,71,0,36,0,12,0
JaCoCo Coverage Report,com.google.javascript.jscomp.type,SemanticReverseAbstractInterpreter.RestrictByFalseInstanceOfResultVisitor,58,0,10,0,18,0,9,0,4,0
JaCoCo Coverage Report,com.google.javascript.jscomp.type,ChainableReverseAbstractInterpreter.new Visitor() {...},106,0,4,0,19,0,18,0,16,0
JaCoCo Coverage Report,com.google.javascript.jscomp.type,ChainableReverseAbstractInterpreter.new Visitor() {...},106,0,4,0,20,0,18,0,16,0
JaCoCo Coverage Report,com.google.javascript.jscomp.type,SemanticReverseAbstractInterpreter.new Function() {...},14,3,4,0,3,1,3,1,1,1
JaCoCo Coverage Report,com.google.javascript.jscomp.type,SemanticReverseAbstractInterpreter.new Function() {...},14,3,4,0,3,1,3,1,1,1
JaCoCo Coverage Report,com.google.javascript.jscomp.type,SemanticReverseAbstractInterpreter.new Function() {...},14,3,4,0,3,1,3,1,1,1
JaCoCo Coverage Report,com.google.javascript.jscomp.type,SemanticReverseAbstractInterpreter.new Function() {...},20,0,0,0,4,0,2,0,2,0
JaCoCo Coverage Report,com.google.javascript.jscomp.type,SemanticReverseAbstractInterpreter.new Function() {...},14,3,4,0,3,1,3,1,1,1
JaCoCo Coverage Report,com.google.javascript.jscomp.type,ClosureReverseAbstractInterpreter.TypeRestriction,9,0,0,0,4,0,1,0,1,0
JaCoCo Coverage Report,com.google.javascript.jscomp.type,ChainableReverseAbstractInterpreter.RestrictByTypeOfResultVisitor,84,0,10,0,20,0,13,0,8,0
JaCoCo Coverage Report,com.google.javascript.jscomp.type,SemanticReverseAbstractInterpreter.RestrictByTrueInstanceOfResultVisitor,63,0,8,0,17,0,11,0,7,0
