
$ defects4j compile -w /work/Mockito_22f
Running ant (compile)...................................................... OK
Running ant (compile.tests)................................................ OK

[exit=0 timeout=False time=16.9s]

$ defects4j compile -w /work/Mockito_22b
Running ant (compile)...................................................... OK
Running ant (compile.tests)................................................ OK

[exit=0 timeout=False time=17.0s]

$ java -Djava.awt.headless=true -cp /opt/defects4j/framework/projects/lib/junit-4.12-hamcrest-1.3.jar:/opt/evosuite/evosuite-1.2.0.jar:/work/Mockito_22f/target/classes:/opt/defects4j/framework/projects/Mockito/lib/asm-all-5.0.4.jar:/opt/defects4j/framework/projects/Mockito/lib/assertj-core-2.1.0.jar:/opt/defects4j/framework/projects/Mockito/lib/cglib-and-asm-1.0.jar:/opt/defects4j/framework/projects/Mockito/lib/cobertura-2.0.3.jar:/opt/defects4j/framework/projects/Mockito/lib/fest-assert-1.3.jar:/opt/defects4j/framework/projects/Mockito/lib/fest-util-1.1.4.jar:/opt/defects4j/framework/projects/Mockito/lib/hamcrest-all-1.3.jar:/opt/defects4j/framework/projects/Mockito/lib/hamcrest-core-1.1.jar:/opt/defects4j/framework/projects/Mockito/lib/objenesis-2.1.jar:/opt/defects4j/framework/projects/Mockito/lib/objenesis-2.2.jar:/opt/defects4j/framework/projects/Mockito/lib/powermock-reflect-1.2.5.jar:/work/Mockito_22f/target/test-classes org.evosuite.EvoSuite -generateSuite -class org.mockito.internal.matchers.Equality -projectCP /opt/defects4j/framework/projects/lib/junit-4.12-hamcrest-1.3.jar:/work/Mockito_22f/target/classes:/opt/defects4j/framework/projects/Mockito/lib/asm-all-5.0.4.jar:/opt/defects4j/framework/projects/Mockito/lib/assertj-core-2.1.0.jar:/opt/defects4j/framework/projects/Mockito/lib/cglib-and-asm-1.0.jar:/opt/defects4j/framework/projects/Mockito/lib/cobertura-2.0.3.jar:/opt/defects4j/framework/projects/Mockito/lib/fest-assert-1.3.jar:/opt/defects4j/framework/projects/Mockito/lib/fest-util-1.1.4.jar:/opt/defects4j/framework/projects/Mockito/lib/hamcrest-all-1.3.jar:/opt/defects4j/framework/projects/Mockito/lib/hamcrest-core-1.1.jar:/opt/defects4j/framework/projects/Mockito/lib/objenesis-2.1.jar:/opt/defects4j/framework/projects/Mockito/lib/objenesis-2.2.jar:/opt/defects4j/framework/projects/Mockito/lib/powermock-reflect-1.2.5.jar:/work/Mockito_22f/target/test-classes -Dcriterion=LINE:BRANCH:EXCEPTION -Dsearch_budget=120 -seed 1 -Dtest_dir=/work/evo_out/Mockito_22f/budget120_seed1/tests -Dreport_dir=/work/evo_out/Mockito_22f/budget120_seed1/report
* EvoSuite 1.2.0
* Going to generate test cases for class: org.mockito.internal.matchers.Equality
* Starting Client-0
* Connecting to master process on port 9922
* Analyzing classpath: 
  - /opt/defects4j/framework/projects/lib/junit-4.12-hamcrest-1.3.jar
  - /work/Mockito_22f/target/classes
  - /opt/defects4j/framework/projects/Mockito/lib/asm-all-5.0.4.jar
  - /opt/defects4j/framework/projects/Mockito/lib/assertj-core-2.1.0.jar
  - /opt/defects4j/framework/projects/Mockito/lib/cglib-and-asm-1.0.jar
  - /opt/defects4j/framework/projects/Mockito/lib/cobertura-2.0.3.jar
  - /opt/defects4j/framework/projects/Mockito/lib/fest-assert-1.3.jar
  - /opt/defects4j/framework/projects/Mockito/lib/fest-util-1.1.4.jar
  - /opt/defects4j/framework/projects/Mockito/lib/hamcrest-all-1.3.jar
  - /opt/defects4j/framework/projects/Mockito/lib/hamcrest-core-1.1.jar
  - /opt/defects4j/framework/projects/Mockito/lib/objenesis-2.1.jar
  - /opt/defects4j/framework/projects/Mockito/lib/objenesis-2.2.jar
  - /opt/defects4j/framework/projects/Mockito/lib/powermock-reflect-1.2.5.jar
  - /work/Mockito_22f/target/test-classes
* Finished analyzing classpath
* Generating tests for class org.mockito.internal.matchers.Equality
* Test criteria:
  - Line Coverage
  - Branch Coverage
  - Exception
* Setting up search algorithm for whole suite generation
* Total number of test goals: 
  - Line 15
  - Branch 28
  - Exception 0

[Progress:>                             0%] [Cov:>                                  0%]* Using seed 1
* Starting evolution

[Progress:>                             0%] [Cov:=======>                           20%]
[Progress:>                             0%] [Cov:=========>                         28%]
[Progress:>                             0%] [Cov:=====================>             61%]
[Progress:>                             0%] [Cov:========================>          69%]
[Progress:>                             0%] [Cov:========================>          69%]
[Progress:>                             0%] [Cov:=========================>         72%]
[Progress:>                             0%] [Cov:=========================>         72%]
[Progress:>                             0%] [Cov:=========================>         72%]
[Progress:>                             0%] [Cov:=========================>         72%]
[Progress:>                             0%] [Cov:=========================>         72%]
[Progress:>                             0%] [Cov:=========================>         72%]
[Progress:>                             0%] [Cov:=========================>         72%]
[Progress:>                             0%] [Cov:=========================>         72%]
[Progress:>                             0%] [Cov:=========================>         72%]
[Progress:>                             0%] [Cov:=========================>         72%]
[Progress:>                             0%] [Cov:=========================>         72%]
[Progress:>                             0%] [Cov:=========================>         72%]
[Progress:>                             1%] [Cov:=========================>         72%]
[Progress:>                             1%] [Cov:=========================>         72%]
[Progress:>                             1%] [Cov:=========================>         72%]
[Progress:>                             1%] [Cov:=========================>         72%]
[Progress:>                             1%] [Cov:=========================>         72%]
[Progress:>                             1%] [Cov:=========================>         72%]
[Progress:>                             1%] [Cov:=========================>         72%]
[Progress:>                             1%] [Cov:=========================>         72%]
[Progress:>                             1%] [Cov:=========================>         72%]
[Progress:>                             1%] [Cov:=========================>         72%]
[Progress:>                             1%] [Cov:=========================>         72%]
[Progress:>                             1%] [Cov:=========================>         72%]
[Progress:>                             1%] [Cov:=========================>         72%]
[Progress:>                             2%] [Cov:=========================>         72%]
[Progress:>                             2%] [Cov:=========================>         72%]
[Progress:>                             2%] [Cov:=========================>         72%]
[Progress:>                             2%] [Cov:=========================>         72%]
[Progress:>                             2%] [Cov:=========================>         72%]
[Progress:>                             2%] [Cov:=========================>         72%]
[Progress:>                             2%] [Cov:=========================>         72%]
[Progress:>                             2%] [Cov:=========================>         72%]
[Progress:>                             2%] [Cov:=========================>         72%]
[Progress:>                             2%] [Cov:=========================>         72%]
[Progress:>                             2%] [Cov:=========================>         72%]
[Progress:>                             2%] [Cov:=========================>         72%]
[Progress:>                             2%] [Cov:=========================>         72%]
[Progress:>                             2%] [Cov:=========================>         72%]
[Progress:>                             2%] [Cov:=========================>         72%]
[Progress:>                             2%] [Cov:=========================>         72%]
[Progress:>                             2%] [Cov:=========================>         72%]
[Progress:>                             3%] [Cov:=========================>         72%]
[Progress:>                             3%] [Cov:=========================>         72%]
[Progress:>                             3%] [Cov:=========================>         72%]
[Progress:>                             3%] [Cov:=========================>         72%]
[Progress:>                             3%] [Cov:=========================>         72%]
[Progress:>                             3%] [Cov:=========================>         72%]
[Progress:>                             3%] [Cov:=========================>         72%]
[Progress:>                             3%] [Cov:=========================>         72%]
[Progress:>                             3%] [Cov:=========================>         72%]
[Progress:>                             3%] [Cov:=========================>         72%]
[Progress:>                             3%] [Cov:=========================>         72%]
[Progress:>                             3%] [Cov:=========================>         72%]
[Progress:>                             3%] [Cov:=========================>         72%]
[Progress:>                             3%] [Cov:=========================>         72%]
[Progress:>                             3%] [Cov:=========================>         72%]
[Progress:>                             3%] [Cov:=========================>         72%]
[Progress:>                             3%] [Cov:=========================>         72%]
[Progress:>                             3%] [Cov:=========================>         72%]
[Progress:>                             3%] [Cov:=========================>         72%]
[Progress:>                             3%] [Cov:=========================>         72%]
[Progress:>                             3%] [Cov:=========================>         72%]
[Progress:=>                            4%] [Cov:=========================>         72%]
[Progress:=>                            4%] [Cov:=========================>         72%]
[Progress:=>                            4%] [Cov:=========================>         72%]
[Progress:=>                            4%] [Cov:=========================>         72%]
[Progress:=>                            4%] [Cov:=========================>         72%]
[Progress:=>                            4%] [Cov:=========================>         72%]
[Progress:=>                            4%] [Cov:=========================>         72%]
[Progress:=>                            4%] [Cov:=========================>         72%]
[Progress:=>                            4%] [Cov:=========================>         72%]
[Progress:=>                            4%] [Cov:=========================>         72%]
[Progress:=>                            4%] [Cov:=========================>         72%]
[Progress:=>                            4%] [Cov:=========================>         72%]
[Progress:=>                            4%] [Cov:=========================>         72%]
[Progress:=>                            4%] [Cov:=========================>         72%]
[Progress:=>                            4%] [Cov:=========================>         72%]
[Progress:=>                            4%] [Cov:=========================>         72%]
[Progress:=>                            4%] [Cov:=========================>         72%]
[Progress:=>                            4%] [Cov:=========================>         72%]
[Progress:=>                            4%] [Cov:=========================>         72%]
[Progress:=>                            4%] [Cov:=========================>         72%]
[Progress:=>                            4%] [Cov:=========================>         72%]
[Progress:=>                            4%] [Cov:=========================>         72%]
[Progress:=>                            4%] [Cov:=========================>         72%]
[Progress:=>                            4%] [Cov:=========================>         72%]
[Progress:=>                            4%] [Cov:=========================>         72%]
[Progress:=>                            5%] [Cov:=========================>         72%]
[Progress:=>                            5%] [Cov:=========================>         72%]
[Progress:=>                            5%] [Cov:=========================>         72%]
[Progress:=>                            5%] [Cov:=========================>         72%]
[Progress:=>                            5%] [Cov:=========================>         72%]
[Progress:=>                            5%] [Cov:=========================>         72%]
[Progress:=>                            5%] [Cov:=========================>         72%]
[Progress:=>                            5%] [Cov:=========================>         72%]
[Progress:=>                            5%] [Cov:=========================>         72%]
[Progress:=>                            5%] [Cov:=========================>         72%]
[Progress:=>                            5%] [Cov:=========================>         72%]
[Progress:=>                            5%] [Cov:=========================>         72%]
[Progress:=>                            5%] [Cov:=========================>         72%]
[Progress:=>                            5%] [Cov:=========================>         72%]
[Progress:=>                            5%] [Cov:=========================>         72%]
[Progress:=>                            5%] [Cov:=========================>         72%]
[Progress:=>                            5%] [Cov:=========================>         72%]
[Progress:=>                            5%] [Cov:=========================>         72%]
[Progress:=>                            5%] [Cov:=========================>         72%]
[Progress:=>                            5%] [Cov:=========================>         72%]
[Progress:=>                            5%] [Cov:=========================>         72%]
[Progress:=>                            5%] [Cov:=========================>         72%]
[Progress:=>                            5%] [Cov:=========================>         72%]
[Progress:=>                            5%] [Cov:=========================>         72%]
[Progress:=>                            5%] [Cov:=========================>         72%]
[Progress:=>                            5%] [Cov:=========================>         72%]
[Progress:=>                            5%] [Cov:=========================>         72%]
[Progress:=>                            5%] [Cov:=========================>         72%]
[Progress:=>                            5%] [Cov:=========================>         72%]
[Progress:=>                            5%] [Cov:=========================>         72%]
[Progress:=>                            5%] [Cov:=========================>         72%]
[Progress:=>                            5%] [Cov:=========================>         72%]
[Progress:=>                            5%] [Cov:=========================>         72%]
[Progress:=>                            5%] [Cov:=========================>         72%]
[Progress:=>                            5%] [Cov:=========================>         72%]
[Progress:=>                            5%] [Cov:=========================>         72%]
[Progress:=>                            5%] [Cov:=========================>         72%]
[Progress:=>                            5%] [Cov:=========================>         72%]
[Progress:=>                            5%] [Cov:=========================>         72%]
[Progress:=>                            5%] [Cov:=========================>         72%]
[Progress:=>                            5%] [Cov:=========================>         72%]
[Progress:=>                            5%] [Cov:=========================>         72%]
[Progress:=>                            5%] [Cov:=========================>         72%]
[Progress:=>                            5%] [Cov:=========================>         72%]
[Progress:=>                            5%] [Cov:=========================>         72%]
[Progress:=>                            5%] [Cov:=========================>         72%]
[Progress:=>                            5%] [Cov:=========================>         72%]
[Progress:=>                            5%] [Cov:=========================>         72%]
[Progress:=>                            5%] [Cov:=========================>         72%]
[Progress:=>                            5%] [Cov:=========================>         72%]
[Progress:=>                            5%] [Cov:=========================>         72%]
[Progress:=>                            5%] [Cov:=========================>         72%]
[Progress:=>                            5%] [Cov:=========================>         72%]
[Progress:=>                            6%] [Cov:=========================>         72%]
[Progress:=>                            6%] [Cov:=========================>         72%]
[Progress:=>                            6%] [Cov:=========================>         72%]
[Progress:=>                            6%] [Cov:=========================>         72%]
[Progress:=>                            6%] [Cov:=========================>         72%]
[Progress:=>                            6%] [Cov:=========================>         72%]
[Progress:=>                            6%] [Cov:=========================>         72%]
[Progress:=>                            6%] [Cov:=========================>         72%]
[Progress:=>                            6%] [Cov:=========================>         72%]
[Progress:=>                            6%] [Cov:=========================>         72%]
[Progress:=>                            6%] [Cov:=========================>         72%]
[Progress:=>                            6%] [Cov:=========================>         72%]
[Progress:=>                            6%] [Cov:=========================>         72%]
[Progress:=>                            6%] [Cov:=========================>         72%]
[Progress:=>                            6%] [Cov:=========================>         72%]
[Progress:=>                            6%] [Cov:=========================>         72%]
[Progress:=>                            6%] [Cov:=========================>         72%]
[Progress:=>                            6%] [Cov:=========================>         72%]
[Progress:=>                            6%] [Cov:=========================>         72%]
[Progress:=>                            6%] [Cov:=========================>         72%]
[Progress:=>                            6%] [Cov:=========================>         72%]
[Progress:=>                            6%] [Cov:=========================>         72%]
[Progress:=>                            6%] [Cov:=========================>         72%]
[Progress:=>                            6%] [Cov:=========================>         72%]
[Progress:=>                            6%] [Cov:=========================>         72%]
[Progress:=>                            6%] [Cov:=========================>         72%]
[Progress:=>                            6%] [Cov:=========================>         72%]
[Progress:=>                            6%] [Cov:=========================>         72%]
[Progress:=>                            6%] [Cov:=========================>         72%]
[Progress:==>                           7%] [Cov:=========================>         72%]
[Progress:==>                           7%] [Cov:=========================>         72%]
[Progress:==>                           7%] [Cov:=========================>         72%]
[Progress:==>                           7%] [Cov:=========================>         72%]
[Progress:==>                           7%] [Cov:=========================>         72%]
[Progress:==>                           7%] [Cov:=========================>         72%]
[Progress:==>                           7%] [Cov:=========================>         72%]
[Progress:==>                           7%] [Cov:=========================>         72%]
[Progress:==>                           7%] [Cov:=========================>         72%]
[Progress:==>                           7%] [Cov:=========================>         72%]
[Progress:==>                           7%] [Cov:=========================>         72%]
[Progress:==>                           7%] [Cov:=========================>         72%]
[Progress:==>                           7%] [Cov:=========================>         72%]
[Progress:==>                           7%] [Cov:=========================>         72%]
[Progress:==>                           7%] [Cov:=========================>         72%]
[Progress:==>                           7%] [Cov:=========================>         72%]
[Progress:==>                           7%] [Cov:=========================>         72%]
[Progress:==>                           7%] [Cov:=========================>         72%]
[Progress:==>                           7%] [Cov:=========================>         72%]
[Progress:==>                           7%] [Cov:=========================>         72%]
[Progress:==>                           7%] [Cov:=========================>         72%]
[Progress:==>                           7%] [Cov:=========================>         72%]
[Progress:==>                           7%] [Cov:=========================>         72%]
[Progress:==>                           7%] [Cov:=========================>         72%]
[Progress:==>                           7%] [Cov:=========================>         72%]
[Progress:==>                           8%] [Cov:=========================>         72%]
[Progress:==>                           8%] [Cov:=========================>         72%]
[Progress:==>                           8%] [Cov:=========================>         72%]
[Progress:==>                           8%] [Cov:=========================>         72%]
[Progress:==>                           8%] [Cov:=========================>         72%]
[Progress:==>                           8%] [Cov:=========================>         72%]
[Progress:==>                           8%] [Cov:=========================>         72%]
[Progress:==>                           8%] [Cov:=========================>         72%]
[Progress:==>                           8%] [Cov:=========================>         72%]
[Progress:==>                           8%] [Cov:=========================>         72%]
[Progress:==>                           8%] [Cov:=========================>         72%]
[Progress:==>                           8%] [Cov:=========================>         72%]
[Progress:==>                           8%] [Cov:=========================>         72%]
[Progress:==>                           8%] [Cov:=========================>         72%]
[Progress:==>                           8%] [Cov:=========================>         72%]
[Progress:==>                           8%] [Cov:=========================>         72%]
[Progress:==>                           8%] [Cov:=========================>         72%]
[Progress:==>                           8%] [Cov:=========================>         72%]
[Progress:==>                           8%] [Cov:=========================>         72%]
[Progress:==>                           8%] [Cov:=========================>         72%]
[Progress:==>                           8%] [Cov:=========================>         72%]
[Progress:==>                           8%] [Cov:=========================>         72%]
[Progress:==>                           8%] [Cov:=========================>         72%]
[Progress:==>                           8%] [Cov:=========================>         72%]
[Progress:==>                           8%] [Cov:=========================>         72%]
[Progress:==>                           8%] [Cov:=========================>         72%]
[Progress:==>                           8%] [Cov:=========================>         72%]
[Progress:==>                           8%] [Cov:=========================>         72%]
[Progress:==>                           8%] [Cov:=========================>         72%]
[Progress:==>                           8%] [Cov:=========================>         72%]
[Progress:==>                           9%] [Cov:=========================>         72%]
[Progress:==>                           9%] [Cov:=========================>         72%]
[Progress:==>                           9%] [Cov:=========================>         72%]
[Progress:==>                           9%] [Cov:=========================>         72%]
[Progress:==>                           9%] [Cov:=========================>         72%]
[Progress:==>                           9%] [Cov:=========================>         72%]
[Progress:==>                           9%] [Cov:=========================>         72%]
[Progress:==>                           9%] [Cov:=========================>         72%]
[Progress:==>                           9%] [Cov:=========================>         72%]
[Progress:==>                           9%] [Cov:=========================>         72%]
[Progress:==>                           9%] [Cov:=========================>         72%]
[Progress:==>                           9%] [Cov:=========================>         72%]
[Progress:==>                           9%] [Cov:=========================>         72%]
[Progress:==>                           9%] [Cov:=========================>         72%]
[Progress:==>                           9%] [Cov:=========================>         72%]
[Progress:==>                           9%] [Cov:=========================>         72%]
[Progress:==>                           9%] [Cov:=========================>         72%]
[Progress:==>                           9%] [Cov:=========================>         72%]
[Progress:==>                           9%] [Cov:=========================>         72%]
[Progress:==>                           9%] [Cov:=========================>         72%]
[Progress:==>                           9%] [Cov:=========================>         72%]
[Progress:==>                           9%] [Cov:=========================>         72%]
[Progress:==>                           9%] [Cov:=========================>         72%]
[Progress:==>                           9%] [Cov:=========================>         72%]
[Progress:==>                           9%] [Cov:=========================>         72%]
[Progress:==>                           9%] [Cov:=========================>         72%]
[Progress:==>                           9%] [Cov:=========================>         72%]
[Progress:==>                           9%] [Cov:=========================>         72%]
[Progress:==>                           9%] [Cov:=========================>         72%]
[Progress:==>                           9%] [Cov:=========================>         72%]
[Progress:==>                           9%] [Cov:=========================>         72%]
[Progress:==>                           9%] [Cov:=========================>         72%]
[Progress:===>                          10%] [Cov:=========================>         72%]
[Progress:===>                          10%] [Cov:=========================>         72%]
[Progress:===>                          10%] [Cov:=========================>         72%]
[Progress:===>                          10%] [Cov:=========================>         72%]
[Progress:===>                          10%] [Cov:=========================>         72%]
[Progress:===>                          10%] [Cov:=========================>         72%]
[Progress:===>                          10%] [Cov:=========================>         72%]
[Progress:===>                          10%] [Cov:=========================>         72%]
[Progress:===>                          10%] [Cov:=========================>         72%]
[Progress:===>                          10%] [Cov:=========================>         72%]
[Progress:===>                          10%] [Cov:=========================>         72%]
[Progress:===>                          10%] [Cov:=========================>         72%]
[Progress:===>                          10%] [Cov:=========================>         72%]
[Progress:===>                          10%] [Cov:=========================>         72%]
[Progress:===>                          10%] [Cov:=========================>         72%]
[Progress:===>                          10%] [Cov:=========================>         72%]
[Progress:===>                          10%] [Cov:=========================>         72%]
[Progress:===>                          10%] [Cov:=========================>         72%]
[Progress:===>                          10%] [Cov:=========================>         72%]
[Progress:===>                          10%] [Cov:=========================>         72%]
[Progress:===>                          10%] [Cov:=========================>         72%]
[Progress:===>                          10%] [Cov:=========================>         72%]
[Progress:===>                          10%] [Cov:=========================>         72%]
[Progress:===>                          10%] [Cov:=========================>         72%]
[Progress:===>                          10%] [Cov:=========================>         72%]
[Progress:===>                          10%] [Cov:=========================>         72%]
[Progress:===>                          10%] [Cov:=========================>         72%]
[Progress:===>                          10%] [Cov:=========================>         72%]
[Progress:===>                          10%] [Cov:=========================>         72%]
[Progress:===>                          10%] [Cov:=========================>         72%]
[Progress:===>                          10%] [Cov:=========================>         72%]
[Progress:===>                          10%] [Cov:=========================>         72%]
[Progress:===>                          10%] [Cov:=========================>         72%]
[Progress:===>                          10%] [Cov:=========================>         72%]
[Progress:===>                          10%] [Cov:=========================>         72%]
[Progress:===>                          10%] [Cov:=========================>         72%]
[Progress:===>                          10%] [Cov:=========================>         72%]
[Progress:===>                          10%] [Cov:=========================>         72%]
[Progress:===>                          10%] [Cov:=========================>         72%]
[Progress:===>                          10%] [Cov:=========================>         72%]
[Progress:===>                          10%] [Cov:=========================>         72%]
[Progress:===>                          10%] [Cov:=========================>         72%]
[Progress:===>                          10%] [Cov:=========================>         72%]
[Progress:===>                          10%] [Cov:=========================>         72%]
[Progress:===>                          10%] [Cov:=========================>         72%]
[Progress:===>                          10%] [Cov:=========================>         72%]
[Progress:===>                          10%] [Cov:=========================>         72%]
[Progress:===>                          10%] [Cov:=========================>         72%]
[Progress:===>                          10%] [Cov:=========================>         72%]
[Progress:===>                          10%] [Cov:=========================>         72%]
[Progress:===>                          10%] [Cov:=========================>         72%]
[Progress:===>                          10%] [Cov:=========================>         72%]
[Progress:===>                          10%] [Cov:=========================>         72%]
[Progress:===>                          10%] [Cov:=========================>         72%]
[Progress:===>                          10%] [Cov:=========================>         72%]
[Progress:===>                          10%] [Cov:=========================>         72%]
[Progress:===>                          10%] [Cov:=========================>         72%]
[Progress:===>                          10%] [Cov:=========================>         72%]
[Progress:===>                          10%] [Cov:=========================>         72%]
[Progress:===>                          10%] [Cov:=========================>         72%]
[Progress:===>                          10%] [Cov:=========================>         72%]
[Progress:===>                          10%] [Cov:=========================>         72%]
[Progress:===>                          10%] [Cov:=========================>         72%]
[Progress:===>                          10%] [Cov:=========================>         72%]
[Progress:===>                          10%] [Cov:=========================>         72%]
[Progress:===>                          11%] [Cov:=========================>         72%]
[Progress:===>                          11%] [Cov:=========================>         72%]
[Progress:===>                          11%] [Cov:=========================>         72%]
[Progress:===>                          11%] [Cov:=========================>         72%]
[Progress:===>                          11%] [Cov:=========================>         72%]
[Progress:===>                          11%] [Cov:=========================>         72%]
[Progress:===>                          11%] [Cov:=========================>         72%]
[Progress:===>                          11%] [Cov:=========================>         72%]
[Progress:===>                          11%] [Cov:=========================>         72%]
[Progress:===>                          11%] [Cov:=========================>         72%]
[Progress:===>                          11%] [Cov:=========================>         72%]
[Progress:===>                          11%] [Cov:=========================>         72%]
[Progress:===>                          11%] [Cov:=========================>         72%]
[Progress:===>                          11%] [Cov:=========================>         72%]
[Progress:===>                          11%] [Cov:=========================>         72%]
[Progress:===>                          11%] [Cov:=========================>         72%]
[Progress:===>                          11%] [Cov:=========================>         72%]
[Progress:===>                          11%] [Cov:=========================>         72%]
[Progress:===>                          11%] [Cov:=========================>         72%]
[Progress:===>                          11%] [Cov:=========================>         72%]
[Progress:===>                          11%] [Cov:=========================>         72%]
[Progress:===>                          11%] [Cov:=========================>         72%]
[Progress:===>                          11%] [Cov:=========================>         72%]
[Progress:===>                          11%] [Cov:=========================>         72%]
[Progress:===>                          11%] [Cov:=========================>         72%]
[Progress:===>                          11%] [Cov:=========================>         72%]
[Progress:===>                          11%] [Cov:=========================>         72%]
[Progress:===>                          11%] [Cov:=========================>         72%]
[Progress:===>                          11%] [Cov:=========================>         72%]
[Progress:===>                          11%] [Cov:=========================>         72%]
[Progress:===>                          11%] [Cov:=========================>         72%]
[Progress:===>                          11%] [Cov:=========================>         72%]
[Progress:===>                          12%] [Cov:=========================>         72%]
[Progress:===>                          12%] [Cov:=========================>         72%]
[Progress:===>                          12%] [Cov:=========================>         72%]
[Progress:===>                          12%] [Cov:=========================>         72%]
[Progress:===>                          12%] [Cov:=========================>         72%]
[Progress:===>                          12%] [Cov:=========================>         72%]
[Progress:===>                          12%] [Cov:=========================>         72%]
[Progress:===>                          12%] [Cov:=========================>         72%]
[Progress:===>                          12%] [Cov:=========================>         72%]
[Progress:===>                          12%] [Cov:=========================>         72%]
[Progress:===>                          12%] [Cov:=========================>         72%]
[Progress:===>                          12%] [Cov:=========================>         72%]
[Progress:===>                          12%] [Cov:=========================>         72%]
[Progress:===>                          12%] [Cov:=========================>         72%]
[Progress:===>                          12%] [Cov:=========================>         72%]
[Progress:===>                          12%] [Cov:=========================>         72%]
[Progress:===>                          12%] [Cov:=========================>         72%]
[Progress:===>                          12%] [Cov:=========================>         72%]
[Progress:===>                          12%] [Cov:=========================>         72%]
[Progress:===>                          12%] [Cov:=========================>         72%]
[Progress:===>                          12%] [Cov:=========================>         72%]
[Progress:===>                          12%] [Cov:=========================>         72%]
[Progress:===>                          12%] [Cov:=========================>         72%]
[Progress:===>                          12%] [Cov:=========================>         72%]
[Progress:===>                          12%] [Cov:=========================>         72%]
[Progress:===>                          12%] [Cov:=========================>         72%]
[Progress:===>                          12%] [Cov:=========================>         72%]
[Progress:===>                          12%] [Cov:=========================>         72%]
[Progress:===>                          12%] [Cov:=========================>         72%]
[Progress:===>                          12%] [Cov:=========================>         72%]
[Progress:===>                          12%] [Cov:=========================>         72%]
[Progress:===>                          12%] [Cov:=========================>         72%]
[Progress:===>                          12%] [Cov:=========================>         72%]
[Progress:===>                          13%] [Cov:=========================>         72%]
[Progress:===>                          13%] [Cov:=========================>         72%]
[Progress:===>                          13%] [Cov:=========================>         72%]
[Progress:===>                          13%] [Cov:=========================>         72%]
[Progress:===>                          13%] [Cov:=========================>         72%]
[Progress:===>                          13%] [Cov:=========================>         72%]
[Progress:===>                          13%] [Cov:=========================>         72%]
[Progress:===>                          13%] [Cov:=========================>         72%]
[Progress:===>                          13%] [Cov:=========================>         72%]
[Progress:===>                          13%] [Cov:=========================>         72%]
[Progress:===>                          13%] [Cov:=========================>         72%]
[Progress:===>                          13%] [Cov:=========================>         72%]
[Progress:===>                          13%] [Cov:=========================>         72%]
[Progress:===>                          13%] [Cov:=========================>         72%]
[Progress:===>                          13%] [Cov:=========================>         72%]
[Progress:===>                          13%] [Cov:=========================>         72%]
[Progress:===>                          13%] [Cov:=========================>         72%]
[Progress:===>                          13%] [Cov:=========================>         72%]
[Progress:===>                          13%] [Cov:=========================>         72%]
[Progress:===>                          13%] [Cov:=========================>         72%]
[Progress:===>                          13%] [Cov:=========================>         72%]
[Progress:===>                          13%] [Cov:=========================>         72%]
[Progress:===>                          13%] [Cov:=========================>         72%]
[Progress:===>                          13%] [Cov:=========================>         72%]
[Progress:===>                          13%] [Cov:=========================>         72%]
[Progress:===>                          13%] [Cov:=========================>         72%]
[Progress:===>                          13%] [Cov:=========================>         72%]
[Progress:===>                          13%] [Cov:=========================>         72%]
[Progress:===>                          13%] [Cov:=========================>         72%]
[Progress:===>                          13%] [Cov:=========================>         72%]
[Progress:===>                          13%] [Cov:=========================>         72%]
[Progress:===>                          13%] [Cov:=========================>         72%]
[Progress:===>                          13%] [Cov:=========================>         72%]
[Progress:===>                          13%] [Cov:=========================>         72%]
[Progress:====>                         14%] [Cov:=========================>         72%]
[Progress:====>                         14%] [Cov:=========================>         72%]
[Progress:====>                         14%] [Cov:=========================>         72%]
[Progress:====>                         14%] [Cov:=========================>         72%]
[Progress:====>                         14%] [Cov:=========================>         72%]
[Progress:====>                         14%] [Cov:=========================>         72%]
[Progress:====>                         14%] [Cov:=========================>         72%]
[Progress:====>                         14%] [Cov:=========================>         72%]
[Progress:====>                         14%] [Cov:=========================>         72%]
[Progress:====>                         14%] [Cov:=========================>         72%]
[Progress:====>                         14%] [Cov:=========================>         72%]
[Progress:====>                         14%] [Cov:=========================>         72%]
[Progress:====>                         14%] [Cov:=========================>         72%]
[Progress:====>                         14%] [Cov:=========================>         72%]
[Progress:====>                         14%] [Cov:=========================>         72%]
[Progress:====>                         14%] [Cov:=========================>         72%]
[Progress:====>                         14%] [Cov:=========================>         72%]
[Progress:====>                         14%] [Cov:=========================>         72%]
[Progress:====>                         14%] [Cov:=========================>         72%]
[Progress:====>                         14%] [Cov:=========================>         72%]
[Progress:====>                         14%] [Cov:=========================>         72%]
[Progress:====>                         14%] [Cov:=========================>         72%]
[Progress:====>                         14%] [Cov:=========================>         72%]
[Progress:====>                         14%] [Cov:=========================>         72%]
[Progress:====>                         14%] [Cov:=========================>         72%]
[Progress:====>                         14%] [Cov:=========================>         72%]
[Progress:====>                         14%] [Cov:=========================>         72%]
[Progress:====>                         14%] [Cov:=========================>         72%]
[Progress:====>                         14%] [Cov:=========================>         72%]
[Progress:====>                         14%] [Cov:=========================>         72%]
[Progress:====>                         14%] [Cov:=========================>         72%]
[Progress:====>                         14%] [Cov:=========================>         72%]
[Progress:====>                         14%] [Cov:=========================>         72%]
[Progress:====>                         14%] [Cov:=========================>         72%]
[Progress:====>                         15%] [Cov:=========================>         72%]
[Progress:====>                         15%] [Cov:=========================>         72%]
[Progress:====>                         15%] [Cov:=========================>         72%]
[Progress:====>                         15%] [Cov:=========================>         72%]
[Progress:====>                         15%] [Cov:=========================>         72%]
[Progress:====>                         15%] [Cov:=========================>         72%]
[Progress:====>                         15%] [Cov:=========================>         72%]
[Progress:====>                         15%] [Cov:=========================>         72%]
[Progress:====>                         15%] [Cov:=========================>         72%]
[Progress:====>                         15%] [Cov:=========================>         72%]
[Progress:====>                         15%] [Cov:=========================>         72%]
[Progress:====>                         15%] [Cov:=========================>         72%]
[Progress:====>                         15%] [Cov:=========================>         72%]
[Progress:====>                         15%] [Cov:=========================>         72%]
[Progress:====>                         15%] [Cov:=========================>         72%]
[Progress:====>                         15%] [Cov:=========================>         72%]
[Progress:====>                         15%] [Cov:=========================>         72%]
[Progress:====>                         15%] [Cov:=========================>         72%]
[Progress:====>                         15%] [Cov:=========================>         72%]
[Progress:====>                         15%] [Cov:=========================>         72%]
[Progress:====>                         15%] [Cov:=========================>         72%]
[Progress:====>                         15%] [Cov:=========================>         72%]
[Progress:====>                         15%] [Cov:=========================>         72%]
[Progress:====>                         15%] [Cov:=========================>         72%]
[Progress:====>                         15%] [Cov:=========================>         72%]
[Progress:====>                         15%] [Cov:=========================>         72%]
[Progress:====>                         15%] [Cov:=========================>         72%]
[Progress:====>                         15%] [Cov:=========================>         72%]
[Progress:====>                         15%] [Cov:=========================>         72%]
[Progress:====>                         15%] [Cov:=========================>         72%]
[Progress:====>                         15%] [Cov:=========================>         72%]
[Progress:====>                         15%] [Cov:=========================>         72%]
[Progress:====>                         15%] [Cov:=========================>         72%]
[Progress:====>                         15%] [Cov:=========================>         72%]
[Progress:====>                         15%] [Cov:=========================>         72%]
[Progress:====>                         15%] [Cov:=========================>         72%]
[Progress:====>                         15%] [Cov:=========================>         72%]
[Progress:====>                         15%] [Cov:=========================>         72%]
[Progress:====>                         15%] [Cov:=========================>         72%]
[Progress:====>                         15%] [Cov:=========================>         72%]
[Progress:====>                         15%] [Cov:=========================>         72%]
[Progress:====>                         15%] [Cov:=========================>         72%]
[Progress:====>                         15%] [Cov:=========================>         72%]
[Progress:====>                         15%] [Cov:=========================>         72%]
[Progress:====>                         15%] [Cov:=========================>         72%]
[Progress:====>                         15%] [Cov:=========================>         72%]
[Progress:====>                         15%] [Cov:=========================>         72%]
[Progress:====>                         15%] [Cov:=========================>         72%]
[Progress:====>                         15%] [Cov:=========================>         72%]
[Progress:====>                         15%] [Cov:=========================>         72%]
[Progress:====>                         15%] [Cov:=========================>         72%]
[Progress:====>                         15%] [Cov:=========================>         72%]
[Progress:====>                         15%] [Cov:=========================>         72%]
[Progress:====>                         15%] [Cov:=========================>         72%]
[Progress:====>                         15%] [Cov:=========================>         72%]
[Progress:====>                         15%] [Cov:=========================>         72%]
[Progress:====>                         15%] [Cov:=========================>         72%]
[Progress:====>                         15%] [Cov:=========================>         72%]
[Progress:====>                         15%] [Cov:=========================>         72%]
[Progress:====>                         15%] [Cov:=========================>         72%]
[Progress:====>                         15%] [Cov:=========================>         72%]
[Progress:====>                         15%] [Cov:=========================>         72%]
[Progress:====>                         15%] [Cov:=========================>         72%]
[Progress:====>                         15%] [Cov:=========================>         72%]
[Progress:====>                         15%] [Cov:=========================>         72%]
[Progress:====>                         16%] [Cov:=========================>         72%]
[Progress:====>                         16%] [Cov:=========================>         72%]
[Progress:====>                         16%] [Cov:=========================>         72%]
[Progress:====>                         16%] [Cov:=========================>         72%]
[Progress:====>                         16%] [Cov:=========================>         72%]
[Progress:====>                         16%] [Cov:=========================>         72%]
[Progress:====>                         16%] [Cov:=========================>         72%]
[Progress:====>                         16%] [Cov:=========================>         72%]
[Progress:====>                         16%] [Cov:=========================>         72%]
[Progress:====>                         16%] [Cov:=========================>         72%]
[Progress:====>                         16%] [Cov:=========================>         72%]
[Progress:====>                         16%] [Cov:=========================>         72%]
[Progress:====>                         16%] [Cov:=========================>         72%]
[Progress:====>                         16%] [Cov:=========================>         72%]
[Progress:====>                         16%] [Cov:=========================>         72%]
[Progress:====>                         16%] [Cov:=========================>         72%]
[Progress:====>                         16%] [Cov:=========================>         72%]
[Progress:====>                         16%] [Cov:=========================>         72%]
[Progress:====>                         16%] [Cov:=========================>         72%]
[Progress:====>                         16%] [Cov:=========================>         72%]
[Progress:====>                         16%] [Cov:=========================>         72%]
[Progress:====>                         16%] [Cov:=========================>         72%]
[Progress:====>                         16%] [Cov:=========================>         72%]
[Progress:====>                         16%] [Cov:=========================>         72%]
[Progress:====>                         16%] [Cov:=========================>         72%]
[Progress:====>                         16%] [Cov:=========================>         72%]
[Progress:====>                         16%] [Cov:=========================>         72%]
[Progress:====>                         16%] [Cov:=========================>         72%]
[Progress:====>                         16%] [Cov:=========================>         72%]
[Progress:====>                         16%] [Cov:=========================>         72%]
[Progress:====>                         16%] [Cov:=========================>         72%]
[Progress:====>                         16%] [Cov:=========================>         72%]
[Progress:=====>                        17%] [Cov:=========================>         72%]
[Progress:=====>                        17%] [Cov:=========================>         72%]
[Progress:=====>                        17%] [Cov:=========================>         72%]
[Progress:=====>                        17%] [Cov:=========================>         72%]
[Progress:=====>                        17%] [Cov:=========================>         72%]
[Progress:=====>                        17%] [Cov:=========================>         72%]
[Progress:=====>                        17%] [Cov:=========================>         72%]
[Progress:=====>                        17%] [Cov:=========================>         72%]
[Progress:=====>                        17%] [Cov:=========================>         72%]
[Progress:=====>                        17%] [Cov:=========================>         72%]
[Progress:=====>                        17%] [Cov:=========================>         72%]
[Progress:=====>                        17%] [Cov:=========================>         72%]
[Progress:=====>                        17%] [Cov:=========================>         72%]
[Progress:=====>                        17%] [Cov:=========================>         72%]
[Progress:=====>                        17%] [Cov:=========================>         72%]
[Progress:=====>                        17%] [Cov:=========================>         72%]
[Progress:=====>                        17%] [Cov:=========================>         72%]
[Progress:=====>                        17%] [Cov:=========================>         72%]
[Progress:=====>                        17%] [Cov:=========================>         72%]
[Progress:=====>                        17%] [Cov:=========================>         72%]
[Progress:=====>                        17%] [Cov:=========================>         72%]
[Progress:=====>                        17%] [Cov:=========================>         72%]
[Progress:=====>                        17%] [Cov:=========================>         72%]
[Progress:=====>                        17%] [Cov:=========================>         72%]
[Progress:=====>                        17%] [Cov:=========================>         72%]
[Progress:=====>                        17%] [Cov:=========================>         72%]
[Progress:=====>                        17%] [Cov:=========================>         72%]
[Progress:=====>                        17%] [Cov:=========================>         72%]
[Progress:=====>                        17%] [Cov:=========================>         72%]
[Progress:=====>                        17%] [Cov:=========================>         72%]
[Progress:=====>                        17%] [Cov:=========================>         72%]
[Progress:=====>                        17%] [Cov:=========================>         72%]
[Progress:=====>                        18%] [Cov:=========================>         72%]
[Progress:=====>                        18%] [Cov:=========================>         72%]
[Progress:=====>                        18%] [Cov:=========================>         72%]
[Progress:=====>                        18%] [Cov:=========================>         72%]
[Progress:=====>                        18%] [Cov:=========================>         72%]
[Progress:=====>                        18%] [Cov:=========================>         72%]
[Progress:=====>                        18%] [Cov:=========================>         72%]
[Progress:=====>                        18%] [Cov:=========================>         72%]
[Progress:=====>                        18%] [Cov:=========================>         72%]
[Progress:=====>                        18%] [Cov:=========================>         72%]
[Progress:=====>                        18%] [Cov:=========================>         72%]
[Progress:=====>                        18%] [Cov:=========================>         72%]
[Progress:=====>                        18%] [Cov:=========================>         72%]
[Progress:=====>                        18%] [Cov:=========================>         72%]
[Progress:=====>                        18%] [Cov:=========================>         72%]
[Progress:=====>                        18%] [Cov:=========================>         72%]
[Progress:=====>                        18%] [Cov:=========================>         72%]
[Progress:=====>                        18%] [Cov:=========================>         72%]
[Progress:=====>                        18%] [Cov:=========================>         72%]
[Progress:=====>                        18%] [Cov:=========================>         72%]
[Progress:=====>                        18%] [Cov:=========================>         72%]
[Progress:=====>                        18%] [Cov:=========================>         72%]
[Progress:=====>                        18%] [Cov:=========================>         72%]
[Progress:=====>                        18%] [Cov:=========================>         72%]
[Progress:=====>                        18%] [Cov:=========================>         72%]
[Progress:=====>                        18%] [Cov:=========================>         72%]
[Progress:=====>                        18%] [Cov:=========================>         72%]
[Progress:=====>                        18%] [Cov:=========================>         72%]
[Progress:=====>                        18%] [Cov:=========================>         72%]
[Progress:=====>                        18%] [Cov:=========================>         72%]
[Progress:=====>                        18%] [Cov:=========================>         72%]
[Progress:=====>                        18%] [Cov:=========================>         72%]
[Progress:=====>                        19%] [Cov:=========================>         72%]
[Progress:=====>                        19%] [Cov:=========================>         72%]
[Progress:=====>                        19%] [Cov:=========================>         72%]
[Progress:=====>                        19%] [Cov:=========================>         72%]
[Progress:=====>                        19%] [Cov:=========================>         72%]
[Progress:=====>                        19%] [Cov:=========================>         72%]
[Progress:=====>                        19%] [Cov:=========================>         72%]
[Progress:=====>                        19%] [Cov:=========================>         72%]
[Progress:=====>                        19%] [Cov:=========================>         72%]
[Progress:=====>                        19%] [Cov:=========================>         72%]
[Progress:=====>                        19%] [Cov:=========================>         72%]
[Progress:=====>                        19%] [Cov:=========================>         72%]
[Progress:=====>                        19%] [Cov:=========================>         72%]
[Progress:=====>                        19%] [Cov:=========================>         72%]
[Progress:=====>                        19%] [Cov:=========================>         72%]
[Progress:=====>                        19%] [Cov:=========================>         72%]
[Progress:=====>                        19%] [Cov:=========================>         72%]
[Progress:=====>                        19%] [Cov:=========================>         72%]
[Progress:=====>                        19%] [Cov:=========================>         72%]
[Progress:=====>                        19%] [Cov:=========================>         72%]
[Progress:=====>                        19%] [Cov:=========================>         72%]
[Progress:=====>                        19%] [Cov:=========================>         72%]
[Progress:=====>                        19%] [Cov:=========================>         72%]
[Progress:=====>                        19%] [Cov:=========================>         72%]
[Progress:=====>                        19%] [Cov:=========================>         72%]
[Progress:=====>                        19%] [Cov:=========================>         72%]
[Progress:=====>                        19%] [Cov:=========================>         72%]
[Progress:=====>                        19%] [Cov:=========================>         72%]
[Progress:=====>                        19%] [Cov:=========================>         72%]
[Progress:=====>                        19%] [Cov:=========================>         72%]
[Progress:=====>                        19%] [Cov:=========================>         72%]
[Progress:=====>                        19%] [Cov:=========================>         72%]
[Progress:======>                       20%] [Cov:=========================>         72%]
[Progress:======>                       20%] [Cov:=========================>         72%]
[Progress:======>                       20%] [Cov:=========================>         72%]
[Progress:======>                       20%] [Cov:=========================>         72%]
[Progress:======>                       20%] [Cov:=========================>         72%]
[Progress:======>                       20%] [Cov:=========================>         72%]
[Progress:======>                       20%] [Cov:=========================>         72%]
[Progress:======>                       20%] [Cov:=========================>         72%]
[Progress:======>                       20%] [Cov:=========================>         72%]
[Progress:======>                       20%] [Cov:=========================>         72%]
[Progress:======>                       20%] [Cov:=========================>         72%]
[Progress:======>                       20%] [Cov:=========================>         72%]
[Progress:======>                       20%] [Cov:=========================>         72%]
[Progress:======>                       20%] [Cov:=========================>         72%]
[Progress:======>                       20%] [Cov:=========================>         72%]
[Progress:======>                       20%] [Cov:=========================>         72%]
[Progress:======>                       20%] [Cov:=========================>         72%]
[Progress:======>                       20%] [Cov:=========================>         72%]
[Progress:======>                       20%] [Cov:=========================>         72%]
[Progress:======>                       20%] [Cov:=========================>         72%]
[Progress:======>                       20%] [Cov:=========================>         72%]
[Progress:======>                       20%] [Cov:=========================>         72%]
[Progress:======>                       20%] [Cov:=========================>         72%]
[Progress:======>                       20%] [Cov:=========================>         72%]
[Progress:======>                       20%] [Cov:=========================>         72%]
[Progress:======>                       20%] [Cov:=========================>         72%]
[Progress:======>                       20%] [Cov:=========================>         72%]
[Progress:======>                       20%] [Cov:=========================>         72%]
[Progress:======>                       20%] [Cov:=========================>         72%]
[Progress:======>                       20%] [Cov:=========================>         72%]
[Progress:======>                       20%] [Cov:=========================>         72%]
[Progress:======>                       20%] [Cov:=========================>         72%]
[Progress:======>                       20%] [Cov:=========================>         72%]
[Progress:======>                       20%] [Cov:=========================>         72%]
[Progress:======>                       20%] [Cov:=========================>         72%]
[Progress:======>                       20%] [Cov:=========================>         72%]
[Progress:======>                       20%] [Cov:=========================>         72%]
[Progress:======>                       20%] [Cov:=========================>         72%]
[Progress:======>                       20%] [Cov:=========================>         72%]
[Progress:======>                       20%] [Cov:=========================>         72%]
[Progress:======>                       20%] [Cov:=========================>         72%]
[Progress:======>                       20%] [Cov:=========================>         72%]
[Progress:======>                       20%] [Cov:=========================>         72%]
[Progress:======>                       20%] [Cov:=========================>         72%]
[Progress:======>                       20%] [Cov:=========================>         72%]
[Progress:======>                       20%] [Cov:=========================>         72%]
[Progress:======>                       20%] [Cov:=========================>         72%]
[Progress:======>                       20%] [Cov:=========================>         72%]
[Progress:======>                       20%] [Cov:=========================>         72%]
[Progress:======>                       20%] [Cov:=========================>         72%]
[Progress:======>                       20%] [Cov:=========================>         72%]
[Progress:======>                       20%] [Cov:=========================>         72%]
[Progress:======>                       20%] [Cov:=========================>         72%]
[Progress:======>                       20%] [Cov:=========================>         72%]
[Progress:======>                       20%] [Cov:=========================>         72%]
[Progress:======>                       20%] [Cov:=========================>         72%]
[Progress:======>                       20%] [Cov:=========================>         72%]
[Progress:======>                       20%] [Cov:=========================>         72%]
[Progress:======>                       20%] [Cov:=========================>         72%]
[Progress:======>                       20%] [Cov:=========================>         72%]
[Progress:======>                       21%] [Cov:=========================>         72%]
[Progress:======>                       21%] [Cov:=========================>         72%]
[Progress:======>                       21%] [Cov:=========================>         72%]
[Progress:======>                       21%] [Cov:=========================>         72%]
[Progress:======>                       21%] [Cov:=========================>         72%]
[Progress:======>                       21%] [Cov:=========================>         72%]
[Progress:======>                       21%] [Cov:=========================>         72%]
[Progress:======>                       21%] [Cov:=========================>         72%]
[Progress:======>                       21%] [Cov:=========================>         72%]
[Progress:======>                       21%] [Cov:=========================>         72%]
[Progress:======>                       21%] [Cov:=========================>         72%]
[Progress:======>                       21%] [Cov:=========================>         72%]
[Progress:======>                       21%] [Cov:=========================>         72%]
[Progress:======>                       21%] [Cov:=========================>         72%]
[Progress:======>                       21%] [Cov:=========================>         72%]
[Progress:======>                       21%] [Cov:=========================>         72%]
[Progress:======>                       21%] [Cov:=========================>         72%]
[Progress:======>                       21%] [Cov:=========================>         72%]
[Progress:======>                       21%] [Cov:=========================>         72%]
[Progress:======>                       21%] [Cov:=========================>         72%]
[Progress:======>                       21%] [Cov:=========================>         72%]
[Progress:======>                       21%] [Cov:=========================>         72%]
[Progress:======>                       21%] [Cov:=========================>         72%]
[Progress:======>                       21%] [Cov:=========================>         72%]
[Progress:======>                       21%] [Cov:=========================>         72%]
[Progress:======>                       21%] [Cov:=========================>         72%]
[Progress:======>                       21%] [Cov:=========================>         72%]
[Progress:======>                       21%] [Cov:=========================>         72%]
[Progress:======>                       21%] [Cov:=========================>         72%]
[Progress:======>                       21%] [Cov:=========================>         72%]
[Progress:======>                       21%] [Cov:=========================>         72%]
[Progress:======>                       22%] [Cov:=========================>         72%]
[Progress:======>                       22%] [Cov:=========================>         72%]
[Progress:======>                       22%] [Cov:=========================>         72%]
[Progress:======>                       22%] [Cov:=========================>         72%]
[Progress:======>                       22%] [Cov:=========================>         72%]
[Progress:======>                       22%] [Cov:=========================>         72%]
[Progress:======>                       22%] [Cov:=========================>         72%]
[Progress:======>                       22%] [Cov:=========================>         72%]
[Progress:======>                       22%] [Cov:=========================>         72%]
[Progress:======>                       22%] [Cov:=========================>         72%]
[Progress:======>                       22%] [Cov:=========================>         72%]
[Progress:======>                       22%] [Cov:=========================>         72%]
[Progress:======>                       22%] [Cov:=========================>         72%]
[Progress:======>                       22%] [Cov:=========================>         72%]
[Progress:======>                       22%] [Cov:=========================>         72%]
[Progress:======>                       22%] [Cov:=========================>         72%]
[Progress:======>                       22%] [Cov:=========================>         72%]
[Progress:======>                       22%] [Cov:=========================>         72%]
[Progress:======>                       22%] [Cov:=========================>         72%]
[Progress:======>                       22%] [Cov:=========================>         72%]
[Progress:======>                       22%] [Cov:=========================>         72%]
[Progress:======>                       22%] [Cov:=========================>         72%]
[Progress:======>                       22%] [Cov:=========================>         72%]
[Progress:======>                       22%] [Cov:=========================>         72%]
[Progress:======>                       22%] [Cov:=========================>         72%]
[Progress:======>                       22%] [Cov:=========================>         72%]
[Progress:======>                       22%] [Cov:=========================>         72%]
[Progress:======>                       22%] [Cov:=========================>         72%]
[Progress:======>                       22%] [Cov:=========================>         72%]
[Progress:======>                       22%] [Cov:=========================>         72%]
[Progress:======>                       22%] [Cov:=========================>         72%]
[Progress:======>                       22%] [Cov:=========================>         72%]
[Progress:======>                       22%] [Cov:=========================>         72%]
[Progress:======>                       23%] [Cov:=========================>         72%]
[Progress:======>                       23%] [Cov:=========================>         72%]
[Progress:======>                       23%] [Cov:=========================>         72%]
[Progress:======>                       23%] [Cov:=========================>         72%]
[Progress:======>                       23%] [Cov:=========================>         72%]
[Progress:======>                       23%] [Cov:=========================>         72%]
[Progress:======>                       23%] [Cov:=========================>         72%]
[Progress:======>                       23%] [Cov:=========================>         72%]
[Progress:======>                       23%] [Cov:=========================>         72%]
[Progress:======>                       23%] [Cov:=========================>         72%]
[Progress:======>                       23%] [Cov:=========================>         72%]
[Progress:======>                       23%] [Cov:=========================>         72%]
[Progress:======>                       23%] [Cov:=========================>         72%]
[Progress:======>                       23%] [Cov:=========================>         72%]
[Progress:======>                       23%] [Cov:=========================>         72%]
[Progress:======>                       23%] [Cov:=========================>         72%]
[Progress:======>                       23%] [Cov:=========================>         72%]
[Progress:======>                       23%] [Cov:=========================>         72%]
[Progress:======>                       23%] [Cov:=========================>         72%]
[Progress:======>                       23%] [Cov:=========================>         72%]
[Progress:======>                       23%] [Cov:=========================>         72%]
[Progress:======>                       23%] [Cov:=========================>         72%]
[Progress:======>                       23%] [Cov:=========================>         72%]
[Progress:======>                       23%] [Cov:=========================>         72%]
[Progress:======>                       23%] [Cov:=========================>         72%]
[Progress:======>                       23%] [Cov:=========================>         72%]
[Progress:======>                       23%] [Cov:=========================>         72%]
[Progress:======>                       23%] [Cov:=========================>         72%]
[Progress:======>                       23%] [Cov:=========================>         72%]
[Progress:======>                       23%] [Cov:=========================>         72%]
[Progress:======>                       23%] [Cov:=========================>         72%]
[Progress:======>                       23%] [Cov:=========================>         72%]
[Progress:=======>                      24%] [Cov:=========================>         72%]
[Progress:=======>                      24%] [Cov:=========================>         72%]
[Progress:=======>                      24%] [Cov:=========================>         72%]
[Progress:=======>                      24%] [Cov:=========================>         72%]
[Progress:=======>                      24%] [Cov:=========================>         72%]
[Progress:=======>                      24%] [Cov:=========================>         72%]
[Progress:=======>                      24%] [Cov:=========================>         72%]
[Progress:=======>                      24%] [Cov:=========================>         72%]
[Progress:=======>                      24%] [Cov:=========================>         72%]
[Progress:=======>                      24%] [Cov:=========================>         72%]
[Progress:=======>                      24%] [Cov:=========================>         72%]
[Progress:=======>                      24%] [Cov:=========================>         72%]
[Progress:=======>                      24%] [Cov:=========================>         72%]
[Progress:=======>                      24%] [Cov:=========================>         72%]
[Progress:=======>                      24%] [Cov:=========================>         72%]
[Progress:=======>                      24%] [Cov:=========================>         72%]
[Progress:=======>                      24%] [Cov:=========================>         72%]
[Progress:=======>                      24%] [Cov:=========================>         72%]
[Progress:=======>                      24%] [Cov:=========================>         72%]
[Progress:=======>                      24%] [Cov:=========================>         72%]
[Progress:=======>                      24%] [Cov:=========================>         72%]
[Progress:=======>                      24%] [Cov:=========================>         72%]
[Progress:=======>                      24%] [Cov:=========================>         72%]
[Progress:=======>                      24%] [Cov:=========================>         72%]
[Progress:=======>                      24%] [Cov:=========================>         72%]
[Progress:=======>                      24%] [Cov:=========================>         72%]
[Progress:=======>                      24%] [Cov:=========================>         72%]
[Progress:=======>                      24%] [Cov:=========================>         72%]
[Progress:=======>                      24%] [Cov:=========================>         72%]
[Progress:=======>                      24%] [Cov:=========================>         72%]
[Progress:=======>                      24%] [Cov:=========================>         72%]
[Progress:=======>                      24%] [Cov:=========================>         72%]
[Progress:=======>                      24%] [Cov:=========================>         72%]
[Progress:=======>                      25%] [Cov:=========================>         72%]
[Progress:=======>                      25%] [Cov:=========================>         72%]
[Progress:=======>                      25%] [Cov:=========================>         72%]
[Progress:=======>                      25%] [Cov:=========================>         72%]
[Progress:=======>                      25%] [Cov:=========================>         72%]
[Progress:=======>                      25%] [Cov:=========================>         72%]
[Progress:=======>                      25%] [Cov:=========================>         72%]
[Progress:=======>                      25%] [Cov:=========================>         72%]
[Progress:=======>                      25%] [Cov:=========================>         72%]
[Progress:=======>                      25%] [Cov:=========================>         72%]
[Progress:=======>                      25%] [Cov:=========================>         72%]
[Progress:=======>                      25%] [Cov:=========================>         72%]
[Progress:=======>                      25%] [Cov:=========================>         72%]
[Progress:=======>                      25%] [Cov:=========================>         72%]
[Progress:=======>                      25%] [Cov:=========================>         72%]
[Progress:=======>                      25%] [Cov:=========================>         72%]
[Progress:=======>                      25%] [Cov:=========================>         72%]
[Progress:=======>                      25%] [Cov:=========================>         72%]
[Progress:=======>                      25%] [Cov:=========================>         72%]
[Progress:=======>                      25%] [Cov:=========================>         72%]
[Progress:=======>                      25%] [Cov:=========================>         72%]
[Progress:=======>                      25%] [Cov:=========================>         72%]
[Progress:=======>                      25%] [Cov:=========================>         72%]
[Progress:=======>                      25%] [Cov:=========================>         72%]
[Progress:=======>                      25%] [Cov:=========================>         72%]
[Progress:=======>                      25%] [Cov:=========================>         72%]
[Progress:=======>                      25%] [Cov:=========================>         72%]
[Progress:=======>                      25%] [Cov:=========================>         72%]
[Progress:=======>                      25%] [Cov:=========================>         72%]
[Progress:=======>                      25%] [Cov:=========================>         72%]
[Progress:=======>                      25%] [Cov:=========================>         72%]
[Progress:=======>                      25%] [Cov:=========================>         72%]
[Progress:=======>                      25%] [Cov:=========================>         72%]
[Progress:=======>                      25%] [Cov:=========================>         72%]
[Progress:=======>                      25%] [Cov:=========================>         72%]
[Progress:=======>                      25%] [Cov:=========================>         72%]
[Progress:=======>                      25%] [Cov:=========================>         72%]
[Progress:=======>                      25%] [Cov:=========================>         72%]
[Progress:=======>                      25%] [Cov:=========================>         72%]
[Progress:=======>                      25%] [Cov:=========================>         72%]
[Progress:=======>                      25%] [Cov:=========================>         72%]
[Progress:=======>                      25%] [Cov:=========================>         72%]
[Progress:=======>                      25%] [Cov:=========================>         72%]
[Progress:=======>                      25%] [Cov:=========================>         72%]
[Progress:=======>                      25%] [Cov:=========================>         72%]
[Progress:=======>                      25%] [Cov:=========================>         72%]
[Progress:=======>                      25%] [Cov:=========================>         72%]
[Progress:=======>                      25%] [Cov:=========================>         72%]
[Progress:=======>                      25%] [Cov:=========================>         72%]
[Progress:=======>                      25%] [Cov:=========================>         72%]
[Progress:=======>                      25%] [Cov:=========================>         72%]
[Progress:=======>                      25%] [Cov:=========================>         72%]
[Progress:=======>                      25%] [Cov:=========================>         72%]
[Progress:=======>                      25%] [Cov:=========================>         72%]
[Progress:=======>                      25%] [Cov:=========================>         72%]
[Progress:=======>                      25%] [Cov:=========================>         72%]
[Progress:=======>                      25%] [Cov:=========================>         72%]
[Progress:=======>                      25%] [Cov:=========================>         72%]
[Progress:=======>                      25%] [Cov:=========================>         72%]
[Progress:=======>                      25%] [Cov:=========================>         72%]
[Progress:=======>                      25%] [Cov:=========================>         72%]
[Progress:=======>                      25%] [Cov:=========================>         72%]
[Progress:=======>                      25%] [Cov:=========================>         72%]
[Progress:=======>                      25%] [Cov:=========================>         72%]
[Progress:=======>                      25%] [Cov:=========================>         72%]
[Progress:=======>                      25%] [Cov:=========================>         72%]
[Progress:=======>                      26%] [Cov:=========================>         72%]
[Progress:=======>                      26%] [Cov:=========================>         72%]
[Progress:=======>                      26%] [Cov:=========================>         72%]
[Progress:=======>                      26%] [Cov:=========================>         72%]
[Progress:=======>                      26%] [Cov:=========================>         72%]
[Progress:=======>                      26%] [Cov:=========================>         72%]
[Progress:=======>                      26%] [Cov:=========================>         72%]
[Progress:=======>                      26%] [Cov:=========================>         72%]
[Progress:=======>                      26%] [Cov:=========================>         72%]
[Progress:=======>                      26%] [Cov:=========================>         72%]
[Progress:=======>                      26%] [Cov:=========================>         72%]
[Progress:=======>                      26%] [Cov:=========================>         72%]
[Progress:=======>                      26%] [Cov:=========================>         72%]
[Progress:=======>                      26%] [Cov:=========================>         72%]
[Progress:=======>                      26%] [Cov:=========================>         72%]
[Progress:=======>                      26%] [Cov:=========================>         72%]
[Progress:=======>                      26%] [Cov:=========================>         72%]
[Progress:=======>                      26%] [Cov:=========================>         72%]
[Progress:=======>                      26%] [Cov:=========================>         72%]
[Progress:=======>                      26%] [Cov:=========================>         72%]
[Progress:=======>                      26%] [Cov:=========================>         72%]
[Progress:=======>                      26%] [Cov:=========================>         72%]
[Progress:=======>                      26%] [Cov:=========================>         72%]
[Progress:=======>                      26%] [Cov:=========================>         72%]
[Progress:=======>                      26%] [Cov:=========================>         72%]
[Progress:=======>                      26%] [Cov:=========================>         72%]
[Progress:=======>                      26%] [Cov:=========================>         72%]
[Progress:=======>                      26%] [Cov:=========================>         72%]
[Progress:=======>                      26%] [Cov:=========================>         72%]
[Progress:=======>                      26%] [Cov:=========================>         72%]
[Progress:=======>                      26%] [Cov:=========================>         72%]
[Progress:=======>                      26%] [Cov:=========================>         72%]
[Progress:=======>                      26%] [Cov:=========================>         72%]
[Progress:=======>                      26%] [Cov:=========================>         72%]
[Progress:========>                     27%] [Cov:=========================>         72%]
[Progress:========>                     27%] [Cov:=========================>         72%]
[Progress:========>                     27%] [Cov:=========================>         72%]
[Progress:========>                     27%] [Cov:=========================>         72%]
[Progress:========>                     27%] [Cov:=========================>         72%]
[Progress:========>                     27%] [Cov:=========================>         72%]
[Progress:========>                     27%] [Cov:=========================>         72%]
[Progress:========>                     27%] [Cov:=========================>         72%]
[Progress:========>                     27%] [Cov:=========================>         72%]
[Progress:========>                     27%] [Cov:=========================>         72%]
[Progress:========>                     27%] [Cov:=========================>         72%]
[Progress:========>                     27%] [Cov:=========================>         72%]
[Progress:========>                     27%] [Cov:=========================>         72%]
[Progress:========>                     27%] [Cov:=========================>         72%]
[Progress:========>                     27%] [Cov:=========================>         72%]
[Progress:========>                     27%] [Cov:=========================>         72%]
[Progress:========>                     27%] [Cov:=========================>         72%]
[Progress:========>                     27%] [Cov:=========================>         72%]
[Progress:========>                     27%] [Cov:=========================>         72%]
[Progress:========>                     27%] [Cov:=========================>         72%]
[Progress:========>                     27%] [Cov:=========================>         72%]
[Progress:========>                     27%] [Cov:=========================>         72%]
[Progress:========>                     27%] [Cov:=========================>         72%]
[Progress:========>                     27%] [Cov:=========================>         72%]
[Progress:========>                     27%] [Cov:=========================>         72%]
[Progress:========>                     27%] [Cov:=========================>         72%]
[Progress:========>                     27%] [Cov:=========================>         72%]
[Progress:========>                     27%] [Cov:=========================>         72%]
[Progress:========>                     27%] [Cov:=========================>         72%]
[Progress:========>                     27%] [Cov:=========================>         72%]
[Progress:========>                     27%] [Cov:=========================>         72%]
[Progress:========>                     27%] [Cov:=========================>         72%]
[Progress:========>                     27%] [Cov:=========================>         72%]
[Progress:========>                     28%] [Cov:=========================>         72%]
[Progress:========>                     28%] [Cov:=========================>         72%]
[Progress:========>                     28%] [Cov:=========================>         72%]
[Progress:========>                     28%] [Cov:=========================>         72%]
[Progress:========>                     28%] [Cov:=========================>         72%]
[Progress:========>                     28%] [Cov:=========================>         72%]
[Progress:========>                     28%] [Cov:=========================>         72%]
[Progress:========>                     28%] [Cov:=========================>         72%]
[Progress:========>                     28%] [Cov:=========================>         72%]
[Progress:========>                     28%] [Cov:=========================>         72%]
[Progress:========>                     28%] [Cov:=========================>         72%]
[Progress:========>                     28%] [Cov:=========================>         72%]
[Progress:========>                     28%] [Cov:=========================>         72%]
[Progress:========>                     28%] [Cov:=========================>         72%]
[Progress:========>                     28%] [Cov:=========================>         72%]
[Progress:========>                     28%] [Cov:=========================>         72%]
[Progress:========>                     28%] [Cov:=========================>         72%]
[Progress:========>                     28%] [Cov:=========================>         72%]
[Progress:========>                     28%] [Cov:=========================>         72%]
[Progress:========>                     28%] [Cov:=========================>         72%]
[Progress:========>                     28%] [Cov:=========================>         72%]
[Progress:========>                     28%] [Cov:=========================>         72%]
[Progress:========>                     28%] [Cov:=========================>         72%]
[Progress:========>                     28%] [Cov:=========================>         72%]
[Progress:========>                     28%] [Cov:=========================>         72%]
[Progress:========>                     28%] [Cov:=========================>         72%]
[Progress:========>                     28%] [Cov:=========================>         72%]
[Progress:========>                     28%] [Cov:=========================>         72%]
[Progress:========>                     28%] [Cov:=========================>         72%]
[Progress:========>                     28%] [Cov:=========================>         72%]
[Progress:========>                     28%] [Cov:=========================>         72%]
[Progress:========>                     28%] [Cov:=========================>         72%]
[Progress:========>                     29%] [Cov:=========================>         72%]
[Progress:========>                     29%] [Cov:=========================>         72%]
[Progress:========>                     29%] [Cov:=========================>         72%]
[Progress:========>                     29%] [Cov:=========================>         72%]
[Progress:========>                     29%] [Cov:=========================>         72%]
[Progress:========>                     29%] [Cov:=========================>         72%]
[Progress:========>                     29%] [Cov:=========================>         72%]
[Progress:========>                     29%] [Cov:=========================>         72%]
[Progress:========>                     29%] [Cov:=========================>         72%]
[Progress:========>                     29%] [Cov:=========================>         72%]
[Progress:========>                     29%] [Cov:=========================>         72%]
[Progress:========>                     29%] [Cov:=========================>         72%]
[Progress:========>                     29%] [Cov:=========================>         72%]
[Progress:========>                     29%] [Cov:=========================>         72%]
[Progress:========>                     29%] [Cov:=========================>         72%]
[Progress:========>                     29%] [Cov:=========================>         72%]
[Progress:========>                     29%] [Cov:=========================>         72%]
[Progress:========>                     29%] [Cov:=========================>         72%]
[Progress:========>                     29%] [Cov:=========================>         72%]
[Progress:========>                     29%] [Cov:=========================>         72%]
[Progress:========>                     29%] [Cov:=========================>         72%]
[Progress:========>                     29%] [Cov:=========================>         72%]
[Progress:========>                     29%] [Cov:=========================>         72%]
[Progress:========>                     29%] [Cov:=========================>         72%]
[Progress:========>                     29%] [Cov:=========================>         72%]
[Progress:========>                     29%] [Cov:=========================>         72%]
[Progress:========>                     29%] [Cov:=========================>         72%]
[Progress:========>                     29%] [Cov:=========================>         72%]
[Progress:========>                     29%] [Cov:=========================>         72%]
[Progress:========>                     29%] [Cov:=========================>         72%]
[Progress:========>                     29%] [Cov:=========================>         72%]
[Progress:========>                     29%] [Cov:=========================>         72%]
[Progress:========>                     29%] [Cov:=========================>         72%]
[Progress:=========>                    30%] [Cov:=========================>         72%]
[Progress:=========>                    30%] [Cov:=========================>         72%]
[Progress:=========>                    30%] [Cov:=========================>         72%]
[Progress:=========>                    30%] [Cov:=========================>         72%]
[Progress:=========>                    30%] [Cov:=========================>         72%]
[Progress:=========>                    30%] [Cov:=========================>         72%]
[Progress:=========>                    30%] [Cov:=========================>         72%]
[Progress:=========>                    30%] [Cov:=========================>         72%]
[Progress:=========>                    30%] [Cov:=========================>         72%]
[Progress:=========>                    30%] [Cov:=========================>         72%]
[Progress:=========>                    30%] [Cov:=========================>         72%]
[Progress:=========>                    30%] [Cov:=========================>         72%]
[Progress:=========>                    30%] [Cov:=========================>         72%]
[Progress:=========>                    30%] [Cov:=========================>         72%]
[Progress:=========>                    30%] [Cov:=========================>         72%]
[Progress:=========>                    30%] [Cov:=========================>         72%]
[Progress:=========>                    30%] [Cov:=========================>         72%]
[Progress:=========>                    30%] [Cov:=========================>         72%]
[Progress:=========>                    30%] [Cov:=========================>         72%]
[Progress:=========>                    30%] [Cov:=========================>         72%]
[Progress:=========>                    30%] [Cov:=========================>         72%]
[Progress:=========>                    30%] [Cov:=========================>         72%]
[Progress:=========>                    30%] [Cov:=========================>         72%]
[Progress:=========>                    30%] [Cov:=========================>         72%]
[Progress:=========>                    30%] [Cov:=========================>         72%]
[Progress:=========>                    30%] [Cov:=========================>         72%]
[Progress:=========>                    30%] [Cov:=========================>         72%]
[Progress:=========>                    30%] [Cov:=========================>         72%]
[Progress:=========>                    30%] [Cov:=========================>         72%]
[Progress:=========>                    30%] [Cov:=========================>         72%]
[Progress:=========>                    30%] [Cov:=========================>         72%]
[Progress:=========>                    30%] [Cov:=========================>         72%]
[Progress:=========>                    30%] [Cov:=========================>         72%]
[Progress:=========>                    30%] [Cov:=========================>         72%]
[Progress:=========>                    30%] [Cov:=========================>         72%]
[Progress:=========>                    30%] [Cov:=========================>         72%]
[Progress:=========>                    30%] [Cov:=========================>         72%]
[Progress:=========>                    30%] [Cov:=========================>         72%]
[Progress:=========>                    30%] [Cov:=========================>         72%]
[Progress:=========>                    30%] [Cov:=========================>         72%]
[Progress:=========>                    30%] [Cov:=========================>         72%]
[Progress:=========>                    30%] [Cov:=========================>         72%]
[Progress:=========>                    30%] [Cov:=========================>         72%]
[Progress:=========>                    30%] [Cov:=========================>         72%]
[Progress:=========>                    30%] [Cov:=========================>         72%]
[Progress:=========>                    30%] [Cov:=========================>         72%]
[Progress:=========>                    30%] [Cov:=========================>         72%]
[Progress:=========>                    30%] [Cov:=========================>         72%]
[Progress:=========>                    30%] [Cov:=========================>         72%]
[Progress:=========>                    30%] [Cov:=========================>         72%]
[Progress:=========>                    30%] [Cov:=========================>         72%]
[Progress:=========>                    30%] [Cov:=========================>         72%]
[Progress:=========>                    30%] [Cov:=========================>         72%]
[Progress:=========>                    30%] [Cov:=========================>         72%]
[Progress:=========>                    30%] [Cov:=========================>         72%]
[Progress:=========>                    30%] [Cov:=========================>         72%]
[Progress:=========>                    30%] [Cov:=========================>         72%]
[Progress:=========>                    30%] [Cov:=========================>         72%]
[Progress:=========>                    30%] [Cov:=========================>         72%]
[Progress:=========>                    30%] [Cov:=========================>         72%]
[Progress:=========>                    30%] [Cov:=========================>         72%]
[Progress:=========>                    30%] [Cov:=========================>         72%]
[Progress:=========>                    30%] [Cov:=========================>         72%]
[Progress:=========>                    30%] [Cov:=========================>         72%]
[Progress:=========>                    30%] [Cov:=========================>         72%]
[Progress:=========>                    30%] [Cov:=========================>         72%]
[Progress:=========>                    30%] [Cov:=========================>         72%]
[Progress:=========>                    31%] [Cov:=========================>         72%]
[Progress:=========>                    31%] [Cov:=========================>         72%]
[Progress:=========>                    31%] [Cov:=========================>         72%]
[Progress:=========>                    31%] [Cov:=========================>         72%]
[Progress:=========>                    31%] [Cov:=========================>         72%]
[Progress:=========>                    31%] [Cov:=========================>         72%]
[Progress:=========>                    31%] [Cov:=========================>         72%]
[Progress:=========>                    31%] [Cov:=========================>         72%]
[Progress:=========>                    31%] [Cov:=========================>         72%]
[Progress:=========>                    31%] [Cov:=========================>         72%]
[Progress:=========>                    31%] [Cov:=========================>         72%]
[Progress:=========>                    31%] [Cov:=========================>         72%]
[Progress:=========>                    31%] [Cov:=========================>         72%]
[Progress:=========>                    31%] [Cov:=========================>         72%]
[Progress:=========>                    31%] [Cov:=========================>         72%]
[Progress:=========>                    31%] [Cov:=========================>         72%]
[Progress:=========>                    31%] [Cov:=========================>         72%]
[Progress:=========>                    31%] [Cov:=========================>         72%]
[Progress:=========>                    31%] [Cov:=========================>         72%]
[Progress:=========>                    31%] [Cov:=========================>         72%]
[Progress:=========>                    31%] [Cov:=========================>         72%]
[Progress:=========>                    31%] [Cov:=========================>         72%]
[Progress:=========>                    31%] [Cov:=========================>         72%]
[Progress:=========>                    31%] [Cov:=========================>         72%]
[Progress:=========>                    31%] [Cov:=========================>         72%]
[Progress:=========>                    31%] [Cov:=========================>         72%]
[Progress:=========>                    31%] [Cov:=========================>         72%]
[Progress:=========>                    31%] [Cov:=========================>         72%]
[Progress:=========>                    31%] [Cov:=========================>         72%]
[Progress:=========>                    31%] [Cov:=========================>         72%]
[Progress:=========>                    31%] [Cov:=========================>         72%]
[Progress:=========>                    31%] [Cov:=========================>         72%]
[Progress:=========>                    32%] [Cov:=========================>         72%]
[Progress:=========>                    32%] [Cov:=========================>         72%]
[Progress:=========>                    32%] [Cov:=========================>         72%]
[Progress:=========>                    32%] [Cov:=========================>         72%]
[Progress:=========>                    32%] [Cov:=========================>         72%]
[Progress:=========>                    32%] [Cov:=========================>         72%]
[Progress:=========>                    32%] [Cov:=========================>         72%]
[Progress:=========>                    32%] [Cov:=========================>         72%]
[Progress:=========>                    32%] [Cov:=========================>         72%]
[Progress:=========>                    32%] [Cov:=========================>         72%]
[Progress:=========>                    32%] [Cov:=========================>         72%]
[Progress:=========>                    32%] [Cov:=========================>         72%]
[Progress:=========>                    32%] [Cov:=========================>         72%]
[Progress:=========>                    32%] [Cov:=========================>         72%]
[Progress:=========>                    32%] [Cov:=========================>         72%]
[Progress:=========>                    32%] [Cov:=========================>         72%]
[Progress:=========>                    32%] [Cov:=========================>         72%]
[Progress:=========>                    32%] [Cov:=========================>         72%]
[Progress:=========>                    32%] [Cov:=========================>         72%]
[Progress:=========>                    32%] [Cov:=========================>         72%]
[Progress:=========>                    32%] [Cov:=========================>         72%]
[Progress:=========>                    32%] [Cov:=========================>         72%]
[Progress:=========>                    32%] [Cov:=========================>         72%]
[Progress:=========>                    32%] [Cov:=========================>         72%]
[Progress:=========>                    32%] [Cov:=========================>         72%]
[Progress:=========>                    32%] [Cov:=========================>         72%]
[Progress:=========>                    32%] [Cov:=========================>         72%]
[Progress:=========>                    32%] [Cov:=========================>         72%]
[Progress:=========>                    32%] [Cov:=========================>         72%]
[Progress:=========>                    32%] [Cov:=========================>         72%]
[Progress:=========>                    32%] [Cov:=========================>         72%]
[Progress:=========>                    32%] [Cov:=========================>         72%]
[Progress:=========>                    32%] [Cov:=========================>         72%]
[Progress:=========>                    32%] [Cov:=========================>         72%]
[Progress:=========>                    33%] [Cov:=========================>         72%]
[Progress:=========>                    33%] [Cov:=========================>         72%]
[Progress:=========>                    33%] [Cov:=========================>         72%]
[Progress:=========>                    33%] [Cov:=========================>         72%]
[Progress:=========>                    33%] [Cov:=========================>         72%]
[Progress:=========>                    33%] [Cov:=========================>         72%]
[Progress:=========>                    33%] [Cov:=========================>         72%]
[Progress:=========>                    33%] [Cov:=========================>         72%]
[Progress:=========>                    33%] [Cov:=========================>         72%]
[Progress:=========>                    33%] [Cov:=========================>         72%]
[Progress:=========>                    33%] [Cov:=========================>         72%]
[Progress:=========>                    33%] [Cov:=========================>         72%]
[Progress:=========>                    33%] [Cov:=========================>         72%]
[Progress:=========>                    33%] [Cov:=========================>         72%]
[Progress:=========>                    33%] [Cov:=========================>         72%]
[Progress:=========>                    33%] [Cov:=========================>         72%]
[Progress:=========>                    33%] [Cov:=========================>         72%]
[Progress:=========>                    33%] [Cov:=========================>         72%]
[Progress:=========>                    33%] [Cov:=========================>         72%]
[Progress:=========>                    33%] [Cov:=========================>         72%]
[Progress:=========>                    33%] [Cov:=========================>         72%]
[Progress:=========>                    33%] [Cov:=========================>         72%]
[Progress:=========>                    33%] [Cov:=========================>         72%]
[Progress:=========>                    33%] [Cov:=========================>         72%]
[Progress:=========>                    33%] [Cov:=========================>         72%]
[Progress:=========>                    33%] [Cov:=========================>         72%]
[Progress:=========>                    33%] [Cov:=========================>         72%]
[Progress:=========>                    33%] [Cov:=========================>         72%]
[Progress:=========>                    33%] [Cov:=========================>         72%]
[Progress:=========>                    33%] [Cov:=========================>         72%]
[Progress:=========>                    33%] [Cov:=========================>         72%]
[Progress:=========>                    33%] [Cov:=========================>         72%]
[Progress:=========>                    33%] [Cov:=========================>         72%]
[Progress:==========>                   34%] [Cov:=========================>         72%]
[Progress:==========>                   34%] [Cov:=========================>         72%]
[Progress:==========>                   34%] [Cov:=========================>         72%]
[Progress:==========>                   34%] [Cov:=========================>         72%]
[Progress:==========>                   34%] [Cov:=========================>         72%]
[Progress:==========>                   34%] [Cov:=========================>         72%]
[Progress:==========>                   34%] [Cov:=========================>         72%]
[Progress:==========>                   34%] [Cov:=========================>         72%]
[Progress:==========>                   34%] [Cov:=========================>         72%]
[Progress:==========>                   34%] [Cov:=========================>         72%]
[Progress:==========>                   34%] [Cov:=========================>         72%]
[Progress:==========>                   34%] [Cov:=========================>         72%]
[Progress:==========>                   34%] [Cov:=========================>         72%]
[Progress:==========>                   34%] [Cov:=========================>         72%]
[Progress:==========>                   34%] [Cov:=========================>         72%]
[Progress:==========>                   34%] [Cov:=========================>         72%]
[Progress:==========>                   34%] [Cov:=========================>         72%]
[Progress:==========>                   34%] [Cov:=========================>         72%]
[Progress:==========>                   34%] [Cov:=========================>         72%]
[Progress:==========>                   34%] [Cov:=========================>         72%]
[Progress:==========>                   34%] [Cov:=========================>         72%]
[Progress:==========>                   34%] [Cov:=========================>         72%]
[Progress:==========>                   34%] [Cov:=========================>         72%]
[Progress:==========>                   34%] [Cov:=========================>         72%]
[Progress:==========>                   34%] [Cov:=========================>         72%]
[Progress:==========>                   34%] [Cov:=========================>         72%]
[Progress:==========>                   34%] [Cov:=========================>         72%]
[Progress:==========>                   34%] [Cov:=========================>         72%]
[Progress:==========>                   34%] [Cov:=========================>         72%]
[Progress:==========>                   34%] [Cov:=========================>         72%]
[Progress:==========>                   34%] [Cov:=========================>         72%]
[Progress:==========>                   34%] [Cov:=========================>         72%]
[Progress:==========>                   34%] [Cov:=========================>         72%]
[Progress:==========>                   34%] [Cov:=========================>         72%]
[Progress:==========>                   34%] [Cov:=========================>         72%]
[Progress:==========>                   35%] [Cov:=========================>         72%]
[Progress:==========>                   35%] [Cov:=========================>         72%]
[Progress:==========>                   35%] [Cov:=========================>         72%]
[Progress:==========>                   35%] [Cov:=========================>         72%]
[Progress:==========>                   35%] [Cov:=========================>         72%]
[Progress:==========>                   35%] [Cov:=========================>         72%]
[Progress:==========>                   35%] [Cov:=========================>         72%]
[Progress:==========>                   35%] [Cov:=========================>         72%]
[Progress:==========>                   35%] [Cov:=========================>         72%]
[Progress:==========>                   35%] [Cov:=========================>         72%]
[Progress:==========>                   35%] [Cov:=========================>         72%]
[Progress:==========>                   35%] [Cov:=========================>         72%]
[Progress:==========>                   35%] [Cov:=========================>         72%]
[Progress:==========>                   35%] [Cov:=========================>         72%]
[Progress:==========>                   35%] [Cov:=========================>         72%]
[Progress:==========>                   35%] [Cov:=========================>         72%]
[Progress:==========>                   35%] [Cov:=========================>         72%]
[Progress:==========>                   35%] [Cov:=========================>         72%]
[Progress:==========>                   35%] [Cov:=========================>         72%]
[Progress:==========>                   35%] [Cov:=========================>         72%]
[Progress:==========>                   35%] [Cov:=========================>         72%]
[Progress:==========>                   35%] [Cov:=========================>         72%]
[Progress:==========>                   35%] [Cov:=========================>         72%]
[Progress:==========>                   35%] [Cov:=========================>         72%]
[Progress:==========>                   35%] [Cov:=========================>         72%]
[Progress:==========>                   35%] [Cov:=========================>         72%]
[Progress:==========>                   35%] [Cov:=========================>         72%]
[Progress:==========>                   35%] [Cov:=========================>         72%]
[Progress:==========>                   35%] [Cov:=========================>         72%]
[Progress:==========>                   35%] [Cov:=========================>         72%]
[Progress:==========>                   35%] [Cov:=========================>         72%]
[Progress:==========>                   35%] [Cov:=========================>         72%]
[Progress:==========>                   35%] [Cov:=========================>         72%]
[Progress:==========>                   35%] [Cov:=========================>         72%]
[Progress:==========>                   35%] [Cov:=========================>         72%]
[Progress:==========>                   35%] [Cov:=========================>         72%]
[Progress:==========>                   35%] [Cov:=========================>         72%]
[Progress:==========>                   35%] [Cov:=========================>         72%]
[Progress:==========>                   35%] [Cov:=========================>         72%]
[Progress:==========>                   35%] [Cov:=========================>         72%]
[Progress:==========>                   35%] [Cov:=========================>         72%]
[Progress:==========>                   35%] [Cov:=========================>         72%]
[Progress:==========>                   35%] [Cov:=========================>         72%]
[Progress:==========>                   35%] [Cov:=========================>         72%]
[Progress:==========>                   35%] [Cov:=========================>         72%]
[Progress:==========>                   35%] [Cov:=========================>         72%]
[Progress:==========>                   35%] [Cov:=========================>         72%]
[Progress:==========>                   35%] [Cov:=========================>         72%]
[Progress:==========>                   35%] [Cov:=========================>         72%]
[Progress:==========>                   35%] [Cov:=========================>         72%]
[Progress:==========>                   35%] [Cov:=========================>         72%]
[Progress:==========>                   35%] [Cov:=========================>         72%]
[Progress:==========>                   35%] [Cov:=========================>         72%]
[Progress:==========>                   35%] [Cov:=========================>         72%]
[Progress:==========>                   35%] [Cov:=========================>         72%]
[Progress:==========>                   35%] [Cov:=========================>         72%]
[Progress:==========>                   35%] [Cov:=========================>         72%]
[Progress:==========>                   35%] [Cov:=========================>         72%]
[Progress:==========>                   35%] [Cov:=========================>         72%]
[Progress:==========>                   35%] [Cov:=========================>         72%]
[Progress:==========>                   35%] [Cov:=========================>         72%]
[Progress:==========>                   35%] [Cov:=========================>         72%]
[Progress:==========>                   35%] [Cov:=========================>         72%]
[Progress:==========>                   35%] [Cov:=========================>         72%]
[Progress:==========>                   35%] [Cov:=========================>         72%]
[Progress:==========>                   36%] [Cov:=========================>         72%]
[Progress:==========>                   36%] [Cov:=========================>         72%]
[Progress:==========>                   36%] [Cov:=========================>         72%]
[Progress:==========>                   36%] [Cov:=========================>         72%]
[Progress:==========>                   36%] [Cov:=========================>         72%]
[Progress:==========>                   36%] [Cov:=========================>         72%]
[Progress:==========>                   36%] [Cov:=========================>         72%]
[Progress:==========>                   36%] [Cov:=========================>         72%]
[Progress:==========>                   36%] [Cov:=========================>         72%]
[Progress:==========>                   36%] [Cov:=========================>         72%]
[Progress:==========>                   36%] [Cov:=========================>         72%]
[Progress:==========>                   36%] [Cov:=========================>         72%]
[Progress:==========>                   36%] [Cov:=========================>         72%]
[Progress:==========>                   36%] [Cov:=========================>         72%]
[Progress:==========>                   36%] [Cov:=========================>         72%]
[Progress:==========>                   36%] [Cov:=========================>         72%]
[Progress:==========>                   36%] [Cov:=========================>         72%]
[Progress:==========>                   36%] [Cov:=========================>         72%]
[Progress:==========>                   36%] [Cov:=========================>         72%]
[Progress:==========>                   36%] [Cov:=========================>         72%]
[Progress:==========>                   36%] [Cov:=========================>         72%]
[Progress:==========>                   36%] [Cov:=========================>         72%]
[Progress:==========>                   36%] [Cov:=========================>         72%]
[Progress:==========>                   36%] [Cov:=========================>         72%]
[Progress:==========>                   36%] [Cov:=========================>         72%]
[Progress:==========>                   36%] [Cov:=========================>         72%]
[Progress:==========>                   36%] [Cov:=========================>         72%]
[Progress:==========>                   36%] [Cov:=========================>         72%]
[Progress:==========>                   36%] [Cov:=========================>         72%]
[Progress:==========>                   36%] [Cov:=========================>         72%]
[Progress:==========>                   36%] [Cov:=========================>         72%]
[Progress:==========>                   36%] [Cov:=========================>         72%]
[Progress:===========>                  37%] [Cov:=========================>         72%]
[Progress:===========>                  37%] [Cov:=========================>         72%]
[Progress:===========>                  37%] [Cov:=========================>         72%]
[Progress:===========>                  37%] [Cov:=========================>         72%]
[Progress:===========>                  37%] [Cov:=========================>         72%]
[Progress:===========>                  37%] [Cov:=========================>         72%]
[Progress:===========>                  37%] [Cov:=========================>         72%]
[Progress:===========>                  37%] [Cov:=========================>         72%]
[Progress:===========>                  37%] [Cov:=========================>         72%]
[Progress:===========>                  37%] [Cov:=========================>         72%]
[Progress:===========>                  37%] [Cov:=========================>         72%]
[Progress:===========>                  37%] [Cov:=========================>         72%]
[Progress:===========>                  37%] [Cov:=========================>         72%]
[Progress:===========>                  37%] [Cov:=========================>         72%]
[Progress:===========>                  37%] [Cov:=========================>         72%]
[Progress:===========>                  37%] [Cov:=========================>         72%]
[Progress:===========>                  37%] [Cov:=========================>         72%]
[Progress:===========>                  37%] [Cov:=========================>         72%]
[Progress:===========>                  37%] [Cov:=========================>         72%]
[Progress:===========>                  37%] [Cov:=========================>         72%]
[Progress:===========>                  37%] [Cov:=========================>         72%]
[Progress:===========>                  37%] [Cov:=========================>         72%]
[Progress:===========>                  37%] [Cov:=========================>         72%]
[Progress:===========>                  37%] [Cov:=========================>         72%]
[Progress:===========>                  37%] [Cov:=========================>         72%]
[Progress:===========>                  37%] [Cov:=========================>         72%]
[Progress:===========>                  37%] [Cov:=========================>         72%]
[Progress:===========>                  37%] [Cov:=========================>         72%]
[Progress:===========>                  37%] [Cov:=========================>         72%]
[Progress:===========>                  37%] [Cov:=========================>         72%]
[Progress:===========>                  37%] [Cov:=========================>         72%]
[Progress:===========>                  37%] [Cov:=========================>         72%]
[Progress:===========>                  37%] [Cov:=========================>         72%]
[Progress:===========>                  37%] [Cov:=========================>         72%]
[Progress:===========>                  38%] [Cov:=========================>         72%]
[Progress:===========>                  38%] [Cov:=========================>         72%]
[Progress:===========>                  38%] [Cov:=========================>         72%]
[Progress:===========>                  38%] [Cov:=========================>         72%]
[Progress:===========>                  38%] [Cov:=========================>         72%]
[Progress:===========>                  38%] [Cov:=========================>         72%]
[Progress:===========>                  38%] [Cov:=========================>         72%]
[Progress:===========>                  38%] [Cov:=========================>         72%]
[Progress:===========>                  38%] [Cov:=========================>         72%]
[Progress:===========>                  38%] [Cov:=========================>         72%]
[Progress:===========>                  38%] [Cov:=========================>         72%]
[Progress:===========>                  38%] [Cov:=========================>         72%]
[Progress:===========>                  38%] [Cov:=========================>         72%]
[Progress:===========>                  38%] [Cov:=========================>         72%]
[Progress:===========>                  38%] [Cov:=========================>         72%]
[Progress:===========>                  38%] [Cov:=========================>         72%]
[Progress:===========>                  38%] [Cov:=========================>         72%]
[Progress:===========>                  38%] [Cov:=========================>         72%]
[Progress:===========>                  38%] [Cov:=========================>         72%]
[Progress:===========>                  38%] [Cov:=========================>         72%]
[Progress:===========>                  38%] [Cov:=========================>         72%]
[Progress:===========>                  38%] [Cov:=========================>         72%]
[Progress:===========>                  38%] [Cov:=========================>         72%]
[Progress:===========>                  38%] [Cov:=========================>         72%]
[Progress:===========>                  38%] [Cov:=========================>         72%]
[Progress:===========>                  38%] [Cov:=========================>         72%]
[Progress:===========>                  38%] [Cov:=========================>         72%]
[Progress:===========>                  38%] [Cov:=========================>         72%]
[Progress:===========>                  38%] [Cov:=========================>         72%]
[Progress:===========>                  38%] [Cov:=========================>         72%]
[Progress:===========>                  38%] [Cov:=========================>         72%]
[Progress:===========>                  38%] [Cov:=========================>         72%]
[Progress:===========>                  38%] [Cov:=========================>         72%]
[Progress:===========>                  39%] [Cov:=========================>         72%]
[Progress:===========>                  39%] [Cov:=========================>         72%]
[Progress:===========>                  39%] [Cov:=========================>         72%]
[Progress:===========>                  39%] [Cov:=========================>         72%]
[Progress:===========>                  39%] [Cov:=========================>         72%]
[Progress:===========>                  39%] [Cov:=========================>         72%]
[Progress:===========>                  39%] [Cov:=========================>         72%]
[Progress:===========>                  39%] [Cov:=========================>         72%]
[Progress:===========>                  39%] [Cov:=========================>         72%]
[Progress:===========>                  39%] [Cov:=========================>         72%]
[Progress:===========>                  39%] [Cov:=========================>         72%]
[Progress:===========>                  39%] [Cov:=========================>         72%]
[Progress:===========>                  39%] [Cov:=========================>         72%]
[Progress:===========>                  39%] [Cov:=========================>         72%]
[Progress:===========>                  39%] [Cov:=========================>         72%]
[Progress:===========>                  39%] [Cov:=========================>         72%]
[Progress:===========>                  39%] [Cov:=========================>         72%]
[Progress:===========>                  39%] [Cov:=========================>         72%]
[Progress:===========>                  39%] [Cov:=========================>         72%]
[Progress:===========>                  39%] [Cov:=========================>         72%]
[Progress:===========>                  39%] [Cov:=========================>         72%]
[Progress:===========>                  39%] [Cov:=========================>         72%]
[Progress:===========>                  39%] [Cov:=========================>         72%]
[Progress:===========>                  39%] [Cov:=========================>         72%]
[Progress:===========>                  39%] [Cov:=========================>         72%]
[Progress:===========>                  39%] [Cov:=========================>         72%]
[Progress:===========>                  39%] [Cov:=========================>         72%]
[Progress:===========>                  39%] [Cov:=========================>         72%]
[Progress:===========>                  39%] [Cov:=========================>         72%]
[Progress:===========>                  39%] [Cov:=========================>         72%]
[Progress:===========>                  39%] [Cov:=========================>         72%]
[Progress:===========>                  39%] [Cov:=========================>         72%]
[Progress:===========>                  39%] [Cov:=========================>         72%]
[Progress:============>                 40%] [Cov:=========================>         72%]
[Progress:============>                 40%] [Cov:=========================>         72%]
[Progress:============>                 40%] [Cov:=========================>         72%]
[Progress:============>                 40%] [Cov:=========================>         72%]
[Progress:============>                 40%] [Cov:=========================>         72%]
[Progress:============>                 40%] [Cov:=========================>         72%]
[Progress:============>                 40%] [Cov:=========================>         72%]
[Progress:============>                 40%] [Cov:=========================>         72%]
[Progress:============>                 40%] [Cov:=========================>         72%]
[Progress:============>                 40%] [Cov:=========================>         72%]
[Progress:============>                 40%] [Cov:=========================>         72%]
[Progress:============>                 40%] [Cov:=========================>         72%]
[Progress:============>                 40%] [Cov:=========================>         72%]
[Progress:============>                 40%] [Cov:=========================>         72%]
[Progress:============>                 40%] [Cov:=========================>         72%]
[Progress:============>                 40%] [Cov:=========================>         72%]
[Progress:============>                 40%] [Cov:=========================>         72%]
[Progress:============>                 40%] [Cov:=========================>         72%]
[Progress:============>                 40%] [Cov:=========================>         72%]
[Progress:============>                 40%] [Cov:=========================>         72%]
[Progress:============>                 40%] [Cov:=========================>         72%]
[Progress:============>                 40%] [Cov:=========================>         72%]
[Progress:============>                 40%] [Cov:=========================>         72%]
[Progress:============>                 40%] [Cov:=========================>         72%]
[Progress:============>                 40%] [Cov:=========================>         72%]
[Progress:============>                 40%] [Cov:=========================>         72%]
[Progress:============>                 40%] [Cov:=========================>         72%]
[Progress:============>                 40%] [Cov:=========================>         72%]
[Progress:============>                 40%] [Cov:=========================>         72%]
[Progress:============>                 40%] [Cov:=========================>         72%]
[Progress:============>                 40%] [Cov:=========================>         72%]
[Progress:============>                 40%] [Cov:=========================>         72%]
[Progress:============>                 40%] [Cov:=========================>         72%]
[Progress:============>                 40%] [Cov:=========================>         72%]
[Progress:============>                 40%] [Cov:=========================>         72%]
[Progress:============>                 40%] [Cov:=========================>         72%]
[Progress:============>                 40%] [Cov:=========================>         72%]
[Progress:============>                 40%] [Cov:=========================>         72%]
[Progress:============>                 40%] [Cov:=========================>         72%]
[Progress:============>                 40%] [Cov:=========================>         72%]
[Progress:============>                 40%] [Cov:=========================>         72%]
[Progress:============>                 40%] [Cov:=========================>         72%]
[Progress:============>                 40%] [Cov:=========================>         72%]
[Progress:============>                 40%] [Cov:=========================>         72%]
[Progress:============>                 40%] [Cov:=========================>         72%]
[Progress:============>                 40%] [Cov:=========================>         72%]
[Progress:============>                 40%] [Cov:=========================>         72%]
[Progress:============>                 40%] [Cov:=========================>         72%]
[Progress:============>                 40%] [Cov:=========================>         72%]
[Progress:============>                 40%] [Cov:=========================>         72%]
[Progress:============>                 40%] [Cov:=========================>         72%]
[Progress:============>                 40%] [Cov:=========================>         72%]
[Progress:============>                 40%] [Cov:=========================>         72%]
[Progress:============>                 40%] [Cov:=========================>         72%]
[Progress:============>                 40%] [Cov:=========================>         72%]
[Progress:============>                 40%] [Cov:=========================>         72%]
[Progress:============>                 40%] [Cov:=========================>         72%]
[Progress:============>                 40%] [Cov:=========================>         72%]
[Progress:============>                 40%] [Cov:=========================>         72%]
[Progress:============>                 40%] [Cov:=========================>         72%]
[Progress:============>                 40%] [Cov:=========================>         72%]
[Progress:============>                 40%] [Cov:=========================>         72%]
[Progress:============>                 40%] [Cov:=========================>         72%]
[Progress:============>                 40%] [Cov:=========================>         72%]
[Progress:============>                 41%] [Cov:=========================>         72%]
[Progress:============>                 41%] [Cov:=========================>         72%]
[Progress:============>                 41%] [Cov:=========================>         72%]
[Progress:============>                 41%] [Cov:=========================>         72%]
[Progress:============>                 41%] [Cov:=========================>         72%]
[Progress:============>                 41%] [Cov:=========================>         72%]
[Progress:============>                 41%] [Cov:=========================>         72%]
[Progress:============>                 41%] [Cov:=========================>         72%]
[Progress:============>                 41%] [Cov:=========================>         72%]
[Progress:============>                 41%] [Cov:=========================>         72%]
[Progress:============>                 41%] [Cov:=========================>         72%]
[Progress:============>                 41%] [Cov:=========================>         72%]
[Progress:============>                 41%] [Cov:=========================>         72%]
[Progress:============>                 41%] [Cov:=========================>         72%]
[Progress:============>                 41%] [Cov:=========================>         72%]
[Progress:============>                 41%] [Cov:=========================>         72%]
[Progress:============>                 41%] [Cov:=========================>         72%]
[Progress:============>                 41%] [Cov:=========================>         72%]
[Progress:============>                 41%] [Cov:=========================>         72%]
[Progress:============>                 41%] [Cov:=========================>         72%]
[Progress:============>                 41%] [Cov:=========================>         72%]
[Progress:============>                 41%] [Cov:=========================>         72%]
[Progress:============>                 41%] [Cov:=========================>         72%]
[Progress:============>                 41%] [Cov:=========================>         72%]
[Progress:============>                 41%] [Cov:=========================>         72%]
[Progress:============>                 41%] [Cov:=========================>         72%]
[Progress:============>                 41%] [Cov:=========================>         72%]
[Progress:============>                 41%] [Cov:=========================>         72%]
[Progress:============>                 41%] [Cov:=========================>         72%]
[Progress:============>                 41%] [Cov:=========================>         72%]
[Progress:============>                 41%] [Cov:=========================>         72%]
[Progress:============>                 42%] [Cov:=========================>         72%]
[Progress:============>                 42%] [Cov:=========================>         72%]
[Progress:============>                 42%] [Cov:=========================>         72%]
[Progress:============>                 42%] [Cov:=========================>         72%]
[Progress:============>                 42%] [Cov:=========================>         72%]
[Progress:============>                 42%] [Cov:=========================>         72%]
[Progress:============>                 42%] [Cov:=========================>         72%]
[Progress:============>                 42%] [Cov:=========================>         72%]
[Progress:============>                 42%] [Cov:=========================>         72%]
[Progress:============>                 42%] [Cov:=========================>         72%]
[Progress:============>                 42%] [Cov:=========================>         72%]
[Progress:============>                 42%] [Cov:=========================>         72%]
[Progress:============>                 42%] [Cov:=========================>         72%]
[Progress:============>                 42%] [Cov:=========================>         72%]
[Progress:============>                 42%] [Cov:=========================>         72%]
[Progress:============>                 42%] [Cov:=========================>         72%]
[Progress:============>                 42%] [Cov:=========================>         72%]
[Progress:============>                 42%] [Cov:=========================>         72%]
[Progress:============>                 42%] [Cov:=========================>         72%]
[Progress:============>                 42%] [Cov:=========================>         72%]
[Progress:============>                 42%] [Cov:=========================>         72%]
[Progress:============>                 42%] [Cov:=========================>         72%]
[Progress:============>                 42%] [Cov:=========================>         72%]
[Progress:============>                 42%] [Cov:=========================>         72%]
[Progress:============>                 42%] [Cov:=========================>         72%]
[Progress:============>                 42%] [Cov:=========================>         72%]
[Progress:============>                 42%] [Cov:=========================>         72%]
[Progress:============>                 42%] [Cov:=========================>         72%]
[Progress:============>                 42%] [Cov:=========================>         72%]
[Progress:============>                 42%] [Cov:=========================>         72%]
[Progress:============>                 42%] [Cov:=========================>         72%]
[Progress:============>                 42%] [Cov:=========================>         72%]
[Progress:============>                 42%] [Cov:=========================>         72%]
[Progress:============>                 42%] [Cov:=========================>         72%]
[Progress:============>                 43%] [Cov:=========================>         72%]
[Progress:============>                 43%] [Cov:=========================>         72%]
[Progress:============>                 43%] [Cov:=========================>         72%]
[Progress:============>                 43%] [Cov:=========================>         72%]
[Progress:============>                 43%] [Cov:=========================>         72%]
[Progress:============>                 43%] [Cov:=========================>         72%]
[Progress:============>                 43%] [Cov:=========================>         72%]
[Progress:============>                 43%] [Cov:=========================>         72%]
[Progress:============>                 43%] [Cov:=========================>         72%]
[Progress:============>                 43%] [Cov:=========================>         72%]
[Progress:============>                 43%] [Cov:=========================>         72%]
[Progress:============>                 43%] [Cov:=========================>         72%]
[Progress:============>                 43%] [Cov:=========================>         72%]
[Progress:============>                 43%] [Cov:=========================>         72%]
[Progress:============>                 43%] [Cov:=========================>         72%]
[Progress:============>                 43%] [Cov:=========================>         72%]
[Progress:============>                 43%] [Cov:=========================>         72%]
[Progress:============>                 43%] [Cov:=========================>         72%]
[Progress:============>                 43%] [Cov:=========================>         72%]
[Progress:============>                 43%] [Cov:=========================>         72%]
[Progress:============>                 43%] [Cov:=========================>         72%]
[Progress:============>                 43%] [Cov:=========================>         72%]
[Progress:============>                 43%] [Cov:=========================>         72%]
[Progress:============>                 43%] [Cov:=========================>         72%]
[Progress:============>                 43%] [Cov:=========================>         72%]
[Progress:============>                 43%] [Cov:=========================>         72%]
[Progress:============>                 43%] [Cov:=========================>         72%]
[Progress:============>                 43%] [Cov:=========================>         72%]
[Progress:============>                 43%] [Cov:=========================>         72%]
[Progress:============>                 43%] [Cov:=========================>         72%]
[Progress:============>                 43%] [Cov:=========================>         72%]
[Progress:============>                 43%] [Cov:=========================>         72%]
[Progress:============>                 43%] [Cov:=========================>         72%]
[Progress:=============>                44%] [Cov:=========================>         72%]
[Progress:=============>                44%] [Cov:=========================>         72%]
[Progress:=============>                44%] [Cov:=========================>         72%]
[Progress:=============>                44%] [Cov:=========================>         72%]
[Progress:=============>                44%] [Cov:=========================>         72%]
[Progress:=============>                44%] [Cov:=========================>         72%]
[Progress:=============>                44%] [Cov:=========================>         72%]
[Progress:=============>                44%] [Cov:=========================>         72%]
[Progress:=============>                44%] [Cov:=========================>         72%]
[Progress:=============>                44%] [Cov:=========================>         72%]
[Progress:=============>                44%] [Cov:=========================>         72%]
[Progress:=============>                44%] [Cov:=========================>         72%]
[Progress:=============>                44%] [Cov:=========================>         72%]
[Progress:=============>                44%] [Cov:=========================>         72%]
[Progress:=============>                44%] [Cov:=========================>         72%]
[Progress:=============>                44%] [Cov:=========================>         72%]
[Progress:=============>                44%] [Cov:=========================>         72%]
[Progress:=============>                44%] [Cov:=========================>         72%]
[Progress:=============>                44%] [Cov:=========================>         72%]
[Progress:=============>                44%] [Cov:=========================>         72%]
[Progress:=============>                44%] [Cov:=========================>         72%]
[Progress:=============>                44%] [Cov:=========================>         72%]
[Progress:=============>                44%] [Cov:=========================>         72%]
[Progress:=============>                44%] [Cov:=========================>         72%]
[Progress:=============>                44%] [Cov:=========================>         72%]
[Progress:=============>                44%] [Cov:=========================>         72%]
[Progress:=============>                44%] [Cov:=========================>         72%]
[Progress:=============>                44%] [Cov:=========================>         72%]
[Progress:=============>                44%] [Cov:=========================>         72%]
[Progress:=============>                44%] [Cov:=========================>         72%]
[Progress:=============>                44%] [Cov:=========================>         72%]
[Progress:=============>                45%] [Cov:=========================>         72%]
[Progress:=============>                45%] [Cov:=========================>         72%]
[Progress:=============>                45%] [Cov:=========================>         72%]
[Progress:=============>                45%] [Cov:=========================>         72%]
[Progress:=============>                45%] [Cov:=========================>         72%]
[Progress:=============>                45%] [Cov:=========================>         72%]
[Progress:=============>                45%] [Cov:=========================>         72%]
[Progress:=============>                45%] [Cov:=========================>         72%]
[Progress:=============>                45%] [Cov:=========================>         72%]
[Progress:=============>                45%] [Cov:=========================>         72%]
[Progress:=============>                45%] [Cov:=========================>         72%]
[Progress:=============>                45%] [Cov:=========================>         72%]
[Progress:=============>                45%] [Cov:=========================>         72%]
[Progress:=============>                45%] [Cov:=========================>         72%]
[Progress:=============>                45%] [Cov:=========================>         72%]
[Progress:=============>                45%] [Cov:=========================>         72%]
[Progress:=============>                45%] [Cov:=========================>         72%]
[Progress:=============>                45%] [Cov:=========================>         72%]
[Progress:=============>                45%] [Cov:=========================>         72%]
[Progress:=============>                45%] [Cov:=========================>         72%]
[Progress:=============>                45%] [Cov:=========================>         72%]
[Progress:=============>                45%] [Cov:=========================>         72%]
[Progress:=============>                45%] [Cov:=========================>         72%]
[Progress:=============>                45%] [Cov:=========================>         72%]
[Progress:=============>                45%] [Cov:=========================>         72%]
[Progress:=============>                45%] [Cov:=========================>         72%]
[Progress:=============>                45%] [Cov:=========================>         72%]
[Progress:=============>                45%] [Cov:=========================>         72%]
[Progress:=============>                45%] [Cov:=========================>         72%]
[Progress:=============>                45%] [Cov:=========================>         72%]
[Progress:=============>                45%] [Cov:=========================>         72%]
[Progress:=============>                45%] [Cov:=========================>         72%]
[Progress:=============>                45%] [Cov:=========================>         72%]
[Progress:=============>                45%] [Cov:=========================>         72%]
[Progress:=============>                45%] [Cov:=========================>         72%]
[Progress:=============>                45%] [Cov:=========================>         72%]
[Progress:=============>                45%] [Cov:=========================>         72%]
[Progress:=============>                45%] [Cov:=========================>         72%]
[Progress:=============>                45%] [Cov:=========================>         72%]
[Progress:=============>                45%] [Cov:=========================>         72%]
[Progress:=============>                45%] [Cov:=========================>         72%]
[Progress:=============>                45%] [Cov:=========================>         72%]
[Progress:=============>                45%] [Cov:=========================>         72%]
[Progress:=============>                45%] [Cov:=========================>         72%]
[Progress:=============>                45%] [Cov:=========================>         72%]
[Progress:=============>                45%] [Cov:=========================>         72%]
[Progress:=============>                45%] [Cov:=========================>         72%]
[Progress:=============>                45%] [Cov:=========================>         72%]
[Progress:=============>                45%] [Cov:=========================>         72%]
[Progress:=============>                45%] [Cov:=========================>         72%]
[Progress:=============>                45%] [Cov:=========================>         72%]
[Progress:=============>                45%] [Cov:=========================>         72%]
[Progress:=============>                45%] [Cov:=========================>         72%]
[Progress:=============>                45%] [Cov:=========================>         72%]
[Progress:=============>                45%] [Cov:=========================>         72%]
[Progress:=============>                45%] [Cov:=========================>         72%]
[Progress:=============>                45%] [Cov:=========================>         72%]
[Progress:=============>                45%] [Cov:=========================>         72%]
[Progress:=============>                45%] [Cov:=========================>         72%]
[Progress:=============>                45%] [Cov:=========================>         72%]
[Progress:=============>                45%] [Cov:=========================>         72%]
[Progress:=============>                45%] [Cov:=========================>         72%]
[Progress:=============>                45%] [Cov:=========================>         72%]
[Progress:=============>                46%] [Cov:=========================>         72%]
[Progress:=============>                46%] [Cov:=========================>         72%]
[Progress:=============>                46%] [Cov:=========================>         72%]
[Progress:=============>                46%] [Cov:=========================>         72%]
[Progress:=============>                46%] [Cov:=========================>         72%]
[Progress:=============>                46%] [Cov:=========================>         72%]
[Progress:=============>                46%] [Cov:=========================>         72%]
[Progress:=============>                46%] [Cov:=========================>         72%]
[Progress:=============>                46%] [Cov:=========================>         72%]
[Progress:=============>                46%] [Cov:=========================>         72%]
[Progress:=============>                46%] [Cov:=========================>         72%]
[Progress:=============>                46%] [Cov:=========================>         72%]
[Progress:=============>                46%] [Cov:=========================>         72%]
[Progress:=============>                46%] [Cov:=========================>         72%]
[Progress:=============>                46%] [Cov:=========================>         72%]
[Progress:=============>                46%] [Cov:=========================>         72%]
[Progress:=============>                46%] [Cov:=========================>         72%]
[Progress:=============>                46%] [Cov:=========================>         72%]
[Progress:=============>                46%] [Cov:=========================>         72%]
[Progress:=============>                46%] [Cov:=========================>         72%]
[Progress:=============>                46%] [Cov:=========================>         72%]
[Progress:=============>                46%] [Cov:=========================>         72%]
[Progress:=============>                46%] [Cov:=========================>         72%]
[Progress:=============>                46%] [Cov:=========================>         72%]
[Progress:=============>                46%] [Cov:=========================>         72%]
[Progress:=============>                46%] [Cov:=========================>         72%]
[Progress:=============>                46%] [Cov:=========================>         72%]
[Progress:=============>                46%] [Cov:=========================>         72%]
[Progress:=============>                46%] [Cov:=========================>         72%]
[Progress:=============>                46%] [Cov:=========================>         72%]
[Progress:=============>                46%] [Cov:=========================>         72%]
[Progress:=============>                46%] [Cov:=========================>         72%]
[Progress:==============>               47%] [Cov:=========================>         72%]
[Progress:==============>               47%] [Cov:=========================>         72%]
[Progress:==============>               47%] [Cov:=========================>         72%]
[Progress:==============>               47%] [Cov:=========================>         72%]
[Progress:==============>               47%] [Cov:=========================>         72%]
[Progress:==============>               47%] [Cov:=========================>         72%]
[Progress:==============>               47%] [Cov:=========================>         72%]
[Progress:==============>               47%] [Cov:=========================>         72%]
[Progress:==============>               47%] [Cov:=========================>         72%]
[Progress:==============>               47%] [Cov:=========================>         72%]
[Progress:==============>               47%] [Cov:=========================>         72%]
[Progress:==============>               47%] [Cov:=========================>         72%]
[Progress:==============>               47%] [Cov:=========================>         72%]
[Progress:==============>               47%] [Cov:=========================>         72%]
[Progress:==============>               47%] [Cov:=========================>         72%]
[Progress:==============>               47%] [Cov:=========================>         72%]
[Progress:==============>               47%] [Cov:=========================>         72%]
[Progress:==============>               47%] [Cov:=========================>         72%]
[Progress:==============>               47%] [Cov:=========================>         72%]
[Progress:==============>               47%] [Cov:=========================>         72%]
[Progress:==============>               47%] [Cov:=========================>         72%]
[Progress:==============>               47%] [Cov:=========================>         72%]
[Progress:==============>               47%] [Cov:=========================>         72%]
[Progress:==============>               47%] [Cov:=========================>         72%]
[Progress:==============>               47%] [Cov:=========================>         72%]
[Progress:==============>               47%] [Cov:=========================>         72%]
[Progress:==============>               47%] [Cov:=========================>         72%]
[Progress:==============>               47%] [Cov:=========================>         72%]
[Progress:==============>               47%] [Cov:=========================>         72%]
[Progress:==============>               47%] [Cov:=========================>         72%]
[Progress:==============>               48%] [Cov:=========================>         72%]
[Progress:==============>               48%] [Cov:=========================>         72%]
[Progress:==============>               48%] [Cov:=========================>         72%]
[Progress:==============>               48%] [Cov:=========================>         72%]
[Progress:==============>               48%] [Cov:=========================>         72%]
[Progress:==============>               48%] [Cov:=========================>         72%]
[Progress:==============>               48%] [Cov:=========================>         72%]
[Progress:==============>               48%] [Cov:=========================>         72%]
[Progress:==============>               48%] [Cov:=========================>         72%]
[Progress:==============>               48%] [Cov:=========================>         72%]
[Progress:==============>               48%] [Cov:=========================>         72%]
[Progress:==============>               48%] [Cov:=========================>         72%]
[Progress:==============>               48%] [Cov:=========================>         72%]
[Progress:==============>               48%] [Cov:=========================>         72%]
[Progress:==============>               48%] [Cov:=========================>         72%]
[Progress:==============>               48%] [Cov:=========================>         72%]
[Progress:==============>               48%] [Cov:=========================>         72%]
[Progress:==============>               48%] [Cov:=========================>         72%]
[Progress:==============>               48%] [Cov:=========================>         72%]
[Progress:==============>               48%] [Cov:=========================>         72%]
[Progress:==============>               48%] [Cov:=========================>         72%]
[Progress:==============>               48%] [Cov:=========================>         72%]
[Progress:==============>               48%] [Cov:=========================>         72%]
[Progress:==============>               48%] [Cov:=========================>         72%]
[Progress:==============>               48%] [Cov:=========================>         72%]
[Progress:==============>               48%] [Cov:=========================>         72%]
[Progress:==============>               48%] [Cov:=========================>         72%]
[Progress:==============>               48%] [Cov:=========================>         72%]
[Progress:==============>               48%] [Cov:=========================>         72%]
[Progress:==============>               48%] [Cov:=========================>         72%]
[Progress:==============>               48%] [Cov:=========================>         72%]
[Progress:==============>               48%] [Cov:=========================>         72%]
[Progress:==============>               49%] [Cov:=========================>         72%]
[Progress:==============>               49%] [Cov:=========================>         72%]
[Progress:==============>               49%] [Cov:=========================>         72%]
[Progress:==============>               49%] [Cov:=========================>         72%]
[Progress:==============>               49%] [Cov:=========================>         72%]
[Progress:==============>               49%] [Cov:=========================>         72%]
[Progress:==============>               49%] [Cov:=========================>         72%]
[Progress:==============>               49%] [Cov:=========================>         72%]
[Progress:==============>               49%] [Cov:=========================>         72%]
[Progress:==============>               49%] [Cov:=========================>         72%]
[Progress:==============>               49%] [Cov:=========================>         72%]
[Progress:==============>               49%] [Cov:=========================>         72%]
[Progress:==============>               49%] [Cov:=========================>         72%]
[Progress:==============>               49%] [Cov:=========================>         72%]
[Progress:==============>               49%] [Cov:=========================>         72%]
[Progress:==============>               49%] [Cov:=========================>         72%]
[Progress:==============>               49%] [Cov:=========================>         72%]
[Progress:==============>               49%] [Cov:=========================>         72%]
[Progress:==============>               49%] [Cov:=========================>         72%]
[Progress:==============>               49%] [Cov:=========================>         72%]
[Progress:==============>               49%] [Cov:=========================>         72%]
[Progress:==============>               49%] [Cov:=========================>         72%]
[Progress:==============>               49%] [Cov:=========================>         72%]
[Progress:==============>               49%] [Cov:=========================>         72%]
[Progress:==============>               49%] [Cov:=========================>         72%]
[Progress:==============>               49%] [Cov:=========================>         72%]
[Progress:==============>               49%] [Cov:=========================>         72%]
[Progress:==============>               49%] [Cov:=========================>         72%]
[Progress:==============>               49%] [Cov:=========================>         72%]
[Progress:==============>               49%] [Cov:=========================>         72%]
[Progress:==============>               49%] [Cov:=========================>         72%]
[Progress:==============>               49%] [Cov:=========================>         72%]
[Progress:===============>              50%] [Cov:=========================>         72%]
[Progress:===============>              50%] [Cov:=========================>         72%]
[Progress:===============>              50%] [Cov:=========================>         72%]
[Progress:===============>              50%] [Cov:=========================>         72%]
[Progress:===============>              50%] [Cov:=========================>         72%]
[Progress:===============>              50%] [Cov:=========================>         72%]
[Progress:===============>              50%] [Cov:=========================>         72%]
[Progress:===============>              50%] [Cov:=========================>         72%]
[Progress:===============>              50%] [Cov:=========================>         72%]
[Progress:===============>              50%] [Cov:=========================>         72%]
[Progress:===============>              50%] [Cov:=========================>         72%]
[Progress:===============>              50%] [Cov:=========================>         72%]
[Progress:===============>              50%] [Cov:=========================>         72%]
[Progress:===============>              50%] [Cov:=========================>         72%]
[Progress:===============>              50%] [Cov:=========================>         72%]
[Progress:===============>              50%] [Cov:=========================>         72%]
[Progress:===============>              50%] [Cov:=========================>         72%]
[Progress:===============>              50%] [Cov:=========================>         72%]
[Progress:===============>              50%] [Cov:=========================>         72%]
[Progress:===============>              50%] [Cov:=========================>         72%]
[Progress:===============>              50%] [Cov:=========================>         72%]
[Progress:===============>              50%] [Cov:=========================>         72%]
[Progress:===============>              50%] [Cov:=========================>         72%]
[Progress:===============>              50%] [Cov:=========================>         72%]
[Progress:===============>              50%] [Cov:=========================>         72%]
[Progress:===============>              50%] [Cov:=========================>         72%]
[Progress:===============>              50%] [Cov:=========================>         72%]
[Progress:===============>              50%] [Cov:=========================>         72%]
[Progress:===============>              50%] [Cov:=========================>         72%]
[Progress:===============>              50%] [Cov:=========================>         72%]
[Progress:===============>              50%] [Cov:=========================>         72%]
[Progress:===============>              50%] [Cov:=========================>         72%]
[Progress:===============>              50%] [Cov:=========================>         72%]
[Progress:===============>              50%] [Cov:=========================>         72%]
[Progress:===============>              50%] [Cov:=========================>         72%]
[Progress:===============>              50%] [Cov:=========================>         72%]
[Progress:===============>              50%] [Cov:=========================>         72%]
[Progress:===============>              50%] [Cov:=========================>         72%]
[Progress:===============>              50%] [Cov:=========================>         72%]
[Progress:===============>              50%] [Cov:=========================>         72%]
[Progress:===============>              50%] [Cov:=========================>         72%]
[Progress:===============>              50%] [Cov:=========================>         72%]
[Progress:===============>              50%] [Cov:=========================>         72%]
[Progress:===============>              50%] [Cov:=========================>         72%]
[Progress:===============>              50%] [Cov:=========================>         72%]
[Progress:===============>              50%] [Cov:=========================>         72%]
[Progress:===============>              50%] [Cov:=========================>         72%]
[Progress:===============>              50%] [Cov:=========================>         72%]
[Progress:===============>              50%] [Cov:=========================>         72%]
[Progress:===============>              50%] [Cov:=========================>         72%]
[Progress:===============>              50%] [Cov:=========================>         72%]
[Progress:===============>              50%] [Cov:=========================>         72%]
[Progress:===============>              50%] [Cov:=========================>         72%]
[Progress:===============>              50%] [Cov:=========================>         72%]
[Progress:===============>              50%] [Cov:=========================>         72%]
[Progress:===============>              50%] [Cov:=========================>         72%]
[Progress:===============>              50%] [Cov:=========================>         72%]
[Progress:===============>              50%] [Cov:=========================>         72%]
[Progress:===============>              50%] [Cov:=========================>         72%]
[Progress:===============>              50%] [Cov:=========================>         72%]
[Progress:===============>              50%] [Cov:=========================>         72%]
[Progress:===============>              50%] [Cov:=========================>         72%]
[Progress:===============>              50%] [Cov:=========================>         72%]
[Progress:===============>              51%] [Cov:=========================>         72%]
[Progress:===============>              51%] [Cov:=========================>         72%]
[Progress:===============>              51%] [Cov:=========================>         72%]
[Progress:===============>              51%] [Cov:=========================>         72%]
[Progress:===============>              51%] [Cov:=========================>         72%]
[Progress:===============>              51%] [Cov:=========================>         72%]
[Progress:===============>              51%] [Cov:=========================>         72%]
[Progress:===============>              51%] [Cov:=========================>         72%]
[Progress:===============>              51%] [Cov:=========================>         72%]
[Progress:===============>              51%] [Cov:=========================>         72%]
[Progress:===============>              51%] [Cov:=========================>         72%]
[Progress:===============>              51%] [Cov:=========================>         72%]
[Progress:===============>              51%] [Cov:=========================>         72%]
[Progress:===============>              51%] [Cov:=========================>         72%]
[Progress:===============>              51%] [Cov:=========================>         72%]
[Progress:===============>              51%] [Cov:=========================>         72%]
[Progress:===============>              51%] [Cov:=========================>         72%]
[Progress:===============>              51%] [Cov:=========================>         72%]
[Progress:===============>              51%] [Cov:=========================>         72%]
[Progress:===============>              51%] [Cov:=========================>         72%]
[Progress:===============>              51%] [Cov:=========================>         72%]
[Progress:===============>              51%] [Cov:=========================>         72%]
[Progress:===============>              51%] [Cov:=========================>         72%]
[Progress:===============>              51%] [Cov:=========================>         72%]
[Progress:===============>              51%] [Cov:=========================>         72%]
[Progress:===============>              51%] [Cov:=========================>         72%]
[Progress:===============>              51%] [Cov:=========================>         72%]
[Progress:===============>              51%] [Cov:=========================>         72%]
[Progress:===============>              51%] [Cov:=========================>         72%]
[Progress:===============>              51%] [Cov:=========================>         72%]
[Progress:===============>              51%] [Cov:=========================>         72%]
[Progress:===============>              51%] [Cov:=========================>         72%]
[Progress:===============>              51%] [Cov:=========================>         72%]
[Progress:===============>              52%] [Cov:=========================>         72%]
[Progress:===============>              52%] [Cov:=========================>         72%]
[Progress:===============>              52%] [Cov:=========================>         72%]
[Progress:===============>              52%] [Cov:=========================>         72%]
[Progress:===============>              52%] [Cov:=========================>         72%]
[Progress:===============>              52%] [Cov:=========================>         72%]
[Progress:===============>              52%] [Cov:=========================>         72%]
[Progress:===============>              52%] [Cov:=========================>         72%]
[Progress:===============>              52%] [Cov:=========================>         72%]
[Progress:===============>              52%] [Cov:=========================>         72%]
[Progress:===============>              52%] [Cov:=========================>         72%]
[Progress:===============>              52%] [Cov:=========================>         72%]
[Progress:===============>              52%] [Cov:=========================>         72%]
[Progress:===============>              52%] [Cov:=========================>         72%]
[Progress:===============>              52%] [Cov:=========================>         72%]
[Progress:===============>              52%] [Cov:=========================>         72%]
[Progress:===============>              52%] [Cov:=========================>         72%]
[Progress:===============>              52%] [Cov:=========================>         72%]
[Progress:===============>              52%] [Cov:=========================>         72%]
[Progress:===============>              52%] [Cov:=========================>         72%]
[Progress:===============>              52%] [Cov:=========================>         72%]
[Progress:===============>              52%] [Cov:=========================>         72%]
[Progress:===============>              52%] [Cov:=========================>         72%]
[Progress:===============>              52%] [Cov:=========================>         72%]
[Progress:===============>              52%] [Cov:=========================>         72%]
[Progress:===============>              52%] [Cov:=========================>         72%]
[Progress:===============>              52%] [Cov:=========================>         72%]
[Progress:===============>              52%] [Cov:=========================>         72%]
[Progress:===============>              52%] [Cov:=========================>         72%]
[Progress:===============>              52%] [Cov:=========================>         72%]
[Progress:===============>              52%] [Cov:=========================>         72%]
[Progress:===============>              52%] [Cov:=========================>         72%]
[Progress:===============>              52%] [Cov:=========================>         72%]
[Progress:===============>              53%] [Cov:=========================>         72%]
[Progress:===============>              53%] [Cov:=========================>         72%]
[Progress:===============>              53%] [Cov:=========================>         72%]
[Progress:===============>              53%] [Cov:=========================>         72%]
[Progress:===============>              53%] [Cov:=========================>         72%]
[Progress:===============>              53%] [Cov:=========================>         72%]
[Progress:===============>              53%] [Cov:=========================>         72%]
[Progress:===============>              53%] [Cov:=========================>         72%]
[Progress:===============>              53%] [Cov:=========================>         72%]
[Progress:===============>              53%] [Cov:=========================>         72%]
[Progress:===============>              53%] [Cov:=========================>         72%]
[Progress:===============>              53%] [Cov:=========================>         72%]
[Progress:===============>              53%] [Cov:=========================>         72%]
[Progress:===============>              53%] [Cov:=========================>         72%]
[Progress:===============>              53%] [Cov:=========================>         72%]
[Progress:===============>              53%] [Cov:=========================>         72%]
[Progress:===============>              53%] [Cov:=========================>         72%]
[Progress:===============>              53%] [Cov:=========================>         72%]
[Progress:===============>              53%] [Cov:=========================>         72%]
[Progress:===============>              53%] [Cov:=========================>         72%]
[Progress:===============>              53%] [Cov:=========================>         72%]
[Progress:===============>              53%] [Cov:=========================>         72%]
[Progress:===============>              53%] [Cov:=========================>         72%]
[Progress:===============>              53%] [Cov:=========================>         72%]
[Progress:===============>              53%] [Cov:=========================>         72%]
[Progress:===============>              53%] [Cov:=========================>         72%]
[Progress:===============>              53%] [Cov:=========================>         72%]
[Progress:===============>              53%] [Cov:=========================>         72%]
[Progress:===============>              53%] [Cov:=========================>         72%]
[Progress:===============>              53%] [Cov:=========================>         72%]
[Progress:===============>              53%] [Cov:=========================>         72%]
[Progress:===============>              53%] [Cov:=========================>         72%]
[Progress:================>             54%] [Cov:=========================>         72%]
[Progress:================>             54%] [Cov:=========================>         72%]
[Progress:================>             54%] [Cov:=========================>         72%]
[Progress:================>             54%] [Cov:=========================>         72%]
[Progress:================>             54%] [Cov:=========================>         72%]
[Progress:================>             54%] [Cov:=========================>         72%]
[Progress:================>             54%] [Cov:=========================>         72%]
[Progress:================>             54%] [Cov:=========================>         72%]
[Progress:================>             54%] [Cov:=========================>         72%]
[Progress:================>             54%] [Cov:=========================>         72%]
[Progress:================>             54%] [Cov:=========================>         72%]
[Progress:================>             54%] [Cov:=========================>         72%]
[Progress:================>             54%] [Cov:=========================>         72%]
[Progress:================>             54%] [Cov:=========================>         72%]
[Progress:================>             54%] [Cov:=========================>         72%]
[Progress:================>             54%] [Cov:=========================>         72%]
[Progress:================>             54%] [Cov:=========================>         72%]
[Progress:================>             54%] [Cov:=========================>         72%]
[Progress:================>             54%] [Cov:=========================>         72%]
[Progress:================>             54%] [Cov:=========================>         72%]
[Progress:================>             54%] [Cov:=========================>         72%]
[Progress:================>             54%] [Cov:=========================>         72%]
[Progress:================>             54%] [Cov:=========================>         72%]
[Progress:================>             54%] [Cov:=========================>         72%]
[Progress:================>             54%] [Cov:=========================>         72%]
[Progress:================>             54%] [Cov:=========================>         72%]
[Progress:================>             54%] [Cov:=========================>         72%]
[Progress:================>             54%] [Cov:=========================>         72%]
[Progress:================>             54%] [Cov:=========================>         72%]
[Progress:================>             54%] [Cov:=========================>         72%]
[Progress:================>             55%] [Cov:=========================>         72%]
[Progress:================>             55%] [Cov:=========================>         72%]
[Progress:================>             55%] [Cov:=========================>         72%]
[Progress:================>             55%] [Cov:=========================>         72%]
[Progress:================>             55%] [Cov:=========================>         72%]
[Progress:================>             55%] [Cov:=========================>         72%]
[Progress:================>             55%] [Cov:=========================>         72%]
[Progress:================>             55%] [Cov:=========================>         72%]
[Progress:================>             55%] [Cov:=========================>         72%]
[Progress:================>             55%] [Cov:=========================>         72%]
[Progress:================>             55%] [Cov:=========================>         72%]
[Progress:================>             55%] [Cov:=========================>         72%]
[Progress:================>             55%] [Cov:=========================>         72%]
[Progress:================>             55%] [Cov:=========================>         72%]
[Progress:================>             55%] [Cov:=========================>         72%]
[Progress:================>             55%] [Cov:=========================>         72%]
[Progress:================>             55%] [Cov:=========================>         72%]
[Progress:================>             55%] [Cov:=========================>         72%]
[Progress:================>             55%] [Cov:=========================>         72%]
[Progress:================>             55%] [Cov:=========================>         72%]
[Progress:================>             55%] [Cov:=========================>         72%]
[Progress:================>             55%] [Cov:=========================>         72%]
[Progress:================>             55%] [Cov:=========================>         72%]
[Progress:================>             55%] [Cov:=========================>         72%]
[Progress:================>             55%] [Cov:=========================>         72%]
[Progress:================>             55%] [Cov:=========================>         72%]
[Progress:================>             55%] [Cov:=========================>         72%]
[Progress:================>             55%] [Cov:=========================>         72%]
[Progress:================>             55%] [Cov:=========================>         72%]
[Progress:================>             55%] [Cov:=========================>         72%]
[Progress:================>             55%] [Cov:=========================>         72%]
[Progress:================>             55%] [Cov:=========================>         72%]
[Progress:================>             55%] [Cov:=========================>         72%]
[Progress:================>             55%] [Cov:=========================>         72%]
[Progress:================>             55%] [Cov:=========================>         72%]
[Progress:================>             55%] [Cov:=========================>         72%]
[Progress:================>             55%] [Cov:=========================>         72%]
[Progress:================>             55%] [Cov:=========================>         72%]
[Progress:================>             55%] [Cov:=========================>         72%]
[Progress:================>             55%] [Cov:=========================>         72%]
[Progress:================>             55%] [Cov:=========================>         72%]
[Progress:================>             55%] [Cov:=========================>         72%]
[Progress:================>             55%] [Cov:=========================>         72%]
[Progress:================>             55%] [Cov:=========================>         72%]
[Progress:================>             55%] [Cov:=========================>         72%]
[Progress:================>             55%] [Cov:=========================>         72%]
[Progress:================>             55%] [Cov:=========================>         72%]
[Progress:================>             55%] [Cov:=========================>         72%]
[Progress:================>             55%] [Cov:=========================>         72%]
[Progress:================>             55%] [Cov:=========================>         72%]
[Progress:================>             55%] [Cov:=========================>         72%]
[Progress:================>             55%] [Cov:=========================>         72%]
[Progress:================>             55%] [Cov:=========================>         72%]
[Progress:================>             55%] [Cov:=========================>         72%]
[Progress:================>             55%] [Cov:=========================>         72%]
[Progress:================>             55%] [Cov:=========================>         72%]
[Progress:================>             55%] [Cov:=========================>         72%]
[Progress:================>             55%] [Cov:=========================>         72%]
[Progress:================>             55%] [Cov:=========================>         72%]
[Progress:================>             55%] [Cov:=========================>         72%]
[Progress:================>             55%] [Cov:=========================>         72%]
[Progress:================>             55%] [Cov:=========================>         72%]
[Progress:================>             55%] [Cov:=========================>         72%]
[Progress:================>             56%] [Cov:=========================>         72%]
[Progress:================>             56%] [Cov:=========================>         72%]
[Progress:================>             56%] [Cov:=========================>         72%]
[Progress:================>             56%] [Cov:=========================>         72%]
[Progress:================>             56%] [Cov:=========================>         72%]
[Progress:================>             56%] [Cov:=========================>         72%]
[Progress:================>             56%] [Cov:=========================>         72%]
[Progress:================>             56%] [Cov:=========================>         72%]
[Progress:================>             56%] [Cov:=========================>         72%]
[Progress:================>             56%] [Cov:=========================>         72%]
[Progress:================>             56%] [Cov:=========================>         72%]
[Progress:================>             56%] [Cov:=========================>         72%]
[Progress:================>             56%] [Cov:=========================>         72%]
[Progress:================>             56%] [Cov:=========================>         72%]
[Progress:================>             56%] [Cov:=========================>         72%]
[Progress:================>             56%] [Cov:=========================>         72%]
[Progress:================>             56%] [Cov:=========================>         72%]
[Progress:================>             56%] [Cov:=========================>         72%]
[Progress:================>             56%] [Cov:=========================>         72%]
[Progress:================>             56%] [Cov:=========================>         72%]
[Progress:================>             56%] [Cov:=========================>         72%]
[Progress:================>             56%] [Cov:=========================>         72%]
[Progress:================>             56%] [Cov:=========================>         72%]
[Progress:================>             56%] [Cov:=========================>         72%]
[Progress:================>             56%] [Cov:=========================>         72%]
[Progress:================>             56%] [Cov:=========================>         72%]
[Progress:================>             56%] [Cov:=========================>         72%]
[Progress:================>             56%] [Cov:=========================>         72%]
[Progress:================>             56%] [Cov:=========================>         72%]
[Progress:================>             56%] [Cov:=========================>         72%]
[Progress:================>             56%] [Cov:=========================>         72%]
[Progress:================>             56%] [Cov:=========================>         72%]
[Progress:================>             56%] [Cov:=========================>         72%]
[Progress:=================>            57%] [Cov:=========================>         72%]
[Progress:=================>            57%] [Cov:=========================>         72%]
[Progress:=================>            57%] [Cov:=========================>         72%]
[Progress:=================>            57%] [Cov:=========================>         72%]
[Progress:=================>            57%] [Cov:=========================>         72%]
[Progress:=================>            57%] [Cov:=========================>         72%]
[Progress:=================>            57%] [Cov:=========================>         72%]
[Progress:=================>            57%] [Cov:=========================>         72%]
[Progress:=================>            57%] [Cov:=========================>         72%]
[Progress:=================>            57%] [Cov:=========================>         72%]
[Progress:=================>            57%] [Cov:=========================>         72%]
[Progress:=================>            57%] [Cov:=========================>         72%]
[Progress:=================>            57%] [Cov:=========================>         72%]
[Progress:=================>            57%] [Cov:=========================>         72%]
[Progress:=================>            57%] [Cov:=========================>         72%]
[Progress:=================>            57%] [Cov:=========================>         72%]
[Progress:=================>            57%] [Cov:=========================>         72%]
[Progress:=================>            57%] [Cov:=========================>         72%]
[Progress:=================>            57%] [Cov:=========================>         72%]
[Progress:=================>            57%] [Cov:=========================>         72%]
[Progress:=================>            57%] [Cov:=========================>         72%]
[Progress:=================>            57%] [Cov:=========================>         72%]
[Progress:=================>            57%] [Cov:=========================>         72%]
[Progress:=================>            57%] [Cov:=========================>         72%]
[Progress:=================>            57%] [Cov:=========================>         72%]
[Progress:=================>            57%] [Cov:=========================>         72%]
[Progress:=================>            57%] [Cov:=========================>         72%]
[Progress:=================>            57%] [Cov:=========================>         72%]
[Progress:=================>            57%] [Cov:=========================>         72%]
[Progress:=================>            57%] [Cov:=========================>         72%]
[Progress:=================>            57%] [Cov:=========================>         72%]
[Progress:=================>            57%] [Cov:=========================>         72%]
[Progress:=================>            57%] [Cov:=========================>         72%]
[Progress:=================>            58%] [Cov:=========================>         72%]
[Progress:=================>            58%] [Cov:=========================>         72%]
[Progress:=================>            58%] [Cov:=========================>         72%]
[Progress:=================>            58%] [Cov:=========================>         72%]
[Progress:=================>            58%] [Cov:=========================>         72%]
[Progress:=================>            58%] [Cov:=========================>         72%]
[Progress:=================>            58%] [Cov:=========================>         72%]
[Progress:=================>            58%] [Cov:=========================>         72%]
[Progress:=================>            58%] [Cov:=========================>         72%]
[Progress:=================>            58%] [Cov:=========================>         72%]
[Progress:=================>            58%] [Cov:=========================>         72%]
[Progress:=================>            58%] [Cov:=========================>         72%]
[Progress:=================>            58%] [Cov:=========================>         72%]
[Progress:=================>            58%] [Cov:=========================>         72%]
[Progress:=================>            58%] [Cov:=========================>         72%]
[Progress:=================>            58%] [Cov:=========================>         72%]
[Progress:=================>            58%] [Cov:=========================>         72%]
[Progress:=================>            58%] [Cov:=========================>         72%]
[Progress:=================>            58%] [Cov:=========================>         72%]
[Progress:=================>            58%] [Cov:=========================>         72%]
[Progress:=================>            58%] [Cov:=========================>         72%]
[Progress:=================>            58%] [Cov:=========================>         72%]
[Progress:=================>            58%] [Cov:=========================>         72%]
[Progress:=================>            58%] [Cov:=========================>         72%]
[Progress:=================>            58%] [Cov:=========================>         72%]
[Progress:=================>            58%] [Cov:=========================>         72%]
[Progress:=================>            58%] [Cov:=========================>         72%]
[Progress:=================>            58%] [Cov:=========================>         72%]
[Progress:=================>            58%] [Cov:=========================>         72%]
[Progress:=================>            58%] [Cov:=========================>         72%]
[Progress:=================>            58%] [Cov:=========================>         72%]
[Progress:=================>            58%] [Cov:=========================>         72%]
[Progress:=================>            58%] [Cov:=========================>         72%]
[Progress:=================>            59%] [Cov:=========================>         72%]
[Progress:=================>            59%] [Cov:=========================>         72%]
[Progress:=================>            59%] [Cov:=========================>         72%]
[Progress:=================>            59%] [Cov:=========================>         72%]
[Progress:=================>            59%] [Cov:=========================>         72%]
[Progress:=================>            59%] [Cov:=========================>         72%]
[Progress:=================>            59%] [Cov:=========================>         72%]
[Progress:=================>            59%] [Cov:=========================>         72%]
[Progress:=================>            59%] [Cov:=========================>         72%]
[Progress:=================>            59%] [Cov:=========================>         72%]
[Progress:=================>            59%] [Cov:=========================>         72%]
[Progress:=================>            59%] [Cov:=========================>         72%]
[Progress:=================>            59%] [Cov:=========================>         72%]
[Progress:=================>            59%] [Cov:=========================>         72%]
[Progress:=================>            59%] [Cov:=========================>         72%]
[Progress:=================>            59%] [Cov:=========================>         72%]
[Progress:=================>            59%] [Cov:=========================>         72%]
[Progress:=================>            59%] [Cov:=========================>         72%]
[Progress:=================>            59%] [Cov:=========================>         72%]
[Progress:=================>            59%] [Cov:=========================>         72%]
[Progress:=================>            59%] [Cov:=========================>         72%]
[Progress:=================>            59%] [Cov:=========================>         72%]
[Progress:=================>            59%] [Cov:=========================>         72%]
[Progress:=================>            59%] [Cov:=========================>         72%]
[Progress:=================>            59%] [Cov:=========================>         72%]
[Progress:=================>            59%] [Cov:=========================>         72%]
[Progress:=================>            59%] [Cov:=========================>         72%]
[Progress:=================>            59%] [Cov:=========================>         72%]
[Progress:=================>            59%] [Cov:=========================>         72%]
[Progress:=================>            59%] [Cov:=========================>         72%]
[Progress:=================>            59%] [Cov:=========================>         72%]
[Progress:=================>            59%] [Cov:=========================>         72%]
[Progress:=================>            59%] [Cov:=========================>         72%]
[Progress:==================>           60%] [Cov:=========================>         72%]
[Progress:==================>           60%] [Cov:=========================>         72%]
[Progress:==================>           60%] [Cov:=========================>         72%]
[Progress:==================>           60%] [Cov:=========================>         72%]
[Progress:==================>           60%] [Cov:=========================>         72%]
[Progress:==================>           60%] [Cov:=========================>         72%]
[Progress:==================>           60%] [Cov:=========================>         72%]
[Progress:==================>           60%] [Cov:=========================>         72%]
[Progress:==================>           60%] [Cov:=========================>         72%]
[Progress:==================>           60%] [Cov:=========================>         72%]
[Progress:==================>           60%] [Cov:=========================>         72%]
[Progress:==================>           60%] [Cov:=========================>         72%]
[Progress:==================>           60%] [Cov:=========================>         72%]
[Progress:==================>           60%] [Cov:=========================>         72%]
[Progress:==================>           60%] [Cov:=========================>         72%]
[Progress:==================>           60%] [Cov:=========================>         72%]
[Progress:==================>           60%] [Cov:=========================>         72%]
[Progress:==================>           60%] [Cov:=========================>         72%]
[Progress:==================>           60%] [Cov:=========================>         72%]
[Progress:==================>           60%] [Cov:=========================>         72%]
[Progress:==================>           60%] [Cov:=========================>         72%]
[Progress:==================>           60%] [Cov:=========================>         72%]
[Progress:==================>           60%] [Cov:=========================>         72%]
[Progress:==================>           60%] [Cov:=========================>         72%]
[Progress:==================>           60%] [Cov:=========================>         72%]
[Progress:==================>           60%] [Cov:=========================>         72%]
[Progress:==================>           60%] [Cov:=========================>         72%]
[Progress:==================>           60%] [Cov:=========================>         72%]
[Progress:==================>           60%] [Cov:=========================>         72%]
[Progress:==================>           60%] [Cov:=========================>         72%]
[Progress:==================>           60%] [Cov:=========================>         72%]
[Progress:==================>           60%] [Cov:=========================>         72%]
[Progress:==================>           60%] [Cov:=========================>         72%]
[Progress:==================>           60%] [Cov:=========================>         72%]
[Progress:==================>           60%] [Cov:=========================>         72%]
[Progress:==================>           60%] [Cov:=========================>         72%]
[Progress:==================>           60%] [Cov:=========================>         72%]
[Progress:==================>           60%] [Cov:=========================>         72%]
[Progress:==================>           60%] [Cov:=========================>         72%]
[Progress:==================>           60%] [Cov:=========================>         72%]
[Progress:==================>           60%] [Cov:=========================>         72%]
[Progress:==================>           60%] [Cov:=========================>         72%]
[Progress:==================>           60%] [Cov:=========================>         72%]
[Progress:==================>           60%] [Cov:=========================>         72%]
[Progress:==================>           60%] [Cov:=========================>         72%]
[Progress:==================>           60%] [Cov:=========================>         72%]
[Progress:==================>           60%] [Cov:=========================>         72%]
[Progress:==================>           60%] [Cov:=========================>         72%]
[Progress:==================>           60%] [Cov:=========================>         72%]
[Progress:==================>           60%] [Cov:=========================>         72%]
[Progress:==================>           60%] [Cov:=========================>         72%]
[Progress:==================>           60%] [Cov:=========================>         72%]
[Progress:==================>           60%] [Cov:=========================>         72%]
[Progress:==================>           60%] [Cov:=========================>         72%]
[Progress:==================>           60%] [Cov:=========================>         72%]
[Progress:==================>           60%] [Cov:=========================>         72%]
[Progress:==================>           60%] [Cov:=========================>         72%]
[Progress:==================>           60%] [Cov:=========================>         72%]
[Progress:==================>           60%] [Cov:=========================>         72%]
[Progress:==================>           60%] [Cov:=========================>         72%]
[Progress:==================>           60%] [Cov:=========================>         72%]
[Progress:==================>           60%] [Cov:=========================>         72%]
[Progress:==================>           60%] [Cov:=========================>         72%]
[Progress:==================>           60%] [Cov:=========================>         72%]
[Progress:==================>           60%] [Cov:=========================>         72%]
[Progress:==================>           60%] [Cov:=========================>         72%]
[Progress:==================>           61%] [Cov:=========================>         72%]
[Progress:==================>           61%] [Cov:=========================>         72%]
[Progress:==================>           61%] [Cov:=========================>         72%]
[Progress:==================>           61%] [Cov:=========================>         72%]
[Progress:==================>           61%] [Cov:=========================>         72%]
[Progress:==================>           61%] [Cov:=========================>         72%]
[Progress:==================>           61%] [Cov:=========================>         72%]
[Progress:==================>           61%] [Cov:=========================>         72%]
[Progress:==================>           61%] [Cov:=========================>         72%]
[Progress:==================>           61%] [Cov:=========================>         72%]
[Progress:==================>           61%] [Cov:=========================>         72%]
[Progress:==================>           61%] [Cov:=========================>         72%]
[Progress:==================>           61%] [Cov:=========================>         72%]
[Progress:==================>           61%] [Cov:=========================>         72%]
[Progress:==================>           61%] [Cov:=========================>         72%]
[Progress:==================>           61%] [Cov:=========================>         72%]
[Progress:==================>           61%] [Cov:=========================>         72%]
[Progress:==================>           61%] [Cov:=========================>         72%]
[Progress:==================>           61%] [Cov:=========================>         72%]
[Progress:==================>           61%] [Cov:=========================>         72%]
[Progress:==================>           61%] [Cov:=========================>         72%]
[Progress:==================>           61%] [Cov:=========================>         72%]
[Progress:==================>           61%] [Cov:=========================>         72%]
[Progress:==================>           61%] [Cov:=========================>         72%]
[Progress:==================>           61%] [Cov:=========================>         72%]
[Progress:==================>           61%] [Cov:=========================>         72%]
[Progress:==================>           61%] [Cov:=========================>         72%]
[Progress:==================>           61%] [Cov:=========================>         72%]
[Progress:==================>           61%] [Cov:=========================>         72%]
[Progress:==================>           61%] [Cov:=========================>         72%]
[Progress:==================>           61%] [Cov:=========================>         72%]
[Progress:==================>           61%] [Cov:=========================>         72%]
[Progress:==================>           61%] [Cov:=========================>         72%]
[Progress:==================>           62%] [Cov:=========================>         72%]
[Progress:==================>           62%] [Cov:=========================>         72%]
[Progress:==================>           62%] [Cov:=========================>         72%]
[Progress:==================>           62%] [Cov:=========================>         72%]
[Progress:==================>           62%] [Cov:=========================>         72%]
[Progress:==================>           62%] [Cov:=========================>         72%]
[Progress:==================>           62%] [Cov:=========================>         72%]
[Progress:==================>           62%] [Cov:=========================>         72%]
[Progress:==================>           62%] [Cov:=========================>         72%]
[Progress:==================>           62%] [Cov:=========================>         72%]
[Progress:==================>           62%] [Cov:=========================>         72%]
[Progress:==================>           62%] [Cov:=========================>         72%]
[Progress:==================>           62%] [Cov:=========================>         72%]
[Progress:==================>           62%] [Cov:=========================>         72%]
[Progress:==================>           62%] [Cov:=========================>         72%]
[Progress:==================>           62%] [Cov:=========================>         72%]
[Progress:==================>           62%] [Cov:=========================>         72%]
[Progress:==================>           62%] [Cov:=========================>         72%]
[Progress:==================>           62%] [Cov:=========================>         72%]
[Progress:==================>           62%] [Cov:=========================>         72%]
[Progress:==================>           62%] [Cov:=========================>         72%]
[Progress:==================>           62%] [Cov:=========================>         72%]
[Progress:==================>           62%] [Cov:=========================>         72%]
[Progress:==================>           62%] [Cov:=========================>         72%]
[Progress:==================>           62%] [Cov:=========================>         72%]
[Progress:==================>           62%] [Cov:=========================>         72%]
[Progress:==================>           62%] [Cov:=========================>         72%]
[Progress:==================>           62%] [Cov:=========================>         72%]
[Progress:==================>           62%] [Cov:=========================>         72%]
[Progress:==================>           62%] [Cov:=========================>         72%]
[Progress:==================>           62%] [Cov:=========================>         72%]
[Progress:==================>           62%] [Cov:=========================>         72%]
[Progress:==================>           62%] [Cov:=========================>         72%]
[Progress:==================>           63%] [Cov:=========================>         72%]
[Progress:==================>           63%] [Cov:=========================>         72%]
[Progress:==================>           63%] [Cov:=========================>         72%]
[Progress:==================>           63%] [Cov:=========================>         72%]
[Progress:==================>           63%] [Cov:=========================>         72%]
[Progress:==================>           63%] [Cov:=========================>         72%]
[Progress:==================>           63%] [Cov:=========================>         72%]
[Progress:==================>           63%] [Cov:=========================>         72%]
[Progress:==================>           63%] [Cov:=========================>         72%]
[Progress:==================>           63%] [Cov:=========================>         72%]
[Progress:==================>           63%] [Cov:=========================>         72%]
[Progress:==================>           63%] [Cov:=========================>         72%]
[Progress:==================>           63%] [Cov:=========================>         72%]
[Progress:==================>           63%] [Cov:=========================>         72%]
[Progress:==================>           63%] [Cov:=========================>         72%]
[Progress:==================>           63%] [Cov:=========================>         72%]
[Progress:==================>           63%] [Cov:=========================>         72%]
[Progress:==================>           63%] [Cov:=========================>         72%]
[Progress:==================>           63%] [Cov:=========================>         72%]
[Progress:==================>           63%] [Cov:=========================>         72%]
[Progress:==================>           63%] [Cov:=========================>         72%]
[Progress:==================>           63%] [Cov:=========================>         72%]
[Progress:==================>           63%] [Cov:=========================>         72%]
[Progress:==================>           63%] [Cov:=========================>         72%]
[Progress:==================>           63%] [Cov:=========================>         72%]
[Progress:==================>           63%] [Cov:=========================>         72%]
[Progress:==================>           63%] [Cov:=========================>         72%]
[Progress:==================>           63%] [Cov:=========================>         72%]
[Progress:==================>           63%] [Cov:=========================>         72%]
[Progress:==================>           63%] [Cov:=========================>         72%]
[Progress:==================>           63%] [Cov:=========================>         72%]
[Progress:==================>           63%] [Cov:=========================>         72%]
[Progress:===================>          64%] [Cov:=========================>         72%]
[Progress:===================>          64%] [Cov:=========================>         72%]
[Progress:===================>          64%] [Cov:=========================>         72%]
[Progress:===================>          64%] [Cov:=========================>         72%]
[Progress:===================>          64%] [Cov:=========================>         72%]
[Progress:===================>          64%] [Cov:=========================>         72%]
[Progress:===================>          64%] [Cov:=========================>         72%]
[Progress:===================>          64%] [Cov:=========================>         72%]
[Progress:===================>          64%] [Cov:=========================>         72%]
[Progress:===================>          64%] [Cov:=========================>         72%]
[Progress:===================>          64%] [Cov:=========================>         72%]
[Progress:===================>          64%] [Cov:=========================>         72%]
[Progress:===================>          64%] [Cov:=========================>         72%]
[Progress:===================>          64%] [Cov:=========================>         72%]
[Progress:===================>          64%] [Cov:=========================>         72%]
[Progress:===================>          64%] [Cov:=========================>         72%]
[Progress:===================>          64%] [Cov:=========================>         72%]
[Progress:===================>          64%] [Cov:=========================>         72%]
[Progress:===================>          64%] [Cov:=========================>         72%]
[Progress:===================>          64%] [Cov:=========================>         72%]
[Progress:===================>          64%] [Cov:=========================>         72%]
[Progress:===================>          64%] [Cov:=========================>         72%]
[Progress:===================>          64%] [Cov:=========================>         72%]
[Progress:===================>          64%] [Cov:=========================>         72%]
[Progress:===================>          64%] [Cov:=========================>         72%]
[Progress:===================>          64%] [Cov:=========================>         72%]
[Progress:===================>          64%] [Cov:=========================>         72%]
[Progress:===================>          64%] [Cov:=========================>         72%]
[Progress:===================>          64%] [Cov:=========================>         72%]
[Progress:===================>          64%] [Cov:=========================>         72%]
[Progress:===================>          64%] [Cov:=========================>         72%]
[Progress:===================>          64%] [Cov:=========================>         72%]
[Progress:===================>          64%] [Cov:=========================>         72%]
[Progress:===================>          64%] [Cov:=========================>         72%]
[Progress:===================>          65%] [Cov:=========================>         72%]
[Progress:===================>          65%] [Cov:=========================>         72%]
[Progress:===================>          65%] [Cov:=========================>         72%]
[Progress:===================>          65%] [Cov:=========================>         72%]
[Progress:===================>          65%] [Cov:=========================>         72%]
[Progress:===================>          65%] [Cov:=========================>         72%]
[Progress:===================>          65%] [Cov:=========================>         72%]
[Progress:===================>          65%] [Cov:=========================>         72%]
[Progress:===================>          65%] [Cov:=========================>         72%]
[Progress:===================>          65%] [Cov:=========================>         72%]
[Progress:===================>          65%] [Cov:=========================>         72%]
[Progress:===================>          65%] [Cov:=========================>         72%]
[Progress:===================>          65%] [Cov:=========================>         72%]
[Progress:===================>          65%] [Cov:=========================>         72%]
[Progress:===================>          65%] [Cov:=========================>         72%]
[Progress:===================>          65%] [Cov:=========================>         72%]
[Progress:===================>          65%] [Cov:=========================>         72%]
[Progress:===================>          65%] [Cov:=========================>         72%]
[Progress:===================>          65%] [Cov:=========================>         72%]
[Progress:===================>          65%] [Cov:=========================>         72%]
[Progress:===================>          65%] [Cov:=========================>         72%]
[Progress:===================>          65%] [Cov:=========================>         72%]
[Progress:===================>          65%] [Cov:=========================>         72%]
[Progress:===================>          65%] [Cov:=========================>         72%]
[Progress:===================>          65%] [Cov:=========================>         72%]
[Progress:===================>          65%] [Cov:=========================>         72%]
[Progress:===================>          65%] [Cov:=========================>         72%]
[Progress:===================>          65%] [Cov:=========================>         72%]
[Progress:===================>          65%] [Cov:=========================>         72%]
[Progress:===================>          65%] [Cov:=========================>         72%]
[Progress:===================>          65%] [Cov:=========================>         72%]
[Progress:===================>          65%] [Cov:=========================>         72%]
[Progress:===================>          65%] [Cov:=========================>         72%]
[Progress:===================>          65%] [Cov:=========================>         72%]
[Progress:===================>          65%] [Cov:=========================>         72%]
[Progress:===================>          65%] [Cov:=========================>         72%]
[Progress:===================>          65%] [Cov:=========================>         72%]
[Progress:===================>          65%] [Cov:=========================>         72%]
[Progress:===================>          65%] [Cov:=========================>         72%]
[Progress:===================>          65%] [Cov:=========================>         72%]
[Progress:===================>          65%] [Cov:=========================>         72%]
[Progress:===================>          65%] [Cov:=========================>         72%]
[Progress:===================>          65%] [Cov:=========================>         72%]
[Progress:===================>          65%] [Cov:=========================>         72%]
[Progress:===================>          65%] [Cov:=========================>         72%]
[Progress:===================>          65%] [Cov:=========================>         72%]
[Progress:===================>          65%] [Cov:=========================>         72%]
[Progress:===================>          65%] [Cov:=========================>         72%]
[Progress:===================>          65%] [Cov:=========================>         72%]
[Progress:===================>          65%] [Cov:=========================>         72%]
[Progress:===================>          65%] [Cov:=========================>         72%]
[Progress:===================>          65%] [Cov:=========================>         72%]
[Progress:===================>          65%] [Cov:=========================>         72%]
[Progress:===================>          65%] [Cov:=========================>         72%]
[Progress:===================>          65%] [Cov:=========================>         72%]
[Progress:===================>          65%] [Cov:=========================>         72%]
[Progress:===================>          65%] [Cov:=========================>         72%]
[Progress:===================>          65%] [Cov:=========================>         72%]
[Progress:===================>          65%] [Cov:=========================>         72%]
[Progress:===================>          65%] [Cov:=========================>         72%]
[Progress:===================>          65%] [Cov:=========================>         72%]
[Progress:===================>          65%] [Cov:=========================>         72%]
[Progress:===================>          65%] [Cov:=========================>         72%]
[Progress:===================>          65%] [Cov:=========================>         72%]
[Progress:===================>          66%] [Cov:=========================>         72%]
[Progress:===================>          66%] [Cov:=========================>         72%]
[Progress:===================>          66%] [Cov:=========================>         72%]
[Progress:===================>          66%] [Cov:=========================>         72%]
[Progress:===================>          66%] [Cov:=========================>         72%]
[Progress:===================>          66%] [Cov:=========================>         72%]
[Progress:===================>          66%] [Cov:=========================>         72%]
[Progress:===================>          66%] [Cov:=========================>         72%]
[Progress:===================>          66%] [Cov:=========================>         72%]
[Progress:===================>          66%] [Cov:=========================>         72%]
[Progress:===================>          66%] [Cov:=========================>         72%]
[Progress:===================>          66%] [Cov:=========================>         72%]
[Progress:===================>          66%] [Cov:=========================>         72%]
[Progress:===================>          66%] [Cov:=========================>         72%]
[Progress:===================>          66%] [Cov:=========================>         72%]
[Progress:===================>          66%] [Cov:=========================>         72%]
[Progress:===================>          66%] [Cov:=========================>         72%]
[Progress:===================>          66%] [Cov:=========================>         72%]
[Progress:===================>          66%] [Cov:=========================>         72%]
[Progress:===================>          66%] [Cov:=========================>         72%]
[Progress:===================>          66%] [Cov:=========================>         72%]
[Progress:===================>          66%] [Cov:=========================>         72%]
[Progress:===================>          66%] [Cov:=========================>         72%]
[Progress:===================>          66%] [Cov:=========================>         72%]
[Progress:===================>          66%] [Cov:=========================>         72%]
[Progress:===================>          66%] [Cov:=========================>         72%]
[Progress:===================>          66%] [Cov:=========================>         72%]
[Progress:===================>          66%] [Cov:=========================>         72%]
[Progress:===================>          66%] [Cov:=========================>         72%]
[Progress:===================>          66%] [Cov:=========================>         72%]
[Progress:===================>          66%] [Cov:=========================>         72%]
[Progress:===================>          66%] [Cov:=========================>         72%]
[Progress:===================>          66%] [Cov:=========================>         72%]
[Progress:===================>          66%] [Cov:=========================>         72%]
[Progress:====================>         67%] [Cov:=========================>         72%]
[Progress:====================>         67%] [Cov:=========================>         72%]
[Progress:====================>         67%] [Cov:=========================>         72%]
[Progress:====================>         67%] [Cov:=========================>         72%]
[Progress:====================>         67%] [Cov:=========================>         72%]
[Progress:====================>         67%] [Cov:=========================>         72%]
[Progress:====================>         67%] [Cov:=========================>         72%]
[Progress:====================>         67%] [Cov:=========================>         72%]
[Progress:====================>         67%] [Cov:=========================>         72%]
[Progress:====================>         67%] [Cov:=========================>         72%]
[Progress:====================>         67%] [Cov:=========================>         72%]
[Progress:====================>         67%] [Cov:=========================>         72%]
[Progress:====================>         67%] [Cov:=========================>         72%]
[Progress:====================>         67%] [Cov:=========================>         72%]
[Progress:====================>         67%] [Cov:=========================>         72%]
[Progress:====================>         67%] [Cov:=========================>         72%]
[Progress:====================>         67%] [Cov:=========================>         72%]
[Progress:====================>         67%] [Cov:=========================>         72%]
[Progress:====================>         67%] [Cov:=========================>         72%]
[Progress:====================>         67%] [Cov:=========================>         72%]
[Progress:====================>         67%] [Cov:=========================>         72%]
[Progress:====================>         67%] [Cov:=========================>         72%]
[Progress:====================>         67%] [Cov:=========================>         72%]
[Progress:====================>         67%] [Cov:=========================>         72%]
[Progress:====================>         67%] [Cov:=========================>         72%]
[Progress:====================>         67%] [Cov:=========================>         72%]
[Progress:====================>         67%] [Cov:=========================>         72%]
[Progress:====================>         67%] [Cov:=========================>         72%]
[Progress:====================>         67%] [Cov:=========================>         72%]
[Progress:====================>         67%] [Cov:=========================>         72%]
[Progress:====================>         67%] [Cov:=========================>         72%]
[Progress:====================>         67%] [Cov:=========================>         72%]
[Progress:====================>         67%] [Cov:=========================>         72%]
[Progress:====================>         67%] [Cov:=========================>         72%]
[Progress:====================>         67%] [Cov:=========================>         72%]
[Progress:====================>         68%] [Cov:=========================>         72%]
[Progress:====================>         68%] [Cov:=========================>         72%]
[Progress:====================>         68%] [Cov:=========================>         72%]
[Progress:====================>         68%] [Cov:=========================>         72%]
[Progress:====================>         68%] [Cov:=========================>         72%]
[Progress:====================>         68%] [Cov:=========================>         72%]
[Progress:====================>         68%] [Cov:=========================>         72%]
[Progress:====================>         68%] [Cov:=========================>         72%]
[Progress:====================>         68%] [Cov:=========================>         72%]
[Progress:====================>         68%] [Cov:=========================>         72%]
[Progress:====================>         68%] [Cov:=========================>         72%]
[Progress:====================>         68%] [Cov:=========================>         72%]
[Progress:====================>         68%] [Cov:=========================>         72%]
[Progress:====================>         68%] [Cov:=========================>         72%]
[Progress:====================>         68%] [Cov:=========================>         72%]
[Progress:====================>         68%] [Cov:=========================>         72%]
[Progress:====================>         68%] [Cov:=========================>         72%]
[Progress:====================>         68%] [Cov:=========================>         72%]
[Progress:====================>         68%] [Cov:=========================>         72%]
[Progress:====================>         68%] [Cov:=========================>         72%]
[Progress:====================>         68%] [Cov:=========================>         72%]
[Progress:====================>         68%] [Cov:=========================>         72%]
[Progress:====================>         68%] [Cov:=========================>         72%]
[Progress:====================>         68%] [Cov:=========================>         72%]
[Progress:====================>         68%] [Cov:=========================>         72%]
[Progress:====================>         68%] [Cov:=========================>         72%]
[Progress:====================>         68%] [Cov:=========================>         72%]
[Progress:====================>         68%] [Cov:=========================>         72%]
[Progress:====================>         68%] [Cov:=========================>         72%]
[Progress:====================>         68%] [Cov:=========================>         72%]
[Progress:====================>         68%] [Cov:=========================>         72%]
[Progress:====================>         68%] [Cov:=========================>         72%]
[Progress:====================>         68%] [Cov:=========================>         72%]
[Progress:====================>         68%] [Cov:=========================>         72%]
[Progress:====================>         69%] [Cov:=========================>         72%]
[Progress:====================>         69%] [Cov:=========================>         72%]
[Progress:====================>         69%] [Cov:=========================>         72%]
[Progress:====================>         69%] [Cov:=========================>         72%]
[Progress:====================>         69%] [Cov:=========================>         72%]
[Progress:====================>         69%] [Cov:=========================>         72%]
[Progress:====================>         69%] [Cov:=========================>         72%]
[Progress:====================>         69%] [Cov:=========================>         72%]
[Progress:====================>         69%] [Cov:=========================>         72%]
[Progress:====================>         69%] [Cov:=========================>         72%]
[Progress:====================>         69%] [Cov:=========================>         72%]
[Progress:====================>         69%] [Cov:=========================>         72%]
[Progress:====================>         69%] [Cov:=========================>         72%]
[Progress:====================>         69%] [Cov:=========================>         72%]
[Progress:====================>         69%] [Cov:=========================>         72%]
[Progress:====================>         69%] [Cov:=========================>         72%]
[Progress:====================>         69%] [Cov:=========================>         72%]
[Progress:====================>         69%] [Cov:=========================>         72%]
[Progress:====================>         69%] [Cov:=========================>         72%]
[Progress:====================>         69%] [Cov:=========================>         72%]
[Progress:====================>         69%] [Cov:=========================>         72%]
[Progress:====================>         69%] [Cov:=========================>         72%]
[Progress:====================>         69%] [Cov:=========================>         72%]
[Progress:====================>         69%] [Cov:=========================>         72%]
[Progress:====================>         69%] [Cov:=========================>         72%]
[Progress:====================>         69%] [Cov:=========================>         72%]
[Progress:====================>         69%] [Cov:=========================>         72%]
[Progress:====================>         69%] [Cov:=========================>         72%]
[Progress:====================>         69%] [Cov:=========================>         72%]
[Progress:====================>         69%] [Cov:=========================>         72%]
[Progress:====================>         69%] [Cov:=========================>         72%]
[Progress:====================>         69%] [Cov:=========================>         72%]
[Progress:====================>         69%] [Cov:=========================>         72%]
[Progress:====================>         69%] [Cov:=========================>         72%]
[Progress:====================>         69%] [Cov:=========================>         72%]
[Progress:====================>         69%] [Cov:=========================>         72%]
[Progress:=====================>        70%] [Cov:=========================>         72%]
[Progress:=====================>        70%] [Cov:=========================>         72%]
[Progress:=====================>        70%] [Cov:=========================>         72%]
[Progress:=====================>        70%] [Cov:=========================>         72%]
[Progress:=====================>        70%] [Cov:=========================>         72%]
[Progress:=====================>        70%] [Cov:=========================>         72%]
[Progress:=====================>        70%] [Cov:=========================>         72%]
[Progress:=====================>        70%] [Cov:=========================>         72%]
[Progress:=====================>        70%] [Cov:=========================>         72%]
[Progress:=====================>        70%] [Cov:=========================>         72%]
[Progress:=====================>        70%] [Cov:=========================>         72%]
[Progress:=====================>        70%] [Cov:=========================>         72%]
[Progress:=====================>        70%] [Cov:=========================>         72%]
[Progress:=====================>        70%] [Cov:=========================>         72%]
[Progress:=====================>        70%] [Cov:=========================>         72%]
[Progress:=====================>        70%] [Cov:=========================>         72%]
[Progress:=====================>        70%] [Cov:=========================>         72%]
[Progress:=====================>        70%] [Cov:=========================>         72%]
[Progress:=====================>        70%] [Cov:=========================>         72%]
[Progress:=====================>        70%] [Cov:=========================>         72%]
[Progress:=====================>        70%] [Cov:=========================>         72%]
[Progress:=====================>        70%] [Cov:=========================>         72%]
[Progress:=====================>        70%] [Cov:=========================>         72%]
[Progress:=====================>        70%] [Cov:=========================>         72%]
[Progress:=====================>        70%] [Cov:=========================>         72%]
[Progress:=====================>        70%] [Cov:=========================>         72%]
[Progress:=====================>        70%] [Cov:=========================>         72%]
[Progress:=====================>        70%] [Cov:=========================>         72%]
[Progress:=====================>        70%] [Cov:=========================>         72%]
[Progress:=====================>        70%] [Cov:=========================>         72%]
[Progress:=====================>        70%] [Cov:=========================>         72%]
[Progress:=====================>        70%] [Cov:=========================>         72%]
[Progress:=====================>        70%] [Cov:=========================>         72%]
[Progress:=====================>        70%] [Cov:=========================>         72%]
[Progress:=====================>        70%] [Cov:=========================>         72%]
[Progress:=====================>        70%] [Cov:=========================>         72%]
[Progress:=====================>        70%] [Cov:=========================>         72%]
[Progress:=====================>        70%] [Cov:=========================>         72%]
[Progress:=====================>        70%] [Cov:=========================>         72%]
[Progress:=====================>        70%] [Cov:=========================>         72%]
[Progress:=====================>        70%] [Cov:=========================>         72%]
[Progress:=====================>        70%] [Cov:=========================>         72%]
[Progress:=====================>        70%] [Cov:=========================>         72%]
[Progress:=====================>        70%] [Cov:=========================>         72%]
[Progress:=====================>        70%] [Cov:=========================>         72%]
[Progress:=====================>        70%] [Cov:=========================>         72%]
[Progress:=====================>        70%] [Cov:=========================>         72%]
[Progress:=====================>        70%] [Cov:=========================>         72%]
[Progress:=====================>        70%] [Cov:=========================>         72%]
[Progress:=====================>        70%] [Cov:=========================>         72%]
[Progress:=====================>        70%] [Cov:=========================>         72%]
[Progress:=====================>        70%] [Cov:=========================>         72%]
[Progress:=====================>        70%] [Cov:=========================>         72%]
[Progress:=====================>        70%] [Cov:=========================>         72%]
[Progress:=====================>        70%] [Cov:=========================>         72%]
[Progress:=====================>        70%] [Cov:=========================>         72%]
[Progress:=====================>        70%] [Cov:=========================>         72%]
[Progress:=====================>        70%] [Cov:=========================>         72%]
[Progress:=====================>        70%] [Cov:=========================>         72%]
[Progress:=====================>        70%] [Cov:=========================>         72%]
[Progress:=====================>        70%] [Cov:=========================>         72%]
[Progress:=====================>        70%] [Cov:=========================>         72%]
[Progress:=====================>        70%] [Cov:=========================>         72%]
[Progress:=====================>        70%] [Cov:=========================>         72%]
[Progress:=====================>        70%] [Cov:=========================>         72%]
[Progress:=====================>        70%] [Cov:=========================>         72%]
[Progress:=====================>        70%] [Cov:=========================>         72%]
[Progress:=====================>        71%] [Cov:=========================>         72%]
[Progress:=====================>        71%] [Cov:=========================>         72%]
[Progress:=====================>        71%] [Cov:=========================>         72%]
[Progress:=====================>        71%] [Cov:=========================>         72%]
[Progress:=====================>        71%] [Cov:=========================>         72%]
[Progress:=====================>        71%] [Cov:=========================>         72%]
[Progress:=====================>        71%] [Cov:=========================>         72%]
[Progress:=====================>        71%] [Cov:=========================>         72%]
[Progress:=====================>        71%] [Cov:=========================>         72%]
[Progress:=====================>        71%] [Cov:=========================>         72%]
[Progress:=====================>        71%] [Cov:=========================>         72%]
[Progress:=====================>        71%] [Cov:=========================>         72%]
[Progress:=====================>        71%] [Cov:=========================>         72%]
[Progress:=====================>        71%] [Cov:=========================>         72%]
[Progress:=====================>        71%] [Cov:=========================>         72%]
[Progress:=====================>        71%] [Cov:=========================>         72%]
[Progress:=====================>        71%] [Cov:=========================>         72%]
[Progress:=====================>        71%] [Cov:=========================>         72%]
[Progress:=====================>        71%] [Cov:=========================>         72%]
[Progress:=====================>        71%] [Cov:=========================>         72%]
[Progress:=====================>        71%] [Cov:=========================>         72%]
[Progress:=====================>        71%] [Cov:=========================>         72%]
[Progress:=====================>        71%] [Cov:=========================>         72%]
[Progress:=====================>        71%] [Cov:=========================>         72%]
[Progress:=====================>        71%] [Cov:=========================>         72%]
[Progress:=====================>        71%] [Cov:=========================>         72%]
[Progress:=====================>        71%] [Cov:=========================>         72%]
[Progress:=====================>        71%] [Cov:=========================>         72%]
[Progress:=====================>        71%] [Cov:=========================>         72%]
[Progress:=====================>        71%] [Cov:=========================>         72%]
[Progress:=====================>        71%] [Cov:=========================>         72%]
[Progress:=====================>        71%] [Cov:=========================>         72%]
[Progress:=====================>        71%] [Cov:=========================>         72%]
[Progress:=====================>        72%] [Cov:=========================>         72%]
[Progress:=====================>        72%] [Cov:=========================>         72%]
[Progress:=====================>        72%] [Cov:=========================>         72%]
[Progress:=====================>        72%] [Cov:=========================>         72%]
[Progress:=====================>        72%] [Cov:=========================>         72%]
[Progress:=====================>        72%] [Cov:=========================>         72%]
[Progress:=====================>        72%] [Cov:=========================>         72%]
[Progress:=====================>        72%] [Cov:=========================>         72%]
[Progress:=====================>        72%] [Cov:=========================>         72%]
[Progress:=====================>        72%] [Cov:=========================>         72%]
[Progress:=====================>        72%] [Cov:=========================>         72%]
[Progress:=====================>        72%] [Cov:=========================>         72%]
[Progress:=====================>        72%] [Cov:=========================>         72%]
[Progress:=====================>        72%] [Cov:=========================>         72%]
[Progress:=====================>        72%] [Cov:=========================>         72%]
[Progress:=====================>        72%] [Cov:=========================>         72%]
[Progress:=====================>        72%] [Cov:=========================>         72%]
[Progress:=====================>        72%] [Cov:=========================>         72%]
[Progress:=====================>        72%] [Cov:=========================>         72%]
[Progress:=====================>        72%] [Cov:=========================>         72%]
[Progress:=====================>        72%] [Cov:=========================>         72%]
[Progress:=====================>        72%] [Cov:=========================>         72%]
[Progress:=====================>        72%] [Cov:=========================>         72%]
[Progress:=====================>        72%] [Cov:=========================>         72%]
[Progress:=====================>        72%] [Cov:=========================>         72%]
[Progress:=====================>        72%] [Cov:=========================>         72%]
[Progress:=====================>        72%] [Cov:=========================>         72%]
[Progress:=====================>        72%] [Cov:=========================>         72%]
[Progress:=====================>        72%] [Cov:=========================>         72%]
[Progress:=====================>        72%] [Cov:=========================>         72%]
[Progress:=====================>        72%] [Cov:=========================>         72%]
[Progress:=====================>        72%] [Cov:=========================>         72%]
[Progress:=====================>        72%] [Cov:=========================>         72%]
[Progress:=====================>        73%] [Cov:=========================>         72%]
[Progress:=====================>        73%] [Cov:=========================>         72%]
[Progress:=====================>        73%] [Cov:=========================>         72%]
[Progress:=====================>        73%] [Cov:=========================>         72%]
[Progress:=====================>        73%] [Cov:=========================>         72%]
[Progress:=====================>        73%] [Cov:=========================>         72%]
[Progress:=====================>        73%] [Cov:=========================>         72%]
[Progress:=====================>        73%] [Cov:=========================>         72%]
[Progress:=====================>        73%] [Cov:=========================>         72%]
[Progress:=====================>        73%] [Cov:=========================>         72%]
[Progress:=====================>        73%] [Cov:=========================>         72%]
[Progress:=====================>        73%] [Cov:=========================>         72%]
[Progress:=====================>        73%] [Cov:=========================>         72%]
[Progress:=====================>        73%] [Cov:=========================>         72%]
[Progress:=====================>        73%] [Cov:=========================>         72%]
[Progress:=====================>        73%] [Cov:=========================>         72%]
[Progress:=====================>        73%] [Cov:=========================>         72%]
[Progress:=====================>        73%] [Cov:=========================>         72%]
[Progress:=====================>        73%] [Cov:=========================>         72%]
[Progress:=====================>        73%] [Cov:=========================>         72%]
[Progress:=====================>        73%] [Cov:=========================>         72%]
[Progress:=====================>        73%] [Cov:=========================>         72%]
[Progress:=====================>        73%] [Cov:=========================>         72%]
[Progress:=====================>        73%] [Cov:=========================>         72%]
[Progress:=====================>        73%] [Cov:=========================>         72%]
[Progress:=====================>        73%] [Cov:=========================>         72%]
[Progress:=====================>        73%] [Cov:=========================>         72%]
[Progress:=====================>        73%] [Cov:=========================>         72%]
[Progress:=====================>        73%] [Cov:=========================>         72%]
[Progress:=====================>        73%] [Cov:=========================>         72%]
[Progress:=====================>        73%] [Cov:=========================>         72%]
[Progress:=====================>        73%] [Cov:=========================>         72%]
[Progress:=====================>        73%] [Cov:=========================>         72%]
[Progress:=====================>        73%] [Cov:=========================>         72%]
[Progress:======================>       74%] [Cov:=========================>         72%]
[Progress:======================>       74%] [Cov:=========================>         72%]
[Progress:======================>       74%] [Cov:=========================>         72%]
[Progress:======================>       74%] [Cov:=========================>         72%]
[Progress:======================>       74%] [Cov:=========================>         72%]
[Progress:======================>       74%] [Cov:=========================>         72%]
[Progress:======================>       74%] [Cov:=========================>         72%]
[Progress:======================>       74%] [Cov:=========================>         72%]
[Progress:======================>       74%] [Cov:=========================>         72%]
[Progress:======================>       74%] [Cov:=========================>         72%]
[Progress:======================>       74%] [Cov:=========================>         72%]
[Progress:======================>       74%] [Cov:=========================>         72%]
[Progress:======================>       74%] [Cov:=========================>         72%]
[Progress:======================>       74%] [Cov:=========================>         72%]
[Progress:======================>       74%] [Cov:=========================>         72%]
[Progress:======================>       74%] [Cov:=========================>         72%]
[Progress:======================>       74%] [Cov:=========================>         72%]
[Progress:======================>       74%] [Cov:=========================>         72%]
[Progress:======================>       74%] [Cov:=========================>         72%]
[Progress:======================>       74%] [Cov:=========================>         72%]
[Progress:======================>       74%] [Cov:=========================>         72%]
[Progress:======================>       74%] [Cov:=========================>         72%]
[Progress:======================>       74%] [Cov:=========================>         72%]
[Progress:======================>       74%] [Cov:=========================>         72%]
[Progress:======================>       74%] [Cov:=========================>         72%]
[Progress:======================>       74%] [Cov:=========================>         72%]
[Progress:======================>       74%] [Cov:=========================>         72%]
[Progress:======================>       74%] [Cov:=========================>         72%]
[Progress:======================>       74%] [Cov:=========================>         72%]
[Progress:======================>       74%] [Cov:=========================>         72%]
[Progress:======================>       74%] [Cov:=========================>         72%]
[Progress:======================>       74%] [Cov:=========================>         72%]
[Progress:======================>       74%] [Cov:=========================>         72%]
[Progress:======================>       75%] [Cov:=========================>         72%]
[Progress:======================>       75%] [Cov:=========================>         72%]
[Progress:======================>       75%] [Cov:=========================>         72%]
[Progress:======================>       75%] [Cov:=========================>         72%]
[Progress:======================>       75%] [Cov:=========================>         72%]
[Progress:======================>       75%] [Cov:=========================>         72%]
[Progress:======================>       75%] [Cov:=========================>         72%]
[Progress:======================>       75%] [Cov:=========================>         72%]
[Progress:======================>       75%] [Cov:=========================>         72%]
[Progress:======================>       75%] [Cov:=========================>         72%]
[Progress:======================>       75%] [Cov:=========================>         72%]
[Progress:======================>       75%] [Cov:=========================>         72%]
[Progress:======================>       75%] [Cov:=========================>         72%]
[Progress:======================>       75%] [Cov:=========================>         72%]
[Progress:======================>       75%] [Cov:=========================>         72%]
[Progress:======================>       75%] [Cov:=========================>         72%]
[Progress:======================>       75%] [Cov:=========================>         72%]
[Progress:======================>       75%] [Cov:=========================>         72%]
[Progress:======================>       75%] [Cov:=========================>         72%]
[Progress:======================>       75%] [Cov:=========================>         72%]
[Progress:======================>       75%] [Cov:=========================>         72%]
[Progress:======================>       75%] [Cov:=========================>         72%]
[Progress:======================>       75%] [Cov:=========================>         72%]
[Progress:======================>       75%] [Cov:=========================>         72%]
[Progress:======================>       75%] [Cov:=========================>         72%]
[Progress:======================>       75%] [Cov:=========================>         72%]
[Progress:======================>       75%] [Cov:=========================>         72%]
[Progress:======================>       75%] [Cov:=========================>         72%]
[Progress:======================>       75%] [Cov:=========================>         72%]
[Progress:======================>       75%] [Cov:=========================>         72%]
[Progress:======================>       75%] [Cov:=========================>         72%]
[Progress:======================>       75%] [Cov:=========================>         72%]
[Progress:======================>       75%] [Cov:=========================>         72%]
[Progress:======================>       75%] [Cov:=========================>         72%]
[Progress:======================>       75%] [Cov:=========================>         72%]
[Progress:======================>       75%] [Cov:=========================>         72%]
[Progress:======================>       75%] [Cov:=========================>         72%]
[Progress:======================>       75%] [Cov:=========================>         72%]
[Progress:======================>       75%] [Cov:=========================>         72%]
[Progress:======================>       75%] [Cov:=========================>         72%]
[Progress:======================>       75%] [Cov:=========================>         72%]
[Progress:======================>       75%] [Cov:=========================>         72%]
[Progress:======================>       75%] [Cov:=========================>         72%]
[Progress:======================>       75%] [Cov:=========================>         72%]
[Progress:======================>       75%] [Cov:=========================>         72%]
[Progress:======================>       75%] [Cov:=========================>         72%]
[Progress:======================>       75%] [Cov:=========================>         72%]
[Progress:======================>       75%] [Cov:=========================>         72%]
[Progress:======================>       75%] [Cov:=========================>         72%]
[Progress:======================>       75%] [Cov:=========================>         72%]
[Progress:======================>       75%] [Cov:=========================>         72%]
[Progress:======================>       75%] [Cov:=========================>         72%]
[Progress:======================>       75%] [Cov:=========================>         72%]
[Progress:======================>       75%] [Cov:=========================>         72%]
[Progress:======================>       75%] [Cov:=========================>         72%]
[Progress:======================>       75%] [Cov:=========================>         72%]
[Progress:======================>       75%] [Cov:=========================>         72%]
[Progress:======================>       75%] [Cov:=========================>         72%]
[Progress:======================>       75%] [Cov:=========================>         72%]
[Progress:======================>       75%] [Cov:=========================>         72%]
[Progress:======================>       75%] [Cov:=========================>         72%]
[Progress:======================>       75%] [Cov:=========================>         72%]
[Progress:======================>       75%] [Cov:=========================>         72%]
[Progress:======================>       75%] [Cov:=========================>         72%]
[Progress:======================>       75%] [Cov:=========================>         72%]
[Progress:======================>       75%] [Cov:=========================>         72%]
[Progress:======================>       75%] [Cov:=========================>         72%]
[Progress:======================>       75%] [Cov:=========================>         72%]
[Progress:======================>       76%] [Cov:=========================>         72%]
[Progress:======================>       76%] [Cov:=========================>         72%]
[Progress:======================>       76%] [Cov:=========================>         72%]
[Progress:======================>       76%] [Cov:=========================>         72%]
[Progress:======================>       76%] [Cov:=========================>         72%]
[Progress:======================>       76%] [Cov:=========================>         72%]
[Progress:======================>       76%] [Cov:=========================>         72%]
[Progress:======================>       76%] [Cov:=========================>         72%]
[Progress:======================>       76%] [Cov:=========================>         72%]
[Progress:======================>       76%] [Cov:=========================>         72%]
[Progress:======================>       76%] [Cov:=========================>         72%]
[Progress:======================>       76%] [Cov:=========================>         72%]
[Progress:======================>       76%] [Cov:=========================>         72%]
[Progress:======================>       76%] [Cov:=========================>         72%]
[Progress:======================>       76%] [Cov:=========================>         72%]
[Progress:======================>       76%] [Cov:=========================>         72%]
[Progress:======================>       76%] [Cov:=========================>         72%]
[Progress:======================>       76%] [Cov:=========================>         72%]
[Progress:======================>       76%] [Cov:=========================>         72%]
[Progress:======================>       76%] [Cov:=========================>         72%]
[Progress:======================>       76%] [Cov:=========================>         72%]
[Progress:======================>       76%] [Cov:=========================>         72%]
[Progress:======================>       76%] [Cov:=========================>         72%]
[Progress:======================>       76%] [Cov:=========================>         72%]
[Progress:======================>       76%] [Cov:=========================>         72%]
[Progress:======================>       76%] [Cov:=========================>         72%]
[Progress:======================>       76%] [Cov:=========================>         72%]
[Progress:======================>       76%] [Cov:=========================>         72%]
[Progress:======================>       76%] [Cov:=========================>         72%]
[Progress:======================>       76%] [Cov:=========================>         72%]
[Progress:======================>       76%] [Cov:=========================>         72%]
[Progress:======================>       76%] [Cov:=========================>         72%]
[Progress:=======================>      77%] [Cov:=========================>         72%]
[Progress:=======================>      77%] [Cov:=========================>         72%]
[Progress:=======================>      77%] [Cov:=========================>         72%]
[Progress:=======================>      77%] [Cov:=========================>         72%]
[Progress:=======================>      77%] [Cov:=========================>         72%]
[Progress:=======================>      77%] [Cov:=========================>         72%]
[Progress:=======================>      77%] [Cov:=========================>         72%]
[Progress:=======================>      77%] [Cov:=========================>         72%]
[Progress:=======================>      77%] [Cov:=========================>         72%]
[Progress:=======================>      77%] [Cov:=========================>         72%]
[Progress:=======================>      77%] [Cov:=========================>         72%]
[Progress:=======================>      77%] [Cov:=========================>         72%]
[Progress:=======================>      77%] [Cov:=========================>         72%]
[Progress:=======================>      77%] [Cov:=========================>         72%]
[Progress:=======================>      77%] [Cov:=========================>         72%]
[Progress:=======================>      77%] [Cov:=========================>         72%]
[Progress:=======================>      77%] [Cov:=========================>         72%]
[Progress:=======================>      77%] [Cov:=========================>         72%]
[Progress:=======================>      77%] [Cov:=========================>         72%]
[Progress:=======================>      77%] [Cov:=========================>         72%]
[Progress:=======================>      77%] [Cov:=========================>         72%]
[Progress:=======================>      77%] [Cov:=========================>         72%]
[Progress:=======================>      77%] [Cov:=========================>         72%]
[Progress:=======================>      77%] [Cov:=========================>         72%]
[Progress:=======================>      77%] [Cov:=========================>         72%]
[Progress:=======================>      77%] [Cov:=========================>         72%]
[Progress:=======================>      77%] [Cov:=========================>         72%]
[Progress:=======================>      77%] [Cov:=========================>         72%]
[Progress:=======================>      77%] [Cov:=========================>         72%]
[Progress:=======================>      77%] [Cov:=========================>         72%]
[Progress:=======================>      77%] [Cov:=========================>         72%]
[Progress:=======================>      77%] [Cov:=========================>         72%]
[Progress:=======================>      77%] [Cov:=========================>         72%]
[Progress:=======================>      77%] [Cov:=========================>         72%]
[Progress:=======================>      78%] [Cov:=========================>         72%]
[Progress:=======================>      78%] [Cov:=========================>         72%]
[Progress:=======================>      78%] [Cov:=========================>         72%]
[Progress:=======================>      78%] [Cov:=========================>         72%]
[Progress:=======================>      78%] [Cov:=========================>         72%]
[Progress:=======================>      78%] [Cov:=========================>         72%]
[Progress:=======================>      78%] [Cov:=========================>         72%]
[Progress:=======================>      78%] [Cov:=========================>         72%]
[Progress:=======================>      78%] [Cov:=========================>         72%]
[Progress:=======================>      78%] [Cov:=========================>         72%]
[Progress:=======================>      78%] [Cov:=========================>         72%]
[Progress:=======================>      78%] [Cov:=========================>         72%]
[Progress:=======================>      78%] [Cov:=========================>         72%]
[Progress:=======================>      78%] [Cov:=========================>         72%]
[Progress:=======================>      78%] [Cov:=========================>         72%]
[Progress:=======================>      78%] [Cov:=========================>         72%]
[Progress:=======================>      78%] [Cov:=========================>         72%]
[Progress:=======================>      78%] [Cov:=========================>         72%]
[Progress:=======================>      78%] [Cov:=========================>         72%]
[Progress:=======================>      78%] [Cov:=========================>         72%]
[Progress:=======================>      78%] [Cov:=========================>         72%]
[Progress:=======================>      78%] [Cov:=========================>         72%]
[Progress:=======================>      78%] [Cov:=========================>         72%]
[Progress:=======================>      78%] [Cov:=========================>         72%]
[Progress:=======================>      78%] [Cov:=========================>         72%]
[Progress:=======================>      78%] [Cov:=========================>         72%]
[Progress:=======================>      78%] [Cov:=========================>         72%]
[Progress:=======================>      78%] [Cov:=========================>         72%]
[Progress:=======================>      78%] [Cov:=========================>         72%]
[Progress:=======================>      78%] [Cov:=========================>         72%]
[Progress:=======================>      78%] [Cov:=========================>         72%]
[Progress:=======================>      78%] [Cov:=========================>         72%]
[Progress:=======================>      78%] [Cov:=========================>         72%]
[Progress:=======================>      78%] [Cov:=========================>         72%]
[Progress:=======================>      79%] [Cov:=========================>         72%]
[Progress:=======================>      79%] [Cov:=========================>         72%]
[Progress:=======================>      79%] [Cov:=========================>         72%]
[Progress:=======================>      79%] [Cov:=========================>         72%]
[Progress:=======================>      79%] [Cov:=========================>         72%]
[Progress:=======================>      79%] [Cov:=========================>         72%]
[Progress:=======================>      79%] [Cov:=========================>         72%]
[Progress:=======================>      79%] [Cov:=========================>         72%]
[Progress:=======================>      79%] [Cov:=========================>         72%]
[Progress:=======================>      79%] [Cov:=========================>         72%]
[Progress:=======================>      79%] [Cov:=========================>         72%]
[Progress:=======================>      79%] [Cov:=========================>         72%]
[Progress:=======================>      79%] [Cov:=========================>         72%]
[Progress:=======================>      79%] [Cov:=========================>         72%]
[Progress:=======================>      79%] [Cov:=========================>         72%]
[Progress:=======================>      79%] [Cov:=========================>         72%]
[Progress:=======================>      79%] [Cov:=========================>         72%]
[Progress:=======================>      79%] [Cov:=========================>         72%]
[Progress:=======================>      79%] [Cov:=========================>         72%]
[Progress:=======================>      79%] [Cov:=========================>         72%]
[Progress:=======================>      79%] [Cov:=========================>         72%]
[Progress:=======================>      79%] [Cov:=========================>         72%]
[Progress:=======================>      79%] [Cov:=========================>         72%]
[Progress:=======================>      79%] [Cov:=========================>         72%]
[Progress:=======================>      79%] [Cov:=========================>         72%]
[Progress:=======================>      79%] [Cov:=========================>         72%]
[Progress:=======================>      79%] [Cov:=========================>         72%]
[Progress:=======================>      79%] [Cov:=========================>         72%]
[Progress:=======================>      79%] [Cov:=========================>         72%]
[Progress:=======================>      79%] [Cov:=========================>         72%]
[Progress:=======================>      79%] [Cov:=========================>         72%]
[Progress:=======================>      79%] [Cov:=========================>         72%]
[Progress:=======================>      79%] [Cov:=========================>         72%]
[Progress:========================>     80%] [Cov:=========================>         72%]
[Progress:========================>     80%] [Cov:=========================>         72%]
[Progress:========================>     80%] [Cov:=========================>         72%]
[Progress:========================>     80%] [Cov:=========================>         72%]
[Progress:========================>     80%] [Cov:=========================>         72%]
[Progress:========================>     80%] [Cov:=========================>         72%]
[Progress:========================>     80%] [Cov:=========================>         72%]
[Progress:========================>     80%] [Cov:=========================>         72%]
[Progress:========================>     80%] [Cov:=========================>         72%]
[Progress:========================>     80%] [Cov:=========================>         72%]
[Progress:========================>     80%] [Cov:=========================>         72%]
[Progress:========================>     80%] [Cov:=========================>         72%]
[Progress:========================>     80%] [Cov:=========================>         72%]
[Progress:========================>     80%] [Cov:=========================>         72%]
[Progress:========================>     80%] [Cov:=========================>         72%]
[Progress:========================>     80%] [Cov:=========================>         72%]
[Progress:========================>     80%] [Cov:=========================>         72%]
[Progress:========================>     80%] [Cov:=========================>         72%]
[Progress:========================>     80%] [Cov:=========================>         72%]
[Progress:========================>     80%] [Cov:=========================>         72%]
[Progress:========================>     80%] [Cov:=========================>         72%]
[Progress:========================>     80%] [Cov:=========================>         72%]
[Progress:========================>     80%] [Cov:=========================>         72%]
[Progress:========================>     80%] [Cov:=========================>         72%]
[Progress:========================>     80%] [Cov:=========================>         72%]
[Progress:========================>     80%] [Cov:=========================>         72%]
[Progress:========================>     80%] [Cov:=========================>         72%]
[Progress:========================>     80%] [Cov:=========================>         72%]
[Progress:========================>     80%] [Cov:=========================>         72%]
[Progress:========================>     80%] [Cov:=========================>         72%]
[Progress:========================>     80%] [Cov:=========================>         72%]
[Progress:========================>     80%] [Cov:=========================>         72%]
[Progress:========================>     80%] [Cov:=========================>         72%]
[Progress:========================>     80%] [Cov:=========================>         72%]
[Progress:========================>     80%] [Cov:=========================>         72%]
[Progress:========================>     80%] [Cov:=========================>         72%]
[Progress:========================>     80%] [Cov:=========================>         72%]
[Progress:========================>     80%] [Cov:=========================>         72%]
[Progress:========================>     80%] [Cov:=========================>         72%]
[Progress:========================>     80%] [Cov:=========================>         72%]
[Progress:========================>     80%] [Cov:=========================>         72%]
[Progress:========================>     80%] [Cov:=========================>         72%]
[Progress:========================>     80%] [Cov:=========================>         72%]
[Progress:========================>     80%] [Cov:=========================>         72%]
[Progress:========================>     80%] [Cov:=========================>         72%]
[Progress:========================>     80%] [Cov:=========================>         72%]
[Progress:========================>     80%] [Cov:=========================>         72%]
[Progress:========================>     80%] [Cov:=========================>         72%]
[Progress:========================>     80%] [Cov:=========================>         72%]
[Progress:========================>     80%] [Cov:=========================>         72%]
[Progress:========================>     80%] [Cov:=========================>         72%]
[Progress:========================>     80%] [Cov:=========================>         72%]
[Progress:========================>     80%] [Cov:=========================>         72%]
[Progress:========================>     80%] [Cov:=========================>         72%]
[Progress:========================>     80%] [Cov:=========================>         72%]
[Progress:========================>     80%] [Cov:=========================>         72%]
[Progress:========================>     80%] [Cov:=========================>         72%]
[Progress:========================>     80%] [Cov:=========================>         72%]
[Progress:========================>     80%] [Cov:=========================>         72%]
[Progress:========================>     80%] [Cov:=========================>         72%]
[Progress:========================>     80%] [Cov:=========================>         72%]
[Progress:========================>     80%] [Cov:=========================>         72%]
[Progress:========================>     80%] [Cov:=========================>         72%]
[Progress:========================>     80%] [Cov:=========================>         72%]
[Progress:========================>     80%] [Cov:=========================>         72%]
[Progress:========================>     81%] [Cov:=========================>         72%]
[Progress:========================>     81%] [Cov:=========================>         72%]
[Progress:========================>     81%] [Cov:=========================>         72%]
[Progress:========================>     81%] [Cov:=========================>         72%]
[Progress:========================>     81%] [Cov:=========================>         72%]
[Progress:========================>     81%] [Cov:=========================>         72%]
[Progress:========================>     81%] [Cov:=========================>         72%]
[Progress:========================>     81%] [Cov:=========================>         72%]
[Progress:========================>     81%] [Cov:=========================>         72%]
[Progress:========================>     81%] [Cov:=========================>         72%]
[Progress:========================>     81%] [Cov:=========================>         72%]
[Progress:========================>     81%] [Cov:=========================>         72%]
[Progress:========================>     81%] [Cov:=========================>         72%]
[Progress:========================>     81%] [Cov:=========================>         72%]
[Progress:========================>     81%] [Cov:=========================>         72%]
[Progress:========================>     81%] [Cov:=========================>         72%]
[Progress:========================>     81%] [Cov:=========================>         72%]
[Progress:========================>     81%] [Cov:=========================>         72%]
[Progress:========================>     81%] [Cov:=========================>         72%]
[Progress:========================>     81%] [Cov:=========================>         72%]
[Progress:========================>     81%] [Cov:=========================>         72%]
[Progress:========================>     81%] [Cov:=========================>         72%]
[Progress:========================>     81%] [Cov:=========================>         72%]
[Progress:========================>     81%] [Cov:=========================>         72%]
[Progress:========================>     81%] [Cov:=========================>         72%]
[Progress:========================>     81%] [Cov:=========================>         72%]
[Progress:========================>     81%] [Cov:=========================>         72%]
[Progress:========================>     81%] [Cov:=========================>         72%]
[Progress:========================>     81%] [Cov:=========================>         72%]
[Progress:========================>     81%] [Cov:=========================>         72%]
[Progress:========================>     81%] [Cov:=========================>         72%]
[Progress:========================>     81%] [Cov:=========================>         72%]
[Progress:========================>     81%] [Cov:=========================>         72%]
[Progress:========================>     81%] [Cov:=========================>         72%]
[Progress:========================>     82%] [Cov:=========================>         72%]
[Progress:========================>     82%] [Cov:=========================>         72%]
[Progress:========================>     82%] [Cov:=========================>         72%]
[Progress:========================>     82%] [Cov:=========================>         72%]
[Progress:========================>     82%] [Cov:=========================>         72%]
[Progress:========================>     82%] [Cov:=========================>         72%]
[Progress:========================>     82%] [Cov:=========================>         72%]
[Progress:========================>     82%] [Cov:=========================>         72%]
[Progress:========================>     82%] [Cov:=========================>         72%]
[Progress:========================>     82%] [Cov:=========================>         72%]
[Progress:========================>     82%] [Cov:=========================>         72%]
[Progress:========================>     82%] [Cov:=========================>         72%]
[Progress:========================>     82%] [Cov:=========================>         72%]
[Progress:========================>     82%] [Cov:=========================>         72%]
[Progress:========================>     82%] [Cov:=========================>         72%]
[Progress:========================>     82%] [Cov:=========================>         72%]
[Progress:========================>     82%] [Cov:=========================>         72%]
[Progress:========================>     82%] [Cov:=========================>         72%]
[Progress:========================>     82%] [Cov:=========================>         72%]
[Progress:========================>     82%] [Cov:=========================>         72%]
[Progress:========================>     82%] [Cov:=========================>         72%]
[Progress:========================>     82%] [Cov:=========================>         72%]
[Progress:========================>     82%] [Cov:=========================>         72%]
[Progress:========================>     82%] [Cov:=========================>         72%]
[Progress:========================>     82%] [Cov:=========================>         72%]
[Progress:========================>     82%] [Cov:=========================>         72%]
[Progress:========================>     82%] [Cov:=========================>         72%]
[Progress:========================>     82%] [Cov:=========================>         72%]
[Progress:========================>     82%] [Cov:=========================>         72%]
[Progress:========================>     82%] [Cov:=========================>         72%]
[Progress:========================>     82%] [Cov:=========================>         72%]
[Progress:========================>     82%] [Cov:=========================>         72%]
[Progress:========================>     82%] [Cov:=========================>         72%]
[Progress:========================>     82%] [Cov:=========================>         72%]
[Progress:========================>     83%] [Cov:=========================>         72%]
[Progress:========================>     83%] [Cov:=========================>         72%]
[Progress:========================>     83%] [Cov:=========================>         72%]
[Progress:========================>     83%] [Cov:=========================>         72%]
[Progress:========================>     83%] [Cov:=========================>         72%]
[Progress:========================>     83%] [Cov:=========================>         72%]
[Progress:========================>     83%] [Cov:=========================>         72%]
[Progress:========================>     83%] [Cov:=========================>         72%]
[Progress:========================>     83%] [Cov:=========================>         72%]
[Progress:========================>     83%] [Cov:=========================>         72%]
[Progress:========================>     83%] [Cov:=========================>         72%]
[Progress:========================>     83%] [Cov:=========================>         72%]
[Progress:========================>     83%] [Cov:=========================>         72%]
[Progress:========================>     83%] [Cov:=========================>         72%]
[Progress:========================>     83%] [Cov:=========================>         72%]
[Progress:========================>     83%] [Cov:=========================>         72%]
[Progress:========================>     83%] [Cov:=========================>         72%]
[Progress:========================>     83%] [Cov:=========================>         72%]
[Progress:========================>     83%] [Cov:=========================>         72%]
[Progress:========================>     83%] [Cov:=========================>         72%]
[Progress:========================>     83%] [Cov:=========================>         72%]
[Progress:========================>     83%] [Cov:=========================>         72%]
[Progress:========================>     83%] [Cov:=========================>         72%]
[Progress:========================>     83%] [Cov:=========================>         72%]
[Progress:========================>     83%] [Cov:=========================>         72%]
[Progress:========================>     83%] [Cov:=========================>         72%]
[Progress:========================>     83%] [Cov:=========================>         72%]
[Progress:========================>     83%] [Cov:=========================>         72%]
[Progress:========================>     83%] [Cov:=========================>         72%]
[Progress:========================>     83%] [Cov:=========================>         72%]
[Progress:========================>     83%] [Cov:=========================>         72%]
[Progress:========================>     83%] [Cov:=========================>         72%]
[Progress:========================>     83%] [Cov:=========================>         72%]
[Progress:========================>     83%] [Cov:=========================>         72%]
[Progress:=========================>    84%] [Cov:=========================>         72%]
[Progress:=========================>    84%] [Cov:=========================>         72%]
[Progress:=========================>    84%] [Cov:=========================>         72%]
[Progress:=========================>    84%] [Cov:=========================>         72%]
[Progress:=========================>    84%] [Cov:=========================>         72%]
[Progress:=========================>    84%] [Cov:=========================>         72%]
[Progress:=========================>    84%] [Cov:=========================>         72%]
[Progress:=========================>    84%] [Cov:=========================>         72%]
[Progress:=========================>    84%] [Cov:=========================>         72%]
[Progress:=========================>    84%] [Cov:=========================>         72%]
[Progress:=========================>    84%] [Cov:=========================>         72%]
[Progress:=========================>    84%] [Cov:=========================>         72%]
[Progress:=========================>    84%] [Cov:=========================>         72%]
[Progress:=========================>    84%] [Cov:=========================>         72%]
[Progress:=========================>    84%] [Cov:=========================>         72%]
[Progress:=========================>    84%] [Cov:=========================>         72%]
[Progress:=========================>    84%] [Cov:=========================>         72%]
[Progress:=========================>    84%] [Cov:=========================>         72%]
[Progress:=========================>    84%] [Cov:=========================>         72%]
[Progress:=========================>    84%] [Cov:=========================>         72%]
[Progress:=========================>    84%] [Cov:=========================>         72%]
[Progress:=========================>    84%] [Cov:=========================>         72%]
[Progress:=========================>    84%] [Cov:=========================>         72%]
[Progress:=========================>    84%] [Cov:=========================>         72%]
[Progress:=========================>    84%] [Cov:=========================>         72%]
[Progress:=========================>    84%] [Cov:=========================>         72%]
[Progress:=========================>    84%] [Cov:=========================>         72%]
[Progress:=========================>    84%] [Cov:=========================>         72%]
[Progress:=========================>    84%] [Cov:=========================>         72%]
[Progress:=========================>    84%] [Cov:=========================>         72%]
[Progress:=========================>    84%] [Cov:=========================>         72%]
[Progress:=========================>    84%] [Cov:=========================>         72%]
[Progress:=========================>    84%] [Cov:=========================>         72%]
[Progress:=========================>    85%] [Cov:=========================>         72%]
[Progress:=========================>    85%] [Cov:=========================>         72%]
[Progress:=========================>    85%] [Cov:=========================>         72%]
[Progress:=========================>    85%] [Cov:=========================>         72%]
[Progress:=========================>    85%] [Cov:=========================>         72%]
[Progress:=========================>    85%] [Cov:=========================>         72%]
[Progress:=========================>    85%] [Cov:=========================>         72%]
[Progress:=========================>    85%] [Cov:=========================>         72%]
[Progress:=========================>    85%] [Cov:=========================>         72%]
[Progress:=========================>    85%] [Cov:=========================>         72%]
[Progress:=========================>    85%] [Cov:=========================>         72%]
[Progress:=========================>    85%] [Cov:=========================>         72%]
[Progress:=========================>    85%] [Cov:=========================>         72%]
[Progress:=========================>    85%] [Cov:=========================>         72%]
[Progress:=========================>    85%] [Cov:=========================>         72%]
[Progress:=========================>    85%] [Cov:=========================>         72%]
[Progress:=========================>    85%] [Cov:=========================>         72%]
[Progress:=========================>    85%] [Cov:=========================>         72%]
[Progress:=========================>    85%] [Cov:=========================>         72%]
[Progress:=========================>    85%] [Cov:=========================>         72%]
[Progress:=========================>    85%] [Cov:=========================>         72%]
[Progress:=========================>    85%] [Cov:=========================>         72%]
[Progress:=========================>    85%] [Cov:=========================>         72%]
[Progress:=========================>    85%] [Cov:=========================>         72%]
[Progress:=========================>    85%] [Cov:=========================>         72%]
[Progress:=========================>    85%] [Cov:=========================>         72%]
[Progress:=========================>    85%] [Cov:=========================>         72%]
[Progress:=========================>    85%] [Cov:=========================>         72%]
[Progress:=========================>    85%] [Cov:=========================>         72%]
[Progress:=========================>    85%] [Cov:=========================>         72%]
[Progress:=========================>    85%] [Cov:=========================>         72%]
[Progress:=========================>    85%] [Cov:=========================>         72%]
[Progress:=========================>    85%] [Cov:=========================>         72%]
[Progress:=========================>    85%] [Cov:=========================>         72%]
[Progress:=========================>    85%] [Cov:=========================>         72%]
[Progress:=========================>    85%] [Cov:=========================>         72%]
[Progress:=========================>    85%] [Cov:=========================>         72%]
[Progress:=========================>    85%] [Cov:=========================>         72%]
[Progress:=========================>    85%] [Cov:=========================>         72%]
[Progress:=========================>    85%] [Cov:=========================>         72%]
[Progress:=========================>    85%] [Cov:=========================>         72%]
[Progress:=========================>    85%] [Cov:=========================>         72%]
[Progress:=========================>    85%] [Cov:=========================>         72%]
[Progress:=========================>    85%] [Cov:=========================>         72%]
[Progress:=========================>    85%] [Cov:=========================>         72%]
[Progress:=========================>    85%] [Cov:=========================>         72%]
[Progress:=========================>    85%] [Cov:=========================>         72%]
[Progress:=========================>    85%] [Cov:=========================>         72%]
[Progress:=========================>    85%] [Cov:=========================>         72%]
[Progress:=========================>    85%] [Cov:=========================>         72%]
[Progress:=========================>    85%] [Cov:=========================>         72%]
[Progress:=========================>    85%] [Cov:=========================>         72%]
[Progress:=========================>    85%] [Cov:=========================>         72%]
[Progress:=========================>    85%] [Cov:=========================>         72%]
[Progress:=========================>    85%] [Cov:=========================>         72%]
[Progress:=========================>    85%] [Cov:=========================>         72%]
[Progress:=========================>    85%] [Cov:=========================>         72%]
[Progress:=========================>    85%] [Cov:=========================>         72%]
[Progress:=========================>    85%] [Cov:=========================>         72%]
[Progress:=========================>    85%] [Cov:=========================>         72%]
[Progress:=========================>    85%] [Cov:=========================>         72%]
[Progress:=========================>    85%] [Cov:=========================>         72%]
[Progress:=========================>    85%] [Cov:=========================>         72%]
[Progress:=========================>    85%] [Cov:=========================>         72%]
[Progress:=========================>    85%] [Cov:=========================>         72%]
[Progress:=========================>    86%] [Cov:=========================>         72%]
[Progress:=========================>    86%] [Cov:=========================>         72%]
[Progress:=========================>    86%] [Cov:=========================>         72%]
[Progress:=========================>    86%] [Cov:=========================>         72%]
[Progress:=========================>    86%] [Cov:=========================>         72%]
[Progress:=========================>    86%] [Cov:=========================>         72%]
[Progress:=========================>    86%] [Cov:=========================>         72%]
[Progress:=========================>    86%] [Cov:=========================>         72%]
[Progress:=========================>    86%] [Cov:=========================>         72%]
[Progress:=========================>    86%] [Cov:=========================>         72%]
[Progress:=========================>    86%] [Cov:=========================>         72%]
[Progress:=========================>    86%] [Cov:=========================>         72%]
[Progress:=========================>    86%] [Cov:=========================>         72%]
[Progress:=========================>    86%] [Cov:=========================>         72%]
[Progress:=========================>    86%] [Cov:=========================>         72%]
[Progress:=========================>    86%] [Cov:=========================>         72%]
[Progress:=========================>    86%] [Cov:=========================>         72%]
[Progress:=========================>    86%] [Cov:=========================>         72%]
[Progress:=========================>    86%] [Cov:=========================>         72%]
[Progress:=========================>    86%] [Cov:=========================>         72%]
[Progress:=========================>    86%] [Cov:=========================>         72%]
[Progress:=========================>    86%] [Cov:=========================>         72%]
[Progress:=========================>    86%] [Cov:=========================>         72%]
[Progress:=========================>    86%] [Cov:=========================>         72%]
[Progress:=========================>    86%] [Cov:=========================>         72%]
[Progress:=========================>    86%] [Cov:=========================>         72%]
[Progress:=========================>    86%] [Cov:=========================>         72%]
[Progress:=========================>    86%] [Cov:=========================>         72%]
[Progress:=========================>    86%] [Cov:=========================>         72%]
[Progress:=========================>    86%] [Cov:=========================>         72%]
[Progress:=========================>    86%] [Cov:=========================>         72%]
[Progress:=========================>    86%] [Cov:=========================>         72%]
[Progress:==========================>   87%] [Cov:=========================>         72%]
[Progress:==========================>   87%] [Cov:=========================>         72%]
[Progress:==========================>   87%] [Cov:=========================>         72%]
[Progress:==========================>   87%] [Cov:=========================>         72%]
[Progress:==========================>   87%] [Cov:=========================>         72%]
[Progress:==========================>   87%] [Cov:=========================>         72%]
[Progress:==========================>   87%] [Cov:=========================>         72%]
[Progress:==========================>   87%] [Cov:=========================>         72%]
[Progress:==========================>   87%] [Cov:=========================>         72%]
[Progress:==========================>   87%] [Cov:=========================>         72%]
[Progress:==========================>   87%] [Cov:=========================>         72%]
[Progress:==========================>   87%] [Cov:=========================>         72%]
[Progress:==========================>   87%] [Cov:=========================>         72%]
[Progress:==========================>   87%] [Cov:=========================>         72%]
[Progress:==========================>   87%] [Cov:=========================>         72%]
[Progress:==========================>   87%] [Cov:=========================>         72%]
[Progress:==========================>   87%] [Cov:=========================>         72%]
[Progress:==========================>   87%] [Cov:=========================>         72%]
[Progress:==========================>   87%] [Cov:=========================>         72%]
[Progress:==========================>   87%] [Cov:=========================>         72%]
[Progress:==========================>   87%] [Cov:=========================>         72%]
[Progress:==========================>   87%] [Cov:=========================>         72%]
[Progress:==========================>   87%] [Cov:=========================>         72%]
[Progress:==========================>   87%] [Cov:=========================>         72%]
[Progress:==========================>   87%] [Cov:=========================>         72%]
[Progress:==========================>   87%] [Cov:=========================>         72%]
[Progress:==========================>   87%] [Cov:=========================>         72%]
[Progress:==========================>   87%] [Cov:=========================>         72%]
[Progress:==========================>   87%] [Cov:=========================>         72%]
[Progress:==========================>   87%] [Cov:=========================>         72%]
[Progress:==========================>   87%] [Cov:=========================>         72%]
[Progress:==========================>   87%] [Cov:=========================>         72%]
[Progress:==========================>   87%] [Cov:=========================>         72%]
[Progress:==========================>   88%] [Cov:=========================>         72%]
[Progress:==========================>   88%] [Cov:=========================>         72%]
[Progress:==========================>   88%] [Cov:=========================>         72%]
[Progress:==========================>   88%] [Cov:=========================>         72%]
[Progress:==========================>   88%] [Cov:=========================>         72%]
[Progress:==========================>   88%] [Cov:=========================>         72%]
[Progress:==========================>   88%] [Cov:=========================>         72%]
[Progress:==========================>   88%] [Cov:=========================>         72%]
[Progress:==========================>   88%] [Cov:=========================>         72%]
[Progress:==========================>   88%] [Cov:=========================>         72%]
[Progress:==========================>   88%] [Cov:=========================>         72%]
[Progress:==========================>   88%] [Cov:=========================>         72%]
[Progress:==========================>   88%] [Cov:=========================>         72%]
[Progress:==========================>   88%] [Cov:=========================>         72%]
[Progress:==========================>   88%] [Cov:=========================>         72%]
[Progress:==========================>   88%] [Cov:=========================>         72%]
[Progress:==========================>   88%] [Cov:=========================>         72%]
[Progress:==========================>   88%] [Cov:=========================>         72%]
[Progress:==========================>   88%] [Cov:=========================>         72%]
[Progress:==========================>   88%] [Cov:=========================>         72%]
[Progress:==========================>   88%] [Cov:=========================>         72%]
[Progress:==========================>   88%] [Cov:=========================>         72%]
[Progress:==========================>   88%] [Cov:=========================>         72%]
[Progress:==========================>   88%] [Cov:=========================>         72%]
[Progress:==========================>   88%] [Cov:=========================>         72%]
[Progress:==========================>   88%] [Cov:=========================>         72%]
[Progress:==========================>   88%] [Cov:=========================>         72%]
[Progress:==========================>   88%] [Cov:=========================>         72%]
[Progress:==========================>   88%] [Cov:=========================>         72%]
[Progress:==========================>   88%] [Cov:=========================>         72%]
[Progress:==========================>   88%] [Cov:=========================>         72%]
[Progress:==========================>   88%] [Cov:=========================>         72%]
[Progress:==========================>   89%] [Cov:=========================>         72%]
[Progress:==========================>   89%] [Cov:=========================>         72%]
[Progress:==========================>   89%] [Cov:=========================>         72%]
[Progress:==========================>   89%] [Cov:=========================>         72%]
[Progress:==========================>   89%] [Cov:=========================>         72%]
[Progress:==========================>   89%] [Cov:=========================>         72%]
[Progress:==========================>   89%] [Cov:=========================>         72%]
[Progress:==========================>   89%] [Cov:=========================>         72%]
[Progress:==========================>   89%] [Cov:=========================>         72%]
[Progress:==========================>   89%] [Cov:=========================>         72%]
[Progress:==========================>   89%] [Cov:=========================>         72%]
[Progress:==========================>   89%] [Cov:=========================>         72%]
[Progress:==========================>   89%] [Cov:=========================>         72%]
[Progress:==========================>   89%] [Cov:=========================>         72%]
[Progress:==========================>   89%] [Cov:=========================>         72%]
[Progress:==========================>   89%] [Cov:=========================>         72%]
[Progress:==========================>   89%] [Cov:=========================>         72%]
[Progress:==========================>   89%] [Cov:=========================>         72%]
[Progress:==========================>   89%] [Cov:=========================>         72%]
[Progress:==========================>   89%] [Cov:=========================>         72%]
[Progress:==========================>   89%] [Cov:=========================>         72%]
[Progress:==========================>   89%] [Cov:=========================>         72%]
[Progress:==========================>   89%] [Cov:=========================>         72%]
[Progress:==========================>   89%] [Cov:=========================>         72%]
[Progress:==========================>   89%] [Cov:=========================>         72%]
[Progress:==========================>   89%] [Cov:=========================>         72%]
[Progress:==========================>   89%] [Cov:=========================>         72%]
[Progress:==========================>   89%] [Cov:=========================>         72%]
[Progress:==========================>   89%] [Cov:=========================>         72%]
[Progress:==========================>   89%] [Cov:=========================>         72%]
[Progress:==========================>   89%] [Cov:=========================>         72%]
[Progress:==========================>   89%] [Cov:=========================>         72%]
[Progress:==========================>   89%] [Cov:=========================>         72%]
[Progress:===========================>  90%] [Cov:=========================>         72%]
[Progress:===========================>  90%] [Cov:=========================>         72%]
[Progress:===========================>  90%] [Cov:=========================>         72%]
[Progress:===========================>  90%] [Cov:=========================>         72%]
[Progress:===========================>  90%] [Cov:=========================>         72%]
[Progress:===========================>  90%] [Cov:=========================>         72%]
[Progress:===========================>  90%] [Cov:=========================>         72%]
[Progress:===========================>  90%] [Cov:=========================>         72%]
[Progress:===========================>  90%] [Cov:=========================>         72%]
[Progress:===========================>  90%] [Cov:=========================>         72%]
[Progress:===========================>  90%] [Cov:=========================>         72%]
[Progress:===========================>  90%] [Cov:=========================>         72%]
[Progress:===========================>  90%] [Cov:=========================>         72%]
[Progress:===========================>  90%] [Cov:=========================>         72%]
[Progress:===========================>  90%] [Cov:=========================>         72%]
[Progress:===========================>  90%] [Cov:=========================>         72%]
[Progress:===========================>  90%] [Cov:=========================>         72%]
[Progress:===========================>  90%] [Cov:=========================>         72%]
[Progress:===========================>  90%] [Cov:=========================>         72%]
[Progress:===========================>  90%] [Cov:=========================>         72%]
[Progress:===========================>  90%] [Cov:=========================>         72%]
[Progress:===========================>  90%] [Cov:=========================>         72%]
[Progress:===========================>  90%] [Cov:=========================>         72%]
[Progress:===========================>  90%] [Cov:=========================>         72%]
[Progress:===========================>  90%] [Cov:=========================>         72%]
[Progress:===========================>  90%] [Cov:=========================>         72%]
[Progress:===========================>  90%] [Cov:=========================>         72%]
[Progress:===========================>  90%] [Cov:=========================>         72%]
[Progress:===========================>  90%] [Cov:=========================>         72%]
[Progress:===========================>  90%] [Cov:=========================>         72%]
[Progress:===========================>  90%] [Cov:=========================>         72%]
[Progress:===========================>  90%] [Cov:=========================>         72%]
[Progress:===========================>  90%] [Cov:=========================>         72%]
[Progress:===========================>  90%] [Cov:=========================>         72%]
[Progress:===========================>  90%] [Cov:=========================>         72%]
[Progress:===========================>  90%] [Cov:=========================>         72%]
[Progress:===========================>  90%] [Cov:=========================>         72%]
[Progress:===========================>  90%] [Cov:=========================>         72%]
[Progress:===========================>  90%] [Cov:=========================>         72%]
[Progress:===========================>  90%] [Cov:=========================>         72%]
[Progress:===========================>  90%] [Cov:=========================>         72%]
[Progress:===========================>  90%] [Cov:=========================>         72%]
[Progress:===========================>  90%] [Cov:=========================>         72%]
[Progress:===========================>  90%] [Cov:=========================>         72%]
[Progress:===========================>  90%] [Cov:=========================>         72%]
[Progress:===========================>  90%] [Cov:=========================>         72%]
[Progress:===========================>  90%] [Cov:=========================>         72%]
[Progress:===========================>  90%] [Cov:=========================>         72%]
[Progress:===========================>  90%] [Cov:=========================>         72%]
[Progress:===========================>  90%] [Cov:=========================>         72%]
[Progress:===========================>  90%] [Cov:=========================>         72%]
[Progress:===========================>  90%] [Cov:=========================>         72%]
[Progress:===========================>  90%] [Cov:=========================>         72%]
[Progress:===========================>  90%] [Cov:=========================>         72%]
[Progress:===========================>  90%] [Cov:=========================>         72%]
[Progress:===========================>  90%] [Cov:=========================>         72%]
[Progress:===========================>  90%] [Cov:=========================>         72%]
[Progress:===========================>  90%] [Cov:=========================>         72%]
[Progress:===========================>  90%] [Cov:=========================>         72%]
[Progress:===========================>  90%] [Cov:=========================>         72%]
[Progress:===========================>  90%] [Cov:=========================>         72%]
[Progress:===========================>  90%] [Cov:=========================>         72%]
[Progress:===========================>  90%] [Cov:=========================>         72%]
[Progress:===========================>  90%] [Cov:=========================>         72%]
[Progress:===========================>  90%] [Cov:=========================>         72%]
[Progress:===========================>  90%] [Cov:=========================>         72%]
[Progress:===========================>  90%] [Cov:=========================>         72%]
[Progress:===========================>  91%] [Cov:=========================>         72%]
[Progress:===========================>  91%] [Cov:=========================>         72%]
[Progress:===========================>  91%] [Cov:=========================>         72%]
[Progress:===========================>  91%] [Cov:=========================>         72%]
[Progress:===========================>  91%] [Cov:=========================>         72%]
[Progress:===========================>  91%] [Cov:=========================>         72%]
[Progress:===========================>  91%] [Cov:=========================>         72%]
[Progress:===========================>  91%] [Cov:=========================>         72%]
[Progress:===========================>  91%] [Cov:=========================>         72%]
[Progress:===========================>  91%] [Cov:=========================>         72%]
[Progress:===========================>  91%] [Cov:=========================>         72%]
[Progress:===========================>  91%] [Cov:=========================>         72%]
[Progress:===========================>  91%] [Cov:=========================>         72%]
[Progress:===========================>  91%] [Cov:=========================>         72%]
[Progress:===========================>  91%] [Cov:=========================>         72%]
[Progress:===========================>  91%] [Cov:=========================>         72%]
[Progress:===========================>  91%] [Cov:=========================>         72%]
[Progress:===========================>  91%] [Cov:=========================>         72%]
[Progress:===========================>  91%] [Cov:=========================>         72%]
[Progress:===========================>  91%] [Cov:=========================>         72%]
[Progress:===========================>  91%] [Cov:=========================>         72%]
[Progress:===========================>  91%] [Cov:=========================>         72%]
[Progress:===========================>  91%] [Cov:=========================>         72%]
[Progress:===========================>  91%] [Cov:=========================>         72%]
[Progress:===========================>  91%] [Cov:=========================>         72%]
[Progress:===========================>  91%] [Cov:=========================>         72%]
[Progress:===========================>  91%] [Cov:=========================>         72%]
[Progress:===========================>  91%] [Cov:=========================>         72%]
[Progress:===========================>  91%] [Cov:=========================>         72%]
[Progress:===========================>  91%] [Cov:=========================>         72%]
[Progress:===========================>  91%] [Cov:=========================>         72%]
[Progress:===========================>  91%] [Cov:=========================>         72%]
[Progress:===========================>  92%] [Cov:=========================>         72%]
[Progress:===========================>  92%] [Cov:=========================>         72%]
[Progress:===========================>  92%] [Cov:=========================>         72%]
[Progress:===========================>  92%] [Cov:=========================>         72%]
[Progress:===========================>  92%] [Cov:=========================>         72%]
[Progress:===========================>  92%] [Cov:=========================>         72%]
[Progress:===========================>  92%] [Cov:=========================>         72%]
[Progress:===========================>  92%] [Cov:=========================>         72%]
[Progress:===========================>  92%] [Cov:=========================>         72%]
[Progress:===========================>  92%] [Cov:=========================>         72%]
[Progress:===========================>  92%] [Cov:=========================>         72%]
[Progress:===========================>  92%] [Cov:=========================>         72%]
[Progress:===========================>  92%] [Cov:=========================>         72%]
[Progress:===========================>  92%] [Cov:=========================>         72%]
[Progress:===========================>  92%] [Cov:=========================>         72%]
[Progress:===========================>  92%] [Cov:=========================>         72%]
[Progress:===========================>  92%] [Cov:=========================>         72%]
[Progress:===========================>  92%] [Cov:=========================>         72%]
[Progress:===========================>  92%] [Cov:=========================>         72%]
[Progress:===========================>  92%] [Cov:=========================>         72%]
[Progress:===========================>  92%] [Cov:=========================>         72%]
[Progress:===========================>  92%] [Cov:=========================>         72%]
[Progress:===========================>  92%] [Cov:=========================>         72%]
[Progress:===========================>  92%] [Cov:=========================>         72%]
[Progress:===========================>  92%] [Cov:=========================>         72%]
[Progress:===========================>  92%] [Cov:=========================>         72%]
[Progress:===========================>  92%] [Cov:=========================>         72%]
[Progress:===========================>  92%] [Cov:=========================>         72%]
[Progress:===========================>  92%] [Cov:=========================>         72%]
[Progress:===========================>  92%] [Cov:=========================>         72%]
[Progress:===========================>  92%] [Cov:=========================>         72%]
[Progress:===========================>  93%] [Cov:=========================>         72%]
[Progress:===========================>  93%] [Cov:=========================>         72%]
[Progress:===========================>  93%] [Cov:=========================>         72%]
[Progress:===========================>  93%] [Cov:=========================>         72%]
[Progress:===========================>  93%] [Cov:=========================>         72%]
[Progress:===========================>  93%] [Cov:=========================>         72%]
[Progress:===========================>  93%] [Cov:=========================>         72%]
[Progress:===========================>  93%] [Cov:=========================>         72%]
[Progress:===========================>  93%] [Cov:=========================>         72%]
[Progress:===========================>  93%] [Cov:=========================>         72%]
[Progress:===========================>  93%] [Cov:=========================>         72%]
[Progress:===========================>  93%] [Cov:=========================>         72%]
[Progress:===========================>  93%] [Cov:=========================>         72%]
[Progress:===========================>  93%] [Cov:=========================>         72%]
[Progress:===========================>  93%] [Cov:=========================>         72%]
[Progress:===========================>  93%] [Cov:=========================>         72%]
[Progress:===========================>  93%] [Cov:=========================>         72%]
[Progress:===========================>  93%] [Cov:=========================>         72%]
[Progress:===========================>  93%] [Cov:=========================>         72%]
[Progress:===========================>  93%] [Cov:=========================>         72%]
[Progress:===========================>  93%] [Cov:=========================>         72%]
[Progress:===========================>  93%] [Cov:=========================>         72%]
[Progress:===========================>  93%] [Cov:=========================>         72%]
[Progress:===========================>  93%] [Cov:=========================>         72%]
[Progress:===========================>  93%] [Cov:=========================>         72%]
[Progress:===========================>  93%] [Cov:=========================>         72%]
[Progress:===========================>  93%] [Cov:=========================>         72%]
[Progress:===========================>  93%] [Cov:=========================>         72%]
[Progress:===========================>  93%] [Cov:=========================>         72%]
[Progress:===========================>  93%] [Cov:=========================>         72%]
[Progress:===========================>  93%] [Cov:=========================>         72%]
[Progress:===========================>  93%] [Cov:=========================>         72%]
[Progress:===========================>  93%] [Cov:=========================>         72%]
[Progress:============================> 94%] [Cov:=========================>         72%]
[Progress:============================> 94%] [Cov:=========================>         72%]
[Progress:============================> 94%] [Cov:=========================>         72%]
[Progress:============================> 94%] [Cov:=========================>         72%]
[Progress:============================> 94%] [Cov:=========================>         72%]
[Progress:============================> 94%] [Cov:=========================>         72%]
[Progress:============================> 94%] [Cov:=========================>         72%]
[Progress:============================> 94%] [Cov:=========================>         72%]
[Progress:============================> 94%] [Cov:=========================>         72%]
[Progress:============================> 94%] [Cov:=========================>         72%]
[Progress:============================> 94%] [Cov:=========================>         72%]
[Progress:============================> 94%] [Cov:=========================>         72%]
[Progress:============================> 94%] [Cov:=========================>         72%]
[Progress:============================> 94%] [Cov:=========================>         72%]
[Progress:============================> 94%] [Cov:=========================>         72%]
[Progress:============================> 94%] [Cov:=========================>         72%]
[Progress:============================> 94%] [Cov:=========================>         72%]
[Progress:============================> 94%] [Cov:=========================>         72%]
[Progress:============================> 94%] [Cov:=========================>         72%]
[Progress:============================> 94%] [Cov:=========================>         72%]
[Progress:============================> 94%] [Cov:=========================>         72%]
[Progress:============================> 94%] [Cov:=========================>         72%]
[Progress:============================> 94%] [Cov:=========================>         72%]
[Progress:============================> 94%] [Cov:=========================>         72%]
[Progress:============================> 94%] [Cov:=========================>         72%]
[Progress:============================> 94%] [Cov:=========================>         72%]
[Progress:============================> 94%] [Cov:=========================>         72%]
[Progress:============================> 94%] [Cov:=========================>         72%]
[Progress:============================> 94%] [Cov:=========================>         72%]
[Progress:============================> 94%] [Cov:=========================>         72%]
[Progress:============================> 94%] [Cov:=========================>         72%]
[Progress:============================> 94%] [Cov:=========================>         72%]
[Progress:============================> 95%] [Cov:=========================>         72%]
[Progress:============================> 95%] [Cov:=========================>         72%]
[Progress:============================> 95%] [Cov:=========================>         72%]
[Progress:============================> 95%] [Cov:=========================>         72%]
[Progress:============================> 95%] [Cov:=========================>         72%]
[Progress:============================> 95%] [Cov:=========================>         72%]
[Progress:============================> 95%] [Cov:=========================>         72%]
[Progress:============================> 95%] [Cov:=========================>         72%]
[Progress:============================> 95%] [Cov:=========================>         72%]
[Progress:============================> 95%] [Cov:=========================>         72%]
[Progress:============================> 95%] [Cov:=========================>         72%]
[Progress:============================> 95%] [Cov:=========================>         72%]
[Progress:============================> 95%] [Cov:=========================>         72%]
[Progress:============================> 95%] [Cov:=========================>         72%]
[Progress:============================> 95%] [Cov:=========================>         72%]
[Progress:============================> 95%] [Cov:=========================>         72%]
[Progress:============================> 95%] [Cov:=========================>         72%]
[Progress:============================> 95%] [Cov:=========================>         72%]
[Progress:============================> 95%] [Cov:=========================>         72%]
[Progress:============================> 95%] [Cov:=========================>         72%]
[Progress:============================> 95%] [Cov:=========================>         72%]
[Progress:============================> 95%] [Cov:=========================>         72%]
[Progress:============================> 95%] [Cov:=========================>         72%]
[Progress:============================> 95%] [Cov:=========================>         72%]
[Progress:============================> 95%] [Cov:=========================>         72%]
[Progress:============================> 95%] [Cov:=========================>         72%]
[Progress:============================> 95%] [Cov:=========================>         72%]
[Progress:============================> 95%] [Cov:=========================>         72%]
[Progress:============================> 95%] [Cov:=========================>         72%]
[Progress:============================> 95%] [Cov:=========================>         72%]
[Progress:============================> 95%] [Cov:=========================>         72%]
[Progress:============================> 95%] [Cov:=========================>         72%]
[Progress:============================> 95%] [Cov:=========================>         72%]
[Progress:============================> 95%] [Cov:=========================>         72%]
[Progress:============================> 95%] [Cov:=========================>         72%]
[Progress:============================> 95%] [Cov:=========================>         72%]
[Progress:============================> 95%] [Cov:=========================>         72%]
[Progress:============================> 95%] [Cov:=========================>         72%]
[Progress:============================> 95%] [Cov:=========================>         72%]
[Progress:============================> 95%] [Cov:=========================>         72%]
[Progress:============================> 95%] [Cov:=========================>         72%]
[Progress:============================> 95%] [Cov:=========================>         72%]
[Progress:============================> 95%] [Cov:=========================>         72%]
[Progress:============================> 95%] [Cov:=========================>         72%]
[Progress:============================> 95%] [Cov:=========================>         72%]
[Progress:============================> 95%] [Cov:=========================>         72%]
[Progress:============================> 95%] [Cov:=========================>         72%]
[Progress:============================> 95%] [Cov:=========================>         72%]
[Progress:============================> 95%] [Cov:=========================>         72%]
[Progress:============================> 95%] [Cov:=========================>         72%]
[Progress:============================> 95%] [Cov:=========================>         72%]
[Progress:============================> 95%] [Cov:=========================>         72%]
[Progress:============================> 95%] [Cov:=========================>         72%]
[Progress:============================> 95%] [Cov:=========================>         72%]
[Progress:============================> 95%] [Cov:=========================>         72%]
[Progress:============================> 95%] [Cov:=========================>         72%]
[Progress:============================> 95%] [Cov:=========================>         72%]
[Progress:============================> 95%] [Cov:=========================>         72%]
[Progress:============================> 95%] [Cov:=========================>         72%]
[Progress:============================> 95%] [Cov:=========================>         72%]
[Progress:============================> 95%] [Cov:=========================>         72%]
[Progress:============================> 95%] [Cov:=========================>         72%]
[Progress:============================> 95%] [Cov:=========================>         72%]
[Progress:============================> 96%] [Cov:=========================>         72%]
[Progress:============================> 96%] [Cov:=========================>         72%]
[Progress:============================> 96%] [Cov:=========================>         72%]
[Progress:============================> 96%] [Cov:=========================>         72%]
[Progress:============================> 96%] [Cov:=========================>         72%]
[Progress:============================> 96%] [Cov:=========================>         72%]
[Progress:============================> 96%] [Cov:=========================>         72%]
[Progress:============================> 96%] [Cov:=========================>         72%]
[Progress:============================> 96%] [Cov:=========================>         72%]
[Progress:============================> 96%] [Cov:=========================>         72%]
[Progress:============================> 96%] [Cov:=========================>         72%]
[Progress:============================> 96%] [Cov:=========================>         72%]
[Progress:============================> 96%] [Cov:=========================>         72%]
[Progress:============================> 96%] [Cov:=========================>         72%]
[Progress:============================> 96%] [Cov:=========================>         72%]
[Progress:============================> 96%] [Cov:=========================>         72%]
[Progress:============================> 96%] [Cov:=========================>         72%]
[Progress:============================> 96%] [Cov:=========================>         72%]
[Progress:============================> 96%] [Cov:=========================>         72%]
[Progress:============================> 96%] [Cov:=========================>         72%]
[Progress:============================> 96%] [Cov:=========================>         72%]
[Progress:============================> 96%] [Cov:=========================>         72%]
[Progress:============================> 96%] [Cov:=========================>         72%]
[Progress:============================> 96%] [Cov:=========================>         72%]
[Progress:============================> 96%] [Cov:=========================>         72%]
[Progress:============================> 96%] [Cov:=========================>         72%]
[Progress:============================> 96%] [Cov:=========================>         72%]
[Progress:============================> 96%] [Cov:=========================>         72%]
[Progress:============================> 96%] [Cov:=========================>         72%]
[Progress:============================> 96%] [Cov:=========================>         72%]
[Progress:============================> 96%] [Cov:=========================>         72%]
[Progress:============================> 96%] [Cov:=========================>         72%]
[Progress:============================> 96%] [Cov:=========================>         72%]
[Progress:============================> 96%] [Cov:=========================>         72%]
[Progress:=============================>97%] [Cov:=========================>         72%]
[Progress:=============================>97%] [Cov:=========================>         72%]
[Progress:=============================>97%] [Cov:=========================>         72%]
[Progress:=============================>97%] [Cov:=========================>         72%]
[Progress:=============================>97%] [Cov:=========================>         72%]
[Progress:=============================>97%] [Cov:=========================>         72%]
[Progress:=============================>97%] [Cov:=========================>         72%]
[Progress:=============================>97%] [Cov:=========================>         72%]
[Progress:=============================>97%] [Cov:=========================>         72%]
[Progress:=============================>97%] [Cov:=========================>         72%]
[Progress:=============================>97%] [Cov:=========================>         72%]
[Progress:=============================>97%] [Cov:=========================>         72%]
[Progress:=============================>97%] [Cov:=========================>         72%]
[Progress:=============================>97%] [Cov:=========================>         72%]
[Progress:=============================>97%] [Cov:=========================>         72%]
[Progress:=============================>97%] [Cov:=========================>         72%]
[Progress:=============================>97%] [Cov:=========================>         72%]
[Progress:=============================>97%] [Cov:=========================>         72%]
[Progress:=============================>97%] [Cov:=========================>         72%]
[Progress:=============================>97%] [Cov:=========================>         72%]
[Progress:=============================>97%] [Cov:=========================>         72%]
[Progress:=============================>97%] [Cov:=========================>         72%]
[Progress:=============================>97%] [Cov:=========================>         72%]
[Progress:=============================>97%] [Cov:=========================>         72%]
[Progress:=============================>97%] [Cov:=========================>         72%]
[Progress:=============================>97%] [Cov:=========================>         72%]
[Progress:=============================>97%] [Cov:=========================>         72%]
[Progress:=============================>97%] [Cov:=========================>         72%]
[Progress:=============================>97%] [Cov:=========================>         72%]
[Progress:=============================>97%] [Cov:=========================>         72%]
[Progress:=============================>97%] [Cov:=========================>         72%]
[Progress:=============================>97%] [Cov:=========================>         72%]
[Progress:=============================>97%] [Cov:=========================>         72%]
[Progress:=============================>98%] [Cov:=========================>         72%]
[Progress:=============================>98%] [Cov:=========================>         72%]
[Progress:=============================>98%] [Cov:=========================>         72%]
[Progress:=============================>98%] [Cov:=========================>         72%]
[Progress:=============================>98%] [Cov:=========================>         72%]
[Progress:=============================>98%] [Cov:=========================>         72%]
[Progress:=============================>98%] [Cov:=========================>         72%]
[Progress:=============================>98%] [Cov:=========================>         72%]
[Progress:=============================>98%] [Cov:=========================>         72%]
[Progress:=============================>98%] [Cov:=========================>         72%]
[Progress:=============================>98%] [Cov:=========================>         72%]
[Progress:=============================>98%] [Cov:=========================>         72%]
[Progress:=============================>98%] [Cov:=========================>         72%]
[Progress:=============================>98%] [Cov:=========================>         72%]
[Progress:=============================>98%] [Cov:=========================>         72%]
[Progress:=============================>98%] [Cov:=========================>         72%]
[Progress:=============================>98%] [Cov:=========================>         72%]
[Progress:=============================>98%] [Cov:=========================>         72%]
[Progress:=============================>98%] [Cov:=========================>         72%]
[Progress:=============================>98%] [Cov:=========================>         72%]
[Progress:=============================>98%] [Cov:=========================>         72%]
[Progress:=============================>98%] [Cov:=========================>         72%]
[Progress:=============================>98%] [Cov:=========================>         72%]
[Progress:=============================>98%] [Cov:=========================>         72%]
[Progress:=============================>98%] [Cov:=========================>         72%]
[Progress:=============================>98%] [Cov:=========================>         72%]
[Progress:=============================>98%] [Cov:=========================>         72%]
[Progress:=============================>98%] [Cov:=========================>         72%]
[Progress:=============================>98%] [Cov:=========================>         72%]
[Progress:=============================>98%] [Cov:=========================>         72%]
[Progress:=============================>98%] [Cov:=========================>         72%]
[Progress:=============================>98%] [Cov:=========================>         72%]
[Progress:=============================>98%] [Cov:=========================>         72%]
[Progress:=============================>99%] [Cov:=========================>         72%]
[Progress:=============================>99%] [Cov:=========================>         72%]
[Progress:=============================>99%] [Cov:=========================>         72%]
[Progress:=============================>99%] [Cov:=========================>         72%]
[Progress:=============================>99%] [Cov:=========================>         72%]
[Progress:=============================>99%] [Cov:=========================>         72%]
[Progress:=============================>99%] [Cov:=========================>         72%]
[Progress:=============================>99%] [Cov:=========================>         72%]
[Progress:=============================>99%] [Cov:=========================>         72%]
[Progress:=============================>99%] [Cov:=========================>         72%]
[Progress:=============================>99%] [Cov:=========================>         72%]
[Progress:=============================>99%] [Cov:=========================>         72%]
[Progress:=============================>99%] [Cov:=========================>         72%]
[Progress:=============================>99%] [Cov:=========================>         72%]
[Progress:=============================>99%] [Cov:=========================>         72%]
[Progress:=============================>99%] [Cov:=========================>         72%]
[Progress:=============================>99%] [Cov:=========================>         72%]
[Progress:=============================>99%] [Cov:=========================>         72%]
[Progress:=============================>99%] [Cov:=========================>         72%]
[Progress:=============================>99%] [Cov:=========================>         72%]
[Progress:=============================>99%] [Cov:=========================>         72%]
[Progress:=============================>99%] [Cov:=========================>         72%]
[Progress:=============================>99%] [Cov:=========================>         72%]
[Progress:=============================>99%] [Cov:=========================>         72%]
[Progress:=============================>99%] [Cov:=========================>         72%]
[Progress:=============================>99%] [Cov:=========================>         72%]
[Progress:=============================>99%] [Cov:=========================>         72%]
[Progress:=============================>99%] [Cov:=========================>         72%]
[Progress:=============================>99%] [Cov:=========================>         72%]
[Progress:=============================>99%] [Cov:=========================>         72%]
[Progress:=============================>99%] [Cov:=========================>         72%]
[Progress:=============================>99%] [Cov:=========================>         72%]
[Progress:=============================>99%] [Cov:=========================>         72%]
[Progress:==============================100%] [Cov:=========================>         72%]
[Progress:==============================100%] [Cov:=========================>         72%]
[Progress:==============================100%] [Cov:=========================>         72%]
[Progress:==============================100%] [Cov:=========================>         72%]
[Progress:==============================100%] [Cov:=========================>         72%]
[Progress:==============================100%] [Cov:=========================>         72%]
[Progress:==============================100%] [Cov:=========================>         72%]
[Progress:==============================100%] [Cov:=========================>         72%]
[Progress:==============================100%] [Cov:=========================>         72%]
[Progress:==============================100%] [Cov:=========================>         72%]
[Progress:==============================100%] [Cov:=========================>         72%]
[Progress:==============================100%] [Cov:=========================>         72%]
[Progress:==============================100%] [Cov:=========================>         72%]
[Progress:==============================100%] [Cov:=========================>         72%]
[Progress:==============================100%] [Cov:=========================>         72%]
[Progress:==============================100%] [Cov:=========================>         72%]
[Progress:==============================100%] [Cov:=========================>         72%]
[Progress:==============================100%] [Cov:=========================>         72%]
[Progress:==============================100%] [Cov:=========================>         72%]
[Progress:==============================100%] [Cov:=========================>         72%]
[Progress:==============================100%] [Cov:=========================>         72%]
[Progress:==============================100%] [Cov:=========================>         72%]
[Progress:==============================100%] [Cov:=========================>         72%]
[Progress:==============================100%] [Cov:=========================>         72%]
[Progress:==============================100%] [Cov:=========================>         72%]
[Progress:==============================100%] [Cov:=========================>         72%]
[Progress:==============================100%] [Cov:=========================>         72%]
[Progress:==============================100%] [Cov:=========================>         72%]
[Progress:==============================100%] [Cov:=========================>         72%]
[Progress:==============================100%] [Cov:=========================>         72%]
[Progress:==============================100%] [Cov:=========================>         72%]
[Progress:==============================100%] [Cov:=========================>         72%]
* Search finished after 121s and 3720 generations, 500816 statements, best individual has fitness: 30.925
* Minimizing test suite
* Going to analyze the coverage criteria
* Coverage analysis for criterion LINE
* Coverage of criterion LINE: 73%
* Total number of goals: 15
* Number of covered goals: 11
* Coverage analysis for criterion BRANCH
* Coverage of criterion BRANCH: 43%
* Total number of goals: 28
* Number of covered goals: 12
* Coverage analysis for criterion EXCEPTION
* Coverage of criterion EXCEPTION: 100%
* Total number of goals: 7
* Number of covered goals: 7
* Generated 11 tests with total length 22
* Resulting test suite's coverage: 72% (average coverage for all fitness functions)
* Generating assertions
* Resulting test suite's mutation score: 22%
* Compiling and checking tests
* Writing tests to file
* Writing JUnit test case 'Equality_ESTest' to /work/evo_out/Mockito_22f/budget120_seed1/tests
* Done!

* Computation finished

[exit=0 timeout=False time=127.2s]

$ javac -nowarn -cp /work/Mockito_22f/target/classes:/opt/defects4j/framework/projects/lib/junit-4.12-hamcrest-1.3.jar:/work/Mockito_22f/target/classes:/work/Mockito_22f/target/test-classes:/opt/defects4j/framework/projects/Mockito/lib/asm-all-5.0.4.jar:/opt/defects4j/framework/projects/Mockito/lib/assertj-core-2.1.0.jar:/opt/defects4j/framework/projects/Mockito/lib/cglib-and-asm-1.0.jar:/opt/defects4j/framework/projects/Mockito/lib/cobertura-2.0.3.jar:/opt/defects4j/framework/projects/Mockito/lib/fest-assert-1.3.jar:/opt/defects4j/framework/projects/Mockito/lib/fest-util-1.1.4.jar:/opt/defects4j/framework/projects/Mockito/lib/objenesis-2.1.jar:/opt/defects4j/framework/projects/Mockito/lib/objenesis-2.2.jar:/opt/defects4j/framework/projects/Mockito/lib/powermock-reflect-1.2.5.jar:/opt/evosuite/evosuite-standalone-runtime-1.2.0.jar -d /work/evo_out/Mockito_22f/budget120_seed1/classes /work/evo_out/Mockito_22f/budget120_seed1/tests/org/mockito/internal/matchers/Equality_ESTest.java /work/evo_out/Mockito_22f/budget120_seed1/tests/org/mockito/internal/matchers/Equality_ESTest_scaffolding.java

[exit=0 timeout=False time=0.7s]

$ java -jar /opt/jacoco/lib/jacococli.jar instrument /work/Mockito_22f/target/classes --dest /work/evo_out/Mockito_22f/budget120_seed1/instrumented
[INFO] 365 classes instrumented to /work/evo_out/Mockito_22f/budget120_seed1/instrumented.

[exit=0 timeout=False time=0.4s]

$ java -Djacoco-agent.destfile=/workspace/EvoSuite/Result_Round2/Mockito_22/budget120_seed1/jacoco.exec -cp /work/evo_out/Mockito_22f/budget120_seed1/instrumented:/work/evo_out/Mockito_22f/budget120_seed1/classes:/opt/defects4j/framework/projects/lib/junit-4.12-hamcrest-1.3.jar:/work/Mockito_22f/target/classes:/work/Mockito_22f/target/test-classes:/opt/defects4j/framework/projects/Mockito/lib/asm-all-5.0.4.jar:/opt/defects4j/framework/projects/Mockito/lib/assertj-core-2.1.0.jar:/opt/defects4j/framework/projects/Mockito/lib/cglib-and-asm-1.0.jar:/opt/defects4j/framework/projects/Mockito/lib/cobertura-2.0.3.jar:/opt/defects4j/framework/projects/Mockito/lib/fest-assert-1.3.jar:/opt/defects4j/framework/projects/Mockito/lib/fest-util-1.1.4.jar:/opt/defects4j/framework/projects/Mockito/lib/objenesis-2.1.jar:/opt/defects4j/framework/projects/Mockito/lib/objenesis-2.2.jar:/opt/defects4j/framework/projects/Mockito/lib/powermock-reflect-1.2.5.jar:/opt/evosuite/evosuite-standalone-runtime-1.2.0.jar:/opt/jacoco/lib/jacocoagent.jar org.junit.runner.JUnitCore org.mockito.internal.matchers.Equality_ESTest
JUnit version 4.12
...........
Time: 0.413

OK (11 tests)

SLF4J: Failed to load class "org.slf4j.impl.StaticLoggerBinder".
SLF4J: Defaulting to no-operation (NOP) logger implementation
SLF4J: See http://www.slf4j.org/codes.html#StaticLoggerBinder for further details.
WARNING: An illegal reflective access operation has occurred
WARNING: Illegal reflective access by org.evosuite.runtime.GuiSupport (file:/opt/evosuite/evosuite-standalone-runtime-1.2.0.jar) to field java.awt.GraphicsEnvironment.headless
WARNING: Please consider reporting this to the maintainers of org.evosuite.runtime.GuiSupport
WARNING: Use --illegal-access=warn to enable warnings of further illegal reflective access operations
WARNING: All illegal access operations will be denied in a future release

[exit=0 timeout=False time=0.7s]

$ java -jar /opt/jacoco/lib/jacococli.jar report /workspace/EvoSuite/Result_Round2/Mockito_22/budget120_seed1/jacoco.exec --classfiles /work/Mockito_22f/target/classes --csv /workspace/EvoSuite/Result_Round2/Mockito_22/budget120_seed1/jacoco.csv
[INFO] Loading execution data file /workspace/EvoSuite/Result_Round2/Mockito_22/budget120_seed1/jacoco.exec.
[INFO] Analyzing 289 classes.

[exit=0 timeout=False time=0.4s]

$ java -cp /work/evo_out/Mockito_22f/budget120_seed1/classes:/opt/defects4j/framework/projects/lib/junit-4.12-hamcrest-1.3.jar:/work/Mockito_22b/target/classes:/work/Mockito_22b/target/test-classes:/opt/defects4j/framework/projects/Mockito/lib/asm-all-5.0.4.jar:/opt/defects4j/framework/projects/Mockito/lib/assertj-core-2.1.0.jar:/opt/defects4j/framework/projects/Mockito/lib/cglib-and-asm-1.0.jar:/opt/defects4j/framework/projects/Mockito/lib/cobertura-2.0.3.jar:/opt/defects4j/framework/projects/Mockito/lib/fest-assert-1.3.jar:/opt/defects4j/framework/projects/Mockito/lib/fest-util-1.1.4.jar:/opt/defects4j/framework/projects/Mockito/lib/objenesis-2.1.jar:/opt/defects4j/framework/projects/Mockito/lib/objenesis-2.2.jar:/opt/defects4j/framework/projects/Mockito/lib/powermock-reflect-1.2.5.jar:/opt/evosuite/evosuite-standalone-runtime-1.2.0.jar org.junit.runner.JUnitCore org.mockito.internal.matchers.Equality_ESTest
JUnit version 4.12
...........
Time: 0.394

OK (11 tests)

SLF4J: Failed to load class "org.slf4j.impl.StaticLoggerBinder".
SLF4J: Defaulting to no-operation (NOP) logger implementation
SLF4J: See http://www.slf4j.org/codes.html#StaticLoggerBinder for further details.
WARNING: An illegal reflective access operation has occurred
WARNING: Illegal reflective access by org.evosuite.runtime.GuiSupport (file:/opt/evosuite/evosuite-standalone-runtime-1.2.0.jar) to field java.awt.GraphicsEnvironment.headless
WARNING: Please consider reporting this to the maintainers of org.evosuite.runtime.GuiSupport
WARNING: Use --illegal-access=warn to enable warnings of further illegal reflective access operations
WARNING: All illegal access operations will be denied in a future release

[exit=0 timeout=False time=0.6s]
