
$ defects4j checkout -p Closure -v 138f -w /work/Closure_138f
Checking out 1f5edbcd to /work/Closure_138f................................ OK
Init local repository...................................................... OK
Tag post-fix revision...................................................... OK
Apply patch................................................................ OK
sed: can't read /work/Closure_138f/lib/rhino/build.properties: No such file or directory
sed: can't read /work/Closure_138f/lib/rhino/build.properties: No such file or directory
sed: can't read /work/Closure_138f/lib/rhino/src/mozilla/js/rhino/build.properties: No such file or directory
sed: can't read /work/Closure_138f/lib/rhino/src/mozilla/js/rhino/build.properties: No such file or directory
Run post-checkout hook..................................................... OK
Excluding broken/flaky tests............................................... OK
Excluding broken/flaky tests............................................... OK
Initialize fixed program version........................................... OK
Apply patch................................................................ OK
Initialize buggy program version........................................... OK
Diff 1f5edbcd:da30f170..................................................... OK
Apply patch................................................................ OK
Tag pre-fix revision....................................................... OK
Check out program version: Closure-138f.................................... OK

[exit=0 timeout=False time=3.2s]

$ defects4j compile -w /work/Closure_138f
Running ant (compile)...................................................... OK
Running ant (compile.tests)................................................ OK

[exit=0 timeout=False time=7.0s]

$ defects4j checkout -p Closure -v 138b -w /work/Closure_138b
Checking out 1f5edbcd to /work/Closure_138b................................ OK
Init local repository...................................................... OK
Tag post-fix revision...................................................... OK
Apply patch................................................................ OK
sed: can't read /work/Closure_138b/lib/rhino/build.properties: No such file or directory
sed: can't read /work/Closure_138b/lib/rhino/build.properties: No such file or directory
sed: can't read /work/Closure_138b/lib/rhino/src/mozilla/js/rhino/build.properties: No such file or directory
sed: can't read /work/Closure_138b/lib/rhino/src/mozilla/js/rhino/build.properties: No such file or directory
Run post-checkout hook..................................................... OK
Excluding broken/flaky tests............................................... OK
Excluding broken/flaky tests............................................... OK
Initialize fixed program version........................................... OK
Apply patch................................................................ OK
Initialize buggy program version........................................... OK
Diff 1f5edbcd:da30f170..................................................... OK
Apply patch................................................................ OK
Tag pre-fix revision....................................................... OK
Check out program version: Closure-138b.................................... OK

[exit=0 timeout=False time=3.2s]

$ defects4j compile -w /work/Closure_138b
Running ant (compile)...................................................... OK
Running ant (compile.tests)................................................ OK

[exit=0 timeout=False time=6.9s]

$ java -Djava.awt.headless=true -cp /opt/defects4j/framework/projects/lib/junit-4.12-hamcrest-1.3.jar:/opt/evosuite/evosuite-1.2.0.jar:/work/Closure_138f/build/classes:/work/Closure_138f/lib/ant_deploy.jar:/work/Closure_138f/lib/args4j_deploy.jar:/work/Closure_138f/lib/google_common_deploy.jar:/work/Closure_138f/lib/hamcrest-core-1.1.jar:/work/Closure_138f/lib/libtrunk_rhino_parser_jarjared.jar:/work/Closure_138f/lib/protobuf_deploy.jar:/work/Closure_138f/build/test org.evosuite.EvoSuite -generateSuite -class com.google.javascript.jscomp.ClosureReverseAbstractInterpreter -projectCP /opt/defects4j/framework/projects/lib/junit-4.12-hamcrest-1.3.jar:/work/Closure_138f/build/classes:/work/Closure_138f/lib/ant_deploy.jar:/work/Closure_138f/lib/args4j_deploy.jar:/work/Closure_138f/lib/google_common_deploy.jar:/work/Closure_138f/lib/hamcrest-core-1.1.jar:/work/Closure_138f/lib/libtrunk_rhino_parser_jarjared.jar:/work/Closure_138f/lib/protobuf_deploy.jar:/work/Closure_138f/build/test -Dcriterion=LINE:BRANCH:EXCEPTION -Dsearch_budget=60 -seed 1 -Dtest_dir=/work/evo_out/Closure_138f/budget60_seed1/tests -Dreport_dir=/work/evo_out/Closure_138f/budget60_seed1/report
* EvoSuite 1.2.0
* Going to generate test cases for class: com.google.javascript.jscomp.ClosureReverseAbstractInterpreter
* Starting Client-0
* Connecting to master process on port 9922
* Analyzing classpath: 
  - /opt/defects4j/framework/projects/lib/junit-4.12-hamcrest-1.3.jar
  - /work/Closure_138f/build/classes
  - /work/Closure_138f/lib/ant_deploy.jar
  - /work/Closure_138f/lib/args4j_deploy.jar
  - /work/Closure_138f/lib/google_common_deploy.jar
  - /work/Closure_138f/lib/hamcrest-core-1.1.jar
  - /work/Closure_138f/lib/libtrunk_rhino_parser_jarjared.jar
  - /work/Closure_138f/lib/protobuf_deploy.jar
  - /work/Closure_138f/build/test
[MASTER] 10:40:03.688 [logback-1] WARN  InheritanceTree - Class not in inheritance graph: java.util.Locale$IsoCountryCode
[MASTER] 10:40:03.978 [logback-1] WARN  InheritanceTree - Class not in inheritance graph: java.io.ObjectInputFilter
[MASTER] 10:40:04.101 [logback-1] WARN  InheritanceTree - Class not in inheritance graph: java.lang.module.ModuleFinder
* Finished analyzing classpath
* Generating tests for class com.google.javascript.jscomp.ClosureReverseAbstractInterpreter
* Test criteria:
  - Line Coverage
  - Branch Coverage
  - Exception
* Setting up search algorithm for whole suite generation
* Total number of test goals: 
  - Line 74
  - Branch 64
  - Exception 0

[Progress:>                             0%] [Cov:>                                  0%]* Using seed 1
* Starting evolution
[MASTER] 10:40:04.925 [logback-1] WARN  TestCluster - Failed to check cache for java.util.Vector<E> : Type points to itself

[Progress:>                             1%] [Cov:==>                                7%]
[Progress:>                             1%] [Cov:====>                              14%]
[Progress:>                             1%] [Cov:================>                  48%]
[Progress:>                             1%] [Cov:=================>                 49%][MASTER] 10:40:06.695 [logback-1] WARN  MSecurityManager - SUT asked for a runtime permission that EvoSuite does not recognize: getStackWalkerWithClassReference

[Progress:>                             3%] [Cov:==>                                7%]
[Progress:>                             3%] [Cov:====>                              14%]
[Progress:>                             3%] [Cov:================>                  48%]
[Progress:>                             3%] [Cov:=================>                 49%]
[Progress:>                             3%] [Cov:=================>                 49%]
[Progress:=>                            5%] [Cov:=================>                 49%]
[Progress:=>                            5%] [Cov:=================>                 49%]
[Progress:=>                            5%] [Cov:=================>                 49%]
[Progress:=>                            5%] [Cov:=================>                 49%]
[Progress:=>                            5%] [Cov:=================>                 49%]
[Progress:=>                            5%] [Cov:=================>                 49%]
[Progress:=>                            5%] [Cov:=================>                 49%]
[Progress:=>                            5%] [Cov:=================>                 49%]
[Progress:=>                            5%] [Cov:=================>                 49%]
[Progress:=>                            6%] [Cov:=================>                 49%]
[Progress:=>                            6%] [Cov:=================>                 49%]
[Progress:=>                            6%] [Cov:=================>                 49%]
[Progress:=>                            6%] [Cov:=================>                 49%]
[Progress:=>                            6%] [Cov:=================>                 49%]
[Progress:=>                            6%] [Cov:=================>                 49%]
[Progress:=>                            6%] [Cov:=================>                 49%]
[Progress:=>                            6%] [Cov:=================>                 49%]
[Progress:=>                            6%] [Cov:=================>                 49%]
[Progress:=>                            6%] [Cov:=================>                 49%]
[Progress:=>                            6%] [Cov:=================>                 49%]
[Progress:==>                           8%] [Cov:=================>                 49%]
[Progress:==>                           8%] [Cov:=================>                 49%]
[Progress:==>                           8%] [Cov:=================>                 49%]
[Progress:==>                           8%] [Cov:=================>                 49%]
[Progress:==>                           8%] [Cov:=================>                 49%]
[Progress:==>                           8%] [Cov:=================>                 49%]
[Progress:==>                           8%] [Cov:=================>                 49%]
[Progress:==>                           8%] [Cov:=================>                 49%]
[Progress:==>                           8%] [Cov:=================>                 49%]
[Progress:==>                           8%] [Cov:=================>                 49%]
[Progress:==>                           8%] [Cov:=================>                 49%]
[Progress:==>                           8%] [Cov:=================>                 49%]
[Progress:==>                           8%] [Cov:=================>                 49%]
[Progress:==>                           8%] [Cov:=================>                 49%]
[Progress:==>                           8%] [Cov:=================>                 49%]
[Progress:===>                          10%] [Cov:=================>                 49%]
[Progress:===>                          10%] [Cov:=================>                 49%]
[Progress:===>                          10%] [Cov:=================>                 49%]
[Progress:===>                          10%] [Cov:=================>                 49%]
[Progress:===>                          10%] [Cov:=================>                 49%]
[Progress:===>                          10%] [Cov:=================>                 49%]
[Progress:===>                          10%] [Cov:=================>                 49%]
[Progress:===>                          10%] [Cov:=================>                 49%]
[Progress:===>                          10%] [Cov:=================>                 49%]
[Progress:===>                          10%] [Cov:=================>                 49%]
[Progress:===>                          10%] [Cov:=================>                 49%]
[Progress:===>                          10%] [Cov:=================>                 49%]
[Progress:===>                          10%] [Cov:=================>                 49%]
[Progress:===>                          10%] [Cov:=================>                 49%]
[Progress:===>                          10%] [Cov:=================>                 49%]
[Progress:===>                          11%] [Cov:=================>                 49%]
[Progress:===>                          11%] [Cov:=================>                 49%]
[Progress:===>                          11%] [Cov:=================>                 49%]
[Progress:===>                          11%] [Cov:=================>                 49%]
[Progress:===>                          11%] [Cov:=================>                 49%]
[Progress:===>                          11%] [Cov:=================>                 49%]
[Progress:===>                          11%] [Cov:=================>                 49%]
[Progress:===>                          11%] [Cov:=================>                 49%]
[Progress:===>                          11%] [Cov:=================>                 49%]
[Progress:===>                          11%] [Cov:=================>                 49%]
[Progress:===>                          11%] [Cov:=================>                 49%]
[Progress:===>                          11%] [Cov:=================>                 49%]
[Progress:===>                          11%] [Cov:=================>                 49%]
[Progress:===>                          11%] [Cov:=================>                 49%]
[Progress:===>                          11%] [Cov:=================>                 49%]
[Progress:===>                          11%] [Cov:=================>                 49%]
[Progress:===>                          11%] [Cov:=================>                 49%]
[Progress:===>                          11%] [Cov:=================>                 49%]
[Progress:===>                          11%] [Cov:=================>                 49%]
[Progress:===>                          13%] [Cov:=================>                 49%]
[Progress:===>                          13%] [Cov:=================>                 49%]
[Progress:===>                          13%] [Cov:=================>                 49%]
[Progress:===>                          13%] [Cov:=================>                 49%]
[Progress:===>                          13%] [Cov:=================>                 49%]
[Progress:===>                          13%] [Cov:=================>                 49%]
[Progress:===>                          13%] [Cov:=================>                 49%]
[Progress:===>                          13%] [Cov:=================>                 49%]
[Progress:===>                          13%] [Cov:=================>                 49%]
[Progress:===>                          13%] [Cov:=================>                 49%]
[Progress:===>                          13%] [Cov:=================>                 49%]
[Progress:===>                          13%] [Cov:=================>                 49%]
[Progress:===>                          13%] [Cov:=================>                 49%]
[Progress:===>                          13%] [Cov:=================>                 49%]
[Progress:===>                          13%] [Cov:=================>                 49%]
[Progress:===>                          13%] [Cov:=================>                 49%]
[Progress:===>                          13%] [Cov:=================>                 49%]
[Progress:===>                          13%] [Cov:=================>                 49%]
[Progress:====>                         15%] [Cov:=================>                 49%]
[Progress:====>                         15%] [Cov:=================>                 49%]
[Progress:====>                         15%] [Cov:=================>                 49%]
[Progress:====>                         15%] [Cov:=================>                 49%]
[Progress:====>                         15%] [Cov:=================>                 49%]
[Progress:====>                         15%] [Cov:=================>                 49%]
[Progress:====>                         15%] [Cov:=================>                 50%]
[Progress:====>                         15%] [Cov:=================>                 50%]
[Progress:====>                         15%] [Cov:=================>                 50%]
[Progress:====>                         15%] [Cov:=================>                 50%]
[Progress:====>                         15%] [Cov:=================>                 50%]
[Progress:====>                         15%] [Cov:=================>                 50%]
[Progress:====>                         15%] [Cov:=================>                 50%]
[Progress:====>                         15%] [Cov:=================>                 50%]
[Progress:====>                         15%] [Cov:=================>                 50%]
[Progress:====>                         15%] [Cov:=================>                 50%]
[Progress:====>                         15%] [Cov:=================>                 50%]
[Progress:====>                         15%] [Cov:=================>                 50%]
[Progress:====>                         16%] [Cov:=================>                 50%]
[Progress:====>                         16%] [Cov:=================>                 50%]
[Progress:====>                         16%] [Cov:=================>                 50%]
[Progress:====>                         16%] [Cov:=================>                 50%]
[Progress:====>                         16%] [Cov:=================>                 50%]
[Progress:====>                         16%] [Cov:=================>                 50%]
[Progress:====>                         16%] [Cov:=================>                 50%]
[Progress:====>                         16%] [Cov:=================>                 50%]
[Progress:====>                         16%] [Cov:=================>                 50%]
[Progress:====>                         16%] [Cov:=================>                 50%]
[Progress:====>                         16%] [Cov:=================>                 50%]
[Progress:====>                         16%] [Cov:=================>                 50%]
[Progress:====>                         16%] [Cov:=================>                 50%]
[Progress:====>                         16%] [Cov:=================>                 50%]
[Progress:====>                         16%] [Cov:=================>                 50%]
[Progress:====>                         16%] [Cov:=================>                 50%]
[Progress:====>                         16%] [Cov:=================>                 50%]
[Progress:=====>                        18%] [Cov:=================>                 50%]
[Progress:=====>                        18%] [Cov:=================>                 50%]
[Progress:=====>                        18%] [Cov:=================>                 50%]
[Progress:=====>                        18%] [Cov:=================>                 50%]
[Progress:=====>                        18%] [Cov:=================>                 50%]
[Progress:=====>                        18%] [Cov:=================>                 50%]
[Progress:=====>                        18%] [Cov:=================>                 50%]
[Progress:=====>                        18%] [Cov:=================>                 50%]
[Progress:=====>                        18%] [Cov:=================>                 50%]
[Progress:=====>                        18%] [Cov:=================>                 50%]
[Progress:=====>                        18%] [Cov:=================>                 50%]
[Progress:=====>                        18%] [Cov:=================>                 50%]
[Progress:=====>                        18%] [Cov:=================>                 50%]
[Progress:=====>                        18%] [Cov:=================>                 50%]
[Progress:=====>                        18%] [Cov:=================>                 50%]
[Progress:=====>                        18%] [Cov:=================>                 50%]
[Progress:=====>                        18%] [Cov:=================>                 50%]
[Progress:=====>                        18%] [Cov:=================>                 50%]
[Progress:=====>                        18%] [Cov:=================>                 50%]
[Progress:======>                       20%] [Cov:=================>                 50%]
[Progress:======>                       20%] [Cov:=================>                 50%]
[Progress:======>                       20%] [Cov:=================>                 50%]
[Progress:======>                       20%] [Cov:=================>                 50%]
[Progress:======>                       20%] [Cov:=================>                 50%]
[Progress:======>                       20%] [Cov:=================>                 50%]
[Progress:======>                       20%] [Cov:=================>                 50%]
[Progress:======>                       20%] [Cov:=================>                 50%]
[Progress:======>                       20%] [Cov:=================>                 50%]
[Progress:======>                       20%] [Cov:=================>                 50%]
[Progress:======>                       20%] [Cov:=================>                 50%]
[Progress:======>                       20%] [Cov:=================>                 50%]
[Progress:======>                       20%] [Cov:=================>                 50%]
[Progress:======>                       20%] [Cov:=================>                 50%]
[Progress:======>                       20%] [Cov:=================>                 50%]
[Progress:======>                       20%] [Cov:=================>                 50%]
[Progress:======>                       20%] [Cov:=================>                 50%]
[Progress:======>                       20%] [Cov:=================>                 50%]
[Progress:======>                       21%] [Cov:=================>                 50%]
[Progress:======>                       21%] [Cov:=================>                 50%]
[Progress:======>                       21%] [Cov:=================>                 50%]
[Progress:======>                       21%] [Cov:=================>                 50%]
[Progress:======>                       21%] [Cov:=================>                 50%]
[Progress:======>                       21%] [Cov:=================>                 50%]
[Progress:======>                       21%] [Cov:=================>                 50%]
[Progress:======>                       21%] [Cov:=================>                 50%]
[Progress:======>                       21%] [Cov:=================>                 50%]
[Progress:======>                       21%] [Cov:=================>                 50%]
[Progress:======>                       21%] [Cov:=================>                 50%]
[Progress:======>                       21%] [Cov:=================>                 50%]
[Progress:======>                       21%] [Cov:=================>                 50%]
[Progress:======>                       21%] [Cov:=================>                 50%]
[Progress:======>                       21%] [Cov:=================>                 50%]
[Progress:======>                       21%] [Cov:=================>                 50%]
[Progress:======>                       21%] [Cov:=================>                 50%]
[Progress:======>                       21%] [Cov:=================>                 50%]
[Progress:=========>                    30%] [Cov:=================>                 50%]
[Progress:=========>                    30%] [Cov:=================>                 50%]
[Progress:=========>                    30%] [Cov:=================>                 50%]
[Progress:=========>                    31%] [Cov:=================>                 50%]
[Progress:=========>                    31%] [Cov:=================>                 50%]
[Progress:=========>                    31%] [Cov:=================>                 50%]
[Progress:=========>                    31%] [Cov:=================>                 50%]
[Progress:=========>                    31%] [Cov:=================>                 50%]
[Progress:=========>                    31%] [Cov:=================>                 50%]
[Progress:=========>                    31%] [Cov:=================>                 50%]
[Progress:=========>                    31%] [Cov:=================>                 50%]
[Progress:=========>                    31%] [Cov:=================>                 50%]
[Progress:=========>                    31%] [Cov:=================>                 50%]
[Progress:=========>                    31%] [Cov:=================>                 50%]
[Progress:=========>                    31%] [Cov:=================>                 50%]
[Progress:=========>                    31%] [Cov:=================>                 50%]
[Progress:=========>                    31%] [Cov:=================>                 50%]
[Progress:=========>                    31%] [Cov:=================>                 50%]
[Progress:=========>                    31%] [Cov:=================>                 50%]
[Progress:=========>                    31%] [Cov:=================>                 50%]
[Progress:=========>                    31%] [Cov:=================>                 50%]
[Progress:=========>                    33%] [Cov:=================>                 50%]
[Progress:=========>                    33%] [Cov:=================>                 50%]
[Progress:=========>                    33%] [Cov:=================>                 50%]
[Progress:=========>                    33%] [Cov:=================>                 50%]
[Progress:=========>                    33%] [Cov:=================>                 50%]
[Progress:=========>                    33%] [Cov:=================>                 50%]
[Progress:=========>                    33%] [Cov:=================>                 50%]
[Progress:=========>                    33%] [Cov:=================>                 50%]
[Progress:=========>                    33%] [Cov:=================>                 50%]
[Progress:=========>                    33%] [Cov:=================>                 50%]
[Progress:=========>                    33%] [Cov:=================>                 50%]
[Progress:=========>                    33%] [Cov:=================>                 50%]
[Progress:=========>                    33%] [Cov:=================>                 50%]
[Progress:=========>                    33%] [Cov:=================>                 50%]
[Progress:=========>                    33%] [Cov:=================>                 50%]
[Progress:=========>                    33%] [Cov:=================>                 50%]
[Progress:=========>                    33%] [Cov:=================>                 50%]
[Progress:=========>                    33%] [Cov:=================>                 50%]
[Progress:=========>                    33%] [Cov:=================>                 50%]
[Progress:=========>                    33%] [Cov:=================>                 50%]
[Progress:==========>                   35%] [Cov:=================>                 50%]
[Progress:==========>                   35%] [Cov:=================>                 50%]
[Progress:==========>                   35%] [Cov:=================>                 50%]
[Progress:==========>                   35%] [Cov:=================>                 50%]
[Progress:==========>                   35%] [Cov:=================>                 50%]
[Progress:==========>                   35%] [Cov:=================>                 50%]
[Progress:==========>                   35%] [Cov:=================>                 50%]
[Progress:==========>                   35%] [Cov:=================>                 50%]
[Progress:==========>                   35%] [Cov:=================>                 50%]
[Progress:==========>                   35%] [Cov:=================>                 50%]
[Progress:==========>                   35%] [Cov:=================>                 50%]
[Progress:==========>                   35%] [Cov:=================>                 50%]
[Progress:==========>                   35%] [Cov:=================>                 50%]
[Progress:==========>                   35%] [Cov:=================>                 50%]
[Progress:==========>                   35%] [Cov:=================>                 50%]
[Progress:==========>                   35%] [Cov:=================>                 50%]
[Progress:==========>                   35%] [Cov:=================>                 50%]
[Progress:==========>                   35%] [Cov:=================>                 50%]
[Progress:==========>                   35%] [Cov:=================>                 50%]
[Progress:==========>                   35%] [Cov:=================>                 50%]
[Progress:==========>                   36%] [Cov:=================>                 50%]
[Progress:==========>                   36%] [Cov:=================>                 50%]
[Progress:==========>                   36%] [Cov:=================>                 50%]
[Progress:==========>                   36%] [Cov:=================>                 50%]
[Progress:==========>                   36%] [Cov:=================>                 50%]
[Progress:==========>                   36%] [Cov:=================>                 50%]
[Progress:==========>                   36%] [Cov:=================>                 50%]
[Progress:==========>                   36%] [Cov:=================>                 50%]
[Progress:==========>                   36%] [Cov:=================>                 50%]
[Progress:==========>                   36%] [Cov:=================>                 50%]
[Progress:==========>                   36%] [Cov:=================>                 50%]
[Progress:==========>                   36%] [Cov:=================>                 50%]
[Progress:==========>                   36%] [Cov:=================>                 50%]
[Progress:==========>                   36%] [Cov:=================>                 50%]
[Progress:==========>                   36%] [Cov:=================>                 50%]
[Progress:==========>                   36%] [Cov:=================>                 50%]
[Progress:==========>                   36%] [Cov:=================>                 50%]
[Progress:==========>                   36%] [Cov:=================>                 50%]
[Progress:==========>                   36%] [Cov:=================>                 50%]
[Progress:==========>                   36%] [Cov:=================>                 50%]
[Progress:==========>                   36%] [Cov:=================>                 50%]
[Progress:==========>                   36%] [Cov:=================>                 50%]
[Progress:===========>                  38%] [Cov:=================>                 50%]
[Progress:===========>                  38%] [Cov:=================>                 50%]
[Progress:===========>                  38%] [Cov:=================>                 50%]
[Progress:===========>                  38%] [Cov:=================>                 50%]
[Progress:===========>                  38%] [Cov:=================>                 50%]
[Progress:===========>                  38%] [Cov:=================>                 50%]
[Progress:===========>                  38%] [Cov:=================>                 50%]
[Progress:===========>                  38%] [Cov:=================>                 50%]
[Progress:===========>                  38%] [Cov:=================>                 50%]
[Progress:===========>                  38%] [Cov:=================>                 50%]
[Progress:===========>                  38%] [Cov:=================>                 50%]
[Progress:===========>                  38%] [Cov:=================>                 50%]
[Progress:===========>                  38%] [Cov:=================>                 50%]
[Progress:===========>                  38%] [Cov:=================>                 50%]
[Progress:===========>                  38%] [Cov:=================>                 50%]
[Progress:===========>                  38%] [Cov:=================>                 50%]
[Progress:===========>                  38%] [Cov:=================>                 50%]
[Progress:===========>                  38%] [Cov:=================>                 50%]
[Progress:===========>                  38%] [Cov:=================>                 50%]
[Progress:============>                 40%] [Cov:=================>                 50%]
[Progress:============>                 40%] [Cov:=================>                 50%]
[Progress:============>                 40%] [Cov:=================>                 50%]
[Progress:============>                 40%] [Cov:=================>                 50%]
[Progress:============>                 40%] [Cov:=================>                 50%]
[Progress:============>                 40%] [Cov:=================>                 50%]
[Progress:============>                 40%] [Cov:=================>                 50%]
[Progress:============>                 40%] [Cov:=================>                 50%]
[Progress:============>                 40%] [Cov:=================>                 50%]
[Progress:============>                 40%] [Cov:=================>                 50%]
[Progress:============>                 40%] [Cov:=================>                 50%]
[Progress:============>                 40%] [Cov:=================>                 50%]
[Progress:============>                 40%] [Cov:=================>                 50%]
[Progress:============>                 40%] [Cov:=================>                 50%]
[Progress:============>                 40%] [Cov:=================>                 50%]
[Progress:============>                 40%] [Cov:=================>                 50%]
[Progress:============>                 40%] [Cov:=================>                 50%]
[Progress:============>                 40%] [Cov:=================>                 50%]
[Progress:============>                 40%] [Cov:=================>                 50%]
[Progress:============>                 40%] [Cov:=================>                 50%]
[Progress:============>                 41%] [Cov:=================>                 50%]
[Progress:============>                 41%] [Cov:=================>                 50%]
[Progress:============>                 41%] [Cov:=================>                 50%]
[Progress:============>                 41%] [Cov:=================>                 50%]
[Progress:============>                 41%] [Cov:=================>                 50%]
[Progress:============>                 41%] [Cov:=================>                 50%]
[Progress:============>                 41%] [Cov:=================>                 50%]
[Progress:============>                 41%] [Cov:=================>                 50%]
[Progress:============>                 41%] [Cov:=================>                 50%]
[Progress:============>                 41%] [Cov:=================>                 50%]
[Progress:============>                 41%] [Cov:=================>                 50%]
[Progress:============>                 41%] [Cov:=================>                 50%]
[Progress:============>                 41%] [Cov:=================>                 50%]
[Progress:===============>              50%] [Cov:=================>                 50%]
[Progress:===============>              50%] [Cov:=================>                 50%]
[Progress:===============>              50%] [Cov:=================>                 50%]
[Progress:===============>              50%] [Cov:=================>                 50%]
[Progress:===============>              50%] [Cov:=================>                 50%]
[Progress:===============>              50%] [Cov:=================>                 50%]
[Progress:===============>              51%] [Cov:=================>                 50%]
[Progress:===============>              51%] [Cov:=================>                 50%]
[Progress:===============>              51%] [Cov:=================>                 50%]
[Progress:===============>              51%] [Cov:=================>                 50%]
[Progress:===============>              51%] [Cov:=================>                 50%]
[Progress:===============>              51%] [Cov:=================>                 50%]
[Progress:===============>              51%] [Cov:=================>                 50%]
[Progress:===============>              51%] [Cov:=================>                 50%]
[Progress:===============>              51%] [Cov:=================>                 50%]
[Progress:===============>              51%] [Cov:=================>                 50%]
[Progress:===============>              51%] [Cov:=================>                 50%]
[Progress:===============>              51%] [Cov:=================>                 50%]
[Progress:===============>              51%] [Cov:=================>                 50%]
[Progress:===============>              51%] [Cov:=================>                 50%]
[Progress:===============>              51%] [Cov:=================>                 50%]
[Progress:===============>              51%] [Cov:=================>                 50%]
[Progress:===============>              53%] [Cov:=================>                 50%]
[Progress:===============>              53%] [Cov:=================>                 50%]
[Progress:===============>              53%] [Cov:=================>                 50%]
[Progress:===============>              53%] [Cov:=================>                 50%]
[Progress:===============>              53%] [Cov:=================>                 50%]
[Progress:===============>              53%] [Cov:=================>                 50%]
[Progress:===============>              53%] [Cov:=================>                 50%]
[Progress:===============>              53%] [Cov:=================>                 50%]
[Progress:===============>              53%] [Cov:=================>                 50%]
[Progress:===============>              53%] [Cov:=================>                 50%]
[Progress:===============>              53%] [Cov:=================>                 50%]
[Progress:===============>              53%] [Cov:=================>                 50%]
[Progress:===============>              53%] [Cov:=================>                 50%]
[Progress:===============>              53%] [Cov:=================>                 50%]
[Progress:===============>              53%] [Cov:=================>                 50%]
[Progress:===============>              53%] [Cov:=================>                 50%]
[Progress:===============>              53%] [Cov:=================>                 50%]
[Progress:===============>              53%] [Cov:=================>                 50%]
[Progress:================>             55%] [Cov:=================>                 50%]
[Progress:================>             55%] [Cov:=================>                 50%]
[Progress:================>             55%] [Cov:=================>                 50%]
[Progress:================>             55%] [Cov:=================>                 50%]
[Progress:================>             55%] [Cov:=================>                 50%]
[Progress:================>             55%] [Cov:=================>                 50%]
[Progress:================>             55%] [Cov:=================>                 50%]
[Progress:================>             55%] [Cov:=================>                 50%]
[Progress:================>             55%] [Cov:=================>                 50%]
[Progress:================>             55%] [Cov:=================>                 50%]
[Progress:================>             55%] [Cov:=================>                 50%]
[Progress:================>             55%] [Cov:=================>                 50%]
[Progress:================>             55%] [Cov:=================>                 50%]
[Progress:================>             55%] [Cov:=================>                 50%]
[Progress:================>             55%] [Cov:=================>                 50%]
[Progress:================>             55%] [Cov:=================>                 50%]
[Progress:================>             55%] [Cov:=================>                 50%]
[Progress:================>             55%] [Cov:=================>                 50%]
[Progress:================>             56%] [Cov:=================>                 50%]
[Progress:================>             56%] [Cov:=================>                 50%]
[Progress:================>             56%] [Cov:=================>                 50%]
[Progress:================>             56%] [Cov:=================>                 50%]
[Progress:================>             56%] [Cov:=================>                 50%]
[Progress:================>             56%] [Cov:=================>                 50%]
[Progress:================>             56%] [Cov:=================>                 50%]
[Progress:================>             56%] [Cov:=================>                 50%]
[Progress:================>             56%] [Cov:=================>                 50%]
[Progress:================>             56%] [Cov:=================>                 50%]
[Progress:================>             56%] [Cov:=================>                 50%]
[Progress:================>             56%] [Cov:=================>                 50%]
[Progress:================>             56%] [Cov:=================>                 50%]
[Progress:================>             56%] [Cov:=================>                 50%]
[Progress:================>             56%] [Cov:=================>                 50%]
[Progress:================>             56%] [Cov:=================>                 50%]
[Progress:================>             56%] [Cov:=================>                 50%]
[Progress:================>             56%] [Cov:=================>                 50%]
[Progress:================>             56%] [Cov:=================>                 50%]
[Progress:================>             56%] [Cov:=================>                 50%]
[Progress:=================>            58%] [Cov:=================>                 50%]
[Progress:=================>            58%] [Cov:=================>                 50%]
[Progress:=================>            58%] [Cov:=================>                 50%]
[Progress:=================>            58%] [Cov:=================>                 50%]
[Progress:=================>            58%] [Cov:=================>                 50%]
[Progress:=================>            58%] [Cov:=================>                 50%]
[Progress:=================>            58%] [Cov:=================>                 50%]
[Progress:=================>            58%] [Cov:=================>                 50%]
[Progress:=================>            58%] [Cov:=================>                 50%]
[Progress:=================>            58%] [Cov:=================>                 50%]
[Progress:=================>            58%] [Cov:=================>                 50%]
[Progress:=================>            58%] [Cov:=================>                 50%]
[Progress:=================>            58%] [Cov:=================>                 50%]
[Progress:=================>            58%] [Cov:=================>                 50%]
[Progress:=================>            58%] [Cov:=================>                 50%]
[Progress:=================>            58%] [Cov:=================>                 50%]
[Progress:=================>            58%] [Cov:=================>                 50%]
[Progress:=================>            58%] [Cov:=================>                 50%]
[Progress:=================>            58%] [Cov:=================>                 50%]
[Progress:=================>            58%] [Cov:=================>                 50%]
[Progress:=================>            58%] [Cov:=================>                 50%]
[Progress:==================>           60%] [Cov:=================>                 50%]
[Progress:==================>           60%] [Cov:=================>                 50%]
[Progress:==================>           60%] [Cov:=================>                 50%]
[Progress:==================>           60%] [Cov:=================>                 50%]
[Progress:==================>           60%] [Cov:=================>                 50%]
[Progress:==================>           60%] [Cov:=================>                 50%]
[Progress:==================>           60%] [Cov:=================>                 50%]
[Progress:==================>           60%] [Cov:=================>                 50%]
[Progress:==================>           60%] [Cov:=================>                 50%]
[Progress:==================>           60%] [Cov:=================>                 50%]
[Progress:==================>           60%] [Cov:=================>                 50%]
[Progress:==================>           60%] [Cov:==================>                52%]
[Progress:==================>           60%] [Cov:==================>                53%]
[Progress:==================>           60%] [Cov:==================>                53%]
[Progress:==================>           60%] [Cov:==================>                53%]
[Progress:==================>           60%] [Cov:==================>                53%]
[Progress:==================>           60%] [Cov:==================>                53%]
[Progress:==================>           60%] [Cov:==================>                53%]
[Progress:==================>           60%] [Cov:==================>                53%]
[Progress:==================>           60%] [Cov:==================>                53%]
[Progress:==================>           60%] [Cov:==================>                53%]
[Progress:==================>           60%] [Cov:==================>                53%]
[Progress:==================>           61%] [Cov:==================>                53%]
[Progress:==================>           61%] [Cov:==================>                53%]
[Progress:==================>           61%] [Cov:==================>                53%]
[Progress:==================>           61%] [Cov:==================>                53%]
[Progress:==================>           61%] [Cov:==================>                53%]
[Progress:==================>           61%] [Cov:==================>                53%]
[Progress:==================>           61%] [Cov:==================>                53%]
[Progress:==================>           63%] [Cov:==================>                53%]
[Progress:==================>           63%] [Cov:==================>                53%]
[Progress:===================>          65%] [Cov:==================>                53%]
[Progress:===================>          66%] [Cov:==================>                53%]
[Progress:====================>         68%] [Cov:==================>                53%]
[Progress:=====================>        70%] [Cov:==================>                53%]
[Progress:=====================>        70%] [Cov:==================>                53%]
[Progress:=====================>        71%] [Cov:==================>                53%]
[Progress:=====================>        71%] [Cov:==================>                53%]
[Progress:=====================>        73%] [Cov:==================>                53%]
[Progress:=====================>        73%] [Cov:==================>                53%]
[Progress:======================>       75%] [Cov:==================>                53%]
[Progress:======================>       75%] [Cov:==================>                53%]
[Progress:======================>       76%] [Cov:==================>                53%]
[Progress:=======================>      78%] [Cov:==================>                53%]
[Progress:========================>     80%] [Cov:==================>                53%]
[Progress:========================>     80%] [Cov:==================>                53%]
[Progress:========================>     81%] [Cov:==================>                53%]
[Progress:========================>     81%] [Cov:==================>                53%]
[Progress:========================>     83%] [Cov:==================>                53%]
[Progress:========================>     83%] [Cov:==================>                53%]
[Progress:=========================>    85%] [Cov:==================>                53%]
[Progress:=========================>    86%] [Cov:==================>                53%]
[Progress:=========================>    86%] [Cov:==================>                53%]
[Progress:==========================>   88%] [Cov:==================>                53%]
[Progress:==========================>   88%] [Cov:==================>                53%]
[Progress:===========================>  90%] [Cov:==================>                53%]
[Progress:===========================>  90%] [Cov:==================>                53%]
[Progress:===========================>  91%] [Cov:==================>                53%]
[Progress:===========================>  93%] [Cov:==================>                53%]
[Progress:===========================>  93%] [Cov:==================>                53%]
[Progress:============================> 95%] [Cov:==================>                53%]
[Progress:============================> 95%] [Cov:==================>                53%]
[Progress:============================> 96%] [Cov:==================>                53%]
[Progress:============================> 96%] [Cov:==================>                53%]
[Progress:=============================>98%] [Cov:==================>                53%]
[Progress:=============================>98%] [Cov:==================>                53%]
[Progress:==============================100%] [Cov:==================>                53%]
[Progress:==============================100%] [Cov:==================>                53%]
[Progress:==============================100%] [Cov:==================>                53%]
[Progress:==============================100%] [Cov:==================>                53%]
* Search finished after 61s and 432 generations, 221634 statements, best individual has fitness: 88.89541778975742
* Minimizing test suite
* Going to analyze the coverage criteria
* Coverage analysis for criterion LINE
* Coverage of criterion LINE: 30%
* Total number of goals: 74
* Number of covered goals: 22
* Coverage analysis for criterion BRANCH
* Coverage of criterion BRANCH: 30%
* Total number of goals: 64
* Number of covered goals: 19
* Coverage analysis for criterion EXCEPTION
* Coverage of criterion EXCEPTION: 100%
* Total number of goals: 4
* Number of covered goals: 4
* Generated 5 tests with total length 40
* Resulting test suite's coverage: 53% (average coverage for all fitness functions)
* Generating assertions
* Resulting test suite's mutation score: 0%
* Compiling and checking tests
* Permissions denied during test execution: 
  - java.lang.RuntimePermission: 
         getStackWalkerWithClassReference: 1
         writeFileDescriptor: 4
* Writing tests to file
* Writing JUnit test case 'ClosureReverseAbstractInterpreter_ESTest' to /work/evo_out/Closure_138f/budget60_seed1/tests
* Done!

* Computation finished

[exit=0 timeout=False time=73.8s]

$ java -Djava.awt.headless=true -cp /opt/defects4j/framework/projects/lib/junit-4.12-hamcrest-1.3.jar:/opt/evosuite/evosuite-1.2.0.jar:/work/Closure_138f/build/classes:/work/Closure_138f/lib/ant_deploy.jar:/work/Closure_138f/lib/args4j_deploy.jar:/work/Closure_138f/lib/google_common_deploy.jar:/work/Closure_138f/lib/hamcrest-core-1.1.jar:/work/Closure_138f/lib/libtrunk_rhino_parser_jarjared.jar:/work/Closure_138f/lib/protobuf_deploy.jar:/work/Closure_138f/build/test org.evosuite.EvoSuite -generateSuite -class com.google.javascript.jscomp.TypeInference -projectCP /opt/defects4j/framework/projects/lib/junit-4.12-hamcrest-1.3.jar:/work/Closure_138f/build/classes:/work/Closure_138f/lib/ant_deploy.jar:/work/Closure_138f/lib/args4j_deploy.jar:/work/Closure_138f/lib/google_common_deploy.jar:/work/Closure_138f/lib/hamcrest-core-1.1.jar:/work/Closure_138f/lib/libtrunk_rhino_parser_jarjared.jar:/work/Closure_138f/lib/protobuf_deploy.jar:/work/Closure_138f/build/test -Dcriterion=LINE:BRANCH:EXCEPTION -Dsearch_budget=60 -seed 1 -Dtest_dir=/work/evo_out/Closure_138f/budget60_seed1/tests -Dreport_dir=/work/evo_out/Closure_138f/budget60_seed1/report
* EvoSuite 1.2.0
* Going to generate test cases for class: com.google.javascript.jscomp.TypeInference
* Starting Client-0
* Connecting to master process on port 9922
* Analyzing classpath: 
  - /opt/defects4j/framework/projects/lib/junit-4.12-hamcrest-1.3.jar
  - /work/Closure_138f/build/classes
  - /work/Closure_138f/lib/ant_deploy.jar
  - /work/Closure_138f/lib/args4j_deploy.jar
  - /work/Closure_138f/lib/google_common_deploy.jar
  - /work/Closure_138f/lib/hamcrest-core-1.1.jar
  - /work/Closure_138f/lib/libtrunk_rhino_parser_jarjared.jar
  - /work/Closure_138f/lib/protobuf_deploy.jar
  - /work/Closure_138f/build/test
[MASTER] 10:41:18.215 [logback-1] WARN  InheritanceTree - Class not in inheritance graph: java.util.Locale$IsoCountryCode
[MASTER] 10:41:18.243 [logback-1] WARN  InheritanceTree - Class not in inheritance graph: java.io.ObjectInputFilter
[MASTER] 10:41:18.460 [logback-1] WARN  InheritanceTree - Class not in inheritance graph: java.lang.module.ModuleFinder
* Finished analyzing classpath
* Generating tests for class com.google.javascript.jscomp.TypeInference
* Test criteria:
  - Line Coverage
  - Branch Coverage
  - Exception
* Setting up search algorithm for whole suite generation
* Total number of test goals: 
  - Line 515
  - Branch 598
  - Exception 0

[Progress:>                             0%] [Cov:>                                  0%]* Using seed 1
* Starting evolution
[MASTER] 10:41:19.499 [logback-1] WARN  TestCluster - Failed to check cache for java.util.PriorityQueue<E> : Type points to itself
[MASTER] 10:41:20.343 [logback-1] WARN  MSecurityManager - SUT asked for a runtime permission that EvoSuite does not recognize: getStackWalkerWithClassReference

[Progress:>                             1%] [Cov:>                                  0%]
[Progress:>                             1%] [Cov:===========>                       33%]
[Progress:>                             1%] [Cov:============>                      35%]
[Progress:>                             3%] [Cov:>                                  0%]
[Progress:>                             3%] [Cov:===========>                       33%]
[Progress:>                             3%] [Cov:===========>                       34%]
[Progress:>                             3%] [Cov:===============>                   44%]
[Progress:=>                            5%] [Cov:===>                               9%]
[Progress:=>                            5%] [Cov:==============>                    42%]
[Progress:=>                            5%] [Cov:===============>                   43%]
[Progress:=>                            5%] [Cov:==============>                    42%]
[Progress:=>                            5%] [Cov:===============>                   43%]
[Progress:=>                            6%] [Cov:===============>                   44%]
[Progress:=>                            6%] [Cov:===============>                   44%]
[Progress:=>                            6%] [Cov:===============>                   44%]
[Progress:=>                            6%] [Cov:===============>                   44%]
[Progress:=>                            6%] [Cov:===============>                   45%]
[Progress:==>                           8%] [Cov:===============>                   44%]
[Progress:==>                           8%] [Cov:===============>                   45%]
[Progress:==>                           8%] [Cov:===============>                   45%]
[Progress:==>                           8%] [Cov:===============>                   45%]
[Progress:===>                          10%] [Cov:===============>                   45%]
[Progress:===>                          10%] [Cov:===============>                   45%]
[Progress:===>                          10%] [Cov:===============>                   45%]
[Progress:===>                          11%] [Cov:===============>                   45%]
[Progress:===>                          11%] [Cov:===============>                   45%]
[Progress:===>                          11%] [Cov:===============>                   45%]
[Progress:===>                          13%] [Cov:===============>                   45%]
[Progress:===>                          13%] [Cov:===============>                   45%]
[Progress:===>                          13%] [Cov:===============>                   45%]
[Progress:====>                         15%] [Cov:===============>                   45%]
[Progress:====>                         15%] [Cov:===============>                   45%]
[Progress:====>                         15%] [Cov:===============>                   45%]
[Progress:====>                         16%] [Cov:===============>                   45%]
[Progress:====>                         16%] [Cov:===============>                   45%]
[Progress:====>                         16%] [Cov:===============>                   45%]
[Progress:=====>                        18%] [Cov:===============>                   45%]
[Progress:=====>                        18%] [Cov:===============>                   45%]
[Progress:=====>                        18%] [Cov:===============>                   45%]
[Progress:======>                       20%] [Cov:===============>                   45%]
[Progress:======>                       20%] [Cov:===============>                   45%]
[Progress:======>                       20%] [Cov:===============>                   45%]
[Progress:======>                       21%] [Cov:===============>                   45%]
[Progress:======>                       21%] [Cov:===============>                   45%]
[Progress:======>                       21%] [Cov:===============>                   45%]
[Progress:======>                       23%] [Cov:===============>                   45%]
[Progress:======>                       23%] [Cov:===============>                   45%]
[Progress:======>                       23%] [Cov:===============>                   45%]
[Progress:======>                       23%] [Cov:===============>                   45%]
[Progress:=======>                      25%] [Cov:===============>                   45%]
[Progress:=======>                      25%] [Cov:===============>                   45%]
[Progress:=======>                      25%] [Cov:===============>                   45%]
[Progress:=======>                      25%] [Cov:===============>                   45%]
[Progress:=======>                      26%] [Cov:===============>                   45%]
[Progress:=======>                      26%] [Cov:===============>                   45%]
[Progress:=======>                      26%] [Cov:===============>                   45%]
[Progress:========>                     28%] [Cov:===============>                   45%]
[Progress:========>                     28%] [Cov:===============>                   45%]
[Progress:=========>                    30%] [Cov:===============>                   45%]
[Progress:=========>                    30%] [Cov:===============>                   45%]
[Progress:=========>                    31%] [Cov:===============>                   45%]
[Progress:=========>                    31%] [Cov:================>                  46%]
[Progress:=========>                    31%] [Cov:================>                  46%]
[Progress:=========>                    33%] [Cov:================>                  46%]
[Progress:=========>                    33%] [Cov:================>                  46%][MASTER] 10:41:39.036 [logback-1] WARN  TestCluster - Failed to check cache for com.google.javascript.jscomp.ControlFlowGraph<N>.Branch : Type points to itself

[Progress:=========>                    33%] [Cov:================>                  46%]
[Progress:==========>                   35%] [Cov:================>                  46%]
[Progress:==========>                   35%] [Cov:================>                  46%]
[Progress:==========>                   35%] [Cov:================>                  46%]
[Progress:==========>                   36%] [Cov:================>                  46%]
[Progress:==========>                   36%] [Cov:================>                  46%]
[Progress:==========>                   36%] [Cov:================>                  46%]
[Progress:===========>                  38%] [Cov:================>                  46%]
[Progress:===========>                  38%] [Cov:================>                  46%]
[Progress:===========>                  38%] [Cov:================>                  46%]
[Progress:============>                 40%] [Cov:================>                  46%]
[Progress:============>                 40%] [Cov:================>                  46%]
[Progress:============>                 40%] [Cov:================>                  46%]
[Progress:============>                 41%] [Cov:================>                  46%]
[Progress:============>                 41%] [Cov:================>                  46%]
[Progress:============>                 43%] [Cov:================>                  46%]
[Progress:============>                 43%] [Cov:================>                  46%]
[Progress:============>                 43%] [Cov:================>                  46%]
[Progress:=============>                45%] [Cov:================>                  46%]
[Progress:=============>                45%] [Cov:================>                  46%]
[Progress:=============>                46%] [Cov:================>                  46%]
[Progress:=============>                46%] [Cov:================>                  46%]
[Progress:==============>               48%] [Cov:================>                  46%]
[Progress:==============>               48%] [Cov:================>                  46%]
[Progress:===============>              50%] [Cov:================>                  46%]
[Progress:===============>              50%] [Cov:================>                  46%]
[Progress:===============>              51%] [Cov:================>                  46%]
[Progress:===============>              51%] [Cov:================>                  46%]
[Progress:===============>              53%] [Cov:================>                  46%]
[Progress:===============>              53%] [Cov:=================>                 49%]
[Progress:===============>              53%] [Cov:=================>                 51%]
[Progress:================>             55%] [Cov:=================>                 51%]
[Progress:================>             56%] [Cov:=================>                 51%]
[Progress:================>             56%] [Cov:=================>                 51%]
[Progress:=================>            58%] [Cov:=================>                 51%]
[Progress:=================>            58%] [Cov:=================>                 51%]
[Progress:==================>           60%] [Cov:=================>                 51%]
[Progress:==================>           60%] [Cov:=================>                 51%]
[Progress:==================>           60%] [Cov:=================>                 51%]
[Progress:==================>           61%] [Cov:=================>                 51%]
[Progress:==================>           61%] [Cov:=================>                 51%]
[Progress:==================>           63%] [Cov:=================>                 51%]
[Progress:==================>           63%] [Cov:=================>                 51%]
[Progress:==================>           63%] [Cov:=================>                 51%]
[Progress:===================>          65%] [Cov:=================>                 51%]
[Progress:===================>          65%] [Cov:=================>                 51%]
[Progress:===================>          66%] [Cov:=================>                 51%]
[Progress:===================>          66%] [Cov:=================>                 51%]
[Progress:===================>          66%] [Cov:=================>                 51%]
[Progress:====================>         68%] [Cov:=================>                 51%]
[Progress:====================>         68%] [Cov:=================>                 51%]
[Progress:=====================>        70%] [Cov:=================>                 51%]
[Progress:=====================>        70%] [Cov:=================>                 51%]
[Progress:=====================>        71%] [Cov:=================>                 51%]
[Progress:=====================>        71%] [Cov:=================>                 51%]
[Progress:=====================>        73%] [Cov:=================>                 51%]
[Progress:=====================>        73%] [Cov:=================>                 51%]
[Progress:======================>       75%] [Cov:=================>                 51%]
[Progress:======================>       75%] [Cov:=================>                 51%]
[Progress:======================>       75%] [Cov:==================>                52%]
[Progress:======================>       76%] [Cov:=================>                 51%]
[Progress:======================>       76%] [Cov:==================>                52%]
[Progress:=======================>      78%] [Cov:==================>                52%]
[Progress:=======================>      78%] [Cov:==================>                52%]
[Progress:========================>     80%] [Cov:==================>                52%]
[Progress:========================>     80%] [Cov:==================>                52%]
[Progress:========================>     81%] [Cov:==================>                52%]
[Progress:========================>     81%] [Cov:==================>                52%]
[Progress:========================>     83%] [Cov:==================>                52%]
[Progress:========================>     83%] [Cov:==================>                52%]
[Progress:=========================>    85%] [Cov:==================>                52%]
[Progress:=========================>    85%] [Cov:==================>                52%]
[Progress:=========================>    86%] [Cov:==================>                52%]
[Progress:=========================>    86%] [Cov:==================>                52%]
[Progress:==========================>   88%] [Cov:==================>                52%]
[Progress:==========================>   88%] [Cov:==================>                52%]
[Progress:===========================>  90%] [Cov:==================>                52%]
[Progress:===========================>  90%] [Cov:==================>                52%]
[Progress:===========================>  90%] [Cov:==================>                52%]
[Progress:===========================>  91%] [Cov:==================>                52%]
[Progress:===========================>  91%] [Cov:==================>                52%]
[Progress:===========================>  93%] [Cov:==================>                52%]
[Progress:===========================>  93%] [Cov:==================>                52%]
[Progress:============================> 95%] [Cov:==================>                52%]
[Progress:============================> 95%] [Cov:==================>                52%]
[Progress:============================> 95%] [Cov:==================>                52%]
[Progress:============================> 96%] [Cov:==================>                52%]
[Progress:============================> 96%] [Cov:==================>                52%]
[Progress:============================> 96%] [Cov:==================>                53%]
[Progress:=============================>98%] [Cov:==================>                52%]
[Progress:=============================>98%] [Cov:==================>                53%]
[Progress:==============================100%] [Cov:==================>                53%]
[Progress:==============================100%] [Cov:==================>                53%]
[Progress:==============================100%] [Cov:==================>                53%]
[Progress:==============================100%] [Cov:==================>                53%]
* Search finished after 61s and 92 generations, 57967 statements, best individual has fitness: 609.0023115987954
* Minimizing test suite
* Going to analyze the coverage criteria
* Coverage analysis for criterion LINE
* Coverage of criterion LINE: 27%
* Total number of goals: 515
* Number of covered goals: 140
* Coverage analysis for criterion BRANCH
* Coverage of criterion BRANCH: 33%
* Total number of goals: 598
* Number of covered goals: 197
* Coverage analysis for criterion EXCEPTION
* Coverage of criterion EXCEPTION: 100%
* Total number of goals: 7
* Number of covered goals: 7
* Generated 27 tests with total length 299
* Resulting test suite's coverage: 53% (average coverage for all fitness functions)
* Generating assertions
* Resulting test suite's mutation score: 5%
* Compiling and checking tests
* Permissions denied during test execution: 
  - java.lang.RuntimePermission: 
         getStackWalkerWithClassReference: 1
         writeFileDescriptor: 17
* Writing tests to file
* Writing JUnit test case 'TypeInference_ESTest' to /work/evo_out/Closure_138f/budget60_seed1/tests
* Done!

* Computation finished

[exit=0 timeout=False time=91.9s]

$ javac -nowarn -cp /work/Closure_138f/build/classes:/opt/defects4j/framework/projects/lib/junit-4.12-hamcrest-1.3.jar:/work/Closure_138f/build/classes:/work/Closure_138f/lib/ant_deploy.jar:/work/Closure_138f/lib/args4j_deploy.jar:/work/Closure_138f/lib/google_common_deploy.jar:/work/Closure_138f/lib/libtrunk_rhino_parser_jarjared.jar:/work/Closure_138f/lib/protobuf_deploy.jar:/work/Closure_138f/build/test:/opt/evosuite/evosuite-standalone-runtime-1.2.0.jar -d /work/evo_out/Closure_138f/budget60_seed1/classes /work/evo_out/Closure_138f/budget60_seed1/tests/com/google/javascript/jscomp/ClosureReverseAbstractInterpreter_ESTest.java /work/evo_out/Closure_138f/budget60_seed1/tests/com/google/javascript/jscomp/ClosureReverseAbstractInterpreter_ESTest_scaffolding.java /work/evo_out/Closure_138f/budget60_seed1/tests/com/google/javascript/jscomp/TypeInference_ESTest.java /work/evo_out/Closure_138f/budget60_seed1/tests/com/google/javascript/jscomp/TypeInference_ESTest_scaffolding.java

[exit=0 timeout=False time=0.8s]

$ java -jar /opt/jacoco/lib/jacococli.jar instrument /work/Closure_138f/build/classes --dest /work/evo_out/Closure_138f/budget60_seed1/instrumented
[INFO] 1000 classes instrumented to /work/evo_out/Closure_138f/budget60_seed1/instrumented.

[exit=0 timeout=False time=0.8s]

$ java -Djacoco-agent.destfile=/workspace/EvoSuite/Result_Round1/Closure_138/budget60_seed1/jacoco.exec -cp /work/evo_out/Closure_138f/budget60_seed1/instrumented:/work/evo_out/Closure_138f/budget60_seed1/classes:/opt/defects4j/framework/projects/lib/junit-4.12-hamcrest-1.3.jar:/work/Closure_138f/build/classes:/work/Closure_138f/lib/ant_deploy.jar:/work/Closure_138f/lib/args4j_deploy.jar:/work/Closure_138f/lib/google_common_deploy.jar:/work/Closure_138f/lib/libtrunk_rhino_parser_jarjared.jar:/work/Closure_138f/lib/protobuf_deploy.jar:/work/Closure_138f/build/test:/opt/evosuite/evosuite-standalone-runtime-1.2.0.jar:/opt/jacoco/lib/jacocoagent.jar org.junit.runner.JUnitCore com.google.javascript.jscomp.ClosureReverseAbstractInterpreter_ESTest com.google.javascript.jscomp.TypeInference_ESTest
JUnit version 4.12
..E..............................
Time: 3.251
There was 1 failure:
1) test0(com.google.javascript.jscomp.ClosureReverseAbstractInterpreter_ESTest)
java.lang.StackOverflowError
	at com.google.javascript.jscomp.ClosureReverseAbstractInterpreter.getPreciserScopeKnowingConditionOutcome(ClosureReverseAbstractInterpreter.java:203)
	at com.google.javascript.jscomp.ChainableReverseAbstractInterpreter.nextPreciserScopeKnowingConditionOutcome(ChainableReverseAbstractInterpreter.java:108)
	at com.google.javascript.jscomp.ClosureReverseAbstractInterpreter.getPreciserScopeKnowingConditionOutcome(ClosureReverseAbstractInterpreter.java:221)
	at com.google.javascript.jscomp.ChainableReverseAbstractInterpreter.nextPreciserScopeKnowingConditionOutcome(ChainableReverseAbstractInterpreter.java:108)
	at com.google.javascript.jscomp.ClosureReverseAbstractInterpreter.getPreciserScopeKnowingConditionOutcome(ClosureReverseAbstractInterpreter.java:221)
	at com.google.javascript.jscomp.ChainableReverseAbstractInterpreter.nextPreciserScopeKnowingConditionOutcome(ChainableReverseAbstractInterpreter.java:108)
	at com.google.javascript.jscomp.ClosureReverseAbstractInterpreter.getPreciserScopeKnowingConditionOutcome(ClosureReverseAbstractInterpreter.java:221)
	at com.google.javascript.jscomp.ChainableReverseAbstractInterpreter.nextPreciserScopeKnowingConditionOutcome(ChainableReverseAbstractInterpreter.java:108)
	at com.google.javascript.jscomp.ClosureReverseAbstractInterpreter.getPreciserScopeKnowingConditionOutcome(ClosureReverseAbstractInterpreter.java:221)
	at com.google.javascript.jscomp.ChainableReverseAbstractInterpreter.nextPreciserScopeKnowingConditionOutcome(ChainableReverseAbstractInterpreter.java:108)
	at com.google.javascript.jscomp.ClosureReverseAbstractInterpreter.getPreciserScopeKnowingConditionOutcome(ClosureReverseAbstractInterpreter.java:221)
	at com.google.javascript.jscomp.ChainableReverseAbstractInterpreter.nextPreciserScopeKnowingConditionOutcome(ChainableReverseAbstractInterpreter.java:108)
	at com.google.javascript.jscomp.ClosureReverseAbstractInterpreter.getPreciserScopeKnowingConditionOutcome(ClosureReverseAbstractInterpreter.java:221)
	at com.google.javascript.jscomp.ChainableReverseAbstractInterpreter.nextPreciserScopeKnowingConditionOutcome(ChainableReverseAbstractInterpreter.java:108)
	at com.google.javascript.jscomp.ClosureReverseAbstractInterpreter.getPreciserScopeKnowingConditionOutcome(ClosureReverseAbstractInterpreter.java:221)
	at com.google.javascript.jscomp.ChainableReverseAbstractInterpreter.nextPreciserScopeKnowingConditionOutcome(ChainableReverseAbstractInterpreter.java:108)
	at com.google.javascript.jscomp.ClosureReverseAbstractInterpreter.getPreciserScopeKnowingConditionOutcome(ClosureReverseAbstractInterpreter.java:221)
	at com.google.javascript.jscomp.ChainableReverseAbstractInterpreter.nextPreciserScopeKnowingConditionOutcome(ChainableReverseAbstractInterpreter.java:108)
	at com.google.javascript.jscomp.ClosureReverseAbstractInterpreter.getPreciserScopeKnowingConditionOutcome(ClosureReverseAbstractInterpreter.java:221)
	at com.google.javascript.jscomp.ChainableReverseAbstractInterpreter.nextPreciserScopeKnowingConditionOutcome(ChainableReverseAbstractInterpreter.java:108)
	at com.google.javascript.jscomp.ClosureReverseAbstractInterpreter.getPreciserScopeKnowingConditionOutcome(ClosureReverseAbstractInterpreter.java:221)
	at com.google.javascript.jscomp.ChainableReverseAbstractInterpreter.nextPreciserScopeKnowingConditionOutcome(ChainableReverseAbstractInterpreter.java:108)
	at com.google.javascript.jscomp.ClosureReverseAbstractInterpreter.getPreciserScopeKnowingConditionOutcome(ClosureReverseAbstractInterpreter.java:221)
	at com.google.javascript.jscomp.ChainableReverseAbstractInterpreter.nextPreciserScopeKnowingConditionOutcome(ChainableReverseAbstractInterpreter.java:108)
	at com.google.javascript.jscomp.ClosureReverseAbstractInterpreter.getPreciserScopeKnowingConditionOutcome(ClosureReverseAbstractInterpreter.java:221)
	at com.google.javascript.jscomp.ChainableReverseAbstractInterpreter.nextPreciserScopeKnowingConditionOutcome(ChainableReverseAbstractInterpreter.java:108)
	at com.google.javascript.jscomp.ClosureReverseAbstractInterpreter.getPreciserScopeKnowingConditionOutcome(ClosureReverseAbstractInterpreter.java:221)
	at com.google.javascript.jscomp.ChainableReverseAbstractInterpreter.nextPreciserScopeKnowingConditionOutcome(ChainableReverseAbstractInterpreter.java:108)
	at com.google.javascript.jscomp.ClosureReverseAbstractInterpreter.getPreciserScopeKnowingConditionOutcome(ClosureReverseAbstractInterpreter.java:221)
	at com.google.javascript.jscomp.ChainableReverseAbstractInterpreter.nextPreciserScopeKnowingConditionOutcome(ChainableReverseAbstractInterpreter.java:108)
	at com.google.javascript.jscomp.ClosureReverseAbstractInterpreter.getPreciserScopeKnowingConditionOutcome(ClosureReverseAbstractInterpreter.java:221)
	at com.google.javascript.jscomp.ChainableReverseAbstractInterpreter.nextPreciserScopeKnowingConditionOutcome(ChainableReverseAbstractInterpreter.java:108)
	at com.google.javascript.jscomp.ClosureReverseAbstractInterpreter.getPreciserScopeKnowingConditionOutcome(ClosureReverseAbstractInterpreter.java:221)
	at com.google.javascript.jscomp.ChainableReverseAbstractInterpreter.nextPreciserScopeKnowingConditionOutcome(ChainableReverseAbstractInterpreter.java:108)
	at com.google.javascript.jscomp.ClosureReverseAbstractInterpreter.getPreciserScopeKnowingConditionOutcome(ClosureReverseAbstractInterpreter.java:221)
	at com.google.javascript.jscomp.ChainableReverseAbstractInterpreter.nextPreciserScopeKnowingConditionOutcome(ChainableReverseAbstractInterpreter.java:108)
	at com.google.javascript.jscomp.ClosureReverseAbstractInterpreter.getPreciserScopeKnowingConditionOutcome(ClosureReverseAbstractInterpreter.java:221)
	at com.google.javascript.jscomp.ChainableReverseAbstractInterpreter.nextPreciserScopeKnowingConditionOutcome(ChainableReverseAbstractInterpreter.java:108)
	at com.google.javascript.jscomp.ClosureReverseAbstractInterpreter.getPreciserScopeKnowingConditionOutcome(ClosureReverseAbstractInterpreter.java:221)
	at com.google.javascript.jscomp.ChainableReverseAbstractInterpreter.nextPreciserScopeKnowingConditionOutcome(ChainableReverseAbstractInterpreter.java:108)
	at com.google.javascript.jscomp.ClosureReverseAbstractInterpreter.getPreciserScopeKnowingConditionOutcome(ClosureReverseAbstractInterpreter.java:221)
	at com.google.javascript.jscomp.ChainableReverseAbstractInterpreter.nextPreciserScopeKnowingConditionOutcome(ChainableReverseAbstractInterpreter.java:108)
	at com.google.javascript.jscomp.ClosureReverseAbstractInterpreter.getPreciserScopeKnowingConditionOutcome(ClosureReverseAbstractInterpreter.java:221)
	at com.google.javascript.jscomp.ChainableReverseAbstractInterpreter.nextPreciserScopeKnowingConditionOutcome(ChainableReverseAbstractInterpreter.java:108)
	at com.google.javascript.jscomp.ClosureReverseAbstractInterpreter.getPreciserScopeKnowingConditionOutcome(ClosureReverseAbstractInterpreter.java:221)
	at com.google.javascript.jscomp.ChainableReverseAbstractInterpreter.nextPreciserScopeKnowingConditionOutcome(ChainableReverseAbstractInterpreter.java:108)
	at com.google.javascript.jscomp.ClosureReverseAbstractInterpreter.getPreciserScopeKnowingConditionOutcome(ClosureReverseAbstractInterpreter.java:221)
	at com.google.javascript.jscomp.ChainableReverseAbstractInterpreter.nextPreciserScopeKnowingConditionOutcome(ChainableReverseAbstractInterpreter.java:108)
	at com.google.javascript.jscomp.ClosureReverseAbstractInterpreter.getPreciserScopeKnowingConditionOutcome(ClosureReverseAbstractInterpreter.java:221)
	at com.google.javascript.jscomp.ChainableReverseAbstractInterpreter.nextPreciserScopeKnowingConditionOutcome(ChainableReverseAbstractInterpreter.java:108)
	at com.google.javascript.jscomp.ClosureReverseAbstractInterpreter.getPreciserScopeKnowingConditionOutcome(ClosureReverseAbstractInterpreter.java:221)
	at com.google.javascript.jscomp.ChainableReverseAbstractInterpreter.nextPreciserScopeKnowingConditionOutcome(ChainableReverseAbstractInterpreter.java:108)
	at com.google.javascript.jscomp.ClosureReverseAbstractInterpreter.getPreciserScopeKnowingConditionOutcome(ClosureReverseAbstractInterpreter.java:221)
	at com.google.javascript.jscomp.ChainableReverseAbstractInterpreter.nextPreciserScopeKnowingConditionOutcome(ChainableReverseAbstractInterpreter.java:108)
	at com.google.javascript.jscomp.ClosureReverseAbstractInterpreter.getPreciserScopeKnowingConditionOutcome(ClosureReverseAbstractInterpreter.java:221)
	at com.google.javascript.jscomp.ChainableReverseAbstractInterpreter.nextPreciserScopeKnowingConditionOutcome(ChainableReverseAbstractInterpreter.java:108)
	at com.google.javascript.jscomp.ClosureReverseAbstractInterpreter.getPreciserScopeKnowingConditionOutcome(ClosureReverseAbstractInterpreter.java:221)
	at com.google.javascript.jscomp.ChainableReverseAbstractInterpreter.nextPreciserScopeKnowingConditionOutcome(ChainableReverseAbstractInterpreter.java:108)
	at com.google.javascript.jscomp.ClosureReverseAbstractInterpreter.getPreciserScopeKnowingConditionOutcome(ClosureReverseAbstractInterpreter.java:221)
	at com.google.javascript.jscomp.ChainableReverseAbstractInterpreter.nextPreciserScopeKnowingConditionOutcome(ChainableReverseAbstractInterpreter.java:108)
	at com.google.javascript.jscomp.ClosureReverseAbstractInterpreter.getPreciserScopeKnowingConditionOutcome(ClosureReverseAbstractInterpreter.java:221)
	at com.google.javascript.jscomp.ChainableReverseAbstractInterpreter.nextPreciserScopeKnowingConditionOutcome(ChainableReverseAbstractInterpreter.java:108)
	at com.google.javascript.jscomp.ClosureReverseAbstractInterpreter.getPreciserScopeKnowingConditionOutcome(ClosureReverseAbstractInterpreter.java:221)
	at com.google.javascript.jscomp.ChainableReverseAbstractInterpreter.nextPreciserScopeKnowingConditionOutcome(ChainableReverseAbstractInterpreter.java:108)
	at com.google.javascript.jscomp.ClosureReverseAbstractInterpreter.getPreciserScopeKnowingConditionOutcome(ClosureReverseAbstractInterpreter.java:221)
	at com.google.javascript.jscomp.ChainableReverseAbstractInterpreter.nextPreciserScopeKnowingConditionOutcome(ChainableReverseAbstractInterpreter.java:108)
	at com.google.javascript.jscomp.ClosureReverseAbstractInterpreter.getPreciserScopeKnowingConditionOutcome(ClosureReverseAbstractInterpreter.java:221)
	at com.google.javascript.jscomp.ChainableReverseAbstractInterpreter.nextPreciserScopeKnowingConditionOutcome(ChainableReverseAbstractInterpreter.java:108)
	at com.google.javascript.jscomp.ClosureReverseAbstractInterpreter.getPreciserScopeKnowingConditionOutcome(ClosureReverseAbstractInterpreter.java:221)
	at com.google.javascript.jscomp.ChainableReverseAbstractInterpreter.nextPreciserScopeKnowingConditionOutcome(ChainableReverseAbstractInterpreter.java:108)
	at com.google.javascript.jscomp.ClosureReverseAbstractInterpreter.getPreciserScopeKnowingConditionOutcome(ClosureReverseAbstractInterpreter.java:221)
	at com.google.javascript.jscomp.ChainableReverseAbstractInterpreter.nextPreciserScopeKnowingConditionOutcome(ChainableReverseAbstractInterpreter.java:108)
	at com.google.javascript.jscomp.ClosureReverseAbstractInterpreter.getPreciserScopeKnowingConditionOutcome(ClosureReverseAbstractInterpreter.java:221)
	at com.google.javascript.jscomp.ChainableReverseAbstractInterpreter.nextPreciserScopeKnowingConditionOutcome(ChainableReverseAbstractInterpreter.java:108)
	at com.google.javascript.jscomp.ClosureReverseAbstractInterpreter.getPreciserScopeKnowingConditionOutcome(ClosureReverseAbstractInterpreter.java:221)
	at com.google.javascript.jscomp.ChainableReverseAbstractInterpreter.nextPreciserScopeKnowingConditionOutcome(ChainableReverseAbstractInterpreter.java:108)
	at com.google.javascript.jscomp.ClosureReverseAbstractInterpreter.getPreciserScopeKnowingConditionOutcome(ClosureReverseAbstractInterpreter.java:221)
	at com.google.javascript.jscomp.ChainableReverseAbstractInterpreter.nextPreciserScopeKnowingConditionOutcome(ChainableReverseAbstractInterpreter.java:108)
	at com.google.javascript.jscomp.ClosureReverseAbstractInterpreter.getPreciserScopeKnowingConditionOutcome(ClosureReverseAbstractInterpreter.java:221)
	at com.google.javascript.jscomp.ChainableReverseAbstractInterpreter.nextPreciserScopeKnowingConditionOutcome(ChainableReverseAbstractInterpreter.java:108)
	at com.google.javascript.jscomp.ClosureReverseAbstractInterpreter.getPreciserScopeKnowingConditionOutcome(ClosureReverseAbstractInterpreter.java:221)
	at com.google.javascript.jscomp.ChainableReverseAbstractInterpreter.nextPreciserScopeKnowingConditionOutcome(ChainableReverseAbstractInterpreter.java:108)
	at com.google.javascript.jscomp.ClosureReverseAbstractInterpreter.getPreciserScopeKnowingConditionOutcome(ClosureReverseAbstractInterpreter.java:221)
	at com.google.javascript.jscomp.ChainableReverseAbstractInterpreter.nextPreciserScopeKnowingConditionOutcome(ChainableReverseAbstractInterpreter.java:108)
	at com.google.javascript.jscomp.ClosureReverseAbstractInterpreter.getPreciserScopeKnowingConditionOutcome(ClosureReverseAbstractInterpreter.java:221)
	at com.google.javascript.jscomp.ChainableReverseAbstractInterpreter.nextPreciserScopeKnowingConditionOutcome(ChainableReverseAbstractInterpreter.java:108)
	at com.google.javascript.jscomp.ClosureReverseAbstractInterpreter.getPreciserScopeKnowingConditionOutcome(ClosureReverseAbstractInterpreter.java:221)
	at com.google.javascript.jscomp.ChainableReverseAbstractInterpreter.nextPreciserScopeKnowingConditionOutcome(ChainableReverseAbstractInterpreter.java:108)
	at com.google.javascript.jscomp.ClosureReverseAbstractInterpreter.getPreciserScopeKnowingConditionOutcome(ClosureReverseAbstractInterpreter.java:221)
	at com.google.javascript.jscomp.ChainableReverseAbstractInterpreter.nextPreciserScopeKnowingConditionOutcome(ChainableReverseAbstractInterpreter.java:108)
	at com.google.javascript.jscomp.ClosureReverseAbstractInterpreter.getPreciserScopeKnowingConditionOutcome(ClosureReverseAbstractInterpreter.java:221)
	at com.google.javascript.jscomp.ChainableReverseAbstractInterpreter.nextPreciserScopeKnowingConditionOutcome(ChainableReverseAbstractInterpreter.java:108)
	at com.google.javascript.jscomp.ClosureReverseAbstractInterpreter.getPreciserScopeKnowingConditionOutcome(ClosureReverseAbstractInterpreter.java:221)
	at com.google.javascript.jscomp.ChainableReverseAbstractInterpreter.nextPreciserScopeKnowingConditionOutcome(ChainableReverseAbstractInterpreter.java:108)
	at com.google.javascript.jscomp.ClosureReverseAbstractInterpreter.getPreciserScopeKnowingConditionOutcome(ClosureReverseAbstractInterpreter.java:221)
	at com.google.javascript.jscomp.ChainableReverseAbstractInterpreter.nextPreciserScopeKnowingConditionOutcome(ChainableReverseAbstractInterpreter.java:108)
	at com.google.javascript.jscomp.ClosureReverseAbstractInterpreter.getPreciserScopeKnowingConditionOutcome(ClosureReverseAbstractInterpreter.java:221)
	at com.google.javascript.jscomp.ChainableReverseAbstractInterpreter.nextPreciserScopeKnowingConditionOutcome(ChainableReverseAbstractInterpreter.java:108)
	at com.google.javascript.jscomp.ClosureReverseAbstractInterpreter.getPreciserScopeKnowingConditionOutcome(ClosureReverseAbstractInterpreter.java:221)
	at com.google.javascript.jscomp.ChainableReverseAbstractInterpreter.nextPreciserScopeKnowingConditionOutcome(ChainableReverseAbstractInterpreter.java:108)
	at com.google.javascript.jscomp.ClosureReverseAbstractInterpreter.getPreciserScopeKnowingConditionOutcome(ClosureReverseAbstractInterpreter.java:221)
	at com.google.javascript.jscomp.ChainableReverseAbstractInterpreter.nextPreciserScopeKnowingConditionOutcome(ChainableReverseAbstractInterpreter.java:108)
	at com.google.javascript.jscomp.ClosureReverseAbstractInterpreter.getPreciserScopeKnowingConditionOutcome(ClosureReverseAbstractInterpreter.java:221)
	at com.google.javascript.jscomp.ChainableReverseAbstractInterpreter.nextPreciserScopeKnowingConditionOutcome(ChainableReverseAbstractInterpreter.java:108)
	at com.google.javascript.jscomp.ClosureReverseAbstractInterpreter.getPreciserScopeKnowingConditionOutcome(ClosureReverseAbstractInterpreter.java:221)
	at com.google.javascript.jscomp.ChainableReverseAbstractInterpreter.nextPreciserScopeKnowingConditionOutcome(ChainableReverseAbstractInterpreter.java:108)
	at com.google.javascript.jscomp.ClosureReverseAbstractInterpreter.getPreciserScopeKnowingConditionOutcome(ClosureReverseAbstractInterpreter.java:221)
	at com.google.javascript.jscomp.ChainableReverseAbstractInterpreter.nextPreciserScopeKnowingConditionOutcome(ChainableReverseAbstractInterpreter.java:108)
	at com.google.javascript.jscomp.ClosureReverseAbstractInterpreter.getPreciserScopeKnowingConditionOutcome(ClosureReverseAbstractInterpreter.java:221)
	at com.google.javascript.jscomp.ChainableReverseAbstractInterpreter.nextPreciserScopeKnowingConditionOutcome(ChainableReverseAbstractInterpreter.java:108)
	at com.google.javascript.jscomp.ClosureReverseAbstractInterpreter.getPreciserScopeKnowingConditionOutcome(ClosureReverseAbstractInterpreter.java:221)
	at com.google.javascript.jscomp.ChainableReverseAbstractInterpreter.nextPreciserScopeKnowingConditionOutcome(ChainableReverseAbstractInterpreter.java:108)
	at com.google.javascript.jscomp.ClosureReverseAbstractInterpreter.getPreciserScopeKnowingConditionOutcome(ClosureReverseAbstractInterpreter.java:221)
	at com.google.javascript.jscomp.ChainableReverseAbstractInterpreter.nextPreciserScopeKnowingConditionOutcome(ChainableReverseAbstractInterpreter.java:108)
	at com.google.javascript.jscomp.ClosureReverseAbstractInterpreter.getPreciserScopeKnowingConditionOutcome(ClosureReverseAbstractInterpreter.java:221)
	at com.google.javascript.jscomp.ChainableReverseAbstractInterpreter.nextPreciserScopeKnowingConditionOutcome(ChainableReverseAbstractInterpreter.java:108)
	at com.google.javascript.jscomp.ClosureReverseAbstractInterpreter.getPreciserScopeKnowingConditionOutcome(ClosureReverseAbstractInterpreter.java:221)
	at com.google.javascript.jscomp.ChainableReverseAbstractInterpreter.nextPreciserScopeKnowingConditionOutcome(ChainableReverseAbstractInterpreter.java:108)
	at com.google.javascript.jscomp.ClosureReverseAbstractInterpreter.getPreciserScopeKnowingConditionOutcome(ClosureReverseAbstractInterpreter.java:221)
	at com.google.javascript.jscomp.ChainableReverseAbstractInterpreter.nextPreciserScopeKnowingConditionOutcome(ChainableReverseAbstractInterpreter.java:108)
	at com.google.javascript.jscomp.ClosureReverseAbstractInterpreter.getPreciserScopeKnowingConditionOutcome(ClosureReverseAbstractInterpreter.java:221)
	at com.google.javascript.jscomp.ChainableReverseAbstractInterpreter.nextPreciserScopeKnowingConditionOutcome(ChainableReverseAbstractInterpreter.java:108)
	at com.google.javascript.jscomp.ClosureReverseAbstractInterpreter.getPreciserScopeKnowingConditionOutcome(ClosureReverseAbstractInterpreter.java:221)
	at com.google.javascript.jscomp.ChainableReverseAbstractInterpreter.nextPreciserScopeKnowingConditionOutcome(ChainableReverseAbstractInterpreter.java:108)
	at com.google.javascript.jscomp.ClosureReverseAbstractInterpreter.getPreciserScopeKnowingConditionOutcome(ClosureReverseAbstractInterpreter.java:221)
	at com.google.javascript.jscomp.ChainableReverseAbstractInterpreter.nextPreciserScopeKnowingConditionOutcome(ChainableReverseAbstractInterpreter.java:108)
	at com.google.javascript.jscomp.ClosureReverseAbstractInterpreter.getPreciserScopeKnowingConditionOutcome(ClosureReverseAbstractInterpreter.java:221)
	at com.google.javascript.jscomp.ChainableReverseAbstractInterpreter.nextPreciserScopeKnowingConditionOutcome(ChainableReverseAbstractInterpreter.java:108)
	at com.google.javascript.jscomp.ClosureReverseAbstractInterpreter.getPreciserScopeKnowingConditionOutcome(ClosureReverseAbstractInterpreter.java:221)
	at com.google.javascript.jscomp.ChainableReverseAbstractInterpreter.nextPreciserScopeKnowingConditionOutcome(ChainableReverseAbstractInterpreter.java:108)
	at com.google.javascript.jscomp.ClosureReverseAbstractInterpreter.getPreciserScopeKnowingConditionOutcome(ClosureReverseAbstractInterpreter.java:221)
	at com.google.javascript.jscomp.ChainableReverseAbstractInterpreter.nextPreciserScopeKnowingConditionOutcome(ChainableReverseAbstractInterpreter.java:108)
	at com.google.javascript.jscomp.ClosureReverseAbstractInterpreter.getPreciserScopeKnowingConditionOutcome(ClosureReverseAbstractInterpreter.java:221)
	at com.google.javascript.jscomp.ChainableReverseAbstractInterpreter.nextPreciserScopeKnowingConditionOutcome(ChainableReverseAbstractInterpreter.java:108)
	at com.google.javascript.jscomp.ClosureReverseAbstractInterpreter.getPreciserScopeKnowingConditionOutcome(ClosureReverseAbstractInterpreter.java:221)
	at com.google.javascript.jscomp.ChainableReverseAbstractInterpreter.nextPreciserScopeKnowingConditionOutcome(ChainableReverseAbstractInterpreter.java:108)
	at com.google.javascript.jscomp.ClosureReverseAbstractInterpreter.getPreciserScopeKnowingConditionOutcome(ClosureReverseAbstractInterpreter.java:221)
	at com.google.javascript.jscomp.ChainableReverseAbstractInterpreter.nextPreciserScopeKnowingConditionOutcome(ChainableReverseAbstractInterpreter.java:108)
	at com.google.javascript.jscomp.ClosureReverseAbstractInterpreter.getPreciserScopeKnowingConditionOutcome(ClosureReverseAbstractInterpreter.java:221)
	at com.google.javascript.jscomp.ChainableReverseAbstractInterpreter.nextPreciserScopeKnowingConditionOutcome(ChainableReverseAbstractInterpreter.java:108)
	at com.google.javascript.jscomp.ClosureReverseAbstractInterpreter.getPreciserScopeKnowingConditionOutcome(ClosureReverseAbstractInterpreter.java:221)
	at com.google.javascript.jscomp.ChainableReverseAbstractInterpreter.nextPreciserScopeKnowingConditionOutcome(ChainableReverseAbstractInterpreter.java:108)
	at com.google.javascript.jscomp.ClosureReverseAbstractInterpreter.getPreciserScopeKnowingConditionOutcome(ClosureReverseAbstractInterpreter.java:221)
	at com.google.javascript.jscomp.ChainableReverseAbstractInterpreter.nextPreciserScopeKnowingConditionOutcome(ChainableReverseAbstractInterpreter.java:108)
	at com.google.javascript.jscomp.ClosureReverseAbstractInterpreter.getPreciserScopeKnowingConditionOutcome(ClosureReverseAbstractInterpreter.java:221)
	at com.google.javascript.jscomp.ChainableReverseAbstractInterpreter.nextPreciserScopeKnowingConditionOutcome(ChainableReverseAbstractInterpreter.java:108)
	at com.google.javascript.jscomp.ClosureReverseAbstractInterpreter.getPreciserScopeKnowingConditionOutcome(ClosureReverseAbstractInterpreter.java:221)
	at com.google.javascript.jscomp.ChainableReverseAbstractInterpreter.nextPreciserScopeKnowingConditionOutcome(ChainableReverseAbstractInterpreter.java:108)
	at com.google.javascript.jscomp.ClosureReverseAbstractInterpreter.getPreciserScopeKnowingConditionOutcome(ClosureReverseAbstractInterpreter.java:221)
	at com.google.javascript.jscomp.ChainableReverseAbstractInterpreter.nextPreciserScopeKnowingConditionOutcome(ChainableReverseAbstractInterpreter.java:108)
	at com.google.javascript.jscomp.ClosureReverseAbstractInterpreter.getPreciserScopeKnowingConditionOutcome(ClosureReverseAbstractInterpreter.java:221)
	at com.google.javascript.jscomp.ChainableReverseAbstractInterpreter.nextPreciserScopeKnowingConditionOutcome(ChainableReverseAbstractInterpreter.java:108)
	at com.google.javascript.jscomp.ClosureReverseAbstractInterpreter.getPreciserScopeKnowingConditionOutcome(ClosureReverseAbstractInterpreter.java:221)
	at com.google.javascript.jscomp.ChainableReverseAbstractInterpreter.nextPreciserScopeKnowingConditionOutcome(ChainableReverseAbstractInterpreter.java:108)
	at com.google.javascript.jscomp.ClosureReverseAbstractInterpreter.getPreciserScopeKnowingConditionOutcome(ClosureReverseAbstractInterpreter.java:221)
	at com.google.javascript.jscomp.ChainableReverseAbstractInterpreter.nextPreciserScopeKnowingConditionOutcome(ChainableReverseAbstractInterpreter.java:108)
	at com.google.javascript.jscomp.ClosureReverseAbstractInterpreter.getPreciserScopeKnowingConditionOutcome(ClosureReverseAbstractInterpreter.java:221)
	at com.google.javascript.jscomp.ChainableReverseAbstractInterpreter.nextPreciserScopeKnowingConditionOutcome(ChainableReverseAbstractInterpreter.java:108)
	at com.google.javascript.jscomp.ClosureReverseAbstractInterpreter.getPreciserScopeKnowingConditionOutcome(ClosureReverseAbstractInterpreter.java:221)
	at com.google.javascript.jscomp.ChainableReverseAbstractInterpreter.nextPreciserScopeKnowingConditionOutcome(ChainableReverseAbstractInterpreter.java:108)
	at com.google.javascript.jscomp.ClosureReverseAbstractInterpreter.getPreciserScopeKnowingConditionOutcome(ClosureReverseAbstractInterpreter.java:221)
	at com.google.javascript.jscomp.ChainableReverseAbstractInterpreter.nextPreciserScopeKnowingConditionOutcome(ChainableReverseAbstractInterpreter.java:108)
	at com.google.javascript.jscomp.ClosureReverseAbstractInterpreter.getPreciserScopeKnowingConditionOutcome(ClosureReverseAbstractInterpreter.java:221)
	at com.google.javascript.jscomp.ChainableReverseAbstractInterpreter.nextPreciserScopeKnowingConditionOutcome(ChainableReverseAbstractInterpreter.java:108)
	at com.google.javascript.jscomp.ClosureReverseAbstractInterpreter.getPreciserScopeKnowingConditionOutcome(ClosureReverseAbstractInterpreter.java:221)
	at com.google.javascript.jscomp.ChainableReverseAbstractInterpreter.nextPreciserScopeKnowingConditionOutcome(ChainableReverseAbstractInterpreter.java:108)
	at com.google.javascript.jscomp.ClosureReverseAbstractInterpreter.getPreciserScopeKnowingConditionOutcome(ClosureReverseAbstractInterpreter.java:221)
	at com.google.javascript.jscomp.ChainableReverseAbstractInterpreter.nextPreciserScopeKnowingConditionOutcome(ChainableReverseAbstractInterpreter.java:108)
	at com.google.javascript.jscomp.ClosureReverseAbstractInterpreter.getPreciserScopeKnowingConditionOutcome(ClosureReverseAbstractInterpreter.java:221)
	at com.google.javascript.jscomp.ChainableReverseAbstractInterpreter.nextPreciserScopeKnowingConditionOutcome(ChainableReverseAbstractInterpreter.java:108)
	at com.google.javascript.jscomp.ClosureReverseAbstractInterpreter.getPreciserScopeKnowingConditionOutcome(ClosureReverseAbstractInterpreter.java:221)
	at com.google.javascript.jscomp.ChainableReverseAbstractInterpreter.nextPreciserScopeKnowingConditionOutcome(ChainableReverseAbstractInterpreter.java:108)
	at com.google.javascript.jscomp.ClosureReverseAbstractInterpreter.getPreciserScopeKnowingConditionOutcome(ClosureReverseAbstractInterpreter.java:221)
	at com.google.javascript.jscomp.ChainableReverseAbstractInterpreter.nextPreciserScopeKnowingConditionOutcome(ChainableReverseAbstractInterpreter.java:108)
	at com.google.javascript.jscomp.ClosureReverseAbstractInterpreter.getPreciserScopeKnowingConditionOutcome(ClosureReverseAbstractInterpreter.java:221)
	at com.google.javascript.jscomp.ChainableReverseAbstractInterpreter.nextPreciserScopeKnowingConditionOutcome(ChainableReverseAbstractInterpreter.java:108)
	at com.google.javascript.jscomp.ClosureReverseAbstractInterpreter.getPreciserScopeKnowingConditionOutcome(ClosureReverseAbstractInterpreter.java:221)
	at com.google.javascript.jscomp.ChainableReverseAbstractInterpreter.nextPreciserScopeKnowingConditionOutcome(ChainableReverseAbstractInterpreter.java:108)
	at com.google.javascript.jscomp.ClosureReverseAbstractInterpreter.getPreciserScopeKnowingConditionOutcome(ClosureReverseAbstractInterpreter.java:221)
	at com.google.javascript.jscomp.ChainableReverseAbstractInterpreter.nextPreciserScopeKnowingConditionOutcome(ChainableReverseAbstractInterpreter.java:108)
	at com.google.javascript.jscomp.ClosureReverseAbstractInterpreter.getPreciserScopeKnowingConditionOutcome(ClosureReverseAbstractInterpreter.java:221)
	at com.google.javascript.jscomp.ChainableReverseAbstractInterpreter.nextPreciserScopeKnowingConditionOutcome(ChainableReverseAbstractInterpreter.java:108)
	at com.google.javascript.jscomp.ClosureReverseAbstractInterpreter.getPreciserScopeKnowingConditionOutcome(ClosureReverseAbstractInterpreter.java:221)
	at com.google.javascript.jscomp.ChainableReverseAbstractInterpreter.nextPreciserScopeKnowingConditionOutcome(ChainableReverseAbstractInterpreter.java:108)
	at com.google.javascript.jscomp.ClosureReverseAbstractInterpreter.getPreciserScopeKnowingConditionOutcome(ClosureReverseAbstractInterpreter.java:221)
	at com.google.javascript.jscomp.ChainableReverseAbstractInterpreter.nextPreciserScopeKnowingConditionOutcome(ChainableReverseAbstractInterpreter.java:108)
	at com.google.javascript.jscomp.ClosureReverseAbstractInterpreter.getPreciserScopeKnowingConditionOutcome(ClosureReverseAbstractInterpreter.java:221)
	at com.google.javascript.jscomp.ChainableReverseAbstractInterpreter.nextPreciserScopeKnowingConditionOutcome(ChainableReverseAbstractInterpreter.java:108)
	at com.google.javascript.jscomp.ClosureReverseAbstractInterpreter.getPreciserScopeKnowingConditionOutcome(ClosureReverseAbstractInterpreter.java:221)
	at com.google.javascript.jscomp.ChainableReverseAbstractInterpreter.nextPreciserScopeKnowingConditionOutcome(ChainableReverseAbstractInterpreter.java:108)
	at com.google.javascript.jscomp.ClosureReverseAbstractInterpreter.getPreciserScopeKnowingConditionOutcome(ClosureReverseAbstractInterpreter.java:221)
	at com.google.javascript.jscomp.ChainableReverseAbstractInterpreter.nextPreciserScopeKnowingConditionOutcome(ChainableReverseAbstractInterpreter.java:108)
	at com.google.javascript.jscomp.ClosureReverseAbstractInterpreter.getPreciserScopeKnowingConditionOutcome(ClosureReverseAbstractInterpreter.java:221)
	at com.google.javascript.jscomp.ChainableReverseAbstractInterpreter.nextPreciserScopeKnowingConditionOutcome(ChainableReverseAbstractInterpreter.java:108)
	at com.google.javascript.jscomp.ClosureReverseAbstractInterpreter.getPreciserScopeKnowingConditionOutcome(ClosureReverseAbstractInterpreter.java:221)
	at com.google.javascript.jscomp.ChainableReverseAbstractInterpreter.nextPreciserScopeKnowingConditionOutcome(ChainableReverseAbstractInterpreter.java:108)
	at com.google.javascript.jscomp.ClosureReverseAbstractInterpreter.getPreciserScopeKnowingConditionOutcome(ClosureReverseAbstractInterpreter.java:221)
	at com.google.javascript.jscomp.ChainableReverseAbstractInterpreter.nextPreciserScopeKnowingConditionOutcome(ChainableReverseAbstractInterpreter.java:108)
	at com.google.javascript.jscomp.ClosureReverseAbstractInterpreter.getPreciserScopeKnowingConditionOutcome(ClosureReverseAbstractInterpreter.java:221)
	at com.google.javascript.jscomp.ChainableReverseAbstractInterpreter.nextPreciserScopeKnowingConditionOutcome(ChainableReverseAbstractInterpreter.java:108)
	at com.google.javascript.jscomp.ClosureReverseAbstractInterpreter.getPreciserScopeKnowingConditionOutcome(ClosureReverseAbstractInterpreter.java:221)
	at com.google.javascript.jscomp.ChainableReverseAbstractInterpreter.nextPreciserScopeKnowingConditionOutcome(ChainableReverseAbstractInterpreter.java:108)
	at com.google.javascript.jscomp.ClosureReverseAbstractInterpreter.getPreciserScopeKnowingConditionOutcome(ClosureReverseAbstractInterpreter.java:221)
	at com.google.javascript.jscomp.ChainableReverseAbstractInterpreter.nextPreciserScopeKnowingConditionOutcome(ChainableReverseAbstractInterpreter.java:108)
	at com.google.javascript.jscomp.ClosureReverseAbstractInterpreter.getPreciserScopeKnowingConditionOutcome(ClosureReverseAbstractInterpreter.java:221)
	at com.google.javascript.jscomp.ChainableReverseAbstractInterpreter.nextPreciserScopeKnowingConditionOutcome(ChainableReverseAbstractInterpreter.java:108)
	at com.google.javascript.jscomp.ClosureReverseAbstractInterpreter.getPreciserScopeKnowingConditionOutcome(ClosureReverseAbstractInterpreter.java:221)
	at com.google.javascript.jscomp.ChainableReverseAbstractInterpreter.nextPreciserScopeKnowingConditionOutcome(ChainableReverseAbstractInterpreter.java:108)
	at com.google.javascript.jscomp.ClosureReverseAbstractInterpreter.getPreciserScopeKnowingConditionOutcome(ClosureReverseAbstractInterpreter.java:221)
	at com.google.javascript.jscomp.ChainableReverseAbstractInterpreter.nextPreciserScopeKnowingConditionOutcome(ChainableReverseAbstractInterpreter.java:108)
	at com.google.javascript.jscomp.ClosureReverseAbstractInterpreter.getPreciserScopeKnowingConditionOutcome(ClosureReverseAbstractInterpreter.java:221)
	at com.google.javascript.jscomp.ChainableReverseAbstractInterpreter.nextPreciserScopeKnowingConditionOutcome(ChainableReverseAbstractInterpreter.java:108)
	at com.google.javascript.jscomp.ClosureReverseAbstractInterpreter.getPreciserScopeKnowingConditionOutcome(ClosureReverseAbstractInterpreter.java:221)
	at com.google.javascript.jscomp.ChainableReverseAbstractInterpreter.nextPreciserScopeKnowingConditionOutcome(ChainableReverseAbstractInterpreter.java:108)
	at com.google.javascript.jscomp.ClosureReverseAbstractInterpreter.getPreciserScopeKnowingConditionOutcome(ClosureReverseAbstractInterpreter.java:221)
	at com.google.javascript.jscomp.ChainableReverseAbstractInterpreter.nextPreciserScopeKnowingConditionOutcome(ChainableReverseAbstractInterpreter.java:108)
	at com.google.javascript.jscomp.ClosureReverseAbstractInterpreter.getPreciserScopeKnowingConditionOutcome(ClosureReverseAbstractInterpreter.java:221)
	at com.google.javascript.jscomp.ChainableReverseAbstractInterpreter.nextPreciserScopeKnowingConditionOutcome(ChainableReverseAbstractInterpreter.java:108)
	at com.google.javascript.jscomp.ClosureReverseAbstractInterpreter.getPreciserScopeKnowingConditionOutcome(ClosureReverseAbstractInterpreter.java:221)
	at com.google.javascript.jscomp.ChainableReverseAbstractInterpreter.nextPreciserScopeKnowingConditionOutcome(ChainableReverseAbstractInterpreter.java:108)
	at com.google.javascript.jscomp.ClosureReverseAbstractInterpreter.getPreciserScopeKnowingConditionOutcome(ClosureReverseAbstractInterpreter.java:221)
	at com.google.javascript.jscomp.ChainableReverseAbstractInterpreter.nextPreciserScopeKnowingConditionOutcome(ChainableReverseAbstractInterpreter.java:108)
	at com.google.javascript.jscomp.ClosureReverseAbstractInterpreter.getPreciserScopeKnowingConditionOutcome(ClosureReverseAbstractInterpreter.java:221)
	at com.google.javascript.jscomp.ChainableReverseAbstractInterpreter.nextPreciserScopeKnowingConditionOutcome(ChainableReverseAbstractInterpreter.java:108)
	at com.google.javascript.jscomp.ClosureReverseAbstractInterpreter.getPreciserScopeKnowingConditionOutcome(ClosureReverseAbstractInterpreter.java:221)
	at com.google.javascript.jscomp.ChainableReverseAbstractInterpreter.nextPreciserScopeKnowingConditionOutcome(ChainableReverseAbstractInterpreter.java:108)
	at com.google.javascript.jscomp.ClosureReverseAbstractInterpreter.getPreciserScopeKnowingConditionOutcome(ClosureReverseAbstractInterpreter.java:221)
	at com.google.javascript.jscomp.ChainableReverseAbstractInterpreter.nextPreciserScopeKnowingConditionOutcome(ChainableReverseAbstractInterpreter.java:108)
	at com.google.javascript.jscomp.ClosureReverseAbstractInterpreter.getPreciserScopeKnowingConditionOutcome(ClosureReverseAbstractInterpreter.java:221)
	at com.google.javascript.jscomp.ChainableReverseAbstractInterpreter.nextPreciserScopeKnowingConditionOutcome(ChainableReverseAbstractInterpreter.java:108)
	at com.google.javascript.jscomp.ClosureReverseAbstractInterpreter.getPreciserScopeKnowingConditionOutcome(ClosureReverseAbstractInterpreter.java:221)
	at com.google.javascript.jscomp.ChainableReverseAbstractInterpreter.nextPreciserScopeKnowingConditionOutcome(ChainableReverseAbstractInterpreter.java:108)
	at com.google.javascript.jscomp.ClosureReverseAbstractInterpreter.getPreciserScopeKnowingConditionOutcome(ClosureReverseAbstractInterpreter.java:221)
	at com.google.javascript.jscomp.ChainableReverseAbstractInterpreter.nextPreciserScopeKnowingConditionOutcome(ChainableReverseAbstractInterpreter.java:108)
	at com.google.javascript.jscomp.ClosureReverseAbstractInterpreter.getPreciserScopeKnowingConditionOutcome(ClosureReverseAbstractInterpreter.java:221)
	at com.google.javascript.jscomp.ChainableReverseAbstractInterpreter.nextPreciserScopeKnowingConditionOutcome(ChainableReverseAbstractInterpreter.java:108)
	at com.google.javascript.jscomp.ClosureReverseAbstractInterpreter.getPreciserScopeKnowingConditionOutcome(ClosureReverseAbstractInterpreter.java:221)
	at com.google.javascript.jscomp.ChainableReverseAbstractInterpreter.nextPreciserScopeKnowingConditionOutcome(ChainableReverseAbstractInterpreter.java:108)
	at com.google.javascript.jscomp.ClosureReverseAbstractInterpreter.getPreciserScopeKnowingConditionOutcome(ClosureReverseAbstractInterpreter.java:221)
	at com.google.javascript.jscomp.ChainableReverseAbstractInterpreter.nextPreciserScopeKnowingConditionOutcome(ChainableReverseAbstractInterpreter.java:108)
	at com.google.javascript.jscomp.ClosureReverseAbstractInterpreter.getPreciserScopeKnowingConditionOutcome(ClosureReverseAbstractInterpreter.java:221)
	at com.google.javascript.jscomp.ChainableReverseAbstractInterpreter.nextPreciserScopeKnowingConditionOutcome(ChainableReverseAbstractInterpreter.java:108)
	at com.google.javascript.jscomp.ClosureReverseAbstractInterpreter.getPreciserScopeKnowingConditionOutcome(ClosureReverseAbstractInterpreter.java:221)
	at com.google.javascript.jscomp.ChainableReverseAbstractInterpreter.nextPreciserScopeKnowingConditionOutcome(ChainableReverseAbstractInterpreter.java:108)
	at com.google.javascript.jscomp.ClosureReverseAbstractInterpreter.getPreciserScopeKnowingConditionOutcome(ClosureReverseAbstractInterpreter.java:221)
	at com.google.javascript.jscomp.ChainableReverseAbstractInterpreter.nextPreciserScopeKnowingConditionOutcome(ChainableReverseAbstractInterpreter.java:108)
	at com.google.javascript.jscomp.ClosureReverseAbstractInterpreter.getPreciserScopeKnowingConditionOutcome(ClosureReverseAbstractInterpreter.java:221)
	at com.google.javascript.jscomp.ChainableReverseAbstractInterpreter.nextPreciserScopeKnowingConditionOutcome(ChainableReverseAbstractInterpreter.java:108)
	at com.google.javascript.jscomp.ClosureReverseAbstractInterpreter.getPreciserScopeKnowingConditionOutcome(ClosureReverseAbstractInterpreter.java:221)
	at com.google.javascript.jscomp.ChainableReverseAbstractInterpreter.nextPreciserScopeKnowingConditionOutcome(ChainableReverseAbstractInterpreter.java:108)
	at com.google.javascript.jscomp.ClosureReverseAbstractInterpreter.getPreciserScopeKnowingConditionOutcome(ClosureReverseAbstractInterpreter.java:221)
	at com.google.javascript.jscomp.ChainableReverseAbstractInterpreter.nextPreciserScopeKnowingConditionOutcome(ChainableReverseAbstractInterpreter.java:108)
	at com.google.javascript.jscomp.ClosureReverseAbstractInterpreter.getPreciserScopeKnowingConditionOutcome(ClosureReverseAbstractInterpreter.java:221)
	at com.google.javascript.jscomp.ChainableReverseAbstractInterpreter.nextPreciserScopeKnowingConditionOutcome(ChainableReverseAbstractInterpreter.java:108)
	at com.google.javascript.jscomp.ClosureReverseAbstractInterpreter.getPreciserScopeKnowingConditionOutcome(ClosureReverseAbstractInterpreter.java:221)
	at com.google.javascript.jscomp.ChainableReverseAbstractInterpreter.nextPreciserScopeKnowingConditionOutcome(ChainableReverseAbstractInterpreter.java:108)
	at com.google.javascript.jscomp.ClosureReverseAbstractInterpreter.getPreciserScopeKnowingConditionOutcome(ClosureReverseAbstractInterpreter.java:221)
	at com.google.javascript.jscomp.ChainableReverseAbstractInterpreter.nextPreciserScopeKnowingConditionOutcome(ChainableReverseAbstractInterpreter.java:108)
	at com.google.javascript.jscomp.ClosureReverseAbstractInterpreter.getPreciserScopeKnowingConditionOutcome(ClosureReverseAbstractInterpreter.java:221)
	at com.google.javascript.jscomp.ChainableReverseAbstractInterpreter.nextPreciserScopeKnowingConditionOutcome(ChainableReverseAbstractInterpreter.java:108)
	at com.google.javascript.jscomp.ClosureReverseAbstractInterpreter.getPreciserScopeKnowingConditionOutcome(ClosureReverseAbstractInterpreter.java:221)
	at com.google.javascript.jscomp.ChainableReverseAbstractInterpreter.nextPreciserScopeKnowingConditionOutcome(ChainableReverseAbstractInterpreter.java:108)
	at com.google.javascript.jscomp.ClosureReverseAbstractInterpreter.getPreciserScopeKnowingConditionOutcome(ClosureReverseAbstractInterpreter.java:221)
	at com.google.javascript.jscomp.ChainableReverseAbstractInterpreter.nextPreciserScopeKnowingConditionOutcome(ChainableReverseAbstractInterpreter.java:108)
	at com.google.javascript.jscomp.ClosureReverseAbstractInterpreter.getPreciserScopeKnowingConditionOutcome(ClosureReverseAbstractInterpreter.java:221)
	at com.google.javascript.jscomp.ChainableReverseAbstractInterpreter.nextPreciserScopeKnowingConditionOutcome(ChainableReverseAbstractInterpreter.java:108)
	at com.google.javascript.jscomp.ClosureReverseAbstractInterpreter.getPreciserScopeKnowingConditionOutcome(ClosureReverseAbstractInterpreter.java:221)
	at com.google.javascript.jscomp.ChainableReverseAbstractInterpreter.nextPreciserScopeKnowingConditionOutcome(ChainableReverseAbstractInterpreter.java:108)
	at com.google.javascript.jscomp.ClosureReverseAbstractInterpreter.getPreciserScopeKnowingConditionOutcome(ClosureReverseAbstractInterpreter.java:221)
	at com.google.javascript.jscomp.ChainableReverseAbstractInterpreter.nextPreciserScopeKnowingConditionOutcome(ChainableReverseAbstractInterpreter.java:108)
	at com.google.javascript.jscomp.ClosureReverseAbstractInterpreter.getPreciserScopeKnowingConditionOutcome(ClosureReverseAbstractInterpreter.java:221)
	at com.google.javascript.jscomp.ChainableReverseAbstractInterpreter.nextPreciserScopeKnowingConditionOutcome(ChainableReverseAbstractInterpreter.java:108)
	at com.google.javascript.jscomp.ClosureReverseAbstractInterpreter.getPreciserScopeKnowingConditionOutcome(ClosureReverseAbstractInterpreter.java:221)
	at com.google.javascript.jscomp.ChainableReverseAbstractInterpreter.nextPreciserScopeKnowingConditionOutcome(ChainableReverseAbstractInterpreter.java:108)
	at com.google.javascript.jscomp.ClosureReverseAbstractInterpreter.getPreciserScopeKnowingConditionOutcome(ClosureReverseAbstractInterpreter.java:221)
	at com.google.javascript.jscomp.ChainableReverseAbstractInterpreter.nextPreciserScopeKnowingConditionOutcome(ChainableReverseAbstractInterpreter.java:108)
	at com.google.javascript.jscomp.ClosureReverseAbstractInterpreter.getPreciserScopeKnowingConditionOutcome(ClosureReverseAbstractInterpreter.java:221)
	at com.google.javascript.jscomp.ChainableReverseAbstractInterpreter.nextPreciserScopeKnowingConditionOutcome(ChainableReverseAbstractInterpreter.java:108)
	at com.google.javascript.jscomp.ClosureReverseAbstractInterpreter.getPreciserScopeKnowingConditionOutcome(ClosureReverseAbstractInterpreter.java:221)
	at com.google.javascript.jscomp.ChainableReverseAbstractInterpreter.nextPreciserScopeKnowingConditionOutcome(ChainableReverseAbstractInterpreter.java:108)
	at com.google.javascript.jscomp.ClosureReverseAbstractInterpreter.getPreciserScopeKnowingConditionOutcome(ClosureReverseAbstractInterpreter.java:221)
	at com.google.javascript.jscomp.ChainableReverseAbstractInterpreter.nextPreciserScopeKnowingConditionOutcome(ChainableReverseAbstractInterpreter.java:108)
	at com.google.javascript.jscomp.ClosureReverseAbstractInterpreter.getPreciserScopeKnowingConditionOutcome(ClosureReverseAbstractInterpreter.java:221)
	at com.google.javascript.jscomp.ChainableReverseAbstractInterpreter.nextPreciserScopeKnowingConditionOutcome(ChainableReverseAbstractInterpreter.java:108)
	at com.google.javascript.jscomp.ClosureReverseAbstractInterpreter.getPreciserScopeKnowingConditionOutcome(ClosureReverseAbstractInterpreter.java:221)
	at com.google.javascript.jscomp.ChainableReverseAbstractInterpreter.nextPreciserScopeKnowingConditionOutcome(ChainableReverseAbstractInterpreter.java:108)
	at com.google.javascript.jscomp.ClosureReverseAbstractInterpreter.getPreciserScopeKnowingConditionOutcome(ClosureReverseAbstractInterpreter.java:221)
	at com.google.javascript.jscomp.ChainableReverseAbstractInterpreter.nextPreciserScopeKnowingConditionOutcome(ChainableReverseAbstractInterpreter.java:108)
	at com.google.javascript.jscomp.ClosureReverseAbstractInterpreter.getPreciserScopeKnowingConditionOutcome(ClosureReverseAbstractInterpreter.java:221)
	at com.google.javascript.jscomp.ChainableReverseAbstractInterpreter.nextPreciserScopeKnowingConditionOutcome(ChainableReverseAbstractInterpreter.java:108)
	at com.google.javascript.jscomp.ClosureReverseAbstractInterpreter.getPreciserScopeKnowingConditionOutcome(ClosureReverseAbstractInterpreter.java:221)
	at com.google.javascript.jscomp.ChainableReverseAbstractInterpreter.nextPreciserScopeKnowingConditionOutcome(ChainableReverseAbstractInterpreter.java:108)
	at com.google.javascript.jscomp.ClosureReverseAbstractInterpreter.getPreciserScopeKnowingConditionOutcome(ClosureReverseAbstractInterpreter.java:221)
	at com.google.javascript.jscomp.ChainableReverseAbstractInterpreter.nextPreciserScopeKnowingConditionOutcome(ChainableReverseAbstractInterpreter.java:108)
	at com.google.javascript.jscomp.ClosureReverseAbstractInterpreter.getPreciserScopeKnowingConditionOutcome(ClosureReverseAbstractInterpreter.java:221)
	at com.google.javascript.jscomp.ChainableReverseAbstractInterpreter.nextPreciserScopeKnowingConditionOutcome(ChainableReverseAbstractInterpreter.java:108)
	at com.google.javascript.jscomp.ClosureReverseAbstractInterpreter.getPreciserScopeKnowingConditionOutcome(ClosureReverseAbstractInterpreter.java:221)
	at com.google.javascript.jscomp.ChainableReverseAbstractInterpreter.nextPreciserScopeKnowingConditionOutcome(ChainableReverseAbstractInterpreter.java:108)
	at com.google.javascript.jscomp.ClosureReverseAbstractInterpreter.getPreciserScopeKnowingConditionOutcome(ClosureReverseAbstractInterpreter.java:221)
	at com.google.javascript.jscomp.ChainableReverseAbstractInterpreter.nextPreciserScopeKnowingConditionOutcome(ChainableReverseAbstractInterpreter.java:108)
	at com.google.javascript.jscomp.ClosureReverseAbstractInterpreter.getPreciserScopeKnowingConditionOutcome(ClosureReverseAbstractInterpreter.java:221)
	at com.google.javascript.jscomp.ChainableReverseAbstractInterpreter.nextPreciserScopeKnowingConditionOutcome(ChainableReverseAbstractInterpreter.java:108)
	at com.google.javascript.jscomp.ClosureReverseAbstractInterpreter.getPreciserScopeKnowingConditionOutcome(ClosureReverseAbstractInterpreter.java:221)
	at com.google.javascript.jscomp.ChainableReverseAbstractInterpreter.nextPreciserScopeKnowingConditionOutcome(ChainableReverseAbstractInterpreter.java:108)
	at com.google.javascript.jscomp.ClosureReverseAbstractInterpreter.getPreciserScopeKnowingConditionOutcome(ClosureReverseAbstractInterpreter.java:221)
	at com.google.javascript.jscomp.ChainableReverseAbstractInterpreter.nextPreciserScopeKnowingConditionOutcome(ChainableReverseAbstractInterpreter.java:108)
	at com.google.javascript.jscomp.ClosureReverseAbstractInterpreter.getPreciserScopeKnowingConditionOutcome(ClosureReverseAbstractInterpreter.java:221)
	at com.google.javascript.jscomp.ChainableReverseAbstractInterpreter.nextPreciserScopeKnowingConditionOutcome(ChainableReverseAbstractInterpreter.java:108)
	at com.google.javascript.jscomp.ClosureReverseAbstractInterpreter.getPreciserScopeKnowingConditionOutcome(ClosureReverseAbstractInterpreter.java:221)
	at com.google.javascript.jscomp.ChainableReverseAbstractInterpreter.nextPreciserScopeKnowingConditionOutcome(ChainableReverseAbstractInterpreter.java:108)
	at com.google.javascript.jscomp.ClosureReverseAbstractInterpreter.getPreciserScopeKnowingConditionOutcome(ClosureReverseAbstractInterpreter.java:221)
	at com.google.javascript.jscomp.ChainableReverseAbstractInterpreter.nextPreciserScopeKnowingConditionOutcome(ChainableReverseAbstractInterpreter.java:108)
	at com.google.javascript.jscomp.ClosureReverseAbstractInterpreter.getPreciserScopeKnowingConditionOutcome(ClosureReverseAbstractInterpreter.java:221)
	at com.google.javascript.jscomp.ChainableReverseAbstractInterpreter.nextPreciserScopeKnowingConditionOutcome(ChainableReverseAbstractInterpreter.java:108)
	at com.google.javascript.jscomp.ClosureReverseAbstractInterpreter.getPreciserScopeKnowingConditionOutcome(ClosureReverseAbstractInterpreter.java:221)
	at com.google.javascript.jscomp.ChainableReverseAbstractInterpreter.nextPreciserScopeKnowingConditionOutcome(ChainableReverseAbstractInterpreter.java:108)
	at com.google.javascript.jscomp.ClosureReverseAbstractInterpreter.getPreciserScopeKnowingConditionOutcome(ClosureReverseAbstractInterpreter.java:221)
	at com.google.javascript.jscomp.ChainableReverseAbstractInterpreter.nextPreciserScopeKnowingConditionOutcome(ChainableReverseAbstractInterpreter.java:108)
	at com.google.javascript.jscomp.ClosureReverseAbstractInterpreter.getPreciserScopeKnowingConditionOutcome(ClosureReverseAbstractInterpreter.java:221)
	at com.google.javascript.jscomp.ChainableReverseAbstractInterpreter.nextPreciserScopeKnowingConditionOutcome(ChainableReverseAbstractInterpreter.java:108)
	at com.google.javascript.jscomp.ClosureReverseAbstractInterpreter.getPreciserScopeKnowingConditionOutcome(ClosureReverseAbstractInterpreter.java:221)
	at com.google.javascript.jscomp.ChainableReverseAbstractInterpreter.nextPreciserScopeKnowingConditionOutcome(ChainableReverseAbstractInterpreter.java:108)
	at com.google.javascript.jscomp.ClosureReverseAbstractInterpreter.getPreciserScopeKnowingConditionOutcome(ClosureReverseAbstractInterpreter.java:221)
	at com.google.javascript.jscomp.ChainableReverseAbstractInterpreter.nextPreciserScopeKnowingConditionOutcome(ChainableReverseAbstractInterpreter.java:108)
	at com.google.javascript.jscomp.ClosureReverseAbstractInterpreter.getPreciserScopeKnowingConditionOutcome(ClosureReverseAbstractInterpreter.java:221)
	at com.google.javascript.jscomp.ChainableReverseAbstractInterpreter.nextPreciserScopeKnowingConditionOutcome(ChainableReverseAbstractInterpreter.java:108)
	at com.google.javascript.jscomp.ClosureReverseAbstractInterpreter.getPreciserScopeKnowingConditionOutcome(ClosureReverseAbstractInterpreter.java:221)
	at com.google.javascript.jscomp.ChainableReverseAbstractInterpreter.nextPreciserScopeKnowingConditionOutcome(ChainableReverseAbstractInterpreter.java:108)
	at com.google.javascript.jscomp.ClosureReverseAbstractInterpreter.getPreciserScopeKnowingConditionOutcome(ClosureReverseAbstractInterpreter.java:221)
	at com.google.javascript.jscomp.ChainableReverseAbstractInterpreter.nextPreciserScopeKnowingConditionOutcome(ChainableReverseAbstractInterpreter.java:108)
	at com.google.javascript.jscomp.ClosureReverseAbstractInterpreter.getPreciserScopeKnowingConditionOutcome(ClosureReverseAbstractInterpreter.java:221)
	at com.google.javascript.jscomp.ChainableReverseAbstractInterpreter.nextPreciserScopeKnowingConditionOutcome(ChainableReverseAbstractInterpreter.java:108)
	at com.google.javascript.jscomp.ClosureReverseAbstractInterpreter.getPreciserScopeKnowingConditionOutcome(ClosureReverseAbstractInterpreter.java:221)
	at com.google.javascript.jscomp.ChainableReverseAbstractInterpreter.nextPreciserScopeKnowingConditionOutcome(ChainableReverseAbstractInterpreter.java:108)
	at com.google.javascript.jscomp.ClosureReverseAbstractInterpreter.getPreciserScopeKnowingConditionOutcome(ClosureReverseAbstractInterpreter.java:221)
	at com.google.javascript.jscomp.ChainableReverseAbstractInterpreter.nextPreciserScopeKnowingConditionOutcome(ChainableReverseAbstractInterpreter.java:108)
	at com.google.javascript.jscomp.ClosureReverseAbstractInterpreter.getPreciserScopeKnowingConditionOutcome(ClosureReverseAbstractInterpreter.java:221)
	at com.google.javascript.jscomp.ChainableReverseAbstractInterpreter.nextPreciserScopeKnowingConditionOutcome(ChainableReverseAbstractInterpreter.java:108)
	at com.google.javascript.jscomp.ClosureReverseAbstractInterpreter.getPreciserScopeKnowingConditionOutcome(ClosureReverseAbstractInterpreter.java:221)
	at com.google.javascript.jscomp.ChainableReverseAbstractInterpreter.nextPreciserScopeKnowingConditionOutcome(ChainableReverseAbstractInterpreter.java:108)
	at com.google.javascript.jscomp.ClosureReverseAbstractInterpreter.getPreciserScopeKnowingConditionOutcome(ClosureReverseAbstractInterpreter.java:221)
	at com.google.javascript.jscomp.ChainableReverseAbstractInterpreter.nextPreciserScopeKnowingConditionOutcome(ChainableReverseAbstractInterpreter.java:108)
	at com.google.javascript.jscomp.ClosureReverseAbstractInterpreter.getPreciserScopeKnowingConditionOutcome(ClosureReverseAbstractInterpreter.java:221)
	at com.google.javascript.jscomp.ChainableReverseAbstractInterpreter.nextPreciserScopeKnowingConditionOutcome(ChainableReverseAbstractInterpreter.java:108)
	at com.google.javascript.jscomp.ClosureReverseAbstractInterpreter.getPreciserScopeKnowingConditionOutcome(ClosureReverseAbstractInterpreter.java:221)
	at com.google.javascript.jscomp.ChainableReverseAbstractInterpreter.nextPreciserScopeKnowingConditionOutcome(ChainableReverseAbstractInterpreter.java:108)
	at com.google.javascript.jscomp.ClosureReverseAbstractInterpreter.getPreciserScopeKnowingConditionOutcome(ClosureReverseAbstractInterpreter.java:221)
	at com.google.javascript.jscomp.ChainableReverseAbstractInterpreter.nextPreciserScopeKnowingConditionOutcome(ChainableReverseAbstractInterpreter.java:108)
	at com.google.javascript.jscomp.ClosureReverseAbstractInterpreter.getPreciserScopeKnowingConditionOutcome(ClosureReverseAbstractInterpreter.java:221)
	at com.google.javascript.jscomp.ChainableReverseAbstractInterpreter.nextPreciserScopeKnowingConditionOutcome(ChainableReverseAbstractInterpreter.java:108)
	at com.google.javascript.jscomp.ClosureReverseAbstractInterpreter.getPreciserScopeKnowingConditionOutcome(ClosureReverseAbstractInterpreter.java:221)
	at com.google.javascript.jscomp.ChainableReverseAbstractInterpreter.nextPreciserScopeKnowingConditionOutcome(ChainableReverseAbstractInterpreter.java:108)
	at com.google.javascript.jscomp.ClosureReverseAbstractInterpreter.getPreciserScopeKnowingConditionOutcome(ClosureReverseAbstractInterpreter.java:221)
	at com.google.javascript.jscomp.ChainableReverseAbstractInterpreter.nextPreciserScopeKnowingConditionOutcome(ChainableReverseAbstractInterpreter.java:108)
	at com.google.javascript.jscomp.ClosureReverseAbstractInterpreter.getPreciserScopeKnowingConditionOutcome(ClosureReverseAbstractInterpreter.java:221)
	at com.google.javascript.jscomp.ChainableReverseAbstractInterpreter.nextPreciserScopeKnowingConditionOutcome(ChainableReverseAbstractInterpreter.java:108)
	at com.google.javascript.jscomp.ClosureReverseAbstractInterpreter.getPreciserScopeKnowingConditionOutcome(ClosureReverseAbstractInterpreter.java:221)
	at com.google.javascript.jscomp.ChainableReverseAbstractInterpreter.nextPreciserScopeKnowingConditionOutcome(ChainableReverseAbstractInterpreter.java:108)
	at com.google.javascript.jscomp.ClosureReverseAbstractInterpreter.getPreciserScopeKnowingConditionOutcome(ClosureReverseAbstractInterpreter.java:221)
	at com.google.javascript.jscomp.ChainableReverseAbstractInterpreter.nextPreciserScopeKnowingConditionOutcome(ChainableReverseAbstractInterpreter.java:108)
	at com.google.javascript.jscomp.ClosureReverseAbstractInterpreter.getPreciserScopeKnowingConditionOutcome(ClosureReverseAbstractInterpreter.java:221)
	at com.google.javascript.jscomp.ChainableReverseAbstractInterpreter.nextPreciserScopeKnowingConditionOutcome(ChainableReverseAbstractInterpreter.java:108)
	at com.google.javascript.jscomp.ClosureReverseAbstractInterpreter.getPreciserScopeKnowingConditionOutcome(ClosureReverseAbstractInterpreter.java:221)
	at com.google.javascript.jscomp.ChainableReverseAbstractInterpreter.nextPreciserScopeKnowingConditionOutcome(ChainableReverseAbstractInterpreter.java:108)
	at com.google.javascript.jscomp.ClosureReverseAbstractInterpreter.getPreciserScopeKnowingConditionOutcome(ClosureReverseAbstractInterpreter.java:221)
	at com.google.javascript.jscomp.ChainableReverseAbstractInterpreter.nextPreciserScopeKnowingConditionOutcome(ChainableReverseAbstractInterpreter.java:108)
	at com.google.javascript.jscomp.ClosureReverseAbstractInterpreter.getPreciserScopeKnowingConditionOutcome(ClosureReverseAbstractInterpreter.java:221)
	at com.google.javascript.jscomp.ChainableReverseAbstractInterpreter.nextPreciserScopeKnowingConditionOutcome(ChainableReverseAbstractInterpreter.java:108)
	at com.google.javascript.jscomp.ClosureReverseAbstractInterpreter.getPreciserScopeKnowingConditionOutcome(ClosureReverseAbstractInterpreter.java:221)
	at com.google.javascript.jscomp.ChainableReverseAbstractInterpreter.nextPreciserScopeKnowingConditionOutcome(ChainableReverseAbstractInterpreter.java:108)
	at com.google.javascript.jscomp.ClosureReverseAbstractInterpreter.getPreciserScopeKnowingConditionOutcome(ClosureReverseAbstractInterpreter.java:221)
	at com.google.javascript.jscomp.ChainableReverseAbstractInterpreter.nextPreciserScopeKnowingConditionOutcome(ChainableReverseAbstractInterpreter.java:108)
	at com.google.javascript.jscomp.ClosureReverseAbstractInterpreter.getPreciserScopeKnowingConditionOutcome(ClosureReverseAbstractInterpreter.java:221)
	at com.google.javascript.jscomp.ChainableReverseAbstractInterpreter.nextPreciserScopeKnowingConditionOutcome(ChainableReverseAbstractInterpreter.java:108)
	at com.google.javascript.jscomp.ClosureReverseAbstractInterpreter.getPreciserScopeKnowingConditionOutcome(ClosureReverseAbstractInterpreter.java:221)
	at com.google.javascript.jscomp.ChainableReverseAbstractInterpreter.nextPreciserScopeKnowingConditionOutcome(ChainableReverseAbstractInterpreter.java:108)
	at com.google.javascript.jscomp.ClosureReverseAbstractInterpreter.getPreciserScopeKnowingConditionOutcome(ClosureReverseAbstractInterpreter.java:221)
	at com.google.javascript.jscomp.ChainableReverseAbstractInterpreter.nextPreciserScopeKnowingConditionOutcome(ChainableReverseAbstractInterpreter.java:108)
	at com.google.javascript.jscomp.ClosureReverseAbstractInterpreter.getPreciserScopeKnowingConditionOutcome(ClosureReverseAbstractInterpreter.java:221)
	at com.google.javascript.jscomp.ChainableReverseAbstractInterpreter.nextPreciserScopeKnowingConditionOutcome(ChainableReverseAbstractInterpreter.java:108)
	at com.google.javascript.jscomp.ClosureReverseAbstractInterpreter.getPreciserScopeKnowingConditionOutcome(ClosureReverseAbstractInterpreter.java:221)
	at com.google.javascript.jscomp.ChainableReverseAbstractInterpreter.nextPreciserScopeKnowingConditionOutcome(ChainableReverseAbstractInterpreter.java:108)
	at com.google.javascript.jscomp.ClosureReverseAbstractInterpreter.getPreciserScopeKnowingConditionOutcome(ClosureReverseAbstractInterpreter.java:221)
	at com.google.javascript.jscomp.ChainableReverseAbstractInterpreter.nextPreciserScopeKnowingConditionOutcome(ChainableReverseAbstractInterpreter.java:108)
	at com.google.javascript.jscomp.ClosureReverseAbstractInterpreter.getPreciserScopeKnowingConditionOutcome(ClosureReverseAbstractInterpreter.java:221)
	at com.google.javascript.jscomp.ChainableReverseAbstractInterpreter.nextPreciserScopeKnowingConditionOutcome(ChainableReverseAbstractInterpreter.java:108)
	at com.google.javascript.jscomp.ClosureReverseAbstractInterpreter.getPreciserScopeKnowingConditionOutcome(ClosureReverseAbstractInterpreter.java:221)
	at com.google.javascript.jscomp.ChainableReverseAbstractInterpreter.nextPreciserScopeKnowingConditionOutcome(ChainableReverseAbstractInterpreter.java:108)
	at com.google.javascript.jscomp.ClosureReverseAbstractInterpreter.getPreciserScopeKnowingConditionOutcome(ClosureReverseAbstractInterpreter.java:221)
	at com.google.javascript.jscomp.ChainableReverseAbstractInterpreter.nextPreciserScopeKnowingConditionOutcome(ChainableReverseAbstractInterpreter.java:108)
	at com.google.javascript.jscomp.ClosureReverseAbstractInterpreter.getPreciserScopeKnowingConditionOutcome(ClosureReverseAbstractInterpreter.java:221)
	at com.google.javascript.jscomp.ChainableReverseAbstractInterpreter.nextPreciserScopeKnowingConditionOutcome(ChainableReverseAbstractInterpreter.java:108)
	at com.google.javascript.jscomp.ClosureReverseAbstractInterpreter.getPreciserScopeKnowingConditionOutcome(ClosureReverseAbstractInterpreter.java:221)
	at com.google.javascript.jscomp.ChainableReverseAbstractInterpreter.nextPreciserScopeKnowingConditionOutcome(ChainableReverseAbstractInterpreter.java:108)
	at com.google.javascript.jscomp.ClosureReverseAbstractInterpreter.getPreciserScopeKnowingConditionOutcome(ClosureReverseAbstractInterpreter.java:221)
	at com.google.javascript.jscomp.ChainableReverseAbstractInterpreter.nextPreciserScopeKnowingConditionOutcome(ChainableReverseAbstractInterpreter.java:108)
	at com.google.javascript.jscomp.ClosureReverseAbstractInterpreter.getPreciserScopeKnowingConditionOutcome(ClosureReverseAbstractInterpreter.java:221)
	at com.google.javascript.jscomp.ChainableReverseAbstractInterpreter.nextPreciserScopeKnowingConditionOutcome(ChainableReverseAbstractInterpreter.java:108)
	at com.google.javascript.jscomp.ClosureReverseAbstractInterpreter.getPreciserScopeKnowingConditionOutcome(ClosureReverseAbstractInterpreter.java:221)
	at com.google.javascript.jscomp.ChainableReverseAbstractInterpreter.nextPreciserScopeKnowingConditionOutcome(ChainableReverseAbstractInterpreter.java:108)
	at com.google.javascript.jscomp.ClosureReverseAbstractInterpreter.getPreciserScopeKnowingConditionOutcome(ClosureReverseAbstractInterpreter.java:221)
	at com.google.javascript.jscomp.ChainableReverseAbstractInterpreter.nextPreciserScopeKnowingConditionOutcome(ChainableReverseAbstractInterpreter.java:108)
	at com.google.javascript.jscomp.ClosureReverseAbstractInterpreter.getPreciserScopeKnowingConditionOutcome(ClosureReverseAbstractInterpreter.java:221)
	at com.google.javascript.jscomp.ChainableReverseAbstractInterpreter.nextPreciserScopeKnowingConditionOutcome(ChainableReverseAbstractInterpreter.java:108)
	at com.google.javascript.jscomp.ClosureReverseAbstractInterpreter.getPreciserScopeKnowingConditionOutcome(ClosureReverseAbstractInterpreter.java:221)
	at com.google.javascript.jscomp.ChainableReverseAbstractInterpreter.nextPreciserScopeKnowingConditionOutcome(ChainableReverseAbstractInterpreter.java:108)
	at com.google.javascript.jscomp.ClosureReverseAbstractInterpreter.getPreciserScopeKnowingConditionOutcome(ClosureReverseAbstractInterpreter.java:221)
	at com.google.javascript.jscomp.ChainableReverseAbstractInterpreter.nextPreciserScopeKnowingConditionOutcome(ChainableReverseAbstractInterpreter.java:108)
	at com.google.javascript.jscomp.ClosureReverseAbstractInterpreter.getPreciserScopeKnowingConditionOutcome(ClosureReverseAbstractInterpreter.java:221)
	at com.google.javascript.jscomp.ChainableReverseAbstractInterpreter.nextPreciserScopeKnowingConditionOutcome(ChainableReverseAbstractInterpreter.java:108)
	at com.google.javascript.jscomp.ClosureReverseAbstractInterpreter.getPreciserScopeKnowingConditionOutcome(ClosureReverseAbstractInterpreter.java:221)
	at com.google.javascript.jscomp.ChainableReverseAbstractInterpreter.nextPreciserScopeKnowingConditionOutcome(ChainableReverseAbstractInterpreter.java:108)
	at com.google.javascript.jscomp.ClosureReverseAbstractInterpreter.getPreciserScopeKnowingConditionOutcome(ClosureReverseAbstractInterpreter.java:221)
	at com.google.javascript.jscomp.ChainableReverseAbstractInterpreter.nextPreciserScopeKnowingConditionOutcome(ChainableReverseAbstractInterpreter.java:108)
	at com.google.javascript.jscomp.ClosureReverseAbstractInterpreter.getPreciserScopeKnowingConditionOutcome(ClosureReverseAbstractInterpreter.java:221)
	at com.google.javascript.jscomp.ChainableReverseAbstractInterpreter.nextPreciserScopeKnowingConditionOutcome(ChainableReverseAbstractInterpreter.java:108)
	at com.google.javascript.jscomp.ClosureReverseAbstractInterpreter.getPreciserScopeKnowingConditionOutcome(ClosureReverseAbstractInterpreter.java:221)
	at com.google.javascript.jscomp.ChainableReverseAbstractInterpreter.nextPreciserScopeKnowingConditionOutcome(ChainableReverseAbstractInterpreter.java:108)
	at com.google.javascript.jscomp.ClosureReverseAbstractInterpreter.getPreciserScopeKnowingConditionOutcome(ClosureReverseAbstractInterpreter.java:221)
	at com.google.javascript.jscomp.ChainableReverseAbstractInterpreter.nextPreciserScopeKnowingConditionOutcome(ChainableReverseAbstractInterpreter.java:108)
	at com.google.javascript.jscomp.ClosureReverseAbstractInterpreter.getPreciserScopeKnowingConditionOutcome(ClosureReverseAbstractInterpreter.java:221)
	at com.google.javascript.jscomp.ChainableReverseAbstractInterpreter.nextPreciserScopeKnowingConditionOutcome(ChainableReverseAbstractInterpreter.java:108)
	at com.google.javascript.jscomp.ClosureReverseAbstractInterpreter.getPreciserScopeKnowingConditionOutcome(ClosureReverseAbstractInterpreter.java:221)
	at com.google.javascript.jscomp.ChainableReverseAbstractInterpreter.nextPreciserScopeKnowingConditionOutcome(ChainableReverseAbstractInterpreter.java:108)
	at com.google.javascript.jscomp.ClosureReverseAbstractInterpreter.getPreciserScopeKnowingConditionOutcome(ClosureReverseAbstractInterpreter.java:221)
	at com.google.javascript.jscomp.ChainableReverseAbstractInterpreter.nextPreciserScopeKnowingConditionOutcome(ChainableReverseAbstractInterpreter.java:108)
	at com.google.javascript.jscomp.ClosureReverseAbstractInterpreter.getPreciserScopeKnowingConditionOutcome(ClosureReverseAbstractInterpreter.java:221)
	at com.google.javascript.jscomp.ChainableReverseAbstractInterpreter.nextPreciserScopeKnowingConditionOutcome(ChainableReverseAbstractInterpreter.java:108)
	at com.google.javascript.jscomp.ClosureReverseAbstractInterpreter.getPreciserScopeKnowingConditionOutcome(ClosureReverseAbstractInterpreter.java:221)
	at com.google.javascript.jscomp.ChainableReverseAbstractInterpreter.nextPreciserScopeKnowingConditionOutcome(ChainableReverseAbstractInterpreter.java:108)
	at com.google.javascript.jscomp.ClosureReverseAbstractInterpreter.getPreciserScopeKnowingConditionOutcome(ClosureReverseAbstractInterpreter.java:221)
	at com.google.javascript.jscomp.ChainableReverseAbstractInterpreter.nextPreciserScopeKnowingConditionOutcome(ChainableReverseAbstractInterpreter.java:108)
	at com.google.javascript.jscomp.ClosureReverseAbstractInterpreter.getPreciserScopeKnowingConditionOutcome(ClosureReverseAbstractInterpreter.java:221)
	at com.google.javascript.jscomp.ChainableReverseAbstractInterpreter.nextPreciserScopeKnowingConditionOutcome(ChainableReverseAbstractInterpreter.java:108)
	at com.google.javascript.jscomp.ClosureReverseAbstractInterpreter.getPreciserScopeKnowingConditionOutcome(ClosureReverseAbstractInterpreter.java:221)
	at com.google.javascript.jscomp.ChainableReverseAbstractInterpreter.nextPreciserScopeKnowingConditionOutcome(ChainableReverseAbstractInterpreter.java:108)
	at com.google.javascript.jscomp.ClosureReverseAbstractInterpreter.getPreciserScopeKnowingConditionOutcome(ClosureReverseAbstractInterpreter.java:221)
	at com.google.javascript.jscomp.ChainableReverseAbstractInterpreter.nextPreciserScopeKnowingConditionOutcome(ChainableReverseAbstractInterpreter.java:108)
	at com.google.javascript.jscomp.ClosureReverseAbstractInterpreter.getPreciserScopeKnowingConditionOutcome(ClosureReverseAbstractInterpreter.java:221)
	at com.google.javascript.jscomp.ChainableReverseAbstractInterpreter.nextPreciserScopeKnowingConditionOutcome(ChainableReverseAbstractInterpreter.java:108)
	at com.google.javascript.jscomp.ClosureReverseAbstractInterpreter.getPreciserScopeKnowingConditionOutcome(ClosureReverseAbstractInterpreter.java:221)
	at com.google.javascript.jscomp.ChainableReverseAbstractInterpreter.nextPreciserScopeKnowingConditionOutcome(ChainableReverseAbstractInterpreter.java:108)
	at com.google.javascript.jscomp.ClosureReverseAbstractInterpreter.getPreciserScopeKnowingConditionOutcome(ClosureReverseAbstractInterpreter.java:221)
	at com.google.javascript.jscomp.ChainableReverseAbstractInterpreter.nextPreciserScopeKnowingConditionOutcome(ChainableReverseAbstractInterpreter.java:108)
	at com.google.javascript.jscomp.ClosureReverseAbstractInterpreter.getPreciserScopeKnowingConditionOutcome(ClosureReverseAbstractInterpreter.java:221)
	at com.google.javascript.jscomp.ChainableReverseAbstractInterpreter.nextPreciserScopeKnowingConditionOutcome(ChainableReverseAbstractInterpreter.java:108)
	at com.google.javascript.jscomp.ClosureReverseAbstractInterpreter.getPreciserScopeKnowingConditionOutcome(ClosureReverseAbstractInterpreter.java:221)
	at com.google.javascript.jscomp.ChainableReverseAbstractInterpreter.nextPreciserScopeKnowingConditionOutcome(ChainableReverseAbstractInterpreter.java:108)
	at com.google.javascript.jscomp.ClosureReverseAbstractInterpreter.getPreciserScopeKnowingConditionOutcome(ClosureReverseAbstractInterpreter.java:221)
	at com.google.javascript.jscomp.ChainableReverseAbstractInterpreter.nextPreciserScopeKnowingConditionOutcome(ChainableReverseAbstractInterpreter.java:108)
	at com.google.javascript.jscomp.ClosureReverseAbstractInterpreter.getPreciserScopeKnowingConditionOutcome(ClosureReverseAbstractInterpreter.java:221)
	at com.google.javascript.jscomp.ChainableReverseAbstractInterpreter.nextPreciserScopeKnowingConditionOutcome(ChainableReverseAbstractInterpreter.java:108)
	at com.google.javascript.jscomp.ClosureReverseAbstractInterpreter.getPreciserScopeKnowingConditionOutcome(ClosureReverseAbstractInterpreter.java:221)
	at com.google.javascript.jscomp.ChainableReverseAbstractInterpreter.nextPreciserScopeKnowingConditionOutcome(ChainableReverseAbstractInterpreter.java:108)
	at com.google.javascript.jscomp.ClosureReverseAbstractInterpreter.getPreciserScopeKnowingConditionOutcome(ClosureReverseAbstractInterpreter.java:221)
	at com.google.javascript.jscomp.ChainableReverseAbstractInterpreter.nextPreciserScopeKnowingConditionOutcome(ChainableReverseAbstractInterpreter.java:108)
	at com.google.javascript.jscomp.ClosureReverseAbstractInterpreter.getPreciserScopeKnowingConditionOutcome(ClosureReverseAbstractInterpreter.java:221)
	at com.google.javascript.jscomp.ChainableReverseAbstractInterpreter.nextPreciserScopeKnowingConditionOutcome(ChainableReverseAbstractInterpreter.java:108)
	at com.google.javascript.jscomp.ClosureReverseAbstractInterpreter.getPreciserScopeKnowingConditionOutcome(ClosureReverseAbstractInterpreter.java:221)
	at com.google.javascript.jscomp.ChainableReverseAbstractInterpreter.nextPreciserScopeKnowingConditionOutcome(ChainableReverseAbstractInterpreter.java:108)
	at com.google.javascript.jscomp.ClosureReverseAbstractInterpreter.getPreciserScopeKnowingConditionOutcome(ClosureReverseAbstractInterpreter.java:221)
	at com.google.javascript.jscomp.ChainableReverseAbstractInterpreter.nextPreciserScopeKnowingConditionOutcome(ChainableReverseAbstractInterpreter.java:108)
	at com.google.javascript.jscomp.ClosureReverseAbstractInterpreter.getPreciserScopeKnowingConditionOutcome(ClosureReverseAbstractInterpreter.java:221)
	at com.google.javascript.jscomp.ChainableReverseAbstractInterpreter.nextPreciserScopeKnowingConditionOutcome(ChainableReverseAbstractInterpreter.java:108)
	at com.google.javascript.jscomp.ClosureReverseAbstractInterpreter.getPreciserScopeKnowingConditionOutcome(ClosureReverseAbstractInterpreter.java:221)
	at com.google.javascript.jscomp.ChainableReverseAbstractInterpreter.nextPreciserScopeKnowingConditionOutcome(ChainableReverseAbstractInterpreter.java:108)
	at com.google.javascript.jscomp.ClosureReverseAbstractInterpreter.getPreciserScopeKnowingConditionOutcome(ClosureReverseAbstractInterpreter.java:221)
	at com.google.javascript.jscomp.ChainableReverseAbstractInterpreter.nextPreciserScopeKnowingConditionOutcome(ChainableReverseAbstractInterpreter.java:108)
	at com.google.javascript.jscomp.ClosureReverseAbstractInterpreter.getPreciserScopeKnowingConditionOutcome(ClosureReverseAbstractInterpreter.java:221)
	at com.google.javascript.jscomp.ChainableReverseAbstractInterpreter.nextPreciserScopeKnowingConditionOutcome(ChainableReverseAbstractInterpreter.java:108)
	at com.google.javascript.jscomp.ClosureReverseAbstractInterpreter.getPreciserScopeKnowingConditionOutcome(ClosureReverseAbstractInterpreter.java:221)
	at com.google.javascript.jscomp.ChainableReverseAbstractInterpreter.nextPreciserScopeKnowingConditionOutcome(ChainableReverseAbstractInterpreter.java:108)
	at com.google.javascript.jscomp.ClosureReverseAbstractInterpreter.getPreciserScopeKnowingConditionOutcome(ClosureReverseAbstractInterpreter.java:221)
	at com.google.javascript.jscomp.ChainableReverseAbstractInterpreter.nextPreciserScopeKnowingConditionOutcome(ChainableReverseAbstractInterpreter.java:108)
	at com.google.javascript.jscomp.ClosureReverseAbstractInterpreter.getPreciserScopeKnowingConditionOutcome(ClosureReverseAbstractInterpreter.java:221)
	at com.google.javascript.jscomp.ChainableReverseAbstractInterpreter.nextPreciserScopeKnowingConditionOutcome(ChainableReverseAbstractInterpreter.java:108)
	at com.google.javascript.jscomp.ClosureReverseAbstractInterpreter.getPreciserScopeKnowingConditionOutcome(ClosureReverseAbstractInterpreter.java:221)
	at com.google.javascript.jscomp.ChainableReverseAbstractInterpreter.nextPreciserScopeKnowingConditionOutcome(ChainableReverseAbstractInterpreter.java:108)
	at com.google.javascript.jscomp.ClosureReverseAbstractInterpreter.getPreciserScopeKnowingConditionOutcome(ClosureReverseAbstractInterpreter.java:221)
	at com.google.javascript.jscomp.ChainableReverseAbstractInterpreter.nextPreciserScopeKnowingConditionOutcome(ChainableReverseAbstractInterpreter.java:108)
	at com.google.javascript.jscomp.ClosureReverseAbstractInterpreter.getPreciserScopeKnowingConditionOutcome(ClosureReverseAbstractInterpreter.java:221)
	at com.google.javascript.jscomp.ChainableReverseAbstractInterpreter.nextPreciserScopeKnowingConditionOutcome(ChainableReverseAbstractInterpreter.java:108)
	at com.google.javascript.jscomp.ClosureReverseAbstractInterpreter.getPreciserScopeKnowingConditionOutcome(ClosureReverseAbstractInterpreter.java:221)
	at com.google.javascript.jscomp.ChainableReverseAbstractInterpreter.nextPreciserScopeKnowingConditionOutcome(ChainableReverseAbstractInterpreter.java:108)
	at com.google.javascript.jscomp.ClosureReverseAbstractInterpreter.getPreciserScopeKnowingConditionOutcome(ClosureReverseAbstractInterpreter.java:221)
	at com.google.javascript.jscomp.ChainableReverseAbstractInterpreter.nextPreciserScopeKnowingConditionOutcome(ChainableReverseAbstractInterpreter.java:108)
	at com.google.javascript.jscomp.ClosureReverseAbstractInterpreter.getPreciserScopeKnowingConditionOutcome(ClosureReverseAbstractInterpreter.java:221)
	at com.google.javascript.jscomp.ChainableReverseAbstractInterpreter.nextPreciserScopeKnowingConditionOutcome(ChainableReverseAbstractInterpreter.java:108)
	at com.google.javascript.jscomp.ClosureReverseAbstractInterpreter.getPreciserScopeKnowingConditionOutcome(ClosureReverseAbstractInterpreter.java:221)
	at com.google.javascript.jscomp.ChainableReverseAbstractInterpreter.nextPreciserScopeKnowingConditionOutcome(ChainableReverseAbstractInterpreter.java:108)
	at com.google.javascript.jscomp.ClosureReverseAbstractInterpreter.getPreciserScopeKnowingConditionOutcome(ClosureReverseAbstractInterpreter.java:221)
	at com.google.javascript.jscomp.ChainableReverseAbstractInterpreter.nextPreciserScopeKnowingConditionOutcome(ChainableReverseAbstractInterpreter.java:108)
	at com.google.javascript.jscomp.ClosureReverseAbstractInterpreter.getPreciserScopeKnowingConditionOutcome(ClosureReverseAbstractInterpreter.java:221)
	at com.google.javascript.jscomp.ChainableReverseAbstractInterpreter.nextPreciserScopeKnowingConditionOutcome(ChainableReverseAbstractInterpreter.java:108)
	at com.google.javascript.jscomp.ClosureReverseAbstractInterpreter.getPreciserScopeKnowingConditionOutcome(ClosureReverseAbstractInterpreter.java:221)
	at com.google.javascript.jscomp.ChainableReverseAbstractInterpreter.nextPreciserScopeKnowingConditionOutcome(ChainableReverseAbstractInterpreter.java:108)
	at com.google.javascript.jscomp.ClosureReverseAbstractInterpreter.getPreciserScopeKnowingConditionOutcome(ClosureReverseAbstractInterpreter.java:221)
	at com.google.javascript.jscomp.ChainableReverseAbstractInterpreter.nextPreciserScopeKnowingConditionOutcome(ChainableReverseAbstractInterpreter.java:108)
	at com.google.javascript.jscomp.ClosureReverseAbstractInterpreter.getPreciserScopeKnowingConditionOutcome(ClosureReverseAbstractInterpreter.java:221)
	at com.google.javascript.jscomp.ChainableReverseAbstractInterpreter.nextPreciserScopeKnowingConditionOutcome(ChainableReverseAbstractInterpreter.java:108)
	at com.google.javascript.jscomp.ClosureReverseAbstractInterpreter.getPreciserScopeKnowingConditionOutcome(ClosureReverseAbstractInterpreter.java:221)
	at com.google.javascript.jscomp.ChainableReverseAbstractInterpreter.nextPreciserScopeKnowingConditionOutcome(ChainableReverseAbstractInterpreter.java:108)
	at com.google.javascript.jscomp.ClosureReverseAbstractInterpreter.getPreciserScopeKnowingConditionOutcome(ClosureReverseAbstractInterpreter.java:221)
	at com.google.javascript.jscomp.ChainableReverseAbstractInterpreter.nextPreciserScopeKnowingConditionOutcome(ChainableReverseAbstractInterpreter.java:108)
	at com.google.javascript.jscomp.ClosureReverseAbstractInterpreter.getPreciserScopeKnowingConditionOutcome(ClosureReverseAbstractInterpreter.java:221)
	at com.google.javascript.jscomp.ChainableReverseAbstractInterpreter.nextPreciserScopeKnowingConditionOutcome(ChainableReverseAbstractInterpreter.java:108)
	at com.google.javascript.jscomp.ClosureReverseAbstractInterpreter.getPreciserScopeKnowingConditionOutcome(ClosureReverseAbstractInterpreter.java:221)
	at com.google.javascript.jscomp.ChainableReverseAbstractInterpreter.nextPreciserScopeKnowingConditionOutcome(ChainableReverseAbstractInterpreter.java:108)
	at com.google.javascript.jscomp.ClosureReverseAbstractInterpreter.getPreciserScopeKnowingConditionOutcome(ClosureReverseAbstractInterpreter.java:221)
	at com.google.javascript.jscomp.ChainableReverseAbstractInterpreter.nextPreciserScopeKnowingConditionOutcome(ChainableReverseAbstractInterpreter.java:108)
	at com.google.javascript.jscomp.ClosureReverseAbstractInterpreter.getPreciserScopeKnowingConditionOutcome(ClosureReverseAbstractInterpreter.java:221)
	at com.google.javascript.jscomp.ChainableReverseAbstractInterpreter.nextPreciserScopeKnowingConditionOutcome(ChainableReverseAbstractInterpreter.java:108)
	at com.google.javascript.jscomp.ClosureReverseAbstractInterpreter.getPreciserScopeKnowingConditionOutcome(ClosureReverseAbstractInterpreter.java:221)
	at com.google.javascript.jscomp.ChainableReverseAbstractInterpreter.nextPreciserScopeKnowingConditionOutcome(ChainableReverseAbstractInterpreter.java:108)
	at com.google.javascript.jscomp.ClosureReverseAbstractInterpreter.getPreciserScopeKnowingConditionOutcome(ClosureReverseAbstractInterpreter.java:221)
	at com.google.javascript.jscomp.ChainableReverseAbstractInterpreter.nextPreciserScopeKnowingConditionOutcome(ChainableReverseAbstractInterpreter.java:108)
	at com.google.javascript.jscomp.ClosureReverseAbstractInterpreter.getPreciserScopeKnowingConditionOutcome(ClosureReverseAbstractInterpreter.java:221)
	at com.google.javascript.jscomp.ChainableReverseAbstractInterpreter.nextPreciserScopeKnowingConditionOutcome(ChainableReverseAbstractInterpreter.java:108)
	at com.google.javascript.jscomp.ClosureReverseAbstractInterpreter.getPreciserScopeKnowingConditionOutcome(ClosureReverseAbstractInterpreter.java:221)
	at com.google.javascript.jscomp.ChainableReverseAbstractInterpreter.nextPreciserScopeKnowingConditionOutcome(ChainableReverseAbstractInterpreter.java:108)
	at com.google.javascript.jscomp.ClosureReverseAbstractInterpreter.getPreciserScopeKnowingConditionOutcome(ClosureReverseAbstractInterpreter.java:221)
	at com.google.javascript.jscomp.ChainableReverseAbstractInterpreter.nextPreciserScopeKnowingConditionOutcome(ChainableReverseAbstractInterpreter.java:108)
	at com.google.javascript.jscomp.ClosureReverseAbstractInterpreter.getPreciserScopeKnowingConditionOutcome(ClosureReverseAbstractInterpreter.java:221)
	at com.google.javascript.jscomp.ChainableReverseAbstractInterpreter.nextPreciserScopeKnowingConditionOutcome(ChainableReverseAbstractInterpreter.java:108)
	at com.google.javascript.jscomp.ClosureReverseAbstractInterpreter.getPreciserScopeKnowingConditionOutcome(ClosureReverseAbstractInterpreter.java:221)
	at com.google.javascript.jscomp.ChainableReverseAbstractInterpreter.nextPreciserScopeKnowingConditionOutcome(ChainableReverseAbstractInterpreter.java:108)
	at com.google.javascript.jscomp.ClosureReverseAbstractInterpreter.getPreciserScopeKnowingConditionOutcome(ClosureReverseAbstractInterpreter.java:221)
	at com.google.javascript.jscomp.ChainableReverseAbstractInterpreter.nextPreciserScopeKnowingConditionOutcome(ChainableReverseAbstractInterpreter.java:108)
	at com.google.javascript.jscomp.ClosureReverseAbstractInterpreter.getPreciserScopeKnowingConditionOutcome(ClosureReverseAbstractInterpreter.java:221)
	at com.google.javascript.jscomp.ChainableReverseAbstractInterpreter.nextPreciserScopeKnowingConditionOutcome(ChainableReverseAbstractInterpreter.java:108)
	at com.google.javascript.jscomp.ClosureReverseAbstractInterpreter.getPreciserScopeKnowingConditionOutcome(ClosureReverseAbstractInterpreter.java:221)
	at com.google.javascript.jscomp.ChainableReverseAbstractInterpreter.nextPreciserScopeKnowingConditionOutcome(ChainableReverseAbstractInterpreter.java:108)
	at com.google.javascript.jscomp.ClosureReverseAbstractInterpreter.getPreciserScopeKnowingConditionOutcome(ClosureReverseAbstractInterpreter.java:221)
	at com.google.javascript.jscomp.ChainableReverseAbstractInterpreter.nextPreciserScopeKnowingConditionOutcome(ChainableReverseAbstractInterpreter.java:108)
	at com.google.javascript.jscomp.ClosureReverseAbstractInterpreter.getPreciserScopeKnowingConditionOutcome(ClosureReverseAbstractInterpreter.java:221)
	at com.google.javascript.jscomp.ChainableReverseAbstractInterpreter.nextPreciserScopeKnowingConditionOutcome(ChainableReverseAbstractInterpreter.java:108)
	at com.google.javascript.jscomp.ClosureReverseAbstractInterpreter.getPreciserScopeKnowingConditionOutcome(ClosureReverseAbstractInterpreter.java:221)
	at com.google.javascript.jscomp.ChainableReverseAbstractInterpreter.nextPreciserScopeKnowingConditionOutcome(ChainableReverseAbstractInterpreter.java:108)
	at com.google.javascript.jscomp.ClosureReverseAbstractInterpreter.getPreciserScopeKnowingConditionOutcome(ClosureReverseAbstractInterpreter.java:221)
	at com.google.javascript.jscomp.ChainableReverseAbstractInterpreter.nextPreciserScopeKnowingConditionOutcome(ChainableReverseAbstractInterpreter.java:108)
	at com.google.javascript.jscomp.ClosureReverseAbstractInterpreter.getPreciserScopeKnowingConditionOutcome(ClosureReverseAbstractInterpreter.java:221)
	at com.google.javascript.jscomp.ChainableReverseAbstractInterpreter.nextPreciserScopeKnowingConditionOutcome(ChainableReverseAbstractInterpreter.java:108)
	at com.google.javascript.jscomp.ClosureReverseAbstractInterpreter.getPreciserScopeKnowingConditionOutcome(ClosureReverseAbstractInterpreter.java:221)
	at com.google.javascript.jscomp.ChainableReverseAbstractInterpreter.nextPreciserScopeKnowingConditionOutcome(ChainableReverseAbstractInterpreter.java:108)
	at com.google.javascript.jscomp.ClosureReverseAbstractInterpreter.getPreciserScopeKnowingConditionOutcome(ClosureReverseAbstractInterpreter.java:221)
	at com.google.javascript.jscomp.ChainableReverseAbstractInterpreter.nextPreciserScopeKnowingConditionOutcome(ChainableReverseAbstractInterpreter.java:108)
	at com.google.javascript.jscomp.ClosureReverseAbstractInterpreter.getPreciserScopeKnowingConditionOutcome(ClosureReverseAbstractInterpreter.java:221)
	at com.google.javascript.jscomp.ChainableReverseAbstractInterpreter.nextPreciserScopeKnowingConditionOutcome(ChainableReverseAbstractInterpreter.java:108)
	at com.google.javascript.jscomp.ClosureReverseAbstractInterpreter.getPreciserScopeKnowingConditionOutcome(ClosureReverseAbstractInterpreter.java:221)
	at com.google.javascript.jscomp.ChainableReverseAbstractInterpreter.nextPreciserScopeKnowingConditionOutcome(ChainableReverseAbstractInterpreter.java:108)
	at com.google.javascript.jscomp.ClosureReverseAbstractInterpreter.getPreciserScopeKnowingConditionOutcome(ClosureReverseAbstractInterpreter.java:221)
	at com.google.javascript.jscomp.ChainableReverseAbstractInterpreter.nextPreciserScopeKnowingConditionOutcome(ChainableReverseAbstractInterpreter.java:108)
	at com.google.javascript.jscomp.ClosureReverseAbstractInterpreter.getPreciserScopeKnowingConditionOutcome(ClosureReverseAbstractInterpreter.java:221)
	at com.google.javascript.jscomp.ChainableReverseAbstractInterpreter.nextPreciserScopeKnowingConditionOutcome(ChainableReverseAbstractInterpreter.java:108)
	at com.google.javascript.jscomp.ClosureReverseAbstractInterpreter.getPreciserScopeKnowingConditionOutcome(ClosureReverseAbstractInterpreter.java:221)
	at com.google.javascript.jscomp.ChainableReverseAbstractInterpreter.nextPreciserScopeKnowingConditionOutcome(ChainableReverseAbstractInterpreter.java:108)
	at com.google.javascript.jscomp.ClosureReverseAbstractInterpreter.getPreciserScopeKnowingConditionOutcome(ClosureReverseAbstractInterpreter.java:221)
	at com.google.javascript.jscomp.ChainableReverseAbstractInterpreter.nextPreciserScopeKnowingConditionOutcome(ChainableReverseAbstractInterpreter.java:108)
	at com.google.javascript.jscomp.ClosureReverseAbstractInterpreter.getPreciserScopeKnowingConditionOutcome(ClosureReverseAbstractInterpreter.java:221)
	at com.google.javascript.jscomp.ChainableReverseAbstractInterpreter.nextPreciserScopeKnowingConditionOutcome(ChainableReverseAbstractInterpreter.java:108)
	at com.google.javascript.jscomp.ClosureReverseAbstractInterpreter.getPreciserScopeKnowingConditionOutcome(ClosureReverseAbstractInterpreter.java:221)
	at com.google.javascript.jscomp.ChainableReverseAbstractInterpreter.nextPreciserScopeKnowingConditionOutcome(ChainableReverseAbstractInterpreter.java:108)
	at com.google.javascript.jscomp.ClosureReverseAbstractInterpreter.getPreciserScopeKnowingConditionOutcome(ClosureReverseAbstractInterpreter.java:221)
	at com.google.javascript.jscomp.ChainableReverseAbstractInterpreter.nextPreciserScopeKnowingConditionOutcome(ChainableReverseAbstractInterpreter.java:108)
	at com.google.javascript.jscomp.ClosureReverseAbstractInterpreter.getPreciserScopeKnowingConditionOutcome(ClosureReverseAbstractInterpreter.java:221)
	at com.google.javascript.jscomp.ChainableReverseAbstractInterpreter.nextPreciserScopeKnowingConditionOutcome(ChainableReverseAbstractInterpreter.java:108)
	at com.google.javascript.jscomp.ClosureReverseAbstractInterpreter.getPreciserScopeKnowingConditionOutcome(ClosureReverseAbstractInterpreter.java:221)
	at com.google.javascript.jscomp.ChainableReverseAbstractInterpreter.nextPreciserScopeKnowingConditionOutcome(ChainableReverseAbstractInterpreter.java:108)
	at com.google.javascript.jscomp.ClosureReverseAbstractInterpreter.getPreciserScopeKnowingConditionOutcome(ClosureReverseAbstractInterpreter.java:221)
	at com.google.javascript.jscomp.ChainableReverseAbstractInterpreter.nextPreciserScopeKnowingConditionOutcome(ChainableReverseAbstractInterpreter.java:108)
	at com.google.javascript.jscomp.ClosureReverseAbstractInterpreter.getPreciserScopeKnowingConditionOutcome(ClosureReverseAbstractInterpreter.java:221)
	at com.google.javascript.jscomp.ChainableReverseAbstractInterpreter.nextPreciserScopeKnowingConditionOutcome(ChainableReverseAbstractInterpreter.java:108)
	at com.google.javascript.jscomp.ClosureReverseAbstractInterpreter.getPreciserScopeKnowingConditionOutcome(ClosureReverseAbstractInterpreter.java:221)
	at com.google.javascript.jscomp.ChainableReverseAbstractInterpreter.nextPreciserScopeKnowingConditionOutcome(ChainableReverseAbstractInterpreter.java:108)
	at com.google.javascript.jscomp.ClosureReverseAbstractInterpreter.getPreciserScopeKnowingConditionOutcome(ClosureReverseAbstractInterpreter.java:221)
	at com.google.javascript.jscomp.ChainableReverseAbstractInterpreter.nextPreciserScopeKnowingConditionOutcome(ChainableReverseAbstractInterpreter.java:108)
	at com.google.javascript.jscomp.ClosureReverseAbstractInterpreter.getPreciserScopeKnowingConditionOutcome(ClosureReverseAbstractInterpreter.java:221)
	at com.google.javascript.jscomp.ChainableReverseAbstractInterpreter.nextPreciserScopeKnowingConditionOutcome(ChainableReverseAbstractInterpreter.java:108)
	at com.google.javascript.jscomp.ClosureReverseAbstractInterpreter.getPreciserScopeKnowingConditionOutcome(ClosureReverseAbstractInterpreter.java:221)
	at com.google.javascript.jscomp.ChainableReverseAbstractInterpreter.nextPreciserScopeKnowingConditionOutcome(ChainableReverseAbstractInterpreter.java:108)
	at com.google.javascript.jscomp.ClosureReverseAbstractInterpreter.getPreciserScopeKnowingConditionOutcome(ClosureReverseAbstractInterpreter.java:221)
	at com.google.javascript.jscomp.ChainableReverseAbstractInterpreter.nextPreciserScopeKnowingConditionOutcome(ChainableReverseAbstractInterpreter.java:108)
	at com.google.javascript.jscomp.ClosureReverseAbstractInterpreter.getPreciserScopeKnowingConditionOutcome(ClosureReverseAbstractInterpreter.java:221)
	at com.google.javascript.jscomp.ChainableReverseAbstractInterpreter.nextPreciserScopeKnowingConditionOutcome(ChainableReverseAbstractInterpreter.java:108)
	at com.google.javascript.jscomp.ClosureReverseAbstractInterpreter.getPreciserScopeKnowingConditionOutcome(ClosureReverseAbstractInterpreter.java:221)
	at com.google.javascript.jscomp.ChainableReverseAbstractInterpreter.nextPreciserScopeKnowingConditionOutcome(ChainableReverseAbstractInterpreter.java:108)
	at com.google.javascript.jscomp.ClosureReverseAbstractInterpreter.getPreciserScopeKnowingConditionOutcome(ClosureReverseAbstractInterpreter.java:221)
	at com.google.javascript.jscomp.ChainableReverseAbstractInterpreter.nextPreciserScopeKnowingConditionOutcome(ChainableReverseAbstractInterpreter.java:108)
	at com.google.javascript.jscomp.ClosureReverseAbstractInterpreter.getPreciserScopeKnowingConditionOutcome(ClosureReverseAbstractInterpreter.java:221)
	at com.google.javascript.jscomp.ChainableReverseAbstractInterpreter.nextPreciserScopeKnowingConditionOutcome(ChainableReverseAbstractInterpreter.java:108)
	at com.google.javascript.jscomp.ClosureReverseAbstractInterpreter.getPreciserScopeKnowingConditionOutcome(ClosureReverseAbstractInterpreter.java:221)
	at com.google.javascript.jscomp.ChainableReverseAbstractInterpreter.nextPreciserScopeKnowingConditionOutcome(ChainableReverseAbstractInterpreter.java:108)
	at com.google.javascript.jscomp.ClosureReverseAbstractInterpreter.getPreciserScopeKnowingConditionOutcome(ClosureReverseAbstractInterpreter.java:221)
	at com.google.javascript.jscomp.ChainableReverseAbstractInterpreter.nextPreciserScopeKnowingConditionOutcome(ChainableReverseAbstractInterpreter.java:108)
	at com.google.javascript.jscomp.ClosureReverseAbstractInterpreter.getPreciserScopeKnowingConditionOutcome(ClosureReverseAbstractInterpreter.java:221)
	at com.google.javascript.jscomp.ChainableReverseAbstractInterpreter.nextPreciserScopeKnowingConditionOutcome(ChainableReverseAbstractInterpreter.java:108)
	at com.google.javascript.jscomp.ClosureReverseAbstractInterpreter.getPreciserScopeKnowingConditionOutcome(ClosureReverseAbstractInterpreter.java:221)
	at com.google.javascript.jscomp.ChainableReverseAbstractInterpreter.nextPreciserScopeKnowingConditionOutcome(ChainableReverseAbstractInterpreter.java:108)
	at com.google.javascript.jscomp.ClosureReverseAbstractInterpreter.getPreciserScopeKnowingConditionOutcome(ClosureReverseAbstractInterpreter.java:221)
	at com.google.javascript.jscomp.ChainableReverseAbstractInterpreter.nextPreciserScopeKnowingConditionOutcome(ChainableReverseAbstractInterpreter.java:108)
	at com.google.javascript.jscomp.ClosureReverseAbstractInterpreter.getPreciserScopeKnowingConditionOutcome(ClosureReverseAbstractInterpreter.java:221)
	at com.google.javascript.jscomp.ChainableReverseAbstractInterpreter.nextPreciserScopeKnowingConditionOutcome(ChainableReverseAbstractInterpreter.java:108)
	at com.google.javascript.jscomp.ClosureReverseAbstractInterpreter.getPreciserScopeKnowingConditionOutcome(ClosureReverseAbstractInterpreter.java:221)
	at com.google.javascript.jscomp.ChainableReverseAbstractInterpreter.nextPreciserScopeKnowingConditionOutcome(ChainableReverseAbstractInterpreter.java:108)
	at com.google.javascript.jscomp.ClosureReverseAbstractInterpreter.getPreciserScopeKnowingConditionOutcome(ClosureReverseAbstractInterpreter.java:221)
	at com.google.javascript.jscomp.ChainableReverseAbstractInterpreter.nextPreciserScopeKnowingConditionOutcome(ChainableReverseAbstractInterpreter.java:108)
	at com.google.javascript.jscomp.ClosureReverseAbstractInterpreter.getPreciserScopeKnowingConditionOutcome(ClosureReverseAbstractInterpreter.java:221)
	at com.google.javascript.jscomp.ChainableReverseAbstractInterpreter.nextPreciserScopeKnowingConditionOutcome(ChainableReverseAbstractInterpreter.java:108)
	at com.google.javascript.jscomp.ClosureReverseAbstractInterpreter.getPreciserScopeKnowingConditionOutcome(ClosureReverseAbstractInterpreter.java:221)
	at com.google.javascript.jscomp.ChainableReverseAbstractInterpreter.nextPreciserScopeKnowingConditionOutcome(ChainableReverseAbstractInterpreter.java:108)
	at com.google.javascript.jscomp.ClosureReverseAbstractInterpreter.getPreciserScopeKnowingConditionOutcome(ClosureReverseAbstractInterpreter.java:221)
	at com.google.javascript.jscomp.ChainableReverseAbstractInterpreter.nextPreciserScopeKnowingConditionOutcome(ChainableReverseAbstractInterpreter.java:108)
	at com.google.javascript.jscomp.ClosureReverseAbstractInterpreter.getPreciserScopeKnowingConditionOutcome(ClosureReverseAbstractInterpreter.java:221)
	at com.google.javascript.jscomp.ChainableReverseAbstractInterpreter.nextPreciserScopeKnowingConditionOutcome(ChainableReverseAbstractInterpreter.java:108)
	at com.google.javascript.jscomp.ClosureReverseAbstractInterpreter.getPreciserScopeKnowingConditionOutcome(ClosureReverseAbstractInterpreter.java:221)
	at com.google.javascript.jscomp.ChainableReverseAbstractInterpreter.nextPreciserScopeKnowingConditionOutcome(ChainableReverseAbstractInterpreter.java:108)
	at com.google.javascript.jscomp.ClosureReverseAbstractInterpreter.getPreciserScopeKnowingConditionOutcome(ClosureReverseAbstractInterpreter.java:221)
	at com.google.javascript.jscomp.ChainableReverseAbstractInterpreter.nextPreciserScopeKnowingConditionOutcome(ChainableReverseAbstractInterpreter.java:108)
	at com.google.javascript.jscomp.ClosureReverseAbstractInterpreter.getPreciserScopeKnowingConditionOutcome(ClosureReverseAbstractInterpreter.java:221)
	at com.google.javascript.jscomp.ChainableReverseAbstractInterpreter.nextPreciserScopeKnowingConditionOutcome(ChainableReverseAbstractInterpreter.java:108)
	at com.google.javascript.jscomp.ClosureReverseAbstractInterpreter.getPreciserScopeKnowingConditionOutcome(ClosureReverseAbstractInterpreter.java:221)
	at com.google.javascript.jscomp.ChainableReverseAbstractInterpreter.nextPreciserScopeKnowingConditionOutcome(ChainableReverseAbstractInterpreter.java:108)
	at com.google.javascript.jscomp.ClosureReverseAbstractInterpreter.getPreciserScopeKnowingConditionOutcome(ClosureReverseAbstractInterpreter.java:221)
	at com.google.javascript.jscomp.ChainableReverseAbstractInterpreter.nextPreciserScopeKnowingConditionOutcome(ChainableReverseAbstractInterpreter.java:108)
	at com.google.javascript.jscomp.ClosureReverseAbstractInterpreter.getPreciserScopeKnowingConditionOutcome(ClosureReverseAbstractInterpreter.java:221)
	at com.google.javascript.jscomp.ChainableReverseAbstractInterpreter.nextPreciserScopeKnowingConditionOutcome(ChainableReverseAbstractInterpreter.java:108)
	at com.google.javascript.jscomp.ClosureReverseAbstractInterpreter.getPreciserScopeKnowingConditionOutcome(ClosureReverseAbstractInterpreter.java:221)
	at com.google.javascript.jscomp.ChainableReverseAbstractInterpreter.nextPreciserScopeKnowingConditionOutcome(ChainableReverseAbstractInterpreter.java:108)
	at com.google.javascript.jscomp.ClosureReverseAbstractInterpreter.getPreciserScopeKnowingConditionOutcome(ClosureReverseAbstractInterpreter.java:221)
	at com.google.javascript.jscomp.ChainableReverseAbstractInterpreter.nextPreciserScopeKnowingConditionOutcome(ChainableReverseAbstractInterpreter.java:108)
	at com.google.javascript.jscomp.ClosureReverseAbstractInterpreter.getPreciserScopeKnowingConditionOutcome(ClosureReverseAbstractInterpreter.java:221)
	at com.google.javascript.jscomp.ChainableReverseAbstractInterpreter.nextPreciserScopeKnowingConditionOutcome(ChainableReverseAbstractInterpreter.java:108)
	at com.google.javascript.jscomp.ClosureReverseAbstractInterpreter.getPreciserScopeKnowingConditionOutcome(ClosureReverseAbstractInterpreter.java:221)
	at com.google.javascript.jscomp.ChainableReverseAbstractInterpreter.nextPreciserScopeKnowingConditionOutcome(ChainableReverseAbstractInterpreter.java:108)
	at com.google.javascript.jscomp.ClosureReverseAbstractInterpreter.getPreciserScopeKnowingConditionOutcome(ClosureReverseAbstractInterpreter.java:221)
	at com.google.javascript.jscomp.ChainableReverseAbstractInterpreter.nextPreciserScopeKnowingConditionOutcome(ChainableReverseAbstractInterpreter.java:108)
	at com.google.javascript.jscomp.ClosureReverseAbstractInterpreter.getPreciserScopeKnowingConditionOutcome(ClosureReverseAbstractInterpreter.java:221)
	at com.google.javascript.jscomp.ChainableReverseAbstractInterpreter.nextPreciserScopeKnowingConditionOutcome(ChainableReverseAbstractInterpreter.java:108)
	at com.google.javascript.jscomp.ClosureReverseAbstractInterpreter.getPreciserScopeKnowingConditionOutcome(ClosureReverseAbstractInterpreter.java:221)
	at com.google.javascript.jscomp.ChainableReverseAbstractInterpreter.nextPreciserScopeKnowingConditionOutcome(ChainableReverseAbstractInterpreter.java:108)
	at com.google.javascript.jscomp.ClosureReverseAbstractInterpreter.getPreciserScopeKnowingConditionOutcome(ClosureReverseAbstractInterpreter.java:221)
	at com.google.javascript.jscomp.ChainableReverseAbstractInterpreter.nextPreciserScopeKnowingConditionOutcome(ChainableReverseAbstractInterpreter.java:108)
	at com.google.javascript.jscomp.ClosureReverseAbstractInterpreter.getPreciserScopeKnowingConditionOutcome(ClosureReverseAbstractInterpreter.java:221)
	at com.google.javascript.jscomp.ChainableReverseAbstractInterpreter.nextPreciserScopeKnowingConditionOutcome(ChainableReverseAbstractInterpreter.java:108)
	at com.google.javascript.jscomp.ClosureReverseAbstractInterpreter.getPreciserScopeKnowingConditionOutcome(ClosureReverseAbstractInterpreter.java:221)
	at com.google.javascript.jscomp.ChainableReverseAbstractInterpreter.nextPreciserScopeKnowingConditionOutcome(ChainableReverseAbstractInterpreter.java:108)
	at com.google.javascript.jscomp.ClosureReverseAbstractInterpreter.getPreciserScopeKnowingConditionOutcome(ClosureReverseAbstractInterpreter.java:221)
	at com.google.javascript.jscomp.ChainableReverseAbstractInterpreter.nextPreciserScopeKnowingConditionOutcome(ChainableReverseAbstractInterpreter.java:108)
	at com.google.javascript.jscomp.ClosureReverseAbstractInterpreter.getPreciserScopeKnowingConditionOutcome(ClosureReverseAbstractInterpreter.java:221)
	at com.google.javascript.jscomp.ChainableReverseAbstractInterpreter.nextPreciserScopeKnowingConditionOutcome(ChainableReverseAbstractInterpreter.java:108)
	at com.google.javascript.jscomp.ClosureReverseAbstractInterpreter.getPreciserScopeKnowingConditionOutcome(ClosureReverseAbstractInterpreter.java:221)
	at com.google.javascript.jscomp.ChainableReverseAbstractInterpreter.nextPreciserScopeKnowingConditionOutcome(ChainableReverseAbstractInterpreter.java:108)
	at com.google.javascript.jscomp.ClosureReverseAbstractInterpreter.getPreciserScopeKnowingConditionOutcome(ClosureReverseAbstractInterpreter.java:221)
	at com.google.javascript.jscomp.ChainableReverseAbstractInterpreter.nextPreciserScopeKnowingConditionOutcome(ChainableReverseAbstractInterpreter.java:108)
	at com.google.javascript.jscomp.ClosureReverseAbstractInterpreter.getPreciserScopeKnowingConditionOutcome(ClosureReverseAbstractInterpreter.java:221)
	at com.google.javascript.jscomp.ChainableReverseAbstractInterpreter.nextPreciserScopeKnowingConditionOutcome(ChainableReverseAbstractInterpreter.java:108)
	at com.google.javascript.jscomp.ClosureReverseAbstractInterpreter.getPreciserScopeKnowingConditionOutcome(ClosureReverseAbstractInterpreter.java:221)
	at com.google.javascript.jscomp.ChainableReverseAbstractInterpreter.nextPreciserScopeKnowingConditionOutcome(ChainableReverseAbstractInterpreter.java:108)
	at com.google.javascript.jscomp.ClosureReverseAbstractInterpreter.getPreciserScopeKnowingConditionOutcome(ClosureReverseAbstractInterpreter.java:221)
	at com.google.javascript.jscomp.ChainableReverseAbstractInterpreter.nextPreciserScopeKnowingConditionOutcome(ChainableReverseAbstractInterpreter.java:108)
	at com.google.javascript.jscomp.ClosureReverseAbstractInterpreter.getPreciserScopeKnowingConditionOutcome(ClosureReverseAbstractInterpreter.java:221)
	at com.google.javascript.jscomp.ChainableReverseAbstractInterpreter.nextPreciserScopeKnowingConditionOutcome(ChainableReverseAbstractInterpreter.java:108)
	at com.google.javascript.jscomp.ClosureReverseAbstractInterpreter.getPreciserScopeKnowingConditionOutcome(ClosureReverseAbstractInterpreter.java:221)
	at com.google.javascript.jscomp.ChainableReverseAbstractInterpreter.nextPreciserScopeKnowingConditionOutcome(ChainableReverseAbstractInterpreter.java:108)
	at com.google.javascript.jscomp.ClosureReverseAbstractInterpreter.getPreciserScopeKnowingConditionOutcome(ClosureReverseAbstractInterpreter.java:221)
	at com.google.javascript.jscomp.ChainableReverseAbstractInterpreter.nextPreciserScopeKnowingConditionOutcome(ChainableReverseAbstractInterpreter.java:108)
	at com.google.javascript.jscomp.ClosureReverseAbstractInterpreter.getPreciserScopeKnowingConditionOutcome(ClosureReverseAbstractInterpreter.java:221)
	at com.google.javascript.jscomp.ChainableReverseAbstractInterpreter.nextPreciserScopeKnowingConditionOutcome(ChainableReverseAbstractInterpreter.java:108)
	at com.google.javascript.jscomp.ClosureReverseAbstractInterpreter.getPreciserScopeKnowingConditionOutcome(ClosureReverseAbstractInterpreter.java:221)
	at com.google.javascript.jscomp.ChainableReverseAbstractInterpreter.nextPreciserScopeKnowingConditionOutcome(ChainableReverseAbstractInterpreter.java:108)
	at com.google.javascript.jscomp.ClosureReverseAbstractInterpreter.getPreciserScopeKnowingConditionOutcome(ClosureReverseAbstractInterpreter.java:221)
	at com.google.javascript.jscomp.ChainableReverseAbstractInterpreter.nextPreciserScopeKnowingConditionOutcome(ChainableReverseAbstractInterpreter.java:108)
	at com.google.javascript.jscomp.ClosureReverseAbstractInterpreter.getPreciserScopeKnowingConditionOutcome(ClosureReverseAbstractInterpreter.java:221)
	at com.google.javascript.jscomp.ChainableReverseAbstractInterpreter.nextPreciserScopeKnowingConditionOutcome(ChainableReverseAbstractInterpreter.java:108)
	at com.google.javascript.jscomp.ClosureReverseAbstractInterpreter.getPreciserScopeKnowingConditionOutcome(ClosureReverseAbstractInterpreter.java:221)
	at com.google.javascript.jscomp.ChainableReverseAbstractInterpreter.nextPreciserScopeKnowingConditionOutcome(ChainableReverseAbstractInterpreter.java:108)
	at com.google.javascript.jscomp.ClosureReverseAbstractInterpreter.getPreciserScopeKnowingConditionOutcome(ClosureReverseAbstractInterpreter.java:221)
	at com.google.javascript.jscomp.ChainableReverseAbstractInterpreter.nextPreciserScopeKnowingConditionOutcome(ChainableReverseAbstractInterpreter.java:108)
	at com.google.javascript.jscomp.ClosureReverseAbstractInterpreter.getPreciserScopeKnowingConditionOutcome(ClosureReverseAbstractInterpreter.java:221)
	at com.google.javascript.jscomp.ChainableReverseAbstractInterpreter.nextPreciserScopeKnowingConditionOutcome(ChainableReverseAbstractInterpreter.java:108)
	at com.google.javascript.jscomp.ClosureReverseAbstractInterpreter.getPreciserScopeKnowingConditionOutcome(ClosureReverseAbstractInterpreter.java:221)
	at com.google.javascript.jscomp.ChainableReverseAbstractInterpreter.nextPreciserScopeKnowingConditionOutcome(ChainableReverseAbstractInterpreter.java:108)
	at com.google.javascript.jscomp.ClosureReverseAbstractInterpreter.getPreciserScopeKnowingConditionOutcome(ClosureReverseAbstractInterpreter.java:221)
	at com.google.javascript.jscomp.ChainableReverseAbstractInterpreter.nextPreciserScopeKnowingConditionOutcome(ChainableReverseAbstractInterpreter.java:108)
	at com.google.javascript.jscomp.ClosureReverseAbstractInterpreter.getPreciserScopeKnowingConditionOutcome(ClosureReverseAbstractInterpreter.java:221)
	at com.google.javascript.jscomp.ChainableReverseAbstractInterpreter.nextPreciserScopeKnowingConditionOutcome(ChainableReverseAbstractInterpreter.java:108)
	at com.google.javascript.jscomp.ClosureReverseAbstractInterpreter.getPreciserScopeKnowingConditionOutcome(ClosureReverseAbstractInterpreter.java:221)
	at com.google.javascript.jscomp.ChainableReverseAbstractInterpreter.nextPreciserScopeKnowingConditionOutcome(ChainableReverseAbstractInterpreter.java:108)
	at com.google.javascript.jscomp.ClosureReverseAbstractInterpreter.getPreciserScopeKnowingConditionOutcome(ClosureReverseAbstractInterpreter.java:221)
	at com.google.javascript.jscomp.ChainableReverseAbstractInterpreter.nextPreciserScopeKnowingConditionOutcome(ChainableReverseAbstractInterpreter.java:108)
	at com.google.javascript.jscomp.ClosureReverseAbstractInterpreter.getPreciserScopeKnowingConditionOutcome(ClosureReverseAbstractInterpreter.java:221)
	at com.google.javascript.jscomp.ChainableReverseAbstractInterpreter.nextPreciserScopeKnowingConditionOutcome(ChainableReverseAbstractInterpreter.java:108)
	at com.google.javascript.jscomp.ClosureReverseAbstractInterpreter.getPreciserScopeKnowingConditionOutcome(ClosureReverseAbstractInterpreter.java:221)
	at com.google.javascript.jscomp.ChainableReverseAbstractInterpreter.nextPreciserScopeKnowingConditionOutcome(ChainableReverseAbstractInterpreter.java:108)
	at com.google.javascript.jscomp.ClosureReverseAbstractInterpreter.getPreciserScopeKnowingConditionOutcome(ClosureReverseAbstractInterpreter.java:221)
	at com.google.javascript.jscomp.ChainableReverseAbstractInterpreter.nextPreciserScopeKnowingConditionOutcome(ChainableReverseAbstractInterpreter.java:108)
	at com.google.javascript.jscomp.ClosureReverseAbstractInterpreter.getPreciserScopeKnowingConditionOutcome(ClosureReverseAbstractInterpreter.java:221)
	at com.google.javascript.jscomp.ChainableReverseAbstractInterpreter.nextPreciserScopeKnowingConditionOutcome(ChainableReverseAbstractInterpreter.java:108)
	at com.google.javascript.jscomp.ClosureReverseAbstractInterpreter.getPreciserScopeKnowingConditionOutcome(ClosureReverseAbstractInterpreter.java:221)
	at com.google.javascript.jscomp.ChainableReverseAbstractInterpreter.nextPreciserScopeKnowingConditionOutcome(ChainableReverseAbstractInterpreter.java:108)
	at com.google.javascript.jscomp.ClosureReverseAbstractInterpreter.getPreciserScopeKnowingConditionOutcome(ClosureReverseAbstractInterpreter.java:221)
	at com.google.javascript.jscomp.ChainableReverseAbstractInterpreter.nextPreciserScopeKnowingConditionOutcome(ChainableReverseAbstractInterpreter.java:108)
	at com.google.javascript.jscomp.ClosureReverseAbstractInterpreter.getPreciserScopeKnowingConditionOutcome(ClosureReverseAbstractInterpreter.java:221)
	at com.google.javascript.jscomp.ChainableReverseAbstractInterpreter.nextPreciserScopeKnowingConditionOutcome(ChainableReverseAbstractInterpreter.java:108)
	at com.google.javascript.jscomp.ClosureReverseAbstractInterpreter.getPreciserScopeKnowingConditionOutcome(ClosureReverseAbstractInterpreter.java:221)
	at com.google.javascript.jscomp.ChainableReverseAbstractInterpreter.nextPreciserScopeKnowingConditionOutcome(ChainableReverseAbstractInterpreter.java:108)
	at com.google.javascript.jscomp.ClosureReverseAbstractInterpreter.getPreciserScopeKnowingConditionOutcome(ClosureReverseAbstractInterpreter.java:221)
	at com.google.javascript.jscomp.ChainableReverseAbstractInterpreter.nextPreciserScopeKnowingConditionOutcome(ChainableReverseAbstractInterpreter.java:108)
	at com.google.javascript.jscomp.ClosureReverseAbstractInterpreter.getPreciserScopeKnowingConditionOutcome(ClosureReverseAbstractInterpreter.java:221)
	at com.google.javascript.jscomp.ChainableReverseAbstractInterpreter.nextPreciserScopeKnowingConditionOutcome(ChainableReverseAbstractInterpreter.java:108)
	at com.google.javascript.jscomp.ClosureReverseAbstractInterpreter.getPreciserScopeKnowingConditionOutcome(ClosureReverseAbstractInterpreter.java:221)
	at com.google.javascript.jscomp.ChainableReverseAbstractInterpreter.nextPreciserScopeKnowingConditionOutcome(ChainableReverseAbstractInterpreter.java:108)
	at com.google.javascript.jscomp.ClosureReverseAbstractInterpreter.getPreciserScopeKnowingConditionOutcome(ClosureReverseAbstractInterpreter.java:221)
	at com.google.javascript.jscomp.ChainableReverseAbstractInterpreter.nextPreciserScopeKnowingConditionOutcome(ChainableReverseAbstractInterpreter.java:108)
	at com.google.javascript.jscomp.ClosureReverseAbstractInterpreter.getPreciserScopeKnowingConditionOutcome(ClosureReverseAbstractInterpreter.java:221)
	at com.google.javascript.jscomp.ChainableReverseAbstractInterpreter.nextPreciserScopeKnowingConditionOutcome(ChainableReverseAbstractInterpreter.java:108)
	at com.google.javascript.jscomp.ClosureReverseAbstractInterpreter.getPreciserScopeKnowingConditionOutcome(ClosureReverseAbstractInterpreter.java:221)
	at com.google.javascript.jscomp.ChainableReverseAbstractInterpreter.nextPreciserScopeKnowingConditionOutcome(ChainableReverseAbstractInterpreter.java:108)
	at com.google.javascript.jscomp.ClosureReverseAbstractInterpreter.getPreciserScopeKnowingConditionOutcome(ClosureReverseAbstractInterpreter.java:221)
	at com.google.javascript.jscomp.ChainableReverseAbstractInterpreter.nextPreciserScopeKnowingConditionOutcome(ChainableReverseAbstractInterpreter.java:108)
	at com.google.javascript.jscomp.ClosureReverseAbstractInterpreter.getPreciserScopeKnowingConditionOutcome(ClosureReverseAbstractInterpreter.java:221)
	at com.google.javascript.jscomp.ChainableReverseAbstractInterpreter.nextPreciserScopeKnowingConditionOutcome(ChainableReverseAbstractInterpreter.java:108)
	at com.google.javascript.jscomp.ClosureReverseAbstractInterpreter.getPreciserScopeKnowingConditionOutcome(ClosureReverseAbstractInterpreter.java:221)
	at com.google.javascript.jscomp.ChainableReverseAbstractInterpreter.nextPreciserScopeKnowingConditionOutcome(ChainableReverseAbstractInterpreter.java:108)
	at com.google.javascript.jscomp.ClosureReverseAbstractInterpreter.getPreciserScopeKnowingConditionOutcome(ClosureReverseAbstractInterpreter.java:221)
	at com.google.javascript.jscomp.ChainableReverseAbstractInterpreter.nextPreciserScopeKnowingConditionOutcome(ChainableReverseAbstractInterpreter.java:108)
	at com.google.javascript.jscomp.ClosureReverseAbstractInterpreter.getPreciserScopeKnowingConditionOutcome(ClosureReverseAbstractInterpreter.java:221)
	at com.google.javascript.jscomp.ChainableReverseAbstractInterpreter.nextPreciserScopeKnowingConditionOutcome(ChainableReverseAbstractInterpreter.java:108)
	at com.google.javascript.jscomp.ClosureReverseAbstractInterpreter.getPreciserScopeKnowingConditionOutcome(ClosureReverseAbstractInterpreter.java:221)
	at com.google.javascript.jscomp.ChainableReverseAbstractInterpreter.nextPreciserScopeKnowingConditionOutcome(ChainableReverseAbstractInterpreter.java:108)
	at com.google.javascript.jscomp.ClosureReverseAbstractInterpreter.getPreciserScopeKnowingConditionOutcome(ClosureReverseAbstractInterpreter.java:221)
	at com.google.javascript.jscomp.ChainableReverseAbstractInterpreter.nextPreciserScopeKnowingConditionOutcome(ChainableReverseAbstractInterpreter.java:108)
	at com.google.javascript.jscomp.ClosureReverseAbstractInterpreter.getPreciserScopeKnowingConditionOutcome(ClosureReverseAbstractInterpreter.java:221)
	at com.google.javascript.jscomp.ChainableReverseAbstractInterpreter.nextPreciserScopeKnowingConditionOutcome(ChainableReverseAbstractInterpreter.java:108)
	at com.google.javascript.jscomp.ClosureReverseAbstractInterpreter.getPreciserScopeKnowingConditionOutcome(ClosureReverseAbstractInterpreter.java:221)
	at com.google.javascript.jscomp.ChainableReverseAbstractInterpreter.nextPreciserScopeKnowingConditionOutcome(ChainableReverseAbstractInterpreter.java:108)
	at com.google.javascript.jscomp.ClosureReverseAbstractInterpreter.getPreciserScopeKnowingConditionOutcome(ClosureReverseAbstractInterpreter.java:221)
	at com.google.javascript.jscomp.ChainableReverseAbstractInterpreter.nextPreciserScopeKnowingConditionOutcome(ChainableReverseAbstractInterpreter.java:108)
	at com.google.javascript.jscomp.ClosureReverseAbstractInterpreter.getPreciserScopeKnowingConditionOutcome(ClosureReverseAbstractInterpreter.java:221)
	at com.google.javascript.jscomp.ChainableReverseAbstractInterpreter.nextPreciserScopeKnowingConditionOutcome(ChainableReverseAbstractInterpreter.java:108)
	at com.google.javascript.jscomp.ClosureReverseAbstractInterpreter.getPreciserScopeKnowingConditionOutcome(ClosureReverseAbstractInterpreter.java:221)
	at com.google.javascript.jscomp.ChainableReverseAbstractInterpreter.nextPreciserScopeKnowingConditionOutcome(ChainableReverseAbstractInterpreter.java:108)
	at com.google.javascript.jscomp.ClosureReverseAbstractInterpreter.getPreciserScopeKnowingConditionOutcome(ClosureReverseAbstractInterpreter.java:221)
	at com.google.javascript.jscomp.ChainableReverseAbstractInterpreter.nextPreciserScopeKnowingConditionOutcome(ChainableReverseAbstractInterpreter.java:108)
	at com.google.javascript.jscomp.ClosureReverseAbstractInterpreter.getPreciserScopeKnowingConditionOutcome(ClosureReverseAbstractInterpreter.java:221)
	at com.google.javascript.jscomp.ChainableReverseAbstractInterpreter.nextPreciserScopeKnowingConditionOutcome(ChainableReverseAbstractInterpreter.java:108)
	at com.google.javascript.jscomp.ClosureReverseAbstractInterpreter.getPreciserScopeKnowingConditionOutcome(ClosureReverseAbstractInterpreter.java:221)
	at com.google.javascript.jscomp.ChainableReverseAbstractInterpreter.nextPreciserScopeKnowingConditionOutcome(ChainableReverseAbstractInterpreter.java:108)
	at com.google.javascript.jscomp.ClosureReverseAbstractInterpreter.getPreciserScopeKnowingConditionOutcome(ClosureReverseAbstractInterpreter.java:221)
	at com.google.javascript.jscomp.ChainableReverseAbstractInterpreter.nextPreciserScopeKnowingConditionOutcome(ChainableReverseAbstractInterpreter.java:108)
	at com.google.javascript.jscomp.ClosureReverseAbstractInterpreter.getPreciserScopeKnowingConditionOutcome(ClosureReverseAbstractInterpreter.java:221)
	at com.google.javascript.jscomp.ChainableReverseAbstractInterpreter.nextPreciserScopeKnowingConditionOutcome(ChainableReverseAbstractInterpreter.java:108)
	at com.google.javascript.jscomp.ClosureReverseAbstractInterpreter.getPreciserScopeKnowingConditionOutcome(ClosureReverseAbstractInterpreter.java:221)
	at com.google.javascript.jscomp.ChainableReverseAbstractInterpreter.nextPreciserScopeKnowingConditionOutcome(ChainableReverseAbstractInterpreter.java:108)
	at com.google.javascript.jscomp.ClosureReverseAbstractInterpreter.getPreciserScopeKnowingConditionOutcome(ClosureReverseAbstractInterpreter.java:221)
	at com.google.javascript.jscomp.ChainableReverseAbstractInterpreter.nextPreciserScopeKnowingConditionOutcome(ChainableReverseAbstractInterpreter.java:108)
	at com.google.javascript.jscomp.ClosureReverseAbstractInterpreter.getPreciserScopeKnowingConditionOutcome(ClosureReverseAbstractInterpreter.java:221)
	at com.google.javascript.jscomp.ChainableReverseAbstractInterpreter.nextPreciserScopeKnowingConditionOutcome(ChainableReverseAbstractInterpreter.java:108)
	at com.google.javascript.jscomp.ClosureReverseAbstractInterpreter.getPreciserScopeKnowingConditionOutcome(ClosureReverseAbstractInterpreter.java:221)
	at com.google.javascript.jscomp.ChainableReverseAbstractInterpreter.nextPreciserScopeKnowingConditionOutcome(ChainableReverseAbstractInterpreter.java:108)
	at com.google.javascript.jscomp.ClosureReverseAbstractInterpreter.getPreciserScopeKnowingConditionOutcome(ClosureReverseAbstractInterpreter.java:221)
	at com.google.javascript.jscomp.ChainableReverseAbstractInterpreter.nextPreciserScopeKnowingConditionOutcome(ChainableReverseAbstractInterpreter.java:108)
	at com.google.javascript.jscomp.ClosureReverseAbstractInterpreter.getPreciserScopeKnowingConditionOutcome(ClosureReverseAbstractInterpreter.java:221)
	at com.google.javascript.jscomp.ChainableReverseAbstractInterpreter.nextPreciserScopeKnowingConditionOutcome(ChainableReverseAbstractInterpreter.java:108)
	at com.google.javascript.jscomp.ClosureReverseAbstractInterpreter.getPreciserScopeKnowingConditionOutcome(ClosureReverseAbstractInterpreter.java:221)
	at com.google.javascript.jscomp.ChainableReverseAbstractInterpreter.nextPreciserScopeKnowingConditionOutcome(ChainableReverseAbstractInterpreter.java:108)
	at com.google.javascript.jscomp.ClosureReverseAbstractInterpreter.getPreciserScopeKnowingConditionOutcome(ClosureReverseAbstractInterpreter.java:221)
	at com.google.javascript.jscomp.ChainableReverseAbstractInterpreter.nextPreciserScopeKnowingConditionOutcome(ChainableReverseAbstractInterpreter.java:108)
	at com.google.javascript.jscomp.ClosureReverseAbstractInterpreter.getPreciserScopeKnowingConditionOutcome(ClosureReverseAbstractInterpreter.java:221)
	at com.google.javascript.jscomp.ChainableReverseAbstractInterpreter.nextPreciserScopeKnowingConditionOutcome(ChainableReverseAbstractInterpreter.java:108)
	at com.google.javascript.jscomp.ClosureReverseAbstractInterpreter.getPreciserScopeKnowingConditionOutcome(ClosureReverseAbstractInterpreter.java:221)
	at com.google.javascript.jscomp.ChainableReverseAbstractInterpreter.nextPreciserScopeKnowingConditionOutcome(ChainableReverseAbstractInterpreter.java:108)
	at com.google.javascript.jscomp.ClosureReverseAbstractInterpreter.getPreciserScopeKnowingConditionOutcome(ClosureReverseAbstractInterpreter.java:221)
	at com.google.javascript.jscomp.ChainableReverseAbstractInterpreter.nextPreciserScopeKnowingConditionOutcome(ChainableReverseAbstractInterpreter.java:108)
	at com.google.javascript.jscomp.ClosureReverseAbstractInterpreter.getPreciserScopeKnowingConditionOutcome(ClosureReverseAbstractInterpreter.java:221)
	at com.google.javascript.jscomp.ChainableReverseAbstractInterpreter.nextPreciserScopeKnowingConditionOutcome(ChainableReverseAbstractInterpreter.java:108)
	at com.google.javascript.jscomp.ClosureReverseAbstractInterpreter.getPreciserScopeKnowingConditionOutcome(ClosureReverseAbstractInterpreter.java:221)
	at com.google.javascript.jscomp.ChainableReverseAbstractInterpreter.nextPreciserScopeKnowingConditionOutcome(ChainableReverseAbstractInterpreter.java:108)
	at com.google.javascript.jscomp.ClosureReverseAbstractInterpreter.getPreciserScopeKnowingConditionOutcome(ClosureReverseAbstractInterpreter.java:221)
	at com.google.javascript.jscomp.ChainableReverseAbstractInterpreter.nextPreciserScopeKnowingConditionOutcome(ChainableReverseAbstractInterpreter.java:108)
	at com.google.javascript.jscomp.ClosureReverseAbstractInterpreter.getPreciserScopeKnowingConditionOutcome(ClosureReverseAbstractInterpreter.java:221)
	at com.google.javascript.jscomp.ChainableReverseAbstractInterpreter.nextPreciserScopeKnowingConditionOutcome(ChainableReverseAbstractInterpreter.java:108)
	at com.google.javascript.jscomp.ClosureReverseAbstractInterpreter.getPreciserScopeKnowingConditionOutcome(ClosureReverseAbstractInterpreter.java:221)
	at com.google.javascript.jscomp.ChainableReverseAbstractInterpreter.nextPreciserScopeKnowingConditionOutcome(ChainableReverseAbstractInterpreter.java:108)
	at com.google.javascript.jscomp.ClosureReverseAbstractInterpreter.getPreciserScopeKnowingConditionOutcome(ClosureReverseAbstractInterpreter.java:221)
	at com.google.javascript.jscomp.ChainableReverseAbstractInterpreter.nextPreciserScopeKnowingConditionOutcome(ChainableReverseAbstractInterpreter.java:108)
	at com.google.javascript.jscomp.ClosureReverseAbstractInterpreter.getPreciserScopeKnowingConditionOutcome(ClosureReverseAbstractInterpreter.java:221)
	at com.google.javascript.jscomp.ChainableReverseAbstractInterpreter.nextPreciserScopeKnowingConditionOutcome(ChainableReverseAbstractInterpreter.java:108)
	at com.google.javascript.jscomp.ClosureReverseAbstractInterpreter.getPreciserScopeKnowingConditionOutcome(ClosureReverseAbstractInterpreter.java:221)
	at com.google.javascript.jscomp.ChainableReverseAbstractInterpreter.nextPreciserScopeKnowingConditionOutcome(ChainableReverseAbstractInterpreter.java:108)
	at com.google.javascript.jscomp.ClosureReverseAbstractInterpreter.getPreciserScopeKnowingConditionOutcome(ClosureReverseAbstractInterpreter.java:221)
	at com.google.javascript.jscomp.ChainableReverseAbstractInterpreter.nextPreciserScopeKnowingConditionOutcome(ChainableReverseAbstractInterpreter.java:108)
	at com.google.javascript.jscomp.ClosureReverseAbstractInterpreter.getPreciserScopeKnowingConditionOutcome(ClosureReverseAbstractInterpreter.java:221)
	at com.google.javascript.jscomp.ChainableReverseAbstractInterpreter.nextPreciserScopeKnowingConditionOutcome(ChainableReverseAbstractInterpreter.java:108)
	at com.google.javascript.jscomp.ClosureReverseAbstractInterpreter.getPreciserScopeKnowingConditionOutcome(ClosureReverseAbstractInterpreter.java:221)
	at com.google.javascript.jscomp.ChainableReverseAbstractInterpreter.nextPreciserScopeKnowingConditionOutcome(ChainableReverseAbstractInterpreter.java:108)
	at com.google.javascript.jscomp.ClosureReverseAbstractInterpreter.getPreciserScopeKnowingConditionOutcome(ClosureReverseAbstractInterpreter.java:221)
	at com.google.javascript.jscomp.ChainableReverseAbstractInterpreter.nextPreciserScopeKnowingConditionOutcome(ChainableReverseAbstractInterpreter.java:108)
	at com.google.javascript.jscomp.ClosureReverseAbstractInterpreter.getPreciserScopeKnowingConditionOutcome(ClosureReverseAbstractInterpreter.java:221)
	at com.google.javascript.jscomp.ChainableReverseAbstractInterpreter.nextPreciserScopeKnowingConditionOutcome(ChainableReverseAbstractInterpreter.java:108)
	at com.google.javascript.jscomp.ClosureReverseAbstractInterpreter.getPreciserScopeKnowingConditionOutcome(ClosureReverseAbstractInterpreter.java:221)
	at com.google.javascript.jscomp.ChainableReverseAbstractInterpreter.nextPreciserScopeKnowingConditionOutcome(ChainableReverseAbstractInterpreter.java:108)
	at com.google.javascript.jscomp.ClosureReverseAbstractInterpreter.getPreciserScopeKnowingConditionOutcome(ClosureReverseAbstractInterpreter.java:221)
	at com.google.javascript.jscomp.ChainableReverseAbstractInterpreter.nextPreciserScopeKnowingConditionOutcome(ChainableReverseAbstractInterpreter.java:108)
	at com.google.javascript.jscomp.ClosureReverseAbstractInterpreter.getPreciserScopeKnowingConditionOutcome(ClosureReverseAbstractInterpreter.java:221)
	at com.google.javascript.jscomp.ChainableReverseAbstractInterpreter.nextPreciserScopeKnowingConditionOutcome(ChainableReverseAbstractInterpreter.java:108)
	at com.google.javascript.jscomp.ClosureReverseAbstractInterpreter.getPreciserScopeKnowingConditionOutcome(ClosureReverseAbstractInterpreter.java:221)
	at com.google.javascript.jscomp.ChainableReverseAbstractInterpreter.nextPreciserScopeKnowingConditionOutcome(ChainableReverseAbstractInterpreter.java:108)
	at com.google.javascript.jscomp.ClosureReverseAbstractInterpreter.getPreciserScopeKnowingConditionOutcome(ClosureReverseAbstractInterpreter.java:221)
	at com.google.javascript.jscomp.ChainableReverseAbstractInterpreter.nextPreciserScopeKnowingConditionOutcome(ChainableReverseAbstractInterpreter.java:108)
	at com.google.javascript.jscomp.ClosureReverseAbstractInterpreter.getPreciserScopeKnowingConditionOutcome(ClosureReverseAbstractInterpreter.java:221)
	at com.google.javascript.jscomp.ChainableReverseAbstractInterpreter.nextPreciserScopeKnowingConditionOutcome(ChainableReverseAbstractInterpreter.java:108)
	at com.google.javascript.jscomp.ClosureReverseAbstractInterpreter.getPreciserScopeKnowingConditionOutcome(ClosureReverseAbstractInterpreter.java:221)
	at com.google.javascript.jscomp.ChainableReverseAbstractInterpreter.nextPreciserScopeKnowingConditionOutcome(ChainableReverseAbstractInterpreter.java:108)
	at com.google.javascript.jscomp.ClosureReverseAbstractInterpreter.getPreciserScopeKnowingConditionOutcome(ClosureReverseAbstractInterpreter.java:221)
	at com.google.javascript.jscomp.ChainableReverseAbstractInterpreter.nextPreciserScopeKnowingConditionOutcome(ChainableReverseAbstractInterpreter.java:108)
	at com.google.javascript.jscomp.ClosureReverseAbstractInterpreter.getPreciserScopeKnowingConditionOutcome(ClosureReverseAbstractInterpreter.java:221)
	at com.google.javascript.jscomp.ChainableReverseAbstractInterpreter.nextPreciserScopeKnowingConditionOutcome(ChainableReverseAbstractInterpreter.java:108)
	at com.google.javascript.jscomp.ClosureReverseAbstractInterpreter.getPreciserScopeKnowingConditionOutcome(ClosureReverseAbstractInterpreter.java:221)
	at com.google.javascript.jscomp.ChainableReverseAbstractInterpreter.nextPreciserScopeKnowingConditionOutcome(ChainableReverseAbstractInterpreter.java:108)
	at com.google.javascript.jscomp.ClosureReverseAbstractInterpreter.getPreciserScopeKnowingConditionOutcome(ClosureReverseAbstractInterpreter.java:221)
	at com.google.javascript.jscomp.ChainableReverseAbstractInterpreter.nextPreciserScopeKnowingConditionOutcome(ChainableReverseAbstractInterpreter.java:108)
	at com.google.javascript.jscomp.ClosureReverseAbstractInterpreter.getPreciserScopeKnowingConditionOutcome(ClosureReverseAbstractInterpreter.java:221)
	at com.google.javascript.jscomp.ChainableReverseAbstractInterpreter.nextPreciserScopeKnowingConditionOutcome(ChainableReverseAbstractInterpreter.java:108)
	at com.google.javascript.jscomp.ClosureReverseAbstractInterpreter.getPreciserScopeKnowingConditionOutcome(ClosureReverseAbstractInterpreter.java:221)
	at com.google.javascript.jscomp.ChainableReverseAbstractInterpreter.nextPreciserScopeKnowingConditionOutcome(ChainableReverseAbstractInterpreter.java:108)
	at com.google.javascript.jscomp.ClosureReverseAbstractInterpreter.getPreciserScopeKnowingConditionOutcome(ClosureReverseAbstractInterpreter.java:221)
	at com.google.javascript.jscomp.ChainableReverseAbstractInterpreter.nextPreciserScopeKnowingConditionOutcome(ChainableReverseAbstractInterpreter.java:108)
	at com.google.javascript.jscomp.ClosureReverseAbstractInterpreter.getPreciserScopeKnowingConditionOutcome(ClosureReverseAbstractInterpreter.java:221)
	at com.google.javascript.jscomp.ChainableReverseAbstractInterpreter.nextPreciserScopeKnowingConditionOutcome(ChainableReverseAbstractInterpreter.java:108)
	at com.google.javascript.jscomp.ClosureReverseAbstractInterpreter.getPreciserScopeKnowingConditionOutcome(ClosureReverseAbstractInterpreter.java:221)
	at com.google.javascript.jscomp.ChainableReverseAbstractInterpreter.nextPreciserScopeKnowingConditionOutcome(ChainableReverseAbstractInterpreter.java:108)
	at com.google.javascript.jscomp.ClosureReverseAbstractInterpreter.getPreciserScopeKnowingConditionOutcome(ClosureReverseAbstractInterpreter.java:221)
	at com.google.javascript.jscomp.ChainableReverseAbstractInterpreter.nextPreciserScopeKnowingConditionOutcome(ChainableReverseAbstractInterpreter.java:108)
	at com.google.javascript.jscomp.ClosureReverseAbstractInterpreter.getPreciserScopeKnowingConditionOutcome(ClosureReverseAbstractInterpreter.java:221)
	at com.google.javascript.jscomp.ChainableReverseAbstractInterpreter.nextPreciserScopeKnowingConditionOutcome(ChainableReverseAbstractInterpreter.java:108)
	at com.google.javascript.jscomp.ClosureReverseAbstractInterpreter.getPreciserScopeKnowingConditionOutcome(ClosureReverseAbstractInterpreter.java:221)
	at com.google.javascript.jscomp.ChainableReverseAbstractInterpreter.nextPreciserScopeKnowingConditionOutcome(ChainableReverseAbstractInterpreter.java:108)
	at com.google.javascript.jscomp.ClosureReverseAbstractInterpreter.getPreciserScopeKnowingConditionOutcome(ClosureReverseAbstractInterpreter.java:221)
	at com.google.javascript.jscomp.ChainableReverseAbstractInterpreter.nextPreciserScopeKnowingConditionOutcome(ChainableReverseAbstractInterpreter.java:108)
	at com.google.javascript.jscomp.ClosureReverseAbstractInterpreter.getPreciserScopeKnowingConditionOutcome(ClosureReverseAbstractInterpreter.java:221)
	at com.google.javascript.jscomp.ChainableReverseAbstractInterpreter.nextPreciserScopeKnowingConditionOutcome(ChainableReverseAbstractInterpreter.java:108)
	at com.google.javascript.jscomp.ClosureReverseAbstractInterpreter.getPreciserScopeKnowingConditionOutcome(ClosureReverseAbstractInterpreter.java:221)
	at com.google.javascript.jscomp.ChainableReverseAbstractInterpreter.nextPreciserScopeKnowingConditionOutcome(ChainableReverseAbstractInterpreter.java:108)
	at com.google.javascript.jscomp.ClosureReverseAbstractInterpreter.getPreciserScopeKnowingConditionOutcome(ClosureReverseAbstractInterpreter.java:221)
	at com.google.javascript.jscomp.ChainableReverseAbstractInterpreter.nextPreciserScopeKnowingConditionOutcome(ChainableReverseAbstractInterpreter.java:108)
	at com.google.javascript.jscomp.ClosureReverseAbstractInterpreter.getPreciserScopeKnowingConditionOutcome(ClosureReverseAbstractInterpreter.java:221)
	at com.google.javascript.jscomp.ChainableReverseAbstractInterpreter.nextPreciserScopeKnowingConditionOutcome(ChainableReverseAbstractInterpreter.java:108)
	at com.google.javascript.jscomp.ClosureReverseAbstractInterpreter.getPreciserScopeKnowingConditionOutcome(ClosureReverseAbstractInterpreter.java:221)
	at com.google.javascript.jscomp.ChainableReverseAbstractInterpreter.nextPreciserScopeKnowingConditionOutcome(ChainableReverseAbstractInterpreter.java:108)
	at com.google.javascript.jscomp.ClosureReverseAbstractInterpreter.getPreciserScopeKnowingConditionOutcome(ClosureReverseAbstractInterpreter.java:221)
	at com.google.javascript.jscomp.ChainableReverseAbstractInterpreter.nextPreciserScopeKnowingConditionOutcome(ChainableReverseAbstractInterpreter.java:108)
	at com.google.javascript.jscomp.ClosureReverseAbstractInterpreter.getPreciserScopeKnowingConditionOutcome(ClosureReverseAbstractInterpreter.java:221)
	at com.google.javascript.jscomp.ChainableReverseAbstractInterpreter.nextPreciserScopeKnowingConditionOutcome(ChainableReverseAbstractInterpreter.java:108)
	at com.google.javascript.jscomp.ClosureReverseAbstractInterpreter.getPreciserScopeKnowingConditionOutcome(ClosureReverseAbstractInterpreter.java:221)
	at com.google.javascript.jscomp.ChainableReverseAbstractInterpreter.nextPreciserScopeKnowingConditionOutcome(ChainableReverseAbstractInterpreter.java:108)
	at com.google.javascript.jscomp.ClosureReverseAbstractInterpreter.getPreciserScopeKnowingConditionOutcome(ClosureReverseAbstractInterpreter.java:221)
	at com.google.javascript.jscomp.ChainableReverseAbstractInterpreter.nextPreciserScopeKnowingConditionOutcome(ChainableReverseAbstractInterpreter.java:108)
	at com.google.javascript.jscomp.ClosureReverseAbstractInterpreter.getPreciserScopeKnowingConditionOutcome(ClosureReverseAbstractInterpreter.java:221)
	at com.google.javascript.jscomp.ChainableReverseAbstractInterpreter.nextPreciserScopeKnowingConditionOutcome(ChainableReverseAbstractInterpreter.java:108)
	at com.google.javascript.jscomp.ClosureReverseAbstractInterpreter.getPreciserScopeKnowingConditionOutcome(ClosureReverseAbstractInterpreter.java:221)
	at com.google.javascript.jscomp.ChainableReverseAbstractInterpreter.nextPreciserScopeKnowingConditionOutcome(ChainableReverseAbstractInterpreter.java:108)
	at com.google.javascript.jscomp.ClosureReverseAbstractInterpreter.getPreciserScopeKnowingConditionOutcome(ClosureReverseAbstractInterpreter.java:221)
	at com.google.javascript.jscomp.ChainableReverseAbstractInterpreter.nextPreciserScopeKnowingConditionOutcome(ChainableReverseAbstractInterpreter.java:108)
	at com.google.javascript.jscomp.ClosureReverseAbstractInterpreter.getPreciserScopeKnowingConditionOutcome(ClosureReverseAbstractInterpreter.java:221)
	at com.google.javascript.jscomp.ChainableReverseAbstractInterpreter.nextPreciserScopeKnowingConditionOutcome(ChainableReverseAbstractInterpreter.java:108)
	at com.google.javascript.jscomp.ClosureReverseAbstractInterpreter.getPreciserScopeKnowingConditionOutcome(ClosureReverseAbstractInterpreter.java:221)
	at com.google.javascript.jscomp.ChainableReverseAbstractInterpreter.nextPreciserScopeKnowingConditionOutcome(ChainableReverseAbstractInterpreter.java:108)
	at com.google.javascript.jscomp.ClosureReverseAbstractInterpreter.getPreciserScopeKnowingConditionOutcome(ClosureReverseAbstractInterpreter.java:221)
	at com.google.javascript.jscomp.ChainableReverseAbstractInterpreter.nextPreciserScopeKnowingConditionOutcome(ChainableReverseAbstractInterpreter.java:108)
	at com.google.javascript.jscomp.ClosureReverseAbstractInterpreter.getPreciserScopeKnowingConditionOutcome(ClosureReverseAbstractInterpreter.java:221)
	at com.google.javascript.jscomp.ChainableReverseAbstractInterpreter.nextPreciserScopeKnowingConditionOutcome(ChainableReverseAbstractInterpreter.java:108)
	at com.google.javascript.jscomp.ClosureReverseAbstractInterpreter.getPreciserScopeKnowingConditionOutcome(ClosureReverseAbstractInterpreter.java:221)
	at com.google.javascript.jscomp.ChainableReverseAbstractInterpreter.nextPreciserScopeKnowingConditionOutcome(ChainableReverseAbstractInterpreter.java:108)
	at com.google.javascript.jscomp.ClosureReverseAbstractInterpreter.getPreciserScopeKnowingConditionOutcome(ClosureReverseAbstractInterpreter.java:221)
	at com.google.javascript.jscomp.ChainableReverseAbstractInterpreter.nextPreciserScopeKnowingConditionOutcome(ChainableReverseAbstractInterpreter.java:108)
	at com.google.javascript.jscomp.ClosureReverseAbstractInterpreter.getPreciserScopeKnowingConditionOutcome(ClosureReverseAbstractInterpreter.java:221)
	at com.google.javascript.jscomp.ChainableReverseAbstractInterpreter.nextPreciserScopeKnowingConditionOutcome(ChainableReverseAbstractInterpreter.java:108)
	at com.google.javascript.jscomp.ClosureReverseAbstractInterpreter.getPreciserScopeKnowingConditionOutcome(ClosureReverseAbstractInterpreter.java:221)
	at com.google.javascript.jscomp.ChainableReverseAbstractInterpreter.nextPreciserScopeKnowingConditionOutcome(ChainableReverseAbstractInterpreter.java:108)
	at com.google.javascript.jscomp.ClosureReverseAbstractInterpreter.getPreciserScopeKnowingConditionOutcome(ClosureReverseAbstractInterpreter.java:221)
	at com.google.javascript.jscomp.ChainableReverseAbstractInterpreter.nextPreciserScopeKnowingConditionOutcome(ChainableReverseAbstractInterpreter.java:108)
	at com.google.javascript.jscomp.ClosureReverseAbstractInterpreter.getPreciserScopeKnowingConditionOutcome(ClosureReverseAbstractInterpreter.java:221)
	at com.google.javascript.jscomp.ChainableReverseAbstractInterpreter.nextPreciserScopeKnowingConditionOutcome(ChainableReverseAbstractInterpreter.java:108)
	at com.google.javascript.jscomp.ClosureReverseAbstractInterpreter.getPreciserScopeKnowingConditionOutcome(ClosureReverseAbstractInterpreter.java:221)
	at com.google.javascript.jscomp.ChainableReverseAbstractInterpreter.nextPreciserScopeKnowingConditionOutcome(ChainableReverseAbstractInterpreter.java:108)
	at com.google.javascript.jscomp.ClosureReverseAbstractInterpreter.getPreciserScopeKnowingConditionOutcome(ClosureReverseAbstractInterpreter.java:221)
	at com.google.javascript.jscomp.ChainableReverseAbstractInterpreter.nextPreciserScopeKnowingConditionOutcome(ChainableReverseAbstractInterpreter.java:108)
	at com.google.javascript.jscomp.ClosureReverseAbstractInterpreter.getPreciserScopeKnowingConditionOutcome(ClosureReverseAbstractInterpreter.java:221)
	at com.google.javascript.jscomp.ChainableReverseAbstractInterpreter.nextPreciserScopeKnowingConditionOutcome(ChainableReverseAbstractInterpreter.java:108)
	at com.google.javascript.jscomp.ClosureReverseAbstractInterpreter.getPreciserScopeKnowingConditionOutcome(ClosureReverseAbstractInterpreter.java:221)
	at com.google.javascript.jscomp.ChainableReverseAbstractInterpreter.nextPreciserScopeKnowingConditionOutcome(ChainableReverseAbstractInterpreter.java:108)
	at com.google.javascript.jscomp.ClosureReverseAbstractInterpreter.getPreciserScopeKnowingConditionOutcome(ClosureReverseAbstractInterpreter.java:221)
	at com.google.javascript.jscomp.ChainableReverseAbstractInterpreter.nextPreciserScopeKnowingConditionOutcome(ChainableReverseAbstractInterpreter.java:108)
	at com.google.javascript.jscomp.ClosureReverseAbstractInterpreter.getPreciserScopeKnowingConditionOutcome(ClosureReverseAbstractInterpreter.java:221)
	at com.google.javascript.jscomp.ChainableReverseAbstractInterpreter.nextPreciserScopeKnowingConditionOutcome(ChainableReverseAbstractInterpreter.java:108)
	at com.google.javascript.jscomp.ClosureReverseAbstractInterpreter.getPreciserScopeKnowingConditionOutcome(ClosureReverseAbstractInterpreter.java:221)
	at com.google.javascript.jscomp.ChainableReverseAbstractInterpreter.nextPreciserScopeKnowingConditionOutcome(ChainableReverseAbstractInterpreter.java:108)
	at com.google.javascript.jscomp.ClosureReverseAbstractInterpreter.getPreciserScopeKnowingConditionOutcome(ClosureReverseAbstractInterpreter.java:221)
	at com.google.javascript.jscomp.ChainableReverseAbstractInterpreter.nextPreciserScopeKnowingConditionOutcome(ChainableReverseAbstractInterpreter.java:108)
	at com.google.javascript.jscomp.ClosureReverseAbstractInterpreter.getPreciserScopeKnowingConditionOutcome(ClosureReverseAbstractInterpreter.java:221)
	at com.google.javascript.jscomp.ChainableReverseAbstractInterpreter.nextPreciserScopeKnowingConditionOutcome(ChainableReverseAbstractInterpreter.java:108)
	at com.google.javascript.jscomp.ClosureReverseAbstractInterpreter.getPreciserScopeKnowingConditionOutcome(ClosureReverseAbstractInterpreter.java:221)
	at com.google.javascript.jscomp.ChainableReverseAbstractInterpreter.nextPreciserScopeKnowingConditionOutcome(ChainableReverseAbstractInterpreter.java:108)
	at com.google.javascript.jscomp.ClosureReverseAbstractInterpreter.getPreciserScopeKnowingConditionOutcome(ClosureReverseAbstractInterpreter.java:221)
	at com.google.javascript.jscomp.ChainableReverseAbstractInterpreter.nextPreciserScopeKnowingConditionOutcome(ChainableReverseAbstractInterpreter.java:108)
	at com.google.javascript.jscomp.ClosureReverseAbstractInterpreter.getPreciserScopeKnowingConditionOutcome(ClosureReverseAbstractInterpreter.java:221)
	at com.google.javascript.jscomp.ChainableReverseAbstractInterpreter.nextPreciserScopeKnowingConditionOutcome(ChainableReverseAbstractInterpreter.java:108)
	at com.google.javascript.jscomp.ClosureReverseAbstractInterpreter.getPreciserScopeKnowingConditionOutcome(ClosureReverseAbstractInterpreter.java:221)
	at com.google.javascript.jscomp.ChainableReverseAbstractInterpreter.nextPreciserScopeKnowingConditionOutcome(ChainableReverseAbstractInterpreter.java:108)
	at com.google.javascript.jscomp.ClosureReverseAbstractInterpreter.getPreciserScopeKnowingConditionOutcome(ClosureReverseAbstractInterpreter.java:221)
	at com.google.javascript.jscomp.ChainableReverseAbstractInterpreter.nextPreciserScopeKnowingConditionOutcome(ChainableReverseAbstractInterpreter.java:108)
	at com.google.javascript.jscomp.ClosureReverseAbstractInterpreter.getPreciserScopeKnowingConditionOutcome(ClosureReverseAbstractInterpreter.java:221)
	at com.google.javascript.jscomp.ChainableReverseAbstractInterpreter.nextPreciserScopeKnowingConditionOutcome(ChainableReverseAbstractInterpreter.java:108)
	at com.google.javascript.jscomp.ClosureReverseAbstractInterpreter.getPreciserScopeKnowingConditionOutcome(ClosureReverseAbstractInterpreter.java:221)
	at com.google.javascript.jscomp.ChainableReverseAbstractInterpreter.nextPreciserScopeKnowingConditionOutcome(ChainableReverseAbstractInterpreter.java:108)
	at com.google.javascript.jscomp.ClosureReverseAbstractInterpreter.getPreciserScopeKnowingConditionOutcome(ClosureReverseAbstractInterpreter.java:221)
	at com.google.javascript.jscomp.ChainableReverseAbstractInterpreter.nextPreciserScopeKnowingConditionOutcome(ChainableReverseAbstractInterpreter.java:108)
	at com.google.javascript.jscomp.ClosureReverseAbstractInterpreter.getPreciserScopeKnowingConditionOutcome(ClosureReverseAbstractInterpreter.java:221)
	at com.google.javascript.jscomp.ChainableReverseAbstractInterpreter.nextPreciserScopeKnowingConditionOutcome(ChainableReverseAbstractInterpreter.java:108)
	at com.google.javascript.jscomp.ClosureReverseAbstractInterpreter.getPreciserScopeKnowingConditionOutcome(ClosureReverseAbstractInterpreter.java:221)
	at com.google.javascript.jscomp.ChainableReverseAbstractInterpreter.nextPreciserScopeKnowingConditionOutcome(ChainableReverseAbstractInterpreter.java:108)
	at com.google.javascript.jscomp.ClosureReverseAbstractInterpreter.getPreciserScopeKnowingConditionOutcome(ClosureReverseAbstractInterpreter.java:221)
	at com.google.javascript.jscomp.ChainableReverseAbstractInterpreter.nextPreciserScopeKnowingConditionOutcome(ChainableReverseAbstractInterpreter.java:108)
	at com.google.javascript.jscomp.ClosureReverseAbstractInterpreter.getPreciserScopeKnowingConditionOutcome(ClosureReverseAbstractInterpreter.java:221)
	at com.google.javascript.jscomp.ChainableReverseAbstractInterpreter.nextPreciserScopeKnowingConditionOutcome(ChainableReverseAbstractInterpreter.java:108)
	at com.google.javascript.jscomp.ClosureReverseAbstractInterpreter.getPreciserScopeKnowingConditionOutcome(ClosureReverseAbstractInterpreter.java:221)
	at com.google.javascript.jscomp.ChainableReverseAbstractInterpreter.nextPreciserScopeKnowingConditionOutcome(ChainableReverseAbstractInterpreter.java:108)
	at com.google.javascript.jscomp.ClosureReverseAbstractInterpreter.getPreciserScopeKnowingConditionOutcome(ClosureReverseAbstractInterpreter.java:221)
	at com.google.javascript.jscomp.ChainableReverseAbstractInterpreter.nextPreciserScopeKnowingConditionOutcome(ChainableReverseAbstractInterpreter.java:108)
	at com.google.javascript.jscomp.ClosureReverseAbstractInterpreter.getPreciserScopeKnowingConditionOutcome(ClosureReverseAbstractInterpreter.java:221)
	at com.google.javascript.jscomp.ChainableReverseAbstractInterpreter.nextPreciserScopeKnowingConditionOutcome(ChainableReverseAbstractInterpreter.java:108)
	at com.google.javascript.jscomp.ClosureReverseAbstractInterpreter.getPreciserScopeKnowingConditionOutcome(ClosureReverseAbstractInterpreter.java:221)
	at com.google.javascript.jscomp.ChainableReverseAbstractInterpreter.nextPreciserScopeKnowingConditionOutcome(ChainableReverseAbstractInterpreter.java:108)
	at com.google.javascript.jscomp.ClosureReverseAbstractInterpreter.getPreciserScopeKnowingConditionOutcome(ClosureReverseAbstractInterpreter.java:221)
	at com.google.javascript.jscomp.ChainableReverseAbstractInterpreter.nextPreciserScopeKnowingConditionOutcome(ChainableReverseAbstractInterpreter.java:108)
	at com.google.javascript.jscomp.ClosureReverseAbstractInterpreter.getPreciserScopeKnowingConditionOutcome(ClosureReverseAbstractInterpreter.java:221)
	at com.google.javascript.jscomp.ChainableReverseAbstractInterpreter.nextPreciserScopeKnowingConditionOutcome(ChainableReverseAbstractInterpreter.java:108)
	at com.google.javascript.jscomp.ClosureReverseAbstractInterpreter.getPreciserScopeKnowingConditionOutcome(ClosureReverseAbstractInterpreter.java:221)
	at com.google.javascript.jscomp.ChainableReverseAbstractInterpreter.nextPreciserScopeKnowingConditionOutcome(ChainableReverseAbstractInterpreter.java:108)
	at com.google.javascript.jscomp.ClosureReverseAbstractInterpreter.getPreciserScopeKnowingConditionOutcome(ClosureReverseAbstractInterpreter.java:221)
	at com.google.javascript.jscomp.ChainableReverseAbstractInterpreter.nextPreciserScopeKnowingConditionOutcome(ChainableReverseAbstractInterpreter.java:108)
	at com.google.javascript.jscomp.ClosureReverseAbstractInterpreter.getPreciserScopeKnowingConditionOutcome(ClosureReverseAbstractInterpreter.java:221)
	at com.google.javascript.jscomp.ChainableReverseAbstractInterpreter.nextPreciserScopeKnowingConditionOutcome(ChainableReverseAbstractInterpreter.java:108)
	at com.google.javascript.jscomp.ClosureReverseAbstractInterpreter.getPreciserScopeKnowingConditionOutcome(ClosureReverseAbstractInterpreter.java:221)
	at com.google.javascript.jscomp.ChainableReverseAbstractInterpreter.nextPreciserScopeKnowingConditionOutcome(ChainableReverseAbstractInterpreter.java:108)
	at com.google.javascript.jscomp.ClosureReverseAbstractInterpreter.getPreciserScopeKnowingConditionOutcome(ClosureReverseAbstractInterpreter.java:221)
	at com.google.javascript.jscomp.ChainableReverseAbstractInterpreter.nextPreciserScopeKnowingConditionOutcome(ChainableReverseAbstractInterpreter.java:108)
	at com.google.javascript.jscomp.ClosureReverseAbstractInterpreter.getPreciserScopeKnowingConditionOutcome(ClosureReverseAbstractInterpreter.java:221)
	at com.google.javascript.jscomp.ChainableReverseAbstractInterpreter.nextPreciserScopeKnowingConditionOutcome(ChainableReverseAbstractInterpreter.java:108)
	at com.google.javascript.jscomp.ClosureReverseAbstractInterpreter.getPreciserScopeKnowingConditionOutcome(ClosureReverseAbstractInterpreter.java:221)
	at com.google.javascript.jscomp.ChainableReverseAbstractInterpreter.nextPreciserScopeKnowingConditionOutcome(ChainableReverseAbstractInterpreter.java:108)
	at com.google.javascript.jscomp.ClosureReverseAbstractInterpreter.getPreciserScopeKnowingConditionOutcome(ClosureReverseAbstractInterpreter.java:221)
	at com.google.javascript.jscomp.ChainableReverseAbstractInterpreter.nextPreciserScopeKnowingConditionOutcome(ChainableReverseAbstractInterpreter.java:108)
	at com.google.javascript.jscomp.ClosureReverseAbstractInterpreter.getPreciserScopeKnowingConditionOutcome(ClosureReverseAbstractInterpreter.java:221)
	at com.google.javascript.jscomp.ChainableReverseAbstractInterpreter.nextPreciserScopeKnowingConditionOutcome(ChainableReverseAbstractInterpreter.java:108)
	at com.google.javascript.jscomp.ClosureReverseAbstractInterpreter.getPreciserScopeKnowingConditionOutcome(ClosureReverseAbstractInterpreter.java:221)
	at com.google.javascript.jscomp.ChainableReverseAbstractInterpreter.nextPreciserScopeKnowingConditionOutcome(ChainableReverseAbstractInterpreter.java:108)
	at com.google.javascript.jscomp.ClosureReverseAbstractInterpreter.getPreciserScopeKnowingConditionOutcome(ClosureReverseAbstractInterpreter.java:221)
	at com.google.javascript.jscomp.ChainableReverseAbstractInterpreter.nextPreciserScopeKnowingConditionOutcome(ChainableReverseAbstractInterpreter.java:108)
	at com.google.javascript.jscomp.ClosureReverseAbstractInterpreter.getPreciserScopeKnowingConditionOutcome(ClosureReverseAbstractInterpreter.java:221)
	at com.google.javascript.jscomp.ChainableReverseAbstractInterpreter.nextPreciserScopeKnowingConditionOutcome(ChainableReverseAbstractInterpreter.java:108)
	at com.google.javascript.jscomp.ClosureReverseAbstractInterpreter.getPreciserScopeKnowingConditionOutcome(ClosureReverseAbstractInterpreter.java:221)
	at com.google.javascript.jscomp.ChainableReverseAbstractInterpreter.nextPreciserScopeKnowingConditionOutcome(ChainableReverseAbstractInterpreter.java:108)
	at com.google.javascript.jscomp.ClosureReverseAbstractInterpreter.getPreciserScopeKnowingConditionOutcome(ClosureReverseAbstractInterpreter.java:221)
	at com.google.javascript.jscomp.ChainableReverseAbstractInterpreter.nextPreciserScopeKnowingConditionOutcome(ChainableReverseAbstractInterpreter.java:108)
	at com.google.javascript.jscomp.ClosureReverseAbstractInterpreter.getPreciserScopeKnowingConditionOutcome(ClosureReverseAbstractInterpreter.java:221)
	at com.google.javascript.jscomp.ChainableReverseAbstractInterpreter.nextPreciserScopeKnowingConditionOutcome(ChainableReverseAbstractInterpreter.java:108)
	at com.google.javascript.jscomp.ClosureReverseAbstractInterpreter.getPreciserScopeKnowingConditionOutcome(ClosureReverseAbstractInterpreter.java:221)
	at com.google.javascript.jscomp.ChainableReverseAbstractInterpreter.nextPreciserScopeKnowingConditionOutcome(ChainableReverseAbstractInterpreter.java:108)
	at com.google.javascript.jscomp.ClosureReverseAbstractInterpreter.getPreciserScopeKnowingConditionOutcome(ClosureReverseAbstractInterpreter.java:221)
	at com.google.javascript.jscomp.ChainableReverseAbstractInterpreter.nextPreciserScopeKnowingConditionOutcome(ChainableReverseAbstractInterpreter.java:108)
	at com.google.javascript.jscomp.ClosureReverseAbstractInterpreter.getPreciserScopeKnowingConditionOutcome(ClosureReverseAbstractInterpreter.java:221)
	at com.google.javascript.jscomp.ChainableReverseAbstractInterpreter.nextPreciserScopeKnowingConditionOutcome(ChainableReverseAbstractInterpreter.java:108)
	at com.google.javascript.jscomp.ClosureReverseAbstractInterpreter.getPreciserScopeKnowingConditionOutcome(ClosureReverseAbstractInterpreter.java:221)
	at com.google.javascript.jscomp.ChainableReverseAbstractInterpreter.nextPreciserScopeKnowingConditionOutcome(ChainableReverseAbstractInterpreter.java:108)
	at com.google.javascript.jscomp.ClosureReverseAbstractInterpreter.getPreciserScopeKnowingConditionOutcome(ClosureReverseAbstractInterpreter.java:221)
	at com.google.javascript.jscomp.ChainableReverseAbstractInterpreter.nextPreciserScopeKnowingConditionOutcome(ChainableReverseAbstractInterpreter.java:108)
	at com.google.javascript.jscomp.ClosureReverseAbstractInterpreter.getPreciserScopeKnowingConditionOutcome(ClosureReverseAbstractInterpreter.java:221)
	at com.google.javascript.jscomp.ChainableReverseAbstractInterpreter.nextPreciserScopeKnowingConditionOutcome(ChainableReverseAbstractInterpreter.java:108)
	at com.google.javascript.jscomp.ClosureReverseAbstractInterpreter.getPreciserScopeKnowingConditionOutcome(ClosureReverseAbstractInterpreter.java:221)
	at com.google.javascript.jscomp.ChainableReverseAbstractInterpreter.nextPreciserScopeKnowingConditionOutcome(ChainableReverseAbstractInterpreter.java:108)
	at com.google.javascript.jscomp.ClosureReverseAbstractInterpreter.getPreciserScopeKnowingConditionOutcome(ClosureReverseAbstractInterpreter.java:221)
	at com.google.javascript.jscomp.ChainableReverseAbstractInterpreter.nextPreciserScopeKnowingConditionOutcome(ChainableReverseAbstractInterpreter.java:108)
	at com.google.javascript.jscomp.ClosureReverseAbstractInterpreter.getPreciserScopeKnowingConditionOutcome(ClosureReverseAbstractInterpreter.java:221)
	at com.google.javascript.jscomp.ChainableReverseAbstractInterpreter.nextPreciserScopeKnowingConditionOutcome(ChainableReverseAbstractInterpreter.java:108)
	at com.google.javascript.jscomp.ClosureReverseAbstractInterpreter.getPreciserScopeKnowingConditionOutcome(ClosureReverseAbstractInterpreter.java:221)
	at com.google.javascript.jscomp.ChainableReverseAbstractInterpreter.nextPreciserScopeKnowingConditionOutcome(ChainableReverseAbstractInterpreter.java:108)
	at com.google.javascript.jscomp.ClosureReverseAbstractInterpreter.getPreciserScopeKnowingConditionOutcome(ClosureReverseAbstractInterpreter.java:221)
	at com.google.javascript.jscomp.ChainableReverseAbstractInterpreter.nextPreciserScopeKnowingConditionOutcome(ChainableReverseAbstractInterpreter.java:108)
	at com.google.javascript.jscomp.ClosureReverseAbstractInterpreter.getPreciserScopeKnowingConditionOutcome(ClosureReverseAbstractInterpreter.java:221)
	at com.google.javascript.jscomp.ChainableReverseAbstractInterpreter.nextPreciserScopeKnowingConditionOutcome(ChainableReverseAbstractInterpreter.java:108)
	at com.google.javascript.jscomp.ClosureReverseAbstractInterpreter.getPreciserScopeKnowingConditionOutcome(ClosureReverseAbstractInterpreter.java:221)
	at com.google.javascript.jscomp.ChainableReverseAbstractInterpreter.nextPreciserScopeKnowingConditionOutcome(ChainableReverseAbstractInterpreter.java:108)
	at com.google.javascript.jscomp.ClosureReverseAbstractInterpreter.getPreciserScopeKnowingConditionOutcome(ClosureReverseAbstractInterpreter.java:221)
	at com.google.javascript.jscomp.ChainableReverseAbstractInterpreter.nextPreciserScopeKnowingConditionOutcome(ChainableReverseAbstractInterpreter.java:108)
	at com.google.javascript.jscomp.ClosureReverseAbstractInterpreter.getPreciserScopeKnowingConditionOutcome(ClosureReverseAbstractInterpreter.java:221)
	at com.google.javascript.jscomp.ChainableReverseAbstractInterpreter.nextPreciserScopeKnowingConditionOutcome(ChainableReverseAbstractInterpreter.java:108)
	at com.google.javascript.jscomp.ClosureReverseAbstractInterpreter.getPreciserScopeKnowingConditionOutcome(ClosureReverseAbstractInterpreter.java:221)
	at com.google.javascript.jscomp.ChainableReverseAbstractInterpreter.nextPreciserScopeKnowingConditionOutcome(ChainableReverseAbstractInterpreter.java:108)
	at com.google.javascript.jscomp.ClosureReverseAbstractInterpreter.getPreciserScopeKnowingConditionOutcome(ClosureReverseAbstractInterpreter.java:221)
	at com.google.javascript.jscomp.ChainableReverseAbstractInterpreter.nextPreciserScopeKnowingConditionOutcome(ChainableReverseAbstractInterpreter.java:108)
	at com.google.javascript.jscomp.ClosureReverseAbstractInterpreter.getPreciserScopeKnowingConditionOutcome(ClosureReverseAbstractInterpreter.java:221)
	at com.google.javascript.jscomp.ChainableReverseAbstractInterpreter.nextPreciserScopeKnowingConditionOutcome(ChainableReverseAbstractInterpreter.java:108)
	at com.google.javascript.jscomp.ClosureReverseAbstractInterpreter.getPreciserScopeKnowingConditionOutcome(ClosureReverseAbstractInterpreter.java:221)
	at com.google.javascript.jscomp.ChainableReverseAbstractInterpreter.nextPreciserScopeKnowingConditionOutcome(ChainableReverseAbstractInterpreter.java:108)
	at com.google.javascript.jscomp.ClosureReverseAbstractInterpreter.getPreciserScopeKnowingConditionOutcome(ClosureReverseAbstractInterpreter.java:221)
	at com.google.javascript.jscomp.ChainableReverseAbstractInterpreter.nextPreciserScopeKnowingConditionOutcome(ChainableReverseAbstractInterpreter.java:108)
	at com.google.javascript.jscomp.ClosureReverseAbstractInterpreter.getPreciserScopeKnowingConditionOutcome(ClosureReverseAbstractInterpreter.java:221)
	at com.google.javascript.jscomp.ChainableReverseAbstractInterpreter.nextPreciserScopeKnowingConditionOutcome(ChainableReverseAbstractInterpreter.java:108)
	at com.google.javascript.jscomp.ClosureReverseAbstractInterpreter.getPreciserScopeKnowingConditionOutcome(ClosureReverseAbstractInterpreter.java:221)
	at com.google.javascript.jscomp.ChainableReverseAbstractInterpreter.nextPreciserScopeKnowingConditionOutcome(ChainableReverseAbstractInterpreter.java:108)
	at com.google.javascript.jscomp.ClosureReverseAbstractInterpreter.getPreciserScopeKnowingConditionOutcome(ClosureReverseAbstractInterpreter.java:221)
	at com.google.javascript.jscomp.ChainableReverseAbstractInterpreter.nextPreciserScopeKnowingConditionOutcome(ChainableReverseAbstractInterpreter.java:108)
	at com.google.javascript.jscomp.ClosureReverseAbstractInterpreter.getPreciserScopeKnowingConditionOutcome(ClosureReverseAbstractInterpreter.java:221)
	at com.google.javascript.jscomp.ChainableReverseAbstractInterpreter.nextPreciserScopeKnowingConditionOutcome(ChainableReverseAbstractInterpreter.java:108)
	at com.google.javascript.jscomp.ClosureReverseAbstractInterpreter.getPreciserScopeKnowingConditionOutcome(ClosureReverseAbstractInterpreter.java:221)
	at com.google.javascript.jscomp.ChainableReverseAbstractInterpreter.nextPreciserScopeKnowingConditionOutcome(ChainableReverseAbstractInterpreter.java:108)
	at com.google.javascript.jscomp.ClosureReverseAbstractInterpreter.getPreciserScopeKnowingConditionOutcome(ClosureReverseAbstractInterpreter.java:221)
	at com.google.javascript.jscomp.ChainableReverseAbstractInterpreter.nextPreciserScopeKnowingConditionOutcome(ChainableReverseAbstractInterpreter.java:108)
	at com.google.javascript.jscomp.ClosureReverseAbstractInterpreter.getPreciserScopeKnowingConditionOutcome(ClosureReverseAbstractInterpreter.java:221)
	at com.google.javascript.jscomp.ChainableReverseAbstractInterpreter.nextPreciserScopeKnowingConditionOutcome(ChainableReverseAbstractInterpreter.java:108)
	at com.google.javascript.jscomp.ClosureReverseAbstractInterpreter.getPreciserScopeKnowingConditionOutcome(ClosureReverseAbstractInterpreter.java:221)
	at com.google.javascript.jscomp.ChainableReverseAbstractInterpreter.nextPreciserScopeKnowingConditionOutcome(ChainableReverseAbstractInterpreter.java:108)

FAILURES!!!
Tests run: 32,  Failures: 1

SLF4J: Failed to load class "org.slf4j.impl.StaticLoggerBinder".
SLF4J: Defaulting to no-operation (NOP) logger implementation
SLF4J: See http://www.slf4j.org/codes.html#StaticLoggerBinder for further details.
WARNING: An illegal reflective access operation has occurred
WARNING: Illegal reflective access by org.evosuite.runtime.GuiSupport (file:/opt/evosuite/evosuite-standalone-runtime-1.2.0.jar) to field java.awt.GraphicsEnvironment.headless
WARNING: Please consider reporting this to the maintainers of org.evosuite.runtime.GuiSupport
WARNING: Use --illegal-access=warn to enable warnings of further illegal reflective access operations
WARNING: All illegal access operations will be denied in a future release

[exit=1 timeout=False time=5.0s]

$ java -jar /opt/jacoco/lib/jacococli.jar report /workspace/EvoSuite/Result_Round1/Closure_138/budget60_seed1/jacoco.exec --classfiles /work/Closure_138f/build/classes --csv /workspace/EvoSuite/Result_Round1/Closure_138/budget60_seed1/jacoco.csv
[INFO] Loading execution data file /workspace/EvoSuite/Result_Round1/Closure_138/budget60_seed1/jacoco.exec.
[INFO] Analyzing 849 classes.

[exit=0 timeout=False time=0.5s]

$ java -cp /work/evo_out/Closure_138f/budget60_seed1/classes:/opt/defects4j/framework/projects/lib/junit-4.12-hamcrest-1.3.jar:/work/Closure_138b/build/classes:/work/Closure_138b/lib/ant_deploy.jar:/work/Closure_138b/lib/args4j_deploy.jar:/work/Closure_138b/lib/google_common_deploy.jar:/work/Closure_138b/lib/libtrunk_rhino_parser_jarjared.jar:/work/Closure_138b/lib/protobuf_deploy.jar:/work/Closure_138b/build/test:/opt/evosuite/evosuite-standalone-runtime-1.2.0.jar org.junit.runner.JUnitCore com.google.javascript.jscomp.ClosureReverseAbstractInterpreter_ESTest com.google.javascript.jscomp.TypeInference_ESTest
JUnit version 4.12
..E..............................
Time: 2.455
There was 1 failure:
1) test0(com.google.javascript.jscomp.ClosureReverseAbstractInterpreter_ESTest)
java.lang.StackOverflowError
	at com.google.javascript.jscomp.ClosureReverseAbstractInterpreter.getPreciserScopeKnowingConditionOutcome(ClosureReverseAbstractInterpreter.java:203)
	at com.google.javascript.jscomp.ChainableReverseAbstractInterpreter.nextPreciserScopeKnowingConditionOutcome(ChainableReverseAbstractInterpreter.java:108)
	at com.google.javascript.jscomp.ClosureReverseAbstractInterpreter.getPreciserScopeKnowingConditionOutcome(ClosureReverseAbstractInterpreter.java:223)
	at com.google.javascript.jscomp.ChainableReverseAbstractInterpreter.nextPreciserScopeKnowingConditionOutcome(ChainableReverseAbstractInterpreter.java:108)
	at com.google.javascript.jscomp.ClosureReverseAbstractInterpreter.getPreciserScopeKnowingConditionOutcome(ClosureReverseAbstractInterpreter.java:223)
	at com.google.javascript.jscomp.ChainableReverseAbstractInterpreter.nextPreciserScopeKnowingConditionOutcome(ChainableReverseAbstractInterpreter.java:108)
	at com.google.javascript.jscomp.ClosureReverseAbstractInterpreter.getPreciserScopeKnowingConditionOutcome(ClosureReverseAbstractInterpreter.java:223)
	at com.google.javascript.jscomp.ChainableReverseAbstractInterpreter.nextPreciserScopeKnowingConditionOutcome(ChainableReverseAbstractInterpreter.java:108)
	at com.google.javascript.jscomp.ClosureReverseAbstractInterpreter.getPreciserScopeKnowingConditionOutcome(ClosureReverseAbstractInterpreter.java:223)
	at com.google.javascript.jscomp.ChainableReverseAbstractInterpreter.nextPreciserScopeKnowingConditionOutcome(ChainableReverseAbstractInterpreter.java:108)
	at com.google.javascript.jscomp.ClosureReverseAbstractInterpreter.getPreciserScopeKnowingConditionOutcome(ClosureReverseAbstractInterpreter.java:223)
	at com.google.javascript.jscomp.ChainableReverseAbstractInterpreter.nextPreciserScopeKnowingConditionOutcome(ChainableReverseAbstractInterpreter.java:108)
	at com.google.javascript.jscomp.ClosureReverseAbstractInterpreter.getPreciserScopeKnowingConditionOutcome(ClosureReverseAbstractInterpreter.java:223)
	at com.google.javascript.jscomp.ChainableReverseAbstractInterpreter.nextPreciserScopeKnowingConditionOutcome(ChainableReverseAbstractInterpreter.java:108)
	at com.google.javascript.jscomp.ClosureReverseAbstractInterpreter.getPreciserScopeKnowingConditionOutcome(ClosureReverseAbstractInterpreter.java:223)
	at com.google.javascript.jscomp.ChainableReverseAbstractInterpreter.nextPreciserScopeKnowingConditionOutcome(ChainableReverseAbstractInterpreter.java:108)
	at com.google.javascript.jscomp.ClosureReverseAbstractInterpreter.getPreciserScopeKnowingConditionOutcome(ClosureReverseAbstractInterpreter.java:223)
	at com.google.javascript.jscomp.ChainableReverseAbstractInterpreter.nextPreciserScopeKnowingConditionOutcome(ChainableReverseAbstractInterpreter.java:108)
	at com.google.javascript.jscomp.ClosureReverseAbstractInterpreter.getPreciserScopeKnowingConditionOutcome(ClosureReverseAbstractInterpreter.java:223)
	at com.google.javascript.jscomp.ChainableReverseAbstractInterpreter.nextPreciserScopeKnowingConditionOutcome(ChainableReverseAbstractInterpreter.java:108)
	at com.google.javascript.jscomp.ClosureReverseAbstractInterpreter.getPreciserScopeKnowingConditionOutcome(ClosureReverseAbstractInterpreter.java:223)
	at com.google.javascript.jscomp.ChainableReverseAbstractInterpreter.nextPreciserScopeKnowingConditionOutcome(ChainableReverseAbstractInterpreter.java:108)
	at com.google.javascript.jscomp.ClosureReverseAbstractInterpreter.getPreciserScopeKnowingConditionOutcome(ClosureReverseAbstractInterpreter.java:223)
	at com.google.javascript.jscomp.ChainableReverseAbstractInterpreter.nextPreciserScopeKnowingConditionOutcome(ChainableReverseAbstractInterpreter.java:108)
	at com.google.javascript.jscomp.ClosureReverseAbstractInterpreter.getPreciserScopeKnowingConditionOutcome(ClosureReverseAbstractInterpreter.java:223)
	at com.google.javascript.jscomp.ChainableReverseAbstractInterpreter.nextPreciserScopeKnowingConditionOutcome(ChainableReverseAbstractInterpreter.java:108)
	at com.google.javascript.jscomp.ClosureReverseAbstractInterpreter.getPreciserScopeKnowingConditionOutcome(ClosureReverseAbstractInterpreter.java:223)
	at com.google.javascript.jscomp.ChainableReverseAbstractInterpreter.nextPreciserScopeKnowingConditionOutcome(ChainableReverseAbstractInterpreter.java:108)
	at com.google.javascript.jscomp.ClosureReverseAbstractInterpreter.getPreciserScopeKnowingConditionOutcome(ClosureReverseAbstractInterpreter.java:223)
	at com.google.javascript.jscomp.ChainableReverseAbstractInterpreter.nextPreciserScopeKnowingConditionOutcome(ChainableReverseAbstractInterpreter.java:108)
	at com.google.javascript.jscomp.ClosureReverseAbstractInterpreter.getPreciserScopeKnowingConditionOutcome(ClosureReverseAbstractInterpreter.java:223)
	at com.google.javascript.jscomp.ChainableReverseAbstractInterpreter.nextPreciserScopeKnowingConditionOutcome(ChainableReverseAbstractInterpreter.java:108)
	at com.google.javascript.jscomp.ClosureReverseAbstractInterpreter.getPreciserScopeKnowingConditionOutcome(ClosureReverseAbstractInterpreter.java:223)
	at com.google.javascript.jscomp.ChainableReverseAbstractInterpreter.nextPreciserScopeKnowingConditionOutcome(ChainableReverseAbstractInterpreter.java:108)
	at com.google.javascript.jscomp.ClosureReverseAbstractInterpreter.getPreciserScopeKnowingConditionOutcome(ClosureReverseAbstractInterpreter.java:223)
	at com.google.javascript.jscomp.ChainableReverseAbstractInterpreter.nextPreciserScopeKnowingConditionOutcome(ChainableReverseAbstractInterpreter.java:108)
	at com.google.javascript.jscomp.ClosureReverseAbstractInterpreter.getPreciserScopeKnowingConditionOutcome(ClosureReverseAbstractInterpreter.java:223)
	at com.google.javascript.jscomp.ChainableReverseAbstractInterpreter.nextPreciserScopeKnowingConditionOutcome(ChainableReverseAbstractInterpreter.java:108)
	at com.google.javascript.jscomp.ClosureReverseAbstractInterpreter.getPreciserScopeKnowingConditionOutcome(ClosureReverseAbstractInterpreter.java:223)
	at com.google.javascript.jscomp.ChainableReverseAbstractInterpreter.nextPreciserScopeKnowingConditionOutcome(ChainableReverseAbstractInterpreter.java:108)
	at com.google.javascript.jscomp.ClosureReverseAbstractInterpreter.getPreciserScopeKnowingConditionOutcome(ClosureReverseAbstractInterpreter.java:223)
	at com.google.javascript.jscomp.ChainableReverseAbstractInterpreter.nextPreciserScopeKnowingConditionOutcome(ChainableReverseAbstractInterpreter.java:108)
	at com.google.javascript.jscomp.ClosureReverseAbstractInterpreter.getPreciserScopeKnowingConditionOutcome(ClosureReverseAbstractInterpreter.java:223)
	at com.google.javascript.jscomp.ChainableReverseAbstractInterpreter.nextPreciserScopeKnowingConditionOutcome(ChainableReverseAbstractInterpreter.java:108)
	at com.google.javascript.jscomp.ClosureReverseAbstractInterpreter.getPreciserScopeKnowingConditionOutcome(ClosureReverseAbstractInterpreter.java:223)
	at com.google.javascript.jscomp.ChainableReverseAbstractInterpreter.nextPreciserScopeKnowingConditionOutcome(ChainableReverseAbstractInterpreter.java:108)
	at com.google.javascript.jscomp.ClosureReverseAbstractInterpreter.getPreciserScopeKnowingConditionOutcome(ClosureReverseAbstractInterpreter.java:223)
	at com.google.javascript.jscomp.ChainableReverseAbstractInterpreter.nextPreciserScopeKnowingConditionOutcome(ChainableReverseAbstractInterpreter.java:108)
	at com.google.javascript.jscomp.ClosureReverseAbstractInterpreter.getPreciserScopeKnowingConditionOutcome(ClosureReverseAbstractInterpreter.java:223)
	at com.google.javascript.jscomp.ChainableReverseAbstractInterpreter.nextPreciserScopeKnowingConditionOutcome(ChainableReverseAbstractInterpreter.java:108)
	at com.google.javascript.jscomp.ClosureReverseAbstractInterpreter.getPreciserScopeKnowingConditionOutcome(ClosureReverseAbstractInterpreter.java:223)
	at com.google.javascript.jscomp.ChainableReverseAbstractInterpreter.nextPreciserScopeKnowingConditionOutcome(ChainableReverseAbstractInterpreter.java:108)
	at com.google.javascript.jscomp.ClosureReverseAbstractInterpreter.getPreciserScopeKnowingConditionOutcome(ClosureReverseAbstractInterpreter.java:223)
	at com.google.javascript.jscomp.ChainableReverseAbstractInterpreter.nextPreciserScopeKnowingConditionOutcome(ChainableReverseAbstractInterpreter.java:108)
	at com.google.javascript.jscomp.ClosureReverseAbstractInterpreter.getPreciserScopeKnowingConditionOutcome(ClosureReverseAbstractInterpreter.java:223)
	at com.google.javascript.jscomp.ChainableReverseAbstractInterpreter.nextPreciserScopeKnowingConditionOutcome(ChainableReverseAbstractInterpreter.java:108)
	at com.google.javascript.jscomp.ClosureReverseAbstractInterpreter.getPreciserScopeKnowingConditionOutcome(ClosureReverseAbstractInterpreter.java:223)
	at com.google.javascript.jscomp.ChainableReverseAbstractInterpreter.nextPreciserScopeKnowingConditionOutcome(ChainableReverseAbstractInterpreter.java:108)
	at com.google.javascript.jscomp.ClosureReverseAbstractInterpreter.getPreciserScopeKnowingConditionOutcome(ClosureReverseAbstractInterpreter.java:223)
	at com.google.javascript.jscomp.ChainableReverseAbstractInterpreter.nextPreciserScopeKnowingConditionOutcome(ChainableReverseAbstractInterpreter.java:108)
	at com.google.javascript.jscomp.ClosureReverseAbstractInterpreter.getPreciserScopeKnowingConditionOutcome(ClosureReverseAbstractInterpreter.java:223)
	at com.google.javascript.jscomp.ChainableReverseAbstractInterpreter.nextPreciserScopeKnowingConditionOutcome(ChainableReverseAbstractInterpreter.java:108)
	at com.google.javascript.jscomp.ClosureReverseAbstractInterpreter.getPreciserScopeKnowingConditionOutcome(ClosureReverseAbstractInterpreter.java:223)
	at com.google.javascript.jscomp.ChainableReverseAbstractInterpreter.nextPreciserScopeKnowingConditionOutcome(ChainableReverseAbstractInterpreter.java:108)
	at com.google.javascript.jscomp.ClosureReverseAbstractInterpreter.getPreciserScopeKnowingConditionOutcome(ClosureReverseAbstractInterpreter.java:223)
	at com.google.javascript.jscomp.ChainableReverseAbstractInterpreter.nextPreciserScopeKnowingConditionOutcome(ChainableReverseAbstractInterpreter.java:108)
	at com.google.javascript.jscomp.ClosureReverseAbstractInterpreter.getPreciserScopeKnowingConditionOutcome(ClosureReverseAbstractInterpreter.java:223)
	at com.google.javascript.jscomp.ChainableReverseAbstractInterpreter.nextPreciserScopeKnowingConditionOutcome(ChainableReverseAbstractInterpreter.java:108)
	at com.google.javascript.jscomp.ClosureReverseAbstractInterpreter.getPreciserScopeKnowingConditionOutcome(ClosureReverseAbstractInterpreter.java:223)
	at com.google.javascript.jscomp.ChainableReverseAbstractInterpreter.nextPreciserScopeKnowingConditionOutcome(ChainableReverseAbstractInterpreter.java:108)
	at com.google.javascript.jscomp.ClosureReverseAbstractInterpreter.getPreciserScopeKnowingConditionOutcome(ClosureReverseAbstractInterpreter.java:223)
	at com.google.javascript.jscomp.ChainableReverseAbstractInterpreter.nextPreciserScopeKnowingConditionOutcome(ChainableReverseAbstractInterpreter.java:108)
	at com.google.javascript.jscomp.ClosureReverseAbstractInterpreter.getPreciserScopeKnowingConditionOutcome(ClosureReverseAbstractInterpreter.java:223)
	at com.google.javascript.jscomp.ChainableReverseAbstractInterpreter.nextPreciserScopeKnowingConditionOutcome(ChainableReverseAbstractInterpreter.java:108)
	at com.google.javascript.jscomp.ClosureReverseAbstractInterpreter.getPreciserScopeKnowingConditionOutcome(ClosureReverseAbstractInterpreter.java:223)
	at com.google.javascript.jscomp.ChainableReverseAbstractInterpreter.nextPreciserScopeKnowingConditionOutcome(ChainableReverseAbstractInterpreter.java:108)
	at com.google.javascript.jscomp.ClosureReverseAbstractInterpreter.getPreciserScopeKnowingConditionOutcome(ClosureReverseAbstractInterpreter.java:223)
	at com.google.javascript.jscomp.ChainableReverseAbstractInterpreter.nextPreciserScopeKnowingConditionOutcome(ChainableReverseAbstractInterpreter.java:108)
	at com.google.javascript.jscomp.ClosureReverseAbstractInterpreter.getPreciserScopeKnowingConditionOutcome(ClosureReverseAbstractInterpreter.java:223)
	at com.google.javascript.jscomp.ChainableReverseAbstractInterpreter.nextPreciserScopeKnowingConditionOutcome(ChainableReverseAbstractInterpreter.java:108)
	at com.google.javascript.jscomp.ClosureReverseAbstractInterpreter.getPreciserScopeKnowingConditionOutcome(ClosureReverseAbstractInterpreter.java:223)
	at com.google.javascript.jscomp.ChainableReverseAbstractInterpreter.nextPreciserScopeKnowingConditionOutcome(ChainableReverseAbstractInterpreter.java:108)
	at com.google.javascript.jscomp.ClosureReverseAbstractInterpreter.getPreciserScopeKnowingConditionOutcome(ClosureReverseAbstractInterpreter.java:223)
	at com.google.javascript.jscomp.ChainableReverseAbstractInterpreter.nextPreciserScopeKnowingConditionOutcome(ChainableReverseAbstractInterpreter.java:108)
	at com.google.javascript.jscomp.ClosureReverseAbstractInterpreter.getPreciserScopeKnowingConditionOutcome(ClosureReverseAbstractInterpreter.java:223)
	at com.google.javascript.jscomp.ChainableReverseAbstractInterpreter.nextPreciserScopeKnowingConditionOutcome(ChainableReverseAbstractInterpreter.java:108)
	at com.google.javascript.jscomp.ClosureReverseAbstractInterpreter.getPreciserScopeKnowingConditionOutcome(ClosureReverseAbstractInterpreter.java:223)
	at com.google.javascript.jscomp.ChainableReverseAbstractInterpreter.nextPreciserScopeKnowingConditionOutcome(ChainableReverseAbstractInterpreter.java:108)
	at com.google.javascript.jscomp.ClosureReverseAbstractInterpreter.getPreciserScopeKnowingConditionOutcome(ClosureReverseAbstractInterpreter.java:223)
	at com.google.javascript.jscomp.ChainableReverseAbstractInterpreter.nextPreciserScopeKnowingConditionOutcome(ChainableReverseAbstractInterpreter.java:108)
	at com.google.javascript.jscomp.ClosureReverseAbstractInterpreter.getPreciserScopeKnowingConditionOutcome(ClosureReverseAbstractInterpreter.java:223)
	at com.google.javascript.jscomp.ChainableReverseAbstractInterpreter.nextPreciserScopeKnowingConditionOutcome(ChainableReverseAbstractInterpreter.java:108)
	at com.google.javascript.jscomp.ClosureReverseAbstractInterpreter.getPreciserScopeKnowingConditionOutcome(ClosureReverseAbstractInterpreter.java:223)
	at com.google.javascript.jscomp.ChainableReverseAbstractInterpreter.nextPreciserScopeKnowingConditionOutcome(ChainableReverseAbstractInterpreter.java:108)
	at com.google.javascript.jscomp.ClosureReverseAbstractInterpreter.getPreciserScopeKnowingConditionOutcome(ClosureReverseAbstractInterpreter.java:223)
	at com.google.javascript.jscomp.ChainableReverseAbstractInterpreter.nextPreciserScopeKnowingConditionOutcome(ChainableReverseAbstractInterpreter.java:108)
	at com.google.javascript.jscomp.ClosureReverseAbstractInterpreter.getPreciserScopeKnowingConditionOutcome(ClosureReverseAbstractInterpreter.java:223)
	at com.google.javascript.jscomp.ChainableReverseAbstractInterpreter.nextPreciserScopeKnowingConditionOutcome(ChainableReverseAbstractInterpreter.java:108)
	at com.google.javascript.jscomp.ClosureReverseAbstractInterpreter.getPreciserScopeKnowingConditionOutcome(ClosureReverseAbstractInterpreter.java:223)
	at com.google.javascript.jscomp.ChainableReverseAbstractInterpreter.nextPreciserScopeKnowingConditionOutcome(ChainableReverseAbstractInterpreter.java:108)
	at com.google.javascript.jscomp.ClosureReverseAbstractInterpreter.getPreciserScopeKnowingConditionOutcome(ClosureReverseAbstractInterpreter.java:223)
	at com.google.javascript.jscomp.ChainableReverseAbstractInterpreter.nextPreciserScopeKnowingConditionOutcome(ChainableReverseAbstractInterpreter.java:108)
	at com.google.javascript.jscomp.ClosureReverseAbstractInterpreter.getPreciserScopeKnowingConditionOutcome(ClosureReverseAbstractInterpreter.java:223)
	at com.google.javascript.jscomp.ChainableReverseAbstractInterpreter.nextPreciserScopeKnowingConditionOutcome(ChainableReverseAbstractInterpreter.java:108)
	at com.google.javascript.jscomp.ClosureReverseAbstractInterpreter.getPreciserScopeKnowingConditionOutcome(ClosureReverseAbstractInterpreter.java:223)
	at com.google.javascript.jscomp.ChainableReverseAbstractInterpreter.nextPreciserScopeKnowingConditionOutcome(ChainableReverseAbstractInterpreter.java:108)
	at com.google.javascript.jscomp.ClosureReverseAbstractInterpreter.getPreciserScopeKnowingConditionOutcome(ClosureReverseAbstractInterpreter.java:223)
	at com.google.javascript.jscomp.ChainableReverseAbstractInterpreter.nextPreciserScopeKnowingConditionOutcome(ChainableReverseAbstractInterpreter.java:108)
	at com.google.javascript.jscomp.ClosureReverseAbstractInterpreter.getPreciserScopeKnowingConditionOutcome(ClosureReverseAbstractInterpreter.java:223)
	at com.google.javascript.jscomp.ChainableReverseAbstractInterpreter.nextPreciserScopeKnowingConditionOutcome(ChainableReverseAbstractInterpreter.java:108)
	at com.google.javascript.jscomp.ClosureReverseAbstractInterpreter.getPreciserScopeKnowingConditionOutcome(ClosureReverseAbstractInterpreter.java:223)
	at com.google.javascript.jscomp.ChainableReverseAbstractInterpreter.nextPreciserScopeKnowingConditionOutcome(ChainableReverseAbstractInterpreter.java:108)
	at com.google.javascript.jscomp.ClosureReverseAbstractInterpreter.getPreciserScopeKnowingConditionOutcome(ClosureReverseAbstractInterpreter.java:223)
	at com.google.javascript.jscomp.ChainableReverseAbstractInterpreter.nextPreciserScopeKnowingConditionOutcome(ChainableReverseAbstractInterpreter.java:108)
	at com.google.javascript.jscomp.ClosureReverseAbstractInterpreter.getPreciserScopeKnowingConditionOutcome(ClosureReverseAbstractInterpreter.java:223)
	at com.google.javascript.jscomp.ChainableReverseAbstractInterpreter.nextPreciserScopeKnowingConditionOutcome(ChainableReverseAbstractInterpreter.java:108)
	at com.google.javascript.jscomp.ClosureReverseAbstractInterpreter.getPreciserScopeKnowingConditionOutcome(ClosureReverseAbstractInterpreter.java:223)
	at com.google.javascript.jscomp.ChainableReverseAbstractInterpreter.nextPreciserScopeKnowingConditionOutcome(ChainableReverseAbstractInterpreter.java:108)
	at com.google.javascript.jscomp.ClosureReverseAbstractInterpreter.getPreciserScopeKnowingConditionOutcome(ClosureReverseAbstractInterpreter.java:223)
	at com.google.javascript.jscomp.ChainableReverseAbstractInterpreter.nextPreciserScopeKnowingConditionOutcome(ChainableReverseAbstractInterpreter.java:108)
	at com.google.javascript.jscomp.ClosureReverseAbstractInterpreter.getPreciserScopeKnowingConditionOutcome(ClosureReverseAbstractInterpreter.java:223)
	at com.google.javascript.jscomp.ChainableReverseAbstractInterpreter.nextPreciserScopeKnowingConditionOutcome(ChainableReverseAbstractInterpreter.java:108)
	at com.google.javascript.jscomp.ClosureReverseAbstractInterpreter.getPreciserScopeKnowingConditionOutcome(ClosureReverseAbstractInterpreter.java:223)
	at com.google.javascript.jscomp.ChainableReverseAbstractInterpreter.nextPreciserScopeKnowingConditionOutcome(ChainableReverseAbstractInterpreter.java:108)
	at com.google.javascript.jscomp.ClosureReverseAbstractInterpreter.getPreciserScopeKnowingConditionOutcome(ClosureReverseAbstractInterpreter.java:223)
	at com.google.javascript.jscomp.ChainableReverseAbstractInterpreter.nextPreciserScopeKnowingConditionOutcome(ChainableReverseAbstractInterpreter.java:108)
	at com.google.javascript.jscomp.ClosureReverseAbstractInterpreter.getPreciserScopeKnowingConditionOutcome(ClosureReverseAbstractInterpreter.java:223)
	at com.google.javascript.jscomp.ChainableReverseAbstractInterpreter.nextPreciserScopeKnowingConditionOutcome(ChainableReverseAbstractInterpreter.java:108)
	at com.google.javascript.jscomp.ClosureReverseAbstractInterpreter.getPreciserScopeKnowingConditionOutcome(ClosureReverseAbstractInterpreter.java:223)
	at com.google.javascript.jscomp.ChainableReverseAbstractInterpreter.nextPreciserScopeKnowingConditionOutcome(ChainableReverseAbstractInterpreter.java:108)
	at com.google.javascript.jscomp.ClosureReverseAbstractInterpreter.getPreciserScopeKnowingConditionOutcome(ClosureReverseAbstractInterpreter.java:223)
	at com.google.javascript.jscomp.ChainableReverseAbstractInterpreter.nextPreciserScopeKnowingConditionOutcome(ChainableReverseAbstractInterpreter.java:108)
	at com.google.javascript.jscomp.ClosureReverseAbstractInterpreter.getPreciserScopeKnowingConditionOutcome(ClosureReverseAbstractInterpreter.java:223)
	at com.google.javascript.jscomp.ChainableReverseAbstractInterpreter.nextPreciserScopeKnowingConditionOutcome(ChainableReverseAbstractInterpreter.java:108)
	at com.google.javascript.jscomp.ClosureReverseAbstractInterpreter.getPreciserScopeKnowingConditionOutcome(ClosureReverseAbstractInterpreter.java:223)
	at com.google.javascript.jscomp.ChainableReverseAbstractInterpreter.nextPreciserScopeKnowingConditionOutcome(ChainableReverseAbstractInterpreter.java:108)
	at com.google.javascript.jscomp.ClosureReverseAbstractInterpreter.getPreciserScopeKnowingConditionOutcome(ClosureReverseAbstractInterpreter.java:223)
	at com.google.javascript.jscomp.ChainableReverseAbstractInterpreter.nextPreciserScopeKnowingConditionOutcome(ChainableReverseAbstractInterpreter.java:108)
	at com.google.javascript.jscomp.ClosureReverseAbstractInterpreter.getPreciserScopeKnowingConditionOutcome(ClosureReverseAbstractInterpreter.java:223)
	at com.google.javascript.jscomp.ChainableReverseAbstractInterpreter.nextPreciserScopeKnowingConditionOutcome(ChainableReverseAbstractInterpreter.java:108)
	at com.google.javascript.jscomp.ClosureReverseAbstractInterpreter.getPreciserScopeKnowingConditionOutcome(ClosureReverseAbstractInterpreter.java:223)
	at com.google.javascript.jscomp.ChainableReverseAbstractInterpreter.nextPreciserScopeKnowingConditionOutcome(ChainableReverseAbstractInterpreter.java:108)
	at com.google.javascript.jscomp.ClosureReverseAbstractInterpreter.getPreciserScopeKnowingConditionOutcome(ClosureReverseAbstractInterpreter.java:223)
	at com.google.javascript.jscomp.ChainableReverseAbstractInterpreter.nextPreciserScopeKnowingConditionOutcome(ChainableReverseAbstractInterpreter.java:108)
	at com.google.javascript.jscomp.ClosureReverseAbstractInterpreter.getPreciserScopeKnowingConditionOutcome(ClosureReverseAbstractInterpreter.java:223)
	at com.google.javascript.jscomp.ChainableReverseAbstractInterpreter.nextPreciserScopeKnowingConditionOutcome(ChainableReverseAbstractInterpreter.java:108)
	at com.google.javascript.jscomp.ClosureReverseAbstractInterpreter.getPreciserScopeKnowingConditionOutcome(ClosureReverseAbstractInterpreter.java:223)
	at com.google.javascript.jscomp.ChainableReverseAbstractInterpreter.nextPreciserScopeKnowingConditionOutcome(ChainableReverseAbstractInterpreter.java:108)
	at com.google.javascript.jscomp.ClosureReverseAbstractInterpreter.getPreciserScopeKnowingConditionOutcome(ClosureReverseAbstractInterpreter.java:223)
	at com.google.javascript.jscomp.ChainableReverseAbstractInterpreter.nextPreciserScopeKnowingConditionOutcome(ChainableReverseAbstractInterpreter.java:108)
	at com.google.javascript.jscomp.ClosureReverseAbstractInterpreter.getPreciserScopeKnowingConditionOutcome(ClosureReverseAbstractInterpreter.java:223)
	at com.google.javascript.jscomp.ChainableReverseAbstractInterpreter.nextPreciserScopeKnowingConditionOutcome(ChainableReverseAbstractInterpreter.java:108)
	at com.google.javascript.jscomp.ClosureReverseAbstractInterpreter.getPreciserScopeKnowingConditionOutcome(ClosureReverseAbstractInterpreter.java:223)
	at com.google.javascript.jscomp.ChainableReverseAbstractInterpreter.nextPreciserScopeKnowingConditionOutcome(ChainableReverseAbstractInterpreter.java:108)
	at com.google.javascript.jscomp.ClosureReverseAbstractInterpreter.getPreciserScopeKnowingConditionOutcome(ClosureReverseAbstractInterpreter.java:223)
	at com.google.javascript.jscomp.ChainableReverseAbstractInterpreter.nextPreciserScopeKnowingConditionOutcome(ChainableReverseAbstractInterpreter.java:108)
	at com.google.javascript.jscomp.ClosureReverseAbstractInterpreter.getPreciserScopeKnowingConditionOutcome(ClosureReverseAbstractInterpreter.java:223)
	at com.google.javascript.jscomp.ChainableReverseAbstractInterpreter.nextPreciserScopeKnowingConditionOutcome(ChainableReverseAbstractInterpreter.java:108)
	at com.google.javascript.jscomp.ClosureReverseAbstractInterpreter.getPreciserScopeKnowingConditionOutcome(ClosureReverseAbstractInterpreter.java:223)
	at com.google.javascript.jscomp.ChainableReverseAbstractInterpreter.nextPreciserScopeKnowingConditionOutcome(ChainableReverseAbstractInterpreter.java:108)
	at com.google.javascript.jscomp.ClosureReverseAbstractInterpreter.getPreciserScopeKnowingConditionOutcome(ClosureReverseAbstractInterpreter.java:223)
	at com.google.javascript.jscomp.ChainableReverseAbstractInterpreter.nextPreciserScopeKnowingConditionOutcome(ChainableReverseAbstractInterpreter.java:108)
	at com.google.javascript.jscomp.ClosureReverseAbstractInterpreter.getPreciserScopeKnowingConditionOutcome(ClosureReverseAbstractInterpreter.java:223)
	at com.google.javascript.jscomp.ChainableReverseAbstractInterpreter.nextPreciserScopeKnowingConditionOutcome(ChainableReverseAbstractInterpreter.java:108)
	at com.google.javascript.jscomp.ClosureReverseAbstractInterpreter.getPreciserScopeKnowingConditionOutcome(ClosureReverseAbstractInterpreter.java:223)
	at com.google.javascript.jscomp.ChainableReverseAbstractInterpreter.nextPreciserScopeKnowingConditionOutcome(ChainableReverseAbstractInterpreter.java:108)
	at com.google.javascript.jscomp.ClosureReverseAbstractInterpreter.getPreciserScopeKnowingConditionOutcome(ClosureReverseAbstractInterpreter.java:223)
	at com.google.javascript.jscomp.ChainableReverseAbstractInterpreter.nextPreciserScopeKnowingConditionOutcome(ChainableReverseAbstractInterpreter.java:108)
	at com.google.javascript.jscomp.ClosureReverseAbstractInterpreter.getPreciserScopeKnowingConditionOutcome(ClosureReverseAbstractInterpreter.java:223)
	at com.google.javascript.jscomp.ChainableReverseAbstractInterpreter.nextPreciserScopeKnowingConditionOutcome(ChainableReverseAbstractInterpreter.java:108)
	at com.google.javascript.jscomp.ClosureReverseAbstractInterpreter.getPreciserScopeKnowingConditionOutcome(ClosureReverseAbstractInterpreter.java:223)
	at com.google.javascript.jscomp.ChainableReverseAbstractInterpreter.nextPreciserScopeKnowingConditionOutcome(ChainableReverseAbstractInterpreter.java:108)
	at com.google.javascript.jscomp.ClosureReverseAbstractInterpreter.getPreciserScopeKnowingConditionOutcome(ClosureReverseAbstractInterpreter.java:223)
	at com.google.javascript.jscomp.ChainableReverseAbstractInterpreter.nextPreciserScopeKnowingConditionOutcome(ChainableReverseAbstractInterpreter.java:108)
	at com.google.javascript.jscomp.ClosureReverseAbstractInterpreter.getPreciserScopeKnowingConditionOutcome(ClosureReverseAbstractInterpreter.java:223)
	at com.google.javascript.jscomp.ChainableReverseAbstractInterpreter.nextPreciserScopeKnowingConditionOutcome(ChainableReverseAbstractInterpreter.java:108)
	at com.google.javascript.jscomp.ClosureReverseAbstractInterpreter.getPreciserScopeKnowingConditionOutcome(ClosureReverseAbstractInterpreter.java:223)
	at com.google.javascript.jscomp.ChainableReverseAbstractInterpreter.nextPreciserScopeKnowingConditionOutcome(ChainableReverseAbstractInterpreter.java:108)
	at com.google.javascript.jscomp.ClosureReverseAbstractInterpreter.getPreciserScopeKnowingConditionOutcome(ClosureReverseAbstractInterpreter.java:223)
	at com.google.javascript.jscomp.ChainableReverseAbstractInterpreter.nextPreciserScopeKnowingConditionOutcome(ChainableReverseAbstractInterpreter.java:108)
	at com.google.javascript.jscomp.ClosureReverseAbstractInterpreter.getPreciserScopeKnowingConditionOutcome(ClosureReverseAbstractInterpreter.java:223)
	at com.google.javascript.jscomp.ChainableReverseAbstractInterpreter.nextPreciserScopeKnowingConditionOutcome(ChainableReverseAbstractInterpreter.java:108)
	at com.google.javascript.jscomp.ClosureReverseAbstractInterpreter.getPreciserScopeKnowingConditionOutcome(ClosureReverseAbstractInterpreter.java:223)
	at com.google.javascript.jscomp.ChainableReverseAbstractInterpreter.nextPreciserScopeKnowingConditionOutcome(ChainableReverseAbstractInterpreter.java:108)
	at com.google.javascript.jscomp.ClosureReverseAbstractInterpreter.getPreciserScopeKnowingConditionOutcome(ClosureReverseAbstractInterpreter.java:223)
	at com.google.javascript.jscomp.ChainableReverseAbstractInterpreter.nextPreciserScopeKnowingConditionOutcome(ChainableReverseAbstractInterpreter.java:108)
	at com.google.javascript.jscomp.ClosureReverseAbstractInterpreter.getPreciserScopeKnowingConditionOutcome(ClosureReverseAbstractInterpreter.java:223)
	at com.google.javascript.jscomp.ChainableReverseAbstractInterpreter.nextPreciserScopeKnowingConditionOutcome(ChainableReverseAbstractInterpreter.java:108)
	at com.google.javascript.jscomp.ClosureReverseAbstractInterpreter.getPreciserScopeKnowingConditionOutcome(ClosureReverseAbstractInterpreter.java:223)
	at com.google.javascript.jscomp.ChainableReverseAbstractInterpreter.nextPreciserScopeKnowingConditionOutcome(ChainableReverseAbstractInterpreter.java:108)
	at com.google.javascript.jscomp.ClosureReverseAbstractInterpreter.getPreciserScopeKnowingConditionOutcome(ClosureReverseAbstractInterpreter.java:223)
	at com.google.javascript.jscomp.ChainableReverseAbstractInterpreter.nextPreciserScopeKnowingConditionOutcome(ChainableReverseAbstractInterpreter.java:108)
	at com.google.javascript.jscomp.ClosureReverseAbstractInterpreter.getPreciserScopeKnowingConditionOutcome(ClosureReverseAbstractInterpreter.java:223)
	at com.google.javascript.jscomp.ChainableReverseAbstractInterpreter.nextPreciserScopeKnowingConditionOutcome(ChainableReverseAbstractInterpreter.java:108)
	at com.google.javascript.jscomp.ClosureReverseAbstractInterpreter.getPreciserScopeKnowingConditionOutcome(ClosureReverseAbstractInterpreter.java:223)
	at com.google.javascript.jscomp.ChainableReverseAbstractInterpreter.nextPreciserScopeKnowingConditionOutcome(ChainableReverseAbstractInterpreter.java:108)
	at com.google.javascript.jscomp.ClosureReverseAbstractInterpreter.getPreciserScopeKnowingConditionOutcome(ClosureReverseAbstractInterpreter.java:223)
	at com.google.javascript.jscomp.ChainableReverseAbstractInterpreter.nextPreciserScopeKnowingConditionOutcome(ChainableReverseAbstractInterpreter.java:108)
	at com.google.javascript.jscomp.ClosureReverseAbstractInterpreter.getPreciserScopeKnowingConditionOutcome(ClosureReverseAbstractInterpreter.java:223)
	at com.google.javascript.jscomp.ChainableReverseAbstractInterpreter.nextPreciserScopeKnowingConditionOutcome(ChainableReverseAbstractInterpreter.java:108)
	at com.google.javascript.jscomp.ClosureReverseAbstractInterpreter.getPreciserScopeKnowingConditionOutcome(ClosureReverseAbstractInterpreter.java:223)
	at com.google.javascript.jscomp.ChainableReverseAbstractInterpreter.nextPreciserScopeKnowingConditionOutcome(ChainableReverseAbstractInterpreter.java:108)
	at com.google.javascript.jscomp.ClosureReverseAbstractInterpreter.getPreciserScopeKnowingConditionOutcome(ClosureReverseAbstractInterpreter.java:223)
	at com.google.javascript.jscomp.ChainableReverseAbstractInterpreter.nextPreciserScopeKnowingConditionOutcome(ChainableReverseAbstractInterpreter.java:108)
	at com.google.javascript.jscomp.ClosureReverseAbstractInterpreter.getPreciserScopeKnowingConditionOutcome(ClosureReverseAbstractInterpreter.java:223)
	at com.google.javascript.jscomp.ChainableReverseAbstractInterpreter.nextPreciserScopeKnowingConditionOutcome(ChainableReverseAbstractInterpreter.java:108)
	at com.google.javascript.jscomp.ClosureReverseAbstractInterpreter.getPreciserScopeKnowingConditionOutcome(ClosureReverseAbstractInterpreter.java:223)
	at com.google.javascript.jscomp.ChainableReverseAbstractInterpreter.nextPreciserScopeKnowingConditionOutcome(ChainableReverseAbstractInterpreter.java:108)
	at com.google.javascript.jscomp.ClosureReverseAbstractInterpreter.getPreciserScopeKnowingConditionOutcome(ClosureReverseAbstractInterpreter.java:223)
	at com.google.javascript.jscomp.ChainableReverseAbstractInterpreter.nextPreciserScopeKnowingConditionOutcome(ChainableReverseAbstractInterpreter.java:108)
	at com.google.javascript.jscomp.ClosureReverseAbstractInterpreter.getPreciserScopeKnowingConditionOutcome(ClosureReverseAbstractInterpreter.java:223)
	at com.google.javascript.jscomp.ChainableReverseAbstractInterpreter.nextPreciserScopeKnowingConditionOutcome(ChainableReverseAbstractInterpreter.java:108)
	at com.google.javascript.jscomp.ClosureReverseAbstractInterpreter.getPreciserScopeKnowingConditionOutcome(ClosureReverseAbstractInterpreter.java:223)
	at com.google.javascript.jscomp.ChainableReverseAbstractInterpreter.nextPreciserScopeKnowingConditionOutcome(ChainableReverseAbstractInterpreter.java:108)
	at com.google.javascript.jscomp.ClosureReverseAbstractInterpreter.getPreciserScopeKnowingConditionOutcome(ClosureReverseAbstractInterpreter.java:223)
	at com.google.javascript.jscomp.ChainableReverseAbstractInterpreter.nextPreciserScopeKnowingConditionOutcome(ChainableReverseAbstractInterpreter.java:108)
	at com.google.javascript.jscomp.ClosureReverseAbstractInterpreter.getPreciserScopeKnowingConditionOutcome(ClosureReverseAbstractInterpreter.java:223)
	at com.google.javascript.jscomp.ChainableReverseAbstractInterpreter.nextPreciserScopeKnowingConditionOutcome(ChainableReverseAbstractInterpreter.java:108)
	at com.google.javascript.jscomp.ClosureReverseAbstractInterpreter.getPreciserScopeKnowingConditionOutcome(ClosureReverseAbstractInterpreter.java:223)
	at com.google.javascript.jscomp.ChainableReverseAbstractInterpreter.nextPreciserScopeKnowingConditionOutcome(ChainableReverseAbstractInterpreter.java:108)
	at com.google.javascript.jscomp.ClosureReverseAbstractInterpreter.getPreciserScopeKnowingConditionOutcome(ClosureReverseAbstractInterpreter.java:223)
	at com.google.javascript.jscomp.ChainableReverseAbstractInterpreter.nextPreciserScopeKnowingConditionOutcome(ChainableReverseAbstractInterpreter.java:108)
	at com.google.javascript.jscomp.ClosureReverseAbstractInterpreter.getPreciserScopeKnowingConditionOutcome(ClosureReverseAbstractInterpreter.java:223)
	at com.google.javascript.jscomp.ChainableReverseAbstractInterpreter.nextPreciserScopeKnowingConditionOutcome(ChainableReverseAbstractInterpreter.java:108)
	at com.google.javascript.jscomp.ClosureReverseAbstractInterpreter.getPreciserScopeKnowingConditionOutcome(ClosureReverseAbstractInterpreter.java:223)
	at com.google.javascript.jscomp.ChainableReverseAbstractInterpreter.nextPreciserScopeKnowingConditionOutcome(ChainableReverseAbstractInterpreter.java:108)
	at com.google.javascript.jscomp.ClosureReverseAbstractInterpreter.getPreciserScopeKnowingConditionOutcome(ClosureReverseAbstractInterpreter.java:223)
	at com.google.javascript.jscomp.ChainableReverseAbstractInterpreter.nextPreciserScopeKnowingConditionOutcome(ChainableReverseAbstractInterpreter.java:108)
	at com.google.javascript.jscomp.ClosureReverseAbstractInterpreter.getPreciserScopeKnowingConditionOutcome(ClosureReverseAbstractInterpreter.java:223)
	at com.google.javascript.jscomp.ChainableReverseAbstractInterpreter.nextPreciserScopeKnowingConditionOutcome(ChainableReverseAbstractInterpreter.java:108)
	at com.google.javascript.jscomp.ClosureReverseAbstractInterpreter.getPreciserScopeKnowingConditionOutcome(ClosureReverseAbstractInterpreter.java:223)
	at com.google.javascript.jscomp.ChainableReverseAbstractInterpreter.nextPreciserScopeKnowingConditionOutcome(ChainableReverseAbstractInterpreter.java:108)
	at com.google.javascript.jscomp.ClosureReverseAbstractInterpreter.getPreciserScopeKnowingConditionOutcome(ClosureReverseAbstractInterpreter.java:223)
	at com.google.javascript.jscomp.ChainableReverseAbstractInterpreter.nextPreciserScopeKnowingConditionOutcome(ChainableReverseAbstractInterpreter.java:108)
	at com.google.javascript.jscomp.ClosureReverseAbstractInterpreter.getPreciserScopeKnowingConditionOutcome(ClosureReverseAbstractInterpreter.java:223)
	at com.google.javascript.jscomp.ChainableReverseAbstractInterpreter.nextPreciserScopeKnowingConditionOutcome(ChainableReverseAbstractInterpreter.java:108)
	at com.google.javascript.jscomp.ClosureReverseAbstractInterpreter.getPreciserScopeKnowingConditionOutcome(ClosureReverseAbstractInterpreter.java:223)
	at com.google.javascript.jscomp.ChainableReverseAbstractInterpreter.nextPreciserScopeKnowingConditionOutcome(ChainableReverseAbstractInterpreter.java:108)
	at com.google.javascript.jscomp.ClosureReverseAbstractInterpreter.getPreciserScopeKnowingConditionOutcome(ClosureReverseAbstractInterpreter.java:223)
	at com.google.javascript.jscomp.ChainableReverseAbstractInterpreter.nextPreciserScopeKnowingConditionOutcome(ChainableReverseAbstractInterpreter.java:108)
	at com.google.javascript.jscomp.ClosureReverseAbstractInterpreter.getPreciserScopeKnowingConditionOutcome(ClosureReverseAbstractInterpreter.java:223)
	at com.google.javascript.jscomp.ChainableReverseAbstractInterpreter.nextPreciserScopeKnowingConditionOutcome(ChainableReverseAbstractInterpreter.java:108)
	at com.google.javascript.jscomp.ClosureReverseAbstractInterpreter.getPreciserScopeKnowingConditionOutcome(ClosureReverseAbstractInterpreter.java:223)
	at com.google.javascript.jscomp.ChainableReverseAbstractInterpreter.nextPreciserScopeKnowingConditionOutcome(ChainableReverseAbstractInterpreter.java:108)
	at com.google.javascript.jscomp.ClosureReverseAbstractInterpreter.getPreciserScopeKnowingConditionOutcome(ClosureReverseAbstractInterpreter.java:223)
	at com.google.javascript.jscomp.ChainableReverseAbstractInterpreter.nextPreciserScopeKnowingConditionOutcome(ChainableReverseAbstractInterpreter.java:108)
	at com.google.javascript.jscomp.ClosureReverseAbstractInterpreter.getPreciserScopeKnowingConditionOutcome(ClosureReverseAbstractInterpreter.java:223)
	at com.google.javascript.jscomp.ChainableReverseAbstractInterpreter.nextPreciserScopeKnowingConditionOutcome(ChainableReverseAbstractInterpreter.java:108)
	at com.google.javascript.jscomp.ClosureReverseAbstractInterpreter.getPreciserScopeKnowingConditionOutcome(ClosureReverseAbstractInterpreter.java:223)
	at com.google.javascript.jscomp.ChainableReverseAbstractInterpreter.nextPreciserScopeKnowingConditionOutcome(ChainableReverseAbstractInterpreter.java:108)
	at com.google.javascript.jscomp.ClosureReverseAbstractInterpreter.getPreciserScopeKnowingConditionOutcome(ClosureReverseAbstractInterpreter.java:223)
	at com.google.javascript.jscomp.ChainableReverseAbstractInterpreter.nextPreciserScopeKnowingConditionOutcome(ChainableReverseAbstractInterpreter.java:108)
	at com.google.javascript.jscomp.ClosureReverseAbstractInterpreter.getPreciserScopeKnowingConditionOutcome(ClosureReverseAbstractInterpreter.java:223)
	at com.google.javascript.jscomp.ChainableReverseAbstractInterpreter.nextPreciserScopeKnowingConditionOutcome(ChainableReverseAbstractInterpreter.java:108)
	at com.google.javascript.jscomp.ClosureReverseAbstractInterpreter.getPreciserScopeKnowingConditionOutcome(ClosureReverseAbstractInterpreter.java:223)
	at com.google.javascript.jscomp.ChainableReverseAbstractInterpreter.nextPreciserScopeKnowingConditionOutcome(ChainableReverseAbstractInterpreter.java:108)
	at com.google.javascript.jscomp.ClosureReverseAbstractInterpreter.getPreciserScopeKnowingConditionOutcome(ClosureReverseAbstractInterpreter.java:223)
	at com.google.javascript.jscomp.ChainableReverseAbstractInterpreter.nextPreciserScopeKnowingConditionOutcome(ChainableReverseAbstractInterpreter.java:108)
	at com.google.javascript.jscomp.ClosureReverseAbstractInterpreter.getPreciserScopeKnowingConditionOutcome(ClosureReverseAbstractInterpreter.java:223)
	at com.google.javascript.jscomp.ChainableReverseAbstractInterpreter.nextPreciserScopeKnowingConditionOutcome(ChainableReverseAbstractInterpreter.java:108)
	at com.google.javascript.jscomp.ClosureReverseAbstractInterpreter.getPreciserScopeKnowingConditionOutcome(ClosureReverseAbstractInterpreter.java:223)
	at com.google.javascript.jscomp.ChainableReverseAbstractInterpreter.nextPreciserScopeKnowingConditionOutcome(ChainableReverseAbstractInterpreter.java:108)
	at com.google.javascript.jscomp.ClosureReverseAbstractInterpreter.getPreciserScopeKnowingConditionOutcome(ClosureReverseAbstractInterpreter.java:223)
	at com.google.javascript.jscomp.ChainableReverseAbstractInterpreter.nextPreciserScopeKnowingConditionOutcome(ChainableReverseAbstractInterpreter.java:108)
	at com.google.javascript.jscomp.ClosureReverseAbstractInterpreter.getPreciserScopeKnowingConditionOutcome(ClosureReverseAbstractInterpreter.java:223)
	at com.google.javascript.jscomp.ChainableReverseAbstractInterpreter.nextPreciserScopeKnowingConditionOutcome(ChainableReverseAbstractInterpreter.java:108)
	at com.google.javascript.jscomp.ClosureReverseAbstractInterpreter.getPreciserScopeKnowingConditionOutcome(ClosureReverseAbstractInterpreter.java:223)
	at com.google.javascript.jscomp.ChainableReverseAbstractInterpreter.nextPreciserScopeKnowingConditionOutcome(ChainableReverseAbstractInterpreter.java:108)
	at com.google.javascript.jscomp.ClosureReverseAbstractInterpreter.getPreciserScopeKnowingConditionOutcome(ClosureReverseAbstractInterpreter.java:223)
	at com.google.javascript.jscomp.ChainableReverseAbstractInterpreter.nextPreciserScopeKnowingConditionOutcome(ChainableReverseAbstractInterpreter.java:108)
	at com.google.javascript.jscomp.ClosureReverseAbstractInterpreter.getPreciserScopeKnowingConditionOutcome(ClosureReverseAbstractInterpreter.java:223)
	at com.google.javascript.jscomp.ChainableReverseAbstractInterpreter.nextPreciserScopeKnowingConditionOutcome(ChainableReverseAbstractInterpreter.java:108)
	at com.google.javascript.jscomp.ClosureReverseAbstractInterpreter.getPreciserScopeKnowingConditionOutcome(ClosureReverseAbstractInterpreter.java:223)
	at com.google.javascript.jscomp.ChainableReverseAbstractInterpreter.nextPreciserScopeKnowingConditionOutcome(ChainableReverseAbstractInterpreter.java:108)
	at com.google.javascript.jscomp.ClosureReverseAbstractInterpreter.getPreciserScopeKnowingConditionOutcome(ClosureReverseAbstractInterpreter.java:223)
	at com.google.javascript.jscomp.ChainableReverseAbstractInterpreter.nextPreciserScopeKnowingConditionOutcome(ChainableReverseAbstractInterpreter.java:108)
	at com.google.javascript.jscomp.ClosureReverseAbstractInterpreter.getPreciserScopeKnowingConditionOutcome(ClosureReverseAbstractInterpreter.java:223)
	at com.google.javascript.jscomp.ChainableReverseAbstractInterpreter.nextPreciserScopeKnowingConditionOutcome(ChainableReverseAbstractInterpreter.java:108)
	at com.google.javascript.jscomp.ClosureReverseAbstractInterpreter.getPreciserScopeKnowingConditionOutcome(ClosureReverseAbstractInterpreter.java:223)
	at com.google.javascript.jscomp.ChainableReverseAbstractInterpreter.nextPreciserScopeKnowingConditionOutcome(ChainableReverseAbstractInterpreter.java:108)
	at com.google.javascript.jscomp.ClosureReverseAbstractInterpreter.getPreciserScopeKnowingConditionOutcome(ClosureReverseAbstractInterpreter.java:223)
	at com.google.javascript.jscomp.ChainableReverseAbstractInterpreter.nextPreciserScopeKnowingConditionOutcome(ChainableReverseAbstractInterpreter.java:108)
	at com.google.javascript.jscomp.ClosureReverseAbstractInterpreter.getPreciserScopeKnowingConditionOutcome(ClosureReverseAbstractInterpreter.java:223)
	at com.google.javascript.jscomp.ChainableReverseAbstractInterpreter.nextPreciserScopeKnowingConditionOutcome(ChainableReverseAbstractInterpreter.java:108)
	at com.google.javascript.jscomp.ClosureReverseAbstractInterpreter.getPreciserScopeKnowingConditionOutcome(ClosureReverseAbstractInterpreter.java:223)
	at com.google.javascript.jscomp.ChainableReverseAbstractInterpreter.nextPreciserScopeKnowingConditionOutcome(ChainableReverseAbstractInterpreter.java:108)
	at com.google.javascript.jscomp.ClosureReverseAbstractInterpreter.getPreciserScopeKnowingConditionOutcome(ClosureReverseAbstractInterpreter.java:223)
	at com.google.javascript.jscomp.ChainableReverseAbstractInterpreter.nextPreciserScopeKnowingConditionOutcome(ChainableReverseAbstractInterpreter.java:108)
	at com.google.javascript.jscomp.ClosureReverseAbstractInterpreter.getPreciserScopeKnowingConditionOutcome(ClosureReverseAbstractInterpreter.java:223)
	at com.google.javascript.jscomp.ChainableReverseAbstractInterpreter.nextPreciserScopeKnowingConditionOutcome(ChainableReverseAbstractInterpreter.java:108)
	at com.google.javascript.jscomp.ClosureReverseAbstractInterpreter.getPreciserScopeKnowingConditionOutcome(ClosureReverseAbstractInterpreter.java:223)
	at com.google.javascript.jscomp.ChainableReverseAbstractInterpreter.nextPreciserScopeKnowingConditionOutcome(ChainableReverseAbstractInterpreter.java:108)
	at com.google.javascript.jscomp.ClosureReverseAbstractInterpreter.getPreciserScopeKnowingConditionOutcome(ClosureReverseAbstractInterpreter.java:223)
	at com.google.javascript.jscomp.ChainableReverseAbstractInterpreter.nextPreciserScopeKnowingConditionOutcome(ChainableReverseAbstractInterpreter.java:108)
	at com.google.javascript.jscomp.ClosureReverseAbstractInterpreter.getPreciserScopeKnowingConditionOutcome(ClosureReverseAbstractInterpreter.java:223)
	at com.google.javascript.jscomp.ChainableReverseAbstractInterpreter.nextPreciserScopeKnowingConditionOutcome(ChainableReverseAbstractInterpreter.java:108)
	at com.google.javascript.jscomp.ClosureReverseAbstractInterpreter.getPreciserScopeKnowingConditionOutcome(ClosureReverseAbstractInterpreter.java:223)
	at com.google.javascript.jscomp.ChainableReverseAbstractInterpreter.nextPreciserScopeKnowingConditionOutcome(ChainableReverseAbstractInterpreter.java:108)
	at com.google.javascript.jscomp.ClosureReverseAbstractInterpreter.getPreciserScopeKnowingConditionOutcome(ClosureReverseAbstractInterpreter.java:223)
	at com.google.javascript.jscomp.ChainableReverseAbstractInterpreter.nextPreciserScopeKnowingConditionOutcome(ChainableReverseAbstractInterpreter.java:108)
	at com.google.javascript.jscomp.ClosureReverseAbstractInterpreter.getPreciserScopeKnowingConditionOutcome(ClosureReverseAbstractInterpreter.java:223)
	at com.google.javascript.jscomp.ChainableReverseAbstractInterpreter.nextPreciserScopeKnowingConditionOutcome(ChainableReverseAbstractInterpreter.java:108)
	at com.google.javascript.jscomp.ClosureReverseAbstractInterpreter.getPreciserScopeKnowingConditionOutcome(ClosureReverseAbstractInterpreter.java:223)
	at com.google.javascript.jscomp.ChainableReverseAbstractInterpreter.nextPreciserScopeKnowingConditionOutcome(ChainableReverseAbstractInterpreter.java:108)
	at com.google.javascript.jscomp.ClosureReverseAbstractInterpreter.getPreciserScopeKnowingConditionOutcome(ClosureReverseAbstractInterpreter.java:223)
	at com.google.javascript.jscomp.ChainableReverseAbstractInterpreter.nextPreciserScopeKnowingConditionOutcome(ChainableReverseAbstractInterpreter.java:108)
	at com.google.javascript.jscomp.ClosureReverseAbstractInterpreter.getPreciserScopeKnowingConditionOutcome(ClosureReverseAbstractInterpreter.java:223)
	at com.google.javascript.jscomp.ChainableReverseAbstractInterpreter.nextPreciserScopeKnowingConditionOutcome(ChainableReverseAbstractInterpreter.java:108)
	at com.google.javascript.jscomp.ClosureReverseAbstractInterpreter.getPreciserScopeKnowingConditionOutcome(ClosureReverseAbstractInterpreter.java:223)
	at com.google.javascript.jscomp.ChainableReverseAbstractInterpreter.nextPreciserScopeKnowingConditionOutcome(ChainableReverseAbstractInterpreter.java:108)
	at com.google.javascript.jscomp.ClosureReverseAbstractInterpreter.getPreciserScopeKnowingConditionOutcome(ClosureReverseAbstractInterpreter.java:223)
	at com.google.javascript.jscomp.ChainableReverseAbstractInterpreter.nextPreciserScopeKnowingConditionOutcome(ChainableReverseAbstractInterpreter.java:108)
	at com.google.javascript.jscomp.ClosureReverseAbstractInterpreter.getPreciserScopeKnowingConditionOutcome(ClosureReverseAbstractInterpreter.java:223)
	at com.google.javascript.jscomp.ChainableReverseAbstractInterpreter.nextPreciserScopeKnowingConditionOutcome(ChainableReverseAbstractInterpreter.java:108)
	at com.google.javascript.jscomp.ClosureReverseAbstractInterpreter.getPreciserScopeKnowingConditionOutcome(ClosureReverseAbstractInterpreter.java:223)
	at com.google.javascript.jscomp.ChainableReverseAbstractInterpreter.nextPreciserScopeKnowingConditionOutcome(ChainableReverseAbstractInterpreter.java:108)
	at com.google.javascript.jscomp.ClosureReverseAbstractInterpreter.getPreciserScopeKnowingConditionOutcome(ClosureReverseAbstractInterpreter.java:223)
	at com.google.javascript.jscomp.ChainableReverseAbstractInterpreter.nextPreciserScopeKnowingConditionOutcome(ChainableReverseAbstractInterpreter.java:108)
	at com.google.javascript.jscomp.ClosureReverseAbstractInterpreter.getPreciserScopeKnowingConditionOutcome(ClosureReverseAbstractInterpreter.java:223)
	at com.google.javascript.jscomp.ChainableReverseAbstractInterpreter.nextPreciserScopeKnowingConditionOutcome(ChainableReverseAbstractInterpreter.java:108)
	at com.google.javascript.jscomp.ClosureReverseAbstractInterpreter.getPreciserScopeKnowingConditionOutcome(ClosureReverseAbstractInterpreter.java:223)
	at com.google.javascript.jscomp.ChainableReverseAbstractInterpreter.nextPreciserScopeKnowingConditionOutcome(ChainableReverseAbstractInterpreter.java:108)
	at com.google.javascript.jscomp.ClosureReverseAbstractInterpreter.getPreciserScopeKnowingConditionOutcome(ClosureReverseAbstractInterpreter.java:223)
	at com.google.javascript.jscomp.ChainableReverseAbstractInterpreter.nextPreciserScopeKnowingConditionOutcome(ChainableReverseAbstractInterpreter.java:108)
	at com.google.javascript.jscomp.ClosureReverseAbstractInterpreter.getPreciserScopeKnowingConditionOutcome(ClosureReverseAbstractInterpreter.java:223)
	at com.google.javascript.jscomp.ChainableReverseAbstractInterpreter.nextPreciserScopeKnowingConditionOutcome(ChainableReverseAbstractInterpreter.java:108)
	at com.google.javascript.jscomp.ClosureReverseAbstractInterpreter.getPreciserScopeKnowingConditionOutcome(ClosureReverseAbstractInterpreter.java:223)
	at com.google.javascript.jscomp.ChainableReverseAbstractInterpreter.nextPreciserScopeKnowingConditionOutcome(ChainableReverseAbstractInterpreter.java:108)
	at com.google.javascript.jscomp.ClosureReverseAbstractInterpreter.getPreciserScopeKnowingConditionOutcome(ClosureReverseAbstractInterpreter.java:223)
	at com.google.javascript.jscomp.ChainableReverseAbstractInterpreter.nextPreciserScopeKnowingConditionOutcome(ChainableReverseAbstractInterpreter.java:108)
	at com.google.javascript.jscomp.ClosureReverseAbstractInterpreter.getPreciserScopeKnowingConditionOutcome(ClosureReverseAbstractInterpreter.java:223)
	at com.google.javascript.jscomp.ChainableReverseAbstractInterpreter.nextPreciserScopeKnowingConditionOutcome(ChainableReverseAbstractInterpreter.java:108)
	at com.google.javascript.jscomp.ClosureReverseAbstractInterpreter.getPreciserScopeKnowingConditionOutcome(ClosureReverseAbstractInterpreter.java:223)
	at com.google.javascript.jscomp.ChainableReverseAbstractInterpreter.nextPreciserScopeKnowingConditionOutcome(ChainableReverseAbstractInterpreter.java:108)
	at com.google.javascript.jscomp.ClosureReverseAbstractInterpreter.getPreciserScopeKnowingConditionOutcome(ClosureReverseAbstractInterpreter.java:223)
	at com.google.javascript.jscomp.ChainableReverseAbstractInterpreter.nextPreciserScopeKnowingConditionOutcome(ChainableReverseAbstractInterpreter.java:108)
	at com.google.javascript.jscomp.ClosureReverseAbstractInterpreter.getPreciserScopeKnowingConditionOutcome(ClosureReverseAbstractInterpreter.java:223)
	at com.google.javascript.jscomp.ChainableReverseAbstractInterpreter.nextPreciserScopeKnowingConditionOutcome(ChainableReverseAbstractInterpreter.java:108)
	at com.google.javascript.jscomp.ClosureReverseAbstractInterpreter.getPreciserScopeKnowingConditionOutcome(ClosureReverseAbstractInterpreter.java:223)
	at com.google.javascript.jscomp.ChainableReverseAbstractInterpreter.nextPreciserScopeKnowingConditionOutcome(ChainableReverseAbstractInterpreter.java:108)
	at com.google.javascript.jscomp.ClosureReverseAbstractInterpreter.getPreciserScopeKnowingConditionOutcome(ClosureReverseAbstractInterpreter.java:223)
	at com.google.javascript.jscomp.ChainableReverseAbstractInterpreter.nextPreciserScopeKnowingConditionOutcome(ChainableReverseAbstractInterpreter.java:108)
	at com.google.javascript.jscomp.ClosureReverseAbstractInterpreter.getPreciserScopeKnowingConditionOutcome(ClosureReverseAbstractInterpreter.java:223)
	at com.google.javascript.jscomp.ChainableReverseAbstractInterpreter.nextPreciserScopeKnowingConditionOutcome(ChainableReverseAbstractInterpreter.java:108)
	at com.google.javascript.jscomp.ClosureReverseAbstractInterpreter.getPreciserScopeKnowingConditionOutcome(ClosureReverseAbstractInterpreter.java:223)
	at com.google.javascript.jscomp.ChainableReverseAbstractInterpreter.nextPreciserScopeKnowingConditionOutcome(ChainableReverseAbstractInterpreter.java:108)
	at com.google.javascript.jscomp.ClosureReverseAbstractInterpreter.getPreciserScopeKnowingConditionOutcome(ClosureReverseAbstractInterpreter.java:223)
	at com.google.javascript.jscomp.ChainableReverseAbstractInterpreter.nextPreciserScopeKnowingConditionOutcome(ChainableReverseAbstractInterpreter.java:108)
	at com.google.javascript.jscomp.ClosureReverseAbstractInterpreter.getPreciserScopeKnowingConditionOutcome(ClosureReverseAbstractInterpreter.java:223)
	at com.google.javascript.jscomp.ChainableReverseAbstractInterpreter.nextPreciserScopeKnowingConditionOutcome(ChainableReverseAbstractInterpreter.java:108)
	at com.google.javascript.jscomp.ClosureReverseAbstractInterpreter.getPreciserScopeKnowingConditionOutcome(ClosureReverseAbstractInterpreter.java:223)
	at com.google.javascript.jscomp.ChainableReverseAbstractInterpreter.nextPreciserScopeKnowingConditionOutcome(ChainableReverseAbstractInterpreter.java:108)
	at com.google.javascript.jscomp.ClosureReverseAbstractInterpreter.getPreciserScopeKnowingConditionOutcome(ClosureReverseAbstractInterpreter.java:223)
	at com.google.javascript.jscomp.ChainableReverseAbstractInterpreter.nextPreciserScopeKnowingConditionOutcome(ChainableReverseAbstractInterpreter.java:108)
	at com.google.javascript.jscomp.ClosureReverseAbstractInterpreter.getPreciserScopeKnowingConditionOutcome(ClosureReverseAbstractInterpreter.java:223)
	at com.google.javascript.jscomp.ChainableReverseAbstractInterpreter.nextPreciserScopeKnowingConditionOutcome(ChainableReverseAbstractInterpreter.java:108)
	at com.google.javascript.jscomp.ClosureReverseAbstractInterpreter.getPreciserScopeKnowingConditionOutcome(ClosureReverseAbstractInterpreter.java:223)
	at com.google.javascript.jscomp.ChainableReverseAbstractInterpreter.nextPreciserScopeKnowingConditionOutcome(ChainableReverseAbstractInterpreter.java:108)
	at com.google.javascript.jscomp.ClosureReverseAbstractInterpreter.getPreciserScopeKnowingConditionOutcome(ClosureReverseAbstractInterpreter.java:223)
	at com.google.javascript.jscomp.ChainableReverseAbstractInterpreter.nextPreciserScopeKnowingConditionOutcome(ChainableReverseAbstractInterpreter.java:108)
	at com.google.javascript.jscomp.ClosureReverseAbstractInterpreter.getPreciserScopeKnowingConditionOutcome(ClosureReverseAbstractInterpreter.java:223)
	at com.google.javascript.jscomp.ChainableReverseAbstractInterpreter.nextPreciserScopeKnowingConditionOutcome(ChainableReverseAbstractInterpreter.java:108)
	at com.google.javascript.jscomp.ClosureReverseAbstractInterpreter.getPreciserScopeKnowingConditionOutcome(ClosureReverseAbstractInterpreter.java:223)
	at com.google.javascript.jscomp.ChainableReverseAbstractInterpreter.nextPreciserScopeKnowingConditionOutcome(ChainableReverseAbstractInterpreter.java:108)
	at com.google.javascript.jscomp.ClosureReverseAbstractInterpreter.getPreciserScopeKnowingConditionOutcome(ClosureReverseAbstractInterpreter.java:223)
	at com.google.javascript.jscomp.ChainableReverseAbstractInterpreter.nextPreciserScopeKnowingConditionOutcome(ChainableReverseAbstractInterpreter.java:108)
	at com.google.javascript.jscomp.ClosureReverseAbstractInterpreter.getPreciserScopeKnowingConditionOutcome(ClosureReverseAbstractInterpreter.java:223)
	at com.google.javascript.jscomp.ChainableReverseAbstractInterpreter.nextPreciserScopeKnowingConditionOutcome(ChainableReverseAbstractInterpreter.java:108)
	at com.google.javascript.jscomp.ClosureReverseAbstractInterpreter.getPreciserScopeKnowingConditionOutcome(ClosureReverseAbstractInterpreter.java:223)
	at com.google.javascript.jscomp.ChainableReverseAbstractInterpreter.nextPreciserScopeKnowingConditionOutcome(ChainableReverseAbstractInterpreter.java:108)
	at com.google.javascript.jscomp.ClosureReverseAbstractInterpreter.getPreciserScopeKnowingConditionOutcome(ClosureReverseAbstractInterpreter.java:223)
	at com.google.javascript.jscomp.ChainableReverseAbstractInterpreter.nextPreciserScopeKnowingConditionOutcome(ChainableReverseAbstractInterpreter.java:108)
	at com.google.javascript.jscomp.ClosureReverseAbstractInterpreter.getPreciserScopeKnowingConditionOutcome(ClosureReverseAbstractInterpreter.java:223)
	at com.google.javascript.jscomp.ChainableReverseAbstractInterpreter.nextPreciserScopeKnowingConditionOutcome(ChainableReverseAbstractInterpreter.java:108)
	at com.google.javascript.jscomp.ClosureReverseAbstractInterpreter.getPreciserScopeKnowingConditionOutcome(ClosureReverseAbstractInterpreter.java:223)
	at com.google.javascript.jscomp.ChainableReverseAbstractInterpreter.nextPreciserScopeKnowingConditionOutcome(ChainableReverseAbstractInterpreter.java:108)
	at com.google.javascript.jscomp.ClosureReverseAbstractInterpreter.getPreciserScopeKnowingConditionOutcome(ClosureReverseAbstractInterpreter.java:223)
	at com.google.javascript.jscomp.ChainableReverseAbstractInterpreter.nextPreciserScopeKnowingConditionOutcome(ChainableReverseAbstractInterpreter.java:108)
	at com.google.javascript.jscomp.ClosureReverseAbstractInterpreter.getPreciserScopeKnowingConditionOutcome(ClosureReverseAbstractInterpreter.java:223)
	at com.google.javascript.jscomp.ChainableReverseAbstractInterpreter.nextPreciserScopeKnowingConditionOutcome(ChainableReverseAbstractInterpreter.java:108)
	at com.google.javascript.jscomp.ClosureReverseAbstractInterpreter.getPreciserScopeKnowingConditionOutcome(ClosureReverseAbstractInterpreter.java:223)
	at com.google.javascript.jscomp.ChainableReverseAbstractInterpreter.nextPreciserScopeKnowingConditionOutcome(ChainableReverseAbstractInterpreter.java:108)
	at com.google.javascript.jscomp.ClosureReverseAbstractInterpreter.getPreciserScopeKnowingConditionOutcome(ClosureReverseAbstractInterpreter.java:223)
	at com.google.javascript.jscomp.ChainableReverseAbstractInterpreter.nextPreciserScopeKnowingConditionOutcome(ChainableReverseAbstractInterpreter.java:108)
	at com.google.javascript.jscomp.ClosureReverseAbstractInterpreter.getPreciserScopeKnowingConditionOutcome(ClosureReverseAbstractInterpreter.java:223)
	at com.google.javascript.jscomp.ChainableReverseAbstractInterpreter.nextPreciserScopeKnowingConditionOutcome(ChainableReverseAbstractInterpreter.java:108)
	at com.google.javascript.jscomp.ClosureReverseAbstractInterpreter.getPreciserScopeKnowingConditionOutcome(ClosureReverseAbstractInterpreter.java:223)
	at com.google.javascript.jscomp.ChainableReverseAbstractInterpreter.nextPreciserScopeKnowingConditionOutcome(ChainableReverseAbstractInterpreter.java:108)
	at com.google.javascript.jscomp.ClosureReverseAbstractInterpreter.getPreciserScopeKnowingConditionOutcome(ClosureReverseAbstractInterpreter.java:223)
	at com.google.javascript.jscomp.ChainableReverseAbstractInterpreter.nextPreciserScopeKnowingConditionOutcome(ChainableReverseAbstractInterpreter.java:108)
	at com.google.javascript.jscomp.ClosureReverseAbstractInterpreter.getPreciserScopeKnowingConditionOutcome(ClosureReverseAbstractInterpreter.java:223)
	at com.google.javascript.jscomp.ChainableReverseAbstractInterpreter.nextPreciserScopeKnowingConditionOutcome(ChainableReverseAbstractInterpreter.java:108)
	at com.google.javascript.jscomp.ClosureReverseAbstractInterpreter.getPreciserScopeKnowingConditionOutcome(ClosureReverseAbstractInterpreter.java:223)
	at com.google.javascript.jscomp.ChainableReverseAbstractInterpreter.nextPreciserScopeKnowingConditionOutcome(ChainableReverseAbstractInterpreter.java:108)
	at com.google.javascript.jscomp.ClosureReverseAbstractInterpreter.getPreciserScopeKnowingConditionOutcome(ClosureReverseAbstractInterpreter.java:223)
	at com.google.javascript.jscomp.ChainableReverseAbstractInterpreter.nextPreciserScopeKnowingConditionOutcome(ChainableReverseAbstractInterpreter.java:108)
	at com.google.javascript.jscomp.ClosureReverseAbstractInterpreter.getPreciserScopeKnowingConditionOutcome(ClosureReverseAbstractInterpreter.java:223)
	at com.google.javascript.jscomp.ChainableReverseAbstractInterpreter.nextPreciserScopeKnowingConditionOutcome(ChainableReverseAbstractInterpreter.java:108)
	at com.google.javascript.jscomp.ClosureReverseAbstractInterpreter.getPreciserScopeKnowingConditionOutcome(ClosureReverseAbstractInterpreter.java:223)
	at com.google.javascript.jscomp.ChainableReverseAbstractInterpreter.nextPreciserScopeKnowingConditionOutcome(ChainableReverseAbstractInterpreter.java:108)
	at com.google.javascript.jscomp.ClosureReverseAbstractInterpreter.getPreciserScopeKnowingConditionOutcome(ClosureReverseAbstractInterpreter.java:223)
	at com.google.javascript.jscomp.ChainableReverseAbstractInterpreter.nextPreciserScopeKnowingConditionOutcome(ChainableReverseAbstractInterpreter.java:108)
	at com.google.javascript.jscomp.ClosureReverseAbstractInterpreter.getPreciserScopeKnowingConditionOutcome(ClosureReverseAbstractInterpreter.java:223)
	at com.google.javascript.jscomp.ChainableReverseAbstractInterpreter.nextPreciserScopeKnowingConditionOutcome(ChainableReverseAbstractInterpreter.java:108)
	at com.google.javascript.jscomp.ClosureReverseAbstractInterpreter.getPreciserScopeKnowingConditionOutcome(ClosureReverseAbstractInterpreter.java:223)
	at com.google.javascript.jscomp.ChainableReverseAbstractInterpreter.nextPreciserScopeKnowingConditionOutcome(ChainableReverseAbstractInterpreter.java:108)
	at com.google.javascript.jscomp.ClosureReverseAbstractInterpreter.getPreciserScopeKnowingConditionOutcome(ClosureReverseAbstractInterpreter.java:223)
	at com.google.javascript.jscomp.ChainableReverseAbstractInterpreter.nextPreciserScopeKnowingConditionOutcome(ChainableReverseAbstractInterpreter.java:108)
	at com.google.javascript.jscomp.ClosureReverseAbstractInterpreter.getPreciserScopeKnowingConditionOutcome(ClosureReverseAbstractInterpreter.java:223)
	at com.google.javascript.jscomp.ChainableReverseAbstractInterpreter.nextPreciserScopeKnowingConditionOutcome(ChainableReverseAbstractInterpreter.java:108)
	at com.google.javascript.jscomp.ClosureReverseAbstractInterpreter.getPreciserScopeKnowingConditionOutcome(ClosureReverseAbstractInterpreter.java:223)
	at com.google.javascript.jscomp.ChainableReverseAbstractInterpreter.nextPreciserScopeKnowingConditionOutcome(ChainableReverseAbstractInterpreter.java:108)
	at com.google.javascript.jscomp.ClosureReverseAbstractInterpreter.getPreciserScopeKnowingConditionOutcome(ClosureReverseAbstractInterpreter.java:223)
	at com.google.javascript.jscomp.ChainableReverseAbstractInterpreter.nextPreciserScopeKnowingConditionOutcome(ChainableReverseAbstractInterpreter.java:108)
	at com.google.javascript.jscomp.ClosureReverseAbstractInterpreter.getPreciserScopeKnowingConditionOutcome(ClosureReverseAbstractInterpreter.java:223)
	at com.google.javascript.jscomp.ChainableReverseAbstractInterpreter.nextPreciserScopeKnowingConditionOutcome(ChainableReverseAbstractInterpreter.java:108)
	at com.google.javascript.jscomp.ClosureReverseAbstractInterpreter.getPreciserScopeKnowingConditionOutcome(ClosureReverseAbstractInterpreter.java:223)
	at com.google.javascript.jscomp.ChainableReverseAbstractInterpreter.nextPreciserScopeKnowingConditionOutcome(ChainableReverseAbstractInterpreter.java:108)
	at com.google.javascript.jscomp.ClosureReverseAbstractInterpreter.getPreciserScopeKnowingConditionOutcome(ClosureReverseAbstractInterpreter.java:223)
	at com.google.javascript.jscomp.ChainableReverseAbstractInterpreter.nextPreciserScopeKnowingConditionOutcome(ChainableReverseAbstractInterpreter.java:108)
	at com.google.javascript.jscomp.ClosureReverseAbstractInterpreter.getPreciserScopeKnowingConditionOutcome(ClosureReverseAbstractInterpreter.java:223)
	at com.google.javascript.jscomp.ChainableReverseAbstractInterpreter.nextPreciserScopeKnowingConditionOutcome(ChainableReverseAbstractInterpreter.java:108)
	at com.google.javascript.jscomp.ClosureReverseAbstractInterpreter.getPreciserScopeKnowingConditionOutcome(ClosureReverseAbstractInterpreter.java:223)
	at com.google.javascript.jscomp.ChainableReverseAbstractInterpreter.nextPreciserScopeKnowingConditionOutcome(ChainableReverseAbstractInterpreter.java:108)
	at com.google.javascript.jscomp.ClosureReverseAbstractInterpreter.getPreciserScopeKnowingConditionOutcome(ClosureReverseAbstractInterpreter.java:223)
	at com.google.javascript.jscomp.ChainableReverseAbstractInterpreter.nextPreciserScopeKnowingConditionOutcome(ChainableReverseAbstractInterpreter.java:108)
	at com.google.javascript.jscomp.ClosureReverseAbstractInterpreter.getPreciserScopeKnowingConditionOutcome(ClosureReverseAbstractInterpreter.java:223)
	at com.google.javascript.jscomp.ChainableReverseAbstractInterpreter.nextPreciserScopeKnowingConditionOutcome(ChainableReverseAbstractInterpreter.java:108)
	at com.google.javascript.jscomp.ClosureReverseAbstractInterpreter.getPreciserScopeKnowingConditionOutcome(ClosureReverseAbstractInterpreter.java:223)
	at com.google.javascript.jscomp.ChainableReverseAbstractInterpreter.nextPreciserScopeKnowingConditionOutcome(ChainableReverseAbstractInterpreter.java:108)
	at com.google.javascript.jscomp.ClosureReverseAbstractInterpreter.getPreciserScopeKnowingConditionOutcome(ClosureReverseAbstractInterpreter.java:223)
	at com.google.javascript.jscomp.ChainableReverseAbstractInterpreter.nextPreciserScopeKnowingConditionOutcome(ChainableReverseAbstractInterpreter.java:108)
	at com.google.javascript.jscomp.ClosureReverseAbstractInterpreter.getPreciserScopeKnowingConditionOutcome(ClosureReverseAbstractInterpreter.java:223)
	at com.google.javascript.jscomp.ChainableReverseAbstractInterpreter.nextPreciserScopeKnowingConditionOutcome(ChainableReverseAbstractInterpreter.java:108)
	at com.google.javascript.jscomp.ClosureReverseAbstractInterpreter.getPreciserScopeKnowingConditionOutcome(ClosureReverseAbstractInterpreter.java:223)
	at com.google.javascript.jscomp.ChainableReverseAbstractInterpreter.nextPreciserScopeKnowingConditionOutcome(ChainableReverseAbstractInterpreter.java:108)
	at com.google.javascript.jscomp.ClosureReverseAbstractInterpreter.getPreciserScopeKnowingConditionOutcome(ClosureReverseAbstractInterpreter.java:223)
	at com.google.javascript.jscomp.ChainableReverseAbstractInterpreter.nextPreciserScopeKnowingConditionOutcome(ChainableReverseAbstractInterpreter.java:108)
	at com.google.javascript.jscomp.ClosureReverseAbstractInterpreter.getPreciserScopeKnowingConditionOutcome(ClosureReverseAbstractInterpreter.java:223)
	at com.google.javascript.jscomp.ChainableReverseAbstractInterpreter.nextPreciserScopeKnowingConditionOutcome(ChainableReverseAbstractInterpreter.java:108)
	at com.google.javascript.jscomp.ClosureReverseAbstractInterpreter.getPreciserScopeKnowingConditionOutcome(ClosureReverseAbstractInterpreter.java:223)
	at com.google.javascript.jscomp.ChainableReverseAbstractInterpreter.nextPreciserScopeKnowingConditionOutcome(ChainableReverseAbstractInterpreter.java:108)
	at com.google.javascript.jscomp.ClosureReverseAbstractInterpreter.getPreciserScopeKnowingConditionOutcome(ClosureReverseAbstractInterpreter.java:223)
	at com.google.javascript.jscomp.ChainableReverseAbstractInterpreter.nextPreciserScopeKnowingConditionOutcome(ChainableReverseAbstractInterpreter.java:108)
	at com.google.javascript.jscomp.ClosureReverseAbstractInterpreter.getPreciserScopeKnowingConditionOutcome(ClosureReverseAbstractInterpreter.java:223)
	at com.google.javascript.jscomp.ChainableReverseAbstractInterpreter.nextPreciserScopeKnowingConditionOutcome(ChainableReverseAbstractInterpreter.java:108)
	at com.google.javascript.jscomp.ClosureReverseAbstractInterpreter.getPreciserScopeKnowingConditionOutcome(ClosureReverseAbstractInterpreter.java:223)
	at com.google.javascript.jscomp.ChainableReverseAbstractInterpreter.nextPreciserScopeKnowingConditionOutcome(ChainableReverseAbstractInterpreter.java:108)
	at com.google.javascript.jscomp.ClosureReverseAbstractInterpreter.getPreciserScopeKnowingConditionOutcome(ClosureReverseAbstractInterpreter.java:223)
	at com.google.javascript.jscomp.ChainableReverseAbstractInterpreter.nextPreciserScopeKnowingConditionOutcome(ChainableReverseAbstractInterpreter.java:108)
	at com.google.javascript.jscomp.ClosureReverseAbstractInterpreter.getPreciserScopeKnowingConditionOutcome(ClosureReverseAbstractInterpreter.java:223)
	at com.google.javascript.jscomp.ChainableReverseAbstractInterpreter.nextPreciserScopeKnowingConditionOutcome(ChainableReverseAbstractInterpreter.java:108)
	at com.google.javascript.jscomp.ClosureReverseAbstractInterpreter.getPreciserScopeKnowingConditionOutcome(ClosureReverseAbstractInterpreter.java:223)
	at com.google.javascript.jscomp.ChainableReverseAbstractInterpreter.nextPreciserScopeKnowingConditionOutcome(ChainableReverseAbstractInterpreter.java:108)
	at com.google.javascript.jscomp.ClosureReverseAbstractInterpreter.getPreciserScopeKnowingConditionOutcome(ClosureReverseAbstractInterpreter.java:223)
	at com.google.javascript.jscomp.ChainableReverseAbstractInterpreter.nextPreciserScopeKnowingConditionOutcome(ChainableReverseAbstractInterpreter.java:108)
	at com.google.javascript.jscomp.ClosureReverseAbstractInterpreter.getPreciserScopeKnowingConditionOutcome(ClosureReverseAbstractInterpreter.java:223)
	at com.google.javascript.jscomp.ChainableReverseAbstractInterpreter.nextPreciserScopeKnowingConditionOutcome(ChainableReverseAbstractInterpreter.java:108)
	at com.google.javascript.jscomp.ClosureReverseAbstractInterpreter.getPreciserScopeKnowingConditionOutcome(ClosureReverseAbstractInterpreter.java:223)
	at com.google.javascript.jscomp.ChainableReverseAbstractInterpreter.nextPreciserScopeKnowingConditionOutcome(ChainableReverseAbstractInterpreter.java:108)
	at com.google.javascript.jscomp.ClosureReverseAbstractInterpreter.getPreciserScopeKnowingConditionOutcome(ClosureReverseAbstractInterpreter.java:223)
	at com.google.javascript.jscomp.ChainableReverseAbstractInterpreter.nextPreciserScopeKnowingConditionOutcome(ChainableReverseAbstractInterpreter.java:108)
	at com.google.javascript.jscomp.ClosureReverseAbstractInterpreter.getPreciserScopeKnowingConditionOutcome(ClosureReverseAbstractInterpreter.java:223)
	at com.google.javascript.jscomp.ChainableReverseAbstractInterpreter.nextPreciserScopeKnowingConditionOutcome(ChainableReverseAbstractInterpreter.java:108)
	at com.google.javascript.jscomp.ClosureReverseAbstractInterpreter.getPreciserScopeKnowingConditionOutcome(ClosureReverseAbstractInterpreter.java:223)
	at com.google.javascript.jscomp.ChainableReverseAbstractInterpreter.nextPreciserScopeKnowingConditionOutcome(ChainableReverseAbstractInterpreter.java:108)
	at com.google.javascript.jscomp.ClosureReverseAbstractInterpreter.getPreciserScopeKnowingConditionOutcome(ClosureReverseAbstractInterpreter.java:223)
	at com.google.javascript.jscomp.ChainableReverseAbstractInterpreter.nextPreciserScopeKnowingConditionOutcome(ChainableReverseAbstractInterpreter.java:108)
	at com.google.javascript.jscomp.ClosureReverseAbstractInterpreter.getPreciserScopeKnowingConditionOutcome(ClosureReverseAbstractInterpreter.java:223)
	at com.google.javascript.jscomp.ChainableReverseAbstractInterpreter.nextPreciserScopeKnowingConditionOutcome(ChainableReverseAbstractInterpreter.java:108)
	at com.google.javascript.jscomp.ClosureReverseAbstractInterpreter.getPreciserScopeKnowingConditionOutcome(ClosureReverseAbstractInterpreter.java:223)
	at com.google.javascript.jscomp.ChainableReverseAbstractInterpreter.nextPreciserScopeKnowingConditionOutcome(ChainableReverseAbstractInterpreter.java:108)
	at com.google.javascript.jscomp.ClosureReverseAbstractInterpreter.getPreciserScopeKnowingConditionOutcome(ClosureReverseAbstractInterpreter.java:223)
	at com.google.javascript.jscomp.ChainableReverseAbstractInterpreter.nextPreciserScopeKnowingConditionOutcome(ChainableReverseAbstractInterpreter.java:108)
	at com.google.javascript.jscomp.ClosureReverseAbstractInterpreter.getPreciserScopeKnowingConditionOutcome(ClosureReverseAbstractInterpreter.java:223)
	at com.google.javascript.jscomp.ChainableReverseAbstractInterpreter.nextPreciserScopeKnowingConditionOutcome(ChainableReverseAbstractInterpreter.java:108)
	at com.google.javascript.jscomp.ClosureReverseAbstractInterpreter.getPreciserScopeKnowingConditionOutcome(ClosureReverseAbstractInterpreter.java:223)
	at com.google.javascript.jscomp.ChainableReverseAbstractInterpreter.nextPreciserScopeKnowingConditionOutcome(ChainableReverseAbstractInterpreter.java:108)
	at com.google.javascript.jscomp.ClosureReverseAbstractInterpreter.getPreciserScopeKnowingConditionOutcome(ClosureReverseAbstractInterpreter.java:223)
	at com.google.javascript.jscomp.ChainableReverseAbstractInterpreter.nextPreciserScopeKnowingConditionOutcome(ChainableReverseAbstractInterpreter.java:108)
	at com.google.javascript.jscomp.ClosureReverseAbstractInterpreter.getPreciserScopeKnowingConditionOutcome(ClosureReverseAbstractInterpreter.java:223)
	at com.google.javascript.jscomp.ChainableReverseAbstractInterpreter.nextPreciserScopeKnowingConditionOutcome(ChainableReverseAbstractInterpreter.java:108)
	at com.google.javascript.jscomp.ClosureReverseAbstractInterpreter.getPreciserScopeKnowingConditionOutcome(ClosureReverseAbstractInterpreter.java:223)
	at com.google.javascript.jscomp.ChainableReverseAbstractInterpreter.nextPreciserScopeKnowingConditionOutcome(ChainableReverseAbstractInterpreter.java:108)
	at com.google.javascript.jscomp.ClosureReverseAbstractInterpreter.getPreciserScopeKnowingConditionOutcome(ClosureReverseAbstractInterpreter.java:223)
	at com.google.javascript.jscomp.ChainableReverseAbstractInterpreter.nextPreciserScopeKnowingConditionOutcome(ChainableReverseAbstractInterpreter.java:108)
	at com.google.javascript.jscomp.ClosureReverseAbstractInterpreter.getPreciserScopeKnowingConditionOutcome(ClosureReverseAbstractInterpreter.java:223)
	at com.google.javascript.jscomp.ChainableReverseAbstractInterpreter.nextPreciserScopeKnowingConditionOutcome(ChainableReverseAbstractInterpreter.java:108)
	at com.google.javascript.jscomp.ClosureReverseAbstractInterpreter.getPreciserScopeKnowingConditionOutcome(ClosureReverseAbstractInterpreter.java:223)
	at com.google.javascript.jscomp.ChainableReverseAbstractInterpreter.nextPreciserScopeKnowingConditionOutcome(ChainableReverseAbstractInterpreter.java:108)
	at com.google.javascript.jscomp.ClosureReverseAbstractInterpreter.getPreciserScopeKnowingConditionOutcome(ClosureReverseAbstractInterpreter.java:223)
	at com.google.javascript.jscomp.ChainableReverseAbstractInterpreter.nextPreciserScopeKnowingConditionOutcome(ChainableReverseAbstractInterpreter.java:108)
	at com.google.javascript.jscomp.ClosureReverseAbstractInterpreter.getPreciserScopeKnowingConditionOutcome(ClosureReverseAbstractInterpreter.java:223)
	at com.google.javascript.jscomp.ChainableReverseAbstractInterpreter.nextPreciserScopeKnowingConditionOutcome(ChainableReverseAbstractInterpreter.java:108)
	at com.google.javascript.jscomp.ClosureReverseAbstractInterpreter.getPreciserScopeKnowingConditionOutcome(ClosureReverseAbstractInterpreter.java:223)
	at com.google.javascript.jscomp.ChainableReverseAbstractInterpreter.nextPreciserScopeKnowingConditionOutcome(ChainableReverseAbstractInterpreter.java:108)
	at com.google.javascript.jscomp.ClosureReverseAbstractInterpreter.getPreciserScopeKnowingConditionOutcome(ClosureReverseAbstractInterpreter.java:223)
	at com.google.javascript.jscomp.ChainableReverseAbstractInterpreter.nextPreciserScopeKnowingConditionOutcome(ChainableReverseAbstractInterpreter.java:108)
	at com.google.javascript.jscomp.ClosureReverseAbstractInterpreter.getPreciserScopeKnowingConditionOutcome(ClosureReverseAbstractInterpreter.java:223)
	at com.google.javascript.jscomp.ChainableReverseAbstractInterpreter.nextPreciserScopeKnowingConditionOutcome(ChainableReverseAbstractInterpreter.java:108)
	at com.google.javascript.jscomp.ClosureReverseAbstractInterpreter.getPreciserScopeKnowingConditionOutcome(ClosureReverseAbstractInterpreter.java:223)
	at com.google.javascript.jscomp.ChainableReverseAbstractInterpreter.nextPreciserScopeKnowingConditionOutcome(ChainableReverseAbstractInterpreter.java:108)
	at com.google.javascript.jscomp.ClosureReverseAbstractInterpreter.getPreciserScopeKnowingConditionOutcome(ClosureReverseAbstractInterpreter.java:223)
	at com.google.javascript.jscomp.ChainableReverseAbstractInterpreter.nextPreciserScopeKnowingConditionOutcome(ChainableReverseAbstractInterpreter.java:108)
	at com.google.javascript.jscomp.ClosureReverseAbstractInterpreter.getPreciserScopeKnowingConditionOutcome(ClosureReverseAbstractInterpreter.java:223)
	at com.google.javascript.jscomp.ChainableReverseAbstractInterpreter.nextPreciserScopeKnowingConditionOutcome(ChainableReverseAbstractInterpreter.java:108)
	at com.google.javascript.jscomp.ClosureReverseAbstractInterpreter.getPreciserScopeKnowingConditionOutcome(ClosureReverseAbstractInterpreter.java:223)
	at com.google.javascript.jscomp.ChainableReverseAbstractInterpreter.nextPreciserScopeKnowingConditionOutcome(ChainableReverseAbstractInterpreter.java:108)
	at com.google.javascript.jscomp.ClosureReverseAbstractInterpreter.getPreciserScopeKnowingConditionOutcome(ClosureReverseAbstractInterpreter.java:223)
	at com.google.javascript.jscomp.ChainableReverseAbstractInterpreter.nextPreciserScopeKnowingConditionOutcome(ChainableReverseAbstractInterpreter.java:108)
	at com.google.javascript.jscomp.ClosureReverseAbstractInterpreter.getPreciserScopeKnowingConditionOutcome(ClosureReverseAbstractInterpreter.java:223)
	at com.google.javascript.jscomp.ChainableReverseAbstractInterpreter.nextPreciserScopeKnowingConditionOutcome(ChainableReverseAbstractInterpreter.java:108)
	at com.google.javascript.jscomp.ClosureReverseAbstractInterpreter.getPreciserScopeKnowingConditionOutcome(ClosureReverseAbstractInterpreter.java:223)
	at com.google.javascript.jscomp.ChainableReverseAbstractInterpreter.nextPreciserScopeKnowingConditionOutcome(ChainableReverseAbstractInterpreter.java:108)
	at com.google.javascript.jscomp.ClosureReverseAbstractInterpreter.getPreciserScopeKnowingConditionOutcome(ClosureReverseAbstractInterpreter.java:223)
	at com.google.javascript.jscomp.ChainableReverseAbstractInterpreter.nextPreciserScopeKnowingConditionOutcome(ChainableReverseAbstractInterpreter.java:108)
	at com.google.javascript.jscomp.ClosureReverseAbstractInterpreter.getPreciserScopeKnowingConditionOutcome(ClosureReverseAbstractInterpreter.java:223)
	at com.google.javascript.jscomp.ChainableReverseAbstractInterpreter.nextPreciserScopeKnowingConditionOutcome(ChainableReverseAbstractInterpreter.java:108)
	at com.google.javascript.jscomp.ClosureReverseAbstractInterpreter.getPreciserScopeKnowingConditionOutcome(ClosureReverseAbstractInterpreter.java:223)
	at com.google.javascript.jscomp.ChainableReverseAbstractInterpreter.nextPreciserScopeKnowingConditionOutcome(ChainableReverseAbstractInterpreter.java:108)
	at com.google.javascript.jscomp.ClosureReverseAbstractInterpreter.getPreciserScopeKnowingConditionOutcome(ClosureReverseAbstractInterpreter.java:223)
	at com.google.javascript.jscomp.ChainableReverseAbstractInterpreter.nextPreciserScopeKnowingConditionOutcome(ChainableReverseAbstractInterpreter.java:108)
	at com.google.javascript.jscomp.ClosureReverseAbstractInterpreter.getPreciserScopeKnowingConditionOutcome(ClosureReverseAbstractInterpreter.java:223)
	at com.google.javascript.jscomp.ChainableReverseAbstractInterpreter.nextPreciserScopeKnowingConditionOutcome(ChainableReverseAbstractInterpreter.java:108)
	at com.google.javascript.jscomp.ClosureReverseAbstractInterpreter.getPreciserScopeKnowingConditionOutcome(ClosureReverseAbstractInterpreter.java:223)
	at com.google.javascript.jscomp.ChainableReverseAbstractInterpreter.nextPreciserScopeKnowingConditionOutcome(ChainableReverseAbstractInterpreter.java:108)
	at com.google.javascript.jscomp.ClosureReverseAbstractInterpreter.getPreciserScopeKnowingConditionOutcome(ClosureReverseAbstractInterpreter.java:223)
	at com.google.javascript.jscomp.ChainableReverseAbstractInterpreter.nextPreciserScopeKnowingConditionOutcome(ChainableReverseAbstractInterpreter.java:108)
	at com.google.javascript.jscomp.ClosureReverseAbstractInterpreter.getPreciserScopeKnowingConditionOutcome(ClosureReverseAbstractInterpreter.java:223)
	at com.google.javascript.jscomp.ChainableReverseAbstractInterpreter.nextPreciserScopeKnowingConditionOutcome(ChainableReverseAbstractInterpreter.java:108)
	at com.google.javascript.jscomp.ClosureReverseAbstractInterpreter.getPreciserScopeKnowingConditionOutcome(ClosureReverseAbstractInterpreter.java:223)
	at com.google.javascript.jscomp.ChainableReverseAbstractInterpreter.nextPreciserScopeKnowingConditionOutcome(ChainableReverseAbstractInterpreter.java:108)
	at com.google.javascript.jscomp.ClosureReverseAbstractInterpreter.getPreciserScopeKnowingConditionOutcome(ClosureReverseAbstractInterpreter.java:223)
	at com.google.javascript.jscomp.ChainableReverseAbstractInterpreter.nextPreciserScopeKnowingConditionOutcome(ChainableReverseAbstractInterpreter.java:108)
	at com.google.javascript.jscomp.ClosureReverseAbstractInterpreter.getPreciserScopeKnowingConditionOutcome(ClosureReverseAbstractInterpreter.java:223)
	at com.google.javascript.jscomp.ChainableReverseAbstractInterpreter.nextPreciserScopeKnowingConditionOutcome(ChainableReverseAbstractInterpreter.java:108)
	at com.google.javascript.jscomp.ClosureReverseAbstractInterpreter.getPreciserScopeKnowingConditionOutcome(ClosureReverseAbstractInterpreter.java:223)
	at com.google.javascript.jscomp.ChainableReverseAbstractInterpreter.nextPreciserScopeKnowingConditionOutcome(ChainableReverseAbstractInterpreter.java:108)
	at com.google.javascript.jscomp.ClosureReverseAbstractInterpreter.getPreciserScopeKnowingConditionOutcome(ClosureReverseAbstractInterpreter.java:223)
	at com.google.javascript.jscomp.ChainableReverseAbstractInterpreter.nextPreciserScopeKnowingConditionOutcome(ChainableReverseAbstractInterpreter.java:108)
	at com.google.javascript.jscomp.ClosureReverseAbstractInterpreter.getPreciserScopeKnowingConditionOutcome(ClosureReverseAbstractInterpreter.java:223)
	at com.google.javascript.jscomp.ChainableReverseAbstractInterpreter.nextPreciserScopeKnowingConditionOutcome(ChainableReverseAbstractInterpreter.java:108)
	at com.google.javascript.jscomp.ClosureReverseAbstractInterpreter.getPreciserScopeKnowingConditionOutcome(ClosureReverseAbstractInterpreter.java:223)
	at com.google.javascript.jscomp.ChainableReverseAbstractInterpreter.nextPreciserScopeKnowingConditionOutcome(ChainableReverseAbstractInterpreter.java:108)
	at com.google.javascript.jscomp.ClosureReverseAbstractInterpreter.getPreciserScopeKnowingConditionOutcome(ClosureReverseAbstractInterpreter.java:223)
	at com.google.javascript.jscomp.ChainableReverseAbstractInterpreter.nextPreciserScopeKnowingConditionOutcome(ChainableReverseAbstractInterpreter.java:108)
	at com.google.javascript.jscomp.ClosureReverseAbstractInterpreter.getPreciserScopeKnowingConditionOutcome(ClosureReverseAbstractInterpreter.java:223)
	at com.google.javascript.jscomp.ChainableReverseAbstractInterpreter.nextPreciserScopeKnowingConditionOutcome(ChainableReverseAbstractInterpreter.java:108)
	at com.google.javascript.jscomp.ClosureReverseAbstractInterpreter.getPreciserScopeKnowingConditionOutcome(ClosureReverseAbstractInterpreter.java:223)
	at com.google.javascript.jscomp.ChainableReverseAbstractInterpreter.nextPreciserScopeKnowingConditionOutcome(ChainableReverseAbstractInterpreter.java:108)
	at com.google.javascript.jscomp.ClosureReverseAbstractInterpreter.getPreciserScopeKnowingConditionOutcome(ClosureReverseAbstractInterpreter.java:223)
	at com.google.javascript.jscomp.ChainableReverseAbstractInterpreter.nextPreciserScopeKnowingConditionOutcome(ChainableReverseAbstractInterpreter.java:108)
	at com.google.javascript.jscomp.ClosureReverseAbstractInterpreter.getPreciserScopeKnowingConditionOutcome(ClosureReverseAbstractInterpreter.java:223)
	at com.google.javascript.jscomp.ChainableReverseAbstractInterpreter.nextPreciserScopeKnowingConditionOutcome(ChainableReverseAbstractInterpreter.java:108)
	at com.google.javascript.jscomp.ClosureReverseAbstractInterpreter.getPreciserScopeKnowingConditionOutcome(ClosureReverseAbstractInterpreter.java:223)
	at com.google.javascript.jscomp.ChainableReverseAbstractInterpreter.nextPreciserScopeKnowingConditionOutcome(ChainableReverseAbstractInterpreter.java:108)
	at com.google.javascript.jscomp.ClosureReverseAbstractInterpreter.getPreciserScopeKnowingConditionOutcome(ClosureReverseAbstractInterpreter.java:223)
	at com.google.javascript.jscomp.ChainableReverseAbstractInterpreter.nextPreciserScopeKnowingConditionOutcome(ChainableReverseAbstractInterpreter.java:108)
	at com.google.javascript.jscomp.ClosureReverseAbstractInterpreter.getPreciserScopeKnowingConditionOutcome(ClosureReverseAbstractInterpreter.java:223)
	at com.google.javascript.jscomp.ChainableReverseAbstractInterpreter.nextPreciserScopeKnowingConditionOutcome(ChainableReverseAbstractInterpreter.java:108)
	at com.google.javascript.jscomp.ClosureReverseAbstractInterpreter.getPreciserScopeKnowingConditionOutcome(ClosureReverseAbstractInterpreter.java:223)
	at com.google.javascript.jscomp.ChainableReverseAbstractInterpreter.nextPreciserScopeKnowingConditionOutcome(ChainableReverseAbstractInterpreter.java:108)
	at com.google.javascript.jscomp.ClosureReverseAbstractInterpreter.getPreciserScopeKnowingConditionOutcome(ClosureReverseAbstractInterpreter.java:223)
	at com.google.javascript.jscomp.ChainableReverseAbstractInterpreter.nextPreciserScopeKnowingConditionOutcome(ChainableReverseAbstractInterpreter.java:108)
	at com.google.javascript.jscomp.ClosureReverseAbstractInterpreter.getPreciserScopeKnowingConditionOutcome(ClosureReverseAbstractInterpreter.java:223)
	at com.google.javascript.jscomp.ChainableReverseAbstractInterpreter.nextPreciserScopeKnowingConditionOutcome(ChainableReverseAbstractInterpreter.java:108)
	at com.google.javascript.jscomp.ClosureReverseAbstractInterpreter.getPreciserScopeKnowingConditionOutcome(ClosureReverseAbstractInterpreter.java:223)
	at com.google.javascript.jscomp.ChainableReverseAbstractInterpreter.nextPreciserScopeKnowingConditionOutcome(ChainableReverseAbstractInterpreter.java:108)
	at com.google.javascript.jscomp.ClosureReverseAbstractInterpreter.getPreciserScopeKnowingConditionOutcome(ClosureReverseAbstractInterpreter.java:223)
	at com.google.javascript.jscomp.ChainableReverseAbstractInterpreter.nextPreciserScopeKnowingConditionOutcome(ChainableReverseAbstractInterpreter.java:108)
	at com.google.javascript.jscomp.ClosureReverseAbstractInterpreter.getPreciserScopeKnowingConditionOutcome(ClosureReverseAbstractInterpreter.java:223)
	at com.google.javascript.jscomp.ChainableReverseAbstractInterpreter.nextPreciserScopeKnowingConditionOutcome(ChainableReverseAbstractInterpreter.java:108)
	at com.google.javascript.jscomp.ClosureReverseAbstractInterpreter.getPreciserScopeKnowingConditionOutcome(ClosureReverseAbstractInterpreter.java:223)
	at com.google.javascript.jscomp.ChainableReverseAbstractInterpreter.nextPreciserScopeKnowingConditionOutcome(ChainableReverseAbstractInterpreter.java:108)
	at com.google.javascript.jscomp.ClosureReverseAbstractInterpreter.getPreciserScopeKnowingConditionOutcome(ClosureReverseAbstractInterpreter.java:223)
	at com.google.javascript.jscomp.ChainableReverseAbstractInterpreter.nextPreciserScopeKnowingConditionOutcome(ChainableReverseAbstractInterpreter.java:108)
	at com.google.javascript.jscomp.ClosureReverseAbstractInterpreter.getPreciserScopeKnowingConditionOutcome(ClosureReverseAbstractInterpreter.java:223)
	at com.google.javascript.jscomp.ChainableReverseAbstractInterpreter.nextPreciserScopeKnowingConditionOutcome(ChainableReverseAbstractInterpreter.java:108)
	at com.google.javascript.jscomp.ClosureReverseAbstractInterpreter.getPreciserScopeKnowingConditionOutcome(ClosureReverseAbstractInterpreter.java:223)
	at com.google.javascript.jscomp.ChainableReverseAbstractInterpreter.nextPreciserScopeKnowingConditionOutcome(ChainableReverseAbstractInterpreter.java:108)
	at com.google.javascript.jscomp.ClosureReverseAbstractInterpreter.getPreciserScopeKnowingConditionOutcome(ClosureReverseAbstractInterpreter.java:223)
	at com.google.javascript.jscomp.ChainableReverseAbstractInterpreter.nextPreciserScopeKnowingConditionOutcome(ChainableReverseAbstractInterpreter.java:108)
	at com.google.javascript.jscomp.ClosureReverseAbstractInterpreter.getPreciserScopeKnowingConditionOutcome(ClosureReverseAbstractInterpreter.java:223)
	at com.google.javascript.jscomp.ChainableReverseAbstractInterpreter.nextPreciserScopeKnowingConditionOutcome(ChainableReverseAbstractInterpreter.java:108)
	at com.google.javascript.jscomp.ClosureReverseAbstractInterpreter.getPreciserScopeKnowingConditionOutcome(ClosureReverseAbstractInterpreter.java:223)
	at com.google.javascript.jscomp.ChainableReverseAbstractInterpreter.nextPreciserScopeKnowingConditionOutcome(ChainableReverseAbstractInterpreter.java:108)
	at com.google.javascript.jscomp.ClosureReverseAbstractInterpreter.getPreciserScopeKnowingConditionOutcome(ClosureReverseAbstractInterpreter.java:223)
	at com.google.javascript.jscomp.ChainableReverseAbstractInterpreter.nextPreciserScopeKnowingConditionOutcome(ChainableReverseAbstractInterpreter.java:108)
	at com.google.javascript.jscomp.ClosureReverseAbstractInterpreter.getPreciserScopeKnowingConditionOutcome(ClosureReverseAbstractInterpreter.java:223)
	at com.google.javascript.jscomp.ChainableReverseAbstractInterpreter.nextPreciserScopeKnowingConditionOutcome(ChainableReverseAbstractInterpreter.java:108)
	at com.google.javascript.jscomp.ClosureReverseAbstractInterpreter.getPreciserScopeKnowingConditionOutcome(ClosureReverseAbstractInterpreter.java:223)
	at com.google.javascript.jscomp.ChainableReverseAbstractInterpreter.nextPreciserScopeKnowingConditionOutcome(ChainableReverseAbstractInterpreter.java:108)
	at com.google.javascript.jscomp.ClosureReverseAbstractInterpreter.getPreciserScopeKnowingConditionOutcome(ClosureReverseAbstractInterpreter.java:223)
	at com.google.javascript.jscomp.ChainableReverseAbstractInterpreter.nextPreciserScopeKnowingConditionOutcome(ChainableReverseAbstractInterpreter.java:108)
	at com.google.javascript.jscomp.ClosureReverseAbstractInterpreter.getPreciserScopeKnowingConditionOutcome(ClosureReverseAbstractInterpreter.java:223)
	at com.google.javascript.jscomp.ChainableReverseAbstractInterpreter.nextPreciserScopeKnowingConditionOutcome(ChainableReverseAbstractInterpreter.java:108)
	at com.google.javascript.jscomp.ClosureReverseAbstractInterpreter.getPreciserScopeKnowingConditionOutcome(ClosureReverseAbstractInterpreter.java:223)
	at com.google.javascript.jscomp.ChainableReverseAbstractInterpreter.nextPreciserScopeKnowingConditionOutcome(ChainableReverseAbstractInterpreter.java:108)
	at com.google.javascript.jscomp.ClosureReverseAbstractInterpreter.getPreciserScopeKnowingConditionOutcome(ClosureReverseAbstractInterpreter.java:223)
	at com.google.javascript.jscomp.ChainableReverseAbstractInterpreter.nextPreciserScopeKnowingConditionOutcome(ChainableReverseAbstractInterpreter.java:108)
	at com.google.javascript.jscomp.ClosureReverseAbstractInterpreter.getPreciserScopeKnowingConditionOutcome(ClosureReverseAbstractInterpreter.java:223)
	at com.google.javascript.jscomp.ChainableReverseAbstractInterpreter.nextPreciserScopeKnowingConditionOutcome(ChainableReverseAbstractInterpreter.java:108)
	at com.google.javascript.jscomp.ClosureReverseAbstractInterpreter.getPreciserScopeKnowingConditionOutcome(ClosureReverseAbstractInterpreter.java:223)
	at com.google.javascript.jscomp.ChainableReverseAbstractInterpreter.nextPreciserScopeKnowingConditionOutcome(ChainableReverseAbstractInterpreter.java:108)
	at com.google.javascript.jscomp.ClosureReverseAbstractInterpreter.getPreciserScopeKnowingConditionOutcome(ClosureReverseAbstractInterpreter.java:223)
	at com.google.javascript.jscomp.ChainableReverseAbstractInterpreter.nextPreciserScopeKnowingConditionOutcome(ChainableReverseAbstractInterpreter.java:108)
	at com.google.javascript.jscomp.ClosureReverseAbstractInterpreter.getPreciserScopeKnowingConditionOutcome(ClosureReverseAbstractInterpreter.java:223)
	at com.google.javascript.jscomp.ChainableReverseAbstractInterpreter.nextPreciserScopeKnowingConditionOutcome(ChainableReverseAbstractInterpreter.java:108)
	at com.google.javascript.jscomp.ClosureReverseAbstractInterpreter.getPreciserScopeKnowingConditionOutcome(ClosureReverseAbstractInterpreter.java:223)
	at com.google.javascript.jscomp.ChainableReverseAbstractInterpreter.nextPreciserScopeKnowingConditionOutcome(ChainableReverseAbstractInterpreter.java:108)
	at com.google.javascript.jscomp.ClosureReverseAbstractInterpreter.getPreciserScopeKnowingConditionOutcome(ClosureReverseAbstractInterpreter.java:223)
	at com.google.javascript.jscomp.ChainableReverseAbstractInterpreter.nextPreciserScopeKnowingConditionOutcome(ChainableReverseAbstractInterpreter.java:108)
	at com.google.javascript.jscomp.ClosureReverseAbstractInterpreter.getPreciserScopeKnowingConditionOutcome(ClosureReverseAbstractInterpreter.java:223)
	at com.google.javascript.jscomp.ChainableReverseAbstractInterpreter.nextPreciserScopeKnowingConditionOutcome(ChainableReverseAbstractInterpreter.java:108)
	at com.google.javascript.jscomp.ClosureReverseAbstractInterpreter.getPreciserScopeKnowingConditionOutcome(ClosureReverseAbstractInterpreter.java:223)
	at com.google.javascript.jscomp.ChainableReverseAbstractInterpreter.nextPreciserScopeKnowingConditionOutcome(ChainableReverseAbstractInterpreter.java:108)
	at com.google.javascript.jscomp.ClosureReverseAbstractInterpreter.getPreciserScopeKnowingConditionOutcome(ClosureReverseAbstractInterpreter.java:223)
	at com.google.javascript.jscomp.ChainableReverseAbstractInterpreter.nextPreciserScopeKnowingConditionOutcome(ChainableReverseAbstractInterpreter.java:108)
	at com.google.javascript.jscomp.ClosureReverseAbstractInterpreter.getPreciserScopeKnowingConditionOutcome(ClosureReverseAbstractInterpreter.java:223)
	at com.google.javascript.jscomp.ChainableReverseAbstractInterpreter.nextPreciserScopeKnowingConditionOutcome(ChainableReverseAbstractInterpreter.java:108)
	at com.google.javascript.jscomp.ClosureReverseAbstractInterpreter.getPreciserScopeKnowingConditionOutcome(ClosureReverseAbstractInterpreter.java:223)
	at com.google.javascript.jscomp.ChainableReverseAbstractInterpreter.nextPreciserScopeKnowingConditionOutcome(ChainableReverseAbstractInterpreter.java:108)
	at com.google.javascript.jscomp.ClosureReverseAbstractInterpreter.getPreciserScopeKnowingConditionOutcome(ClosureReverseAbstractInterpreter.java:223)
	at com.google.javascript.jscomp.ChainableReverseAbstractInterpreter.nextPreciserScopeKnowingConditionOutcome(ChainableReverseAbstractInterpreter.java:108)
	at com.google.javascript.jscomp.ClosureReverseAbstractInterpreter.getPreciserScopeKnowingConditionOutcome(ClosureReverseAbstractInterpreter.java:223)
	at com.google.javascript.jscomp.ChainableReverseAbstractInterpreter.nextPreciserScopeKnowingConditionOutcome(ChainableReverseAbstractInterpreter.java:108)
	at com.google.javascript.jscomp.ClosureReverseAbstractInterpreter.getPreciserScopeKnowingConditionOutcome(ClosureReverseAbstractInterpreter.java:223)
	at com.google.javascript.jscomp.ChainableReverseAbstractInterpreter.nextPreciserScopeKnowingConditionOutcome(ChainableReverseAbstractInterpreter.java:108)
	at com.google.javascript.jscomp.ClosureReverseAbstractInterpreter.getPreciserScopeKnowingConditionOutcome(ClosureReverseAbstractInterpreter.java:223)
	at com.google.javascript.jscomp.ChainableReverseAbstractInterpreter.nextPreciserScopeKnowingConditionOutcome(ChainableReverseAbstractInterpreter.java:108)
	at com.google.javascript.jscomp.ClosureReverseAbstractInterpreter.getPreciserScopeKnowingConditionOutcome(ClosureReverseAbstractInterpreter.java:223)
	at com.google.javascript.jscomp.ChainableReverseAbstractInterpreter.nextPreciserScopeKnowingConditionOutcome(ChainableReverseAbstractInterpreter.java:108)
	at com.google.javascript.jscomp.ClosureReverseAbstractInterpreter.getPreciserScopeKnowingConditionOutcome(ClosureReverseAbstractInterpreter.java:223)
	at com.google.javascript.jscomp.ChainableReverseAbstractInterpreter.nextPreciserScopeKnowingConditionOutcome(ChainableReverseAbstractInterpreter.java:108)
	at com.google.javascript.jscomp.ClosureReverseAbstractInterpreter.getPreciserScopeKnowingConditionOutcome(ClosureReverseAbstractInterpreter.java:223)
	at com.google.javascript.jscomp.ChainableReverseAbstractInterpreter.nextPreciserScopeKnowingConditionOutcome(ChainableReverseAbstractInterpreter.java:108)
	at com.google.javascript.jscomp.ClosureReverseAbstractInterpreter.getPreciserScopeKnowingConditionOutcome(ClosureReverseAbstractInterpreter.java:223)
	at com.google.javascript.jscomp.ChainableReverseAbstractInterpreter.nextPreciserScopeKnowingConditionOutcome(ChainableReverseAbstractInterpreter.java:108)
	at com.google.javascript.jscomp.ClosureReverseAbstractInterpreter.getPreciserScopeKnowingConditionOutcome(ClosureReverseAbstractInterpreter.java:223)
	at com.google.javascript.jscomp.ChainableReverseAbstractInterpreter.nextPreciserScopeKnowingConditionOutcome(ChainableReverseAbstractInterpreter.java:108)
	at com.google.javascript.jscomp.ClosureReverseAbstractInterpreter.getPreciserScopeKnowingConditionOutcome(ClosureReverseAbstractInterpreter.java:223)
	at com.google.javascript.jscomp.ChainableReverseAbstractInterpreter.nextPreciserScopeKnowingConditionOutcome(ChainableReverseAbstractInterpreter.java:108)
	at com.google.javascript.jscomp.ClosureReverseAbstractInterpreter.getPreciserScopeKnowingConditionOutcome(ClosureReverseAbstractInterpreter.java:223)
	at com.google.javascript.jscomp.ChainableReverseAbstractInterpreter.nextPreciserScopeKnowingConditionOutcome(ChainableReverseAbstractInterpreter.java:108)
	at com.google.javascript.jscomp.ClosureReverseAbstractInterpreter.getPreciserScopeKnowingConditionOutcome(ClosureReverseAbstractInterpreter.java:223)
	at com.google.javascript.jscomp.ChainableReverseAbstractInterpreter.nextPreciserScopeKnowingConditionOutcome(ChainableReverseAbstractInterpreter.java:108)
	at com.google.javascript.jscomp.ClosureReverseAbstractInterpreter.getPreciserScopeKnowingConditionOutcome(ClosureReverseAbstractInterpreter.java:223)
	at com.google.javascript.jscomp.ChainableReverseAbstractInterpreter.nextPreciserScopeKnowingConditionOutcome(ChainableReverseAbstractInterpreter.java:108)
	at com.google.javascript.jscomp.ClosureReverseAbstractInterpreter.getPreciserScopeKnowingConditionOutcome(ClosureReverseAbstractInterpreter.java:223)
	at com.google.javascript.jscomp.ChainableReverseAbstractInterpreter.nextPreciserScopeKnowingConditionOutcome(ChainableReverseAbstractInterpreter.java:108)
	at com.google.javascript.jscomp.ClosureReverseAbstractInterpreter.getPreciserScopeKnowingConditionOutcome(ClosureReverseAbstractInterpreter.java:223)
	at com.google.javascript.jscomp.ChainableReverseAbstractInterpreter.nextPreciserScopeKnowingConditionOutcome(ChainableReverseAbstractInterpreter.java:108)
	at com.google.javascript.jscomp.ClosureReverseAbstractInterpreter.getPreciserScopeKnowingConditionOutcome(ClosureReverseAbstractInterpreter.java:223)
	at com.google.javascript.jscomp.ChainableReverseAbstractInterpreter.nextPreciserScopeKnowingConditionOutcome(ChainableReverseAbstractInterpreter.java:108)
	at com.google.javascript.jscomp.ClosureReverseAbstractInterpreter.getPreciserScopeKnowingConditionOutcome(ClosureReverseAbstractInterpreter.java:223)
	at com.google.javascript.jscomp.ChainableReverseAbstractInterpreter.nextPreciserScopeKnowingConditionOutcome(ChainableReverseAbstractInterpreter.java:108)
	at com.google.javascript.jscomp.ClosureReverseAbstractInterpreter.getPreciserScopeKnowingConditionOutcome(ClosureReverseAbstractInterpreter.java:223)
	at com.google.javascript.jscomp.ChainableReverseAbstractInterpreter.nextPreciserScopeKnowingConditionOutcome(ChainableReverseAbstractInterpreter.java:108)
	at com.google.javascript.jscomp.ClosureReverseAbstractInterpreter.getPreciserScopeKnowingConditionOutcome(ClosureReverseAbstractInterpreter.java:223)
	at com.google.javascript.jscomp.ChainableReverseAbstractInterpreter.nextPreciserScopeKnowingConditionOutcome(ChainableReverseAbstractInterpreter.java:108)
	at com.google.javascript.jscomp.ClosureReverseAbstractInterpreter.getPreciserScopeKnowingConditionOutcome(ClosureReverseAbstractInterpreter.java:223)
	at com.google.javascript.jscomp.ChainableReverseAbstractInterpreter.nextPreciserScopeKnowingConditionOutcome(ChainableReverseAbstractInterpreter.java:108)
	at com.google.javascript.jscomp.ClosureReverseAbstractInterpreter.getPreciserScopeKnowingConditionOutcome(ClosureReverseAbstractInterpreter.java:223)
	at com.google.javascript.jscomp.ChainableReverseAbstractInterpreter.nextPreciserScopeKnowingConditionOutcome(ChainableReverseAbstractInterpreter.java:108)
	at com.google.javascript.jscomp.ClosureReverseAbstractInterpreter.getPreciserScopeKnowingConditionOutcome(ClosureReverseAbstractInterpreter.java:223)
	at com.google.javascript.jscomp.ChainableReverseAbstractInterpreter.nextPreciserScopeKnowingConditionOutcome(ChainableReverseAbstractInterpreter.java:108)
	at com.google.javascript.jscomp.ClosureReverseAbstractInterpreter.getPreciserScopeKnowingConditionOutcome(ClosureReverseAbstractInterpreter.java:223)
	at com.google.javascript.jscomp.ChainableReverseAbstractInterpreter.nextPreciserScopeKnowingConditionOutcome(ChainableReverseAbstractInterpreter.java:108)
	at com.google.javascript.jscomp.ClosureReverseAbstractInterpreter.getPreciserScopeKnowingConditionOutcome(ClosureReverseAbstractInterpreter.java:223)
	at com.google.javascript.jscomp.ChainableReverseAbstractInterpreter.nextPreciserScopeKnowingConditionOutcome(ChainableReverseAbstractInterpreter.java:108)
	at com.google.javascript.jscomp.ClosureReverseAbstractInterpreter.getPreciserScopeKnowingConditionOutcome(ClosureReverseAbstractInterpreter.java:223)
	at com.google.javascript.jscomp.ChainableReverseAbstractInterpreter.nextPreciserScopeKnowingConditionOutcome(ChainableReverseAbstractInterpreter.java:108)
	at com.google.javascript.jscomp.ClosureReverseAbstractInterpreter.getPreciserScopeKnowingConditionOutcome(ClosureReverseAbstractInterpreter.java:223)
	at com.google.javascript.jscomp.ChainableReverseAbstractInterpreter.nextPreciserScopeKnowingConditionOutcome(ChainableReverseAbstractInterpreter.java:108)
	at com.google.javascript.jscomp.ClosureReverseAbstractInterpreter.getPreciserScopeKnowingConditionOutcome(ClosureReverseAbstractInterpreter.java:223)
	at com.google.javascript.jscomp.ChainableReverseAbstractInterpreter.nextPreciserScopeKnowingConditionOutcome(ChainableReverseAbstractInterpreter.java:108)
	at com.google.javascript.jscomp.ClosureReverseAbstractInterpreter.getPreciserScopeKnowingConditionOutcome(ClosureReverseAbstractInterpreter.java:223)
	at com.google.javascript.jscomp.ChainableReverseAbstractInterpreter.nextPreciserScopeKnowingConditionOutcome(ChainableReverseAbstractInterpreter.java:108)
	at com.google.javascript.jscomp.ClosureReverseAbstractInterpreter.getPreciserScopeKnowingConditionOutcome(ClosureReverseAbstractInterpreter.java:223)
	at com.google.javascript.jscomp.ChainableReverseAbstractInterpreter.nextPreciserScopeKnowingConditionOutcome(ChainableReverseAbstractInterpreter.java:108)
	at com.google.javascript.jscomp.ClosureReverseAbstractInterpreter.getPreciserScopeKnowingConditionOutcome(ClosureReverseAbstractInterpreter.java:223)
	at com.google.javascript.jscomp.ChainableReverseAbstractInterpreter.nextPreciserScopeKnowingConditionOutcome(ChainableReverseAbstractInterpreter.java:108)
	at com.google.javascript.jscomp.ClosureReverseAbstractInterpreter.getPreciserScopeKnowingConditionOutcome(ClosureReverseAbstractInterpreter.java:223)
	at com.google.javascript.jscomp.ChainableReverseAbstractInterpreter.nextPreciserScopeKnowingConditionOutcome(ChainableReverseAbstractInterpreter.java:108)
	at com.google.javascript.jscomp.ClosureReverseAbstractInterpreter.getPreciserScopeKnowingConditionOutcome(ClosureReverseAbstractInterpreter.java:223)
	at com.google.javascript.jscomp.ChainableReverseAbstractInterpreter.nextPreciserScopeKnowingConditionOutcome(ChainableReverseAbstractInterpreter.java:108)
	at com.google.javascript.jscomp.ClosureReverseAbstractInterpreter.getPreciserScopeKnowingConditionOutcome(ClosureReverseAbstractInterpreter.java:223)
	at com.google.javascript.jscomp.ChainableReverseAbstractInterpreter.nextPreciserScopeKnowingConditionOutcome(ChainableReverseAbstractInterpreter.java:108)
	at com.google.javascript.jscomp.ClosureReverseAbstractInterpreter.getPreciserScopeKnowingConditionOutcome(ClosureReverseAbstractInterpreter.java:223)
	at com.google.javascript.jscomp.ChainableReverseAbstractInterpreter.nextPreciserScopeKnowingConditionOutcome(ChainableReverseAbstractInterpreter.java:108)
	at com.google.javascript.jscomp.ClosureReverseAbstractInterpreter.getPreciserScopeKnowingConditionOutcome(ClosureReverseAbstractInterpreter.java:223)
	at com.google.javascript.jscomp.ChainableReverseAbstractInterpreter.nextPreciserScopeKnowingConditionOutcome(ChainableReverseAbstractInterpreter.java:108)
	at com.google.javascript.jscomp.ClosureReverseAbstractInterpreter.getPreciserScopeKnowingConditionOutcome(ClosureReverseAbstractInterpreter.java:223)
	at com.google.javascript.jscomp.ChainableReverseAbstractInterpreter.nextPreciserScopeKnowingConditionOutcome(ChainableReverseAbstractInterpreter.java:108)
	at com.google.javascript.jscomp.ClosureReverseAbstractInterpreter.getPreciserScopeKnowingConditionOutcome(ClosureReverseAbstractInterpreter.java:223)
	at com.google.javascript.jscomp.ChainableReverseAbstractInterpreter.nextPreciserScopeKnowingConditionOutcome(ChainableReverseAbstractInterpreter.java:108)
	at com.google.javascript.jscomp.ClosureReverseAbstractInterpreter.getPreciserScopeKnowingConditionOutcome(ClosureReverseAbstractInterpreter.java:223)
	at com.google.javascript.jscomp.ChainableReverseAbstractInterpreter.nextPreciserScopeKnowingConditionOutcome(ChainableReverseAbstractInterpreter.java:108)
	at com.google.javascript.jscomp.ClosureReverseAbstractInterpreter.getPreciserScopeKnowingConditionOutcome(ClosureReverseAbstractInterpreter.java:223)
	at com.google.javascript.jscomp.ChainableReverseAbstractInterpreter.nextPreciserScopeKnowingConditionOutcome(ChainableReverseAbstractInterpreter.java:108)
	at com.google.javascript.jscomp.ClosureReverseAbstractInterpreter.getPreciserScopeKnowingConditionOutcome(ClosureReverseAbstractInterpreter.java:223)
	at com.google.javascript.jscomp.ChainableReverseAbstractInterpreter.nextPreciserScopeKnowingConditionOutcome(ChainableReverseAbstractInterpreter.java:108)
	at com.google.javascript.jscomp.ClosureReverseAbstractInterpreter.getPreciserScopeKnowingConditionOutcome(ClosureReverseAbstractInterpreter.java:223)
	at com.google.javascript.jscomp.ChainableReverseAbstractInterpreter.nextPreciserScopeKnowingConditionOutcome(ChainableReverseAbstractInterpreter.java:108)
	at com.google.javascript.jscomp.ClosureReverseAbstractInterpreter.getPreciserScopeKnowingConditionOutcome(ClosureReverseAbstractInterpreter.java:223)
	at com.google.javascript.jscomp.ChainableReverseAbstractInterpreter.nextPreciserScopeKnowingConditionOutcome(ChainableReverseAbstractInterpreter.java:108)
	at com.google.javascript.jscomp.ClosureReverseAbstractInterpreter.getPreciserScopeKnowingConditionOutcome(ClosureReverseAbstractInterpreter.java:223)
	at com.google.javascript.jscomp.ChainableReverseAbstractInterpreter.nextPreciserScopeKnowingConditionOutcome(ChainableReverseAbstractInterpreter.java:108)
	at com.google.javascript.jscomp.ClosureReverseAbstractInterpreter.getPreciserScopeKnowingConditionOutcome(ClosureReverseAbstractInterpreter.java:223)
	at com.google.javascript.jscomp.ChainableReverseAbstractInterpreter.nextPreciserScopeKnowingConditionOutcome(ChainableReverseAbstractInterpreter.java:108)
	at com.google.javascript.jscomp.ClosureReverseAbstractInterpreter.getPreciserScopeKnowingConditionOutcome(ClosureReverseAbstractInterpreter.java:223)
	at com.google.javascript.jscomp.ChainableReverseAbstractInterpreter.nextPreciserScopeKnowingConditionOutcome(ChainableReverseAbstractInterpreter.java:108)
	at com.google.javascript.jscomp.ClosureReverseAbstractInterpreter.getPreciserScopeKnowingConditionOutcome(ClosureReverseAbstractInterpreter.java:223)
	at com.google.javascript.jscomp.ChainableReverseAbstractInterpreter.nextPreciserScopeKnowingConditionOutcome(ChainableReverseAbstractInterpreter.java:108)
	at com.google.javascript.jscomp.ClosureReverseAbstractInterpreter.getPreciserScopeKnowingConditionOutcome(ClosureReverseAbstractInterpreter.java:223)
	at com.google.javascript.jscomp.ChainableReverseAbstractInterpreter.nextPreciserScopeKnowingConditionOutcome(ChainableReverseAbstractInterpreter.java:108)
	at com.google.javascript.jscomp.ClosureReverseAbstractInterpreter.getPreciserScopeKnowingConditionOutcome(ClosureReverseAbstractInterpreter.java:223)
	at com.google.javascript.jscomp.ChainableReverseAbstractInterpreter.nextPreciserScopeKnowingConditionOutcome(ChainableReverseAbstractInterpreter.java:108)
	at com.google.javascript.jscomp.ClosureReverseAbstractInterpreter.getPreciserScopeKnowingConditionOutcome(ClosureReverseAbstractInterpreter.java:223)
	at com.google.javascript.jscomp.ChainableReverseAbstractInterpreter.nextPreciserScopeKnowingConditionOutcome(ChainableReverseAbstractInterpreter.java:108)
	at com.google.javascript.jscomp.ClosureReverseAbstractInterpreter.getPreciserScopeKnowingConditionOutcome(ClosureReverseAbstractInterpreter.java:223)
	at com.google.javascript.jscomp.ChainableReverseAbstractInterpreter.nextPreciserScopeKnowingConditionOutcome(ChainableReverseAbstractInterpreter.java:108)
	at com.google.javascript.jscomp.ClosureReverseAbstractInterpreter.getPreciserScopeKnowingConditionOutcome(ClosureReverseAbstractInterpreter.java:223)
	at com.google.javascript.jscomp.ChainableReverseAbstractInterpreter.nextPreciserScopeKnowingConditionOutcome(ChainableReverseAbstractInterpreter.java:108)
	at com.google.javascript.jscomp.ClosureReverseAbstractInterpreter.getPreciserScopeKnowingConditionOutcome(ClosureReverseAbstractInterpreter.java:223)
	at com.google.javascript.jscomp.ChainableReverseAbstractInterpreter.nextPreciserScopeKnowingConditionOutcome(ChainableReverseAbstractInterpreter.java:108)
	at com.google.javascript.jscomp.ClosureReverseAbstractInterpreter.getPreciserScopeKnowingConditionOutcome(ClosureReverseAbstractInterpreter.java:223)
	at com.google.javascript.jscomp.ChainableReverseAbstractInterpreter.nextPreciserScopeKnowingConditionOutcome(ChainableReverseAbstractInterpreter.java:108)
	at com.google.javascript.jscomp.ClosureReverseAbstractInterpreter.getPreciserScopeKnowingConditionOutcome(ClosureReverseAbstractInterpreter.java:223)
	at com.google.javascript.jscomp.ChainableReverseAbstractInterpreter.nextPreciserScopeKnowingConditionOutcome(ChainableReverseAbstractInterpreter.java:108)
	at com.google.javascript.jscomp.ClosureReverseAbstractInterpreter.getPreciserScopeKnowingConditionOutcome(ClosureReverseAbstractInterpreter.java:223)
	at com.google.javascript.jscomp.ChainableReverseAbstractInterpreter.nextPreciserScopeKnowingConditionOutcome(ChainableReverseAbstractInterpreter.java:108)
	at com.google.javascript.jscomp.ClosureReverseAbstractInterpreter.getPreciserScopeKnowingConditionOutcome(ClosureReverseAbstractInterpreter.java:223)
	at com.google.javascript.jscomp.ChainableReverseAbstractInterpreter.nextPreciserScopeKnowingConditionOutcome(ChainableReverseAbstractInterpreter.java:108)
	at com.google.javascript.jscomp.ClosureReverseAbstractInterpreter.getPreciserScopeKnowingConditionOutcome(ClosureReverseAbstractInterpreter.java:223)
	at com.google.javascript.jscomp.ChainableReverseAbstractInterpreter.nextPreciserScopeKnowingConditionOutcome(ChainableReverseAbstractInterpreter.java:108)
	at com.google.javascript.jscomp.ClosureReverseAbstractInterpreter.getPreciserScopeKnowingConditionOutcome(ClosureReverseAbstractInterpreter.java:223)
	at com.google.javascript.jscomp.ChainableReverseAbstractInterpreter.nextPreciserScopeKnowingConditionOutcome(ChainableReverseAbstractInterpreter.java:108)
	at com.google.javascript.jscomp.ClosureReverseAbstractInterpreter.getPreciserScopeKnowingConditionOutcome(ClosureReverseAbstractInterpreter.java:223)
	at com.google.javascript.jscomp.ChainableReverseAbstractInterpreter.nextPreciserScopeKnowingConditionOutcome(ChainableReverseAbstractInterpreter.java:108)
	at com.google.javascript.jscomp.ClosureReverseAbstractInterpreter.getPreciserScopeKnowingConditionOutcome(ClosureReverseAbstractInterpreter.java:223)
	at com.google.javascript.jscomp.ChainableReverseAbstractInterpreter.nextPreciserScopeKnowingConditionOutcome(ChainableReverseAbstractInterpreter.java:108)
	at com.google.javascript.jscomp.ClosureReverseAbstractInterpreter.getPreciserScopeKnowingConditionOutcome(ClosureReverseAbstractInterpreter.java:223)
	at com.google.javascript.jscomp.ChainableReverseAbstractInterpreter.nextPreciserScopeKnowingConditionOutcome(ChainableReverseAbstractInterpreter.java:108)
	at com.google.javascript.jscomp.ClosureReverseAbstractInterpreter.getPreciserScopeKnowingConditionOutcome(ClosureReverseAbstractInterpreter.java:223)
	at com.google.javascript.jscomp.ChainableReverseAbstractInterpreter.nextPreciserScopeKnowingConditionOutcome(ChainableReverseAbstractInterpreter.java:108)
	at com.google.javascript.jscomp.ClosureReverseAbstractInterpreter.getPreciserScopeKnowingConditionOutcome(ClosureReverseAbstractInterpreter.java:223)
	at com.google.javascript.jscomp.ChainableReverseAbstractInterpreter.nextPreciserScopeKnowingConditionOutcome(ChainableReverseAbstractInterpreter.java:108)
	at com.google.javascript.jscomp.ClosureReverseAbstractInterpreter.getPreciserScopeKnowingConditionOutcome(ClosureReverseAbstractInterpreter.java:223)
	at com.google.javascript.jscomp.ChainableReverseAbstractInterpreter.nextPreciserScopeKnowingConditionOutcome(ChainableReverseAbstractInterpreter.java:108)
	at com.google.javascript.jscomp.ClosureReverseAbstractInterpreter.getPreciserScopeKnowingConditionOutcome(ClosureReverseAbstractInterpreter.java:223)
	at com.google.javascript.jscomp.ChainableReverseAbstractInterpreter.nextPreciserScopeKnowingConditionOutcome(ChainableReverseAbstractInterpreter.java:108)
	at com.google.javascript.jscomp.ClosureReverseAbstractInterpreter.getPreciserScopeKnowingConditionOutcome(ClosureReverseAbstractInterpreter.java:223)
	at com.google.javascript.jscomp.ChainableReverseAbstractInterpreter.nextPreciserScopeKnowingConditionOutcome(ChainableReverseAbstractInterpreter.java:108)
	at com.google.javascript.jscomp.ClosureReverseAbstractInterpreter.getPreciserScopeKnowingConditionOutcome(ClosureReverseAbstractInterpreter.java:223)
	at com.google.javascript.jscomp.ChainableReverseAbstractInterpreter.nextPreciserScopeKnowingConditionOutcome(ChainableReverseAbstractInterpreter.java:108)
	at com.google.javascript.jscomp.ClosureReverseAbstractInterpreter.getPreciserScopeKnowingConditionOutcome(ClosureReverseAbstractInterpreter.java:223)
	at com.google.javascript.jscomp.ChainableReverseAbstractInterpreter.nextPreciserScopeKnowingConditionOutcome(ChainableReverseAbstractInterpreter.java:108)
	at com.google.javascript.jscomp.ClosureReverseAbstractInterpreter.getPreciserScopeKnowingConditionOutcome(ClosureReverseAbstractInterpreter.java:223)
	at com.google.javascript.jscomp.ChainableReverseAbstractInterpreter.nextPreciserScopeKnowingConditionOutcome(ChainableReverseAbstractInterpreter.java:108)
	at com.google.javascript.jscomp.ClosureReverseAbstractInterpreter.getPreciserScopeKnowingConditionOutcome(ClosureReverseAbstractInterpreter.java:223)
	at com.google.javascript.jscomp.ChainableReverseAbstractInterpreter.nextPreciserScopeKnowingConditionOutcome(ChainableReverseAbstractInterpreter.java:108)
	at com.google.javascript.jscomp.ClosureReverseAbstractInterpreter.getPreciserScopeKnowingConditionOutcome(ClosureReverseAbstractInterpreter.java:223)
	at com.google.javascript.jscomp.ChainableReverseAbstractInterpreter.nextPreciserScopeKnowingConditionOutcome(ChainableReverseAbstractInterpreter.java:108)
	at com.google.javascript.jscomp.ClosureReverseAbstractInterpreter.getPreciserScopeKnowingConditionOutcome(ClosureReverseAbstractInterpreter.java:223)
	at com.google.javascript.jscomp.ChainableReverseAbstractInterpreter.nextPreciserScopeKnowingConditionOutcome(ChainableReverseAbstractInterpreter.java:108)
	at com.google.javascript.jscomp.ClosureReverseAbstractInterpreter.getPreciserScopeKnowingConditionOutcome(ClosureReverseAbstractInterpreter.java:223)
	at com.google.javascript.jscomp.ChainableReverseAbstractInterpreter.nextPreciserScopeKnowingConditionOutcome(ChainableReverseAbstractInterpreter.java:108)
	at com.google.javascript.jscomp.ClosureReverseAbstractInterpreter.getPreciserScopeKnowingConditionOutcome(ClosureReverseAbstractInterpreter.java:223)
	at com.google.javascript.jscomp.ChainableReverseAbstractInterpreter.nextPreciserScopeKnowingConditionOutcome(ChainableReverseAbstractInterpreter.java:108)
	at com.google.javascript.jscomp.ClosureReverseAbstractInterpreter.getPreciserScopeKnowingConditionOutcome(ClosureReverseAbstractInterpreter.java:223)
	at com.google.javascript.jscomp.ChainableReverseAbstractInterpreter.nextPreciserScopeKnowingConditionOutcome(ChainableReverseAbstractInterpreter.java:108)
	at com.google.javascript.jscomp.ClosureReverseAbstractInterpreter.getPreciserScopeKnowingConditionOutcome(ClosureReverseAbstractInterpreter.java:223)
	at com.google.javascript.jscomp.ChainableReverseAbstractInterpreter.nextPreciserScopeKnowingConditionOutcome(ChainableReverseAbstractInterpreter.java:108)
	at com.google.javascript.jscomp.ClosureReverseAbstractInterpreter.getPreciserScopeKnowingConditionOutcome(ClosureReverseAbstractInterpreter.java:223)
	at com.google.javascript.jscomp.ChainableReverseAbstractInterpreter.nextPreciserScopeKnowingConditionOutcome(ChainableReverseAbstractInterpreter.java:108)
	at com.google.javascript.jscomp.ClosureReverseAbstractInterpreter.getPreciserScopeKnowingConditionOutcome(ClosureReverseAbstractInterpreter.java:223)
	at com.google.javascript.jscomp.ChainableReverseAbstractInterpreter.nextPreciserScopeKnowingConditionOutcome(ChainableReverseAbstractInterpreter.java:108)
	at com.google.javascript.jscomp.ClosureReverseAbstractInterpreter.getPreciserScopeKnowingConditionOutcome(ClosureReverseAbstractInterpreter.java:223)
	at com.google.javascript.jscomp.ChainableReverseAbstractInterpreter.nextPreciserScopeKnowingConditionOutcome(ChainableReverseAbstractInterpreter.java:108)
	at com.google.javascript.jscomp.ClosureReverseAbstractInterpreter.getPreciserScopeKnowingConditionOutcome(ClosureReverseAbstractInterpreter.java:223)
	at com.google.javascript.jscomp.ChainableReverseAbstractInterpreter.nextPreciserScopeKnowingConditionOutcome(ChainableReverseAbstractInterpreter.java:108)
	at com.google.javascript.jscomp.ClosureReverseAbstractInterpreter.getPreciserScopeKnowingConditionOutcome(ClosureReverseAbstractInterpreter.java:223)
	at com.google.javascript.jscomp.ChainableReverseAbstractInterpreter.nextPreciserScopeKnowingConditionOutcome(ChainableReverseAbstractInterpreter.java:108)
	at com.google.javascript.jscomp.ClosureReverseAbstractInterpreter.getPreciserScopeKnowingConditionOutcome(ClosureReverseAbstractInterpreter.java:223)
	at com.google.javascript.jscomp.ChainableReverseAbstractInterpreter.nextPreciserScopeKnowingConditionOutcome(ChainableReverseAbstractInterpreter.java:108)
	at com.google.javascript.jscomp.ClosureReverseAbstractInterpreter.getPreciserScopeKnowingConditionOutcome(ClosureReverseAbstractInterpreter.java:223)
	at com.google.javascript.jscomp.ChainableReverseAbstractInterpreter.nextPreciserScopeKnowingConditionOutcome(ChainableReverseAbstractInterpreter.java:108)
	at com.google.javascript.jscomp.ClosureReverseAbstractInterpreter.getPreciserScopeKnowingConditionOutcome(ClosureReverseAbstractInterpreter.java:223)
	at com.google.javascript.jscomp.ChainableReverseAbstractInterpreter.nextPreciserScopeKnowingConditionOutcome(ChainableReverseAbstractInterpreter.java:108)
	at com.google.javascript.jscomp.ClosureReverseAbstractInterpreter.getPreciserScopeKnowingConditionOutcome(ClosureReverseAbstractInterpreter.java:223)
	at com.google.javascript.jscomp.ChainableReverseAbstractInterpreter.nextPreciserScopeKnowingConditionOutcome(ChainableReverseAbstractInterpreter.java:108)
	at com.google.javascript.jscomp.ClosureReverseAbstractInterpreter.getPreciserScopeKnowingConditionOutcome(ClosureReverseAbstractInterpreter.java:223)
	at com.google.javascript.jscomp.ChainableReverseAbstractInterpreter.nextPreciserScopeKnowingConditionOutcome(ChainableReverseAbstractInterpreter.java:108)
	at com.google.javascript.jscomp.ClosureReverseAbstractInterpreter.getPreciserScopeKnowingConditionOutcome(ClosureReverseAbstractInterpreter.java:223)
	at com.google.javascript.jscomp.ChainableReverseAbstractInterpreter.nextPreciserScopeKnowingConditionOutcome(ChainableReverseAbstractInterpreter.java:108)
	at com.google.javascript.jscomp.ClosureReverseAbstractInterpreter.getPreciserScopeKnowingConditionOutcome(ClosureReverseAbstractInterpreter.java:223)
	at com.google.javascript.jscomp.ChainableReverseAbstractInterpreter.nextPreciserScopeKnowingConditionOutcome(ChainableReverseAbstractInterpreter.java:108)
	at com.google.javascript.jscomp.ClosureReverseAbstractInterpreter.getPreciserScopeKnowingConditionOutcome(ClosureReverseAbstractInterpreter.java:223)
	at com.google.javascript.jscomp.ChainableReverseAbstractInterpreter.nextPreciserScopeKnowingConditionOutcome(ChainableReverseAbstractInterpreter.java:108)
	at com.google.javascript.jscomp.ClosureReverseAbstractInterpreter.getPreciserScopeKnowingConditionOutcome(ClosureReverseAbstractInterpreter.java:223)
	at com.google.javascript.jscomp.ChainableReverseAbstractInterpreter.nextPreciserScopeKnowingConditionOutcome(ChainableReverseAbstractInterpreter.java:108)
	at com.google.javascript.jscomp.ClosureReverseAbstractInterpreter.getPreciserScopeKnowingConditionOutcome(ClosureReverseAbstractInterpreter.java:223)
	at com.google.javascript.jscomp.ChainableReverseAbstractInterpreter.nextPreciserScopeKnowingConditionOutcome(ChainableReverseAbstractInterpreter.java:108)
	at com.google.javascript.jscomp.ClosureReverseAbstractInterpreter.getPreciserScopeKnowingConditionOutcome(ClosureReverseAbstractInterpreter.java:223)
	at com.google.javascript.jscomp.ChainableReverseAbstractInterpreter.nextPreciserScopeKnowingConditionOutcome(ChainableReverseAbstractInterpreter.java:108)
	at com.google.javascript.jscomp.ClosureReverseAbstractInterpreter.getPreciserScopeKnowingConditionOutcome(ClosureReverseAbstractInterpreter.java:223)
	at com.google.javascript.jscomp.ChainableReverseAbstractInterpreter.nextPreciserScopeKnowingConditionOutcome(ChainableReverseAbstractInterpreter.java:108)
	at com.google.javascript.jscomp.ClosureReverseAbstractInterpreter.getPreciserScopeKnowingConditionOutcome(ClosureReverseAbstractInterpreter.java:223)
	at com.google.javascript.jscomp.ChainableReverseAbstractInterpreter.nextPreciserScopeKnowingConditionOutcome(ChainableReverseAbstractInterpreter.java:108)
	at com.google.javascript.jscomp.ClosureReverseAbstractInterpreter.getPreciserScopeKnowingConditionOutcome(ClosureReverseAbstractInterpreter.java:223)
	at com.google.javascript.jscomp.ChainableReverseAbstractInterpreter.nextPreciserScopeKnowingConditionOutcome(ChainableReverseAbstractInterpreter.java:108)
	at com.google.javascript.jscomp.ClosureReverseAbstractInterpreter.getPreciserScopeKnowingConditionOutcome(ClosureReverseAbstractInterpreter.java:223)
	at com.google.javascript.jscomp.ChainableReverseAbstractInterpreter.nextPreciserScopeKnowingConditionOutcome(ChainableReverseAbstractInterpreter.java:108)
	at com.google.javascript.jscomp.ClosureReverseAbstractInterpreter.getPreciserScopeKnowingConditionOutcome(ClosureReverseAbstractInterpreter.java:223)
	at com.google.javascript.jscomp.ChainableReverseAbstractInterpreter.nextPreciserScopeKnowingConditionOutcome(ChainableReverseAbstractInterpreter.java:108)
	at com.google.javascript.jscomp.ClosureReverseAbstractInterpreter.getPreciserScopeKnowingConditionOutcome(ClosureReverseAbstractInterpreter.java:223)
	at com.google.javascript.jscomp.ChainableReverseAbstractInterpreter.nextPreciserScopeKnowingConditionOutcome(ChainableReverseAbstractInterpreter.java:108)
	at com.google.javascript.jscomp.ClosureReverseAbstractInterpreter.getPreciserScopeKnowingConditionOutcome(ClosureReverseAbstractInterpreter.java:223)
	at com.google.javascript.jscomp.ChainableReverseAbstractInterpreter.nextPreciserScopeKnowingConditionOutcome(ChainableReverseAbstractInterpreter.java:108)
	at com.google.javascript.jscomp.ClosureReverseAbstractInterpreter.getPreciserScopeKnowingConditionOutcome(ClosureReverseAbstractInterpreter.java:223)
	at com.google.javascript.jscomp.ChainableReverseAbstractInterpreter.nextPreciserScopeKnowingConditionOutcome(ChainableReverseAbstractInterpreter.java:108)
	at com.google.javascript.jscomp.ClosureReverseAbstractInterpreter.getPreciserScopeKnowingConditionOutcome(ClosureReverseAbstractInterpreter.java:223)
	at com.google.javascript.jscomp.ChainableReverseAbstractInterpreter.nextPreciserScopeKnowingConditionOutcome(ChainableReverseAbstractInterpreter.java:108)
	at com.google.javascript.jscomp.ClosureReverseAbstractInterpreter.getPreciserScopeKnowingConditionOutcome(ClosureReverseAbstractInterpreter.java:223)
	at com.google.javascript.jscomp.ChainableReverseAbstractInterpreter.nextPreciserScopeKnowingConditionOutcome(ChainableReverseAbstractInterpreter.java:108)
	at com.google.javascript.jscomp.ClosureReverseAbstractInterpreter.getPreciserScopeKnowingConditionOutcome(ClosureReverseAbstractInterpreter.java:223)
	at com.google.javascript.jscomp.ChainableReverseAbstractInterpreter.nextPreciserScopeKnowingConditionOutcome(ChainableReverseAbstractInterpreter.java:108)
	at com.google.javascript.jscomp.ClosureReverseAbstractInterpreter.getPreciserScopeKnowingConditionOutcome(ClosureReverseAbstractInterpreter.java:223)
	at com.google.javascript.jscomp.ChainableReverseAbstractInterpreter.nextPreciserScopeKnowingConditionOutcome(ChainableReverseAbstractInterpreter.java:108)
	at com.google.javascript.jscomp.ClosureReverseAbstractInterpreter.getPreciserScopeKnowingConditionOutcome(ClosureReverseAbstractInterpreter.java:223)
	at com.google.javascript.jscomp.ChainableReverseAbstractInterpreter.nextPreciserScopeKnowingConditionOutcome(ChainableReverseAbstractInterpreter.java:108)
	at com.google.javascript.jscomp.ClosureReverseAbstractInterpreter.getPreciserScopeKnowingConditionOutcome(ClosureReverseAbstractInterpreter.java:223)
	at com.google.javascript.jscomp.ChainableReverseAbstractInterpreter.nextPreciserScopeKnowingConditionOutcome(ChainableReverseAbstractInterpreter.java:108)
	at com.google.javascript.jscomp.ClosureReverseAbstractInterpreter.getPreciserScopeKnowingConditionOutcome(ClosureReverseAbstractInterpreter.java:223)
	at com.google.javascript.jscomp.ChainableReverseAbstractInterpreter.nextPreciserScopeKnowingConditionOutcome(ChainableReverseAbstractInterpreter.java:108)
	at com.google.javascript.jscomp.ClosureReverseAbstractInterpreter.getPreciserScopeKnowingConditionOutcome(ClosureReverseAbstractInterpreter.java:223)
	at com.google.javascript.jscomp.ChainableReverseAbstractInterpreter.nextPreciserScopeKnowingConditionOutcome(ChainableReverseAbstractInterpreter.java:108)
	at com.google.javascript.jscomp.ClosureReverseAbstractInterpreter.getPreciserScopeKnowingConditionOutcome(ClosureReverseAbstractInterpreter.java:223)
	at com.google.javascript.jscomp.ChainableReverseAbstractInterpreter.nextPreciserScopeKnowingConditionOutcome(ChainableReverseAbstractInterpreter.java:108)
	at com.google.javascript.jscomp.ClosureReverseAbstractInterpreter.getPreciserScopeKnowingConditionOutcome(ClosureReverseAbstractInterpreter.java:223)
	at com.google.javascript.jscomp.ChainableReverseAbstractInterpreter.nextPreciserScopeKnowingConditionOutcome(ChainableReverseAbstractInterpreter.java:108)
	at com.google.javascript.jscomp.ClosureReverseAbstractInterpreter.getPreciserScopeKnowingConditionOutcome(ClosureReverseAbstractInterpreter.java:223)
	at com.google.javascript.jscomp.ChainableReverseAbstractInterpreter.nextPreciserScopeKnowingConditionOutcome(ChainableReverseAbstractInterpreter.java:108)
	at com.google.javascript.jscomp.ClosureReverseAbstractInterpreter.getPreciserScopeKnowingConditionOutcome(ClosureReverseAbstractInterpreter.java:223)
	at com.google.javascript.jscomp.ChainableReverseAbstractInterpreter.nextPreciserScopeKnowingConditionOutcome(ChainableReverseAbstractInterpreter.java:108)
	at com.google.javascript.jscomp.ClosureReverseAbstractInterpreter.getPreciserScopeKnowingConditionOutcome(ClosureReverseAbstractInterpreter.java:223)
	at com.google.javascript.jscomp.ChainableReverseAbstractInterpreter.nextPreciserScopeKnowingConditionOutcome(ChainableReverseAbstractInterpreter.java:108)
	at com.google.javascript.jscomp.ClosureReverseAbstractInterpreter.getPreciserScopeKnowingConditionOutcome(ClosureReverseAbstractInterpreter.java:223)
	at com.google.javascript.jscomp.ChainableReverseAbstractInterpreter.nextPreciserScopeKnowingConditionOutcome(ChainableReverseAbstractInterpreter.java:108)
	at com.google.javascript.jscomp.ClosureReverseAbstractInterpreter.getPreciserScopeKnowingConditionOutcome(ClosureReverseAbstractInterpreter.java:223)
	at com.google.javascript.jscomp.ChainableReverseAbstractInterpreter.nextPreciserScopeKnowingConditionOutcome(ChainableReverseAbstractInterpreter.java:108)
	at com.google.javascript.jscomp.ClosureReverseAbstractInterpreter.getPreciserScopeKnowingConditionOutcome(ClosureReverseAbstractInterpreter.java:223)
	at com.google.javascript.jscomp.ChainableReverseAbstractInterpreter.nextPreciserScopeKnowingConditionOutcome(ChainableReverseAbstractInterpreter.java:108)
	at com.google.javascript.jscomp.ClosureReverseAbstractInterpreter.getPreciserScopeKnowingConditionOutcome(ClosureReverseAbstractInterpreter.java:223)
	at com.google.javascript.jscomp.ChainableReverseAbstractInterpreter.nextPreciserScopeKnowingConditionOutcome(ChainableReverseAbstractInterpreter.java:108)
	at com.google.javascript.jscomp.ClosureReverseAbstractInterpreter.getPreciserScopeKnowingConditionOutcome(ClosureReverseAbstractInterpreter.java:223)
	at com.google.javascript.jscomp.ChainableReverseAbstractInterpreter.nextPreciserScopeKnowingConditionOutcome(ChainableReverseAbstractInterpreter.java:108)
	at com.google.javascript.jscomp.ClosureReverseAbstractInterpreter.getPreciserScopeKnowingConditionOutcome(ClosureReverseAbstractInterpreter.java:223)
	at com.google.javascript.jscomp.ChainableReverseAbstractInterpreter.nextPreciserScopeKnowingConditionOutcome(ChainableReverseAbstractInterpreter.java:108)
	at com.google.javascript.jscomp.ClosureReverseAbstractInterpreter.getPreciserScopeKnowingConditionOutcome(ClosureReverseAbstractInterpreter.java:223)
	at com.google.javascript.jscomp.ChainableReverseAbstractInterpreter.nextPreciserScopeKnowingConditionOutcome(ChainableReverseAbstractInterpreter.java:108)
	at com.google.javascript.jscomp.ClosureReverseAbstractInterpreter.getPreciserScopeKnowingConditionOutcome(ClosureReverseAbstractInterpreter.java:223)
	at com.google.javascript.jscomp.ChainableReverseAbstractInterpreter.nextPreciserScopeKnowingConditionOutcome(ChainableReverseAbstractInterpreter.java:108)
	at com.google.javascript.jscomp.ClosureReverseAbstractInterpreter.getPreciserScopeKnowingConditionOutcome(ClosureReverseAbstractInterpreter.java:223)
	at com.google.javascript.jscomp.ChainableReverseAbstractInterpreter.nextPreciserScopeKnowingConditionOutcome(ChainableReverseAbstractInterpreter.java:108)
	at com.google.javascript.jscomp.ClosureReverseAbstractInterpreter.getPreciserScopeKnowingConditionOutcome(ClosureReverseAbstractInterpreter.java:223)
	at com.google.javascript.jscomp.ChainableReverseAbstractInterpreter.nextPreciserScopeKnowingConditionOutcome(ChainableReverseAbstractInterpreter.java:108)
	at com.google.javascript.jscomp.ClosureReverseAbstractInterpreter.getPreciserScopeKnowingConditionOutcome(ClosureReverseAbstractInterpreter.java:223)
	at com.google.javascript.jscomp.ChainableReverseAbstractInterpreter.nextPreciserScopeKnowingConditionOutcome(ChainableReverseAbstractInterpreter.java:108)
	at com.google.javascript.jscomp.ClosureReverseAbstractInterpreter.getPreciserScopeKnowingConditionOutcome(ClosureReverseAbstractInterpreter.java:223)
	at com.google.javascript.jscomp.ChainableReverseAbstractInterpreter.nextPreciserScopeKnowingConditionOutcome(ChainableReverseAbstractInterpreter.java:108)
	at com.google.javascript.jscomp.ClosureReverseAbstractInterpreter.getPreciserScopeKnowingConditionOutcome(ClosureReverseAbstractInterpreter.java:223)
	at com.google.javascript.jscomp.ChainableReverseAbstractInterpreter.nextPreciserScopeKnowingConditionOutcome(ChainableReverseAbstractInterpreter.java:108)
	at com.google.javascript.jscomp.ClosureReverseAbstractInterpreter.getPreciserScopeKnowingConditionOutcome(ClosureReverseAbstractInterpreter.java:223)
	at com.google.javascript.jscomp.ChainableReverseAbstractInterpreter.nextPreciserScopeKnowingConditionOutcome(ChainableReverseAbstractInterpreter.java:108)
	at com.google.javascript.jscomp.ClosureReverseAbstractInterpreter.getPreciserScopeKnowingConditionOutcome(ClosureReverseAbstractInterpreter.java:223)
	at com.google.javascript.jscomp.ChainableReverseAbstractInterpreter.nextPreciserScopeKnowingConditionOutcome(ChainableReverseAbstractInterpreter.java:108)
	at com.google.javascript.jscomp.ClosureReverseAbstractInterpreter.getPreciserScopeKnowingConditionOutcome(ClosureReverseAbstractInterpreter.java:223)
	at com.google.javascript.jscomp.ChainableReverseAbstractInterpreter.nextPreciserScopeKnowingConditionOutcome(ChainableReverseAbstractInterpreter.java:108)
	at com.google.javascript.jscomp.ClosureReverseAbstractInterpreter.getPreciserScopeKnowingConditionOutcome(ClosureReverseAbstractInterpreter.java:223)
	at com.google.javascript.jscomp.ChainableReverseAbstractInterpreter.nextPreciserScopeKnowingConditionOutcome(ChainableReverseAbstractInterpreter.java:108)
	at com.google.javascript.jscomp.ClosureReverseAbstractInterpreter.getPreciserScopeKnowingConditionOutcome(ClosureReverseAbstractInterpreter.java:223)
	at com.google.javascript.jscomp.ChainableReverseAbstractInterpreter.nextPreciserScopeKnowingConditionOutcome(ChainableReverseAbstractInterpreter.java:108)
	at com.google.javascript.jscomp.ClosureReverseAbstractInterpreter.getPreciserScopeKnowingConditionOutcome(ClosureReverseAbstractInterpreter.java:223)
	at com.google.javascript.jscomp.ChainableReverseAbstractInterpreter.nextPreciserScopeKnowingConditionOutcome(ChainableReverseAbstractInterpreter.java:108)
	at com.google.javascript.jscomp.ClosureReverseAbstractInterpreter.getPreciserScopeKnowingConditionOutcome(ClosureReverseAbstractInterpreter.java:223)
	at com.google.javascript.jscomp.ChainableReverseAbstractInterpreter.nextPreciserScopeKnowingConditionOutcome(ChainableReverseAbstractInterpreter.java:108)
	at com.google.javascript.jscomp.ClosureReverseAbstractInterpreter.getPreciserScopeKnowingConditionOutcome(ClosureReverseAbstractInterpreter.java:223)
	at com.google.javascript.jscomp.ChainableReverseAbstractInterpreter.nextPreciserScopeKnowingConditionOutcome(ChainableReverseAbstractInterpreter.java:108)
	at com.google.javascript.jscomp.ClosureReverseAbstractInterpreter.getPreciserScopeKnowingConditionOutcome(ClosureReverseAbstractInterpreter.java:223)
	at com.google.javascript.jscomp.ChainableReverseAbstractInterpreter.nextPreciserScopeKnowingConditionOutcome(ChainableReverseAbstractInterpreter.java:108)
	at com.google.javascript.jscomp.ClosureReverseAbstractInterpreter.getPreciserScopeKnowingConditionOutcome(ClosureReverseAbstractInterpreter.java:223)
	at com.google.javascript.jscomp.ChainableReverseAbstractInterpreter.nextPreciserScopeKnowingConditionOutcome(ChainableReverseAbstractInterpreter.java:108)
	at com.google.javascript.jscomp.ClosureReverseAbstractInterpreter.getPreciserScopeKnowingConditionOutcome(ClosureReverseAbstractInterpreter.java:223)
	at com.google.javascript.jscomp.ChainableReverseAbstractInterpreter.nextPreciserScopeKnowingConditionOutcome(ChainableReverseAbstractInterpreter.java:108)
	at com.google.javascript.jscomp.ClosureReverseAbstractInterpreter.getPreciserScopeKnowingConditionOutcome(ClosureReverseAbstractInterpreter.java:223)
	at com.google.javascript.jscomp.ChainableReverseAbstractInterpreter.nextPreciserScopeKnowingConditionOutcome(ChainableReverseAbstractInterpreter.java:108)
	at com.google.javascript.jscomp.ClosureReverseAbstractInterpreter.getPreciserScopeKnowingConditionOutcome(ClosureReverseAbstractInterpreter.java:223)
	at com.google.javascript.jscomp.ChainableReverseAbstractInterpreter.nextPreciserScopeKnowingConditionOutcome(ChainableReverseAbstractInterpreter.java:108)
	at com.google.javascript.jscomp.ClosureReverseAbstractInterpreter.getPreciserScopeKnowingConditionOutcome(ClosureReverseAbstractInterpreter.java:223)
	at com.google.javascript.jscomp.ChainableReverseAbstractInterpreter.nextPreciserScopeKnowingConditionOutcome(ChainableReverseAbstractInterpreter.java:108)
	at com.google.javascript.jscomp.ClosureReverseAbstractInterpreter.getPreciserScopeKnowingConditionOutcome(ClosureReverseAbstractInterpreter.java:223)
	at com.google.javascript.jscomp.ChainableReverseAbstractInterpreter.nextPreciserScopeKnowingConditionOutcome(ChainableReverseAbstractInterpreter.java:108)
	at com.google.javascript.jscomp.ClosureReverseAbstractInterpreter.getPreciserScopeKnowingConditionOutcome(ClosureReverseAbstractInterpreter.java:223)
	at com.google.javascript.jscomp.ChainableReverseAbstractInterpreter.nextPreciserScopeKnowingConditionOutcome(ChainableReverseAbstractInterpreter.java:108)
	at com.google.javascript.jscomp.ClosureReverseAbstractInterpreter.getPreciserScopeKnowingConditionOutcome(ClosureReverseAbstractInterpreter.java:223)
	at com.google.javascript.jscomp.ChainableReverseAbstractInterpreter.nextPreciserScopeKnowingConditionOutcome(ChainableReverseAbstractInterpreter.java:108)
	at com.google.javascript.jscomp.ClosureReverseAbstractInterpreter.getPreciserScopeKnowingConditionOutcome(ClosureReverseAbstractInterpreter.java:223)
	at com.google.javascript.jscomp.ChainableReverseAbstractInterpreter.nextPreciserScopeKnowingConditionOutcome(ChainableReverseAbstractInterpreter.java:108)
	at com.google.javascript.jscomp.ClosureReverseAbstractInterpreter.getPreciserScopeKnowingConditionOutcome(ClosureReverseAbstractInterpreter.java:223)
	at com.google.javascript.jscomp.ChainableReverseAbstractInterpreter.nextPreciserScopeKnowingConditionOutcome(ChainableReverseAbstractInterpreter.java:108)
	at com.google.javascript.jscomp.ClosureReverseAbstractInterpreter.getPreciserScopeKnowingConditionOutcome(ClosureReverseAbstractInterpreter.java:223)
	at com.google.javascript.jscomp.ChainableReverseAbstractInterpreter.nextPreciserScopeKnowingConditionOutcome(ChainableReverseAbstractInterpreter.java:108)
	at com.google.javascript.jscomp.ClosureReverseAbstractInterpreter.getPreciserScopeKnowingConditionOutcome(ClosureReverseAbstractInterpreter.java:223)
	at com.google.javascript.jscomp.ChainableReverseAbstractInterpreter.nextPreciserScopeKnowingConditionOutcome(ChainableReverseAbstractInterpreter.java:108)
	at com.google.javascript.jscomp.ClosureReverseAbstractInterpreter.getPreciserScopeKnowingConditionOutcome(ClosureReverseAbstractInterpreter.java:223)
	at com.google.javascript.jscomp.ChainableReverseAbstractInterpreter.nextPreciserScopeKnowingConditionOutcome(ChainableReverseAbstractInterpreter.java:108)
	at com.google.javascript.jscomp.ClosureReverseAbstractInterpreter.getPreciserScopeKnowingConditionOutcome(ClosureReverseAbstractInterpreter.java:223)
	at com.google.javascript.jscomp.ChainableReverseAbstractInterpreter.nextPreciserScopeKnowingConditionOutcome(ChainableReverseAbstractInterpreter.java:108)
	at com.google.javascript.jscomp.ClosureReverseAbstractInterpreter.getPreciserScopeKnowingConditionOutcome(ClosureReverseAbstractInterpreter.java:223)
	at com.google.javascript.jscomp.ChainableReverseAbstractInterpreter.nextPreciserScopeKnowingConditionOutcome(ChainableReverseAbstractInterpreter.java:108)
	at com.google.javascript.jscomp.ClosureReverseAbstractInterpreter.getPreciserScopeKnowingConditionOutcome(ClosureReverseAbstractInterpreter.java:223)
	at com.google.javascript.jscomp.ChainableReverseAbstractInterpreter.nextPreciserScopeKnowingConditionOutcome(ChainableReverseAbstractInterpreter.java:108)
	at com.google.javascript.jscomp.ClosureReverseAbstractInterpreter.getPreciserScopeKnowingConditionOutcome(ClosureReverseAbstractInterpreter.java:223)
	at com.google.javascript.jscomp.ChainableReverseAbstractInterpreter.nextPreciserScopeKnowingConditionOutcome(ChainableReverseAbstractInterpreter.java:108)
	at com.google.javascript.jscomp.ClosureReverseAbstractInterpreter.getPreciserScopeKnowingConditionOutcome(ClosureReverseAbstractInterpreter.java:223)
	at com.google.javascript.jscomp.ChainableReverseAbstractInterpreter.nextPreciserScopeKnowingConditionOutcome(ChainableReverseAbstractInterpreter.java:108)
	at com.google.javascript.jscomp.ClosureReverseAbstractInterpreter.getPreciserScopeKnowingConditionOutcome(ClosureReverseAbstractInterpreter.java:223)
	at com.google.javascript.jscomp.ChainableReverseAbstractInterpreter.nextPreciserScopeKnowingConditionOutcome(ChainableReverseAbstractInterpreter.java:108)
	at com.google.javascript.jscomp.ClosureReverseAbstractInterpreter.getPreciserScopeKnowingConditionOutcome(ClosureReverseAbstractInterpreter.java:223)
	at com.google.javascript.jscomp.ChainableReverseAbstractInterpreter.nextPreciserScopeKnowingConditionOutcome(ChainableReverseAbstractInterpreter.java:108)
	at com.google.javascript.jscomp.ClosureReverseAbstractInterpreter.getPreciserScopeKnowingConditionOutcome(ClosureReverseAbstractInterpreter.java:223)
	at com.google.javascript.jscomp.ChainableReverseAbstractInterpreter.nextPreciserScopeKnowingConditionOutcome(ChainableReverseAbstractInterpreter.java:108)
	at com.google.javascript.jscomp.ClosureReverseAbstractInterpreter.getPreciserScopeKnowingConditionOutcome(ClosureReverseAbstractInterpreter.java:223)
	at com.google.javascript.jscomp.ChainableReverseAbstractInterpreter.nextPreciserScopeKnowingConditionOutcome(ChainableReverseAbstractInterpreter.java:108)
	at com.google.javascript.jscomp.ClosureReverseAbstractInterpreter.getPreciserScopeKnowingConditionOutcome(ClosureReverseAbstractInterpreter.java:223)
	at com.google.javascript.jscomp.ChainableReverseAbstractInterpreter.nextPreciserScopeKnowingConditionOutcome(ChainableReverseAbstractInterpreter.java:108)
	at com.google.javascript.jscomp.ClosureReverseAbstractInterpreter.getPreciserScopeKnowingConditionOutcome(ClosureReverseAbstractInterpreter.java:223)
	at com.google.javascript.jscomp.ChainableReverseAbstractInterpreter.nextPreciserScopeKnowingConditionOutcome(ChainableReverseAbstractInterpreter.java:108)
	at com.google.javascript.jscomp.ClosureReverseAbstractInterpreter.getPreciserScopeKnowingConditionOutcome(ClosureReverseAbstractInterpreter.java:223)
	at com.google.javascript.jscomp.ChainableReverseAbstractInterpreter.nextPreciserScopeKnowingConditionOutcome(ChainableReverseAbstractInterpreter.java:108)
	at com.google.javascript.jscomp.ClosureReverseAbstractInterpreter.getPreciserScopeKnowingConditionOutcome(ClosureReverseAbstractInterpreter.java:223)
	at com.google.javascript.jscomp.ChainableReverseAbstractInterpreter.nextPreciserScopeKnowingConditionOutcome(ChainableReverseAbstractInterpreter.java:108)
	at com.google.javascript.jscomp.ClosureReverseAbstractInterpreter.getPreciserScopeKnowingConditionOutcome(ClosureReverseAbstractInterpreter.java:223)
	at com.google.javascript.jscomp.ChainableReverseAbstractInterpreter.nextPreciserScopeKnowingConditionOutcome(ChainableReverseAbstractInterpreter.java:108)
	at com.google.javascript.jscomp.ClosureReverseAbstractInterpreter.getPreciserScopeKnowingConditionOutcome(ClosureReverseAbstractInterpreter.java:223)
	at com.google.javascript.jscomp.ChainableReverseAbstractInterpreter.nextPreciserScopeKnowingConditionOutcome(ChainableReverseAbstractInterpreter.java:108)
	at com.google.javascript.jscomp.ClosureReverseAbstractInterpreter.getPreciserScopeKnowingConditionOutcome(ClosureReverseAbstractInterpreter.java:223)
	at com.google.javascript.jscomp.ChainableReverseAbstractInterpreter.nextPreciserScopeKnowingConditionOutcome(ChainableReverseAbstractInterpreter.java:108)
	at com.google.javascript.jscomp.ClosureReverseAbstractInterpreter.getPreciserScopeKnowingConditionOutcome(ClosureReverseAbstractInterpreter.java:223)
	at com.google.javascript.jscomp.ChainableReverseAbstractInterpreter.nextPreciserScopeKnowingConditionOutcome(ChainableReverseAbstractInterpreter.java:108)
	at com.google.javascript.jscomp.ClosureReverseAbstractInterpreter.getPreciserScopeKnowingConditionOutcome(ClosureReverseAbstractInterpreter.java:223)
	at com.google.javascript.jscomp.ChainableReverseAbstractInterpreter.nextPreciserScopeKnowingConditionOutcome(ChainableReverseAbstractInterpreter.java:108)
	at com.google.javascript.jscomp.ClosureReverseAbstractInterpreter.getPreciserScopeKnowingConditionOutcome(ClosureReverseAbstractInterpreter.java:223)
	at com.google.javascript.jscomp.ChainableReverseAbstractInterpreter.nextPreciserScopeKnowingConditionOutcome(ChainableReverseAbstractInterpreter.java:108)
	at com.google.javascript.jscomp.ClosureReverseAbstractInterpreter.getPreciserScopeKnowingConditionOutcome(ClosureReverseAbstractInterpreter.java:223)
	at com.google.javascript.jscomp.ChainableReverseAbstractInterpreter.nextPreciserScopeKnowingConditionOutcome(ChainableReverseAbstractInterpreter.java:108)
	at com.google.javascript.jscomp.ClosureReverseAbstractInterpreter.getPreciserScopeKnowingConditionOutcome(ClosureReverseAbstractInterpreter.java:223)
	at com.google.javascript.jscomp.ChainableReverseAbstractInterpreter.nextPreciserScopeKnowingConditionOutcome(ChainableReverseAbstractInterpreter.java:108)
	at com.google.javascript.jscomp.ClosureReverseAbstractInterpreter.getPreciserScopeKnowingConditionOutcome(ClosureReverseAbstractInterpreter.java:223)
	at com.google.javascript.jscomp.ChainableReverseAbstractInterpreter.nextPreciserScopeKnowingConditionOutcome(ChainableReverseAbstractInterpreter.java:108)
	at com.google.javascript.jscomp.ClosureReverseAbstractInterpreter.getPreciserScopeKnowingConditionOutcome(ClosureReverseAbstractInterpreter.java:223)
	at com.google.javascript.jscomp.ChainableReverseAbstractInterpreter.nextPreciserScopeKnowingConditionOutcome(ChainableReverseAbstractInterpreter.java:108)
	at com.google.javascript.jscomp.ClosureReverseAbstractInterpreter.getPreciserScopeKnowingConditionOutcome(ClosureReverseAbstractInterpreter.java:223)
	at com.google.javascript.jscomp.ChainableReverseAbstractInterpreter.nextPreciserScopeKnowingConditionOutcome(ChainableReverseAbstractInterpreter.java:108)
	at com.google.javascript.jscomp.ClosureReverseAbstractInterpreter.getPreciserScopeKnowingConditionOutcome(ClosureReverseAbstractInterpreter.java:223)
	at com.google.javascript.jscomp.ChainableReverseAbstractInterpreter.nextPreciserScopeKnowingConditionOutcome(ChainableReverseAbstractInterpreter.java:108)
	at com.google.javascript.jscomp.ClosureReverseAbstractInterpreter.getPreciserScopeKnowingConditionOutcome(ClosureReverseAbstractInterpreter.java:223)
	at com.google.javascript.jscomp.ChainableReverseAbstractInterpreter.nextPreciserScopeKnowingConditionOutcome(ChainableReverseAbstractInterpreter.java:108)
	at com.google.javascript.jscomp.ClosureReverseAbstractInterpreter.getPreciserScopeKnowingConditionOutcome(ClosureReverseAbstractInterpreter.java:223)
	at com.google.javascript.jscomp.ChainableReverseAbstractInterpreter.nextPreciserScopeKnowingConditionOutcome(ChainableReverseAbstractInterpreter.java:108)
	at com.google.javascript.jscomp.ClosureReverseAbstractInterpreter.getPreciserScopeKnowingConditionOutcome(ClosureReverseAbstractInterpreter.java:223)
	at com.google.javascript.jscomp.ChainableReverseAbstractInterpreter.nextPreciserScopeKnowingConditionOutcome(ChainableReverseAbstractInterpreter.java:108)
	at com.google.javascript.jscomp.ClosureReverseAbstractInterpreter.getPreciserScopeKnowingConditionOutcome(ClosureReverseAbstractInterpreter.java:223)
	at com.google.javascript.jscomp.ChainableReverseAbstractInterpreter.nextPreciserScopeKnowingConditionOutcome(ChainableReverseAbstractInterpreter.java:108)
	at com.google.javascript.jscomp.ClosureReverseAbstractInterpreter.getPreciserScopeKnowingConditionOutcome(ClosureReverseAbstractInterpreter.java:223)
	at com.google.javascript.jscomp.ChainableReverseAbstractInterpreter.nextPreciserScopeKnowingConditionOutcome(ChainableReverseAbstractInterpreter.java:108)
	at com.google.javascript.jscomp.ClosureReverseAbstractInterpreter.getPreciserScopeKnowingConditionOutcome(ClosureReverseAbstractInterpreter.java:223)
	at com.google.javascript.jscomp.ChainableReverseAbstractInterpreter.nextPreciserScopeKnowingConditionOutcome(ChainableReverseAbstractInterpreter.java:108)
	at com.google.javascript.jscomp.ClosureReverseAbstractInterpreter.getPreciserScopeKnowingConditionOutcome(ClosureReverseAbstractInterpreter.java:223)
	at com.google.javascript.jscomp.ChainableReverseAbstractInterpreter.nextPreciserScopeKnowingConditionOutcome(ChainableReverseAbstractInterpreter.java:108)
	at com.google.javascript.jscomp.ClosureReverseAbstractInterpreter.getPreciserScopeKnowingConditionOutcome(ClosureReverseAbstractInterpreter.java:223)
	at com.google.javascript.jscomp.ChainableReverseAbstractInterpreter.nextPreciserScopeKnowingConditionOutcome(ChainableReverseAbstractInterpreter.java:108)
	at com.google.javascript.jscomp.ClosureReverseAbstractInterpreter.getPreciserScopeKnowingConditionOutcome(ClosureReverseAbstractInterpreter.java:223)
	at com.google.javascript.jscomp.ChainableReverseAbstractInterpreter.nextPreciserScopeKnowingConditionOutcome(ChainableReverseAbstractInterpreter.java:108)
	at com.google.javascript.jscomp.ClosureReverseAbstractInterpreter.getPreciserScopeKnowingConditionOutcome(ClosureReverseAbstractInterpreter.java:223)
	at com.google.javascript.jscomp.ChainableReverseAbstractInterpreter.nextPreciserScopeKnowingConditionOutcome(ChainableReverseAbstractInterpreter.java:108)
	at com.google.javascript.jscomp.ClosureReverseAbstractInterpreter.getPreciserScopeKnowingConditionOutcome(ClosureReverseAbstractInterpreter.java:223)
	at com.google.javascript.jscomp.ChainableReverseAbstractInterpreter.nextPreciserScopeKnowingConditionOutcome(ChainableReverseAbstractInterpreter.java:108)
	at com.google.javascript.jscomp.ClosureReverseAbstractInterpreter.getPreciserScopeKnowingConditionOutcome(ClosureReverseAbstractInterpreter.java:223)
	at com.google.javascript.jscomp.ChainableReverseAbstractInterpreter.nextPreciserScopeKnowingConditionOutcome(ChainableReverseAbstractInterpreter.java:108)
	at com.google.javascript.jscomp.ClosureReverseAbstractInterpreter.getPreciserScopeKnowingConditionOutcome(ClosureReverseAbstractInterpreter.java:223)
	at com.google.javascript.jscomp.ChainableReverseAbstractInterpreter.nextPreciserScopeKnowingConditionOutcome(ChainableReverseAbstractInterpreter.java:108)
	at com.google.javascript.jscomp.ClosureReverseAbstractInterpreter.getPreciserScopeKnowingConditionOutcome(ClosureReverseAbstractInterpreter.java:223)
	at com.google.javascript.jscomp.ChainableReverseAbstractInterpreter.nextPreciserScopeKnowingConditionOutcome(ChainableReverseAbstractInterpreter.java:108)
	at com.google.javascript.jscomp.ClosureReverseAbstractInterpreter.getPreciserScopeKnowingConditionOutcome(ClosureReverseAbstractInterpreter.java:223)
	at com.google.javascript.jscomp.ChainableReverseAbstractInterpreter.nextPreciserScopeKnowingConditionOutcome(ChainableReverseAbstractInterpreter.java:108)
	at com.google.javascript.jscomp.ClosureReverseAbstractInterpreter.getPreciserScopeKnowingConditionOutcome(ClosureReverseAbstractInterpreter.java:223)
	at com.google.javascript.jscomp.ChainableReverseAbstractInterpreter.nextPreciserScopeKnowingConditionOutcome(ChainableReverseAbstractInterpreter.java:108)
	at com.google.javascript.jscomp.ClosureReverseAbstractInterpreter.getPreciserScopeKnowingConditionOutcome(ClosureReverseAbstractInterpreter.java:223)
	at com.google.javascript.jscomp.ChainableReverseAbstractInterpreter.nextPreciserScopeKnowingConditionOutcome(ChainableReverseAbstractInterpreter.java:108)
	at com.google.javascript.jscomp.ClosureReverseAbstractInterpreter.getPreciserScopeKnowingConditionOutcome(ClosureReverseAbstractInterpreter.java:223)
	at com.google.javascript.jscomp.ChainableReverseAbstractInterpreter.nextPreciserScopeKnowingConditionOutcome(ChainableReverseAbstractInterpreter.java:108)
	at com.google.javascript.jscomp.ClosureReverseAbstractInterpreter.getPreciserScopeKnowingConditionOutcome(ClosureReverseAbstractInterpreter.java:223)
	at com.google.javascript.jscomp.ChainableReverseAbstractInterpreter.nextPreciserScopeKnowingConditionOutcome(ChainableReverseAbstractInterpreter.java:108)
	at com.google.javascript.jscomp.ClosureReverseAbstractInterpreter.getPreciserScopeKnowingConditionOutcome(ClosureReverseAbstractInterpreter.java:223)
	at com.google.javascript.jscomp.ChainableReverseAbstractInterpreter.nextPreciserScopeKnowingConditionOutcome(ChainableReverseAbstractInterpreter.java:108)
	at com.google.javascript.jscomp.ClosureReverseAbstractInterpreter.getPreciserScopeKnowingConditionOutcome(ClosureReverseAbstractInterpreter.java:223)
	at com.google.javascript.jscomp.ChainableReverseAbstractInterpreter.nextPreciserScopeKnowingConditionOutcome(ChainableReverseAbstractInterpreter.java:108)
	at com.google.javascript.jscomp.ClosureReverseAbstractInterpreter.getPreciserScopeKnowingConditionOutcome(ClosureReverseAbstractInterpreter.java:223)
	at com.google.javascript.jscomp.ChainableReverseAbstractInterpreter.nextPreciserScopeKnowingConditionOutcome(ChainableReverseAbstractInterpreter.java:108)
	at com.google.javascript.jscomp.ClosureReverseAbstractInterpreter.getPreciserScopeKnowingConditionOutcome(ClosureReverseAbstractInterpreter.java:223)
	at com.google.javascript.jscomp.ChainableReverseAbstractInterpreter.nextPreciserScopeKnowingConditionOutcome(ChainableReverseAbstractInterpreter.java:108)
	at com.google.javascript.jscomp.ClosureReverseAbstractInterpreter.getPreciserScopeKnowingConditionOutcome(ClosureReverseAbstractInterpreter.java:223)
	at com.google.javascript.jscomp.ChainableReverseAbstractInterpreter.nextPreciserScopeKnowingConditionOutcome(ChainableReverseAbstractInterpreter.java:108)
	at com.google.javascript.jscomp.ClosureReverseAbstractInterpreter.getPreciserScopeKnowingConditionOutcome(ClosureReverseAbstractInterpreter.java:223)
	at com.google.javascript.jscomp.ChainableReverseAbstractInterpreter.nextPreciserScopeKnowingConditionOutcome(ChainableReverseAbstractInterpreter.java:108)
	at com.google.javascript.jscomp.ClosureReverseAbstractInterpreter.getPreciserScopeKnowingConditionOutcome(ClosureReverseAbstractInterpreter.java:223)
	at com.google.javascript.jscomp.ChainableReverseAbstractInterpreter.nextPreciserScopeKnowingConditionOutcome(ChainableReverseAbstractInterpreter.java:108)
	at com.google.javascript.jscomp.ClosureReverseAbstractInterpreter.getPreciserScopeKnowingConditionOutcome(ClosureReverseAbstractInterpreter.java:223)
	at com.google.javascript.jscomp.ChainableReverseAbstractInterpreter.nextPreciserScopeKnowingConditionOutcome(ChainableReverseAbstractInterpreter.java:108)
	at com.google.javascript.jscomp.ClosureReverseAbstractInterpreter.getPreciserScopeKnowingConditionOutcome(ClosureReverseAbstractInterpreter.java:223)
	at com.google.javascript.jscomp.ChainableReverseAbstractInterpreter.nextPreciserScopeKnowingConditionOutcome(ChainableReverseAbstractInterpreter.java:108)

FAILURES!!!
Tests run: 32,  Failures: 1

SLF4J: Failed to load class "org.slf4j.impl.StaticLoggerBinder".
SLF4J: Defaulting to no-operation (NOP) logger implementation
SLF4J: See http://www.slf4j.org/codes.html#StaticLoggerBinder for further details.
WARNING: An illegal reflective access operation has occurred
WARNING: Illegal reflective access by org.evosuite.runtime.GuiSupport (file:/opt/evosuite/evosuite-standalone-runtime-1.2.0.jar) to field java.awt.GraphicsEnvironment.headless
WARNING: Please consider reporting this to the maintainers of org.evosuite.runtime.GuiSupport
WARNING: Use --illegal-access=warn to enable warnings of further illegal reflective access operations
WARNING: All illegal access operations will be denied in a future release

[exit=1 timeout=False time=2.9s]
