
$ defects4j compile -w /work/Compress_14f
Running ant (compile)...................................................... OK
Running ant (compile.tests)................................................ OK

[exit=0 timeout=False time=0.8s]

$ defects4j compile -w /work/Compress_14b
Running ant (compile)...................................................... OK
Running ant (compile.tests)................................................ OK

[exit=0 timeout=False time=0.8s]

$ java -Djava.awt.headless=true -cp /opt/defects4j/framework/projects/lib/junit-4.12-hamcrest-1.3.jar:/opt/evosuite/evosuite-1.2.0.jar:/work/Compress_14f/target/classes:/opt/defects4j/framework/projects/Compress/lib/org/tukaani/xz/1.0/xz-1.0.jar:/work/Compress_14f/target/test-classes org.evosuite.EvoSuite -generateSuite -class org.apache.commons.compress.archivers.tar.TarUtils -projectCP /opt/defects4j/framework/projects/lib/junit-4.12-hamcrest-1.3.jar:/work/Compress_14f/target/classes:/opt/defects4j/framework/projects/Compress/lib/org/tukaani/xz/1.0/xz-1.0.jar:/work/Compress_14f/target/test-classes -Dcriterion=LINE:BRANCH:EXCEPTION -Dsearch_budget=120 -seed 1 -Dtest_dir=/work/evo_out/Compress_14f/budget120_seed1/tests -Dreport_dir=/work/evo_out/Compress_14f/budget120_seed1/report
* EvoSuite 1.2.0
* Going to generate test cases for class: org.apache.commons.compress.archivers.tar.TarUtils
* Starting Client-0
* Connecting to master process on port 9922
* Analyzing classpath: 
  - /opt/defects4j/framework/projects/lib/junit-4.12-hamcrest-1.3.jar
  - /work/Compress_14f/target/classes
  - /opt/defects4j/framework/projects/Compress/lib/org/tukaani/xz/1.0/xz-1.0.jar
  - /work/Compress_14f/target/test-classes
* Finished analyzing classpath
* Generating tests for class org.apache.commons.compress.archivers.tar.TarUtils
* Test criteria:
  - Line Coverage
  - Branch Coverage
  - Exception
* Setting up search algorithm for whole suite generation
* Total number of test goals: 
  - Line 96
  - Branch 66

[Progress:>                             0%] [Cov:>                                  0%]  - Exception 0
* Using seed 1
* Starting evolution

[Progress:>                             0%] [Cov:===>                               11%]
[Progress:>                             0%] [Cov:=======>                           20%]
[Progress:>                             0%] [Cov:==================>                54%]
[Progress:>                             0%] [Cov:===================>               56%]
[Progress:>                             0%] [Cov:==================>                54%]
[Progress:>                             0%] [Cov:===================>               56%]
[Progress:>                             0%] [Cov:===================>               57%]
[Progress:>                             0%] [Cov:====================>              58%]
[Progress:>                             0%] [Cov:========================>          71%]
[Progress:>                             0%] [Cov:========================>          71%]
[Progress:>                             0%] [Cov:========================>          71%]
[Progress:>                             0%] [Cov:========================>          71%]
[Progress:>                             0%] [Cov:========================>          71%]
[Progress:>                             0%] [Cov:========================>          71%]
[Progress:>                             0%] [Cov:========================>          71%]
[Progress:>                             0%] [Cov:========================>          71%]
[Progress:>                             0%] [Cov:========================>          71%]
[Progress:>                             0%] [Cov:========================>          71%]
[Progress:>                             0%] [Cov:========================>          71%]
[Progress:>                             0%] [Cov:=========================>         72%]
[Progress:>                             0%] [Cov:=========================>         74%]
[Progress:>                             1%] [Cov:=========================>         74%]
[Progress:>                             1%] [Cov:=========================>         74%]
[Progress:>                             1%] [Cov:==========================>        75%]
[Progress:>                             1%] [Cov:==========================>        75%]
[Progress:>                             1%] [Cov:==========================>        75%]
[Progress:>                             1%] [Cov:==========================>        75%]
[Progress:>                             1%] [Cov:==========================>        75%]
[Progress:>                             1%] [Cov:==========================>        75%]
[Progress:>                             1%] [Cov:==========================>        77%]
[Progress:>                             1%] [Cov:===========================>       79%]
[Progress:>                             1%] [Cov:===========================>       79%]
[Progress:>                             1%] [Cov:============================>      80%]
[Progress:>                             1%] [Cov:============================>      80%]
[Progress:>                             1%] [Cov:============================>      80%]
[Progress:>                             1%] [Cov:============================>      81%]
[Progress:>                             1%] [Cov:============================>      82%]
[Progress:>                             1%] [Cov:============================>      82%]
[Progress:>                             1%] [Cov:============================>      82%]
[Progress:>                             2%] [Cov:============================>      82%]
[Progress:>                             2%] [Cov:============================>      82%]
[Progress:>                             2%] [Cov:============================>      82%]
[Progress:>                             2%] [Cov:=============================>     83%]
[Progress:>                             2%] [Cov:=============================>     84%]
[Progress:>                             2%] [Cov:=============================>     84%]
[Progress:>                             2%] [Cov:=============================>     84%]
[Progress:>                             2%] [Cov:=============================>     84%]
[Progress:>                             2%] [Cov:=============================>     84%]
[Progress:>                             2%] [Cov:=============================>     84%]
[Progress:>                             2%] [Cov:=============================>     84%]
[Progress:>                             2%] [Cov:=============================>     84%]
[Progress:>                             2%] [Cov:==============================>    87%]
[Progress:>                             2%] [Cov:===============================>   89%]
[Progress:>                             2%] [Cov:===============================>   89%]
[Progress:>                             2%] [Cov:===============================>   89%]
[Progress:>                             2%] [Cov:===============================>   89%]
[Progress:>                             2%] [Cov:===============================>   89%]
[Progress:>                             3%] [Cov:===============================>   89%]
[Progress:>                             3%] [Cov:===============================>   89%]
[Progress:>                             3%] [Cov:===============================>   89%]
[Progress:>                             3%] [Cov:===============================>   89%]
[Progress:>                             3%] [Cov:===============================>   89%]
[Progress:>                             3%] [Cov:===============================>   89%]
[Progress:>                             3%] [Cov:===============================>   89%]
[Progress:>                             3%] [Cov:===============================>   89%]
[Progress:>                             3%] [Cov:===============================>   89%]
[Progress:>                             3%] [Cov:===============================>   89%]
[Progress:>                             3%] [Cov:===============================>   90%]
[Progress:>                             3%] [Cov:===============================>   91%]
[Progress:>                             3%] [Cov:===============================>   91%]
[Progress:>                             3%] [Cov:================================>  92%]
[Progress:>                             3%] [Cov:================================>  92%]
[Progress:>                             3%] [Cov:================================>  92%]
[Progress:>                             3%] [Cov:================================>  92%]
[Progress:=>                            4%] [Cov:================================>  92%]
[Progress:=>                            4%] [Cov:================================>  92%]
[Progress:=>                            4%] [Cov:================================>  92%]
[Progress:=>                            4%] [Cov:================================>  92%]
[Progress:=>                            4%] [Cov:================================>  92%]
[Progress:=>                            4%] [Cov:================================>  92%]
[Progress:=>                            4%] [Cov:================================>  92%]
[Progress:=>                            4%] [Cov:================================>  92%]
[Progress:=>                            4%] [Cov:================================>  92%]
[Progress:=>                            4%] [Cov:================================>  92%]
[Progress:=>                            4%] [Cov:================================>  92%]
[Progress:=>                            4%] [Cov:================================>  92%]
[Progress:=>                            4%] [Cov:================================>  92%]
[Progress:=>                            4%] [Cov:================================>  92%]
[Progress:=>                            4%] [Cov:================================>  92%]
[Progress:=>                            4%] [Cov:================================>  92%]
[Progress:=>                            4%] [Cov:================================>  92%]
[Progress:=>                            4%] [Cov:================================>  92%]
[Progress:=>                            5%] [Cov:================================>  92%]
[Progress:=>                            5%] [Cov:================================>  92%]
[Progress:=>                            5%] [Cov:================================>  92%]
[Progress:=>                            5%] [Cov:================================>  92%]
[Progress:=>                            5%] [Cov:================================>  92%]
[Progress:=>                            5%] [Cov:================================>  92%]
[Progress:=>                            5%] [Cov:================================>  92%]
[Progress:=>                            5%] [Cov:================================>  92%]
[Progress:=>                            5%] [Cov:================================>  92%]
[Progress:=>                            5%] [Cov:================================>  92%]
[Progress:=>                            5%] [Cov:================================>  92%]
[Progress:=>                            5%] [Cov:================================>  92%]
[Progress:=>                            5%] [Cov:================================>  93%]
[Progress:=>                            5%] [Cov:================================>  93%]
[Progress:=>                            5%] [Cov:================================>  93%]
[Progress:=>                            5%] [Cov:================================>  93%]
[Progress:=>                            5%] [Cov:================================>  93%]
[Progress:=>                            5%] [Cov:================================>  93%]
[Progress:=>                            5%] [Cov:================================>  93%]
[Progress:=>                            5%] [Cov:================================>  93%]
[Progress:=>                            5%] [Cov:================================>  93%]
[Progress:=>                            5%] [Cov:================================>  93%]
[Progress:=>                            5%] [Cov:================================>  93%]
[Progress:=>                            5%] [Cov:================================>  93%]
[Progress:=>                            5%] [Cov:================================>  93%]
[Progress:=>                            5%] [Cov:================================>  93%]
[Progress:=>                            5%] [Cov:================================>  93%]
[Progress:=>                            5%] [Cov:================================>  93%]
[Progress:=>                            5%] [Cov:================================>  93%]
[Progress:=>                            5%] [Cov:================================>  93%]
[Progress:=>                            6%] [Cov:================================>  93%]
[Progress:=>                            6%] [Cov:================================>  93%]
[Progress:=>                            6%] [Cov:================================>  93%]
[Progress:=>                            6%] [Cov:================================>  93%]
[Progress:=>                            6%] [Cov:================================>  93%]
[Progress:=>                            6%] [Cov:================================>  93%]
[Progress:=>                            6%] [Cov:================================>  93%]
[Progress:=>                            6%] [Cov:================================>  93%]
[Progress:=>                            6%] [Cov:================================>  93%]
[Progress:=>                            6%] [Cov:================================>  93%]
[Progress:=>                            6%] [Cov:================================>  94%]
[Progress:=>                            6%] [Cov:================================>  94%]
[Progress:=>                            6%] [Cov:================================>  94%]
[Progress:=>                            6%] [Cov:================================>  94%]
[Progress:=>                            6%] [Cov:================================>  94%]
[Progress:==>                           7%] [Cov:================================>  94%]
[Progress:==>                           7%] [Cov:================================>  94%]
[Progress:==>                           7%] [Cov:================================>  94%]
[Progress:==>                           7%] [Cov:================================>  94%]
[Progress:==>                           7%] [Cov:=================================> 95%]
[Progress:==>                           7%] [Cov:=================================> 96%]
[Progress:==>                           7%] [Cov:=================================> 96%]
[Progress:==>                           7%] [Cov:=================================> 96%]
[Progress:==>                           7%] [Cov:=================================> 96%]
[Progress:==>                           7%] [Cov:=================================> 96%]
[Progress:==>                           7%] [Cov:=================================> 96%]
[Progress:==>                           7%] [Cov:=================================> 96%]
[Progress:==>                           7%] [Cov:=================================> 96%]
[Progress:==>                           7%] [Cov:=================================> 96%]
[Progress:==>                           7%] [Cov:=================================> 96%]
[Progress:==>                           7%] [Cov:=================================> 96%]
[Progress:==>                           7%] [Cov:=================================> 96%]
[Progress:==>                           7%] [Cov:=================================> 96%]
[Progress:==>                           8%] [Cov:=================================> 96%]
[Progress:==>                           8%] [Cov:=================================> 96%]
[Progress:==>                           8%] [Cov:=================================> 97%]
[Progress:==>                           8%] [Cov:=================================> 97%]
[Progress:==>                           8%] [Cov:=================================> 97%]
[Progress:==>                           8%] [Cov:=================================> 97%]
[Progress:==>                           8%] [Cov:=================================> 97%]
[Progress:==>                           8%] [Cov:=================================> 97%]
[Progress:==>                           8%] [Cov:=================================> 97%]
[Progress:==>                           8%] [Cov:=================================> 97%]
[Progress:==>                           8%] [Cov:=================================> 97%]
[Progress:==>                           8%] [Cov:=================================> 97%]
[Progress:==>                           8%] [Cov:=================================> 97%]
[Progress:==>                           8%] [Cov:=================================> 97%]
[Progress:==>                           8%] [Cov:=================================> 97%]
[Progress:==>                           8%] [Cov:=================================> 97%]
[Progress:==>                           8%] [Cov:=================================> 97%]
[Progress:==>                           9%] [Cov:=================================> 97%]
[Progress:==>                           9%] [Cov:=================================> 97%]
[Progress:==>                           9%] [Cov:=================================> 97%]
[Progress:==>                           9%] [Cov:=================================> 97%]
[Progress:==>                           9%] [Cov:=================================> 97%]
[Progress:==>                           9%] [Cov:=================================> 97%]
[Progress:==>                           9%] [Cov:=================================> 97%]
[Progress:==>                           9%] [Cov:=================================> 97%]
[Progress:==>                           9%] [Cov:=================================> 97%]
[Progress:==>                           9%] [Cov:=================================> 97%]
[Progress:==>                           9%] [Cov:=================================> 97%]
[Progress:==>                           9%] [Cov:=================================> 97%]
[Progress:==>                           9%] [Cov:=================================> 97%]
[Progress:==>                           9%] [Cov:=================================> 97%]
[Progress:==>                           9%] [Cov:=================================> 97%]
[Progress:==>                           9%] [Cov:=================================> 97%]
[Progress:===>                          10%] [Cov:=================================> 97%]
[Progress:===>                          10%] [Cov:=================================> 97%]
[Progress:===>                          10%] [Cov:=================================> 97%]
[Progress:===>                          10%] [Cov:=================================> 97%]
[Progress:===>                          10%] [Cov:=================================> 97%]
[Progress:===>                          10%] [Cov:=================================> 97%]
[Progress:===>                          10%] [Cov:=================================> 97%]
[Progress:===>                          10%] [Cov:=================================> 97%]
[Progress:===>                          10%] [Cov:=================================> 97%]
[Progress:===>                          10%] [Cov:=================================> 97%]
[Progress:===>                          10%] [Cov:=================================> 97%]
[Progress:===>                          10%] [Cov:=================================> 97%]
[Progress:===>                          10%] [Cov:=================================> 97%]
[Progress:===>                          10%] [Cov:=================================> 97%]
[Progress:===>                          10%] [Cov:=================================> 97%]
[Progress:===>                          10%] [Cov:=================================> 97%]
[Progress:===>                          10%] [Cov:=================================> 97%]
[Progress:===>                          10%] [Cov:=================================> 97%]
[Progress:===>                          10%] [Cov:=================================> 97%]
[Progress:===>                          10%] [Cov:=================================> 97%]
[Progress:===>                          10%] [Cov:=================================> 97%]
[Progress:===>                          10%] [Cov:=================================> 97%]
[Progress:===>                          10%] [Cov:=================================> 97%]
[Progress:===>                          10%] [Cov:=================================> 97%]
[Progress:===>                          10%] [Cov:=================================> 97%]
[Progress:===>                          10%] [Cov:=================================> 97%]
[Progress:===>                          10%] [Cov:=================================> 97%]
[Progress:===>                          10%] [Cov:=================================> 97%]
[Progress:===>                          10%] [Cov:=================================> 97%]
[Progress:===>                          10%] [Cov:=================================> 97%]
[Progress:===>                          10%] [Cov:=================================> 97%]
[Progress:===>                          10%] [Cov:=================================> 97%]
[Progress:===>                          11%] [Cov:=================================> 97%]
[Progress:===>                          11%] [Cov:=================================> 97%]
[Progress:===>                          11%] [Cov:=================================> 97%]
[Progress:===>                          11%] [Cov:=================================> 97%]
[Progress:===>                          11%] [Cov:=================================> 97%]
[Progress:===>                          11%] [Cov:=================================> 97%]
[Progress:===>                          11%] [Cov:=================================> 97%]
[Progress:===>                          11%] [Cov:=================================> 97%]
[Progress:===>                          11%] [Cov:=================================> 97%]
[Progress:===>                          11%] [Cov:=================================> 97%]
[Progress:===>                          11%] [Cov:=================================> 97%]
[Progress:===>                          11%] [Cov:=================================> 97%]
[Progress:===>                          11%] [Cov:=================================> 97%]
[Progress:===>                          11%] [Cov:=================================> 97%]
[Progress:===>                          11%] [Cov:=================================> 97%]
[Progress:===>                          11%] [Cov:=================================> 97%]
[Progress:===>                          11%] [Cov:=================================> 97%]
[Progress:===>                          12%] [Cov:=================================> 97%]
[Progress:===>                          12%] [Cov:=================================> 97%]
[Progress:===>                          12%] [Cov:=================================> 97%]
[Progress:===>                          12%] [Cov:=================================> 97%]
[Progress:===>                          12%] [Cov:=================================> 97%]
[Progress:===>                          12%] [Cov:=================================> 97%]
[Progress:===>                          12%] [Cov:=================================> 97%]
[Progress:===>                          12%] [Cov:=================================> 97%]
[Progress:===>                          12%] [Cov:=================================> 97%]
[Progress:===>                          12%] [Cov:=================================> 97%]
[Progress:===>                          12%] [Cov:=================================> 97%]
[Progress:===>                          12%] [Cov:=================================> 97%]
[Progress:===>                          12%] [Cov:=================================> 97%]
[Progress:===>                          12%] [Cov:=================================> 97%]
[Progress:===>                          12%] [Cov:=================================> 97%]
[Progress:===>                          12%] [Cov:=================================> 97%]
[Progress:===>                          12%] [Cov:=================================> 97%]
[Progress:===>                          12%] [Cov:=================================> 97%]
[Progress:===>                          13%] [Cov:=================================> 97%]
[Progress:===>                          13%] [Cov:=================================> 97%]
[Progress:===>                          13%] [Cov:=================================> 97%]
[Progress:===>                          13%] [Cov:=================================> 97%]
[Progress:===>                          13%] [Cov:=================================> 97%]
[Progress:===>                          13%] [Cov:=================================> 97%]
[Progress:===>                          13%] [Cov:=================================> 97%]
[Progress:===>                          13%] [Cov:=================================> 97%]
[Progress:===>                          13%] [Cov:=================================> 97%]
[Progress:===>                          13%] [Cov:=================================> 97%]
[Progress:===>                          13%] [Cov:=================================> 97%]
[Progress:===>                          13%] [Cov:=================================> 97%]
[Progress:===>                          13%] [Cov:=================================> 97%]
[Progress:===>                          13%] [Cov:=================================> 97%]
[Progress:===>                          13%] [Cov:=================================> 97%]
[Progress:===>                          13%] [Cov:=================================> 97%]
[Progress:===>                          13%] [Cov:=================================> 97%]
[Progress:====>                         14%] [Cov:=================================> 97%]
[Progress:====>                         14%] [Cov:=================================> 97%]
[Progress:====>                         14%] [Cov:=================================> 97%]
[Progress:====>                         14%] [Cov:=================================> 97%]
[Progress:====>                         14%] [Cov:=================================> 97%]
[Progress:====>                         14%] [Cov:=================================> 97%]
[Progress:====>                         14%] [Cov:=================================> 97%]
[Progress:====>                         14%] [Cov:=================================> 97%]
[Progress:====>                         14%] [Cov:=================================> 97%]
[Progress:====>                         14%] [Cov:=================================> 97%]
[Progress:====>                         14%] [Cov:=================================> 97%]
[Progress:====>                         14%] [Cov:=================================> 97%]
[Progress:====>                         14%] [Cov:=================================> 97%]
[Progress:====>                         14%] [Cov:=================================> 97%]
[Progress:====>                         14%] [Cov:=================================> 97%]
[Progress:====>                         14%] [Cov:=================================> 97%]
[Progress:====>                         14%] [Cov:=================================> 97%]
[Progress:====>                         14%] [Cov:=================================> 97%]
[Progress:====>                         15%] [Cov:=================================> 97%]
[Progress:====>                         15%] [Cov:=================================> 97%]
[Progress:====>                         15%] [Cov:=================================> 97%]
[Progress:====>                         15%] [Cov:=================================> 97%]
[Progress:====>                         15%] [Cov:=================================> 97%]
[Progress:====>                         15%] [Cov:=================================> 97%]
[Progress:====>                         15%] [Cov:=================================> 97%]
[Progress:====>                         15%] [Cov:=================================> 97%]
[Progress:====>                         15%] [Cov:==================================>98%]
[Progress:====>                         15%] [Cov:==================================>98%]
[Progress:====>                         15%] [Cov:==================================>98%]
[Progress:====>                         15%] [Cov:==================================>98%]
[Progress:====>                         15%] [Cov:==================================>98%]
[Progress:====>                         15%] [Cov:==================================>98%]
[Progress:====>                         15%] [Cov:==================================>98%]
[Progress:====>                         15%] [Cov:==================================>98%]
[Progress:====>                         15%] [Cov:==================================>98%]
[Progress:====>                         15%] [Cov:==================================>98%]
[Progress:====>                         15%] [Cov:==================================>98%]
[Progress:====>                         15%] [Cov:==================================>98%]
[Progress:====>                         15%] [Cov:==================================>98%]
[Progress:====>                         15%] [Cov:==================================>98%]
[Progress:====>                         15%] [Cov:==================================>98%]
[Progress:====>                         15%] [Cov:==================================>98%]
[Progress:====>                         15%] [Cov:==================================>98%]
[Progress:====>                         15%] [Cov:==================================>98%]
[Progress:====>                         15%] [Cov:==================================>98%]
[Progress:====>                         15%] [Cov:==================================>98%]
[Progress:====>                         15%] [Cov:==================================>98%]
[Progress:====>                         15%] [Cov:==================================>98%]
[Progress:====>                         15%] [Cov:==================================>98%]
[Progress:====>                         15%] [Cov:==================================>98%]
[Progress:====>                         15%] [Cov:==================================>98%]
[Progress:====>                         15%] [Cov:==================================>98%]
[Progress:====>                         15%] [Cov:==================================>98%]
[Progress:====>                         15%] [Cov:==================================>98%]
[Progress:====>                         16%] [Cov:==================================>98%]
[Progress:====>                         16%] [Cov:==================================>98%]
[Progress:====>                         16%] [Cov:==================================>98%]
[Progress:====>                         16%] [Cov:==================================>98%]
[Progress:====>                         16%] [Cov:==================================>98%]
[Progress:====>                         16%] [Cov:==================================>98%]
[Progress:====>                         16%] [Cov:==================================>98%]
[Progress:====>                         16%] [Cov:==================================>98%]
[Progress:====>                         16%] [Cov:==================================>98%]
[Progress:====>                         16%] [Cov:==================================>98%]
[Progress:====>                         16%] [Cov:==================================>98%]
[Progress:====>                         16%] [Cov:==================================>98%]
[Progress:====>                         16%] [Cov:==================================>98%]
[Progress:====>                         16%] [Cov:==================================>98%]
[Progress:====>                         16%] [Cov:==================================>98%]
[Progress:====>                         16%] [Cov:==================================>98%]
[Progress:====>                         16%] [Cov:==================================>99%]
[Progress:====>                         16%] [Cov:==================================>99%]
[Progress:====>                         16%] [Cov:==================================>99%]
[Progress:=====>                        17%] [Cov:==================================>99%]
[Progress:=====>                        17%] [Cov:==================================>99%]
[Progress:=====>                        17%] [Cov:==================================>99%]
[Progress:=====>                        17%] [Cov:==================================>99%]
[Progress:=====>                        17%] [Cov:==================================>99%]
[Progress:=====>                        17%] [Cov:==================================>99%]
[Progress:=====>                        17%] [Cov:==================================>99%]
[Progress:=====>                        17%] [Cov:==================================>99%]
[Progress:=====>                        17%] [Cov:==================================>99%]
[Progress:=====>                        17%] [Cov:==================================>99%]
[Progress:=====>                        17%] [Cov:==================================>99%]
[Progress:=====>                        17%] [Cov:==================================>99%]
[Progress:=====>                        17%] [Cov:==================================>99%]
[Progress:=====>                        17%] [Cov:==================================>99%]
[Progress:=====>                        17%] [Cov:==================================>99%]
[Progress:=====>                        17%] [Cov:==================================>99%]
[Progress:=====>                        17%] [Cov:==================================>99%]
[Progress:=====>                        17%] [Cov:==================================>99%]
[Progress:=====>                        17%] [Cov:==================================>99%]
[Progress:=====>                        17%] [Cov:==================================>99%]
[Progress:=====>                        17%] [Cov:==================================>99%]
[Progress:=====>                        17%] [Cov:==================================>99%]
[Progress:=====>                        17%] [Cov:==================================>99%]
[Progress:=====>                        17%] [Cov:==================================>99%]
[Progress:=====>                        18%] [Cov:==================================>99%]
[Progress:=====>                        18%] [Cov:==================================>99%]
[Progress:=====>                        18%] [Cov:==================================>99%]
[Progress:=====>                        18%] [Cov:==================================>99%]
[Progress:=====>                        18%] [Cov:==================================>99%]
[Progress:=====>                        18%] [Cov:==================================>99%]
[Progress:=====>                        18%] [Cov:==================================>99%]
[Progress:=====>                        18%] [Cov:==================================>99%]
[Progress:=====>                        18%] [Cov:==================================>99%]
[Progress:=====>                        18%] [Cov:==================================>99%]
[Progress:=====>                        18%] [Cov:==================================>99%]
[Progress:=====>                        18%] [Cov:==================================>99%]
[Progress:=====>                        18%] [Cov:==================================>99%]
[Progress:=====>                        18%] [Cov:==================================>99%]
[Progress:=====>                        18%] [Cov:==================================>99%]
[Progress:=====>                        18%] [Cov:==================================>99%]
[Progress:=====>                        18%] [Cov:==================================>99%]
[Progress:=====>                        18%] [Cov:==================================>99%]
[Progress:=====>                        18%] [Cov:==================================>99%]
[Progress:=====>                        18%] [Cov:==================================>99%]
[Progress:=====>                        18%] [Cov:==================================>99%]
[Progress:=====>                        18%] [Cov:==================================>99%]
[Progress:=====>                        18%] [Cov:==================================>99%]
[Progress:=====>                        18%] [Cov:==================================>99%]
[Progress:=====>                        18%] [Cov:==================================>99%]
[Progress:=====>                        19%] [Cov:==================================>99%]
[Progress:=====>                        19%] [Cov:==================================>99%]
[Progress:=====>                        19%] [Cov:==================================>99%]
[Progress:=====>                        19%] [Cov:==================================>99%]
[Progress:=====>                        19%] [Cov:==================================>99%]
[Progress:=====>                        19%] [Cov:==================================>99%]
[Progress:=====>                        19%] [Cov:==================================>99%]
[Progress:=====>                        19%] [Cov:==================================>99%]
[Progress:=====>                        19%] [Cov:==================================>99%]
[Progress:=====>                        19%] [Cov:==================================>99%]
[Progress:=====>                        19%] [Cov:==================================>99%]
[Progress:=====>                        19%] [Cov:==================================>99%]
[Progress:=====>                        19%] [Cov:==================================>99%]
[Progress:=====>                        19%] [Cov:==================================>99%]
[Progress:=====>                        19%] [Cov:==================================>99%]
[Progress:=====>                        19%] [Cov:==================================>99%]
[Progress:=====>                        19%] [Cov:==================================>99%]
[Progress:=====>                        19%] [Cov:==================================>99%]
[Progress:=====>                        19%] [Cov:==================================>99%]
[Progress:=====>                        19%] [Cov:==================================>99%]
[Progress:=====>                        19%] [Cov:==================================>99%]
[Progress:=====>                        19%] [Cov:==================================>99%]
[Progress:=====>                        19%] [Cov:==================================>99%]
[Progress:=====>                        19%] [Cov:==================================>99%]
[Progress:======>                       20%] [Cov:==================================>99%]
[Progress:======>                       20%] [Cov:==================================>99%]
[Progress:======>                       20%] [Cov:==================================>99%]
[Progress:======>                       20%] [Cov:==================================>99%]
[Progress:======>                       20%] [Cov:==================================>99%]
[Progress:======>                       20%] [Cov:==================================>99%]
[Progress:======>                       20%] [Cov:==================================>99%]
[Progress:======>                       20%] [Cov:==================================>99%]
[Progress:======>                       20%] [Cov:==================================>99%]
[Progress:======>                       20%] [Cov:==================================>99%]
[Progress:======>                       20%] [Cov:==================================>99%]
[Progress:======>                       20%] [Cov:==================================>99%]
[Progress:======>                       20%] [Cov:==================================>99%]
[Progress:======>                       20%] [Cov:==================================>99%]
[Progress:======>                       20%] [Cov:==================================>99%]
[Progress:======>                       20%] [Cov:==================================>99%]
[Progress:======>                       20%] [Cov:==================================>99%]
[Progress:======>                       20%] [Cov:==================================>99%]
[Progress:======>                       20%] [Cov:==================================>99%]
[Progress:======>                       20%] [Cov:==================================>99%]
[Progress:======>                       20%] [Cov:==================================>99%]
[Progress:======>                       20%] [Cov:==================================>99%]
[Progress:======>                       20%] [Cov:==================================>99%]
[Progress:======>                       20%] [Cov:==================================>99%]
[Progress:======>                       20%] [Cov:==================================>99%]
[Progress:======>                       20%] [Cov:==================================>99%]
[Progress:======>                       20%] [Cov:==================================>99%]
[Progress:======>                       20%] [Cov:==================================>99%]
[Progress:======>                       20%] [Cov:==================================>99%]
[Progress:======>                       20%] [Cov:==================================>99%]
[Progress:======>                       20%] [Cov:==================================>99%]
[Progress:======>                       20%] [Cov:==================================>99%]
[Progress:======>                       20%] [Cov:==================================>99%]
[Progress:======>                       20%] [Cov:==================================>99%]
[Progress:======>                       20%] [Cov:==================================>99%]
[Progress:======>                       20%] [Cov:==================================>99%]
[Progress:======>                       20%] [Cov:==================================>99%]
[Progress:======>                       20%] [Cov:==================================>99%]
[Progress:======>                       20%] [Cov:==================================>99%]
[Progress:======>                       20%] [Cov:==================================>99%]
[Progress:======>                       20%] [Cov:==================================>99%]
[Progress:======>                       20%] [Cov:==================================>99%]
[Progress:======>                       20%] [Cov:==================================>99%]
[Progress:======>                       20%] [Cov:==================================>99%]
[Progress:======>                       20%] [Cov:==================================>99%]
[Progress:======>                       20%] [Cov:==================================>99%]
[Progress:======>                       20%] [Cov:==================================>99%]
[Progress:======>                       20%] [Cov:==================================>99%]
[Progress:======>                       21%] [Cov:==================================>99%]
[Progress:======>                       21%] [Cov:==================================>99%]
[Progress:======>                       21%] [Cov:==================================>99%]
[Progress:======>                       21%] [Cov:==================================>99%]
[Progress:======>                       21%] [Cov:==================================>99%]
[Progress:======>                       21%] [Cov:==================================>99%]
[Progress:======>                       21%] [Cov:==================================>99%]
[Progress:======>                       21%] [Cov:==================================>99%]
[Progress:======>                       21%] [Cov:==================================>99%]
[Progress:======>                       21%] [Cov:==================================>99%]
[Progress:======>                       21%] [Cov:==================================>99%]
[Progress:======>                       21%] [Cov:==================================>99%]
[Progress:======>                       21%] [Cov:==================================>99%]
[Progress:======>                       21%] [Cov:==================================>99%]
[Progress:======>                       21%] [Cov:==================================>99%]
[Progress:======>                       21%] [Cov:==================================>99%]
[Progress:======>                       21%] [Cov:==================================>99%]
[Progress:======>                       21%] [Cov:==================================>99%]
[Progress:======>                       21%] [Cov:==================================>99%]
[Progress:======>                       21%] [Cov:==================================>99%]
[Progress:======>                       21%] [Cov:==================================>99%]
[Progress:======>                       21%] [Cov:==================================>99%]
[Progress:======>                       21%] [Cov:==================================>99%]
[Progress:======>                       21%] [Cov:==================================>99%]
[Progress:======>                       21%] [Cov:==================================>99%]
[Progress:======>                       21%] [Cov:==================================>99%]
[Progress:======>                       21%] [Cov:==================================>99%]
[Progress:======>                       22%] [Cov:==================================>99%]
[Progress:======>                       22%] [Cov:==================================>99%]
[Progress:======>                       22%] [Cov:==================================>99%]
[Progress:======>                       22%] [Cov:==================================>99%]
[Progress:======>                       22%] [Cov:==================================>99%]
[Progress:======>                       22%] [Cov:==================================>99%]
[Progress:======>                       22%] [Cov:==================================>99%]
[Progress:======>                       22%] [Cov:==================================>99%]
[Progress:======>                       22%] [Cov:==================================>99%]
[Progress:======>                       22%] [Cov:==================================>99%]
[Progress:======>                       22%] [Cov:==================================>99%]
[Progress:======>                       22%] [Cov:==================================>99%]
[Progress:======>                       22%] [Cov:==================================>99%]
[Progress:======>                       22%] [Cov:==================================>99%]
[Progress:======>                       22%] [Cov:==================================>99%]
[Progress:======>                       22%] [Cov:==================================>99%]
[Progress:======>                       22%] [Cov:==================================>99%]
[Progress:======>                       22%] [Cov:==================================>99%]
[Progress:======>                       22%] [Cov:==================================>99%]
[Progress:======>                       22%] [Cov:==================================>99%]
[Progress:======>                       22%] [Cov:==================================>99%]
[Progress:======>                       22%] [Cov:==================================>99%]
[Progress:======>                       22%] [Cov:==================================>99%]
[Progress:======>                       22%] [Cov:==================================>99%]
[Progress:======>                       22%] [Cov:==================================>99%]
[Progress:======>                       22%] [Cov:==================================>99%]
[Progress:======>                       22%] [Cov:==================================>99%]
[Progress:======>                       23%] [Cov:==================================>99%]
[Progress:======>                       23%] [Cov:==================================>99%]
[Progress:======>                       23%] [Cov:==================================>99%]
[Progress:======>                       23%] [Cov:==================================>99%]
[Progress:======>                       23%] [Cov:==================================>99%]
[Progress:======>                       23%] [Cov:==================================>99%]
[Progress:======>                       23%] [Cov:==================================>99%]
[Progress:======>                       23%] [Cov:==================================>99%]
[Progress:======>                       23%] [Cov:==================================>99%]
[Progress:======>                       23%] [Cov:==================================>99%]
[Progress:======>                       23%] [Cov:==================================>99%]
[Progress:======>                       23%] [Cov:==================================>99%]
[Progress:======>                       23%] [Cov:==================================>99%]
[Progress:======>                       23%] [Cov:==================================>99%]
[Progress:======>                       23%] [Cov:==================================>99%]
[Progress:======>                       23%] [Cov:==================================>99%]
[Progress:======>                       23%] [Cov:==================================>99%]
[Progress:======>                       23%] [Cov:==================================>99%]
[Progress:======>                       23%] [Cov:==================================>99%]
[Progress:======>                       23%] [Cov:==================================>99%]
[Progress:======>                       23%] [Cov:==================================>99%]
[Progress:======>                       23%] [Cov:==================================>99%]
[Progress:======>                       23%] [Cov:==================================>99%]
[Progress:======>                       23%] [Cov:==================================>99%]
[Progress:======>                       23%] [Cov:==================================>99%]
[Progress:======>                       23%] [Cov:==================================>99%]
[Progress:======>                       23%] [Cov:==================================>99%]
[Progress:======>                       23%] [Cov:==================================>99%]
[Progress:=======>                      24%] [Cov:==================================>99%]
[Progress:=======>                      24%] [Cov:==================================>99%]
[Progress:=======>                      24%] [Cov:==================================>99%]
[Progress:=======>                      24%] [Cov:==================================>99%]
[Progress:=======>                      24%] [Cov:==================================>99%]
[Progress:=======>                      24%] [Cov:==================================>99%]
[Progress:=======>                      24%] [Cov:==================================>99%]
[Progress:=======>                      24%] [Cov:==================================>99%]
[Progress:=======>                      24%] [Cov:==================================>99%]
[Progress:=======>                      24%] [Cov:==================================>99%]
[Progress:=======>                      24%] [Cov:==================================>99%]
[Progress:=======>                      24%] [Cov:==================================>99%]
[Progress:=======>                      24%] [Cov:==================================>99%]
[Progress:=======>                      24%] [Cov:==================================>99%]
[Progress:=======>                      24%] [Cov:==================================>99%]
[Progress:=======>                      24%] [Cov:==================================>99%]
[Progress:=======>                      24%] [Cov:==================================>99%]
[Progress:=======>                      24%] [Cov:==================================>99%]
[Progress:=======>                      24%] [Cov:==================================>99%]
[Progress:=======>                      24%] [Cov:==================================>99%]
[Progress:=======>                      24%] [Cov:==================================>99%]
[Progress:=======>                      24%] [Cov:==================================>99%]
[Progress:=======>                      24%] [Cov:==================================>99%]
[Progress:=======>                      24%] [Cov:==================================>99%]
[Progress:=======>                      24%] [Cov:==================================>99%]
[Progress:=======>                      24%] [Cov:==================================>99%]
[Progress:=======>                      24%] [Cov:==================================>99%]
[Progress:=======>                      24%] [Cov:==================================>99%]
[Progress:=======>                      24%] [Cov:==================================>99%]
[Progress:=======>                      25%] [Cov:==================================>99%]
[Progress:=======>                      25%] [Cov:==================================>99%]
[Progress:=======>                      25%] [Cov:==================================>99%]
[Progress:=======>                      25%] [Cov:==================================>99%]
[Progress:=======>                      25%] [Cov:==================================>99%]
[Progress:=======>                      25%] [Cov:==================================>99%]
[Progress:=======>                      25%] [Cov:==================================>99%]
[Progress:=======>                      25%] [Cov:==================================>99%]
[Progress:=======>                      25%] [Cov:==================================>99%]
[Progress:=======>                      25%] [Cov:==================================>99%]
[Progress:=======>                      25%] [Cov:==================================>99%]
[Progress:=======>                      25%] [Cov:==================================>99%]
[Progress:=======>                      25%] [Cov:==================================>99%]
[Progress:=======>                      25%] [Cov:==================================>99%]
[Progress:=======>                      25%] [Cov:==================================>99%]
[Progress:=======>                      25%] [Cov:==================================>99%]
[Progress:=======>                      25%] [Cov:==================================>99%]
[Progress:=======>                      25%] [Cov:==================================>99%]
[Progress:=======>                      25%] [Cov:==================================>99%]
[Progress:=======>                      25%] [Cov:==================================>99%]
[Progress:=======>                      25%] [Cov:==================================>99%]
[Progress:=======>                      25%] [Cov:==================================>99%]
[Progress:=======>                      25%] [Cov:==================================>99%]
[Progress:=======>                      25%] [Cov:==================================>99%]
[Progress:=======>                      25%] [Cov:==================================>99%]
[Progress:=======>                      25%] [Cov:==================================>99%]
[Progress:=======>                      25%] [Cov:==================================>99%]
[Progress:=======>                      25%] [Cov:==================================>99%]
[Progress:=======>                      25%] [Cov:==================================>99%]
[Progress:=======>                      25%] [Cov:==================================>99%]
[Progress:=======>                      25%] [Cov:==================================>99%]
[Progress:=======>                      25%] [Cov:==================================>99%]
[Progress:=======>                      25%] [Cov:==================================>99%]
[Progress:=======>                      25%] [Cov:==================================>99%]
[Progress:=======>                      25%] [Cov:==================================>99%]
[Progress:=======>                      25%] [Cov:==================================>99%]
[Progress:=======>                      25%] [Cov:==================================>99%]
[Progress:=======>                      25%] [Cov:==================================>99%]
[Progress:=======>                      25%] [Cov:==================================>99%]
[Progress:=======>                      25%] [Cov:==================================>99%]
[Progress:=======>                      25%] [Cov:==================================>99%]
[Progress:=======>                      25%] [Cov:==================================>99%]
[Progress:=======>                      25%] [Cov:==================================>99%]
[Progress:=======>                      25%] [Cov:==================================>99%]
[Progress:=======>                      25%] [Cov:==================================>99%]
[Progress:=======>                      25%] [Cov:==================================>99%]
[Progress:=======>                      25%] [Cov:==================================>99%]
[Progress:=======>                      25%] [Cov:==================================>99%]
[Progress:=======>                      25%] [Cov:==================================>99%]
[Progress:=======>                      25%] [Cov:==================================>99%]
[Progress:=======>                      25%] [Cov:==================================>99%]
[Progress:=======>                      25%] [Cov:==================================>99%]
[Progress:=======>                      25%] [Cov:==================================>99%]
[Progress:=======>                      25%] [Cov:==================================>99%]
[Progress:=======>                      25%] [Cov:==================================>99%]
[Progress:=======>                      25%] [Cov:==================================>99%]
[Progress:=======>                      25%] [Cov:==================================>99%]
[Progress:=======>                      25%] [Cov:==================================>99%]
[Progress:=======>                      26%] [Cov:==================================>99%]
[Progress:=======>                      26%] [Cov:==================================>99%]
[Progress:=======>                      26%] [Cov:==================================>99%]
[Progress:=======>                      26%] [Cov:==================================>99%]
[Progress:=======>                      26%] [Cov:==================================>99%]
[Progress:=======>                      26%] [Cov:==================================>99%]
[Progress:=======>                      26%] [Cov:==================================>99%]
[Progress:=======>                      26%] [Cov:==================================>99%]
[Progress:=======>                      26%] [Cov:==================================>99%]
[Progress:=======>                      26%] [Cov:==================================>99%]
[Progress:=======>                      26%] [Cov:==================================>99%]
[Progress:=======>                      26%] [Cov:==================================>99%]
[Progress:=======>                      26%] [Cov:==================================>99%]
[Progress:=======>                      26%] [Cov:==================================>99%]
[Progress:=======>                      26%] [Cov:==================================>99%]
[Progress:=======>                      26%] [Cov:==================================>99%]
[Progress:=======>                      26%] [Cov:==================================>99%]
[Progress:=======>                      26%] [Cov:==================================>99%]
[Progress:=======>                      26%] [Cov:==================================>99%]
[Progress:=======>                      26%] [Cov:==================================>99%]
[Progress:=======>                      26%] [Cov:==================================>99%]
[Progress:=======>                      26%] [Cov:==================================>99%]
[Progress:=======>                      26%] [Cov:==================================>99%]
[Progress:=======>                      26%] [Cov:==================================>99%]
[Progress:=======>                      26%] [Cov:==================================>99%]
[Progress:=======>                      26%] [Cov:==================================>99%]
[Progress:=======>                      26%] [Cov:==================================>99%]
[Progress:=======>                      26%] [Cov:==================================>99%]
[Progress:=======>                      26%] [Cov:==================================>99%]
[Progress:========>                     27%] [Cov:==================================>99%]
[Progress:========>                     27%] [Cov:==================================>99%]
[Progress:========>                     27%] [Cov:==================================>99%]
[Progress:========>                     27%] [Cov:==================================>99%]
[Progress:========>                     27%] [Cov:==================================>99%]
[Progress:========>                     27%] [Cov:==================================>99%]
[Progress:========>                     27%] [Cov:==================================>99%]
[Progress:========>                     27%] [Cov:==================================>99%]
[Progress:========>                     27%] [Cov:==================================>99%]
[Progress:========>                     27%] [Cov:==================================>99%]
[Progress:========>                     27%] [Cov:==================================>99%]
[Progress:========>                     27%] [Cov:==================================>99%]
[Progress:========>                     27%] [Cov:==================================>99%]
[Progress:========>                     27%] [Cov:==================================>99%]
[Progress:========>                     27%] [Cov:==================================>99%]
[Progress:========>                     27%] [Cov:==================================>99%]
[Progress:========>                     27%] [Cov:==================================>99%]
[Progress:========>                     27%] [Cov:==================================>99%]
[Progress:========>                     27%] [Cov:==================================>99%]
[Progress:========>                     27%] [Cov:==================================>99%]
[Progress:========>                     27%] [Cov:==================================>99%]
[Progress:========>                     27%] [Cov:==================================>99%]
[Progress:========>                     27%] [Cov:==================================>99%]
[Progress:========>                     27%] [Cov:==================================>99%]
[Progress:========>                     27%] [Cov:==================================>99%]
[Progress:========>                     27%] [Cov:==================================>99%]
[Progress:========>                     27%] [Cov:==================================>99%]
[Progress:========>                     27%] [Cov:==================================>99%]
[Progress:========>                     27%] [Cov:==================================>99%]
[Progress:========>                     27%] [Cov:==================================>99%]
[Progress:========>                     27%] [Cov:==================================>99%]
[Progress:========>                     28%] [Cov:==================================>99%]
[Progress:========>                     28%] [Cov:==================================>99%]
[Progress:========>                     28%] [Cov:==================================>99%]
[Progress:========>                     28%] [Cov:==================================>99%]
[Progress:========>                     28%] [Cov:==================================>99%]
[Progress:========>                     28%] [Cov:==================================>99%]
[Progress:========>                     28%] [Cov:==================================>99%]
[Progress:========>                     28%] [Cov:==================================>99%]
[Progress:========>                     28%] [Cov:==================================>99%]
[Progress:========>                     28%] [Cov:==================================>99%]
[Progress:========>                     28%] [Cov:==================================>99%]
[Progress:========>                     28%] [Cov:==================================>99%]
[Progress:========>                     28%] [Cov:==================================>99%]
[Progress:========>                     28%] [Cov:==================================>99%]
[Progress:========>                     28%] [Cov:==================================>99%]
[Progress:========>                     28%] [Cov:==================================>99%]
[Progress:========>                     28%] [Cov:==================================>99%]
[Progress:========>                     28%] [Cov:==================================>99%]
[Progress:========>                     28%] [Cov:==================================>99%]
[Progress:========>                     28%] [Cov:==================================>99%]
[Progress:========>                     28%] [Cov:==================================>99%]
[Progress:========>                     28%] [Cov:==================================>99%]
[Progress:========>                     28%] [Cov:==================================>99%]
[Progress:========>                     28%] [Cov:==================================>99%]
[Progress:========>                     28%] [Cov:==================================>99%]
[Progress:========>                     28%] [Cov:==================================>99%]
[Progress:========>                     28%] [Cov:==================================>99%]
[Progress:========>                     28%] [Cov:==================================>99%]
[Progress:========>                     28%] [Cov:==================================>99%]
[Progress:========>                     28%] [Cov:==================================>99%]
[Progress:========>                     29%] [Cov:==================================>99%]
[Progress:========>                     29%] [Cov:==================================>99%]
[Progress:========>                     29%] [Cov:==================================>99%]
[Progress:========>                     29%] [Cov:==================================>99%]
[Progress:========>                     29%] [Cov:==================================>99%]
[Progress:========>                     29%] [Cov:==================================>99%]
[Progress:========>                     29%] [Cov:==================================>99%]
[Progress:========>                     29%] [Cov:==================================>99%]
[Progress:========>                     29%] [Cov:==================================>99%]
[Progress:========>                     29%] [Cov:==================================>99%]
[Progress:========>                     29%] [Cov:==================================>99%]
[Progress:========>                     29%] [Cov:==================================>99%]
[Progress:========>                     29%] [Cov:==================================>99%]
[Progress:========>                     29%] [Cov:==================================>99%]
[Progress:========>                     29%] [Cov:==================================>99%]
[Progress:========>                     29%] [Cov:==================================>99%]
[Progress:========>                     29%] [Cov:==================================>99%]
[Progress:========>                     29%] [Cov:==================================>99%]
[Progress:========>                     29%] [Cov:==================================>99%]
[Progress:========>                     29%] [Cov:==================================>99%]
[Progress:========>                     29%] [Cov:==================================>99%]
[Progress:========>                     29%] [Cov:==================================>99%]
[Progress:========>                     29%] [Cov:==================================>99%]
[Progress:========>                     29%] [Cov:==================================>99%]
[Progress:========>                     29%] [Cov:==================================>99%]
[Progress:========>                     29%] [Cov:==================================>99%]
[Progress:========>                     29%] [Cov:==================================>99%]
[Progress:========>                     29%] [Cov:==================================>99%]
[Progress:========>                     29%] [Cov:==================================>99%]
[Progress:========>                     29%] [Cov:==================================>99%]
[Progress:=========>                    30%] [Cov:==================================>99%]
[Progress:=========>                    30%] [Cov:==================================>99%]
[Progress:=========>                    30%] [Cov:==================================>99%]
[Progress:=========>                    30%] [Cov:==================================>99%]
[Progress:=========>                    30%] [Cov:==================================>99%]
[Progress:=========>                    30%] [Cov:==================================>99%]
[Progress:=========>                    30%] [Cov:==================================>99%]
[Progress:=========>                    30%] [Cov:==================================>99%]
[Progress:=========>                    30%] [Cov:==================================>99%]
[Progress:=========>                    30%] [Cov:==================================>99%]
[Progress:=========>                    30%] [Cov:==================================>99%]
[Progress:=========>                    30%] [Cov:==================================>99%]
[Progress:=========>                    30%] [Cov:==================================>99%]
[Progress:=========>                    30%] [Cov:==================================>99%]
[Progress:=========>                    30%] [Cov:==================================>99%]
[Progress:=========>                    30%] [Cov:==================================>99%]
[Progress:=========>                    30%] [Cov:==================================>99%]
[Progress:=========>                    30%] [Cov:==================================>99%]
[Progress:=========>                    30%] [Cov:==================================>99%]
[Progress:=========>                    30%] [Cov:==================================>99%]
[Progress:=========>                    30%] [Cov:==================================>99%]
[Progress:=========>                    30%] [Cov:==================================>99%]
[Progress:=========>                    30%] [Cov:==================================>99%]
[Progress:=========>                    30%] [Cov:==================================>99%]
[Progress:=========>                    30%] [Cov:==================================>99%]
[Progress:=========>                    30%] [Cov:==================================>99%]
[Progress:=========>                    30%] [Cov:==================================>99%]
[Progress:=========>                    30%] [Cov:==================================>99%]
[Progress:=========>                    30%] [Cov:==================================>99%]
[Progress:=========>                    30%] [Cov:==================================>99%]
[Progress:=========>                    30%] [Cov:==================================>99%]
[Progress:=========>                    30%] [Cov:==================================>99%]
[Progress:=========>                    30%] [Cov:==================================>99%]
[Progress:=========>                    30%] [Cov:==================================>99%]
[Progress:=========>                    30%] [Cov:==================================>99%]
[Progress:=========>                    30%] [Cov:==================================>99%]
[Progress:=========>                    30%] [Cov:==================================>99%]
[Progress:=========>                    30%] [Cov:==================================>99%]
[Progress:=========>                    30%] [Cov:==================================>99%]
[Progress:=========>                    30%] [Cov:==================================>99%]
[Progress:=========>                    30%] [Cov:==================================>99%]
[Progress:=========>                    30%] [Cov:==================================>99%]
[Progress:=========>                    30%] [Cov:==================================>99%]
[Progress:=========>                    30%] [Cov:==================================>99%]
[Progress:=========>                    30%] [Cov:==================================>99%]
[Progress:=========>                    30%] [Cov:==================================>99%]
[Progress:=========>                    30%] [Cov:==================================>99%]
[Progress:=========>                    30%] [Cov:==================================>99%]
[Progress:=========>                    30%] [Cov:==================================>99%]
[Progress:=========>                    30%] [Cov:==================================>99%]
[Progress:=========>                    30%] [Cov:==================================>99%]
[Progress:=========>                    30%] [Cov:==================================>99%]
[Progress:=========>                    30%] [Cov:==================================>99%]
[Progress:=========>                    30%] [Cov:==================================>99%]
[Progress:=========>                    30%] [Cov:==================================>99%]
[Progress:=========>                    30%] [Cov:==================================>99%]
[Progress:=========>                    30%] [Cov:==================================>99%]
[Progress:=========>                    30%] [Cov:==================================>99%]
[Progress:=========>                    30%] [Cov:==================================>99%]
[Progress:=========>                    30%] [Cov:==================================>99%]
[Progress:=========>                    31%] [Cov:==================================>99%]
[Progress:=========>                    31%] [Cov:==================================>99%]
[Progress:=========>                    31%] [Cov:==================================>99%]
[Progress:=========>                    31%] [Cov:==================================>99%]
[Progress:=========>                    31%] [Cov:==================================>99%]
[Progress:=========>                    31%] [Cov:==================================>99%]
[Progress:=========>                    31%] [Cov:==================================>99%]
[Progress:=========>                    31%] [Cov:==================================>99%]
[Progress:=========>                    31%] [Cov:==================================>99%]
[Progress:=========>                    31%] [Cov:==================================>99%]
[Progress:=========>                    31%] [Cov:==================================>99%]
[Progress:=========>                    31%] [Cov:==================================>99%]
[Progress:=========>                    31%] [Cov:==================================>99%]
[Progress:=========>                    31%] [Cov:==================================>99%]
[Progress:=========>                    31%] [Cov:==================================>99%]
[Progress:=========>                    31%] [Cov:==================================>99%]
[Progress:=========>                    31%] [Cov:==================================>99%]
[Progress:=========>                    31%] [Cov:==================================>99%]
[Progress:=========>                    31%] [Cov:==================================>99%]
[Progress:=========>                    31%] [Cov:==================================>99%]
[Progress:=========>                    31%] [Cov:==================================>99%]
[Progress:=========>                    31%] [Cov:==================================>99%]
[Progress:=========>                    31%] [Cov:==================================>99%]
[Progress:=========>                    31%] [Cov:==================================>99%]
[Progress:=========>                    31%] [Cov:==================================>99%]
[Progress:=========>                    31%] [Cov:==================================>99%]
[Progress:=========>                    31%] [Cov:==================================>99%]
[Progress:=========>                    31%] [Cov:==================================>99%]
[Progress:=========>                    31%] [Cov:==================================>99%]
[Progress:=========>                    31%] [Cov:==================================>99%]
[Progress:=========>                    32%] [Cov:==================================>99%]
[Progress:=========>                    32%] [Cov:==================================>99%]
[Progress:=========>                    32%] [Cov:==================================>99%]
[Progress:=========>                    32%] [Cov:==================================>99%]
[Progress:=========>                    32%] [Cov:==================================>99%]
[Progress:=========>                    32%] [Cov:==================================>99%]
[Progress:=========>                    32%] [Cov:==================================>99%]
[Progress:=========>                    32%] [Cov:==================================>99%]
[Progress:=========>                    32%] [Cov:==================================>99%]
[Progress:=========>                    32%] [Cov:==================================>99%]
[Progress:=========>                    32%] [Cov:==================================>99%]
[Progress:=========>                    32%] [Cov:==================================>99%]
[Progress:=========>                    32%] [Cov:==================================>99%]
[Progress:=========>                    32%] [Cov:==================================>99%]
[Progress:=========>                    32%] [Cov:==================================>99%]
[Progress:=========>                    32%] [Cov:==================================>99%]
[Progress:=========>                    32%] [Cov:==================================>99%]
[Progress:=========>                    32%] [Cov:==================================>99%]
[Progress:=========>                    32%] [Cov:==================================>99%]
[Progress:=========>                    32%] [Cov:==================================>99%]
[Progress:=========>                    32%] [Cov:==================================>99%]
[Progress:=========>                    32%] [Cov:==================================>99%]
[Progress:=========>                    32%] [Cov:==================================>99%]
[Progress:=========>                    32%] [Cov:==================================>99%]
[Progress:=========>                    32%] [Cov:==================================>99%]
[Progress:=========>                    32%] [Cov:==================================>99%]
[Progress:=========>                    32%] [Cov:==================================>99%]
[Progress:=========>                    32%] [Cov:==================================>99%]
[Progress:=========>                    32%] [Cov:==================================>99%]
[Progress:=========>                    32%] [Cov:==================================>99%]
[Progress:=========>                    32%] [Cov:==================================>99%]
[Progress:=========>                    33%] [Cov:==================================>99%]
[Progress:=========>                    33%] [Cov:==================================>99%]
[Progress:=========>                    33%] [Cov:==================================>99%]
[Progress:=========>                    33%] [Cov:==================================>99%]
[Progress:=========>                    33%] [Cov:==================================>99%]
[Progress:=========>                    33%] [Cov:==================================>99%]
[Progress:=========>                    33%] [Cov:==================================>99%]
[Progress:=========>                    33%] [Cov:==================================>99%]
[Progress:=========>                    33%] [Cov:==================================>99%]
[Progress:=========>                    33%] [Cov:==================================>99%]
[Progress:=========>                    33%] [Cov:==================================>99%]
[Progress:=========>                    33%] [Cov:==================================>99%]
[Progress:=========>                    33%] [Cov:==================================>99%]
[Progress:=========>                    33%] [Cov:==================================>99%]
[Progress:=========>                    33%] [Cov:==================================>99%]
[Progress:=========>                    33%] [Cov:==================================>99%]
[Progress:=========>                    33%] [Cov:==================================>99%]
[Progress:=========>                    33%] [Cov:==================================>99%]
[Progress:=========>                    33%] [Cov:==================================>99%]
[Progress:=========>                    33%] [Cov:==================================>99%]
[Progress:=========>                    33%] [Cov:==================================>99%]
[Progress:=========>                    33%] [Cov:==================================>99%]
[Progress:=========>                    33%] [Cov:==================================>99%]
[Progress:=========>                    33%] [Cov:==================================>99%]
[Progress:=========>                    33%] [Cov:==================================>99%]
[Progress:=========>                    33%] [Cov:==================================>99%]
[Progress:=========>                    33%] [Cov:==================================>99%]
[Progress:=========>                    33%] [Cov:==================================>99%]
[Progress:=========>                    33%] [Cov:==================================>99%]
[Progress:=========>                    33%] [Cov:==================================>99%]
[Progress:==========>                   34%] [Cov:==================================>99%]
[Progress:==========>                   34%] [Cov:==================================>99%]
[Progress:==========>                   34%] [Cov:==================================>99%]
[Progress:==========>                   34%] [Cov:==================================>99%]
[Progress:==========>                   34%] [Cov:==================================>99%]
[Progress:==========>                   34%] [Cov:==================================>99%]
[Progress:==========>                   34%] [Cov:==================================>99%]
[Progress:==========>                   34%] [Cov:==================================>99%]
[Progress:==========>                   34%] [Cov:==================================>99%]
[Progress:==========>                   34%] [Cov:==================================>99%]
[Progress:==========>                   34%] [Cov:==================================>99%]
[Progress:==========>                   34%] [Cov:==================================>99%]
[Progress:==========>                   34%] [Cov:==================================>99%]
[Progress:==========>                   34%] [Cov:==================================>99%]
[Progress:==========>                   34%] [Cov:==================================>99%]
[Progress:==========>                   34%] [Cov:==================================>99%]
[Progress:==========>                   34%] [Cov:==================================>99%]
[Progress:==========>                   34%] [Cov:==================================>99%]
[Progress:==========>                   34%] [Cov:==================================>99%]
[Progress:==========>                   34%] [Cov:==================================>99%]
[Progress:==========>                   34%] [Cov:==================================>99%]
[Progress:==========>                   34%] [Cov:==================================>99%]
[Progress:==========>                   34%] [Cov:==================================>99%]
[Progress:==========>                   34%] [Cov:==================================>99%]
[Progress:==========>                   34%] [Cov:==================================>99%]
[Progress:==========>                   34%] [Cov:==================================>99%]
[Progress:==========>                   34%] [Cov:==================================>99%]
[Progress:==========>                   34%] [Cov:==================================>99%]
[Progress:==========>                   34%] [Cov:==================================>99%]
[Progress:==========>                   34%] [Cov:==================================>99%]
[Progress:==========>                   35%] [Cov:==================================>99%]
[Progress:==========>                   35%] [Cov:==================================>99%]
[Progress:==========>                   35%] [Cov:==================================>99%]
[Progress:==========>                   35%] [Cov:==================================>99%]
[Progress:==========>                   35%] [Cov:==================================>99%]
[Progress:==========>                   35%] [Cov:==================================>99%]
[Progress:==========>                   35%] [Cov:==================================>99%]
[Progress:==========>                   35%] [Cov:==================================>99%]
[Progress:==========>                   35%] [Cov:==================================>99%]
[Progress:==========>                   35%] [Cov:==================================>99%]
[Progress:==========>                   35%] [Cov:==================================>99%]
[Progress:==========>                   35%] [Cov:==================================>99%]
[Progress:==========>                   35%] [Cov:==================================>99%]
[Progress:==========>                   35%] [Cov:==================================>99%]
[Progress:==========>                   35%] [Cov:==================================>99%]
[Progress:==========>                   35%] [Cov:==================================>99%]
[Progress:==========>                   35%] [Cov:==================================>99%]
[Progress:==========>                   35%] [Cov:==================================>99%]
[Progress:==========>                   35%] [Cov:==================================>99%]
[Progress:==========>                   35%] [Cov:==================================>99%]
[Progress:==========>                   35%] [Cov:==================================>99%]
[Progress:==========>                   35%] [Cov:==================================>99%]
[Progress:==========>                   35%] [Cov:==================================>99%]
[Progress:==========>                   35%] [Cov:==================================>99%]
[Progress:==========>                   35%] [Cov:==================================>99%]
[Progress:==========>                   35%] [Cov:==================================>99%]
[Progress:==========>                   35%] [Cov:==================================>99%]
[Progress:==========>                   35%] [Cov:==================================>99%]
[Progress:==========>                   35%] [Cov:==================================>99%]
[Progress:==========>                   35%] [Cov:==================================>99%]
[Progress:==========>                   35%] [Cov:==================================>99%]
[Progress:==========>                   35%] [Cov:==================================>99%]
[Progress:==========>                   35%] [Cov:==================================>99%]
[Progress:==========>                   35%] [Cov:==================================>99%]
[Progress:==========>                   35%] [Cov:==================================>99%]
[Progress:==========>                   35%] [Cov:==================================>99%]
[Progress:==========>                   35%] [Cov:==================================>99%]
[Progress:==========>                   35%] [Cov:==================================>99%]
[Progress:==========>                   35%] [Cov:==================================>99%]
[Progress:==========>                   35%] [Cov:==================================>99%]
[Progress:==========>                   35%] [Cov:==================================>99%]
[Progress:==========>                   35%] [Cov:==================================>99%]
[Progress:==========>                   35%] [Cov:==================================>99%]
[Progress:==========>                   35%] [Cov:==================================>99%]
[Progress:==========>                   35%] [Cov:==================================>99%]
[Progress:==========>                   35%] [Cov:==================================>99%]
[Progress:==========>                   35%] [Cov:==================================>99%]
[Progress:==========>                   35%] [Cov:==================================>99%]
[Progress:==========>                   35%] [Cov:==================================>99%]
[Progress:==========>                   35%] [Cov:==================================>99%]
[Progress:==========>                   35%] [Cov:==================================>99%]
[Progress:==========>                   35%] [Cov:==================================>99%]
[Progress:==========>                   35%] [Cov:==================================>99%]
[Progress:==========>                   35%] [Cov:==================================>99%]
[Progress:==========>                   35%] [Cov:==================================>99%]
[Progress:==========>                   35%] [Cov:==================================>99%]
[Progress:==========>                   35%] [Cov:==================================>99%]
[Progress:==========>                   35%] [Cov:==================================>99%]
[Progress:==========>                   35%] [Cov:==================================>99%]
[Progress:==========>                   35%] [Cov:==================================>99%]
[Progress:==========>                   36%] [Cov:==================================>99%]
[Progress:==========>                   36%] [Cov:==================================>99%]
[Progress:==========>                   36%] [Cov:==================================>99%]
[Progress:==========>                   36%] [Cov:==================================>99%]
[Progress:==========>                   36%] [Cov:==================================>99%]
[Progress:==========>                   36%] [Cov:==================================>99%]
[Progress:==========>                   36%] [Cov:==================================>99%]
[Progress:==========>                   36%] [Cov:==================================>99%]
[Progress:==========>                   36%] [Cov:==================================>99%]
[Progress:==========>                   36%] [Cov:==================================>99%]
[Progress:==========>                   36%] [Cov:==================================>99%]
[Progress:==========>                   36%] [Cov:==================================>99%]
[Progress:==========>                   36%] [Cov:==================================>99%]
[Progress:==========>                   36%] [Cov:==================================>99%]
[Progress:==========>                   36%] [Cov:==================================>99%]
[Progress:==========>                   36%] [Cov:==================================>99%]
[Progress:==========>                   36%] [Cov:==================================>99%]
[Progress:==========>                   36%] [Cov:==================================>99%]
[Progress:==========>                   36%] [Cov:==================================>99%]
[Progress:==========>                   36%] [Cov:==================================>99%]
[Progress:==========>                   36%] [Cov:==================================>99%]
[Progress:==========>                   36%] [Cov:==================================>99%]
[Progress:==========>                   36%] [Cov:==================================>99%]
[Progress:==========>                   36%] [Cov:==================================>99%]
[Progress:==========>                   36%] [Cov:==================================>99%]
[Progress:==========>                   36%] [Cov:==================================>99%]
[Progress:==========>                   36%] [Cov:==================================>99%]
[Progress:==========>                   36%] [Cov:==================================>99%]
[Progress:==========>                   36%] [Cov:==================================>99%]
[Progress:==========>                   36%] [Cov:==================================>99%]
[Progress:==========>                   36%] [Cov:==================================>99%]
[Progress:===========>                  37%] [Cov:==================================>99%]
[Progress:===========>                  37%] [Cov:==================================>99%]
[Progress:===========>                  37%] [Cov:==================================>99%]
[Progress:===========>                  37%] [Cov:==================================>99%]
[Progress:===========>                  37%] [Cov:==================================>99%]
[Progress:===========>                  37%] [Cov:==================================>99%]
[Progress:===========>                  37%] [Cov:==================================>99%]
[Progress:===========>                  37%] [Cov:==================================>99%]
[Progress:===========>                  37%] [Cov:==================================>99%]
[Progress:===========>                  37%] [Cov:==================================>99%]
[Progress:===========>                  37%] [Cov:==================================>99%]
[Progress:===========>                  37%] [Cov:==================================>99%]
[Progress:===========>                  37%] [Cov:==================================>99%]
[Progress:===========>                  37%] [Cov:==================================>99%]
[Progress:===========>                  37%] [Cov:==================================>99%]
[Progress:===========>                  37%] [Cov:==================================>99%]
[Progress:===========>                  37%] [Cov:==================================>99%]
[Progress:===========>                  37%] [Cov:==================================>99%]
[Progress:===========>                  37%] [Cov:==================================>99%]
[Progress:===========>                  37%] [Cov:==================================>99%]
[Progress:===========>                  37%] [Cov:==================================>99%]
[Progress:===========>                  37%] [Cov:==================================>99%]
[Progress:===========>                  37%] [Cov:==================================>99%]
[Progress:===========>                  37%] [Cov:==================================>99%]
[Progress:===========>                  37%] [Cov:==================================>99%]
[Progress:===========>                  37%] [Cov:==================================>99%]
[Progress:===========>                  37%] [Cov:==================================>99%]
[Progress:===========>                  37%] [Cov:==================================>99%]
[Progress:===========>                  37%] [Cov:==================================>99%]
[Progress:===========>                  37%] [Cov:==================================>99%]
[Progress:===========>                  38%] [Cov:==================================>99%]
[Progress:===========>                  38%] [Cov:==================================>99%]
[Progress:===========>                  38%] [Cov:==================================>99%]
[Progress:===========>                  38%] [Cov:==================================>99%]
[Progress:===========>                  38%] [Cov:==================================>99%]
[Progress:===========>                  38%] [Cov:==================================>99%]
[Progress:===========>                  38%] [Cov:==================================>99%]
[Progress:===========>                  38%] [Cov:==================================>99%]
[Progress:===========>                  38%] [Cov:==================================>99%]
[Progress:===========>                  38%] [Cov:==================================>99%]
[Progress:===========>                  38%] [Cov:==================================>99%]
[Progress:===========>                  38%] [Cov:==================================>99%]
[Progress:===========>                  38%] [Cov:==================================>99%]
[Progress:===========>                  38%] [Cov:==================================>99%]
[Progress:===========>                  38%] [Cov:==================================>99%]
[Progress:===========>                  38%] [Cov:==================================>99%]
[Progress:===========>                  38%] [Cov:==================================>99%]
[Progress:===========>                  38%] [Cov:==================================>99%]
[Progress:===========>                  38%] [Cov:==================================>99%]
[Progress:===========>                  38%] [Cov:==================================>99%]
[Progress:===========>                  38%] [Cov:==================================>99%]
[Progress:===========>                  38%] [Cov:==================================>99%]
[Progress:===========>                  38%] [Cov:==================================>99%]
[Progress:===========>                  38%] [Cov:==================================>99%]
[Progress:===========>                  38%] [Cov:==================================>99%]
[Progress:===========>                  38%] [Cov:==================================>99%]
[Progress:===========>                  38%] [Cov:==================================>99%]
[Progress:===========>                  38%] [Cov:==================================>99%]
[Progress:===========>                  38%] [Cov:==================================>99%]
[Progress:===========>                  38%] [Cov:==================================>99%]
[Progress:===========>                  38%] [Cov:==================================>99%]
[Progress:===========>                  39%] [Cov:==================================>99%]
[Progress:===========>                  39%] [Cov:==================================>99%]
[Progress:===========>                  39%] [Cov:==================================>99%]
[Progress:===========>                  39%] [Cov:==================================>99%]
[Progress:===========>                  39%] [Cov:==================================>99%]
[Progress:===========>                  39%] [Cov:==================================>99%]
[Progress:===========>                  39%] [Cov:==================================>99%]
[Progress:===========>                  39%] [Cov:==================================>99%]
[Progress:===========>                  39%] [Cov:==================================>99%]
[Progress:===========>                  39%] [Cov:==================================>99%]
[Progress:===========>                  39%] [Cov:==================================>99%]
[Progress:===========>                  39%] [Cov:==================================>99%]
[Progress:===========>                  39%] [Cov:==================================>99%]
[Progress:===========>                  39%] [Cov:==================================>99%]
[Progress:===========>                  39%] [Cov:==================================>99%]
[Progress:===========>                  39%] [Cov:==================================>99%]
[Progress:===========>                  39%] [Cov:==================================>99%]
[Progress:===========>                  39%] [Cov:==================================>99%]
[Progress:===========>                  39%] [Cov:==================================>99%]
[Progress:===========>                  39%] [Cov:==================================>99%]
[Progress:===========>                  39%] [Cov:==================================>99%]
[Progress:===========>                  39%] [Cov:==================================>99%]
[Progress:===========>                  39%] [Cov:==================================>99%]
[Progress:===========>                  39%] [Cov:==================================>99%]
[Progress:===========>                  39%] [Cov:==================================>99%]
[Progress:===========>                  39%] [Cov:==================================>99%]
[Progress:===========>                  39%] [Cov:==================================>99%]
[Progress:===========>                  39%] [Cov:==================================>99%]
[Progress:===========>                  39%] [Cov:==================================>99%]
[Progress:===========>                  39%] [Cov:==================================>99%]
[Progress:============>                 40%] [Cov:==================================>99%]
[Progress:============>                 40%] [Cov:==================================>99%]
[Progress:============>                 40%] [Cov:==================================>99%]
[Progress:============>                 40%] [Cov:==================================>99%]
[Progress:============>                 40%] [Cov:==================================>99%]
[Progress:============>                 40%] [Cov:==================================>99%]
[Progress:============>                 40%] [Cov:==================================>99%]
[Progress:============>                 40%] [Cov:==================================>99%]
[Progress:============>                 40%] [Cov:==================================>99%]
[Progress:============>                 40%] [Cov:==================================>99%]
[Progress:============>                 40%] [Cov:==================================>99%]
[Progress:============>                 40%] [Cov:==================================>99%]
[Progress:============>                 40%] [Cov:==================================>99%]
[Progress:============>                 40%] [Cov:==================================>99%]
[Progress:============>                 40%] [Cov:==================================>99%]
[Progress:============>                 40%] [Cov:==================================>99%]
[Progress:============>                 40%] [Cov:==================================>99%]
[Progress:============>                 40%] [Cov:==================================>99%]
[Progress:============>                 40%] [Cov:==================================>99%]
[Progress:============>                 40%] [Cov:==================================>99%]
[Progress:============>                 40%] [Cov:==================================>99%]
[Progress:============>                 40%] [Cov:==================================>99%]
[Progress:============>                 40%] [Cov:==================================>99%]
[Progress:============>                 40%] [Cov:==================================>99%]
[Progress:============>                 40%] [Cov:==================================>99%]
[Progress:============>                 40%] [Cov:==================================>99%]
[Progress:============>                 40%] [Cov:==================================>99%]
[Progress:============>                 40%] [Cov:==================================>99%]
[Progress:============>                 40%] [Cov:==================================>99%]
[Progress:============>                 40%] [Cov:==================================>99%]
[Progress:============>                 40%] [Cov:==================================>99%]
[Progress:============>                 40%] [Cov:==================================>99%]
[Progress:============>                 40%] [Cov:==================================>99%]
[Progress:============>                 40%] [Cov:==================================>99%]
[Progress:============>                 40%] [Cov:==================================>99%]
[Progress:============>                 40%] [Cov:==================================>99%]
[Progress:============>                 40%] [Cov:==================================>99%]
[Progress:============>                 40%] [Cov:==================================>99%]
[Progress:============>                 40%] [Cov:==================================>99%]
[Progress:============>                 40%] [Cov:==================================>99%]
[Progress:============>                 40%] [Cov:==================================>99%]
[Progress:============>                 40%] [Cov:==================================>99%]
[Progress:============>                 40%] [Cov:==================================>99%]
[Progress:============>                 40%] [Cov:==================================>99%]
[Progress:============>                 40%] [Cov:==================================>99%]
[Progress:============>                 40%] [Cov:==================================>99%]
[Progress:============>                 40%] [Cov:==================================>99%]
[Progress:============>                 40%] [Cov:==================================>99%]
[Progress:============>                 40%] [Cov:==================================>99%]
[Progress:============>                 40%] [Cov:==================================>99%]
[Progress:============>                 40%] [Cov:==================================>99%]
[Progress:============>                 40%] [Cov:==================================>99%]
[Progress:============>                 40%] [Cov:==================================>99%]
[Progress:============>                 40%] [Cov:==================================>99%]
[Progress:============>                 40%] [Cov:==================================>99%]
[Progress:============>                 40%] [Cov:==================================>99%]
[Progress:============>                 40%] [Cov:==================================>99%]
[Progress:============>                 40%] [Cov:==================================>99%]
[Progress:============>                 40%] [Cov:==================================>99%]
[Progress:============>                 40%] [Cov:==================================>99%]
[Progress:============>                 40%] [Cov:==================================>99%]
[Progress:============>                 41%] [Cov:==================================>99%]
[Progress:============>                 41%] [Cov:==================================>99%]
[Progress:============>                 41%] [Cov:==================================>99%]
[Progress:============>                 41%] [Cov:==================================>99%]
[Progress:============>                 41%] [Cov:==================================>99%]
[Progress:============>                 41%] [Cov:==================================>99%]
[Progress:============>                 41%] [Cov:==================================>99%]
[Progress:============>                 41%] [Cov:==================================>99%]
[Progress:============>                 41%] [Cov:==================================>99%]
[Progress:============>                 41%] [Cov:==================================>99%]
[Progress:============>                 41%] [Cov:==================================>99%]
[Progress:============>                 41%] [Cov:==================================>99%]
[Progress:============>                 41%] [Cov:==================================>99%]
[Progress:============>                 41%] [Cov:==================================>99%]
[Progress:============>                 41%] [Cov:==================================>99%]
[Progress:============>                 41%] [Cov:==================================>99%]
[Progress:============>                 41%] [Cov:==================================>99%]
[Progress:============>                 41%] [Cov:==================================>99%]
[Progress:============>                 41%] [Cov:==================================>99%]
[Progress:============>                 41%] [Cov:==================================>99%]
[Progress:============>                 41%] [Cov:==================================>99%]
[Progress:============>                 41%] [Cov:==================================>99%]
[Progress:============>                 41%] [Cov:==================================>99%]
[Progress:============>                 41%] [Cov:==================================>99%]
[Progress:============>                 41%] [Cov:==================================>99%]
[Progress:============>                 41%] [Cov:==================================>99%]
[Progress:============>                 41%] [Cov:==================================>99%]
[Progress:============>                 41%] [Cov:==================================>99%]
[Progress:============>                 41%] [Cov:==================================>99%]
[Progress:============>                 41%] [Cov:==================================>99%]
[Progress:============>                 41%] [Cov:==================================>99%]
[Progress:============>                 42%] [Cov:==================================>99%]
[Progress:============>                 42%] [Cov:==================================>99%]
[Progress:============>                 42%] [Cov:==================================>99%]
[Progress:============>                 42%] [Cov:==================================>99%]
[Progress:============>                 42%] [Cov:==================================>99%]
[Progress:============>                 42%] [Cov:==================================>99%]
[Progress:============>                 42%] [Cov:==================================>99%]
[Progress:============>                 42%] [Cov:==================================>99%]
[Progress:============>                 42%] [Cov:==================================>99%]
[Progress:============>                 42%] [Cov:==================================>99%]
[Progress:============>                 42%] [Cov:==================================>99%]
[Progress:============>                 42%] [Cov:==================================>99%]
[Progress:============>                 42%] [Cov:==================================>99%]
[Progress:============>                 42%] [Cov:==================================>99%]
[Progress:============>                 42%] [Cov:==================================>99%]
[Progress:============>                 42%] [Cov:==================================>99%]
[Progress:============>                 42%] [Cov:==================================>99%]
[Progress:============>                 42%] [Cov:==================================>99%]
[Progress:============>                 42%] [Cov:==================================>99%]
[Progress:============>                 42%] [Cov:==================================>99%]
[Progress:============>                 42%] [Cov:==================================>99%]
[Progress:============>                 42%] [Cov:==================================>99%]
[Progress:============>                 42%] [Cov:==================================>99%]
[Progress:============>                 42%] [Cov:==================================>99%]
[Progress:============>                 42%] [Cov:==================================>99%]
[Progress:============>                 42%] [Cov:==================================>99%]
[Progress:============>                 42%] [Cov:==================================>99%]
[Progress:============>                 42%] [Cov:==================================>99%]
[Progress:============>                 42%] [Cov:==================================>99%]
[Progress:============>                 42%] [Cov:==================================>99%]
[Progress:============>                 42%] [Cov:==================================>99%]
[Progress:============>                 42%] [Cov:==================================>99%]
[Progress:============>                 43%] [Cov:==================================>99%]
[Progress:============>                 43%] [Cov:==================================>99%]
[Progress:============>                 43%] [Cov:==================================>99%]
[Progress:============>                 43%] [Cov:==================================>99%]
[Progress:============>                 43%] [Cov:==================================>99%]
[Progress:============>                 43%] [Cov:==================================>99%]
[Progress:============>                 43%] [Cov:==================================>99%]
[Progress:============>                 43%] [Cov:==================================>99%]
[Progress:============>                 43%] [Cov:==================================>99%]
[Progress:============>                 43%] [Cov:==================================>99%]
[Progress:============>                 43%] [Cov:==================================>99%]
[Progress:============>                 43%] [Cov:==================================>99%]
[Progress:============>                 43%] [Cov:==================================>99%]
[Progress:============>                 43%] [Cov:==================================>99%]
[Progress:============>                 43%] [Cov:==================================>99%]
[Progress:============>                 43%] [Cov:==================================>99%]
[Progress:============>                 43%] [Cov:==================================>99%]
[Progress:============>                 43%] [Cov:==================================>99%]
[Progress:============>                 43%] [Cov:==================================>99%]
[Progress:============>                 43%] [Cov:==================================>99%]
[Progress:============>                 43%] [Cov:==================================>99%]
[Progress:============>                 43%] [Cov:==================================>99%]
[Progress:============>                 43%] [Cov:==================================>99%]
[Progress:============>                 43%] [Cov:==================================>99%]
[Progress:============>                 43%] [Cov:==================================>99%]
[Progress:============>                 43%] [Cov:==================================>99%]
[Progress:============>                 43%] [Cov:==================================>99%]
[Progress:============>                 43%] [Cov:==================================>99%]
[Progress:============>                 43%] [Cov:==================================>99%]
[Progress:============>                 43%] [Cov:==================================>99%]
[Progress:============>                 43%] [Cov:==================================>99%]
[Progress:============>                 43%] [Cov:==================================>99%]
[Progress:=============>                44%] [Cov:==================================>99%]
[Progress:=============>                44%] [Cov:==================================>99%]
[Progress:=============>                44%] [Cov:==================================>99%]
[Progress:=============>                44%] [Cov:==================================>99%]
[Progress:=============>                44%] [Cov:==================================>99%]
[Progress:=============>                44%] [Cov:==================================>99%]
[Progress:=============>                44%] [Cov:==================================>99%]
[Progress:=============>                44%] [Cov:==================================>99%]
[Progress:=============>                44%] [Cov:==================================>99%]
[Progress:=============>                44%] [Cov:==================================>99%]
[Progress:=============>                44%] [Cov:==================================>99%]
[Progress:=============>                44%] [Cov:==================================>99%]
[Progress:=============>                44%] [Cov:==================================>99%]
[Progress:=============>                44%] [Cov:==================================>99%]
[Progress:=============>                44%] [Cov:==================================>99%]
[Progress:=============>                44%] [Cov:==================================>99%]
[Progress:=============>                44%] [Cov:==================================>99%]
[Progress:=============>                44%] [Cov:==================================>99%]
[Progress:=============>                44%] [Cov:==================================>99%]
[Progress:=============>                44%] [Cov:==================================>99%]
[Progress:=============>                44%] [Cov:==================================>99%]
[Progress:=============>                44%] [Cov:==================================>99%]
[Progress:=============>                44%] [Cov:==================================>99%]
[Progress:=============>                44%] [Cov:==================================>99%]
[Progress:=============>                44%] [Cov:==================================>99%]
[Progress:=============>                44%] [Cov:==================================>99%]
[Progress:=============>                44%] [Cov:==================================>99%]
[Progress:=============>                44%] [Cov:==================================>99%]
[Progress:=============>                44%] [Cov:==================================>99%]
[Progress:=============>                44%] [Cov:==================================>99%]
[Progress:=============>                44%] [Cov:==================================>99%]
[Progress:=============>                45%] [Cov:==================================>99%]
[Progress:=============>                45%] [Cov:==================================>99%]
[Progress:=============>                45%] [Cov:==================================>99%]
[Progress:=============>                45%] [Cov:==================================>99%]
[Progress:=============>                45%] [Cov:==================================>99%]
[Progress:=============>                45%] [Cov:==================================>99%]
[Progress:=============>                45%] [Cov:==================================>99%]
[Progress:=============>                45%] [Cov:==================================>99%]
[Progress:=============>                45%] [Cov:==================================>99%]
[Progress:=============>                45%] [Cov:==================================>99%]
[Progress:=============>                45%] [Cov:==================================>99%]
[Progress:=============>                45%] [Cov:==================================>99%]
[Progress:=============>                45%] [Cov:==================================>99%]
[Progress:=============>                45%] [Cov:==================================>99%]
[Progress:=============>                45%] [Cov:==================================>99%]
[Progress:=============>                45%] [Cov:==================================>99%]
[Progress:=============>                45%] [Cov:==================================>99%]
[Progress:=============>                45%] [Cov:==================================>99%]
[Progress:=============>                45%] [Cov:==================================>99%]
[Progress:=============>                45%] [Cov:==================================>99%]
[Progress:=============>                45%] [Cov:==================================>99%]
[Progress:=============>                45%] [Cov:==================================>99%]
[Progress:=============>                45%] [Cov:==================================>99%]
[Progress:=============>                45%] [Cov:==================================>99%]
[Progress:=============>                45%] [Cov:==================================>99%]
[Progress:=============>                45%] [Cov:==================================>99%]
[Progress:=============>                45%] [Cov:==================================>99%]
[Progress:=============>                45%] [Cov:==================================>99%]
[Progress:=============>                45%] [Cov:==================================>99%]
[Progress:=============>                45%] [Cov:==================================>99%]
[Progress:=============>                45%] [Cov:==================================>99%]
[Progress:=============>                45%] [Cov:==================================>99%]
[Progress:=============>                45%] [Cov:==================================>99%]
[Progress:=============>                45%] [Cov:==================================>99%]
[Progress:=============>                45%] [Cov:==================================>99%]
[Progress:=============>                45%] [Cov:==================================>99%]
[Progress:=============>                45%] [Cov:==================================>99%]
[Progress:=============>                45%] [Cov:==================================>99%]
[Progress:=============>                45%] [Cov:==================================>99%]
[Progress:=============>                45%] [Cov:==================================>99%]
[Progress:=============>                45%] [Cov:==================================>99%]
[Progress:=============>                45%] [Cov:==================================>99%]
[Progress:=============>                45%] [Cov:==================================>99%]
[Progress:=============>                45%] [Cov:==================================>99%]
[Progress:=============>                45%] [Cov:==================================>99%]
[Progress:=============>                45%] [Cov:==================================>99%]
[Progress:=============>                45%] [Cov:==================================>99%]
[Progress:=============>                45%] [Cov:==================================>99%]
[Progress:=============>                45%] [Cov:==================================>99%]
[Progress:=============>                45%] [Cov:==================================>99%]
[Progress:=============>                45%] [Cov:==================================>99%]
[Progress:=============>                45%] [Cov:==================================>99%]
[Progress:=============>                45%] [Cov:==================================>99%]
[Progress:=============>                45%] [Cov:==================================>99%]
[Progress:=============>                45%] [Cov:==================================>99%]
[Progress:=============>                45%] [Cov:==================================>99%]
[Progress:=============>                45%] [Cov:==================================>99%]
[Progress:=============>                45%] [Cov:==================================>99%]
[Progress:=============>                45%] [Cov:==================================>99%]
[Progress:=============>                45%] [Cov:==================================>99%]
[Progress:=============>                45%] [Cov:==================================>99%]
[Progress:=============>                45%] [Cov:==================================>99%]
[Progress:=============>                45%] [Cov:==================================>99%]
[Progress:=============>                45%] [Cov:==================================>99%]
[Progress:=============>                45%] [Cov:==================================>99%]
[Progress:=============>                46%] [Cov:==================================>99%]
[Progress:=============>                46%] [Cov:==================================>99%]
[Progress:=============>                46%] [Cov:==================================>99%]
[Progress:=============>                46%] [Cov:==================================>99%]
[Progress:=============>                46%] [Cov:==================================>99%]
[Progress:=============>                46%] [Cov:==================================>99%]
[Progress:=============>                46%] [Cov:==================================>99%]
[Progress:=============>                46%] [Cov:==================================>99%]
[Progress:=============>                46%] [Cov:==================================>99%]
[Progress:=============>                46%] [Cov:==================================>99%]
[Progress:=============>                46%] [Cov:==================================>99%]
[Progress:=============>                46%] [Cov:==================================>99%]
[Progress:=============>                46%] [Cov:==================================>99%]
[Progress:=============>                46%] [Cov:==================================>99%]
[Progress:=============>                46%] [Cov:==================================>99%]
[Progress:=============>                46%] [Cov:==================================>99%]
[Progress:=============>                46%] [Cov:==================================>99%]
[Progress:=============>                46%] [Cov:==================================>99%]
[Progress:=============>                46%] [Cov:==================================>99%]
[Progress:=============>                46%] [Cov:==================================>99%]
[Progress:=============>                46%] [Cov:==================================>99%]
[Progress:=============>                46%] [Cov:==================================>99%]
[Progress:=============>                46%] [Cov:==================================>99%]
[Progress:=============>                46%] [Cov:==================================>99%]
[Progress:=============>                46%] [Cov:==================================>99%]
[Progress:=============>                46%] [Cov:==================================>99%]
[Progress:=============>                46%] [Cov:==================================>99%]
[Progress:=============>                46%] [Cov:==================================>99%]
[Progress:=============>                46%] [Cov:==================================>99%]
[Progress:=============>                46%] [Cov:==================================>99%]
[Progress:=============>                46%] [Cov:==================================>99%]
[Progress:=============>                46%] [Cov:==================================>99%]
[Progress:==============>               47%] [Cov:==================================>99%]
[Progress:==============>               47%] [Cov:==================================>99%]
[Progress:==============>               47%] [Cov:==================================>99%]
[Progress:==============>               47%] [Cov:==================================>99%]
[Progress:==============>               47%] [Cov:==================================>99%]
[Progress:==============>               47%] [Cov:==================================>99%]
[Progress:==============>               47%] [Cov:==================================>99%]
[Progress:==============>               47%] [Cov:==================================>99%]
[Progress:==============>               47%] [Cov:==================================>99%]
[Progress:==============>               47%] [Cov:==================================>99%]
[Progress:==============>               47%] [Cov:==================================>99%]
[Progress:==============>               47%] [Cov:==================================>99%]
[Progress:==============>               47%] [Cov:==================================>99%]
[Progress:==============>               47%] [Cov:==================================>99%]
[Progress:==============>               47%] [Cov:==================================>99%]
[Progress:==============>               47%] [Cov:==================================>99%]
[Progress:==============>               47%] [Cov:==================================>99%]
[Progress:==============>               47%] [Cov:==================================>99%]
[Progress:==============>               47%] [Cov:==================================>99%]
[Progress:==============>               47%] [Cov:==================================>99%]
[Progress:==============>               47%] [Cov:==================================>99%]
[Progress:==============>               47%] [Cov:==================================>99%]
[Progress:==============>               47%] [Cov:==================================>99%]
[Progress:==============>               47%] [Cov:==================================>99%]
[Progress:==============>               47%] [Cov:==================================>99%]
[Progress:==============>               47%] [Cov:==================================>99%]
[Progress:==============>               47%] [Cov:==================================>99%]
[Progress:==============>               47%] [Cov:==================================>99%]
[Progress:==============>               47%] [Cov:==================================>99%]
[Progress:==============>               47%] [Cov:==================================>99%]
[Progress:==============>               47%] [Cov:==================================>99%]
[Progress:==============>               47%] [Cov:==================================>99%]
[Progress:==============>               47%] [Cov:==================================>99%]
[Progress:==============>               48%] [Cov:==================================>99%]
[Progress:==============>               48%] [Cov:==================================>99%]
[Progress:==============>               48%] [Cov:==================================>99%]
[Progress:==============>               48%] [Cov:==================================>99%]
[Progress:==============>               48%] [Cov:==================================>99%]
[Progress:==============>               48%] [Cov:==================================>99%]
[Progress:==============>               48%] [Cov:==================================>99%]
[Progress:==============>               48%] [Cov:==================================>99%]
[Progress:==============>               48%] [Cov:==================================>99%]
[Progress:==============>               48%] [Cov:==================================>99%]
[Progress:==============>               48%] [Cov:==================================>99%]
[Progress:==============>               48%] [Cov:==================================>99%]
[Progress:==============>               48%] [Cov:==================================>99%]
[Progress:==============>               48%] [Cov:==================================>99%]
[Progress:==============>               48%] [Cov:==================================>99%]
[Progress:==============>               48%] [Cov:==================================>99%]
[Progress:==============>               48%] [Cov:==================================>99%]
[Progress:==============>               48%] [Cov:==================================>99%]
[Progress:==============>               48%] [Cov:==================================>99%]
[Progress:==============>               48%] [Cov:==================================>99%]
[Progress:==============>               48%] [Cov:==================================>99%]
[Progress:==============>               48%] [Cov:==================================>99%]
[Progress:==============>               48%] [Cov:==================================>99%]
[Progress:==============>               48%] [Cov:==================================>99%]
[Progress:==============>               48%] [Cov:==================================>99%]
[Progress:==============>               48%] [Cov:==================================>99%]
[Progress:==============>               48%] [Cov:==================================>99%]
[Progress:==============>               48%] [Cov:==================================>99%]
[Progress:==============>               48%] [Cov:==================================>99%]
[Progress:==============>               48%] [Cov:==================================>99%]
[Progress:==============>               48%] [Cov:==================================>99%]
[Progress:==============>               48%] [Cov:==================================>99%]
[Progress:==============>               48%] [Cov:==================================>99%]
[Progress:==============>               49%] [Cov:==================================>99%]
[Progress:==============>               49%] [Cov:==================================>99%]
[Progress:==============>               49%] [Cov:==================================>99%]
[Progress:==============>               49%] [Cov:==================================>99%]
[Progress:==============>               49%] [Cov:==================================>99%]
[Progress:==============>               49%] [Cov:==================================>99%]
[Progress:==============>               49%] [Cov:==================================>99%]
[Progress:==============>               49%] [Cov:==================================>99%]
[Progress:==============>               49%] [Cov:==================================>99%]
[Progress:==============>               49%] [Cov:==================================>99%]
[Progress:==============>               49%] [Cov:==================================>99%]
[Progress:==============>               49%] [Cov:==================================>99%]
[Progress:==============>               49%] [Cov:==================================>99%]
[Progress:==============>               49%] [Cov:==================================>99%]
[Progress:==============>               49%] [Cov:==================================>99%]
[Progress:==============>               49%] [Cov:==================================>99%]
[Progress:==============>               49%] [Cov:==================================>99%]
[Progress:==============>               49%] [Cov:==================================>99%]
[Progress:==============>               49%] [Cov:==================================>99%]
[Progress:==============>               49%] [Cov:==================================>99%]
[Progress:==============>               49%] [Cov:==================================>99%]
[Progress:==============>               49%] [Cov:==================================>99%]
[Progress:==============>               49%] [Cov:==================================>99%]
[Progress:==============>               49%] [Cov:==================================>99%]
[Progress:==============>               49%] [Cov:==================================>99%]
[Progress:==============>               49%] [Cov:==================================>99%]
[Progress:==============>               49%] [Cov:==================================>99%]
[Progress:==============>               49%] [Cov:==================================>99%]
[Progress:==============>               49%] [Cov:==================================>99%]
[Progress:==============>               49%] [Cov:==================================>99%]
[Progress:==============>               49%] [Cov:==================================>99%]
[Progress:===============>              50%] [Cov:==================================>99%]
[Progress:===============>              50%] [Cov:==================================>99%]
[Progress:===============>              50%] [Cov:==================================>99%]
[Progress:===============>              50%] [Cov:==================================>99%]
[Progress:===============>              50%] [Cov:==================================>99%]
[Progress:===============>              50%] [Cov:==================================>99%]
[Progress:===============>              50%] [Cov:==================================>99%]
[Progress:===============>              50%] [Cov:==================================>99%]
[Progress:===============>              50%] [Cov:==================================>99%]
[Progress:===============>              50%] [Cov:==================================>99%]
[Progress:===============>              50%] [Cov:==================================>99%]
[Progress:===============>              50%] [Cov:==================================>99%]
[Progress:===============>              50%] [Cov:==================================>99%]
[Progress:===============>              50%] [Cov:==================================>99%]
[Progress:===============>              50%] [Cov:==================================>99%]
[Progress:===============>              50%] [Cov:==================================>99%]
[Progress:===============>              50%] [Cov:==================================>99%]
[Progress:===============>              50%] [Cov:==================================>99%]
[Progress:===============>              50%] [Cov:==================================>99%]
[Progress:===============>              50%] [Cov:==================================>99%]
[Progress:===============>              50%] [Cov:==================================>99%]
[Progress:===============>              50%] [Cov:==================================>99%]
[Progress:===============>              50%] [Cov:==================================>99%]
[Progress:===============>              50%] [Cov:==================================>99%]
[Progress:===============>              50%] [Cov:==================================>99%]
[Progress:===============>              50%] [Cov:==================================>99%]
[Progress:===============>              50%] [Cov:==================================>99%]
[Progress:===============>              50%] [Cov:==================================>99%]
[Progress:===============>              50%] [Cov:==================================>99%]
[Progress:===============>              50%] [Cov:==================================>99%]
[Progress:===============>              50%] [Cov:==================================>99%]
[Progress:===============>              50%] [Cov:==================================>99%]
[Progress:===============>              50%] [Cov:==================================>99%]
[Progress:===============>              50%] [Cov:==================================>99%]
[Progress:===============>              50%] [Cov:==================================>99%]
[Progress:===============>              50%] [Cov:==================================>99%]
[Progress:===============>              50%] [Cov:==================================>99%]
[Progress:===============>              50%] [Cov:==================================>99%]
[Progress:===============>              50%] [Cov:==================================>99%]
[Progress:===============>              50%] [Cov:==================================>99%]
[Progress:===============>              50%] [Cov:==================================>99%]
[Progress:===============>              50%] [Cov:==================================>99%]
[Progress:===============>              50%] [Cov:==================================>99%]
[Progress:===============>              50%] [Cov:==================================>99%]
[Progress:===============>              50%] [Cov:==================================>99%]
[Progress:===============>              50%] [Cov:==================================>99%]
[Progress:===============>              50%] [Cov:==================================>99%]
[Progress:===============>              50%] [Cov:==================================>99%]
[Progress:===============>              50%] [Cov:==================================>99%]
[Progress:===============>              50%] [Cov:==================================>99%]
[Progress:===============>              50%] [Cov:==================================>99%]
[Progress:===============>              50%] [Cov:==================================>99%]
[Progress:===============>              50%] [Cov:==================================>99%]
[Progress:===============>              50%] [Cov:==================================>99%]
[Progress:===============>              50%] [Cov:==================================>99%]
[Progress:===============>              50%] [Cov:==================================>99%]
[Progress:===============>              50%] [Cov:==================================>99%]
[Progress:===============>              50%] [Cov:==================================>99%]
[Progress:===============>              50%] [Cov:==================================>99%]
[Progress:===============>              50%] [Cov:==================================>99%]
[Progress:===============>              50%] [Cov:==================================>99%]
[Progress:===============>              50%] [Cov:==================================>99%]
[Progress:===============>              50%] [Cov:==================================>99%]
[Progress:===============>              51%] [Cov:==================================>99%]
[Progress:===============>              51%] [Cov:==================================>99%]
[Progress:===============>              51%] [Cov:==================================>99%]
[Progress:===============>              51%] [Cov:==================================>99%]
[Progress:===============>              51%] [Cov:==================================>99%]
[Progress:===============>              51%] [Cov:==================================>99%]
[Progress:===============>              51%] [Cov:==================================>99%]
[Progress:===============>              51%] [Cov:==================================>99%]
[Progress:===============>              51%] [Cov:==================================>99%]
[Progress:===============>              51%] [Cov:==================================>99%]
[Progress:===============>              51%] [Cov:==================================>99%]
[Progress:===============>              51%] [Cov:==================================>99%]
[Progress:===============>              51%] [Cov:==================================>99%]
[Progress:===============>              51%] [Cov:==================================>99%]
[Progress:===============>              51%] [Cov:==================================>99%]
[Progress:===============>              51%] [Cov:==================================>99%]
[Progress:===============>              51%] [Cov:==================================>99%]
[Progress:===============>              51%] [Cov:==================================>99%]
[Progress:===============>              51%] [Cov:==================================>99%]
[Progress:===============>              51%] [Cov:==================================>99%]
[Progress:===============>              51%] [Cov:==================================>99%]
[Progress:===============>              51%] [Cov:==================================>99%]
[Progress:===============>              51%] [Cov:==================================>99%]
[Progress:===============>              51%] [Cov:==================================>99%]
[Progress:===============>              51%] [Cov:==================================>99%]
[Progress:===============>              51%] [Cov:==================================>99%]
[Progress:===============>              51%] [Cov:==================================>99%]
[Progress:===============>              51%] [Cov:==================================>99%]
[Progress:===============>              51%] [Cov:==================================>99%]
[Progress:===============>              51%] [Cov:==================================>99%]
[Progress:===============>              51%] [Cov:==================================>99%]
[Progress:===============>              51%] [Cov:==================================>99%]
[Progress:===============>              52%] [Cov:==================================>99%]
[Progress:===============>              52%] [Cov:==================================>99%]
[Progress:===============>              52%] [Cov:==================================>99%]
[Progress:===============>              52%] [Cov:==================================>99%]
[Progress:===============>              52%] [Cov:==================================>99%]
[Progress:===============>              52%] [Cov:==================================>99%]
[Progress:===============>              52%] [Cov:==================================>99%]
[Progress:===============>              52%] [Cov:==================================>99%]
[Progress:===============>              52%] [Cov:==================================>99%]
[Progress:===============>              52%] [Cov:==================================>99%]
[Progress:===============>              52%] [Cov:==================================>99%]
[Progress:===============>              52%] [Cov:==================================>99%]
[Progress:===============>              52%] [Cov:==================================>99%]
[Progress:===============>              52%] [Cov:==================================>99%]
[Progress:===============>              52%] [Cov:==================================>99%]
[Progress:===============>              52%] [Cov:==================================>99%]
[Progress:===============>              52%] [Cov:==================================>99%]
[Progress:===============>              52%] [Cov:==================================>99%]
[Progress:===============>              52%] [Cov:==================================>99%]
[Progress:===============>              52%] [Cov:==================================>99%]
[Progress:===============>              52%] [Cov:==================================>99%]
[Progress:===============>              52%] [Cov:==================================>99%]
[Progress:===============>              52%] [Cov:==================================>99%]
[Progress:===============>              52%] [Cov:==================================>99%]
[Progress:===============>              52%] [Cov:==================================>99%]
[Progress:===============>              52%] [Cov:==================================>99%]
[Progress:===============>              52%] [Cov:==================================>99%]
[Progress:===============>              52%] [Cov:==================================>99%]
[Progress:===============>              52%] [Cov:==================================>99%]
[Progress:===============>              52%] [Cov:==================================>99%]
[Progress:===============>              52%] [Cov:==================================>99%]
[Progress:===============>              52%] [Cov:==================================>99%]
[Progress:===============>              53%] [Cov:==================================>99%]
[Progress:===============>              53%] [Cov:==================================>99%]
[Progress:===============>              53%] [Cov:==================================>99%]
[Progress:===============>              53%] [Cov:==================================>99%]
[Progress:===============>              53%] [Cov:==================================>99%]
[Progress:===============>              53%] [Cov:==================================>99%]
[Progress:===============>              53%] [Cov:==================================>99%]
[Progress:===============>              53%] [Cov:==================================>99%]
[Progress:===============>              53%] [Cov:==================================>99%]
[Progress:===============>              53%] [Cov:==================================>99%]
[Progress:===============>              53%] [Cov:==================================>99%]
[Progress:===============>              53%] [Cov:==================================>99%]
[Progress:===============>              53%] [Cov:==================================>99%]
[Progress:===============>              53%] [Cov:==================================>99%]
[Progress:===============>              53%] [Cov:==================================>99%]
[Progress:===============>              53%] [Cov:==================================>99%]
[Progress:===============>              53%] [Cov:==================================>99%]
[Progress:===============>              53%] [Cov:==================================>99%]
[Progress:===============>              53%] [Cov:==================================>99%]
[Progress:===============>              53%] [Cov:==================================>99%]
[Progress:===============>              53%] [Cov:==================================>99%]
[Progress:===============>              53%] [Cov:==================================>99%]
[Progress:===============>              53%] [Cov:==================================>99%]
[Progress:===============>              53%] [Cov:==================================>99%]
[Progress:===============>              53%] [Cov:==================================>99%]
[Progress:===============>              53%] [Cov:==================================>99%]
[Progress:===============>              53%] [Cov:==================================>99%]
[Progress:===============>              53%] [Cov:==================================>99%]
[Progress:===============>              53%] [Cov:==================================>99%]
[Progress:===============>              53%] [Cov:==================================>99%]
[Progress:===============>              53%] [Cov:==================================>99%]
[Progress:===============>              53%] [Cov:==================================>99%]
[Progress:================>             54%] [Cov:==================================>99%]
[Progress:================>             54%] [Cov:==================================>99%]
[Progress:================>             54%] [Cov:==================================>99%]
[Progress:================>             54%] [Cov:==================================>99%]
[Progress:================>             54%] [Cov:==================================>99%]
[Progress:================>             54%] [Cov:==================================>99%]
[Progress:================>             54%] [Cov:==================================>99%]
[Progress:================>             54%] [Cov:==================================>99%]
[Progress:================>             54%] [Cov:==================================>99%]
[Progress:================>             54%] [Cov:==================================>99%]
[Progress:================>             54%] [Cov:==================================>99%]
[Progress:================>             54%] [Cov:==================================>99%]
[Progress:================>             54%] [Cov:==================================>99%]
[Progress:================>             54%] [Cov:==================================>99%]
[Progress:================>             54%] [Cov:==================================>99%]
[Progress:================>             54%] [Cov:==================================>99%]
[Progress:================>             54%] [Cov:==================================>99%]
[Progress:================>             54%] [Cov:==================================>99%]
[Progress:================>             54%] [Cov:==================================>99%]
[Progress:================>             54%] [Cov:==================================>99%]
[Progress:================>             54%] [Cov:==================================>99%]
[Progress:================>             54%] [Cov:==================================>99%]
[Progress:================>             54%] [Cov:==================================>99%]
[Progress:================>             54%] [Cov:==================================>99%]
[Progress:================>             54%] [Cov:==================================>99%]
[Progress:================>             54%] [Cov:==================================>99%]
[Progress:================>             54%] [Cov:==================================>99%]
[Progress:================>             54%] [Cov:==================================>99%]
[Progress:================>             54%] [Cov:==================================>99%]
[Progress:================>             54%] [Cov:==================================>99%]
[Progress:================>             54%] [Cov:==================================>99%]
[Progress:================>             54%] [Cov:==================================>99%]
[Progress:================>             55%] [Cov:==================================>99%]
[Progress:================>             55%] [Cov:==================================>99%]
[Progress:================>             55%] [Cov:==================================>99%]
[Progress:================>             55%] [Cov:==================================>99%]
[Progress:================>             55%] [Cov:==================================>99%]
[Progress:================>             55%] [Cov:==================================>99%]
[Progress:================>             55%] [Cov:==================================>99%]
[Progress:================>             55%] [Cov:==================================>99%]
[Progress:================>             55%] [Cov:==================================>99%]
[Progress:================>             55%] [Cov:==================================>99%]
[Progress:================>             55%] [Cov:==================================>99%]
[Progress:================>             55%] [Cov:==================================>99%]
[Progress:================>             55%] [Cov:==================================>99%]
[Progress:================>             55%] [Cov:==================================>99%]
[Progress:================>             55%] [Cov:==================================>99%]
[Progress:================>             55%] [Cov:==================================>99%]
[Progress:================>             55%] [Cov:==================================>99%]
[Progress:================>             55%] [Cov:==================================>99%]
[Progress:================>             55%] [Cov:==================================>99%]
[Progress:================>             55%] [Cov:==================================>99%]
[Progress:================>             55%] [Cov:==================================>99%]
[Progress:================>             55%] [Cov:==================================>99%]
[Progress:================>             55%] [Cov:==================================>99%]
[Progress:================>             55%] [Cov:==================================>99%]
[Progress:================>             55%] [Cov:==================================>99%]
[Progress:================>             55%] [Cov:==================================>99%]
[Progress:================>             55%] [Cov:==================================>99%]
[Progress:================>             55%] [Cov:==================================>99%]
[Progress:================>             55%] [Cov:==================================>99%]
[Progress:================>             55%] [Cov:==================================>99%]
[Progress:================>             55%] [Cov:==================================>99%]
[Progress:================>             55%] [Cov:==================================>99%]
[Progress:================>             55%] [Cov:==================================>99%]
[Progress:================>             55%] [Cov:==================================>99%]
[Progress:================>             55%] [Cov:==================================>99%]
[Progress:================>             55%] [Cov:==================================>99%]
[Progress:================>             55%] [Cov:==================================>99%]
[Progress:================>             55%] [Cov:==================================>99%]
[Progress:================>             55%] [Cov:==================================>99%]
[Progress:================>             55%] [Cov:==================================>99%]
[Progress:================>             55%] [Cov:==================================>99%]
[Progress:================>             55%] [Cov:==================================>99%]
[Progress:================>             55%] [Cov:==================================>99%]
[Progress:================>             55%] [Cov:==================================>99%]
[Progress:================>             55%] [Cov:==================================>99%]
[Progress:================>             55%] [Cov:==================================>99%]
[Progress:================>             55%] [Cov:==================================>99%]
[Progress:================>             55%] [Cov:==================================>99%]
[Progress:================>             55%] [Cov:==================================>99%]
[Progress:================>             55%] [Cov:==================================>99%]
[Progress:================>             55%] [Cov:==================================>99%]
[Progress:================>             55%] [Cov:==================================>99%]
[Progress:================>             55%] [Cov:==================================>99%]
[Progress:================>             55%] [Cov:==================================>99%]
[Progress:================>             55%] [Cov:==================================>99%]
[Progress:================>             55%] [Cov:==================================>99%]
[Progress:================>             55%] [Cov:==================================>99%]
[Progress:================>             55%] [Cov:==================================>99%]
[Progress:================>             55%] [Cov:==================================>99%]
[Progress:================>             55%] [Cov:==================================>99%]
[Progress:================>             55%] [Cov:==================================>99%]
[Progress:================>             55%] [Cov:==================================>99%]
[Progress:================>             55%] [Cov:==================================>99%]
[Progress:================>             56%] [Cov:==================================>99%]
[Progress:================>             56%] [Cov:==================================>99%]
[Progress:================>             56%] [Cov:==================================>99%]
[Progress:================>             56%] [Cov:==================================>99%]
[Progress:================>             56%] [Cov:==================================>99%]
[Progress:================>             56%] [Cov:==================================>99%]
[Progress:================>             56%] [Cov:==================================>99%]
[Progress:================>             56%] [Cov:==================================>99%]
[Progress:================>             56%] [Cov:==================================>99%]
[Progress:================>             56%] [Cov:==================================>99%]
[Progress:================>             56%] [Cov:==================================>99%]
[Progress:================>             56%] [Cov:==================================>99%]
[Progress:================>             56%] [Cov:==================================>99%]
[Progress:================>             56%] [Cov:==================================>99%]
[Progress:================>             56%] [Cov:==================================>99%]
[Progress:================>             56%] [Cov:==================================>99%]
[Progress:================>             56%] [Cov:==================================>99%]
[Progress:================>             56%] [Cov:==================================>99%]
[Progress:================>             56%] [Cov:==================================>99%]
[Progress:================>             56%] [Cov:==================================>99%]
[Progress:================>             56%] [Cov:==================================>99%]
[Progress:================>             56%] [Cov:==================================>99%]
[Progress:================>             56%] [Cov:==================================>99%]
[Progress:================>             56%] [Cov:==================================>99%]
[Progress:================>             56%] [Cov:==================================>99%]
[Progress:================>             56%] [Cov:==================================>99%]
[Progress:================>             56%] [Cov:==================================>99%]
[Progress:================>             56%] [Cov:==================================>99%]
[Progress:================>             56%] [Cov:==================================>99%]
[Progress:================>             56%] [Cov:==================================>99%]
[Progress:================>             56%] [Cov:==================================>99%]
[Progress:================>             56%] [Cov:==================================>99%]
[Progress:=================>            57%] [Cov:==================================>99%]
[Progress:=================>            57%] [Cov:==================================>99%]
[Progress:=================>            57%] [Cov:==================================>99%]
[Progress:=================>            57%] [Cov:==================================>99%]
[Progress:=================>            57%] [Cov:==================================>99%]
[Progress:=================>            57%] [Cov:==================================>99%]
[Progress:=================>            57%] [Cov:==================================>99%]
[Progress:=================>            57%] [Cov:==================================>99%]
[Progress:=================>            57%] [Cov:==================================>99%]
[Progress:=================>            57%] [Cov:==================================>99%]
[Progress:=================>            57%] [Cov:==================================>99%]
[Progress:=================>            57%] [Cov:==================================>99%]
[Progress:=================>            57%] [Cov:==================================>99%]
[Progress:=================>            57%] [Cov:==================================>99%]
[Progress:=================>            57%] [Cov:==================================>99%]
[Progress:=================>            57%] [Cov:==================================>99%]
[Progress:=================>            57%] [Cov:==================================>99%]
[Progress:=================>            57%] [Cov:==================================>99%]
[Progress:=================>            57%] [Cov:==================================>99%]
[Progress:=================>            57%] [Cov:==================================>99%]
[Progress:=================>            57%] [Cov:==================================>99%]
[Progress:=================>            57%] [Cov:==================================>99%]
[Progress:=================>            57%] [Cov:==================================>99%]
[Progress:=================>            57%] [Cov:==================================>99%]
[Progress:=================>            57%] [Cov:==================================>99%]
[Progress:=================>            57%] [Cov:==================================>99%]
[Progress:=================>            57%] [Cov:==================================>99%]
[Progress:=================>            57%] [Cov:==================================>99%]
[Progress:=================>            57%] [Cov:==================================>99%]
[Progress:=================>            57%] [Cov:==================================>99%]
[Progress:=================>            57%] [Cov:==================================>99%]
[Progress:=================>            57%] [Cov:==================================>99%]
[Progress:=================>            57%] [Cov:==================================>99%]
[Progress:=================>            58%] [Cov:==================================>99%]
[Progress:=================>            58%] [Cov:==================================>99%]
[Progress:=================>            58%] [Cov:==================================>99%]
[Progress:=================>            58%] [Cov:==================================>99%]
[Progress:=================>            58%] [Cov:==================================>99%]
[Progress:=================>            58%] [Cov:==================================>99%]
[Progress:=================>            58%] [Cov:==================================>99%]
[Progress:=================>            58%] [Cov:==================================>99%]
[Progress:=================>            58%] [Cov:==================================>99%]
[Progress:=================>            58%] [Cov:==================================>99%]
[Progress:=================>            58%] [Cov:==================================>99%]
[Progress:=================>            58%] [Cov:==================================>99%]
[Progress:=================>            58%] [Cov:==================================>99%]
[Progress:=================>            58%] [Cov:==================================>99%]
[Progress:=================>            58%] [Cov:==================================>99%]
[Progress:=================>            58%] [Cov:==================================>99%]
[Progress:=================>            58%] [Cov:==================================>99%]
[Progress:=================>            58%] [Cov:==================================>99%]
[Progress:=================>            58%] [Cov:==================================>99%]
[Progress:=================>            58%] [Cov:==================================>99%]
[Progress:=================>            58%] [Cov:==================================>99%]
[Progress:=================>            58%] [Cov:==================================>99%]
[Progress:=================>            58%] [Cov:==================================>99%]
[Progress:=================>            58%] [Cov:==================================>99%]
[Progress:=================>            58%] [Cov:==================================>99%]
[Progress:=================>            58%] [Cov:==================================>99%]
[Progress:=================>            58%] [Cov:==================================>99%]
[Progress:=================>            58%] [Cov:==================================>99%]
[Progress:=================>            58%] [Cov:==================================>99%]
[Progress:=================>            58%] [Cov:==================================>99%]
[Progress:=================>            58%] [Cov:==================================>99%]
[Progress:=================>            58%] [Cov:==================================>99%]
[Progress:=================>            58%] [Cov:==================================>99%]
[Progress:=================>            59%] [Cov:==================================>99%]
[Progress:=================>            59%] [Cov:==================================>99%]
[Progress:=================>            59%] [Cov:==================================>99%]
[Progress:=================>            59%] [Cov:==================================>99%]
[Progress:=================>            59%] [Cov:==================================>99%]
[Progress:=================>            59%] [Cov:==================================>99%]
[Progress:=================>            59%] [Cov:==================================>99%]
[Progress:=================>            59%] [Cov:==================================>99%]
[Progress:=================>            59%] [Cov:==================================>99%]
[Progress:=================>            59%] [Cov:==================================>99%]
[Progress:=================>            59%] [Cov:==================================>99%]
[Progress:=================>            59%] [Cov:==================================>99%]
[Progress:=================>            59%] [Cov:==================================>99%]
[Progress:=================>            59%] [Cov:==================================>99%]
[Progress:=================>            59%] [Cov:==================================>99%]
[Progress:=================>            59%] [Cov:==================================>99%]
[Progress:=================>            59%] [Cov:==================================>99%]
[Progress:=================>            59%] [Cov:==================================>99%]
[Progress:=================>            59%] [Cov:==================================>99%]
[Progress:=================>            59%] [Cov:==================================>99%]
[Progress:=================>            59%] [Cov:==================================>99%]
[Progress:=================>            59%] [Cov:==================================>99%]
[Progress:=================>            59%] [Cov:==================================>99%]
[Progress:=================>            59%] [Cov:==================================>99%]
[Progress:=================>            59%] [Cov:==================================>99%]
[Progress:=================>            59%] [Cov:==================================>99%]
[Progress:=================>            59%] [Cov:==================================>99%]
[Progress:=================>            59%] [Cov:==================================>99%]
[Progress:=================>            59%] [Cov:==================================>99%]
[Progress:=================>            59%] [Cov:==================================>99%]
[Progress:=================>            59%] [Cov:==================================>99%]
[Progress:=================>            59%] [Cov:==================================>99%]
[Progress:=================>            59%] [Cov:==================================>99%]
[Progress:==================>           60%] [Cov:==================================>99%]
[Progress:==================>           60%] [Cov:==================================>99%]
[Progress:==================>           60%] [Cov:==================================>99%]
[Progress:==================>           60%] [Cov:==================================>99%]
[Progress:==================>           60%] [Cov:==================================>99%]
[Progress:==================>           60%] [Cov:==================================>99%]
[Progress:==================>           60%] [Cov:==================================>99%]
[Progress:==================>           60%] [Cov:==================================>99%]
[Progress:==================>           60%] [Cov:==================================>99%]
[Progress:==================>           60%] [Cov:==================================>99%]
[Progress:==================>           60%] [Cov:==================================>99%]
[Progress:==================>           60%] [Cov:==================================>99%]
[Progress:==================>           60%] [Cov:==================================>99%]
[Progress:==================>           60%] [Cov:==================================>99%]
[Progress:==================>           60%] [Cov:==================================>99%]
[Progress:==================>           60%] [Cov:==================================>99%]
[Progress:==================>           60%] [Cov:==================================>99%]
[Progress:==================>           60%] [Cov:==================================>99%]
[Progress:==================>           60%] [Cov:==================================>99%]
[Progress:==================>           60%] [Cov:==================================>99%]
[Progress:==================>           60%] [Cov:==================================>99%]
[Progress:==================>           60%] [Cov:==================================>99%]
[Progress:==================>           60%] [Cov:==================================>99%]
[Progress:==================>           60%] [Cov:==================================>99%]
[Progress:==================>           60%] [Cov:==================================>99%]
[Progress:==================>           60%] [Cov:==================================>99%]
[Progress:==================>           60%] [Cov:==================================>99%]
[Progress:==================>           60%] [Cov:==================================>99%]
[Progress:==================>           60%] [Cov:==================================>99%]
[Progress:==================>           60%] [Cov:==================================>99%]
[Progress:==================>           60%] [Cov:==================================>99%]
[Progress:==================>           60%] [Cov:==================================>99%]
[Progress:==================>           60%] [Cov:==================================>99%]
[Progress:==================>           60%] [Cov:==================================>99%]
[Progress:==================>           60%] [Cov:==================================>99%]
[Progress:==================>           60%] [Cov:==================================>99%]
[Progress:==================>           60%] [Cov:==================================>99%]
[Progress:==================>           60%] [Cov:==================================>99%]
[Progress:==================>           60%] [Cov:==================================>99%]
[Progress:==================>           60%] [Cov:==================================>99%]
[Progress:==================>           60%] [Cov:==================================>99%]
[Progress:==================>           60%] [Cov:==================================>99%]
[Progress:==================>           60%] [Cov:==================================>99%]
[Progress:==================>           60%] [Cov:==================================>99%]
[Progress:==================>           60%] [Cov:==================================>99%]
[Progress:==================>           60%] [Cov:==================================>99%]
[Progress:==================>           60%] [Cov:==================================>99%]
[Progress:==================>           60%] [Cov:==================================>99%]
[Progress:==================>           60%] [Cov:==================================>99%]
[Progress:==================>           60%] [Cov:==================================>99%]
[Progress:==================>           60%] [Cov:==================================>99%]
[Progress:==================>           60%] [Cov:==================================>99%]
[Progress:==================>           60%] [Cov:==================================>99%]
[Progress:==================>           60%] [Cov:==================================>99%]
[Progress:==================>           60%] [Cov:==================================>99%]
[Progress:==================>           60%] [Cov:==================================>99%]
[Progress:==================>           60%] [Cov:==================================>99%]
[Progress:==================>           60%] [Cov:==================================>99%]
[Progress:==================>           60%] [Cov:==================================>99%]
[Progress:==================>           60%] [Cov:==================================>99%]
[Progress:==================>           60%] [Cov:==================================>99%]
[Progress:==================>           60%] [Cov:==================================>99%]
[Progress:==================>           60%] [Cov:==================================>99%]
[Progress:==================>           60%] [Cov:==================================>99%]
[Progress:==================>           60%] [Cov:==================================>99%]
[Progress:==================>           61%] [Cov:==================================>99%]
[Progress:==================>           61%] [Cov:==================================>99%]
[Progress:==================>           61%] [Cov:==================================>99%]
[Progress:==================>           61%] [Cov:==================================>99%]
[Progress:==================>           61%] [Cov:==================================>99%]
[Progress:==================>           61%] [Cov:==================================>99%]
[Progress:==================>           61%] [Cov:==================================>99%]
[Progress:==================>           61%] [Cov:==================================>99%]
[Progress:==================>           61%] [Cov:==================================>99%]
[Progress:==================>           61%] [Cov:==================================>99%]
[Progress:==================>           61%] [Cov:==================================>99%]
[Progress:==================>           61%] [Cov:==================================>99%]
[Progress:==================>           61%] [Cov:==================================>99%]
[Progress:==================>           61%] [Cov:==================================>99%]
[Progress:==================>           61%] [Cov:==================================>99%]
[Progress:==================>           61%] [Cov:==================================>99%]
[Progress:==================>           61%] [Cov:==================================>99%]
[Progress:==================>           61%] [Cov:==================================>99%]
[Progress:==================>           61%] [Cov:==================================>99%]
[Progress:==================>           61%] [Cov:==================================>99%]
[Progress:==================>           61%] [Cov:==================================>99%]
[Progress:==================>           61%] [Cov:==================================>99%]
[Progress:==================>           61%] [Cov:==================================>99%]
[Progress:==================>           61%] [Cov:==================================>99%]
[Progress:==================>           61%] [Cov:==================================>99%]
[Progress:==================>           61%] [Cov:==================================>99%]
[Progress:==================>           61%] [Cov:==================================>99%]
[Progress:==================>           61%] [Cov:==================================>99%]
[Progress:==================>           61%] [Cov:==================================>99%]
[Progress:==================>           61%] [Cov:==================================>99%]
[Progress:==================>           61%] [Cov:==================================>99%]
[Progress:==================>           61%] [Cov:==================================>99%]
[Progress:==================>           61%] [Cov:==================================>99%]
[Progress:==================>           62%] [Cov:==================================>99%]
[Progress:==================>           62%] [Cov:==================================>99%]
[Progress:==================>           62%] [Cov:==================================>99%]
[Progress:==================>           62%] [Cov:==================================>99%]
[Progress:==================>           62%] [Cov:==================================>99%]
[Progress:==================>           62%] [Cov:==================================>99%]
[Progress:==================>           62%] [Cov:==================================>99%]
[Progress:==================>           62%] [Cov:==================================>99%]
[Progress:==================>           62%] [Cov:==================================>99%]
[Progress:==================>           62%] [Cov:==================================>99%]
[Progress:==================>           62%] [Cov:==================================>99%]
[Progress:==================>           62%] [Cov:==================================>99%]
[Progress:==================>           62%] [Cov:==================================>99%]
[Progress:==================>           62%] [Cov:==================================>99%]
[Progress:==================>           62%] [Cov:==================================>99%]
[Progress:==================>           62%] [Cov:==================================>99%]
[Progress:==================>           62%] [Cov:==================================>99%]
[Progress:==================>           62%] [Cov:==================================>99%]
[Progress:==================>           62%] [Cov:==================================>99%]
[Progress:==================>           62%] [Cov:==================================>99%]
[Progress:==================>           62%] [Cov:==================================>99%]
[Progress:==================>           62%] [Cov:==================================>99%]
[Progress:==================>           62%] [Cov:==================================>99%]
[Progress:==================>           62%] [Cov:==================================>99%]
[Progress:==================>           62%] [Cov:==================================>99%]
[Progress:==================>           62%] [Cov:==================================>99%]
[Progress:==================>           62%] [Cov:==================================>99%]
[Progress:==================>           62%] [Cov:==================================>99%]
[Progress:==================>           62%] [Cov:==================================>99%]
[Progress:==================>           62%] [Cov:==================================>99%]
[Progress:==================>           62%] [Cov:==================================>99%]
[Progress:==================>           62%] [Cov:==================================>99%]
[Progress:==================>           63%] [Cov:==================================>99%]
[Progress:==================>           63%] [Cov:==================================>99%]
[Progress:==================>           63%] [Cov:==================================>99%]
[Progress:==================>           63%] [Cov:==================================>99%]
[Progress:==================>           63%] [Cov:==================================>99%]
[Progress:==================>           63%] [Cov:==================================>99%]
[Progress:==================>           63%] [Cov:==================================>99%]
[Progress:==================>           63%] [Cov:==================================>99%]
[Progress:==================>           63%] [Cov:==================================>99%]
[Progress:==================>           63%] [Cov:==================================>99%]
[Progress:==================>           63%] [Cov:==================================>99%]
[Progress:==================>           63%] [Cov:==================================>99%]
[Progress:==================>           63%] [Cov:==================================>99%]
[Progress:==================>           63%] [Cov:==================================>99%]
[Progress:==================>           63%] [Cov:==================================>99%]
[Progress:==================>           63%] [Cov:==================================>99%]
[Progress:==================>           63%] [Cov:==================================>99%]
[Progress:==================>           63%] [Cov:==================================>99%]
[Progress:==================>           63%] [Cov:==================================>99%]
[Progress:==================>           63%] [Cov:==================================>99%]
[Progress:==================>           63%] [Cov:==================================>99%]
[Progress:==================>           63%] [Cov:==================================>99%]
[Progress:==================>           63%] [Cov:==================================>99%]
[Progress:==================>           63%] [Cov:==================================>99%]
[Progress:==================>           63%] [Cov:==================================>99%]
[Progress:==================>           63%] [Cov:==================================>99%]
[Progress:==================>           63%] [Cov:==================================>99%]
[Progress:==================>           63%] [Cov:==================================>99%]
[Progress:==================>           63%] [Cov:==================================>99%]
[Progress:==================>           63%] [Cov:==================================>99%]
[Progress:==================>           63%] [Cov:==================================>99%]
[Progress:==================>           63%] [Cov:==================================>99%]
[Progress:===================>          64%] [Cov:==================================>99%]
[Progress:===================>          64%] [Cov:==================================>99%]
[Progress:===================>          64%] [Cov:==================================>99%]
[Progress:===================>          64%] [Cov:==================================>99%]
[Progress:===================>          64%] [Cov:==================================>99%]
[Progress:===================>          64%] [Cov:==================================>99%]
[Progress:===================>          64%] [Cov:==================================>99%]
[Progress:===================>          64%] [Cov:==================================>99%]
[Progress:===================>          64%] [Cov:==================================>99%]
[Progress:===================>          64%] [Cov:==================================>99%]
[Progress:===================>          64%] [Cov:==================================>99%]
[Progress:===================>          64%] [Cov:==================================>99%]
[Progress:===================>          64%] [Cov:==================================>99%]
[Progress:===================>          64%] [Cov:==================================>99%]
[Progress:===================>          64%] [Cov:==================================>99%]
[Progress:===================>          64%] [Cov:==================================>99%]
[Progress:===================>          64%] [Cov:==================================>99%]
[Progress:===================>          64%] [Cov:==================================>99%]
[Progress:===================>          64%] [Cov:==================================>99%]
[Progress:===================>          64%] [Cov:==================================>99%]
[Progress:===================>          64%] [Cov:==================================>99%]
[Progress:===================>          64%] [Cov:==================================>99%]
[Progress:===================>          64%] [Cov:==================================>99%]
[Progress:===================>          64%] [Cov:==================================>99%]
[Progress:===================>          64%] [Cov:==================================>99%]
[Progress:===================>          64%] [Cov:==================================>99%]
[Progress:===================>          64%] [Cov:==================================>99%]
[Progress:===================>          64%] [Cov:==================================>99%]
[Progress:===================>          64%] [Cov:==================================>99%]
[Progress:===================>          64%] [Cov:==================================>99%]
[Progress:===================>          64%] [Cov:==================================>99%]
[Progress:===================>          64%] [Cov:==================================>99%]
[Progress:===================>          65%] [Cov:==================================>99%]
[Progress:===================>          65%] [Cov:==================================>99%]
[Progress:===================>          65%] [Cov:==================================>99%]
[Progress:===================>          65%] [Cov:==================================>99%]
[Progress:===================>          65%] [Cov:==================================>99%]
[Progress:===================>          65%] [Cov:==================================>99%]
[Progress:===================>          65%] [Cov:==================================>99%]
[Progress:===================>          65%] [Cov:==================================>99%]
[Progress:===================>          65%] [Cov:==================================>99%]
[Progress:===================>          65%] [Cov:==================================>99%]
[Progress:===================>          65%] [Cov:==================================>99%]
[Progress:===================>          65%] [Cov:==================================>99%]
[Progress:===================>          65%] [Cov:==================================>99%]
[Progress:===================>          65%] [Cov:==================================>99%]
[Progress:===================>          65%] [Cov:==================================>99%]
[Progress:===================>          65%] [Cov:==================================>99%]
[Progress:===================>          65%] [Cov:==================================>99%]
[Progress:===================>          65%] [Cov:==================================>99%]
[Progress:===================>          65%] [Cov:==================================>99%]
[Progress:===================>          65%] [Cov:==================================>99%]
[Progress:===================>          65%] [Cov:==================================>99%]
[Progress:===================>          65%] [Cov:==================================>99%]
[Progress:===================>          65%] [Cov:==================================>99%]
[Progress:===================>          65%] [Cov:==================================>99%]
[Progress:===================>          65%] [Cov:==================================>99%]
[Progress:===================>          65%] [Cov:==================================>99%]
[Progress:===================>          65%] [Cov:==================================>99%]
[Progress:===================>          65%] [Cov:==================================>99%]
[Progress:===================>          65%] [Cov:==================================>99%]
[Progress:===================>          65%] [Cov:==================================>99%]
[Progress:===================>          65%] [Cov:==================================>99%]
[Progress:===================>          65%] [Cov:==================================>99%]
[Progress:===================>          65%] [Cov:==================================>99%]
[Progress:===================>          65%] [Cov:==================================>99%]
[Progress:===================>          65%] [Cov:==================================>99%]
[Progress:===================>          65%] [Cov:==================================>99%]
[Progress:===================>          65%] [Cov:==================================>99%]
[Progress:===================>          65%] [Cov:==================================>99%]
[Progress:===================>          65%] [Cov:==================================>99%]
[Progress:===================>          65%] [Cov:==================================>99%]
[Progress:===================>          65%] [Cov:==================================>99%]
[Progress:===================>          65%] [Cov:==================================>99%]
[Progress:===================>          65%] [Cov:==================================>99%]
[Progress:===================>          65%] [Cov:==================================>99%]
[Progress:===================>          65%] [Cov:==================================>99%]
[Progress:===================>          65%] [Cov:==================================>99%]
[Progress:===================>          65%] [Cov:==================================>99%]
[Progress:===================>          65%] [Cov:==================================>99%]
[Progress:===================>          65%] [Cov:==================================>99%]
[Progress:===================>          65%] [Cov:==================================>99%]
[Progress:===================>          65%] [Cov:==================================>99%]
[Progress:===================>          65%] [Cov:==================================>99%]
[Progress:===================>          65%] [Cov:==================================>99%]
[Progress:===================>          65%] [Cov:==================================>99%]
[Progress:===================>          65%] [Cov:==================================>99%]
[Progress:===================>          65%] [Cov:==================================>99%]
[Progress:===================>          65%] [Cov:==================================>99%]
[Progress:===================>          65%] [Cov:==================================>99%]
[Progress:===================>          65%] [Cov:==================================>99%]
[Progress:===================>          65%] [Cov:==================================>99%]
[Progress:===================>          65%] [Cov:==================================>99%]
[Progress:===================>          65%] [Cov:==================================>99%]
[Progress:===================>          65%] [Cov:==================================>99%]
[Progress:===================>          65%] [Cov:==================================>99%]
[Progress:===================>          66%] [Cov:==================================>99%]
[Progress:===================>          66%] [Cov:==================================>99%]
[Progress:===================>          66%] [Cov:==================================>99%]
[Progress:===================>          66%] [Cov:==================================>99%]
[Progress:===================>          66%] [Cov:==================================>99%]
[Progress:===================>          66%] [Cov:==================================>99%]
[Progress:===================>          66%] [Cov:==================================>99%]
[Progress:===================>          66%] [Cov:==================================>99%]
[Progress:===================>          66%] [Cov:==================================>99%]
[Progress:===================>          66%] [Cov:==================================>99%]
[Progress:===================>          66%] [Cov:==================================>99%]
[Progress:===================>          66%] [Cov:==================================>99%]
[Progress:===================>          66%] [Cov:==================================>99%]
[Progress:===================>          66%] [Cov:==================================>99%]
[Progress:===================>          66%] [Cov:==================================>99%]
[Progress:===================>          66%] [Cov:==================================>99%]
[Progress:===================>          66%] [Cov:==================================>99%]
[Progress:===================>          66%] [Cov:==================================>99%]
[Progress:===================>          66%] [Cov:==================================>99%]
[Progress:===================>          66%] [Cov:==================================>99%]
[Progress:===================>          66%] [Cov:==================================>99%]
[Progress:===================>          66%] [Cov:==================================>99%]
[Progress:===================>          66%] [Cov:==================================>99%]
[Progress:===================>          66%] [Cov:==================================>99%]
[Progress:===================>          66%] [Cov:==================================>99%]
[Progress:===================>          66%] [Cov:==================================>99%]
[Progress:===================>          66%] [Cov:==================================>99%]
[Progress:===================>          66%] [Cov:==================================>99%]
[Progress:===================>          66%] [Cov:==================================>99%]
[Progress:===================>          66%] [Cov:==================================>99%]
[Progress:===================>          66%] [Cov:==================================>99%]
[Progress:===================>          66%] [Cov:==================================>99%]
[Progress:====================>         67%] [Cov:==================================>99%]
[Progress:====================>         67%] [Cov:==================================>99%]
[Progress:====================>         67%] [Cov:==================================>99%]
[Progress:====================>         67%] [Cov:==================================>99%]
[Progress:====================>         67%] [Cov:==================================>99%]
[Progress:====================>         67%] [Cov:==================================>99%]
[Progress:====================>         67%] [Cov:==================================>99%]
[Progress:====================>         67%] [Cov:==================================>99%]
[Progress:====================>         67%] [Cov:==================================>99%]
[Progress:====================>         67%] [Cov:==================================>99%]
[Progress:====================>         67%] [Cov:==================================>99%]
[Progress:====================>         67%] [Cov:==================================>99%]
[Progress:====================>         67%] [Cov:==================================>99%]
[Progress:====================>         67%] [Cov:==================================>99%]
[Progress:====================>         67%] [Cov:==================================>99%]
[Progress:====================>         67%] [Cov:==================================>99%]
[Progress:====================>         67%] [Cov:==================================>99%]
[Progress:====================>         67%] [Cov:==================================>99%]
[Progress:====================>         67%] [Cov:==================================>99%]
[Progress:====================>         67%] [Cov:==================================>99%]
[Progress:====================>         67%] [Cov:==================================>99%]
[Progress:====================>         67%] [Cov:==================================>99%]
[Progress:====================>         67%] [Cov:==================================>99%]
[Progress:====================>         67%] [Cov:==================================>99%]
[Progress:====================>         67%] [Cov:==================================>99%]
[Progress:====================>         67%] [Cov:==================================>99%]
[Progress:====================>         67%] [Cov:==================================>99%]
[Progress:====================>         67%] [Cov:==================================>99%]
[Progress:====================>         67%] [Cov:==================================>99%]
[Progress:====================>         67%] [Cov:==================================>99%]
[Progress:====================>         67%] [Cov:==================================>99%]
[Progress:====================>         67%] [Cov:==================================>99%]
[Progress:====================>         68%] [Cov:==================================>99%]
[Progress:====================>         68%] [Cov:==================================>99%]
[Progress:====================>         68%] [Cov:==================================>99%]
[Progress:====================>         68%] [Cov:==================================>99%]
[Progress:====================>         68%] [Cov:==================================>99%]
[Progress:====================>         68%] [Cov:==================================>99%]
[Progress:====================>         68%] [Cov:==================================>99%]
[Progress:====================>         68%] [Cov:==================================>99%]
[Progress:====================>         68%] [Cov:==================================>99%]
[Progress:====================>         68%] [Cov:==================================>99%]
[Progress:====================>         68%] [Cov:==================================>99%]
[Progress:====================>         68%] [Cov:==================================>99%]
[Progress:====================>         68%] [Cov:==================================>99%]
[Progress:====================>         68%] [Cov:==================================>99%]
[Progress:====================>         68%] [Cov:==================================>99%]
[Progress:====================>         68%] [Cov:==================================>99%]
[Progress:====================>         68%] [Cov:==================================>99%]
[Progress:====================>         68%] [Cov:==================================>99%]
[Progress:====================>         68%] [Cov:==================================>99%]
[Progress:====================>         68%] [Cov:==================================>99%]
[Progress:====================>         68%] [Cov:==================================>99%]
[Progress:====================>         68%] [Cov:==================================>99%]
[Progress:====================>         68%] [Cov:==================================>99%]
[Progress:====================>         68%] [Cov:==================================>99%]
[Progress:====================>         68%] [Cov:==================================>99%]
[Progress:====================>         68%] [Cov:==================================>99%]
[Progress:====================>         68%] [Cov:==================================>99%]
[Progress:====================>         68%] [Cov:==================================>99%]
[Progress:====================>         68%] [Cov:==================================>99%]
[Progress:====================>         68%] [Cov:==================================>99%]
[Progress:====================>         68%] [Cov:==================================>99%]
[Progress:====================>         68%] [Cov:==================================>99%]
[Progress:====================>         69%] [Cov:==================================>99%]
[Progress:====================>         69%] [Cov:==================================>99%]
[Progress:====================>         69%] [Cov:==================================>99%]
[Progress:====================>         69%] [Cov:==================================>99%]
[Progress:====================>         69%] [Cov:==================================>99%]
[Progress:====================>         69%] [Cov:==================================>99%]
[Progress:====================>         69%] [Cov:==================================>99%]
[Progress:====================>         69%] [Cov:==================================>99%]
[Progress:====================>         69%] [Cov:==================================>99%]
[Progress:====================>         69%] [Cov:==================================>99%]
[Progress:====================>         69%] [Cov:==================================>99%]
[Progress:====================>         69%] [Cov:==================================>99%]
[Progress:====================>         69%] [Cov:==================================>99%]
[Progress:====================>         69%] [Cov:==================================>99%]
[Progress:====================>         69%] [Cov:==================================>99%]
[Progress:====================>         69%] [Cov:==================================>99%]
[Progress:====================>         69%] [Cov:==================================>99%]
[Progress:====================>         69%] [Cov:==================================>99%]
[Progress:====================>         69%] [Cov:==================================>99%]
[Progress:====================>         69%] [Cov:==================================>99%]
[Progress:====================>         69%] [Cov:==================================>99%]
[Progress:====================>         69%] [Cov:==================================>99%]
[Progress:====================>         69%] [Cov:==================================>99%]
[Progress:====================>         69%] [Cov:==================================>99%]
[Progress:====================>         69%] [Cov:==================================>99%]
[Progress:====================>         69%] [Cov:==================================>99%]
[Progress:====================>         69%] [Cov:==================================>99%]
[Progress:====================>         69%] [Cov:==================================>99%]
[Progress:====================>         69%] [Cov:==================================>99%]
[Progress:====================>         69%] [Cov:==================================>99%]
[Progress:====================>         69%] [Cov:==================================>99%]
[Progress:====================>         69%] [Cov:==================================>99%]
[Progress:====================>         69%] [Cov:==================================>99%]
[Progress:=====================>        70%] [Cov:==================================>99%]
[Progress:=====================>        70%] [Cov:==================================>99%]
[Progress:=====================>        70%] [Cov:==================================>99%]
[Progress:=====================>        70%] [Cov:==================================>99%]
[Progress:=====================>        70%] [Cov:==================================>99%]
[Progress:=====================>        70%] [Cov:==================================>99%]
[Progress:=====================>        70%] [Cov:==================================>99%]
[Progress:=====================>        70%] [Cov:==================================>99%]
[Progress:=====================>        70%] [Cov:==================================>99%]
[Progress:=====================>        70%] [Cov:==================================>99%]
[Progress:=====================>        70%] [Cov:==================================>99%]
[Progress:=====================>        70%] [Cov:==================================>99%]
[Progress:=====================>        70%] [Cov:==================================>99%]
[Progress:=====================>        70%] [Cov:==================================>99%]
[Progress:=====================>        70%] [Cov:==================================>99%]
[Progress:=====================>        70%] [Cov:==================================>99%]
[Progress:=====================>        70%] [Cov:==================================>99%]
[Progress:=====================>        70%] [Cov:==================================>99%]
[Progress:=====================>        70%] [Cov:==================================>99%]
[Progress:=====================>        70%] [Cov:==================================>99%]
[Progress:=====================>        70%] [Cov:==================================>99%]
[Progress:=====================>        70%] [Cov:==================================>99%]
[Progress:=====================>        70%] [Cov:==================================>99%]
[Progress:=====================>        70%] [Cov:==================================>99%]
[Progress:=====================>        70%] [Cov:==================================>99%]
[Progress:=====================>        70%] [Cov:==================================>99%]
[Progress:=====================>        70%] [Cov:==================================>99%]
[Progress:=====================>        70%] [Cov:==================================>99%]
[Progress:=====================>        70%] [Cov:==================================>99%]
[Progress:=====================>        70%] [Cov:==================================>99%]
[Progress:=====================>        70%] [Cov:==================================>99%]
[Progress:=====================>        70%] [Cov:==================================>99%]
[Progress:=====================>        70%] [Cov:==================================>99%]
[Progress:=====================>        70%] [Cov:==================================>99%]
[Progress:=====================>        70%] [Cov:==================================>99%]
[Progress:=====================>        70%] [Cov:==================================>99%]
[Progress:=====================>        70%] [Cov:==================================>99%]
[Progress:=====================>        70%] [Cov:==================================>99%]
[Progress:=====================>        70%] [Cov:==================================>99%]
[Progress:=====================>        70%] [Cov:==================================>99%]
[Progress:=====================>        70%] [Cov:==================================>99%]
[Progress:=====================>        70%] [Cov:==================================>99%]
[Progress:=====================>        70%] [Cov:==================================>99%]
[Progress:=====================>        70%] [Cov:==================================>99%]
[Progress:=====================>        70%] [Cov:==================================>99%]
[Progress:=====================>        70%] [Cov:==================================>99%]
[Progress:=====================>        70%] [Cov:==================================>99%]
[Progress:=====================>        70%] [Cov:==================================>99%]
[Progress:=====================>        70%] [Cov:==================================>99%]
[Progress:=====================>        70%] [Cov:==================================>99%]
[Progress:=====================>        70%] [Cov:==================================>99%]
[Progress:=====================>        70%] [Cov:==================================>99%]
[Progress:=====================>        70%] [Cov:==================================>99%]
[Progress:=====================>        70%] [Cov:==================================>99%]
[Progress:=====================>        70%] [Cov:==================================>99%]
[Progress:=====================>        70%] [Cov:==================================>99%]
[Progress:=====================>        70%] [Cov:==================================>99%]
[Progress:=====================>        70%] [Cov:==================================>99%]
[Progress:=====================>        70%] [Cov:==================================>99%]
[Progress:=====================>        70%] [Cov:==================================>99%]
[Progress:=====================>        70%] [Cov:==================================>99%]
[Progress:=====================>        70%] [Cov:==================================>99%]
[Progress:=====================>        70%] [Cov:==================================>99%]
[Progress:=====================>        70%] [Cov:==================================>99%]
[Progress:=====================>        71%] [Cov:==================================>99%]
[Progress:=====================>        71%] [Cov:==================================>99%]
[Progress:=====================>        71%] [Cov:==================================>99%]
[Progress:=====================>        71%] [Cov:==================================>99%]
[Progress:=====================>        71%] [Cov:==================================>99%]
[Progress:=====================>        71%] [Cov:==================================>99%]
[Progress:=====================>        71%] [Cov:==================================>99%]
[Progress:=====================>        71%] [Cov:==================================>99%]
[Progress:=====================>        71%] [Cov:==================================>99%]
[Progress:=====================>        71%] [Cov:==================================>99%]
[Progress:=====================>        71%] [Cov:==================================>99%]
[Progress:=====================>        71%] [Cov:==================================>99%]
[Progress:=====================>        71%] [Cov:==================================>99%]
[Progress:=====================>        71%] [Cov:==================================>99%]
[Progress:=====================>        71%] [Cov:==================================>99%]
[Progress:=====================>        71%] [Cov:==================================>99%]
[Progress:=====================>        71%] [Cov:==================================>99%]
[Progress:=====================>        71%] [Cov:==================================>99%]
[Progress:=====================>        71%] [Cov:==================================>99%]
[Progress:=====================>        71%] [Cov:==================================>99%]
[Progress:=====================>        71%] [Cov:==================================>99%]
[Progress:=====================>        71%] [Cov:==================================>99%]
[Progress:=====================>        71%] [Cov:==================================>99%]
[Progress:=====================>        71%] [Cov:==================================>99%]
[Progress:=====================>        71%] [Cov:==================================>99%]
[Progress:=====================>        71%] [Cov:==================================>99%]
[Progress:=====================>        71%] [Cov:==================================>99%]
[Progress:=====================>        71%] [Cov:==================================>99%]
[Progress:=====================>        71%] [Cov:==================================>99%]
[Progress:=====================>        71%] [Cov:==================================>99%]
[Progress:=====================>        71%] [Cov:==================================>99%]
[Progress:=====================>        72%] [Cov:==================================>99%]
[Progress:=====================>        72%] [Cov:==================================>99%]
[Progress:=====================>        72%] [Cov:==================================>99%]
[Progress:=====================>        72%] [Cov:==================================>99%]
[Progress:=====================>        72%] [Cov:==================================>99%]
[Progress:=====================>        72%] [Cov:==================================>99%]
[Progress:=====================>        72%] [Cov:==================================>99%]
[Progress:=====================>        72%] [Cov:==================================>99%]
[Progress:=====================>        72%] [Cov:==================================>99%]
[Progress:=====================>        72%] [Cov:==================================>99%]
[Progress:=====================>        72%] [Cov:==================================>99%]
[Progress:=====================>        72%] [Cov:==================================>99%]
[Progress:=====================>        72%] [Cov:==================================>99%]
[Progress:=====================>        72%] [Cov:==================================>99%]
[Progress:=====================>        72%] [Cov:==================================>99%]
[Progress:=====================>        72%] [Cov:==================================>99%]
[Progress:=====================>        72%] [Cov:==================================>99%]
[Progress:=====================>        72%] [Cov:==================================>99%]
[Progress:=====================>        72%] [Cov:==================================>99%]
[Progress:=====================>        72%] [Cov:==================================>99%]
[Progress:=====================>        72%] [Cov:==================================>99%]
[Progress:=====================>        72%] [Cov:==================================>99%]
[Progress:=====================>        72%] [Cov:==================================>99%]
[Progress:=====================>        72%] [Cov:==================================>99%]
[Progress:=====================>        72%] [Cov:==================================>99%]
[Progress:=====================>        72%] [Cov:==================================>99%]
[Progress:=====================>        72%] [Cov:==================================>99%]
[Progress:=====================>        72%] [Cov:==================================>99%]
[Progress:=====================>        72%] [Cov:==================================>99%]
[Progress:=====================>        72%] [Cov:==================================>99%]
[Progress:=====================>        72%] [Cov:==================================>99%]
[Progress:=====================>        72%] [Cov:==================================>99%]
[Progress:=====================>        72%] [Cov:==================================>99%]
[Progress:=====================>        73%] [Cov:==================================>99%]
[Progress:=====================>        73%] [Cov:==================================>99%]
[Progress:=====================>        73%] [Cov:==================================>99%]
[Progress:=====================>        73%] [Cov:==================================>99%]
[Progress:=====================>        73%] [Cov:==================================>99%]
[Progress:=====================>        73%] [Cov:==================================>99%]
[Progress:=====================>        73%] [Cov:==================================>99%]
[Progress:=====================>        73%] [Cov:==================================>99%]
[Progress:=====================>        73%] [Cov:==================================>99%]
[Progress:=====================>        73%] [Cov:==================================>99%]
[Progress:=====================>        73%] [Cov:==================================>99%]
[Progress:=====================>        73%] [Cov:==================================>99%]
[Progress:=====================>        73%] [Cov:==================================>99%]
[Progress:=====================>        73%] [Cov:==================================>99%]
[Progress:=====================>        73%] [Cov:==================================>99%]
[Progress:=====================>        73%] [Cov:==================================>99%]
[Progress:=====================>        73%] [Cov:==================================>99%]
[Progress:=====================>        73%] [Cov:==================================>99%]
[Progress:=====================>        73%] [Cov:==================================>99%]
[Progress:=====================>        73%] [Cov:==================================>99%]
[Progress:=====================>        73%] [Cov:==================================>99%]
[Progress:=====================>        73%] [Cov:==================================>99%]
[Progress:=====================>        73%] [Cov:==================================>99%]
[Progress:=====================>        73%] [Cov:==================================>99%]
[Progress:=====================>        73%] [Cov:==================================>99%]
[Progress:=====================>        73%] [Cov:==================================>99%]
[Progress:=====================>        73%] [Cov:==================================>99%]
[Progress:=====================>        73%] [Cov:==================================>99%]
[Progress:=====================>        73%] [Cov:==================================>99%]
[Progress:=====================>        73%] [Cov:==================================>99%]
[Progress:=====================>        73%] [Cov:==================================>99%]
[Progress:=====================>        73%] [Cov:==================================>99%]
[Progress:=====================>        73%] [Cov:==================================>99%]
[Progress:======================>       74%] [Cov:==================================>99%]
[Progress:======================>       74%] [Cov:==================================>99%]
[Progress:======================>       74%] [Cov:==================================>99%]
[Progress:======================>       74%] [Cov:==================================>99%]
[Progress:======================>       74%] [Cov:==================================>99%]
[Progress:======================>       74%] [Cov:==================================>99%]
[Progress:======================>       74%] [Cov:==================================>99%]
[Progress:======================>       74%] [Cov:==================================>99%]
[Progress:======================>       74%] [Cov:==================================>99%]
[Progress:======================>       74%] [Cov:==================================>99%]
[Progress:======================>       74%] [Cov:==================================>99%]
[Progress:======================>       74%] [Cov:==================================>99%]
[Progress:======================>       74%] [Cov:==================================>99%]
[Progress:======================>       74%] [Cov:==================================>99%]
[Progress:======================>       74%] [Cov:==================================>99%]
[Progress:======================>       74%] [Cov:==================================>99%]
[Progress:======================>       74%] [Cov:==================================>99%]
[Progress:======================>       74%] [Cov:==================================>99%]
[Progress:======================>       74%] [Cov:==================================>99%]
[Progress:======================>       74%] [Cov:==================================>99%]
[Progress:======================>       74%] [Cov:==================================>99%]
[Progress:======================>       74%] [Cov:==================================>99%]
[Progress:======================>       74%] [Cov:==================================>99%]
[Progress:======================>       74%] [Cov:==================================>99%]
[Progress:======================>       74%] [Cov:==================================>99%]
[Progress:======================>       74%] [Cov:==================================>99%]
[Progress:======================>       74%] [Cov:==================================>99%]
[Progress:======================>       74%] [Cov:==================================>99%]
[Progress:======================>       74%] [Cov:==================================>99%]
[Progress:======================>       74%] [Cov:==================================>99%]
[Progress:======================>       74%] [Cov:==================================>99%]
[Progress:======================>       74%] [Cov:==================================>99%]
[Progress:======================>       75%] [Cov:==================================>99%]
[Progress:======================>       75%] [Cov:==================================>99%]
[Progress:======================>       75%] [Cov:==================================>99%]
[Progress:======================>       75%] [Cov:==================================>99%]
[Progress:======================>       75%] [Cov:==================================>99%]
[Progress:======================>       75%] [Cov:==================================>99%]
[Progress:======================>       75%] [Cov:==================================>99%]
[Progress:======================>       75%] [Cov:==================================>99%]
[Progress:======================>       75%] [Cov:==================================>99%]
[Progress:======================>       75%] [Cov:==================================>99%]
[Progress:======================>       75%] [Cov:==================================>99%]
[Progress:======================>       75%] [Cov:==================================>99%]
[Progress:======================>       75%] [Cov:==================================>99%]
[Progress:======================>       75%] [Cov:==================================>99%]
[Progress:======================>       75%] [Cov:==================================>99%]
[Progress:======================>       75%] [Cov:==================================>99%]
[Progress:======================>       75%] [Cov:==================================>99%]
[Progress:======================>       75%] [Cov:==================================>99%]
[Progress:======================>       75%] [Cov:==================================>99%]
[Progress:======================>       75%] [Cov:==================================>99%]
[Progress:======================>       75%] [Cov:==================================>99%]
[Progress:======================>       75%] [Cov:==================================>99%]
[Progress:======================>       75%] [Cov:==================================>99%]
[Progress:======================>       75%] [Cov:==================================>99%]
[Progress:======================>       75%] [Cov:==================================>99%]
[Progress:======================>       75%] [Cov:==================================>99%]
[Progress:======================>       75%] [Cov:==================================>99%]
[Progress:======================>       75%] [Cov:==================================>99%]
[Progress:======================>       75%] [Cov:==================================>99%]
[Progress:======================>       75%] [Cov:==================================>99%]
[Progress:======================>       75%] [Cov:==================================>99%]
[Progress:======================>       75%] [Cov:==================================>99%]
[Progress:======================>       75%] [Cov:==================================>99%]
[Progress:======================>       75%] [Cov:==================================>99%]
[Progress:======================>       75%] [Cov:==================================>99%]
[Progress:======================>       75%] [Cov:==================================>99%]
[Progress:======================>       75%] [Cov:==================================>99%]
[Progress:======================>       75%] [Cov:==================================>99%]
[Progress:======================>       75%] [Cov:==================================>99%]
[Progress:======================>       75%] [Cov:==================================>99%]
[Progress:======================>       75%] [Cov:==================================>99%]
[Progress:======================>       75%] [Cov:==================================>99%]
[Progress:======================>       75%] [Cov:==================================>99%]
[Progress:======================>       75%] [Cov:==================================>99%]
[Progress:======================>       75%] [Cov:==================================>99%]
[Progress:======================>       75%] [Cov:==================================>99%]
[Progress:======================>       75%] [Cov:==================================>99%]
[Progress:======================>       75%] [Cov:==================================>99%]
[Progress:======================>       75%] [Cov:==================================>99%]
[Progress:======================>       75%] [Cov:==================================>99%]
[Progress:======================>       75%] [Cov:==================================>99%]
[Progress:======================>       75%] [Cov:==================================>99%]
[Progress:======================>       75%] [Cov:==================================>99%]
[Progress:======================>       75%] [Cov:==================================>99%]
[Progress:======================>       75%] [Cov:==================================>99%]
[Progress:======================>       75%] [Cov:==================================>99%]
[Progress:======================>       75%] [Cov:==================================>99%]
[Progress:======================>       75%] [Cov:==================================>99%]
[Progress:======================>       75%] [Cov:==================================>99%]
[Progress:======================>       75%] [Cov:==================================>99%]
[Progress:======================>       75%] [Cov:==================================>99%]
[Progress:======================>       75%] [Cov:==================================>99%]
[Progress:======================>       75%] [Cov:==================================>99%]
[Progress:======================>       76%] [Cov:==================================>99%]
[Progress:======================>       76%] [Cov:==================================>99%]
[Progress:======================>       76%] [Cov:==================================>99%]
[Progress:======================>       76%] [Cov:==================================>99%]
[Progress:======================>       76%] [Cov:==================================>99%]
[Progress:======================>       76%] [Cov:==================================>99%]
[Progress:======================>       76%] [Cov:==================================>99%]
[Progress:======================>       76%] [Cov:==================================>99%]
[Progress:======================>       76%] [Cov:==================================>99%]
[Progress:======================>       76%] [Cov:==================================>99%]
[Progress:======================>       76%] [Cov:==================================>99%]
[Progress:======================>       76%] [Cov:==================================>99%]
[Progress:======================>       76%] [Cov:==================================>99%]
[Progress:======================>       76%] [Cov:==================================>99%]
[Progress:======================>       76%] [Cov:==================================>99%]
[Progress:======================>       76%] [Cov:==================================>99%]
[Progress:======================>       76%] [Cov:==================================>99%]
[Progress:======================>       76%] [Cov:==================================>99%]
[Progress:======================>       76%] [Cov:==================================>99%]
[Progress:======================>       76%] [Cov:==================================>99%]
[Progress:======================>       76%] [Cov:==================================>99%]
[Progress:======================>       76%] [Cov:==================================>99%]
[Progress:======================>       76%] [Cov:==================================>99%]
[Progress:======================>       76%] [Cov:==================================>99%]
[Progress:======================>       76%] [Cov:==================================>99%]
[Progress:======================>       76%] [Cov:==================================>99%]
[Progress:======================>       76%] [Cov:==================================>99%]
[Progress:======================>       76%] [Cov:==================================>99%]
[Progress:======================>       76%] [Cov:==================================>99%]
[Progress:======================>       76%] [Cov:==================================>99%]
[Progress:======================>       76%] [Cov:==================================>99%]
[Progress:======================>       76%] [Cov:==================================>99%]
[Progress:=======================>      77%] [Cov:==================================>99%]
[Progress:=======================>      77%] [Cov:==================================>99%]
[Progress:=======================>      77%] [Cov:==================================>99%]
[Progress:=======================>      77%] [Cov:==================================>99%]
[Progress:=======================>      77%] [Cov:==================================>99%]
[Progress:=======================>      77%] [Cov:==================================>99%]
[Progress:=======================>      77%] [Cov:==================================>99%]
[Progress:=======================>      77%] [Cov:==================================>99%]
[Progress:=======================>      77%] [Cov:==================================>99%]
[Progress:=======================>      77%] [Cov:==================================>99%]
[Progress:=======================>      77%] [Cov:==================================>99%]
[Progress:=======================>      77%] [Cov:==================================>99%]
[Progress:=======================>      77%] [Cov:==================================>99%]
[Progress:=======================>      77%] [Cov:==================================>99%]
[Progress:=======================>      77%] [Cov:==================================>99%]
[Progress:=======================>      77%] [Cov:==================================>99%]
[Progress:=======================>      77%] [Cov:==================================>99%]
[Progress:=======================>      77%] [Cov:==================================>99%]
[Progress:=======================>      77%] [Cov:==================================>99%]
[Progress:=======================>      77%] [Cov:==================================>99%]
[Progress:=======================>      77%] [Cov:==================================>99%]
[Progress:=======================>      77%] [Cov:==================================>99%]
[Progress:=======================>      77%] [Cov:==================================>99%]
[Progress:=======================>      77%] [Cov:==================================>99%]
[Progress:=======================>      77%] [Cov:==================================>99%]
[Progress:=======================>      77%] [Cov:==================================>99%]
[Progress:=======================>      77%] [Cov:==================================>99%]
[Progress:=======================>      77%] [Cov:==================================>99%]
[Progress:=======================>      77%] [Cov:==================================>99%]
[Progress:=======================>      77%] [Cov:==================================>99%]
[Progress:=======================>      77%] [Cov:==================================>99%]
[Progress:=======================>      77%] [Cov:==================================>99%]
[Progress:=======================>      77%] [Cov:==================================>99%]
[Progress:=======================>      78%] [Cov:==================================>99%]
[Progress:=======================>      78%] [Cov:==================================>99%]
[Progress:=======================>      78%] [Cov:==================================>99%]
[Progress:=======================>      78%] [Cov:==================================>99%]
[Progress:=======================>      78%] [Cov:==================================>99%]
[Progress:=======================>      78%] [Cov:==================================>99%]
[Progress:=======================>      78%] [Cov:==================================>99%]
[Progress:=======================>      78%] [Cov:==================================>99%]
[Progress:=======================>      78%] [Cov:==================================>99%]
[Progress:=======================>      78%] [Cov:==================================>99%]
[Progress:=======================>      78%] [Cov:==================================>99%]
[Progress:=======================>      78%] [Cov:==================================>99%]
[Progress:=======================>      78%] [Cov:==================================>99%]
[Progress:=======================>      78%] [Cov:==================================>99%]
[Progress:=======================>      78%] [Cov:==================================>99%]
[Progress:=======================>      78%] [Cov:==================================>99%]
[Progress:=======================>      78%] [Cov:==================================>99%]
[Progress:=======================>      78%] [Cov:==================================>99%]
[Progress:=======================>      78%] [Cov:==================================>99%]
[Progress:=======================>      78%] [Cov:==================================>99%]
[Progress:=======================>      78%] [Cov:==================================>99%]
[Progress:=======================>      78%] [Cov:==================================>99%]
[Progress:=======================>      78%] [Cov:==================================>99%]
[Progress:=======================>      78%] [Cov:==================================>99%]
[Progress:=======================>      78%] [Cov:==================================>99%]
[Progress:=======================>      78%] [Cov:==================================>99%]
[Progress:=======================>      78%] [Cov:==================================>99%]
[Progress:=======================>      78%] [Cov:==================================>99%]
[Progress:=======================>      78%] [Cov:==================================>99%]
[Progress:=======================>      78%] [Cov:==================================>99%]
[Progress:=======================>      78%] [Cov:==================================>99%]
[Progress:=======================>      78%] [Cov:==================================>99%]
[Progress:=======================>      79%] [Cov:==================================>99%]
[Progress:=======================>      79%] [Cov:==================================>99%]
[Progress:=======================>      79%] [Cov:==================================>99%]
[Progress:=======================>      79%] [Cov:==================================>99%]
[Progress:=======================>      79%] [Cov:==================================>99%]
[Progress:=======================>      79%] [Cov:==================================>99%]
[Progress:=======================>      79%] [Cov:==================================>99%]
[Progress:=======================>      79%] [Cov:==================================>99%]
[Progress:=======================>      79%] [Cov:==================================>99%]
[Progress:=======================>      79%] [Cov:==================================>99%]
[Progress:=======================>      79%] [Cov:==================================>99%]
[Progress:=======================>      79%] [Cov:==================================>99%]
[Progress:=======================>      79%] [Cov:==================================>99%]
[Progress:=======================>      79%] [Cov:==================================>99%]
[Progress:=======================>      79%] [Cov:==================================>99%]
[Progress:=======================>      79%] [Cov:==================================>99%]
[Progress:=======================>      79%] [Cov:==================================>99%]
[Progress:=======================>      79%] [Cov:==================================>99%]
[Progress:=======================>      79%] [Cov:==================================>99%]
[Progress:=======================>      79%] [Cov:==================================>99%]
[Progress:=======================>      79%] [Cov:==================================>99%]
[Progress:=======================>      79%] [Cov:==================================>99%]
[Progress:=======================>      79%] [Cov:==================================>99%]
[Progress:=======================>      79%] [Cov:==================================>99%]
[Progress:=======================>      79%] [Cov:==================================>99%]
[Progress:=======================>      79%] [Cov:==================================>99%]
[Progress:=======================>      79%] [Cov:==================================>99%]
[Progress:=======================>      79%] [Cov:==================================>99%]
[Progress:=======================>      79%] [Cov:==================================>99%]
[Progress:=======================>      79%] [Cov:==================================>99%]
[Progress:=======================>      79%] [Cov:==================================>99%]
[Progress:=======================>      79%] [Cov:==================================>99%]
[Progress:========================>     80%] [Cov:==================================>99%]
[Progress:========================>     80%] [Cov:==================================>99%]
[Progress:========================>     80%] [Cov:==================================>99%]
[Progress:========================>     80%] [Cov:==================================>99%]
[Progress:========================>     80%] [Cov:==================================>99%]
[Progress:========================>     80%] [Cov:==================================>99%]
[Progress:========================>     80%] [Cov:==================================>99%]
[Progress:========================>     80%] [Cov:==================================>99%]
[Progress:========================>     80%] [Cov:==================================>99%]
[Progress:========================>     80%] [Cov:==================================>99%]
[Progress:========================>     80%] [Cov:==================================>99%]
[Progress:========================>     80%] [Cov:==================================>99%]
[Progress:========================>     80%] [Cov:==================================>99%]
[Progress:========================>     80%] [Cov:==================================>99%]
[Progress:========================>     80%] [Cov:==================================>99%]
[Progress:========================>     80%] [Cov:==================================>99%]
[Progress:========================>     80%] [Cov:==================================>99%]
[Progress:========================>     80%] [Cov:==================================>99%]
[Progress:========================>     80%] [Cov:==================================>99%]
[Progress:========================>     80%] [Cov:==================================>99%]
[Progress:========================>     80%] [Cov:==================================>99%]
[Progress:========================>     80%] [Cov:==================================>99%]
[Progress:========================>     80%] [Cov:==================================>99%]
[Progress:========================>     80%] [Cov:==================================>99%]
[Progress:========================>     80%] [Cov:==================================>99%]
[Progress:========================>     80%] [Cov:==================================>99%]
[Progress:========================>     80%] [Cov:==================================>99%]
[Progress:========================>     80%] [Cov:==================================>99%]
[Progress:========================>     80%] [Cov:==================================>99%]
[Progress:========================>     80%] [Cov:==================================>99%]
[Progress:========================>     80%] [Cov:==================================>99%]
[Progress:========================>     80%] [Cov:==================================>99%]
[Progress:========================>     80%] [Cov:==================================>99%]
[Progress:========================>     80%] [Cov:==================================>99%]
[Progress:========================>     80%] [Cov:==================================>99%]
[Progress:========================>     80%] [Cov:==================================>99%]
[Progress:========================>     80%] [Cov:==================================>99%]
[Progress:========================>     80%] [Cov:==================================>99%]
[Progress:========================>     80%] [Cov:==================================>99%]
[Progress:========================>     80%] [Cov:==================================>99%]
[Progress:========================>     80%] [Cov:==================================>99%]
[Progress:========================>     80%] [Cov:==================================>99%]
[Progress:========================>     80%] [Cov:==================================>99%]
[Progress:========================>     80%] [Cov:==================================>99%]
[Progress:========================>     80%] [Cov:==================================>99%]
[Progress:========================>     80%] [Cov:==================================>99%]
[Progress:========================>     80%] [Cov:==================================>99%]
[Progress:========================>     80%] [Cov:==================================>99%]
[Progress:========================>     80%] [Cov:==================================>99%]
[Progress:========================>     80%] [Cov:==================================>99%]
[Progress:========================>     80%] [Cov:==================================>99%]
[Progress:========================>     80%] [Cov:==================================>99%]
[Progress:========================>     80%] [Cov:==================================>99%]
[Progress:========================>     80%] [Cov:==================================>99%]
[Progress:========================>     80%] [Cov:==================================>99%]
[Progress:========================>     80%] [Cov:==================================>99%]
[Progress:========================>     80%] [Cov:==================================>99%]
[Progress:========================>     80%] [Cov:==================================>99%]
[Progress:========================>     80%] [Cov:==================================>99%]
[Progress:========================>     80%] [Cov:==================================>99%]
[Progress:========================>     80%] [Cov:==================================>99%]
[Progress:========================>     80%] [Cov:==================================>99%]
[Progress:========================>     80%] [Cov:==================================>99%]
[Progress:========================>     80%] [Cov:==================================>99%]
[Progress:========================>     80%] [Cov:==================================>99%]
[Progress:========================>     80%] [Cov:==================================>99%]
[Progress:========================>     81%] [Cov:==================================>99%]
[Progress:========================>     81%] [Cov:==================================>99%]
[Progress:========================>     81%] [Cov:==================================>99%]
[Progress:========================>     81%] [Cov:==================================>99%]
[Progress:========================>     81%] [Cov:==================================>99%]
[Progress:========================>     81%] [Cov:==================================>99%]
[Progress:========================>     81%] [Cov:==================================>99%]
[Progress:========================>     81%] [Cov:==================================>99%]
[Progress:========================>     81%] [Cov:==================================>99%]
[Progress:========================>     81%] [Cov:==================================>99%]
[Progress:========================>     81%] [Cov:==================================>99%]
[Progress:========================>     81%] [Cov:==================================>99%]
[Progress:========================>     81%] [Cov:==================================>99%]
[Progress:========================>     81%] [Cov:==================================>99%]
[Progress:========================>     81%] [Cov:==================================>99%]
[Progress:========================>     81%] [Cov:==================================>99%]
[Progress:========================>     81%] [Cov:==================================>99%]
[Progress:========================>     81%] [Cov:==================================>99%]
[Progress:========================>     81%] [Cov:==================================>99%]
[Progress:========================>     81%] [Cov:==================================>99%]
[Progress:========================>     81%] [Cov:==================================>99%]
[Progress:========================>     81%] [Cov:==================================>99%]
[Progress:========================>     81%] [Cov:==================================>99%]
[Progress:========================>     81%] [Cov:==================================>99%]
[Progress:========================>     81%] [Cov:==================================>99%]
[Progress:========================>     81%] [Cov:==================================>99%]
[Progress:========================>     81%] [Cov:==================================>99%]
[Progress:========================>     81%] [Cov:==================================>99%]
[Progress:========================>     81%] [Cov:==================================>99%]
[Progress:========================>     81%] [Cov:==================================>99%]
[Progress:========================>     81%] [Cov:==================================>99%]
[Progress:========================>     81%] [Cov:==================================>99%]
[Progress:========================>     82%] [Cov:==================================>99%]
[Progress:========================>     82%] [Cov:==================================>99%]
[Progress:========================>     82%] [Cov:==================================>99%]
[Progress:========================>     82%] [Cov:==================================>99%]
[Progress:========================>     82%] [Cov:==================================>99%]
[Progress:========================>     82%] [Cov:==================================>99%]
[Progress:========================>     82%] [Cov:==================================>99%]
[Progress:========================>     82%] [Cov:==================================>99%]
[Progress:========================>     82%] [Cov:==================================>99%]
[Progress:========================>     82%] [Cov:==================================>99%]
[Progress:========================>     82%] [Cov:==================================>99%]
[Progress:========================>     82%] [Cov:==================================>99%]
[Progress:========================>     82%] [Cov:==================================>99%]
[Progress:========================>     82%] [Cov:==================================>99%]
[Progress:========================>     82%] [Cov:==================================>99%]
[Progress:========================>     82%] [Cov:==================================>99%]
[Progress:========================>     82%] [Cov:==================================>99%]
[Progress:========================>     82%] [Cov:==================================>99%]
[Progress:========================>     82%] [Cov:==================================>99%]
[Progress:========================>     82%] [Cov:==================================>99%]
[Progress:========================>     82%] [Cov:==================================>99%]
[Progress:========================>     82%] [Cov:==================================>99%]
[Progress:========================>     82%] [Cov:==================================>99%]
[Progress:========================>     82%] [Cov:==================================>99%]
[Progress:========================>     82%] [Cov:==================================>99%]
[Progress:========================>     82%] [Cov:==================================>99%]
[Progress:========================>     82%] [Cov:==================================>99%]
[Progress:========================>     82%] [Cov:==================================>99%]
[Progress:========================>     82%] [Cov:==================================>99%]
[Progress:========================>     82%] [Cov:==================================>99%]
[Progress:========================>     82%] [Cov:==================================>99%]
[Progress:========================>     82%] [Cov:==================================>99%]
[Progress:========================>     83%] [Cov:==================================>99%]
[Progress:========================>     83%] [Cov:==================================>99%]
[Progress:========================>     83%] [Cov:==================================>99%]
[Progress:========================>     83%] [Cov:==================================>99%]
[Progress:========================>     83%] [Cov:==================================>99%]
[Progress:========================>     83%] [Cov:==================================>99%]
[Progress:========================>     83%] [Cov:==================================>99%]
[Progress:========================>     83%] [Cov:==================================>99%]
[Progress:========================>     83%] [Cov:==================================>99%]
[Progress:========================>     83%] [Cov:==================================>99%]
[Progress:========================>     83%] [Cov:==================================>99%]
[Progress:========================>     83%] [Cov:==================================>99%]
[Progress:========================>     83%] [Cov:==================================>99%]
[Progress:========================>     83%] [Cov:==================================>99%]
[Progress:========================>     83%] [Cov:==================================>99%]
[Progress:========================>     83%] [Cov:==================================>99%]
[Progress:========================>     83%] [Cov:==================================>99%]
[Progress:========================>     83%] [Cov:==================================>99%]
[Progress:========================>     83%] [Cov:==================================>99%]
[Progress:========================>     83%] [Cov:==================================>99%]
[Progress:========================>     83%] [Cov:==================================>99%]
[Progress:========================>     83%] [Cov:==================================>99%]
[Progress:========================>     83%] [Cov:==================================>99%]
[Progress:========================>     83%] [Cov:==================================>99%]
[Progress:========================>     83%] [Cov:==================================>99%]
[Progress:========================>     83%] [Cov:==================================>99%]
[Progress:========================>     83%] [Cov:==================================>99%]
[Progress:========================>     83%] [Cov:==================================>99%]
[Progress:========================>     83%] [Cov:==================================>99%]
[Progress:========================>     83%] [Cov:==================================>99%]
[Progress:========================>     83%] [Cov:==================================>99%]
[Progress:========================>     83%] [Cov:==================================>99%]
[Progress:========================>     83%] [Cov:==================================>99%]
[Progress:=========================>    84%] [Cov:==================================>99%]
[Progress:=========================>    84%] [Cov:==================================>99%]
[Progress:=========================>    84%] [Cov:==================================>99%]
[Progress:=========================>    84%] [Cov:==================================>99%]
[Progress:=========================>    84%] [Cov:==================================>99%]
[Progress:=========================>    84%] [Cov:==================================>99%]
[Progress:=========================>    84%] [Cov:==================================>99%]
[Progress:=========================>    84%] [Cov:==================================>99%]
[Progress:=========================>    84%] [Cov:==================================>99%]
[Progress:=========================>    84%] [Cov:==================================>99%]
[Progress:=========================>    84%] [Cov:==================================>99%]
[Progress:=========================>    84%] [Cov:==================================>99%]
[Progress:=========================>    84%] [Cov:==================================>99%]
[Progress:=========================>    84%] [Cov:==================================>99%]
[Progress:=========================>    84%] [Cov:==================================>99%]
[Progress:=========================>    84%] [Cov:==================================>99%]
[Progress:=========================>    84%] [Cov:==================================>99%]
[Progress:=========================>    84%] [Cov:==================================>99%]
[Progress:=========================>    84%] [Cov:==================================>99%]
[Progress:=========================>    84%] [Cov:==================================>99%]
[Progress:=========================>    84%] [Cov:==================================>99%]
[Progress:=========================>    84%] [Cov:==================================>99%]
[Progress:=========================>    84%] [Cov:==================================>99%]
[Progress:=========================>    84%] [Cov:==================================>99%]
[Progress:=========================>    84%] [Cov:==================================>99%]
[Progress:=========================>    84%] [Cov:==================================>99%]
[Progress:=========================>    84%] [Cov:==================================>99%]
[Progress:=========================>    84%] [Cov:==================================>99%]
[Progress:=========================>    84%] [Cov:==================================>99%]
[Progress:=========================>    84%] [Cov:==================================>99%]
[Progress:=========================>    84%] [Cov:==================================>99%]
[Progress:=========================>    84%] [Cov:==================================>99%]
[Progress:=========================>    84%] [Cov:==================================>99%]
[Progress:=========================>    85%] [Cov:==================================>99%]
[Progress:=========================>    85%] [Cov:==================================>99%]
[Progress:=========================>    85%] [Cov:==================================>99%]
[Progress:=========================>    85%] [Cov:==================================>99%]
[Progress:=========================>    85%] [Cov:==================================>99%]
[Progress:=========================>    85%] [Cov:==================================>99%]
[Progress:=========================>    85%] [Cov:==================================>99%]
[Progress:=========================>    85%] [Cov:==================================>99%]
[Progress:=========================>    85%] [Cov:==================================>99%]
[Progress:=========================>    85%] [Cov:==================================>99%]
[Progress:=========================>    85%] [Cov:==================================>99%]
[Progress:=========================>    85%] [Cov:==================================>99%]
[Progress:=========================>    85%] [Cov:==================================>99%]
[Progress:=========================>    85%] [Cov:==================================>99%]
[Progress:=========================>    85%] [Cov:==================================>99%]
[Progress:=========================>    85%] [Cov:==================================>99%]
[Progress:=========================>    85%] [Cov:==================================>99%]
[Progress:=========================>    85%] [Cov:==================================>99%]
[Progress:=========================>    85%] [Cov:==================================>99%]
[Progress:=========================>    85%] [Cov:==================================>99%]
[Progress:=========================>    85%] [Cov:==================================>99%]
[Progress:=========================>    85%] [Cov:==================================>99%]
[Progress:=========================>    85%] [Cov:==================================>99%]
[Progress:=========================>    85%] [Cov:==================================>99%]
[Progress:=========================>    85%] [Cov:==================================>99%]
[Progress:=========================>    85%] [Cov:==================================>99%]
[Progress:=========================>    85%] [Cov:==================================>99%]
[Progress:=========================>    85%] [Cov:==================================>99%]
[Progress:=========================>    85%] [Cov:==================================>99%]
[Progress:=========================>    85%] [Cov:==================================>99%]
[Progress:=========================>    85%] [Cov:==================================>99%]
[Progress:=========================>    85%] [Cov:==================================>99%]
[Progress:=========================>    85%] [Cov:==================================>99%]
[Progress:=========================>    85%] [Cov:==================================>99%]
[Progress:=========================>    85%] [Cov:==================================>99%]
[Progress:=========================>    85%] [Cov:==================================>99%]
[Progress:=========================>    85%] [Cov:==================================>99%]
[Progress:=========================>    85%] [Cov:==================================>99%]
[Progress:=========================>    85%] [Cov:==================================>99%]
[Progress:=========================>    85%] [Cov:==================================>99%]
[Progress:=========================>    85%] [Cov:==================================>99%]
[Progress:=========================>    85%] [Cov:==================================>99%]
[Progress:=========================>    85%] [Cov:==================================>99%]
[Progress:=========================>    85%] [Cov:==================================>99%]
[Progress:=========================>    85%] [Cov:==================================>99%]
[Progress:=========================>    85%] [Cov:==================================>99%]
[Progress:=========================>    85%] [Cov:==================================>99%]
[Progress:=========================>    85%] [Cov:==================================>99%]
[Progress:=========================>    85%] [Cov:==================================>99%]
[Progress:=========================>    85%] [Cov:==================================>99%]
[Progress:=========================>    85%] [Cov:==================================>99%]
[Progress:=========================>    85%] [Cov:==================================>99%]
[Progress:=========================>    85%] [Cov:==================================>99%]
[Progress:=========================>    85%] [Cov:==================================>99%]
[Progress:=========================>    85%] [Cov:==================================>99%]
[Progress:=========================>    85%] [Cov:==================================>99%]
[Progress:=========================>    85%] [Cov:==================================>99%]
[Progress:=========================>    85%] [Cov:==================================>99%]
[Progress:=========================>    85%] [Cov:==================================>99%]
[Progress:=========================>    85%] [Cov:==================================>99%]
[Progress:=========================>    85%] [Cov:==================================>99%]
[Progress:=========================>    85%] [Cov:==================================>99%]
[Progress:=========================>    85%] [Cov:==================================>99%]
[Progress:=========================>    86%] [Cov:==================================>99%]
[Progress:=========================>    86%] [Cov:==================================>99%]
[Progress:=========================>    86%] [Cov:==================================>99%]
[Progress:=========================>    86%] [Cov:==================================>99%]
[Progress:=========================>    86%] [Cov:==================================>99%]
[Progress:=========================>    86%] [Cov:==================================>99%]
[Progress:=========================>    86%] [Cov:==================================>99%]
[Progress:=========================>    86%] [Cov:==================================>99%]
[Progress:=========================>    86%] [Cov:==================================>99%]
[Progress:=========================>    86%] [Cov:==================================>99%]
[Progress:=========================>    86%] [Cov:==================================>99%]
[Progress:=========================>    86%] [Cov:==================================>99%]
[Progress:=========================>    86%] [Cov:==================================>99%]
[Progress:=========================>    86%] [Cov:==================================>99%]
[Progress:=========================>    86%] [Cov:==================================>99%]
[Progress:=========================>    86%] [Cov:==================================>99%]
[Progress:=========================>    86%] [Cov:==================================>99%]
[Progress:=========================>    86%] [Cov:==================================>99%]
[Progress:=========================>    86%] [Cov:==================================>99%]
[Progress:=========================>    86%] [Cov:==================================>99%]
[Progress:=========================>    86%] [Cov:==================================>99%]
[Progress:=========================>    86%] [Cov:==================================>99%]
[Progress:=========================>    86%] [Cov:==================================>99%]
[Progress:=========================>    86%] [Cov:==================================>99%]
[Progress:=========================>    86%] [Cov:==================================>99%]
[Progress:=========================>    86%] [Cov:==================================>99%]
[Progress:=========================>    86%] [Cov:==================================>99%]
[Progress:=========================>    86%] [Cov:==================================>99%]
[Progress:=========================>    86%] [Cov:==================================>99%]
[Progress:=========================>    86%] [Cov:==================================>99%]
[Progress:=========================>    86%] [Cov:==================================>99%]
[Progress:=========================>    86%] [Cov:==================================>99%]
[Progress:=========================>    86%] [Cov:==================================>99%]
[Progress:==========================>   87%] [Cov:==================================>99%]
[Progress:==========================>   87%] [Cov:==================================>99%]
[Progress:==========================>   87%] [Cov:==================================>99%]
[Progress:==========================>   87%] [Cov:==================================>99%]
[Progress:==========================>   87%] [Cov:==================================>99%]
[Progress:==========================>   87%] [Cov:==================================>99%]
[Progress:==========================>   87%] [Cov:==================================>99%]
[Progress:==========================>   87%] [Cov:==================================>99%]
[Progress:==========================>   87%] [Cov:==================================>99%]
[Progress:==========================>   87%] [Cov:==================================>99%]
[Progress:==========================>   87%] [Cov:==================================>99%]
[Progress:==========================>   87%] [Cov:==================================>99%]
[Progress:==========================>   87%] [Cov:==================================>99%]
[Progress:==========================>   87%] [Cov:==================================>99%]
[Progress:==========================>   87%] [Cov:==================================>99%]
[Progress:==========================>   87%] [Cov:==================================>99%]
[Progress:==========================>   87%] [Cov:==================================>99%]
[Progress:==========================>   87%] [Cov:==================================>99%]
[Progress:==========================>   87%] [Cov:==================================>99%]
[Progress:==========================>   87%] [Cov:==================================>99%]
[Progress:==========================>   87%] [Cov:==================================>99%]
[Progress:==========================>   87%] [Cov:==================================>99%]
[Progress:==========================>   87%] [Cov:==================================>99%]
[Progress:==========================>   87%] [Cov:==================================>99%]
[Progress:==========================>   87%] [Cov:==================================>99%]
[Progress:==========================>   87%] [Cov:==================================>99%]
[Progress:==========================>   87%] [Cov:==================================>99%]
[Progress:==========================>   87%] [Cov:==================================>99%]
[Progress:==========================>   87%] [Cov:==================================>99%]
[Progress:==========================>   87%] [Cov:==================================>99%]
[Progress:==========================>   87%] [Cov:==================================>99%]
[Progress:==========================>   87%] [Cov:==================================>99%]
[Progress:==========================>   87%] [Cov:==================================>99%]
[Progress:==========================>   88%] [Cov:==================================>99%]
[Progress:==========================>   88%] [Cov:==================================>99%]
[Progress:==========================>   88%] [Cov:==================================>99%]
[Progress:==========================>   88%] [Cov:==================================>99%]
[Progress:==========================>   88%] [Cov:==================================>99%]
[Progress:==========================>   88%] [Cov:==================================>99%]
[Progress:==========================>   88%] [Cov:==================================>99%]
[Progress:==========================>   88%] [Cov:==================================>99%]
[Progress:==========================>   88%] [Cov:==================================>99%]
[Progress:==========================>   88%] [Cov:==================================>99%]
[Progress:==========================>   88%] [Cov:==================================>99%]
[Progress:==========================>   88%] [Cov:==================================>99%]
[Progress:==========================>   88%] [Cov:==================================>99%]
[Progress:==========================>   88%] [Cov:==================================>99%]
[Progress:==========================>   88%] [Cov:==================================>99%]
[Progress:==========================>   88%] [Cov:==================================>99%]
[Progress:==========================>   88%] [Cov:==================================>99%]
[Progress:==========================>   88%] [Cov:==================================>99%]
[Progress:==========================>   88%] [Cov:==================================>99%]
[Progress:==========================>   88%] [Cov:==================================>99%]
[Progress:==========================>   88%] [Cov:==================================>99%]
[Progress:==========================>   88%] [Cov:==================================>99%]
[Progress:==========================>   88%] [Cov:==================================>99%]
[Progress:==========================>   88%] [Cov:==================================>99%]
[Progress:==========================>   88%] [Cov:==================================>99%]
[Progress:==========================>   88%] [Cov:==================================>99%]
[Progress:==========================>   88%] [Cov:==================================>99%]
[Progress:==========================>   88%] [Cov:==================================>99%]
[Progress:==========================>   88%] [Cov:==================================>99%]
[Progress:==========================>   88%] [Cov:==================================>99%]
[Progress:==========================>   88%] [Cov:==================================>99%]
[Progress:==========================>   88%] [Cov:==================================>99%]
[Progress:==========================>   88%] [Cov:==================================>99%]
[Progress:==========================>   89%] [Cov:==================================>99%]
[Progress:==========================>   89%] [Cov:==================================>99%]
[Progress:==========================>   89%] [Cov:==================================>99%]
[Progress:==========================>   89%] [Cov:==================================>99%]
[Progress:==========================>   89%] [Cov:==================================>99%]
[Progress:==========================>   89%] [Cov:==================================>99%]
[Progress:==========================>   89%] [Cov:==================================>99%]
[Progress:==========================>   89%] [Cov:==================================>99%]
[Progress:==========================>   89%] [Cov:==================================>99%]
[Progress:==========================>   89%] [Cov:==================================>99%]
[Progress:==========================>   89%] [Cov:==================================>99%]
[Progress:==========================>   89%] [Cov:==================================>99%]
[Progress:==========================>   89%] [Cov:==================================>99%]
[Progress:==========================>   89%] [Cov:==================================>99%]
[Progress:==========================>   89%] [Cov:==================================>99%]
[Progress:==========================>   89%] [Cov:==================================>99%]
[Progress:==========================>   89%] [Cov:==================================>99%]
[Progress:==========================>   89%] [Cov:==================================>99%]
[Progress:==========================>   89%] [Cov:==================================>99%]
[Progress:==========================>   89%] [Cov:==================================>99%]
[Progress:==========================>   89%] [Cov:==================================>99%]
[Progress:==========================>   89%] [Cov:==================================>99%]
[Progress:==========================>   89%] [Cov:==================================>99%]
[Progress:==========================>   89%] [Cov:==================================>99%]
[Progress:==========================>   89%] [Cov:==================================>99%]
[Progress:==========================>   89%] [Cov:==================================>99%]
[Progress:==========================>   89%] [Cov:==================================>99%]
[Progress:==========================>   89%] [Cov:==================================>99%]
[Progress:==========================>   89%] [Cov:==================================>99%]
[Progress:==========================>   89%] [Cov:==================================>99%]
[Progress:==========================>   89%] [Cov:==================================>99%]
[Progress:==========================>   89%] [Cov:==================================>99%]
[Progress:===========================>  90%] [Cov:==================================>99%]
[Progress:===========================>  90%] [Cov:==================================>99%]
[Progress:===========================>  90%] [Cov:==================================>99%]
[Progress:===========================>  90%] [Cov:==================================>99%]
[Progress:===========================>  90%] [Cov:==================================>99%]
[Progress:===========================>  90%] [Cov:==================================>99%]
[Progress:===========================>  90%] [Cov:==================================>99%]
[Progress:===========================>  90%] [Cov:==================================>99%]
[Progress:===========================>  90%] [Cov:==================================>99%]
[Progress:===========================>  90%] [Cov:==================================>99%]
[Progress:===========================>  90%] [Cov:==================================>99%]
[Progress:===========================>  90%] [Cov:==================================>99%]
[Progress:===========================>  90%] [Cov:==================================>99%]
[Progress:===========================>  90%] [Cov:==================================>99%]
[Progress:===========================>  90%] [Cov:==================================>99%]
[Progress:===========================>  90%] [Cov:==================================>99%]
[Progress:===========================>  90%] [Cov:==================================>99%]
[Progress:===========================>  90%] [Cov:==================================>99%]
[Progress:===========================>  90%] [Cov:==================================>99%]
[Progress:===========================>  90%] [Cov:==================================>99%]
[Progress:===========================>  90%] [Cov:==================================>99%]
[Progress:===========================>  90%] [Cov:==================================>99%]
[Progress:===========================>  90%] [Cov:==================================>99%]
[Progress:===========================>  90%] [Cov:==================================>99%]
[Progress:===========================>  90%] [Cov:==================================>99%]
[Progress:===========================>  90%] [Cov:==================================>99%]
[Progress:===========================>  90%] [Cov:==================================>99%]
[Progress:===========================>  90%] [Cov:==================================>99%]
[Progress:===========================>  90%] [Cov:==================================>99%]
[Progress:===========================>  90%] [Cov:==================================>99%]
[Progress:===========================>  90%] [Cov:==================================>99%]
[Progress:===========================>  90%] [Cov:==================================>99%]
[Progress:===========================>  90%] [Cov:==================================>99%]
[Progress:===========================>  90%] [Cov:==================================>99%]
[Progress:===========================>  90%] [Cov:==================================>99%]
[Progress:===========================>  90%] [Cov:==================================>99%]
[Progress:===========================>  90%] [Cov:==================================>99%]
[Progress:===========================>  90%] [Cov:==================================>99%]
[Progress:===========================>  90%] [Cov:==================================>99%]
[Progress:===========================>  90%] [Cov:==================================>99%]
[Progress:===========================>  90%] [Cov:==================================>99%]
[Progress:===========================>  90%] [Cov:==================================>99%]
[Progress:===========================>  90%] [Cov:==================================>99%]
[Progress:===========================>  90%] [Cov:==================================>99%]
[Progress:===========================>  90%] [Cov:==================================>99%]
[Progress:===========================>  90%] [Cov:==================================>99%]
[Progress:===========================>  90%] [Cov:==================================>99%]
[Progress:===========================>  90%] [Cov:==================================>99%]
[Progress:===========================>  90%] [Cov:==================================>99%]
[Progress:===========================>  90%] [Cov:==================================>99%]
[Progress:===========================>  90%] [Cov:==================================>99%]
[Progress:===========================>  90%] [Cov:==================================>99%]
[Progress:===========================>  90%] [Cov:==================================>99%]
[Progress:===========================>  90%] [Cov:==================================>99%]
[Progress:===========================>  90%] [Cov:==================================>99%]
[Progress:===========================>  90%] [Cov:==================================>99%]
[Progress:===========================>  90%] [Cov:==================================>99%]
[Progress:===========================>  90%] [Cov:==================================>99%]
[Progress:===========================>  90%] [Cov:==================================>99%]
[Progress:===========================>  90%] [Cov:==================================>99%]
[Progress:===========================>  90%] [Cov:==================================>99%]
[Progress:===========================>  90%] [Cov:==================================>99%]
[Progress:===========================>  90%] [Cov:==================================>99%]
[Progress:===========================>  90%] [Cov:==================================>99%]
[Progress:===========================>  91%] [Cov:==================================>99%]
[Progress:===========================>  91%] [Cov:==================================>99%]
[Progress:===========================>  91%] [Cov:==================================>99%]
[Progress:===========================>  91%] [Cov:==================================>99%]
[Progress:===========================>  91%] [Cov:==================================>99%]
[Progress:===========================>  91%] [Cov:==================================>99%]
[Progress:===========================>  91%] [Cov:==================================>99%]
[Progress:===========================>  91%] [Cov:==================================>99%]
[Progress:===========================>  91%] [Cov:==================================>99%]
[Progress:===========================>  91%] [Cov:==================================>99%]
[Progress:===========================>  91%] [Cov:==================================>99%]
[Progress:===========================>  91%] [Cov:==================================>99%]
[Progress:===========================>  91%] [Cov:==================================>99%]
[Progress:===========================>  91%] [Cov:==================================>99%]
[Progress:===========================>  91%] [Cov:==================================>99%]
[Progress:===========================>  91%] [Cov:==================================>99%]
[Progress:===========================>  91%] [Cov:==================================>99%]
[Progress:===========================>  91%] [Cov:==================================>99%]
[Progress:===========================>  91%] [Cov:==================================>99%]
[Progress:===========================>  91%] [Cov:==================================>99%]
[Progress:===========================>  91%] [Cov:==================================>99%]
[Progress:===========================>  91%] [Cov:==================================>99%]
[Progress:===========================>  91%] [Cov:==================================>99%]
[Progress:===========================>  91%] [Cov:==================================>99%]
[Progress:===========================>  91%] [Cov:==================================>99%]
[Progress:===========================>  91%] [Cov:==================================>99%]
[Progress:===========================>  91%] [Cov:==================================>99%]
[Progress:===========================>  91%] [Cov:==================================>99%]
[Progress:===========================>  91%] [Cov:==================================>99%]
[Progress:===========================>  91%] [Cov:==================================>99%]
[Progress:===========================>  91%] [Cov:==================================>99%]
[Progress:===========================>  91%] [Cov:==================================>99%]
[Progress:===========================>  92%] [Cov:==================================>99%]
[Progress:===========================>  92%] [Cov:==================================>99%]
[Progress:===========================>  92%] [Cov:==================================>99%]
[Progress:===========================>  92%] [Cov:==================================>99%]
[Progress:===========================>  92%] [Cov:==================================>99%]
[Progress:===========================>  92%] [Cov:==================================>99%]
[Progress:===========================>  92%] [Cov:==================================>99%]
[Progress:===========================>  92%] [Cov:==================================>99%]
[Progress:===========================>  92%] [Cov:==================================>99%]
[Progress:===========================>  92%] [Cov:==================================>99%]
[Progress:===========================>  92%] [Cov:==================================>99%]
[Progress:===========================>  92%] [Cov:==================================>99%]
[Progress:===========================>  92%] [Cov:==================================>99%]
[Progress:===========================>  92%] [Cov:==================================>99%]
[Progress:===========================>  92%] [Cov:==================================>99%]
[Progress:===========================>  92%] [Cov:==================================>99%]
[Progress:===========================>  92%] [Cov:==================================>99%]
[Progress:===========================>  92%] [Cov:==================================>99%]
[Progress:===========================>  92%] [Cov:==================================>99%]
[Progress:===========================>  92%] [Cov:==================================>99%]
[Progress:===========================>  92%] [Cov:==================================>99%]
[Progress:===========================>  92%] [Cov:==================================>99%]
[Progress:===========================>  92%] [Cov:==================================>99%]
[Progress:===========================>  92%] [Cov:==================================>99%]
[Progress:===========================>  92%] [Cov:==================================>99%]
[Progress:===========================>  92%] [Cov:==================================>99%]
[Progress:===========================>  92%] [Cov:==================================>99%]
[Progress:===========================>  92%] [Cov:==================================>99%]
[Progress:===========================>  92%] [Cov:==================================>99%]
[Progress:===========================>  92%] [Cov:==================================>99%]
[Progress:===========================>  92%] [Cov:==================================>99%]
[Progress:===========================>  92%] [Cov:==================================>99%]
[Progress:===========================>  92%] [Cov:==================================>99%]
[Progress:===========================>  92%] [Cov:==================================>99%]
[Progress:===========================>  93%] [Cov:==================================>99%]
[Progress:===========================>  93%] [Cov:==================================>99%]
[Progress:===========================>  93%] [Cov:==================================>99%]
[Progress:===========================>  93%] [Cov:==================================>99%]
[Progress:===========================>  93%] [Cov:==================================>99%]
[Progress:===========================>  93%] [Cov:==================================>99%]
[Progress:===========================>  93%] [Cov:==================================>99%]
[Progress:===========================>  93%] [Cov:==================================>99%]
[Progress:===========================>  93%] [Cov:==================================>99%]
[Progress:===========================>  93%] [Cov:==================================>99%]
[Progress:===========================>  93%] [Cov:==================================>99%]
[Progress:===========================>  93%] [Cov:==================================>99%]
[Progress:===========================>  93%] [Cov:==================================>99%]
[Progress:===========================>  93%] [Cov:==================================>99%]
[Progress:===========================>  93%] [Cov:==================================>99%]
[Progress:===========================>  93%] [Cov:==================================>99%]
[Progress:===========================>  93%] [Cov:==================================>99%]
[Progress:===========================>  93%] [Cov:==================================>99%]
[Progress:===========================>  93%] [Cov:==================================>99%]
[Progress:===========================>  93%] [Cov:==================================>99%]
[Progress:===========================>  93%] [Cov:==================================>99%]
[Progress:===========================>  93%] [Cov:==================================>99%]
[Progress:===========================>  93%] [Cov:==================================>99%]
[Progress:===========================>  93%] [Cov:==================================>99%]
[Progress:===========================>  93%] [Cov:==================================>99%]
[Progress:===========================>  93%] [Cov:==================================>99%]
[Progress:===========================>  93%] [Cov:==================================>99%]
[Progress:===========================>  93%] [Cov:==================================>99%]
[Progress:===========================>  93%] [Cov:==================================>99%]
[Progress:===========================>  93%] [Cov:==================================>99%]
[Progress:===========================>  93%] [Cov:==================================>99%]
[Progress:===========================>  93%] [Cov:==================================>99%]
[Progress:============================> 94%] [Cov:==================================>99%]
[Progress:============================> 94%] [Cov:==================================>99%]
[Progress:============================> 94%] [Cov:==================================>99%]
[Progress:============================> 94%] [Cov:==================================>99%]
[Progress:============================> 94%] [Cov:==================================>99%]
[Progress:============================> 94%] [Cov:==================================>99%]
[Progress:============================> 94%] [Cov:==================================>99%]
[Progress:============================> 94%] [Cov:==================================>99%]
[Progress:============================> 94%] [Cov:==================================>99%]
[Progress:============================> 94%] [Cov:==================================>99%]
[Progress:============================> 94%] [Cov:==================================>99%]
[Progress:============================> 94%] [Cov:==================================>99%]
[Progress:============================> 94%] [Cov:==================================>99%]
[Progress:============================> 94%] [Cov:==================================>99%]
[Progress:============================> 94%] [Cov:==================================>99%]
[Progress:============================> 94%] [Cov:==================================>99%]
[Progress:============================> 94%] [Cov:==================================>99%]
[Progress:============================> 94%] [Cov:==================================>99%]
[Progress:============================> 94%] [Cov:==================================>99%]
[Progress:============================> 94%] [Cov:==================================>99%]
[Progress:============================> 94%] [Cov:==================================>99%]
[Progress:============================> 94%] [Cov:==================================>99%]
[Progress:============================> 94%] [Cov:==================================>99%]
[Progress:============================> 94%] [Cov:==================================>99%]
[Progress:============================> 94%] [Cov:==================================>99%]
[Progress:============================> 94%] [Cov:==================================>99%]
[Progress:============================> 94%] [Cov:==================================>99%]
[Progress:============================> 94%] [Cov:==================================>99%]
[Progress:============================> 94%] [Cov:==================================>99%]
[Progress:============================> 94%] [Cov:==================================>99%]
[Progress:============================> 94%] [Cov:==================================>99%]
[Progress:============================> 94%] [Cov:==================================>99%]
[Progress:============================> 95%] [Cov:==================================>99%]
[Progress:============================> 95%] [Cov:==================================>99%]
[Progress:============================> 95%] [Cov:==================================>99%]
[Progress:============================> 95%] [Cov:==================================>99%]
[Progress:============================> 95%] [Cov:==================================>99%]
[Progress:============================> 95%] [Cov:==================================>99%]
[Progress:============================> 95%] [Cov:==================================>99%]
[Progress:============================> 95%] [Cov:==================================>99%]
[Progress:============================> 95%] [Cov:==================================>99%]
[Progress:============================> 95%] [Cov:==================================>99%]
[Progress:============================> 95%] [Cov:==================================>99%]
[Progress:============================> 95%] [Cov:==================================>99%]
[Progress:============================> 95%] [Cov:==================================>99%]
[Progress:============================> 95%] [Cov:==================================>99%]
[Progress:============================> 95%] [Cov:==================================>99%]
[Progress:============================> 95%] [Cov:==================================>99%]
[Progress:============================> 95%] [Cov:==================================>99%]
[Progress:============================> 95%] [Cov:==================================>99%]
[Progress:============================> 95%] [Cov:==================================>99%]
[Progress:============================> 95%] [Cov:==================================>99%]
[Progress:============================> 95%] [Cov:==================================>99%]
[Progress:============================> 95%] [Cov:==================================>99%]
[Progress:============================> 95%] [Cov:==================================>99%]
[Progress:============================> 95%] [Cov:==================================>99%]
[Progress:============================> 95%] [Cov:==================================>99%]
[Progress:============================> 95%] [Cov:==================================>99%]
[Progress:============================> 95%] [Cov:==================================>99%]
[Progress:============================> 95%] [Cov:==================================>99%]
[Progress:============================> 95%] [Cov:==================================>99%]
[Progress:============================> 95%] [Cov:==================================>99%]
[Progress:============================> 95%] [Cov:==================================>99%]
[Progress:============================> 95%] [Cov:==================================>99%]
[Progress:============================> 95%] [Cov:==================================>99%]
[Progress:============================> 95%] [Cov:==================================>99%]
[Progress:============================> 95%] [Cov:==================================>99%]
[Progress:============================> 95%] [Cov:==================================>99%]
[Progress:============================> 95%] [Cov:==================================>99%]
[Progress:============================> 95%] [Cov:==================================>99%]
[Progress:============================> 95%] [Cov:==================================>99%]
[Progress:============================> 95%] [Cov:==================================>99%]
[Progress:============================> 95%] [Cov:==================================>99%]
[Progress:============================> 95%] [Cov:==================================>99%]
[Progress:============================> 95%] [Cov:==================================>99%]
[Progress:============================> 95%] [Cov:==================================>99%]
[Progress:============================> 95%] [Cov:==================================>99%]
[Progress:============================> 95%] [Cov:==================================>99%]
[Progress:============================> 95%] [Cov:==================================>99%]
[Progress:============================> 95%] [Cov:==================================>99%]
[Progress:============================> 95%] [Cov:==================================>99%]
[Progress:============================> 95%] [Cov:==================================>99%]
[Progress:============================> 95%] [Cov:==================================>99%]
[Progress:============================> 95%] [Cov:==================================>99%]
[Progress:============================> 95%] [Cov:==================================>99%]
[Progress:============================> 95%] [Cov:==================================>99%]
[Progress:============================> 95%] [Cov:==================================>99%]
[Progress:============================> 95%] [Cov:==================================>99%]
[Progress:============================> 95%] [Cov:==================================>99%]
[Progress:============================> 95%] [Cov:==================================>99%]
[Progress:============================> 95%] [Cov:==================================>99%]
[Progress:============================> 95%] [Cov:==================================>99%]
[Progress:============================> 95%] [Cov:==================================>99%]
[Progress:============================> 95%] [Cov:==================================>99%]
[Progress:============================> 95%] [Cov:==================================>99%]
[Progress:============================> 95%] [Cov:==================================>99%]
[Progress:============================> 96%] [Cov:==================================>99%]
[Progress:============================> 96%] [Cov:==================================>99%]
[Progress:============================> 96%] [Cov:==================================>99%]
[Progress:============================> 96%] [Cov:==================================>99%]
[Progress:============================> 96%] [Cov:==================================>99%]
[Progress:============================> 96%] [Cov:==================================>99%]
[Progress:============================> 96%] [Cov:==================================>99%]
[Progress:============================> 96%] [Cov:==================================>99%]
[Progress:============================> 96%] [Cov:==================================>99%]
[Progress:============================> 96%] [Cov:==================================>99%]
[Progress:============================> 96%] [Cov:==================================>99%]
[Progress:============================> 96%] [Cov:==================================>99%]
[Progress:============================> 96%] [Cov:==================================>99%]
[Progress:============================> 96%] [Cov:==================================>99%]
[Progress:============================> 96%] [Cov:==================================>99%]
[Progress:============================> 96%] [Cov:==================================>99%]
[Progress:============================> 96%] [Cov:==================================>99%]
[Progress:============================> 96%] [Cov:==================================>99%]
[Progress:============================> 96%] [Cov:==================================>99%]
[Progress:============================> 96%] [Cov:==================================>99%]
[Progress:============================> 96%] [Cov:==================================>99%]
[Progress:============================> 96%] [Cov:==================================>99%]
[Progress:============================> 96%] [Cov:==================================>99%]
[Progress:============================> 96%] [Cov:==================================>99%]
[Progress:============================> 96%] [Cov:==================================>99%]
[Progress:============================> 96%] [Cov:==================================>99%]
[Progress:============================> 96%] [Cov:==================================>99%]
[Progress:============================> 96%] [Cov:==================================>99%]
[Progress:============================> 96%] [Cov:==================================>99%]
[Progress:============================> 96%] [Cov:==================================>99%]
[Progress:============================> 96%] [Cov:==================================>99%]
[Progress:=============================>97%] [Cov:==================================>99%]
[Progress:=============================>97%] [Cov:==================================>99%]
[Progress:=============================>97%] [Cov:==================================>99%]
[Progress:=============================>97%] [Cov:==================================>99%]
[Progress:=============================>97%] [Cov:==================================>99%]
[Progress:=============================>97%] [Cov:==================================>99%]
[Progress:=============================>97%] [Cov:==================================>99%]
[Progress:=============================>97%] [Cov:==================================>99%]
[Progress:=============================>97%] [Cov:==================================>99%]
[Progress:=============================>97%] [Cov:==================================>99%]
[Progress:=============================>97%] [Cov:==================================>99%]
[Progress:=============================>97%] [Cov:==================================>99%]
[Progress:=============================>97%] [Cov:==================================>99%]
[Progress:=============================>97%] [Cov:==================================>99%]
[Progress:=============================>97%] [Cov:==================================>99%]
[Progress:=============================>97%] [Cov:==================================>99%]
[Progress:=============================>97%] [Cov:==================================>99%]
[Progress:=============================>97%] [Cov:==================================>99%]
[Progress:=============================>97%] [Cov:==================================>99%]
[Progress:=============================>97%] [Cov:==================================>99%]
[Progress:=============================>97%] [Cov:==================================>99%]
[Progress:=============================>97%] [Cov:==================================>99%]
[Progress:=============================>97%] [Cov:==================================>99%]
[Progress:=============================>97%] [Cov:==================================>99%]
[Progress:=============================>97%] [Cov:==================================>99%]
[Progress:=============================>97%] [Cov:==================================>99%]
[Progress:=============================>97%] [Cov:==================================>99%]
[Progress:=============================>97%] [Cov:==================================>99%]
[Progress:=============================>97%] [Cov:==================================>99%]
[Progress:=============================>97%] [Cov:==================================>99%]
[Progress:=============================>97%] [Cov:==================================>99%]
[Progress:=============================>97%] [Cov:==================================>99%]
[Progress:=============================>97%] [Cov:==================================>99%]
[Progress:=============================>98%] [Cov:==================================>99%]
[Progress:=============================>98%] [Cov:==================================>99%]
[Progress:=============================>98%] [Cov:==================================>99%]
[Progress:=============================>98%] [Cov:==================================>99%]
[Progress:=============================>98%] [Cov:==================================>99%]
[Progress:=============================>98%] [Cov:==================================>99%]
[Progress:=============================>98%] [Cov:==================================>99%]
[Progress:=============================>98%] [Cov:==================================>99%]
[Progress:=============================>98%] [Cov:==================================>99%]
[Progress:=============================>98%] [Cov:==================================>99%]
[Progress:=============================>98%] [Cov:==================================>99%]
[Progress:=============================>98%] [Cov:==================================>99%]
[Progress:=============================>98%] [Cov:==================================>99%]
[Progress:=============================>98%] [Cov:==================================>99%]
[Progress:=============================>98%] [Cov:==================================>99%]
[Progress:=============================>98%] [Cov:==================================>99%]
[Progress:=============================>98%] [Cov:==================================>99%]
[Progress:=============================>98%] [Cov:==================================>99%]
[Progress:=============================>98%] [Cov:==================================>99%]
[Progress:=============================>98%] [Cov:==================================>99%]
[Progress:=============================>98%] [Cov:==================================>99%]
[Progress:=============================>98%] [Cov:==================================>99%]
[Progress:=============================>98%] [Cov:==================================>99%]
[Progress:=============================>98%] [Cov:==================================>99%]
[Progress:=============================>98%] [Cov:==================================>99%]
[Progress:=============================>98%] [Cov:==================================>99%]
[Progress:=============================>98%] [Cov:==================================>99%]
[Progress:=============================>98%] [Cov:==================================>99%]
[Progress:=============================>98%] [Cov:==================================>99%]
[Progress:=============================>98%] [Cov:==================================>99%]
[Progress:=============================>98%] [Cov:==================================>99%]
[Progress:=============================>98%] [Cov:==================================>99%]
[Progress:=============================>99%] [Cov:==================================>99%]
[Progress:=============================>99%] [Cov:==================================>99%]
[Progress:=============================>99%] [Cov:==================================>99%]
[Progress:=============================>99%] [Cov:==================================>99%]
[Progress:=============================>99%] [Cov:==================================>99%]
[Progress:=============================>99%] [Cov:==================================>99%]
[Progress:=============================>99%] [Cov:==================================>99%]
[Progress:=============================>99%] [Cov:==================================>99%]
[Progress:=============================>99%] [Cov:==================================>99%]
[Progress:=============================>99%] [Cov:==================================>99%]
[Progress:=============================>99%] [Cov:==================================>99%]
[Progress:=============================>99%] [Cov:==================================>99%]
[Progress:=============================>99%] [Cov:==================================>99%]
[Progress:=============================>99%] [Cov:==================================>99%]
[Progress:=============================>99%] [Cov:==================================>99%]
[Progress:=============================>99%] [Cov:==================================>99%]
[Progress:=============================>99%] [Cov:==================================>99%]
[Progress:=============================>99%] [Cov:==================================>99%]
[Progress:=============================>99%] [Cov:==================================>99%]
[Progress:=============================>99%] [Cov:==================================>99%]
[Progress:=============================>99%] [Cov:==================================>99%]
[Progress:=============================>99%] [Cov:==================================>99%]
[Progress:=============================>99%] [Cov:==================================>99%]
[Progress:=============================>99%] [Cov:==================================>99%]
[Progress:=============================>99%] [Cov:==================================>99%]
[Progress:=============================>99%] [Cov:==================================>99%]
[Progress:=============================>99%] [Cov:==================================>99%]
[Progress:=============================>99%] [Cov:==================================>99%]
[Progress:=============================>99%] [Cov:==================================>99%]
[Progress:=============================>99%] [Cov:==================================>99%]
[Progress:=============================>99%] [Cov:==================================>99%]
[Progress:=============================>99%] [Cov:==================================>99%]
[Progress:==============================100%] [Cov:==================================>99%]
[Progress:==============================100%] [Cov:==================================>99%]
[Progress:==============================100%] [Cov:==================================>99%]
[Progress:==============================100%] [Cov:==================================>99%]
[Progress:==============================100%] [Cov:==================================>99%]
[Progress:==============================100%] [Cov:==================================>99%]
[Progress:==============================100%] [Cov:==================================>99%]
[Progress:==============================100%] [Cov:==================================>99%]
[Progress:==============================100%] [Cov:==================================>99%]
[Progress:==============================100%] [Cov:==================================>99%]
[Progress:==============================100%] [Cov:==================================>99%]
[Progress:==============================100%] [Cov:==================================>99%]
[Progress:==============================100%] [Cov:==================================>99%]
[Progress:==============================100%] [Cov:==================================>99%]
[Progress:==============================100%] [Cov:==================================>99%]
[Progress:==============================100%] [Cov:==================================>99%]
[Progress:==============================100%] [Cov:==================================>99%]
[Progress:==============================100%] [Cov:==================================>99%]
[Progress:==============================100%] [Cov:==================================>99%]
[Progress:==============================100%] [Cov:==================================>99%]
[Progress:==============================100%] [Cov:==================================>99%]
[Progress:==============================100%] [Cov:==================================>99%]
[Progress:==============================100%] [Cov:==================================>99%]
[Progress:==============================100%] [Cov:==================================>99%]
[Progress:==============================100%] [Cov:==================================>99%]
[Progress:==============================100%] [Cov:==================================>99%]
[Progress:==============================100%] [Cov:==================================>99%]
[Progress:==============================100%] [Cov:==================================>99%]
[Progress:==============================100%] [Cov:==================================>99%]
[Progress:==============================100%] [Cov:==================================>99%]
[Progress:==============================100%] [Cov:==================================>99%]
[Progress:==============================100%] [Cov:==================================>99%]
[Progress:==============================100%] [Cov:==================================>99%]
[Progress:==============================100%] [Cov:==================================>99%]
[Progress:==============================100%] [Cov:==================================>99%]
* Search finished after 121s and 3342 generations, 401528 statements, best individual has fitness: 0.7
* Minimizing test suite
* Going to analyze the coverage criteria
* Coverage analysis for criterion LINE
* Coverage of criterion LINE: 96%
* Total number of goals: 96
* Number of covered goals: 92
* Coverage analysis for criterion BRANCH
* Coverage of criterion BRANCH: 98%
* Total number of goals: 66
* Number of covered goals: 65
* Coverage analysis for criterion EXCEPTION
* Coverage of criterion EXCEPTION: 100%
* Total number of goals: 29
* Number of covered goals: 29
* Generated 47 tests with total length 95
* Resulting test suite's coverage: 99% (average coverage for all fitness functions)
* Generating assertions
* Resulting test suite's mutation score: 37%
* Compiling and checking tests
* Writing tests to file
* Writing JUnit test case 'TarUtils_ESTest' to /work/evo_out/Compress_14f/budget120_seed1/tests
* Done!

* Computation finished

[exit=0 timeout=False time=131.4s]

$ javac -nowarn -cp /work/Compress_14f/target/classes:/opt/defects4j/framework/projects/lib/junit-4.12-hamcrest-1.3.jar:/opt/defects4j/framework/projects/Compress/lib/org/tukaani/xz/1.0/xz-1.0.jar:/work/Compress_14f/target/classes:/work/Compress_14f/target/test-classes:/opt/evosuite/evosuite-standalone-runtime-1.2.0.jar -d /work/evo_out/Compress_14f/budget120_seed1/classes /work/evo_out/Compress_14f/budget120_seed1/tests/org/apache/commons/compress/archivers/tar/TarUtils_ESTest.java /work/evo_out/Compress_14f/budget120_seed1/tests/org/apache/commons/compress/archivers/tar/TarUtils_ESTest_scaffolding.java

[exit=0 timeout=False time=0.6s]

$ java -jar /opt/jacoco/lib/jacococli.jar instrument /work/Compress_14f/target/classes --dest /work/evo_out/Compress_14f/budget120_seed1/instrumented
[INFO] 126 classes instrumented to /work/evo_out/Compress_14f/budget120_seed1/instrumented.

[exit=0 timeout=False time=0.3s]

$ java -Djacoco-agent.destfile=/workspace/EvoSuite/Result_Round2/Compress_14/budget120_seed1/jacoco.exec -cp /work/evo_out/Compress_14f/budget120_seed1/instrumented:/work/evo_out/Compress_14f/budget120_seed1/classes:/opt/defects4j/framework/projects/lib/junit-4.12-hamcrest-1.3.jar:/opt/defects4j/framework/projects/Compress/lib/org/tukaani/xz/1.0/xz-1.0.jar:/work/Compress_14f/target/classes:/work/Compress_14f/target/test-classes:/opt/evosuite/evosuite-standalone-runtime-1.2.0.jar:/opt/jacoco/lib/jacocoagent.jar org.junit.runner.JUnitCore org.apache.commons.compress.archivers.tar.TarUtils_ESTest
JUnit version 4.12
...............................................
Time: 0.368

OK (47 tests)

SLF4J: Failed to load class "org.slf4j.impl.StaticLoggerBinder".
SLF4J: Defaulting to no-operation (NOP) logger implementation
SLF4J: See http://www.slf4j.org/codes.html#StaticLoggerBinder for further details.
WARNING: An illegal reflective access operation has occurred
WARNING: Illegal reflective access by org.evosuite.runtime.GuiSupport (file:/opt/evosuite/evosuite-standalone-runtime-1.2.0.jar) to field java.awt.GraphicsEnvironment.headless
WARNING: Please consider reporting this to the maintainers of org.evosuite.runtime.GuiSupport
WARNING: Use --illegal-access=warn to enable warnings of further illegal reflective access operations
WARNING: All illegal access operations will be denied in a future release

[exit=0 timeout=False time=0.6s]

$ java -jar /opt/jacoco/lib/jacococli.jar report /workspace/EvoSuite/Result_Round2/Compress_14/budget120_seed1/jacoco.exec --classfiles /work/Compress_14f/target/classes --csv /workspace/EvoSuite/Result_Round2/Compress_14/budget120_seed1/jacoco.csv
[INFO] Loading execution data file /workspace/EvoSuite/Result_Round2/Compress_14/budget120_seed1/jacoco.exec.
[INFO] Analyzing 114 classes.

[exit=0 timeout=False time=0.3s]

$ java -cp /work/evo_out/Compress_14f/budget120_seed1/classes:/opt/defects4j/framework/projects/lib/junit-4.12-hamcrest-1.3.jar:/opt/defects4j/framework/projects/Compress/lib/org/tukaani/xz/1.0/xz-1.0.jar:/work/Compress_14b/target/classes:/work/Compress_14b/target/test-classes:/opt/evosuite/evosuite-standalone-runtime-1.2.0.jar org.junit.runner.JUnitCore org.apache.commons.compress.archivers.tar.TarUtils_ESTest
JUnit version 4.12
..................................E.............
Time: 0.354
There was 1 failure:
1) test04(org.apache.commons.compress.archivers.tar.TarUtils_ESTest)
java.lang.AssertionError: Expecting exception: ArrayIndexOutOfBoundsException
	at org.junit.Assert.fail(Assert.java:88)
	at org.apache.commons.compress.archivers.tar.TarUtils_ESTest.test04(TarUtils_ESTest.java:81)
	at java.base/jdk.internal.reflect.NativeMethodAccessorImpl.invoke0(Native Method)
	at java.base/jdk.internal.reflect.NativeMethodAccessorImpl.invoke(NativeMethodAccessorImpl.java:62)
	at java.base/jdk.internal.reflect.DelegatingMethodAccessorImpl.invoke(DelegatingMethodAccessorImpl.java:43)
	at java.base/java.lang.reflect.Method.invoke(Method.java:566)
	at org.junit.runners.model.FrameworkMethod$1.runReflectiveCall(FrameworkMethod.java:50)
	at org.junit.internal.runners.model.ReflectiveCallable.run(ReflectiveCallable.java:12)
	at org.junit.runners.model.FrameworkMethod.invokeExplosively(FrameworkMethod.java:47)
	at org.junit.internal.runners.statements.InvokeMethod.evaluate(InvokeMethod.java:17)
	at org.junit.internal.runners.statements.FailOnTimeout$CallableStatement.call(FailOnTimeout.java:298)
	at org.junit.internal.runners.statements.FailOnTimeout$CallableStatement.call(FailOnTimeout.java:292)
	at java.base/java.util.concurrent.FutureTask.run(FutureTask.java:264)
	at java.base/java.lang.Thread.run(Thread.java:829)

FAILURES!!!
Tests run: 47,  Failures: 1

SLF4J: Failed to load class "org.slf4j.impl.StaticLoggerBinder".
SLF4J: Defaulting to no-operation (NOP) logger implementation
SLF4J: See http://www.slf4j.org/codes.html#StaticLoggerBinder for further details.
WARNING: An illegal reflective access operation has occurred
WARNING: Illegal reflective access by org.evosuite.runtime.GuiSupport (file:/opt/evosuite/evosuite-standalone-runtime-1.2.0.jar) to field java.awt.GraphicsEnvironment.headless
WARNING: Please consider reporting this to the maintainers of org.evosuite.runtime.GuiSupport
WARNING: Use --illegal-access=warn to enable warnings of further illegal reflective access operations
WARNING: All illegal access operations will be denied in a future release

[exit=1 timeout=False time=0.5s]
