
$ defects4j compile -w /work/Closure_153f
Running ant (compile)...................................................... OK
Running ant (compile.tests)................................................ OK

[exit=0 timeout=False time=1.8s]

$ defects4j compile -w /work/Closure_153b
Running ant (compile)...................................................... OK
Running ant (compile.tests)................................................ OK

[exit=0 timeout=False time=1.8s]

$ java -Djava.awt.headless=true -cp /opt/defects4j/framework/projects/lib/junit-4.12-hamcrest-1.3.jar:/opt/evosuite/evosuite-1.2.0.jar:/work/Closure_153f/build/classes:/work/Closure_153f/lib/ant-launcher.jar:/work/Closure_153f/lib/ant.jar:/work/Closure_153f/lib/args4j.jar:/work/Closure_153f/lib/guava.jar:/work/Closure_153f/lib/json.jar:/work/Closure_153f/lib/jsr305.jar:/work/Closure_153f/lib/libtrunk_rhino_parser_jarjared.jar:/work/Closure_153f/lib/protobuf-java.jar:/work/Closure_153f/build/test org.evosuite.EvoSuite -generateSuite -class com.google.javascript.jscomp.Normalize -projectCP /opt/defects4j/framework/projects/lib/junit-4.12-hamcrest-1.3.jar:/work/Closure_153f/build/classes:/work/Closure_153f/lib/ant-launcher.jar:/work/Closure_153f/lib/ant.jar:/work/Closure_153f/lib/args4j.jar:/work/Closure_153f/lib/guava.jar:/work/Closure_153f/lib/json.jar:/work/Closure_153f/lib/jsr305.jar:/work/Closure_153f/lib/libtrunk_rhino_parser_jarjared.jar:/work/Closure_153f/lib/protobuf-java.jar:/work/Closure_153f/build/test -Dcriterion=LINE:BRANCH:EXCEPTION -Dsearch_budget=120 -seed 1 -Dtest_dir=/work/evo_out/Closure_153f/budget120_seed1/tests -Dreport_dir=/work/evo_out/Closure_153f/budget120_seed1/report
* EvoSuite 1.2.0
* Going to generate test cases for class: com.google.javascript.jscomp.Normalize
* Starting Client-0
* Connecting to master process on port 9922
* Analyzing classpath: 
  - /opt/defects4j/framework/projects/lib/junit-4.12-hamcrest-1.3.jar
  - /work/Closure_153f/build/classes
  - /work/Closure_153f/lib/ant-launcher.jar
  - /work/Closure_153f/lib/ant.jar
  - /work/Closure_153f/lib/args4j.jar
  - /work/Closure_153f/lib/guava.jar
  - /work/Closure_153f/lib/json.jar
  - /work/Closure_153f/lib/jsr305.jar
  - /work/Closure_153f/lib/libtrunk_rhino_parser_jarjared.jar
  - /work/Closure_153f/lib/protobuf-java.jar
  - /work/Closure_153f/build/test
[MASTER] 12:34:54.569 [logback-1] WARN  InheritanceTree - Class not in inheritance graph: java.util.Locale$IsoCountryCode
[MASTER] 12:34:54.585 [logback-1] WARN  InheritanceTree - Class not in inheritance graph: java.io.ObjectInputFilter
[MASTER] 12:34:54.843 [logback-1] WARN  InheritanceTree - Class not in inheritance graph: java.lang.module.ModuleFinder
* Finished analyzing classpath
* Generating tests for class com.google.javascript.jscomp.Normalize
* Test criteria:
  - Line Coverage
  - Branch Coverage
  - Exception
* Setting up search algorithm for whole suite generation
* Total number of test goals: 
  - Line 278
  - Branch 217
  - Exception 0

[Progress:>                             0%] [Cov:>                                  0%]* Using seed 1
* Starting evolution
[MASTER] 12:34:57.198 [logback-1] WARN  MSecurityManager - SUT asked for a runtime permission that EvoSuite does not recognize: getStackWalkerWithClassReference

[Progress:>                             1%] [Cov:>                                  1%]
[Progress:>                             1%] [Cov:=>                                 3%]
[Progress:>                             1%] [Cov:============>                      36%]
[Progress:>                             1%] [Cov:=============>                     39%]
[Progress:>                             2%] [Cov:>                                  1%]
[Progress:>                             2%] [Cov:>                                  2%]
[Progress:>                             2%] [Cov:============>                      35%]
[Progress:>                             2%] [Cov:============>                      36%]
[Progress:>                             2%] [Cov:=============>                     39%][MASTER] 12:34:58.306 [logback-1] WARN  TestCluster - Failed to check cache for java.util.Comparator<T> : Type points to itself

[Progress:>                             2%] [Cov:===============>                   44%]
[Progress:>                             2%] [Cov:===============>                   44%]
[Progress:>                             2%] [Cov:================>                  48%]
[Progress:>                             3%] [Cov:================>                  48%]
[Progress:>                             3%] [Cov:================>                  48%]
[Progress:>                             3%] [Cov:================>                  48%]
[Progress:>                             3%] [Cov:================>                  48%]
[Progress:>                             3%] [Cov:================>                  48%]
[Progress:>                             3%] [Cov:================>                  48%]
[Progress:=>                            4%] [Cov:================>                  48%]
[Progress:=>                            4%] [Cov:================>                  48%]
[Progress:=>                            4%] [Cov:================>                  48%]
[Progress:=>                            4%] [Cov:================>                  48%]
[Progress:=>                            4%] [Cov:================>                  48%]
[Progress:=>                            4%] [Cov:================>                  48%]
[Progress:=>                            4%] [Cov:================>                  48%]
[Progress:=>                            5%] [Cov:================>                  48%]
[Progress:=>                            5%] [Cov:================>                  48%]
[Progress:=>                            5%] [Cov:================>                  48%]
[Progress:=>                            5%] [Cov:================>                  48%]
[Progress:=>                            5%] [Cov:================>                  48%]
[Progress:=>                            5%] [Cov:================>                  48%]
[Progress:=>                            5%] [Cov:================>                  48%]
[Progress:=>                            5%] [Cov:================>                  48%]
[Progress:=>                            5%] [Cov:================>                  48%]
[Progress:=>                            5%] [Cov:================>                  48%]
[Progress:=>                            5%] [Cov:================>                  48%]
[Progress:=>                            5%] [Cov:================>                  48%]
[Progress:=>                            6%] [Cov:================>                  48%]
[Progress:=>                            6%] [Cov:================>                  48%]
[Progress:=>                            6%] [Cov:================>                  48%]
[Progress:=>                            6%] [Cov:================>                  48%]
[Progress:=>                            6%] [Cov:================>                  48%]
[Progress:=>                            6%] [Cov:================>                  48%]
[Progress:==>                           7%] [Cov:================>                  48%]
[Progress:==>                           7%] [Cov:================>                  48%]
[Progress:==>                           7%] [Cov:================>                  48%]
[Progress:==>                           7%] [Cov:================>                  48%]
[Progress:==>                           7%] [Cov:================>                  48%]
[Progress:==>                           7%] [Cov:================>                  48%]
[Progress:==>                           7%] [Cov:================>                  48%]
[Progress:==>                           8%] [Cov:================>                  48%]
[Progress:==>                           8%] [Cov:================>                  48%]
[Progress:==>                           8%] [Cov:================>                  48%]
[Progress:==>                           8%] [Cov:================>                  48%]
[Progress:==>                           8%] [Cov:================>                  48%]
[Progress:==>                           8%] [Cov:================>                  48%]
[Progress:==>                           9%] [Cov:================>                  48%]
[Progress:==>                           9%] [Cov:================>                  48%]
[Progress:===>                          13%] [Cov:================>                  48%]
[Progress:===>                          13%] [Cov:================>                  48%]
[Progress:===>                          13%] [Cov:================>                  48%]
[Progress:===>                          13%] [Cov:================>                  48%]
[Progress:===>                          13%] [Cov:================>                  48%]
[Progress:====>                         14%] [Cov:================>                  48%]
[Progress:====>                         14%] [Cov:================>                  48%]
[Progress:====>                         14%] [Cov:================>                  48%]
[Progress:====>                         14%] [Cov:================>                  48%]
[Progress:====>                         14%] [Cov:================>                  48%]
[Progress:====>                         14%] [Cov:================>                  48%]
[Progress:====>                         14%] [Cov:================>                  48%]
[Progress:====>                         15%] [Cov:================>                  48%]
[Progress:=====>                        19%] [Cov:================>                  48%]
[Progress:=====>                        19%] [Cov:================>                  48%]
[Progress:=====>                        19%] [Cov:================>                  48%]
[Progress:=====>                        19%] [Cov:================>                  48%]
[Progress:=====>                        19%] [Cov:================>                  48%]
[Progress:=====>                        19%] [Cov:================>                  48%]
[Progress:======>                       20%] [Cov:================>                  48%]
[Progress:======>                       20%] [Cov:================>                  48%]
[Progress:======>                       20%] [Cov:================>                  48%]
[Progress:======>                       20%] [Cov:================>                  48%]
[Progress:======>                       20%] [Cov:================>                  48%]
[Progress:======>                       20%] [Cov:================>                  48%]
[Progress:======>                       20%] [Cov:================>                  48%]
[Progress:======>                       20%] [Cov:================>                  48%]
[Progress:======>                       20%] [Cov:================>                  48%]
[Progress:======>                       20%] [Cov:================>                  48%]
[Progress:======>                       20%] [Cov:================>                  48%]
[Progress:======>                       21%] [Cov:================>                  48%]
[Progress:======>                       21%] [Cov:================>                  48%]
[Progress:======>                       21%] [Cov:================>                  48%]
[Progress:======>                       21%] [Cov:================>                  48%]
[Progress:======>                       21%] [Cov:================>                  48%]
[Progress:======>                       21%] [Cov:================>                  48%]
[Progress:======>                       21%] [Cov:================>                  48%]
[Progress:======>                       22%] [Cov:================>                  48%]
[Progress:======>                       22%] [Cov:================>                  48%]
[Progress:======>                       22%] [Cov:================>                  48%]
[Progress:======>                       22%] [Cov:================>                  48%]
[Progress:======>                       22%] [Cov:================>                  48%]
[Progress:======>                       22%] [Cov:=================>                 49%]
[Progress:======>                       23%] [Cov:=================>                 49%]
[Progress:======>                       23%] [Cov:=================>                 49%]
[Progress:======>                       23%] [Cov:=================>                 49%]
[Progress:======>                       23%] [Cov:=================>                 49%]
[Progress:======>                       23%] [Cov:=================>                 49%]
[Progress:======>                       23%] [Cov:=================>                 49%]
[Progress:=======>                      24%] [Cov:=================>                 49%]
[Progress:=======>                      24%] [Cov:=================>                 49%]
[Progress:=======>                      24%] [Cov:=================>                 49%]
[Progress:=======>                      24%] [Cov:=================>                 49%]
[Progress:=======>                      24%] [Cov:=================>                 49%]
[Progress:=======>                      24%] [Cov:=================>                 49%]
[Progress:=======>                      25%] [Cov:=================>                 49%]
[Progress:=======>                      25%] [Cov:=================>                 49%]
[Progress:=======>                      25%] [Cov:=================>                 49%]
[Progress:=======>                      25%] [Cov:=================>                 49%]
[Progress:=======>                      25%] [Cov:=================>                 49%]
[Progress:=======>                      25%] [Cov:=================>                 50%]
[Progress:=======>                      25%] [Cov:=================>                 50%]
[Progress:=======>                      25%] [Cov:=================>                 50%]
[Progress:=======>                      25%] [Cov:=================>                 50%]
[Progress:=======>                      25%] [Cov:=================>                 50%]
[Progress:=======>                      25%] [Cov:=================>                 50%]
[Progress:=======>                      26%] [Cov:=================>                 50%]
[Progress:=======>                      26%] [Cov:=================>                 50%]
[Progress:=======>                      26%] [Cov:=================>                 50%]
[Progress:=======>                      26%] [Cov:=================>                 50%]
[Progress:=======>                      26%] [Cov:=================>                 50%]
[Progress:=======>                      26%] [Cov:=================>                 50%]
[Progress:========>                     27%] [Cov:=================>                 50%]
[Progress:========>                     27%] [Cov:=================>                 50%]
[Progress:========>                     27%] [Cov:=================>                 50%]
[Progress:========>                     27%] [Cov:=================>                 50%]
[Progress:========>                     27%] [Cov:=================>                 50%]
[Progress:========>                     27%] [Cov:=================>                 50%]
[Progress:========>                     28%] [Cov:=================>                 50%]
[Progress:========>                     28%] [Cov:=================>                 50%]
[Progress:========>                     28%] [Cov:=================>                 50%]
[Progress:========>                     28%] [Cov:=================>                 50%]
[Progress:========>                     28%] [Cov:=================>                 50%]
[Progress:========>                     28%] [Cov:=================>                 50%]
[Progress:========>                     29%] [Cov:=================>                 50%]
[Progress:========>                     29%] [Cov:=================>                 50%]
[Progress:========>                     29%] [Cov:=================>                 50%]
[Progress:========>                     29%] [Cov:=================>                 50%]
[Progress:========>                     29%] [Cov:=================>                 50%]
[Progress:=========>                    30%] [Cov:=================>                 50%]
[Progress:=========>                    30%] [Cov:=================>                 50%]
[Progress:=========>                    30%] [Cov:=================>                 50%]
[Progress:=========>                    30%] [Cov:=================>                 50%]
[Progress:=========>                    30%] [Cov:=================>                 50%]
[Progress:=========>                    30%] [Cov:=================>                 51%]
[Progress:=========>                    30%] [Cov:=================>                 51%]
[Progress:=========>                    30%] [Cov:=================>                 51%]
[Progress:=========>                    30%] [Cov:=================>                 51%]
[Progress:=========>                    30%] [Cov:=================>                 51%]
[Progress:=========>                    30%] [Cov:=================>                 51%]
[Progress:=========>                    30%] [Cov:=================>                 51%]
[Progress:=========>                    31%] [Cov:=================>                 51%]
[Progress:=========>                    31%] [Cov:=================>                 51%]
[Progress:=========>                    31%] [Cov:==================>                52%]
[Progress:=========>                    31%] [Cov:==================>                52%]
[Progress:=========>                    31%] [Cov:==================>                52%]
[Progress:=========>                    31%] [Cov:==================>                52%]
[Progress:=========>                    32%] [Cov:==================>                52%]
[Progress:=========>                    32%] [Cov:==================>                52%]
[Progress:=========>                    32%] [Cov:==================>                52%]
[Progress:=========>                    32%] [Cov:==================>                52%]
[Progress:=========>                    32%] [Cov:==================>                52%]
[Progress:=========>                    32%] [Cov:==================>                52%]
[Progress:=========>                    32%] [Cov:==================>                52%]
[Progress:=========>                    33%] [Cov:==================>                52%]
[Progress:=========>                    33%] [Cov:==================>                52%]
[Progress:=========>                    33%] [Cov:==================>                52%]
[Progress:=========>                    33%] [Cov:==================>                52%]
[Progress:=========>                    33%] [Cov:==================>                52%]
[Progress:==========>                   34%] [Cov:==================>                52%]
[Progress:==========>                   34%] [Cov:==================>                52%]
[Progress:==========>                   34%] [Cov:==================>                52%]
[Progress:==========>                   34%] [Cov:==================>                52%]
[Progress:==========>                   34%] [Cov:==================>                52%]
[Progress:==========>                   34%] [Cov:==================>                52%]
[Progress:==========>                   35%] [Cov:==================>                52%]
[Progress:==========>                   35%] [Cov:==================>                52%]
[Progress:==========>                   35%] [Cov:==================>                52%]
[Progress:==========>                   35%] [Cov:==================>                52%]
[Progress:==========>                   35%] [Cov:==================>                52%]
[Progress:==========>                   35%] [Cov:==================>                52%]
[Progress:==========>                   35%] [Cov:==================>                52%]
[Progress:==========>                   35%] [Cov:==================>                52%]
[Progress:==========>                   35%] [Cov:===================>               56%]
[Progress:==========>                   35%] [Cov:======================>            63%]
[Progress:==========>                   35%] [Cov:======================>            63%]
[Progress:==========>                   36%] [Cov:======================>            63%]
[Progress:==========>                   36%] [Cov:======================>            63%]
[Progress:==========>                   36%] [Cov:======================>            63%]
[Progress:==========>                   36%] [Cov:======================>            63%]
[Progress:===========>                  37%] [Cov:======================>            63%]
[Progress:===========>                  37%] [Cov:======================>            63%]
[Progress:===========>                  37%] [Cov:======================>            63%]
[Progress:===========>                  37%] [Cov:======================>            63%]
[Progress:===========>                  37%] [Cov:======================>            63%]
[Progress:===========>                  37%] [Cov:======================>            64%]
[Progress:===========>                  38%] [Cov:======================>            63%]
[Progress:===========>                  38%] [Cov:======================>            64%]
[Progress:===========>                  38%] [Cov:======================>            64%]
[Progress:===========>                  38%] [Cov:======================>            64%]
[Progress:===========>                  39%] [Cov:======================>            64%]
[Progress:===========>                  39%] [Cov:======================>            64%]
[Progress:===========>                  39%] [Cov:======================>            64%]
[Progress:===========>                  39%] [Cov:======================>            64%]
[Progress:===========>                  39%] [Cov:======================>            64%]
[Progress:============>                 40%] [Cov:======================>            64%]
[Progress:============>                 40%] [Cov:======================>            64%]
[Progress:============>                 40%] [Cov:======================>            64%]
[Progress:============>                 40%] [Cov:======================>            64%]
[Progress:============>                 40%] [Cov:======================>            64%]
[Progress:============>                 40%] [Cov:======================>            64%]
[Progress:============>                 40%] [Cov:======================>            64%]
[Progress:============>                 40%] [Cov:======================>            64%]
[Progress:============>                 41%] [Cov:======================>            64%]
[Progress:============>                 41%] [Cov:======================>            64%]
[Progress:============>                 41%] [Cov:======================>            64%]
[Progress:============>                 41%] [Cov:======================>            64%]
[Progress:============>                 41%] [Cov:======================>            64%]
[Progress:============>                 42%] [Cov:======================>            64%]
[Progress:============>                 42%] [Cov:======================>            64%]
[Progress:============>                 42%] [Cov:======================>            64%]
[Progress:============>                 42%] [Cov:======================>            64%]
[Progress:============>                 43%] [Cov:======================>            64%]
[Progress:============>                 43%] [Cov:======================>            64%]
[Progress:============>                 43%] [Cov:======================>            64%]
[Progress:============>                 43%] [Cov:======================>            64%]
[Progress:============>                 43%] [Cov:======================>            64%]
[Progress:=============>                44%] [Cov:======================>            64%]
[Progress:=============>                44%] [Cov:======================>            64%]
[Progress:=============>                44%] [Cov:======================>            64%]
[Progress:=============>                44%] [Cov:======================>            64%]
[Progress:=============>                45%] [Cov:======================>            64%]
[Progress:=============>                45%] [Cov:======================>            64%]
[Progress:=============>                45%] [Cov:======================>            64%]
[Progress:=============>                45%] [Cov:======================>            64%]
[Progress:=============>                45%] [Cov:======================>            64%]
[Progress:=============>                45%] [Cov:======================>            64%]
[Progress:=============>                45%] [Cov:======================>            64%]
[Progress:=============>                45%] [Cov:======================>            64%]
[Progress:=============>                45%] [Cov:======================>            64%]
[Progress:=============>                46%] [Cov:======================>            64%]
[Progress:=============>                46%] [Cov:======================>            64%]
[Progress:=============>                46%] [Cov:======================>            64%]
[Progress:=============>                46%] [Cov:======================>            64%]
[Progress:==============>               47%] [Cov:======================>            64%]
[Progress:==============>               47%] [Cov:======================>            64%]
[Progress:==============>               47%] [Cov:======================>            64%]
[Progress:==============>               47%] [Cov:======================>            64%]
[Progress:==============>               48%] [Cov:======================>            64%]
[Progress:==============>               48%] [Cov:======================>            64%]
[Progress:==============>               48%] [Cov:======================>            64%]
[Progress:==============>               48%] [Cov:======================>            64%]
[Progress:==============>               48%] [Cov:======================>            64%]
[Progress:==============>               49%] [Cov:======================>            64%]
[Progress:==============>               49%] [Cov:======================>            64%]
[Progress:==============>               49%] [Cov:======================>            64%]
[Progress:==============>               49%] [Cov:======================>            64%]
[Progress:===============>              50%] [Cov:======================>            64%]
[Progress:===============>              50%] [Cov:======================>            64%]
[Progress:===============>              50%] [Cov:======================>            64%]
[Progress:===============>              50%] [Cov:======================>            64%]
[Progress:===============>              50%] [Cov:======================>            64%]
[Progress:===============>              50%] [Cov:======================>            64%]
[Progress:===============>              50%] [Cov:======================>            64%]
[Progress:===============>              50%] [Cov:======================>            64%]
[Progress:===============>              51%] [Cov:======================>            64%]
[Progress:===============>              51%] [Cov:======================>            64%]
[Progress:===============>              51%] [Cov:======================>            64%]
[Progress:===============>              51%] [Cov:======================>            64%]
[Progress:===============>              51%] [Cov:======================>            64%]
[Progress:===============>              52%] [Cov:======================>            64%]
[Progress:===============>              52%] [Cov:======================>            64%]
[Progress:===============>              52%] [Cov:======================>            64%]
[Progress:===============>              52%] [Cov:======================>            64%]
[Progress:===============>              52%] [Cov:======================>            64%]
[Progress:===============>              53%] [Cov:======================>            64%]
[Progress:===============>              53%] [Cov:======================>            64%]
[Progress:===============>              53%] [Cov:======================>            64%]
[Progress:===============>              53%] [Cov:======================>            64%]
[Progress:================>             54%] [Cov:======================>            64%]
[Progress:================>             54%] [Cov:======================>            64%]
[Progress:================>             54%] [Cov:======================>            64%]
[Progress:================>             54%] [Cov:======================>            64%]
[Progress:================>             55%] [Cov:======================>            64%]
[Progress:================>             55%] [Cov:======================>            64%]
[Progress:================>             55%] [Cov:======================>            64%]
[Progress:================>             55%] [Cov:======================>            64%]
[Progress:================>             55%] [Cov:======================>            64%]
[Progress:================>             55%] [Cov:======================>            64%]
[Progress:================>             55%] [Cov:======================>            64%]
[Progress:================>             56%] [Cov:======================>            64%]
[Progress:================>             56%] [Cov:======================>            64%]
[Progress:================>             56%] [Cov:======================>            64%]
[Progress:================>             56%] [Cov:======================>            64%]
[Progress:=================>            57%] [Cov:======================>            64%]
[Progress:=================>            57%] [Cov:======================>            64%]
[Progress:=================>            57%] [Cov:======================>            64%]
[Progress:=================>            57%] [Cov:======================>            64%]
[Progress:=================>            58%] [Cov:======================>            64%]
[Progress:=================>            58%] [Cov:======================>            64%]
[Progress:=================>            58%] [Cov:======================>            64%]
[Progress:=================>            58%] [Cov:======================>            64%]
[Progress:=================>            59%] [Cov:======================>            64%]
[Progress:=================>            59%] [Cov:======================>            64%]
[Progress:=================>            59%] [Cov:======================>            64%]
[Progress:=================>            59%] [Cov:======================>            64%]
[Progress:==================>           60%] [Cov:======================>            64%]
[Progress:==================>           60%] [Cov:======================>            64%]
[Progress:==================>           60%] [Cov:======================>            64%]
[Progress:==================>           60%] [Cov:======================>            64%]
[Progress:==================>           60%] [Cov:======================>            64%]
[Progress:==================>           60%] [Cov:======================>            64%]
[Progress:==================>           60%] [Cov:======================>            64%]
[Progress:==================>           60%] [Cov:======================>            64%]
[Progress:==================>           61%] [Cov:======================>            64%]
[Progress:==================>           61%] [Cov:======================>            64%]
[Progress:==================>           61%] [Cov:======================>            64%]
[Progress:==================>           61%] [Cov:======================>            64%]
[Progress:==================>           61%] [Cov:======================>            64%]
[Progress:==================>           62%] [Cov:======================>            64%]
[Progress:===================>          66%] [Cov:======================>            64%]
[Progress:===================>          66%] [Cov:======================>            64%]
[Progress:===================>          66%] [Cov:======================>            64%]
[Progress:===================>          66%] [Cov:======================>            64%]
[Progress:====================>         67%] [Cov:======================>            64%]
[Progress:====================>         67%] [Cov:======================>            64%]
[Progress:====================>         67%] [Cov:======================>            64%]
[Progress:====================>         67%] [Cov:======================>            64%]
[Progress:====================>         67%] [Cov:======================>            64%]
[Progress:====================>         68%] [Cov:======================>            64%]
[Progress:====================>         68%] [Cov:======================>            64%]
[Progress:====================>         68%] [Cov:======================>            64%]
[Progress:====================>         68%] [Cov:======================>            64%]
[Progress:====================>         69%] [Cov:======================>            64%]
[Progress:====================>         69%] [Cov:======================>            64%]
[Progress:====================>         69%] [Cov:======================>            64%]
[Progress:====================>         69%] [Cov:======================>            64%]
[Progress:====================>         69%] [Cov:======================>            64%]
[Progress:=====================>        70%] [Cov:======================>            64%]
[Progress:=====================>        70%] [Cov:======================>            64%]
[Progress:=====================>        70%] [Cov:======================>            64%]
[Progress:=====================>        70%] [Cov:======================>            64%]
[Progress:=====================>        70%] [Cov:======================>            64%]
[Progress:=====================>        70%] [Cov:======================>            64%]
[Progress:=====================>        70%] [Cov:======================>            64%]
[Progress:=====================>        70%] [Cov:======================>            64%]
[Progress:=====================>        71%] [Cov:======================>            64%]
[Progress:=====================>        71%] [Cov:======================>            64%]
[Progress:=====================>        71%] [Cov:======================>            64%]
[Progress:=====================>        71%] [Cov:======================>            64%]
[Progress:=====================>        72%] [Cov:======================>            64%]
[Progress:=====================>        72%] [Cov:======================>            64%]
[Progress:=====================>        72%] [Cov:======================>            64%]
[Progress:=====================>        72%] [Cov:======================>            64%]
[Progress:=====================>        72%] [Cov:======================>            64%]
[Progress:=====================>        73%] [Cov:======================>            64%]
[Progress:=====================>        73%] [Cov:======================>            64%]
[Progress:=====================>        73%] [Cov:======================>            64%]
[Progress:=====================>        73%] [Cov:======================>            64%]
[Progress:=====================>        73%] [Cov:======================>            64%]
[Progress:======================>       74%] [Cov:======================>            64%]
[Progress:======================>       74%] [Cov:======================>            64%]
[Progress:======================>       74%] [Cov:======================>            64%]
[Progress:======================>       74%] [Cov:======================>            64%]
[Progress:======================>       75%] [Cov:======================>            64%]
[Progress:======================>       75%] [Cov:======================>            64%]
[Progress:======================>       75%] [Cov:======================>            64%]
[Progress:======================>       75%] [Cov:======================>            64%]
[Progress:======================>       75%] [Cov:======================>            64%]
[Progress:======================>       75%] [Cov:======================>            64%]
[Progress:======================>       75%] [Cov:======================>            64%]
[Progress:======================>       75%] [Cov:======================>            64%]
[Progress:======================>       76%] [Cov:======================>            64%]
[Progress:======================>       76%] [Cov:======================>            64%]
[Progress:======================>       76%] [Cov:======================>            65%]
[Progress:======================>       76%] [Cov:======================>            65%]
[Progress:======================>       76%] [Cov:======================>            65%]
[Progress:=======================>      77%] [Cov:======================>            65%]
[Progress:=======================>      77%] [Cov:======================>            65%]
[Progress:=======================>      77%] [Cov:======================>            65%]
[Progress:=======================>      77%] [Cov:======================>            65%]
[Progress:=======================>      77%] [Cov:======================>            65%]
[Progress:=======================>      78%] [Cov:======================>            65%]
[Progress:=======================>      78%] [Cov:======================>            65%]
[Progress:=======================>      78%] [Cov:======================>            65%]
[Progress:=======================>      78%] [Cov:======================>            65%]
[Progress:=======================>      79%] [Cov:======================>            65%]
[Progress:=======================>      79%] [Cov:======================>            65%]
[Progress:=======================>      79%] [Cov:======================>            65%]
[Progress:=======================>      79%] [Cov:======================>            65%]
[Progress:=======================>      79%] [Cov:======================>            65%]
[Progress:========================>     80%] [Cov:======================>            65%]
[Progress:========================>     80%] [Cov:======================>            65%]
[Progress:========================>     80%] [Cov:======================>            65%]
[Progress:========================>     80%] [Cov:======================>            65%]
[Progress:========================>     80%] [Cov:======================>            65%]
[Progress:========================>     80%] [Cov:======================>            65%]
[Progress:========================>     80%] [Cov:======================>            65%]
[Progress:========================>     81%] [Cov:======================>            65%]
[Progress:========================>     81%] [Cov:======================>            65%]
[Progress:========================>     81%] [Cov:======================>            65%]
[Progress:========================>     81%] [Cov:======================>            65%]
[Progress:========================>     82%] [Cov:======================>            65%]
[Progress:========================>     82%] [Cov:======================>            65%]
[Progress:========================>     82%] [Cov:======================>            65%]
[Progress:========================>     82%] [Cov:======================>            65%]
[Progress:========================>     82%] [Cov:======================>            65%]
[Progress:========================>     83%] [Cov:======================>            65%]
[Progress:========================>     83%] [Cov:======================>            65%]
[Progress:========================>     83%] [Cov:======================>            65%]
[Progress:========================>     83%] [Cov:======================>            65%]
[Progress:========================>     83%] [Cov:======================>            65%]
[Progress:=========================>    84%] [Cov:======================>            65%]
[Progress:=========================>    84%] [Cov:======================>            65%]
[Progress:=========================>    84%] [Cov:======================>            65%]
[Progress:=========================>    84%] [Cov:======================>            65%]
[Progress:=========================>    85%] [Cov:======================>            65%]
[Progress:=========================>    85%] [Cov:======================>            65%]
[Progress:=========================>    85%] [Cov:======================>            65%]
[Progress:=========================>    85%] [Cov:======================>            65%]
[Progress:=========================>    85%] [Cov:======================>            65%]
[Progress:=========================>    85%] [Cov:======================>            65%]
[Progress:=========================>    85%] [Cov:======================>            65%]
[Progress:=========================>    85%] [Cov:======================>            65%]
[Progress:=========================>    86%] [Cov:======================>            65%]
[Progress:=========================>    86%] [Cov:======================>            65%]
[Progress:=========================>    86%] [Cov:======================>            65%]
[Progress:=========================>    86%] [Cov:======================>            65%]
[Progress:==========================>   87%] [Cov:======================>            65%]
[Progress:==========================>   87%] [Cov:======================>            65%]
[Progress:==========================>   87%] [Cov:======================>            65%]
[Progress:==========================>   87%] [Cov:======================>            65%]
[Progress:==========================>   87%] [Cov:======================>            65%]
[Progress:==========================>   88%] [Cov:======================>            65%]
[Progress:==========================>   88%] [Cov:======================>            65%]
[Progress:==========================>   88%] [Cov:======================>            65%]
[Progress:==========================>   88%] [Cov:======================>            65%]
[Progress:==========================>   89%] [Cov:======================>            65%]
[Progress:==========================>   89%] [Cov:======================>            65%]
[Progress:==========================>   89%] [Cov:======================>            65%]
[Progress:==========================>   89%] [Cov:======================>            65%]
[Progress:==========================>   89%] [Cov:======================>            65%]
[Progress:===========================>  90%] [Cov:======================>            65%]
[Progress:===========================>  90%] [Cov:======================>            65%]
[Progress:===========================>  90%] [Cov:======================>            65%]
[Progress:===========================>  90%] [Cov:======================>            65%]
[Progress:===========================>  90%] [Cov:======================>            65%]
[Progress:===========================>  90%] [Cov:======================>            65%]
[Progress:===========================>  90%] [Cov:======================>            65%]
[Progress:===========================>  90%] [Cov:======================>            65%]
[Progress:===========================>  91%] [Cov:======================>            65%]
[Progress:===========================>  91%] [Cov:======================>            65%]
[Progress:===========================>  91%] [Cov:======================>            65%]
[Progress:===========================>  91%] [Cov:======================>            65%]
[Progress:===========================>  91%] [Cov:======================>            65%]
[Progress:===========================>  92%] [Cov:======================>            65%]
[Progress:===========================>  92%] [Cov:======================>            65%]
[Progress:===========================>  92%] [Cov:======================>            65%]
[Progress:===========================>  92%] [Cov:======================>            65%]
[Progress:===========================>  93%] [Cov:======================>            65%]
[Progress:===========================>  93%] [Cov:======================>            65%]
[Progress:===========================>  93%] [Cov:======================>            65%]
[Progress:===========================>  93%] [Cov:======================>            65%]
[Progress:===========================>  93%] [Cov:======================>            65%]
[Progress:============================> 94%] [Cov:======================>            65%]
[Progress:============================> 94%] [Cov:======================>            65%]
[Progress:============================> 94%] [Cov:======================>            65%]
[Progress:============================> 94%] [Cov:======================>            65%]
[Progress:============================> 95%] [Cov:======================>            65%]
[Progress:============================> 95%] [Cov:======================>            65%]
[Progress:============================> 95%] [Cov:======================>            65%]
[Progress:============================> 95%] [Cov:======================>            65%]
[Progress:============================> 95%] [Cov:======================>            65%]
[Progress:============================> 95%] [Cov:======================>            65%]
[Progress:============================> 95%] [Cov:======================>            65%]
[Progress:============================> 95%] [Cov:======================>            65%]
[Progress:============================> 96%] [Cov:======================>            65%]
[Progress:============================> 96%] [Cov:======================>            65%]
[Progress:============================> 96%] [Cov:======================>            65%]
[Progress:============================> 96%] [Cov:======================>            65%]
[Progress:============================> 96%] [Cov:======================>            65%]
[Progress:=============================>97%] [Cov:======================>            65%]
[Progress:==============================100%] [Cov:======================>            65%]
[Progress:==============================100%] [Cov:======================>            65%]
* Search finished after 122s and 392 generations, 129764 statements, best individual has fitness: 198.3458400429415
* Minimizing test suite
* Going to analyze the coverage criteria
* Coverage analysis for criterion LINE
* Coverage of criterion LINE: 37%
* Total number of goals: 278
* Number of covered goals: 104
* Coverage analysis for criterion BRANCH
* Coverage of criterion BRANCH: 31%
* Total number of goals: 217
* Number of covered goals: 67
* Coverage analysis for criterion EXCEPTION
* Coverage of criterion EXCEPTION: 88%
* Total number of goals: 8
* Number of covered goals: 7
* Generated 21 tests with total length 105
* Resulting test suite's coverage: 66% (average coverage for all fitness functions)
* Generating assertions
* Resulting test suite's mutation score: 6%
* Compiling and checking tests
[MASTER] 12:37:20.268 [logback-1] WARN  JUnitAnalyzer - Found unstable test named test14 -> class java.lang.StackOverflowError: null
[MASTER] 12:37:20.268 [logback-1] WARN  JUnitAnalyzer - Failing test:
 Compiler compiler0 = new Compiler();
Normalize.VerifyConstants normalize_VerifyConstants0 = new Normalize.VerifyConstants(compiler0, true);
Node node0 = Node.newNumber((double) 83, 83, 83);
node0.addChildrenToFront(node0);
normalize_VerifyConstants0.process(node0, node0);

* Permissions denied during test execution: 
  - java.lang.RuntimePermission: 
         getStackWalkerWithClassReference: 1
         writeFileDescriptor: 160
* Writing tests to file
* Writing JUnit test case 'Normalize_ESTest' to /work/evo_out/Closure_153f/budget120_seed1/tests
* Done!

* Computation finished

[exit=0 timeout=False time=149.5s]

$ java -Djava.awt.headless=true -cp /opt/defects4j/framework/projects/lib/junit-4.12-hamcrest-1.3.jar:/opt/evosuite/evosuite-1.2.0.jar:/work/Closure_153f/build/classes:/work/Closure_153f/lib/ant-launcher.jar:/work/Closure_153f/lib/ant.jar:/work/Closure_153f/lib/args4j.jar:/work/Closure_153f/lib/guava.jar:/work/Closure_153f/lib/json.jar:/work/Closure_153f/lib/jsr305.jar:/work/Closure_153f/lib/libtrunk_rhino_parser_jarjared.jar:/work/Closure_153f/lib/protobuf-java.jar:/work/Closure_153f/build/test org.evosuite.EvoSuite -generateSuite -class com.google.javascript.jscomp.SyntacticScopeCreator -projectCP /opt/defects4j/framework/projects/lib/junit-4.12-hamcrest-1.3.jar:/work/Closure_153f/build/classes:/work/Closure_153f/lib/ant-launcher.jar:/work/Closure_153f/lib/ant.jar:/work/Closure_153f/lib/args4j.jar:/work/Closure_153f/lib/guava.jar:/work/Closure_153f/lib/json.jar:/work/Closure_153f/lib/jsr305.jar:/work/Closure_153f/lib/libtrunk_rhino_parser_jarjared.jar:/work/Closure_153f/lib/protobuf-java.jar:/work/Closure_153f/build/test -Dcriterion=LINE:BRANCH:EXCEPTION -Dsearch_budget=120 -seed 1 -Dtest_dir=/work/evo_out/Closure_153f/budget120_seed1/tests -Dreport_dir=/work/evo_out/Closure_153f/budget120_seed1/report
* EvoSuite 1.2.0
* Going to generate test cases for class: com.google.javascript.jscomp.SyntacticScopeCreator
* Starting Client-0
* Connecting to master process on port 9922
* Analyzing classpath: 
  - /opt/defects4j/framework/projects/lib/junit-4.12-hamcrest-1.3.jar
  - /work/Closure_153f/build/classes
  - /work/Closure_153f/lib/ant-launcher.jar
  - /work/Closure_153f/lib/ant.jar
  - /work/Closure_153f/lib/args4j.jar
  - /work/Closure_153f/lib/guava.jar
  - /work/Closure_153f/lib/json.jar
  - /work/Closure_153f/lib/jsr305.jar
  - /work/Closure_153f/lib/libtrunk_rhino_parser_jarjared.jar
  - /work/Closure_153f/lib/protobuf-java.jar
  - /work/Closure_153f/build/test
[MASTER] 12:37:23.980 [logback-1] WARN  InheritanceTree - Class not in inheritance graph: java.util.Locale$IsoCountryCode
[MASTER] 12:37:23.996 [logback-1] WARN  InheritanceTree - Class not in inheritance graph: java.io.ObjectInputFilter
[MASTER] 12:37:24.304 [logback-1] WARN  InheritanceTree - Class not in inheritance graph: java.lang.module.ModuleFinder
* Finished analyzing classpath
* Generating tests for class com.google.javascript.jscomp.SyntacticScopeCreator
* Test criteria:
  - Line Coverage
  - Branch Coverage
  - Exception
* Setting up search algorithm for whole suite generation
* Total number of test goals: 
  - Line 98
  - Branch 74
  - Exception 0

[Progress:>                             0%] [Cov:>                                  0%]* Using seed 1
* Starting evolution

[Progress:>                             0%] [Cov:>                                  2%]
[Progress:>                             0%] [Cov:=>                                 3%]
[Progress:>                             0%] [Cov:============>                      36%]
[Progress:>                             1%] [Cov:>                                  1%]
[Progress:>                             1%] [Cov:>                                  2%]
[Progress:>                             1%] [Cov:============>                      35%][MASTER] 12:37:27.512 [logback-1] WARN  MSecurityManager - SUT asked for a runtime permission that EvoSuite does not recognize: getStackWalkerWithClassReference

[Progress:>                             1%] [Cov:============>                      37%]
[Progress:>                             1%] [Cov:===============>                   45%]
[Progress:>                             2%] [Cov:=>                                 3%]
[Progress:>                             2%] [Cov:============>                      37%]
[Progress:>                             2%] [Cov:=============>                     38%]
[Progress:>                             2%] [Cov:===============>                   45%]
[Progress:>                             2%] [Cov:================>                  47%]
[Progress:>                             2%] [Cov:================>                  47%]
[Progress:>                             3%] [Cov:================>                  47%]
[Progress:>                             3%] [Cov:================>                  47%]
[Progress:>                             3%] [Cov:================>                  47%]
[Progress:>                             3%] [Cov:================>                  47%]
[Progress:>                             3%] [Cov:================>                  47%]
[Progress:>                             3%] [Cov:================>                  47%]
[Progress:>                             3%] [Cov:================>                  47%]
[Progress:>                             3%] [Cov:================>                  47%]
[Progress:>                             3%] [Cov:================>                  47%]
[Progress:>                             3%] [Cov:================>                  47%]
[Progress:>                             3%] [Cov:================>                  47%]
[Progress:>                             3%] [Cov:================>                  47%]
[Progress:>                             3%] [Cov:================>                  47%]
[Progress:>                             3%] [Cov:================>                  47%]
[Progress:=>                            4%] [Cov:================>                  47%]
[Progress:=>                            4%] [Cov:================>                  47%]
[Progress:=>                            4%] [Cov:================>                  47%]
[Progress:=>                            4%] [Cov:================>                  47%]
[Progress:=>                            4%] [Cov:================>                  47%]
[Progress:=>                            4%] [Cov:================>                  47%]
[Progress:=>                            4%] [Cov:================>                  47%]
[Progress:=>                            4%] [Cov:================>                  47%]
[Progress:=>                            4%] [Cov:================>                  47%]
[Progress:=>                            4%] [Cov:================>                  47%]
[Progress:=>                            4%] [Cov:================>                  47%]
[Progress:=>                            4%] [Cov:================>                  47%]
[Progress:=>                            4%] [Cov:================>                  47%]
[Progress:=>                            4%] [Cov:================>                  47%]
[Progress:=>                            4%] [Cov:================>                  47%]
[Progress:=>                            4%] [Cov:================>                  47%]
[Progress:=>                            5%] [Cov:================>                  47%]
[Progress:=>                            5%] [Cov:================>                  47%]
[Progress:=>                            5%] [Cov:================>                  48%]
[Progress:=>                            5%] [Cov:================>                  48%]
[Progress:=>                            5%] [Cov:================>                  48%]
[Progress:=>                            5%] [Cov:================>                  48%]
[Progress:=>                            5%] [Cov:=================>                 49%]
[Progress:=>                            5%] [Cov:=================>                 50%]
[Progress:=>                            5%] [Cov:=================>                 50%]
[Progress:=>                            5%] [Cov:=================>                 50%]
[Progress:=>                            5%] [Cov:=================>                 50%]
[Progress:=>                            5%] [Cov:=================>                 50%]
[Progress:=>                            5%] [Cov:=================>                 50%]
[Progress:=>                            5%] [Cov:=================>                 50%]
[Progress:=>                            5%] [Cov:=================>                 50%]
[Progress:=>                            5%] [Cov:=================>                 50%]
[Progress:=>                            5%] [Cov:=================>                 50%]
[Progress:=>                            5%] [Cov:=================>                 50%]
[Progress:=>                            5%] [Cov:=================>                 50%]
[Progress:=>                            5%] [Cov:=================>                 50%]
[Progress:=>                            5%] [Cov:=================>                 50%]
[Progress:=>                            5%] [Cov:=================>                 50%]
[Progress:=>                            5%] [Cov:=================>                 50%]
[Progress:=>                            5%] [Cov:=================>                 50%]
[Progress:=>                            5%] [Cov:=================>                 50%]
[Progress:=>                            5%] [Cov:=================>                 50%]
[Progress:=>                            5%] [Cov:==================>                52%]
[Progress:=>                            5%] [Cov:==================>                52%]
[Progress:=>                            5%] [Cov:==================>                52%]
[Progress:=>                            5%] [Cov:==================>                52%]
[Progress:=>                            6%] [Cov:==================>                52%]
[Progress:=>                            6%] [Cov:==================>                52%]
[Progress:=>                            6%] [Cov:==================>                52%]
[Progress:=>                            6%] [Cov:==================>                52%]
[Progress:=>                            6%] [Cov:==================>                52%]
[Progress:=>                            6%] [Cov:==================>                52%]
[Progress:=>                            6%] [Cov:==================>                52%]
[Progress:=>                            6%] [Cov:==================>                52%]
[Progress:=>                            6%] [Cov:==================>                52%]
[Progress:=>                            6%] [Cov:==================>                52%]
[Progress:=>                            6%] [Cov:==================>                52%]
[Progress:=>                            6%] [Cov:==================>                52%]
[Progress:=>                            6%] [Cov:==================>                52%]
[Progress:=>                            6%] [Cov:==================>                52%]
[Progress:=>                            6%] [Cov:==================>                52%]
[Progress:==>                           7%] [Cov:==================>                52%]
[Progress:==>                           7%] [Cov:==================>                52%]
[Progress:==>                           7%] [Cov:==================>                52%]
[Progress:==>                           7%] [Cov:==================>                52%]
[Progress:==>                           7%] [Cov:==================>                52%]
[Progress:==>                           7%] [Cov:==================>                52%]
[Progress:==>                           7%] [Cov:==================>                52%]
[Progress:==>                           7%] [Cov:==================>                52%]
[Progress:==>                           7%] [Cov:==================>                52%]
[Progress:==>                           7%] [Cov:==================>                52%]
[Progress:==>                           7%] [Cov:==================>                52%]
[Progress:==>                           7%] [Cov:==================>                52%]
[Progress:==>                           7%] [Cov:==================>                52%]
[Progress:==>                           7%] [Cov:==================>                52%]
[Progress:==>                           8%] [Cov:==================>                52%]
[Progress:==>                           8%] [Cov:==================>                52%]
[Progress:==>                           8%] [Cov:==================>                52%]
[Progress:==>                           8%] [Cov:==================>                52%]
[Progress:==>                           8%] [Cov:==================>                52%]
[Progress:==>                           8%] [Cov:==================>                52%]
[Progress:==>                           8%] [Cov:==================>                52%]
[Progress:==>                           8%] [Cov:==================>                52%]
[Progress:==>                           8%] [Cov:==================>                52%]
[Progress:==>                           8%] [Cov:==================>                52%]
[Progress:==>                           8%] [Cov:==================>                52%]
[Progress:==>                           8%] [Cov:==================>                52%]
[Progress:==>                           8%] [Cov:==================>                52%]
[Progress:==>                           8%] [Cov:==================>                52%]
[Progress:==>                           9%] [Cov:==================>                52%]
[Progress:==>                           9%] [Cov:==================>                52%]
[Progress:==>                           9%] [Cov:==================>                52%]
[Progress:==>                           9%] [Cov:==================>                52%]
[Progress:==>                           9%] [Cov:==================>                52%]
[Progress:==>                           9%] [Cov:==================>                52%]
[Progress:==>                           9%] [Cov:==================>                52%]
[Progress:==>                           9%] [Cov:==================>                52%]
[Progress:==>                           9%] [Cov:==================>                52%]
[Progress:==>                           9%] [Cov:==================>                52%]
[Progress:==>                           9%] [Cov:==================>                52%]
[Progress:==>                           9%] [Cov:==================>                52%]
[Progress:==>                           9%] [Cov:==================>                52%]
[Progress:==>                           9%] [Cov:==================>                52%]
[Progress:==>                           9%] [Cov:==================>                52%]
[Progress:===>                          10%] [Cov:==================>                52%]
[Progress:===>                          10%] [Cov:==================>                52%]
[Progress:===>                          10%] [Cov:==================>                52%]
[Progress:===>                          10%] [Cov:==================>                52%]
[Progress:===>                          10%] [Cov:==================>                52%]
[Progress:===>                          10%] [Cov:==================>                52%]
[Progress:===>                          10%] [Cov:==================>                52%]
[Progress:===>                          10%] [Cov:==================>                52%]
[Progress:===>                          10%] [Cov:==================>                52%]
[Progress:===>                          10%] [Cov:==================>                52%]
[Progress:===>                          10%] [Cov:==================>                52%]
[Progress:===>                          10%] [Cov:==================>                52%]
[Progress:===>                          10%] [Cov:==================>                52%]
[Progress:===>                          10%] [Cov:==================>                52%]
[Progress:===>                          10%] [Cov:==================>                52%]
[Progress:===>                          10%] [Cov:==================>                52%]
[Progress:===>                          10%] [Cov:==================>                52%]
[Progress:===>                          10%] [Cov:==================>                52%]
[Progress:===>                          10%] [Cov:==================>                52%]
[Progress:===>                          10%] [Cov:==================>                52%]
[Progress:===>                          10%] [Cov:==================>                52%]
[Progress:===>                          10%] [Cov:==================>                52%]
[Progress:===>                          10%] [Cov:==================>                52%]
[Progress:===>                          10%] [Cov:==================>                52%]
[Progress:===>                          10%] [Cov:==================>                52%]
[Progress:===>                          10%] [Cov:==================>                52%]
[Progress:===>                          10%] [Cov:==================>                52%]
[Progress:===>                          10%] [Cov:==================>                52%]
[Progress:===>                          10%] [Cov:==================>                52%]
[Progress:===>                          10%] [Cov:==================>                52%]
[Progress:===>                          10%] [Cov:==================>                52%]
[Progress:===>                          10%] [Cov:==================>                52%]
[Progress:===>                          11%] [Cov:==================>                52%]
[Progress:===>                          11%] [Cov:==================>                52%]
[Progress:===>                          11%] [Cov:==================>                52%]
[Progress:===>                          11%] [Cov:==================>                52%]
[Progress:===>                          11%] [Cov:==================>                52%]
[Progress:===>                          11%] [Cov:==================>                52%]
[Progress:===>                          11%] [Cov:==================>                52%]
[Progress:===>                          11%] [Cov:==================>                52%]
[Progress:===>                          11%] [Cov:==================>                52%]
[Progress:===>                          11%] [Cov:==================>                52%]
[Progress:===>                          11%] [Cov:==================>                52%]
[Progress:===>                          11%] [Cov:==================>                52%]
[Progress:===>                          11%] [Cov:==================>                52%]
[Progress:===>                          11%] [Cov:==================>                52%]
[Progress:===>                          11%] [Cov:==================>                52%]
[Progress:===>                          11%] [Cov:==================>                52%]
[Progress:===>                          11%] [Cov:==================>                52%]
[Progress:===>                          12%] [Cov:==================>                52%]
[Progress:===>                          12%] [Cov:==================>                52%]
[Progress:===>                          12%] [Cov:==================>                52%]
[Progress:===>                          12%] [Cov:==================>                52%]
[Progress:===>                          12%] [Cov:==================>                52%]
[Progress:===>                          12%] [Cov:==================>                52%]
[Progress:===>                          12%] [Cov:==================>                52%]
[Progress:===>                          12%] [Cov:==================>                52%]
[Progress:===>                          12%] [Cov:==================>                52%]
[Progress:===>                          12%] [Cov:==================>                52%]
[Progress:===>                          12%] [Cov:==================>                52%]
[Progress:===>                          12%] [Cov:==================>                52%]
[Progress:===>                          12%] [Cov:==================>                52%]
[Progress:===>                          12%] [Cov:==================>                52%]
[Progress:===>                          12%] [Cov:==================>                52%]
[Progress:===>                          12%] [Cov:==================>                52%]
[Progress:===>                          12%] [Cov:==================>                52%]
[Progress:===>                          13%] [Cov:==================>                52%]
[Progress:===>                          13%] [Cov:==================>                52%]
[Progress:===>                          13%] [Cov:==================>                52%]
[Progress:===>                          13%] [Cov:==================>                52%]
[Progress:===>                          13%] [Cov:==================>                52%]
[Progress:===>                          13%] [Cov:==================>                52%]
[Progress:===>                          13%] [Cov:==================>                52%]
[Progress:===>                          13%] [Cov:==================>                52%]
[Progress:===>                          13%] [Cov:==================>                52%]
[Progress:===>                          13%] [Cov:==================>                52%]
[Progress:===>                          13%] [Cov:==================>                52%]
[Progress:===>                          13%] [Cov:==================>                52%]
[Progress:===>                          13%] [Cov:==================>                52%]
[Progress:===>                          13%] [Cov:==================>                52%]
[Progress:===>                          13%] [Cov:==================>                52%]
[Progress:===>                          13%] [Cov:==================>                52%]
[Progress:===>                          13%] [Cov:==================>                52%]
[Progress:===>                          13%] [Cov:==================>                52%]
[Progress:====>                         14%] [Cov:==================>                52%]
[Progress:====>                         14%] [Cov:==================>                52%]
[Progress:====>                         14%] [Cov:==================>                52%]
[Progress:====>                         14%] [Cov:==================>                52%]
[Progress:====>                         14%] [Cov:==================>                52%]
[Progress:====>                         14%] [Cov:==================>                52%]
[Progress:====>                         14%] [Cov:==================>                52%]
[Progress:====>                         14%] [Cov:==================>                52%]
[Progress:====>                         14%] [Cov:==================>                52%]
[Progress:====>                         14%] [Cov:==================>                52%]
[Progress:====>                         14%] [Cov:==================>                52%]
[Progress:====>                         14%] [Cov:==================>                52%]
[Progress:====>                         14%] [Cov:==================>                52%]
[Progress:====>                         14%] [Cov:==================>                52%]
[Progress:====>                         14%] [Cov:==================>                54%]
[Progress:====>                         14%] [Cov:===================>               55%]
[Progress:====>                         14%] [Cov:===================>               55%]
[Progress:====>                         14%] [Cov:===================>               55%]
[Progress:====>                         14%] [Cov:===================>               55%]
[Progress:====>                         15%] [Cov:===================>               55%]
[Progress:====>                         15%] [Cov:===================>               55%]
[Progress:====>                         15%] [Cov:===================>               55%]
[Progress:====>                         15%] [Cov:===================>               55%]
[Progress:====>                         15%] [Cov:===================>               55%]
[Progress:====>                         15%] [Cov:===================>               55%]
[Progress:====>                         15%] [Cov:===================>               55%]
[Progress:====>                         15%] [Cov:===================>               55%]
[Progress:====>                         15%] [Cov:===================>               55%]
[Progress:====>                         15%] [Cov:===================>               55%]
[Progress:====>                         15%] [Cov:===================>               55%]
[Progress:====>                         15%] [Cov:===================>               55%]
[Progress:====>                         15%] [Cov:===================>               55%]
[Progress:====>                         15%] [Cov:===================>               55%]
[Progress:====>                         15%] [Cov:===================>               55%]
[Progress:====>                         15%] [Cov:===================>               55%]
[Progress:====>                         15%] [Cov:===================>               55%]
[Progress:====>                         15%] [Cov:===================>               55%]
[Progress:====>                         15%] [Cov:===================>               55%]
[Progress:====>                         15%] [Cov:===================>               55%]
[Progress:====>                         15%] [Cov:===================>               56%]
[Progress:====>                         15%] [Cov:===================>               56%]
[Progress:====>                         15%] [Cov:===================>               56%]
[Progress:====>                         15%] [Cov:===================>               56%]
[Progress:====>                         15%] [Cov:===================>               56%]
[Progress:====>                         15%] [Cov:===================>               56%]
[Progress:====>                         15%] [Cov:===================>               56%]
[Progress:====>                         15%] [Cov:===================>               56%]
[Progress:====>                         15%] [Cov:===================>               56%]
[Progress:====>                         15%] [Cov:===================>               56%]
[Progress:====>                         15%] [Cov:===================>               56%]
[Progress:====>                         16%] [Cov:===================>               56%]
[Progress:====>                         16%] [Cov:===================>               56%]
[Progress:====>                         16%] [Cov:===================>               56%]
[Progress:====>                         16%] [Cov:===================>               56%]
[Progress:====>                         16%] [Cov:===================>               56%]
[Progress:====>                         16%] [Cov:===================>               56%]
[Progress:====>                         16%] [Cov:===================>               56%]
[Progress:====>                         16%] [Cov:===================>               56%]
[Progress:====>                         16%] [Cov:===================>               56%]
[Progress:====>                         16%] [Cov:===================>               56%]
[Progress:======>                       20%] [Cov:===================>               56%]
[Progress:======>                       20%] [Cov:===================>               56%]
[Progress:======>                       20%] [Cov:===================>               56%]
[Progress:======>                       20%] [Cov:===================>               56%]
[Progress:======>                       21%] [Cov:===================>               56%]
[Progress:======>                       21%] [Cov:===================>               57%]
[Progress:======>                       21%] [Cov:===================>               57%]
[Progress:======>                       21%] [Cov:===================>               57%]
[Progress:======>                       21%] [Cov:===================>               57%]
[Progress:======>                       21%] [Cov:===================>               57%]
[Progress:======>                       21%] [Cov:===================>               57%]
[Progress:======>                       21%] [Cov:===================>               57%]
[Progress:======>                       21%] [Cov:===================>               57%]
[Progress:======>                       21%] [Cov:===================>               57%]
[Progress:======>                       21%] [Cov:===================>               57%]
[Progress:======>                       21%] [Cov:===================>               57%]
[Progress:======>                       21%] [Cov:===================>               57%]
[Progress:======>                       22%] [Cov:===================>               57%]
[Progress:======>                       22%] [Cov:===================>               57%]
[Progress:======>                       22%] [Cov:===================>               57%]
[Progress:======>                       22%] [Cov:===================>               57%]
[Progress:======>                       22%] [Cov:===================>               57%]
[Progress:======>                       22%] [Cov:===================>               57%]
[Progress:======>                       22%] [Cov:===================>               57%]
[Progress:======>                       22%] [Cov:===================>               57%]
[Progress:======>                       22%] [Cov:===================>               57%]
[Progress:======>                       22%] [Cov:===================>               57%]
[Progress:======>                       22%] [Cov:===================>               57%]
[Progress:======>                       22%] [Cov:===================>               57%]
[Progress:======>                       22%] [Cov:===================>               57%]
[Progress:======>                       22%] [Cov:===================>               57%]
[Progress:======>                       23%] [Cov:===================>               57%]
[Progress:======>                       23%] [Cov:===================>               57%]
[Progress:======>                       23%] [Cov:===================>               57%]
[Progress:======>                       23%] [Cov:===================>               57%]
[Progress:======>                       23%] [Cov:===================>               57%]
[Progress:======>                       23%] [Cov:===================>               57%]
[Progress:======>                       23%] [Cov:===================>               57%]
[Progress:======>                       23%] [Cov:===================>               57%]
[Progress:======>                       23%] [Cov:===================>               57%]
[Progress:======>                       23%] [Cov:===================>               57%]
[Progress:======>                       23%] [Cov:===================>               57%]
[Progress:======>                       23%] [Cov:===================>               57%]
[Progress:======>                       23%] [Cov:===================>               57%]
[Progress:=======>                      24%] [Cov:===================>               57%]
[Progress:=======>                      24%] [Cov:===================>               57%]
[Progress:=======>                      24%] [Cov:===================>               57%]
[Progress:=======>                      24%] [Cov:===================>               57%]
[Progress:=======>                      24%] [Cov:===================>               57%]
[Progress:=======>                      24%] [Cov:===================>               57%]
[Progress:=======>                      24%] [Cov:===================>               57%]
[Progress:=======>                      24%] [Cov:===================>               57%]
[Progress:=======>                      24%] [Cov:===================>               57%]
[Progress:=======>                      24%] [Cov:===================>               57%]
[Progress:=======>                      24%] [Cov:===================>               57%]
[Progress:=======>                      24%] [Cov:===================>               57%]
[Progress:=======>                      24%] [Cov:===================>               57%]
[Progress:=======>                      25%] [Cov:===================>               57%]
[Progress:=======>                      25%] [Cov:===================>               57%]
[Progress:=======>                      25%] [Cov:===================>               57%]
[Progress:=======>                      25%] [Cov:===================>               57%]
[Progress:=======>                      25%] [Cov:===================>               57%]
[Progress:=======>                      25%] [Cov:===================>               57%]
[Progress:=======>                      25%] [Cov:===================>               57%]
[Progress:=======>                      25%] [Cov:===================>               57%]
[Progress:=======>                      25%] [Cov:===================>               57%]
[Progress:=======>                      25%] [Cov:===================>               57%]
[Progress:=======>                      25%] [Cov:===================>               57%]
[Progress:=======>                      25%] [Cov:===================>               57%]
[Progress:=======>                      25%] [Cov:===================>               57%]
[Progress:=======>                      25%] [Cov:===================>               57%]
[Progress:=======>                      25%] [Cov:===================>               57%]
[Progress:=======>                      25%] [Cov:===================>               57%]
[Progress:=======>                      25%] [Cov:===================>               57%]
[Progress:=======>                      25%] [Cov:===================>               57%]
[Progress:=======>                      25%] [Cov:===================>               57%]
[Progress:=======>                      25%] [Cov:===================>               57%]
[Progress:=======>                      25%] [Cov:===================>               57%]
[Progress:=======>                      25%] [Cov:===================>               57%]
[Progress:=======>                      25%] [Cov:===================>               57%]
[Progress:=======>                      25%] [Cov:===================>               57%]
[Progress:=======>                      25%] [Cov:===================>               57%]
[Progress:=======>                      26%] [Cov:===================>               57%]
[Progress:=======>                      26%] [Cov:===================>               57%]
[Progress:=======>                      26%] [Cov:===================>               57%]
[Progress:=======>                      26%] [Cov:===================>               57%]
[Progress:=======>                      26%] [Cov:===================>               57%]
[Progress:=======>                      26%] [Cov:===================>               57%]
[Progress:=======>                      26%] [Cov:===================>               57%]
[Progress:=======>                      26%] [Cov:===================>               57%]
[Progress:=======>                      26%] [Cov:===================>               57%]
[Progress:=======>                      26%] [Cov:===================>               57%]
[Progress:=======>                      26%] [Cov:===================>               57%]
[Progress:=======>                      26%] [Cov:===================>               57%]
[Progress:========>                     27%] [Cov:===================>               57%]
[Progress:========>                     27%] [Cov:===================>               57%]
[Progress:========>                     27%] [Cov:===================>               57%]
[Progress:========>                     27%] [Cov:===================>               57%]
[Progress:========>                     27%] [Cov:===================>               57%]
[Progress:========>                     27%] [Cov:===================>               57%]
[Progress:========>                     27%] [Cov:===================>               57%]
[Progress:========>                     27%] [Cov:===================>               57%]
[Progress:========>                     27%] [Cov:===================>               57%]
[Progress:========>                     27%] [Cov:===================>               57%]
[Progress:========>                     27%] [Cov:===================>               57%]
[Progress:========>                     27%] [Cov:===================>               57%]
[Progress:========>                     28%] [Cov:===================>               57%]
[Progress:========>                     28%] [Cov:===================>               57%]
[Progress:========>                     28%] [Cov:===================>               57%]
[Progress:========>                     28%] [Cov:===================>               57%]
[Progress:========>                     28%] [Cov:===================>               57%]
[Progress:========>                     28%] [Cov:===================>               57%]
[Progress:========>                     28%] [Cov:===================>               57%]
[Progress:========>                     28%] [Cov:===================>               57%]
[Progress:========>                     28%] [Cov:===================>               57%]
[Progress:========>                     28%] [Cov:===================>               57%]
[Progress:========>                     28%] [Cov:===================>               57%]
[Progress:========>                     28%] [Cov:===================>               57%]
[Progress:========>                     29%] [Cov:===================>               57%]
[Progress:========>                     29%] [Cov:===================>               57%]
[Progress:========>                     29%] [Cov:===================>               57%]
[Progress:========>                     29%] [Cov:===================>               57%]
[Progress:========>                     29%] [Cov:===================>               57%]
[Progress:========>                     29%] [Cov:===================>               57%]
[Progress:========>                     29%] [Cov:===================>               57%]
[Progress:========>                     29%] [Cov:===================>               57%]
[Progress:========>                     29%] [Cov:===================>               57%]
[Progress:========>                     29%] [Cov:===================>               57%]
[Progress:========>                     29%] [Cov:===================>               57%]
[Progress:========>                     29%] [Cov:===================>               57%]
[Progress:=========>                    30%] [Cov:===================>               57%]
[Progress:=========>                    30%] [Cov:===================>               57%]
[Progress:=========>                    30%] [Cov:===================>               57%]
[Progress:=========>                    30%] [Cov:===================>               57%]
[Progress:=========>                    30%] [Cov:===================>               57%]
[Progress:=========>                    30%] [Cov:===================>               57%]
[Progress:=========>                    30%] [Cov:===================>               57%]
[Progress:=========>                    30%] [Cov:===================>               57%]
[Progress:=========>                    30%] [Cov:===================>               57%]
[Progress:=========>                    30%] [Cov:===================>               57%]
[Progress:=========>                    30%] [Cov:===================>               57%]
[Progress:=========>                    30%] [Cov:===================>               57%]
[Progress:=========>                    30%] [Cov:===================>               57%]
[Progress:=========>                    30%] [Cov:===================>               57%]
[Progress:=========>                    30%] [Cov:===================>               57%]
[Progress:=========>                    30%] [Cov:===================>               57%]
[Progress:=========>                    30%] [Cov:===================>               57%]
[Progress:=========>                    30%] [Cov:===================>               57%]
[Progress:=========>                    30%] [Cov:===================>               57%]
[Progress:=========>                    30%] [Cov:===================>               57%]
[Progress:=========>                    30%] [Cov:===================>               57%]
[Progress:=========>                    30%] [Cov:===================>               57%]
[Progress:=========>                    30%] [Cov:===================>               57%]
[Progress:=========>                    30%] [Cov:===================>               57%]
[Progress:=========>                    30%] [Cov:===================>               57%]
[Progress:=========>                    30%] [Cov:===================>               57%]
[Progress:=========>                    31%] [Cov:===================>               57%]
[Progress:=========>                    31%] [Cov:===================>               57%]
[Progress:=========>                    31%] [Cov:===================>               57%]
[Progress:=========>                    31%] [Cov:===================>               57%]
[Progress:=========>                    31%] [Cov:===================>               57%]
[Progress:=========>                    31%] [Cov:===================>               57%]
[Progress:=========>                    31%] [Cov:===================>               57%]
[Progress:=========>                    31%] [Cov:===================>               57%]
[Progress:=========>                    31%] [Cov:===================>               57%]
[Progress:=========>                    31%] [Cov:====================>              59%]
[Progress:=========>                    31%] [Cov:====================>              59%]
[Progress:=========>                    31%] [Cov:====================>              59%]
[Progress:=========>                    32%] [Cov:====================>              59%]
[Progress:=========>                    32%] [Cov:====================>              59%]
[Progress:=========>                    32%] [Cov:=====================>             60%]
[Progress:=========>                    32%] [Cov:=====================>             60%]
[Progress:=========>                    32%] [Cov:=====================>             60%]
[Progress:=========>                    32%] [Cov:=====================>             61%]
[Progress:=========>                    32%] [Cov:=====================>             61%]
[Progress:=========>                    32%] [Cov:=====================>             61%]
[Progress:=========>                    32%] [Cov:=====================>             61%]
[Progress:=========>                    32%] [Cov:=====================>             61%]
[Progress:=========>                    32%] [Cov:=====================>             61%]
[Progress:=========>                    32%] [Cov:=====================>             61%]
[Progress:==========>                   36%] [Cov:=====================>             61%]
[Progress:==========>                   36%] [Cov:=====================>             61%]
[Progress:==========>                   36%] [Cov:=====================>             61%]
[Progress:===========>                  37%] [Cov:=====================>             61%]
[Progress:===========>                  37%] [Cov:=====================>             61%]
[Progress:===========>                  37%] [Cov:=====================>             61%]
[Progress:===========>                  37%] [Cov:=====================>             61%]
[Progress:===========>                  37%] [Cov:=====================>             61%]
[Progress:===========>                  37%] [Cov:=====================>             61%]
[Progress:===========>                  37%] [Cov:=====================>             61%]
[Progress:===========>                  37%] [Cov:=====================>             61%]
[Progress:===========>                  37%] [Cov:=====================>             61%]
[Progress:===========>                  37%] [Cov:=====================>             61%]
[Progress:===========>                  37%] [Cov:=====================>             61%]
[Progress:===========>                  37%] [Cov:=====================>             61%]
[Progress:===========>                  38%] [Cov:=====================>             61%]
[Progress:===========>                  38%] [Cov:=====================>             61%]
[Progress:===========>                  38%] [Cov:=====================>             61%]
[Progress:===========>                  38%] [Cov:=====================>             61%]
[Progress:===========>                  38%] [Cov:=====================>             61%]
[Progress:===========>                  38%] [Cov:=====================>             61%]
[Progress:===========>                  38%] [Cov:=====================>             61%]
[Progress:===========>                  38%] [Cov:=====================>             61%]
[Progress:===========>                  38%] [Cov:=====================>             61%]
[Progress:===========>                  38%] [Cov:=====================>             61%]
[Progress:===========>                  38%] [Cov:=====================>             61%]
[Progress:===========>                  38%] [Cov:=====================>             61%]
[Progress:===========>                  39%] [Cov:=====================>             61%]
[Progress:===========>                  39%] [Cov:=====================>             61%]
[Progress:===========>                  39%] [Cov:=====================>             61%]
[Progress:===========>                  39%] [Cov:=====================>             61%]
[Progress:===========>                  39%] [Cov:=====================>             61%]
[Progress:===========>                  39%] [Cov:=====================>             61%]
[Progress:===========>                  39%] [Cov:=====================>             61%]
[Progress:===========>                  39%] [Cov:=====================>             61%]
[Progress:===========>                  39%] [Cov:=====================>             61%]
[Progress:===========>                  39%] [Cov:=====================>             61%]
[Progress:===========>                  39%] [Cov:=====================>             61%]
[Progress:============>                 40%] [Cov:=====================>             61%]
[Progress:============>                 40%] [Cov:=====================>             61%]
[Progress:============>                 40%] [Cov:=====================>             61%]
[Progress:============>                 40%] [Cov:=====================>             61%]
[Progress:============>                 40%] [Cov:=====================>             61%]
[Progress:============>                 40%] [Cov:=====================>             61%]
[Progress:============>                 40%] [Cov:=====================>             61%]
[Progress:============>                 40%] [Cov:=====================>             61%]
[Progress:============>                 40%] [Cov:=====================>             61%]
[Progress:============>                 40%] [Cov:=====================>             61%]
[Progress:============>                 40%] [Cov:=====================>             61%]
[Progress:============>                 40%] [Cov:=====================>             61%]
[Progress:============>                 40%] [Cov:=====================>             61%]
[Progress:============>                 40%] [Cov:=====================>             61%]
[Progress:============>                 40%] [Cov:=====================>             61%]
[Progress:============>                 40%] [Cov:=====================>             61%]
[Progress:============>                 40%] [Cov:=====================>             61%]
[Progress:============>                 41%] [Cov:=====================>             61%]
[Progress:============>                 41%] [Cov:=====================>             61%]
[Progress:============>                 41%] [Cov:=====================>             61%]
[Progress:============>                 41%] [Cov:=====================>             61%]
[Progress:============>                 41%] [Cov:=====================>             61%]
[Progress:============>                 41%] [Cov:=====================>             61%]
[Progress:============>                 41%] [Cov:=====================>             61%]
[Progress:============>                 41%] [Cov:=====================>             61%]
[Progress:============>                 41%] [Cov:=====================>             61%]
[Progress:============>                 41%] [Cov:=====================>             61%]
[Progress:============>                 42%] [Cov:=====================>             61%]
[Progress:============>                 42%] [Cov:=====================>             61%]
[Progress:============>                 42%] [Cov:=====================>             61%]
[Progress:============>                 42%] [Cov:=====================>             61%]
[Progress:============>                 42%] [Cov:=====================>             61%]
[Progress:============>                 42%] [Cov:=====================>             61%]
[Progress:============>                 42%] [Cov:=====================>             61%]
[Progress:============>                 42%] [Cov:=====================>             61%]
[Progress:============>                 42%] [Cov:=====================>             61%]
[Progress:============>                 42%] [Cov:=====================>             61%]
[Progress:============>                 42%] [Cov:=====================>             61%]
[Progress:============>                 43%] [Cov:=====================>             61%]
[Progress:============>                 43%] [Cov:=====================>             61%]
[Progress:============>                 43%] [Cov:=====================>             61%]
[Progress:============>                 43%] [Cov:=====================>             61%]
[Progress:============>                 43%] [Cov:=====================>             61%]
[Progress:============>                 43%] [Cov:=====================>             61%]
[Progress:============>                 43%] [Cov:=====================>             61%]
[Progress:============>                 43%] [Cov:=====================>             61%]
[Progress:============>                 43%] [Cov:=====================>             61%]
[Progress:=============>                44%] [Cov:=====================>             61%]
[Progress:=============>                44%] [Cov:=====================>             61%]
[Progress:=============>                44%] [Cov:=====================>             61%]
[Progress:=============>                44%] [Cov:=====================>             61%]
[Progress:=============>                44%] [Cov:=====================>             61%]
[Progress:=============>                44%] [Cov:=====================>             61%]
[Progress:=============>                44%] [Cov:=====================>             61%]
[Progress:=============>                44%] [Cov:=====================>             61%]
[Progress:=============>                44%] [Cov:=====================>             61%]
[Progress:=============>                44%] [Cov:=====================>             61%]
[Progress:=============>                45%] [Cov:=====================>             61%]
[Progress:=============>                45%] [Cov:=====================>             61%]
[Progress:=============>                45%] [Cov:=====================>             61%]
[Progress:=============>                45%] [Cov:=====================>             61%]
[Progress:=============>                45%] [Cov:=====================>             61%]
[Progress:=============>                45%] [Cov:=====================>             61%]
[Progress:=============>                45%] [Cov:=====================>             61%]
[Progress:=============>                45%] [Cov:=====================>             61%]
[Progress:=============>                45%] [Cov:=====================>             61%]
[Progress:=============>                45%] [Cov:=====================>             61%]
[Progress:=============>                45%] [Cov:=====================>             61%]
[Progress:=============>                45%] [Cov:=====================>             61%]
[Progress:===============>              50%] [Cov:=====================>             61%]
[Progress:===============>              50%] [Cov:=====================>             61%]
[Progress:===============>              50%] [Cov:=====================>             61%]
[Progress:===============>              50%] [Cov:=====================>             61%]
[Progress:===============>              50%] [Cov:=====================>             61%]
[Progress:===============>              50%] [Cov:=====================>             61%]
[Progress:===============>              50%] [Cov:=====================>             61%]
[Progress:===============>              50%] [Cov:=====================>             61%]
[Progress:===============>              50%] [Cov:=====================>             61%]
[Progress:===============>              50%] [Cov:=====================>             61%]
[Progress:===============>              50%] [Cov:======================>            63%]
[Progress:===============>              50%] [Cov:======================>            63%]
[Progress:===============>              50%] [Cov:======================>            63%]
[Progress:===============>              50%] [Cov:======================>            63%]
[Progress:===============>              50%] [Cov:======================>            63%]
[Progress:===============>              50%] [Cov:======================>            63%]
[Progress:===============>              50%] [Cov:======================>            63%]
[Progress:===============>              50%] [Cov:======================>            63%]
[Progress:===============>              50%] [Cov:======================>            63%]
[Progress:===============>              51%] [Cov:======================>            63%]
[Progress:===============>              51%] [Cov:======================>            63%]
[Progress:===============>              51%] [Cov:======================>            63%]
[Progress:===============>              51%] [Cov:======================>            63%]
[Progress:===============>              51%] [Cov:======================>            63%]
[Progress:===============>              51%] [Cov:======================>            63%]
[Progress:===============>              51%] [Cov:======================>            63%]
[Progress:===============>              51%] [Cov:======================>            63%]
[Progress:===============>              51%] [Cov:======================>            63%]
[Progress:===============>              51%] [Cov:======================>            63%]
[Progress:===============>              51%] [Cov:======================>            63%]
[Progress:===============>              52%] [Cov:======================>            63%]
[Progress:===============>              52%] [Cov:======================>            63%]
[Progress:===============>              52%] [Cov:======================>            63%]
[Progress:===============>              52%] [Cov:======================>            63%]
[Progress:===============>              52%] [Cov:======================>            63%]
[Progress:===============>              52%] [Cov:======================>            63%]
[Progress:===============>              52%] [Cov:======================>            63%]
[Progress:===============>              52%] [Cov:======================>            63%]
[Progress:================>             56%] [Cov:======================>            63%]
[Progress:================>             56%] [Cov:======================>            63%]
[Progress:================>             56%] [Cov:======================>            63%]
[Progress:================>             56%] [Cov:======================>            63%]
[Progress:================>             56%] [Cov:======================>            63%]
[Progress:=================>            57%] [Cov:======================>            63%]
[Progress:=================>            57%] [Cov:======================>            63%]
[Progress:=================>            57%] [Cov:======================>            63%]
[Progress:=================>            57%] [Cov:======================>            63%]
[Progress:=================>            57%] [Cov:======================>            63%]
[Progress:=================>            57%] [Cov:======================>            63%]
[Progress:=================>            57%] [Cov:======================>            63%]
[Progress:=================>            57%] [Cov:======================>            63%]
[Progress:=================>            57%] [Cov:======================>            63%]
[Progress:=================>            57%] [Cov:======================>            63%]
[Progress:=================>            58%] [Cov:======================>            63%]
[Progress:=================>            58%] [Cov:======================>            63%]
[Progress:=================>            58%] [Cov:======================>            63%]
[Progress:=================>            58%] [Cov:======================>            63%]
[Progress:=================>            58%] [Cov:======================>            63%]
[Progress:=================>            58%] [Cov:======================>            63%]
[Progress:=================>            58%] [Cov:======================>            63%]
[Progress:=================>            58%] [Cov:======================>            63%]
[Progress:=================>            58%] [Cov:======================>            63%]
[Progress:=================>            58%] [Cov:======================>            63%]
[Progress:=================>            58%] [Cov:======================>            63%]
[Progress:=================>            58%] [Cov:======================>            63%]
[Progress:=================>            59%] [Cov:======================>            63%]
[Progress:=================>            59%] [Cov:======================>            63%]
[Progress:=================>            59%] [Cov:======================>            63%]
[Progress:=================>            59%] [Cov:======================>            63%]
[Progress:=================>            59%] [Cov:======================>            63%]
[Progress:=================>            59%] [Cov:======================>            63%]
[Progress:=================>            59%] [Cov:======================>            63%]
[Progress:=================>            59%] [Cov:======================>            63%]
[Progress:=================>            59%] [Cov:======================>            63%]
[Progress:=================>            59%] [Cov:======================>            63%]
[Progress:=================>            59%] [Cov:======================>            63%]
[Progress:==================>           60%] [Cov:======================>            63%]
[Progress:==================>           60%] [Cov:======================>            63%]
[Progress:==================>           60%] [Cov:======================>            63%]
[Progress:==================>           60%] [Cov:======================>            63%]
[Progress:==================>           60%] [Cov:======================>            63%]
[Progress:==================>           60%] [Cov:======================>            63%]
[Progress:==================>           60%] [Cov:======================>            63%]
[Progress:==================>           60%] [Cov:======================>            63%]
[Progress:==================>           60%] [Cov:======================>            63%]
[Progress:==================>           60%] [Cov:======================>            63%]
[Progress:==================>           60%] [Cov:======================>            63%]
[Progress:==================>           60%] [Cov:======================>            63%]
[Progress:==================>           60%] [Cov:======================>            63%]
[Progress:==================>           60%] [Cov:======================>            63%]
[Progress:==================>           60%] [Cov:======================>            63%]
[Progress:==================>           60%] [Cov:======================>            63%]
[Progress:==================>           60%] [Cov:======================>            63%]
[Progress:==================>           60%] [Cov:======================>            63%]
[Progress:==================>           60%] [Cov:======================>            63%]
[Progress:==================>           60%] [Cov:======================>            63%]
[Progress:==================>           60%] [Cov:======================>            63%]
[Progress:==================>           60%] [Cov:======================>            63%]
[Progress:==================>           61%] [Cov:======================>            63%]
[Progress:==================>           61%] [Cov:======================>            63%]
[Progress:==================>           61%] [Cov:======================>            63%]
[Progress:==================>           61%] [Cov:======================>            63%]
[Progress:==================>           61%] [Cov:======================>            63%]
[Progress:==================>           61%] [Cov:======================>            63%]
[Progress:==================>           61%] [Cov:======================>            63%]
[Progress:==================>           61%] [Cov:======================>            63%]
[Progress:==================>           61%] [Cov:======================>            63%]
[Progress:==================>           61%] [Cov:======================>            63%]
[Progress:==================>           61%] [Cov:======================>            63%]
[Progress:==================>           62%] [Cov:======================>            63%]
[Progress:==================>           62%] [Cov:======================>            63%]
[Progress:==================>           62%] [Cov:======================>            63%]
[Progress:==================>           62%] [Cov:======================>            63%]
[Progress:==================>           62%] [Cov:======================>            63%]
[Progress:==================>           62%] [Cov:======================>            63%]
[Progress:==================>           62%] [Cov:======================>            63%]
[Progress:==================>           62%] [Cov:======================>            63%]
[Progress:==================>           62%] [Cov:======================>            63%]
[Progress:==================>           62%] [Cov:======================>            63%]
[Progress:==================>           62%] [Cov:======================>            63%]
[Progress:==================>           62%] [Cov:======================>            63%]
[Progress:==================>           62%] [Cov:======================>            63%]
[Progress:==================>           63%] [Cov:======================>            63%]
[Progress:==================>           63%] [Cov:======================>            63%]
[Progress:==================>           63%] [Cov:======================>            63%]
[Progress:==================>           63%] [Cov:======================>            63%]
[Progress:==================>           63%] [Cov:======================>            63%]
[Progress:==================>           63%] [Cov:======================>            63%]
[Progress:==================>           63%] [Cov:======================>            63%]
[Progress:==================>           63%] [Cov:======================>            63%]
[Progress:==================>           63%] [Cov:======================>            63%]
[Progress:==================>           63%] [Cov:======================>            63%]
[Progress:==================>           63%] [Cov:======================>            63%]
[Progress:===================>          64%] [Cov:======================>            63%]
[Progress:===================>          64%] [Cov:======================>            63%]
[Progress:===================>          64%] [Cov:======================>            63%]
[Progress:===================>          64%] [Cov:======================>            63%]
[Progress:===================>          64%] [Cov:======================>            63%]
[Progress:===================>          64%] [Cov:======================>            63%]
[Progress:===================>          64%] [Cov:======================>            63%]
[Progress:===================>          64%] [Cov:======================>            63%]
[Progress:===================>          64%] [Cov:======================>            63%]
[Progress:===================>          64%] [Cov:======================>            63%]
[Progress:===================>          64%] [Cov:======================>            63%]
[Progress:===================>          65%] [Cov:======================>            63%]
[Progress:===================>          65%] [Cov:======================>            63%]
[Progress:===================>          65%] [Cov:======================>            63%]
[Progress:===================>          65%] [Cov:======================>            63%]
[Progress:===================>          65%] [Cov:======================>            63%]
[Progress:===================>          65%] [Cov:======================>            63%]
[Progress:===================>          65%] [Cov:======================>            63%]
[Progress:===================>          65%] [Cov:======================>            63%]
[Progress:===================>          65%] [Cov:======================>            63%]
[Progress:===================>          65%] [Cov:======================>            63%]
[Progress:===================>          65%] [Cov:======================>            63%]
[Progress:===================>          65%] [Cov:======================>            63%]
[Progress:===================>          65%] [Cov:======================>            63%]
[Progress:===================>          65%] [Cov:======================>            63%]
[Progress:===================>          65%] [Cov:======================>            63%]
[Progress:===================>          65%] [Cov:======================>            63%]
[Progress:===================>          65%] [Cov:======================>            64%]
[Progress:===================>          65%] [Cov:======================>            64%]
[Progress:===================>          65%] [Cov:======================>            64%]
[Progress:===================>          66%] [Cov:======================>            64%]
[Progress:===================>          66%] [Cov:======================>            64%]
[Progress:===================>          66%] [Cov:======================>            64%]
[Progress:===================>          66%] [Cov:======================>            64%]
[Progress:===================>          66%] [Cov:======================>            64%]
[Progress:===================>          66%] [Cov:======================>            64%]
[Progress:===================>          66%] [Cov:======================>            64%]
[Progress:===================>          66%] [Cov:======================>            64%]
[Progress:===================>          66%] [Cov:======================>            64%]
[Progress:===================>          66%] [Cov:======================>            64%]
[Progress:===================>          66%] [Cov:======================>            64%]
[Progress:===================>          66%] [Cov:======================>            64%]
[Progress:====================>         67%] [Cov:======================>            64%]
[Progress:====================>         67%] [Cov:======================>            64%]
[Progress:====================>         67%] [Cov:======================>            64%]
[Progress:====================>         67%] [Cov:======================>            64%]
[Progress:====================>         67%] [Cov:======================>            64%]
[Progress:====================>         67%] [Cov:======================>            64%]
[Progress:====================>         67%] [Cov:======================>            64%]
[Progress:====================>         67%] [Cov:======================>            64%]
[Progress:====================>         67%] [Cov:======================>            64%]
[Progress:====================>         67%] [Cov:======================>            64%]
[Progress:====================>         67%] [Cov:======================>            64%]
[Progress:====================>         68%] [Cov:======================>            64%]
[Progress:====================>         68%] [Cov:======================>            64%]
[Progress:====================>         68%] [Cov:======================>            64%]
[Progress:====================>         68%] [Cov:======================>            64%]
[Progress:=====================>        72%] [Cov:======================>            64%]
[Progress:=====================>        72%] [Cov:======================>            64%]
[Progress:=====================>        72%] [Cov:======================>            64%]
[Progress:=====================>        72%] [Cov:======================>            64%]
[Progress:=====================>        72%] [Cov:======================>            64%]
[Progress:=====================>        72%] [Cov:======================>            64%]
[Progress:=====================>        72%] [Cov:======================>            64%]
[Progress:=====================>        72%] [Cov:======================>            64%]
[Progress:=====================>        73%] [Cov:======================>            64%]
[Progress:=====================>        73%] [Cov:======================>            64%]
[Progress:=====================>        73%] [Cov:======================>            64%]
[Progress:=====================>        73%] [Cov:======================>            64%]
[Progress:=====================>        73%] [Cov:======================>            64%]
[Progress:=====================>        73%] [Cov:======================>            64%]
[Progress:=====================>        73%] [Cov:======================>            64%]
[Progress:=====================>        73%] [Cov:======================>            64%]
[Progress:=====================>        73%] [Cov:======================>            64%]
[Progress:=====================>        73%] [Cov:======================>            64%]
[Progress:=====================>        73%] [Cov:======================>            64%]
[Progress:======================>       74%] [Cov:======================>            64%]
[Progress:======================>       74%] [Cov:======================>            64%]
[Progress:======================>       74%] [Cov:======================>            64%]
[Progress:======================>       74%] [Cov:======================>            64%]
[Progress:======================>       74%] [Cov:======================>            64%]
[Progress:======================>       74%] [Cov:======================>            64%]
[Progress:======================>       74%] [Cov:======================>            64%]
[Progress:======================>       74%] [Cov:======================>            64%]
[Progress:======================>       74%] [Cov:======================>            64%]
[Progress:======================>       74%] [Cov:======================>            64%]
[Progress:======================>       74%] [Cov:======================>            64%]
[Progress:======================>       74%] [Cov:======================>            64%]
[Progress:======================>       75%] [Cov:======================>            64%]
[Progress:======================>       75%] [Cov:======================>            64%]
[Progress:======================>       75%] [Cov:======================>            64%]
[Progress:======================>       75%] [Cov:======================>            64%]
[Progress:======================>       75%] [Cov:======================>            64%]
[Progress:======================>       75%] [Cov:======================>            64%]
[Progress:======================>       75%] [Cov:======================>            64%]
[Progress:======================>       75%] [Cov:======================>            64%]
[Progress:======================>       75%] [Cov:======================>            64%]
[Progress:======================>       75%] [Cov:======================>            64%]
[Progress:======================>       75%] [Cov:======================>            64%]
[Progress:======================>       75%] [Cov:======================>            64%]
[Progress:======================>       75%] [Cov:======================>            64%]
[Progress:======================>       75%] [Cov:======================>            64%]
[Progress:======================>       75%] [Cov:======================>            64%]
[Progress:======================>       75%] [Cov:======================>            64%]
[Progress:======================>       75%] [Cov:======================>            64%]
[Progress:======================>       75%] [Cov:======================>            64%]
[Progress:======================>       75%] [Cov:======================>            64%]
[Progress:======================>       75%] [Cov:======================>            64%]
[Progress:======================>       75%] [Cov:======================>            64%]
[Progress:========================>     80%] [Cov:======================>            64%]
[Progress:========================>     80%] [Cov:======================>            64%]
[Progress:========================>     80%] [Cov:======================>            64%]
[Progress:========================>     80%] [Cov:======================>            64%]
[Progress:========================>     80%] [Cov:======================>            64%]
[Progress:========================>     80%] [Cov:======================>            64%]
[Progress:========================>     80%] [Cov:======================>            64%]
[Progress:========================>     80%] [Cov:======================>            64%]
[Progress:========================>     80%] [Cov:======================>            64%]
[Progress:========================>     80%] [Cov:======================>            64%]
[Progress:========================>     80%] [Cov:======================>            64%]
[Progress:========================>     80%] [Cov:======================>            64%]
[Progress:========================>     80%] [Cov:======================>            64%]
[Progress:========================>     80%] [Cov:======================>            64%]
[Progress:========================>     81%] [Cov:======================>            64%]
[Progress:========================>     81%] [Cov:======================>            64%]
[Progress:========================>     81%] [Cov:======================>            64%]
[Progress:========================>     81%] [Cov:======================>            64%]
[Progress:========================>     81%] [Cov:======================>            64%]
[Progress:========================>     81%] [Cov:======================>            64%]
[Progress:========================>     81%] [Cov:======================>            64%]
[Progress:========================>     81%] [Cov:======================>            64%]
[Progress:========================>     81%] [Cov:======================>            64%]
[Progress:========================>     81%] [Cov:======================>            64%]
[Progress:========================>     81%] [Cov:======================>            64%]
[Progress:========================>     82%] [Cov:======================>            64%]
[Progress:========================>     82%] [Cov:======================>            64%]
[Progress:========================>     82%] [Cov:======================>            64%]
[Progress:========================>     82%] [Cov:======================>            64%]
[Progress:========================>     82%] [Cov:======================>            64%]
[Progress:========================>     82%] [Cov:======================>            64%]
[Progress:========================>     82%] [Cov:======================>            64%]
[Progress:========================>     82%] [Cov:======================>            64%]
[Progress:========================>     82%] [Cov:======================>            64%]
[Progress:========================>     82%] [Cov:======================>            64%]
[Progress:========================>     82%] [Cov:======================>            64%]
[Progress:========================>     82%] [Cov:======================>            64%]
[Progress:========================>     83%] [Cov:======================>            64%]
[Progress:========================>     83%] [Cov:======================>            64%]
[Progress:========================>     83%] [Cov:======================>            64%]
[Progress:========================>     83%] [Cov:======================>            64%]
[Progress:========================>     83%] [Cov:======================>            64%]
[Progress:========================>     83%] [Cov:======================>            64%]
[Progress:========================>     83%] [Cov:======================>            64%]
[Progress:========================>     83%] [Cov:======================>            64%]
[Progress:========================>     83%] [Cov:======================>            64%]
[Progress:========================>     83%] [Cov:======================>            64%]
[Progress:=========================>    84%] [Cov:======================>            64%]
[Progress:=========================>    84%] [Cov:======================>            64%]
[Progress:=========================>    84%] [Cov:======================>            64%]
[Progress:=========================>    84%] [Cov:======================>            64%]
[Progress:=========================>    84%] [Cov:======================>            64%]
[Progress:=========================>    84%] [Cov:======================>            64%]
[Progress:=========================>    84%] [Cov:======================>            64%]
[Progress:=========================>    84%] [Cov:======================>            64%]
[Progress:=========================>    84%] [Cov:======================>            64%]
[Progress:=========================>    84%] [Cov:======================>            64%]
[Progress:=========================>    84%] [Cov:======================>            64%]
[Progress:=========================>    85%] [Cov:======================>            64%]
[Progress:=========================>    85%] [Cov:======================>            64%]
[Progress:=========================>    85%] [Cov:======================>            64%]
[Progress:=========================>    85%] [Cov:======================>            64%]
[Progress:=========================>    85%] [Cov:======================>            64%]
[Progress:=========================>    85%] [Cov:======================>            64%]
[Progress:=========================>    85%] [Cov:======================>            64%]
[Progress:=========================>    85%] [Cov:======================>            64%]
[Progress:=========================>    85%] [Cov:======================>            64%]
[Progress:=========================>    85%] [Cov:======================>            64%]
[Progress:=========================>    85%] [Cov:======================>            64%]
[Progress:=========================>    85%] [Cov:======================>            64%]
[Progress:=========================>    85%] [Cov:======================>            64%]
[Progress:=========================>    85%] [Cov:======================>            64%]
[Progress:=========================>    85%] [Cov:======================>            64%]
[Progress:=========================>    85%] [Cov:======================>            64%]
[Progress:=========================>    85%] [Cov:======================>            64%]
[Progress:=========================>    85%] [Cov:======================>            64%]
[Progress:=========================>    85%] [Cov:======================>            64%]
[Progress:=========================>    85%] [Cov:======================>            64%]
[Progress:===========================>  90%] [Cov:======================>            64%]
[Progress:===========================>  90%] [Cov:======================>            64%]
[Progress:===========================>  90%] [Cov:======================>            64%]
[Progress:===========================>  90%] [Cov:======================>            64%]
[Progress:===========================>  90%] [Cov:======================>            64%]
[Progress:===========================>  90%] [Cov:======================>            64%]
[Progress:===========================>  90%] [Cov:======================>            64%]
[Progress:===========================>  90%] [Cov:======================>            64%]
[Progress:===========================>  90%] [Cov:======================>            64%]
[Progress:===========================>  90%] [Cov:======================>            64%]
[Progress:===========================>  90%] [Cov:======================>            64%]
[Progress:===========================>  90%] [Cov:======================>            64%]
[Progress:===========================>  90%] [Cov:======================>            64%]
[Progress:===========================>  90%] [Cov:======================>            64%]
[Progress:===========================>  90%] [Cov:======================>            64%]
[Progress:===========================>  90%] [Cov:======================>            64%]
[Progress:===========================>  91%] [Cov:======================>            64%]
[Progress:===========================>  91%] [Cov:======================>            64%]
[Progress:===========================>  91%] [Cov:======================>            64%]
[Progress:===========================>  91%] [Cov:======================>            64%]
[Progress:===========================>  91%] [Cov:======================>            64%]
[Progress:===========================>  91%] [Cov:======================>            64%]
[Progress:===========================>  91%] [Cov:======================>            64%]
[Progress:===========================>  91%] [Cov:======================>            64%]
[Progress:===========================>  91%] [Cov:======================>            64%]
[Progress:===========================>  91%] [Cov:======================>            64%]
[Progress:===========================>  91%] [Cov:======================>            64%]
[Progress:===========================>  92%] [Cov:======================>            64%]
[Progress:===========================>  92%] [Cov:======================>            64%]
[Progress:===========================>  92%] [Cov:======================>            64%]
[Progress:===========================>  92%] [Cov:======================>            64%]
[Progress:===========================>  92%] [Cov:======================>            64%]
[Progress:===========================>  92%] [Cov:======================>            64%]
[Progress:===========================>  92%] [Cov:======================>            64%]
[Progress:===========================>  92%] [Cov:======================>            64%]
[Progress:===========================>  92%] [Cov:======================>            64%]
[Progress:===========================>  92%] [Cov:======================>            64%]
[Progress:===========================>  92%] [Cov:======================>            64%]
[Progress:===========================>  93%] [Cov:======================>            64%]
[Progress:===========================>  93%] [Cov:======================>            64%]
[Progress:===========================>  93%] [Cov:======================>            64%]
[Progress:===========================>  93%] [Cov:======================>            64%]
[Progress:===========================>  93%] [Cov:======================>            64%]
[Progress:===========================>  93%] [Cov:======================>            64%]
[Progress:===========================>  93%] [Cov:======================>            64%]
[Progress:===========================>  93%] [Cov:======================>            64%]
[Progress:===========================>  93%] [Cov:======================>            64%]
[Progress:===========================>  93%] [Cov:======================>            64%]
[Progress:===========================>  93%] [Cov:======================>            64%]
[Progress:===========================>  93%] [Cov:======================>            64%]
[Progress:============================> 94%] [Cov:======================>            64%]
[Progress:============================> 94%] [Cov:======================>            64%]
[Progress:============================> 94%] [Cov:======================>            64%]
[Progress:============================> 94%] [Cov:======================>            64%]
[Progress:============================> 94%] [Cov:======================>            64%]
[Progress:=============================>98%] [Cov:======================>            64%]
[Progress:=============================>98%] [Cov:======================>            64%]
[Progress:=============================>98%] [Cov:======================>            64%]
[Progress:=============================>98%] [Cov:======================>            64%]
[Progress:=============================>98%] [Cov:======================>            64%]
[Progress:=============================>98%] [Cov:=======================>           67%]
[Progress:=============================>98%] [Cov:========================>          69%]
[Progress:=============================>98%] [Cov:========================>          69%]
[Progress:=============================>98%] [Cov:========================>          69%]
[Progress:=============================>98%] [Cov:========================>          69%]
[Progress:=============================>99%] [Cov:========================>          69%]
[Progress:=============================>99%] [Cov:========================>          69%]
[Progress:=============================>99%] [Cov:========================>          69%]
[Progress:=============================>99%] [Cov:========================>          69%]
[Progress:=============================>99%] [Cov:========================>          69%]
[Progress:=============================>99%] [Cov:========================>          69%]
[Progress:=============================>99%] [Cov:========================>          69%]
[Progress:=============================>99%] [Cov:========================>          69%]
[Progress:=============================>99%] [Cov:========================>          69%]
[Progress:=============================>99%] [Cov:========================>          69%]
[Progress:=============================>99%] [Cov:========================>          69%]
[Progress:=============================>99%] [Cov:========================>          69%]
[Progress:=============================>99%] [Cov:========================>          69%]
[Progress:==============================100%] [Cov:========================>          69%]
[Progress:==============================100%] [Cov:========================>          69%]
* Search finished after 125s and 866 generations, 342910 statements, best individual has fitness: 67.45119047619048
* Minimizing test suite
* Going to analyze the coverage criteria
* Coverage analysis for criterion LINE
* Coverage of criterion LINE: 60%
* Total number of goals: 98
* Number of covered goals: 59
* Coverage analysis for criterion BRANCH
* Coverage of criterion BRANCH: 49%
* Total number of goals: 74
* Number of covered goals: 36
* Coverage analysis for criterion EXCEPTION
* Coverage of criterion EXCEPTION: 83%
* Total number of goals: 6
* Number of covered goals: 5
* Generated 13 tests with total length 81
* Resulting test suite's coverage: 70% (average coverage for all fitness functions)
* Generating assertions
* Resulting test suite's mutation score: 10%
* Compiling and checking tests
* Permissions denied during test execution: 
  - java.lang.RuntimePermission: 
         getStackWalkerWithClassReference: 1
         writeFileDescriptor: 2
* Writing tests to file
* Writing JUnit test case 'SyntacticScopeCreator_ESTest' to /work/evo_out/Closure_153f/budget120_seed1/tests
* Done!

* Computation finished

[exit=0 timeout=False time=144.2s]

$ javac -nowarn -cp /work/Closure_153f/build/classes:/opt/defects4j/framework/projects/lib/junit-4.12-hamcrest-1.3.jar:/work/Closure_153f/build/classes:/work/Closure_153f/lib/ant-launcher.jar:/work/Closure_153f/lib/ant.jar:/work/Closure_153f/lib/args4j.jar:/work/Closure_153f/lib/guava.jar:/work/Closure_153f/lib/json.jar:/work/Closure_153f/lib/jsr305.jar:/work/Closure_153f/lib/libtrunk_rhino_parser_jarjared.jar:/work/Closure_153f/lib/protobuf-java.jar:/work/Closure_153f/build/test:/opt/evosuite/evosuite-standalone-runtime-1.2.0.jar -d /work/evo_out/Closure_153f/budget120_seed1/classes /work/evo_out/Closure_153f/budget120_seed1/tests/com/google/javascript/jscomp/Normalize_ESTest.java /work/evo_out/Closure_153f/budget120_seed1/tests/com/google/javascript/jscomp/Normalize_ESTest_scaffolding.java /work/evo_out/Closure_153f/budget120_seed1/tests/com/google/javascript/jscomp/SyntacticScopeCreator_ESTest.java /work/evo_out/Closure_153f/budget120_seed1/tests/com/google/javascript/jscomp/SyntacticScopeCreator_ESTest_scaffolding.java

[exit=0 timeout=False time=0.7s]

$ java -jar /opt/jacoco/lib/jacococli.jar instrument /work/Closure_153f/build/classes --dest /work/evo_out/Closure_153f/budget120_seed1/instrumented
[INFO] 1152 classes instrumented to /work/evo_out/Closure_153f/budget120_seed1/instrumented.

[exit=0 timeout=False time=0.8s]

$ java -Djacoco-agent.destfile=/workspace/EvoSuite/Result_Round2/Closure_153/budget120_seed1/jacoco.exec -cp /work/evo_out/Closure_153f/budget120_seed1/instrumented:/work/evo_out/Closure_153f/budget120_seed1/classes:/opt/defects4j/framework/projects/lib/junit-4.12-hamcrest-1.3.jar:/work/Closure_153f/build/classes:/work/Closure_153f/lib/ant-launcher.jar:/work/Closure_153f/lib/ant.jar:/work/Closure_153f/lib/args4j.jar:/work/Closure_153f/lib/guava.jar:/work/Closure_153f/lib/json.jar:/work/Closure_153f/lib/jsr305.jar:/work/Closure_153f/lib/libtrunk_rhino_parser_jarjared.jar:/work/Closure_153f/lib/protobuf-java.jar:/work/Closure_153f/build/test:/opt/evosuite/evosuite-standalone-runtime-1.2.0.jar:/opt/jacoco/lib/jacocoagent.jar org.junit.runner.JUnitCore com.google.javascript.jscomp.Normalize_ESTest com.google.javascript.jscomp.SyntacticScopeCreator_ESTest
JUnit version 4.12
..................E...............
Time: 2.478
There was 1 failure:
1) test18(com.google.javascript.jscomp.Normalize_ESTest)
java.lang.ExceptionInInitializerError
	at java.logging/java.util.logging.LogRecord.inferCaller(LogRecord.java:683)
	at java.logging/java.util.logging.LogRecord.getSourceClassName(LogRecord.java:352)
	at java.logging/java.util.logging.SimpleFormatter.format(SimpleFormatter.java:160)
	at java.logging/java.util.logging.StreamHandler.publish(StreamHandler.java:199)
	at java.logging/java.util.logging.ConsoleHandler.publish(ConsoleHandler.java:95)
	at java.logging/java.util.logging.Logger.log(Logger.java:979)
	at java.logging/java.util.logging.Logger.doLog(Logger.java:1006)
	at java.logging/java.util.logging.Logger.log(Logger.java:1029)
	at java.logging/java.util.logging.Logger.info(Logger.java:1802)
	at com.google.javascript.jscomp.parsing.ParserRunner.parse(ParserRunner.java:108)
	at com.google.javascript.jscomp.JsAst.parse(JsAst.java:88)
	at com.google.javascript.jscomp.JsAst.createAst(JsAst.java:77)
	at com.google.javascript.jscomp.JsAst.getAstRoot(JsAst.java:50)
	at com.google.javascript.jscomp.CompilerInput.getAstRoot(CompilerInput.java:102)
	at com.google.javascript.jscomp.Compiler.parseTestCode(Compiler.java:1245)
	at com.google.javascript.jscomp.Normalize.parseAndNormalizeTestCode(Normalize.java:100)
	at com.google.javascript.jscomp.Normalize_ESTest.test18(Normalize_ESTest.java:345)
	at java.base/jdk.internal.reflect.NativeMethodAccessorImpl.invoke0(Native Method)
	at java.base/jdk.internal.reflect.NativeMethodAccessorImpl.invoke(NativeMethodAccessorImpl.java:62)
	at java.base/jdk.internal.reflect.DelegatingMethodAccessorImpl.invoke(DelegatingMethodAccessorImpl.java:43)
	at java.base/java.lang.reflect.Method.invoke(Method.java:566)
	at org.junit.runners.model.FrameworkMethod$1.runReflectiveCall(FrameworkMethod.java:50)
	at org.junit.internal.runners.model.ReflectiveCallable.run(ReflectiveCallable.java:12)
	at org.junit.runners.model.FrameworkMethod.invokeExplosively(FrameworkMethod.java:47)
	at org.junit.internal.runners.statements.InvokeMethod.evaluate(InvokeMethod.java:17)
	at org.junit.internal.runners.statements.FailOnTimeout$CallableStatement.call(FailOnTimeout.java:298)
	at org.junit.internal.runners.statements.FailOnTimeout$CallableStatement.call(FailOnTimeout.java:292)
	at java.base/java.util.concurrent.FutureTask.run(FutureTask.java:264)
	at java.base/java.lang.Thread.run(Thread.java:829)
Caused by: java.lang.SecurityException: Security manager blocks ("java.lang.RuntimePermission" "getStackWalkerWithClassReference")
java.base/java.lang.Thread.getStackTrace(Thread.java:1602)
org.evosuite.runtime.sandbox.MSecurityManager.checkPermission(MSecurityManager.java:424)
java.base/java.lang.StackWalker.checkPermission(StackWalker.java:424)
java.base/java.lang.StackWalker.getInstance(StackWalker.java:365)
java.base/java.lang.StackWalker.getInstance(StackWalker.java:336)
java.logging/java.util.logging.LogRecord$CallerFinder.lambda$static$0(LogRecord.java:700)
java.base/java.security.AccessController.doPrivileged(Native Method)
java.logging/java.util.logging.LogRecord$CallerFinder.<clinit>(LogRecord.java:701)
java.logging/java.util.logging.LogRecord.inferCaller(LogRecord.java:683)
java.logging/java.util.logging.LogRecord.getSourceClassName(LogRecord.java:352)
java.logging/java.util.logging.SimpleFormatter.format(SimpleFormatter.java:160)
java.logging/java.util.logging.StreamHandler.publish(StreamHandler.java:199)
java.logging/java.util.logging.ConsoleHandler.publish(ConsoleHandler.java:95)
java.logging/java.util.logging.Logger.log(Logger.java:979)
java.logging/java.util.logging.Logger.doLog(Logger.java:1006)
java.logging/java.util.logging.Logger.log(Logger.java:1029)
java.logging/java.util.logging.Logger.info(Logger.java:1802)
com.google.javascript.jscomp.parsing.ParserRunner.parse(ParserRunner.java:108)
com.google.javascript.jscomp.JsAst.parse(JsAst.java:88)
com.google.javascript.jscomp.JsAst.createAst(JsAst.java:77)
com.google.javascript.jscomp.JsAst.getAstRoot(JsAst.java:50)
com.google.javascript.jscomp.CompilerInput.getAstRoot(CompilerInput.java:102)
com.google.javascript.jscomp.Compiler.parseTestCode(Compiler.java:1245)
com.google.javascript.jscomp.Normalize.parseAndNormalizeTestCode(Normalize.java:100)
com.google.javascript.jscomp.Normalize_ESTest.test18(Normalize_ESTest.java:345)
java.base/jdk.internal.reflect.NativeMethodAccessorImpl.invoke0(Native Method)
java.base/jdk.internal.reflect.NativeMethodAccessorImpl.invoke(NativeMethodAccessorImpl.java:62)
java.base/jdk.internal.reflect.DelegatingMethodAccessorImpl.invoke(DelegatingMethodAccessorImpl.java:43)
java.base/java.lang.reflect.Method.invoke(Method.java:566)
org.junit.runners.model.FrameworkMethod$1.runReflectiveCall(FrameworkMethod.java:50)
org.junit.internal.runners.model.ReflectiveCallable.run(ReflectiveCallable.java:12)
org.junit.runners.model.FrameworkMethod.invokeExplosively(FrameworkMethod.java:47)
org.junit.internal.runners.statements.InvokeMethod.evaluate(InvokeMethod.java:17)
org.junit.internal.runners.statements.FailOnTimeout$CallableStatement.call(FailOnTimeout.java:298)
org.junit.internal.runners.statements.FailOnTimeout$CallableStatement.call(FailOnTimeout.java:292)
java.base/java.util.concurrent.FutureTask.run(FutureTask.java:264)
java.base/java.lang.Thread.run(Thread.java:829)

	at org.evosuite.runtime.sandbox.MSecurityManager.checkPermission(MSecurityManager.java:436)
	at java.base/java.lang.StackWalker.checkPermission(StackWalker.java:424)
	at java.base/java.lang.StackWalker.getInstance(StackWalker.java:365)
	at java.base/java.lang.StackWalker.getInstance(StackWalker.java:336)
	at java.logging/java.util.logging.LogRecord$CallerFinder.lambda$static$0(LogRecord.java:700)
	at java.base/java.security.AccessController.doPrivileged(Native Method)
	at java.logging/java.util.logging.LogRecord$CallerFinder.<clinit>(LogRecord.java:701)
	... 29 more

FAILURES!!!
Tests run: 33,  Failures: 1

SLF4J: Failed to load class "org.slf4j.impl.StaticLoggerBinder".
SLF4J: Defaulting to no-operation (NOP) logger implementation
SLF4J: See http://www.slf4j.org/codes.html#StaticLoggerBinder for further details.
WARNING: An illegal reflective access operation has occurred
WARNING: Illegal reflective access by org.evosuite.runtime.GuiSupport (file:/opt/evosuite/evosuite-standalone-runtime-1.2.0.jar) to field java.awt.GraphicsEnvironment.headless
WARNING: Please consider reporting this to the maintainers of org.evosuite.runtime.GuiSupport
WARNING: Use --illegal-access=warn to enable warnings of further illegal reflective access operations
WARNING: All illegal access operations will be denied in a future release
com.google.javascript.jscomp.mozilla.rhino.Kit.codeBug(Kit.java:449)
<evosuite>.<evosuite>(<evosuite>)
<evosuite>.<evosuite>(<evosuite>)
<evosuite>.<evosuite>(<evosuite>)
<evosuite>.<evosuite>(<evosuite>)
<evosuite>.<evosuite>(<evosuite>)

[exit=1 timeout=False time=4.1s]

$ java -jar /opt/jacoco/lib/jacococli.jar report /workspace/EvoSuite/Result_Round2/Closure_153/budget120_seed1/jacoco.exec --classfiles /work/Closure_153f/build/classes --csv /workspace/EvoSuite/Result_Round2/Closure_153/budget120_seed1/jacoco.csv
[INFO] Loading execution data file /workspace/EvoSuite/Result_Round2/Closure_153/budget120_seed1/jacoco.exec.
[INFO] Analyzing 987 classes.

[exit=0 timeout=False time=0.6s]

$ java -cp /work/evo_out/Closure_153f/budget120_seed1/classes:/opt/defects4j/framework/projects/lib/junit-4.12-hamcrest-1.3.jar:/work/Closure_153b/build/classes:/work/Closure_153b/lib/ant-launcher.jar:/work/Closure_153b/lib/ant.jar:/work/Closure_153b/lib/args4j.jar:/work/Closure_153b/lib/guava.jar:/work/Closure_153b/lib/json.jar:/work/Closure_153b/lib/jsr305.jar:/work/Closure_153b/lib/libtrunk_rhino_parser_jarjared.jar:/work/Closure_153b/lib/protobuf-java.jar:/work/Closure_153b/build/test:/opt/evosuite/evosuite-standalone-runtime-1.2.0.jar org.junit.runner.JUnitCore com.google.javascript.jscomp.Normalize_ESTest com.google.javascript.jscomp.SyntacticScopeCreator_ESTest
JUnit version 4.12
..................E...........E....
Time: 2.409
There were 2 failures:
1) test18(com.google.javascript.jscomp.Normalize_ESTest)
java.lang.ExceptionInInitializerError
	at java.logging/java.util.logging.LogRecord.inferCaller(LogRecord.java:683)
	at java.logging/java.util.logging.LogRecord.getSourceClassName(LogRecord.java:352)
	at java.logging/java.util.logging.SimpleFormatter.format(SimpleFormatter.java:160)
	at java.logging/java.util.logging.StreamHandler.publish(StreamHandler.java:199)
	at java.logging/java.util.logging.ConsoleHandler.publish(ConsoleHandler.java:95)
	at java.logging/java.util.logging.Logger.log(Logger.java:979)
	at java.logging/java.util.logging.Logger.doLog(Logger.java:1006)
	at java.logging/java.util.logging.Logger.log(Logger.java:1029)
	at java.logging/java.util.logging.Logger.info(Logger.java:1802)
	at com.google.javascript.jscomp.parsing.ParserRunner.parse(ParserRunner.java:108)
	at com.google.javascript.jscomp.JsAst.parse(JsAst.java:88)
	at com.google.javascript.jscomp.JsAst.createAst(JsAst.java:77)
	at com.google.javascript.jscomp.JsAst.getAstRoot(JsAst.java:50)
	at com.google.javascript.jscomp.CompilerInput.getAstRoot(CompilerInput.java:102)
	at com.google.javascript.jscomp.Compiler.parseTestCode(Compiler.java:1245)
	at com.google.javascript.jscomp.Normalize.parseAndNormalizeTestCode(Normalize.java:100)
	at com.google.javascript.jscomp.Normalize_ESTest.test18(Normalize_ESTest.java:345)
	at java.base/jdk.internal.reflect.NativeMethodAccessorImpl.invoke0(Native Method)
	at java.base/jdk.internal.reflect.NativeMethodAccessorImpl.invoke(NativeMethodAccessorImpl.java:62)
	at java.base/jdk.internal.reflect.DelegatingMethodAccessorImpl.invoke(DelegatingMethodAccessorImpl.java:43)
	at java.base/java.lang.reflect.Method.invoke(Method.java:566)
	at org.junit.runners.model.FrameworkMethod$1.runReflectiveCall(FrameworkMethod.java:50)
	at org.junit.internal.runners.model.ReflectiveCallable.run(ReflectiveCallable.java:12)
	at org.junit.runners.model.FrameworkMethod.invokeExplosively(FrameworkMethod.java:47)
	at org.junit.internal.runners.statements.InvokeMethod.evaluate(InvokeMethod.java:17)
	at org.junit.internal.runners.statements.FailOnTimeout$CallableStatement.call(FailOnTimeout.java:298)
	at org.junit.internal.runners.statements.FailOnTimeout$CallableStatement.call(FailOnTimeout.java:292)
	at java.base/java.util.concurrent.FutureTask.run(FutureTask.java:264)
	at java.base/java.lang.Thread.run(Thread.java:829)
Caused by: java.lang.SecurityException: Security manager blocks ("java.lang.RuntimePermission" "getStackWalkerWithClassReference")
java.base/java.lang.Thread.getStackTrace(Thread.java:1602)
org.evosuite.runtime.sandbox.MSecurityManager.checkPermission(MSecurityManager.java:424)
java.base/java.lang.StackWalker.checkPermission(StackWalker.java:424)
java.base/java.lang.StackWalker.getInstance(StackWalker.java:365)
java.base/java.lang.StackWalker.getInstance(StackWalker.java:336)
java.logging/java.util.logging.LogRecord$CallerFinder.lambda$static$0(LogRecord.java:700)
java.base/java.security.AccessController.doPrivileged(Native Method)
java.logging/java.util.logging.LogRecord$CallerFinder.<clinit>(LogRecord.java:701)
java.logging/java.util.logging.LogRecord.inferCaller(LogRecord.java:683)
java.logging/java.util.logging.LogRecord.getSourceClassName(LogRecord.java:352)
java.logging/java.util.logging.SimpleFormatter.format(SimpleFormatter.java:160)
java.logging/java.util.logging.StreamHandler.publish(StreamHandler.java:199)
java.logging/java.util.logging.ConsoleHandler.publish(ConsoleHandler.java:95)
java.logging/java.util.logging.Logger.log(Logger.java:979)
java.logging/java.util.logging.Logger.doLog(Logger.java:1006)
java.logging/java.util.logging.Logger.log(Logger.java:1029)
java.logging/java.util.logging.Logger.info(Logger.java:1802)
com.google.javascript.jscomp.parsing.ParserRunner.parse(ParserRunner.java:108)
com.google.javascript.jscomp.JsAst.parse(JsAst.java:88)
com.google.javascript.jscomp.JsAst.createAst(JsAst.java:77)
com.google.javascript.jscomp.JsAst.getAstRoot(JsAst.java:50)
com.google.javascript.jscomp.CompilerInput.getAstRoot(CompilerInput.java:102)
com.google.javascript.jscomp.Compiler.parseTestCode(Compiler.java:1245)
com.google.javascript.jscomp.Normalize.parseAndNormalizeTestCode(Normalize.java:100)
com.google.javascript.jscomp.Normalize_ESTest.test18(Normalize_ESTest.java:345)
java.base/jdk.internal.reflect.NativeMethodAccessorImpl.invoke0(Native Method)
java.base/jdk.internal.reflect.NativeMethodAccessorImpl.invoke(NativeMethodAccessorImpl.java:62)
java.base/jdk.internal.reflect.DelegatingMethodAccessorImpl.invoke(DelegatingMethodAccessorImpl.java:43)
java.base/java.lang.reflect.Method.invoke(Method.java:566)
org.junit.runners.model.FrameworkMethod$1.runReflectiveCall(FrameworkMethod.java:50)
org.junit.internal.runners.model.ReflectiveCallable.run(ReflectiveCallable.java:12)
org.junit.runners.model.FrameworkMethod.invokeExplosively(FrameworkMethod.java:47)
org.junit.internal.runners.statements.InvokeMethod.evaluate(InvokeMethod.java:17)
org.junit.internal.runners.statements.FailOnTimeout$CallableStatement.call(FailOnTimeout.java:298)
org.junit.internal.runners.statements.FailOnTimeout$CallableStatement.call(FailOnTimeout.java:292)
java.base/java.util.concurrent.FutureTask.run(FutureTask.java:264)
java.base/java.lang.Thread.run(Thread.java:829)

	at org.evosuite.runtime.sandbox.MSecurityManager.checkPermission(MSecurityManager.java:436)
	at java.base/java.lang.StackWalker.checkPermission(StackWalker.java:424)
	at java.base/java.lang.StackWalker.getInstance(StackWalker.java:365)
	at java.base/java.lang.StackWalker.getInstance(StackWalker.java:336)
	at java.logging/java.util.logging.LogRecord$CallerFinder.lambda$static$0(LogRecord.java:700)
	at java.base/java.security.AccessController.doPrivileged(Native Method)
	at java.logging/java.util.logging.LogRecord$CallerFinder.<clinit>(LogRecord.java:701)
	... 29 more
2) test04(com.google.javascript.jscomp.SyntacticScopeCreator_ESTest)
java.lang.UnsupportedOperationException: NAME is not a string node
	at com.google.javascript.rhino.Node.getString(Node.java:892)
	at com.google.javascript.jscomp.SyntacticScopeCreator.scanVars(SyntacticScopeCreator.java:153)
	at com.google.javascript.jscomp.SyntacticScopeCreator.scanRoot(SyntacticScopeCreator.java:110)
	at com.google.javascript.jscomp.SyntacticScopeCreator.createScope(SyntacticScopeCreator.java:74)
	at com.google.javascript.jscomp.SyntacticScopeCreator_ESTest.test04(SyntacticScopeCreator_ESTest.java:118)
	at java.base/jdk.internal.reflect.NativeMethodAccessorImpl.invoke0(Native Method)
	at java.base/jdk.internal.reflect.NativeMethodAccessorImpl.invoke(NativeMethodAccessorImpl.java:62)
	at java.base/jdk.internal.reflect.DelegatingMethodAccessorImpl.invoke(DelegatingMethodAccessorImpl.java:43)
	at java.base/java.lang.reflect.Method.invoke(Method.java:566)
	at org.junit.runners.model.FrameworkMethod$1.runReflectiveCall(FrameworkMethod.java:50)
	at org.junit.internal.runners.model.ReflectiveCallable.run(ReflectiveCallable.java:12)
	at org.junit.runners.model.FrameworkMethod.invokeExplosively(FrameworkMethod.java:47)
	at org.junit.internal.runners.statements.InvokeMethod.evaluate(InvokeMethod.java:17)
	at org.junit.internal.runners.statements.FailOnTimeout$CallableStatement.call(FailOnTimeout.java:298)
	at org.junit.internal.runners.statements.FailOnTimeout$CallableStatement.call(FailOnTimeout.java:292)
	at java.base/java.util.concurrent.FutureTask.run(FutureTask.java:264)
	at java.base/java.lang.Thread.run(Thread.java:829)

FAILURES!!!
Tests run: 33,  Failures: 2

SLF4J: Failed to load class "org.slf4j.impl.StaticLoggerBinder".
SLF4J: Defaulting to no-operation (NOP) logger implementation
SLF4J: See http://www.slf4j.org/codes.html#StaticLoggerBinder for further details.
WARNING: An illegal reflective access operation has occurred
WARNING: Illegal reflective access by org.evosuite.runtime.GuiSupport (file:/opt/evosuite/evosuite-standalone-runtime-1.2.0.jar) to field java.awt.GraphicsEnvironment.headless
WARNING: Please consider reporting this to the maintainers of org.evosuite.runtime.GuiSupport
WARNING: Use --illegal-access=warn to enable warnings of further illegal reflective access operations
WARNING: All illegal access operations will be denied in a future release
com.google.javascript.jscomp.mozilla.rhino.Kit.codeBug(Kit.java:449)
<evosuite>.<evosuite>(<evosuite>)
<evosuite>.<evosuite>(<evosuite>)
<evosuite>.<evosuite>(<evosuite>)
<evosuite>.<evosuite>(<evosuite>)
<evosuite>.<evosuite>(<evosuite>)

[exit=1 timeout=False time=2.8s]
