
$ defects4j compile -w /work/Lang_28f
Running ant (compile)...................................................... OK
Running ant (compile.tests)................................................ OK

[exit=0 timeout=False time=0.9s]

$ defects4j compile -w /work/Lang_28b
Running ant (compile)...................................................... OK
Running ant (compile.tests)................................................ OK

[exit=0 timeout=False time=0.9s]

$ java -jar /opt/evosuite/evosuite-1.2.0.jar -generateSuite -class org.apache.commons.lang3.text.translate.NumericEntityUnescaper -projectCP /work/Lang_28f/target/classes:/work/Lang_28f/target/classes -Dcriterion=LINE:BRANCH:EXCEPTION -Dsearch_budget=120 -seed 1 -Dtest_dir=/work/evo_out/Lang_28f/budget120_seed1/tests -Dreport_dir=/work/evo_out/Lang_28f/budget120_seed1/report
* EvoSuite 1.2.0
* Going to generate test cases for class: org.apache.commons.lang3.text.translate.NumericEntityUnescaper
* Starting Client-0
* Connecting to master process on port 9922
* Analyzing classpath: 
  - /work/Lang_28f/target/classes
  - /work/Lang_28f/target/classes
* Finished analyzing classpath
* Generating tests for class org.apache.commons.lang3.text.translate.NumericEntityUnescaper
* Test criteria:
  - Line Coverage
  - Branch Coverage
  - Exception
* Setting up search algorithm for whole suite generation
* Total number of test goals: 
  - Line 25
  - Branch 17

[Progress:>                             0%] [Cov:>                                  0%]  - Exception 0
* Using seed 1
* Starting evolution

[Progress:>                             0%] [Cov:=>                                 4%]
[Progress:>                             0%] [Cov:==>                                7%]
[Progress:>                             0%] [Cov:==============>                    41%]
[Progress:>                             0%] [Cov:==============>                    41%]
[Progress:>                             0%] [Cov:==============>                    41%]
[Progress:>                             0%] [Cov:==============>                    41%]
[Progress:>                             0%] [Cov:==============>                    41%]
[Progress:>                             1%] [Cov:==============>                    41%]
[Progress:>                             1%] [Cov:==============>                    41%]
[Progress:>                             1%] [Cov:==============>                    41%]
[Progress:>                             1%] [Cov:==============>                    41%]
[Progress:>                             1%] [Cov:==============>                    41%]
[Progress:>                             1%] [Cov:==============>                    41%]
[Progress:>                             1%] [Cov:==============>                    41%]
[Progress:>                             1%] [Cov:==============>                    41%]
[Progress:>                             1%] [Cov:==============>                    41%]
[Progress:>                             1%] [Cov:==============>                    41%]
[Progress:>                             1%] [Cov:==============>                    41%]
[Progress:>                             2%] [Cov:==============>                    41%]
[Progress:>                             2%] [Cov:==============>                    41%]
[Progress:>                             2%] [Cov:==============>                    41%]
[Progress:>                             2%] [Cov:==============>                    41%]
[Progress:>                             3%] [Cov:==============>                    41%]
[Progress:>                             3%] [Cov:==============>                    41%]
[Progress:>                             3%] [Cov:==============>                    41%]
[Progress:>                             3%] [Cov:==============>                    41%]
[Progress:=>                            4%] [Cov:==============>                    41%]
[Progress:=>                            4%] [Cov:==============>                    41%]
[Progress:=>                            4%] [Cov:==============>                    41%]
[Progress:=>                            4%] [Cov:==============>                    41%]
[Progress:=>                            4%] [Cov:==============>                    41%]
[Progress:=>                            4%] [Cov:==============>                    41%]
[Progress:=>                            4%] [Cov:==============>                    41%]
[Progress:=>                            4%] [Cov:==============>                    41%]
[Progress:=>                            4%] [Cov:==============>                    41%]
[Progress:=>                            4%] [Cov:==============>                    41%]
[Progress:=>                            4%] [Cov:==============>                    41%]
[Progress:=>                            4%] [Cov:==============>                    41%]
[Progress:=>                            4%] [Cov:==============>                    41%]
[Progress:=>                            4%] [Cov:==============>                    41%]
[Progress:=>                            4%] [Cov:==============>                    41%]
[Progress:=>                            5%] [Cov:==============>                    41%]
[Progress:=>                            5%] [Cov:==============>                    41%]
[Progress:=>                            5%] [Cov:==============>                    41%]
[Progress:=>                            5%] [Cov:==============>                    41%]
[Progress:=>                            5%] [Cov:==============>                    41%]
[Progress:=>                            5%] [Cov:==============>                    41%]
[Progress:=>                            5%] [Cov:==============>                    41%]
[Progress:=>                            5%] [Cov:==============>                    41%]
[Progress:=>                            5%] [Cov:==============>                    41%]
[Progress:=>                            5%] [Cov:==============>                    41%]
[Progress:=>                            5%] [Cov:==============>                    41%]
[Progress:=>                            5%] [Cov:==============>                    41%]
[Progress:=>                            5%] [Cov:==============>                    41%]
[Progress:=>                            5%] [Cov:==============>                    41%]
[Progress:=>                            5%] [Cov:==============>                    41%]
[Progress:=>                            5%] [Cov:==============>                    41%]
[Progress:=>                            5%] [Cov:==============>                    41%]
[Progress:=>                            5%] [Cov:==============>                    41%]
[Progress:=>                            5%] [Cov:==============>                    41%]
[Progress:=>                            5%] [Cov:==============>                    41%]
[Progress:=>                            5%] [Cov:==============>                    41%]
[Progress:=>                            5%] [Cov:==============>                    41%]
[Progress:=>                            5%] [Cov:==============>                    41%]
[Progress:=>                            5%] [Cov:==============>                    41%]
[Progress:=>                            5%] [Cov:==============>                    41%]
[Progress:=>                            5%] [Cov:==============>                    41%]
[Progress:=>                            5%] [Cov:==============>                    41%]
[Progress:=>                            5%] [Cov:==============>                    41%]
[Progress:=>                            5%] [Cov:==============>                    41%]
[Progress:=>                            5%] [Cov:==============>                    41%]
[Progress:=>                            5%] [Cov:==============>                    41%]
[Progress:=>                            5%] [Cov:==============>                    41%]
[Progress:=>                            5%] [Cov:==============>                    41%]
[Progress:=>                            5%] [Cov:==============>                    41%]
[Progress:=>                            5%] [Cov:==============>                    41%]
[Progress:=>                            5%] [Cov:==============>                    41%]
[Progress:=>                            5%] [Cov:==============>                    41%]
[Progress:=>                            5%] [Cov:==============>                    41%]
[Progress:=>                            5%] [Cov:==============>                    41%]
[Progress:=>                            5%] [Cov:===============>                   45%]
[Progress:=>                            5%] [Cov:===============>                   45%]
[Progress:=>                            5%] [Cov:===============>                   45%]
[Progress:=>                            5%] [Cov:===============>                   45%]
[Progress:=>                            5%] [Cov:===============>                   45%]
[Progress:=>                            5%] [Cov:===============>                   45%]
[Progress:=>                            5%] [Cov:===============>                   45%]
[Progress:=>                            6%] [Cov:===============>                   45%]
[Progress:=>                            6%] [Cov:===============>                   45%]
[Progress:=>                            6%] [Cov:===============>                   45%]
[Progress:=>                            6%] [Cov:===============>                   45%]
[Progress:=>                            6%] [Cov:===============>                   45%]
[Progress:=>                            6%] [Cov:===============>                   45%]
[Progress:=>                            6%] [Cov:===============>                   45%]
[Progress:=>                            6%] [Cov:===============>                   45%]
[Progress:=>                            6%] [Cov:===============>                   45%]
[Progress:=>                            6%] [Cov:===============>                   45%]
[Progress:=>                            6%] [Cov:===============>                   45%]
[Progress:=>                            6%] [Cov:===============>                   45%]
[Progress:=>                            6%] [Cov:===============>                   45%]
[Progress:=>                            6%] [Cov:===============>                   45%]
[Progress:=>                            6%] [Cov:===============>                   45%]
[Progress:=>                            6%] [Cov:===============>                   45%]
[Progress:=>                            6%] [Cov:===============>                   45%]
[Progress:=>                            6%] [Cov:===============>                   45%]
[Progress:=>                            6%] [Cov:===============>                   45%]
[Progress:==>                           7%] [Cov:===============>                   45%]
[Progress:==>                           7%] [Cov:===============>                   45%]
[Progress:==>                           7%] [Cov:===============>                   45%]
[Progress:==>                           7%] [Cov:===============>                   45%]
[Progress:==>                           7%] [Cov:===============>                   45%]
[Progress:==>                           7%] [Cov:===============>                   45%]
[Progress:==>                           7%] [Cov:===============>                   45%]
[Progress:==>                           7%] [Cov:===============>                   45%]
[Progress:==>                           7%] [Cov:===============>                   45%]
[Progress:==>                           7%] [Cov:===============>                   45%]
[Progress:==>                           7%] [Cov:===============>                   45%]
[Progress:==>                           7%] [Cov:===============>                   45%]
[Progress:==>                           7%] [Cov:===============>                   45%]
[Progress:==>                           7%] [Cov:===============>                   45%]
[Progress:==>                           7%] [Cov:===============>                   45%]
[Progress:==>                           7%] [Cov:===============>                   45%]
[Progress:==>                           7%] [Cov:===============>                   45%]
[Progress:==>                           7%] [Cov:===============>                   45%]
[Progress:==>                           7%] [Cov:===============>                   45%]
[Progress:==>                           7%] [Cov:===============>                   45%]
[Progress:==>                           7%] [Cov:===============>                   45%]
[Progress:==>                           7%] [Cov:===============>                   45%]
[Progress:==>                           8%] [Cov:===============>                   45%]
[Progress:==>                           8%] [Cov:===============>                   45%]
[Progress:==>                           8%] [Cov:===============>                   45%]
[Progress:==>                           8%] [Cov:===============>                   45%]
[Progress:==>                           8%] [Cov:===============>                   45%]
[Progress:==>                           8%] [Cov:===============>                   45%]
[Progress:==>                           8%] [Cov:===============>                   45%]
[Progress:==>                           8%] [Cov:===============>                   45%]
[Progress:==>                           8%] [Cov:===============>                   45%]
[Progress:==>                           8%] [Cov:===============>                   45%]
[Progress:==>                           8%] [Cov:===============>                   45%]
[Progress:==>                           8%] [Cov:===============>                   45%]
[Progress:==>                           8%] [Cov:===============>                   45%]
[Progress:==>                           8%] [Cov:===============>                   45%]
[Progress:==>                           8%] [Cov:===============>                   45%]
[Progress:==>                           8%] [Cov:===============>                   45%]
[Progress:==>                           9%] [Cov:===============>                   45%]
[Progress:==>                           9%] [Cov:===============>                   45%]
[Progress:==>                           9%] [Cov:===============>                   45%]
[Progress:==>                           9%] [Cov:===============>                   45%]
[Progress:==>                           9%] [Cov:==================>                54%]
[Progress:==>                           9%] [Cov:=====================>             62%]
[Progress:==>                           9%] [Cov:=====================>             62%]
[Progress:==>                           9%] [Cov:=====================>             62%]
[Progress:==>                           9%] [Cov:=====================>             62%]
[Progress:==>                           9%] [Cov:=====================>             62%]
[Progress:==>                           9%] [Cov:=====================>             62%]
[Progress:==>                           9%] [Cov:=====================>             62%]
[Progress:==>                           9%] [Cov:=====================>             62%]
[Progress:==>                           9%] [Cov:=====================>             62%]
[Progress:==>                           9%] [Cov:=====================>             62%]
[Progress:==>                           9%] [Cov:=====================>             62%]
[Progress:==>                           9%] [Cov:=====================>             62%]
[Progress:==>                           9%] [Cov:=====================>             62%]
[Progress:==>                           9%] [Cov:=====================>             62%]
[Progress:==>                           9%] [Cov:=====================>             62%]
[Progress:==>                           9%] [Cov:=====================>             62%]
[Progress:==>                           9%] [Cov:=====================>             62%]
[Progress:===>                          10%] [Cov:=====================>             62%]
[Progress:===>                          10%] [Cov:=====================>             62%]
[Progress:===>                          10%] [Cov:=====================>             62%]
[Progress:===>                          10%] [Cov:=====================>             62%]
[Progress:===>                          10%] [Cov:=====================>             62%]
[Progress:===>                          10%] [Cov:=====================>             62%]
[Progress:===>                          10%] [Cov:=====================>             62%]
[Progress:===>                          10%] [Cov:=====================>             62%]
[Progress:===>                          10%] [Cov:=====================>             62%]
[Progress:===>                          10%] [Cov:=====================>             62%]
[Progress:===>                          10%] [Cov:=====================>             62%]
[Progress:===>                          10%] [Cov:=====================>             62%]
[Progress:===>                          10%] [Cov:=====================>             62%]
[Progress:===>                          10%] [Cov:=====================>             62%]
[Progress:===>                          10%] [Cov:=====================>             62%]
[Progress:===>                          10%] [Cov:=====================>             62%]
[Progress:===>                          10%] [Cov:=====================>             62%]
[Progress:===>                          10%] [Cov:=====================>             62%]
[Progress:===>                          10%] [Cov:=====================>             62%]
[Progress:===>                          10%] [Cov:=====================>             62%]
[Progress:===>                          10%] [Cov:=====================>             62%]
[Progress:===>                          10%] [Cov:=====================>             62%]
[Progress:===>                          10%] [Cov:=====================>             62%]
[Progress:===>                          10%] [Cov:=====================>             62%]
[Progress:===>                          10%] [Cov:=====================>             62%]
[Progress:===>                          10%] [Cov:=====================>             62%]
[Progress:===>                          10%] [Cov:=====================>             62%]
[Progress:===>                          10%] [Cov:=====================>             62%]
[Progress:===>                          10%] [Cov:=====================>             62%]
[Progress:===>                          10%] [Cov:=====================>             62%]
[Progress:===>                          10%] [Cov:=====================>             62%]
[Progress:===>                          10%] [Cov:=====================>             62%]
[Progress:===>                          10%] [Cov:=====================>             62%]
[Progress:===>                          10%] [Cov:=====================>             62%]
[Progress:===>                          10%] [Cov:=====================>             62%]
[Progress:===>                          10%] [Cov:=====================>             62%]
[Progress:===>                          10%] [Cov:=====================>             62%]
[Progress:===>                          10%] [Cov:=====================>             62%]
[Progress:===>                          10%] [Cov:=====================>             62%]
[Progress:===>                          10%] [Cov:=====================>             62%]
[Progress:===>                          10%] [Cov:=====================>             62%]
[Progress:===>                          10%] [Cov:=====================>             62%]
[Progress:===>                          10%] [Cov:=====================>             62%]
[Progress:===>                          10%] [Cov:=====================>             62%]
[Progress:===>                          11%] [Cov:=====================>             62%]
[Progress:===>                          11%] [Cov:=====================>             62%]
[Progress:===>                          11%] [Cov:=====================>             62%]
[Progress:===>                          11%] [Cov:=====================>             62%]
[Progress:===>                          11%] [Cov:=====================>             62%]
[Progress:===>                          11%] [Cov:=====================>             62%]
[Progress:===>                          11%] [Cov:=====================>             62%]
[Progress:===>                          11%] [Cov:=====================>             62%]
[Progress:===>                          11%] [Cov:=====================>             62%]
[Progress:===>                          11%] [Cov:=====================>             62%]
[Progress:===>                          11%] [Cov:=====================>             62%]
[Progress:===>                          11%] [Cov:=====================>             62%]
[Progress:===>                          11%] [Cov:=====================>             62%]
[Progress:===>                          11%] [Cov:=====================>             62%]
[Progress:===>                          11%] [Cov:=====================>             62%]
[Progress:===>                          11%] [Cov:=====================>             62%]
[Progress:===>                          11%] [Cov:=====================>             62%]
[Progress:===>                          11%] [Cov:=====================>             62%]
[Progress:===>                          11%] [Cov:=====================>             62%]
[Progress:===>                          11%] [Cov:=====================>             62%]
[Progress:===>                          11%] [Cov:=====================>             62%]
[Progress:===>                          11%] [Cov:=====================>             62%]
[Progress:===>                          11%] [Cov:=====================>             62%]
[Progress:===>                          12%] [Cov:=====================>             62%]
[Progress:===>                          12%] [Cov:=====================>             62%]
[Progress:===>                          12%] [Cov:=====================>             62%]
[Progress:===>                          12%] [Cov:=====================>             62%]
[Progress:===>                          12%] [Cov:=====================>             62%]
[Progress:===>                          12%] [Cov:=====================>             62%]
[Progress:===>                          12%] [Cov:=====================>             62%]
[Progress:===>                          12%] [Cov:=====================>             62%]
[Progress:===>                          12%] [Cov:=====================>             62%]
[Progress:===>                          12%] [Cov:=====================>             62%]
[Progress:===>                          12%] [Cov:=====================>             62%]
[Progress:===>                          12%] [Cov:=====================>             62%]
[Progress:===>                          12%] [Cov:=====================>             62%]
[Progress:===>                          12%] [Cov:=====================>             62%]
[Progress:===>                          12%] [Cov:=====================>             62%]
[Progress:===>                          12%] [Cov:=====================>             62%]
[Progress:===>                          12%] [Cov:=====================>             62%]
[Progress:===>                          12%] [Cov:=====================>             62%]
[Progress:===>                          12%] [Cov:=====================>             62%]
[Progress:===>                          12%] [Cov:=====================>             62%]
[Progress:===>                          12%] [Cov:=====================>             62%]
[Progress:===>                          12%] [Cov:=====================>             62%]
[Progress:===>                          12%] [Cov:=====================>             62%]
[Progress:===>                          12%] [Cov:=====================>             62%]
[Progress:===>                          13%] [Cov:=====================>             62%]
[Progress:===>                          13%] [Cov:=====================>             62%]
[Progress:===>                          13%] [Cov:=====================>             62%]
[Progress:===>                          13%] [Cov:=====================>             62%]
[Progress:===>                          13%] [Cov:=====================>             62%]
[Progress:===>                          13%] [Cov:=====================>             62%]
[Progress:===>                          13%] [Cov:=====================>             62%]
[Progress:===>                          13%] [Cov:=====================>             62%]
[Progress:===>                          13%] [Cov:=====================>             62%]
[Progress:===>                          13%] [Cov:=====================>             62%]
[Progress:===>                          13%] [Cov:=====================>             62%]
[Progress:===>                          13%] [Cov:=====================>             62%]
[Progress:===>                          13%] [Cov:=====================>             62%]
[Progress:===>                          13%] [Cov:=====================>             62%]
[Progress:===>                          13%] [Cov:=====================>             62%]
[Progress:===>                          13%] [Cov:=====================>             62%]
[Progress:===>                          13%] [Cov:=====================>             62%]
[Progress:===>                          13%] [Cov:=====================>             62%]
[Progress:===>                          13%] [Cov:=====================>             62%]
[Progress:===>                          13%] [Cov:=====================>             62%]
[Progress:===>                          13%] [Cov:=====================>             62%]
[Progress:===>                          13%] [Cov:=====================>             62%]
[Progress:===>                          13%] [Cov:=====================>             62%]
[Progress:===>                          13%] [Cov:=====================>             62%]
[Progress:===>                          13%] [Cov:=====================>             62%]
[Progress:===>                          13%] [Cov:=====================>             62%]
[Progress:====>                         14%] [Cov:=====================>             62%]
[Progress:====>                         14%] [Cov:=====================>             62%]
[Progress:====>                         14%] [Cov:=====================>             62%]
[Progress:====>                         14%] [Cov:=====================>             62%]
[Progress:====>                         14%] [Cov:=====================>             62%]
[Progress:====>                         14%] [Cov:=====================>             62%]
[Progress:====>                         14%] [Cov:=====================>             62%]
[Progress:====>                         14%] [Cov:=====================>             62%]
[Progress:====>                         14%] [Cov:=====================>             62%]
[Progress:====>                         14%] [Cov:=====================>             62%]
[Progress:====>                         14%] [Cov:=====================>             62%]
[Progress:====>                         14%] [Cov:=====================>             62%]
[Progress:====>                         14%] [Cov:=====================>             62%]
[Progress:====>                         14%] [Cov:=====================>             62%]
[Progress:====>                         14%] [Cov:=====================>             62%]
[Progress:====>                         14%] [Cov:=====================>             62%]
[Progress:====>                         14%] [Cov:=====================>             62%]
[Progress:====>                         14%] [Cov:=====================>             62%]
[Progress:====>                         14%] [Cov:=====================>             62%]
[Progress:====>                         14%] [Cov:=====================>             62%]
[Progress:====>                         14%] [Cov:=====================>             62%]
[Progress:====>                         14%] [Cov:=====================>             62%]
[Progress:====>                         14%] [Cov:=====================>             62%]
[Progress:====>                         14%] [Cov:=====================>             62%]
[Progress:====>                         15%] [Cov:=====================>             62%]
[Progress:====>                         15%] [Cov:=====================>             62%]
[Progress:====>                         15%] [Cov:=====================>             62%]
[Progress:====>                         15%] [Cov:=====================>             62%]
[Progress:====>                         15%] [Cov:=====================>             62%]
[Progress:====>                         15%] [Cov:=====================>             62%]
[Progress:====>                         15%] [Cov:=====================>             62%]
[Progress:====>                         15%] [Cov:=====================>             62%]
[Progress:====>                         15%] [Cov:=====================>             62%]
[Progress:====>                         15%] [Cov:=====================>             62%]
[Progress:====>                         15%] [Cov:=====================>             62%]
[Progress:====>                         15%] [Cov:=====================>             62%]
[Progress:====>                         15%] [Cov:=====================>             62%]
[Progress:====>                         15%] [Cov:=====================>             62%]
[Progress:====>                         15%] [Cov:=====================>             62%]
[Progress:====>                         15%] [Cov:=====================>             62%]
[Progress:====>                         15%] [Cov:=====================>             62%]
[Progress:====>                         15%] [Cov:=====================>             62%]
[Progress:====>                         15%] [Cov:=====================>             62%]
[Progress:====>                         15%] [Cov:=====================>             62%]
[Progress:====>                         15%] [Cov:=====================>             62%]
[Progress:====>                         15%] [Cov:=====================>             62%]
[Progress:====>                         15%] [Cov:=====================>             62%]
[Progress:====>                         15%] [Cov:=====================>             62%]
[Progress:====>                         15%] [Cov:=====================>             62%]
[Progress:====>                         15%] [Cov:=====================>             62%]
[Progress:====>                         15%] [Cov:=====================>             62%]
[Progress:====>                         15%] [Cov:=====================>             62%]
[Progress:====>                         15%] [Cov:=====================>             62%]
[Progress:====>                         15%] [Cov:=====================>             62%]
[Progress:====>                         15%] [Cov:=====================>             62%]
[Progress:====>                         15%] [Cov:=====================>             62%]
[Progress:====>                         15%] [Cov:=====================>             62%]
[Progress:====>                         15%] [Cov:=====================>             62%]
[Progress:====>                         15%] [Cov:=====================>             62%]
[Progress:====>                         15%] [Cov:=====================>             62%]
[Progress:====>                         15%] [Cov:=====================>             62%]
[Progress:====>                         15%] [Cov:=====================>             62%]
[Progress:====>                         15%] [Cov:=====================>             62%]
[Progress:====>                         15%] [Cov:=====================>             62%]
[Progress:====>                         15%] [Cov:=====================>             62%]
[Progress:====>                         15%] [Cov:=====================>             62%]
[Progress:====>                         15%] [Cov:=====================>             62%]
[Progress:====>                         15%] [Cov:=====================>             62%]
[Progress:====>                         15%] [Cov:=====================>             62%]
[Progress:====>                         15%] [Cov:=====================>             62%]
[Progress:====>                         15%] [Cov:=====================>             62%]
[Progress:====>                         15%] [Cov:=====================>             62%]
[Progress:====>                         15%] [Cov:=====================>             62%]
[Progress:====>                         15%] [Cov:=====================>             62%]
[Progress:====>                         15%] [Cov:=====================>             62%]
[Progress:====>                         16%] [Cov:=====================>             62%]
[Progress:====>                         16%] [Cov:=====================>             62%]
[Progress:====>                         16%] [Cov:=====================>             62%]
[Progress:====>                         16%] [Cov:=====================>             62%]
[Progress:====>                         16%] [Cov:=====================>             62%]
[Progress:====>                         16%] [Cov:=====================>             62%]
[Progress:====>                         16%] [Cov:=====================>             62%]
[Progress:====>                         16%] [Cov:=====================>             62%]
[Progress:====>                         16%] [Cov:=====================>             62%]
[Progress:====>                         16%] [Cov:=====================>             62%]
[Progress:====>                         16%] [Cov:=====================>             62%]
[Progress:====>                         16%] [Cov:=====================>             62%]
[Progress:====>                         16%] [Cov:=====================>             62%]
[Progress:====>                         16%] [Cov:=====================>             62%]
[Progress:====>                         16%] [Cov:=====================>             62%]
[Progress:====>                         16%] [Cov:=====================>             62%]
[Progress:====>                         16%] [Cov:=====================>             62%]
[Progress:====>                         16%] [Cov:=====================>             62%]
[Progress:====>                         16%] [Cov:=====================>             62%]
[Progress:=====>                        17%] [Cov:=====================>             62%]
[Progress:=====>                        17%] [Cov:=====================>             62%]
[Progress:=====>                        17%] [Cov:=====================>             62%]
[Progress:=====>                        17%] [Cov:=====================>             62%]
[Progress:=====>                        17%] [Cov:=====================>             62%]
[Progress:=====>                        17%] [Cov:=====================>             62%]
[Progress:=====>                        17%] [Cov:=====================>             62%]
[Progress:=====>                        17%] [Cov:=====================>             62%]
[Progress:=====>                        17%] [Cov:=====================>             62%]
[Progress:=====>                        17%] [Cov:=====================>             62%]
[Progress:=====>                        17%] [Cov:=====================>             62%]
[Progress:=====>                        17%] [Cov:=====================>             62%]
[Progress:=====>                        17%] [Cov:=====================>             62%]
[Progress:=====>                        17%] [Cov:=====================>             62%]
[Progress:=====>                        17%] [Cov:=====================>             62%]
[Progress:=====>                        17%] [Cov:=====================>             62%]
[Progress:=====>                        17%] [Cov:=====================>             62%]
[Progress:=====>                        17%] [Cov:=====================>             62%]
[Progress:=====>                        17%] [Cov:=====================>             62%]
[Progress:=====>                        17%] [Cov:=====================>             62%]
[Progress:=====>                        17%] [Cov:=====================>             62%]
[Progress:=====>                        17%] [Cov:=====================>             62%]
[Progress:=====>                        17%] [Cov:=====================>             62%]
[Progress:=====>                        17%] [Cov:=====================>             62%]
[Progress:=====>                        17%] [Cov:=====================>             62%]
[Progress:=====>                        17%] [Cov:=====================>             62%]
[Progress:=====>                        17%] [Cov:=====================>             62%]
[Progress:=====>                        18%] [Cov:=====================>             62%]
[Progress:=====>                        18%] [Cov:=====================>             62%]
[Progress:=====>                        18%] [Cov:=====================>             62%]
[Progress:=====>                        18%] [Cov:=====================>             62%]
[Progress:=====>                        18%] [Cov:=====================>             62%]
[Progress:=====>                        18%] [Cov:=====================>             62%]
[Progress:=====>                        18%] [Cov:=====================>             62%]
[Progress:=====>                        18%] [Cov:=====================>             62%]
[Progress:=====>                        18%] [Cov:=====================>             62%]
[Progress:=====>                        18%] [Cov:=====================>             62%]
[Progress:=====>                        18%] [Cov:=====================>             62%]
[Progress:=====>                        18%] [Cov:=====================>             62%]
[Progress:=====>                        18%] [Cov:=====================>             62%]
[Progress:=====>                        18%] [Cov:=====================>             62%]
[Progress:=====>                        18%] [Cov:=====================>             62%]
[Progress:=====>                        18%] [Cov:=====================>             62%]
[Progress:=====>                        18%] [Cov:=====================>             62%]
[Progress:=====>                        18%] [Cov:=====================>             62%]
[Progress:=====>                        18%] [Cov:=====================>             62%]
[Progress:=====>                        18%] [Cov:=====================>             62%]
[Progress:=====>                        18%] [Cov:=====================>             62%]
[Progress:=====>                        18%] [Cov:=====================>             62%]
[Progress:=====>                        18%] [Cov:=====================>             62%]
[Progress:=====>                        18%] [Cov:=====================>             62%]
[Progress:=====>                        18%] [Cov:=====================>             62%]
[Progress:=====>                        19%] [Cov:=====================>             62%]
[Progress:=====>                        19%] [Cov:=====================>             62%]
[Progress:=====>                        19%] [Cov:=====================>             62%]
[Progress:=====>                        19%] [Cov:=====================>             62%]
[Progress:=====>                        19%] [Cov:=====================>             62%]
[Progress:=====>                        19%] [Cov:=====================>             62%]
[Progress:=====>                        19%] [Cov:=====================>             62%]
[Progress:=====>                        19%] [Cov:=====================>             62%]
[Progress:=====>                        19%] [Cov:=====================>             62%]
[Progress:=====>                        19%] [Cov:=====================>             62%]
[Progress:=====>                        19%] [Cov:=====================>             62%]
[Progress:=====>                        19%] [Cov:=====================>             62%]
[Progress:=====>                        19%] [Cov:=====================>             62%]
[Progress:=====>                        19%] [Cov:=====================>             62%]
[Progress:=====>                        19%] [Cov:=====================>             62%]
[Progress:=====>                        19%] [Cov:=====================>             62%]
[Progress:=====>                        19%] [Cov:=====================>             62%]
[Progress:=====>                        19%] [Cov:=====================>             62%]
[Progress:=====>                        19%] [Cov:=====================>             62%]
[Progress:=====>                        19%] [Cov:=====================>             62%]
[Progress:=====>                        19%] [Cov:=====================>             62%]
[Progress:=====>                        19%] [Cov:=====================>             62%]
[Progress:=====>                        19%] [Cov:=====================>             62%]
[Progress:=====>                        19%] [Cov:=====================>             62%]
[Progress:=====>                        19%] [Cov:=====================>             62%]
[Progress:=====>                        19%] [Cov:=====================>             62%]
[Progress:=====>                        19%] [Cov:=====================>             62%]
[Progress:======>                       20%] [Cov:=====================>             62%]
[Progress:======>                       20%] [Cov:=====================>             62%]
[Progress:======>                       20%] [Cov:=====================>             62%]
[Progress:======>                       20%] [Cov:=====================>             62%]
[Progress:======>                       20%] [Cov:=====================>             62%]
[Progress:======>                       20%] [Cov:=====================>             62%]
[Progress:======>                       20%] [Cov:=====================>             62%]
[Progress:======>                       20%] [Cov:=====================>             62%]
[Progress:======>                       20%] [Cov:=====================>             62%]
[Progress:======>                       20%] [Cov:=====================>             62%]
[Progress:======>                       20%] [Cov:=====================>             62%]
[Progress:======>                       20%] [Cov:=====================>             62%]
[Progress:======>                       20%] [Cov:=====================>             62%]
[Progress:======>                       20%] [Cov:=====================>             62%]
[Progress:======>                       20%] [Cov:=====================>             62%]
[Progress:======>                       20%] [Cov:=====================>             62%]
[Progress:======>                       20%] [Cov:=====================>             62%]
[Progress:======>                       20%] [Cov:=====================>             62%]
[Progress:======>                       20%] [Cov:=====================>             62%]
[Progress:======>                       20%] [Cov:=====================>             62%]
[Progress:======>                       20%] [Cov:=====================>             62%]
[Progress:======>                       20%] [Cov:=====================>             62%]
[Progress:======>                       20%] [Cov:=====================>             62%]
[Progress:======>                       20%] [Cov:=====================>             62%]
[Progress:======>                       20%] [Cov:=====================>             62%]
[Progress:======>                       20%] [Cov:=====================>             62%]
[Progress:======>                       20%] [Cov:=====================>             62%]
[Progress:======>                       20%] [Cov:=====================>             62%]
[Progress:======>                       20%] [Cov:=====================>             62%]
[Progress:======>                       20%] [Cov:=====================>             62%]
[Progress:======>                       20%] [Cov:=====================>             62%]
[Progress:======>                       20%] [Cov:=====================>             62%]
[Progress:======>                       20%] [Cov:=====================>             62%]
[Progress:======>                       20%] [Cov:=====================>             62%]
[Progress:======>                       20%] [Cov:=====================>             62%]
[Progress:======>                       20%] [Cov:=====================>             62%]
[Progress:======>                       20%] [Cov:=====================>             62%]
[Progress:======>                       20%] [Cov:=====================>             62%]
[Progress:======>                       20%] [Cov:=====================>             62%]
[Progress:======>                       20%] [Cov:=====================>             62%]
[Progress:======>                       20%] [Cov:=====================>             62%]
[Progress:======>                       20%] [Cov:=====================>             62%]
[Progress:======>                       20%] [Cov:=====================>             62%]
[Progress:======>                       20%] [Cov:=====================>             62%]
[Progress:======>                       20%] [Cov:=====================>             62%]
[Progress:======>                       20%] [Cov:=====================>             62%]
[Progress:======>                       20%] [Cov:=====================>             62%]
[Progress:======>                       20%] [Cov:=====================>             62%]
[Progress:======>                       20%] [Cov:=====================>             62%]
[Progress:======>                       20%] [Cov:=====================>             62%]
[Progress:======>                       21%] [Cov:=====================>             62%]
[Progress:======>                       21%] [Cov:=====================>             62%]
[Progress:======>                       21%] [Cov:=====================>             62%]
[Progress:======>                       21%] [Cov:=====================>             62%]
[Progress:======>                       21%] [Cov:=====================>             62%]
[Progress:======>                       21%] [Cov:=====================>             62%]
[Progress:======>                       21%] [Cov:=====================>             62%]
[Progress:======>                       21%] [Cov:=====================>             62%]
[Progress:======>                       21%] [Cov:=====================>             62%]
[Progress:======>                       21%] [Cov:=====================>             62%]
[Progress:======>                       21%] [Cov:=====================>             62%]
[Progress:======>                       21%] [Cov:=====================>             62%]
[Progress:======>                       21%] [Cov:=====================>             62%]
[Progress:======>                       21%] [Cov:=====================>             62%]
[Progress:======>                       21%] [Cov:=====================>             62%]
[Progress:======>                       21%] [Cov:=====================>             62%]
[Progress:======>                       21%] [Cov:=====================>             62%]
[Progress:======>                       21%] [Cov:=====================>             62%]
[Progress:======>                       21%] [Cov:=====================>             62%]
[Progress:======>                       21%] [Cov:=====================>             62%]
[Progress:======>                       21%] [Cov:=====================>             62%]
[Progress:======>                       21%] [Cov:=====================>             62%]
[Progress:======>                       21%] [Cov:=====================>             62%]
[Progress:======>                       21%] [Cov:=====================>             62%]
[Progress:======>                       21%] [Cov:=====================>             62%]
[Progress:======>                       21%] [Cov:=====================>             62%]
[Progress:======>                       21%] [Cov:=====================>             62%]
[Progress:======>                       21%] [Cov:=====================>             62%]
[Progress:======>                       22%] [Cov:=====================>             62%]
[Progress:======>                       22%] [Cov:=====================>             62%]
[Progress:======>                       22%] [Cov:=====================>             62%]
[Progress:======>                       22%] [Cov:=====================>             62%]
[Progress:======>                       22%] [Cov:=====================>             62%]
[Progress:======>                       22%] [Cov:=====================>             62%]
[Progress:======>                       22%] [Cov:=====================>             62%]
[Progress:======>                       22%] [Cov:=====================>             62%]
[Progress:======>                       22%] [Cov:=====================>             62%]
[Progress:======>                       22%] [Cov:=====================>             62%]
[Progress:======>                       22%] [Cov:=====================>             62%]
[Progress:======>                       22%] [Cov:=====================>             62%]
[Progress:======>                       22%] [Cov:=====================>             62%]
[Progress:======>                       22%] [Cov:=====================>             62%]
[Progress:======>                       22%] [Cov:=====================>             62%]
[Progress:======>                       22%] [Cov:=====================>             62%]
[Progress:======>                       22%] [Cov:=====================>             62%]
[Progress:======>                       22%] [Cov:=====================>             62%]
[Progress:======>                       22%] [Cov:=====================>             62%]
[Progress:======>                       22%] [Cov:=====================>             62%]
[Progress:======>                       22%] [Cov:=====================>             62%]
[Progress:======>                       22%] [Cov:=====================>             62%]
[Progress:======>                       22%] [Cov:=====================>             62%]
[Progress:======>                       22%] [Cov:=====================>             62%]
[Progress:======>                       22%] [Cov:=====================>             62%]
[Progress:======>                       22%] [Cov:=====================>             62%]
[Progress:======>                       23%] [Cov:=====================>             62%]
[Progress:======>                       23%] [Cov:=====================>             62%]
[Progress:======>                       23%] [Cov:=====================>             62%]
[Progress:======>                       23%] [Cov:=====================>             62%]
[Progress:======>                       23%] [Cov:=====================>             62%]
[Progress:======>                       23%] [Cov:=====================>             62%]
[Progress:======>                       23%] [Cov:=====================>             62%]
[Progress:======>                       23%] [Cov:=====================>             62%]
[Progress:======>                       23%] [Cov:=====================>             62%]
[Progress:======>                       23%] [Cov:=====================>             62%]
[Progress:======>                       23%] [Cov:=====================>             62%]
[Progress:======>                       23%] [Cov:=====================>             62%]
[Progress:======>                       23%] [Cov:=====================>             62%]
[Progress:======>                       23%] [Cov:=====================>             62%]
[Progress:======>                       23%] [Cov:=====================>             62%]
[Progress:======>                       23%] [Cov:=====================>             62%]
[Progress:======>                       23%] [Cov:=====================>             62%]
[Progress:======>                       23%] [Cov:=====================>             62%]
[Progress:======>                       23%] [Cov:=====================>             62%]
[Progress:======>                       23%] [Cov:=====================>             62%]
[Progress:======>                       23%] [Cov:=====================>             62%]
[Progress:======>                       23%] [Cov:=====================>             62%]
[Progress:======>                       23%] [Cov:=====================>             62%]
[Progress:=======>                      24%] [Cov:=====================>             62%]
[Progress:=======>                      24%] [Cov:=====================>             62%]
[Progress:=======>                      24%] [Cov:=====================>             62%]
[Progress:=======>                      24%] [Cov:=====================>             62%]
[Progress:=======>                      24%] [Cov:=====================>             62%]
[Progress:=======>                      24%] [Cov:=====================>             62%]
[Progress:=======>                      24%] [Cov:=====================>             62%]
[Progress:=======>                      24%] [Cov:=====================>             62%]
[Progress:=======>                      24%] [Cov:=====================>             62%]
[Progress:=======>                      24%] [Cov:=====================>             62%]
[Progress:=======>                      24%] [Cov:=====================>             62%]
[Progress:=======>                      24%] [Cov:=====================>             62%]
[Progress:=======>                      24%] [Cov:=====================>             62%]
[Progress:=======>                      24%] [Cov:=====================>             62%]
[Progress:=======>                      24%] [Cov:=====================>             62%]
[Progress:=======>                      24%] [Cov:=====================>             62%]
[Progress:=======>                      24%] [Cov:=====================>             62%]
[Progress:=======>                      24%] [Cov:=====================>             62%]
[Progress:=======>                      24%] [Cov:=====================>             62%]
[Progress:=======>                      24%] [Cov:=====================>             62%]
[Progress:=======>                      24%] [Cov:=====================>             62%]
[Progress:=======>                      24%] [Cov:=====================>             62%]
[Progress:=======>                      24%] [Cov:=======================>           67%]
[Progress:=======>                      24%] [Cov:========================>          71%]
[Progress:=======>                      24%] [Cov:========================>          71%]
[Progress:=======>                      24%] [Cov:========================>          71%]
[Progress:=======>                      25%] [Cov:========================>          71%]
[Progress:=======>                      25%] [Cov:========================>          71%]
[Progress:=======>                      25%] [Cov:========================>          71%]
[Progress:=======>                      25%] [Cov:========================>          71%]
[Progress:=======>                      25%] [Cov:========================>          71%]
[Progress:=======>                      25%] [Cov:========================>          71%]
[Progress:=======>                      25%] [Cov:========================>          71%]
[Progress:=======>                      25%] [Cov:========================>          71%]
[Progress:=======>                      25%] [Cov:========================>          71%]
[Progress:=======>                      25%] [Cov:========================>          71%]
[Progress:=======>                      25%] [Cov:========================>          71%]
[Progress:=======>                      25%] [Cov:========================>          71%]
[Progress:=======>                      25%] [Cov:========================>          71%]
[Progress:=======>                      25%] [Cov:========================>          71%]
[Progress:=======>                      25%] [Cov:========================>          71%]
[Progress:=======>                      25%] [Cov:========================>          71%]
[Progress:=======>                      25%] [Cov:========================>          71%]
[Progress:=======>                      25%] [Cov:========================>          71%]
[Progress:=======>                      25%] [Cov:========================>          71%]
[Progress:=======>                      25%] [Cov:========================>          71%]
[Progress:=======>                      25%] [Cov:========================>          71%]
[Progress:=======>                      25%] [Cov:========================>          71%]
[Progress:=======>                      25%] [Cov:========================>          71%]
[Progress:=======>                      25%] [Cov:========================>          71%]
[Progress:=======>                      25%] [Cov:========================>          71%]
[Progress:=======>                      25%] [Cov:========================>          71%]
[Progress:=======>                      25%] [Cov:========================>          71%]
[Progress:=======>                      25%] [Cov:========================>          71%]
[Progress:=======>                      25%] [Cov:========================>          71%]
[Progress:=======>                      25%] [Cov:========================>          71%]
[Progress:=======>                      25%] [Cov:========================>          71%]
[Progress:=======>                      25%] [Cov:========================>          71%]
[Progress:=======>                      25%] [Cov:========================>          71%]
[Progress:=======>                      25%] [Cov:========================>          71%]
[Progress:=======>                      25%] [Cov:========================>          71%]
[Progress:=======>                      25%] [Cov:========================>          71%]
[Progress:=======>                      26%] [Cov:========================>          71%]
[Progress:=======>                      26%] [Cov:========================>          71%]
[Progress:=======>                      26%] [Cov:========================>          71%]
[Progress:=======>                      26%] [Cov:========================>          71%]
[Progress:=======>                      26%] [Cov:========================>          71%]
[Progress:=======>                      26%] [Cov:========================>          71%]
[Progress:=======>                      26%] [Cov:========================>          71%]
[Progress:=======>                      26%] [Cov:========================>          71%]
[Progress:=======>                      26%] [Cov:========================>          71%]
[Progress:=======>                      26%] [Cov:========================>          71%]
[Progress:=======>                      26%] [Cov:========================>          71%]
[Progress:=======>                      26%] [Cov:========================>          71%]
[Progress:=======>                      26%] [Cov:========================>          71%]
[Progress:=======>                      26%] [Cov:========================>          71%]
[Progress:=======>                      26%] [Cov:========================>          71%]
[Progress:=======>                      26%] [Cov:========================>          71%]
[Progress:=======>                      26%] [Cov:========================>          71%]
[Progress:=======>                      26%] [Cov:========================>          71%]
[Progress:=======>                      26%] [Cov:========================>          71%]
[Progress:========>                     27%] [Cov:========================>          71%]
[Progress:========>                     27%] [Cov:========================>          71%]
[Progress:========>                     27%] [Cov:========================>          71%]
[Progress:========>                     27%] [Cov:========================>          71%]
[Progress:========>                     27%] [Cov:========================>          71%]
[Progress:========>                     27%] [Cov:========================>          71%]
[Progress:========>                     27%] [Cov:========================>          71%]
[Progress:========>                     27%] [Cov:========================>          71%]
[Progress:========>                     27%] [Cov:========================>          71%]
[Progress:========>                     27%] [Cov:========================>          71%]
[Progress:========>                     27%] [Cov:========================>          71%]
[Progress:========>                     27%] [Cov:========================>          71%]
[Progress:========>                     27%] [Cov:========================>          71%]
[Progress:========>                     27%] [Cov:========================>          71%]
[Progress:========>                     27%] [Cov:========================>          71%]
[Progress:========>                     27%] [Cov:========================>          71%]
[Progress:========>                     27%] [Cov:========================>          71%]
[Progress:========>                     27%] [Cov:========================>          71%]
[Progress:========>                     27%] [Cov:========================>          71%]
[Progress:========>                     28%] [Cov:========================>          71%]
[Progress:========>                     28%] [Cov:========================>          71%]
[Progress:========>                     28%] [Cov:========================>          71%]
[Progress:========>                     28%] [Cov:========================>          71%]
[Progress:========>                     28%] [Cov:========================>          71%]
[Progress:========>                     28%] [Cov:========================>          71%]
[Progress:========>                     28%] [Cov:========================>          71%]
[Progress:========>                     28%] [Cov:========================>          71%]
[Progress:========>                     28%] [Cov:========================>          71%]
[Progress:========>                     28%] [Cov:========================>          71%]
[Progress:========>                     28%] [Cov:========================>          71%]
[Progress:========>                     28%] [Cov:========================>          71%]
[Progress:========>                     28%] [Cov:========================>          71%]
[Progress:========>                     28%] [Cov:========================>          71%]
[Progress:========>                     28%] [Cov:========================>          71%]
[Progress:========>                     28%] [Cov:========================>          71%]
[Progress:========>                     28%] [Cov:========================>          71%]
[Progress:========>                     28%] [Cov:========================>          71%]
[Progress:========>                     28%] [Cov:========================>          71%]
[Progress:========>                     28%] [Cov:========================>          71%]
[Progress:========>                     28%] [Cov:========================>          71%]
[Progress:========>                     28%] [Cov:========================>          71%]
[Progress:========>                     28%] [Cov:========================>          71%]
[Progress:========>                     28%] [Cov:========================>          71%]
[Progress:========>                     29%] [Cov:========================>          71%]
[Progress:========>                     29%] [Cov:========================>          71%]
[Progress:========>                     29%] [Cov:========================>          71%]
[Progress:========>                     29%] [Cov:========================>          71%]
[Progress:========>                     29%] [Cov:========================>          71%]
[Progress:========>                     29%] [Cov:========================>          71%]
[Progress:========>                     29%] [Cov:========================>          71%]
[Progress:========>                     29%] [Cov:========================>          71%]
[Progress:========>                     29%] [Cov:========================>          71%]
[Progress:========>                     29%] [Cov:========================>          71%]
[Progress:========>                     29%] [Cov:========================>          71%]
[Progress:========>                     29%] [Cov:========================>          71%]
[Progress:========>                     29%] [Cov:========================>          71%]
[Progress:========>                     29%] [Cov:========================>          71%]
[Progress:========>                     29%] [Cov:========================>          71%]
[Progress:========>                     29%] [Cov:========================>          71%]
[Progress:========>                     29%] [Cov:========================>          71%]
[Progress:========>                     29%] [Cov:========================>          71%]
[Progress:========>                     29%] [Cov:========================>          71%]
[Progress:========>                     29%] [Cov:========================>          71%]
[Progress:========>                     29%] [Cov:========================>          71%]
[Progress:========>                     29%] [Cov:========================>          71%]
[Progress:========>                     29%] [Cov:========================>          71%]
[Progress:========>                     29%] [Cov:========================>          71%]
[Progress:=========>                    30%] [Cov:========================>          71%]
[Progress:=========>                    30%] [Cov:========================>          71%]
[Progress:=========>                    30%] [Cov:========================>          71%]
[Progress:=========>                    30%] [Cov:========================>          71%]
[Progress:=========>                    30%] [Cov:========================>          71%]
[Progress:=========>                    30%] [Cov:========================>          71%]
[Progress:=========>                    30%] [Cov:========================>          71%]
[Progress:=========>                    30%] [Cov:========================>          71%]
[Progress:=========>                    30%] [Cov:========================>          71%]
[Progress:=========>                    30%] [Cov:========================>          71%]
[Progress:=========>                    30%] [Cov:========================>          71%]
[Progress:=========>                    30%] [Cov:========================>          71%]
[Progress:=========>                    30%] [Cov:========================>          71%]
[Progress:=========>                    30%] [Cov:========================>          71%]
[Progress:=========>                    30%] [Cov:========================>          71%]
[Progress:=========>                    30%] [Cov:========================>          71%]
[Progress:=========>                    30%] [Cov:========================>          71%]
[Progress:=========>                    30%] [Cov:========================>          71%]
[Progress:=========>                    30%] [Cov:========================>          71%]
[Progress:=========>                    30%] [Cov:========================>          71%]
[Progress:=========>                    30%] [Cov:========================>          71%]
[Progress:=========>                    30%] [Cov:========================>          71%]
[Progress:=========>                    30%] [Cov:========================>          71%]
[Progress:=========>                    30%] [Cov:========================>          71%]
[Progress:=========>                    30%] [Cov:========================>          71%]
[Progress:=========>                    30%] [Cov:========================>          71%]
[Progress:=========>                    30%] [Cov:========================>          71%]
[Progress:=========>                    30%] [Cov:========================>          71%]
[Progress:=========>                    30%] [Cov:========================>          71%]
[Progress:=========>                    30%] [Cov:========================>          71%]
[Progress:=========>                    30%] [Cov:========================>          71%]
[Progress:=========>                    30%] [Cov:========================>          71%]
[Progress:=========>                    30%] [Cov:========================>          71%]
[Progress:=========>                    30%] [Cov:========================>          71%]
[Progress:=========>                    30%] [Cov:========================>          71%]
[Progress:=========>                    30%] [Cov:========================>          71%]
[Progress:=========>                    30%] [Cov:========================>          71%]
[Progress:=========>                    30%] [Cov:========================>          71%]
[Progress:=========>                    30%] [Cov:========================>          71%]
[Progress:=========>                    30%] [Cov:========================>          71%]
[Progress:=========>                    30%] [Cov:========================>          71%]
[Progress:=========>                    30%] [Cov:========================>          71%]
[Progress:=========>                    30%] [Cov:========================>          71%]
[Progress:=========>                    30%] [Cov:========================>          71%]
[Progress:=========>                    30%] [Cov:========================>          71%]
[Progress:=========>                    30%] [Cov:========================>          71%]
[Progress:=========>                    30%] [Cov:========================>          71%]
[Progress:=========>                    30%] [Cov:========================>          71%]
[Progress:=========>                    30%] [Cov:========================>          71%]
[Progress:=========>                    30%] [Cov:========================>          71%]
[Progress:=========>                    30%] [Cov:========================>          71%]
[Progress:=========>                    31%] [Cov:========================>          71%]
[Progress:=========>                    31%] [Cov:========================>          71%]
[Progress:=========>                    31%] [Cov:========================>          71%]
[Progress:=========>                    31%] [Cov:========================>          71%]
[Progress:=========>                    31%] [Cov:========================>          71%]
[Progress:=========>                    31%] [Cov:========================>          71%]
[Progress:=========>                    31%] [Cov:========================>          71%]
[Progress:=========>                    31%] [Cov:========================>          71%]
[Progress:=========>                    31%] [Cov:========================>          71%]
[Progress:=========>                    31%] [Cov:========================>          71%]
[Progress:=========>                    31%] [Cov:========================>          71%]
[Progress:=========>                    31%] [Cov:========================>          71%]
[Progress:=========>                    31%] [Cov:========================>          71%]
[Progress:=========>                    31%] [Cov:========================>          71%]
[Progress:=========>                    31%] [Cov:========================>          71%]
[Progress:=========>                    31%] [Cov:========================>          71%]
[Progress:=========>                    31%] [Cov:========================>          71%]
[Progress:=========>                    31%] [Cov:========================>          71%]
[Progress:=========>                    31%] [Cov:========================>          71%]
[Progress:=========>                    31%] [Cov:========================>          71%]
[Progress:=========>                    31%] [Cov:========================>          71%]
[Progress:=========>                    31%] [Cov:========================>          71%]
[Progress:=========>                    31%] [Cov:========================>          71%]
[Progress:=========>                    31%] [Cov:========================>          71%]
[Progress:=========>                    31%] [Cov:========================>          71%]
[Progress:=========>                    31%] [Cov:========================>          71%]
[Progress:=========>                    31%] [Cov:========================>          71%]
[Progress:=========>                    32%] [Cov:========================>          71%]
[Progress:=========>                    32%] [Cov:========================>          71%]
[Progress:=========>                    32%] [Cov:========================>          71%]
[Progress:=========>                    32%] [Cov:========================>          71%]
[Progress:=========>                    32%] [Cov:========================>          71%]
[Progress:=========>                    32%] [Cov:========================>          71%]
[Progress:=========>                    32%] [Cov:========================>          71%]
[Progress:=========>                    32%] [Cov:========================>          71%]
[Progress:=========>                    32%] [Cov:========================>          71%]
[Progress:=========>                    32%] [Cov:========================>          71%]
[Progress:=========>                    32%] [Cov:========================>          71%]
[Progress:=========>                    32%] [Cov:========================>          71%]
[Progress:=========>                    32%] [Cov:========================>          71%]
[Progress:=========>                    32%] [Cov:========================>          71%]
[Progress:=========>                    32%] [Cov:========================>          71%]
[Progress:=========>                    32%] [Cov:========================>          71%]
[Progress:=========>                    32%] [Cov:========================>          71%]
[Progress:=========>                    32%] [Cov:========================>          71%]
[Progress:=========>                    32%] [Cov:========================>          71%]
[Progress:=========>                    32%] [Cov:========================>          71%]
[Progress:=========>                    32%] [Cov:========================>          71%]
[Progress:=========>                    32%] [Cov:========================>          71%]
[Progress:=========>                    32%] [Cov:========================>          71%]
[Progress:=========>                    32%] [Cov:========================>          71%]
[Progress:=========>                    32%] [Cov:========================>          71%]
[Progress:=========>                    32%] [Cov:========================>          71%]
[Progress:=========>                    32%] [Cov:========================>          71%]
[Progress:=========>                    32%] [Cov:========================>          71%]
[Progress:=========>                    33%] [Cov:========================>          71%]
[Progress:=========>                    33%] [Cov:========================>          71%]
[Progress:=========>                    33%] [Cov:========================>          71%]
[Progress:=========>                    33%] [Cov:========================>          71%]
[Progress:=========>                    33%] [Cov:========================>          71%]
[Progress:=========>                    33%] [Cov:========================>          71%]
[Progress:=========>                    33%] [Cov:========================>          71%]
[Progress:=========>                    33%] [Cov:========================>          71%]
[Progress:=========>                    33%] [Cov:========================>          71%]
[Progress:=========>                    33%] [Cov:========================>          71%]
[Progress:=========>                    33%] [Cov:========================>          71%]
[Progress:=========>                    33%] [Cov:========================>          71%]
[Progress:=========>                    33%] [Cov:========================>          71%]
[Progress:=========>                    33%] [Cov:========================>          71%]
[Progress:=========>                    33%] [Cov:========================>          71%]
[Progress:=========>                    33%] [Cov:========================>          71%]
[Progress:=========>                    33%] [Cov:========================>          71%]
[Progress:=========>                    33%] [Cov:========================>          71%]
[Progress:=========>                    33%] [Cov:========================>          71%]
[Progress:=========>                    33%] [Cov:========================>          71%]
[Progress:=========>                    33%] [Cov:========================>          71%]
[Progress:=========>                    33%] [Cov:========================>          71%]
[Progress:=========>                    33%] [Cov:========================>          71%]
[Progress:=========>                    33%] [Cov:========================>          71%]
[Progress:=========>                    33%] [Cov:========================>          71%]
[Progress:=========>                    33%] [Cov:========================>          71%]
[Progress:=========>                    33%] [Cov:========================>          71%]
[Progress:==========>                   34%] [Cov:========================>          71%]
[Progress:==========>                   34%] [Cov:========================>          71%]
[Progress:==========>                   34%] [Cov:========================>          71%]
[Progress:==========>                   34%] [Cov:========================>          71%]
[Progress:==========>                   34%] [Cov:========================>          71%]
[Progress:==========>                   34%] [Cov:========================>          71%]
[Progress:==========>                   34%] [Cov:========================>          71%]
[Progress:==========>                   34%] [Cov:========================>          71%]
[Progress:==========>                   34%] [Cov:========================>          71%]
[Progress:==========>                   34%] [Cov:========================>          71%]
[Progress:==========>                   34%] [Cov:========================>          71%]
[Progress:==========>                   34%] [Cov:========================>          71%]
[Progress:==========>                   34%] [Cov:========================>          71%]
[Progress:==========>                   34%] [Cov:========================>          71%]
[Progress:==========>                   34%] [Cov:========================>          71%]
[Progress:==========>                   34%] [Cov:========================>          71%]
[Progress:==========>                   34%] [Cov:========================>          71%]
[Progress:==========>                   34%] [Cov:========================>          71%]
[Progress:==========>                   34%] [Cov:========================>          71%]
[Progress:==========>                   34%] [Cov:========================>          71%]
[Progress:==========>                   34%] [Cov:========================>          71%]
[Progress:==========>                   34%] [Cov:========================>          71%]
[Progress:==========>                   34%] [Cov:========================>          71%]
[Progress:==========>                   34%] [Cov:========================>          71%]
[Progress:==========>                   34%] [Cov:========================>          71%]
[Progress:==========>                   34%] [Cov:========================>          71%]
[Progress:==========>                   35%] [Cov:========================>          71%]
[Progress:==========>                   35%] [Cov:========================>          71%]
[Progress:==========>                   35%] [Cov:========================>          71%]
[Progress:==========>                   35%] [Cov:========================>          71%]
[Progress:==========>                   35%] [Cov:========================>          71%]
[Progress:==========>                   35%] [Cov:========================>          71%]
[Progress:==========>                   35%] [Cov:========================>          71%]
[Progress:==========>                   35%] [Cov:========================>          71%]
[Progress:==========>                   35%] [Cov:========================>          71%]
[Progress:==========>                   35%] [Cov:========================>          71%]
[Progress:==========>                   35%] [Cov:========================>          71%]
[Progress:==========>                   35%] [Cov:========================>          71%]
[Progress:==========>                   35%] [Cov:========================>          71%]
[Progress:==========>                   35%] [Cov:========================>          71%]
[Progress:==========>                   35%] [Cov:========================>          71%]
[Progress:==========>                   35%] [Cov:========================>          71%]
[Progress:==========>                   35%] [Cov:========================>          71%]
[Progress:==========>                   35%] [Cov:========================>          71%]
[Progress:==========>                   35%] [Cov:========================>          71%]
[Progress:==========>                   35%] [Cov:========================>          71%]
[Progress:==========>                   35%] [Cov:========================>          71%]
[Progress:==========>                   35%] [Cov:========================>          71%]
[Progress:==========>                   35%] [Cov:========================>          71%]
[Progress:==========>                   35%] [Cov:========================>          71%]
[Progress:==========>                   35%] [Cov:========================>          71%]
[Progress:==========>                   35%] [Cov:========================>          71%]
[Progress:==========>                   35%] [Cov:========================>          71%]
[Progress:==========>                   35%] [Cov:========================>          71%]
[Progress:==========>                   35%] [Cov:========================>          71%]
[Progress:==========>                   35%] [Cov:========================>          71%]
[Progress:==========>                   35%] [Cov:========================>          71%]
[Progress:==========>                   35%] [Cov:========================>          71%]
[Progress:==========>                   35%] [Cov:========================>          71%]
[Progress:==========>                   35%] [Cov:========================>          71%]
[Progress:==========>                   35%] [Cov:========================>          71%]
[Progress:==========>                   35%] [Cov:========================>          71%]
[Progress:==========>                   35%] [Cov:========================>          71%]
[Progress:==========>                   35%] [Cov:========================>          71%]
[Progress:==========>                   35%] [Cov:========================>          71%]
[Progress:==========>                   35%] [Cov:========================>          71%]
[Progress:==========>                   35%] [Cov:========================>          71%]
[Progress:==========>                   35%] [Cov:========================>          71%]
[Progress:==========>                   35%] [Cov:========================>          71%]
[Progress:==========>                   35%] [Cov:========================>          71%]
[Progress:==========>                   36%] [Cov:========================>          71%]
[Progress:==========>                   36%] [Cov:========================>          71%]
[Progress:==========>                   36%] [Cov:========================>          71%]
[Progress:==========>                   36%] [Cov:========================>          71%]
[Progress:==========>                   36%] [Cov:========================>          71%]
[Progress:==========>                   36%] [Cov:========================>          71%]
[Progress:==========>                   36%] [Cov:========================>          71%]
[Progress:==========>                   36%] [Cov:========================>          71%]
[Progress:==========>                   36%] [Cov:========================>          71%]
[Progress:==========>                   36%] [Cov:========================>          71%]
[Progress:==========>                   36%] [Cov:========================>          71%]
[Progress:==========>                   36%] [Cov:========================>          71%]
[Progress:==========>                   36%] [Cov:========================>          71%]
[Progress:==========>                   36%] [Cov:========================>          71%]
[Progress:==========>                   36%] [Cov:========================>          71%]
[Progress:==========>                   36%] [Cov:========================>          71%]
[Progress:==========>                   36%] [Cov:========================>          71%]
[Progress:==========>                   36%] [Cov:========================>          71%]
[Progress:==========>                   36%] [Cov:========================>          71%]
[Progress:==========>                   36%] [Cov:========================>          71%]
[Progress:==========>                   36%] [Cov:========================>          71%]
[Progress:==========>                   36%] [Cov:========================>          71%]
[Progress:==========>                   36%] [Cov:========================>          71%]
[Progress:===========>                  37%] [Cov:========================>          71%]
[Progress:===========>                  37%] [Cov:========================>          71%]
[Progress:===========>                  37%] [Cov:========================>          71%]
[Progress:===========>                  37%] [Cov:========================>          71%]
[Progress:===========>                  37%] [Cov:========================>          71%]
[Progress:===========>                  37%] [Cov:========================>          71%]
[Progress:===========>                  37%] [Cov:========================>          71%]
[Progress:===========>                  37%] [Cov:========================>          71%]
[Progress:===========>                  37%] [Cov:========================>          71%]
[Progress:===========>                  37%] [Cov:========================>          71%]
[Progress:===========>                  37%] [Cov:========================>          71%]
[Progress:===========>                  37%] [Cov:========================>          71%]
[Progress:===========>                  37%] [Cov:========================>          71%]
[Progress:===========>                  37%] [Cov:========================>          71%]
[Progress:===========>                  37%] [Cov:========================>          71%]
[Progress:===========>                  37%] [Cov:========================>          71%]
[Progress:===========>                  37%] [Cov:========================>          71%]
[Progress:===========>                  37%] [Cov:========================>          71%]
[Progress:===========>                  37%] [Cov:========================>          71%]
[Progress:===========>                  37%] [Cov:========================>          71%]
[Progress:===========>                  37%] [Cov:========================>          71%]
[Progress:===========>                  37%] [Cov:========================>          71%]
[Progress:===========>                  37%] [Cov:========================>          71%]
[Progress:===========>                  37%] [Cov:========================>          71%]
[Progress:===========>                  37%] [Cov:========================>          71%]
[Progress:===========>                  37%] [Cov:========================>          71%]
[Progress:===========>                  38%] [Cov:========================>          71%]
[Progress:===========>                  38%] [Cov:========================>          71%]
[Progress:===========>                  38%] [Cov:========================>          71%]
[Progress:===========>                  38%] [Cov:========================>          71%]
[Progress:===========>                  38%] [Cov:========================>          71%]
[Progress:===========>                  38%] [Cov:========================>          71%]
[Progress:===========>                  38%] [Cov:========================>          71%]
[Progress:===========>                  38%] [Cov:========================>          71%]
[Progress:===========>                  38%] [Cov:========================>          71%]
[Progress:===========>                  38%] [Cov:========================>          71%]
[Progress:===========>                  38%] [Cov:========================>          71%]
[Progress:===========>                  38%] [Cov:========================>          71%]
[Progress:===========>                  38%] [Cov:========================>          71%]
[Progress:===========>                  38%] [Cov:========================>          71%]
[Progress:===========>                  38%] [Cov:========================>          71%]
[Progress:===========>                  38%] [Cov:========================>          71%]
[Progress:===========>                  38%] [Cov:========================>          71%]
[Progress:===========>                  38%] [Cov:========================>          71%]
[Progress:===========>                  38%] [Cov:========================>          71%]
[Progress:===========>                  38%] [Cov:========================>          71%]
[Progress:===========>                  38%] [Cov:========================>          71%]
[Progress:===========>                  38%] [Cov:========================>          71%]
[Progress:===========>                  38%] [Cov:========================>          71%]
[Progress:===========>                  38%] [Cov:========================>          71%]
[Progress:===========>                  38%] [Cov:========================>          71%]
[Progress:===========>                  38%] [Cov:========================>          71%]
[Progress:===========>                  39%] [Cov:========================>          71%]
[Progress:===========>                  39%] [Cov:========================>          71%]
[Progress:===========>                  39%] [Cov:========================>          71%]
[Progress:===========>                  39%] [Cov:==========================>        75%]
[Progress:===========>                  39%] [Cov:===========================>       79%]
[Progress:===========>                  39%] [Cov:===========================>       79%]
[Progress:===========>                  39%] [Cov:===========================>       79%]
[Progress:===========>                  39%] [Cov:===========================>       79%]
[Progress:===========>                  39%] [Cov:===========================>       79%]
[Progress:===========>                  39%] [Cov:===========================>       79%]
[Progress:===========>                  39%] [Cov:===========================>       79%]
[Progress:===========>                  39%] [Cov:===========================>       79%]
[Progress:===========>                  39%] [Cov:===========================>       79%]
[Progress:===========>                  39%] [Cov:===========================>       79%]
[Progress:===========>                  39%] [Cov:===========================>       79%]
[Progress:===========>                  39%] [Cov:===========================>       79%]
[Progress:===========>                  39%] [Cov:===========================>       79%]
[Progress:===========>                  39%] [Cov:===========================>       79%]
[Progress:===========>                  39%] [Cov:===========================>       79%]
[Progress:===========>                  39%] [Cov:===========================>       79%]
[Progress:===========>                  39%] [Cov:===========================>       79%]
[Progress:===========>                  39%] [Cov:===========================>       79%]
[Progress:===========>                  39%] [Cov:===========================>       79%]
[Progress:===========>                  39%] [Cov:===========================>       79%]
[Progress:===========>                  39%] [Cov:===========================>       79%]
[Progress:===========>                  39%] [Cov:===========================>       79%]
[Progress:===========>                  39%] [Cov:===========================>       79%]
[Progress:===========>                  39%] [Cov:===========================>       79%]
[Progress:============>                 40%] [Cov:===========================>       79%]
[Progress:============>                 40%] [Cov:===========================>       79%]
[Progress:============>                 40%] [Cov:===========================>       79%]
[Progress:============>                 40%] [Cov:===========================>       79%]
[Progress:============>                 40%] [Cov:===========================>       79%]
[Progress:============>                 40%] [Cov:===========================>       79%]
[Progress:============>                 40%] [Cov:===========================>       79%]
[Progress:============>                 40%] [Cov:===========================>       79%]
[Progress:============>                 40%] [Cov:===========================>       79%]
[Progress:============>                 40%] [Cov:===========================>       79%]
[Progress:============>                 40%] [Cov:===========================>       79%]
[Progress:============>                 40%] [Cov:===========================>       79%]
[Progress:============>                 40%] [Cov:===========================>       79%]
[Progress:============>                 40%] [Cov:===========================>       79%]
[Progress:============>                 40%] [Cov:===========================>       79%]
[Progress:============>                 40%] [Cov:===========================>       79%]
[Progress:============>                 40%] [Cov:===========================>       79%]
[Progress:============>                 40%] [Cov:===========================>       79%]
[Progress:============>                 40%] [Cov:===========================>       79%]
[Progress:============>                 40%] [Cov:===========================>       79%]
[Progress:============>                 40%] [Cov:===========================>       79%]
[Progress:============>                 40%] [Cov:===========================>       79%]
[Progress:============>                 40%] [Cov:===========================>       79%]
[Progress:============>                 40%] [Cov:===========================>       79%]
[Progress:============>                 40%] [Cov:===========================>       79%]
[Progress:============>                 40%] [Cov:===========================>       79%]
[Progress:============>                 40%] [Cov:===========================>       79%]
[Progress:============>                 40%] [Cov:===========================>       79%]
[Progress:============>                 40%] [Cov:===========================>       79%]
[Progress:============>                 40%] [Cov:===========================>       79%]
[Progress:============>                 40%] [Cov:===========================>       79%]
[Progress:============>                 40%] [Cov:===========================>       79%]
[Progress:============>                 40%] [Cov:===========================>       79%]
[Progress:============>                 40%] [Cov:===========================>       79%]
[Progress:============>                 40%] [Cov:===========================>       79%]
[Progress:============>                 40%] [Cov:===========================>       79%]
[Progress:============>                 40%] [Cov:===========================>       79%]
[Progress:============>                 40%] [Cov:===========================>       79%]
[Progress:============>                 40%] [Cov:===========================>       79%]
[Progress:============>                 40%] [Cov:===========================>       79%]
[Progress:============>                 40%] [Cov:===========================>       79%]
[Progress:============>                 40%] [Cov:===========================>       79%]
[Progress:============>                 40%] [Cov:===========================>       79%]
[Progress:============>                 40%] [Cov:===========================>       79%]
[Progress:============>                 40%] [Cov:===========================>       79%]
[Progress:============>                 40%] [Cov:===========================>       79%]
[Progress:============>                 40%] [Cov:===========================>       79%]
[Progress:============>                 40%] [Cov:===========================>       79%]
[Progress:============>                 40%] [Cov:===========================>       79%]
[Progress:============>                 40%] [Cov:===========================>       79%]
[Progress:============>                 40%] [Cov:===========================>       79%]
[Progress:============>                 40%] [Cov:===========================>       79%]
[Progress:============>                 40%] [Cov:===========================>       79%]
[Progress:============>                 40%] [Cov:===========================>       79%]
[Progress:============>                 41%] [Cov:===========================>       79%]
[Progress:============>                 41%] [Cov:===========================>       79%]
[Progress:============>                 41%] [Cov:===========================>       79%]
[Progress:============>                 41%] [Cov:===========================>       79%]
[Progress:============>                 41%] [Cov:===========================>       79%]
[Progress:============>                 41%] [Cov:===========================>       79%]
[Progress:============>                 41%] [Cov:===========================>       79%]
[Progress:============>                 41%] [Cov:===========================>       79%]
[Progress:============>                 41%] [Cov:===========================>       79%]
[Progress:============>                 41%] [Cov:===========================>       79%]
[Progress:============>                 41%] [Cov:===========================>       79%]
[Progress:============>                 41%] [Cov:===========================>       79%]
[Progress:============>                 41%] [Cov:===========================>       79%]
[Progress:============>                 41%] [Cov:===========================>       79%]
[Progress:============>                 41%] [Cov:============================>      81%]
[Progress:============>                 41%] [Cov:============================>      81%]
[Progress:============>                 41%] [Cov:============================>      81%]
[Progress:============>                 41%] [Cov:============================>      81%]
[Progress:============>                 41%] [Cov:============================>      81%]
[Progress:============>                 41%] [Cov:============================>      81%]
[Progress:============>                 41%] [Cov:============================>      81%]
[Progress:============>                 41%] [Cov:============================>      81%]
[Progress:============>                 41%] [Cov:============================>      81%]
[Progress:============>                 41%] [Cov:============================>      81%]
[Progress:============>                 41%] [Cov:============================>      81%]
[Progress:============>                 41%] [Cov:============================>      81%]
[Progress:============>                 41%] [Cov:============================>      81%]
[Progress:============>                 41%] [Cov:============================>      81%]
[Progress:============>                 41%] [Cov:============================>      81%]
[Progress:============>                 42%] [Cov:============================>      81%]
[Progress:============>                 42%] [Cov:============================>      81%]
[Progress:============>                 42%] [Cov:============================>      81%]
[Progress:============>                 42%] [Cov:============================>      81%]
[Progress:============>                 42%] [Cov:============================>      81%]
[Progress:============>                 42%] [Cov:============================>      81%]
[Progress:============>                 42%] [Cov:============================>      81%]
[Progress:============>                 42%] [Cov:============================>      81%]
[Progress:============>                 42%] [Cov:============================>      81%]
[Progress:============>                 42%] [Cov:============================>      81%]
[Progress:============>                 42%] [Cov:============================>      81%]
[Progress:============>                 42%] [Cov:============================>      81%]
[Progress:============>                 42%] [Cov:============================>      81%]
[Progress:============>                 42%] [Cov:============================>      81%]
[Progress:============>                 42%] [Cov:============================>      81%]
[Progress:============>                 42%] [Cov:============================>      81%]
[Progress:============>                 42%] [Cov:============================>      81%]
[Progress:============>                 42%] [Cov:============================>      81%]
[Progress:============>                 42%] [Cov:============================>      81%]
[Progress:============>                 42%] [Cov:============================>      81%]
[Progress:============>                 42%] [Cov:============================>      81%]
[Progress:============>                 42%] [Cov:============================>      81%]
[Progress:============>                 42%] [Cov:============================>      81%]
[Progress:============>                 42%] [Cov:============================>      81%]
[Progress:============>                 42%] [Cov:============================>      81%]
[Progress:============>                 43%] [Cov:============================>      81%]
[Progress:============>                 43%] [Cov:============================>      81%]
[Progress:============>                 43%] [Cov:============================>      81%]
[Progress:============>                 43%] [Cov:============================>      81%]
[Progress:============>                 43%] [Cov:============================>      81%]
[Progress:============>                 43%] [Cov:============================>      81%]
[Progress:============>                 43%] [Cov:============================>      81%]
[Progress:============>                 43%] [Cov:============================>      81%]
[Progress:============>                 43%] [Cov:============================>      81%]
[Progress:============>                 43%] [Cov:============================>      81%]
[Progress:============>                 43%] [Cov:============================>      81%]
[Progress:============>                 43%] [Cov:============================>      81%]
[Progress:============>                 43%] [Cov:============================>      81%]
[Progress:============>                 43%] [Cov:============================>      81%]
[Progress:============>                 43%] [Cov:============================>      81%]
[Progress:============>                 43%] [Cov:============================>      81%]
[Progress:============>                 43%] [Cov:============================>      81%]
[Progress:============>                 43%] [Cov:============================>      81%]
[Progress:============>                 43%] [Cov:============================>      81%]
[Progress:============>                 43%] [Cov:============================>      81%]
[Progress:============>                 43%] [Cov:============================>      81%]
[Progress:============>                 43%] [Cov:============================>      81%]
[Progress:============>                 43%] [Cov:============================>      81%]
[Progress:============>                 43%] [Cov:============================>      81%]
[Progress:============>                 43%] [Cov:============================>      81%]
[Progress:=============>                44%] [Cov:============================>      81%]
[Progress:=============>                44%] [Cov:============================>      81%]
[Progress:=============>                44%] [Cov:============================>      81%]
[Progress:=============>                44%] [Cov:============================>      81%]
[Progress:=============>                44%] [Cov:============================>      81%]
[Progress:=============>                44%] [Cov:============================>      81%]
[Progress:=============>                44%] [Cov:============================>      81%]
[Progress:=============>                44%] [Cov:============================>      81%]
[Progress:=============>                44%] [Cov:============================>      81%]
[Progress:=============>                44%] [Cov:============================>      81%]
[Progress:=============>                44%] [Cov:============================>      81%]
[Progress:=============>                44%] [Cov:============================>      81%]
[Progress:=============>                44%] [Cov:============================>      81%]
[Progress:=============>                44%] [Cov:============================>      81%]
[Progress:=============>                44%] [Cov:============================>      81%]
[Progress:=============>                44%] [Cov:============================>      81%]
[Progress:=============>                44%] [Cov:============================>      81%]
[Progress:=============>                44%] [Cov:============================>      81%]
[Progress:=============>                44%] [Cov:============================>      81%]
[Progress:=============>                44%] [Cov:============================>      81%]
[Progress:=============>                44%] [Cov:============================>      81%]
[Progress:=============>                44%] [Cov:============================>      81%]
[Progress:=============>                44%] [Cov:============================>      81%]
[Progress:=============>                44%] [Cov:============================>      81%]
[Progress:=============>                44%] [Cov:============================>      81%]
[Progress:=============>                44%] [Cov:============================>      81%]
[Progress:=============>                44%] [Cov:============================>      81%]
[Progress:=============>                44%] [Cov:============================>      81%]
[Progress:=============>                45%] [Cov:============================>      81%]
[Progress:=============>                45%] [Cov:============================>      81%]
[Progress:=============>                45%] [Cov:============================>      81%]
[Progress:=============>                45%] [Cov:============================>      81%]
[Progress:=============>                45%] [Cov:============================>      81%]
[Progress:=============>                45%] [Cov:============================>      81%]
[Progress:=============>                45%] [Cov:============================>      81%]
[Progress:=============>                45%] [Cov:============================>      81%]
[Progress:=============>                45%] [Cov:============================>      81%]
[Progress:=============>                45%] [Cov:============================>      81%]
[Progress:=============>                45%] [Cov:============================>      81%]
[Progress:=============>                45%] [Cov:============================>      81%]
[Progress:=============>                45%] [Cov:============================>      81%]
[Progress:=============>                45%] [Cov:============================>      81%]
[Progress:=============>                45%] [Cov:============================>      81%]
[Progress:=============>                45%] [Cov:============================>      81%]
[Progress:=============>                45%] [Cov:============================>      81%]
[Progress:=============>                45%] [Cov:============================>      81%]
[Progress:=============>                45%] [Cov:============================>      81%]
[Progress:=============>                45%] [Cov:============================>      81%]
[Progress:=============>                45%] [Cov:============================>      81%]
[Progress:=============>                45%] [Cov:============================>      81%]
[Progress:=============>                45%] [Cov:============================>      81%]
[Progress:=============>                45%] [Cov:============================>      81%]
[Progress:=============>                45%] [Cov:============================>      81%]
[Progress:=============>                45%] [Cov:============================>      81%]
[Progress:=============>                45%] [Cov:============================>      81%]
[Progress:=============>                45%] [Cov:============================>      81%]
[Progress:=============>                45%] [Cov:============================>      81%]
[Progress:=============>                45%] [Cov:============================>      81%]
[Progress:=============>                45%] [Cov:============================>      81%]
[Progress:=============>                45%] [Cov:============================>      81%]
[Progress:=============>                45%] [Cov:============================>      81%]
[Progress:=============>                45%] [Cov:============================>      81%]
[Progress:=============>                45%] [Cov:============================>      81%]
[Progress:=============>                45%] [Cov:============================>      81%]
[Progress:=============>                45%] [Cov:============================>      81%]
[Progress:=============>                45%] [Cov:============================>      81%]
[Progress:=============>                45%] [Cov:============================>      81%]
[Progress:=============>                45%] [Cov:============================>      81%]
[Progress:=============>                45%] [Cov:============================>      81%]
[Progress:=============>                45%] [Cov:============================>      81%]
[Progress:=============>                45%] [Cov:============================>      81%]
[Progress:=============>                45%] [Cov:============================>      81%]
[Progress:=============>                45%] [Cov:============================>      81%]
[Progress:=============>                45%] [Cov:============================>      81%]
[Progress:=============>                45%] [Cov:============================>      81%]
[Progress:=============>                45%] [Cov:============================>      81%]
[Progress:=============>                45%] [Cov:============================>      81%]
[Progress:=============>                45%] [Cov:============================>      81%]
[Progress:=============>                45%] [Cov:============================>      81%]
[Progress:=============>                45%] [Cov:============================>      81%]
[Progress:=============>                46%] [Cov:============================>      81%]
[Progress:=============>                46%] [Cov:============================>      81%]
[Progress:=============>                46%] [Cov:============================>      81%]
[Progress:=============>                46%] [Cov:============================>      81%]
[Progress:=============>                46%] [Cov:============================>      81%]
[Progress:=============>                46%] [Cov:============================>      81%]
[Progress:=============>                46%] [Cov:============================>      81%]
[Progress:=============>                46%] [Cov:============================>      81%]
[Progress:=============>                46%] [Cov:============================>      81%]
[Progress:=============>                46%] [Cov:============================>      81%]
[Progress:=============>                46%] [Cov:============================>      81%]
[Progress:=============>                46%] [Cov:============================>      81%]
[Progress:=============>                46%] [Cov:============================>      81%]
[Progress:=============>                46%] [Cov:============================>      81%]
[Progress:=============>                46%] [Cov:============================>      81%]
[Progress:=============>                46%] [Cov:============================>      81%]
[Progress:=============>                46%] [Cov:============================>      81%]
[Progress:=============>                46%] [Cov:============================>      81%]
[Progress:=============>                46%] [Cov:============================>      81%]
[Progress:=============>                46%] [Cov:============================>      81%]
[Progress:=============>                46%] [Cov:============================>      81%]
[Progress:=============>                46%] [Cov:============================>      81%]
[Progress:=============>                46%] [Cov:============================>      81%]
[Progress:=============>                46%] [Cov:============================>      81%]
[Progress:==============>               47%] [Cov:============================>      81%]
[Progress:==============>               47%] [Cov:============================>      81%]
[Progress:==============>               47%] [Cov:============================>      81%]
[Progress:==============>               47%] [Cov:============================>      81%]
[Progress:==============>               47%] [Cov:============================>      81%]
[Progress:==============>               47%] [Cov:============================>      81%]
[Progress:==============>               47%] [Cov:============================>      81%]
[Progress:==============>               47%] [Cov:============================>      81%]
[Progress:==============>               47%] [Cov:============================>      81%]
[Progress:==============>               47%] [Cov:============================>      81%]
[Progress:==============>               47%] [Cov:============================>      81%]
[Progress:==============>               47%] [Cov:============================>      81%]
[Progress:==============>               47%] [Cov:============================>      81%]
[Progress:==============>               47%] [Cov:============================>      81%]
[Progress:==============>               47%] [Cov:============================>      81%]
[Progress:==============>               47%] [Cov:============================>      81%]
[Progress:==============>               47%] [Cov:============================>      81%]
[Progress:==============>               47%] [Cov:============================>      81%]
[Progress:==============>               47%] [Cov:============================>      81%]
[Progress:==============>               47%] [Cov:============================>      81%]
[Progress:==============>               47%] [Cov:============================>      81%]
[Progress:==============>               47%] [Cov:============================>      81%]
[Progress:==============>               47%] [Cov:============================>      81%]
[Progress:==============>               47%] [Cov:============================>      81%]
[Progress:==============>               47%] [Cov:============================>      81%]
[Progress:==============>               47%] [Cov:============================>      81%]
[Progress:==============>               48%] [Cov:============================>      81%]
[Progress:==============>               48%] [Cov:============================>      81%]
[Progress:==============>               48%] [Cov:============================>      81%]
[Progress:==============>               48%] [Cov:============================>      81%]
[Progress:==============>               48%] [Cov:============================>      81%]
[Progress:==============>               48%] [Cov:============================>      81%]
[Progress:==============>               48%] [Cov:============================>      81%]
[Progress:==============>               48%] [Cov:============================>      81%]
[Progress:==============>               48%] [Cov:============================>      81%]
[Progress:==============>               48%] [Cov:============================>      81%]
[Progress:==============>               48%] [Cov:============================>      81%]
[Progress:==============>               48%] [Cov:============================>      81%]
[Progress:==============>               48%] [Cov:============================>      81%]
[Progress:==============>               48%] [Cov:============================>      81%]
[Progress:==============>               48%] [Cov:============================>      81%]
[Progress:==============>               48%] [Cov:============================>      81%]
[Progress:==============>               48%] [Cov:============================>      81%]
[Progress:==============>               48%] [Cov:============================>      81%]
[Progress:==============>               48%] [Cov:============================>      81%]
[Progress:==============>               48%] [Cov:============================>      81%]
[Progress:==============>               48%] [Cov:============================>      81%]
[Progress:==============>               48%] [Cov:============================>      81%]
[Progress:==============>               48%] [Cov:============================>      81%]
[Progress:==============>               48%] [Cov:============================>      81%]
[Progress:==============>               48%] [Cov:============================>      81%]
[Progress:==============>               48%] [Cov:============================>      81%]
[Progress:==============>               48%] [Cov:============================>      81%]
[Progress:==============>               49%] [Cov:============================>      81%]
[Progress:==============>               49%] [Cov:============================>      81%]
[Progress:==============>               49%] [Cov:============================>      81%]
[Progress:==============>               49%] [Cov:============================>      81%]
[Progress:==============>               49%] [Cov:============================>      81%]
[Progress:==============>               49%] [Cov:============================>      81%]
[Progress:==============>               49%] [Cov:============================>      81%]
[Progress:==============>               49%] [Cov:============================>      81%]
[Progress:==============>               49%] [Cov:============================>      81%]
[Progress:==============>               49%] [Cov:============================>      81%]
[Progress:==============>               49%] [Cov:============================>      81%]
[Progress:==============>               49%] [Cov:============================>      81%]
[Progress:==============>               49%] [Cov:============================>      81%]
[Progress:==============>               49%] [Cov:============================>      81%]
[Progress:==============>               49%] [Cov:============================>      81%]
[Progress:==============>               49%] [Cov:============================>      81%]
[Progress:==============>               49%] [Cov:============================>      81%]
[Progress:==============>               49%] [Cov:============================>      81%]
[Progress:==============>               49%] [Cov:============================>      81%]
[Progress:==============>               49%] [Cov:============================>      81%]
[Progress:==============>               49%] [Cov:============================>      81%]
[Progress:==============>               49%] [Cov:============================>      81%]
[Progress:==============>               49%] [Cov:============================>      81%]
[Progress:==============>               49%] [Cov:============================>      81%]
[Progress:==============>               49%] [Cov:============================>      81%]
[Progress:==============>               49%] [Cov:============================>      81%]
[Progress:==============>               49%] [Cov:============================>      81%]
[Progress:===============>              50%] [Cov:============================>      81%]
[Progress:===============>              50%] [Cov:============================>      81%]
[Progress:===============>              50%] [Cov:============================>      81%]
[Progress:===============>              50%] [Cov:============================>      81%]
[Progress:===============>              50%] [Cov:============================>      81%]
[Progress:===============>              50%] [Cov:============================>      81%]
[Progress:===============>              50%] [Cov:============================>      81%]
[Progress:===============>              50%] [Cov:============================>      81%]
[Progress:===============>              50%] [Cov:============================>      81%]
[Progress:===============>              50%] [Cov:============================>      81%]
[Progress:===============>              50%] [Cov:============================>      81%]
[Progress:===============>              50%] [Cov:============================>      81%]
[Progress:===============>              50%] [Cov:============================>      81%]
[Progress:===============>              50%] [Cov:============================>      81%]
[Progress:===============>              50%] [Cov:============================>      81%]
[Progress:===============>              50%] [Cov:============================>      81%]
[Progress:===============>              50%] [Cov:============================>      81%]
[Progress:===============>              50%] [Cov:============================>      81%]
[Progress:===============>              50%] [Cov:============================>      81%]
[Progress:===============>              50%] [Cov:============================>      81%]
[Progress:===============>              50%] [Cov:============================>      81%]
[Progress:===============>              50%] [Cov:============================>      81%]
[Progress:===============>              50%] [Cov:============================>      81%]
[Progress:===============>              50%] [Cov:============================>      81%]
[Progress:===============>              50%] [Cov:============================>      81%]
[Progress:===============>              50%] [Cov:============================>      81%]
[Progress:===============>              50%] [Cov:============================>      81%]
[Progress:===============>              50%] [Cov:============================>      81%]
[Progress:===============>              50%] [Cov:============================>      81%]
[Progress:===============>              50%] [Cov:============================>      81%]
[Progress:===============>              50%] [Cov:============================>      81%]
[Progress:===============>              50%] [Cov:============================>      81%]
[Progress:===============>              50%] [Cov:============================>      81%]
[Progress:===============>              50%] [Cov:============================>      81%]
[Progress:===============>              50%] [Cov:============================>      81%]
[Progress:===============>              50%] [Cov:============================>      81%]
[Progress:===============>              50%] [Cov:============================>      81%]
[Progress:===============>              50%] [Cov:============================>      81%]
[Progress:===============>              50%] [Cov:============================>      81%]
[Progress:===============>              50%] [Cov:============================>      81%]
[Progress:===============>              50%] [Cov:============================>      81%]
[Progress:===============>              50%] [Cov:============================>      81%]
[Progress:===============>              50%] [Cov:============================>      81%]
[Progress:===============>              50%] [Cov:============================>      81%]
[Progress:===============>              50%] [Cov:============================>      81%]
[Progress:===============>              50%] [Cov:============================>      81%]
[Progress:===============>              50%] [Cov:============================>      81%]
[Progress:===============>              50%] [Cov:============================>      81%]
[Progress:===============>              50%] [Cov:============================>      81%]
[Progress:===============>              50%] [Cov:============================>      81%]
[Progress:===============>              50%] [Cov:============================>      81%]
[Progress:===============>              50%] [Cov:============================>      81%]
[Progress:===============>              50%] [Cov:============================>      81%]
[Progress:===============>              51%] [Cov:============================>      81%]
[Progress:===============>              51%] [Cov:============================>      81%]
[Progress:===============>              51%] [Cov:============================>      81%]
[Progress:===============>              51%] [Cov:============================>      81%]
[Progress:===============>              51%] [Cov:============================>      81%]
[Progress:===============>              51%] [Cov:============================>      81%]
[Progress:===============>              51%] [Cov:============================>      81%]
[Progress:===============>              51%] [Cov:============================>      81%]
[Progress:===============>              51%] [Cov:============================>      81%]
[Progress:===============>              51%] [Cov:============================>      81%]
[Progress:===============>              51%] [Cov:============================>      81%]
[Progress:===============>              51%] [Cov:============================>      81%]
[Progress:===============>              51%] [Cov:============================>      81%]
[Progress:===============>              51%] [Cov:============================>      81%]
[Progress:===============>              51%] [Cov:============================>      81%]
[Progress:===============>              51%] [Cov:============================>      81%]
[Progress:===============>              51%] [Cov:============================>      81%]
[Progress:===============>              51%] [Cov:============================>      81%]
[Progress:===============>              51%] [Cov:============================>      81%]
[Progress:===============>              51%] [Cov:============================>      81%]
[Progress:===============>              51%] [Cov:============================>      81%]
[Progress:===============>              51%] [Cov:============================>      81%]
[Progress:===============>              51%] [Cov:============================>      81%]
[Progress:===============>              51%] [Cov:============================>      81%]
[Progress:===============>              51%] [Cov:============================>      81%]
[Progress:===============>              51%] [Cov:============================>      81%]
[Progress:===============>              52%] [Cov:============================>      81%]
[Progress:===============>              52%] [Cov:============================>      81%]
[Progress:===============>              52%] [Cov:============================>      81%]
[Progress:===============>              52%] [Cov:============================>      81%]
[Progress:===============>              52%] [Cov:============================>      81%]
[Progress:===============>              52%] [Cov:============================>      81%]
[Progress:===============>              52%] [Cov:============================>      81%]
[Progress:===============>              52%] [Cov:============================>      81%]
[Progress:===============>              52%] [Cov:============================>      81%]
[Progress:===============>              52%] [Cov:============================>      81%]
[Progress:===============>              52%] [Cov:============================>      81%]
[Progress:===============>              52%] [Cov:============================>      81%]
[Progress:===============>              52%] [Cov:============================>      81%]
[Progress:===============>              52%] [Cov:============================>      81%]
[Progress:===============>              52%] [Cov:============================>      81%]
[Progress:===============>              52%] [Cov:============================>      81%]
[Progress:===============>              52%] [Cov:============================>      81%]
[Progress:===============>              52%] [Cov:============================>      81%]
[Progress:===============>              52%] [Cov:============================>      81%]
[Progress:===============>              52%] [Cov:============================>      81%]
[Progress:===============>              52%] [Cov:============================>      81%]
[Progress:===============>              52%] [Cov:============================>      81%]
[Progress:===============>              52%] [Cov:============================>      81%]
[Progress:===============>              52%] [Cov:============================>      81%]
[Progress:===============>              52%] [Cov:============================>      81%]
[Progress:===============>              52%] [Cov:============================>      81%]
[Progress:===============>              52%] [Cov:============================>      81%]
[Progress:===============>              53%] [Cov:============================>      81%]
[Progress:===============>              53%] [Cov:============================>      81%]
[Progress:===============>              53%] [Cov:============================>      81%]
[Progress:===============>              53%] [Cov:============================>      81%]
[Progress:===============>              53%] [Cov:============================>      81%]
[Progress:===============>              53%] [Cov:============================>      81%]
[Progress:===============>              53%] [Cov:============================>      81%]
[Progress:===============>              53%] [Cov:============================>      81%]
[Progress:===============>              53%] [Cov:============================>      81%]
[Progress:===============>              53%] [Cov:============================>      81%]
[Progress:===============>              53%] [Cov:============================>      81%]
[Progress:===============>              53%] [Cov:============================>      81%]
[Progress:===============>              53%] [Cov:============================>      81%]
[Progress:===============>              53%] [Cov:============================>      81%]
[Progress:===============>              53%] [Cov:============================>      81%]
[Progress:===============>              53%] [Cov:============================>      81%]
[Progress:===============>              53%] [Cov:============================>      81%]
[Progress:===============>              53%] [Cov:============================>      81%]
[Progress:===============>              53%] [Cov:============================>      81%]
[Progress:===============>              53%] [Cov:============================>      81%]
[Progress:===============>              53%] [Cov:============================>      81%]
[Progress:===============>              53%] [Cov:============================>      81%]
[Progress:===============>              53%] [Cov:============================>      81%]
[Progress:===============>              53%] [Cov:============================>      81%]
[Progress:===============>              53%] [Cov:============================>      81%]
[Progress:===============>              53%] [Cov:============================>      81%]
[Progress:===============>              53%] [Cov:============================>      81%]
[Progress:================>             54%] [Cov:============================>      81%]
[Progress:================>             54%] [Cov:============================>      81%]
[Progress:================>             54%] [Cov:============================>      81%]
[Progress:================>             54%] [Cov:============================>      81%]
[Progress:================>             54%] [Cov:============================>      81%]
[Progress:================>             54%] [Cov:============================>      81%]
[Progress:================>             54%] [Cov:============================>      81%]
[Progress:================>             54%] [Cov:============================>      81%]
[Progress:================>             54%] [Cov:============================>      81%]
[Progress:================>             54%] [Cov:============================>      81%]
[Progress:================>             54%] [Cov:============================>      81%]
[Progress:================>             54%] [Cov:============================>      81%]
[Progress:================>             54%] [Cov:============================>      81%]
[Progress:================>             54%] [Cov:============================>      81%]
[Progress:================>             54%] [Cov:============================>      81%]
[Progress:================>             54%] [Cov:============================>      81%]
[Progress:================>             54%] [Cov:============================>      81%]
[Progress:================>             54%] [Cov:============================>      81%]
[Progress:================>             54%] [Cov:============================>      81%]
[Progress:================>             54%] [Cov:============================>      81%]
[Progress:================>             54%] [Cov:============================>      81%]
[Progress:================>             54%] [Cov:============================>      81%]
[Progress:================>             54%] [Cov:============================>      81%]
[Progress:================>             54%] [Cov:============================>      81%]
[Progress:================>             54%] [Cov:============================>      81%]
[Progress:================>             54%] [Cov:============================>      81%]
[Progress:================>             55%] [Cov:============================>      81%]
[Progress:================>             55%] [Cov:============================>      81%]
[Progress:================>             55%] [Cov:============================>      81%]
[Progress:================>             55%] [Cov:============================>      81%]
[Progress:================>             55%] [Cov:============================>      81%]
[Progress:================>             55%] [Cov:============================>      81%]
[Progress:================>             55%] [Cov:============================>      81%]
[Progress:================>             55%] [Cov:============================>      81%]
[Progress:================>             55%] [Cov:============================>      81%]
[Progress:================>             55%] [Cov:============================>      81%]
[Progress:================>             55%] [Cov:============================>      81%]
[Progress:================>             55%] [Cov:============================>      81%]
[Progress:================>             55%] [Cov:============================>      81%]
[Progress:================>             55%] [Cov:============================>      81%]
[Progress:================>             55%] [Cov:============================>      81%]
[Progress:================>             55%] [Cov:============================>      81%]
[Progress:================>             55%] [Cov:============================>      81%]
[Progress:================>             55%] [Cov:============================>      81%]
[Progress:================>             55%] [Cov:============================>      81%]
[Progress:================>             55%] [Cov:============================>      81%]
[Progress:================>             55%] [Cov:============================>      81%]
[Progress:================>             55%] [Cov:============================>      81%]
[Progress:================>             55%] [Cov:============================>      81%]
[Progress:================>             55%] [Cov:============================>      81%]
[Progress:================>             55%] [Cov:============================>      81%]
[Progress:================>             55%] [Cov:============================>      81%]
[Progress:================>             55%] [Cov:============================>      81%]
[Progress:================>             55%] [Cov:============================>      81%]
[Progress:================>             55%] [Cov:============================>      81%]
[Progress:================>             55%] [Cov:============================>      81%]
[Progress:================>             55%] [Cov:============================>      81%]
[Progress:================>             55%] [Cov:============================>      81%]
[Progress:================>             55%] [Cov:============================>      81%]
[Progress:================>             55%] [Cov:============================>      81%]
[Progress:================>             55%] [Cov:============================>      81%]
[Progress:================>             55%] [Cov:============================>      81%]
[Progress:================>             55%] [Cov:============================>      81%]
[Progress:================>             55%] [Cov:============================>      81%]
[Progress:================>             55%] [Cov:============================>      81%]
[Progress:================>             55%] [Cov:============================>      81%]
[Progress:================>             55%] [Cov:============================>      81%]
[Progress:================>             55%] [Cov:============================>      81%]
[Progress:================>             55%] [Cov:============================>      81%]
[Progress:================>             55%] [Cov:============================>      81%]
[Progress:================>             55%] [Cov:============================>      81%]
[Progress:================>             55%] [Cov:============================>      81%]
[Progress:================>             55%] [Cov:============================>      81%]
[Progress:================>             55%] [Cov:============================>      81%]
[Progress:================>             55%] [Cov:============================>      81%]
[Progress:================>             55%] [Cov:============================>      81%]
[Progress:================>             55%] [Cov:============================>      81%]
[Progress:================>             55%] [Cov:============================>      81%]
[Progress:================>             56%] [Cov:============================>      81%]
[Progress:================>             56%] [Cov:============================>      81%]
[Progress:================>             56%] [Cov:============================>      81%]
[Progress:================>             56%] [Cov:============================>      81%]
[Progress:================>             56%] [Cov:============================>      81%]
[Progress:================>             56%] [Cov:============================>      81%]
[Progress:================>             56%] [Cov:============================>      81%]
[Progress:================>             56%] [Cov:============================>      81%]
[Progress:================>             56%] [Cov:============================>      81%]
[Progress:================>             56%] [Cov:============================>      81%]
[Progress:================>             56%] [Cov:============================>      81%]
[Progress:================>             56%] [Cov:============================>      81%]
[Progress:================>             56%] [Cov:============================>      81%]
[Progress:================>             56%] [Cov:============================>      81%]
[Progress:================>             56%] [Cov:============================>      81%]
[Progress:================>             56%] [Cov:============================>      81%]
[Progress:================>             56%] [Cov:============================>      81%]
[Progress:================>             56%] [Cov:============================>      81%]
[Progress:================>             56%] [Cov:============================>      81%]
[Progress:================>             56%] [Cov:============================>      81%]
[Progress:================>             56%] [Cov:============================>      81%]
[Progress:================>             56%] [Cov:============================>      81%]
[Progress:================>             56%] [Cov:============================>      81%]
[Progress:================>             56%] [Cov:============================>      81%]
[Progress:================>             56%] [Cov:============================>      81%]
[Progress:================>             56%] [Cov:============================>      81%]
[Progress:================>             56%] [Cov:============================>      81%]
[Progress:================>             56%] [Cov:============================>      81%]
[Progress:================>             56%] [Cov:============================>      81%]
[Progress:=================>            57%] [Cov:============================>      81%]
[Progress:=================>            57%] [Cov:============================>      81%]
[Progress:=================>            57%] [Cov:============================>      81%]
[Progress:=================>            57%] [Cov:============================>      81%]
[Progress:=================>            57%] [Cov:============================>      81%]
[Progress:=================>            57%] [Cov:============================>      81%]
[Progress:=================>            57%] [Cov:============================>      81%]
[Progress:=================>            57%] [Cov:============================>      81%]
[Progress:=================>            57%] [Cov:============================>      81%]
[Progress:=================>            57%] [Cov:============================>      81%]
[Progress:=================>            57%] [Cov:============================>      81%]
[Progress:=================>            57%] [Cov:============================>      81%]
[Progress:=================>            57%] [Cov:============================>      81%]
[Progress:=================>            57%] [Cov:============================>      81%]
[Progress:=================>            57%] [Cov:============================>      81%]
[Progress:=================>            57%] [Cov:============================>      81%]
[Progress:=================>            57%] [Cov:============================>      81%]
[Progress:=================>            57%] [Cov:============================>      81%]
[Progress:=================>            57%] [Cov:============================>      81%]
[Progress:=================>            57%] [Cov:============================>      81%]
[Progress:=================>            57%] [Cov:============================>      81%]
[Progress:=================>            57%] [Cov:============================>      81%]
[Progress:=================>            57%] [Cov:============================>      81%]
[Progress:=================>            57%] [Cov:============================>      81%]
[Progress:=================>            57%] [Cov:============================>      81%]
[Progress:=================>            57%] [Cov:============================>      81%]
[Progress:=================>            58%] [Cov:============================>      81%]
[Progress:=================>            58%] [Cov:============================>      81%]
[Progress:=================>            58%] [Cov:============================>      81%]
[Progress:=================>            58%] [Cov:============================>      81%]
[Progress:=================>            58%] [Cov:============================>      81%]
[Progress:=================>            58%] [Cov:============================>      81%]
[Progress:=================>            58%] [Cov:============================>      81%]
[Progress:=================>            58%] [Cov:============================>      81%]
[Progress:=================>            58%] [Cov:============================>      81%]
[Progress:=================>            58%] [Cov:============================>      81%]
[Progress:=================>            58%] [Cov:============================>      81%]
[Progress:=================>            58%] [Cov:============================>      81%]
[Progress:=================>            58%] [Cov:============================>      81%]
[Progress:=================>            58%] [Cov:============================>      81%]
[Progress:=================>            58%] [Cov:============================>      81%]
[Progress:=================>            58%] [Cov:============================>      81%]
[Progress:=================>            58%] [Cov:============================>      81%]
[Progress:=================>            58%] [Cov:============================>      81%]
[Progress:=================>            58%] [Cov:============================>      81%]
[Progress:=================>            58%] [Cov:============================>      81%]
[Progress:=================>            58%] [Cov:============================>      81%]
[Progress:=================>            58%] [Cov:============================>      81%]
[Progress:=================>            58%] [Cov:============================>      81%]
[Progress:=================>            58%] [Cov:============================>      81%]
[Progress:=================>            58%] [Cov:============================>      81%]
[Progress:=================>            58%] [Cov:============================>      81%]
[Progress:=================>            58%] [Cov:============================>      81%]
[Progress:=================>            58%] [Cov:============================>      81%]
[Progress:=================>            58%] [Cov:============================>      81%]
[Progress:=================>            58%] [Cov:============================>      81%]
[Progress:=================>            59%] [Cov:============================>      81%]
[Progress:=================>            59%] [Cov:============================>      81%]
[Progress:=================>            59%] [Cov:============================>      81%]
[Progress:=================>            59%] [Cov:============================>      81%]
[Progress:=================>            59%] [Cov:============================>      81%]
[Progress:=================>            59%] [Cov:============================>      81%]
[Progress:=================>            59%] [Cov:============================>      81%]
[Progress:=================>            59%] [Cov:============================>      81%]
[Progress:=================>            59%] [Cov:============================>      81%]
[Progress:=================>            59%] [Cov:============================>      81%]
[Progress:=================>            59%] [Cov:============================>      81%]
[Progress:=================>            59%] [Cov:============================>      81%]
[Progress:=================>            59%] [Cov:============================>      81%]
[Progress:=================>            59%] [Cov:============================>      81%]
[Progress:=================>            59%] [Cov:============================>      81%]
[Progress:=================>            59%] [Cov:============================>      81%]
[Progress:=================>            59%] [Cov:============================>      81%]
[Progress:=================>            59%] [Cov:============================>      81%]
[Progress:=================>            59%] [Cov:============================>      81%]
[Progress:=================>            59%] [Cov:============================>      81%]
[Progress:=================>            59%] [Cov:============================>      81%]
[Progress:=================>            59%] [Cov:============================>      81%]
[Progress:=================>            59%] [Cov:============================>      81%]
[Progress:=================>            59%] [Cov:============================>      81%]
[Progress:==================>           60%] [Cov:============================>      81%]
[Progress:==================>           60%] [Cov:============================>      81%]
[Progress:==================>           60%] [Cov:============================>      81%]
[Progress:==================>           60%] [Cov:============================>      81%]
[Progress:==================>           60%] [Cov:============================>      81%]
[Progress:==================>           60%] [Cov:============================>      81%]
[Progress:==================>           60%] [Cov:============================>      81%]
[Progress:==================>           60%] [Cov:============================>      81%]
[Progress:==================>           60%] [Cov:============================>      81%]
[Progress:==================>           60%] [Cov:============================>      81%]
[Progress:==================>           60%] [Cov:============================>      81%]
[Progress:==================>           60%] [Cov:============================>      81%]
[Progress:==================>           60%] [Cov:============================>      81%]
[Progress:==================>           60%] [Cov:============================>      81%]
[Progress:==================>           60%] [Cov:============================>      81%]
[Progress:==================>           60%] [Cov:============================>      81%]
[Progress:==================>           60%] [Cov:============================>      81%]
[Progress:==================>           60%] [Cov:============================>      81%]
[Progress:==================>           60%] [Cov:============================>      81%]
[Progress:==================>           60%] [Cov:============================>      81%]
[Progress:==================>           60%] [Cov:============================>      81%]
[Progress:==================>           60%] [Cov:============================>      81%]
[Progress:==================>           60%] [Cov:============================>      81%]
[Progress:==================>           60%] [Cov:============================>      81%]
[Progress:==================>           60%] [Cov:============================>      81%]
[Progress:==================>           60%] [Cov:============================>      81%]
[Progress:==================>           60%] [Cov:============================>      81%]
[Progress:==================>           60%] [Cov:============================>      81%]
[Progress:==================>           60%] [Cov:============================>      81%]
[Progress:==================>           60%] [Cov:============================>      81%]
[Progress:==================>           60%] [Cov:============================>      81%]
[Progress:==================>           60%] [Cov:============================>      81%]
[Progress:==================>           60%] [Cov:============================>      81%]
[Progress:==================>           60%] [Cov:============================>      81%]
[Progress:==================>           60%] [Cov:============================>      81%]
[Progress:==================>           60%] [Cov:============================>      81%]
[Progress:==================>           60%] [Cov:============================>      81%]
[Progress:==================>           60%] [Cov:============================>      81%]
[Progress:==================>           60%] [Cov:============================>      81%]
[Progress:==================>           60%] [Cov:============================>      81%]
[Progress:==================>           60%] [Cov:============================>      81%]
[Progress:==================>           60%] [Cov:============================>      81%]
[Progress:==================>           60%] [Cov:============================>      81%]
[Progress:==================>           60%] [Cov:============================>      81%]
[Progress:==================>           60%] [Cov:============================>      81%]
[Progress:==================>           60%] [Cov:============================>      81%]
[Progress:==================>           60%] [Cov:============================>      81%]
[Progress:==================>           60%] [Cov:============================>      81%]
[Progress:==================>           60%] [Cov:============================>      81%]
[Progress:==================>           60%] [Cov:============================>      81%]
[Progress:==================>           60%] [Cov:============================>      81%]
[Progress:==================>           61%] [Cov:============================>      81%]
[Progress:==================>           61%] [Cov:============================>      81%]
[Progress:==================>           61%] [Cov:============================>      81%]
[Progress:==================>           61%] [Cov:============================>      81%]
[Progress:==================>           61%] [Cov:============================>      81%]
[Progress:==================>           61%] [Cov:============================>      81%]
[Progress:==================>           61%] [Cov:============================>      81%]
[Progress:==================>           61%] [Cov:============================>      81%]
[Progress:==================>           61%] [Cov:============================>      81%]
[Progress:==================>           61%] [Cov:============================>      81%]
[Progress:==================>           61%] [Cov:============================>      81%]
[Progress:==================>           61%] [Cov:============================>      81%]
[Progress:==================>           61%] [Cov:============================>      81%]
[Progress:==================>           61%] [Cov:============================>      81%]
[Progress:==================>           61%] [Cov:============================>      81%]
[Progress:==================>           61%] [Cov:============================>      81%]
[Progress:==================>           61%] [Cov:============================>      81%]
[Progress:==================>           61%] [Cov:============================>      81%]
[Progress:==================>           61%] [Cov:============================>      81%]
[Progress:==================>           61%] [Cov:============================>      81%]
[Progress:==================>           61%] [Cov:============================>      81%]
[Progress:==================>           61%] [Cov:============================>      81%]
[Progress:==================>           61%] [Cov:============================>      81%]
[Progress:==================>           61%] [Cov:============================>      81%]
[Progress:==================>           61%] [Cov:============================>      81%]
[Progress:==================>           61%] [Cov:============================>      81%]
[Progress:==================>           61%] [Cov:============================>      81%]
[Progress:==================>           62%] [Cov:============================>      81%]
[Progress:==================>           62%] [Cov:============================>      81%]
[Progress:==================>           62%] [Cov:============================>      81%]
[Progress:==================>           62%] [Cov:============================>      81%]
[Progress:==================>           62%] [Cov:============================>      81%]
[Progress:==================>           62%] [Cov:============================>      81%]
[Progress:==================>           62%] [Cov:============================>      81%]
[Progress:==================>           62%] [Cov:============================>      81%]
[Progress:==================>           62%] [Cov:============================>      81%]
[Progress:==================>           62%] [Cov:============================>      81%]
[Progress:==================>           62%] [Cov:============================>      81%]
[Progress:==================>           62%] [Cov:============================>      81%]
[Progress:==================>           62%] [Cov:============================>      81%]
[Progress:==================>           62%] [Cov:============================>      81%]
[Progress:==================>           62%] [Cov:============================>      81%]
[Progress:==================>           62%] [Cov:============================>      81%]
[Progress:==================>           62%] [Cov:============================>      81%]
[Progress:==================>           62%] [Cov:============================>      81%]
[Progress:==================>           62%] [Cov:============================>      81%]
[Progress:==================>           62%] [Cov:============================>      81%]
[Progress:==================>           62%] [Cov:============================>      81%]
[Progress:==================>           62%] [Cov:============================>      81%]
[Progress:==================>           62%] [Cov:============================>      81%]
[Progress:==================>           62%] [Cov:============================>      81%]
[Progress:==================>           62%] [Cov:============================>      81%]
[Progress:==================>           62%] [Cov:============================>      81%]
[Progress:==================>           62%] [Cov:============================>      81%]
[Progress:==================>           62%] [Cov:============================>      81%]
[Progress:==================>           63%] [Cov:============================>      81%]
[Progress:==================>           63%] [Cov:============================>      81%]
[Progress:==================>           63%] [Cov:============================>      81%]
[Progress:==================>           63%] [Cov:============================>      81%]
[Progress:==================>           63%] [Cov:============================>      81%]
[Progress:==================>           63%] [Cov:============================>      81%]
[Progress:==================>           63%] [Cov:============================>      81%]
[Progress:==================>           63%] [Cov:============================>      81%]
[Progress:==================>           63%] [Cov:============================>      81%]
[Progress:==================>           63%] [Cov:============================>      81%]
[Progress:==================>           63%] [Cov:============================>      81%]
[Progress:==================>           63%] [Cov:============================>      81%]
[Progress:==================>           63%] [Cov:============================>      81%]
[Progress:==================>           63%] [Cov:============================>      81%]
[Progress:==================>           63%] [Cov:============================>      81%]
[Progress:==================>           63%] [Cov:============================>      81%]
[Progress:==================>           63%] [Cov:============================>      81%]
[Progress:==================>           63%] [Cov:============================>      81%]
[Progress:==================>           63%] [Cov:============================>      81%]
[Progress:==================>           63%] [Cov:============================>      81%]
[Progress:==================>           63%] [Cov:============================>      81%]
[Progress:==================>           63%] [Cov:============================>      81%]
[Progress:==================>           63%] [Cov:============================>      81%]
[Progress:==================>           63%] [Cov:============================>      81%]
[Progress:==================>           63%] [Cov:============================>      81%]
[Progress:==================>           63%] [Cov:============================>      81%]
[Progress:==================>           63%] [Cov:============================>      81%]
[Progress:==================>           63%] [Cov:============================>      81%]
[Progress:==================>           63%] [Cov:============================>      81%]
[Progress:===================>          64%] [Cov:============================>      81%]
[Progress:===================>          64%] [Cov:============================>      81%]
[Progress:===================>          64%] [Cov:============================>      81%]
[Progress:===================>          64%] [Cov:============================>      81%]
[Progress:===================>          64%] [Cov:============================>      81%]
[Progress:===================>          64%] [Cov:============================>      81%]
[Progress:===================>          64%] [Cov:============================>      81%]
[Progress:===================>          64%] [Cov:============================>      81%]
[Progress:===================>          64%] [Cov:============================>      81%]
[Progress:===================>          64%] [Cov:============================>      81%]
[Progress:===================>          64%] [Cov:============================>      81%]
[Progress:===================>          64%] [Cov:============================>      81%]
[Progress:===================>          64%] [Cov:============================>      81%]
[Progress:===================>          64%] [Cov:============================>      81%]
[Progress:===================>          64%] [Cov:============================>      81%]
[Progress:===================>          64%] [Cov:============================>      81%]
[Progress:===================>          64%] [Cov:============================>      81%]
[Progress:===================>          64%] [Cov:============================>      81%]
[Progress:===================>          64%] [Cov:============================>      81%]
[Progress:===================>          64%] [Cov:============================>      81%]
[Progress:===================>          64%] [Cov:============================>      81%]
[Progress:===================>          64%] [Cov:============================>      81%]
[Progress:===================>          64%] [Cov:============================>      81%]
[Progress:===================>          64%] [Cov:============================>      81%]
[Progress:===================>          64%] [Cov:============================>      81%]
[Progress:===================>          64%] [Cov:============================>      81%]
[Progress:===================>          64%] [Cov:============================>      81%]
[Progress:===================>          64%] [Cov:============================>      81%]
[Progress:===================>          64%] [Cov:============================>      81%]
[Progress:===================>          65%] [Cov:============================>      81%]
[Progress:===================>          65%] [Cov:============================>      81%]
[Progress:===================>          65%] [Cov:============================>      81%]
[Progress:===================>          65%] [Cov:============================>      81%]
[Progress:===================>          65%] [Cov:============================>      81%]
[Progress:===================>          65%] [Cov:============================>      81%]
[Progress:===================>          65%] [Cov:============================>      81%]
[Progress:===================>          65%] [Cov:============================>      81%]
[Progress:===================>          65%] [Cov:============================>      81%]
[Progress:===================>          65%] [Cov:============================>      81%]
[Progress:===================>          65%] [Cov:============================>      81%]
[Progress:===================>          65%] [Cov:============================>      81%]
[Progress:===================>          65%] [Cov:============================>      81%]
[Progress:===================>          65%] [Cov:============================>      81%]
[Progress:===================>          65%] [Cov:============================>      81%]
[Progress:===================>          65%] [Cov:============================>      81%]
[Progress:===================>          65%] [Cov:============================>      81%]
[Progress:===================>          65%] [Cov:============================>      81%]
[Progress:===================>          65%] [Cov:============================>      81%]
[Progress:===================>          65%] [Cov:============================>      81%]
[Progress:===================>          65%] [Cov:============================>      81%]
[Progress:===================>          65%] [Cov:============================>      81%]
[Progress:===================>          65%] [Cov:============================>      81%]
[Progress:===================>          65%] [Cov:============================>      81%]
[Progress:===================>          65%] [Cov:============================>      81%]
[Progress:===================>          65%] [Cov:============================>      81%]
[Progress:===================>          65%] [Cov:============================>      81%]
[Progress:===================>          65%] [Cov:============================>      81%]
[Progress:===================>          65%] [Cov:============================>      81%]
[Progress:===================>          65%] [Cov:============================>      81%]
[Progress:===================>          65%] [Cov:============================>      81%]
[Progress:===================>          65%] [Cov:============================>      81%]
[Progress:===================>          65%] [Cov:============================>      81%]
[Progress:===================>          65%] [Cov:============================>      81%]
[Progress:===================>          65%] [Cov:============================>      81%]
[Progress:===================>          65%] [Cov:============================>      81%]
[Progress:===================>          65%] [Cov:============================>      81%]
[Progress:===================>          65%] [Cov:============================>      81%]
[Progress:===================>          65%] [Cov:============================>      81%]
[Progress:===================>          65%] [Cov:============================>      81%]
[Progress:===================>          65%] [Cov:============================>      81%]
[Progress:===================>          65%] [Cov:============================>      81%]
[Progress:===================>          65%] [Cov:============================>      81%]
[Progress:===================>          65%] [Cov:============================>      81%]
[Progress:===================>          65%] [Cov:============================>      81%]
[Progress:===================>          65%] [Cov:============================>      81%]
[Progress:===================>          65%] [Cov:============================>      81%]
[Progress:===================>          65%] [Cov:============================>      81%]
[Progress:===================>          65%] [Cov:============================>      81%]
[Progress:===================>          65%] [Cov:============================>      81%]
[Progress:===================>          65%] [Cov:============================>      81%]
[Progress:===================>          65%] [Cov:============================>      81%]
[Progress:===================>          65%] [Cov:============================>      81%]
[Progress:===================>          65%] [Cov:============================>      81%]
[Progress:===================>          65%] [Cov:============================>      81%]
[Progress:===================>          65%] [Cov:============================>      81%]
[Progress:===================>          66%] [Cov:============================>      81%]
[Progress:===================>          66%] [Cov:============================>      81%]
[Progress:===================>          66%] [Cov:============================>      81%]
[Progress:===================>          66%] [Cov:============================>      81%]
[Progress:===================>          66%] [Cov:============================>      81%]
[Progress:===================>          66%] [Cov:============================>      81%]
[Progress:===================>          66%] [Cov:============================>      81%]
[Progress:===================>          66%] [Cov:============================>      81%]
[Progress:===================>          66%] [Cov:============================>      81%]
[Progress:===================>          66%] [Cov:============================>      81%]
[Progress:===================>          66%] [Cov:============================>      81%]
[Progress:===================>          66%] [Cov:============================>      81%]
[Progress:===================>          66%] [Cov:============================>      81%]
[Progress:===================>          66%] [Cov:============================>      81%]
[Progress:===================>          66%] [Cov:============================>      81%]
[Progress:===================>          66%] [Cov:============================>      81%]
[Progress:===================>          66%] [Cov:============================>      81%]
[Progress:===================>          66%] [Cov:============================>      81%]
[Progress:===================>          66%] [Cov:============================>      81%]
[Progress:===================>          66%] [Cov:============================>      81%]
[Progress:===================>          66%] [Cov:============================>      81%]
[Progress:===================>          66%] [Cov:============================>      81%]
[Progress:===================>          66%] [Cov:============================>      81%]
[Progress:===================>          66%] [Cov:============================>      81%]
[Progress:===================>          66%] [Cov:============================>      81%]
[Progress:===================>          66%] [Cov:============================>      81%]
[Progress:===================>          66%] [Cov:============================>      81%]
[Progress:===================>          66%] [Cov:============================>      81%]
[Progress:===================>          66%] [Cov:============================>      81%]
[Progress:===================>          66%] [Cov:============================>      81%]
[Progress:====================>         67%] [Cov:============================>      81%]
[Progress:====================>         67%] [Cov:============================>      81%]
[Progress:====================>         67%] [Cov:============================>      81%]
[Progress:====================>         67%] [Cov:============================>      81%]
[Progress:====================>         67%] [Cov:============================>      81%]
[Progress:====================>         67%] [Cov:============================>      81%]
[Progress:====================>         67%] [Cov:============================>      81%]
[Progress:====================>         67%] [Cov:============================>      81%]
[Progress:====================>         67%] [Cov:============================>      81%]
[Progress:====================>         67%] [Cov:============================>      81%]
[Progress:====================>         67%] [Cov:============================>      81%]
[Progress:====================>         67%] [Cov:============================>      81%]
[Progress:====================>         67%] [Cov:============================>      81%]
[Progress:====================>         67%] [Cov:============================>      81%]
[Progress:====================>         67%] [Cov:============================>      81%]
[Progress:====================>         67%] [Cov:============================>      81%]
[Progress:====================>         67%] [Cov:============================>      81%]
[Progress:====================>         67%] [Cov:============================>      81%]
[Progress:====================>         67%] [Cov:============================>      81%]
[Progress:====================>         67%] [Cov:============================>      81%]
[Progress:====================>         67%] [Cov:============================>      81%]
[Progress:====================>         67%] [Cov:============================>      81%]
[Progress:====================>         67%] [Cov:============================>      81%]
[Progress:====================>         67%] [Cov:============================>      81%]
[Progress:====================>         67%] [Cov:============================>      81%]
[Progress:====================>         67%] [Cov:============================>      81%]
[Progress:====================>         67%] [Cov:============================>      81%]
[Progress:====================>         67%] [Cov:============================>      81%]
[Progress:====================>         67%] [Cov:============================>      81%]
[Progress:====================>         68%] [Cov:============================>      81%]
[Progress:====================>         68%] [Cov:============================>      81%]
[Progress:====================>         68%] [Cov:============================>      81%]
[Progress:====================>         68%] [Cov:============================>      81%]
[Progress:====================>         68%] [Cov:============================>      81%]
[Progress:====================>         68%] [Cov:============================>      81%]
[Progress:====================>         68%] [Cov:============================>      81%]
[Progress:====================>         68%] [Cov:============================>      81%]
[Progress:====================>         68%] [Cov:============================>      81%]
[Progress:====================>         68%] [Cov:============================>      81%]
[Progress:====================>         68%] [Cov:============================>      81%]
[Progress:====================>         68%] [Cov:============================>      81%]
[Progress:====================>         68%] [Cov:============================>      81%]
[Progress:====================>         68%] [Cov:============================>      81%]
[Progress:====================>         68%] [Cov:============================>      81%]
[Progress:====================>         68%] [Cov:============================>      81%]
[Progress:====================>         68%] [Cov:============================>      81%]
[Progress:====================>         68%] [Cov:============================>      81%]
[Progress:====================>         68%] [Cov:============================>      81%]
[Progress:====================>         68%] [Cov:============================>      81%]
[Progress:====================>         68%] [Cov:============================>      81%]
[Progress:====================>         68%] [Cov:============================>      81%]
[Progress:====================>         68%] [Cov:============================>      81%]
[Progress:====================>         68%] [Cov:============================>      81%]
[Progress:====================>         68%] [Cov:============================>      81%]
[Progress:====================>         68%] [Cov:============================>      81%]
[Progress:====================>         68%] [Cov:============================>      81%]
[Progress:====================>         69%] [Cov:============================>      81%]
[Progress:====================>         69%] [Cov:============================>      81%]
[Progress:====================>         69%] [Cov:============================>      81%]
[Progress:====================>         69%] [Cov:============================>      81%]
[Progress:====================>         69%] [Cov:============================>      81%]
[Progress:====================>         69%] [Cov:============================>      81%]
[Progress:====================>         69%] [Cov:============================>      81%]
[Progress:====================>         69%] [Cov:============================>      81%]
[Progress:====================>         69%] [Cov:============================>      81%]
[Progress:====================>         69%] [Cov:============================>      81%]
[Progress:====================>         69%] [Cov:============================>      81%]
[Progress:====================>         69%] [Cov:============================>      81%]
[Progress:====================>         69%] [Cov:============================>      81%]
[Progress:====================>         69%] [Cov:============================>      81%]
[Progress:====================>         69%] [Cov:============================>      81%]
[Progress:====================>         69%] [Cov:============================>      81%]
[Progress:====================>         69%] [Cov:============================>      81%]
[Progress:====================>         69%] [Cov:============================>      81%]
[Progress:====================>         69%] [Cov:============================>      81%]
[Progress:====================>         69%] [Cov:============================>      81%]
[Progress:====================>         69%] [Cov:============================>      81%]
[Progress:====================>         69%] [Cov:============================>      81%]
[Progress:====================>         69%] [Cov:============================>      81%]
[Progress:====================>         69%] [Cov:============================>      81%]
[Progress:====================>         69%] [Cov:============================>      81%]
[Progress:====================>         69%] [Cov:============================>      81%]
[Progress:====================>         69%] [Cov:============================>      81%]
[Progress:====================>         69%] [Cov:============================>      81%]
[Progress:====================>         69%] [Cov:============================>      81%]
[Progress:=====================>        70%] [Cov:============================>      81%]
[Progress:=====================>        70%] [Cov:============================>      81%]
[Progress:=====================>        70%] [Cov:============================>      81%]
[Progress:=====================>        70%] [Cov:============================>      81%]
[Progress:=====================>        70%] [Cov:============================>      81%]
[Progress:=====================>        70%] [Cov:============================>      81%]
[Progress:=====================>        70%] [Cov:============================>      81%]
[Progress:=====================>        70%] [Cov:============================>      81%]
[Progress:=====================>        70%] [Cov:============================>      81%]
[Progress:=====================>        70%] [Cov:============================>      81%]
[Progress:=====================>        70%] [Cov:============================>      81%]
[Progress:=====================>        70%] [Cov:============================>      81%]
[Progress:=====================>        70%] [Cov:============================>      81%]
[Progress:=====================>        70%] [Cov:============================>      81%]
[Progress:=====================>        70%] [Cov:============================>      81%]
[Progress:=====================>        70%] [Cov:============================>      81%]
[Progress:=====================>        70%] [Cov:============================>      81%]
[Progress:=====================>        70%] [Cov:============================>      81%]
[Progress:=====================>        70%] [Cov:============================>      81%]
[Progress:=====================>        70%] [Cov:============================>      81%]
[Progress:=====================>        70%] [Cov:============================>      81%]
[Progress:=====================>        70%] [Cov:============================>      81%]
[Progress:=====================>        70%] [Cov:============================>      81%]
[Progress:=====================>        70%] [Cov:============================>      81%]
[Progress:=====================>        70%] [Cov:============================>      81%]
[Progress:=====================>        70%] [Cov:============================>      81%]
[Progress:=====================>        70%] [Cov:============================>      81%]
[Progress:=====================>        70%] [Cov:============================>      81%]
[Progress:=====================>        70%] [Cov:============================>      81%]
[Progress:=====================>        70%] [Cov:============================>      81%]
[Progress:=====================>        70%] [Cov:============================>      81%]
[Progress:=====================>        70%] [Cov:============================>      81%]
[Progress:=====================>        70%] [Cov:============================>      81%]
[Progress:=====================>        70%] [Cov:============================>      81%]
[Progress:=====================>        70%] [Cov:============================>      81%]
[Progress:=====================>        70%] [Cov:============================>      81%]
[Progress:=====================>        70%] [Cov:============================>      81%]
[Progress:=====================>        70%] [Cov:============================>      81%]
[Progress:=====================>        70%] [Cov:============================>      81%]
[Progress:=====================>        70%] [Cov:============================>      81%]
[Progress:=====================>        70%] [Cov:============================>      81%]
[Progress:=====================>        70%] [Cov:============================>      81%]
[Progress:=====================>        70%] [Cov:============================>      81%]
[Progress:=====================>        70%] [Cov:============================>      81%]
[Progress:=====================>        70%] [Cov:============================>      81%]
[Progress:=====================>        70%] [Cov:============================>      81%]
[Progress:=====================>        70%] [Cov:============================>      81%]
[Progress:=====================>        70%] [Cov:============================>      81%]
[Progress:=====================>        70%] [Cov:============================>      81%]
[Progress:=====================>        70%] [Cov:============================>      81%]
[Progress:=====================>        70%] [Cov:============================>      81%]
[Progress:=====================>        70%] [Cov:============================>      81%]
[Progress:=====================>        70%] [Cov:============================>      81%]
[Progress:=====================>        70%] [Cov:============================>      81%]
[Progress:=====================>        70%] [Cov:============================>      81%]
[Progress:=====================>        70%] [Cov:============================>      81%]
[Progress:=====================>        70%] [Cov:============================>      81%]
[Progress:=====================>        70%] [Cov:============================>      81%]
[Progress:=====================>        71%] [Cov:============================>      81%]
[Progress:=====================>        71%] [Cov:============================>      81%]
[Progress:=====================>        71%] [Cov:============================>      81%]
[Progress:=====================>        71%] [Cov:============================>      81%]
[Progress:=====================>        71%] [Cov:============================>      81%]
[Progress:=====================>        71%] [Cov:============================>      81%]
[Progress:=====================>        71%] [Cov:============================>      81%]
[Progress:=====================>        71%] [Cov:============================>      81%]
[Progress:=====================>        71%] [Cov:============================>      81%]
[Progress:=====================>        71%] [Cov:============================>      81%]
[Progress:=====================>        71%] [Cov:============================>      81%]
[Progress:=====================>        71%] [Cov:============================>      81%]
[Progress:=====================>        71%] [Cov:============================>      81%]
[Progress:=====================>        71%] [Cov:============================>      81%]
[Progress:=====================>        71%] [Cov:============================>      81%]
[Progress:=====================>        71%] [Cov:============================>      81%]
[Progress:=====================>        71%] [Cov:============================>      81%]
[Progress:=====================>        71%] [Cov:============================>      81%]
[Progress:=====================>        71%] [Cov:============================>      81%]
[Progress:=====================>        71%] [Cov:============================>      81%]
[Progress:=====================>        71%] [Cov:============================>      81%]
[Progress:=====================>        71%] [Cov:============================>      81%]
[Progress:=====================>        71%] [Cov:============================>      81%]
[Progress:=====================>        71%] [Cov:============================>      81%]
[Progress:=====================>        71%] [Cov:============================>      81%]
[Progress:=====================>        71%] [Cov:============================>      81%]
[Progress:=====================>        71%] [Cov:============================>      81%]
[Progress:=====================>        71%] [Cov:============================>      81%]
[Progress:=====================>        71%] [Cov:============================>      81%]
[Progress:=====================>        72%] [Cov:============================>      81%]
[Progress:=====================>        72%] [Cov:============================>      81%]
[Progress:=====================>        72%] [Cov:============================>      81%]
[Progress:=====================>        72%] [Cov:============================>      81%]
[Progress:=====================>        72%] [Cov:============================>      81%]
[Progress:=====================>        72%] [Cov:============================>      81%]
[Progress:=====================>        72%] [Cov:============================>      81%]
[Progress:=====================>        72%] [Cov:============================>      81%]
[Progress:=====================>        72%] [Cov:============================>      81%]
[Progress:=====================>        72%] [Cov:============================>      81%]
[Progress:=====================>        72%] [Cov:============================>      81%]
[Progress:=====================>        72%] [Cov:============================>      81%]
[Progress:=====================>        72%] [Cov:============================>      81%]
[Progress:=====================>        72%] [Cov:============================>      81%]
[Progress:=====================>        72%] [Cov:============================>      81%]
[Progress:=====================>        72%] [Cov:============================>      81%]
[Progress:=====================>        72%] [Cov:============================>      81%]
[Progress:=====================>        72%] [Cov:============================>      81%]
[Progress:=====================>        72%] [Cov:============================>      81%]
[Progress:=====================>        72%] [Cov:============================>      81%]
[Progress:=====================>        72%] [Cov:============================>      81%]
[Progress:=====================>        72%] [Cov:============================>      81%]
[Progress:=====================>        72%] [Cov:============================>      81%]
[Progress:=====================>        72%] [Cov:============================>      81%]
[Progress:=====================>        72%] [Cov:============================>      81%]
[Progress:=====================>        72%] [Cov:============================>      81%]
[Progress:=====================>        72%] [Cov:============================>      81%]
[Progress:=====================>        72%] [Cov:============================>      81%]
[Progress:=====================>        72%] [Cov:============================>      81%]
[Progress:=====================>        72%] [Cov:============================>      81%]
[Progress:=====================>        72%] [Cov:============================>      81%]
[Progress:=====================>        73%] [Cov:============================>      81%]
[Progress:=====================>        73%] [Cov:============================>      81%]
[Progress:=====================>        73%] [Cov:============================>      81%]
[Progress:=====================>        73%] [Cov:============================>      81%]
[Progress:=====================>        73%] [Cov:============================>      81%]
[Progress:=====================>        73%] [Cov:============================>      81%]
[Progress:=====================>        73%] [Cov:============================>      81%]
[Progress:=====================>        73%] [Cov:============================>      81%]
[Progress:=====================>        73%] [Cov:============================>      81%]
[Progress:=====================>        73%] [Cov:============================>      81%]
[Progress:=====================>        73%] [Cov:============================>      81%]
[Progress:=====================>        73%] [Cov:============================>      81%]
[Progress:=====================>        73%] [Cov:============================>      81%]
[Progress:=====================>        73%] [Cov:============================>      81%]
[Progress:=====================>        73%] [Cov:============================>      81%]
[Progress:=====================>        73%] [Cov:============================>      81%]
[Progress:=====================>        73%] [Cov:============================>      81%]
[Progress:=====================>        73%] [Cov:============================>      81%]
[Progress:=====================>        73%] [Cov:============================>      81%]
[Progress:=====================>        73%] [Cov:============================>      81%]
[Progress:=====================>        73%] [Cov:============================>      81%]
[Progress:=====================>        73%] [Cov:============================>      81%]
[Progress:=====================>        73%] [Cov:============================>      81%]
[Progress:=====================>        73%] [Cov:============================>      81%]
[Progress:=====================>        73%] [Cov:============================>      81%]
[Progress:=====================>        73%] [Cov:============================>      81%]
[Progress:=====================>        73%] [Cov:============================>      81%]
[Progress:=====================>        73%] [Cov:============================>      81%]
[Progress:=====================>        73%] [Cov:============================>      81%]
[Progress:=====================>        73%] [Cov:============================>      81%]
[Progress:======================>       74%] [Cov:============================>      81%]
[Progress:======================>       74%] [Cov:============================>      81%]
[Progress:======================>       74%] [Cov:============================>      81%]
[Progress:======================>       74%] [Cov:============================>      81%]
[Progress:======================>       74%] [Cov:============================>      81%]
[Progress:======================>       74%] [Cov:============================>      81%]
[Progress:======================>       74%] [Cov:============================>      81%]
[Progress:======================>       74%] [Cov:============================>      81%]
[Progress:======================>       74%] [Cov:============================>      81%]
[Progress:======================>       74%] [Cov:============================>      81%]
[Progress:======================>       74%] [Cov:============================>      81%]
[Progress:======================>       74%] [Cov:============================>      81%]
[Progress:======================>       74%] [Cov:============================>      81%]
[Progress:======================>       74%] [Cov:============================>      81%]
[Progress:======================>       74%] [Cov:============================>      81%]
[Progress:======================>       74%] [Cov:============================>      81%]
[Progress:======================>       74%] [Cov:============================>      81%]
[Progress:======================>       74%] [Cov:============================>      81%]
[Progress:======================>       74%] [Cov:============================>      81%]
[Progress:======================>       74%] [Cov:============================>      81%]
[Progress:======================>       74%] [Cov:============================>      81%]
[Progress:======================>       74%] [Cov:============================>      81%]
[Progress:======================>       74%] [Cov:============================>      81%]
[Progress:======================>       74%] [Cov:============================>      81%]
[Progress:======================>       74%] [Cov:============================>      81%]
[Progress:======================>       74%] [Cov:============================>      81%]
[Progress:======================>       74%] [Cov:============================>      81%]
[Progress:======================>       74%] [Cov:============================>      81%]
[Progress:======================>       74%] [Cov:============================>      81%]
[Progress:======================>       74%] [Cov:============================>      81%]
[Progress:======================>       74%] [Cov:============================>      81%]
[Progress:======================>       75%] [Cov:============================>      81%]
[Progress:======================>       75%] [Cov:============================>      81%]
[Progress:======================>       75%] [Cov:============================>      81%]
[Progress:======================>       75%] [Cov:============================>      81%]
[Progress:======================>       75%] [Cov:============================>      81%]
[Progress:======================>       75%] [Cov:============================>      81%]
[Progress:======================>       75%] [Cov:============================>      81%]
[Progress:======================>       75%] [Cov:============================>      81%]
[Progress:======================>       75%] [Cov:============================>      81%]
[Progress:======================>       75%] [Cov:============================>      81%]
[Progress:======================>       75%] [Cov:============================>      81%]
[Progress:======================>       75%] [Cov:============================>      81%]
[Progress:======================>       75%] [Cov:============================>      81%]
[Progress:======================>       75%] [Cov:============================>      81%]
[Progress:======================>       75%] [Cov:============================>      81%]
[Progress:======================>       75%] [Cov:============================>      81%]
[Progress:======================>       75%] [Cov:============================>      81%]
[Progress:======================>       75%] [Cov:============================>      81%]
[Progress:======================>       75%] [Cov:============================>      81%]
[Progress:======================>       75%] [Cov:============================>      81%]
[Progress:======================>       75%] [Cov:============================>      81%]
[Progress:======================>       75%] [Cov:============================>      81%]
[Progress:======================>       75%] [Cov:============================>      81%]
[Progress:======================>       75%] [Cov:============================>      81%]
[Progress:======================>       75%] [Cov:============================>      81%]
[Progress:======================>       75%] [Cov:============================>      81%]
[Progress:======================>       75%] [Cov:============================>      81%]
[Progress:======================>       75%] [Cov:============================>      81%]
[Progress:======================>       75%] [Cov:============================>      81%]
[Progress:======================>       75%] [Cov:============================>      81%]
[Progress:======================>       75%] [Cov:============================>      81%]
[Progress:======================>       75%] [Cov:============================>      81%]
[Progress:======================>       75%] [Cov:============================>      81%]
[Progress:======================>       75%] [Cov:============================>      81%]
[Progress:======================>       75%] [Cov:============================>      81%]
[Progress:======================>       75%] [Cov:============================>      81%]
[Progress:======================>       75%] [Cov:============================>      81%]
[Progress:======================>       75%] [Cov:============================>      81%]
[Progress:======================>       75%] [Cov:============================>      81%]
[Progress:======================>       75%] [Cov:============================>      81%]
[Progress:======================>       75%] [Cov:============================>      81%]
[Progress:======================>       75%] [Cov:============================>      81%]
[Progress:======================>       75%] [Cov:============================>      81%]
[Progress:======================>       75%] [Cov:============================>      81%]
[Progress:======================>       75%] [Cov:============================>      81%]
[Progress:======================>       75%] [Cov:============================>      81%]
[Progress:======================>       75%] [Cov:============================>      81%]
[Progress:======================>       75%] [Cov:============================>      81%]
[Progress:======================>       75%] [Cov:============================>      81%]
[Progress:======================>       75%] [Cov:============================>      81%]
[Progress:======================>       75%] [Cov:============================>      81%]
[Progress:======================>       75%] [Cov:============================>      81%]
[Progress:======================>       75%] [Cov:============================>      81%]
[Progress:======================>       75%] [Cov:============================>      81%]
[Progress:======================>       75%] [Cov:============================>      81%]
[Progress:======================>       75%] [Cov:============================>      81%]
[Progress:======================>       75%] [Cov:============================>      81%]
[Progress:======================>       75%] [Cov:============================>      81%]
[Progress:======================>       76%] [Cov:============================>      81%]
[Progress:======================>       76%] [Cov:============================>      81%]
[Progress:======================>       76%] [Cov:============================>      81%]
[Progress:======================>       76%] [Cov:============================>      81%]
[Progress:======================>       76%] [Cov:============================>      81%]
[Progress:======================>       76%] [Cov:============================>      81%]
[Progress:======================>       76%] [Cov:============================>      81%]
[Progress:======================>       76%] [Cov:============================>      81%]
[Progress:======================>       76%] [Cov:============================>      81%]
[Progress:======================>       76%] [Cov:============================>      81%]
[Progress:======================>       76%] [Cov:============================>      81%]
[Progress:======================>       76%] [Cov:============================>      81%]
[Progress:======================>       76%] [Cov:============================>      81%]
[Progress:======================>       76%] [Cov:============================>      81%]
[Progress:======================>       76%] [Cov:============================>      81%]
[Progress:======================>       76%] [Cov:============================>      81%]
[Progress:======================>       76%] [Cov:============================>      81%]
[Progress:======================>       76%] [Cov:============================>      81%]
[Progress:======================>       76%] [Cov:============================>      81%]
[Progress:======================>       76%] [Cov:============================>      81%]
[Progress:======================>       76%] [Cov:============================>      81%]
[Progress:======================>       76%] [Cov:============================>      81%]
[Progress:======================>       76%] [Cov:============================>      81%]
[Progress:======================>       76%] [Cov:============================>      81%]
[Progress:======================>       76%] [Cov:============================>      81%]
[Progress:======================>       76%] [Cov:============================>      81%]
[Progress:=======================>      77%] [Cov:============================>      81%]
[Progress:=======================>      77%] [Cov:============================>      81%]
[Progress:=======================>      77%] [Cov:============================>      81%]
[Progress:=======================>      77%] [Cov:============================>      81%]
[Progress:=======================>      77%] [Cov:============================>      81%]
[Progress:=======================>      77%] [Cov:============================>      81%]
[Progress:=======================>      77%] [Cov:============================>      81%]
[Progress:=======================>      77%] [Cov:============================>      81%]
[Progress:=======================>      77%] [Cov:============================>      81%]
[Progress:=======================>      77%] [Cov:============================>      81%]
[Progress:=======================>      77%] [Cov:============================>      81%]
[Progress:=======================>      77%] [Cov:============================>      81%]
[Progress:=======================>      77%] [Cov:============================>      81%]
[Progress:=======================>      77%] [Cov:============================>      81%]
[Progress:=======================>      77%] [Cov:============================>      81%]
[Progress:=======================>      77%] [Cov:============================>      81%]
[Progress:=======================>      77%] [Cov:============================>      81%]
[Progress:=======================>      77%] [Cov:============================>      81%]
[Progress:=======================>      77%] [Cov:============================>      81%]
[Progress:=======================>      77%] [Cov:============================>      81%]
[Progress:=======================>      77%] [Cov:============================>      81%]
[Progress:=======================>      77%] [Cov:============================>      81%]
[Progress:=======================>      77%] [Cov:============================>      81%]
[Progress:=======================>      77%] [Cov:============================>      81%]
[Progress:=======================>      77%] [Cov:============================>      81%]
[Progress:=======================>      77%] [Cov:============================>      81%]
[Progress:=======================>      77%] [Cov:============================>      81%]
[Progress:=======================>      77%] [Cov:============================>      81%]
[Progress:=======================>      77%] [Cov:============================>      81%]
[Progress:=======================>      77%] [Cov:============================>      81%]
[Progress:=======================>      77%] [Cov:============================>      81%]
[Progress:=======================>      78%] [Cov:============================>      81%]
[Progress:=======================>      78%] [Cov:============================>      81%]
[Progress:=======================>      78%] [Cov:============================>      81%]
[Progress:=======================>      78%] [Cov:============================>      81%]
[Progress:=======================>      78%] [Cov:============================>      81%]
[Progress:=======================>      78%] [Cov:============================>      81%]
[Progress:=======================>      78%] [Cov:============================>      81%]
[Progress:=======================>      78%] [Cov:============================>      81%]
[Progress:=======================>      78%] [Cov:============================>      81%]
[Progress:=======================>      78%] [Cov:============================>      81%]
[Progress:=======================>      78%] [Cov:============================>      81%]
[Progress:=======================>      78%] [Cov:============================>      81%]
[Progress:=======================>      78%] [Cov:============================>      81%]
[Progress:=======================>      78%] [Cov:============================>      81%]
[Progress:=======================>      78%] [Cov:============================>      81%]
[Progress:=======================>      78%] [Cov:============================>      81%]
[Progress:=======================>      78%] [Cov:============================>      81%]
[Progress:=======================>      78%] [Cov:============================>      81%]
[Progress:=======================>      78%] [Cov:============================>      81%]
[Progress:=======================>      78%] [Cov:============================>      81%]
[Progress:=======================>      78%] [Cov:============================>      81%]
[Progress:=======================>      78%] [Cov:============================>      81%]
[Progress:=======================>      78%] [Cov:============================>      81%]
[Progress:=======================>      78%] [Cov:============================>      81%]
[Progress:=======================>      78%] [Cov:============================>      81%]
[Progress:=======================>      78%] [Cov:============================>      81%]
[Progress:=======================>      78%] [Cov:============================>      81%]
[Progress:=======================>      79%] [Cov:============================>      81%]
[Progress:=======================>      79%] [Cov:============================>      81%]
[Progress:=======================>      79%] [Cov:============================>      81%]
[Progress:=======================>      79%] [Cov:============================>      81%]
[Progress:=======================>      79%] [Cov:============================>      81%]
[Progress:=======================>      79%] [Cov:============================>      81%]
[Progress:=======================>      79%] [Cov:============================>      81%]
[Progress:=======================>      79%] [Cov:============================>      81%]
[Progress:=======================>      79%] [Cov:============================>      81%]
[Progress:=======================>      79%] [Cov:============================>      81%]
[Progress:=======================>      79%] [Cov:============================>      81%]
[Progress:=======================>      79%] [Cov:============================>      81%]
[Progress:=======================>      79%] [Cov:============================>      81%]
[Progress:=======================>      79%] [Cov:============================>      81%]
[Progress:=======================>      79%] [Cov:============================>      81%]
[Progress:=======================>      79%] [Cov:============================>      81%]
[Progress:=======================>      79%] [Cov:============================>      81%]
[Progress:=======================>      79%] [Cov:============================>      81%]
[Progress:=======================>      79%] [Cov:============================>      81%]
[Progress:=======================>      79%] [Cov:============================>      81%]
[Progress:=======================>      79%] [Cov:============================>      81%]
[Progress:========================>     80%] [Cov:============================>      81%]
[Progress:========================>     80%] [Cov:============================>      81%]
[Progress:========================>     80%] [Cov:============================>      81%]
[Progress:========================>     80%] [Cov:============================>      81%]
[Progress:========================>     80%] [Cov:============================>      81%]
[Progress:========================>     80%] [Cov:============================>      81%]
[Progress:========================>     80%] [Cov:============================>      81%]
[Progress:========================>     80%] [Cov:============================>      81%]
[Progress:========================>     80%] [Cov:============================>      81%]
[Progress:========================>     80%] [Cov:============================>      81%]
[Progress:========================>     80%] [Cov:============================>      81%]
[Progress:========================>     80%] [Cov:============================>      81%]
[Progress:========================>     80%] [Cov:============================>      81%]
[Progress:========================>     80%] [Cov:============================>      81%]
[Progress:========================>     80%] [Cov:============================>      81%]
[Progress:========================>     80%] [Cov:============================>      81%]
[Progress:========================>     80%] [Cov:============================>      81%]
[Progress:========================>     80%] [Cov:============================>      81%]
[Progress:========================>     80%] [Cov:============================>      81%]
[Progress:========================>     80%] [Cov:============================>      81%]
[Progress:========================>     80%] [Cov:============================>      81%]
[Progress:========================>     80%] [Cov:============================>      81%]
[Progress:========================>     80%] [Cov:============================>      81%]
[Progress:========================>     80%] [Cov:============================>      81%]
[Progress:========================>     80%] [Cov:============================>      81%]
[Progress:========================>     80%] [Cov:============================>      81%]
[Progress:========================>     80%] [Cov:============================>      81%]
[Progress:========================>     80%] [Cov:============================>      81%]
[Progress:========================>     80%] [Cov:============================>      81%]
[Progress:========================>     80%] [Cov:============================>      81%]
[Progress:========================>     80%] [Cov:============================>      81%]
[Progress:========================>     80%] [Cov:============================>      81%]
[Progress:========================>     80%] [Cov:============================>      81%]
[Progress:========================>     80%] [Cov:============================>      81%]
[Progress:========================>     80%] [Cov:============================>      81%]
[Progress:========================>     80%] [Cov:============================>      81%]
[Progress:========================>     80%] [Cov:============================>      81%]
[Progress:========================>     80%] [Cov:============================>      81%]
[Progress:========================>     80%] [Cov:============================>      81%]
[Progress:========================>     80%] [Cov:============================>      81%]
[Progress:========================>     80%] [Cov:============================>      81%]
[Progress:========================>     80%] [Cov:============================>      81%]
[Progress:========================>     80%] [Cov:============================>      81%]
[Progress:========================>     80%] [Cov:============================>      81%]
[Progress:========================>     80%] [Cov:============================>      81%]
[Progress:========================>     80%] [Cov:============================>      81%]
[Progress:========================>     80%] [Cov:============================>      81%]
[Progress:========================>     80%] [Cov:============================>      81%]
[Progress:========================>     80%] [Cov:============================>      81%]
[Progress:========================>     80%] [Cov:============================>      81%]
[Progress:========================>     80%] [Cov:============================>      81%]
[Progress:========================>     80%] [Cov:============================>      81%]
[Progress:========================>     80%] [Cov:============================>      81%]
[Progress:========================>     80%] [Cov:============================>      81%]
[Progress:========================>     80%] [Cov:============================>      81%]
[Progress:========================>     80%] [Cov:============================>      81%]
[Progress:========================>     80%] [Cov:============================>      81%]
[Progress:========================>     81%] [Cov:============================>      81%]
[Progress:========================>     81%] [Cov:============================>      81%]
[Progress:========================>     81%] [Cov:============================>      81%]
[Progress:========================>     81%] [Cov:============================>      81%]
[Progress:========================>     81%] [Cov:============================>      81%]
[Progress:========================>     81%] [Cov:============================>      81%]
[Progress:========================>     81%] [Cov:============================>      81%]
[Progress:========================>     81%] [Cov:============================>      81%]
[Progress:========================>     81%] [Cov:============================>      81%]
[Progress:========================>     81%] [Cov:============================>      81%]
[Progress:========================>     81%] [Cov:============================>      81%]
[Progress:========================>     81%] [Cov:============================>      81%]
[Progress:========================>     81%] [Cov:============================>      81%]
[Progress:========================>     81%] [Cov:============================>      81%]
[Progress:========================>     81%] [Cov:============================>      81%]
[Progress:========================>     81%] [Cov:============================>      81%]
[Progress:========================>     81%] [Cov:============================>      81%]
[Progress:========================>     81%] [Cov:============================>      81%]
[Progress:========================>     81%] [Cov:============================>      81%]
[Progress:========================>     81%] [Cov:============================>      81%]
[Progress:========================>     81%] [Cov:============================>      81%]
[Progress:========================>     81%] [Cov:============================>      81%]
[Progress:========================>     81%] [Cov:============================>      81%]
[Progress:========================>     81%] [Cov:============================>      81%]
[Progress:========================>     81%] [Cov:============================>      81%]
[Progress:========================>     81%] [Cov:============================>      81%]
[Progress:========================>     81%] [Cov:============================>      81%]
[Progress:========================>     81%] [Cov:============================>      81%]
[Progress:========================>     81%] [Cov:============================>      81%]
[Progress:========================>     81%] [Cov:============================>      81%]
[Progress:========================>     82%] [Cov:============================>      81%]
[Progress:========================>     82%] [Cov:============================>      81%]
[Progress:========================>     82%] [Cov:============================>      81%]
[Progress:========================>     82%] [Cov:============================>      81%]
[Progress:========================>     82%] [Cov:============================>      81%]
[Progress:========================>     82%] [Cov:============================>      81%]
[Progress:========================>     82%] [Cov:============================>      81%]
[Progress:========================>     82%] [Cov:============================>      81%]
[Progress:========================>     82%] [Cov:============================>      81%]
[Progress:========================>     82%] [Cov:============================>      81%]
[Progress:========================>     82%] [Cov:============================>      81%]
[Progress:========================>     82%] [Cov:============================>      81%]
[Progress:========================>     82%] [Cov:============================>      81%]
[Progress:========================>     82%] [Cov:============================>      81%]
[Progress:========================>     82%] [Cov:============================>      81%]
[Progress:========================>     82%] [Cov:============================>      81%]
[Progress:========================>     82%] [Cov:============================>      81%]
[Progress:========================>     82%] [Cov:============================>      81%]
[Progress:========================>     82%] [Cov:============================>      81%]
[Progress:========================>     82%] [Cov:============================>      81%]
[Progress:========================>     82%] [Cov:============================>      81%]
[Progress:========================>     82%] [Cov:============================>      81%]
[Progress:========================>     82%] [Cov:============================>      81%]
[Progress:========================>     82%] [Cov:============================>      81%]
[Progress:========================>     82%] [Cov:============================>      81%]
[Progress:========================>     82%] [Cov:============================>      81%]
[Progress:========================>     82%] [Cov:============================>      81%]
[Progress:========================>     82%] [Cov:============================>      81%]
[Progress:========================>     82%] [Cov:============================>      81%]
[Progress:========================>     82%] [Cov:============================>      81%]
[Progress:========================>     83%] [Cov:============================>      81%]
[Progress:========================>     83%] [Cov:============================>      81%]
[Progress:========================>     83%] [Cov:============================>      81%]
[Progress:========================>     83%] [Cov:============================>      81%]
[Progress:========================>     83%] [Cov:============================>      81%]
[Progress:========================>     83%] [Cov:============================>      81%]
[Progress:========================>     83%] [Cov:============================>      81%]
[Progress:========================>     83%] [Cov:============================>      81%]
[Progress:========================>     83%] [Cov:============================>      81%]
[Progress:========================>     83%] [Cov:============================>      81%]
[Progress:========================>     83%] [Cov:============================>      81%]
[Progress:========================>     83%] [Cov:============================>      81%]
[Progress:========================>     83%] [Cov:============================>      81%]
[Progress:========================>     83%] [Cov:============================>      81%]
[Progress:========================>     83%] [Cov:============================>      81%]
[Progress:========================>     83%] [Cov:============================>      81%]
[Progress:========================>     83%] [Cov:============================>      81%]
[Progress:========================>     83%] [Cov:============================>      81%]
[Progress:========================>     83%] [Cov:============================>      81%]
[Progress:========================>     83%] [Cov:============================>      81%]
[Progress:========================>     83%] [Cov:============================>      81%]
[Progress:========================>     83%] [Cov:============================>      81%]
[Progress:========================>     83%] [Cov:============================>      81%]
[Progress:========================>     83%] [Cov:============================>      81%]
[Progress:========================>     83%] [Cov:============================>      81%]
[Progress:========================>     83%] [Cov:============================>      81%]
[Progress:========================>     83%] [Cov:============================>      81%]
[Progress:========================>     83%] [Cov:============================>      81%]
[Progress:========================>     83%] [Cov:============================>      81%]
[Progress:========================>     83%] [Cov:============================>      81%]
[Progress:========================>     83%] [Cov:============================>      81%]
[Progress:=========================>    84%] [Cov:============================>      81%]
[Progress:=========================>    84%] [Cov:============================>      81%]
[Progress:=========================>    84%] [Cov:============================>      81%]
[Progress:=========================>    84%] [Cov:============================>      81%]
[Progress:=========================>    84%] [Cov:============================>      81%]
[Progress:=========================>    84%] [Cov:============================>      81%]
[Progress:=========================>    84%] [Cov:============================>      81%]
[Progress:=========================>    84%] [Cov:============================>      81%]
[Progress:=========================>    84%] [Cov:============================>      81%]
[Progress:=========================>    84%] [Cov:============================>      81%]
[Progress:=========================>    84%] [Cov:============================>      81%]
[Progress:=========================>    84%] [Cov:============================>      81%]
[Progress:=========================>    84%] [Cov:============================>      81%]
[Progress:=========================>    84%] [Cov:============================>      81%]
[Progress:=========================>    84%] [Cov:============================>      81%]
[Progress:=========================>    84%] [Cov:============================>      81%]
[Progress:=========================>    84%] [Cov:============================>      81%]
[Progress:=========================>    84%] [Cov:============================>      81%]
[Progress:=========================>    84%] [Cov:============================>      81%]
[Progress:=========================>    84%] [Cov:============================>      81%]
[Progress:=========================>    84%] [Cov:============================>      81%]
[Progress:=========================>    84%] [Cov:============================>      81%]
[Progress:=========================>    84%] [Cov:============================>      81%]
[Progress:=========================>    84%] [Cov:============================>      81%]
[Progress:=========================>    84%] [Cov:============================>      81%]
[Progress:=========================>    84%] [Cov:============================>      81%]
[Progress:=========================>    84%] [Cov:============================>      81%]
[Progress:=========================>    84%] [Cov:============================>      81%]
[Progress:=========================>    85%] [Cov:============================>      81%]
[Progress:=========================>    85%] [Cov:============================>      81%]
[Progress:=========================>    85%] [Cov:============================>      81%]
[Progress:=========================>    85%] [Cov:============================>      81%]
[Progress:=========================>    85%] [Cov:============================>      81%]
[Progress:=========================>    85%] [Cov:============================>      81%]
[Progress:=========================>    85%] [Cov:============================>      81%]
[Progress:=========================>    85%] [Cov:============================>      81%]
[Progress:=========================>    85%] [Cov:============================>      81%]
[Progress:=========================>    85%] [Cov:============================>      81%]
[Progress:=========================>    85%] [Cov:============================>      81%]
[Progress:=========================>    85%] [Cov:============================>      81%]
[Progress:=========================>    85%] [Cov:============================>      81%]
[Progress:=========================>    85%] [Cov:============================>      81%]
[Progress:=========================>    85%] [Cov:============================>      81%]
[Progress:=========================>    85%] [Cov:============================>      81%]
[Progress:=========================>    85%] [Cov:============================>      81%]
[Progress:=========================>    85%] [Cov:============================>      81%]
[Progress:=========================>    85%] [Cov:============================>      81%]
[Progress:=========================>    85%] [Cov:============================>      81%]
[Progress:=========================>    85%] [Cov:============================>      81%]
[Progress:=========================>    85%] [Cov:============================>      81%]
[Progress:=========================>    85%] [Cov:============================>      81%]
[Progress:=========================>    85%] [Cov:============================>      81%]
[Progress:=========================>    85%] [Cov:============================>      81%]
[Progress:=========================>    85%] [Cov:============================>      81%]
[Progress:=========================>    85%] [Cov:============================>      81%]
[Progress:=========================>    85%] [Cov:============================>      81%]
[Progress:=========================>    85%] [Cov:============================>      81%]
[Progress:=========================>    85%] [Cov:============================>      81%]
[Progress:=========================>    85%] [Cov:============================>      81%]
[Progress:=========================>    85%] [Cov:============================>      81%]
[Progress:=========================>    85%] [Cov:============================>      81%]
[Progress:=========================>    85%] [Cov:============================>      81%]
[Progress:=========================>    85%] [Cov:============================>      81%]
[Progress:=========================>    85%] [Cov:============================>      81%]
[Progress:=========================>    85%] [Cov:============================>      81%]
[Progress:=========================>    85%] [Cov:============================>      81%]
[Progress:=========================>    85%] [Cov:============================>      81%]
[Progress:=========================>    85%] [Cov:============================>      81%]
[Progress:=========================>    85%] [Cov:============================>      81%]
[Progress:=========================>    85%] [Cov:============================>      81%]
[Progress:=========================>    85%] [Cov:============================>      81%]
[Progress:=========================>    85%] [Cov:============================>      81%]
[Progress:=========================>    85%] [Cov:============================>      81%]
[Progress:=========================>    85%] [Cov:============================>      81%]
[Progress:=========================>    85%] [Cov:============================>      81%]
[Progress:=========================>    85%] [Cov:============================>      81%]
[Progress:=========================>    85%] [Cov:============================>      81%]
[Progress:=========================>    85%] [Cov:============================>      81%]
[Progress:=========================>    85%] [Cov:============================>      81%]
[Progress:=========================>    85%] [Cov:============================>      81%]
[Progress:=========================>    85%] [Cov:============================>      81%]
[Progress:=========================>    85%] [Cov:============================>      81%]
[Progress:=========================>    85%] [Cov:============================>      81%]
[Progress:=========================>    86%] [Cov:============================>      81%]
[Progress:=========================>    86%] [Cov:============================>      81%]
[Progress:=========================>    86%] [Cov:============================>      81%]
[Progress:=========================>    86%] [Cov:============================>      81%]
[Progress:=========================>    86%] [Cov:============================>      81%]
[Progress:=========================>    86%] [Cov:============================>      81%]
[Progress:=========================>    86%] [Cov:============================>      81%]
[Progress:=========================>    86%] [Cov:============================>      81%]
[Progress:=========================>    86%] [Cov:============================>      81%]
[Progress:=========================>    86%] [Cov:============================>      81%]
[Progress:=========================>    86%] [Cov:============================>      81%]
[Progress:=========================>    86%] [Cov:============================>      81%]
[Progress:=========================>    86%] [Cov:============================>      81%]
[Progress:=========================>    86%] [Cov:============================>      81%]
[Progress:=========================>    86%] [Cov:============================>      81%]
[Progress:=========================>    86%] [Cov:============================>      81%]
[Progress:=========================>    86%] [Cov:============================>      81%]
[Progress:=========================>    86%] [Cov:============================>      81%]
[Progress:=========================>    86%] [Cov:============================>      81%]
[Progress:=========================>    86%] [Cov:============================>      81%]
[Progress:=========================>    86%] [Cov:============================>      81%]
[Progress:=========================>    86%] [Cov:============================>      81%]
[Progress:=========================>    86%] [Cov:============================>      81%]
[Progress:=========================>    86%] [Cov:============================>      81%]
[Progress:=========================>    86%] [Cov:============================>      81%]
[Progress:=========================>    86%] [Cov:============================>      81%]
[Progress:==========================>   87%] [Cov:============================>      81%]
[Progress:==========================>   87%] [Cov:============================>      81%]
[Progress:==========================>   87%] [Cov:============================>      81%]
[Progress:==========================>   87%] [Cov:============================>      81%]
[Progress:==========================>   87%] [Cov:============================>      81%]
[Progress:==========================>   87%] [Cov:============================>      81%]
[Progress:==========================>   87%] [Cov:============================>      81%]
[Progress:==========================>   87%] [Cov:============================>      81%]
[Progress:==========================>   87%] [Cov:============================>      81%]
[Progress:==========================>   87%] [Cov:============================>      81%]
[Progress:==========================>   87%] [Cov:============================>      81%]
[Progress:==========================>   87%] [Cov:============================>      81%]
[Progress:==========================>   87%] [Cov:============================>      81%]
[Progress:==========================>   87%] [Cov:============================>      81%]
[Progress:==========================>   87%] [Cov:============================>      81%]
[Progress:==========================>   87%] [Cov:============================>      81%]
[Progress:==========================>   87%] [Cov:============================>      81%]
[Progress:==========================>   87%] [Cov:============================>      81%]
[Progress:==========================>   87%] [Cov:============================>      81%]
[Progress:==========================>   87%] [Cov:============================>      81%]
[Progress:==========================>   87%] [Cov:============================>      81%]
[Progress:==========================>   87%] [Cov:============================>      81%]
[Progress:==========================>   87%] [Cov:============================>      81%]
[Progress:==========================>   87%] [Cov:============================>      81%]
[Progress:==========================>   87%] [Cov:============================>      81%]
[Progress:==========================>   87%] [Cov:============================>      81%]
[Progress:==========================>   87%] [Cov:============================>      81%]
[Progress:==========================>   87%] [Cov:============================>      81%]
[Progress:==========================>   88%] [Cov:============================>      81%]
[Progress:==========================>   88%] [Cov:============================>      81%]
[Progress:==========================>   88%] [Cov:============================>      81%]
[Progress:==========================>   88%] [Cov:============================>      81%]
[Progress:==========================>   88%] [Cov:============================>      81%]
[Progress:==========================>   88%] [Cov:============================>      81%]
[Progress:==========================>   88%] [Cov:============================>      81%]
[Progress:==========================>   88%] [Cov:============================>      81%]
[Progress:==========================>   88%] [Cov:============================>      81%]
[Progress:==========================>   88%] [Cov:============================>      81%]
[Progress:==========================>   88%] [Cov:============================>      81%]
[Progress:==========================>   88%] [Cov:============================>      81%]
[Progress:==========================>   88%] [Cov:============================>      81%]
[Progress:==========================>   88%] [Cov:============================>      81%]
[Progress:==========================>   88%] [Cov:============================>      81%]
[Progress:==========================>   88%] [Cov:============================>      81%]
[Progress:==========================>   88%] [Cov:============================>      81%]
[Progress:==========================>   88%] [Cov:============================>      81%]
[Progress:==========================>   88%] [Cov:============================>      81%]
[Progress:==========================>   88%] [Cov:============================>      81%]
[Progress:==========================>   88%] [Cov:============================>      81%]
[Progress:==========================>   88%] [Cov:============================>      81%]
[Progress:==========================>   88%] [Cov:============================>      81%]
[Progress:==========================>   88%] [Cov:============================>      81%]
[Progress:==========================>   88%] [Cov:============================>      81%]
[Progress:==========================>   88%] [Cov:============================>      81%]
[Progress:==========================>   88%] [Cov:============================>      81%]
[Progress:==========================>   88%] [Cov:============================>      81%]
[Progress:==========================>   88%] [Cov:============================>      81%]
[Progress:==========================>   88%] [Cov:============================>      81%]
[Progress:==========================>   88%] [Cov:============================>      81%]
[Progress:==========================>   89%] [Cov:============================>      81%]
[Progress:==========================>   89%] [Cov:============================>      81%]
[Progress:==========================>   89%] [Cov:============================>      81%]
[Progress:==========================>   89%] [Cov:============================>      81%]
[Progress:==========================>   89%] [Cov:============================>      81%]
[Progress:==========================>   89%] [Cov:============================>      81%]
[Progress:==========================>   89%] [Cov:============================>      81%]
[Progress:==========================>   89%] [Cov:============================>      81%]
[Progress:==========================>   89%] [Cov:============================>      81%]
[Progress:==========================>   89%] [Cov:============================>      81%]
[Progress:==========================>   89%] [Cov:============================>      81%]
[Progress:==========================>   89%] [Cov:============================>      81%]
[Progress:==========================>   89%] [Cov:============================>      81%]
[Progress:==========================>   89%] [Cov:============================>      81%]
[Progress:==========================>   89%] [Cov:============================>      81%]
[Progress:==========================>   89%] [Cov:============================>      81%]
[Progress:==========================>   89%] [Cov:============================>      81%]
[Progress:==========================>   89%] [Cov:============================>      81%]
[Progress:==========================>   89%] [Cov:============================>      81%]
[Progress:==========================>   89%] [Cov:============================>      81%]
[Progress:==========================>   89%] [Cov:============================>      81%]
[Progress:==========================>   89%] [Cov:============================>      81%]
[Progress:==========================>   89%] [Cov:============================>      81%]
[Progress:==========================>   89%] [Cov:============================>      81%]
[Progress:==========================>   89%] [Cov:============================>      81%]
[Progress:==========================>   89%] [Cov:============================>      81%]
[Progress:==========================>   89%] [Cov:============================>      81%]
[Progress:==========================>   89%] [Cov:============================>      81%]
[Progress:==========================>   89%] [Cov:============================>      81%]
[Progress:==========================>   89%] [Cov:============================>      81%]
[Progress:===========================>  90%] [Cov:============================>      81%]
[Progress:===========================>  90%] [Cov:============================>      81%]
[Progress:===========================>  90%] [Cov:============================>      81%]
[Progress:===========================>  90%] [Cov:============================>      81%]
[Progress:===========================>  90%] [Cov:============================>      81%]
[Progress:===========================>  90%] [Cov:============================>      81%]
[Progress:===========================>  90%] [Cov:============================>      81%]
[Progress:===========================>  90%] [Cov:============================>      81%]
[Progress:===========================>  90%] [Cov:============================>      81%]
[Progress:===========================>  90%] [Cov:============================>      81%]
[Progress:===========================>  90%] [Cov:============================>      81%]
[Progress:===========================>  90%] [Cov:============================>      81%]
[Progress:===========================>  90%] [Cov:============================>      81%]
[Progress:===========================>  90%] [Cov:============================>      81%]
[Progress:===========================>  90%] [Cov:============================>      81%]
[Progress:===========================>  90%] [Cov:============================>      81%]
[Progress:===========================>  90%] [Cov:============================>      81%]
[Progress:===========================>  90%] [Cov:============================>      81%]
[Progress:===========================>  90%] [Cov:============================>      81%]
[Progress:===========================>  90%] [Cov:============================>      81%]
[Progress:===========================>  90%] [Cov:============================>      81%]
[Progress:===========================>  90%] [Cov:============================>      81%]
[Progress:===========================>  90%] [Cov:============================>      81%]
[Progress:===========================>  90%] [Cov:============================>      81%]
[Progress:===========================>  90%] [Cov:============================>      81%]
[Progress:===========================>  90%] [Cov:============================>      81%]
[Progress:===========================>  90%] [Cov:============================>      81%]
[Progress:===========================>  90%] [Cov:============================>      81%]
[Progress:===========================>  90%] [Cov:============================>      81%]
[Progress:===========================>  90%] [Cov:============================>      81%]
[Progress:===========================>  90%] [Cov:============================>      81%]
[Progress:===========================>  90%] [Cov:============================>      81%]
[Progress:===========================>  90%] [Cov:============================>      81%]
[Progress:===========================>  90%] [Cov:============================>      81%]
[Progress:===========================>  90%] [Cov:============================>      81%]
[Progress:===========================>  90%] [Cov:============================>      81%]
[Progress:===========================>  90%] [Cov:============================>      81%]
[Progress:===========================>  90%] [Cov:============================>      81%]
[Progress:===========================>  90%] [Cov:============================>      81%]
[Progress:===========================>  90%] [Cov:============================>      81%]
[Progress:===========================>  90%] [Cov:============================>      81%]
[Progress:===========================>  90%] [Cov:============================>      81%]
[Progress:===========================>  90%] [Cov:============================>      81%]
[Progress:===========================>  90%] [Cov:============================>      81%]
[Progress:===========================>  90%] [Cov:============================>      81%]
[Progress:===========================>  90%] [Cov:============================>      81%]
[Progress:===========================>  90%] [Cov:============================>      81%]
[Progress:===========================>  90%] [Cov:============================>      81%]
[Progress:===========================>  90%] [Cov:============================>      81%]
[Progress:===========================>  90%] [Cov:============================>      81%]
[Progress:===========================>  90%] [Cov:============================>      81%]
[Progress:===========================>  90%] [Cov:============================>      81%]
[Progress:===========================>  90%] [Cov:============================>      81%]
[Progress:===========================>  91%] [Cov:============================>      81%]
[Progress:===========================>  91%] [Cov:============================>      81%]
[Progress:===========================>  91%] [Cov:============================>      81%]
[Progress:===========================>  91%] [Cov:============================>      81%]
[Progress:===========================>  91%] [Cov:============================>      81%]
[Progress:===========================>  91%] [Cov:============================>      81%]
[Progress:===========================>  91%] [Cov:============================>      81%]
[Progress:===========================>  91%] [Cov:============================>      81%]
[Progress:===========================>  91%] [Cov:============================>      81%]
[Progress:===========================>  91%] [Cov:============================>      81%]
[Progress:===========================>  91%] [Cov:============================>      81%]
[Progress:===========================>  91%] [Cov:============================>      81%]
[Progress:===========================>  91%] [Cov:============================>      81%]
[Progress:===========================>  91%] [Cov:============================>      81%]
[Progress:===========================>  91%] [Cov:============================>      81%]
[Progress:===========================>  91%] [Cov:============================>      81%]
[Progress:===========================>  91%] [Cov:============================>      81%]
[Progress:===========================>  91%] [Cov:============================>      81%]
[Progress:===========================>  91%] [Cov:============================>      81%]
[Progress:===========================>  91%] [Cov:============================>      81%]
[Progress:===========================>  91%] [Cov:============================>      81%]
[Progress:===========================>  91%] [Cov:============================>      81%]
[Progress:===========================>  91%] [Cov:============================>      81%]
[Progress:===========================>  91%] [Cov:============================>      81%]
[Progress:===========================>  91%] [Cov:============================>      81%]
[Progress:===========================>  91%] [Cov:============================>      81%]
[Progress:===========================>  91%] [Cov:============================>      81%]
[Progress:===========================>  91%] [Cov:============================>      81%]
[Progress:===========================>  91%] [Cov:============================>      81%]
[Progress:===========================>  91%] [Cov:============================>      81%]
[Progress:===========================>  92%] [Cov:============================>      81%]
[Progress:===========================>  92%] [Cov:============================>      81%]
[Progress:===========================>  92%] [Cov:============================>      81%]
[Progress:===========================>  92%] [Cov:============================>      81%]
[Progress:===========================>  92%] [Cov:============================>      81%]
[Progress:===========================>  92%] [Cov:============================>      81%]
[Progress:===========================>  92%] [Cov:============================>      81%]
[Progress:===========================>  92%] [Cov:============================>      81%]
[Progress:===========================>  92%] [Cov:============================>      81%]
[Progress:===========================>  92%] [Cov:============================>      81%]
[Progress:===========================>  92%] [Cov:============================>      81%]
[Progress:===========================>  92%] [Cov:============================>      81%]
[Progress:===========================>  92%] [Cov:============================>      81%]
[Progress:===========================>  92%] [Cov:============================>      81%]
[Progress:===========================>  92%] [Cov:============================>      81%]
[Progress:===========================>  92%] [Cov:============================>      81%]
[Progress:===========================>  92%] [Cov:============================>      81%]
[Progress:===========================>  92%] [Cov:============================>      81%]
[Progress:===========================>  92%] [Cov:============================>      81%]
[Progress:===========================>  92%] [Cov:============================>      81%]
[Progress:===========================>  92%] [Cov:============================>      81%]
[Progress:===========================>  92%] [Cov:============================>      81%]
[Progress:===========================>  92%] [Cov:============================>      81%]
[Progress:===========================>  92%] [Cov:============================>      81%]
[Progress:===========================>  92%] [Cov:============================>      81%]
[Progress:===========================>  92%] [Cov:============================>      81%]
[Progress:===========================>  92%] [Cov:============================>      81%]
[Progress:===========================>  92%] [Cov:============================>      81%]
[Progress:===========================>  92%] [Cov:============================>      81%]
[Progress:===========================>  92%] [Cov:============================>      81%]
[Progress:===========================>  93%] [Cov:============================>      81%]
[Progress:===========================>  93%] [Cov:============================>      81%]
[Progress:===========================>  93%] [Cov:============================>      81%]
[Progress:===========================>  93%] [Cov:============================>      81%]
[Progress:===========================>  93%] [Cov:============================>      81%]
[Progress:===========================>  93%] [Cov:============================>      81%]
[Progress:===========================>  93%] [Cov:============================>      81%]
[Progress:===========================>  93%] [Cov:============================>      81%]
[Progress:===========================>  93%] [Cov:============================>      81%]
[Progress:===========================>  93%] [Cov:============================>      81%]
[Progress:===========================>  93%] [Cov:============================>      81%]
[Progress:===========================>  93%] [Cov:============================>      81%]
[Progress:===========================>  93%] [Cov:============================>      81%]
[Progress:===========================>  93%] [Cov:============================>      81%]
[Progress:===========================>  93%] [Cov:============================>      81%]
[Progress:===========================>  93%] [Cov:============================>      81%]
[Progress:===========================>  93%] [Cov:============================>      81%]
[Progress:===========================>  93%] [Cov:============================>      81%]
[Progress:===========================>  93%] [Cov:============================>      81%]
[Progress:===========================>  93%] [Cov:============================>      81%]
[Progress:===========================>  93%] [Cov:============================>      81%]
[Progress:===========================>  93%] [Cov:============================>      81%]
[Progress:===========================>  93%] [Cov:============================>      81%]
[Progress:===========================>  93%] [Cov:============================>      81%]
[Progress:===========================>  93%] [Cov:============================>      81%]
[Progress:===========================>  93%] [Cov:============================>      81%]
[Progress:===========================>  93%] [Cov:============================>      81%]
[Progress:===========================>  93%] [Cov:============================>      81%]
[Progress:===========================>  93%] [Cov:============================>      81%]
[Progress:===========================>  93%] [Cov:============================>      81%]
[Progress:============================> 94%] [Cov:============================>      81%]
[Progress:============================> 94%] [Cov:============================>      81%]
[Progress:============================> 94%] [Cov:============================>      81%]
[Progress:============================> 94%] [Cov:============================>      81%]
[Progress:============================> 94%] [Cov:============================>      81%]
[Progress:============================> 94%] [Cov:============================>      81%]
[Progress:============================> 94%] [Cov:============================>      81%]
[Progress:============================> 94%] [Cov:============================>      81%]
[Progress:============================> 94%] [Cov:============================>      81%]
[Progress:============================> 94%] [Cov:============================>      81%]
[Progress:============================> 94%] [Cov:============================>      81%]
[Progress:============================> 94%] [Cov:============================>      81%]
[Progress:============================> 94%] [Cov:============================>      81%]
[Progress:============================> 94%] [Cov:============================>      81%]
[Progress:============================> 94%] [Cov:============================>      81%]
[Progress:============================> 94%] [Cov:============================>      81%]
[Progress:============================> 94%] [Cov:============================>      81%]
[Progress:============================> 94%] [Cov:============================>      81%]
[Progress:============================> 94%] [Cov:============================>      81%]
[Progress:============================> 94%] [Cov:============================>      81%]
[Progress:============================> 94%] [Cov:============================>      81%]
[Progress:============================> 94%] [Cov:============================>      81%]
[Progress:============================> 94%] [Cov:============================>      81%]
[Progress:============================> 94%] [Cov:============================>      81%]
[Progress:============================> 94%] [Cov:============================>      81%]
[Progress:============================> 94%] [Cov:============================>      81%]
[Progress:============================> 94%] [Cov:============================>      81%]
[Progress:============================> 94%] [Cov:============================>      81%]
[Progress:============================> 95%] [Cov:============================>      81%]
[Progress:============================> 95%] [Cov:============================>      81%]
[Progress:============================> 95%] [Cov:============================>      81%]
[Progress:============================> 95%] [Cov:============================>      81%]
[Progress:============================> 95%] [Cov:============================>      81%]
[Progress:============================> 95%] [Cov:============================>      81%]
[Progress:============================> 95%] [Cov:============================>      81%]
[Progress:============================> 95%] [Cov:============================>      81%]
[Progress:============================> 95%] [Cov:============================>      81%]
[Progress:============================> 95%] [Cov:============================>      81%]
[Progress:============================> 95%] [Cov:============================>      81%]
[Progress:============================> 95%] [Cov:============================>      81%]
[Progress:============================> 95%] [Cov:============================>      81%]
[Progress:============================> 95%] [Cov:============================>      81%]
[Progress:============================> 95%] [Cov:============================>      81%]
[Progress:============================> 95%] [Cov:============================>      81%]
[Progress:============================> 95%] [Cov:============================>      81%]
[Progress:============================> 95%] [Cov:============================>      81%]
[Progress:============================> 95%] [Cov:============================>      81%]
[Progress:============================> 95%] [Cov:============================>      81%]
[Progress:============================> 95%] [Cov:============================>      81%]
[Progress:============================> 95%] [Cov:============================>      81%]
[Progress:============================> 95%] [Cov:============================>      81%]
[Progress:============================> 95%] [Cov:============================>      81%]
[Progress:============================> 95%] [Cov:============================>      81%]
[Progress:============================> 95%] [Cov:============================>      81%]
[Progress:============================> 95%] [Cov:============================>      81%]
[Progress:============================> 95%] [Cov:============================>      81%]
[Progress:============================> 95%] [Cov:============================>      81%]
[Progress:============================> 95%] [Cov:============================>      81%]
[Progress:============================> 95%] [Cov:============================>      81%]
[Progress:============================> 95%] [Cov:============================>      81%]
[Progress:============================> 95%] [Cov:============================>      81%]
[Progress:============================> 95%] [Cov:============================>      81%]
[Progress:============================> 95%] [Cov:============================>      81%]
[Progress:============================> 95%] [Cov:============================>      81%]
[Progress:============================> 95%] [Cov:============================>      81%]
[Progress:============================> 95%] [Cov:============================>      81%]
[Progress:============================> 95%] [Cov:============================>      81%]
[Progress:============================> 95%] [Cov:============================>      81%]
[Progress:============================> 95%] [Cov:============================>      81%]
[Progress:============================> 95%] [Cov:============================>      81%]
[Progress:============================> 95%] [Cov:============================>      81%]
[Progress:============================> 95%] [Cov:============================>      81%]
[Progress:============================> 95%] [Cov:============================>      81%]
[Progress:============================> 95%] [Cov:============================>      81%]
[Progress:============================> 95%] [Cov:============================>      81%]
[Progress:============================> 95%] [Cov:============================>      81%]
[Progress:============================> 95%] [Cov:============================>      81%]
[Progress:============================> 95%] [Cov:============================>      81%]
[Progress:============================> 95%] [Cov:============================>      81%]
[Progress:============================> 95%] [Cov:============================>      81%]
[Progress:============================> 95%] [Cov:============================>      81%]
[Progress:============================> 95%] [Cov:============================>      81%]
[Progress:============================> 95%] [Cov:============================>      81%]
[Progress:============================> 95%] [Cov:============================>      81%]
[Progress:============================> 95%] [Cov:============================>      81%]
[Progress:============================> 95%] [Cov:============================>      81%]
[Progress:============================> 95%] [Cov:============================>      81%]
[Progress:============================> 96%] [Cov:============================>      81%]
[Progress:============================> 96%] [Cov:============================>      81%]
[Progress:============================> 96%] [Cov:============================>      81%]
[Progress:============================> 96%] [Cov:============================>      81%]
[Progress:============================> 96%] [Cov:============================>      81%]
[Progress:============================> 96%] [Cov:============================>      81%]
[Progress:============================> 96%] [Cov:============================>      81%]
[Progress:============================> 96%] [Cov:============================>      81%]
[Progress:============================> 96%] [Cov:============================>      81%]
[Progress:============================> 96%] [Cov:============================>      81%]
[Progress:============================> 96%] [Cov:============================>      81%]
[Progress:============================> 96%] [Cov:============================>      81%]
[Progress:============================> 96%] [Cov:============================>      81%]
[Progress:============================> 96%] [Cov:============================>      81%]
[Progress:============================> 96%] [Cov:============================>      81%]
[Progress:============================> 96%] [Cov:============================>      81%]
[Progress:============================> 96%] [Cov:============================>      81%]
[Progress:============================> 96%] [Cov:============================>      81%]
[Progress:============================> 96%] [Cov:============================>      81%]
[Progress:============================> 96%] [Cov:============================>      81%]
[Progress:============================> 96%] [Cov:============================>      81%]
[Progress:============================> 96%] [Cov:============================>      81%]
[Progress:============================> 96%] [Cov:============================>      81%]
[Progress:============================> 96%] [Cov:============================>      81%]
[Progress:============================> 96%] [Cov:============================>      81%]
[Progress:============================> 96%] [Cov:============================>      81%]
[Progress:============================> 96%] [Cov:============================>      81%]
[Progress:============================> 96%] [Cov:============================>      81%]
[Progress:============================> 96%] [Cov:============================>      81%]
[Progress:============================> 96%] [Cov:============================>      81%]
[Progress:=============================>97%] [Cov:============================>      81%]
[Progress:=============================>97%] [Cov:============================>      81%]
[Progress:=============================>97%] [Cov:============================>      81%]
[Progress:=============================>97%] [Cov:============================>      81%]
[Progress:=============================>97%] [Cov:============================>      81%]
[Progress:=============================>97%] [Cov:============================>      81%]
[Progress:=============================>97%] [Cov:============================>      81%]
[Progress:=============================>97%] [Cov:============================>      81%]
[Progress:=============================>97%] [Cov:============================>      81%]
[Progress:=============================>97%] [Cov:============================>      81%]
[Progress:=============================>97%] [Cov:============================>      81%]
[Progress:=============================>97%] [Cov:============================>      81%]
[Progress:=============================>97%] [Cov:============================>      81%]
[Progress:=============================>97%] [Cov:============================>      81%]
[Progress:=============================>97%] [Cov:============================>      81%]
[Progress:=============================>97%] [Cov:============================>      81%]
[Progress:=============================>97%] [Cov:============================>      81%]
[Progress:=============================>97%] [Cov:============================>      81%]
[Progress:=============================>97%] [Cov:============================>      81%]
[Progress:=============================>97%] [Cov:============================>      81%]
[Progress:=============================>97%] [Cov:============================>      81%]
[Progress:=============================>97%] [Cov:============================>      81%]
[Progress:=============================>97%] [Cov:============================>      81%]
[Progress:=============================>97%] [Cov:============================>      81%]
[Progress:=============================>97%] [Cov:============================>      81%]
[Progress:=============================>97%] [Cov:============================>      81%]
[Progress:=============================>97%] [Cov:============================>      81%]
[Progress:=============================>97%] [Cov:============================>      81%]
[Progress:=============================>97%] [Cov:============================>      81%]
[Progress:=============================>97%] [Cov:============================>      81%]
[Progress:=============================>97%] [Cov:============================>      81%]
[Progress:=============================>97%] [Cov:============================>      81%]
[Progress:=============================>98%] [Cov:============================>      81%]
[Progress:=============================>98%] [Cov:============================>      81%]
[Progress:=============================>98%] [Cov:============================>      81%]
[Progress:=============================>98%] [Cov:============================>      81%]
[Progress:=============================>98%] [Cov:============================>      81%]
[Progress:=============================>98%] [Cov:============================>      81%]
[Progress:=============================>98%] [Cov:============================>      81%]
[Progress:=============================>98%] [Cov:============================>      81%]
[Progress:=============================>98%] [Cov:============================>      81%]
[Progress:=============================>98%] [Cov:============================>      81%]
[Progress:=============================>98%] [Cov:============================>      81%]
[Progress:=============================>98%] [Cov:============================>      81%]
[Progress:=============================>98%] [Cov:============================>      81%]
[Progress:=============================>98%] [Cov:============================>      81%]
[Progress:=============================>98%] [Cov:============================>      81%]
[Progress:=============================>98%] [Cov:============================>      81%]
[Progress:=============================>98%] [Cov:============================>      81%]
[Progress:=============================>98%] [Cov:============================>      81%]
[Progress:=============================>98%] [Cov:============================>      81%]
[Progress:=============================>98%] [Cov:============================>      81%]
[Progress:=============================>98%] [Cov:============================>      81%]
[Progress:=============================>98%] [Cov:============================>      81%]
[Progress:=============================>98%] [Cov:============================>      81%]
[Progress:=============================>98%] [Cov:============================>      81%]
[Progress:=============================>98%] [Cov:============================>      81%]
[Progress:=============================>98%] [Cov:============================>      81%]
[Progress:=============================>98%] [Cov:============================>      81%]
[Progress:=============================>98%] [Cov:============================>      81%]
[Progress:=============================>98%] [Cov:============================>      81%]
[Progress:=============================>98%] [Cov:============================>      81%]
[Progress:=============================>98%] [Cov:============================>      81%]
[Progress:=============================>99%] [Cov:============================>      81%]
[Progress:=============================>99%] [Cov:============================>      81%]
[Progress:=============================>99%] [Cov:============================>      81%]
[Progress:=============================>99%] [Cov:============================>      81%]
[Progress:=============================>99%] [Cov:============================>      81%]
[Progress:=============================>99%] [Cov:============================>      81%]
[Progress:=============================>99%] [Cov:============================>      81%]
[Progress:=============================>99%] [Cov:============================>      81%]
[Progress:=============================>99%] [Cov:============================>      81%]
[Progress:=============================>99%] [Cov:============================>      81%]
[Progress:=============================>99%] [Cov:============================>      81%]
[Progress:=============================>99%] [Cov:============================>      81%]
[Progress:=============================>99%] [Cov:============================>      81%]
[Progress:=============================>99%] [Cov:============================>      81%]
[Progress:=============================>99%] [Cov:============================>      81%]
[Progress:=============================>99%] [Cov:============================>      81%]
[Progress:=============================>99%] [Cov:============================>      81%]
[Progress:=============================>99%] [Cov:============================>      81%]
[Progress:=============================>99%] [Cov:============================>      81%]
[Progress:=============================>99%] [Cov:============================>      81%]
[Progress:=============================>99%] [Cov:============================>      81%]
[Progress:=============================>99%] [Cov:============================>      81%]
[Progress:=============================>99%] [Cov:============================>      81%]
[Progress:=============================>99%] [Cov:============================>      81%]
[Progress:=============================>99%] [Cov:============================>      81%]
[Progress:=============================>99%] [Cov:============================>      81%]
[Progress:=============================>99%] [Cov:============================>      81%]
[Progress:=============================>99%] [Cov:============================>      81%]
[Progress:=============================>99%] [Cov:============================>      81%]
[Progress:=============================>99%] [Cov:============================>      81%]
[Progress:=============================>99%] [Cov:============================>      81%]
[Progress:==============================100%] [Cov:============================>      81%]
[Progress:==============================100%] [Cov:============================>      81%]
[Progress:==============================100%] [Cov:============================>      81%]
[Progress:==============================100%] [Cov:============================>      81%]
[Progress:==============================100%] [Cov:============================>      81%]
[Progress:==============================100%] [Cov:============================>      81%]
[Progress:==============================100%] [Cov:============================>      81%]
[Progress:==============================100%] [Cov:============================>      81%]
[Progress:==============================100%] [Cov:============================>      81%]
[Progress:==============================100%] [Cov:============================>      81%]
[Progress:==============================100%] [Cov:============================>      81%]
[Progress:==============================100%] [Cov:============================>      81%]
[Progress:==============================100%] [Cov:============================>      81%]
[Progress:==============================100%] [Cov:============================>      81%]
[Progress:==============================100%] [Cov:============================>      81%]
[Progress:==============================100%] [Cov:============================>      81%]
[Progress:==============================100%] [Cov:============================>      81%]
[Progress:==============================100%] [Cov:============================>      81%]
[Progress:==============================100%] [Cov:============================>      81%]
[Progress:==============================100%] [Cov:============================>      81%]
[Progress:==============================100%] [Cov:============================>      81%]
[Progress:==============================100%] [Cov:============================>      81%]
[Progress:==============================100%] [Cov:============================>      81%]
[Progress:==============================100%] [Cov:============================>      81%]
[Progress:==============================100%] [Cov:============================>      81%]
[Progress:==============================100%] [Cov:============================>      81%]
[Progress:==============================100%] [Cov:============================>      81%]
[Progress:==============================100%] [Cov:============================>      81%]
* Search finished after 121s and 2968 generations, 1439336 statements, best individual has fitness: 9.13888888888889
* Minimizing test suite
* Going to analyze the coverage criteria
* Coverage analysis for criterion LINE
* Coverage of criterion LINE: 68%
* Total number of goals: 25
* Number of covered goals: 17
* Coverage analysis for criterion BRANCH
* Coverage of criterion BRANCH: 76%
* Total number of goals: 17
* Number of covered goals: 13
* Coverage analysis for criterion EXCEPTION
* Coverage of criterion EXCEPTION: 100%
* Total number of goals: 3
* Number of covered goals: 3
* Generated 7 tests with total length 47
* Resulting test suite's coverage: 81% (average coverage for all fitness functions)
* Generating assertions
* Resulting test suite's mutation score: 21%
* Compiling and checking tests
* Writing tests to file
* Writing JUnit test case 'NumericEntityUnescaper_ESTest' to /work/evo_out/Lang_28f/budget120_seed1/tests
* Done!

* Computation finished

[exit=0 timeout=False time=126.4s]

$ javac -nowarn -cp /work/Lang_28f/target/classes:/opt/defects4j/framework/projects/Lang/lib/junit/junit/4.7/junit-4.7.jar:/opt/defects4j/framework/projects/Lang/lib/org/easymock/easymock/2.5.2/easymock-2.5.2.jar:/work/Lang_28f/target/classes:/work/Lang_28f/target/test-classes:/opt/defects4j/framework/projects/Lang/lib/cglib.jar:/opt/defects4j/framework/projects/Lang/lib/asm.jar:/opt/defects4j/framework/projects/Lang/lib/easymock.jar:/opt/defects4j/framework/projects/Lang/lib/commons-io.jar:/opt/defects4j/framework/projects/lib/junit-4.12-hamcrest-1.3.jar:/opt/evosuite/evosuite-standalone-runtime-1.2.0.jar -d /work/evo_out/Lang_28f/budget120_seed1/classes /work/evo_out/Lang_28f/budget120_seed1/tests/org/apache/commons/lang3/text/translate/NumericEntityUnescaper_ESTest.java /work/evo_out/Lang_28f/budget120_seed1/tests/org/apache/commons/lang3/text/translate/NumericEntityUnescaper_ESTest_scaffolding.java

[exit=0 timeout=False time=0.6s]

$ java -jar /opt/jacoco/lib/jacococli.jar instrument /work/Lang_28f/target/classes --dest /work/evo_out/Lang_28f/budget120_seed1/instrumented
[INFO] 135 classes instrumented to /work/evo_out/Lang_28f/budget120_seed1/instrumented.

[exit=0 timeout=False time=0.3s]

$ java -Djacoco-agent.destfile=/workspace/EvoSuite/Result_Round2/Lang_28/budget120_seed1/jacoco.exec -cp /work/evo_out/Lang_28f/budget120_seed1/instrumented:/work/evo_out/Lang_28f/budget120_seed1/classes:/opt/defects4j/framework/projects/Lang/lib/junit/junit/4.7/junit-4.7.jar:/opt/defects4j/framework/projects/Lang/lib/org/easymock/easymock/2.5.2/easymock-2.5.2.jar:/work/Lang_28f/target/classes:/work/Lang_28f/target/test-classes:/opt/defects4j/framework/projects/Lang/lib/cglib.jar:/opt/defects4j/framework/projects/Lang/lib/asm.jar:/opt/defects4j/framework/projects/Lang/lib/easymock.jar:/opt/defects4j/framework/projects/Lang/lib/commons-io.jar:/opt/defects4j/framework/projects/lib/junit-4.12-hamcrest-1.3.jar:/opt/evosuite/evosuite-standalone-runtime-1.2.0.jar:/opt/jacoco/lib/jacocoagent.jar org.junit.runner.JUnitCore org.apache.commons.lang3.text.translate.NumericEntityUnescaper_ESTest
JUnit version 4.7
.E
Time: 0.002
There was 1 failure:
1) initializationError(org.apache.commons.lang3.text.translate.NumericEntityUnescaper_ESTest)
java.lang.Exception: Field nfr must implement MethodRule
	at org.junit.runners.BlockJUnit4ClassRunner.validateRuleField(BlockJUnit4ClassRunner.java:181)
	at org.junit.runners.BlockJUnit4ClassRunner.validateFields(BlockJUnit4ClassRunner.java:176)
	at org.junit.runners.BlockJUnit4ClassRunner.collectInitializationErrors(BlockJUnit4ClassRunner.java:116)
	at org.junit.runners.ParentRunner.validate(ParentRunner.java:269)
	at org.junit.runners.ParentRunner.<init>(ParentRunner.java:66)
	at org.junit.runners.BlockJUnit4ClassRunner.<init>(BlockJUnit4ClassRunner.java:59)
	at org.evosuite.runtime.EvoRunner.<init>(EvoRunner.java:76)
	at java.base/jdk.internal.reflect.NativeConstructorAccessorImpl.newInstance0(Native Method)
	at java.base/jdk.internal.reflect.NativeConstructorAccessorImpl.newInstance(NativeConstructorAccessorImpl.java:62)
	at java.base/jdk.internal.reflect.DelegatingConstructorAccessorImpl.newInstance(DelegatingConstructorAccessorImpl.java:45)
	at java.base/java.lang.reflect.Constructor.newInstance(Constructor.java:490)
	at org.junit.internal.builders.AnnotatedBuilder.buildRunner(AnnotatedBuilder.java:31)
	at org.junit.internal.builders.AnnotatedBuilder.runnerForClass(AnnotatedBuilder.java:24)
	at org.junit.runners.model.RunnerBuilder.safeRunnerForClass(RunnerBuilder.java:57)
	at org.junit.internal.builders.AllDefaultPossibilitiesBuilder.runnerForClass(AllDefaultPossibilitiesBuilder.java:29)
	at org.junit.runner.Computer.getRunner(Computer.java:38)
	at org.junit.runner.Computer$1.runnerForClass(Computer.java:29)
	at org.junit.runners.model.RunnerBuilder.safeRunnerForClass(RunnerBuilder.java:57)
	at org.junit.runners.model.RunnerBuilder.runners(RunnerBuilder.java:93)
	at org.junit.runners.model.RunnerBuilder.runners(RunnerBuilder.java:84)
	at org.junit.runners.Suite.<init>(Suite.java:79)
	at org.junit.runner.Computer.getSuite(Computer.java:26)
	at org.junit.runner.Request.classes(Request.java:69)
	at org.junit.runner.JUnitCore.run(JUnitCore.java:117)
	at org.junit.runner.JUnitCore.runMain(JUnitCore.java:98)
	at org.junit.runner.JUnitCore.runMainAndExit(JUnitCore.java:53)
	at org.junit.runner.JUnitCore.main(JUnitCore.java:45)

FAILURES!!!
Tests run: 1,  Failures: 1

SLF4J: Failed to load class "org.slf4j.impl.StaticLoggerBinder".
SLF4J: Defaulting to no-operation (NOP) logger implementation
SLF4J: See http://www.slf4j.org/codes.html#StaticLoggerBinder for further details.

[exit=1 timeout=False time=0.2s]

$ java -cp /work/evo_out/Lang_28f/budget120_seed1/classes:/opt/defects4j/framework/projects/Lang/lib/junit/junit/4.7/junit-4.7.jar:/opt/defects4j/framework/projects/Lang/lib/org/easymock/easymock/2.5.2/easymock-2.5.2.jar:/work/Lang_28b/target/classes:/work/Lang_28b/target/test-classes:/opt/defects4j/framework/projects/Lang/lib/cglib.jar:/opt/defects4j/framework/projects/Lang/lib/asm.jar:/opt/defects4j/framework/projects/Lang/lib/easymock.jar:/opt/defects4j/framework/projects/Lang/lib/commons-io.jar:/opt/defects4j/framework/projects/lib/junit-4.12-hamcrest-1.3.jar:/opt/evosuite/evosuite-standalone-runtime-1.2.0.jar org.junit.runner.JUnitCore org.apache.commons.lang3.text.translate.NumericEntityUnescaper_ESTest
JUnit version 4.7
.E
Time: 0.001
There was 1 failure:
1) initializationError(org.apache.commons.lang3.text.translate.NumericEntityUnescaper_ESTest)
java.lang.Exception: Field nfr must implement MethodRule
	at org.junit.runners.BlockJUnit4ClassRunner.validateRuleField(BlockJUnit4ClassRunner.java:181)
	at org.junit.runners.BlockJUnit4ClassRunner.validateFields(BlockJUnit4ClassRunner.java:176)
	at org.junit.runners.BlockJUnit4ClassRunner.collectInitializationErrors(BlockJUnit4ClassRunner.java:116)
	at org.junit.runners.ParentRunner.validate(ParentRunner.java:269)
	at org.junit.runners.ParentRunner.<init>(ParentRunner.java:66)
	at org.junit.runners.BlockJUnit4ClassRunner.<init>(BlockJUnit4ClassRunner.java:59)
	at org.evosuite.runtime.EvoRunner.<init>(EvoRunner.java:76)
	at java.base/jdk.internal.reflect.NativeConstructorAccessorImpl.newInstance0(Native Method)
	at java.base/jdk.internal.reflect.NativeConstructorAccessorImpl.newInstance(NativeConstructorAccessorImpl.java:62)
	at java.base/jdk.internal.reflect.DelegatingConstructorAccessorImpl.newInstance(DelegatingConstructorAccessorImpl.java:45)
	at java.base/java.lang.reflect.Constructor.newInstance(Constructor.java:490)
	at org.junit.internal.builders.AnnotatedBuilder.buildRunner(AnnotatedBuilder.java:31)
	at org.junit.internal.builders.AnnotatedBuilder.runnerForClass(AnnotatedBuilder.java:24)
	at org.junit.runners.model.RunnerBuilder.safeRunnerForClass(RunnerBuilder.java:57)
	at org.junit.internal.builders.AllDefaultPossibilitiesBuilder.runnerForClass(AllDefaultPossibilitiesBuilder.java:29)
	at org.junit.runner.Computer.getRunner(Computer.java:38)
	at org.junit.runner.Computer$1.runnerForClass(Computer.java:29)
	at org.junit.runners.model.RunnerBuilder.safeRunnerForClass(RunnerBuilder.java:57)
	at org.junit.runners.model.RunnerBuilder.runners(RunnerBuilder.java:93)
	at org.junit.runners.model.RunnerBuilder.runners(RunnerBuilder.java:84)
	at org.junit.runners.Suite.<init>(Suite.java:79)
	at org.junit.runner.Computer.getSuite(Computer.java:26)
	at org.junit.runner.Request.classes(Request.java:69)
	at org.junit.runner.JUnitCore.run(JUnitCore.java:117)
	at org.junit.runner.JUnitCore.runMain(JUnitCore.java:98)
	at org.junit.runner.JUnitCore.runMainAndExit(JUnitCore.java:53)
	at org.junit.runner.JUnitCore.main(JUnitCore.java:45)

FAILURES!!!
Tests run: 1,  Failures: 1

SLF4J: Failed to load class "org.slf4j.impl.StaticLoggerBinder".
SLF4J: Defaulting to no-operation (NOP) logger implementation
SLF4J: See http://www.slf4j.org/codes.html#StaticLoggerBinder for further details.

[exit=1 timeout=False time=0.2s]
