
$ defects4j checkout -p Jsoup -v 42f -w /work/Jsoup_42f
Checking out c01fcd33 to /work/Jsoup_42f................................... OK
Init local repository...................................................... OK
Tag post-fix revision...................................................... OK
Copy generated Ant build file.............................................. OK
Run post-checkout hook..................................................... OK
Excluding broken/flaky tests............................................... OK
Excluding broken/flaky tests............................................... OK
Backing up build file: /work/Jsoup_42f/maven-build.xml..................... OK
Backing up build file: /work/Jsoup_42f/pom.xml............................. OK
Initialize fixed program version........................................... OK
Apply patch................................................................ OK
Initialize buggy program version........................................... OK
Diff c01fcd33:0c10dbff..................................................... OK
Apply patch................................................................ OK
Tag pre-fix revision....................................................... OK
Check out program version: Jsoup-42f....................................... OK

[exit=0 timeout=False time=2.5s]

$ defects4j compile -w /work/Jsoup_42f
Running ant (compile)...................................................... OK
Running ant (compile.tests)................................................ OK

[exit=0 timeout=False time=4.4s]

$ defects4j checkout -p Jsoup -v 42b -w /work/Jsoup_42b
Checking out c01fcd33 to /work/Jsoup_42b................................... OK
Init local repository...................................................... OK
Tag post-fix revision...................................................... OK
Copy generated Ant build file.............................................. OK
Run post-checkout hook..................................................... OK
Excluding broken/flaky tests............................................... OK
Excluding broken/flaky tests............................................... OK
Backing up build file: /work/Jsoup_42b/maven-build.xml..................... OK
Backing up build file: /work/Jsoup_42b/pom.xml............................. OK
Initialize fixed program version........................................... OK
Apply patch................................................................ OK
Initialize buggy program version........................................... OK
Diff c01fcd33:0c10dbff..................................................... OK
Apply patch................................................................ OK
Tag pre-fix revision....................................................... OK
Check out program version: Jsoup-42b....................................... OK

[exit=0 timeout=False time=2.4s]

$ defects4j compile -w /work/Jsoup_42b
Running ant (compile)...................................................... OK
Running ant (compile.tests)................................................ OK

[exit=0 timeout=False time=4.5s]

$ java -Djava.awt.headless=true -cp /opt/defects4j/framework/projects/lib/junit-4.12-hamcrest-1.3.jar:/opt/evosuite/evosuite-1.2.0.jar:/work/Jsoup_42f/target/classes:/work/Jsoup_42f/target/test-classes:/opt/defects4j/framework/projects/Jsoup/lib/com/google/code/gson/gson/2.7/gson-2.7.jar:/opt/defects4j/framework/projects/Jsoup/lib/commons-lang/commons-lang/2.4/commons-lang-2.4.jar:/opt/defects4j/framework/projects/Jsoup/lib/javax/servlet/javax.servlet-api/3.1.0/javax.servlet-api-3.1.0.jar:/opt/defects4j/framework/projects/Jsoup/lib/org/eclipse/jetty/jetty-http/9.2.22.v20170606/jetty-http-9.2.22.v20170606.jar:/opt/defects4j/framework/projects/Jsoup/lib/org/eclipse/jetty/jetty-http/9.2.26.v20180806/jetty-http-9.2.26.v20180806.jar:/opt/defects4j/framework/projects/Jsoup/lib/org/eclipse/jetty/jetty-http/9.2.28.v20190418/jetty-http-9.2.28.v20190418.jar:/opt/defects4j/framework/projects/Jsoup/lib/org/eclipse/jetty/jetty-io/9.2.22.v20170606/jetty-io-9.2.22.v20170606.jar:/opt/defects4j/framework/projects/Jsoup/lib/org/eclipse/jetty/jetty-io/9.2.26.v20180806/jetty-io-9.2.26.v20180806.jar:/opt/defects4j/framework/projects/Jsoup/lib/org/eclipse/jetty/jetty-io/9.2.28.v20190418/jetty-io-9.2.28.v20190418.jar:/opt/defects4j/framework/projects/Jsoup/lib/org/eclipse/jetty/jetty-security/9.2.22.v20170606/jetty-security-9.2.22.v20170606.jar:/opt/defects4j/framework/projects/Jsoup/lib/org/eclipse/jetty/jetty-security/9.2.26.v20180806/jetty-security-9.2.26.v20180806.jar:/opt/defects4j/framework/projects/Jsoup/lib/org/eclipse/jetty/jetty-security/9.2.28.v20190418/jetty-security-9.2.28.v20190418.jar:/opt/defects4j/framework/projects/Jsoup/lib/org/eclipse/jetty/jetty-server/9.2.22.v20170606/jetty-server-9.2.22.v20170606.jar:/opt/defects4j/framework/projects/Jsoup/lib/org/eclipse/jetty/jetty-server/9.2.26.v20180806/jetty-server-9.2.26.v20180806.jar:/opt/defects4j/framework/projects/Jsoup/lib/org/eclipse/jetty/jetty-server/9.2.28.v20190418/jetty-server-9.2.28.v20190418.jar:/opt/defects4j/framework/projects/Jsoup/lib/org/eclipse/jetty/jetty-servlet/9.2.22.v20170606/jetty-servlet-9.2.22.v20170606.jar:/opt/defects4j/framework/projects/Jsoup/lib/org/eclipse/jetty/jetty-servlet/9.2.26.v20180806/jetty-servlet-9.2.26.v20180806.jar:/opt/defects4j/framework/projects/Jsoup/lib/org/eclipse/jetty/jetty-servlet/9.2.28.v20190418/jetty-servlet-9.2.28.v20190418.jar:/opt/defects4j/framework/projects/Jsoup/lib/org/eclipse/jetty/jetty-util/9.2.22.v20170606/jetty-util-9.2.22.v20170606.jar:/opt/defects4j/framework/projects/Jsoup/lib/org/eclipse/jetty/jetty-util/9.2.26.v20180806/jetty-util-9.2.26.v20180806.jar:/opt/defects4j/framework/projects/Jsoup/lib/org/eclipse/jetty/jetty-util/9.2.28.v20190418/jetty-util-9.2.28.v20190418.jar org.evosuite.EvoSuite -generateSuite -class org.jsoup.nodes.FormElement -projectCP /opt/defects4j/framework/projects/lib/junit-4.12-hamcrest-1.3.jar:/work/Jsoup_42f/target/classes:/work/Jsoup_42f/target/test-classes:/opt/defects4j/framework/projects/Jsoup/lib/com/google/code/gson/gson/2.7/gson-2.7.jar:/opt/defects4j/framework/projects/Jsoup/lib/commons-lang/commons-lang/2.4/commons-lang-2.4.jar:/opt/defects4j/framework/projects/Jsoup/lib/javax/servlet/javax.servlet-api/3.1.0/javax.servlet-api-3.1.0.jar:/opt/defects4j/framework/projects/Jsoup/lib/org/eclipse/jetty/jetty-http/9.2.22.v20170606/jetty-http-9.2.22.v20170606.jar:/opt/defects4j/framework/projects/Jsoup/lib/org/eclipse/jetty/jetty-http/9.2.26.v20180806/jetty-http-9.2.26.v20180806.jar:/opt/defects4j/framework/projects/Jsoup/lib/org/eclipse/jetty/jetty-http/9.2.28.v20190418/jetty-http-9.2.28.v20190418.jar:/opt/defects4j/framework/projects/Jsoup/lib/org/eclipse/jetty/jetty-io/9.2.22.v20170606/jetty-io-9.2.22.v20170606.jar:/opt/defects4j/framework/projects/Jsoup/lib/org/eclipse/jetty/jetty-io/9.2.26.v20180806/jetty-io-9.2.26.v20180806.jar:/opt/defects4j/framework/projects/Jsoup/lib/org/eclipse/jetty/jetty-io/9.2.28.v20190418/jetty-io-9.2.28.v20190418.jar:/opt/defects4j/framework/projects/Jsoup/lib/org/eclipse/jetty/jetty-security/9.2.22.v20170606/jetty-security-9.2.22.v20170606.jar:/opt/defects4j/framework/projects/Jsoup/lib/org/eclipse/jetty/jetty-security/9.2.26.v20180806/jetty-security-9.2.26.v20180806.jar:/opt/defects4j/framework/projects/Jsoup/lib/org/eclipse/jetty/jetty-security/9.2.28.v20190418/jetty-security-9.2.28.v20190418.jar:/opt/defects4j/framework/projects/Jsoup/lib/org/eclipse/jetty/jetty-server/9.2.22.v20170606/jetty-server-9.2.22.v20170606.jar:/opt/defects4j/framework/projects/Jsoup/lib/org/eclipse/jetty/jetty-server/9.2.26.v20180806/jetty-server-9.2.26.v20180806.jar:/opt/defects4j/framework/projects/Jsoup/lib/org/eclipse/jetty/jetty-server/9.2.28.v20190418/jetty-server-9.2.28.v20190418.jar:/opt/defects4j/framework/projects/Jsoup/lib/org/eclipse/jetty/jetty-servlet/9.2.22.v20170606/jetty-servlet-9.2.22.v20170606.jar:/opt/defects4j/framework/projects/Jsoup/lib/org/eclipse/jetty/jetty-servlet/9.2.26.v20180806/jetty-servlet-9.2.26.v20180806.jar:/opt/defects4j/framework/projects/Jsoup/lib/org/eclipse/jetty/jetty-servlet/9.2.28.v20190418/jetty-servlet-9.2.28.v20190418.jar:/opt/defects4j/framework/projects/Jsoup/lib/org/eclipse/jetty/jetty-util/9.2.22.v20170606/jetty-util-9.2.22.v20170606.jar:/opt/defects4j/framework/projects/Jsoup/lib/org/eclipse/jetty/jetty-util/9.2.26.v20180806/jetty-util-9.2.26.v20180806.jar:/opt/defects4j/framework/projects/Jsoup/lib/org/eclipse/jetty/jetty-util/9.2.28.v20190418/jetty-util-9.2.28.v20190418.jar -Dcriterion=LINE:BRANCH:EXCEPTION -Dsearch_budget=60 -seed 1 -Dtest_dir=/work/evo_out/Jsoup_42f/budget60_seed1/tests -Dreport_dir=/work/evo_out/Jsoup_42f/budget60_seed1/report
* EvoSuite 1.2.0
* Going to generate test cases for class: org.jsoup.nodes.FormElement
* Starting Client-0
* Connecting to master process on port 9922
* Analyzing classpath: 
  - /opt/defects4j/framework/projects/lib/junit-4.12-hamcrest-1.3.jar
  - /work/Jsoup_42f/target/classes
  - /work/Jsoup_42f/target/test-classes
  - /opt/defects4j/framework/projects/Jsoup/lib/com/google/code/gson/gson/2.7/gson-2.7.jar
  - /opt/defects4j/framework/projects/Jsoup/lib/commons-lang/commons-lang/2.4/commons-lang-2.4.jar
  - /opt/defects4j/framework/projects/Jsoup/lib/javax/servlet/javax.servlet-api/3.1.0/javax.servlet-api-3.1.0.jar
  - /opt/defects4j/framework/projects/Jsoup/lib/org/eclipse/jetty/jetty-http/9.2.22.v20170606/jetty-http-9.2.22.v20170606.jar
  - /opt/defects4j/framework/projects/Jsoup/lib/org/eclipse/jetty/jetty-http/9.2.26.v20180806/jetty-http-9.2.26.v20180806.jar
  - /opt/defects4j/framework/projects/Jsoup/lib/org/eclipse/jetty/jetty-http/9.2.28.v20190418/jetty-http-9.2.28.v20190418.jar
  - /opt/defects4j/framework/projects/Jsoup/lib/org/eclipse/jetty/jetty-io/9.2.22.v20170606/jetty-io-9.2.22.v20170606.jar
  - /opt/defects4j/framework/projects/Jsoup/lib/org/eclipse/jetty/jetty-io/9.2.26.v20180806/jetty-io-9.2.26.v20180806.jar
  - /opt/defects4j/framework/projects/Jsoup/lib/org/eclipse/jetty/jetty-io/9.2.28.v20190418/jetty-io-9.2.28.v20190418.jar
  - /opt/defects4j/framework/projects/Jsoup/lib/org/eclipse/jetty/jetty-security/9.2.22.v20170606/jetty-security-9.2.22.v20170606.jar
  - /opt/defects4j/framework/projects/Jsoup/lib/org/eclipse/jetty/jetty-security/9.2.26.v20180806/jetty-security-9.2.26.v20180806.jar
  - /opt/defects4j/framework/projects/Jsoup/lib/org/eclipse/jetty/jetty-security/9.2.28.v20190418/jetty-security-9.2.28.v20190418.jar
  - /opt/defects4j/framework/projects/Jsoup/lib/org/eclipse/jetty/jetty-server/9.2.22.v20170606/jetty-server-9.2.22.v20170606.jar
  - /opt/defects4j/framework/projects/Jsoup/lib/org/eclipse/jetty/jetty-server/9.2.26.v20180806/jetty-server-9.2.26.v20180806.jar
  - /opt/defects4j/framework/projects/Jsoup/lib/org/eclipse/jetty/jetty-server/9.2.28.v20190418/jetty-server-9.2.28.v20190418.jar
  - /opt/defects4j/framework/projects/Jsoup/lib/org/eclipse/jetty/jetty-servlet/9.2.22.v20170606/jetty-servlet-9.2.22.v20170606.jar
  - /opt/defects4j/framework/projects/Jsoup/lib/org/eclipse/jetty/jetty-servlet/9.2.26.v20180806/jetty-servlet-9.2.26.v20180806.jar
  - /opt/defects4j/framework/projects/Jsoup/lib/org/eclipse/jetty/jetty-servlet/9.2.28.v20190418/jetty-servlet-9.2.28.v20190418.jar
  - /opt/defects4j/framework/projects/Jsoup/lib/org/eclipse/jetty/jetty-util/9.2.22.v20170606/jetty-util-9.2.22.v20170606.jar
  - /opt/defects4j/framework/projects/Jsoup/lib/org/eclipse/jetty/jetty-util/9.2.26.v20180806/jetty-util-9.2.26.v20180806.jar
  - /opt/defects4j/framework/projects/Jsoup/lib/org/eclipse/jetty/jetty-util/9.2.28.v20190418/jetty-util-9.2.28.v20190418.jar
[MASTER] 21:10:26.608 [logback-1] WARN  InheritanceTree - Class not in inheritance graph: java.io.ObjectInputFilter
[MASTER] 21:10:26.687 [logback-1] WARN  InheritanceTree - Class not in inheritance graph: java.util.Locale$IsoCountryCode
* Finished analyzing classpath
* Generating tests for class org.jsoup.nodes.FormElement
* Test criteria:
  - Line Coverage
  - Branch Coverage
  - Exception
* Setting up search algorithm for whole suite generation
* Total number of test goals: 
  - Line 41
  - Branch 32
  - Exception 0

[Progress:>                             0%] [Cov:>                                  0%]* Using seed 1
* Starting evolution

[Progress:>                             0%] [Cov:==>                                8%]
[Progress:>                             0%] [Cov:====>                              13%]
[Progress:>                             0%] [Cov:================>                  46%]
[Progress:>                             0%] [Cov:==================>                53%][MASTER] 21:10:27.624 [logback-1] WARN  TestCluster - Failed to check cache for java.util.Comparator<T> : Type points to itself

[Progress:>                             1%] [Cov:>                                  2%]
[Progress:>                             1%] [Cov:=>                                 3%]
[Progress:>                             1%] [Cov:============>                      36%]
[Progress:>                             1%] [Cov:================>                  46%]
[Progress:>                             1%] [Cov:================>                  48%]
[Progress:>                             1%] [Cov:==================>                53%]
[Progress:>                             1%] [Cov:==================>                52%]
[Progress:>                             1%] [Cov:==================>                53%]
[Progress:>                             3%] [Cov:=============>                     38%]
[Progress:>                             3%] [Cov:=============>                     39%]
[Progress:>                             3%] [Cov:==============>                    42%]
[Progress:>                             3%] [Cov:===============>                   44%]
[Progress:>                             3%] [Cov:===============>                   45%]
[Progress:>                             3%] [Cov:================>                  46%]
[Progress:>                             3%] [Cov:==================>                52%]
[Progress:>                             3%] [Cov:==================>                53%]
[Progress:>                             3%] [Cov:==================>                54%]
[Progress:>                             3%] [Cov:==================>                54%]
[Progress:>                             3%] [Cov:==================>                54%]
[Progress:>                             3%] [Cov:==================>                54%]
[Progress:=>                            5%] [Cov:==================>                54%]
[Progress:=>                            5%] [Cov:==================>                54%]
[Progress:=>                            5%] [Cov:==================>                54%]
[Progress:=>                            5%] [Cov:==================>                54%]
[Progress:=>                            5%] [Cov:==================>                54%]
[Progress:=>                            5%] [Cov:==================>                54%]
[Progress:=>                            5%] [Cov:==================>                54%]
[Progress:=>                            5%] [Cov:==================>                54%]
[Progress:=>                            5%] [Cov:==================>                54%]
[Progress:=>                            6%] [Cov:==================>                54%]
[Progress:=>                            6%] [Cov:==================>                54%]
[Progress:=>                            6%] [Cov:==================>                54%]
[Progress:=>                            6%] [Cov:==================>                54%]
[Progress:=>                            6%] [Cov:==================>                54%]
[Progress:=>                            6%] [Cov:==================>                54%]
[Progress:=>                            6%] [Cov:==================>                54%]
[Progress:=>                            6%] [Cov:==================>                54%]
[Progress:=>                            6%] [Cov:==================>                54%]
[Progress:=>                            6%] [Cov:==================>                54%]
[Progress:=>                            6%] [Cov:==================>                54%]
[Progress:=>                            6%] [Cov:==================>                54%]
[Progress:==>                           8%] [Cov:==================>                54%]
[Progress:==>                           8%] [Cov:==================>                54%]
[Progress:==>                           8%] [Cov:==================>                54%]
[Progress:==>                           8%] [Cov:==================>                54%]
[Progress:==>                           8%] [Cov:==================>                54%]
[Progress:==>                           8%] [Cov:==================>                54%]
[Progress:==>                           8%] [Cov:==================>                54%]
[Progress:==>                           8%] [Cov:==================>                54%]
[Progress:==>                           8%] [Cov:==================>                54%]
[Progress:==>                           8%] [Cov:==================>                54%]
[Progress:==>                           8%] [Cov:==================>                54%]
[Progress:==>                           8%] [Cov:==================>                54%]
[Progress:==>                           8%] [Cov:==================>                54%]
[Progress:==>                           8%] [Cov:==================>                54%]
[Progress:==>                           8%] [Cov:==================>                54%]
[Progress:==>                           8%] [Cov:==================>                54%]
[Progress:===>                          10%] [Cov:==================>                54%]
[Progress:===>                          10%] [Cov:==================>                54%]
[Progress:===>                          10%] [Cov:==================>                54%]
[Progress:===>                          10%] [Cov:==================>                54%]
[Progress:===>                          10%] [Cov:==================>                54%]
[Progress:===>                          10%] [Cov:==================>                54%]
[Progress:===>                          10%] [Cov:==================>                54%]
[Progress:===>                          10%] [Cov:==================>                54%]
[Progress:===>                          10%] [Cov:===================>               55%]
[Progress:===>                          10%] [Cov:===================>               55%]
[Progress:===>                          10%] [Cov:===================>               55%]
[Progress:===>                          10%] [Cov:===================>               55%]
[Progress:===>                          10%] [Cov:===================>               55%]
[Progress:===>                          10%] [Cov:===================>               55%]
[Progress:===>                          10%] [Cov:===================>               55%]
[Progress:=====>                        18%] [Cov:===================>               55%]
[Progress:=====>                        18%] [Cov:===================>               55%]
[Progress:=====>                        18%] [Cov:===================>               55%]
[Progress:======>                       20%] [Cov:===================>               55%]
[Progress:======>                       20%] [Cov:===================>               55%]
[Progress:======>                       20%] [Cov:===================>               55%]
[Progress:======>                       20%] [Cov:===================>               55%]
[Progress:======>                       20%] [Cov:===================>               55%]
[Progress:======>                       20%] [Cov:===================>               55%]
[Progress:======>                       20%] [Cov:===================>               55%]
[Progress:======>                       20%] [Cov:===================>               55%]
[Progress:======>                       20%] [Cov:===================>               55%]
[Progress:======>                       20%] [Cov:===================>               55%]
[Progress:======>                       20%] [Cov:===================>               55%]
[Progress:======>                       20%] [Cov:===================>               55%]
[Progress:======>                       20%] [Cov:===================>               55%]
[Progress:======>                       20%] [Cov:===================>               55%]
[Progress:======>                       20%] [Cov:===================>               55%]
[Progress:======>                       21%] [Cov:===================>               55%]
[Progress:======>                       21%] [Cov:===================>               55%]
[Progress:======>                       21%] [Cov:===================>               55%]
[Progress:======>                       21%] [Cov:===================>               55%]
[Progress:======>                       21%] [Cov:===================>               55%]
[Progress:======>                       21%] [Cov:===================>               55%]
[Progress:======>                       21%] [Cov:===================>               55%]
[Progress:======>                       21%] [Cov:===================>               55%]
[Progress:======>                       21%] [Cov:===================>               55%]
[Progress:======>                       21%] [Cov:===================>               55%]
[Progress:======>                       21%] [Cov:===================>               55%]
[Progress:======>                       21%] [Cov:===================>               55%]
[Progress:======>                       21%] [Cov:===================>               55%]
[Progress:======>                       21%] [Cov:===================>               55%]
[Progress:======>                       21%] [Cov:===================>               55%]
[Progress:======>                       21%] [Cov:===================>               55%]
[Progress:======>                       21%] [Cov:===================>               55%]
[Progress:======>                       21%] [Cov:===================>               55%]
[Progress:======>                       23%] [Cov:===================>               55%]
[Progress:======>                       23%] [Cov:===================>               55%]
[Progress:======>                       23%] [Cov:===================>               55%]
[Progress:======>                       23%] [Cov:===================>               55%]
[Progress:======>                       23%] [Cov:===================>               55%]
[Progress:======>                       23%] [Cov:===================>               55%]
[Progress:======>                       23%] [Cov:===================>               55%]
[Progress:======>                       23%] [Cov:===================>               55%]
[Progress:======>                       23%] [Cov:===================>               55%]
[Progress:======>                       23%] [Cov:===================>               55%]
[Progress:======>                       23%] [Cov:===================>               55%]
[Progress:======>                       23%] [Cov:===================>               55%]
[Progress:======>                       23%] [Cov:===================>               55%]
[Progress:======>                       23%] [Cov:===================>               55%]
[Progress:======>                       23%] [Cov:===================>               55%]
[Progress:======>                       23%] [Cov:===================>               55%]
[Progress:======>                       23%] [Cov:===================>               55%]
[Progress:=======>                      25%] [Cov:===================>               55%]
[Progress:=======>                      25%] [Cov:===================>               55%]
[Progress:=======>                      25%] [Cov:===================>               55%]
[Progress:=======>                      25%] [Cov:===================>               55%]
[Progress:=======>                      25%] [Cov:===================>               55%]
[Progress:=======>                      25%] [Cov:===================>               55%]
[Progress:=======>                      25%] [Cov:===================>               55%]
[Progress:=======>                      25%] [Cov:===================>               55%]
[Progress:=======>                      25%] [Cov:===================>               55%]
[Progress:=======>                      25%] [Cov:===================>               55%]
[Progress:=======>                      25%] [Cov:===================>               55%]
[Progress:=======>                      25%] [Cov:===================>               55%]
[Progress:=======>                      25%] [Cov:===================>               55%]
[Progress:=======>                      25%] [Cov:===================>               55%]
[Progress:=======>                      25%] [Cov:===================>               55%]
[Progress:=======>                      25%] [Cov:===================>               55%]
[Progress:=======>                      25%] [Cov:===================>               55%]
[Progress:=======>                      25%] [Cov:===================>               55%]
[Progress:=======>                      26%] [Cov:===================>               55%]
[Progress:=======>                      26%] [Cov:===================>               55%]
[Progress:=======>                      26%] [Cov:===================>               55%]
[Progress:=======>                      26%] [Cov:===================>               55%]
[Progress:=======>                      26%] [Cov:===================>               55%]
[Progress:=======>                      26%] [Cov:===================>               55%]
[Progress:=======>                      26%] [Cov:===================>               55%]
[Progress:=======>                      26%] [Cov:===================>               55%]
[Progress:=======>                      26%] [Cov:===================>               55%]
[Progress:=======>                      26%] [Cov:===================>               55%]
[Progress:=======>                      26%] [Cov:===================>               55%]
[Progress:=======>                      26%] [Cov:===================>               55%]
[Progress:=======>                      26%] [Cov:===================>               55%]
[Progress:=======>                      26%] [Cov:===================>               55%]
[Progress:=======>                      26%] [Cov:===================>               55%]
[Progress:=======>                      26%] [Cov:===================>               55%]
[Progress:=======>                      26%] [Cov:===================>               55%]
[Progress:=======>                      26%] [Cov:===================>               55%]
[Progress:=======>                      26%] [Cov:===================>               55%]
[Progress:=======>                      26%] [Cov:===================>               55%]
[Progress:========>                     28%] [Cov:===================>               55%]
[Progress:========>                     28%] [Cov:===================>               55%]
[Progress:========>                     28%] [Cov:===================>               55%]
[Progress:========>                     28%] [Cov:===================>               55%]
[Progress:========>                     28%] [Cov:===================>               55%]
[Progress:========>                     28%] [Cov:===================>               55%]
[Progress:========>                     28%] [Cov:===================>               55%]
[Progress:========>                     28%] [Cov:===================>               55%]
[Progress:========>                     28%] [Cov:===================>               55%]
[Progress:========>                     28%] [Cov:===================>               55%]
[Progress:========>                     28%] [Cov:===================>               55%]
[Progress:========>                     28%] [Cov:===================>               55%]
[Progress:========>                     28%] [Cov:===================>               55%]
[Progress:========>                     28%] [Cov:===================>               55%]
[Progress:========>                     28%] [Cov:===================>               55%]
[Progress:========>                     28%] [Cov:===================>               55%]
[Progress:========>                     28%] [Cov:===================>               55%]
[Progress:========>                     28%] [Cov:===================>               55%]
[Progress:========>                     28%] [Cov:===================>               55%]
[Progress:========>                     28%] [Cov:===================>               55%]
[Progress:=========>                    30%] [Cov:===================>               55%]
[Progress:=========>                    30%] [Cov:===================>               55%]
[Progress:=========>                    30%] [Cov:===================>               55%]
[Progress:=========>                    30%] [Cov:===================>               55%]
[Progress:=========>                    30%] [Cov:===================>               55%]
[Progress:=========>                    30%] [Cov:===================>               55%]
[Progress:=========>                    30%] [Cov:===================>               55%]
[Progress:=========>                    30%] [Cov:===================>               55%]
[Progress:=========>                    30%] [Cov:===================>               55%]
[Progress:=========>                    30%] [Cov:===================>               55%]
[Progress:=========>                    30%] [Cov:===================>               55%]
[Progress:=========>                    30%] [Cov:===================>               55%]
[Progress:=========>                    30%] [Cov:===================>               55%]
[Progress:=========>                    30%] [Cov:===================>               55%]
[Progress:=========>                    30%] [Cov:===================>               55%]
[Progress:=========>                    30%] [Cov:===================>               55%]
[Progress:=========>                    30%] [Cov:===================>               55%]
[Progress:=========>                    30%] [Cov:===================>               55%]
[Progress:=========>                    30%] [Cov:===================>               55%]
[Progress:=========>                    30%] [Cov:===================>               55%]
[Progress:=========>                    30%] [Cov:===================>               55%]
[Progress:=========>                    31%] [Cov:===================>               55%]
[Progress:=========>                    31%] [Cov:===================>               55%]
[Progress:=========>                    31%] [Cov:===================>               55%]
[Progress:=========>                    31%] [Cov:===================>               55%]
[Progress:=========>                    31%] [Cov:===================>               55%]
[Progress:=========>                    31%] [Cov:===================>               55%]
[Progress:=========>                    31%] [Cov:===================>               55%]
[Progress:=========>                    31%] [Cov:===================>               55%]
[Progress:=========>                    31%] [Cov:===================>               55%]
[Progress:=========>                    31%] [Cov:===================>               55%]
[Progress:=========>                    31%] [Cov:===================>               55%]
[Progress:=========>                    31%] [Cov:===================>               55%]
[Progress:=========>                    31%] [Cov:===================>               55%]
[Progress:=========>                    31%] [Cov:===================>               55%]
[Progress:=========>                    31%] [Cov:===================>               55%]
[Progress:=========>                    31%] [Cov:===================>               55%]
[Progress:=========>                    31%] [Cov:===================>               55%]
[Progress:=========>                    31%] [Cov:===================>               55%]
[Progress:=========>                    31%] [Cov:===================>               55%]
[Progress:=========>                    31%] [Cov:===================>               55%]
[Progress:=========>                    33%] [Cov:===================>               55%]
[Progress:=========>                    33%] [Cov:===================>               55%]
[Progress:=========>                    33%] [Cov:===================>               55%]
[Progress:=========>                    33%] [Cov:===================>               55%]
[Progress:=========>                    33%] [Cov:===================>               55%]
[Progress:=========>                    33%] [Cov:===================>               55%]
[Progress:=========>                    33%] [Cov:===================>               55%]
[Progress:=========>                    33%] [Cov:===================>               55%]
[Progress:=========>                    33%] [Cov:===================>               55%]
[Progress:=========>                    33%] [Cov:===================>               55%]
[Progress:=========>                    33%] [Cov:===================>               55%]
[Progress:=========>                    33%] [Cov:===================>               55%]
[Progress:=========>                    33%] [Cov:===================>               55%]
[Progress:=========>                    33%] [Cov:===================>               55%]
[Progress:=========>                    33%] [Cov:===================>               55%]
[Progress:=========>                    33%] [Cov:===================>               55%]
[Progress:=========>                    33%] [Cov:===================>               55%]
[Progress:=========>                    33%] [Cov:===================>               55%]
[Progress:=========>                    33%] [Cov:===================>               55%]
[Progress:=========>                    33%] [Cov:===================>               55%]
[Progress:=========>                    33%] [Cov:===================>               55%]
[Progress:==========>                   35%] [Cov:===================>               55%]
[Progress:==========>                   35%] [Cov:===================>               55%]
[Progress:==========>                   35%] [Cov:===================>               55%]
[Progress:==========>                   35%] [Cov:===================>               55%]
[Progress:==========>                   35%] [Cov:===================>               55%]
[Progress:==========>                   35%] [Cov:===================>               55%]
[Progress:==========>                   35%] [Cov:===================>               55%]
[Progress:==========>                   35%] [Cov:===================>               55%]
[Progress:==========>                   35%] [Cov:===================>               55%]
[Progress:==========>                   35%] [Cov:===================>               55%]
[Progress:==========>                   35%] [Cov:===================>               55%]
[Progress:==========>                   35%] [Cov:===================>               55%]
[Progress:==========>                   35%] [Cov:===================>               55%]
[Progress:==========>                   35%] [Cov:===================>               55%]
[Progress:==========>                   35%] [Cov:===================>               55%]
[Progress:==========>                   35%] [Cov:===================>               55%]
[Progress:==========>                   35%] [Cov:===================>               55%]
[Progress:==========>                   35%] [Cov:===================>               55%]
[Progress:==========>                   35%] [Cov:===================>               55%]
[Progress:==========>                   35%] [Cov:===================>               55%]
[Progress:==========>                   35%] [Cov:===================>               55%]
[Progress:==========>                   36%] [Cov:===================>               55%]
[Progress:==========>                   36%] [Cov:===================>               55%]
[Progress:==========>                   36%] [Cov:===================>               55%]
[Progress:==========>                   36%] [Cov:===================>               55%]
[Progress:==========>                   36%] [Cov:===================>               55%]
[Progress:==========>                   36%] [Cov:===================>               55%]
[Progress:==========>                   36%] [Cov:===================>               55%]
[Progress:==========>                   36%] [Cov:===================>               55%]
[Progress:==========>                   36%] [Cov:===================>               55%]
[Progress:==========>                   36%] [Cov:===================>               55%]
[Progress:==========>                   36%] [Cov:===================>               55%]
[Progress:==========>                   36%] [Cov:===================>               55%]
[Progress:==========>                   36%] [Cov:===================>               55%]
[Progress:==========>                   36%] [Cov:===================>               55%]
[Progress:==========>                   36%] [Cov:===================>               55%]
[Progress:==========>                   36%] [Cov:===================>               55%]
[Progress:==========>                   36%] [Cov:===================>               55%]
[Progress:==========>                   36%] [Cov:===================>               55%]
[Progress:==========>                   36%] [Cov:===================>               55%]
[Progress:==========>                   36%] [Cov:===================>               55%]
[Progress:==========>                   36%] [Cov:===================>               55%]
[Progress:==========>                   36%] [Cov:===================>               55%]
[Progress:===========>                  38%] [Cov:===================>               55%]
[Progress:===========>                  38%] [Cov:===================>               55%]
[Progress:===========>                  38%] [Cov:===================>               55%]
[Progress:===========>                  38%] [Cov:===================>               55%]
[Progress:===========>                  38%] [Cov:===================>               55%]
[Progress:===========>                  38%] [Cov:===================>               55%]
[Progress:===========>                  38%] [Cov:===================>               55%]
[Progress:===========>                  38%] [Cov:===================>               55%]
[Progress:===========>                  38%] [Cov:===================>               55%]
[Progress:===========>                  38%] [Cov:===================>               55%]
[Progress:===========>                  38%] [Cov:===================>               55%]
[Progress:===========>                  38%] [Cov:===================>               55%]
[Progress:===========>                  38%] [Cov:===================>               55%]
[Progress:===========>                  38%] [Cov:===================>               55%]
[Progress:===========>                  38%] [Cov:===================>               55%]
[Progress:===========>                  38%] [Cov:===================>               55%]
[Progress:===========>                  38%] [Cov:===================>               55%]
[Progress:===========>                  38%] [Cov:===================>               55%]
[Progress:===========>                  38%] [Cov:===================>               55%]
[Progress:===========>                  38%] [Cov:===================>               55%]
[Progress:===========>                  38%] [Cov:===================>               55%]
[Progress:============>                 40%] [Cov:===================>               55%]
[Progress:============>                 40%] [Cov:===================>               55%]
[Progress:============>                 40%] [Cov:===================>               55%]
[Progress:============>                 40%] [Cov:===================>               55%]
[Progress:============>                 40%] [Cov:===================>               55%]
[Progress:============>                 40%] [Cov:===================>               55%]
[Progress:============>                 40%] [Cov:===================>               55%]
[Progress:============>                 40%] [Cov:===================>               55%]
[Progress:============>                 40%] [Cov:===================>               55%]
[Progress:============>                 40%] [Cov:===================>               55%]
[Progress:============>                 40%] [Cov:===================>               55%]
[Progress:============>                 40%] [Cov:===================>               55%]
[Progress:============>                 40%] [Cov:===================>               55%]
[Progress:============>                 40%] [Cov:===================>               55%]
[Progress:============>                 40%] [Cov:===================>               55%]
[Progress:============>                 40%] [Cov:===================>               55%]
[Progress:============>                 40%] [Cov:===================>               55%]
[Progress:============>                 40%] [Cov:===================>               55%]
[Progress:============>                 40%] [Cov:===================>               55%]
[Progress:============>                 40%] [Cov:===================>               55%]
[Progress:============>                 40%] [Cov:===================>               55%]
[Progress:============>                 40%] [Cov:===================>               55%]
[Progress:============>                 40%] [Cov:===================>               55%]
[Progress:============>                 41%] [Cov:===================>               55%]
[Progress:============>                 41%] [Cov:===================>               55%]
[Progress:============>                 41%] [Cov:===================>               55%]
[Progress:============>                 41%] [Cov:===================>               55%]
[Progress:============>                 41%] [Cov:===================>               55%]
[Progress:============>                 41%] [Cov:===================>               55%]
[Progress:============>                 41%] [Cov:===================>               55%]
[Progress:============>                 41%] [Cov:===================>               55%]
[Progress:============>                 41%] [Cov:===================>               55%]
[Progress:============>                 41%] [Cov:===================>               55%]
[Progress:============>                 41%] [Cov:===================>               55%]
[Progress:============>                 41%] [Cov:===================>               55%]
[Progress:============>                 41%] [Cov:===================>               55%]
[Progress:============>                 41%] [Cov:===================>               55%]
[Progress:============>                 41%] [Cov:===================>               55%]
[Progress:============>                 41%] [Cov:===================>               55%]
[Progress:============>                 41%] [Cov:===================>               55%]
[Progress:============>                 41%] [Cov:===================>               55%]
[Progress:============>                 41%] [Cov:===================>               55%]
[Progress:============>                 41%] [Cov:===================>               55%]
[Progress:============>                 41%] [Cov:===================>               55%]
[Progress:============>                 41%] [Cov:===================>               55%]
[Progress:============>                 41%] [Cov:===================>               55%]
[Progress:============>                 43%] [Cov:===================>               55%]
[Progress:============>                 43%] [Cov:===================>               55%]
[Progress:============>                 43%] [Cov:===================>               55%]
[Progress:============>                 43%] [Cov:===================>               55%]
[Progress:============>                 43%] [Cov:===================>               55%]
[Progress:============>                 43%] [Cov:===================>               55%]
[Progress:============>                 43%] [Cov:===================>               55%]
[Progress:============>                 43%] [Cov:===================>               55%]
[Progress:============>                 43%] [Cov:===================>               55%]
[Progress:============>                 43%] [Cov:===================>               55%]
[Progress:============>                 43%] [Cov:===================>               55%]
[Progress:============>                 43%] [Cov:===================>               55%]
[Progress:============>                 43%] [Cov:===================>               55%]
[Progress:============>                 43%] [Cov:===================>               55%]
[Progress:============>                 43%] [Cov:===================>               55%]
[Progress:============>                 43%] [Cov:===================>               55%]
[Progress:============>                 43%] [Cov:===================>               55%]
[Progress:============>                 43%] [Cov:===================>               55%]
[Progress:============>                 43%] [Cov:===================>               55%]
[Progress:============>                 43%] [Cov:===================>               55%]
[Progress:============>                 43%] [Cov:===================>               55%]
[Progress:============>                 43%] [Cov:===================>               55%]
[Progress:============>                 43%] [Cov:===================>               55%]
[Progress:=============>                45%] [Cov:===================>               55%]
[Progress:=============>                45%] [Cov:===================>               55%]
[Progress:=============>                45%] [Cov:===================>               55%]
[Progress:=============>                45%] [Cov:===================>               55%]
[Progress:=============>                45%] [Cov:===================>               55%]
[Progress:=============>                45%] [Cov:===================>               55%]
[Progress:=============>                45%] [Cov:===================>               55%]
[Progress:=============>                45%] [Cov:===================>               55%]
[Progress:=============>                45%] [Cov:===================>               55%]
[Progress:=============>                45%] [Cov:===================>               55%]
[Progress:=============>                45%] [Cov:===================>               55%]
[Progress:=============>                45%] [Cov:===================>               55%]
[Progress:=============>                45%] [Cov:===================>               55%]
[Progress:=============>                45%] [Cov:===================>               55%]
[Progress:=============>                45%] [Cov:===================>               55%]
[Progress:=============>                45%] [Cov:===================>               55%]
[Progress:=============>                45%] [Cov:===================>               55%]
[Progress:=============>                45%] [Cov:===================>               55%]
[Progress:=============>                45%] [Cov:===================>               55%]
[Progress:=============>                45%] [Cov:===================>               55%]
[Progress:=============>                45%] [Cov:===================>               55%]
[Progress:=============>                45%] [Cov:===================>               55%]
[Progress:=============>                46%] [Cov:===================>               55%]
[Progress:=============>                46%] [Cov:===================>               55%]
[Progress:=============>                46%] [Cov:===================>               55%]
[Progress:=============>                46%] [Cov:===================>               55%]
[Progress:=============>                46%] [Cov:===================>               55%]
[Progress:=============>                46%] [Cov:===================>               55%]
[Progress:=============>                46%] [Cov:===================>               55%]
[Progress:=============>                46%] [Cov:===================>               55%]
[Progress:=============>                46%] [Cov:===================>               55%]
[Progress:=============>                46%] [Cov:===================>               55%]
[Progress:=============>                46%] [Cov:===================>               55%]
[Progress:=============>                46%] [Cov:===================>               55%]
[Progress:=============>                46%] [Cov:===================>               55%]
[Progress:=============>                46%] [Cov:===================>               55%]
[Progress:=============>                46%] [Cov:===================>               55%]
[Progress:=============>                46%] [Cov:===================>               55%]
[Progress:=============>                46%] [Cov:===================>               55%]
[Progress:=============>                46%] [Cov:===================>               55%]
[Progress:=============>                46%] [Cov:===================>               55%]
[Progress:=============>                46%] [Cov:===================>               55%]
[Progress:=============>                46%] [Cov:===================>               55%]
[Progress:==============>               48%] [Cov:===================>               55%]
[Progress:==============>               48%] [Cov:===================>               55%]
[Progress:==============>               48%] [Cov:===================>               55%]
[Progress:==============>               48%] [Cov:===================>               55%]
[Progress:==============>               48%] [Cov:===================>               55%]
[Progress:==============>               48%] [Cov:===================>               55%]
[Progress:==============>               48%] [Cov:===================>               55%]
[Progress:==============>               48%] [Cov:===================>               55%]
[Progress:==============>               48%] [Cov:===================>               55%]
[Progress:==============>               48%] [Cov:===================>               55%]
[Progress:==============>               48%] [Cov:===================>               55%]
[Progress:==============>               48%] [Cov:===================>               55%]
[Progress:==============>               48%] [Cov:===================>               55%]
[Progress:==============>               48%] [Cov:===================>               55%]
[Progress:==============>               48%] [Cov:===================>               55%]
[Progress:==============>               48%] [Cov:===================>               55%]
[Progress:==============>               48%] [Cov:===================>               55%]
[Progress:==============>               48%] [Cov:===================>               55%]
[Progress:==============>               48%] [Cov:===================>               55%]
[Progress:==============>               48%] [Cov:===================>               55%]
[Progress:==============>               48%] [Cov:===================>               55%]
[Progress:===============>              50%] [Cov:===================>               55%]
[Progress:===============>              50%] [Cov:===================>               55%]
[Progress:===============>              50%] [Cov:===================>               55%]
[Progress:===============>              50%] [Cov:===================>               55%]
[Progress:===============>              50%] [Cov:===================>               55%]
[Progress:===============>              50%] [Cov:===================>               55%]
[Progress:===============>              50%] [Cov:===================>               55%]
[Progress:===============>              50%] [Cov:===================>               55%]
[Progress:===============>              50%] [Cov:===================>               55%]
[Progress:===============>              50%] [Cov:===================>               55%]
[Progress:===============>              50%] [Cov:===================>               55%]
[Progress:===============>              50%] [Cov:===================>               55%]
[Progress:===============>              50%] [Cov:===================>               55%]
[Progress:===============>              50%] [Cov:===================>               55%]
[Progress:===============>              50%] [Cov:===================>               55%]
[Progress:===============>              50%] [Cov:===================>               55%]
[Progress:===============>              50%] [Cov:===================>               55%]
[Progress:===============>              50%] [Cov:===================>               55%]
[Progress:===============>              50%] [Cov:===================>               55%]
[Progress:===============>              50%] [Cov:===================>               55%]
[Progress:===============>              50%] [Cov:===================>               55%]
[Progress:===============>              50%] [Cov:===================>               55%]
[Progress:===============>              51%] [Cov:===================>               55%]
[Progress:===============>              51%] [Cov:===================>               55%]
[Progress:===============>              51%] [Cov:===================>               55%]
[Progress:===============>              51%] [Cov:===================>               55%]
[Progress:===============>              51%] [Cov:===================>               55%]
[Progress:===============>              51%] [Cov:===================>               55%]
[Progress:===============>              51%] [Cov:===================>               55%]
[Progress:===============>              51%] [Cov:===================>               55%]
[Progress:===============>              51%] [Cov:===================>               55%]
[Progress:===============>              51%] [Cov:===================>               55%]
[Progress:===============>              51%] [Cov:===================>               55%]
[Progress:===============>              51%] [Cov:===================>               55%]
[Progress:===============>              51%] [Cov:===================>               55%]
[Progress:===============>              51%] [Cov:===================>               55%]
[Progress:===============>              51%] [Cov:===================>               55%]
[Progress:===============>              51%] [Cov:===================>               55%]
[Progress:===============>              51%] [Cov:===================>               55%]
[Progress:===============>              51%] [Cov:===================>               55%]
[Progress:===============>              51%] [Cov:===================>               55%]
[Progress:===============>              51%] [Cov:===================>               55%]
[Progress:===============>              51%] [Cov:===================>               55%]
[Progress:===============>              51%] [Cov:===================>               55%]
[Progress:===============>              53%] [Cov:===================>               55%]
[Progress:===============>              53%] [Cov:===================>               55%]
[Progress:===============>              53%] [Cov:===================>               55%]
[Progress:===============>              53%] [Cov:===================>               55%]
[Progress:===============>              53%] [Cov:===================>               55%]
[Progress:===============>              53%] [Cov:===================>               55%]
[Progress:===============>              53%] [Cov:===================>               55%]
[Progress:===============>              53%] [Cov:===================>               55%]
[Progress:===============>              53%] [Cov:===================>               55%]
[Progress:===============>              53%] [Cov:===================>               55%]
[Progress:===============>              53%] [Cov:===================>               55%]
[Progress:===============>              53%] [Cov:===================>               55%]
[Progress:===============>              53%] [Cov:===================>               55%]
[Progress:===============>              53%] [Cov:===================>               55%]
[Progress:===============>              53%] [Cov:===================>               55%]
[Progress:===============>              53%] [Cov:===================>               55%]
[Progress:===============>              53%] [Cov:===================>               55%]
[Progress:===============>              53%] [Cov:===================>               55%]
[Progress:===============>              53%] [Cov:===================>               55%]
[Progress:===============>              53%] [Cov:===================>               55%]
[Progress:===============>              53%] [Cov:===================>               55%]
[Progress:===============>              53%] [Cov:===================>               55%]
[Progress:================>             55%] [Cov:===================>               55%]
[Progress:================>             55%] [Cov:===================>               55%]
[Progress:================>             55%] [Cov:===================>               55%]
[Progress:================>             55%] [Cov:===================>               55%]
[Progress:================>             55%] [Cov:===================>               55%]
[Progress:================>             55%] [Cov:===================>               55%]
[Progress:================>             55%] [Cov:===================>               55%]
[Progress:================>             55%] [Cov:===================>               55%]
[Progress:================>             55%] [Cov:===================>               55%]
[Progress:================>             55%] [Cov:===================>               55%]
[Progress:================>             55%] [Cov:===================>               55%]
[Progress:================>             55%] [Cov:===================>               55%]
[Progress:================>             55%] [Cov:===================>               55%]
[Progress:================>             55%] [Cov:===================>               55%]
[Progress:================>             55%] [Cov:===================>               55%]
[Progress:================>             55%] [Cov:===================>               55%]
[Progress:================>             55%] [Cov:===================>               55%]
[Progress:================>             55%] [Cov:===================>               55%]
[Progress:================>             55%] [Cov:===================>               55%]
[Progress:================>             55%] [Cov:===================>               55%]
[Progress:================>             55%] [Cov:===================>               55%]
[Progress:================>             55%] [Cov:===================>               55%]
[Progress:================>             56%] [Cov:===================>               55%]
[Progress:================>             56%] [Cov:===================>               55%]
[Progress:================>             56%] [Cov:===================>               55%]
[Progress:================>             56%] [Cov:===================>               55%]
[Progress:================>             56%] [Cov:===================>               55%]
[Progress:================>             56%] [Cov:===================>               55%]
[Progress:================>             56%] [Cov:===================>               55%]
[Progress:================>             56%] [Cov:===================>               55%]
[Progress:================>             56%] [Cov:===================>               55%]
[Progress:================>             56%] [Cov:===================>               55%]
[Progress:================>             56%] [Cov:===================>               55%]
[Progress:================>             56%] [Cov:===================>               55%]
[Progress:================>             56%] [Cov:===================>               55%]
[Progress:================>             56%] [Cov:===================>               55%]
[Progress:================>             56%] [Cov:===================>               55%]
[Progress:================>             56%] [Cov:===================>               55%]
[Progress:================>             56%] [Cov:===================>               55%]
[Progress:================>             56%] [Cov:===================>               55%]
[Progress:================>             56%] [Cov:===================>               55%]
[Progress:================>             56%] [Cov:===================>               55%]
[Progress:================>             56%] [Cov:===================>               55%]
[Progress:================>             56%] [Cov:===================>               55%]
[Progress:=================>            58%] [Cov:===================>               55%]
[Progress:=================>            58%] [Cov:===================>               55%]
[Progress:=================>            58%] [Cov:===================>               55%]
[Progress:=================>            58%] [Cov:===================>               55%]
[Progress:=================>            58%] [Cov:===================>               55%]
[Progress:=================>            58%] [Cov:===================>               55%]
[Progress:=================>            58%] [Cov:===================>               55%]
[Progress:=================>            58%] [Cov:===================>               55%]
[Progress:=================>            58%] [Cov:===================>               55%]
[Progress:=================>            58%] [Cov:===================>               55%]
[Progress:=================>            58%] [Cov:===================>               55%]
[Progress:=================>            58%] [Cov:===================>               55%]
[Progress:=================>            58%] [Cov:===================>               55%]
[Progress:=================>            58%] [Cov:===================>               55%]
[Progress:=================>            58%] [Cov:===================>               55%]
[Progress:=================>            58%] [Cov:===================>               55%]
[Progress:=================>            58%] [Cov:===================>               55%]
[Progress:=================>            58%] [Cov:===================>               55%]
[Progress:=================>            58%] [Cov:===================>               55%]
[Progress:=================>            58%] [Cov:===================>               55%]
[Progress:==================>           60%] [Cov:===================>               55%]
[Progress:==================>           60%] [Cov:===================>               55%]
[Progress:==================>           60%] [Cov:===================>               55%]
[Progress:==================>           60%] [Cov:===================>               55%]
[Progress:==================>           60%] [Cov:===================>               55%]
[Progress:==================>           60%] [Cov:===================>               55%]
[Progress:==================>           60%] [Cov:===================>               55%]
[Progress:==================>           60%] [Cov:===================>               55%]
[Progress:==================>           60%] [Cov:===================>               55%]
[Progress:==================>           60%] [Cov:===================>               55%]
[Progress:==================>           60%] [Cov:===================>               55%]
[Progress:==================>           60%] [Cov:===================>               55%]
[Progress:==================>           60%] [Cov:===================>               55%]
[Progress:==================>           60%] [Cov:===================>               55%]
[Progress:==================>           60%] [Cov:===================>               55%]
[Progress:==================>           60%] [Cov:===================>               55%]
[Progress:==================>           60%] [Cov:===================>               55%]
[Progress:==================>           60%] [Cov:===================>               55%]
[Progress:==================>           60%] [Cov:===================>               55%]
[Progress:==================>           60%] [Cov:===================>               55%]
[Progress:==================>           60%] [Cov:===================>               55%]
[Progress:==================>           60%] [Cov:===================>               55%]
[Progress:==================>           61%] [Cov:===================>               55%]
[Progress:==================>           61%] [Cov:===================>               55%]
[Progress:==================>           61%] [Cov:===================>               55%]
[Progress:==================>           61%] [Cov:===================>               55%]
[Progress:==================>           61%] [Cov:===================>               55%]
[Progress:==================>           61%] [Cov:===================>               55%]
[Progress:==================>           61%] [Cov:===================>               55%]
[Progress:==================>           61%] [Cov:===================>               55%]
[Progress:==================>           61%] [Cov:===================>               55%]
[Progress:==================>           61%] [Cov:===================>               55%]
[Progress:==================>           61%] [Cov:===================>               55%]
[Progress:==================>           61%] [Cov:===================>               55%]
[Progress:==================>           61%] [Cov:===================>               55%]
[Progress:==================>           61%] [Cov:===================>               55%]
[Progress:==================>           61%] [Cov:===================>               55%]
[Progress:==================>           61%] [Cov:===================>               55%]
[Progress:==================>           61%] [Cov:===================>               55%]
[Progress:==================>           61%] [Cov:===================>               55%]
[Progress:==================>           61%] [Cov:===================>               55%]
[Progress:==================>           61%] [Cov:===================>               55%]
[Progress:==================>           61%] [Cov:===================>               55%]
[Progress:==================>           63%] [Cov:===================>               55%]
[Progress:==================>           63%] [Cov:===================>               55%]
[Progress:==================>           63%] [Cov:===================>               55%]
[Progress:==================>           63%] [Cov:===================>               55%]
[Progress:==================>           63%] [Cov:===================>               55%]
[Progress:==================>           63%] [Cov:===================>               55%]
[Progress:==================>           63%] [Cov:===================>               55%]
[Progress:==================>           63%] [Cov:===================>               55%]
[Progress:==================>           63%] [Cov:===================>               55%]
[Progress:==================>           63%] [Cov:===================>               55%]
[Progress:==================>           63%] [Cov:===================>               55%]
[Progress:==================>           63%] [Cov:===================>               55%]
[Progress:==================>           63%] [Cov:===================>               55%]
[Progress:==================>           63%] [Cov:===================>               55%]
[Progress:==================>           63%] [Cov:===================>               55%]
[Progress:==================>           63%] [Cov:===================>               55%]
[Progress:==================>           63%] [Cov:===================>               55%]
[Progress:==================>           63%] [Cov:===================>               55%]
[Progress:==================>           63%] [Cov:===================>               55%]
[Progress:==================>           63%] [Cov:===================>               55%]
[Progress:==================>           63%] [Cov:===================>               55%]
[Progress:==================>           63%] [Cov:===================>               55%]
[Progress:==================>           63%] [Cov:===================>               55%]
[Progress:===================>          65%] [Cov:===================>               55%]
[Progress:===================>          65%] [Cov:===================>               55%]
[Progress:===================>          65%] [Cov:===================>               55%]
[Progress:===================>          65%] [Cov:===================>               55%]
[Progress:===================>          65%] [Cov:===================>               55%]
[Progress:===================>          65%] [Cov:===================>               55%]
[Progress:===================>          65%] [Cov:===================>               55%]
[Progress:===================>          65%] [Cov:===================>               55%]
[Progress:===================>          65%] [Cov:===================>               55%]
[Progress:===================>          65%] [Cov:===================>               55%]
[Progress:===================>          65%] [Cov:===================>               55%]
[Progress:===================>          65%] [Cov:====================>              58%]
[Progress:===================>          65%] [Cov:====================>              58%]
[Progress:===================>          65%] [Cov:====================>              58%]
[Progress:===================>          65%] [Cov:====================>              58%]
[Progress:===================>          65%] [Cov:====================>              58%]
[Progress:===================>          65%] [Cov:====================>              58%]
[Progress:===================>          65%] [Cov:====================>              58%]
[Progress:===================>          65%] [Cov:====================>              58%]
[Progress:===================>          65%] [Cov:====================>              58%]
[Progress:===================>          65%] [Cov:====================>              58%]
[Progress:===================>          65%] [Cov:====================>              58%]
[Progress:===================>          66%] [Cov:====================>              58%]
[Progress:===================>          66%] [Cov:====================>              58%]
[Progress:===================>          66%] [Cov:====================>              58%]
[Progress:===================>          66%] [Cov:====================>              58%]
[Progress:===================>          66%] [Cov:====================>              58%]
[Progress:===================>          66%] [Cov:====================>              58%]
[Progress:===================>          66%] [Cov:====================>              58%]
[Progress:===================>          66%] [Cov:====================>              58%]
[Progress:===================>          66%] [Cov:====================>              58%]
[Progress:===================>          66%] [Cov:====================>              58%]
[Progress:===================>          66%] [Cov:====================>              58%]
[Progress:===================>          66%] [Cov:====================>              58%]
[Progress:===================>          66%] [Cov:====================>              58%]
[Progress:===================>          66%] [Cov:====================>              58%]
[Progress:===================>          66%] [Cov:====================>              58%]
[Progress:===================>          66%] [Cov:====================>              58%]
[Progress:===================>          66%] [Cov:====================>              58%]
[Progress:===================>          66%] [Cov:====================>              58%]
[Progress:===================>          66%] [Cov:====================>              58%]
[Progress:===================>          66%] [Cov:====================>              58%]
[Progress:===================>          66%] [Cov:====================>              58%]
[Progress:===================>          66%] [Cov:====================>              58%]
[Progress:===================>          66%] [Cov:====================>              58%]
[Progress:====================>         68%] [Cov:====================>              58%]
[Progress:====================>         68%] [Cov:====================>              58%]
[Progress:====================>         68%] [Cov:====================>              58%]
[Progress:====================>         68%] [Cov:====================>              58%]
[Progress:====================>         68%] [Cov:====================>              58%]
[Progress:====================>         68%] [Cov:====================>              58%]
[Progress:====================>         68%] [Cov:====================>              58%]
[Progress:====================>         68%] [Cov:====================>              58%]
[Progress:====================>         68%] [Cov:====================>              58%]
[Progress:====================>         68%] [Cov:====================>              58%]
[Progress:====================>         68%] [Cov:====================>              58%]
[Progress:====================>         68%] [Cov:====================>              58%]
[Progress:====================>         68%] [Cov:====================>              58%]
[Progress:====================>         68%] [Cov:====================>              58%]
[Progress:====================>         68%] [Cov:====================>              58%]
[Progress:====================>         68%] [Cov:====================>              58%]
[Progress:====================>         68%] [Cov:====================>              58%]
[Progress:====================>         68%] [Cov:====================>              58%]
[Progress:====================>         68%] [Cov:====================>              58%]
[Progress:====================>         68%] [Cov:====================>              58%]
[Progress:====================>         68%] [Cov:====================>              58%]
[Progress:====================>         68%] [Cov:====================>              58%]
[Progress:====================>         68%] [Cov:====================>              58%]
[Progress:====================>         68%] [Cov:====================>              58%]
[Progress:=====================>        70%] [Cov:====================>              58%]
[Progress:=====================>        70%] [Cov:====================>              58%]
[Progress:=====================>        70%] [Cov:====================>              58%]
[Progress:=====================>        70%] [Cov:====================>              58%]
[Progress:=====================>        70%] [Cov:====================>              58%]
[Progress:=====================>        70%] [Cov:====================>              58%]
[Progress:=====================>        70%] [Cov:====================>              58%]
[Progress:=====================>        70%] [Cov:====================>              58%]
[Progress:=====================>        70%] [Cov:====================>              58%]
[Progress:=====================>        70%] [Cov:====================>              58%]
[Progress:=====================>        70%] [Cov:====================>              58%]
[Progress:=====================>        70%] [Cov:====================>              58%]
[Progress:=====================>        70%] [Cov:====================>              58%]
[Progress:=====================>        70%] [Cov:====================>              58%]
[Progress:=====================>        70%] [Cov:====================>              58%]
[Progress:=====================>        70%] [Cov:====================>              58%]
[Progress:=====================>        70%] [Cov:====================>              58%]
[Progress:=====================>        70%] [Cov:====================>              58%]
[Progress:=====================>        70%] [Cov:====================>              58%]
[Progress:=====================>        70%] [Cov:====================>              58%]
[Progress:=====================>        70%] [Cov:====================>              58%]
[Progress:=====================>        70%] [Cov:====================>              58%]
[Progress:=====================>        71%] [Cov:====================>              58%]
[Progress:=====================>        71%] [Cov:====================>              58%]
[Progress:=====================>        71%] [Cov:====================>              58%]
[Progress:=====================>        71%] [Cov:====================>              58%]
[Progress:=====================>        71%] [Cov:====================>              58%]
[Progress:=====================>        71%] [Cov:====================>              58%]
[Progress:=====================>        71%] [Cov:====================>              58%]
[Progress:=====================>        71%] [Cov:====================>              58%]
[Progress:=====================>        71%] [Cov:====================>              58%]
[Progress:=====================>        71%] [Cov:====================>              58%]
[Progress:=====================>        71%] [Cov:====================>              58%]
[Progress:=====================>        71%] [Cov:====================>              58%]
[Progress:=====================>        71%] [Cov:====================>              58%]
[Progress:=====================>        71%] [Cov:====================>              58%]
[Progress:=====================>        71%] [Cov:====================>              58%]
[Progress:=====================>        71%] [Cov:====================>              58%]
[Progress:=====================>        71%] [Cov:====================>              58%]
[Progress:=====================>        71%] [Cov:====================>              58%]
[Progress:=====================>        71%] [Cov:====================>              58%]
[Progress:=====================>        71%] [Cov:====================>              58%]
[Progress:=====================>        71%] [Cov:====================>              58%]
[Progress:=====================>        71%] [Cov:====================>              58%]
[Progress:=====================>        71%] [Cov:====================>              58%]
[Progress:=====================>        73%] [Cov:====================>              58%]
[Progress:=====================>        73%] [Cov:====================>              58%]
[Progress:=====================>        73%] [Cov:====================>              58%]
[Progress:=====================>        73%] [Cov:====================>              58%]
[Progress:=====================>        73%] [Cov:====================>              58%]
[Progress:=====================>        73%] [Cov:====================>              58%]
[Progress:=====================>        73%] [Cov:====================>              58%]
[Progress:=====================>        73%] [Cov:====================>              58%]
[Progress:=====================>        73%] [Cov:====================>              58%]
[Progress:=====================>        73%] [Cov:====================>              58%]
[Progress:=====================>        73%] [Cov:====================>              58%]
[Progress:=====================>        73%] [Cov:====================>              58%]
[Progress:=====================>        73%] [Cov:====================>              58%]
[Progress:=====================>        73%] [Cov:====================>              58%]
[Progress:=====================>        73%] [Cov:====================>              58%]
[Progress:=====================>        73%] [Cov:====================>              58%]
[Progress:=====================>        73%] [Cov:====================>              58%]
[Progress:=====================>        73%] [Cov:====================>              58%]
[Progress:=====================>        73%] [Cov:====================>              58%]
[Progress:=====================>        73%] [Cov:====================>              58%]
[Progress:=====================>        73%] [Cov:====================>              58%]
[Progress:=====================>        73%] [Cov:====================>              58%]
[Progress:=====================>        73%] [Cov:====================>              58%]
[Progress:=====================>        73%] [Cov:====================>              58%]
[Progress:======================>       75%] [Cov:====================>              58%]
[Progress:======================>       75%] [Cov:====================>              58%]
[Progress:======================>       75%] [Cov:====================>              58%]
[Progress:======================>       75%] [Cov:====================>              58%]
[Progress:======================>       75%] [Cov:====================>              58%]
[Progress:======================>       75%] [Cov:====================>              58%]
[Progress:======================>       75%] [Cov:====================>              58%]
[Progress:======================>       75%] [Cov:====================>              58%]
[Progress:======================>       75%] [Cov:====================>              58%]
[Progress:======================>       75%] [Cov:====================>              58%]
[Progress:======================>       75%] [Cov:====================>              58%]
[Progress:======================>       75%] [Cov:====================>              58%]
[Progress:======================>       75%] [Cov:====================>              58%]
[Progress:======================>       75%] [Cov:====================>              58%]
[Progress:======================>       75%] [Cov:====================>              58%]
[Progress:======================>       75%] [Cov:====================>              58%]
[Progress:======================>       75%] [Cov:====================>              58%]
[Progress:======================>       75%] [Cov:====================>              58%]
[Progress:======================>       75%] [Cov:====================>              58%]
[Progress:======================>       75%] [Cov:====================>              58%]
[Progress:======================>       75%] [Cov:====================>              58%]
[Progress:======================>       75%] [Cov:====================>              58%]
[Progress:======================>       75%] [Cov:====================>              58%]
[Progress:======================>       76%] [Cov:====================>              58%]
[Progress:======================>       76%] [Cov:====================>              58%]
[Progress:======================>       76%] [Cov:====================>              58%]
[Progress:======================>       76%] [Cov:====================>              58%]
[Progress:======================>       76%] [Cov:====================>              58%]
[Progress:======================>       76%] [Cov:====================>              58%]
[Progress:======================>       76%] [Cov:====================>              58%]
[Progress:======================>       76%] [Cov:====================>              58%]
[Progress:======================>       76%] [Cov:====================>              58%]
[Progress:======================>       76%] [Cov:====================>              58%]
[Progress:======================>       76%] [Cov:====================>              58%]
[Progress:======================>       76%] [Cov:====================>              58%]
[Progress:======================>       76%] [Cov:====================>              58%]
[Progress:======================>       76%] [Cov:====================>              58%]
[Progress:======================>       76%] [Cov:====================>              58%]
[Progress:======================>       76%] [Cov:====================>              58%]
[Progress:======================>       76%] [Cov:====================>              58%]
[Progress:======================>       76%] [Cov:====================>              58%]
[Progress:======================>       76%] [Cov:====================>              58%]
[Progress:======================>       76%] [Cov:====================>              58%]
[Progress:======================>       76%] [Cov:====================>              58%]
[Progress:======================>       76%] [Cov:====================>              58%]
[Progress:======================>       76%] [Cov:====================>              58%]
[Progress:=======================>      78%] [Cov:====================>              58%]
[Progress:=======================>      78%] [Cov:====================>              58%]
[Progress:=======================>      78%] [Cov:====================>              58%]
[Progress:=======================>      78%] [Cov:====================>              58%]
[Progress:=======================>      78%] [Cov:====================>              58%]
[Progress:=======================>      78%] [Cov:====================>              58%]
[Progress:=======================>      78%] [Cov:====================>              58%]
[Progress:=======================>      78%] [Cov:====================>              58%]
[Progress:=======================>      78%] [Cov:====================>              58%]
[Progress:=======================>      78%] [Cov:====================>              58%]
[Progress:=======================>      78%] [Cov:====================>              58%]
[Progress:=======================>      78%] [Cov:====================>              58%]
[Progress:=======================>      78%] [Cov:====================>              58%]
[Progress:=======================>      78%] [Cov:====================>              58%]
[Progress:=======================>      78%] [Cov:====================>              58%]
[Progress:=======================>      78%] [Cov:====================>              58%]
[Progress:=======================>      78%] [Cov:====================>              58%]
[Progress:=======================>      78%] [Cov:====================>              58%]
[Progress:=======================>      78%] [Cov:====================>              58%]
[Progress:=======================>      78%] [Cov:====================>              58%]
[Progress:=======================>      78%] [Cov:====================>              58%]
[Progress:=======================>      78%] [Cov:====================>              58%]
[Progress:=======================>      78%] [Cov:====================>              58%]
[Progress:=======================>      78%] [Cov:====================>              58%]
[Progress:========================>     80%] [Cov:====================>              58%]
[Progress:========================>     80%] [Cov:====================>              58%]
[Progress:========================>     80%] [Cov:====================>              58%]
[Progress:========================>     80%] [Cov:====================>              58%]
[Progress:========================>     80%] [Cov:====================>              58%]
[Progress:========================>     80%] [Cov:====================>              58%]
[Progress:========================>     80%] [Cov:====================>              58%]
[Progress:========================>     80%] [Cov:====================>              58%]
[Progress:========================>     80%] [Cov:====================>              58%]
[Progress:========================>     80%] [Cov:====================>              58%]
[Progress:========================>     80%] [Cov:====================>              58%]
[Progress:========================>     80%] [Cov:====================>              58%]
[Progress:========================>     80%] [Cov:====================>              58%]
[Progress:========================>     80%] [Cov:====================>              58%]
[Progress:========================>     80%] [Cov:====================>              58%]
[Progress:========================>     80%] [Cov:====================>              58%]
[Progress:========================>     80%] [Cov:====================>              58%]
[Progress:========================>     80%] [Cov:====================>              58%]
[Progress:========================>     80%] [Cov:====================>              58%]
[Progress:========================>     80%] [Cov:====================>              58%]
[Progress:========================>     80%] [Cov:====================>              58%]
[Progress:========================>     80%] [Cov:====================>              58%]
[Progress:========================>     80%] [Cov:====================>              58%]
[Progress:========================>     81%] [Cov:====================>              58%]
[Progress:========================>     81%] [Cov:====================>              58%]
[Progress:========================>     81%] [Cov:====================>              58%]
[Progress:========================>     81%] [Cov:====================>              58%]
[Progress:========================>     81%] [Cov:====================>              58%]
[Progress:========================>     81%] [Cov:====================>              58%]
[Progress:========================>     81%] [Cov:====================>              58%]
[Progress:========================>     81%] [Cov:====================>              58%]
[Progress:========================>     81%] [Cov:====================>              58%]
[Progress:========================>     81%] [Cov:====================>              58%]
[Progress:========================>     81%] [Cov:====================>              58%]
[Progress:========================>     81%] [Cov:====================>              58%]
[Progress:========================>     81%] [Cov:====================>              58%]
[Progress:========================>     81%] [Cov:====================>              58%]
[Progress:========================>     81%] [Cov:====================>              58%]
[Progress:========================>     81%] [Cov:====================>              58%]
[Progress:========================>     81%] [Cov:====================>              58%]
[Progress:========================>     81%] [Cov:====================>              58%]
[Progress:========================>     81%] [Cov:====================>              58%]
[Progress:========================>     81%] [Cov:====================>              58%]
[Progress:========================>     81%] [Cov:====================>              58%]
[Progress:========================>     81%] [Cov:====================>              58%]
[Progress:========================>     81%] [Cov:====================>              58%]
[Progress:========================>     83%] [Cov:====================>              58%]
[Progress:========================>     83%] [Cov:====================>              58%]
[Progress:========================>     83%] [Cov:====================>              58%]
[Progress:========================>     83%] [Cov:====================>              58%]
[Progress:========================>     83%] [Cov:====================>              58%]
[Progress:========================>     83%] [Cov:====================>              58%]
[Progress:========================>     83%] [Cov:====================>              58%]
[Progress:========================>     83%] [Cov:====================>              58%]
[Progress:========================>     83%] [Cov:====================>              58%]
[Progress:========================>     83%] [Cov:====================>              58%]
[Progress:========================>     83%] [Cov:====================>              58%]
[Progress:========================>     83%] [Cov:====================>              58%]
[Progress:========================>     83%] [Cov:====================>              58%]
[Progress:========================>     83%] [Cov:====================>              58%]
[Progress:========================>     83%] [Cov:====================>              58%]
[Progress:========================>     83%] [Cov:====================>              58%]
[Progress:========================>     83%] [Cov:====================>              58%]
[Progress:========================>     83%] [Cov:====================>              58%]
[Progress:========================>     83%] [Cov:====================>              58%]
[Progress:========================>     83%] [Cov:====================>              58%]
[Progress:========================>     83%] [Cov:====================>              58%]
[Progress:========================>     83%] [Cov:====================>              58%]
[Progress:=========================>    85%] [Cov:====================>              58%]
[Progress:=========================>    85%] [Cov:====================>              58%]
[Progress:=========================>    85%] [Cov:====================>              58%]
[Progress:=========================>    85%] [Cov:====================>              58%]
[Progress:=========================>    85%] [Cov:====================>              58%]
[Progress:=========================>    85%] [Cov:====================>              58%]
[Progress:=========================>    85%] [Cov:====================>              58%]
[Progress:=========================>    85%] [Cov:====================>              58%]
[Progress:=========================>    85%] [Cov:====================>              58%]
[Progress:=========================>    85%] [Cov:====================>              58%]
[Progress:=========================>    85%] [Cov:====================>              58%]
[Progress:=========================>    85%] [Cov:====================>              58%]
[Progress:=========================>    85%] [Cov:====================>              58%]
[Progress:=========================>    85%] [Cov:====================>              58%]
[Progress:=========================>    85%] [Cov:====================>              58%]
[Progress:=========================>    85%] [Cov:====================>              58%]
[Progress:=========================>    85%] [Cov:====================>              58%]
[Progress:=========================>    85%] [Cov:====================>              58%]
[Progress:=========================>    85%] [Cov:====================>              58%]
[Progress:=========================>    85%] [Cov:====================>              58%]
[Progress:=========================>    85%] [Cov:====================>              58%]
[Progress:=========================>    85%] [Cov:====================>              58%]
[Progress:=========================>    85%] [Cov:====================>              58%]
[Progress:=========================>    86%] [Cov:====================>              58%]
[Progress:=========================>    86%] [Cov:====================>              58%]
[Progress:=========================>    86%] [Cov:====================>              58%]
[Progress:=========================>    86%] [Cov:====================>              58%]
[Progress:=========================>    86%] [Cov:====================>              58%]
[Progress:=========================>    86%] [Cov:====================>              58%]
[Progress:=========================>    86%] [Cov:====================>              58%]
[Progress:=========================>    86%] [Cov:====================>              58%]
[Progress:=========================>    86%] [Cov:====================>              58%]
[Progress:=========================>    86%] [Cov:====================>              58%]
[Progress:=========================>    86%] [Cov:====================>              58%]
[Progress:=========================>    86%] [Cov:====================>              58%]
[Progress:=========================>    86%] [Cov:====================>              58%]
[Progress:=========================>    86%] [Cov:====================>              58%]
[Progress:=========================>    86%] [Cov:====================>              58%]
[Progress:=========================>    86%] [Cov:====================>              58%]
[Progress:=========================>    86%] [Cov:====================>              58%]
[Progress:=========================>    86%] [Cov:====================>              58%]
[Progress:=========================>    86%] [Cov:====================>              58%]
[Progress:=========================>    86%] [Cov:====================>              58%]
[Progress:=========================>    86%] [Cov:====================>              58%]
[Progress:=========================>    86%] [Cov:====================>              58%]
[Progress:==========================>   88%] [Cov:====================>              58%]
[Progress:==========================>   88%] [Cov:====================>              58%]
[Progress:==========================>   88%] [Cov:====================>              59%]
[Progress:==========================>   88%] [Cov:=====================>             60%]
[Progress:==========================>   88%] [Cov:=====================>             60%]
[Progress:==========================>   88%] [Cov:=====================>             60%]
[Progress:==========================>   88%] [Cov:=====================>             60%]
[Progress:==========================>   88%] [Cov:=====================>             60%]
[Progress:==========================>   88%] [Cov:=====================>             60%]
[Progress:==========================>   88%] [Cov:=====================>             60%]
[Progress:==========================>   88%] [Cov:=====================>             60%]
[Progress:==========================>   88%] [Cov:=====================>             60%]
[Progress:==========================>   88%] [Cov:=====================>             60%]
[Progress:==========================>   88%] [Cov:=====================>             60%]
[Progress:==========================>   88%] [Cov:=====================>             60%]
[Progress:==========================>   88%] [Cov:=====================>             60%]
[Progress:==========================>   88%] [Cov:=====================>             60%]
[Progress:==========================>   88%] [Cov:=====================>             60%]
[Progress:==========================>   88%] [Cov:=====================>             60%]
[Progress:==========================>   88%] [Cov:=====================>             60%]
[Progress:==========================>   88%] [Cov:=====================>             60%]
[Progress:==========================>   88%] [Cov:=====================>             60%]
[Progress:==========================>   88%] [Cov:=====================>             60%]
[Progress:==========================>   88%] [Cov:=====================>             60%]
[Progress:==========================>   88%] [Cov:=====================>             60%]
[Progress:===========================>  90%] [Cov:=====================>             60%]
[Progress:===========================>  90%] [Cov:=====================>             60%]
[Progress:===========================>  90%] [Cov:=====================>             60%]
[Progress:===========================>  90%] [Cov:=====================>             60%]
[Progress:===========================>  90%] [Cov:=====================>             60%]
[Progress:===========================>  90%] [Cov:=====================>             60%]
[Progress:===========================>  90%] [Cov:=====================>             60%]
[Progress:===========================>  90%] [Cov:=====================>             60%]
[Progress:===========================>  90%] [Cov:=====================>             60%]
[Progress:===========================>  90%] [Cov:=====================>             60%]
[Progress:===========================>  90%] [Cov:=====================>             60%]
[Progress:===========================>  90%] [Cov:=====================>             60%]
[Progress:===========================>  90%] [Cov:=====================>             60%]
[Progress:===========================>  90%] [Cov:=====================>             60%]
[Progress:===========================>  90%] [Cov:=====================>             60%]
[Progress:===========================>  90%] [Cov:=====================>             60%]
[Progress:===========================>  90%] [Cov:=====================>             60%]
[Progress:===========================>  90%] [Cov:=====================>             60%]
[Progress:===========================>  90%] [Cov:=====================>             60%]
[Progress:===========================>  90%] [Cov:=====================>             60%]
[Progress:===========================>  90%] [Cov:=====================>             60%]
[Progress:===========================>  90%] [Cov:=====================>             60%]
[Progress:===========================>  90%] [Cov:=====================>             60%]
[Progress:===========================>  91%] [Cov:=====================>             60%]
[Progress:===========================>  91%] [Cov:=====================>             60%]
[Progress:===========================>  91%] [Cov:=====================>             60%]
[Progress:===========================>  91%] [Cov:=====================>             60%]
[Progress:===========================>  91%] [Cov:=====================>             60%]
[Progress:===========================>  91%] [Cov:=====================>             60%]
[Progress:===========================>  91%] [Cov:=====================>             60%]
[Progress:===========================>  91%] [Cov:=====================>             60%]
[Progress:===========================>  91%] [Cov:=====================>             60%]
[Progress:===========================>  91%] [Cov:=====================>             60%]
[Progress:===========================>  91%] [Cov:=====================>             60%]
[Progress:===========================>  91%] [Cov:=====================>             60%]
[Progress:===========================>  91%] [Cov:=====================>             60%]
[Progress:===========================>  91%] [Cov:=====================>             60%]
[Progress:===========================>  91%] [Cov:=====================>             60%]
[Progress:===========================>  91%] [Cov:=====================>             60%]
[Progress:===========================>  91%] [Cov:=====================>             60%]
[Progress:===========================>  91%] [Cov:=====================>             60%]
[Progress:===========================>  91%] [Cov:=====================>             60%]
[Progress:===========================>  91%] [Cov:=====================>             60%]
[Progress:===========================>  91%] [Cov:=====================>             60%]
[Progress:===========================>  91%] [Cov:=====================>             60%]
[Progress:===========================>  91%] [Cov:=====================>             60%]
[Progress:===========================>  91%] [Cov:=====================>             60%]
[Progress:===========================>  93%] [Cov:=====================>             60%]
[Progress:===========================>  93%] [Cov:=====================>             60%]
[Progress:===========================>  93%] [Cov:=====================>             60%]
[Progress:===========================>  93%] [Cov:=====================>             60%]
[Progress:===========================>  93%] [Cov:=====================>             60%]
[Progress:===========================>  93%] [Cov:=====================>             60%]
[Progress:===========================>  93%] [Cov:=====================>             60%]
[Progress:===========================>  93%] [Cov:=====================>             60%]
[Progress:===========================>  93%] [Cov:=====================>             60%]
[Progress:===========================>  93%] [Cov:=====================>             60%]
[Progress:===========================>  93%] [Cov:=====================>             60%]
[Progress:===========================>  93%] [Cov:=====================>             60%]
[Progress:===========================>  93%] [Cov:=====================>             60%]
[Progress:===========================>  93%] [Cov:=====================>             60%]
[Progress:===========================>  93%] [Cov:=====================>             60%]
[Progress:===========================>  93%] [Cov:=====================>             60%]
[Progress:===========================>  93%] [Cov:=====================>             60%]
[Progress:===========================>  93%] [Cov:=====================>             60%]
[Progress:===========================>  93%] [Cov:=====================>             60%]
[Progress:===========================>  93%] [Cov:=====================>             60%]
[Progress:===========================>  93%] [Cov:=====================>             60%]
[Progress:===========================>  93%] [Cov:=====================>             60%]
[Progress:===========================>  93%] [Cov:=====================>             60%]
[Progress:============================> 95%] [Cov:=====================>             60%]
[Progress:============================> 95%] [Cov:=====================>             60%]
[Progress:============================> 95%] [Cov:=====================>             60%]
[Progress:============================> 95%] [Cov:=====================>             60%]
[Progress:============================> 95%] [Cov:=====================>             60%]
[Progress:============================> 95%] [Cov:=====================>             60%]
[Progress:============================> 95%] [Cov:=====================>             60%]
[Progress:============================> 95%] [Cov:=====================>             60%]
[Progress:============================> 95%] [Cov:=====================>             60%]
[Progress:============================> 95%] [Cov:=====================>             60%]
[Progress:============================> 95%] [Cov:=====================>             60%]
[Progress:============================> 95%] [Cov:=====================>             60%]
[Progress:============================> 95%] [Cov:=====================>             60%]
[Progress:============================> 95%] [Cov:=====================>             60%]
[Progress:============================> 95%] [Cov:=====================>             62%]
[Progress:============================> 95%] [Cov:======================>            65%]
[Progress:============================> 95%] [Cov:======================>            65%]
[Progress:============================> 95%] [Cov:======================>            65%]
[Progress:============================> 95%] [Cov:======================>            65%]
[Progress:============================> 95%] [Cov:======================>            65%]
[Progress:============================> 95%] [Cov:======================>            65%]
[Progress:============================> 95%] [Cov:======================>            65%]
[Progress:============================> 95%] [Cov:======================>            65%]
[Progress:============================> 95%] [Cov:======================>            65%]
[Progress:============================> 96%] [Cov:======================>            65%]
[Progress:============================> 96%] [Cov:======================>            65%]
[Progress:============================> 96%] [Cov:======================>            65%]
[Progress:============================> 96%] [Cov:======================>            65%]
[Progress:============================> 96%] [Cov:======================>            65%]
[Progress:============================> 96%] [Cov:======================>            65%]
[Progress:============================> 96%] [Cov:======================>            65%]
[Progress:============================> 96%] [Cov:======================>            65%]
[Progress:============================> 96%] [Cov:======================>            65%]
[Progress:============================> 96%] [Cov:======================>            65%]
[Progress:============================> 96%] [Cov:======================>            65%]
[Progress:============================> 96%] [Cov:======================>            65%]
[Progress:============================> 96%] [Cov:======================>            65%]
[Progress:============================> 96%] [Cov:======================>            65%]
[Progress:============================> 96%] [Cov:======================>            65%]
[Progress:============================> 96%] [Cov:======================>            65%]
[Progress:============================> 96%] [Cov:======================>            65%]
[Progress:============================> 96%] [Cov:======================>            65%]
[Progress:============================> 96%] [Cov:======================>            65%]
[Progress:============================> 96%] [Cov:======================>            65%]
[Progress:============================> 96%] [Cov:======================>            65%]
[Progress:=============================>98%] [Cov:======================>            65%]
[Progress:=============================>98%] [Cov:======================>            65%]
[Progress:=============================>98%] [Cov:======================>            65%]
[Progress:=============================>98%] [Cov:======================>            65%]
[Progress:=============================>98%] [Cov:======================>            65%]
[Progress:=============================>98%] [Cov:======================>            65%]
[Progress:=============================>98%] [Cov:======================>            65%]
[Progress:=============================>98%] [Cov:======================>            65%]
[Progress:=============================>98%] [Cov:======================>            65%]
[Progress:=============================>98%] [Cov:======================>            65%]
[Progress:=============================>98%] [Cov:======================>            65%]
[Progress:=============================>98%] [Cov:======================>            65%]
[Progress:=============================>98%] [Cov:======================>            65%]
[Progress:=============================>98%] [Cov:======================>            65%]
[Progress:=============================>98%] [Cov:======================>            65%]
[Progress:=============================>98%] [Cov:======================>            65%]
[Progress:=============================>98%] [Cov:======================>            65%]
[Progress:=============================>98%] [Cov:======================>            65%]
[Progress:=============================>98%] [Cov:======================>            65%]
[Progress:=============================>98%] [Cov:======================>            65%]
[Progress:==============================100%] [Cov:======================>            65%]
[Progress:==============================100%] [Cov:======================>            65%]
[Progress:==============================100%] [Cov:======================>            65%]
[Progress:==============================100%] [Cov:======================>            65%]
[Progress:==============================100%] [Cov:======================>            65%]
[Progress:==============================100%] [Cov:======================>            65%]
[Progress:==============================100%] [Cov:======================>            65%]
[Progress:==============================100%] [Cov:======================>            65%]
[Progress:==============================100%] [Cov:======================>            65%]
[Progress:==============================100%] [Cov:======================>            65%]
[Progress:==============================100%] [Cov:======================>            65%]
[Progress:==============================100%] [Cov:======================>            65%]
[Progress:==============================100%] [Cov:======================>            65%]
[Progress:==============================100%] [Cov:======================>            65%]
[Progress:==============================100%] [Cov:======================>            65%]
[Progress:==============================100%] [Cov:======================>            65%]
[Progress:==============================100%] [Cov:======================>            65%]
[Progress:==============================100%] [Cov:======================>            65%]
[Progress:==============================100%] [Cov:======================>            65%]
[Progress:==============================100%] [Cov:======================>            65%]
[Progress:==============================100%] [Cov:======================>            65%]
[Progress:==============================100%] [Cov:======================>            65%]
[Progress:==============================100%] [Cov:======================>            65%]
* Search finished after 61s and 1067 generations, 267696 statements, best individual has fitness: 32.2
* Minimizing test suite
* Going to analyze the coverage criteria
* Coverage analysis for criterion LINE
* Coverage of criterion LINE: 54%
* Total number of goals: 41
* Number of covered goals: 22
* Coverage analysis for criterion BRANCH
* Coverage of criterion BRANCH: 44%
* Total number of goals: 32
* Number of covered goals: 14
* Coverage analysis for criterion EXCEPTION
* Coverage of criterion EXCEPTION: 100%
* Total number of goals: 3
* Number of covered goals: 3
* Generated 9 tests with total length 44
* Resulting test suite's coverage: 66% (average coverage for all fitness functions)
* Generating assertions
* Resulting test suite's mutation score: 5%
* Compiling and checking tests
* Writing tests to file
* Writing JUnit test case 'FormElement_ESTest' to /work/evo_out/Jsoup_42f/budget60_seed1/tests
* Done!

* Computation finished

[exit=0 timeout=False time=69.5s]

$ javac -nowarn -cp /work/Jsoup_42f/target/classes:/opt/defects4j/framework/projects/lib/junit-4.12-hamcrest-1.3.jar:/work/Jsoup_42f/target/classes:/work/Jsoup_42f/target/test-classes:/opt/defects4j/framework/projects/Jsoup/lib/com/google/code/gson/gson/2.7/gson-2.7.jar:/opt/defects4j/framework/projects/Jsoup/lib/commons-lang/commons-lang/2.4/commons-lang-2.4.jar:/opt/defects4j/framework/projects/Jsoup/lib/javax/servlet/javax.servlet-api/3.1.0/javax.servlet-api-3.1.0.jar:/opt/defects4j/framework/projects/Jsoup/lib/org/eclipse/jetty/jetty-http/9.2.22.v20170606/jetty-http-9.2.22.v20170606.jar:/opt/defects4j/framework/projects/Jsoup/lib/org/eclipse/jetty/jetty-http/9.2.26.v20180806/jetty-http-9.2.26.v20180806.jar:/opt/defects4j/framework/projects/Jsoup/lib/org/eclipse/jetty/jetty-http/9.2.28.v20190418/jetty-http-9.2.28.v20190418.jar:/opt/defects4j/framework/projects/Jsoup/lib/org/eclipse/jetty/jetty-io/9.2.22.v20170606/jetty-io-9.2.22.v20170606.jar:/opt/defects4j/framework/projects/Jsoup/lib/org/eclipse/jetty/jetty-io/9.2.26.v20180806/jetty-io-9.2.26.v20180806.jar:/opt/defects4j/framework/projects/Jsoup/lib/org/eclipse/jetty/jetty-io/9.2.28.v20190418/jetty-io-9.2.28.v20190418.jar:/opt/defects4j/framework/projects/Jsoup/lib/org/eclipse/jetty/jetty-security/9.2.22.v20170606/jetty-security-9.2.22.v20170606.jar:/opt/defects4j/framework/projects/Jsoup/lib/org/eclipse/jetty/jetty-security/9.2.26.v20180806/jetty-security-9.2.26.v20180806.jar:/opt/defects4j/framework/projects/Jsoup/lib/org/eclipse/jetty/jetty-security/9.2.28.v20190418/jetty-security-9.2.28.v20190418.jar:/opt/defects4j/framework/projects/Jsoup/lib/org/eclipse/jetty/jetty-server/9.2.22.v20170606/jetty-server-9.2.22.v20170606.jar:/opt/defects4j/framework/projects/Jsoup/lib/org/eclipse/jetty/jetty-server/9.2.26.v20180806/jetty-server-9.2.26.v20180806.jar:/opt/defects4j/framework/projects/Jsoup/lib/org/eclipse/jetty/jetty-server/9.2.28.v20190418/jetty-server-9.2.28.v20190418.jar:/opt/defects4j/framework/projects/Jsoup/lib/org/eclipse/jetty/jetty-servlet/9.2.22.v20170606/jetty-servlet-9.2.22.v20170606.jar:/opt/defects4j/framework/projects/Jsoup/lib/org/eclipse/jetty/jetty-servlet/9.2.26.v20180806/jetty-servlet-9.2.26.v20180806.jar:/opt/defects4j/framework/projects/Jsoup/lib/org/eclipse/jetty/jetty-servlet/9.2.28.v20190418/jetty-servlet-9.2.28.v20190418.jar:/opt/defects4j/framework/projects/Jsoup/lib/org/eclipse/jetty/jetty-util/9.2.22.v20170606/jetty-util-9.2.22.v20170606.jar:/opt/defects4j/framework/projects/Jsoup/lib/org/eclipse/jetty/jetty-util/9.2.26.v20180806/jetty-util-9.2.26.v20180806.jar:/opt/defects4j/framework/projects/Jsoup/lib/org/eclipse/jetty/jetty-util/9.2.28.v20190418/jetty-util-9.2.28.v20190418.jar:/opt/evosuite/evosuite-standalone-runtime-1.2.0.jar -d /work/evo_out/Jsoup_42f/budget60_seed1/classes /work/evo_out/Jsoup_42f/budget60_seed1/tests/org/jsoup/nodes/FormElement_ESTest.java /work/evo_out/Jsoup_42f/budget60_seed1/tests/org/jsoup/nodes/FormElement_ESTest_scaffolding.java

[exit=0 timeout=False time=0.8s]

$ java -jar /opt/jacoco/lib/jacococli.jar instrument /work/Jsoup_42f/target/classes --dest /work/evo_out/Jsoup_42f/budget60_seed1/instrumented
[INFO] 237 classes instrumented to /work/evo_out/Jsoup_42f/budget60_seed1/instrumented.

[exit=0 timeout=False time=0.4s]

$ java -Djacoco-agent.destfile=/workspace/EvoSuite/Result_Round1/Jsoup_42/budget60_seed1/jacoco.exec -cp /work/evo_out/Jsoup_42f/budget60_seed1/instrumented:/work/evo_out/Jsoup_42f/budget60_seed1/classes:/opt/defects4j/framework/projects/lib/junit-4.12-hamcrest-1.3.jar:/work/Jsoup_42f/target/classes:/work/Jsoup_42f/target/test-classes:/opt/defects4j/framework/projects/Jsoup/lib/com/google/code/gson/gson/2.7/gson-2.7.jar:/opt/defects4j/framework/projects/Jsoup/lib/commons-lang/commons-lang/2.4/commons-lang-2.4.jar:/opt/defects4j/framework/projects/Jsoup/lib/javax/servlet/javax.servlet-api/3.1.0/javax.servlet-api-3.1.0.jar:/opt/defects4j/framework/projects/Jsoup/lib/org/eclipse/jetty/jetty-http/9.2.22.v20170606/jetty-http-9.2.22.v20170606.jar:/opt/defects4j/framework/projects/Jsoup/lib/org/eclipse/jetty/jetty-http/9.2.26.v20180806/jetty-http-9.2.26.v20180806.jar:/opt/defects4j/framework/projects/Jsoup/lib/org/eclipse/jetty/jetty-http/9.2.28.v20190418/jetty-http-9.2.28.v20190418.jar:/opt/defects4j/framework/projects/Jsoup/lib/org/eclipse/jetty/jetty-io/9.2.22.v20170606/jetty-io-9.2.22.v20170606.jar:/opt/defects4j/framework/projects/Jsoup/lib/org/eclipse/jetty/jetty-io/9.2.26.v20180806/jetty-io-9.2.26.v20180806.jar:/opt/defects4j/framework/projects/Jsoup/lib/org/eclipse/jetty/jetty-io/9.2.28.v20190418/jetty-io-9.2.28.v20190418.jar:/opt/defects4j/framework/projects/Jsoup/lib/org/eclipse/jetty/jetty-security/9.2.22.v20170606/jetty-security-9.2.22.v20170606.jar:/opt/defects4j/framework/projects/Jsoup/lib/org/eclipse/jetty/jetty-security/9.2.26.v20180806/jetty-security-9.2.26.v20180806.jar:/opt/defects4j/framework/projects/Jsoup/lib/org/eclipse/jetty/jetty-security/9.2.28.v20190418/jetty-security-9.2.28.v20190418.jar:/opt/defects4j/framework/projects/Jsoup/lib/org/eclipse/jetty/jetty-server/9.2.22.v20170606/jetty-server-9.2.22.v20170606.jar:/opt/defects4j/framework/projects/Jsoup/lib/org/eclipse/jetty/jetty-server/9.2.26.v20180806/jetty-server-9.2.26.v20180806.jar:/opt/defects4j/framework/projects/Jsoup/lib/org/eclipse/jetty/jetty-server/9.2.28.v20190418/jetty-server-9.2.28.v20190418.jar:/opt/defects4j/framework/projects/Jsoup/lib/org/eclipse/jetty/jetty-servlet/9.2.22.v20170606/jetty-servlet-9.2.22.v20170606.jar:/opt/defects4j/framework/projects/Jsoup/lib/org/eclipse/jetty/jetty-servlet/9.2.26.v20180806/jetty-servlet-9.2.26.v20180806.jar:/opt/defects4j/framework/projects/Jsoup/lib/org/eclipse/jetty/jetty-servlet/9.2.28.v20190418/jetty-servlet-9.2.28.v20190418.jar:/opt/defects4j/framework/projects/Jsoup/lib/org/eclipse/jetty/jetty-util/9.2.22.v20170606/jetty-util-9.2.22.v20170606.jar:/opt/defects4j/framework/projects/Jsoup/lib/org/eclipse/jetty/jetty-util/9.2.26.v20180806/jetty-util-9.2.26.v20180806.jar:/opt/defects4j/framework/projects/Jsoup/lib/org/eclipse/jetty/jetty-util/9.2.28.v20190418/jetty-util-9.2.28.v20190418.jar:/opt/evosuite/evosuite-standalone-runtime-1.2.0.jar:/opt/jacoco/lib/jacocoagent.jar org.junit.runner.JUnitCore org.jsoup.nodes.FormElement_ESTest
JUnit version 4.12
.........
Time: 0.83

OK (9 tests)

SLF4J: Failed to load class "org.slf4j.impl.StaticLoggerBinder".
SLF4J: Defaulting to no-operation (NOP) logger implementation
SLF4J: See http://www.slf4j.org/codes.html#StaticLoggerBinder for further details.
WARNING: An illegal reflective access operation has occurred
WARNING: Illegal reflective access by org.evosuite.runtime.GuiSupport (file:/opt/evosuite/evosuite-standalone-runtime-1.2.0.jar) to field java.awt.GraphicsEnvironment.headless
WARNING: Please consider reporting this to the maintainers of org.evosuite.runtime.GuiSupport
WARNING: Use --illegal-access=warn to enable warnings of further illegal reflective access operations
WARNING: All illegal access operations will be denied in a future release

[exit=0 timeout=False time=1.9s]

$ java -jar /opt/jacoco/lib/jacococli.jar report /workspace/EvoSuite/Result_Round1/Jsoup_42/budget60_seed1/jacoco.exec --classfiles /work/Jsoup_42f/target/classes --csv /workspace/EvoSuite/Result_Round1/Jsoup_42/budget60_seed1/jacoco.csv
[INFO] Loading execution data file /workspace/EvoSuite/Result_Round1/Jsoup_42/budget60_seed1/jacoco.exec.
[INFO] Analyzing 217 classes.

[exit=0 timeout=False time=0.4s]

$ java -cp /work/evo_out/Jsoup_42f/budget60_seed1/classes:/opt/defects4j/framework/projects/lib/junit-4.12-hamcrest-1.3.jar:/work/Jsoup_42b/target/classes:/work/Jsoup_42b/target/test-classes:/opt/defects4j/framework/projects/Jsoup/lib/com/google/code/gson/gson/2.7/gson-2.7.jar:/opt/defects4j/framework/projects/Jsoup/lib/commons-lang/commons-lang/2.4/commons-lang-2.4.jar:/opt/defects4j/framework/projects/Jsoup/lib/javax/servlet/javax.servlet-api/3.1.0/javax.servlet-api-3.1.0.jar:/opt/defects4j/framework/projects/Jsoup/lib/org/eclipse/jetty/jetty-http/9.2.22.v20170606/jetty-http-9.2.22.v20170606.jar:/opt/defects4j/framework/projects/Jsoup/lib/org/eclipse/jetty/jetty-http/9.2.26.v20180806/jetty-http-9.2.26.v20180806.jar:/opt/defects4j/framework/projects/Jsoup/lib/org/eclipse/jetty/jetty-http/9.2.28.v20190418/jetty-http-9.2.28.v20190418.jar:/opt/defects4j/framework/projects/Jsoup/lib/org/eclipse/jetty/jetty-io/9.2.22.v20170606/jetty-io-9.2.22.v20170606.jar:/opt/defects4j/framework/projects/Jsoup/lib/org/eclipse/jetty/jetty-io/9.2.26.v20180806/jetty-io-9.2.26.v20180806.jar:/opt/defects4j/framework/projects/Jsoup/lib/org/eclipse/jetty/jetty-io/9.2.28.v20190418/jetty-io-9.2.28.v20190418.jar:/opt/defects4j/framework/projects/Jsoup/lib/org/eclipse/jetty/jetty-security/9.2.22.v20170606/jetty-security-9.2.22.v20170606.jar:/opt/defects4j/framework/projects/Jsoup/lib/org/eclipse/jetty/jetty-security/9.2.26.v20180806/jetty-security-9.2.26.v20180806.jar:/opt/defects4j/framework/projects/Jsoup/lib/org/eclipse/jetty/jetty-security/9.2.28.v20190418/jetty-security-9.2.28.v20190418.jar:/opt/defects4j/framework/projects/Jsoup/lib/org/eclipse/jetty/jetty-server/9.2.22.v20170606/jetty-server-9.2.22.v20170606.jar:/opt/defects4j/framework/projects/Jsoup/lib/org/eclipse/jetty/jetty-server/9.2.26.v20180806/jetty-server-9.2.26.v20180806.jar:/opt/defects4j/framework/projects/Jsoup/lib/org/eclipse/jetty/jetty-server/9.2.28.v20190418/jetty-server-9.2.28.v20190418.jar:/opt/defects4j/framework/projects/Jsoup/lib/org/eclipse/jetty/jetty-servlet/9.2.22.v20170606/jetty-servlet-9.2.22.v20170606.jar:/opt/defects4j/framework/projects/Jsoup/lib/org/eclipse/jetty/jetty-servlet/9.2.26.v20180806/jetty-servlet-9.2.26.v20180806.jar:/opt/defects4j/framework/projects/Jsoup/lib/org/eclipse/jetty/jetty-servlet/9.2.28.v20190418/jetty-servlet-9.2.28.v20190418.jar:/opt/defects4j/framework/projects/Jsoup/lib/org/eclipse/jetty/jetty-util/9.2.22.v20170606/jetty-util-9.2.22.v20170606.jar:/opt/defects4j/framework/projects/Jsoup/lib/org/eclipse/jetty/jetty-util/9.2.26.v20180806/jetty-util-9.2.26.v20180806.jar:/opt/defects4j/framework/projects/Jsoup/lib/org/eclipse/jetty/jetty-util/9.2.28.v20190418/jetty-util-9.2.28.v20190418.jar:/opt/evosuite/evosuite-standalone-runtime-1.2.0.jar org.junit.runner.JUnitCore org.jsoup.nodes.FormElement_ESTest
JUnit version 4.12
.........
Time: 0.768

OK (9 tests)

SLF4J: Failed to load class "org.slf4j.impl.StaticLoggerBinder".
SLF4J: Defaulting to no-operation (NOP) logger implementation
SLF4J: See http://www.slf4j.org/codes.html#StaticLoggerBinder for further details.
WARNING: An illegal reflective access operation has occurred
WARNING: Illegal reflective access by org.evosuite.runtime.GuiSupport (file:/opt/evosuite/evosuite-standalone-runtime-1.2.0.jar) to field java.awt.GraphicsEnvironment.headless
WARNING: Please consider reporting this to the maintainers of org.evosuite.runtime.GuiSupport
WARNING: Use --illegal-access=warn to enable warnings of further illegal reflective access operations
WARNING: All illegal access operations will be denied in a future release

[exit=0 timeout=False time=1.2s]
