GROUP,PACKAGE,CLASS,INSTRUCTION_MISSED,INSTRUCTION_COVERED,BRANCH_MISSED,BRANCH_COVERED,LINE_MISSED,LINE_COVERED,COMPLEXITY_MISSED,COMPLEXITY_COVERED,METHOD_MISSED,METHOD_COVERED
JaCoCo Coverage Report,com.google.javascript.jscomp,ShowByPathWarningsGuard,61,0,6,0,16,0,9,0,6,0
JaCoCo Coverage Report,com.google.javascript.jscomp,RuntimeTypeCheck,82,0,4,0,22,0,7,0,5,0
JaCoCo Coverage Report,com.google.javascript.jscomp,LiveVariablesAnalysis,355,0,48,0,83,0,38,0,11,0
JaCoCo Coverage Report,com.google.javascript.jscomp,FunctionInjector.CallSiteType,64,0,0,0,7,0,1,0,1,0
JaCoCo Coverage Report,com.google.javascript.jscomp,GoogleJsMessageIdGenerator.FP,578,0,20,0,82,0,18,0,3,0
JaCoCo Coverage Report,com.google.javascript.jscomp,CodePrinter,70,0,12,0,17,0,8,0,2,0
JaCoCo Coverage Report,com.google.javascript.jscomp,ReplaceCssNames.Traversal,320,0,30,0,64,0,19,0,3,0
JaCoCo Coverage Report,com.google.javascript.jscomp,SideEffectsAnalysis.VariableUseDeclarationMap,69,0,4,0,17,0,5,0,3,0
JaCoCo Coverage Report,com.google.javascript.jscomp,OptimizeReturns,162,0,28,0,44,0,20,0,6,0
JaCoCo Coverage Report,com.google.javascript.jscomp,DefaultPassConfig.GlobalTypeResolver,36,0,2,0,9,0,4,0,3,0
JaCoCo Coverage Report,com.google.javascript.jscomp,PureFunctionIdentifier,644,0,104,0,166,0,63,0,11,0
JaCoCo Coverage Report,com.google.javascript.jscomp,SideEffectsAnalysis.LocationAbstractionMode,24,0,0,0,3,0,1,0,1,0
JaCoCo Coverage Report,com.google.javascript.jscomp,VariableRenamingPolicy,0,44,0,0,0,5,0,1,0,1
JaCoCo Coverage Report,com.google.javascript.jscomp,PrepareAst,92,31,23,3,25,11,16,3,3,3
JaCoCo Coverage Report,com.google.javascript.jscomp,ExternExportsPass.new Comparator() {...},12,0,0,0,2,0,2,0,2,0
JaCoCo Coverage Report,com.google.javascript.jscomp,CleanupPasses.new DefaultPassConfig.HotSwapPassFactory() {...},5,8,0,0,1,1,1,1,1,1
JaCoCo Coverage Report,com.google.javascript.jscomp,CleanupPasses.new DefaultPassConfig.HotSwapPassFactory() {...},5,8,0,0,1,1,1,1,1,1
JaCoCo Coverage Report,com.google.javascript.jscomp,ChainCalls,76,0,2,0,17,0,3,0,2,0
JaCoCo Coverage Report,com.google.javascript.jscomp,CleanupPasses.new DefaultPassConfig.HotSwapPassFactory() {...},5,8,0,0,1,1,1,1,1,1
JaCoCo Coverage Report,com.google.javascript.jscomp,ProcessTweaks.TweakFunction,50,165,12,0,10,25,12,7,5,7
JaCoCo Coverage Report,com.google.javascript.jscomp,DisambiguateProperties,458,0,54,0,99,0,39,0,12,0
JaCoCo Coverage Report,com.google.javascript.jscomp,InstrumentFunctions.InstrumentCallback,156,0,18,0,41,0,11,0,2,0
JaCoCo Coverage Report,com.google.javascript.jscomp,NameAnalyzer.ClassDefiningFunctionNode,43,0,2,0,9,0,3,0,2,0
JaCoCo Coverage Report,com.google.javascript.jscomp,RemoveTryCatch,21,0,0,0,6,0,2,0,2,0
JaCoCo Coverage Report,com.google.javascript.jscomp,SymbolTable.JSDocInfoCollector,105,0,18,0,24,0,12,0,3,0
JaCoCo Coverage Report,com.google.javascript.jscomp,CheckMissingReturn,136,13,22,0,42,4,20,1,9,1
JaCoCo Coverage Report,com.google.javascript.jscomp,Normalize,206,5,6,0,38,2,9,1,6,1
JaCoCo Coverage Report,com.google.javascript.jscomp,PerformanceTracker.Stats,27,0,0,0,10,0,1,0,1,0
JaCoCo Coverage Report,com.google.javascript.jscomp,DefaultPassConfig.100.new CompilerPass() {...},53,0,0,0,11,0,2,0,2,0
JaCoCo Coverage Report,com.google.javascript.jscomp,RemoveUnusedVars,829,0,169,0,216,0,100,0,14,0
JaCoCo Coverage Report,com.google.javascript.jscomp,FunctionInfo.new Descriptors.FileDescriptor.InternalDescriptorAssigner() {...},97,0,0,0,11,0,2,0,2,0
JaCoCo Coverage Report,com.google.javascript.jscomp,TypedScopeCreator.DiscoverEnumsAndTypedefs,43,30,10,5,13,13,7,4,0,3
JaCoCo Coverage Report,com.google.javascript.jscomp,DefaultPassConfig.33.new CompilerPass() {...},29,0,0,0,5,0,2,0,2,0
JaCoCo Coverage Report,com.google.javascript.jscomp,CheckDebuggerStatement,22,5,2,0,8,2,4,1,3,1
JaCoCo Coverage Report,com.google.javascript.jscomp,ObjectPropertyStringPreprocess,52,0,4,0,20,0,6,0,4,0
JaCoCo Coverage Report,com.google.javascript.jscomp,TypedScopeCreator.DeferredSetType,32,0,0,0,9,0,2,0,2,0
JaCoCo Coverage Report,com.google.javascript.jscomp,ControlFlowAnalysis.new Comparator() {...},0,24,0,0,0,2,0,2,0,2
JaCoCo Coverage Report,com.google.javascript.jscomp,RescopeGlobalSymbols.MakeExternsReferenceWindowExplicitly,51,0,12,0,12,0,8,0,2,0
JaCoCo Coverage Report,com.google.javascript.jscomp,ClosureCodingConvention,497,96,110,0,146,10,78,4,23,4
JaCoCo Coverage Report,com.google.javascript.jscomp,CrossModuleMethodMotion.IdGenerator,21,0,2,0,4,0,4,0,3,0
JaCoCo Coverage Report,com.google.javascript.jscomp,CompilerOptions.TracerMode,2,49,1,1,0,6,1,2,0,2
JaCoCo Coverage Report,com.google.javascript.jscomp,ChainCalls.GatherCallSites,133,0,30,0,41,0,17,0,2,0
JaCoCo Coverage Report,com.google.javascript.jscomp,SyntheticAst,45,0,0,0,13,0,6,0,6,0
JaCoCo Coverage Report,com.google.javascript.jscomp,CompilerInput,287,86,21,5,73,27,38,9,25,9
JaCoCo Coverage Report,com.google.javascript.jscomp,AstValidator,1464,0,151,0,444,0,159,0,66,0
JaCoCo Coverage Report,com.google.javascript.jscomp,TypedScopeCreator.AbstractScopeBuilder.CollectProperties,81,0,17,0,24,0,12,0,3,0
JaCoCo Coverage Report,com.google.javascript.jscomp,JsMessageVisitor.MalformedException,10,0,0,0,4,0,2,0,2,0
JaCoCo Coverage Report,com.google.javascript.jscomp,CallGraph,595,0,100,0,152,0,73,0,23,0
JaCoCo Coverage Report,com.google.javascript.jscomp,TightenTypes.ExternFunctionCall,29,0,0,0,6,0,2,0,2,0
JaCoCo Coverage Report,com.google.javascript.jscomp,DefinitionsRemover,146,0,44,0,36,0,25,0,3,0
JaCoCo Coverage Report,com.google.javascript.jscomp,Scope,182,134,28,6,42,33,33,12,16,12
JaCoCo Coverage Report,com.google.javascript.jscomp,ExpandJqueryAliases.FindCallbackArgumentReferences,147,0,34,0,39,0,22,0,5,0
JaCoCo Coverage Report,com.google.javascript.jscomp,NodeUtil.MayBeStringResultPredicate,3,3,0,0,1,1,1,1,1,1
JaCoCo Coverage Report,com.google.javascript.jscomp,RemoveUnusedPrototypeProperties,159,0,26,0,49,0,19,0,6,0
JaCoCo Coverage Report,com.google.javascript.jscomp,DefaultPassConfig.HotSwapPassFactory,4,5,0,0,1,2,1,1,1,1
JaCoCo Coverage Report,com.google.javascript.jscomp,CheckSideEffects.StripProtection,36,0,6,0,12,0,6,0,3,0
JaCoCo Coverage Report,com.google.javascript.jscomp,NameReferenceGraphReport,428,0,26,0,101,0,23,0,10,0
JaCoCo Coverage Report,com.google.javascript.jscomp,AbstractCommandLineRunner.RunTimeStats,126,0,4,0,27,0,6,0,4,0
JaCoCo Coverage Report,com.google.javascript.jscomp,TransformAMDToCJSModule.DefineCallbackReturnCallback,32,0,4,0,9,0,4,0,2,0
JaCoCo Coverage Report,com.google.javascript.jscomp,NameReferenceGraph.Reference,36,0,0,0,14,0,7,0,7,0
JaCoCo Coverage Report,com.google.javascript.jscomp,DiagnosticType,25,59,1,3,3,13,4,8,3,7
JaCoCo Coverage Report,com.google.javascript.jscomp,JsMessageDefinition,21,0,0,0,8,0,4,0,4,0
JaCoCo Coverage Report,com.google.javascript.jscomp,SourceInformationAnnotator,79,0,19,0,24,0,14,0,3,0
JaCoCo Coverage Report,com.google.javascript.jscomp,NameAnalyzer.FindDependencyScopes,116,0,22,0,27,0,14,0,3,0
JaCoCo Coverage Report,com.google.javascript.jscomp,ExternExportsPass.Export,368,0,55,0,101,0,39,0,11,0
JaCoCo Coverage Report,com.google.javascript.jscomp,TypeValidator.TypeMismatch,79,0,10,0,14,0,9,0,4,0
JaCoCo Coverage Report,com.google.javascript.jscomp,PeepholeFoldConstants,2313,0,545,0,697,0,345,0,36,0
JaCoCo Coverage Report,com.google.javascript.jscomp,DefaultPassConfig.new PassFactory() {...},13,0,0,0,2,0,2,0,2,0
JaCoCo Coverage Report,com.google.javascript.jscomp,DefaultPassConfig.new DefaultPassConfig.HotSwapPassFactory() {...},36,0,6,0,4,0,5,0,2,0
JaCoCo Coverage Report,com.google.javascript.jscomp,DefaultPassConfig.new DefaultPassConfig.HotSwapPassFactory() {...},13,0,0,0,2,0,2,0,2,0
JaCoCo Coverage Report,com.google.javascript.jscomp,DefaultPassConfig.new DefaultPassConfig.HotSwapPassFactory() {...},52,0,6,0,9,0,5,0,2,0
JaCoCo Coverage Report,com.google.javascript.jscomp,DefaultPassConfig.new DefaultPassConfig.HotSwapPassFactory() {...},17,0,0,0,2,0,2,0,2,0
JaCoCo Coverage Report,com.google.javascript.jscomp,ConstCheck,145,5,28,0,38,2,20,1,5,1
JaCoCo Coverage Report,com.google.javascript.jscomp,DefaultPassConfig.new DefaultPassConfig.HotSwapPassFactory() {...},17,0,0,0,2,0,2,0,2,0
JaCoCo Coverage Report,com.google.javascript.jscomp,SimpleDefinitionFinder,416,0,84,0,115,0,56,0,14,0
JaCoCo Coverage Report,com.google.javascript.jscomp,DefaultPassConfig.new PassFactory() {...},29,0,2,0,7,0,3,0,2,0
JaCoCo Coverage Report,com.google.javascript.jscomp,NodeUtil.MatchShallowStatement,24,0,10,0,6,0,7,0,2,0
JaCoCo Coverage Report,com.google.javascript.jscomp,DefaultPassConfig.new PassFactory() {...},32,0,4,0,8,0,4,0,2,0
JaCoCo Coverage Report,com.google.javascript.jscomp,DefaultPassConfig.new PassFactory() {...},19,0,0,0,3,0,2,0,2,0
JaCoCo Coverage Report,com.google.javascript.jscomp,PhaseOptimizer.LoopInternal,227,0,28,0,50,0,20,0,6,0
JaCoCo Coverage Report,com.google.javascript.jscomp,NodeIterators.FunctionlessLocalScope,142,0,22,0,31,0,18,0,7,0
JaCoCo Coverage Report,com.google.javascript.jscomp,ConcreteType.new ConcreteType.TypeFilter() {...},16,0,2,0,2,0,3,0,2,0
JaCoCo Coverage Report,com.google.javascript.jscomp,CodingConventions.Proxy,172,14,4,0,36,5,34,2,32,2
JaCoCo Coverage Report,com.google.javascript.jscomp,ConcreteType.new ConcreteType.TypeFilter() {...},17,0,2,0,4,0,3,0,2,0
JaCoCo Coverage Report,com.google.javascript.jscomp,ConcreteType.new ConcreteType.TypeFilter() {...},16,0,2,0,2,0,3,0,2,0
JaCoCo Coverage Report,com.google.javascript.jscomp,ConcreteType.new ConcreteType.TypeFilter() {...},21,0,4,0,4,0,4,0,2,0
JaCoCo Coverage Report,com.google.javascript.jscomp,NameAnalyzer.FindReferences,464,0,114,0,128,0,65,0,8,0
JaCoCo Coverage Report,com.google.javascript.jscomp,ConcreteType.new ConcreteType.TypeFilter() {...},20,0,4,0,5,0,4,0,2,0
JaCoCo Coverage Report,com.google.javascript.jscomp,ConcreteType.new ConcreteType.TypeFilter() {...},24,0,2,0,5,0,3,0,2,0
JaCoCo Coverage Report,com.google.javascript.jscomp,ConcreteType.new ConcreteType.TypeFilter() {...},30,0,4,0,4,0,4,0,2,0
JaCoCo Coverage Report,com.google.javascript.jscomp,ObjectPropertyStringPostprocess.Callback,84,0,8,0,28,0,6,0,2,0
JaCoCo Coverage Report,com.google.javascript.jscomp,ControlFlowGraph.AbstractCfgNodeTraversalCallback,14,0,4,0,4,0,4,0,2,0
JaCoCo Coverage Report,com.google.javascript.jscomp,DefaultPassConfig.31.new CompilerPass() {...},40,0,0,0,5,0,2,0,2,0
JaCoCo Coverage Report,com.google.javascript.jscomp,NameAnalyzer.HoistVariableAndFunctionDeclarations,49,0,4,0,11,0,4,0,2,0
JaCoCo Coverage Report,com.google.javascript.jscomp,RenameProperties.Property,12,0,0,0,4,0,1,0,1,0
JaCoCo Coverage Report,com.google.javascript.jscomp,AnalyzeNameReferences,77,0,2,0,19,0,5,0,4,0
JaCoCo Coverage Report,com.google.javascript.jscomp,Scope.Arguments,33,0,4,0,7,0,5,0,3,0
JaCoCo Coverage Report,com.google.javascript.jscomp,RuntimeTypeCheck.new Comparator() {...},38,0,12,0,11,0,9,0,3,0
JaCoCo Coverage Report,com.google.javascript.jscomp,MakeDeclaredNamesUnique.BoilerplateRenamer,18,0,0,0,5,0,2,0,2,0
JaCoCo Coverage Report,com.google.javascript.jscomp,CompilerInput.DepsFinder,72,0,14,0,24,0,10,0,3,0
JaCoCo Coverage Report,com.google.javascript.jscomp,AbstractCommandLineRunner,2896,0,366,0,662,0,232,0,49,0
JaCoCo Coverage Report,com.google.javascript.jscomp,PassFactory.new PassFactory() {...},21,0,0,0,3,0,3,0,3,0
JaCoCo Coverage Report,com.google.javascript.jscomp,WarningLevel,164,0,4,0,48,0,8,0,5,0
JaCoCo Coverage Report,com.google.javascript.jscomp,ShadowVariables.GatherReferenceInfo,78,0,16,0,18,0,10,0,2,0
JaCoCo Coverage Report,com.google.javascript.jscomp,InlineProperties.PropertyInfo,0,9,0,0,0,4,0,1,0,1
JaCoCo Coverage Report,com.google.javascript.jscomp,NameAnonymousFunctionsMapped.MappedFunctionNamer,67,0,4,0,14,0,6,0,4,0
JaCoCo Coverage Report,com.google.javascript.jscomp,Denormalize.StripConstantAnnotations,30,0,6,0,9,0,6,0,3,0
JaCoCo Coverage Report,com.google.javascript.jscomp,JsMessageVisitor,1134,35,167,0,262,18,108,1,20,1
JaCoCo Coverage Report,com.google.javascript.jscomp,DataFlowAnalysis.MaxIterationsExceededException,4,0,0,0,2,0,1,0,1,0
JaCoCo Coverage Report,com.google.javascript.jscomp,AstChangeProxy,153,0,22,0,39,0,18,0,7,0
JaCoCo Coverage Report,com.google.javascript.jscomp,AmbiguateProperties.PropertyGraphNode,19,0,0,0,7,0,4,0,4,0
JaCoCo Coverage Report,com.google.javascript.jscomp,IgnoreCajaProperties.Traversal,115,0,6,0,30,0,5,0,2,0
JaCoCo Coverage Report,com.google.javascript.jscomp,ComposeWarningsGuard,92,138,18,12,24,34,15,10,4,6
JaCoCo Coverage Report,com.google.javascript.jscomp,InlineVariables,61,0,4,0,15,0,6,0,3,0
JaCoCo Coverage Report,com.google.javascript.jscomp,PeepholeOptimizationsPass,220,0,38,0,63,0,29,0,10,0
JaCoCo Coverage Report,com.google.javascript.jscomp,AnalyzePrototypeProperties.SymbolType,24,0,0,0,3,0,1,0,1,0
JaCoCo Coverage Report,com.google.javascript.jscomp,CustomPassExecutionTime,0,44,0,0,0,5,0,1,0,1
JaCoCo Coverage Report,com.google.javascript.jscomp,NodeTraversal.AbstractShallowCallback,16,0,6,0,3,0,5,0,2,0
JaCoCo Coverage Report,com.google.javascript.jscomp,SourceFile.Generated,28,0,2,0,11,0,4,0,3,0
JaCoCo Coverage Report,com.google.javascript.jscomp,FunctionRewriter.GetterReducer,56,0,12,0,16,0,9,0,3,0
JaCoCo Coverage Report,com.google.javascript.jscomp,JsMessage.Style,44,0,4,0,7,0,4,0,2,0
JaCoCo Coverage Report,com.google.javascript.jscomp,AbstractCommandLineRunner.WarningGuardSpec.Entry,9,0,0,0,4,0,1,0,1,0
JaCoCo Coverage Report,com.google.javascript.jscomp,DotFormatter,589,0,40,0,118,0,34,0,14,0
JaCoCo Coverage Report,com.google.javascript.jscomp,CollapseVariableDeclarations.GatherCollapses,159,0,36,0,37,0,22,0,4,0
JaCoCo Coverage Report,com.google.javascript.jscomp,GlobalVarReferenceMap,352,0,38,0,88,0,27,0,8,0
JaCoCo Coverage Report,com.google.javascript.jscomp,NameAnalyzer,1616,0,230,0,362,0,147,0,27,0
JaCoCo Coverage Report,com.google.javascript.jscomp,CollapseVariableDeclarations.Collapse,12,0,0,0,5,0,1,0,1,0
JaCoCo Coverage Report,com.google.javascript.jscomp,CommandLineRunner.Flags.WarningGuardWarningOptionHandler,11,0,0,0,2,0,1,0,1,0
JaCoCo Coverage Report,com.google.javascript.jscomp,JSModuleGraph.InverseDepthComparator,12,0,0,0,2,0,2,0,2,0
JaCoCo Coverage Report,com.google.javascript.jscomp,AliasExternals.Symbol,87,0,8,0,25,0,7,0,3,0
JaCoCo Coverage Report,com.google.javascript.jscomp,CleanupPasses,28,28,0,0,9,5,4,1,4,1
JaCoCo Coverage Report,com.google.javascript.jscomp,DefaultPassConfig.26.new HotSwapCompilerPass() {...},40,0,0,0,7,0,3,0,3,0
JaCoCo Coverage Report,com.google.javascript.jscomp,SymbolTable.Reference,5,0,0,0,2,0,1,0,1,0
JaCoCo Coverage Report,com.google.javascript.jscomp,FunctionRewriter.IdentityReducer,49,0,12,0,16,0,9,0,3,0
JaCoCo Coverage Report,com.google.javascript.jscomp,FindExportableNodes.GenerateNodeContext,21,0,0,0,8,0,4,0,4,0
JaCoCo Coverage Report,com.google.javascript.jscomp,TypedCodeGenerator,414,0,80,0,102,0,46,0,6,0
JaCoCo Coverage Report,com.google.javascript.jscomp,CoalesceVariableNames.CombinedLiveRangeChecker,50,0,6,0,14,0,6,0,3,0
JaCoCo Coverage Report,com.google.javascript.jscomp,AnalyzePrototypeProperties.AssignmentProperty,38,0,0,0,12,0,7,0,7,0
JaCoCo Coverage Report,com.google.javascript.jscomp,FunctionRewriter.EmptyFunctionReducer,13,0,2,0,4,0,3,0,2,0
JaCoCo Coverage Report,com.google.javascript.jscomp,DefaultPassConfig.90.new CompilerPass() {...},28,0,0,0,3,0,2,0,2,0
JaCoCo Coverage Report,com.google.javascript.jscomp,SymbolTable.Symbol,156,0,14,0,38,0,24,0,17,0
JaCoCo Coverage Report,com.google.javascript.jscomp,SourceExcerptProvider.SourceExcerpt,0,24,0,0,0,3,0,1,0,1
JaCoCo Coverage Report,com.google.javascript.jscomp,TypeInference.TemplateTypeReplacer,25,0,2,0,7,0,3,0,2,0
JaCoCo Coverage Report,com.google.javascript.jscomp,AliasKeywords.VoidKeywordAliasSpecification,72,0,4,0,21,0,7,0,5,0
JaCoCo Coverage Report,com.google.javascript.jscomp,InlineObjectLiterals,25,0,0,0,7,0,2,0,2,0
JaCoCo Coverage Report,com.google.javascript.jscomp,VerboseMessageFormatter,98,0,8,0,15,0,8,0,4,0
JaCoCo Coverage Report,com.google.javascript.jscomp,InlineSimpleMethods,199,9,32,0,64,3,29,1,13,1
JaCoCo Coverage Report,com.google.javascript.jscomp,AnalyzeNameReferences.PropagateReferences,43,0,6,0,10,0,5,0,2,0
JaCoCo Coverage Report,com.google.javascript.jscomp,SourceFile.OnDisk,61,0,6,0,20,0,9,0,6,0
JaCoCo Coverage Report,com.google.javascript.jscomp,XtbMessageBundle.SecureEntityResolver,8,0,0,0,1,0,1,0,1,0
JaCoCo Coverage Report,com.google.javascript.jscomp,InlineFunctions,710,0,138,0,185,0,89,0,20,0
JaCoCo Coverage Report,com.google.javascript.jscomp,NameAnalyzer.PrototypeSetNode,40,0,2,0,10,0,3,0,2,0
JaCoCo Coverage Report,com.google.javascript.jscomp,MakeDeclaredNamesUnique.WhitelistedRenamer,44,0,4,0,11,0,7,0,5,0
JaCoCo Coverage Report,com.google.javascript.jscomp,AstParallelizer.new Predicate() {...},6,0,0,0,2,0,2,0,2,0
JaCoCo Coverage Report,com.google.javascript.jscomp,AstParallelizer.new Supplier() {...},7,0,0,0,2,0,2,0,2,0
JaCoCo Coverage Report,com.google.javascript.jscomp,AstParallelizer.new Predicate() {...},10,0,2,0,2,0,3,0,2,0
JaCoCo Coverage Report,com.google.javascript.jscomp,DataFlowAnalysis,322,99,39,11,63,31,28,7,6,4
JaCoCo Coverage Report,com.google.javascript.jscomp,AstParallelizer.new Supplier() {...},9,0,0,0,2,0,2,0,2,0
JaCoCo Coverage Report,com.google.javascript.jscomp,CodePrinter.MappedCodePrinter,290,0,52,0,61,0,36,0,10,0
JaCoCo Coverage Report,com.google.javascript.jscomp,AstParallelizer.new Predicate() {...},5,0,0,0,2,0,2,0,2,0
JaCoCo Coverage Report,com.google.javascript.jscomp,AstParallelizer.new Predicate() {...},6,0,0,0,2,0,2,0,2,0
JaCoCo Coverage Report,com.google.javascript.jscomp,ClosureOptimizePrimitives.FindObjectCreateCalls,30,0,6,0,8,0,5,0,2,0
JaCoCo Coverage Report,com.google.javascript.jscomp,SyntacticScopeCreator,302,22,51,0,85,8,34,2,7,2
JaCoCo Coverage Report,com.google.javascript.jscomp,FunctionTypeBuilder.ThisTypeValidator,30,0,2,0,6,0,3,0,2,0
JaCoCo Coverage Report,com.google.javascript.jscomp,CombinedCompilerPass,159,0,12,0,28,0,15,0,9,0
JaCoCo Coverage Report,com.google.javascript.jscomp,FunctionInjector.CallSiteType.new FunctionInjector.CallSiteType() {...},11,0,0,0,2,0,2,0,2,0
JaCoCo Coverage Report,com.google.javascript.jscomp,RenamePrototypes.ProcessExternedProperties,24,0,4,0,6,0,4,0,2,0
JaCoCo Coverage Report,com.google.javascript.jscomp,SourceMap,152,0,18,0,45,0,18,0,9,0
JaCoCo Coverage Report,com.google.javascript.jscomp,WhitelistWarningsGuard,184,7,18,0,46,2,21,1,12,1
JaCoCo Coverage Report,com.google.javascript.jscomp,AnonymousFunctionNamingCallback,119,0,21,0,35,0,14,0,3,0
JaCoCo Coverage Report,com.google.javascript.jscomp,ConcreteType,248,0,30,0,58,0,39,0,24,0
JaCoCo Coverage Report,com.google.javascript.jscomp,FunctionInjector.CallSiteType.new FunctionInjector.CallSiteType() {...},26,0,2,0,6,0,3,0,2,0
JaCoCo Coverage Report,com.google.javascript.jscomp,FunctionInjector.CallSiteType.new FunctionInjector.CallSiteType() {...},7,0,0,0,2,0,2,0,2,0
JaCoCo Coverage Report,com.google.javascript.jscomp,FunctionInjector.CallSiteType.new FunctionInjector.CallSiteType() {...},7,0,0,0,2,0,2,0,2,0
JaCoCo Coverage Report,com.google.javascript.jscomp,FunctionInjector.CallSiteType.new FunctionInjector.CallSiteType() {...},26,0,2,0,6,0,3,0,2,0
JaCoCo Coverage Report,com.google.javascript.jscomp,GenerateExports,245,0,26,0,68,0,17,0,4,0
JaCoCo Coverage Report,com.google.javascript.jscomp,FunctionInjector.CallSiteType.new FunctionInjector.CallSiteType() {...},7,0,0,0,2,0,2,0,2,0
JaCoCo Coverage Report,com.google.javascript.jscomp,SideEffectsAnalysis.RawMotionEnvironment,9,0,0,0,4,0,2,0,2,0
JaCoCo Coverage Report,com.google.javascript.jscomp,PureFunctionIdentifier.SideEffectPropagationCallback,91,0,38,0,29,0,20,0,1,0
JaCoCo Coverage Report,com.google.javascript.jscomp,InlineCostEstimator,19,0,0,0,5,0,3,0,3,0
JaCoCo Coverage Report,com.google.javascript.jscomp,PassFactory,49,12,6,0,10,5,8,1,5,1
JaCoCo Coverage Report,com.google.javascript.jscomp,DisambiguateProperties.JSTypeSystem,438,0,94,0,113,0,61,0,14,0
JaCoCo Coverage Report,com.google.javascript.jscomp,JSModuleGraph.ModuleDependenceException,16,0,0,0,6,0,3,0,3,0
JaCoCo Coverage Report,com.google.javascript.jscomp,AmbiguateProperties.PropertySubGraph,34,0,2,0,5,0,4,0,3,0
JaCoCo Coverage Report,com.google.javascript.jscomp,ReplaceMessages,404,5,46,0,110,2,33,1,8,1
JaCoCo Coverage Report,com.google.javascript.jscomp,MakeDeclaredNamesUnique.InlineRenamer,97,0,10,0,21,0,11,0,6,0
JaCoCo Coverage Report,com.google.javascript.jscomp,Tracer.Event,146,0,10,0,29,0,8,0,3,0
JaCoCo Coverage Report,com.google.javascript.jscomp,AliasExternals.GetAliasableNames,42,0,8,0,9,0,6,0,2,0
JaCoCo Coverage Report,com.google.javascript.jscomp,InlineSimpleMethods.InlineTrivialAccessors,137,0,26,0,26,0,15,0,2,0
JaCoCo Coverage Report,com.google.javascript.jscomp,PeepholeReplaceKnownMethods,1328,6,281,0,376,1,159,1,18,1
JaCoCo Coverage Report,com.google.javascript.jscomp,JqueryCodingConvention,19,19,0,0,6,6,3,3,3,3
JaCoCo Coverage Report,com.google.javascript.jscomp,RhinoErrorReporter.NewRhinoErrorReporter,75,5,4,0,21,2,7,1,5,1
JaCoCo Coverage Report,com.google.javascript.jscomp,NodeTraversal,487,336,63,29,117,95,57,28,21,18
JaCoCo Coverage Report,com.google.javascript.jscomp,NodeTraversal.AbstractScopedCallback,1,6,0,0,1,3,1,3,1,3
JaCoCo Coverage Report,com.google.javascript.jscomp,PureFunctionIdentifier.new Predicate() {...},18,0,6,0,8,0,7,0,2,0
JaCoCo Coverage Report,com.google.javascript.jscomp,TransformAMDToCJSModule.RenameCallback,31,0,4,0,8,0,4,0,2,0
JaCoCo Coverage Report,com.google.javascript.jscomp,ExpandJqueryAliases,895,22,144,0,224,9,83,1,11,1
JaCoCo Coverage Report,com.google.javascript.jscomp,DefaultPassConfig.35.new HotSwapCompilerPass() {...},18,0,0,0,5,0,3,0,3,0
JaCoCo Coverage Report,com.google.javascript.jscomp,AliasKeywords.ThrowAliasSpecification,49,0,0,0,14,0,4,0,4,0
JaCoCo Coverage Report,com.google.javascript.jscomp,RemoveTryCatch.RemoveTryCatchCode,101,0,25,0,32,0,15,0,2,0
JaCoCo Coverage Report,com.google.javascript.jscomp,VarCheck,345,25,50,0,78,8,33,1,8,1
JaCoCo Coverage Report,com.google.javascript.jscomp,ControlStructureCheck,63,5,10,0,21,1,10,1,5,1
JaCoCo Coverage Report,com.google.javascript.jscomp,DefaultPassConfig.new PassFactory() {...},14,0,0,0,2,0,2,0,2,0
JaCoCo Coverage Report,com.google.javascript.jscomp,DefaultPassConfig.new PassFactory() {...},14,0,0,0,2,0,2,0,2,0
JaCoCo Coverage Report,com.google.javascript.jscomp,ControlFlowGraph,62,29,19,1,11,9,15,4,3,4
JaCoCo Coverage Report,com.google.javascript.jscomp,ObjectPropertyStringPostprocess,16,0,0,0,5,0,2,0,2,0
JaCoCo Coverage Report,com.google.javascript.jscomp,ReferenceCollectingCallback.ReferenceCollection,294,0,62,0,77,0,44,0,13,0
JaCoCo Coverage Report,com.google.javascript.jscomp,NameAnonymousFunctionsMapped,73,0,2,0,17,0,5,0,4,0
JaCoCo Coverage Report,com.google.javascript.jscomp,CleanupPasses.MemoizedScopeCleanupPass,56,0,10,0,18,0,8,0,3,0
JaCoCo Coverage Report,com.google.javascript.jscomp,InlineVariables.IdentifyConstants,9,0,0,0,2,0,2,0,2,0
JaCoCo Coverage Report,com.google.javascript.jscomp,VariableNameGenerator,31,0,2,0,8,0,3,0,2,0
JaCoCo Coverage Report,com.google.javascript.jscomp,GatherSideEffectSubexpressionsCallback.CopySideEffectSubexpressions,201,0,22,0,50,0,17,0,6,0
JaCoCo Coverage Report,com.google.javascript.jscomp,FunctionRewriter.ReductionGatherer,49,0,4,0,12,0,5,0,3,0
JaCoCo Coverage Report,com.google.javascript.jscomp,SymbolTable.new Ordering() {...},26,0,4,0,3,0,4,0,2,0
JaCoCo Coverage Report,com.google.javascript.jscomp,SymbolTable.new Ordering() {...},36,0,2,0,7,0,3,0,2,0
JaCoCo Coverage Report,com.google.javascript.jscomp,SymbolTable.new NodeTraversal.AbstractScopedCallback() {...},14,0,0,0,4,0,3,0,3,0
JaCoCo Coverage Report,com.google.javascript.jscomp,SymbolTable.new Ordering() {...},25,0,2,0,6,0,3,0,2,0
JaCoCo Coverage Report,com.google.javascript.jscomp,CheckRequiresForConstructors,113,0,12,0,21,0,12,0,6,0
JaCoCo Coverage Report,com.google.javascript.jscomp,SpecializeModule.SpecializationState,149,0,28,0,47,0,26,0,12,0
JaCoCo Coverage Report,com.google.javascript.jscomp,SanityCheck,185,0,12,0,42,0,13,0,7,0
JaCoCo Coverage Report,com.google.javascript.jscomp,MustBeReachingVariableDef.MustDef,50,0,6,0,14,0,7,0,4,0
JaCoCo Coverage Report,com.google.javascript.jscomp,InstrumentFunctions.RemoveCallback,26,0,6,0,9,0,5,0,2,0
JaCoCo Coverage Report,com.google.javascript.jscomp,NameAnalyzer.FindDeclarationsAndSetters,242,0,32,0,52,0,21,0,5,0
JaCoCo Coverage Report,com.google.javascript.jscomp,EmptyMessageBundle,9,0,0,0,4,0,4,0,4,0
JaCoCo Coverage Report,com.google.javascript.jscomp,TypeInferencePass.TypeInferringCallback,0,16,0,0,0,4,0,3,0,3
JaCoCo Coverage Report,com.google.javascript.jscomp,FlowSensitiveInlineVariables.Candidate.new Predicate() {...},13,0,2,0,4,0,3,0,2,0
JaCoCo Coverage Report,com.google.javascript.jscomp,CodingConvention.SubclassRelationship,14,0,0,0,5,0,1,0,1,0
JaCoCo Coverage Report,com.google.javascript.jscomp,UseSite,30,0,4,0,7,0,5,0,3,0
JaCoCo Coverage Report,com.google.javascript.jscomp,RenameProperties.ProcessProperties,350,0,68,0,79,0,43,0,7,0
JaCoCo Coverage Report,com.google.javascript.jscomp,DefinitionsRemover.ExternalNameOnlyDefinition,10,0,0,0,3,0,2,0,2,0
JaCoCo Coverage Report,com.google.javascript.jscomp,TypeInferencePass,12,121,3,5,2,29,3,7,0,6
JaCoCo Coverage Report,com.google.javascript.jscomp,FlowSensitiveInlineVariables.Candidate.new ControlFlowGraph.AbstractCfgNodeTraversalCallback() {...},45,0,11,0,10,0,8,0,2,0
JaCoCo Coverage Report,com.google.javascript.jscomp,FlowSensitiveInlineVariables.Candidate.new Predicate() {...},13,0,2,0,2,0,3,0,2,0
JaCoCo Coverage Report,com.google.javascript.jscomp,FlowSensitiveInlineVariables.Candidate.new ControlFlowGraph.AbstractCfgNodeTraversalCallback() {...},28,0,8,0,6,0,6,0,2,0
JaCoCo Coverage Report,com.google.javascript.jscomp,CoalesceVariableNames,498,5,92,0,131,1,54,1,8,1
JaCoCo Coverage Report,com.google.javascript.jscomp,RhinoErrorReporter,69,69,4,0,12,24,5,5,3,5
JaCoCo Coverage Report,com.google.javascript.jscomp,PeepholeOptimizationsPass.StateStack,58,0,2,0,13,0,5,0,4,0
JaCoCo Coverage Report,com.google.javascript.jscomp,FunctionInformationMap.Module,351,0,38,0,103,0,52,0,33,0
JaCoCo Coverage Report,com.google.javascript.jscomp,SideEffectsAnalysis.new Predicate() {...},10,0,2,0,2,0,3,0,2,0
JaCoCo Coverage Report,com.google.javascript.jscomp,ParallelCompilerPass.Result,85,0,10,0,19,0,9,0,4,0
JaCoCo Coverage Report,com.google.javascript.jscomp,PeepholeSubstituteAlternateSyntax.new Predicate() {...},7,3,2,0,1,1,2,1,1,1
JaCoCo Coverage Report,com.google.javascript.jscomp,PeepholeSubstituteAlternateSyntax.new Predicate() {...},17,0,4,0,3,0,4,0,2,0
JaCoCo Coverage Report,com.google.javascript.jscomp,SideEffectsAnalysis.new Predicate() {...},19,0,6,0,3,0,5,0,2,0
JaCoCo Coverage Report,com.google.javascript.jscomp,PeepholeSubstituteAlternateSyntax.new Predicate() {...},19,0,2,0,2,0,3,0,2,0
JaCoCo Coverage Report,com.google.javascript.jscomp,SideEffectsAnalysis.new Predicate() {...},16,0,4,0,2,0,4,0,2,0
JaCoCo Coverage Report,com.google.javascript.jscomp,NameAnalyzer.TriState,34,0,0,0,4,0,1,0,1,0
JaCoCo Coverage Report,com.google.javascript.jscomp,DefaultPassConfig.9.new CompilerPass() {...},35,0,2,0,6,0,3,0,2,0
JaCoCo Coverage Report,com.google.javascript.jscomp,Instrumentation,617,0,66,0,165,0,78,0,45,0
JaCoCo Coverage Report,com.google.javascript.jscomp,BasicErrorManager.ErrorWithLevel,9,0,0,0,4,0,1,0,1,0
JaCoCo Coverage Report,com.google.javascript.jscomp,MaybeReachingVariableUse,314,0,46,0,77,0,36,0,10,0
JaCoCo Coverage Report,com.google.javascript.jscomp,ChainCalls.GatherFunctions,57,0,8,0,15,0,9,0,5,0
JaCoCo Coverage Report,com.google.javascript.jscomp,CombinedCompilerPass.CallbackWrapper,81,0,20,0,22,0,16,0,6,0
JaCoCo Coverage Report,com.google.javascript.jscomp,DataFlowAnalysis.new NodeTraversal.AbstractPostOrderCallback() {...},45,0,10,0,9,0,7,0,2,0
JaCoCo Coverage Report,com.google.javascript.jscomp,GlobalNamespace.NodeFilter,39,0,10,0,11,0,7,0,2,0
JaCoCo Coverage Report,com.google.javascript.jscomp,CollapseAnonymousFunctions.Callback,127,0,30,0,37,0,19,0,4,0
JaCoCo Coverage Report,com.google.javascript.jscomp,SourceMap.Format,0,44,0,0,0,5,0,1,0,1
JaCoCo Coverage Report,com.google.javascript.jscomp,NodeTraversal.AbstractNodeTypePruningCallback,27,0,2,0,7,0,4,0,3,0
JaCoCo Coverage Report,com.google.javascript.jscomp,VariableVisibilityAnalysis,115,0,20,0,28,0,14,0,4,0
JaCoCo Coverage Report,com.google.javascript.jscomp,FunctionRewriter,151,0,18,0,32,0,13,0,4,0
JaCoCo Coverage Report,com.google.javascript.jscomp,PureFunctionIdentifier.FunctionInformation,239,0,36,0,70,0,38,0,20,0
JaCoCo Coverage Report,com.google.javascript.jscomp,JsMessageVisitor.MessageLocation,9,0,0,0,4,0,1,0,1,0
JaCoCo Coverage Report,com.google.javascript.jscomp,GatherRawExports,78,12,16,0,24,1,13,1,5,1
JaCoCo Coverage Report,com.google.javascript.jscomp,SourceFile,388,50,38,2,89,18,43,8,23,8
JaCoCo Coverage Report,com.google.javascript.jscomp,JSModule,329,43,26,0,91,14,36,5,23,5
JaCoCo Coverage Report,com.google.javascript.jscomp,MakeDeclaredNamesUnique.ContextualRenamer,99,0,8,0,26,0,13,0,9,0
JaCoCo Coverage Report,com.google.javascript.jscomp,ReplaceStrings.Config,12,0,0,0,4,0,1,0,1,0
JaCoCo Coverage Report,com.google.javascript.jscomp,OptimizeReturns.new NodeUtil.Visitor() {...},47,0,8,0,12,0,6,0,2,0
JaCoCo Coverage Report,com.google.javascript.jscomp,FunctionInjector,921,0,194,0,248,0,120,0,20,0
JaCoCo Coverage Report,com.google.javascript.jscomp,Tracer.new Tracer.InternalClock() {...},0,5,0,0,0,2,0,2,0,2
JaCoCo Coverage Report,com.google.javascript.jscomp,NodeTraversal.AbstractShallowStatementCallback,0,15,1,5,0,3,1,4,0,2
JaCoCo Coverage Report,com.google.javascript.jscomp,CompilerOptions.NullAliasTransformationHandler.NullAliasTransformation,1,0,0,0,1,0,1,0,1,0
JaCoCo Coverage Report,com.google.javascript.jscomp,InlineFunctions.FunctionState,217,0,26,0,66,0,40,0,27,0
JaCoCo Coverage Report,com.google.javascript.jscomp,ReplaceCssNames,50,0,0,0,18,0,4,0,4,0
JaCoCo Coverage Report,com.google.javascript.jscomp,RenameVars.ProcessVars,216,0,46,0,58,0,28,0,5,0
JaCoCo Coverage Report,com.google.javascript.jscomp,StrictWarningsGuard,25,0,4,0,7,0,6,0,4,0
JaCoCo Coverage Report,com.google.javascript.jscomp,TightenTypes.NativeCallFunctionCall,79,0,8,0,19,0,6,0,2,0
JaCoCo Coverage Report,com.google.javascript.jscomp,NameGenerator,215,0,26,0,46,0,19,0,6,0
JaCoCo Coverage Report,com.google.javascript.jscomp,ProcessDefines.CollectDefines,424,0,64,0,95,0,41,0,9,0
JaCoCo Coverage Report,com.google.javascript.jscomp,DefaultPassConfig.81.new CompilerPass() {...},27,0,0,0,5,0,2,0,2,0
JaCoCo Coverage Report,com.google.javascript.jscomp,InlineCostEstimator.CompiledSizeEstimator,65,0,2,0,21,0,9,0,8,0
JaCoCo Coverage Report,com.google.javascript.jscomp,InlineVariables.Mode,34,0,0,0,4,0,1,0,1,0
JaCoCo Coverage Report,com.google.javascript.jscomp,LinkedFlowScope,367,116,76,10,82,31,52,11,11,9
JaCoCo Coverage Report,com.google.javascript.jscomp,DefaultPassConfig,2352,36,296,0,415,18,170,1,21,1
JaCoCo Coverage Report,com.google.javascript.jscomp,CheckMissingGetCssName,171,5,40,0,39,2,27,1,7,1
JaCoCo Coverage Report,com.google.javascript.jscomp,SideEffectsAnalysis.LocationSummary,15,0,0,0,6,0,3,0,3,0
JaCoCo Coverage Report,com.google.javascript.jscomp,NameAnonymousFunctions,49,0,0,0,11,0,3,0,3,0
JaCoCo Coverage Report,com.google.javascript.jscomp,PeepholeCollectPropertyAssignments,407,0,99,0,125,0,60,0,10,0
JaCoCo Coverage Report,com.google.javascript.jscomp,AnalyzeNameReferences.NameInfo,59,0,8,0,18,0,8,0,4,0
JaCoCo Coverage Report,com.google.javascript.jscomp,ExtractPrototypeMemberDeclarations.ExtractionInstance,73,0,10,0,17,0,7,0,2,0
JaCoCo Coverage Report,com.google.javascript.jscomp,TightenTypes.CreateScope,888,0,143,0,208,0,88,0,12,0
JaCoCo Coverage Report,com.google.javascript.jscomp,DefaultPassConfig.28.new HotSwapCompilerPass() {...},49,0,0,0,9,0,3,0,3,0
JaCoCo Coverage Report,com.google.javascript.jscomp,WarningsGuard.Priority,3,89,0,0,1,11,1,2,1,2
JaCoCo Coverage Report,com.google.javascript.jscomp,ExternExportsPass.SymbolExport,23,0,2,0,7,0,3,0,2,0
JaCoCo Coverage Report,com.google.javascript.jscomp,RescopeGlobalSymbols,86,0,2,0,21,0,6,0,5,0
JaCoCo Coverage Report,com.google.javascript.jscomp,PerformanceTracker,359,0,42,0,89,0,35,0,13,0
JaCoCo Coverage Report,com.google.javascript.jscomp,JvmMetrics,833,0,70,0,160,0,47,0,12,0
JaCoCo Coverage Report,com.google.javascript.jscomp,GlobalNamespace,198,0,18,0,49,0,29,0,20,0
JaCoCo Coverage Report,com.google.javascript.jscomp,PreprocessorSymbolTable,80,0,2,0,20,0,11,0,10,0
JaCoCo Coverage Report,com.google.javascript.jscomp,CreateSyntheticBlocks.Marker,12,0,0,0,4,0,1,0,1,0
JaCoCo Coverage Report,com.google.javascript.jscomp,DeadAssignmentsElimination.VariableLiveness,34,0,0,0,4,0,1,0,1,0
JaCoCo Coverage Report,com.google.javascript.jscomp,FunctionNames.FunctionListExtractor,40,0,2,0,11,0,3,0,2,0
JaCoCo Coverage Report,com.google.javascript.jscomp,ReferenceCollectingCallback,225,5,25,0,51,1,26,1,13,1
JaCoCo Coverage Report,com.google.javascript.jscomp,DefinitionsRemover.FunctionArgumentDefinition,16,0,0,0,5,0,2,0,2,0
JaCoCo Coverage Report,com.google.javascript.jscomp,ClosureOptimizePrimitives,117,0,16,0,37,0,12,0,4,0
JaCoCo Coverage Report,com.google.javascript.jscomp,MethodCompilerPass.GatherSignatures,113,0,22,0,25,0,15,0,3,0
JaCoCo Coverage Report,com.google.javascript.jscomp,AliasStrings,439,5,63,0,106,2,42,1,10,1
JaCoCo Coverage Report,com.google.javascript.jscomp,FunctionTypeBuilder.AstFunctionContents,90,0,12,0,27,0,18,0,12,0
JaCoCo Coverage Report,com.google.javascript.jscomp,NameAnalyzer.FindReferences.NodeAccumulator,54,0,4,0,18,0,7,0,5,0
JaCoCo Coverage Report,com.google.javascript.jscomp,ShadowVariables,51,0,2,0,14,0,3,0,2,0
JaCoCo Coverage Report,com.google.javascript.jscomp,MustBeReachingVariableDef.new ControlFlowGraph.AbstractCfgNodeTraversalCallback() {...},34,0,4,0,7,0,4,0,2,0
JaCoCo Coverage Report,com.google.javascript.jscomp,ScopedAliases.Traversal,615,0,106,0,148,0,70,0,17,0
JaCoCo Coverage Report,com.google.javascript.jscomp,GatherSideEffectSubexpressionsCallback,234,13,42,0,63,2,29,1,8,1
JaCoCo Coverage Report,com.google.javascript.jscomp,TransformAMDToCJSModule.TransformAMDModulesCallback,413,0,68,0,105,0,41,0,7,0
JaCoCo Coverage Report,com.google.javascript.jscomp,NodeNameExtractor,163,0,19,0,34,0,15,0,2,0
JaCoCo Coverage Report,com.google.javascript.jscomp,SymbolTable.ThisRefCollector,163,0,20,0,43,0,15,0,5,0
JaCoCo Coverage Report,com.google.javascript.jscomp,FunctionRewriter.SetterReducer,97,0,20,0,29,0,13,0,3,0
JaCoCo Coverage Report,com.google.javascript.jscomp,AnalyzePrototypeProperties.NameContext,12,0,0,0,4,0,1,0,1,0
JaCoCo Coverage Report,com.google.javascript.jscomp,PropertyRenamingPolicy,0,54,0,0,0,6,0,1,0,1
JaCoCo Coverage Report,com.google.javascript.jscomp,ProcessDefines.DefineInfo,34,0,0,0,13,0,5,0,5,0
JaCoCo Coverage Report,com.google.javascript.jscomp,UnreachableCodeElimination,258,5,61,0,76,2,40,1,8,1
JaCoCo Coverage Report,com.google.javascript.jscomp,SymbolTable.SymbolScope,197,0,34,0,44,0,33,0,16,0
JaCoCo Coverage Report,com.google.javascript.jscomp,AmbiguateProperties.PropertyGraph,67,0,4,0,14,0,8,0,6,0
JaCoCo Coverage Report,com.google.javascript.jscomp,FlowSensitiveInlineVariables.new Predicate() {...},45,3,18,0,12,1,10,1,1,1
JaCoCo Coverage Report,com.google.javascript.jscomp,DefaultPassConfig.41.new CompilerPass() {...},42,0,0,0,5,0,2,0,2,0
JaCoCo Coverage Report,com.google.javascript.jscomp,ExternExportsPass,222,9,26,0,64,4,20,1,7,1
JaCoCo Coverage Report,com.google.javascript.jscomp,Result,62,0,2,0,17,0,3,0,2,0
JaCoCo Coverage Report,com.google.javascript.jscomp,CheckAccessControls,996,53,232,0,261,20,140,1,23,1
JaCoCo Coverage Report,com.google.javascript.jscomp,DefaultPassConfig.87.new CompilerPass() {...},14,0,0,0,3,0,2,0,2,0
JaCoCo Coverage Report,com.google.javascript.jscomp,LightweightMessageFormatter,144,20,20,0,33,7,15,3,5,3
JaCoCo Coverage Report,com.google.javascript.jscomp,RenameLabels.LabelInfo,9,0,0,0,4,0,1,0,1,0
JaCoCo Coverage Report,com.google.javascript.jscomp,FunctionRewriter.Reduction,35,0,0,0,10,0,3,0,3,0
JaCoCo Coverage Report,com.google.javascript.jscomp,AnonymousFunctionNamingPolicy,3,55,0,0,1,7,1,2,1,2
JaCoCo Coverage Report,com.google.javascript.jscomp,AbstractCompiler.LifeCycleStage,24,34,8,0,3,4,7,1,3,1
JaCoCo Coverage Report,com.google.javascript.jscomp,MaybeReachingVariableUse.ReachingUses,32,0,4,0,9,0,6,0,4,0
JaCoCo Coverage Report,com.google.javascript.jscomp,FlowSensitiveInlineVariables.GatherCandiates,38,0,2,0,10,0,3,0,2,0
JaCoCo Coverage Report,com.google.javascript.jscomp,PeepholeSubstituteAlternateSyntax,2605,27,522,0,737,9,325,1,48,1
JaCoCo Coverage Report,com.google.javascript.jscomp,CheckGlobalThis,200,5,72,0,56,1,41,1,5,1
JaCoCo Coverage Report,com.google.javascript.jscomp,AnalyzePrototypeProperties.ProcessProperties,682,0,127,0,153,0,78,0,14,0
JaCoCo Coverage Report,com.google.javascript.jscomp,ExploitAssigns,259,0,66,0,80,0,42,0,7,0
JaCoCo Coverage Report,com.google.javascript.jscomp,JSSourceFile,69,0,0,0,14,0,11,0,11,0
JaCoCo Coverage Report,com.google.javascript.jscomp,AnalyzePrototypeProperties.LiteralProperty,40,0,0,0,14,0,6,0,6,0
JaCoCo Coverage Report,com.google.javascript.jscomp,SourceFile.Preloaded,0,10,0,0,0,4,0,1,0,1
JaCoCo Coverage Report,com.google.javascript.jscomp,FunctionRewriter.ReturnConstantReducer,34,0,8,0,12,0,7,0,3,0
JaCoCo Coverage Report,com.google.javascript.jscomp,RenameVars.Assignment,30,0,2,0,9,0,3,0,2,0
JaCoCo Coverage Report,com.google.javascript.jscomp,XtbMessageBundle,120,0,2,0,34,0,8,0,7,0
JaCoCo Coverage Report,com.google.javascript.jscomp,GoogleJsMessageIdGenerator.MessageId,31,0,6,0,5,0,4,0,1,0
JaCoCo Coverage Report,com.google.javascript.jscomp,PeepholeOptimizationsPass.PeepholeChangeHandler,13,0,0,0,3,0,2,0,2,0
JaCoCo Coverage Report,com.google.javascript.jscomp,IgnoreCajaProperties,19,0,0,0,6,0,2,0,2,0
JaCoCo Coverage Report,com.google.javascript.jscomp,StrictModeCheck.NonExternChecks,83,0,18,0,18,0,13,0,4,0
JaCoCo Coverage Report,com.google.javascript.jscomp,MethodCompilerPass.GetExternMethods,105,0,17,0,24,0,11,0,2,0
JaCoCo Coverage Report,com.google.javascript.jscomp,Compiler.new Callable() {...},76,0,6,0,16,0,5,0,2,0
JaCoCo Coverage Report,com.google.javascript.jscomp,TypedScopeCreator.AbstractScopeBuilder,2275,131,538,23,551,39,305,13,26,6
JaCoCo Coverage Report,com.google.javascript.jscomp,Compiler.new Callable() {...},64,0,6,0,13,0,5,0,2,0
JaCoCo Coverage Report,com.google.javascript.jscomp,DisambiguateProperties.FindExternProperties,61,0,6,0,12,0,5,0,2,0
JaCoCo Coverage Report,com.google.javascript.jscomp,WarningsGuard,0,10,0,0,0,4,0,4,0,4
JaCoCo Coverage Report,com.google.javascript.jscomp,CssRenamingMap.ByPart,5,0,0,0,2,0,2,0,2,0
JaCoCo Coverage Report,com.google.javascript.jscomp,SymbolTable.PropertyRefCollector,225,0,42,0,65,0,28,0,7,0
JaCoCo Coverage Report,com.google.javascript.jscomp,DefaultPassConfig.ClearTypedScope,10,0,0,0,3,0,2,0,2,0
JaCoCo Coverage Report,com.google.javascript.jscomp,MustBeReachingVariableDef.Definition,29,0,4,0,9,0,4,0,2,0
JaCoCo Coverage Report,com.google.javascript.jscomp,RescopeGlobalSymbols.RewriteGlobalFunctionStatementsToVarAssignmentsCallback,42,0,4,0,12,0,4,0,2,0
JaCoCo Coverage Report,com.google.javascript.jscomp,Compiler.new ThreadFactory() {...},8,3,0,0,1,1,1,1,1,1
JaCoCo Coverage Report,com.google.javascript.jscomp,Normalize.VerifyConstants,164,0,28,0,38,0,17,0,3,0
JaCoCo Coverage Report,com.google.javascript.jscomp,Compiler.new Callable() {...},47,0,4,0,11,0,4,0,2,0
JaCoCo Coverage Report,com.google.javascript.jscomp,Compiler.new Callable() {...},13,0,0,0,3,0,2,0,2,0
JaCoCo Coverage Report,com.google.javascript.jscomp,Compiler.new Supplier() {...},14,0,0,0,2,0,2,0,2,0
JaCoCo Coverage Report,com.google.javascript.jscomp,NameReferenceGraph,202,0,16,0,46,0,15,0,7,0
JaCoCo Coverage Report,com.google.javascript.jscomp,Compiler.new PassFactory() {...},5,8,0,0,1,1,1,1,1,1
JaCoCo Coverage Report,com.google.javascript.jscomp,Compiler.new Callable() {...},62,0,2,0,12,0,3,0,2,0
JaCoCo Coverage Report,com.google.javascript.jscomp,Compiler.new Callable() {...},49,0,4,0,11,0,4,0,2,0
JaCoCo Coverage Report,com.google.javascript.jscomp,CrossModuleCodeMotion,509,0,115,0,136,0,69,0,10,0
JaCoCo Coverage Report,com.google.javascript.jscomp,DefinitionsRemover.FunctionExpressionDefinition,17,0,0,0,6,0,2,0,2,0
JaCoCo Coverage Report,com.google.javascript.jscomp,MoveFunctionDeclarations,106,0,16,0,27,0,12,0,4,0
JaCoCo Coverage Report,com.google.javascript.jscomp,CodingConventions,0,5,0,0,0,1,0,1,0,1
JaCoCo Coverage Report,com.google.javascript.jscomp,DeadAssignmentsElimination,555,5,124,0,167,1,75,1,11,1
JaCoCo Coverage Report,com.google.javascript.jscomp,SideEffectsAnalysis.LocationAbstraction,37,0,2,0,8,0,2,0,1,0
JaCoCo Coverage Report,com.google.javascript.jscomp,BasicErrorManager.LeveledJSErrorComparator,118,3,40,0,33,1,21,1,1,1
JaCoCo Coverage Report,com.google.javascript.jscomp,ProcessCommonJSModules.SuffixVarsCallback,62,0,10,0,15,0,7,0,2,0
JaCoCo Coverage Report,com.google.javascript.jscomp,CompilationLevel,295,0,6,0,94,0,11,0,7,0
JaCoCo Coverage Report,com.google.javascript.jscomp,DefaultPassConfig.96.new CompilerPass() {...},59,0,0,0,10,0,2,0,2,0
JaCoCo Coverage Report,com.google.javascript.jscomp,GlobalNamespace.Ref.Type,74,0,0,0,8,0,1,0,1,0
JaCoCo Coverage Report,com.google.javascript.jscomp,CodingConventions.DefaultCodingConvention,204,3,38,0,61,2,51,2,32,2
JaCoCo Coverage Report,com.google.javascript.jscomp,JsAst,34,84,2,4,10,21,4,7,2,6
JaCoCo Coverage Report,com.google.javascript.jscomp,Instrumentation.Builder,978,0,84,0,275,0,100,0,55,0
JaCoCo Coverage Report,com.google.javascript.jscomp,CssRenamingMap.Style,24,0,0,0,3,0,1,0,1,0
JaCoCo Coverage Report,com.google.javascript.jscomp,NameAnalyzer.ReferencePropagationCallback,13,0,4,0,4,0,3,0,1,0
JaCoCo Coverage Report,com.google.javascript.jscomp,CompilerOptions.TweakProcessing,14,34,4,0,2,4,4,1,2,1
JaCoCo Coverage Report,com.google.javascript.jscomp,ReplaceIdGenerators.Replacement,30,0,0,0,6,0,2,0,2,0
JaCoCo Coverage Report,com.google.javascript.jscomp,ExpressionDecomposer.DecompositionType,34,0,0,0,4,0,1,0,1,0
JaCoCo Coverage Report,com.google.javascript.jscomp,DefaultPassConfig.61.new CompilerPass() {...},58,0,4,0,12,0,4,0,2,0
JaCoCo Coverage Report,com.google.javascript.jscomp,FieldCleanupPass.QualifiedNameSearchTraversal,68,0,14,0,19,0,11,0,4,0
JaCoCo Coverage Report,com.google.javascript.jscomp,NameAnalyzer.NameInformation,21,0,0,0,7,0,1,0,1,0
JaCoCo Coverage Report,com.google.javascript.jscomp,AmbiguateProperties.ProcessProperties,102,0,12,0,26,0,11,0,4,0
JaCoCo Coverage Report,com.google.javascript.jscomp,SimpleDefinitionFinder.DefinitionGatheringCallback,233,0,52,0,57,0,29,0,3,0
JaCoCo Coverage Report,com.google.javascript.jscomp,FindExportableNodes,110,5,26,0,28,2,17,1,3,1
JaCoCo Coverage Report,com.google.javascript.jscomp,JsMessage.Hash,789,0,30,0,67,0,32,0,6,0
JaCoCo Coverage Report,com.google.javascript.jscomp,ConcreteType.ConcreteUnionType,196,0,32,0,45,0,26,0,10,0
JaCoCo Coverage Report,com.google.javascript.jscomp,SpecializeModule.new SpecializeModule.NodeMatcher() {...},32,0,4,0,6,0,5,0,3,0
JaCoCo Coverage Report,com.google.javascript.jscomp,CreateSyntheticBlocks.Callback,156,0,16,0,30,0,10,0,2,0
JaCoCo Coverage Report,com.google.javascript.jscomp,GoogleCodingConvention,84,14,20,0,17,6,17,3,7,3
JaCoCo Coverage Report,com.google.javascript.jscomp,MakeDeclaredNamesUnique.ContextualRenameInverter,254,0,36,0,69,0,31,0,13,0
JaCoCo Coverage Report,com.google.javascript.jscomp,AliasStrings.StringInfo,166,0,30,0,37,0,18,0,3,0
JaCoCo Coverage Report,com.google.javascript.jscomp,SymbolTable,1597,5,258,0,394,2,178,1,49,1
JaCoCo Coverage Report,com.google.javascript.jscomp,JSModuleGraph,652,0,80,0,148,0,56,0,16,0
JaCoCo Coverage Report,com.google.javascript.jscomp,ControlFlowAnalysis,1170,367,223,51,302,88,161,31,25,14
JaCoCo Coverage Report,com.google.javascript.jscomp,AnalyzePrototypeProperties,231,0,14,0,51,0,12,0,5,0
JaCoCo Coverage Report,com.google.javascript.jscomp,ProcessCommonJSModules,145,10,8,0,30,1,12,1,8,1
JaCoCo Coverage Report,com.google.javascript.jscomp,AmbiguateProperties.new Comparator() {...},20,0,2,0,4,0,3,0,2,0
JaCoCo Coverage Report,com.google.javascript.jscomp,CrossModuleCodeMotion.Declaration,12,0,0,0,4,0,1,0,1,0
JaCoCo Coverage Report,com.google.javascript.jscomp,CommandLineRunner.FormattingOption,50,0,3,0,10,0,4,0,2,0
JaCoCo Coverage Report,com.google.javascript.jscomp,ReferenceCollectingCallback.new ReferenceCollectingCallback.Behavior() {...},1,3,0,0,1,1,1,1,1,1
JaCoCo Coverage Report,com.google.javascript.jscomp,DefaultPassConfig.new DefaultPassConfig.HotSwapPassFactory() {...},13,0,0,0,2,0,2,0,2,0
JaCoCo Coverage Report,com.google.javascript.jscomp,RenamePrototypes.new Comparator() {...},22,0,2,0,6,0,3,0,2,0
JaCoCo Coverage Report,com.google.javascript.jscomp,DefaultPassConfig.new PassFactory() {...},20,0,0,0,3,0,2,0,2,0
JaCoCo Coverage Report,com.google.javascript.jscomp,DefaultPassConfig.new DefaultPassConfig.HotSwapPassFactory() {...},17,0,0,0,2,0,2,0,2,0
JaCoCo Coverage Report,com.google.javascript.jscomp,Normalize.ScopeTicklingCallback,14,0,0,0,6,0,5,0,5,0
JaCoCo Coverage Report,com.google.javascript.jscomp,DefaultPassConfig.new PassFactory() {...},13,0,0,0,2,0,2,0,2,0
JaCoCo Coverage Report,com.google.javascript.jscomp,TransformAMDToCJSModule,55,0,6,0,16,0,8,0,5,0
JaCoCo Coverage Report,com.google.javascript.jscomp,DefaultPassConfig.34.new CompilerPass() {...},37,0,0,0,6,0,2,0,2,0
JaCoCo Coverage Report,com.google.javascript.jscomp,DefaultPassConfig.new DefaultPassConfig.HotSwapPassFactory() {...},15,0,0,0,2,0,2,0,2,0
JaCoCo Coverage Report,com.google.javascript.jscomp,DefaultPassConfig.new PassFactory() {...},14,0,0,0,2,0,2,0,2,0
JaCoCo Coverage Report,com.google.javascript.jscomp,DefaultPassConfig.new DefaultPassConfig.HotSwapPassFactory() {...},14,0,0,0,2,0,2,0,2,0
JaCoCo Coverage Report,com.google.javascript.jscomp,CommandLineRunner.Flags.WarningGuardOffOptionHandler,11,0,0,0,2,0,1,0,1,0
JaCoCo Coverage Report,com.google.javascript.jscomp,DefaultPassConfig.new DefaultPassConfig.HotSwapPassFactory() {...},14,0,0,0,2,0,2,0,2,0
JaCoCo Coverage Report,com.google.javascript.jscomp,DefaultPassConfig.new DefaultPassConfig.HotSwapPassFactory() {...},14,0,0,0,2,0,2,0,2,0
JaCoCo Coverage Report,com.google.javascript.jscomp,DefinitionsRemover.AssignmentDefinition,36,0,0,0,11,0,4,0,4,0
JaCoCo Coverage Report,com.google.javascript.jscomp,DefaultPassConfig.new DefaultPassConfig.HotSwapPassFactory() {...},53,0,6,0,7,0,5,0,2,0
JaCoCo Coverage Report,com.google.javascript.jscomp,ComposeWarningsGuard.GuardComparator,0,30,0,2,0,8,0,3,0,2
JaCoCo Coverage Report,com.google.javascript.jscomp,ExtractPrototypeMemberDeclarations.GatherExtractionInfo,75,0,12,0,17,0,9,0,3,0
JaCoCo Coverage Report,com.google.javascript.jscomp,ScopedAliases.AliasedTypeNode,39,0,0,0,11,0,2,0,2,0
JaCoCo Coverage Report,com.google.javascript.jscomp,InlineFunctions.NamedFunction,25,0,0,0,8,0,5,0,5,0
JaCoCo Coverage Report,com.google.javascript.jscomp,CallGraph.new Predicate() {...},30,0,6,0,5,0,5,0,2,0
JaCoCo Coverage Report,com.google.javascript.jscomp,TypedScopeCreator.StubDeclaration,12,0,0,0,5,0,1,0,1,0
JaCoCo Coverage Report,com.google.javascript.jscomp,CallGraph.new NodeTraversal.AbstractPostOrderCallback() {...},69,0,10,0,16,0,7,0,2,0
JaCoCo Coverage Report,com.google.javascript.jscomp,RenameVars,603,0,72,0,135,0,48,0,12,0
JaCoCo Coverage Report,com.google.javascript.jscomp,RenameLabels.LabelNamespace,8,0,0,0,2,0,1,0,1,0
JaCoCo Coverage Report,com.google.javascript.jscomp,InlineVariables.IdentifyLocals,10,0,0,0,2,0,2,0,2,0
JaCoCo Coverage Report,com.google.javascript.jscomp,DefaultPassConfig.new DefaultPassConfig.HotSwapPassFactory() {...},30,0,0,0,5,0,2,0,2,0
JaCoCo Coverage Report,com.google.javascript.jscomp,CheckMissingReturn.new Predicate() {...},42,3,12,0,11,1,7,1,1,1
JaCoCo Coverage Report,com.google.javascript.jscomp,CheckMissingReturn.new Predicate() {...},9,3,4,0,1,1,3,1,1,1
JaCoCo Coverage Report,com.google.javascript.jscomp,DefaultPassConfig.new PassFactory() {...},13,0,0,0,2,0,2,0,2,0
JaCoCo Coverage Report,com.google.javascript.jscomp,FunctionInformationMap,313,24,26,0,74,9,47,3,34,3
JaCoCo Coverage Report,com.google.javascript.jscomp,CodingConvention.AssertionFunctionSpec,12,17,2,0,2,7,3,3,2,3
JaCoCo Coverage Report,com.google.javascript.jscomp,DefaultPassConfig.new PassFactory() {...},22,0,0,0,3,0,2,0,2,0
JaCoCo Coverage Report,com.google.javascript.jscomp,DefaultPassConfig.new PassFactory() {...},21,0,0,0,3,0,2,0,2,0
JaCoCo Coverage Report,com.google.javascript.jscomp,DefaultPassConfig.new DefaultPassConfig.HotSwapPassFactory() {...},24,0,0,0,5,0,2,0,2,0
JaCoCo Coverage Report,com.google.javascript.jscomp,DefaultPassConfig.new PassFactory() {...},33,0,4,0,4,0,4,0,2,0
JaCoCo Coverage Report,com.google.javascript.jscomp,DefaultPassConfig.new PassFactory() {...},14,0,0,0,2,0,2,0,2,0
JaCoCo Coverage Report,com.google.javascript.jscomp,AmbiguateProperties.ProcessExterns,38,0,5,0,10,0,5,0,2,0
JaCoCo Coverage Report,com.google.javascript.jscomp,DefaultPassConfig.new PassFactory() {...},21,0,0,0,2,0,2,0,2,0
JaCoCo Coverage Report,com.google.javascript.jscomp,DefaultPassConfig.new PassFactory() {...},50,0,0,0,3,0,2,0,2,0
JaCoCo Coverage Report,com.google.javascript.jscomp,DefaultPassConfig.new PassFactory() {...},56,0,0,0,3,0,2,0,2,0
JaCoCo Coverage Report,com.google.javascript.jscomp,InlineProperties.ReplaceCandidates,86,0,16,0,20,0,11,0,3,0
JaCoCo Coverage Report,com.google.javascript.jscomp,JsMessage.Builder,226,0,20,0,57,0,28,0,18,0
JaCoCo Coverage Report,com.google.javascript.jscomp,AbstractMessageFormatter,43,17,5,0,9,7,7,3,4,3
JaCoCo Coverage Report,com.google.javascript.jscomp,ShadowVariables.DoShadowVariables,259,0,36,0,58,0,24,0,6,0
JaCoCo Coverage Report,com.google.javascript.jscomp,ReferenceCollectingCallback.Reference,236,0,40,0,51,0,42,0,22,0
JaCoCo Coverage Report,com.google.javascript.jscomp,DeadAssignmentsElimination.new Predicate() {...},17,3,8,0,3,1,5,1,1,1
JaCoCo Coverage Report,com.google.javascript.jscomp,NameReferenceGraphReport.DiGraphNodeComparator,50,0,8,0,12,0,6,0,2,0
JaCoCo Coverage Report,com.google.javascript.jscomp,ProcessTweaks.CollectTweaks,206,0,24,0,49,0,15,0,2,0
JaCoCo Coverage Report,com.google.javascript.jscomp,Scope.Var,176,48,28,2,39,15,43,3,28,3
JaCoCo Coverage Report,com.google.javascript.jscomp,CodePrinter.PrettyCodePrinter,213,0,30,0,66,0,34,0,17,0
JaCoCo Coverage Report,com.google.javascript.jscomp,ConcreteType.ConcreteNoneType,8,0,0,0,4,0,4,0,4,0
JaCoCo Coverage Report,com.google.javascript.jscomp,DefaultPassConfig.10.new HotSwapCompilerPass() {...},29,0,0,0,6,0,3,0,3,0
JaCoCo Coverage Report,com.google.javascript.jscomp,CodeChangeHandler.RecentChange,8,9,0,0,4,3,2,2,2,2
JaCoCo Coverage Report,com.google.javascript.jscomp,StrictModeCheck,286,37,55,0,69,9,38,1,10,1
JaCoCo Coverage Report,com.google.javascript.jscomp,ProcessClosurePrimitives.new CssRenamingMap() {...},28,0,2,0,5,0,4,0,3,0
JaCoCo Coverage Report,com.google.javascript.jscomp,DependencyOptions,46,23,6,2,13,6,12,2,8,2
JaCoCo Coverage Report,com.google.javascript.jscomp,TypeInference,2088,183,393,15,563,54,254,13,41,9
JaCoCo Coverage Report,com.google.javascript.jscomp,CommandLineRunner.Flags.WarningGuardSetter,27,0,0,0,9,0,4,0,4,0
JaCoCo Coverage Report,com.google.javascript.jscomp,GlobalNamespace.Name.Type,0,54,0,0,0,6,0,1,0,1
JaCoCo Coverage Report,com.google.javascript.jscomp,CodingConvention.Bind,29,0,2,0,10,0,3,0,2,0
JaCoCo Coverage Report,com.google.javascript.jscomp,CodingConvention.DelegateRelationship,9,0,0,0,4,0,1,0,1,0
JaCoCo Coverage Report,com.google.javascript.jscomp,StripCode.Strip,633,0,135,0,168,0,90,0,19,0
JaCoCo Coverage Report,com.google.javascript.jscomp,SourceFile.Builder,51,17,0,0,10,4,7,2,7,2
JaCoCo Coverage Report,com.google.javascript.jscomp,TightenTypes.Assignment,15,0,0,0,6,0,1,0,1,0
JaCoCo Coverage Report,com.google.javascript.jscomp,PreprocessorSymbolTable.Reference,5,0,0,0,2,0,1,0,1,0
JaCoCo Coverage Report,com.google.javascript.jscomp,AliasExternals,690,0,56,0,160,0,47,0,19,0
JaCoCo Coverage Report,com.google.javascript.jscomp,RuntimeTypeCheck.AddChecks,277,0,44,0,79,0,28,0,6,0
JaCoCo Coverage Report,com.google.javascript.jscomp,RenamePrototypes.Property,132,0,28,0,29,0,19,0,5,0
JaCoCo Coverage Report,com.google.javascript.jscomp,DefaultPassConfig.21.new CompilerPass() {...},24,0,0,0,5,0,2,0,2,0
JaCoCo Coverage Report,com.google.javascript.jscomp,ControlFlowAnalysis.AstControlFlowGraph,5,28,1,1,1,8,1,3,0,3
JaCoCo Coverage Report,com.google.javascript.jscomp,ExternExportsPass.PropertyExport,90,0,6,0,13,0,5,0,2,0
JaCoCo Coverage Report,com.google.javascript.jscomp,NodeIterators.LocalVarMotion,210,0,44,0,53,0,29,0,7,0
JaCoCo Coverage Report,com.google.javascript.jscomp,Compiler,2681,851,286,78,646,230,285,54,119,37
JaCoCo Coverage Report,com.google.javascript.jscomp,RenameLabels,29,0,0,0,9,0,3,0,3,0
JaCoCo Coverage Report,com.google.javascript.jscomp,InlineFunctions.Reference,15,0,0,0,5,0,1,0,1,0
JaCoCo Coverage Report,com.google.javascript.jscomp,FunctionNames.FunctionRecord,12,0,0,0,5,0,1,0,1,0
JaCoCo Coverage Report,com.google.javascript.jscomp,DefaultPassConfig.101.new CompilerPass() {...},54,0,0,0,13,0,2,0,2,0
JaCoCo Coverage Report,com.google.javascript.jscomp,ReplaceIdGenerators.PseudoNameSuppier,23,0,0,0,3,0,2,0,2,0
JaCoCo Coverage Report,com.google.javascript.jscomp,FunctionInformationMap.Builder,1135,0,140,0,308,0,128,0,57,0
JaCoCo Coverage Report,com.google.javascript.jscomp,AbstractMessageFormatter.Color,3,45,0,0,1,7,1,2,1,2
JaCoCo Coverage Report,com.google.javascript.jscomp,CommandLineRunner.Flags,183,0,0,0,70,0,3,0,3,0
JaCoCo Coverage Report,com.google.javascript.jscomp,FunctionRewriter.SingleReturnStatementReducer,22,0,4,0,8,0,4,0,2,0
JaCoCo Coverage Report,com.google.javascript.jscomp,ReplaceIdGenerators.GatherGenerators,101,0,20,0,24,0,12,0,2,0
JaCoCo Coverage Report,com.google.javascript.jscomp,TypeCheck,2713,642,504,41,620,156,308,28,26,16
JaCoCo Coverage Report,com.google.javascript.jscomp,DisambiguateProperties.FindRenameableProperties,389,0,54,0,75,0,33,0,6,0
JaCoCo Coverage Report,com.google.javascript.jscomp,ClosureCodeRemoval,104,0,12,0,28,0,8,0,2,0
JaCoCo Coverage Report,com.google.javascript.jscomp,CollapseVariableDeclarations,147,0,16,0,40,0,11,0,3,0
JaCoCo Coverage Report,com.google.javascript.jscomp,FunctionTypeBuilder.UnknownFunctionContents,24,0,0,0,10,0,10,0,10,0
JaCoCo Coverage Report,com.google.javascript.jscomp,InlineFunctions.FunctionVar,27,0,0,0,8,0,5,0,5,0
JaCoCo Coverage Report,com.google.javascript.jscomp,Normalize.NormalizeStatements,468,0,87,0,140,0,58,0,13,0
JaCoCo Coverage Report,com.google.javascript.jscomp,LightweightMessageFormatter.LineNumberingFormatter,116,3,12,0,33,1,8,1,2,1
JaCoCo Coverage Report,com.google.javascript.jscomp,InlineObjectLiterals.InliningBehavior.new NodeUtil.Visitor() {...},23,0,2,0,4,0,3,0,2,0
JaCoCo Coverage Report,com.google.javascript.jscomp,DefinitionsRemover.ObjectLiteralPropertyDefinition,40,0,2,0,13,0,5,0,4,0
JaCoCo Coverage Report,com.google.javascript.jscomp,CheckProvides,34,5,0,0,10,1,3,1,3,1
JaCoCo Coverage Report,com.google.javascript.jscomp,AstValidator.new AstValidator.ViolationHandler() {...},21,0,0,0,3,0,2,0,2,0
JaCoCo Coverage Report,com.google.javascript.jscomp,FunctionToBlockMutator.LabelNameSupplier,18,0,0,0,4,0,2,0,2,0
JaCoCo Coverage Report,com.google.javascript.jscomp,PerformanceTracker.CodeSizeEstimatePrinter,95,0,6,0,30,0,8,0,5,0
JaCoCo Coverage Report,com.google.javascript.jscomp,NameAnalyzer.InstanceOfCheckNode,27,0,0,0,7,0,2,0,2,0
JaCoCo Coverage Report,com.google.javascript.jscomp,RenameProperties.new Comparator() {...},31,0,4,0,6,0,4,0,2,0
JaCoCo Coverage Report,com.google.javascript.jscomp,MakeDeclaredNamesUnique,266,0,49,0,74,0,36,0,9,0
JaCoCo Coverage Report,com.google.javascript.jscomp,VariableReferenceCheck.ReferenceCheckingBehavior,244,0,44,0,64,0,25,0,3,0
JaCoCo Coverage Report,com.google.javascript.jscomp,TightenTypes.PropertyAssignAction,68,0,2,0,15,0,3,0,2,0
JaCoCo Coverage Report,com.google.javascript.jscomp,LiveVariablesAnalysis.LiveVariableLattice,60,0,4,0,15,0,9,0,7,0
JaCoCo Coverage Report,com.google.javascript.jscomp,FunctionNames,109,0,8,0,28,0,9,0,5,0
JaCoCo Coverage Report,com.google.javascript.jscomp,ErrorFormat.new ErrorFormat() {...},0,16,0,0,0,4,0,2,0,2
JaCoCo Coverage Report,com.google.javascript.jscomp,ErrorFormat.new ErrorFormat() {...},11,6,0,0,3,1,1,1,1,1
JaCoCo Coverage Report,com.google.javascript.jscomp,TypedScopeCreator.FirstOrderFunctionAnalyzer,127,27,35,3,29,12,19,4,0,4
JaCoCo Coverage Report,com.google.javascript.jscomp,ErrorFormat.new ErrorFormat() {...},7,6,0,0,3,1,1,1,1,1
JaCoCo Coverage Report,com.google.javascript.jscomp,NameAnalyzer.SpecialReferenceNode,21,0,0,0,7,0,2,0,2,0
JaCoCo Coverage Report,com.google.javascript.jscomp,RhinoErrorReporter.OldRhinoErrorReporter,14,5,0,0,4,2,2,1,2,1
JaCoCo Coverage Report,com.google.javascript.jscomp,CommandLineRunner,856,0,58,0,180,0,42,0,13,0
JaCoCo Coverage Report,com.google.javascript.jscomp,ErrorFormat.new ErrorFormat() {...},10,6,0,0,3,1,1,1,1,1
JaCoCo Coverage Report,com.google.javascript.jscomp,TypeInference.BooleanOutcomePair,63,0,12,0,15,0,9,0,3,0
JaCoCo Coverage Report,com.google.javascript.jscomp,SimpleDefinitionFinder.UseSiteGatheringCallback,41,0,2,0,10,0,3,0,2,0
JaCoCo Coverage Report,com.google.javascript.jscomp,ShowByPathWarningsGuard.ShowType,24,0,0,0,3,0,1,0,1,0
JaCoCo Coverage Report,com.google.javascript.jscomp,InvocationsCallback,30,0,6,0,11,0,5,0,2,0
JaCoCo Coverage Report,com.google.javascript.jscomp,DefinitionsRemover.NamedFunctionDefinition,10,0,0,0,4,0,2,0,2,0
JaCoCo Coverage Report,com.google.javascript.jscomp,JoinOp.BinaryJoinOp,32,34,4,4,8,7,4,3,1,2
JaCoCo Coverage Report,com.google.javascript.jscomp,LinkedFlowScope.LinkedFlowSlot,9,0,0,0,3,0,1,0,1,0
JaCoCo Coverage Report,com.google.javascript.jscomp,RuntimeTypeCheck.AddMarkers,172,0,26,0,50,0,20,0,7,0
JaCoCo Coverage Report,com.google.javascript.jscomp,MarkNoSideEffectCalls,78,0,8,0,20,0,9,0,5,0
JaCoCo Coverage Report,com.google.javascript.jscomp,GlobalNamespace.Ref,177,0,20,0,40,0,23,0,13,0
JaCoCo Coverage Report,com.google.javascript.jscomp,PhaseOptimizer.Loop,3,0,0,0,1,0,1,0,1,0
JaCoCo Coverage Report,com.google.javascript.jscomp,SideEffectsAnalysis.DegenerateLocationAbstraction.DegenerateEffectLocation,24,0,8,0,5,0,7,0,3,0
JaCoCo Coverage Report,com.google.javascript.jscomp,NodeUtil.MatchDeclaration,13,0,4,0,2,0,4,0,2,0
JaCoCo Coverage Report,com.google.javascript.jscomp,PhaseOptimizer.NamedPass,28,0,0,0,8,0,2,0,2,0
JaCoCo Coverage Report,com.google.javascript.jscomp,FlowSensitiveInlineVariables,193,5,22,0,42,1,18,1,7,1
JaCoCo Coverage Report,com.google.javascript.jscomp,DefinitionsRemover.UnknownDefinition,10,0,0,0,3,0,2,0,2,0
JaCoCo Coverage Report,com.google.javascript.jscomp,ReplaceStrings,660,5,97,0,160,2,68,1,18,1
JaCoCo Coverage Report,com.google.javascript.jscomp,RenameLabels.ProcessLabels,246,0,27,0,58,0,23,0,9,0
JaCoCo Coverage Report,com.google.javascript.jscomp,ProcessTweaks.TweakFunctionCall,27,0,0,0,9,0,3,0,3,0
JaCoCo Coverage Report,com.google.javascript.jscomp,SideEffectsAnalysis.VisibilityLocationAbstraction.new NodeTraversal.AbstractShallowCallback() {...},24,0,6,0,5,0,5,0,2,0
JaCoCo Coverage Report,com.google.javascript.jscomp,GroupVariableDeclarations,156,0,24,0,58,0,19,0,7,0
JaCoCo Coverage Report,com.google.javascript.jscomp,PhaseOptimizer.PassFactoryDelegate,24,0,0,0,7,0,2,0,2,0
JaCoCo Coverage Report,com.google.javascript.jscomp,DefaultPassConfig.91.new CompilerPass() {...},28,0,0,0,3,0,2,0,2,0
JaCoCo Coverage Report,com.google.javascript.jscomp,WhitelistWarningsGuard.WhitelistBuilder,180,0,12,0,44,0,14,0,8,0
JaCoCo Coverage Report,com.google.javascript.jscomp,RecordFunctionInformation,140,0,12,0,41,0,11,0,5,0
JaCoCo Coverage Report,com.google.javascript.jscomp,NameReferenceGraphConstruction.Traversal,883,0,161,0,221,0,103,0,21,0
JaCoCo Coverage Report,com.google.javascript.jscomp,CompilerOptions,1025,475,34,0,429,157,212,12,192,12
JaCoCo Coverage Report,com.google.javascript.jscomp,NameReferenceGraphConstruction,202,0,18,0,49,0,17,0,8,0
JaCoCo Coverage Report,com.google.javascript.jscomp,ProcessCommonJSModules.ProcessCommonJsModulesCallback,273,0,24,0,64,0,19,0,7,0
JaCoCo Coverage Report,com.google.javascript.jscomp,NodeUtil.BooleanResultPredicate,3,3,0,0,1,1,1,1,1,1
JaCoCo Coverage Report,com.google.javascript.jscomp,RemoveUnusedVars.CallSiteOptimizer,462,0,88,0,120,0,56,0,12,0
JaCoCo Coverage Report,com.google.javascript.jscomp,AmbiguateProperties,693,0,76,0,148,0,50,0,12,0
JaCoCo Coverage Report,com.google.javascript.jscomp,ProcessTweaks,306,68,30,2,71,22,22,2,7,1
JaCoCo Coverage Report,com.google.javascript.jscomp,Normalize.FindExposeAnnotations,56,0,14,0,12,0,10,0,3,0
JaCoCo Coverage Report,com.google.javascript.jscomp,SimpleFunctionAliasAnalysis,129,0,26,0,33,0,18,0,5,0
JaCoCo Coverage Report,com.google.javascript.jscomp,InlineFunctions.Inline,78,0,8,0,22,0,7,0,3,0
JaCoCo Coverage Report,com.google.javascript.jscomp,DiagnosticGroupWarningsGuard,27,45,5,7,2,11,6,5,2,3
JaCoCo Coverage Report,com.google.javascript.jscomp,PassConfig.State,30,0,0,0,11,0,1,0,1,0
JaCoCo Coverage Report,com.google.javascript.jscomp,TightenTypes.ConcreteScope,156,0,8,0,36,0,18,0,14,0
JaCoCo Coverage Report,com.google.javascript.jscomp,AliasExternals.PropertyGatherer,143,0,40,0,25,0,24,0,4,0
JaCoCo Coverage Report,com.google.javascript.jscomp,NameAnonymousFunctions.AnonymousFunctionNamer,64,0,0,0,13,0,5,0,5,0
JaCoCo Coverage Report,com.google.javascript.jscomp,SideEffectsAnalysis.CrossModuleMotionEnvironment,5,0,0,0,3,0,2,0,2,0
JaCoCo Coverage Report,com.google.javascript.jscomp,NameAnalyzer.new Predicate() {...},10,0,2,0,4,0,3,0,2,0
JaCoCo Coverage Report,com.google.javascript.jscomp,CheckUnreachableCode,73,5,10,0,21,1,11,1,6,1
JaCoCo Coverage Report,com.google.javascript.jscomp,InlineSimpleMethods.new MethodCompilerPass.SignatureStore() {...},3,3,0,0,3,1,3,1,3,1
JaCoCo Coverage Report,com.google.javascript.jscomp,ReplaceIdGenerators.ReplaceGenerators,154,0,22,0,38,0,13,0,2,0
JaCoCo Coverage Report,com.google.javascript.jscomp,JsMessageExtractor.ExtractMessagesVisitor,27,0,2,0,8,0,4,0,3,0
JaCoCo Coverage Report,com.google.javascript.jscomp,RemoveUnusedVars.Continuation,43,0,4,0,10,0,4,0,2,0
JaCoCo Coverage Report,com.google.javascript.jscomp,DefinitionsRemover.Definition,21,0,2,0,8,0,4,0,3,0
JaCoCo Coverage Report,com.google.javascript.jscomp,AliasExternals.GlobalGatherer,83,0,26,0,20,0,15,0,2,0
JaCoCo Coverage Report,com.google.javascript.jscomp,FunctionTypeBuilder,1160,49,224,0,276,15,133,1,21,1
JaCoCo Coverage Report,com.google.javascript.jscomp,CollapseProperties,1422,13,262,0,360,5,155,1,23,1
JaCoCo Coverage Report,com.google.javascript.jscomp,Tracer.AtomicTracerStatMap,50,0,6,0,12,0,6,0,3,0
JaCoCo Coverage Report,com.google.javascript.jscomp,Normalize.PropagateConstantAnnotationsOverVars,101,0,18,0,25,0,12,0,3,0
JaCoCo Coverage Report,com.google.javascript.jscomp,DataFlowAnalysis.BranchedFlowState,56,22,2,0,10,9,6,2,5,2
JaCoCo Coverage Report,com.google.javascript.jscomp,RecordFunctionInformation.new Comparator() {...},12,0,0,0,2,0,2,0,2,0
JaCoCo Coverage Report,com.google.javascript.jscomp,AstParallelizer.DetachPoint,49,0,4,0,12,0,4,0,2,0
JaCoCo Coverage Report,com.google.javascript.jscomp,DisambiguateProperties.Warnings,3,5,0,0,1,1,1,1,1,1
JaCoCo Coverage Report,com.google.javascript.jscomp,SideEffectsAnalysis.VisibilityLocationAbstraction.VisibilityBasedEffectLocation,49,0,4,0,12,0,6,0,4,0
JaCoCo Coverage Report,com.google.javascript.jscomp,ProcessClosurePrimitives.UnrecognizedRequire,15,0,0,0,5,0,1,0,1,0
JaCoCo Coverage Report,com.google.javascript.jscomp,NameAnalyzer.RefType,24,0,0,0,3,0,1,0,1,0
JaCoCo Coverage Report,com.google.javascript.jscomp,CompilerOptions.NullAliasTransformationHandler,5,6,0,0,2,1,1,1,1,1
JaCoCo Coverage Report,com.google.javascript.jscomp,CompilerOptions.LanguageMode,0,34,0,0,0,4,0,1,0,1
JaCoCo Coverage Report,com.google.javascript.jscomp,SourceExcerptProvider.SourceExcerpt.new SourceExcerptProvider.SourceExcerpt() {...},7,6,0,0,2,1,1,1,1,1
JaCoCo Coverage Report,com.google.javascript.jscomp,NodeUtil.NumbericResultPredicate,3,3,0,0,1,1,1,1,1,1
JaCoCo Coverage Report,com.google.javascript.jscomp,InlineVariables.AliasCandidate,9,0,0,0,4,0,1,0,1,0
JaCoCo Coverage Report,com.google.javascript.jscomp,SourceExcerptProvider.SourceExcerpt.new SourceExcerptProvider.SourceExcerpt() {...},8,6,0,0,2,1,1,1,1,1
JaCoCo Coverage Report,com.google.javascript.jscomp,CheckRegExp,104,9,24,0,24,3,16,1,4,1
JaCoCo Coverage Report,com.google.javascript.jscomp,ReplaceIdGenerators,160,0,14,0,38,0,12,0,5,0
JaCoCo Coverage Report,com.google.javascript.jscomp,LinkedFlowScope.FlowScopeJoinOp,9,25,1,1,1,7,1,2,0,2
JaCoCo Coverage Report,com.google.javascript.jscomp,DisambiguateProperties.ConcreteTypeSystem,327,0,64,0,76,0,48,0,16,0
JaCoCo Coverage Report,com.google.javascript.jscomp,InlineFunctions.CallVisitor,80,0,16,0,24,0,10,0,2,0
JaCoCo Coverage Report,com.google.javascript.jscomp,ParallelCompilerPass.new Thread() {...},21,0,0,0,3,0,2,0,2,0
JaCoCo Coverage Report,com.google.javascript.jscomp,FieldCleanupPass,27,0,0,0,9,0,3,0,3,0
JaCoCo Coverage Report,com.google.javascript.jscomp,PureFunctionIdentifier.Driver,74,0,4,0,22,0,4,0,2,0
JaCoCo Coverage Report,com.google.javascript.jscomp,InstrumentationTemplate.new Descriptors.FileDescriptor.InternalDescriptorAssigner() {...},47,0,0,0,5,0,2,0,2,0
JaCoCo Coverage Report,com.google.javascript.jscomp,CodeConsumer,381,0,70,0,121,0,68,0,33,0
JaCoCo Coverage Report,com.google.javascript.jscomp,SimpleRegion,21,0,0,0,8,0,4,0,4,0
JaCoCo Coverage Report,com.google.javascript.jscomp,SourceMap.LocationMapping,9,0,0,0,4,0,1,0,1,0
JaCoCo Coverage Report,com.google.javascript.jscomp,ClosureCodeRemoval.RemovableAssignment,77,0,8,0,22,0,6,0,2,0
JaCoCo Coverage Report,com.google.javascript.jscomp,Strings,63,0,14,0,12,0,10,0,3,0
JaCoCo Coverage Report,com.google.javascript.jscomp,DevirtualizePrototypeMethods,633,0,112,0,184,0,70,0,14,0
JaCoCo Coverage Report,com.google.javascript.jscomp,RemoveUnusedClassProperties,202,0,45,0,50,0,29,0,6,0
JaCoCo Coverage Report,com.google.javascript.jscomp,StripCode,50,0,0,0,14,0,4,0,4,0
JaCoCo Coverage Report,com.google.javascript.jscomp,FunctionArgumentInjector,474,0,98,0,119,0,61,0,11,0
JaCoCo Coverage Report,com.google.javascript.jscomp,TightenTypes.VariableAssignAction,36,0,0,0,8,0,2,0,2,0
JaCoCo Coverage Report,com.google.javascript.jscomp,OptimizeParameters,699,0,122,0,198,0,80,0,18,0
JaCoCo Coverage Report,com.google.javascript.jscomp,ReplaceStrings.Location,15,0,0,0,5,0,1,0,1,0
JaCoCo Coverage Report,com.google.javascript.jscomp,PassConfig,203,34,20,0,51,9,22,2,12,2
JaCoCo Coverage Report,com.google.javascript.jscomp,FunctionNames.FunctionExpressionNamer,53,0,4,0,11,0,7,0,5,0
JaCoCo Coverage Report,com.google.javascript.jscomp,SpecializeModule.NodeMatcher,31,0,4,0,10,0,4,0,2,0
JaCoCo Coverage Report,com.google.javascript.jscomp,LinkedFlowScope.FlatFlowScopeCache,176,28,23,1,40,9,14,2,2,2
JaCoCo Coverage Report,com.google.javascript.jscomp,ConcreteType.ConcreteFunctionType,244,0,30,0,57,0,30,0,15,0
JaCoCo Coverage Report,com.google.javascript.jscomp,CheckUnreachableCode.ReachablePredicate,46,0,10,0,11,0,7,0,2,0
JaCoCo Coverage Report,com.google.javascript.jscomp,AmbiguateProperties.Property,100,0,16,0,25,0,11,0,3,0
JaCoCo Coverage Report,com.google.javascript.jscomp,AliasExternals.GetGlobals,85,0,21,0,20,0,14,0,3,0
JaCoCo Coverage Report,com.google.javascript.jscomp,PeepholeSimplifyRegExp,118,0,26,0,27,0,15,0,2,0
JaCoCo Coverage Report,com.google.javascript.jscomp,FunctionTypeBuilder.ImplementedTypeValidator,74,0,8,0,14,0,6,0,2,0
JaCoCo Coverage Report,com.google.javascript.jscomp,AnalyzePrototypeProperties.PropagateReferences,31,0,6,0,8,0,5,0,2,0
JaCoCo Coverage Report,com.google.javascript.jscomp,PassConfig.PassConfigDelegate,33,0,0,0,10,0,7,0,7,0
JaCoCo Coverage Report,com.google.javascript.jscomp,RenameVars.new Comparator() {...},19,0,2,0,4,0,3,0,2,0
JaCoCo Coverage Report,com.google.javascript.jscomp,RenameVars.new Comparator() {...},9,0,0,0,2,0,2,0,2,0
JaCoCo Coverage Report,com.google.javascript.jscomp,RescopeGlobalSymbols.RemoveGlobalVarCallback,122,0,18,0,28,0,12,0,3,0
JaCoCo Coverage Report,com.google.javascript.jscomp,InlineProperties.GatherCandidates,220,0,50,0,57,0,32,0,7,0
JaCoCo Coverage Report,com.google.javascript.jscomp,BasicErrorManager,78,46,11,1,19,11,12,4,6,4
JaCoCo Coverage Report,com.google.javascript.jscomp,ReplaceIdGenerators.ObfuscatedNameSuppier,15,0,0,0,4,0,2,0,2,0
JaCoCo Coverage Report,com.google.javascript.jscomp,RenameProperties.PropertyAffinity,19,0,0,0,6,0,2,0,2,0
JaCoCo Coverage Report,com.google.javascript.jscomp,CheckRequiresForConstructors.CheckRequiresForConstructorsCallback,290,0,70,0,73,0,43,0,6,0
JaCoCo Coverage Report,com.google.javascript.jscomp,PeepholeFoldWithTypes,94,0,26,0,30,0,16,0,3,0
JaCoCo Coverage Report,com.google.javascript.jscomp,AliasStrings.StringOccurrence,9,0,0,0,4,0,1,0,1,0
JaCoCo Coverage Report,com.google.javascript.jscomp,ExtractPrototypeMemberDeclarations,285,0,16,0,63,0,13,0,5,0
JaCoCo Coverage Report,com.google.javascript.jscomp,ByPathWarningsGuard,95,0,16,0,23,0,13,0,5,0
JaCoCo Coverage Report,com.google.javascript.jscomp,DiagnosticGroup,31,104,5,5,6,27,7,10,3,9
JaCoCo Coverage Report,com.google.javascript.jscomp,InferJSDocInfo,180,43,63,10,55,17,37,6,3,3
JaCoCo Coverage Report,com.google.javascript.jscomp,CompilerOptions.DevMode,0,44,0,0,0,5,0,1,0,1
JaCoCo Coverage Report,com.google.javascript.jscomp,NodeUtil.VarCollector,32,0,8,0,9,0,6,0,2,0
JaCoCo Coverage Report,com.google.javascript.jscomp,SyntacticScopeCreator.DefaultRedeclarationHandler,76,6,14,0,18,1,8,1,1,1
JaCoCo Coverage Report,com.google.javascript.jscomp,AbstractCompiler,7,11,0,0,3,3,2,2,2,2
JaCoCo Coverage Report,com.google.javascript.jscomp,RescopeGlobalSymbols.RewriteScopeCallback,131,0,26,0,36,0,16,0,3,0
JaCoCo Coverage Report,com.google.javascript.jscomp,OptimizeArgumentsArray,289,0,38,0,80,0,28,0,9,0
JaCoCo Coverage Report,com.google.javascript.jscomp,RenamePrototypes,309,0,34,0,62,0,22,0,5,0
JaCoCo Coverage Report,com.google.javascript.jscomp,JsMessageExtractor,102,0,6,0,22,0,6,0,3,0
JaCoCo Coverage Report,com.google.javascript.jscomp,CodeGenerator,2494,0,454,0,605,0,290,0,34,0
JaCoCo Coverage Report,com.google.javascript.jscomp,AbstractCommandLineRunner.WarningGuardSpec,21,0,0,0,6,0,3,0,3,0
JaCoCo Coverage Report,com.google.javascript.jscomp,DataFlowAnalysis.BranchedForwardDataFlowAnalysis,16,173,4,14,4,37,5,10,1,5
JaCoCo Coverage Report,com.google.javascript.jscomp,SourceMap.DetailLevel.new SourceMap.DetailLevel() {...},2,6,0,0,1,1,1,1,1,1
JaCoCo Coverage Report,com.google.javascript.jscomp,SourceMap.DetailLevel.new SourceMap.DetailLevel() {...},31,6,16,0,7,1,9,1,1,1
JaCoCo Coverage Report,com.google.javascript.jscomp,RenameProperties.ProcessExterns,41,0,7,0,10,0,6,0,2,0
JaCoCo Coverage Report,com.google.javascript.jscomp,Tracer.Stat,21,3,2,0,4,1,5,1,4,1
JaCoCo Coverage Report,com.google.javascript.jscomp,ExtractPrototypeMemberDeclarations.PrototypeMemberDeclaration,39,0,2,0,12,0,4,0,3,0
JaCoCo Coverage Report,com.google.javascript.jscomp,NodeUtil.MatchNameNode,19,0,4,0,4,0,4,0,2,0
JaCoCo Coverage Report,com.google.javascript.jscomp,DisambiguateProperties.Property,279,0,44,0,62,0,31,0,9,0
JaCoCo Coverage Report,com.google.javascript.jscomp,ControlFlowAnalysis.AstControlFlowGraph.new Comparator() {...},16,0,0,0,2,0,2,0,2,0
JaCoCo Coverage Report,com.google.javascript.jscomp,InstrumentationTemplate,20,0,0,0,7,0,3,0,3,0
JaCoCo Coverage Report,com.google.javascript.jscomp,ControlFlowAnalysis.AstControlFlowGraph.new Comparator() {...},0,16,0,0,0,2,0,2,0,2
JaCoCo Coverage Report,com.google.javascript.jscomp,FunctionInjector.new Predicate() {...},36,0,8,0,6,0,6,0,2,0
JaCoCo Coverage Report,com.google.javascript.jscomp,FunctionInjector.new Predicate() {...},46,0,12,0,8,0,8,0,2,0
JaCoCo Coverage Report,com.google.javascript.jscomp,AbstractPeepholeOptimization,112,0,16,0,29,0,20,0,12,0
JaCoCo Coverage Report,com.google.javascript.jscomp,AnalyzePrototypeProperties.NameInfo,79,0,8,0,25,0,11,0,7,0
JaCoCo Coverage Report,com.google.javascript.jscomp,SourceMap.DetailLevel,0,24,0,0,0,3,0,1,0,1
JaCoCo Coverage Report,com.google.javascript.jscomp,NodeUtil.MatchNodeType,15,0,2,0,4,0,3,0,2,0
JaCoCo Coverage Report,com.google.javascript.jscomp,Normalize.DuplicateDeclarationHandler,162,0,28,0,41,0,17,0,3,0
JaCoCo Coverage Report,com.google.javascript.jscomp,TypedScopeCreator.GlobalScopeBuilder,91,18,13,1,21,6,9,2,2,2
JaCoCo Coverage Report,com.google.javascript.jscomp,ClosureCodeRemoval.FindAbstractMethods,41,0,8,0,10,0,6,0,2,0
JaCoCo Coverage Report,com.google.javascript.jscomp,ExportTestFunctions,136,0,6,0,35,0,9,0,6,0
JaCoCo Coverage Report,com.google.javascript.jscomp,CollapseAnonymousFunctions,20,0,0,0,6,0,2,0,2,0
JaCoCo Coverage Report,com.google.javascript.jscomp,PeepholeOptimizationsPass.ScopeState,12,0,0,0,6,0,2,0,2,0
JaCoCo Coverage Report,com.google.javascript.jscomp,InlineFunctions.FunctionExpression,19,0,0,0,8,0,5,0,5,0
JaCoCo Coverage Report,com.google.javascript.jscomp,NameReferenceGraphConstruction.NameUse,9,0,0,0,4,0,1,0,1,0
JaCoCo Coverage Report,com.google.javascript.jscomp,PureFunctionIdentifier.FunctionAnalyzer,525,0,124,0,160,0,78,0,14,0
JaCoCo Coverage Report,com.google.javascript.jscomp,PhaseOptimizer.ProgressRange,9,0,0,0,4,0,1,0,1,0
JaCoCo Coverage Report,com.google.javascript.jscomp,CompilerOptions.Reach,0,34,0,0,0,4,0,1,0,1
JaCoCo Coverage Report,com.google.javascript.jscomp,LiveVariablesAnalysis.LiveVariableJoinOp,27,0,2,0,4,0,2,0,1,0
JaCoCo Coverage Report,com.google.javascript.jscomp,MemoizedScopeCreator,72,32,9,1,15,9,11,2,6,2
JaCoCo Coverage Report,com.google.javascript.jscomp,CrossModuleMethodMotion,222,0,32,0,65,0,20,0,4,0
JaCoCo Coverage Report,com.google.javascript.jscomp,DiagnosticGroups,24,421,0,0,5,70,2,7,2,7
JaCoCo Coverage Report,com.google.javascript.jscomp,DefinitionSite,18,0,0,0,7,0,1,0,1,0
JaCoCo Coverage Report,com.google.javascript.jscomp,FunctionInjector.CanInlineResult,34,0,0,0,4,0,1,0,1,0
JaCoCo Coverage Report,com.google.javascript.jscomp,MarkNoSideEffectCalls.SetNoSideEffectCallProperty,56,0,12,0,18,0,8,0,2,0
JaCoCo Coverage Report,com.google.javascript.jscomp,FunctionInformationMap.Entry.Builder,902,0,93,0,253,0,99,0,49,0
JaCoCo Coverage Report,com.google.javascript.jscomp,ScopedAliases.Traversal.new SourcePosition() {...},6,0,0,0,1,0,1,0,1,0
JaCoCo Coverage Report,com.google.javascript.jscomp,AmbiguateProperties.JSTypeBitSet,48,0,2,0,13,0,4,0,3,0
JaCoCo Coverage Report,com.google.javascript.jscomp,AliasKeywords.FindAliasableNodes,60,0,6,0,14,0,7,0,4,0
JaCoCo Coverage Report,com.google.javascript.jscomp,CssRenamingMap.ByWhole,5,0,0,0,2,0,2,0,2,0
JaCoCo Coverage Report,com.google.javascript.jscomp,FunctionInjector.Reference,12,0,0,0,5,0,1,0,1,0
JaCoCo Coverage Report,com.google.javascript.jscomp,RenameProperties,500,0,52,0,106,0,35,0,9,0
JaCoCo Coverage Report,com.google.javascript.jscomp,ProcessClosurePrimitives.ProvidedName,471,0,64,0,124,0,46,0,14,0
JaCoCo Coverage Report,com.google.javascript.jscomp,CodePrinter.Builder,120,0,8,0,38,0,15,0,11,0
JaCoCo Coverage Report,com.google.javascript.jscomp,FunctionRewriter.Reducer,23,0,2,0,6,0,3,0,2,0
JaCoCo Coverage Report,com.google.javascript.jscomp,DefinitionsRemover.IncompleteDefinition,39,0,0,0,10,0,4,0,4,0
JaCoCo Coverage Report,com.google.javascript.jscomp,CollapseProperties.new NodeTraversal.AbstractShallowCallback() {...},32,0,2,0,6,0,3,0,2,0
JaCoCo Coverage Report,com.google.javascript.jscomp,SideEffectsAnalysis.IntraproceduralMotionEnvironment,5,0,0,0,3,0,2,0,2,0
JaCoCo Coverage Report,com.google.javascript.jscomp,CoalesceVariableNames.new Comparator() {...},6,3,0,0,1,1,1,1,1,1
JaCoCo Coverage Report,com.google.javascript.jscomp,ExpressionDecomposer,1019,0,149,0,289,0,104,0,27,0
JaCoCo Coverage Report,com.google.javascript.jscomp,SideEffectsAnalysis.AbstractMotionEnvironment,3,0,0,0,1,0,1,0,1,0
JaCoCo Coverage Report,com.google.javascript.jscomp,CheckProvides.CheckProvidesCallback,175,0,32,0,46,0,21,0,4,0
JaCoCo Coverage Report,com.google.javascript.jscomp,TightenTypes,1028,0,151,0,255,0,102,0,20,0
JaCoCo Coverage Report,com.google.javascript.jscomp,ControlFlowGraph.Branch,10,54,4,0,1,6,3,1,1,1
JaCoCo Coverage Report,com.google.javascript.jscomp,NameAnalyzer.RemoveListener,11,0,0,0,3,0,2,0,2,0
JaCoCo Coverage Report,com.google.javascript.jscomp,ProcessTweaks.TweakInfo,208,0,20,0,43,0,19,0,9,0
JaCoCo Coverage Report,com.google.javascript.jscomp,NameAnalyzer.ProcessExternals,50,0,6,0,11,0,5,0,2,0
JaCoCo Coverage Report,com.google.javascript.jscomp,PhaseOptimizer,324,0,32,0,86,0,32,0,16,0
JaCoCo Coverage Report,com.google.javascript.jscomp,InlineObjectLiterals.InliningBehavior,689,0,106,0,169,0,63,0,10,0
JaCoCo Coverage Report,com.google.javascript.jscomp,CheckLevel,0,41,0,2,0,5,0,3,0,2
JaCoCo Coverage Report,com.google.javascript.jscomp,ScopedAliases.AliasedNode,22,0,0,0,7,0,2,0,2,0
JaCoCo Coverage Report,com.google.javascript.jscomp,AnalyzePrototypeProperties.ProcessExternProperties,29,0,2,0,5,0,3,0,2,0
JaCoCo Coverage Report,com.google.javascript.jscomp,ProcessClosurePrimitives,1530,0,234,0,376,0,142,0,23,0
JaCoCo Coverage Report,com.google.javascript.jscomp,TightenTypes.FunctionCall,107,0,12,0,26,0,8,0,2,0
JaCoCo Coverage Report,com.google.javascript.jscomp,ObjectPropertyStringPreprocess.Callback,160,0,12,0,40,0,8,0,2,0
JaCoCo Coverage Report,com.google.javascript.jscomp,MustBeReachingVariableDef,485,0,81,0,111,0,56,0,13,0
JaCoCo Coverage Report,com.google.javascript.jscomp,SuppressDocWarningsGuard,76,34,20,2,24,10,11,3,1,2
JaCoCo Coverage Report,com.google.javascript.jscomp,NodeUtil.MatchNotFunction,7,0,2,0,1,0,2,0,1,0
JaCoCo Coverage Report,com.google.javascript.jscomp,OptimizeParameters.Parameter,33,0,0,0,14,0,8,0,8,0
JaCoCo Coverage Report,com.google.javascript.jscomp,AliasKeywords.KeywordAliasSpecification,58,0,0,0,17,0,4,0,4,0
JaCoCo Coverage Report,com.google.javascript.jscomp,InlineFunctions.FindCandidatesReferences,191,0,38,0,51,0,25,0,6,0
JaCoCo Coverage Report,com.google.javascript.jscomp,ErrorPass,23,0,0,0,8,0,3,0,3,0
JaCoCo Coverage Report,com.google.javascript.jscomp,NameAnalyzer.JsName,69,0,6,0,18,0,6,0,3,0
JaCoCo Coverage Report,com.google.javascript.jscomp,InlineFunctions.FindCandidateFunctions,156,0,39,0,35,0,25,0,5,0
JaCoCo Coverage Report,com.google.javascript.jscomp,TypedScopeCreator,171,258,21,3,41,75,15,8,3,8
JaCoCo Coverage Report,com.google.javascript.jscomp,CrossModuleCodeMotion.NamedInfo,65,0,8,0,18,0,8,0,4,0
JaCoCo Coverage Report,com.google.javascript.jscomp,CallGraph.Function,109,0,16,0,32,0,19,0,11,0
JaCoCo Coverage Report,com.google.javascript.jscomp,ReorderConstantExpression,45,0,10,0,14,0,7,0,2,0
JaCoCo Coverage Report,com.google.javascript.jscomp,ReferenceCollectingCallback.ReferenceMapWrapper,12,0,0,0,4,0,2,0,2,0
JaCoCo Coverage Report,com.google.javascript.jscomp,VarCheck.NameRefInExternsCheck,75,0,11,0,17,0,8,0,2,0
JaCoCo Coverage Report,com.google.javascript.jscomp,VariableReferenceCheck,44,13,0,0,11,4,3,1,3,1
JaCoCo Coverage Report,com.google.javascript.jscomp,InstrumentFunctions,206,0,12,0,52,0,8,0,2,0
JaCoCo Coverage Report,com.google.javascript.jscomp,FunctionArgumentInjector.ReferencedAfterSideEffect,169,0,44,0,45,0,29,0,7,0
JaCoCo Coverage Report,com.google.javascript.jscomp,ParallelCompilerPass,162,0,14,0,48,0,13,0,6,0
JaCoCo Coverage Report,com.google.javascript.jscomp,OptimizeCalls,48,0,4,0,13,0,5,0,3,0
JaCoCo Coverage Report,com.google.javascript.jscomp,ConcreteType.ConcreteUniqueType,41,0,6,0,7,0,7,0,4,0
JaCoCo Coverage Report,com.google.javascript.jscomp,CoalesceVariableNames.LiveRangeChecker,124,0,42,0,27,0,27,0,6,0
JaCoCo Coverage Report,com.google.javascript.jscomp,NameAnalyzer.JsNameRefNode,63,0,6,0,18,0,7,0,3,0
JaCoCo Coverage Report,com.google.javascript.jscomp,MinimizeExitPoints,362,0,69,0,108,0,43,0,7,0
JaCoCo Coverage Report,com.google.javascript.jscomp,NodeUtil,3519,165,969,23,956,38,713,19,146,10
JaCoCo Coverage Report,com.google.javascript.jscomp,AliasKeywords,227,0,22,0,54,0,22,0,11,0
JaCoCo Coverage Report,com.google.javascript.jscomp,RenameLabels.DefaultNameSupplier,17,0,0,0,3,0,2,0,2,0
JaCoCo Coverage Report,com.google.javascript.jscomp,NameReferenceGraph.Name,210,0,22,0,54,0,33,0,22,0
JaCoCo Coverage Report,com.google.javascript.jscomp,FunctionInformationMap.Entry,667,0,90,0,186,0,90,0,45,0
JaCoCo Coverage Report,com.google.javascript.jscomp,RemoveUnusedVars.Assign,136,0,22,0,40,0,14,0,3,0
JaCoCo Coverage Report,com.google.javascript.jscomp,StatementFusion,179,0,35,0,54,0,26,0,7,0
JaCoCo Coverage Report,com.google.javascript.jscomp,PeepholeSubstituteAlternateSyntax.FoldArrayAction,34,0,0,0,2,0,1,0,1,0
JaCoCo Coverage Report,com.google.javascript.jscomp,GlobalNamespace.BuildGlobalNamespace,775,0,167,0,219,0,112,0,16,0
JaCoCo Coverage Report,com.google.javascript.jscomp,CodePrinter.Format,34,0,0,0,4,0,1,0,1,0
JaCoCo Coverage Report,com.google.javascript.jscomp,DefaultPassConfig.16.new CompilerPass() {...},35,0,2,0,7,0,3,0,2,0
JaCoCo Coverage Report,com.google.javascript.jscomp,MethodCompilerPass,114,0,6,0,29,0,7,0,4,0
JaCoCo Coverage Report,com.google.javascript.jscomp,ConcreteType.ConcreteAll,8,0,0,0,4,0,4,0,4,0
JaCoCo Coverage Report,com.google.javascript.jscomp,ProcessTweaks.CollectTweaksResult,9,0,0,0,4,0,1,0,1,0
JaCoCo Coverage Report,com.google.javascript.jscomp,ReplaceStrings.Result,31,0,0,0,9,0,2,0,2,0
JaCoCo Coverage Report,com.google.javascript.jscomp,SpecializeModule,364,0,38,0,96,0,28,0,9,0
JaCoCo Coverage Report,com.google.javascript.jscomp,CodeChangeHandler.ForbiddenChange,8,0,0,0,2,0,2,0,2,0
JaCoCo Coverage Report,com.google.javascript.jscomp,LineNumberCheck,64,5,8,0,21,1,9,1,5,1
JaCoCo Coverage Report,com.google.javascript.jscomp,CodePrinter.CompactCodePrinter,242,0,22,0,61,0,18,0,7,0
JaCoCo Coverage Report,com.google.javascript.jscomp,FunctionTypeBuilder.ExtendedTypeValidator,79,0,8,0,14,0,6,0,2,0
JaCoCo Coverage Report,com.google.javascript.jscomp,FunctionInfo,24,0,0,0,7,0,3,0,3,0
JaCoCo Coverage Report,com.google.javascript.jscomp,TypeValidator,1105,141,200,0,241,29,133,3,33,3
JaCoCo Coverage Report,com.google.javascript.jscomp,DefaultPassConfig.27.new HotSwapCompilerPass() {...},41,0,0,0,7,0,3,0,3,0
JaCoCo Coverage Report,com.google.javascript.jscomp,InstrumentFunctions.InstrumentReturns,129,0,12,0,36,0,12,0,6,0
JaCoCo Coverage Report,com.google.javascript.jscomp,CallGraph.Callsite,65,0,6,0,20,0,10,0,7,0
JaCoCo Coverage Report,com.google.javascript.jscomp,InlineProperties,276,7,34,0,59,1,23,1,6,1
JaCoCo Coverage Report,com.google.javascript.jscomp,Normalize.RewriteExposedProperties,57,0,8,0,16,0,6,0,2,0
JaCoCo Coverage Report,com.google.javascript.jscomp,TightenTypes.ConcreteJSTypePair,67,0,14,0,16,0,12,0,5,0
JaCoCo Coverage Report,com.google.javascript.jscomp,ConcreteType.ConcreteInstanceType,122,0,22,0,31,0,21,0,10,0
JaCoCo Coverage Report,com.google.javascript.jscomp,CheckSideEffects,207,5,32,0,57,1,22,1,6,1
JaCoCo Coverage Report,com.google.javascript.jscomp,CheckPathsBetweenNodes,276,0,50,0,77,0,36,0,11,0
JaCoCo Coverage Report,com.google.javascript.jscomp,ScopedAliases,148,0,18,0,39,0,13,0,4,0
JaCoCo Coverage Report,com.google.javascript.jscomp,CodingConvention.SubclassType,0,24,0,0,0,3,0,1,0,1
JaCoCo Coverage Report,com.google.javascript.jscomp,ConvertToDottedProperties,56,0,9,0,18,0,8,0,3,0
JaCoCo Coverage Report,com.google.javascript.jscomp,GlobalNamespace.Name,582,0,119,0,127,0,91,0,26,0
JaCoCo Coverage Report,com.google.javascript.jscomp,Tracer.ThreadTrace,516,33,76,0,118,9,46,2,8,2
JaCoCo Coverage Report,com.google.javascript.jscomp,RenamePrototypes.ProcessProperties,186,0,28,0,44,0,22,0,7,0
JaCoCo Coverage Report,com.google.javascript.jscomp,GlobalVarReferenceMap.SourceRefRange,35,0,0,0,7,0,3,0,3,0
JaCoCo Coverage Report,com.google.javascript.jscomp,SideEffectsAnalysis,308,0,59,0,86,0,45,0,12,0
JaCoCo Coverage Report,com.google.javascript.jscomp,AnalyzePrototypeProperties.GlobalFunction,71,0,10,0,21,0,10,0,5,0
JaCoCo Coverage Report,com.google.javascript.jscomp,CheckAccidentalSemicolon,46,5,11,0,15,1,8,1,2,1
JaCoCo Coverage Report,com.google.javascript.jscomp,GlobalVarReferenceMap.GlobalVarRefCleanupPass,19,0,2,0,8,0,4,0,3,0
JaCoCo Coverage Report,com.google.javascript.jscomp,CodeGenerator.Context,64,0,0,0,7,0,1,0,1,0
JaCoCo Coverage Report,com.google.javascript.jscomp,NameAnalyzer.AliasSet,16,0,0,0,5,0,1,0,1,0
JaCoCo Coverage Report,com.google.javascript.jscomp,ProcessDefines,289,34,44,0,66,12,29,1,7,1
JaCoCo Coverage Report,com.google.javascript.jscomp,ReplaceMessagesForChrome,179,0,14,0,41,0,12,0,5,0
JaCoCo Coverage Report,com.google.javascript.jscomp,DefaultPassConfig.new PassFactory() {...},46,0,2,0,10,0,3,0,2,0
JaCoCo Coverage Report,com.google.javascript.jscomp,DefaultPassConfig.new PassFactory() {...},46,0,2,0,10,0,3,0,2,0
JaCoCo Coverage Report,com.google.javascript.jscomp,DefaultPassConfig.new PassFactory() {...},13,0,0,0,2,0,2,0,2,0
JaCoCo Coverage Report,com.google.javascript.jscomp,DefaultPassConfig.new PassFactory() {...},13,0,0,0,2,0,2,0,2,0
JaCoCo Coverage Report,com.google.javascript.jscomp,DefaultPassConfig.new PassFactory() {...},12,0,0,0,2,0,2,0,2,0
JaCoCo Coverage Report,com.google.javascript.jscomp,DefaultPassConfig.new PassFactory() {...},14,0,0,0,2,0,2,0,2,0
JaCoCo Coverage Report,com.google.javascript.jscomp,DefaultPassConfig.new PassFactory() {...},14,0,0,0,2,0,2,0,2,0
JaCoCo Coverage Report,com.google.javascript.jscomp,DefaultPassConfig.new PassFactory() {...},9,0,0,0,2,0,2,0,2,0
JaCoCo Coverage Report,com.google.javascript.jscomp,DefaultPassConfig.new PassFactory() {...},20,0,0,0,2,0,2,0,2,0
JaCoCo Coverage Report,com.google.javascript.jscomp,DefaultPassConfig.new CompilerPass() {...},23,0,2,0,5,0,3,0,2,0
JaCoCo Coverage Report,com.google.javascript.jscomp,Scope.new Predicate() {...},12,8,7,1,2,3,4,2,0,2
JaCoCo Coverage Report,com.google.javascript.jscomp,JsMessage,280,0,52,0,52,0,41,0,15,0
JaCoCo Coverage Report,com.google.javascript.jscomp,Denormalize,121,0,30,0,41,0,20,0,5,0
JaCoCo Coverage Report,com.google.javascript.jscomp,CheckGlobalNames,498,13,96,0,115,5,58,1,10,1
JaCoCo Coverage Report,com.google.javascript.jscomp,Compiler.CodeBuilder,103,0,8,0,22,0,12,0,8,0
JaCoCo Coverage Report,com.google.javascript.jscomp,DefaultPassConfig.new PassFactory() {...},13,0,0,0,2,0,2,0,2,0
JaCoCo Coverage Report,com.google.javascript.jscomp,CreateSyntheticBlocks,162,0,10,0,42,0,12,0,7,0
JaCoCo Coverage Report,com.google.javascript.jscomp,DefaultPassConfig.new PassFactory() {...},14,0,0,0,2,0,2,0,2,0
JaCoCo Coverage Report,com.google.javascript.jscomp,DefaultPassConfig.new PassFactory() {...},23,0,0,0,2,0,2,0,2,0
JaCoCo Coverage Report,com.google.javascript.jscomp,DefaultPassConfig.new PassFactory() {...},34,0,2,0,4,0,3,0,2,0
JaCoCo Coverage Report,com.google.javascript.jscomp,DefaultPassConfig.new PassFactory() {...},13,0,0,0,2,0,2,0,2,0
JaCoCo Coverage Report,com.google.javascript.jscomp,DefaultPassConfig.new PassFactory() {...},13,0,0,0,2,0,2,0,2,0
JaCoCo Coverage Report,com.google.javascript.jscomp,GoogleJsMessageIdGenerator,74,0,8,0,16,0,6,0,2,0
JaCoCo Coverage Report,com.google.javascript.jscomp,DefaultPassConfig.new PassFactory() {...},18,0,0,0,3,0,2,0,2,0
JaCoCo Coverage Report,com.google.javascript.jscomp,DefaultPassConfig.new PassFactory() {...},14,0,0,0,2,0,2,0,2,0
JaCoCo Coverage Report,com.google.javascript.jscomp,DefaultPassConfig.new PassFactory() {...},13,0,0,0,2,0,2,0,2,0
JaCoCo Coverage Report,com.google.javascript.jscomp,DefaultPassConfig.new PassFactory() {...},11,0,0,0,2,0,2,0,2,0
JaCoCo Coverage Report,com.google.javascript.jscomp,SpecializeModule.OriginalFunctionInformation,120,0,14,0,28,0,12,0,5,0
JaCoCo Coverage Report,com.google.javascript.jscomp,XtbMessageBundle.Handler,157,0,30,0,37,0,27,0,12,0
JaCoCo Coverage Report,com.google.javascript.jscomp,CheckPathsBetweenNodes.new Annotation() {...},3,0,0,0,1,0,1,0,1,0
JaCoCo Coverage Report,com.google.javascript.jscomp,CheckPathsBetweenNodes.new Annotation() {...},3,0,0,0,1,0,1,0,1,0
JaCoCo Coverage Report,com.google.javascript.jscomp,TightenTypes.FunctionCallBuilder,83,0,8,0,18,0,9,0,5,0
JaCoCo Coverage Report,com.google.javascript.jscomp,CheckPathsBetweenNodes.new Annotation() {...},3,0,0,0,1,0,1,0,1,0
JaCoCo Coverage Report,com.google.javascript.jscomp,CheckPathsBetweenNodes.new Annotation() {...},3,0,0,0,1,0,1,0,1,0
JaCoCo Coverage Report,com.google.javascript.jscomp,TypedScopeCreator.LocalScopeBuilder,205,0,34,0,52,0,22,0,5,0
JaCoCo Coverage Report,com.google.javascript.jscomp,CommandLineRunner.Flags.WarningGuardErrorOptionHandler,11,0,0,0,2,0,1,0,1,0
JaCoCo Coverage Report,com.google.javascript.jscomp,ExtractPrototypeMemberDeclarations.Pattern,55,0,0,0,13,0,2,0,2,0
JaCoCo Coverage Report,com.google.javascript.jscomp,DefaultPassConfig.40.new CompilerPass() {...},37,0,0,0,5,0,2,0,2,0
JaCoCo Coverage Report,com.google.javascript.jscomp,SourceMap.Format.new SourceMap.Format() {...},7,6,0,0,2,1,1,1,1,1
JaCoCo Coverage Report,com.google.javascript.jscomp,SourceMap.Format.new SourceMap.Format() {...},7,6,0,0,2,1,1,1,1,1
JaCoCo Coverage Report,com.google.javascript.jscomp,SourceMap.Format.new SourceMap.Format() {...},7,6,0,0,2,1,1,1,1,1
JaCoCo Coverage Report,com.google.javascript.jscomp,DefaultPassConfig.new PassFactory() {...},33,0,0,0,2,0,2,0,2,0
JaCoCo Coverage Report,com.google.javascript.jscomp,SourceMap.Format.new SourceMap.Format() {...},7,6,0,0,2,1,1,1,1,1
JaCoCo Coverage Report,com.google.javascript.jscomp,DefaultPassConfig.new PassFactory() {...},13,0,0,0,2,0,2,0,2,0
JaCoCo Coverage Report,com.google.javascript.jscomp,DefaultPassConfig.new PassFactory() {...},17,0,0,0,2,0,2,0,2,0
JaCoCo Coverage Report,com.google.javascript.jscomp,DefaultPassConfig.new PassFactory() {...},21,0,0,0,2,0,2,0,2,0
JaCoCo Coverage Report,com.google.javascript.jscomp,DefaultPassConfig.new PassFactory() {...},13,0,0,0,2,0,2,0,2,0
JaCoCo Coverage Report,com.google.javascript.jscomp,DefaultPassConfig.new PassFactory() {...},13,0,0,0,2,0,2,0,2,0
JaCoCo Coverage Report,com.google.javascript.jscomp,DefaultPassConfig.new PassFactory() {...},14,0,0,0,2,0,2,0,2,0
JaCoCo Coverage Report,com.google.javascript.jscomp,DefaultPassConfig.new PassFactory() {...},13,0,0,0,2,0,2,0,2,0
JaCoCo Coverage Report,com.google.javascript.jscomp,DefaultPassConfig.new PassFactory() {...},13,0,0,0,2,0,2,0,2,0
JaCoCo Coverage Report,com.google.javascript.jscomp,DefaultPassConfig.new PassFactory() {...},13,0,0,0,2,0,2,0,2,0
JaCoCo Coverage Report,com.google.javascript.jscomp,ExportTestFunctions.ExportTestFunctionsNodes,106,0,28,0,26,0,17,0,3,0
JaCoCo Coverage Report,com.google.javascript.jscomp,ConcreteType.TypeFilter,9,0,0,0,3,0,1,0,1,0
JaCoCo Coverage Report,com.google.javascript.jscomp,TightenTypes.ConcreteSlot,57,0,2,0,15,0,10,0,9,0
JaCoCo Coverage Report,com.google.javascript.jscomp,PrepareAst.PrepareAnnotations,158,16,39,2,46,7,26,3,5,3
JaCoCo Coverage Report,com.google.javascript.jscomp,JSError,331,0,47,0,59,0,41,0,17,0
JaCoCo Coverage Report,com.google.javascript.jscomp,DefaultPassConfig.new PassFactory() {...},13,0,0,0,2,0,2,0,2,0
JaCoCo Coverage Report,com.google.javascript.jscomp,CheckLevelLegacy,44,0,0,0,5,0,1,0,1,0
JaCoCo Coverage Report,com.google.javascript.jscomp,DefaultPassConfig.new PassFactory() {...},14,0,0,0,2,0,2,0,2,0
JaCoCo Coverage Report,com.google.javascript.jscomp,DefaultPassConfig.new PassFactory() {...},14,0,0,0,2,0,2,0,2,0
JaCoCo Coverage Report,com.google.javascript.jscomp,DefaultPassConfig.new PassFactory() {...},13,0,0,0,2,0,2,0,2,0
JaCoCo Coverage Report,com.google.javascript.jscomp,DefaultPassConfig.new PassFactory() {...},13,0,0,0,2,0,2,0,2,0
JaCoCo Coverage Report,com.google.javascript.jscomp,DefaultPassConfig.new PassFactory() {...},50,0,6,0,6,0,5,0,2,0
JaCoCo Coverage Report,com.google.javascript.jscomp,DefaultPassConfig.new PassFactory() {...},13,0,0,0,2,0,2,0,2,0
JaCoCo Coverage Report,com.google.javascript.jscomp,DefaultPassConfig.new PassFactory() {...},44,0,8,0,4,0,6,0,2,0
JaCoCo Coverage Report,com.google.javascript.jscomp,DefaultPassConfig.new PassFactory() {...},15,0,0,0,2,0,2,0,2,0
JaCoCo Coverage Report,com.google.javascript.jscomp,DefaultPassConfig.new PassFactory() {...},20,0,0,0,3,0,2,0,2,0
JaCoCo Coverage Report,com.google.javascript.jscomp,VariableVisibilityAnalysis.VariableVisibility,44,0,0,0,5,0,1,0,1,0
JaCoCo Coverage Report,com.google.javascript.jscomp,FunctionInformationMap.Module.Builder,392,0,40,0,119,0,48,0,27,0
JaCoCo Coverage Report,com.google.javascript.jscomp,InlineVariables.InliningBehavior,1050,0,232,0,265,0,139,0,23,0
JaCoCo Coverage Report,com.google.javascript.jscomp,VariableMap,218,0,16,0,51,0,19,0,11,0
JaCoCo Coverage Report,com.google.javascript.jscomp,LoggerErrorManager,98,9,9,0,16,4,8,1,3,1
JaCoCo Coverage Report,com.google.javascript.jscomp,FlowSensitiveInlineVariables.GatherCandiates.new ControlFlowGraph.AbstractCfgNodeTraversalCallback() {...},86,0,24,0,16,0,14,0,2,0
JaCoCo Coverage Report,com.google.javascript.jscomp,ClosureCodeRemoval.FindAssertionCalls,48,0,6,0,11,0,5,0,2,0
JaCoCo Coverage Report,com.google.javascript.jscomp,ErrorFormat,0,44,0,0,0,5,0,1,0,1
JaCoCo Coverage Report,com.google.javascript.jscomp,DefaultPassConfig.62.new CompilerPass() {...},23,0,0,0,5,0,2,0,2,0
JaCoCo Coverage Report,com.google.javascript.jscomp,FunctionInjector.InliningMode,24,0,0,0,3,0,1,0,1,0
JaCoCo Coverage Report,com.google.javascript.jscomp,DefaultPassConfig.new PassFactory() {...},13,0,0,0,2,0,2,0,2,0
JaCoCo Coverage Report,com.google.javascript.jscomp,DefaultPassConfig.new PassFactory() {...},13,0,0,0,2,0,2,0,2,0
JaCoCo Coverage Report,com.google.javascript.jscomp,AbstractCommandLineRunner.FlagUsageException,4,0,0,0,2,0,1,0,1,0
JaCoCo Coverage Report,com.google.javascript.jscomp,DefaultPassConfig.new PassFactory() {...},82,0,14,0,11,0,9,0,2,0
JaCoCo Coverage Report,com.google.javascript.jscomp,DefaultPassConfig.new PassFactory() {...},18,0,0,0,2,0,2,0,2,0
JaCoCo Coverage Report,com.google.javascript.jscomp,DefaultPassConfig.new PassFactory() {...},13,0,0,0,2,0,2,0,2,0
JaCoCo Coverage Report,com.google.javascript.jscomp,DefaultPassConfig.new PassFactory() {...},46,0,6,0,9,0,5,0,2,0
JaCoCo Coverage Report,com.google.javascript.jscomp,DefaultPassConfig.new PassFactory() {...},15,0,0,0,2,0,2,0,2,0
JaCoCo Coverage Report,com.google.javascript.jscomp,DefaultPassConfig.new PassFactory() {...},13,0,0,0,2,0,2,0,2,0
JaCoCo Coverage Report,com.google.javascript.jscomp,DefaultPassConfig.new PassFactory() {...},14,0,0,0,2,0,2,0,2,0
JaCoCo Coverage Report,com.google.javascript.jscomp,DefaultPassConfig.new PassFactory() {...},25,0,2,0,2,0,3,0,2,0
JaCoCo Coverage Report,com.google.javascript.jscomp,CommandLineRunner.Flags.BooleanOptionHandler,98,0,6,0,21,0,7,0,4,0
JaCoCo Coverage Report,com.google.javascript.jscomp,NodeTraversal.AbstractPostOrderCallback,0,5,0,0,0,2,0,2,0,2
JaCoCo Coverage Report,com.google.javascript.jscomp,SideEffectsAnalysis.DegenerateLocationAbstraction,41,0,4,0,11,0,8,0,6,0
JaCoCo Coverage Report,com.google.javascript.jscomp,ClosureCodingConvention.AssertInstanceofSpec,33,5,10,0,10,2,6,1,1,1
JaCoCo Coverage Report,com.google.javascript.jscomp,AliasKeywords.AliasSpecification,75,0,6,0,23,0,9,0,6,0
JaCoCo Coverage Report,com.google.javascript.jscomp,ChainCalls.CallSite,18,0,0,0,7,0,1,0,1,0
JaCoCo Coverage Report,com.google.javascript.jscomp,DefinitionsRemover.FunctionDefinition,17,0,0,0,6,0,3,0,3,0
JaCoCo Coverage Report,com.google.javascript.jscomp,Tracer,389,83,50,7,107,26,52,6,23,5
JaCoCo Coverage Report,com.google.javascript.jscomp,DefaultPassConfig.new PassFactory() {...},14,0,0,0,2,0,2,0,2,0
JaCoCo Coverage Report,com.google.javascript.jscomp,DefaultPassConfig.new PassFactory() {...},14,0,0,0,2,0,2,0,2,0
JaCoCo Coverage Report,com.google.javascript.jscomp,DefaultPassConfig.new PassFactory() {...},13,0,0,0,2,0,2,0,2,0
JaCoCo Coverage Report,com.google.javascript.jscomp,DefaultPassConfig.new PassFactory() {...},21,0,0,0,2,0,2,0,2,0
JaCoCo Coverage Report,com.google.javascript.jscomp,AbstractCommandLineRunner.CommandLineConfig,389,0,4,0,136,0,44,0,42,0
JaCoCo Coverage Report,com.google.javascript.jscomp,DefaultPassConfig.new PassFactory() {...},13,0,0,0,2,0,2,0,2,0
JaCoCo Coverage Report,com.google.javascript.jscomp,DefaultPassConfig.new PassFactory() {...},17,0,0,0,2,0,2,0,2,0
JaCoCo Coverage Report,com.google.javascript.jscomp,DefaultPassConfig.new PassFactory() {...},24,0,2,0,3,0,3,0,2,0
JaCoCo Coverage Report,com.google.javascript.jscomp,DataFlowAnalysis.FlowState,64,0,0,0,16,0,7,0,7,0
JaCoCo Coverage Report,com.google.javascript.jscomp,DefaultPassConfig.new PassFactory() {...},15,0,0,0,3,0,2,0,2,0
JaCoCo Coverage Report,com.google.javascript.jscomp,DefaultPassConfig.new PassFactory() {...},31,0,2,0,5,0,3,0,2,0
JaCoCo Coverage Report,com.google.javascript.jscomp,DefaultPassConfig.new PassFactory() {...},29,0,2,0,5,0,3,0,2,0
JaCoCo Coverage Report,com.google.javascript.jscomp,RemoveUnusedNames,76,0,10,0,20,0,9,0,4,0
JaCoCo Coverage Report,com.google.javascript.jscomp,CodingConvention.ObjectLiteralCast,12,0,0,0,5,0,1,0,1,0
JaCoCo Coverage Report,com.google.javascript.jscomp,MarkNoSideEffectCalls.GatherNoSideEffectFunctions,96,0,26,0,28,0,15,0,2,0
JaCoCo Coverage Report,com.google.javascript.jscomp,SideEffectsAnalysis.VisibilityLocationAbstraction,188,0,31,0,55,0,25,0,8,0
JaCoCo Coverage Report,com.google.javascript.jscomp,ReferenceCollectingCallback.BasicBlock,80,0,22,0,22,0,15,0,4,0
JaCoCo Coverage Report,com.google.javascript.jscomp,Compiler.new Callable() {...},184,0,30,0,34,0,17,0,2,0
JaCoCo Coverage Report,com.google.javascript.jscomp,FunctionToBlockMutator,598,0,84,0,161,0,57,0,15,0
JaCoCo Coverage Report,com.google.javascript.jscomp,DefinitionsRemover.VarDefinition,62,0,4,0,15,0,6,0,4,0
JaCoCo Coverage Report,com.google.javascript.jscomp,DisambiguateProperties.AbstractScopingCallback,46,0,2,0,10,0,6,0,5,0
JaCoCo Coverage Report,com.google.javascript.jscomp,DefaultPassConfig.new DefaultPassConfig.HotSwapPassFactory() {...},13,0,0,0,2,0,2,0,2,0
JaCoCo Coverage Report,com.google.javascript.jscomp,DefaultPassConfig.new PassFactory() {...},14,0,0,0,2,0,2,0,2,0
JaCoCo Coverage Report,com.google.javascript.jscomp,PeepholeRemoveDeadCode,1320,0,268,0,385,0,170,0,29,0
JaCoCo Coverage Report,com.google.javascript.jscomp,FlowSensitiveInlineVariables.Candidate,273,0,38,0,70,0,25,0,6,0
JaCoCo Coverage Report,com.google.javascript.jscomp,DefaultPassConfig.new PassFactory() {...},29,0,4,0,2,0,4,0,2,0
JaCoCo Coverage Report,com.google.javascript.jscomp,DefaultPassConfig.new PassFactory() {...},14,0,0,0,2,0,2,0,2,0
JaCoCo Coverage Report,com.google.javascript.jscomp,MustBeReachingVariableDef.MustDefJoin,101,0,12,0,23,0,7,0,1,0
JaCoCo Coverage Report,com.google.javascript.jscomp,PrintStreamErrorManager,107,0,12,0,20,0,11,0,5,0
JaCoCo Coverage Report,com.google.javascript.jscomp,DefaultPassConfig.new PassFactory() {...},14,0,0,0,2,0,2,0,2,0
JaCoCo Coverage Report,com.google.javascript.jscomp,MaybeReachingVariableUse.ReachingUsesJoinOp,23,0,2,0,5,0,2,0,1,0
JaCoCo Coverage Report,com.google.javascript.jscomp,DefaultPassConfig.new DefaultPassConfig.HotSwapPassFactory() {...},13,0,0,0,2,0,2,0,2,0
JaCoCo Coverage Report,com.google.javascript.jscomp,DefaultPassConfig.new PassFactory() {...},13,0,0,0,2,0,2,0,2,0
JaCoCo Coverage Report,com.google.javascript.jscomp,DefaultPassConfig.new PassFactory() {...},16,0,0,0,2,0,2,0,2,0
JaCoCo Coverage Report,com.google.javascript.jscomp,DefaultPassConfig.new PassFactory() {...},13,0,0,0,2,0,2,0,2,0
JaCoCo Coverage Report,com.google.javascript.jscomp,JsMessage.PlaceholderReference,57,0,6,0,11,0,11,0,8,0
JaCoCo Coverage Report,com.google.javascript.jscomp,DefaultPassConfig.new PassFactory() {...},17,0,0,0,2,0,2,0,2,0
JaCoCo Coverage Report,com.google.javascript.jscomp,AstParallelizer,171,0,10,0,47,0,12,0,7,0
JaCoCo Coverage Report,com.google.javascript.jscomp,ProcessDefines.CollectDefines.RefInfo,9,0,0,0,4,0,1,0,1,0
JaCoCo Coverage Report,com.google.javascript.jscomp.deps,PathUtil,233,0,30,0,46,0,22,0,7,0
JaCoCo Coverage Report,com.google.javascript.jscomp.deps,JsFileLineParser.ParseException,10,0,0,0,4,0,2,0,2,0
JaCoCo Coverage Report,com.google.javascript.jscomp.deps,JsFunctionParser,167,0,16,0,36,0,14,0,6,0
JaCoCo Coverage Report,com.google.javascript.jscomp.deps,DepsGenerator.InclusionStrategy,34,0,0,0,4,0,1,0,1,0
JaCoCo Coverage Report,com.google.javascript.jscomp.deps,SortedDependencies.CircularDependencyException,4,0,0,0,2,0,1,0,1,0
JaCoCo Coverage Report,com.google.javascript.jscomp.deps,DepsGenerator.new Function() {...},9,0,0,0,2,0,2,0,2,0
JaCoCo Coverage Report,com.google.javascript.jscomp.deps,JsFileParser,215,0,38,0,44,0,26,0,7,0
JaCoCo Coverage Report,com.google.javascript.jscomp.deps,DepsFileParser,172,0,14,0,34,0,14,0,7,0
JaCoCo Coverage Report,com.google.javascript.jscomp.deps,SortedDependencies.new Comparator() {...},20,0,0,0,3,0,2,0,2,0
JaCoCo Coverage Report,com.google.javascript.jscomp.deps,DepsGenerator,676,0,60,0,156,0,51,0,21,0
JaCoCo Coverage Report,com.google.javascript.jscomp.deps,SortedDependencies,453,0,56,0,100,0,40,0,12,0
JaCoCo Coverage Report,com.google.javascript.jscomp.deps,JsFunctionParser.SymbolInfo,9,0,0,0,4,0,1,0,1,0
JaCoCo Coverage Report,com.google.javascript.jscomp.deps,SimpleDependencyInfo,90,0,10,0,18,0,12,0,7,0
JaCoCo Coverage Report,com.google.javascript.jscomp.deps,JsFileLineParser,360,0,50,0,81,0,32,0,7,0
JaCoCo Coverage Report,com.google.javascript.jscomp.deps,SortedDependencies.MissingProvideException,4,0,0,0,2,0,1,0,1,0
JaCoCo Coverage Report,com.google.debugging.sourcemap.proto,Mapping.OriginalMapping.Builder,544,0,50,0,155,0,62,0,35,0
JaCoCo Coverage Report,com.google.debugging.sourcemap.proto,Mapping.LineMapping.Builder,561,0,61,0,157,0,66,0,34,0
JaCoCo Coverage Report,com.google.debugging.sourcemap.proto,Mapping.OriginalMapping,415,0,46,0,113,0,60,0,37,0
JaCoCo Coverage Report,com.google.debugging.sourcemap.proto,Mapping.new Descriptors.FileDescriptor.InternalDescriptorAssigner() {...},70,0,0,0,11,0,2,0,2,0
JaCoCo Coverage Report,com.google.debugging.sourcemap.proto,Mapping,20,0,0,0,7,0,3,0,3,0
JaCoCo Coverage Report,com.google.debugging.sourcemap.proto,Mapping.LineMapping,302,0,28,0,78,0,48,0,34,0
JaCoCo Coverage Report,com.google.javascript.jscomp.parsing,Annotation,0,645,0,0,0,103,0,1,0,1
JaCoCo Coverage Report,com.google.javascript.jscomp.parsing,JsDocTokenStream,758,0,132,0,200,0,98,0,24,0
JaCoCo Coverage Report,com.google.javascript.jscomp.parsing,JsDocInfoParser.ExtractionInfo,9,0,0,0,4,0,1,0,1,0
JaCoCo Coverage Report,com.google.javascript.jscomp.parsing,JsDocInfoParser.ExtendedTypeInfo,12,0,0,0,5,0,1,0,1,0
JaCoCo Coverage Report,com.google.javascript.jscomp.parsing,JsDocInfoParser.State,34,0,0,0,4,0,1,0,1,0
JaCoCo Coverage Report,com.google.javascript.jscomp.parsing,NullErrorReporter,12,0,0,0,4,0,4,0,4,0
JaCoCo Coverage Report,com.google.javascript.jscomp.parsing,JsDocInfoParser.WhitespaceOption,34,0,0,0,4,0,1,0,1,0
JaCoCo Coverage Report,com.google.javascript.jscomp.parsing,Config.LanguageMode,0,34,0,0,0,4,0,1,0,1
JaCoCo Coverage Report,com.google.javascript.jscomp.parsing,NullErrorReporter.NewRhinoNullReporter,23,0,0,0,6,0,4,0,4,0
JaCoCo Coverage Report,com.google.javascript.jscomp.parsing,JsDocInfoParser,3740,0,627,0,1031,0,407,0,60,0
JaCoCo Coverage Report,com.google.javascript.jscomp.parsing,IRFactory.TransformDispatcher,1563,107,142,12,368,24,124,10,49,8
JaCoCo Coverage Report,com.google.javascript.jscomp.parsing,NullErrorReporter.OldRhinoNullReporter,4,0,0,0,1,0,1,0,1,0
JaCoCo Coverage Report,com.google.javascript.jscomp.parsing,Config,0,51,1,3,0,15,1,3,0,2
JaCoCo Coverage Report,com.google.javascript.jscomp.parsing,IRFactory,518,256,128,11,169,60,126,14,13,14
JaCoCo Coverage Report,com.google.javascript.jscomp.parsing,ParserRunner,41,151,6,8,8,38,8,6,2,5
JaCoCo Coverage Report,com.google.javascript.jscomp.parsing,TypeSafeDispatcher,299,24,52,4,60,6,44,4,0,2
JaCoCo Coverage Report,com.google.javascript.jscomp.parsing,JsDocToken,214,0,0,0,22,0,1,0,1,0
JaCoCo Coverage Report,com.google.javascript.jscomp.parsing,JsDocInfoParser.ErrorReporterParser,74,0,0,0,15,0,5,0,5,0
JaCoCo Coverage Report,com.google.javascript.rhino,JSDocInfo.NamePosition,3,0,0,0,1,0,1,0,1,0
JaCoCo Coverage Report,com.google.javascript.rhino,JSDocInfo.LazilyInitializedDocumentation,33,0,0,0,11,0,1,0,1,0
JaCoCo Coverage Report,com.google.javascript.rhino,SourcePosition,91,0,6,0,23,0,11,0,8,0
JaCoCo Coverage Report,com.google.javascript.rhino,TokenStream,571,0,165,0,111,0,109,0,3,0
JaCoCo Coverage Report,com.google.javascript.rhino,JSDocInfo,1407,0,228,0,357,0,247,0,133,0
JaCoCo Coverage Report,com.google.javascript.rhino,Node.ObjectPropListItem,22,11,2,0,3,4,4,2,3,2
JaCoCo Coverage Report,com.google.javascript.rhino,Node.StringNode,48,25,8,2,11,9,9,3,4,3
JaCoCo Coverage Report,com.google.javascript.rhino,Token,197,10,97,2,98,3,98,2,1,1
JaCoCo Coverage Report,com.google.javascript.rhino,ScriptRuntime,620,33,154,0,158,10,93,3,9,3
JaCoCo Coverage Report,com.google.javascript.rhino,JSDocInfo.Marker,53,0,0,0,21,0,11,0,11,0
JaCoCo Coverage Report,com.google.javascript.rhino,IR,888,43,62,4,193,11,104,5,71,4
JaCoCo Coverage Report,com.google.javascript.rhino,JSDocInfo.Visibility,44,0,0,0,5,0,1,0,1,0
JaCoCo Coverage Report,com.google.javascript.rhino,Node.AbstractPropListItem,0,15,0,0,0,6,0,3,0,3
JaCoCo Coverage Report,com.google.javascript.rhino,JSDocInfo.TrimmedStringPosition,25,0,4,0,6,0,4,0,2,0
JaCoCo Coverage Report,com.google.javascript.rhino,JSDocInfoBuilder,1075,0,204,0,322,0,170,0,68,0
JaCoCo Coverage Report,com.google.javascript.rhino,Node.SideEffectFlags,75,0,2,0,28,0,14,0,13,0
JaCoCo Coverage Report,com.google.javascript.rhino,Node.FileLevelJsDocBuilder,33,6,4,0,9,1,3,1,1,1
JaCoCo Coverage Report,com.google.javascript.rhino,Node.NumberNode,60,0,8,0,16,0,9,0,5,0
JaCoCo Coverage Report,com.google.javascript.rhino,JSDocInfo.TypePosition,13,0,0,0,5,0,3,0,3,0
JaCoCo Coverage Report,com.google.javascript.rhino,Node.IntPropListItem,8,20,0,0,2,5,2,3,2,3
JaCoCo Coverage Report,com.google.javascript.rhino,JSDocInfo.LazilyInitializedInfo,42,0,0,0,14,0,1,0,1,0
JaCoCo Coverage Report,com.google.javascript.rhino,Node,2530,598,443,66,576,158,394,74,141,59
JaCoCo Coverage Report,com.google.javascript.rhino,Node.AncestorIterable.new Iterator() {...},39,0,4,0,7,0,6,0,4,0
JaCoCo Coverage Report,com.google.javascript.rhino,Node.SiblingNodeIterable,55,0,6,0,15,0,8,0,5,0
JaCoCo Coverage Report,com.google.javascript.rhino,Node.AncestorIterable,11,0,0,0,4,0,2,0,2,0
JaCoCo Coverage Report,com.google.javascript.rhino,JSTypeExpression,83,0,12,0,16,0,14,0,8,0
JaCoCo Coverage Report,com.google.javascript.rhino,Node.NodeMismatch,47,0,6,0,9,0,6,0,3,0
JaCoCo Coverage Report,com.google.javascript.rhino,InputId,33,13,6,0,5,5,5,3,2,3
JaCoCo Coverage Report,com.google.javascript.rhino,JSDocInfo.StringPosition,3,0,0,0,1,0,1,0,1,0
JaCoCo Coverage Report,com.google.javascript.rhino,SimpleErrorReporter,84,9,12,0,22,3,11,1,5,1
JaCoCo Coverage Report,com.google.javascript.rhino.jstype,TernaryValue,6,34,2,0,1,4,2,1,1,1
JaCoCo Coverage Report,com.google.javascript.rhino.jstype,UnresolvedTypeExpression,23,0,0,0,6,0,2,0,2,0
JaCoCo Coverage Report,com.google.javascript.rhino.jstype,NamedType,503,0,94,0,130,0,68,0,21,0
JaCoCo Coverage Report,com.google.javascript.rhino.jstype,NoObjectType,71,23,12,0,23,6,27,2,21,2
JaCoCo Coverage Report,com.google.javascript.rhino.jstype,ModificationVisitor,269,15,32,0,69,5,32,3,16,3
JaCoCo Coverage Report,com.google.javascript.rhino.jstype,NumberType,40,9,6,0,15,4,12,3,9,3
JaCoCo Coverage Report,com.google.javascript.rhino.jstype,FunctionType.PropAccess,0,34,0,0,0,1,0,1,0,1
JaCoCo Coverage Report,com.google.javascript.rhino.jstype,RecordTypeBuilder.RecordProperty,15,0,0,0,6,0,3,0,3,0
JaCoCo Coverage Report,com.google.javascript.rhino.jstype,VoidType,40,9,6,0,13,4,11,3,8,3
JaCoCo Coverage Report,com.google.javascript.rhino.jstype,RecordType,446,0,76,0,107,0,49,0,11,0
JaCoCo Coverage Report,com.google.javascript.rhino.jstype,AllType,19,8,0,0,9,4,9,3,9,3
JaCoCo Coverage Report,com.google.javascript.rhino.jstype,SimpleSlot,25,0,0,0,10,0,6,0,6,0
JaCoCo Coverage Report,com.google.javascript.rhino.jstype,FunctionType.Kind,0,34,0,0,0,4,0,1,0,1
JaCoCo Coverage Report,com.google.javascript.rhino.jstype,RecordTypeBuilder,64,0,6,0,17,0,7,0,4,0
JaCoCo Coverage Report,com.google.javascript.rhino.jstype,PrototypeObjectType,681,185,162,26,171,53,116,20,27,15
JaCoCo Coverage Report,com.google.javascript.rhino.jstype,ProxyObjectType,468,0,58,0,113,0,98,0,69,0
JaCoCo Coverage Report,com.google.javascript.rhino.jstype,NamedType.PropertyContinuation,27,0,0,0,8,0,2,0,2,0
JaCoCo Coverage Report,com.google.javascript.rhino.jstype,UnionTypeBuilder,147,191,44,32,38,54,36,9,1,6
JaCoCo Coverage Report,com.google.javascript.rhino.jstype,ValueType,2,6,0,0,1,3,1,2,1,2
JaCoCo Coverage Report,com.google.javascript.rhino.jstype,BooleanType,43,9,8,0,16,4,13,3,9,3
JaCoCo Coverage Report,com.google.javascript.rhino.jstype,FunctionBuilder,86,77,0,0,29,19,10,5,10,5
JaCoCo Coverage Report,com.google.javascript.rhino.jstype,SimpleSourceFile,39,0,2,0,12,0,8,0,7,0
JaCoCo Coverage Report,com.google.javascript.rhino.jstype,FunctionType,1600,356,320,44,390,92,226,28,54,18
JaCoCo Coverage Report,com.google.javascript.rhino.jstype,UnionType,1047,12,180,0,260,4,127,1,37,1
JaCoCo Coverage Report,com.google.javascript.rhino.jstype,FunctionParamBuilder,49,116,15,11,11,27,12,11,2,8
JaCoCo Coverage Report,com.google.javascript.rhino.jstype,JSTypeRegistry,1189,1398,139,24,303,295,137,35,56,29
JaCoCo Coverage Report,com.google.javascript.rhino.jstype,ArrowType,320,68,105,7,93,16,66,6,13,3
JaCoCo Coverage Report,com.google.javascript.rhino.jstype,SimpleReference,54,0,4,0,10,0,7,0,5,0
JaCoCo Coverage Report,com.google.javascript.rhino.jstype,InstanceObjectType,146,56,40,4,28,17,34,9,12,9
JaCoCo Coverage Report,com.google.javascript.rhino.jstype,ObjectType,262,78,39,13,84,21,57,11,35,7
JaCoCo Coverage Report,com.google.javascript.rhino.jstype,ParameterizedType,63,0,8,0,12,0,11,0,7,0
JaCoCo Coverage Report,com.google.javascript.rhino.jstype,JSTypeNative,0,564,0,0,0,57,0,1,0,1
JaCoCo Coverage Report,com.google.javascript.rhino.jstype,NoType,23,6,2,0,9,3,10,2,9,2
JaCoCo Coverage Report,com.google.javascript.rhino.jstype,TernaryValue.new TernaryValue() {...},24,6,4,0,6,1,8,1,6,1
JaCoCo Coverage Report,com.google.javascript.rhino.jstype,TernaryValue.new TernaryValue() {...},12,6,0,0,6,1,6,1,6,1
JaCoCo Coverage Report,com.google.javascript.rhino.jstype,TernaryValue.new TernaryValue() {...},13,6,0,0,6,1,6,1,6,1
JaCoCo Coverage Report,com.google.javascript.rhino.jstype,JSTypeRegistry.ResolveMode,0,34,0,0,0,4,0,1,0,1
JaCoCo Coverage Report,com.google.javascript.rhino.jstype,TemplateType,24,0,0,0,8,0,6,0,6,0
JaCoCo Coverage Report,com.google.javascript.rhino.jstype,StringType,38,9,6,0,14,4,11,3,8,3
JaCoCo Coverage Report,com.google.javascript.rhino.jstype,UnknownType,57,11,2,0,25,5,26,3,25,3
JaCoCo Coverage Report,com.google.javascript.rhino.jstype,BooleanLiteralSet,72,44,14,0,16,5,15,1,5,1
JaCoCo Coverage Report,com.google.javascript.rhino.jstype,IndexedType,11,0,0,0,4,0,2,0,2,0
JaCoCo Coverage Report,com.google.javascript.rhino.jstype,JSType,911,179,205,23,226,51,191,30,79,27
JaCoCo Coverage Report,com.google.javascript.rhino.jstype,EnumType,132,0,12,0,28,0,23,0,17,0
JaCoCo Coverage Report,com.google.javascript.rhino.jstype,JSType.TypePair,9,0,0,0,4,0,1,0,1,0
JaCoCo Coverage Report,com.google.javascript.rhino.jstype,ErrorFunctionType,0,40,0,0,0,8,0,1,0,1
JaCoCo Coverage Report,com.google.javascript.rhino.jstype,NoResolvedType,27,4,6,0,7,2,8,1,5,1
JaCoCo Coverage Report,com.google.javascript.rhino.jstype,JSTypeRegistry.new FunctionType() {...},5,14,0,0,1,1,1,1,1,1
JaCoCo Coverage Report,com.google.javascript.rhino.jstype,ObjectType.Property,47,25,6,0,12,10,13,3,10,3
JaCoCo Coverage Report,com.google.javascript.rhino.jstype,JSType.new Comparator() {...},6,3,0,0,1,1,1,1,1,1
JaCoCo Coverage Report,com.google.javascript.rhino.jstype,EnumElementType,250,0,32,0,65,0,48,0,32,0
JaCoCo Coverage Report,com.google.javascript.rhino.jstype,NullType,46,9,10,0,16,4,14,3,9,3
JaCoCo Coverage Report,com.google.javascript.jscomp.regex,RegExpTree.DecomposedCharset,352,0,79,0,69,0,49,0,7,0
JaCoCo Coverage Report,com.google.javascript.jscomp.regex,RegExpTree.Concatenation.new Object() {...},199,0,32,0,47,0,19,0,3,0
JaCoCo Coverage Report,com.google.javascript.jscomp.regex,RegExpTree.RegExpTreeAtom,11,0,0,0,5,0,5,0,5,0
JaCoCo Coverage Report,com.google.javascript.jscomp.regex,RegExpTree.Charset,381,0,42,0,89,0,32,0,11,0
JaCoCo Coverage Report,com.google.javascript.jscomp.regex,CharRanges,1039,0,142,0,188,0,91,0,20,0
JaCoCo Coverage Report,com.google.javascript.jscomp.regex,RegExpTree.Alternation,392,0,72,0,87,0,47,0,10,0
JaCoCo Coverage Report,com.google.javascript.jscomp.regex,RegExpTree.Empty,17,0,0,0,7,0,7,0,7,0
JaCoCo Coverage Report,com.google.javascript.jscomp.regex,RegExpTree.BackReference,49,0,8,0,11,0,10,0,6,0
JaCoCo Coverage Report,com.google.javascript.jscomp.regex,CaseCanonicalize,9125,0,26,0,220,0,18,0,5,0
JaCoCo Coverage Report,com.google.javascript.jscomp.regex,RegExpTree.WordBoundary,40,0,4,0,10,0,8,0,6,0
JaCoCo Coverage Report,com.google.javascript.jscomp.regex,RegExpTree.CapturingGroup,62,0,4,0,16,0,12,0,10,0
JaCoCo Coverage Report,com.google.javascript.jscomp.regex,RegExpTree.Anchor,40,0,4,0,9,0,9,0,7,0
JaCoCo Coverage Report,com.google.javascript.jscomp.regex,RegExpTree,510,0,35,0,83,0,29,0,9,0
JaCoCo Coverage Report,com.google.javascript.jscomp.regex,RegExpTree.new Object() {...},1097,0,179,0,233,0,108,0,10,0
JaCoCo Coverage Report,com.google.javascript.jscomp.regex,RegExpTree.LookaheadAssertion,102,0,14,0,23,0,17,0,10,0
JaCoCo Coverage Report,com.google.javascript.jscomp.regex,CaseCanonicalize.DeltaSet,9,0,0,0,4,0,1,0,1,0
JaCoCo Coverage Report,com.google.javascript.jscomp.regex,RegExpTree.Concatenation,243,0,45,0,55,0,34,0,11,0
JaCoCo Coverage Report,com.google.javascript.jscomp.regex,RegExpTree.Repetition,485,0,106,0,97,0,67,0,13,0
JaCoCo Coverage Report,com.google.javascript.jscomp.regex,RegExpTree.Text,144,0,25,0,31,0,21,0,8,0
JaCoCo Coverage Report,com.google.javascript.jscomp.ant,CompileTask,973,0,92,0,230,0,82,0,36,0
JaCoCo Coverage Report,com.google.javascript.jscomp.ant,Warning,17,0,0,0,7,0,5,0,5,0
JaCoCo Coverage Report,com.google.javascript.jscomp.ant,AntErrorManager,84,0,7,0,17,0,7,0,3,0
JaCoCo Coverage Report,com.google.debugging.sourcemap,Base64VLQ,97,0,14,0,24,0,11,0,4,0
JaCoCo Coverage Report,com.google.debugging.sourcemap,SourceMapConsumerV3.MappingBuilder,319,0,32,0,65,0,24,0,7,0
JaCoCo Coverage Report,com.google.debugging.sourcemap,SourceMapConsumerV1.LineFragment,42,0,4,0,10,0,5,0,3,0
JaCoCo Coverage Report,com.google.debugging.sourcemap,SourceMapConsumerV3.DefaultSourceMapSupplier,5,0,0,0,2,0,2,0,2,0
JaCoCo Coverage Report,com.google.debugging.sourcemap,SourceMapSection.SectionType,24,0,0,0,3,0,1,0,1,0
JaCoCo Coverage Report,com.google.debugging.sourcemap,SourceMapGeneratorV3.MappingTraversal,238,0,42,0,47,0,29,0,8,0
JaCoCo Coverage Report,com.google.debugging.sourcemap,FilePosition,15,0,0,0,6,0,3,0,3,0
JaCoCo Coverage Report,com.google.debugging.sourcemap,SourceMapGeneratorFactory,28,0,4,0,7,0,6,0,3,0
JaCoCo Coverage Report,com.google.debugging.sourcemap,SourceMapGeneratorV3.UsedMappingCheck,12,0,2,0,4,0,3,0,2,0
JaCoCo Coverage Report,com.google.debugging.sourcemap,SourceMapGeneratorV2.MappingTraversal,238,0,42,0,47,0,29,0,8,0
JaCoCo Coverage Report,com.google.debugging.sourcemap,SourceMapGeneratorV3.Mapping,9,0,0,0,3,0,1,0,1,0
JaCoCo Coverage Report,com.google.debugging.sourcemap,SourceMapGeneratorV2.LineMapper,149,0,16,0,36,0,14,0,6,0
JaCoCo Coverage Report,com.google.debugging.sourcemap,SourceMapConsumerV3.UnmappedEntry,17,0,0,0,8,0,6,0,6,0
JaCoCo Coverage Report,com.google.debugging.sourcemap,SourceMapGeneratorV1.Mapping,9,0,0,0,3,0,1,0,1,0
JaCoCo Coverage Report,com.google.debugging.sourcemap,SourceMapGeneratorV2.LineMapEncoder,218,0,28,0,44,0,19,0,5,0
JaCoCo Coverage Report,com.google.debugging.sourcemap,SourceMapConsumerV1.ParseState,81,0,8,0,21,0,9,0,5,0
JaCoCo Coverage Report,com.google.debugging.sourcemap,SourceMapGeneratorV2.MappingWriter,99,0,8,0,23,0,7,0,3,0
JaCoCo Coverage Report,com.google.debugging.sourcemap,SourceMapConsumerV1.FileName,12,0,0,0,4,0,1,0,1,0
JaCoCo Coverage Report,com.google.debugging.sourcemap,SourceMapLineDecoder.StringParser,38,0,2,0,7,0,5,0,4,0
JaCoCo Coverage Report,com.google.debugging.sourcemap,Util,316,0,35,0,55,0,27,0,6,0
JaCoCo Coverage Report,com.google.debugging.sourcemap,SourceMapGeneratorV2.UsedMappingCheck,12,0,2,0,4,0,3,0,2,0
JaCoCo Coverage Report,com.google.debugging.sourcemap,SourceMapConsumerV3.NamedEntry,13,0,0,0,4,0,2,0,2,0
JaCoCo Coverage Report,com.google.debugging.sourcemap,SourceMapGeneratorV2.Mapping,9,0,0,0,3,0,1,0,1,0
JaCoCo Coverage Report,com.google.debugging.sourcemap,SourceMapGeneratorV1.MappingTraversal,238,0,42,0,47,0,29,0,8,0
JaCoCo Coverage Report,com.google.debugging.sourcemap,SourceMapGeneratorV3.ConsumerEntryVisitor,15,0,0,0,3,0,2,0,2,0
JaCoCo Coverage Report,com.google.debugging.sourcemap,SourceMapConsumerV3.StringCharIterator,39,0,2,0,8,0,5,0,4,0
JaCoCo Coverage Report,com.google.debugging.sourcemap,SourceMapSection,72,0,2,0,21,0,11,0,10,0
JaCoCo Coverage Report,com.google.debugging.sourcemap,SourceMapLineDecoder,163,0,14,0,41,0,13,0,6,0
JaCoCo Coverage Report,com.google.debugging.sourcemap,Base64,60,0,8,0,10,0,7,0,3,0
JaCoCo Coverage Report,com.google.debugging.sourcemap,SourceMapGeneratorV1.LineMapper,126,0,20,0,37,0,16,0,6,0
JaCoCo Coverage Report,com.google.debugging.sourcemap,SourceMapGeneratorV3,688,0,50,0,180,0,46,0,21,0
JaCoCo Coverage Report,com.google.debugging.sourcemap,SourceMapGeneratorV1,354,0,34,0,81,0,27,0,10,0
JaCoCo Coverage Report,com.google.debugging.sourcemap,SourceMapGeneratorV2,582,0,42,0,152,0,40,0,19,0
JaCoCo Coverage Report,com.google.debugging.sourcemap,SourceMapConsumerV1.SourceFile.Builder,63,0,0,0,16,0,9,0,9,0
JaCoCo Coverage Report,com.google.debugging.sourcemap,SourceMapGeneratorV1.UsedMappingCheck,12,0,2,0,4,0,3,0,2,0
JaCoCo Coverage Report,com.google.debugging.sourcemap,SourceMapConsumerV3,782,0,98,0,184,0,65,0,16,0
JaCoCo Coverage Report,com.google.debugging.sourcemap,SourceMapConsumerV2,275,0,28,0,68,0,19,0,5,0
JaCoCo Coverage Report,com.google.debugging.sourcemap,SourceMapConsumerV1,565,0,62,0,152,0,40,0,9,0
JaCoCo Coverage Report,com.google.debugging.sourcemap,SourceMapParseException,4,0,0,0,2,0,1,0,1,0
JaCoCo Coverage Report,com.google.debugging.sourcemap,SourceMapConsumerFactory,81,0,7,0,19,0,6,0,2,0
JaCoCo Coverage Report,com.google.debugging.sourcemap,SourceMapConsumerV3.UnnamedEntry,24,0,0,0,9,0,5,0,5,0
JaCoCo Coverage Report,com.google.debugging.sourcemap,SourceMapGeneratorV3.LineMapper,183,0,22,0,48,0,17,0,6,0
JaCoCo Coverage Report,com.google.debugging.sourcemap,SourceMapLineDecoder.LineEntry,9,0,0,0,4,0,1,0,1,0
JaCoCo Coverage Report,com.google.debugging.sourcemap,SourceMapGeneratorV1.MappingWriter,117,0,10,0,31,0,8,0,3,0
JaCoCo Coverage Report,com.google.debugging.sourcemap,SourceMapFormat,44,0,0,0,5,0,1,0,1,0
JaCoCo Coverage Report,com.google.debugging.sourcemap,SourceMapConsumerV1.SourceFile,128,0,6,0,31,0,9,0,6,0
JaCoCo Coverage Report,com.google.javascript.jscomp.graph,StandardUnionFind,257,0,20,0,55,0,21,0,11,0
JaCoCo Coverage Report,com.google.javascript.jscomp.graph,LinkedUndirectedGraph,490,0,58,0,112,0,57,0,28,0
JaCoCo Coverage Report,com.google.javascript.jscomp.graph,DiGraph,16,17,6,2,1,3,5,2,1,2
JaCoCo Coverage Report,com.google.javascript.jscomp.graph,GraphColoring,39,0,2,0,11,0,4,0,3,0
JaCoCo Coverage Report,com.google.javascript.jscomp.graph,LinkedUndirectedGraph.LinkedUndirectedGraphNode,56,0,2,0,14,0,11,0,10,0
JaCoCo Coverage Report,com.google.javascript.jscomp.graph,Graph.GraphAnnotationState,4,0,0,0,2,0,1,0,1,0
JaCoCo Coverage Report,com.google.javascript.jscomp.graph,Graph.AnnotationState,9,0,0,0,4,0,1,0,1,0
JaCoCo Coverage Report,com.google.javascript.jscomp.graph,LinkedDirectedGraph.LinkedDirectedGraphEdge,60,21,2,0,13,8,12,4,11,4
JaCoCo Coverage Report,com.google.javascript.jscomp.graph,LinkedUndirectedGraph.AnnotatedLinkedUndirectedGraphEdge,13,0,0,0,5,0,3,0,3,0
JaCoCo Coverage Report,com.google.javascript.jscomp.graph,LinkedDirectedGraph.LinkedDirectedGraphNode,40,21,2,0,7,9,8,4,7,4
JaCoCo Coverage Report,com.google.javascript.jscomp.graph,LinkedUndirectedGraph.LinkedUndirectedGraphEdge,67,0,2,0,15,0,12,0,11,0
JaCoCo Coverage Report,com.google.javascript.jscomp.graph,LinkedUndirectedGraph.AnnotatedLinkedUndirectedGraphNode,11,0,0,0,5,0,3,0,3,0
JaCoCo Coverage Report,com.google.javascript.jscomp.graph,LinkedDirectedGraph,409,177,33,13,86,46,43,16,24,12
JaCoCo Coverage Report,com.google.javascript.jscomp.graph,UndiGraph,3,0,0,0,1,0,1,0,1,0
JaCoCo Coverage Report,com.google.javascript.jscomp.graph,GraphReachability,94,0,10,0,25,0,11,0,6,0
JaCoCo Coverage Report,com.google.javascript.jscomp.graph,GraphReachability.EdgeTuple,12,0,0,0,5,0,1,0,1,0
JaCoCo Coverage Report,com.google.javascript.jscomp.graph,StandardUnionFind.Node,15,0,0,0,6,0,1,0,1,0
JaCoCo Coverage Report,com.google.javascript.jscomp.graph,StandardUnionFind.new Predicate() {...},54,0,6,0,9,0,5,0,2,0
JaCoCo Coverage Report,com.google.javascript.jscomp.graph,StandardUnionFind.new AbstractSet() {...},38,0,0,0,4,0,4,0,4,0
JaCoCo Coverage Report,com.google.javascript.jscomp.graph,GraphColoring.GreedyGraphColoring,74,0,6,0,23,0,6,0,3,0
JaCoCo Coverage Report,com.google.javascript.jscomp.graph,GraphPruner,180,0,24,0,39,0,15,0,3,0
JaCoCo Coverage Report,com.google.javascript.jscomp.graph,GraphColoring.GreedyGraphColoring.new Comparator() {...},37,0,4,0,5,0,4,0,2,0
JaCoCo Coverage Report,com.google.javascript.jscomp.graph,FixedPointGraphTraversal,143,0,14,0,33,0,12,0,5,0
JaCoCo Coverage Report,com.google.javascript.jscomp.graph,GraphReachability.new Annotation() {...},3,0,0,0,1,0,1,0,1,0
JaCoCo Coverage Report,com.google.javascript.jscomp.graph,LinkedDirectedGraph.LinkedDirectedGraphNode.NeighborIterator,63,0,10,0,9,0,9,0,4,0
JaCoCo Coverage Report,com.google.javascript.jscomp.graph,Graph.SimpleSubGraph,50,0,4,0,12,0,5,0,3,0
JaCoCo Coverage Report,com.google.javascript.jscomp.graph,LinkedDirectedGraph.AnnotatedLinkedDirectedGraphNode,0,11,0,0,0,5,0,3,0,3
JaCoCo Coverage Report,com.google.javascript.jscomp.graph,GraphColoring.Color,27,0,4,0,8,0,5,0,3,0
JaCoCo Coverage Report,com.google.javascript.jscomp.graph,LinkedDirectedGraph.AnnotatedLinkedDirectedGraphEdge,13,0,0,0,5,0,3,0,3,0
JaCoCo Coverage Report,com.google.javascript.jscomp.graph,Graph,150,23,16,2,35,7,19,3,10,3
JaCoCo Coverage Report,com.google.javascript.jscomp.graph,LinkedUndirectedGraph.LinkedUndirectedGraphNode.NeighborIterator,37,0,2,0,9,0,5,0,4,0
JaCoCo Coverage Report,com.google.javascript.jscomp.type,SemanticReverseAbstractInterpreter,708,28,138,0,173,7,86,2,11,2
JaCoCo Coverage Report,com.google.javascript.jscomp.type,ClosureReverseAbstractInterpreter.new ChainableReverseAbstractInterpreter.RestrictByTrueTypeOfResultVisitor() {...},9,7,0,0,3,1,3,1,3,1
JaCoCo Coverage Report,com.google.javascript.jscomp.type,ClosureReverseAbstractInterpreter.new ChainableReverseAbstractInterpreter.RestrictByFalseTypeOfResultVisitor() {...},4,7,0,0,2,1,2,1,2,1
JaCoCo Coverage Report,com.google.javascript.jscomp.type,ClosureReverseAbstractInterpreter.new Function() {...},30,6,6,0,5,1,4,1,1,1
JaCoCo Coverage Report,com.google.javascript.jscomp.type,ClosureReverseAbstractInterpreter.new Function() {...},30,6,6,0,5,1,4,1,1,1
JaCoCo Coverage Report,com.google.javascript.jscomp.type,ClosureReverseAbstractInterpreter.new Function() {...},9,6,0,0,1,1,1,1,1,1
JaCoCo Coverage Report,com.google.javascript.jscomp.type,ClosureReverseAbstractInterpreter.new Function() {...},9,6,0,0,1,1,1,1,1,1
JaCoCo Coverage Report,com.google.javascript.jscomp.type,ClosureReverseAbstractInterpreter.new Function() {...},9,6,0,0,1,1,1,1,1,1
JaCoCo Coverage Report,com.google.javascript.jscomp.type,ClosureReverseAbstractInterpreter.new Function() {...},9,6,0,0,1,1,1,1,1,1
JaCoCo Coverage Report,com.google.javascript.jscomp.type,ClosureReverseAbstractInterpreter.new Function() {...},14,6,2,0,4,1,2,1,1,1
JaCoCo Coverage Report,com.google.javascript.jscomp.type,ClosureReverseAbstractInterpreter.new Function() {...},14,6,2,0,3,1,2,1,1,1
JaCoCo Coverage Report,com.google.javascript.jscomp.type,ClosureReverseAbstractInterpreter.new ChainableReverseAbstractInterpreter.RestrictByTrueTypeOfResultVisitor() {...},15,7,2,0,3,1,3,1,2,1
JaCoCo Coverage Report,com.google.javascript.jscomp.type,ClosureReverseAbstractInterpreter.new Function() {...},11,6,2,0,3,1,2,1,1,1
JaCoCo Coverage Report,com.google.javascript.jscomp.type,ClosureReverseAbstractInterpreter.new ChainableReverseAbstractInterpreter.RestrictByFalseTypeOfResultVisitor() {...},11,7,2,0,1,1,2,1,1,1
JaCoCo Coverage Report,com.google.javascript.jscomp.type,ChainableReverseAbstractInterpreter.RestrictByTrueTypeOfResultVisitor,16,7,0,0,8,1,8,1,8,1
JaCoCo Coverage Report,com.google.javascript.jscomp.type,ChainableReverseAbstractInterpreter.RestrictByFalseTypeOfResultVisitor,36,7,0,0,9,1,9,1,9,1
JaCoCo Coverage Report,com.google.javascript.jscomp.type,ChainableReverseAbstractInterpreter.RestrictByOneTypeOfResultVisitor,156,0,32,0,23,0,27,0,11,0
JaCoCo Coverage Report,com.google.javascript.jscomp.type,ClosureReverseAbstractInterpreter,88,89,18,0,20,17,11,1,2,1
JaCoCo Coverage Report,com.google.javascript.jscomp.type,ChainableReverseAbstractInterpreter,238,30,45,0,62,9,35,1,11,1
JaCoCo Coverage Report,com.google.javascript.jscomp.type,SemanticReverseAbstractInterpreter.RestrictByFalseInstanceOfResultVisitor,58,0,10,0,18,0,9,0,4,0
JaCoCo Coverage Report,com.google.javascript.jscomp.type,ChainableReverseAbstractInterpreter.new Visitor() {...},100,6,4,0,18,1,17,1,15,1
JaCoCo Coverage Report,com.google.javascript.jscomp.type,ChainableReverseAbstractInterpreter.new Visitor() {...},100,6,4,0,19,1,17,1,15,1
JaCoCo Coverage Report,com.google.javascript.jscomp.type,SemanticReverseAbstractInterpreter.new Function() {...},14,3,4,0,3,1,3,1,1,1
JaCoCo Coverage Report,com.google.javascript.jscomp.type,SemanticReverseAbstractInterpreter.new Function() {...},14,3,4,0,3,1,3,1,1,1
JaCoCo Coverage Report,com.google.javascript.jscomp.type,SemanticReverseAbstractInterpreter.new Function() {...},14,3,4,0,3,1,3,1,1,1
JaCoCo Coverage Report,com.google.javascript.jscomp.type,SemanticReverseAbstractInterpreter.new Function() {...},14,6,0,0,3,1,1,1,1,1
JaCoCo Coverage Report,com.google.javascript.jscomp.type,SemanticReverseAbstractInterpreter.new Function() {...},14,3,4,0,3,1,3,1,1,1
JaCoCo Coverage Report,com.google.javascript.jscomp.type,ClosureReverseAbstractInterpreter.TypeRestriction,9,0,0,0,4,0,1,0,1,0
JaCoCo Coverage Report,com.google.javascript.jscomp.type,ChainableReverseAbstractInterpreter.RestrictByTypeOfResultVisitor,78,6,10,0,19,1,12,1,7,1
JaCoCo Coverage Report,com.google.javascript.jscomp.type,SemanticReverseAbstractInterpreter.RestrictByTrueInstanceOfResultVisitor,63,0,8,0,17,0,11,0,7,0
