
$ defects4j compile -w /work/Jsoup_47f
Running ant (compile)...................................................... OK
Running ant (compile.tests)................................................ OK

[exit=0 timeout=False time=1.0s]

$ defects4j compile -w /work/Jsoup_47b
Running ant (compile)...................................................... OK
Running ant (compile.tests)................................................ OK

[exit=0 timeout=False time=1.0s]

$ java -Djava.awt.headless=true -cp /opt/defects4j/framework/projects/lib/junit-4.12-hamcrest-1.3.jar:/opt/evosuite/evosuite-1.2.0.jar:/work/Jsoup_47f/target/classes:/work/Jsoup_47f/target/test-classes:/opt/defects4j/framework/projects/Jsoup/lib/com/google/code/gson/gson/2.7/gson-2.7.jar:/opt/defects4j/framework/projects/Jsoup/lib/commons-lang/commons-lang/2.4/commons-lang-2.4.jar:/opt/defects4j/framework/projects/Jsoup/lib/javax/servlet/javax.servlet-api/3.1.0/javax.servlet-api-3.1.0.jar:/opt/defects4j/framework/projects/Jsoup/lib/org/eclipse/jetty/jetty-http/9.2.22.v20170606/jetty-http-9.2.22.v20170606.jar:/opt/defects4j/framework/projects/Jsoup/lib/org/eclipse/jetty/jetty-http/9.2.26.v20180806/jetty-http-9.2.26.v20180806.jar:/opt/defects4j/framework/projects/Jsoup/lib/org/eclipse/jetty/jetty-http/9.2.28.v20190418/jetty-http-9.2.28.v20190418.jar:/opt/defects4j/framework/projects/Jsoup/lib/org/eclipse/jetty/jetty-io/9.2.22.v20170606/jetty-io-9.2.22.v20170606.jar:/opt/defects4j/framework/projects/Jsoup/lib/org/eclipse/jetty/jetty-io/9.2.26.v20180806/jetty-io-9.2.26.v20180806.jar:/opt/defects4j/framework/projects/Jsoup/lib/org/eclipse/jetty/jetty-io/9.2.28.v20190418/jetty-io-9.2.28.v20190418.jar:/opt/defects4j/framework/projects/Jsoup/lib/org/eclipse/jetty/jetty-security/9.2.22.v20170606/jetty-security-9.2.22.v20170606.jar:/opt/defects4j/framework/projects/Jsoup/lib/org/eclipse/jetty/jetty-security/9.2.26.v20180806/jetty-security-9.2.26.v20180806.jar:/opt/defects4j/framework/projects/Jsoup/lib/org/eclipse/jetty/jetty-security/9.2.28.v20190418/jetty-security-9.2.28.v20190418.jar:/opt/defects4j/framework/projects/Jsoup/lib/org/eclipse/jetty/jetty-server/9.2.22.v20170606/jetty-server-9.2.22.v20170606.jar:/opt/defects4j/framework/projects/Jsoup/lib/org/eclipse/jetty/jetty-server/9.2.26.v20180806/jetty-server-9.2.26.v20180806.jar:/opt/defects4j/framework/projects/Jsoup/lib/org/eclipse/jetty/jetty-server/9.2.28.v20190418/jetty-server-9.2.28.v20190418.jar:/opt/defects4j/framework/projects/Jsoup/lib/org/eclipse/jetty/jetty-servlet/9.2.22.v20170606/jetty-servlet-9.2.22.v20170606.jar:/opt/defects4j/framework/projects/Jsoup/lib/org/eclipse/jetty/jetty-servlet/9.2.26.v20180806/jetty-servlet-9.2.26.v20180806.jar:/opt/defects4j/framework/projects/Jsoup/lib/org/eclipse/jetty/jetty-servlet/9.2.28.v20190418/jetty-servlet-9.2.28.v20190418.jar:/opt/defects4j/framework/projects/Jsoup/lib/org/eclipse/jetty/jetty-util/9.2.22.v20170606/jetty-util-9.2.22.v20170606.jar:/opt/defects4j/framework/projects/Jsoup/lib/org/eclipse/jetty/jetty-util/9.2.26.v20180806/jetty-util-9.2.26.v20180806.jar:/opt/defects4j/framework/projects/Jsoup/lib/org/eclipse/jetty/jetty-util/9.2.28.v20190418/jetty-util-9.2.28.v20190418.jar org.evosuite.EvoSuite -generateSuite -class org.jsoup.nodes.Entities -projectCP /opt/defects4j/framework/projects/lib/junit-4.12-hamcrest-1.3.jar:/work/Jsoup_47f/target/classes:/work/Jsoup_47f/target/test-classes:/opt/defects4j/framework/projects/Jsoup/lib/com/google/code/gson/gson/2.7/gson-2.7.jar:/opt/defects4j/framework/projects/Jsoup/lib/commons-lang/commons-lang/2.4/commons-lang-2.4.jar:/opt/defects4j/framework/projects/Jsoup/lib/javax/servlet/javax.servlet-api/3.1.0/javax.servlet-api-3.1.0.jar:/opt/defects4j/framework/projects/Jsoup/lib/org/eclipse/jetty/jetty-http/9.2.22.v20170606/jetty-http-9.2.22.v20170606.jar:/opt/defects4j/framework/projects/Jsoup/lib/org/eclipse/jetty/jetty-http/9.2.26.v20180806/jetty-http-9.2.26.v20180806.jar:/opt/defects4j/framework/projects/Jsoup/lib/org/eclipse/jetty/jetty-http/9.2.28.v20190418/jetty-http-9.2.28.v20190418.jar:/opt/defects4j/framework/projects/Jsoup/lib/org/eclipse/jetty/jetty-io/9.2.22.v20170606/jetty-io-9.2.22.v20170606.jar:/opt/defects4j/framework/projects/Jsoup/lib/org/eclipse/jetty/jetty-io/9.2.26.v20180806/jetty-io-9.2.26.v20180806.jar:/opt/defects4j/framework/projects/Jsoup/lib/org/eclipse/jetty/jetty-io/9.2.28.v20190418/jetty-io-9.2.28.v20190418.jar:/opt/defects4j/framework/projects/Jsoup/lib/org/eclipse/jetty/jetty-security/9.2.22.v20170606/jetty-security-9.2.22.v20170606.jar:/opt/defects4j/framework/projects/Jsoup/lib/org/eclipse/jetty/jetty-security/9.2.26.v20180806/jetty-security-9.2.26.v20180806.jar:/opt/defects4j/framework/projects/Jsoup/lib/org/eclipse/jetty/jetty-security/9.2.28.v20190418/jetty-security-9.2.28.v20190418.jar:/opt/defects4j/framework/projects/Jsoup/lib/org/eclipse/jetty/jetty-server/9.2.22.v20170606/jetty-server-9.2.22.v20170606.jar:/opt/defects4j/framework/projects/Jsoup/lib/org/eclipse/jetty/jetty-server/9.2.26.v20180806/jetty-server-9.2.26.v20180806.jar:/opt/defects4j/framework/projects/Jsoup/lib/org/eclipse/jetty/jetty-server/9.2.28.v20190418/jetty-server-9.2.28.v20190418.jar:/opt/defects4j/framework/projects/Jsoup/lib/org/eclipse/jetty/jetty-servlet/9.2.22.v20170606/jetty-servlet-9.2.22.v20170606.jar:/opt/defects4j/framework/projects/Jsoup/lib/org/eclipse/jetty/jetty-servlet/9.2.26.v20180806/jetty-servlet-9.2.26.v20180806.jar:/opt/defects4j/framework/projects/Jsoup/lib/org/eclipse/jetty/jetty-servlet/9.2.28.v20190418/jetty-servlet-9.2.28.v20190418.jar:/opt/defects4j/framework/projects/Jsoup/lib/org/eclipse/jetty/jetty-util/9.2.22.v20170606/jetty-util-9.2.22.v20170606.jar:/opt/defects4j/framework/projects/Jsoup/lib/org/eclipse/jetty/jetty-util/9.2.26.v20180806/jetty-util-9.2.26.v20180806.jar:/opt/defects4j/framework/projects/Jsoup/lib/org/eclipse/jetty/jetty-util/9.2.28.v20190418/jetty-util-9.2.28.v20190418.jar -Dcriterion=LINE:BRANCH:EXCEPTION -Dsearch_budget=120 -seed 1 -Dtest_dir=/work/evo_out/Jsoup_47f/budget120_seed1/tests -Dreport_dir=/work/evo_out/Jsoup_47f/budget120_seed1/report
* EvoSuite 1.2.0
* Going to generate test cases for class: org.jsoup.nodes.Entities
* Starting Client-0
* Connecting to master process on port 9922
* Analyzing classpath: 
  - /opt/defects4j/framework/projects/lib/junit-4.12-hamcrest-1.3.jar
  - /work/Jsoup_47f/target/classes
  - /work/Jsoup_47f/target/test-classes
  - /opt/defects4j/framework/projects/Jsoup/lib/com/google/code/gson/gson/2.7/gson-2.7.jar
  - /opt/defects4j/framework/projects/Jsoup/lib/commons-lang/commons-lang/2.4/commons-lang-2.4.jar
  - /opt/defects4j/framework/projects/Jsoup/lib/javax/servlet/javax.servlet-api/3.1.0/javax.servlet-api-3.1.0.jar
  - /opt/defects4j/framework/projects/Jsoup/lib/org/eclipse/jetty/jetty-http/9.2.22.v20170606/jetty-http-9.2.22.v20170606.jar
  - /opt/defects4j/framework/projects/Jsoup/lib/org/eclipse/jetty/jetty-http/9.2.26.v20180806/jetty-http-9.2.26.v20180806.jar
  - /opt/defects4j/framework/projects/Jsoup/lib/org/eclipse/jetty/jetty-http/9.2.28.v20190418/jetty-http-9.2.28.v20190418.jar
  - /opt/defects4j/framework/projects/Jsoup/lib/org/eclipse/jetty/jetty-io/9.2.22.v20170606/jetty-io-9.2.22.v20170606.jar
  - /opt/defects4j/framework/projects/Jsoup/lib/org/eclipse/jetty/jetty-io/9.2.26.v20180806/jetty-io-9.2.26.v20180806.jar
  - /opt/defects4j/framework/projects/Jsoup/lib/org/eclipse/jetty/jetty-io/9.2.28.v20190418/jetty-io-9.2.28.v20190418.jar
  - /opt/defects4j/framework/projects/Jsoup/lib/org/eclipse/jetty/jetty-security/9.2.22.v20170606/jetty-security-9.2.22.v20170606.jar
  - /opt/defects4j/framework/projects/Jsoup/lib/org/eclipse/jetty/jetty-security/9.2.26.v20180806/jetty-security-9.2.26.v20180806.jar
  - /opt/defects4j/framework/projects/Jsoup/lib/org/eclipse/jetty/jetty-security/9.2.28.v20190418/jetty-security-9.2.28.v20190418.jar
  - /opt/defects4j/framework/projects/Jsoup/lib/org/eclipse/jetty/jetty-server/9.2.22.v20170606/jetty-server-9.2.22.v20170606.jar
  - /opt/defects4j/framework/projects/Jsoup/lib/org/eclipse/jetty/jetty-server/9.2.26.v20180806/jetty-server-9.2.26.v20180806.jar
  - /opt/defects4j/framework/projects/Jsoup/lib/org/eclipse/jetty/jetty-server/9.2.28.v20190418/jetty-server-9.2.28.v20190418.jar
  - /opt/defects4j/framework/projects/Jsoup/lib/org/eclipse/jetty/jetty-servlet/9.2.22.v20170606/jetty-servlet-9.2.22.v20170606.jar
  - /opt/defects4j/framework/projects/Jsoup/lib/org/eclipse/jetty/jetty-servlet/9.2.26.v20180806/jetty-servlet-9.2.26.v20180806.jar
  - /opt/defects4j/framework/projects/Jsoup/lib/org/eclipse/jetty/jetty-servlet/9.2.28.v20190418/jetty-servlet-9.2.28.v20190418.jar
  - /opt/defects4j/framework/projects/Jsoup/lib/org/eclipse/jetty/jetty-util/9.2.22.v20170606/jetty-util-9.2.22.v20170606.jar
  - /opt/defects4j/framework/projects/Jsoup/lib/org/eclipse/jetty/jetty-util/9.2.26.v20180806/jetty-util-9.2.26.v20180806.jar
  - /opt/defects4j/framework/projects/Jsoup/lib/org/eclipse/jetty/jetty-util/9.2.28.v20190418/jetty-util-9.2.28.v20190418.jar
[MASTER] 21:34:52.888 [logback-1] WARN  InheritanceTree - Class not in inheritance graph: java.util.Locale$IsoCountryCode
* Finished analyzing classpath
* Generating tests for class org.jsoup.nodes.Entities
* Test criteria:
  - Line Coverage
  - Branch Coverage
  - Exception
* Setting up search algorithm for whole suite generation
* Total number of test goals: 
  - Line 96
  - Branch 75
  - Exception 0

[Progress:>                             0%] [Cov:>                                  0%]* Using seed 1
* Starting evolution
[MASTER] 21:34:53.054 [logback-1] WARN  TestCluster - Failed to check cache for java.util.AbstractMap<K, V>.SimpleImmutableEntry<K, V> : Type points to itself

[Progress:>                             0%] [Cov:=>                                 5%]
[Progress:>                             0%] [Cov:==>                                8%]
[Progress:>                             0%] [Cov:==============>                    41%]
[Progress:>                             0%] [Cov:==================>                52%]
[Progress:>                             0%] [Cov:===================>               56%]
[Progress:>                             0%] [Cov:===================>               57%]
[Progress:>                             1%] [Cov:=>                                 3%]
[Progress:>                             1%] [Cov:==>                                7%]
[Progress:>                             1%] [Cov:==============>                    40%]
[Progress:>                             1%] [Cov:===================>               57%]
[Progress:>                             1%] [Cov:=====================>             61%]
[Progress:>                             1%] [Cov:=====================>             61%]
[Progress:>                             1%] [Cov:=====================>             61%]
[Progress:>                             2%] [Cov:=====================>             61%]
[Progress:>                             2%] [Cov:=====================>             62%]
[Progress:>                             2%] [Cov:======================>            64%]
[Progress:>                             2%] [Cov:======================>            64%]
[Progress:>                             2%] [Cov:======================>            64%]
[Progress:>                             2%] [Cov:======================>            64%]
[Progress:>                             2%] [Cov:======================>            65%]
[Progress:>                             2%] [Cov:=======================>           67%]
[Progress:>                             2%] [Cov:=======================>           67%]
[Progress:>                             2%] [Cov:=======================>           67%]
[Progress:>                             3%] [Cov:=======================>           67%]
[Progress:>                             3%] [Cov:=======================>           68%]
[Progress:>                             3%] [Cov:========================>          70%]
[Progress:>                             3%] [Cov:========================>          70%]
[Progress:>                             3%] [Cov:========================>          70%]
[Progress:>                             3%] [Cov:========================>          70%]
[Progress:>                             3%] [Cov:========================>          70%]
[Progress:>                             3%] [Cov:========================>          70%]
[Progress:>                             3%] [Cov:========================>          70%]
[Progress:>                             3%] [Cov:========================>          71%]
[Progress:>                             3%] [Cov:=========================>         72%]
[Progress:=>                            4%] [Cov:========================>          70%]
[Progress:=>                            4%] [Cov:=========================>         72%]
[Progress:=>                            4%] [Cov:=========================>         72%]
[Progress:=>                            4%] [Cov:=========================>         72%]
[Progress:=>                            4%] [Cov:=========================>         72%]
[Progress:=>                            4%] [Cov:=========================>         72%]
[Progress:=>                            4%] [Cov:=========================>         72%]
[Progress:=>                            4%] [Cov:=========================>         72%]
[Progress:=>                            5%] [Cov:=========================>         72%]
[Progress:=>                            5%] [Cov:=========================>         72%]
[Progress:=>                            5%] [Cov:=========================>         72%]
[Progress:=>                            5%] [Cov:=========================>         72%]
[Progress:=>                            5%] [Cov:=========================>         72%]
[Progress:=>                            5%] [Cov:=========================>         73%]
[Progress:=>                            5%] [Cov:=========================>         73%]
[Progress:=>                            5%] [Cov:=========================>         73%]
[Progress:=>                            5%] [Cov:=========================>         73%]
[Progress:=>                            5%] [Cov:=========================>         73%]
[Progress:=>                            5%] [Cov:=========================>         73%]
[Progress:=>                            5%] [Cov:=========================>         73%]
[Progress:=>                            5%] [Cov:=========================>         73%]
[Progress:=>                            5%] [Cov:=========================>         73%]
[Progress:=>                            5%] [Cov:=========================>         73%]
[Progress:=>                            5%] [Cov:=========================>         73%]
[Progress:=>                            6%] [Cov:=========================>         73%]
[Progress:=>                            6%] [Cov:=========================>         73%]
[Progress:=>                            6%] [Cov:=========================>         73%]
[Progress:=>                            6%] [Cov:=========================>         73%]
[Progress:=>                            6%] [Cov:=========================>         73%]
[Progress:=>                            6%] [Cov:=========================>         73%]
[Progress:=>                            6%] [Cov:=========================>         73%]
[Progress:=>                            6%] [Cov:=========================>         73%]
[Progress:=>                            6%] [Cov:=========================>         74%]
[Progress:==>                           7%] [Cov:=========================>         74%]
[Progress:==>                           7%] [Cov:=========================>         74%]
[Progress:==>                           7%] [Cov:=========================>         74%]
[Progress:==>                           7%] [Cov:=========================>         74%]
[Progress:==>                           7%] [Cov:=========================>         74%]
[Progress:==>                           7%] [Cov:=========================>         74%]
[Progress:==>                           7%] [Cov:=========================>         74%]
[Progress:==>                           7%] [Cov:=========================>         74%]
[Progress:==>                           8%] [Cov:=========================>         74%]
[Progress:==>                           8%] [Cov:=========================>         74%]
[Progress:==>                           8%] [Cov:=========================>         74%]
[Progress:==>                           8%] [Cov:=========================>         74%]
[Progress:==>                           8%] [Cov:=========================>         74%]
[Progress:==>                           8%] [Cov:=========================>         74%]
[Progress:==>                           8%] [Cov:=========================>         74%]
[Progress:==>                           8%] [Cov:=========================>         74%]
[Progress:==>                           8%] [Cov:=========================>         74%]
[Progress:==>                           9%] [Cov:=========================>         74%]
[Progress:==>                           9%] [Cov:=========================>         74%]
[Progress:==>                           9%] [Cov:=========================>         74%]
[Progress:==>                           9%] [Cov:=========================>         74%]
[Progress:==>                           9%] [Cov:=========================>         74%]
[Progress:==>                           9%] [Cov:=========================>         74%]
[Progress:==>                           9%] [Cov:=========================>         74%]
[Progress:==>                           9%] [Cov:=========================>         74%]
[Progress:==>                           9%] [Cov:=========================>         74%]
[Progress:===>                          10%] [Cov:=========================>         74%]
[Progress:===>                          10%] [Cov:=========================>         74%]
[Progress:===>                          10%] [Cov:=========================>         74%]
[Progress:===>                          10%] [Cov:=========================>         74%]
[Progress:===>                          10%] [Cov:=========================>         74%]
[Progress:===>                          10%] [Cov:=========================>         74%]
[Progress:===>                          10%] [Cov:=========================>         74%]
[Progress:===>                          10%] [Cov:=========================>         74%]
[Progress:===>                          10%] [Cov:=========================>         74%]
[Progress:===>                          10%] [Cov:=========================>         74%]
[Progress:===>                          10%] [Cov:=========================>         74%]
[Progress:===>                          10%] [Cov:=========================>         74%]
[Progress:===>                          10%] [Cov:=========================>         74%]
[Progress:===>                          10%] [Cov:=========================>         74%]
[Progress:===>                          10%] [Cov:=========================>         74%]
[Progress:===>                          10%] [Cov:=========================>         74%]
[Progress:===>                          10%] [Cov:=========================>         74%]
[Progress:===>                          11%] [Cov:=========================>         74%]
[Progress:===>                          11%] [Cov:=========================>         74%]
[Progress:===>                          11%] [Cov:=========================>         74%]
[Progress:===>                          11%] [Cov:=========================>         74%]
[Progress:===>                          11%] [Cov:=========================>         74%]
[Progress:===>                          11%] [Cov:=========================>         74%]
[Progress:===>                          11%] [Cov:=========================>         74%]
[Progress:===>                          11%] [Cov:=========================>         74%]
[Progress:===>                          12%] [Cov:=========================>         74%]
[Progress:===>                          12%] [Cov:=========================>         74%]
[Progress:===>                          12%] [Cov:=========================>         74%]
[Progress:===>                          12%] [Cov:=========================>         74%]
[Progress:===>                          12%] [Cov:=========================>         74%]
[Progress:===>                          12%] [Cov:=========================>         74%]
[Progress:===>                          12%] [Cov:=========================>         74%]
[Progress:===>                          12%] [Cov:=========================>         74%]
[Progress:===>                          12%] [Cov:=========================>         74%]
[Progress:===>                          13%] [Cov:=========================>         74%]
[Progress:===>                          13%] [Cov:=========================>         74%]
[Progress:===>                          13%] [Cov:=========================>         74%]
[Progress:===>                          13%] [Cov:=========================>         74%]
[Progress:===>                          13%] [Cov:=========================>         74%]
[Progress:===>                          13%] [Cov:=========================>         74%]
[Progress:===>                          13%] [Cov:=========================>         74%]
[Progress:===>                          13%] [Cov:=========================>         74%]
[Progress:===>                          13%] [Cov:=========================>         74%]
[Progress:====>                         14%] [Cov:=========================>         74%]
[Progress:====>                         14%] [Cov:=========================>         74%]
[Progress:====>                         14%] [Cov:=========================>         74%]
[Progress:====>                         14%] [Cov:=========================>         74%]
[Progress:====>                         14%] [Cov:=========================>         74%]
[Progress:====>                         14%] [Cov:=========================>         74%]
[Progress:====>                         14%] [Cov:=========================>         74%]
[Progress:====>                         14%] [Cov:=========================>         74%]
[Progress:====>                         15%] [Cov:=========================>         74%]
[Progress:====>                         15%] [Cov:=========================>         74%]
[Progress:====>                         15%] [Cov:=========================>         74%]
[Progress:====>                         15%] [Cov:=========================>         74%]
[Progress:====>                         15%] [Cov:=========================>         74%]
[Progress:====>                         15%] [Cov:=========================>         74%]
[Progress:====>                         15%] [Cov:=========================>         74%]
[Progress:====>                         15%] [Cov:=========================>         74%]
[Progress:====>                         15%] [Cov:=========================>         74%]
[Progress:====>                         15%] [Cov:=========================>         74%]
[Progress:====>                         15%] [Cov:=========================>         74%]
[Progress:====>                         15%] [Cov:=========================>         74%]
[Progress:====>                         15%] [Cov:=========================>         74%]
[Progress:====>                         15%] [Cov:=========================>         74%]
[Progress:====>                         15%] [Cov:=========================>         74%]
[Progress:====>                         15%] [Cov:=========================>         74%]
[Progress:====>                         15%] [Cov:=========================>         74%]
[Progress:====>                         15%] [Cov:=========================>         74%]
[Progress:====>                         16%] [Cov:=========================>         74%]
[Progress:====>                         16%] [Cov:=========================>         74%]
[Progress:====>                         16%] [Cov:=========================>         74%]
[Progress:====>                         16%] [Cov:=========================>         74%]
[Progress:====>                         16%] [Cov:=========================>         74%]
[Progress:====>                         16%] [Cov:=========================>         74%]
[Progress:====>                         16%] [Cov:=========================>         74%]
[Progress:====>                         16%] [Cov:=========================>         74%]
[Progress:====>                         16%] [Cov:=========================>         74%]
[Progress:=====>                        17%] [Cov:=========================>         74%]
[Progress:=====>                        17%] [Cov:=========================>         74%]
[Progress:=====>                        17%] [Cov:=========================>         74%]
[Progress:=====>                        17%] [Cov:=========================>         74%]
[Progress:=====>                        17%] [Cov:=========================>         74%]
[Progress:=====>                        17%] [Cov:=========================>         74%]
[Progress:=====>                        17%] [Cov:=========================>         74%]
[Progress:=====>                        17%] [Cov:=========================>         74%]
[Progress:=====>                        17%] [Cov:=========================>         74%]
[Progress:=====>                        17%] [Cov:=========================>         74%]
[Progress:=====>                        18%] [Cov:=========================>         74%]
[Progress:=====>                        18%] [Cov:=========================>         74%]
[Progress:=====>                        18%] [Cov:=========================>         74%]
[Progress:=====>                        18%] [Cov:=========================>         74%]
[Progress:=====>                        18%] [Cov:=========================>         74%]
[Progress:=====>                        18%] [Cov:=========================>         74%]
[Progress:=====>                        18%] [Cov:=========================>         74%]
[Progress:=====>                        18%] [Cov:=========================>         74%]
[Progress:=====>                        18%] [Cov:=========================>         74%]
[Progress:=====>                        18%] [Cov:=========================>         74%]
[Progress:=====>                        18%] [Cov:=========================>         74%]
[Progress:=====>                        19%] [Cov:=========================>         74%]
[Progress:=====>                        19%] [Cov:=========================>         74%]
[Progress:=====>                        19%] [Cov:=========================>         74%]
[Progress:=====>                        19%] [Cov:=========================>         74%]
[Progress:======>                       20%] [Cov:=========================>         74%]
[Progress:======>                       20%] [Cov:=========================>         74%]
[Progress:======>                       20%] [Cov:=========================>         74%]
[Progress:======>                       20%] [Cov:=========================>         74%]
[Progress:======>                       21%] [Cov:=========================>         74%]
[Progress:======>                       21%] [Cov:=========================>         74%]
[Progress:======>                       21%] [Cov:=========================>         74%]
[Progress:======>                       21%] [Cov:=========================>         74%]
[Progress:======>                       21%] [Cov:=========================>         74%]
[Progress:======>                       21%] [Cov:=========================>         74%]
[Progress:======>                       21%] [Cov:=========================>         74%]
[Progress:======>                       21%] [Cov:=========================>         74%]
[Progress:======>                       21%] [Cov:=========================>         74%]
[Progress:======>                       21%] [Cov:=========================>         74%]
[Progress:======>                       22%] [Cov:=========================>         74%]
[Progress:======>                       22%] [Cov:=========================>         74%]
[Progress:======>                       22%] [Cov:=========================>         74%]
[Progress:======>                       22%] [Cov:=========================>         74%]
[Progress:======>                       22%] [Cov:=========================>         74%]
[Progress:======>                       22%] [Cov:=========================>         74%]
[Progress:======>                       22%] [Cov:=========================>         74%]
[Progress:======>                       22%] [Cov:=========================>         74%]
[Progress:======>                       22%] [Cov:=========================>         74%]
[Progress:======>                       22%] [Cov:=========================>         74%]
[Progress:======>                       22%] [Cov:=========================>         74%]
[Progress:======>                       23%] [Cov:=========================>         74%]
[Progress:======>                       23%] [Cov:=========================>         74%]
[Progress:======>                       23%] [Cov:=========================>         74%]
[Progress:======>                       23%] [Cov:=========================>         74%]
[Progress:======>                       23%] [Cov:=========================>         74%]
[Progress:======>                       23%] [Cov:=========================>         74%]
[Progress:======>                       23%] [Cov:=========================>         74%]
[Progress:======>                       23%] [Cov:=========================>         74%]
[Progress:======>                       23%] [Cov:=========================>         74%]
[Progress:======>                       23%] [Cov:=========================>         74%]
[Progress:=======>                      24%] [Cov:=========================>         74%]
[Progress:=======>                      24%] [Cov:=========================>         74%]
[Progress:=======>                      24%] [Cov:=========================>         74%]
[Progress:=======>                      24%] [Cov:=========================>         74%]
[Progress:=======>                      24%] [Cov:=========================>         74%]
[Progress:=======>                      24%] [Cov:=========================>         74%]
[Progress:=======>                      24%] [Cov:=========================>         74%]
[Progress:=======>                      24%] [Cov:=========================>         74%]
[Progress:=======>                      24%] [Cov:=========================>         74%]
[Progress:=======>                      24%] [Cov:=========================>         74%]
[Progress:=======>                      24%] [Cov:=========================>         74%]
[Progress:=======>                      25%] [Cov:=========================>         74%]
[Progress:=======>                      25%] [Cov:=========================>         74%]
[Progress:=======>                      25%] [Cov:=========================>         74%]
[Progress:=======>                      25%] [Cov:=========================>         74%]
[Progress:=======>                      25%] [Cov:=========================>         74%]
[Progress:=======>                      25%] [Cov:=========================>         74%]
[Progress:=======>                      25%] [Cov:=========================>         74%]
[Progress:=======>                      25%] [Cov:=========================>         74%]
[Progress:=======>                      25%] [Cov:=========================>         74%]
[Progress:=======>                      25%] [Cov:=========================>         74%]
[Progress:=======>                      25%] [Cov:=========================>         74%]
[Progress:=======>                      25%] [Cov:=========================>         74%]
[Progress:=======>                      25%] [Cov:=========================>         74%]
[Progress:=======>                      25%] [Cov:=========================>         74%]
[Progress:=======>                      25%] [Cov:=========================>         74%]
[Progress:=======>                      25%] [Cov:=========================>         74%]
[Progress:=======>                      25%] [Cov:=========================>         74%]
[Progress:=======>                      25%] [Cov:=========================>         74%]
[Progress:=======>                      25%] [Cov:=========================>         74%]
[Progress:=======>                      25%] [Cov:=========================>         74%]
[Progress:=======>                      25%] [Cov:=========================>         74%]
[Progress:=======>                      26%] [Cov:=========================>         74%]
[Progress:=======>                      26%] [Cov:=========================>         74%]
[Progress:=======>                      26%] [Cov:=========================>         74%]
[Progress:=======>                      26%] [Cov:=========================>         74%]
[Progress:=======>                      26%] [Cov:=========================>         74%]
[Progress:=======>                      26%] [Cov:=========================>         74%]
[Progress:=======>                      26%] [Cov:=========================>         74%]
[Progress:=======>                      26%] [Cov:=========================>         74%]
[Progress:=======>                      26%] [Cov:=========================>         74%]
[Progress:=======>                      26%] [Cov:=========================>         74%]
[Progress:=======>                      26%] [Cov:=========================>         74%]
[Progress:========>                     27%] [Cov:=========================>         74%]
[Progress:========>                     27%] [Cov:=========================>         74%]
[Progress:========>                     27%] [Cov:=========================>         74%]
[Progress:========>                     27%] [Cov:=========================>         74%]
[Progress:========>                     27%] [Cov:=========================>         74%]
[Progress:========>                     27%] [Cov:=========================>         74%]
[Progress:========>                     27%] [Cov:=========================>         74%]
[Progress:========>                     27%] [Cov:=========================>         74%]
[Progress:========>                     27%] [Cov:=========================>         74%]
[Progress:========>                     27%] [Cov:=========================>         74%]
[Progress:========>                     27%] [Cov:=========================>         74%]
[Progress:========>                     28%] [Cov:=========================>         74%]
[Progress:========>                     28%] [Cov:=========================>         74%]
[Progress:========>                     28%] [Cov:=========================>         74%]
[Progress:========>                     28%] [Cov:=========================>         74%]
[Progress:========>                     28%] [Cov:=========================>         74%]
[Progress:========>                     28%] [Cov:=========================>         74%]
[Progress:========>                     28%] [Cov:=========================>         74%]
[Progress:========>                     28%] [Cov:=========================>         74%]
[Progress:========>                     28%] [Cov:=========================>         74%]
[Progress:========>                     28%] [Cov:=========================>         74%]
[Progress:========>                     28%] [Cov:=========================>         74%]
[Progress:========>                     29%] [Cov:=========================>         74%]
[Progress:========>                     29%] [Cov:=========================>         74%]
[Progress:========>                     29%] [Cov:=========================>         74%]
[Progress:========>                     29%] [Cov:=========================>         74%]
[Progress:========>                     29%] [Cov:=========================>         74%]
[Progress:========>                     29%] [Cov:=========================>         74%]
[Progress:========>                     29%] [Cov:=========================>         74%]
[Progress:========>                     29%] [Cov:=========================>         74%]
[Progress:========>                     29%] [Cov:=========================>         74%]
[Progress:========>                     29%] [Cov:=========================>         74%]
[Progress:========>                     29%] [Cov:=========================>         74%]
[Progress:=========>                    30%] [Cov:=========================>         74%]
[Progress:=========>                    30%] [Cov:=========================>         74%]
[Progress:=========>                    30%] [Cov:=========================>         74%]
[Progress:=========>                    30%] [Cov:=========================>         74%]
[Progress:=========>                    30%] [Cov:=========================>         74%]
[Progress:=========>                    30%] [Cov:=========================>         74%]
[Progress:=========>                    30%] [Cov:=========================>         74%]
[Progress:=========>                    30%] [Cov:=========================>         74%]
[Progress:=========>                    30%] [Cov:=========================>         74%]
[Progress:=========>                    30%] [Cov:=========================>         74%]
[Progress:=========>                    30%] [Cov:=========================>         74%]
[Progress:=========>                    30%] [Cov:=========================>         74%]
[Progress:=========>                    30%] [Cov:=========================>         74%]
[Progress:=========>                    30%] [Cov:=========================>         74%]
[Progress:=========>                    30%] [Cov:=========================>         74%]
[Progress:=========>                    30%] [Cov:=========================>         74%]
[Progress:=========>                    30%] [Cov:=========================>         74%]
[Progress:=========>                    30%] [Cov:=========================>         74%]
[Progress:=========>                    30%] [Cov:=========================>         74%]
[Progress:=========>                    30%] [Cov:=========================>         74%]
[Progress:=========>                    30%] [Cov:=========================>         74%]
[Progress:=========>                    30%] [Cov:=========================>         74%]
[Progress:=========>                    30%] [Cov:=========================>         74%]
[Progress:=========>                    31%] [Cov:=========================>         74%]
[Progress:=========>                    31%] [Cov:=========================>         74%]
[Progress:=========>                    31%] [Cov:=========================>         74%]
[Progress:=========>                    31%] [Cov:=========================>         74%]
[Progress:=========>                    31%] [Cov:=========================>         74%]
[Progress:=========>                    31%] [Cov:=========================>         74%]
[Progress:=========>                    31%] [Cov:=========================>         74%]
[Progress:=========>                    31%] [Cov:=========================>         74%]
[Progress:=========>                    31%] [Cov:=========================>         74%]
[Progress:=========>                    31%] [Cov:=========================>         74%]
[Progress:=========>                    31%] [Cov:=========================>         74%]
[Progress:=========>                    32%] [Cov:=========================>         74%]
[Progress:=========>                    32%] [Cov:=========================>         74%]
[Progress:=========>                    32%] [Cov:=========================>         74%]
[Progress:=========>                    32%] [Cov:=========================>         74%]
[Progress:=========>                    32%] [Cov:=========================>         74%]
[Progress:=========>                    32%] [Cov:=========================>         74%]
[Progress:=========>                    32%] [Cov:=========================>         74%]
[Progress:=========>                    32%] [Cov:=========================>         74%]
[Progress:=========>                    32%] [Cov:=========================>         74%]
[Progress:=========>                    32%] [Cov:=========================>         74%]
[Progress:=========>                    32%] [Cov:=========================>         74%]
[Progress:=========>                    32%] [Cov:=========================>         74%]
[Progress:=========>                    33%] [Cov:=========================>         74%]
[Progress:=========>                    33%] [Cov:=========================>         74%]
[Progress:=========>                    33%] [Cov:=========================>         74%]
[Progress:=========>                    33%] [Cov:=========================>         74%]
[Progress:=========>                    33%] [Cov:=========================>         74%]
[Progress:=========>                    33%] [Cov:=========================>         74%]
[Progress:=========>                    33%] [Cov:=========================>         74%]
[Progress:=========>                    33%] [Cov:=========================>         74%]
[Progress:=========>                    33%] [Cov:=========================>         74%]
[Progress:=========>                    33%] [Cov:=========================>         74%]
[Progress:=========>                    33%] [Cov:=========================>         74%]
[Progress:=========>                    33%] [Cov:=========================>         74%]
[Progress:==========>                   34%] [Cov:=========================>         74%]
[Progress:==========>                   34%] [Cov:=========================>         74%]
[Progress:==========>                   34%] [Cov:=========================>         74%]
[Progress:==========>                   34%] [Cov:=========================>         74%]
[Progress:==========>                   34%] [Cov:=========================>         74%]
[Progress:==========>                   34%] [Cov:=========================>         74%]
[Progress:==========>                   34%] [Cov:=========================>         74%]
[Progress:==========>                   34%] [Cov:=========================>         74%]
[Progress:==========>                   34%] [Cov:=========================>         74%]
[Progress:==========>                   34%] [Cov:=========================>         74%]
[Progress:==========>                   34%] [Cov:=========================>         74%]
[Progress:==========>                   34%] [Cov:=========================>         74%]
[Progress:==========>                   35%] [Cov:=========================>         74%]
[Progress:==========>                   35%] [Cov:=========================>         74%]
[Progress:==========>                   35%] [Cov:=========================>         74%]
[Progress:==========>                   35%] [Cov:=========================>         74%]
[Progress:==========>                   35%] [Cov:=========================>         74%]
[Progress:==========>                   35%] [Cov:=========================>         74%]
[Progress:==========>                   35%] [Cov:=========================>         74%]
[Progress:==========>                   35%] [Cov:=========================>         74%]
[Progress:==========>                   35%] [Cov:=========================>         74%]
[Progress:==========>                   35%] [Cov:=========================>         74%]
[Progress:==========>                   35%] [Cov:=========================>         74%]
[Progress:==========>                   35%] [Cov:=========================>         74%]
[Progress:==========>                   35%] [Cov:=========================>         74%]
[Progress:==========>                   35%] [Cov:=========================>         74%]
[Progress:==========>                   35%] [Cov:=========================>         74%]
[Progress:==========>                   35%] [Cov:=========================>         74%]
[Progress:==========>                   35%] [Cov:=========================>         74%]
[Progress:==========>                   35%] [Cov:=========================>         74%]
[Progress:==========>                   35%] [Cov:=========================>         74%]
[Progress:==========>                   35%] [Cov:=========================>         74%]
[Progress:==========>                   35%] [Cov:=========================>         74%]
[Progress:==========>                   35%] [Cov:=========================>         74%]
[Progress:==========>                   35%] [Cov:=========================>         74%]
[Progress:==========>                   36%] [Cov:=========================>         74%]
[Progress:==========>                   36%] [Cov:=========================>         74%]
[Progress:==========>                   36%] [Cov:=========================>         74%]
[Progress:==========>                   36%] [Cov:=========================>         74%]
[Progress:==========>                   36%] [Cov:=========================>         74%]
[Progress:==========>                   36%] [Cov:=========================>         74%]
[Progress:==========>                   36%] [Cov:=========================>         74%]
[Progress:==========>                   36%] [Cov:=========================>         74%]
[Progress:==========>                   36%] [Cov:=========================>         74%]
[Progress:==========>                   36%] [Cov:=========================>         74%]
[Progress:==========>                   36%] [Cov:=========================>         74%]
[Progress:==========>                   36%] [Cov:=========================>         74%]
[Progress:==========>                   36%] [Cov:=========================>         74%]
[Progress:===========>                  37%] [Cov:=========================>         74%]
[Progress:===========>                  37%] [Cov:=========================>         74%]
[Progress:===========>                  37%] [Cov:=========================>         74%]
[Progress:===========>                  37%] [Cov:=========================>         74%]
[Progress:===========>                  37%] [Cov:=========================>         74%]
[Progress:===========>                  37%] [Cov:=========================>         74%]
[Progress:===========>                  37%] [Cov:=========================>         74%]
[Progress:===========>                  37%] [Cov:=========================>         74%]
[Progress:===========>                  37%] [Cov:=========================>         74%]
[Progress:===========>                  37%] [Cov:=========================>         74%]
[Progress:===========>                  37%] [Cov:=========================>         74%]
[Progress:===========>                  37%] [Cov:=========================>         74%]
[Progress:===========>                  38%] [Cov:=========================>         74%]
[Progress:===========>                  38%] [Cov:=========================>         74%]
[Progress:===========>                  38%] [Cov:=========================>         74%]
[Progress:===========>                  38%] [Cov:=========================>         74%]
[Progress:===========>                  38%] [Cov:=========================>         74%]
[Progress:===========>                  38%] [Cov:=========================>         74%]
[Progress:===========>                  38%] [Cov:=========================>         74%]
[Progress:===========>                  38%] [Cov:=========================>         74%]
[Progress:===========>                  38%] [Cov:=========================>         74%]
[Progress:===========>                  38%] [Cov:=========================>         74%]
[Progress:===========>                  38%] [Cov:=========================>         74%]
[Progress:===========>                  38%] [Cov:=========================>         74%]
[Progress:===========>                  38%] [Cov:=========================>         74%]
[Progress:===========>                  39%] [Cov:=========================>         74%]
[Progress:===========>                  39%] [Cov:=========================>         74%]
[Progress:===========>                  39%] [Cov:=========================>         74%]
[Progress:===========>                  39%] [Cov:=========================>         74%]
[Progress:===========>                  39%] [Cov:=========================>         74%]
[Progress:===========>                  39%] [Cov:=========================>         74%]
[Progress:===========>                  39%] [Cov:=========================>         74%]
[Progress:===========>                  39%] [Cov:=========================>         74%]
[Progress:===========>                  39%] [Cov:=========================>         74%]
[Progress:===========>                  39%] [Cov:=========================>         74%]
[Progress:===========>                  39%] [Cov:=========================>         74%]
[Progress:===========>                  39%] [Cov:=========================>         74%]
[Progress:============>                 40%] [Cov:=========================>         74%]
[Progress:============>                 40%] [Cov:=========================>         74%]
[Progress:============>                 40%] [Cov:=========================>         74%]
[Progress:============>                 40%] [Cov:=========================>         74%]
[Progress:============>                 40%] [Cov:=========================>         74%]
[Progress:============>                 40%] [Cov:=========================>         74%]
[Progress:============>                 40%] [Cov:=========================>         74%]
[Progress:============>                 40%] [Cov:=========================>         74%]
[Progress:============>                 40%] [Cov:=========================>         74%]
[Progress:============>                 40%] [Cov:=========================>         74%]
[Progress:============>                 40%] [Cov:=========================>         74%]
[Progress:============>                 40%] [Cov:=========================>         74%]
[Progress:============>                 40%] [Cov:=========================>         74%]
[Progress:============>                 40%] [Cov:=========================>         74%]
[Progress:============>                 40%] [Cov:=========================>         74%]
[Progress:============>                 40%] [Cov:=========================>         74%]
[Progress:============>                 40%] [Cov:=========================>         74%]
[Progress:============>                 40%] [Cov:=========================>         74%]
[Progress:============>                 40%] [Cov:=========================>         74%]
[Progress:============>                 40%] [Cov:=========================>         74%]
[Progress:============>                 40%] [Cov:=========================>         74%]
[Progress:============>                 40%] [Cov:=========================>         74%]
[Progress:============>                 40%] [Cov:=========================>         74%]
[Progress:============>                 40%] [Cov:=========================>         74%]
[Progress:============>                 41%] [Cov:=========================>         74%]
[Progress:============>                 41%] [Cov:=========================>         74%]
[Progress:============>                 41%] [Cov:=========================>         74%]
[Progress:============>                 41%] [Cov:=========================>         74%]
[Progress:============>                 41%] [Cov:=========================>         74%]
[Progress:============>                 41%] [Cov:=========================>         74%]
[Progress:============>                 41%] [Cov:=========================>         74%]
[Progress:============>                 41%] [Cov:=========================>         74%]
[Progress:============>                 41%] [Cov:=========================>         74%]
[Progress:============>                 41%] [Cov:=========================>         74%]
[Progress:============>                 41%] [Cov:=========================>         74%]
[Progress:============>                 41%] [Cov:=========================>         74%]
[Progress:============>                 41%] [Cov:=========================>         74%]
[Progress:============>                 42%] [Cov:=========================>         74%]
[Progress:============>                 42%] [Cov:=========================>         74%]
[Progress:============>                 42%] [Cov:=========================>         74%]
[Progress:============>                 42%] [Cov:=========================>         74%]
[Progress:============>                 42%] [Cov:=========================>         74%]
[Progress:============>                 42%] [Cov:=========================>         74%]
[Progress:============>                 42%] [Cov:=========================>         74%]
[Progress:============>                 42%] [Cov:=========================>         74%]
[Progress:============>                 42%] [Cov:=========================>         74%]
[Progress:============>                 42%] [Cov:=========================>         74%]
[Progress:============>                 42%] [Cov:=========================>         74%]
[Progress:============>                 42%] [Cov:=========================>         74%]
[Progress:============>                 43%] [Cov:=========================>         74%]
[Progress:============>                 43%] [Cov:=========================>         74%]
[Progress:============>                 43%] [Cov:=========================>         74%]
[Progress:============>                 43%] [Cov:=========================>         74%]
[Progress:============>                 43%] [Cov:=========================>         74%]
[Progress:============>                 43%] [Cov:=========================>         74%]
[Progress:============>                 43%] [Cov:=========================>         74%]
[Progress:============>                 43%] [Cov:=========================>         74%]
[Progress:============>                 43%] [Cov:=========================>         74%]
[Progress:============>                 43%] [Cov:=========================>         74%]
[Progress:============>                 43%] [Cov:=========================>         74%]
[Progress:============>                 43%] [Cov:=========================>         74%]
[Progress:=============>                44%] [Cov:=========================>         74%]
[Progress:=============>                44%] [Cov:=========================>         74%]
[Progress:=============>                44%] [Cov:=========================>         74%]
[Progress:=============>                44%] [Cov:=========================>         74%]
[Progress:=============>                44%] [Cov:=========================>         74%]
[Progress:=============>                44%] [Cov:=========================>         74%]
[Progress:=============>                44%] [Cov:=========================>         74%]
[Progress:=============>                44%] [Cov:=========================>         74%]
[Progress:=============>                44%] [Cov:=========================>         74%]
[Progress:=============>                44%] [Cov:=========================>         74%]
[Progress:=============>                44%] [Cov:=========================>         74%]
[Progress:=============>                45%] [Cov:=========================>         74%]
[Progress:=============>                45%] [Cov:=========================>         74%]
[Progress:=============>                45%] [Cov:=========================>         74%]
[Progress:=============>                45%] [Cov:=========================>         74%]
[Progress:=============>                45%] [Cov:=========================>         74%]
[Progress:=============>                45%] [Cov:=========================>         74%]
[Progress:=============>                45%] [Cov:=========================>         74%]
[Progress:=============>                45%] [Cov:=========================>         74%]
[Progress:=============>                45%] [Cov:=========================>         74%]
[Progress:=============>                45%] [Cov:=========================>         74%]
[Progress:=============>                45%] [Cov:=========================>         74%]
[Progress:=============>                45%] [Cov:=========================>         74%]
[Progress:=============>                45%] [Cov:=========================>         74%]
[Progress:=============>                45%] [Cov:=========================>         74%]
[Progress:=============>                45%] [Cov:=========================>         74%]
[Progress:=============>                45%] [Cov:=========================>         74%]
[Progress:=============>                45%] [Cov:=========================>         74%]
[Progress:=============>                45%] [Cov:=========================>         74%]
[Progress:=============>                45%] [Cov:=========================>         74%]
[Progress:=============>                45%] [Cov:=========================>         74%]
[Progress:=============>                45%] [Cov:=========================>         74%]
[Progress:=============>                45%] [Cov:=========================>         74%]
[Progress:=============>                45%] [Cov:=========================>         74%]
[Progress:=============>                45%] [Cov:=========================>         74%]
[Progress:=============>                46%] [Cov:=========================>         74%]
[Progress:=============>                46%] [Cov:=========================>         74%]
[Progress:=============>                46%] [Cov:=========================>         74%]
[Progress:=============>                46%] [Cov:=========================>         74%]
[Progress:=============>                46%] [Cov:=========================>         74%]
[Progress:=============>                46%] [Cov:=========================>         74%]
[Progress:=============>                46%] [Cov:=========================>         74%]
[Progress:=============>                46%] [Cov:=========================>         74%]
[Progress:=============>                46%] [Cov:=========================>         74%]
[Progress:=============>                46%] [Cov:=========================>         74%]
[Progress:=============>                46%] [Cov:=========================>         74%]
[Progress:=============>                46%] [Cov:=========================>         74%]
[Progress:=============>                46%] [Cov:=========================>         74%]
[Progress:==============>               47%] [Cov:=========================>         74%]
[Progress:==============>               47%] [Cov:=========================>         74%]
[Progress:==============>               47%] [Cov:=========================>         74%]
[Progress:==============>               47%] [Cov:=========================>         74%]
[Progress:==============>               47%] [Cov:=========================>         74%]
[Progress:==============>               47%] [Cov:=========================>         74%]
[Progress:==============>               47%] [Cov:=========================>         74%]
[Progress:==============>               47%] [Cov:=========================>         74%]
[Progress:==============>               47%] [Cov:=========================>         74%]
[Progress:==============>               47%] [Cov:=========================>         74%]
[Progress:==============>               47%] [Cov:=========================>         74%]
[Progress:==============>               47%] [Cov:=========================>         74%]
[Progress:==============>               47%] [Cov:=========================>         74%]
[Progress:==============>               48%] [Cov:=========================>         74%]
[Progress:==============>               48%] [Cov:=========================>         74%]
[Progress:==============>               48%] [Cov:=========================>         74%]
[Progress:==============>               48%] [Cov:=========================>         74%]
[Progress:==============>               48%] [Cov:=========================>         74%]
[Progress:==============>               48%] [Cov:=========================>         74%]
[Progress:==============>               48%] [Cov:=========================>         74%]
[Progress:==============>               48%] [Cov:=========================>         74%]
[Progress:==============>               48%] [Cov:=========================>         74%]
[Progress:==============>               48%] [Cov:=========================>         74%]
[Progress:==============>               48%] [Cov:=========================>         74%]
[Progress:==============>               48%] [Cov:=========================>         74%]
[Progress:==============>               48%] [Cov:=========================>         74%]
[Progress:==============>               49%] [Cov:=========================>         74%]
[Progress:==============>               49%] [Cov:=========================>         74%]
[Progress:==============>               49%] [Cov:=========================>         74%]
[Progress:==============>               49%] [Cov:=========================>         74%]
[Progress:==============>               49%] [Cov:=========================>         74%]
[Progress:==============>               49%] [Cov:=========================>         74%]
[Progress:==============>               49%] [Cov:=========================>         74%]
[Progress:==============>               49%] [Cov:=========================>         74%]
[Progress:==============>               49%] [Cov:=========================>         74%]
[Progress:==============>               49%] [Cov:=========================>         74%]
[Progress:==============>               49%] [Cov:=========================>         74%]
[Progress:==============>               49%] [Cov:=========================>         74%]
[Progress:===============>              50%] [Cov:=========================>         74%]
[Progress:===============>              50%] [Cov:=========================>         74%]
[Progress:===============>              50%] [Cov:=========================>         74%]
[Progress:===============>              50%] [Cov:=========================>         74%]
[Progress:===============>              50%] [Cov:=========================>         74%]
[Progress:===============>              50%] [Cov:=========================>         74%]
[Progress:===============>              50%] [Cov:=========================>         74%]
[Progress:===============>              50%] [Cov:=========================>         74%]
[Progress:===============>              50%] [Cov:=========================>         74%]
[Progress:===============>              50%] [Cov:=========================>         74%]
[Progress:===============>              50%] [Cov:=========================>         74%]
[Progress:===============>              50%] [Cov:=========================>         74%]
[Progress:===============>              50%] [Cov:=========================>         74%]
[Progress:===============>              50%] [Cov:=========================>         74%]
[Progress:===============>              50%] [Cov:=========================>         74%]
[Progress:===============>              50%] [Cov:=========================>         74%]
[Progress:===============>              50%] [Cov:=========================>         74%]
[Progress:===============>              50%] [Cov:=========================>         74%]
[Progress:===============>              50%] [Cov:=========================>         74%]
[Progress:===============>              50%] [Cov:=========================>         74%]
[Progress:===============>              50%] [Cov:=========================>         74%]
[Progress:===============>              50%] [Cov:=========================>         74%]
[Progress:===============>              50%] [Cov:=========================>         74%]
[Progress:===============>              50%] [Cov:=========================>         74%]
[Progress:===============>              50%] [Cov:=========================>         74%]
[Progress:===============>              51%] [Cov:=========================>         74%]
[Progress:===============>              51%] [Cov:=========================>         74%]
[Progress:===============>              51%] [Cov:=========================>         74%]
[Progress:===============>              51%] [Cov:=========================>         74%]
[Progress:===============>              51%] [Cov:=========================>         74%]
[Progress:===============>              51%] [Cov:=========================>         74%]
[Progress:===============>              51%] [Cov:=========================>         74%]
[Progress:===============>              51%] [Cov:=========================>         74%]
[Progress:===============>              51%] [Cov:=========================>         74%]
[Progress:===============>              51%] [Cov:=========================>         74%]
[Progress:===============>              51%] [Cov:=========================>         74%]
[Progress:===============>              51%] [Cov:=========================>         74%]
[Progress:===============>              51%] [Cov:=========================>         74%]
[Progress:===============>              52%] [Cov:=========================>         74%]
[Progress:===============>              52%] [Cov:=========================>         74%]
[Progress:===============>              52%] [Cov:=========================>         74%]
[Progress:===============>              52%] [Cov:=========================>         74%]
[Progress:===============>              52%] [Cov:=========================>         74%]
[Progress:===============>              52%] [Cov:=========================>         74%]
[Progress:===============>              52%] [Cov:=========================>         74%]
[Progress:===============>              52%] [Cov:=========================>         74%]
[Progress:===============>              52%] [Cov:=========================>         74%]
[Progress:===============>              52%] [Cov:=========================>         74%]
[Progress:===============>              52%] [Cov:=========================>         74%]
[Progress:===============>              52%] [Cov:=========================>         74%]
[Progress:===============>              53%] [Cov:=========================>         74%]
[Progress:===============>              53%] [Cov:=========================>         74%]
[Progress:===============>              53%] [Cov:=========================>         74%]
[Progress:===============>              53%] [Cov:=========================>         74%]
[Progress:===============>              53%] [Cov:=========================>         74%]
[Progress:===============>              53%] [Cov:=========================>         74%]
[Progress:===============>              53%] [Cov:=========================>         74%]
[Progress:===============>              53%] [Cov:=========================>         74%]
[Progress:===============>              53%] [Cov:=========================>         74%]
[Progress:===============>              53%] [Cov:=========================>         74%]
[Progress:===============>              53%] [Cov:=========================>         74%]
[Progress:===============>              53%] [Cov:=========================>         74%]
[Progress:===============>              53%] [Cov:=========================>         74%]
[Progress:================>             54%] [Cov:=========================>         74%]
[Progress:================>             54%] [Cov:=========================>         74%]
[Progress:================>             54%] [Cov:=========================>         74%]
[Progress:================>             54%] [Cov:=========================>         74%]
[Progress:================>             54%] [Cov:=========================>         74%]
[Progress:================>             54%] [Cov:=========================>         74%]
[Progress:================>             54%] [Cov:=========================>         74%]
[Progress:================>             54%] [Cov:=========================>         74%]
[Progress:================>             54%] [Cov:=========================>         74%]
[Progress:================>             54%] [Cov:=========================>         74%]
[Progress:================>             54%] [Cov:=========================>         74%]
[Progress:================>             54%] [Cov:=========================>         74%]
[Progress:================>             55%] [Cov:=========================>         74%]
[Progress:================>             55%] [Cov:=========================>         74%]
[Progress:================>             55%] [Cov:=========================>         74%]
[Progress:================>             55%] [Cov:=========================>         74%]
[Progress:================>             55%] [Cov:=========================>         74%]
[Progress:================>             55%] [Cov:=========================>         74%]
[Progress:================>             55%] [Cov:=========================>         74%]
[Progress:================>             55%] [Cov:=========================>         74%]
[Progress:================>             55%] [Cov:=========================>         74%]
[Progress:================>             55%] [Cov:=========================>         74%]
[Progress:================>             55%] [Cov:=========================>         74%]
[Progress:================>             55%] [Cov:=========================>         74%]
[Progress:================>             55%] [Cov:=========================>         74%]
[Progress:================>             55%] [Cov:=========================>         74%]
[Progress:================>             55%] [Cov:=========================>         74%]
[Progress:================>             55%] [Cov:=========================>         74%]
[Progress:================>             55%] [Cov:=========================>         74%]
[Progress:================>             55%] [Cov:=========================>         74%]
[Progress:================>             55%] [Cov:=========================>         74%]
[Progress:================>             55%] [Cov:=========================>         74%]
[Progress:================>             55%] [Cov:=========================>         74%]
[Progress:================>             55%] [Cov:=========================>         74%]
[Progress:================>             55%] [Cov:=========================>         74%]
[Progress:================>             55%] [Cov:=========================>         74%]
[Progress:================>             56%] [Cov:=========================>         74%]
[Progress:================>             56%] [Cov:=========================>         74%]
[Progress:================>             56%] [Cov:=========================>         74%]
[Progress:================>             56%] [Cov:=========================>         74%]
[Progress:================>             56%] [Cov:=========================>         74%]
[Progress:================>             56%] [Cov:=========================>         74%]
[Progress:================>             56%] [Cov:=========================>         74%]
[Progress:================>             56%] [Cov:=========================>         74%]
[Progress:================>             56%] [Cov:=========================>         74%]
[Progress:================>             56%] [Cov:=========================>         74%]
[Progress:================>             56%] [Cov:=========================>         74%]
[Progress:================>             56%] [Cov:=========================>         74%]
[Progress:================>             56%] [Cov:=========================>         74%]
[Progress:=================>            57%] [Cov:=========================>         74%]
[Progress:=================>            57%] [Cov:=========================>         74%]
[Progress:=================>            57%] [Cov:=========================>         74%]
[Progress:=================>            57%] [Cov:=========================>         74%]
[Progress:=================>            57%] [Cov:=========================>         74%]
[Progress:=================>            57%] [Cov:=========================>         74%]
[Progress:=================>            57%] [Cov:=========================>         74%]
[Progress:=================>            57%] [Cov:=========================>         74%]
[Progress:=================>            57%] [Cov:=========================>         74%]
[Progress:=================>            57%] [Cov:=========================>         74%]
[Progress:=================>            57%] [Cov:=========================>         74%]
[Progress:=================>            57%] [Cov:=========================>         74%]
[Progress:=================>            58%] [Cov:=========================>         74%]
[Progress:=================>            58%] [Cov:=========================>         74%]
[Progress:=================>            58%] [Cov:=========================>         74%]
[Progress:=================>            58%] [Cov:=========================>         74%]
[Progress:=================>            58%] [Cov:=========================>         74%]
[Progress:=================>            58%] [Cov:=========================>         74%]
[Progress:=================>            58%] [Cov:=========================>         74%]
[Progress:=================>            58%] [Cov:=========================>         74%]
[Progress:=================>            58%] [Cov:=========================>         74%]
[Progress:=================>            58%] [Cov:=========================>         74%]
[Progress:=================>            58%] [Cov:=========================>         74%]
[Progress:=================>            58%] [Cov:=========================>         74%]
[Progress:=================>            58%] [Cov:=========================>         74%]
[Progress:=================>            59%] [Cov:=========================>         74%]
[Progress:=================>            59%] [Cov:=========================>         74%]
[Progress:=================>            59%] [Cov:=========================>         74%]
[Progress:=================>            59%] [Cov:=========================>         74%]
[Progress:=================>            59%] [Cov:=========================>         74%]
[Progress:=================>            59%] [Cov:=========================>         74%]
[Progress:=================>            59%] [Cov:=========================>         74%]
[Progress:=================>            59%] [Cov:=========================>         74%]
[Progress:=================>            59%] [Cov:=========================>         74%]
[Progress:=================>            59%] [Cov:=========================>         74%]
[Progress:=================>            59%] [Cov:=========================>         74%]
[Progress:=================>            59%] [Cov:=========================>         74%]
[Progress:==================>           60%] [Cov:=========================>         74%]
[Progress:==================>           60%] [Cov:=========================>         74%]
[Progress:==================>           60%] [Cov:=========================>         74%]
[Progress:==================>           60%] [Cov:=========================>         74%]
[Progress:==================>           60%] [Cov:=========================>         74%]
[Progress:==================>           60%] [Cov:=========================>         74%]
[Progress:==================>           60%] [Cov:=========================>         74%]
[Progress:==================>           60%] [Cov:=========================>         74%]
[Progress:==================>           60%] [Cov:=========================>         74%]
[Progress:==================>           60%] [Cov:=========================>         74%]
[Progress:==================>           60%] [Cov:=========================>         74%]
[Progress:==================>           60%] [Cov:=========================>         74%]
[Progress:==================>           60%] [Cov:=========================>         74%]
[Progress:==================>           60%] [Cov:=========================>         74%]
[Progress:==================>           60%] [Cov:=========================>         74%]
[Progress:==================>           60%] [Cov:=========================>         74%]
[Progress:==================>           60%] [Cov:=========================>         74%]
[Progress:==================>           60%] [Cov:=========================>         74%]
[Progress:==================>           60%] [Cov:=========================>         74%]
[Progress:==================>           60%] [Cov:=========================>         74%]
[Progress:==================>           60%] [Cov:=========================>         74%]
[Progress:==================>           60%] [Cov:=========================>         74%]
[Progress:==================>           60%] [Cov:=========================>         74%]
[Progress:==================>           60%] [Cov:=========================>         74%]
[Progress:==================>           60%] [Cov:=========================>         74%]
[Progress:==================>           61%] [Cov:=========================>         74%]
[Progress:==================>           61%] [Cov:=========================>         74%]
[Progress:==================>           61%] [Cov:=========================>         74%]
[Progress:==================>           61%] [Cov:=========================>         74%]
[Progress:==================>           61%] [Cov:=========================>         74%]
[Progress:==================>           61%] [Cov:=========================>         74%]
[Progress:==================>           61%] [Cov:=========================>         74%]
[Progress:==================>           61%] [Cov:=========================>         74%]
[Progress:==================>           61%] [Cov:=========================>         74%]
[Progress:==================>           61%] [Cov:=========================>         74%]
[Progress:==================>           61%] [Cov:=========================>         74%]
[Progress:==================>           61%] [Cov:=========================>         74%]
[Progress:==================>           62%] [Cov:=========================>         74%]
[Progress:==================>           62%] [Cov:=========================>         74%]
[Progress:==================>           62%] [Cov:=========================>         74%]
[Progress:==================>           62%] [Cov:=========================>         74%]
[Progress:==================>           62%] [Cov:=========================>         74%]
[Progress:==================>           62%] [Cov:=========================>         74%]
[Progress:==================>           62%] [Cov:=========================>         74%]
[Progress:==================>           62%] [Cov:=========================>         74%]
[Progress:==================>           62%] [Cov:=========================>         74%]
[Progress:==================>           62%] [Cov:=========================>         74%]
[Progress:==================>           62%] [Cov:=========================>         74%]
[Progress:==================>           62%] [Cov:=========================>         74%]
[Progress:==================>           63%] [Cov:=========================>         74%]
[Progress:==================>           63%] [Cov:=========================>         74%]
[Progress:==================>           63%] [Cov:=========================>         74%]
[Progress:==================>           63%] [Cov:=========================>         74%]
[Progress:==================>           63%] [Cov:=========================>         74%]
[Progress:==================>           63%] [Cov:=========================>         74%]
[Progress:==================>           63%] [Cov:=========================>         74%]
[Progress:==================>           63%] [Cov:=========================>         74%]
[Progress:==================>           63%] [Cov:=========================>         74%]
[Progress:==================>           63%] [Cov:=========================>         74%]
[Progress:==================>           63%] [Cov:=========================>         74%]
[Progress:==================>           63%] [Cov:=========================>         74%]
[Progress:==================>           63%] [Cov:=========================>         74%]
[Progress:===================>          64%] [Cov:=========================>         74%]
[Progress:===================>          64%] [Cov:=========================>         74%]
[Progress:===================>          64%] [Cov:=========================>         74%]
[Progress:===================>          64%] [Cov:=========================>         74%]
[Progress:===================>          64%] [Cov:=========================>         74%]
[Progress:===================>          64%] [Cov:=========================>         74%]
[Progress:===================>          64%] [Cov:=========================>         74%]
[Progress:===================>          64%] [Cov:=========================>         74%]
[Progress:===================>          64%] [Cov:=========================>         74%]
[Progress:===================>          64%] [Cov:=========================>         74%]
[Progress:===================>          64%] [Cov:=========================>         74%]
[Progress:===================>          64%] [Cov:==========================>        75%]
[Progress:===================>          64%] [Cov:==========================>        75%]
[Progress:===================>          65%] [Cov:==========================>        75%]
[Progress:===================>          65%] [Cov:==========================>        75%]
[Progress:===================>          65%] [Cov:==========================>        75%]
[Progress:===================>          65%] [Cov:==========================>        75%]
[Progress:===================>          65%] [Cov:==========================>        75%]
[Progress:===================>          65%] [Cov:==========================>        75%]
[Progress:===================>          65%] [Cov:==========================>        75%]
[Progress:===================>          65%] [Cov:==========================>        75%]
[Progress:===================>          65%] [Cov:==========================>        75%]
[Progress:===================>          65%] [Cov:==========================>        75%]
[Progress:===================>          65%] [Cov:==========================>        75%]
[Progress:===================>          65%] [Cov:==========================>        75%]
[Progress:===================>          65%] [Cov:==========================>        75%]
[Progress:===================>          65%] [Cov:==========================>        75%]
[Progress:===================>          65%] [Cov:==========================>        75%]
[Progress:===================>          65%] [Cov:==========================>        75%]
[Progress:===================>          65%] [Cov:==========================>        75%]
[Progress:===================>          65%] [Cov:==========================>        75%]
[Progress:===================>          65%] [Cov:==========================>        75%]
[Progress:===================>          65%] [Cov:==========================>        75%]
[Progress:===================>          65%] [Cov:==========================>        75%]
[Progress:===================>          65%] [Cov:==========================>        75%]
[Progress:===================>          65%] [Cov:==========================>        75%]
[Progress:===================>          65%] [Cov:==========================>        75%]
[Progress:===================>          66%] [Cov:==========================>        75%]
[Progress:===================>          66%] [Cov:==========================>        75%]
[Progress:===================>          66%] [Cov:==========================>        75%]
[Progress:===================>          66%] [Cov:==========================>        75%]
[Progress:===================>          66%] [Cov:==========================>        75%]
[Progress:===================>          66%] [Cov:==========================>        75%]
[Progress:===================>          66%] [Cov:==========================>        75%]
[Progress:===================>          66%] [Cov:==========================>        75%]
[Progress:===================>          66%] [Cov:==========================>        75%]
[Progress:===================>          66%] [Cov:==========================>        75%]
[Progress:===================>          66%] [Cov:==========================>        75%]
[Progress:===================>          66%] [Cov:==========================>        75%]
[Progress:===================>          66%] [Cov:==========================>        75%]
[Progress:====================>         67%] [Cov:==========================>        75%]
[Progress:====================>         67%] [Cov:==========================>        75%]
[Progress:====================>         67%] [Cov:==========================>        75%]
[Progress:====================>         67%] [Cov:==========================>        75%]
[Progress:====================>         67%] [Cov:==========================>        75%]
[Progress:====================>         67%] [Cov:==========================>        75%]
[Progress:====================>         67%] [Cov:==========================>        75%]
[Progress:====================>         67%] [Cov:==========================>        75%]
[Progress:====================>         67%] [Cov:==========================>        75%]
[Progress:====================>         67%] [Cov:==========================>        75%]
[Progress:====================>         67%] [Cov:==========================>        75%]
[Progress:====================>         67%] [Cov:==========================>        75%]
[Progress:====================>         67%] [Cov:==========================>        75%]
[Progress:====================>         68%] [Cov:==========================>        75%]
[Progress:====================>         68%] [Cov:==========================>        75%]
[Progress:====================>         68%] [Cov:==========================>        75%]
[Progress:====================>         68%] [Cov:==========================>        75%]
[Progress:====================>         68%] [Cov:==========================>        75%]
[Progress:====================>         68%] [Cov:==========================>        75%]
[Progress:====================>         68%] [Cov:==========================>        75%]
[Progress:====================>         68%] [Cov:==========================>        75%]
[Progress:====================>         68%] [Cov:==========================>        75%]
[Progress:====================>         68%] [Cov:==========================>        75%]
[Progress:====================>         68%] [Cov:==========================>        75%]
[Progress:====================>         68%] [Cov:==========================>        75%]
[Progress:====================>         68%] [Cov:==========================>        75%]
[Progress:====================>         69%] [Cov:==========================>        75%]
[Progress:====================>         69%] [Cov:==========================>        75%]
[Progress:====================>         69%] [Cov:==========================>        75%]
[Progress:====================>         69%] [Cov:==========================>        75%]
[Progress:====================>         69%] [Cov:==========================>        75%]
[Progress:====================>         69%] [Cov:==========================>        75%]
[Progress:====================>         69%] [Cov:==========================>        75%]
[Progress:====================>         69%] [Cov:==========================>        75%]
[Progress:====================>         69%] [Cov:==========================>        75%]
[Progress:====================>         69%] [Cov:==========================>        75%]
[Progress:====================>         69%] [Cov:==========================>        75%]
[Progress:====================>         69%] [Cov:==========================>        75%]
[Progress:=====================>        70%] [Cov:==========================>        75%]
[Progress:=====================>        70%] [Cov:==========================>        75%]
[Progress:=====================>        70%] [Cov:==========================>        75%]
[Progress:=====================>        70%] [Cov:==========================>        75%]
[Progress:=====================>        70%] [Cov:==========================>        75%]
[Progress:=====================>        70%] [Cov:==========================>        75%]
[Progress:=====================>        70%] [Cov:==========================>        75%]
[Progress:=====================>        70%] [Cov:==========================>        75%]
[Progress:=====================>        70%] [Cov:==========================>        75%]
[Progress:=====================>        70%] [Cov:==========================>        75%]
[Progress:=====================>        70%] [Cov:==========================>        75%]
[Progress:=====================>        70%] [Cov:==========================>        75%]
[Progress:=====================>        70%] [Cov:==========================>        75%]
[Progress:=====================>        70%] [Cov:==========================>        75%]
[Progress:=====================>        70%] [Cov:==========================>        75%]
[Progress:=====================>        70%] [Cov:==========================>        75%]
[Progress:=====================>        70%] [Cov:==========================>        75%]
[Progress:=====================>        70%] [Cov:==========================>        75%]
[Progress:=====================>        70%] [Cov:==========================>        75%]
[Progress:=====================>        70%] [Cov:==========================>        75%]
[Progress:=====================>        70%] [Cov:==========================>        75%]
[Progress:=====================>        70%] [Cov:==========================>        75%]
[Progress:=====================>        71%] [Cov:==========================>        75%]
[Progress:=====================>        71%] [Cov:==========================>        75%]
[Progress:=====================>        71%] [Cov:==========================>        75%]
[Progress:=====================>        71%] [Cov:==========================>        75%]
[Progress:=====================>        71%] [Cov:==========================>        75%]
[Progress:=====================>        71%] [Cov:==========================>        75%]
[Progress:=====================>        71%] [Cov:==========================>        75%]
[Progress:=====================>        71%] [Cov:==========================>        75%]
[Progress:=====================>        71%] [Cov:==========================>        75%]
[Progress:=====================>        71%] [Cov:==========================>        75%]
[Progress:=====================>        71%] [Cov:==========================>        75%]
[Progress:=====================>        71%] [Cov:==========================>        75%]
[Progress:=====================>        72%] [Cov:==========================>        75%]
[Progress:=====================>        72%] [Cov:==========================>        75%]
[Progress:=====================>        72%] [Cov:==========================>        75%]
[Progress:=====================>        72%] [Cov:==========================>        75%]
[Progress:=====================>        72%] [Cov:==========================>        75%]
[Progress:=====================>        72%] [Cov:==========================>        75%]
[Progress:=====================>        72%] [Cov:==========================>        75%]
[Progress:=====================>        72%] [Cov:==========================>        75%]
[Progress:=====================>        72%] [Cov:==========================>        75%]
[Progress:=====================>        72%] [Cov:==========================>        75%]
[Progress:=====================>        72%] [Cov:==========================>        75%]
[Progress:=====================>        72%] [Cov:==========================>        75%]
[Progress:=====================>        73%] [Cov:==========================>        75%]
[Progress:=====================>        73%] [Cov:==========================>        75%]
[Progress:=====================>        73%] [Cov:==========================>        75%]
[Progress:=====================>        73%] [Cov:==========================>        75%]
[Progress:=====================>        73%] [Cov:==========================>        75%]
[Progress:=====================>        73%] [Cov:==========================>        75%]
[Progress:=====================>        73%] [Cov:==========================>        75%]
[Progress:=====================>        73%] [Cov:==========================>        75%]
[Progress:=====================>        73%] [Cov:==========================>        75%]
[Progress:=====================>        73%] [Cov:==========================>        75%]
[Progress:=====================>        73%] [Cov:==========================>        75%]
[Progress:=====================>        73%] [Cov:==========================>        75%]
[Progress:=====================>        73%] [Cov:==========================>        75%]
[Progress:======================>       74%] [Cov:==========================>        75%]
[Progress:======================>       74%] [Cov:==========================>        75%]
[Progress:======================>       74%] [Cov:==========================>        75%]
[Progress:======================>       74%] [Cov:==========================>        75%]
[Progress:======================>       74%] [Cov:==========================>        75%]
[Progress:======================>       74%] [Cov:==========================>        75%]
[Progress:======================>       74%] [Cov:==========================>        75%]
[Progress:======================>       74%] [Cov:==========================>        75%]
[Progress:======================>       74%] [Cov:==========================>        75%]
[Progress:======================>       74%] [Cov:==========================>        75%]
[Progress:======================>       74%] [Cov:==========================>        75%]
[Progress:======================>       74%] [Cov:==========================>        75%]
[Progress:======================>       75%] [Cov:==========================>        75%]
[Progress:======================>       75%] [Cov:==========================>        75%]
[Progress:======================>       75%] [Cov:==========================>        75%]
[Progress:======================>       75%] [Cov:==========================>        75%]
[Progress:======================>       75%] [Cov:==========================>        75%]
[Progress:======================>       75%] [Cov:==========================>        75%]
[Progress:======================>       75%] [Cov:==========================>        75%]
[Progress:======================>       75%] [Cov:==========================>        75%]
[Progress:======================>       75%] [Cov:==========================>        75%]
[Progress:======================>       75%] [Cov:==========================>        75%]
[Progress:======================>       75%] [Cov:==========================>        75%]
[Progress:======================>       75%] [Cov:==========================>        75%]
[Progress:======================>       75%] [Cov:==========================>        75%]
[Progress:======================>       75%] [Cov:==========================>        75%]
[Progress:======================>       75%] [Cov:==========================>        75%]
[Progress:======================>       75%] [Cov:==========================>        75%]
[Progress:======================>       75%] [Cov:==========================>        75%]
[Progress:======================>       75%] [Cov:==========================>        75%]
[Progress:======================>       75%] [Cov:==========================>        75%]
[Progress:======================>       75%] [Cov:==========================>        75%]
[Progress:======================>       75%] [Cov:==========================>        75%]
[Progress:======================>       75%] [Cov:==========================>        76%]
[Progress:======================>       75%] [Cov:==========================>        77%]
[Progress:======================>       75%] [Cov:==========================>        77%]
[Progress:======================>       75%] [Cov:==========================>        77%]
[Progress:======================>       76%] [Cov:==========================>        77%]
[Progress:======================>       76%] [Cov:==========================>        77%]
[Progress:======================>       76%] [Cov:==========================>        77%]
[Progress:======================>       76%] [Cov:==========================>        77%]
[Progress:======================>       76%] [Cov:==========================>        77%]
[Progress:======================>       76%] [Cov:==========================>        77%]
[Progress:======================>       76%] [Cov:==========================>        77%]
[Progress:======================>       76%] [Cov:==========================>        77%]
[Progress:======================>       76%] [Cov:==========================>        77%]
[Progress:======================>       76%] [Cov:==========================>        77%]
[Progress:======================>       76%] [Cov:==========================>        77%]
[Progress:======================>       76%] [Cov:==========================>        77%]
[Progress:=======================>      77%] [Cov:==========================>        77%]
[Progress:=======================>      77%] [Cov:==========================>        77%]
[Progress:=======================>      77%] [Cov:==========================>        77%]
[Progress:=======================>      77%] [Cov:==========================>        77%]
[Progress:=======================>      77%] [Cov:==========================>        77%]
[Progress:=======================>      77%] [Cov:==========================>        77%]
[Progress:=======================>      77%] [Cov:==========================>        77%]
[Progress:=======================>      77%] [Cov:==========================>        77%]
[Progress:=======================>      77%] [Cov:==========================>        77%]
[Progress:=======================>      77%] [Cov:==========================>        77%]
[Progress:=======================>      77%] [Cov:==========================>        77%]
[Progress:=======================>      78%] [Cov:==========================>        77%]
[Progress:=======================>      78%] [Cov:==========================>        77%]
[Progress:=======================>      78%] [Cov:==========================>        77%]
[Progress:=======================>      78%] [Cov:==========================>        77%]
[Progress:=======================>      78%] [Cov:==========================>        77%]
[Progress:=======================>      78%] [Cov:==========================>        77%]
[Progress:=======================>      78%] [Cov:==========================>        77%]
[Progress:=======================>      78%] [Cov:==========================>        77%]
[Progress:=======================>      78%] [Cov:==========================>        77%]
[Progress:=======================>      78%] [Cov:==========================>        77%]
[Progress:=======================>      78%] [Cov:==========================>        77%]
[Progress:=======================>      78%] [Cov:==========================>        77%]
[Progress:=======================>      79%] [Cov:==========================>        77%]
[Progress:=======================>      79%] [Cov:==========================>        77%]
[Progress:=======================>      79%] [Cov:==========================>        77%]
[Progress:=======================>      79%] [Cov:==========================>        77%]
[Progress:=======================>      79%] [Cov:==========================>        77%]
[Progress:=======================>      79%] [Cov:==========================>        77%]
[Progress:=======================>      79%] [Cov:==========================>        77%]
[Progress:=======================>      79%] [Cov:==========================>        77%]
[Progress:=======================>      79%] [Cov:==========================>        77%]
[Progress:=======================>      79%] [Cov:==========================>        77%]
[Progress:=======================>      79%] [Cov:==========================>        77%]
[Progress:========================>     80%] [Cov:==========================>        77%]
[Progress:========================>     80%] [Cov:==========================>        77%]
[Progress:========================>     80%] [Cov:==========================>        77%]
[Progress:========================>     80%] [Cov:==========================>        77%]
[Progress:========================>     80%] [Cov:==========================>        77%]
[Progress:========================>     80%] [Cov:==========================>        77%]
[Progress:========================>     80%] [Cov:==========================>        77%]
[Progress:========================>     80%] [Cov:==========================>        77%]
[Progress:========================>     80%] [Cov:==========================>        77%]
[Progress:========================>     80%] [Cov:==========================>        77%]
[Progress:========================>     80%] [Cov:==========================>        77%]
[Progress:========================>     80%] [Cov:==========================>        77%]
[Progress:========================>     80%] [Cov:==========================>        77%]
[Progress:========================>     80%] [Cov:==========================>        77%]
[Progress:========================>     80%] [Cov:==========================>        77%]
[Progress:========================>     80%] [Cov:==========================>        77%]
[Progress:========================>     80%] [Cov:==========================>        77%]
[Progress:========================>     80%] [Cov:==========================>        77%]
[Progress:========================>     80%] [Cov:==========================>        77%]
[Progress:========================>     80%] [Cov:==========================>        77%]
[Progress:========================>     80%] [Cov:==========================>        77%]
[Progress:========================>     80%] [Cov:==========================>        77%]
[Progress:========================>     81%] [Cov:==========================>        77%]
[Progress:========================>     81%] [Cov:==========================>        77%]
[Progress:========================>     81%] [Cov:==========================>        77%]
[Progress:========================>     81%] [Cov:==========================>        77%]
[Progress:========================>     81%] [Cov:==========================>        77%]
[Progress:========================>     81%] [Cov:==========================>        77%]
[Progress:========================>     81%] [Cov:==========================>        77%]
[Progress:========================>     81%] [Cov:==========================>        77%]
[Progress:========================>     81%] [Cov:==========================>        77%]
[Progress:========================>     81%] [Cov:==========================>        77%]
[Progress:========================>     81%] [Cov:==========================>        77%]
[Progress:========================>     82%] [Cov:==========================>        77%]
[Progress:========================>     82%] [Cov:==========================>        77%]
[Progress:========================>     82%] [Cov:==========================>        77%]
[Progress:========================>     82%] [Cov:==========================>        77%]
[Progress:========================>     82%] [Cov:==========================>        77%]
[Progress:========================>     82%] [Cov:==========================>        77%]
[Progress:========================>     82%] [Cov:==========================>        77%]
[Progress:========================>     82%] [Cov:==========================>        77%]
[Progress:========================>     82%] [Cov:==========================>        77%]
[Progress:========================>     82%] [Cov:==========================>        77%]
[Progress:========================>     82%] [Cov:==========================>        77%]
[Progress:========================>     82%] [Cov:==========================>        77%]
[Progress:========================>     83%] [Cov:==========================>        77%]
[Progress:========================>     83%] [Cov:==========================>        77%]
[Progress:========================>     83%] [Cov:==========================>        77%]
[Progress:========================>     83%] [Cov:==========================>        77%]
[Progress:========================>     83%] [Cov:==========================>        77%]
[Progress:========================>     83%] [Cov:==========================>        77%]
[Progress:========================>     83%] [Cov:==========================>        77%]
[Progress:========================>     83%] [Cov:==========================>        77%]
[Progress:========================>     83%] [Cov:==========================>        77%]
[Progress:========================>     83%] [Cov:==========================>        77%]
[Progress:========================>     83%] [Cov:==========================>        77%]
[Progress:========================>     83%] [Cov:==========================>        77%]
[Progress:=========================>    84%] [Cov:==========================>        77%]
[Progress:=========================>    84%] [Cov:==========================>        77%]
[Progress:=========================>    84%] [Cov:==========================>        77%]
[Progress:=========================>    84%] [Cov:==========================>        77%]
[Progress:=========================>    84%] [Cov:==========================>        77%]
[Progress:=========================>    84%] [Cov:==========================>        77%]
[Progress:=========================>    84%] [Cov:==========================>        77%]
[Progress:=========================>    84%] [Cov:==========================>        77%]
[Progress:=========================>    84%] [Cov:==========================>        77%]
[Progress:=========================>    84%] [Cov:==========================>        77%]
[Progress:=========================>    84%] [Cov:==========================>        77%]
[Progress:=========================>    85%] [Cov:==========================>        77%]
[Progress:=========================>    85%] [Cov:==========================>        77%]
[Progress:=========================>    85%] [Cov:==========================>        77%]
[Progress:=========================>    85%] [Cov:==========================>        77%]
[Progress:=========================>    85%] [Cov:==========================>        77%]
[Progress:=========================>    85%] [Cov:==========================>        77%]
[Progress:=========================>    85%] [Cov:==========================>        77%]
[Progress:=========================>    85%] [Cov:==========================>        77%]
[Progress:=========================>    85%] [Cov:==========================>        77%]
[Progress:=========================>    85%] [Cov:==========================>        77%]
[Progress:=========================>    85%] [Cov:==========================>        77%]
[Progress:=========================>    85%] [Cov:==========================>        77%]
[Progress:=========================>    85%] [Cov:==========================>        77%]
[Progress:=========================>    85%] [Cov:==========================>        77%]
[Progress:=========================>    85%] [Cov:==========================>        77%]
[Progress:=========================>    85%] [Cov:==========================>        77%]
[Progress:=========================>    85%] [Cov:==========================>        77%]
[Progress:=========================>    85%] [Cov:==========================>        77%]
[Progress:=========================>    85%] [Cov:==========================>        77%]
[Progress:=========================>    85%] [Cov:==========================>        77%]
[Progress:=========================>    85%] [Cov:==========================>        77%]
[Progress:=========================>    86%] [Cov:==========================>        77%]
[Progress:=========================>    86%] [Cov:==========================>        77%]
[Progress:=========================>    86%] [Cov:==========================>        77%]
[Progress:=========================>    86%] [Cov:==========================>        77%]
[Progress:=========================>    86%] [Cov:==========================>        77%]
[Progress:=========================>    86%] [Cov:==========================>        77%]
[Progress:=========================>    86%] [Cov:==========================>        77%]
[Progress:=========================>    86%] [Cov:==========================>        77%]
[Progress:=========================>    86%] [Cov:==========================>        77%]
[Progress:=========================>    86%] [Cov:==========================>        77%]
[Progress:=========================>    86%] [Cov:==========================>        77%]
[Progress:==========================>   87%] [Cov:==========================>        77%]
[Progress:==========================>   87%] [Cov:==========================>        77%]
[Progress:==========================>   87%] [Cov:==========================>        77%]
[Progress:==========================>   87%] [Cov:==========================>        77%]
[Progress:==========================>   87%] [Cov:==========================>        77%]
[Progress:==========================>   87%] [Cov:==========================>        77%]
[Progress:==========================>   87%] [Cov:==========================>        77%]
[Progress:==========================>   87%] [Cov:==========================>        77%]
[Progress:==========================>   87%] [Cov:==========================>        77%]
[Progress:==========================>   87%] [Cov:==========================>        77%]
[Progress:==========================>   87%] [Cov:==========================>        77%]
[Progress:==========================>   88%] [Cov:==========================>        77%]
[Progress:==========================>   88%] [Cov:==========================>        77%]
[Progress:==========================>   88%] [Cov:==========================>        77%]
[Progress:==========================>   88%] [Cov:==========================>        77%]
[Progress:==========================>   88%] [Cov:==========================>        77%]
[Progress:==========================>   88%] [Cov:==========================>        77%]
[Progress:==========================>   88%] [Cov:==========================>        77%]
[Progress:==========================>   88%] [Cov:==========================>        77%]
[Progress:==========================>   88%] [Cov:==========================>        77%]
[Progress:==========================>   88%] [Cov:==========================>        77%]
[Progress:==========================>   88%] [Cov:==========================>        77%]
[Progress:==========================>   88%] [Cov:==========================>        77%]
[Progress:==========================>   89%] [Cov:==========================>        77%]
[Progress:==========================>   89%] [Cov:==========================>        77%]
[Progress:==========================>   89%] [Cov:==========================>        77%]
[Progress:==========================>   89%] [Cov:==========================>        77%]
[Progress:==========================>   89%] [Cov:==========================>        77%]
[Progress:==========================>   89%] [Cov:==========================>        77%]
[Progress:==========================>   89%] [Cov:==========================>        77%]
[Progress:==========================>   89%] [Cov:==========================>        77%]
[Progress:==========================>   89%] [Cov:==========================>        77%]
[Progress:==========================>   89%] [Cov:==========================>        77%]
[Progress:==========================>   89%] [Cov:==========================>        77%]
[Progress:==========================>   89%] [Cov:==========================>        77%]
[Progress:===========================>  90%] [Cov:==========================>        77%]
[Progress:===========================>  90%] [Cov:==========================>        77%]
[Progress:===========================>  90%] [Cov:==========================>        77%]
[Progress:===========================>  90%] [Cov:==========================>        77%]
[Progress:===========================>  90%] [Cov:==========================>        77%]
[Progress:===========================>  90%] [Cov:==========================>        77%]
[Progress:===========================>  90%] [Cov:==========================>        77%]
[Progress:===========================>  90%] [Cov:==========================>        77%]
[Progress:===========================>  90%] [Cov:==========================>        77%]
[Progress:===========================>  90%] [Cov:==========================>        77%]
[Progress:===========================>  90%] [Cov:==========================>        77%]
[Progress:===========================>  90%] [Cov:==========================>        77%]
[Progress:===========================>  90%] [Cov:==========================>        77%]
[Progress:===========================>  90%] [Cov:==========================>        77%]
[Progress:===========================>  90%] [Cov:==========================>        77%]
[Progress:===========================>  90%] [Cov:==========================>        77%]
[Progress:===========================>  90%] [Cov:==========================>        77%]
[Progress:===========================>  90%] [Cov:==========================>        77%]
[Progress:===========================>  90%] [Cov:==========================>        77%]
[Progress:===========================>  90%] [Cov:==========================>        77%]
[Progress:===========================>  90%] [Cov:==========================>        77%]
[Progress:===========================>  90%] [Cov:==========================>        77%]
[Progress:===========================>  91%] [Cov:==========================>        77%]
[Progress:===========================>  91%] [Cov:==========================>        77%]
[Progress:===========================>  91%] [Cov:==========================>        77%]
[Progress:===========================>  91%] [Cov:==========================>        77%]
[Progress:===========================>  91%] [Cov:==========================>        77%]
[Progress:===========================>  91%] [Cov:==========================>        77%]
[Progress:===========================>  91%] [Cov:==========================>        77%]
[Progress:===========================>  91%] [Cov:==========================>        77%]
[Progress:===========================>  91%] [Cov:==========================>        77%]
[Progress:===========================>  91%] [Cov:==========================>        77%]
[Progress:===========================>  91%] [Cov:==========================>        77%]
[Progress:===========================>  92%] [Cov:==========================>        77%]
[Progress:===========================>  92%] [Cov:==========================>        77%]
[Progress:===========================>  92%] [Cov:==========================>        77%]
[Progress:===========================>  92%] [Cov:==========================>        77%]
[Progress:===========================>  92%] [Cov:==========================>        77%]
[Progress:===========================>  92%] [Cov:==========================>        77%]
[Progress:===========================>  92%] [Cov:==========================>        77%]
[Progress:===========================>  92%] [Cov:==========================>        77%]
[Progress:===========================>  92%] [Cov:==========================>        77%]
[Progress:===========================>  92%] [Cov:==========================>        77%]
[Progress:===========================>  92%] [Cov:==========================>        77%]
[Progress:===========================>  92%] [Cov:==========================>        77%]
[Progress:===========================>  93%] [Cov:==========================>        77%]
[Progress:===========================>  93%] [Cov:==========================>        77%]
[Progress:===========================>  93%] [Cov:==========================>        77%]
[Progress:===========================>  93%] [Cov:==========================>        77%]
[Progress:===========================>  93%] [Cov:==========================>        77%]
[Progress:===========================>  93%] [Cov:==========================>        77%]
[Progress:===========================>  93%] [Cov:==========================>        77%]
[Progress:===========================>  93%] [Cov:==========================>        77%]
[Progress:===========================>  93%] [Cov:==========================>        77%]
[Progress:===========================>  93%] [Cov:==========================>        77%]
[Progress:===========================>  93%] [Cov:==========================>        77%]
[Progress:============================> 94%] [Cov:==========================>        77%]
[Progress:============================> 94%] [Cov:==========================>        77%]
[Progress:============================> 94%] [Cov:==========================>        77%]
[Progress:============================> 94%] [Cov:==========================>        77%]
[Progress:============================> 94%] [Cov:==========================>        77%]
[Progress:============================> 94%] [Cov:==========================>        77%]
[Progress:============================> 94%] [Cov:==========================>        77%]
[Progress:============================> 94%] [Cov:==========================>        77%]
[Progress:============================> 94%] [Cov:==========================>        77%]
[Progress:============================> 94%] [Cov:==========================>        77%]
[Progress:============================> 94%] [Cov:==========================>        77%]
[Progress:============================> 94%] [Cov:==========================>        77%]
[Progress:============================> 95%] [Cov:==========================>        77%]
[Progress:============================> 95%] [Cov:==========================>        77%]
[Progress:============================> 95%] [Cov:==========================>        77%]
[Progress:============================> 95%] [Cov:==========================>        77%]
[Progress:============================> 95%] [Cov:==========================>        77%]
[Progress:============================> 95%] [Cov:==========================>        77%]
[Progress:============================> 95%] [Cov:==========================>        77%]
[Progress:============================> 95%] [Cov:==========================>        77%]
[Progress:============================> 95%] [Cov:==========================>        77%]
[Progress:============================> 95%] [Cov:==========================>        77%]
[Progress:============================> 95%] [Cov:==========================>        77%]
[Progress:============================> 95%] [Cov:==========================>        77%]
[Progress:============================> 95%] [Cov:==========================>        77%]
[Progress:============================> 95%] [Cov:==========================>        77%]
[Progress:============================> 95%] [Cov:==========================>        77%]
[Progress:============================> 95%] [Cov:==========================>        77%]
[Progress:============================> 95%] [Cov:==========================>        77%]
[Progress:============================> 95%] [Cov:==========================>        77%]
[Progress:============================> 95%] [Cov:==========================>        77%]
[Progress:============================> 95%] [Cov:==========================>        77%]
[Progress:============================> 95%] [Cov:==========================>        77%]
[Progress:============================> 96%] [Cov:==========================>        77%]
[Progress:============================> 96%] [Cov:==========================>        77%]
[Progress:============================> 96%] [Cov:==========================>        77%]
[Progress:============================> 96%] [Cov:==========================>        77%]
[Progress:============================> 96%] [Cov:==========================>        77%]
[Progress:============================> 96%] [Cov:==========================>        77%]
[Progress:============================> 96%] [Cov:==========================>        77%]
[Progress:============================> 96%] [Cov:==========================>        77%]
[Progress:============================> 96%] [Cov:==========================>        77%]
[Progress:============================> 96%] [Cov:==========================>        77%]
[Progress:============================> 96%] [Cov:==========================>        77%]
[Progress:=============================>97%] [Cov:==========================>        77%]
[Progress:=============================>97%] [Cov:==========================>        77%]
[Progress:=============================>97%] [Cov:==========================>        77%]
[Progress:=============================>97%] [Cov:==========================>        77%]
[Progress:=============================>97%] [Cov:==========================>        77%]
[Progress:=============================>97%] [Cov:==========================>        77%]
[Progress:=============================>97%] [Cov:==========================>        77%]
[Progress:=============================>97%] [Cov:==========================>        77%]
[Progress:=============================>97%] [Cov:==========================>        77%]
[Progress:=============================>97%] [Cov:==========================>        77%]
[Progress:=============================>97%] [Cov:==========================>        77%]
[Progress:=============================>97%] [Cov:==========================>        77%]
[Progress:=============================>98%] [Cov:==========================>        77%]
[Progress:=============================>98%] [Cov:==========================>        77%]
[Progress:=============================>98%] [Cov:==========================>        77%]
[Progress:=============================>98%] [Cov:==========================>        77%]
[Progress:=============================>98%] [Cov:==========================>        77%]
[Progress:=============================>98%] [Cov:==========================>        77%]
[Progress:=============================>98%] [Cov:==========================>        77%]
[Progress:=============================>98%] [Cov:==========================>        77%]
[Progress:=============================>98%] [Cov:==========================>        77%]
[Progress:=============================>98%] [Cov:==========================>        77%]
[Progress:=============================>98%] [Cov:==========================>        77%]
[Progress:=============================>98%] [Cov:==========================>        77%]
[Progress:=============================>99%] [Cov:==========================>        77%]
[Progress:=============================>99%] [Cov:==========================>        77%]
[Progress:=============================>99%] [Cov:==========================>        77%]
[Progress:=============================>99%] [Cov:==========================>        77%]
[Progress:=============================>99%] [Cov:==========================>        77%]
[Progress:=============================>99%] [Cov:==========================>        77%]
[Progress:=============================>99%] [Cov:==========================>        77%]
[Progress:=============================>99%] [Cov:==========================>        77%]
[Progress:=============================>99%] [Cov:==========================>        77%]
[Progress:=============================>99%] [Cov:==========================>        77%]
[Progress:=============================>99%] [Cov:==========================>        77%]
[Progress:=============================>99%] [Cov:==========================>        77%]
[Progress:==============================100%] [Cov:==========================>        77%]
[Progress:==============================100%] [Cov:==========================>        77%]
[Progress:==============================100%] [Cov:==========================>        77%]
[Progress:==============================100%] [Cov:==========================>        77%]
[Progress:==============================100%] [Cov:==========================>        77%]
[Progress:==============================100%] [Cov:==========================>        77%]
[Progress:==============================100%] [Cov:==========================>        77%]
[Progress:==============================100%] [Cov:==========================>        77%]
[Progress:==============================100%] [Cov:==========================>        77%]
[Progress:==============================100%] [Cov:==========================>        77%]
[Progress:==============================100%] [Cov:==========================>        77%]
[Progress:==============================100%] [Cov:==========================>        77%]
[Progress:==============================100%] [Cov:==========================>        77%]
* Search finished after 122s and 1202 generations, 303597 statements, best individual has fitness: 40.507661715430565
* Minimizing test suite
* Going to analyze the coverage criteria
* Coverage analysis for criterion LINE
* Coverage of criterion LINE: 60%
* Total number of goals: 96
* Number of covered goals: 58
* Coverage analysis for criterion BRANCH
* Coverage of criterion BRANCH: 71%
* Total number of goals: 75
* Number of covered goals: 53
* Coverage analysis for criterion EXCEPTION
* Coverage of criterion EXCEPTION: 100%
* Total number of goals: 4
* Number of covered goals: 4
* Generated 16 tests with total length 36
* Resulting test suite's coverage: 77% (average coverage for all fitness functions)
* Generating assertions
* Resulting test suite's mutation score: 52%
* Compiling and checking tests
* Writing tests to file
* Writing JUnit test case 'Entities_ESTest' to /work/evo_out/Jsoup_47f/budget120_seed1/tests
* Done!

* Computation finished

[exit=0 timeout=False time=132.4s]

$ javac -nowarn -cp /work/Jsoup_47f/target/classes:/opt/defects4j/framework/projects/lib/junit-4.12-hamcrest-1.3.jar:/work/Jsoup_47f/target/classes:/work/Jsoup_47f/target/test-classes:/opt/defects4j/framework/projects/Jsoup/lib/com/google/code/gson/gson/2.7/gson-2.7.jar:/opt/defects4j/framework/projects/Jsoup/lib/commons-lang/commons-lang/2.4/commons-lang-2.4.jar:/opt/defects4j/framework/projects/Jsoup/lib/javax/servlet/javax.servlet-api/3.1.0/javax.servlet-api-3.1.0.jar:/opt/defects4j/framework/projects/Jsoup/lib/org/eclipse/jetty/jetty-http/9.2.22.v20170606/jetty-http-9.2.22.v20170606.jar:/opt/defects4j/framework/projects/Jsoup/lib/org/eclipse/jetty/jetty-http/9.2.26.v20180806/jetty-http-9.2.26.v20180806.jar:/opt/defects4j/framework/projects/Jsoup/lib/org/eclipse/jetty/jetty-http/9.2.28.v20190418/jetty-http-9.2.28.v20190418.jar:/opt/defects4j/framework/projects/Jsoup/lib/org/eclipse/jetty/jetty-io/9.2.22.v20170606/jetty-io-9.2.22.v20170606.jar:/opt/defects4j/framework/projects/Jsoup/lib/org/eclipse/jetty/jetty-io/9.2.26.v20180806/jetty-io-9.2.26.v20180806.jar:/opt/defects4j/framework/projects/Jsoup/lib/org/eclipse/jetty/jetty-io/9.2.28.v20190418/jetty-io-9.2.28.v20190418.jar:/opt/defects4j/framework/projects/Jsoup/lib/org/eclipse/jetty/jetty-security/9.2.22.v20170606/jetty-security-9.2.22.v20170606.jar:/opt/defects4j/framework/projects/Jsoup/lib/org/eclipse/jetty/jetty-security/9.2.26.v20180806/jetty-security-9.2.26.v20180806.jar:/opt/defects4j/framework/projects/Jsoup/lib/org/eclipse/jetty/jetty-security/9.2.28.v20190418/jetty-security-9.2.28.v20190418.jar:/opt/defects4j/framework/projects/Jsoup/lib/org/eclipse/jetty/jetty-server/9.2.22.v20170606/jetty-server-9.2.22.v20170606.jar:/opt/defects4j/framework/projects/Jsoup/lib/org/eclipse/jetty/jetty-server/9.2.26.v20180806/jetty-server-9.2.26.v20180806.jar:/opt/defects4j/framework/projects/Jsoup/lib/org/eclipse/jetty/jetty-server/9.2.28.v20190418/jetty-server-9.2.28.v20190418.jar:/opt/defects4j/framework/projects/Jsoup/lib/org/eclipse/jetty/jetty-servlet/9.2.22.v20170606/jetty-servlet-9.2.22.v20170606.jar:/opt/defects4j/framework/projects/Jsoup/lib/org/eclipse/jetty/jetty-servlet/9.2.26.v20180806/jetty-servlet-9.2.26.v20180806.jar:/opt/defects4j/framework/projects/Jsoup/lib/org/eclipse/jetty/jetty-servlet/9.2.28.v20190418/jetty-servlet-9.2.28.v20190418.jar:/opt/defects4j/framework/projects/Jsoup/lib/org/eclipse/jetty/jetty-util/9.2.22.v20170606/jetty-util-9.2.22.v20170606.jar:/opt/defects4j/framework/projects/Jsoup/lib/org/eclipse/jetty/jetty-util/9.2.26.v20180806/jetty-util-9.2.26.v20180806.jar:/opt/defects4j/framework/projects/Jsoup/lib/org/eclipse/jetty/jetty-util/9.2.28.v20190418/jetty-util-9.2.28.v20190418.jar:/opt/evosuite/evosuite-standalone-runtime-1.2.0.jar -d /work/evo_out/Jsoup_47f/budget120_seed1/classes /work/evo_out/Jsoup_47f/budget120_seed1/tests/org/jsoup/nodes/Entities_ESTest.java /work/evo_out/Jsoup_47f/budget120_seed1/tests/org/jsoup/nodes/Entities_ESTest_scaffolding.java

[exit=0 timeout=False time=0.8s]

$ java -jar /opt/jacoco/lib/jacococli.jar instrument /work/Jsoup_47f/target/classes --dest /work/evo_out/Jsoup_47f/budget120_seed1/instrumented
[INFO] 240 classes instrumented to /work/evo_out/Jsoup_47f/budget120_seed1/instrumented.

[exit=0 timeout=False time=0.4s]

$ java -Djacoco-agent.destfile=/workspace/EvoSuite/Result_Round2/Jsoup_47/budget120_seed1/jacoco.exec -cp /work/evo_out/Jsoup_47f/budget120_seed1/instrumented:/work/evo_out/Jsoup_47f/budget120_seed1/classes:/opt/defects4j/framework/projects/lib/junit-4.12-hamcrest-1.3.jar:/work/Jsoup_47f/target/classes:/work/Jsoup_47f/target/test-classes:/opt/defects4j/framework/projects/Jsoup/lib/com/google/code/gson/gson/2.7/gson-2.7.jar:/opt/defects4j/framework/projects/Jsoup/lib/commons-lang/commons-lang/2.4/commons-lang-2.4.jar:/opt/defects4j/framework/projects/Jsoup/lib/javax/servlet/javax.servlet-api/3.1.0/javax.servlet-api-3.1.0.jar:/opt/defects4j/framework/projects/Jsoup/lib/org/eclipse/jetty/jetty-http/9.2.22.v20170606/jetty-http-9.2.22.v20170606.jar:/opt/defects4j/framework/projects/Jsoup/lib/org/eclipse/jetty/jetty-http/9.2.26.v20180806/jetty-http-9.2.26.v20180806.jar:/opt/defects4j/framework/projects/Jsoup/lib/org/eclipse/jetty/jetty-http/9.2.28.v20190418/jetty-http-9.2.28.v20190418.jar:/opt/defects4j/framework/projects/Jsoup/lib/org/eclipse/jetty/jetty-io/9.2.22.v20170606/jetty-io-9.2.22.v20170606.jar:/opt/defects4j/framework/projects/Jsoup/lib/org/eclipse/jetty/jetty-io/9.2.26.v20180806/jetty-io-9.2.26.v20180806.jar:/opt/defects4j/framework/projects/Jsoup/lib/org/eclipse/jetty/jetty-io/9.2.28.v20190418/jetty-io-9.2.28.v20190418.jar:/opt/defects4j/framework/projects/Jsoup/lib/org/eclipse/jetty/jetty-security/9.2.22.v20170606/jetty-security-9.2.22.v20170606.jar:/opt/defects4j/framework/projects/Jsoup/lib/org/eclipse/jetty/jetty-security/9.2.26.v20180806/jetty-security-9.2.26.v20180806.jar:/opt/defects4j/framework/projects/Jsoup/lib/org/eclipse/jetty/jetty-security/9.2.28.v20190418/jetty-security-9.2.28.v20190418.jar:/opt/defects4j/framework/projects/Jsoup/lib/org/eclipse/jetty/jetty-server/9.2.22.v20170606/jetty-server-9.2.22.v20170606.jar:/opt/defects4j/framework/projects/Jsoup/lib/org/eclipse/jetty/jetty-server/9.2.26.v20180806/jetty-server-9.2.26.v20180806.jar:/opt/defects4j/framework/projects/Jsoup/lib/org/eclipse/jetty/jetty-server/9.2.28.v20190418/jetty-server-9.2.28.v20190418.jar:/opt/defects4j/framework/projects/Jsoup/lib/org/eclipse/jetty/jetty-servlet/9.2.22.v20170606/jetty-servlet-9.2.22.v20170606.jar:/opt/defects4j/framework/projects/Jsoup/lib/org/eclipse/jetty/jetty-servlet/9.2.26.v20180806/jetty-servlet-9.2.26.v20180806.jar:/opt/defects4j/framework/projects/Jsoup/lib/org/eclipse/jetty/jetty-servlet/9.2.28.v20190418/jetty-servlet-9.2.28.v20190418.jar:/opt/defects4j/framework/projects/Jsoup/lib/org/eclipse/jetty/jetty-util/9.2.22.v20170606/jetty-util-9.2.22.v20170606.jar:/opt/defects4j/framework/projects/Jsoup/lib/org/eclipse/jetty/jetty-util/9.2.26.v20180806/jetty-util-9.2.26.v20180806.jar:/opt/defects4j/framework/projects/Jsoup/lib/org/eclipse/jetty/jetty-util/9.2.28.v20190418/jetty-util-9.2.28.v20190418.jar:/opt/evosuite/evosuite-standalone-runtime-1.2.0.jar:/opt/jacoco/lib/jacocoagent.jar org.junit.runner.JUnitCore org.jsoup.nodes.Entities_ESTest
JUnit version 4.12
................
Time: 0.842

OK (16 tests)

SLF4J: Failed to load class "org.slf4j.impl.StaticLoggerBinder".
SLF4J: Defaulting to no-operation (NOP) logger implementation
SLF4J: See http://www.slf4j.org/codes.html#StaticLoggerBinder for further details.
WARNING: An illegal reflective access operation has occurred
WARNING: Illegal reflective access by org.evosuite.runtime.GuiSupport (file:/opt/evosuite/evosuite-standalone-runtime-1.2.0.jar) to field java.awt.GraphicsEnvironment.headless
WARNING: Please consider reporting this to the maintainers of org.evosuite.runtime.GuiSupport
WARNING: Use --illegal-access=warn to enable warnings of further illegal reflective access operations
WARNING: All illegal access operations will be denied in a future release

[exit=0 timeout=False time=1.5s]

$ java -jar /opt/jacoco/lib/jacococli.jar report /workspace/EvoSuite/Result_Round2/Jsoup_47/budget120_seed1/jacoco.exec --classfiles /work/Jsoup_47f/target/classes --csv /workspace/EvoSuite/Result_Round2/Jsoup_47/budget120_seed1/jacoco.csv
[INFO] Loading execution data file /workspace/EvoSuite/Result_Round2/Jsoup_47/budget120_seed1/jacoco.exec.
[INFO] Analyzing 219 classes.

[exit=0 timeout=False time=0.4s]

$ java -cp /work/evo_out/Jsoup_47f/budget120_seed1/classes:/opt/defects4j/framework/projects/lib/junit-4.12-hamcrest-1.3.jar:/work/Jsoup_47b/target/classes:/work/Jsoup_47b/target/test-classes:/opt/defects4j/framework/projects/Jsoup/lib/com/google/code/gson/gson/2.7/gson-2.7.jar:/opt/defects4j/framework/projects/Jsoup/lib/commons-lang/commons-lang/2.4/commons-lang-2.4.jar:/opt/defects4j/framework/projects/Jsoup/lib/javax/servlet/javax.servlet-api/3.1.0/javax.servlet-api-3.1.0.jar:/opt/defects4j/framework/projects/Jsoup/lib/org/eclipse/jetty/jetty-http/9.2.22.v20170606/jetty-http-9.2.22.v20170606.jar:/opt/defects4j/framework/projects/Jsoup/lib/org/eclipse/jetty/jetty-http/9.2.26.v20180806/jetty-http-9.2.26.v20180806.jar:/opt/defects4j/framework/projects/Jsoup/lib/org/eclipse/jetty/jetty-http/9.2.28.v20190418/jetty-http-9.2.28.v20190418.jar:/opt/defects4j/framework/projects/Jsoup/lib/org/eclipse/jetty/jetty-io/9.2.22.v20170606/jetty-io-9.2.22.v20170606.jar:/opt/defects4j/framework/projects/Jsoup/lib/org/eclipse/jetty/jetty-io/9.2.26.v20180806/jetty-io-9.2.26.v20180806.jar:/opt/defects4j/framework/projects/Jsoup/lib/org/eclipse/jetty/jetty-io/9.2.28.v20190418/jetty-io-9.2.28.v20190418.jar:/opt/defects4j/framework/projects/Jsoup/lib/org/eclipse/jetty/jetty-security/9.2.22.v20170606/jetty-security-9.2.22.v20170606.jar:/opt/defects4j/framework/projects/Jsoup/lib/org/eclipse/jetty/jetty-security/9.2.26.v20180806/jetty-security-9.2.26.v20180806.jar:/opt/defects4j/framework/projects/Jsoup/lib/org/eclipse/jetty/jetty-security/9.2.28.v20190418/jetty-security-9.2.28.v20190418.jar:/opt/defects4j/framework/projects/Jsoup/lib/org/eclipse/jetty/jetty-server/9.2.22.v20170606/jetty-server-9.2.22.v20170606.jar:/opt/defects4j/framework/projects/Jsoup/lib/org/eclipse/jetty/jetty-server/9.2.26.v20180806/jetty-server-9.2.26.v20180806.jar:/opt/defects4j/framework/projects/Jsoup/lib/org/eclipse/jetty/jetty-server/9.2.28.v20190418/jetty-server-9.2.28.v20190418.jar:/opt/defects4j/framework/projects/Jsoup/lib/org/eclipse/jetty/jetty-servlet/9.2.22.v20170606/jetty-servlet-9.2.22.v20170606.jar:/opt/defects4j/framework/projects/Jsoup/lib/org/eclipse/jetty/jetty-servlet/9.2.26.v20180806/jetty-servlet-9.2.26.v20180806.jar:/opt/defects4j/framework/projects/Jsoup/lib/org/eclipse/jetty/jetty-servlet/9.2.28.v20190418/jetty-servlet-9.2.28.v20190418.jar:/opt/defects4j/framework/projects/Jsoup/lib/org/eclipse/jetty/jetty-util/9.2.22.v20170606/jetty-util-9.2.22.v20170606.jar:/opt/defects4j/framework/projects/Jsoup/lib/org/eclipse/jetty/jetty-util/9.2.26.v20180806/jetty-util-9.2.26.v20180806.jar:/opt/defects4j/framework/projects/Jsoup/lib/org/eclipse/jetty/jetty-util/9.2.28.v20190418/jetty-util-9.2.28.v20190418.jar:/opt/evosuite/evosuite-standalone-runtime-1.2.0.jar org.junit.runner.JUnitCore org.jsoup.nodes.Entities_ESTest
JUnit version 4.12
..........E......
Time: 0.791
There was 1 failure:
1) test05(org.jsoup.nodes.Entities_ESTest)
org.junit.ComparisonFailure: expected:<[&lt;]N&quot;P^H|arVA&quo...> but was:<[<]N&quot;P^H|arVA&quo...>
	at org.junit.Assert.assertEquals(Assert.java:115)
	at org.junit.Assert.assertEquals(Assert.java:144)
	at org.jsoup.nodes.Entities_ESTest.test05(Entities_ESTest.java:99)
	at java.base/jdk.internal.reflect.NativeMethodAccessorImpl.invoke0(Native Method)
	at java.base/jdk.internal.reflect.NativeMethodAccessorImpl.invoke(NativeMethodAccessorImpl.java:62)
	at java.base/jdk.internal.reflect.DelegatingMethodAccessorImpl.invoke(DelegatingMethodAccessorImpl.java:43)
	at java.base/java.lang.reflect.Method.invoke(Method.java:566)
	at org.junit.runners.model.FrameworkMethod$1.runReflectiveCall(FrameworkMethod.java:50)
	at org.junit.internal.runners.model.ReflectiveCallable.run(ReflectiveCallable.java:12)
	at org.junit.runners.model.FrameworkMethod.invokeExplosively(FrameworkMethod.java:47)
	at org.junit.internal.runners.statements.InvokeMethod.evaluate(InvokeMethod.java:17)
	at org.junit.internal.runners.statements.FailOnTimeout$CallableStatement.call(FailOnTimeout.java:298)
	at org.junit.internal.runners.statements.FailOnTimeout$CallableStatement.call(FailOnTimeout.java:292)
	at java.base/java.util.concurrent.FutureTask.run(FutureTask.java:264)
	at java.base/java.lang.Thread.run(Thread.java:829)

FAILURES!!!
Tests run: 16,  Failures: 1

SLF4J: Failed to load class "org.slf4j.impl.StaticLoggerBinder".
SLF4J: Defaulting to no-operation (NOP) logger implementation
SLF4J: See http://www.slf4j.org/codes.html#StaticLoggerBinder for further details.
WARNING: An illegal reflective access operation has occurred
WARNING: Illegal reflective access by org.evosuite.runtime.GuiSupport (file:/opt/evosuite/evosuite-standalone-runtime-1.2.0.jar) to field java.awt.GraphicsEnvironment.headless
WARNING: Please consider reporting this to the maintainers of org.evosuite.runtime.GuiSupport
WARNING: Use --illegal-access=warn to enable warnings of further illegal reflective access operations
WARNING: All illegal access operations will be denied in a future release

[exit=1 timeout=False time=1.0s]
