
$ defects4j compile -w /work/Chart_23f
Running ant (compile)...................................................... OK
Running ant (compile.tests)................................................ OK

[exit=0 timeout=False time=1.3s]

$ defects4j compile -w /work/Chart_23b
Running ant (compile)...................................................... OK
Running ant (compile.tests)................................................ OK

[exit=0 timeout=False time=1.2s]

$ java -Djava.awt.headless=true -cp /opt/defects4j/framework/projects/lib/junit-4.12-hamcrest-1.3.jar:/opt/evosuite/evosuite-1.2.0.jar:/work/Chart_23f/build:/work/Chart_23f/lib/servlet.jar:/work/Chart_23f/build-tests org.evosuite.EvoSuite -generateSuite -class org.jfree.chart.renderer.category.MinMaxCategoryRenderer -projectCP /opt/defects4j/framework/projects/lib/junit-4.12-hamcrest-1.3.jar:/work/Chart_23f/build:/work/Chart_23f/lib/servlet.jar:/work/Chart_23f/build-tests -Dcriterion=LINE:BRANCH:EXCEPTION -Dsearch_budget=120 -seed 1 -Dtest_dir=/work/evo_out/Chart_23f/budget120_seed1/tests -Dreport_dir=/work/evo_out/Chart_23f/budget120_seed1/report
* EvoSuite 1.2.0
* Going to generate test cases for class: org.jfree.chart.renderer.category.MinMaxCategoryRenderer
* Starting Client-0
* Connecting to master process on port 9922
* Analyzing classpath: 
  - /opt/defects4j/framework/projects/lib/junit-4.12-hamcrest-1.3.jar
  - /work/Chart_23f/build
  - /work/Chart_23f/lib/servlet.jar
  - /work/Chart_23f/build-tests
[MASTER] 07:59:04.900 [logback-1] WARN  InheritanceTree - Class not in inheritance graph: java.util.Locale$IsoCountryCode
[MASTER] 07:59:05.089 [logback-1] WARN  InheritanceTree - Class not in inheritance graph: java.io.ObjectInputFilter
[MASTER] 07:59:06.964 [logback-1] WARN  InheritanceTree - Class not in inheritance graph: java.lang.module.ModuleFinder
* Finished analyzing classpath
* Generating tests for class org.jfree.chart.renderer.category.MinMaxCategoryRenderer
* Test criteria:
  - Line Coverage
  - Branch Coverage
  - Exception
* Setting up search algorithm for whole suite generation
* Total number of test goals: 
  - Line 154
  - Branch 73
  - Exception 0

[Progress:>                             0%] [Cov:>                                  0%]* Using seed 1
* Starting evolution
[MASTER] 07:59:09.034 [logback-1] WARN  TestCluster - Failed to check cache for javax.swing.JLayer<V> : Type points to itself

[Progress:>                             1%] [Cov:===>                               9%]
[Progress:>                             1%] [Cov:=====>                             17%]
[Progress:>                             1%] [Cov:=================>                 51%]
[Progress:>                             1%] [Cov:==================>                52%]
[Progress:>                             2%] [Cov:==>                                8%]
[Progress:>                             2%] [Cov:=====>                             17%]
[Progress:>                             2%] [Cov:=================>                 50%]
[Progress:>                             2%] [Cov:===================>               56%]
[Progress:>                             3%] [Cov:===>                               9%]
[Progress:>                             3%] [Cov:=====>                             17%]
[Progress:>                             3%] [Cov:=================>                 50%]
[Progress:>                             3%] [Cov:==================>                53%]
[Progress:>                             3%] [Cov:==================>                54%]
[Progress:=>                            4%] [Cov:==>                                8%]
[Progress:=>                            4%] [Cov:=====>                             16%]
[Progress:=>                            4%] [Cov:=================>                 49%]
[Progress:=>                            4%] [Cov:=================>                 50%]
[Progress:=>                            4%] [Cov:===================>               56%]
[Progress:=>                            4%] [Cov:=====================>             60%]
[Progress:=>                            5%] [Cov:=====================>             60%]
[Progress:=>                            5%] [Cov:=====================>             60%]
[Progress:=>                            5%] [Cov:=====================>             60%]
[Progress:=>                            5%] [Cov:=====================>             60%]
[Progress:=>                            5%] [Cov:=====================>             60%]
[Progress:=>                            5%] [Cov:=====================>             60%]
[Progress:=>                            6%] [Cov:=====================>             60%]
[Progress:=>                            6%] [Cov:=====================>             60%]
[Progress:=>                            6%] [Cov:=====================>             60%][MASTER] 07:59:16.488 [logback-1] WARN  TestCluster - Failed to check cache for javax.swing.RowFilter<M, I>.ComparisonType : Type points to itself

[Progress:=>                            6%] [Cov:=====================>             60%]
[Progress:=>                            6%] [Cov:=====================>             61%]
[Progress:==>                           7%] [Cov:=====================>             60%]
[Progress:==>                           7%] [Cov:=====================>             61%][MASTER] 07:59:17.403 [logback-1] WARN  CastClassManager - Nothing is assignable after adding java.util.Stack<E> for wildcard ? extends java.util.Vector
[MASTER] 07:59:17.413 [logback-1] WARN  CastClassManager - Nothing is assignable after adding java.util.Stack<E> for wildcard ? extends java.util.Vector
[MASTER] 07:59:17.464 [logback-1] WARN  TestCluster - Failed to check cache for java.util.Stack<E> : Type points to itself

[Progress:==>                           7%] [Cov:=====================>             61%]
[Progress:==>                           7%] [Cov:=====================>             61%]
[Progress:==>                           8%] [Cov:=====================>             61%][MASTER] 07:59:18.096 [logback-1] WARN  TestCluster - Failed to check cache for javax.swing.JComboBox<E> : Type points to itself

[Progress:==>                           8%] [Cov:=====================>             61%]
[Progress:==>                           8%] [Cov:=====================>             61%]
[Progress:==>                           8%] [Cov:=====================>             61%]
[Progress:==>                           8%] [Cov:=====================>             61%]
[Progress:==>                           9%] [Cov:=====================>             61%]
[Progress:==>                           9%] [Cov:=====================>             61%]
[Progress:==>                           9%] [Cov:=====================>             61%]
[Progress:==>                           9%] [Cov:=====================>             61%]
[Progress:==>                           9%] [Cov:=====================>             61%]
[Progress:==>                           9%] [Cov:=====================>             61%]
[Progress:===>                          10%] [Cov:=====================>             61%]
[Progress:===>                          10%] [Cov:=====================>             61%]
[Progress:===>                          10%] [Cov:=====================>             61%]
[Progress:===>                          10%] [Cov:=====================>             61%]
[Progress:===>                          10%] [Cov:=====================>             61%]
[Progress:===>                          10%] [Cov:=====================>             61%]
[Progress:===>                          10%] [Cov:=====================>             61%]
[Progress:===>                          10%] [Cov:=====================>             61%]
[Progress:===>                          10%] [Cov:=====================>             61%]
[Progress:===>                          10%] [Cov:=====================>             61%][MASTER] 07:59:21.849 [logback-1] WARN  TestCluster - Failed to check cache for java.util.Vector<E> : Type points to itself

[Progress:===>                          10%] [Cov:=====================>             61%]
[Progress:===>                          11%] [Cov:=====================>             61%]
[Progress:===>                          11%] [Cov:=====================>             61%]
[Progress:===>                          11%] [Cov:=====================>             61%]
[Progress:===>                          11%] [Cov:=====================>             61%]
[Progress:===>                          11%] [Cov:=====================>             61%]
[Progress:===>                          11%] [Cov:=====================>             61%]
[Progress:===>                          12%] [Cov:=====================>             61%]
[Progress:===>                          12%] [Cov:=====================>             61%]
[Progress:===>                          12%] [Cov:=====================>             61%]
[Progress:===>                          12%] [Cov:=====================>             61%]
[Progress:===>                          12%] [Cov:=====================>             61%]
[Progress:===>                          13%] [Cov:=====================>             61%]
[Progress:===>                          13%] [Cov:=====================>             61%]
[Progress:===>                          13%] [Cov:=====================>             61%]
[Progress:===>                          13%] [Cov:=====================>             61%]
[Progress:===>                          13%] [Cov:=====================>             61%]
[Progress:====>                         14%] [Cov:=====================>             61%]
[Progress:====>                         14%] [Cov:=====================>             61%]
[Progress:====>                         14%] [Cov:=====================>             61%]
[Progress:====>                         14%] [Cov:=====================>             61%]
[Progress:====>                         14%] [Cov:=====================>             61%]
[Progress:====>                         14%] [Cov:=====================>             61%]
[Progress:====>                         15%] [Cov:=====================>             61%]
[Progress:====>                         15%] [Cov:=====================>             61%]
[Progress:====>                         15%] [Cov:=====================>             61%]
[Progress:====>                         15%] [Cov:=====================>             62%]
[Progress:====>                         15%] [Cov:=====================>             62%]
[Progress:====>                         15%] [Cov:=====================>             62%]
[Progress:====>                         15%] [Cov:=====================>             62%]
[Progress:====>                         15%] [Cov:=====================>             62%]
[Progress:====>                         15%] [Cov:=====================>             62%]
[Progress:====>                         15%] [Cov:=====================>             62%]
[Progress:====>                         16%] [Cov:=====================>             62%]
[Progress:====>                         16%] [Cov:=====================>             62%]
[Progress:====>                         16%] [Cov:=====================>             62%]
[Progress:====>                         16%] [Cov:=====================>             62%]
[Progress:====>                         16%] [Cov:=====================>             62%]
[Progress:=====>                        17%] [Cov:=====================>             62%]
[Progress:=====>                        17%] [Cov:=====================>             62%]
[Progress:=====>                        17%] [Cov:=====================>             62%]
[Progress:=====>                        17%] [Cov:=====================>             62%]
[Progress:=====>                        17%] [Cov:=====================>             62%]
[Progress:=====>                        18%] [Cov:=====================>             62%]
[Progress:=====>                        18%] [Cov:=====================>             62%]
[Progress:=====>                        18%] [Cov:=====================>             62%]
[Progress:=====>                        18%] [Cov:=====================>             62%]
[Progress:=====>                        18%] [Cov:=====================>             62%]
[Progress:=====>                        19%] [Cov:=====================>             62%]
[Progress:=====>                        19%] [Cov:=====================>             62%]
[Progress:=====>                        19%] [Cov:=====================>             62%]
[Progress:=====>                        19%] [Cov:=====================>             62%]
[Progress:=====>                        19%] [Cov:=====================>             62%]
[Progress:======>                       20%] [Cov:=====================>             62%]
[Progress:======>                       20%] [Cov:=====================>             62%]
[Progress:======>                       20%] [Cov:=====================>             62%]
[Progress:======>                       20%] [Cov:=====================>             62%]
[Progress:======>                       20%] [Cov:=====================>             62%]
[Progress:======>                       20%] [Cov:=====================>             62%]
[Progress:======>                       20%] [Cov:=====================>             62%]
[Progress:======>                       20%] [Cov:=====================>             62%]
[Progress:======>                       20%] [Cov:=====================>             62%]
[Progress:======>                       21%] [Cov:=====================>             62%]
[Progress:======>                       21%] [Cov:=====================>             62%]
[Progress:======>                       21%] [Cov:=====================>             62%]
[Progress:======>                       21%] [Cov:=====================>             62%]
[Progress:======>                       21%] [Cov:=====================>             62%]
[Progress:======>                       21%] [Cov:=====================>             62%]
[Progress:======>                       22%] [Cov:=====================>             62%]
[Progress:======>                       22%] [Cov:=====================>             62%]
[Progress:======>                       22%] [Cov:=====================>             62%]
[Progress:======>                       22%] [Cov:=====================>             62%]
[Progress:======>                       22%] [Cov:=====================>             62%]
[Progress:======>                       22%] [Cov:=====================>             62%]
[Progress:======>                       23%] [Cov:=====================>             62%]
[Progress:======>                       23%] [Cov:=====================>             62%]
[Progress:======>                       23%] [Cov:=====================>             62%]
[Progress:======>                       23%] [Cov:=====================>             62%]
[Progress:======>                       23%] [Cov:=====================>             62%]
[Progress:======>                       23%] [Cov:=====================>             62%]
[Progress:=======>                      24%] [Cov:=====================>             62%]
[Progress:=======>                      24%] [Cov:=====================>             62%]
[Progress:=======>                      24%] [Cov:=====================>             62%]
[Progress:=======>                      24%] [Cov:=====================>             62%]
[Progress:=======>                      24%] [Cov:=====================>             62%]
[Progress:=======>                      25%] [Cov:=====================>             62%]
[Progress:=======>                      25%] [Cov:=====================>             62%]
[Progress:=======>                      25%] [Cov:=====================>             62%]
[Progress:=======>                      25%] [Cov:=====================>             62%]
[Progress:=======>                      25%] [Cov:=====================>             62%]
[Progress:=======>                      25%] [Cov:=====================>             62%]
[Progress:=======>                      25%] [Cov:=====================>             62%]
[Progress:=======>                      25%] [Cov:=====================>             62%]
[Progress:=======>                      25%] [Cov:=====================>             62%]
[Progress:=======>                      25%] [Cov:=====================>             62%]
[Progress:=======>                      25%] [Cov:=====================>             62%]
[Progress:=======>                      25%] [Cov:=====================>             62%]
[Progress:=======>                      26%] [Cov:=====================>             62%]
[Progress:=======>                      26%] [Cov:=====================>             62%]
[Progress:=======>                      26%] [Cov:=====================>             62%]
[Progress:=======>                      26%] [Cov:=====================>             62%]
[Progress:=======>                      26%] [Cov:=====================>             62%]
[Progress:========>                     27%] [Cov:=====================>             62%]
[Progress:========>                     27%] [Cov:=====================>             62%]
[Progress:========>                     27%] [Cov:=====================>             62%]
[Progress:========>                     27%] [Cov:=====================>             62%]
[Progress:========>                     27%] [Cov:=====================>             62%]
[Progress:========>                     27%] [Cov:=====================>             62%]
[Progress:========>                     28%] [Cov:=====================>             62%]
[Progress:========>                     28%] [Cov:=====================>             62%]
[Progress:========>                     28%] [Cov:======================>            63%]
[Progress:========>                     28%] [Cov:======================>            63%]
[Progress:========>                     28%] [Cov:======================>            63%]
[Progress:========>                     28%] [Cov:======================>            63%]
[Progress:========>                     28%] [Cov:======================>            63%]
[Progress:========>                     29%] [Cov:======================>            63%]
[Progress:========>                     29%] [Cov:======================>            63%]
[Progress:========>                     29%] [Cov:======================>            63%]
[Progress:========>                     29%] [Cov:======================>            63%]
[Progress:========>                     29%] [Cov:======================>            63%]
[Progress:========>                     29%] [Cov:======================>            63%]
[Progress:=========>                    30%] [Cov:======================>            63%]
[Progress:=========>                    30%] [Cov:======================>            63%]
[Progress:=========>                    30%] [Cov:======================>            63%]
[Progress:=========>                    30%] [Cov:======================>            63%]
[Progress:=========>                    30%] [Cov:======================>            63%]
[Progress:=========>                    30%] [Cov:======================>            63%]
[Progress:=========>                    30%] [Cov:======================>            63%]
[Progress:=========>                    30%] [Cov:======================>            63%]
[Progress:=========>                    30%] [Cov:======================>            63%]
[Progress:=========>                    30%] [Cov:======================>            63%]
[Progress:=========>                    30%] [Cov:======================>            63%]
[Progress:=========>                    31%] [Cov:======================>            63%]
[Progress:=========>                    31%] [Cov:======================>            63%]
[Progress:=========>                    31%] [Cov:======================>            63%]
[Progress:=========>                    31%] [Cov:======================>            63%]
[Progress:=========>                    31%] [Cov:======================>            63%]
[Progress:=========>                    31%] [Cov:======================>            63%]
[Progress:=========>                    31%] [Cov:======================>            63%]
[Progress:=========>                    32%] [Cov:======================>            63%]
[Progress:=========>                    32%] [Cov:======================>            63%]
[Progress:=========>                    32%] [Cov:======================>            63%]
[Progress:=========>                    32%] [Cov:======================>            63%]
[Progress:=========>                    32%] [Cov:======================>            63%]
[Progress:=========>                    32%] [Cov:======================>            63%]
[Progress:=========>                    33%] [Cov:======================>            63%]
[Progress:=========>                    33%] [Cov:======================>            63%]
[Progress:=========>                    33%] [Cov:======================>            63%]
[Progress:=========>                    33%] [Cov:======================>            63%]
[Progress:=========>                    33%] [Cov:======================>            63%]
[Progress:=========>                    33%] [Cov:======================>            63%]
[Progress:=========>                    33%] [Cov:======================>            63%]
[Progress:==========>                   34%] [Cov:======================>            63%]
[Progress:==========>                   34%] [Cov:======================>            63%]
[Progress:==========>                   34%] [Cov:======================>            63%]
[Progress:==========>                   34%] [Cov:======================>            63%]
[Progress:==========>                   34%] [Cov:======================>            63%]
[Progress:==========>                   34%] [Cov:======================>            63%]
[Progress:==========>                   34%] [Cov:======================>            63%]
[Progress:==========>                   35%] [Cov:======================>            63%]
[Progress:==========>                   35%] [Cov:======================>            63%]
[Progress:==========>                   35%] [Cov:======================>            63%]
[Progress:==========>                   35%] [Cov:======================>            63%]
[Progress:==========>                   35%] [Cov:======================>            63%]
[Progress:==========>                   35%] [Cov:======================>            63%]
[Progress:==========>                   35%] [Cov:======================>            63%]
[Progress:==========>                   35%] [Cov:======================>            63%]
[Progress:==========>                   35%] [Cov:======================>            63%]
[Progress:==========>                   35%] [Cov:======================>            63%]
[Progress:==========>                   35%] [Cov:======================>            63%]
[Progress:==========>                   35%] [Cov:======================>            63%]
[Progress:==========>                   36%] [Cov:======================>            63%]
[Progress:==========>                   36%] [Cov:======================>            63%]
[Progress:==========>                   36%] [Cov:======================>            63%]
[Progress:==========>                   36%] [Cov:======================>            63%]
[Progress:==========>                   36%] [Cov:======================>            63%]
[Progress:==========>                   36%] [Cov:======================>            63%]
[Progress:==========>                   36%] [Cov:======================>            63%]
[Progress:===========>                  37%] [Cov:======================>            63%]
[Progress:===========>                  37%] [Cov:======================>            63%]
[Progress:===========>                  37%] [Cov:======================>            63%]
[Progress:===========>                  37%] [Cov:======================>            63%]
[Progress:===========>                  37%] [Cov:======================>            63%]
[Progress:===========>                  37%] [Cov:======================>            63%]
[Progress:===========>                  38%] [Cov:======================>            63%]
[Progress:===========>                  38%] [Cov:======================>            63%]
[Progress:===========>                  38%] [Cov:======================>            63%]
[Progress:===========>                  38%] [Cov:======================>            63%]
[Progress:===========>                  38%] [Cov:======================>            63%]
[Progress:===========>                  38%] [Cov:======================>            63%]
[Progress:===========>                  38%] [Cov:======================>            63%]
[Progress:===========>                  39%] [Cov:======================>            63%]
[Progress:===========>                  39%] [Cov:======================>            63%]
[Progress:===========>                  39%] [Cov:======================>            63%]
[Progress:===========>                  39%] [Cov:======================>            63%]
[Progress:===========>                  39%] [Cov:======================>            63%]
[Progress:===========>                  39%] [Cov:======================>            63%]
[Progress:===========>                  39%] [Cov:======================>            63%]
[Progress:============>                 40%] [Cov:======================>            63%]
[Progress:============>                 40%] [Cov:======================>            63%]
[Progress:============>                 40%] [Cov:======================>            63%]
[Progress:============>                 40%] [Cov:======================>            63%]
[Progress:============>                 40%] [Cov:======================>            63%]
[Progress:============>                 40%] [Cov:======================>            63%]
[Progress:============>                 40%] [Cov:======================>            63%]
[Progress:============>                 40%] [Cov:======================>            63%]
[Progress:============>                 40%] [Cov:======================>            63%]
[Progress:============>                 40%] [Cov:======================>            63%]
[Progress:============>                 40%] [Cov:======================>            63%]
[Progress:============>                 40%] [Cov:======================>            63%]
[Progress:============>                 41%] [Cov:======================>            63%]
[Progress:============>                 41%] [Cov:======================>            63%]
[Progress:============>                 41%] [Cov:======================>            63%]
[Progress:============>                 41%] [Cov:======================>            63%]
[Progress:============>                 41%] [Cov:======================>            63%]
[Progress:============>                 41%] [Cov:======================>            63%]
[Progress:============>                 41%] [Cov:======================>            63%]
[Progress:============>                 42%] [Cov:======================>            63%]
[Progress:============>                 42%] [Cov:======================>            63%]
[Progress:============>                 42%] [Cov:======================>            63%]
[Progress:============>                 42%] [Cov:======================>            63%]
[Progress:============>                 42%] [Cov:======================>            63%]
[Progress:============>                 42%] [Cov:======================>            63%]
[Progress:============>                 42%] [Cov:======================>            63%]
[Progress:============>                 43%] [Cov:======================>            63%]
[Progress:============>                 43%] [Cov:======================>            63%]
[Progress:============>                 43%] [Cov:======================>            63%]
[Progress:============>                 43%] [Cov:======================>            63%]
[Progress:============>                 43%] [Cov:======================>            63%]
[Progress:============>                 43%] [Cov:======================>            63%]
[Progress:============>                 43%] [Cov:======================>            63%]
[Progress:=============>                44%] [Cov:======================>            63%]
[Progress:=============>                44%] [Cov:======================>            63%]
[Progress:=============>                44%] [Cov:======================>            63%]
[Progress:=============>                44%] [Cov:======================>            63%]
[Progress:=============>                44%] [Cov:=======================>           68%]
[Progress:=============>                44%] [Cov:========================>          71%]
[Progress:=============>                44%] [Cov:========================>          71%]
[Progress:=============>                44%] [Cov:========================>          71%]
[Progress:=============>                44%] [Cov:========================>          71%]
[Progress:=============>                45%] [Cov:========================>          71%]
[Progress:=============>                45%] [Cov:========================>          71%]
[Progress:=============>                45%] [Cov:========================>          71%]
[Progress:=============>                45%] [Cov:========================>          71%]
[Progress:=============>                45%] [Cov:========================>          71%]
[Progress:=============>                45%] [Cov:========================>          71%]
[Progress:=============>                45%] [Cov:========================>          71%]
[Progress:=============>                45%] [Cov:========================>          71%]
[Progress:=============>                45%] [Cov:========================>          71%]
[Progress:=============>                45%] [Cov:========================>          71%]
[Progress:=============>                45%] [Cov:========================>          71%]
[Progress:=============>                45%] [Cov:========================>          71%]
[Progress:=============>                45%] [Cov:========================>          71%]
[Progress:=============>                46%] [Cov:========================>          71%]
[Progress:=============>                46%] [Cov:========================>          71%]
[Progress:=============>                46%] [Cov:========================>          71%]
[Progress:=============>                46%] [Cov:========================>          71%]
[Progress:=============>                46%] [Cov:========================>          71%]
[Progress:=============>                46%] [Cov:========================>          71%]
[Progress:=============>                46%] [Cov:========================>          71%]
[Progress:==============>               47%] [Cov:========================>          71%]
[Progress:==============>               47%] [Cov:========================>          71%]
[Progress:==============>               47%] [Cov:========================>          71%]
[Progress:==============>               47%] [Cov:========================>          71%]
[Progress:==============>               47%] [Cov:========================>          71%]
[Progress:==============>               47%] [Cov:========================>          71%]
[Progress:==============>               48%] [Cov:========================>          71%]
[Progress:==============>               48%] [Cov:========================>          71%]
[Progress:==============>               48%] [Cov:========================>          71%]
[Progress:==============>               48%] [Cov:========================>          71%]
[Progress:==============>               48%] [Cov:========================>          71%]
[Progress:==============>               48%] [Cov:========================>          71%]
[Progress:==============>               49%] [Cov:========================>          71%]
[Progress:==============>               49%] [Cov:========================>          71%]
[Progress:==============>               49%] [Cov:========================>          71%]
[Progress:==============>               49%] [Cov:========================>          71%]
[Progress:==============>               49%] [Cov:========================>          71%]
[Progress:==============>               49%] [Cov:========================>          71%]
[Progress:==============>               49%] [Cov:========================>          71%]
[Progress:===============>              50%] [Cov:========================>          71%]
[Progress:===============>              50%] [Cov:========================>          71%]
[Progress:===============>              50%] [Cov:========================>          71%]
[Progress:===============>              50%] [Cov:========================>          71%]
[Progress:===============>              50%] [Cov:========================>          71%]
[Progress:===============>              50%] [Cov:========================>          71%]
[Progress:===============>              50%] [Cov:========================>          71%]
[Progress:===============>              50%] [Cov:========================>          71%]
[Progress:===============>              50%] [Cov:========================>          71%]
[Progress:===============>              50%] [Cov:========================>          71%]
[Progress:===============>              50%] [Cov:========================>          71%]
[Progress:===============>              50%] [Cov:========================>          71%]
[Progress:===============>              51%] [Cov:========================>          71%]
[Progress:===============>              51%] [Cov:========================>          71%]
[Progress:===============>              51%] [Cov:========================>          71%]
[Progress:===============>              51%] [Cov:========================>          71%]
[Progress:===============>              51%] [Cov:========================>          71%]
[Progress:===============>              51%] [Cov:========================>          71%]
[Progress:===============>              52%] [Cov:========================>          71%]
[Progress:===============>              52%] [Cov:========================>          71%]
[Progress:===============>              52%] [Cov:========================>          71%]
[Progress:===============>              52%] [Cov:========================>          71%]
[Progress:===============>              52%] [Cov:========================>          71%]
[Progress:===============>              52%] [Cov:========================>          71%]
[Progress:===============>              52%] [Cov:========================>          71%]
[Progress:===============>              53%] [Cov:========================>          71%]
[Progress:===============>              53%] [Cov:========================>          71%]
[Progress:===============>              53%] [Cov:========================>          71%]
[Progress:===============>              53%] [Cov:========================>          71%]
[Progress:===============>              53%] [Cov:========================>          71%]
[Progress:===============>              53%] [Cov:========================>          71%]
[Progress:================>             54%] [Cov:========================>          71%]
[Progress:================>             54%] [Cov:========================>          71%]
[Progress:================>             54%] [Cov:========================>          71%]
[Progress:================>             54%] [Cov:========================>          71%]
[Progress:================>             54%] [Cov:========================>          71%]
[Progress:================>             54%] [Cov:========================>          71%]
[Progress:================>             55%] [Cov:========================>          71%]
[Progress:================>             55%] [Cov:========================>          71%]
[Progress:================>             55%] [Cov:========================>          71%]
[Progress:================>             55%] [Cov:========================>          71%]
[Progress:================>             55%] [Cov:========================>          71%]
[Progress:================>             55%] [Cov:========================>          71%]
[Progress:================>             55%] [Cov:========================>          71%]
[Progress:================>             55%] [Cov:========================>          71%]
[Progress:================>             55%] [Cov:========================>          71%]
[Progress:================>             55%] [Cov:========================>          71%]
[Progress:================>             55%] [Cov:========================>          71%]
[Progress:================>             56%] [Cov:========================>          71%]
[Progress:================>             56%] [Cov:========================>          71%]
[Progress:================>             56%] [Cov:========================>          71%]
[Progress:================>             56%] [Cov:========================>          71%]
[Progress:================>             56%] [Cov:========================>          71%]
[Progress:================>             56%] [Cov:========================>          71%]
[Progress:================>             56%] [Cov:========================>          71%]
[Progress:=================>            57%] [Cov:========================>          71%]
[Progress:=================>            57%] [Cov:========================>          71%]
[Progress:=================>            57%] [Cov:========================>          71%]
[Progress:=================>            57%] [Cov:========================>          71%]
[Progress:=================>            57%] [Cov:========================>          71%]
[Progress:=================>            57%] [Cov:========================>          71%]
[Progress:=================>            57%] [Cov:========================>          71%]
[Progress:=================>            58%] [Cov:========================>          71%]
[Progress:=================>            58%] [Cov:========================>          71%]
[Progress:=================>            58%] [Cov:========================>          71%]
[Progress:=================>            58%] [Cov:========================>          71%]
[Progress:=================>            58%] [Cov:========================>          71%]
[Progress:=================>            58%] [Cov:========================>          71%]
[Progress:=================>            58%] [Cov:========================>          71%]
[Progress:=================>            59%] [Cov:========================>          71%]
[Progress:=================>            59%] [Cov:========================>          71%]
[Progress:=================>            59%] [Cov:========================>          71%]
[Progress:=================>            59%] [Cov:========================>          71%]
[Progress:=================>            59%] [Cov:========================>          71%]
[Progress:=================>            59%] [Cov:========================>          71%]
[Progress:==================>           60%] [Cov:========================>          71%]
[Progress:==================>           60%] [Cov:========================>          71%]
[Progress:==================>           60%] [Cov:========================>          71%]
[Progress:==================>           60%] [Cov:========================>          71%]
[Progress:==================>           60%] [Cov:========================>          71%]
[Progress:==================>           60%] [Cov:========================>          71%]
[Progress:==================>           60%] [Cov:========================>          71%]
[Progress:==================>           60%] [Cov:========================>          71%]
[Progress:==================>           60%] [Cov:========================>          71%]
[Progress:==================>           60%] [Cov:========================>          71%]
[Progress:==================>           60%] [Cov:========================>          71%]
[Progress:==================>           60%] [Cov:========================>          71%]
[Progress:==================>           61%] [Cov:========================>          71%]
[Progress:==================>           61%] [Cov:========================>          71%]
[Progress:==================>           61%] [Cov:========================>          71%]
[Progress:==================>           61%] [Cov:========================>          71%]
[Progress:==================>           61%] [Cov:========================>          71%]
[Progress:==================>           61%] [Cov:========================>          71%]
[Progress:==================>           61%] [Cov:========================>          71%]
[Progress:==================>           62%] [Cov:========================>          71%]
[Progress:==================>           62%] [Cov:========================>          71%]
[Progress:==================>           62%] [Cov:========================>          71%]
[Progress:==================>           62%] [Cov:========================>          71%]
[Progress:==================>           62%] [Cov:========================>          71%]
[Progress:==================>           62%] [Cov:========================>          71%]
[Progress:==================>           62%] [Cov:========================>          71%]
[Progress:==================>           63%] [Cov:========================>          71%]
[Progress:==================>           63%] [Cov:========================>          71%]
[Progress:==================>           63%] [Cov:========================>          71%]
[Progress:==================>           63%] [Cov:========================>          71%]
[Progress:==================>           63%] [Cov:========================>          71%]
[Progress:==================>           63%] [Cov:========================>          71%]
[Progress:===================>          64%] [Cov:========================>          71%]
[Progress:===================>          64%] [Cov:========================>          71%]
[Progress:===================>          64%] [Cov:========================>          71%]
[Progress:===================>          64%] [Cov:========================>          71%]
[Progress:===================>          64%] [Cov:========================>          71%]
[Progress:===================>          64%] [Cov:========================>          71%]
[Progress:===================>          64%] [Cov:========================>          71%]
[Progress:===================>          65%] [Cov:========================>          71%]
[Progress:===================>          65%] [Cov:========================>          71%]
[Progress:===================>          65%] [Cov:========================>          71%]
[Progress:===================>          65%] [Cov:========================>          71%]
[Progress:===================>          65%] [Cov:========================>          71%]
[Progress:===================>          65%] [Cov:========================>          71%]
[Progress:===================>          65%] [Cov:========================>          71%]
[Progress:===================>          65%] [Cov:========================>          71%]
[Progress:===================>          65%] [Cov:========================>          71%]
[Progress:===================>          65%] [Cov:========================>          71%]
[Progress:===================>          65%] [Cov:========================>          71%]
[Progress:===================>          65%] [Cov:========================>          71%]
[Progress:===================>          66%] [Cov:========================>          71%]
[Progress:===================>          66%] [Cov:========================>          71%]
[Progress:===================>          66%] [Cov:========================>          71%]
[Progress:===================>          66%] [Cov:========================>          71%]
[Progress:===================>          66%] [Cov:========================>          71%]
[Progress:===================>          66%] [Cov:========================>          71%]
[Progress:===================>          66%] [Cov:========================>          71%]
[Progress:====================>         67%] [Cov:========================>          71%]
[Progress:====================>         67%] [Cov:========================>          71%]
[Progress:====================>         67%] [Cov:========================>          71%]
[Progress:====================>         67%] [Cov:========================>          71%]
[Progress:====================>         67%] [Cov:========================>          71%]
[Progress:====================>         67%] [Cov:========================>          71%]
[Progress:====================>         68%] [Cov:========================>          71%]
[Progress:====================>         68%] [Cov:========================>          71%]
[Progress:====================>         68%] [Cov:========================>          71%]
[Progress:====================>         68%] [Cov:========================>          71%]
[Progress:====================>         68%] [Cov:========================>          71%]
[Progress:====================>         68%] [Cov:========================>          71%]
[Progress:====================>         68%] [Cov:========================>          71%]
[Progress:====================>         69%] [Cov:========================>          71%]
[Progress:====================>         69%] [Cov:========================>          71%]
[Progress:====================>         69%] [Cov:========================>          71%]
[Progress:====================>         69%] [Cov:========================>          71%]
[Progress:====================>         69%] [Cov:========================>          71%]
[Progress:====================>         69%] [Cov:========================>          71%]
[Progress:====================>         69%] [Cov:========================>          71%]
[Progress:=====================>        70%] [Cov:========================>          71%]
[Progress:=====================>        70%] [Cov:========================>          71%]
[Progress:=====================>        70%] [Cov:========================>          71%]
[Progress:=====================>        70%] [Cov:========================>          71%]
[Progress:=====================>        70%] [Cov:========================>          71%]
[Progress:=====================>        70%] [Cov:========================>          71%]
[Progress:=====================>        70%] [Cov:========================>          71%]
[Progress:=====================>        70%] [Cov:========================>          71%]
[Progress:=====================>        70%] [Cov:========================>          71%]
[Progress:=====================>        70%] [Cov:========================>          71%]
[Progress:=====================>        70%] [Cov:========================>          71%]
[Progress:=====================>        71%] [Cov:========================>          71%]
[Progress:=====================>        71%] [Cov:========================>          71%]
[Progress:=====================>        71%] [Cov:========================>          71%]
[Progress:=====================>        71%] [Cov:========================>          71%]
[Progress:=====================>        71%] [Cov:========================>          71%]
[Progress:=====================>        71%] [Cov:========================>          71%]
[Progress:=====================>        71%] [Cov:========================>          71%]
[Progress:=====================>        72%] [Cov:========================>          71%]
[Progress:=====================>        72%] [Cov:========================>          71%]
[Progress:=====================>        72%] [Cov:========================>          71%]
[Progress:=====================>        72%] [Cov:========================>          71%]
[Progress:=====================>        72%] [Cov:========================>          71%]
[Progress:=====================>        72%] [Cov:========================>          71%]
[Progress:=====================>        72%] [Cov:========================>          71%]
[Progress:=====================>        73%] [Cov:========================>          71%]
[Progress:=====================>        73%] [Cov:========================>          71%]
[Progress:=====================>        73%] [Cov:========================>          71%]
[Progress:=====================>        73%] [Cov:========================>          71%]
[Progress:=====================>        73%] [Cov:========================>          71%]
[Progress:=====================>        73%] [Cov:========================>          71%]
[Progress:=====================>        73%] [Cov:========================>          71%]
[Progress:======================>       74%] [Cov:========================>          71%]
[Progress:======================>       74%] [Cov:========================>          71%]
[Progress:======================>       74%] [Cov:========================>          71%]
[Progress:======================>       74%] [Cov:========================>          71%]
[Progress:======================>       74%] [Cov:========================>          71%]
[Progress:======================>       74%] [Cov:========================>          71%]
[Progress:======================>       74%] [Cov:========================>          71%]
[Progress:======================>       75%] [Cov:========================>          71%]
[Progress:======================>       75%] [Cov:========================>          71%]
[Progress:======================>       75%] [Cov:========================>          71%]
[Progress:======================>       75%] [Cov:========================>          71%]
[Progress:======================>       75%] [Cov:========================>          71%]
[Progress:======================>       75%] [Cov:========================>          71%]
[Progress:======================>       75%] [Cov:========================>          71%]
[Progress:======================>       75%] [Cov:========================>          71%]
[Progress:======================>       75%] [Cov:========================>          71%]
[Progress:======================>       75%] [Cov:========================>          71%]
[Progress:======================>       75%] [Cov:========================>          71%]
[Progress:======================>       75%] [Cov:========================>          71%]
[Progress:======================>       76%] [Cov:========================>          71%]
[Progress:======================>       76%] [Cov:========================>          71%]
[Progress:======================>       76%] [Cov:========================>          71%]
[Progress:======================>       76%] [Cov:========================>          71%]
[Progress:======================>       76%] [Cov:========================>          71%]
[Progress:======================>       76%] [Cov:========================>          71%]
[Progress:======================>       76%] [Cov:========================>          71%]
[Progress:=======================>      77%] [Cov:========================>          71%]
[Progress:=======================>      77%] [Cov:========================>          71%]
[Progress:=======================>      77%] [Cov:========================>          71%]
[Progress:=======================>      77%] [Cov:========================>          71%]
[Progress:=======================>      77%] [Cov:========================>          71%]
[Progress:=======================>      77%] [Cov:========================>          71%]
[Progress:=======================>      78%] [Cov:========================>          71%]
[Progress:=======================>      78%] [Cov:========================>          71%]
[Progress:=======================>      78%] [Cov:========================>          71%]
[Progress:=======================>      78%] [Cov:========================>          71%]
[Progress:=======================>      78%] [Cov:========================>          71%]
[Progress:=======================>      78%] [Cov:========================>          71%]
[Progress:=======================>      78%] [Cov:========================>          71%]
[Progress:=======================>      79%] [Cov:========================>          71%]
[Progress:=======================>      79%] [Cov:========================>          71%]
[Progress:=======================>      79%] [Cov:========================>          71%]
[Progress:=======================>      79%] [Cov:========================>          71%]
[Progress:=======================>      79%] [Cov:========================>          71%]
[Progress:=======================>      79%] [Cov:========================>          71%]
[Progress:=======================>      79%] [Cov:========================>          71%]
[Progress:========================>     80%] [Cov:========================>          71%]
[Progress:========================>     80%] [Cov:========================>          71%]
[Progress:========================>     80%] [Cov:========================>          71%]
[Progress:========================>     80%] [Cov:========================>          71%]
[Progress:========================>     80%] [Cov:========================>          71%]
[Progress:========================>     80%] [Cov:========================>          71%]
[Progress:========================>     80%] [Cov:========================>          71%]
[Progress:========================>     80%] [Cov:========================>          71%]
[Progress:========================>     80%] [Cov:========================>          71%]
[Progress:========================>     80%] [Cov:========================>          71%]
[Progress:========================>     80%] [Cov:========================>          71%]
[Progress:========================>     80%] [Cov:========================>          71%]
[Progress:========================>     81%] [Cov:========================>          71%]
[Progress:========================>     81%] [Cov:========================>          71%]
[Progress:========================>     81%] [Cov:========================>          71%]
[Progress:========================>     81%] [Cov:========================>          71%]
[Progress:========================>     81%] [Cov:========================>          71%]
[Progress:========================>     81%] [Cov:========================>          71%]
[Progress:========================>     82%] [Cov:========================>          71%]
[Progress:========================>     82%] [Cov:========================>          71%]
[Progress:========================>     82%] [Cov:========================>          71%]
[Progress:========================>     82%] [Cov:========================>          71%]
[Progress:========================>     82%] [Cov:========================>          71%]
[Progress:========================>     82%] [Cov:========================>          71%]
[Progress:========================>     82%] [Cov:========================>          71%]
[Progress:========================>     83%] [Cov:========================>          71%]
[Progress:========================>     83%] [Cov:========================>          71%]
[Progress:========================>     83%] [Cov:========================>          71%]
[Progress:========================>     83%] [Cov:========================>          71%]
[Progress:========================>     83%] [Cov:========================>          71%]
[Progress:========================>     83%] [Cov:========================>          71%]
[Progress:=========================>    84%] [Cov:========================>          71%]
[Progress:=========================>    84%] [Cov:========================>          71%]
[Progress:=========================>    84%] [Cov:========================>          71%]
[Progress:=========================>    84%] [Cov:========================>          71%]
[Progress:=========================>    84%] [Cov:========================>          71%]
[Progress:=========================>    84%] [Cov:========================>          71%]
[Progress:=========================>    84%] [Cov:========================>          71%]
[Progress:=========================>    85%] [Cov:========================>          71%]
[Progress:=========================>    85%] [Cov:========================>          71%]
[Progress:=========================>    85%] [Cov:========================>          71%]
[Progress:=========================>    85%] [Cov:========================>          71%]
[Progress:=========================>    85%] [Cov:========================>          71%]
[Progress:=========================>    85%] [Cov:========================>          71%]
[Progress:=========================>    85%] [Cov:========================>          71%]
[Progress:=========================>    85%] [Cov:========================>          71%]
[Progress:=========================>    85%] [Cov:========================>          71%]
[Progress:=========================>    85%] [Cov:========================>          71%]
[Progress:=========================>    85%] [Cov:========================>          71%]
[Progress:=========================>    85%] [Cov:========================>          71%]
[Progress:=========================>    86%] [Cov:========================>          71%]
[Progress:=========================>    86%] [Cov:========================>          71%]
[Progress:=========================>    86%] [Cov:========================>          71%]
[Progress:=========================>    86%] [Cov:========================>          71%]
[Progress:=========================>    86%] [Cov:========================>          71%]
[Progress:=========================>    86%] [Cov:========================>          71%]
[Progress:=========================>    86%] [Cov:========================>          71%]
[Progress:==========================>   87%] [Cov:========================>          71%]
[Progress:==========================>   87%] [Cov:========================>          71%]
[Progress:==========================>   87%] [Cov:========================>          71%]
[Progress:==========================>   87%] [Cov:========================>          71%]
[Progress:==========================>   87%] [Cov:========================>          71%]
[Progress:==========================>   87%] [Cov:========================>          71%]
[Progress:==========================>   87%] [Cov:========================>          71%]
[Progress:==========================>   87%] [Cov:========================>          71%]
[Progress:==========================>   88%] [Cov:========================>          71%]
[Progress:==========================>   88%] [Cov:========================>          71%]
[Progress:==========================>   88%] [Cov:========================>          71%]
[Progress:==========================>   88%] [Cov:========================>          71%]
[Progress:==========================>   88%] [Cov:========================>          71%]
[Progress:==========================>   88%] [Cov:========================>          71%]
[Progress:==========================>   89%] [Cov:========================>          71%]
[Progress:==========================>   89%] [Cov:========================>          71%]
[Progress:==========================>   89%] [Cov:========================>          71%]
[Progress:==========================>   89%] [Cov:========================>          71%]
[Progress:==========================>   89%] [Cov:========================>          71%]
[Progress:==========================>   89%] [Cov:========================>          71%]
[Progress:==========================>   89%] [Cov:========================>          71%]
[Progress:==========================>   89%] [Cov:========================>          71%]
[Progress:===========================>  90%] [Cov:========================>          71%]
[Progress:===========================>  90%] [Cov:========================>          71%]
[Progress:===========================>  90%] [Cov:========================>          71%]
[Progress:===========================>  90%] [Cov:========================>          71%]
[Progress:===========================>  90%] [Cov:========================>          71%]
[Progress:===========================>  90%] [Cov:========================>          71%]
[Progress:===========================>  90%] [Cov:========================>          71%]
[Progress:===========================>  90%] [Cov:========================>          71%]
[Progress:===========================>  90%] [Cov:========================>          71%]
[Progress:===========================>  90%] [Cov:========================>          71%]
[Progress:===========================>  90%] [Cov:========================>          71%]
[Progress:===========================>  90%] [Cov:========================>          71%]
[Progress:===========================>  90%] [Cov:========================>          71%]
[Progress:===========================>  91%] [Cov:========================>          71%]
[Progress:===========================>  91%] [Cov:========================>          71%]
[Progress:===========================>  91%] [Cov:========================>          71%]
[Progress:===========================>  91%] [Cov:========================>          71%]
[Progress:===========================>  91%] [Cov:========================>          71%]
[Progress:===========================>  91%] [Cov:========================>          71%]
[Progress:===========================>  91%] [Cov:========================>          71%]
[Progress:===========================>  92%] [Cov:========================>          71%]
[Progress:===========================>  92%] [Cov:========================>          71%]
[Progress:===========================>  92%] [Cov:========================>          71%]
[Progress:===========================>  92%] [Cov:========================>          71%]
[Progress:===========================>  92%] [Cov:========================>          71%]
[Progress:===========================>  92%] [Cov:========================>          71%]
[Progress:===========================>  92%] [Cov:========================>          71%]
[Progress:===========================>  93%] [Cov:========================>          71%]
[Progress:===========================>  93%] [Cov:========================>          71%]
[Progress:===========================>  93%] [Cov:========================>          71%]
[Progress:===========================>  93%] [Cov:========================>          71%]
[Progress:===========================>  93%] [Cov:========================>          71%]
[Progress:============================> 94%] [Cov:========================>          71%]
[Progress:============================> 94%] [Cov:========================>          71%]
[Progress:============================> 94%] [Cov:========================>          71%]
[Progress:============================> 94%] [Cov:========================>          71%]
[Progress:============================> 94%] [Cov:========================>          71%]
[Progress:============================> 94%] [Cov:========================>          71%]
[Progress:============================> 94%] [Cov:========================>          71%]
[Progress:============================> 95%] [Cov:========================>          71%]
[Progress:============================> 95%] [Cov:========================>          71%]
[Progress:============================> 95%] [Cov:========================>          71%]
[Progress:============================> 95%] [Cov:========================>          71%]
[Progress:============================> 95%] [Cov:========================>          71%]
[Progress:============================> 95%] [Cov:========================>          71%]
[Progress:============================> 95%] [Cov:========================>          71%]
[Progress:============================> 95%] [Cov:========================>          71%]
[Progress:============================> 95%] [Cov:========================>          71%]
[Progress:============================> 95%] [Cov:========================>          71%]
[Progress:============================> 95%] [Cov:========================>          71%]
[Progress:============================> 95%] [Cov:========================>          71%]
[Progress:============================> 96%] [Cov:========================>          71%]
[Progress:============================> 96%] [Cov:========================>          71%]
[Progress:============================> 96%] [Cov:========================>          71%]
[Progress:============================> 96%] [Cov:========================>          71%]
[Progress:============================> 96%] [Cov:========================>          71%]
[Progress:============================> 96%] [Cov:========================>          71%]
[Progress:============================> 96%] [Cov:========================>          71%]
[Progress:=============================>97%] [Cov:========================>          71%]
[Progress:=============================>97%] [Cov:========================>          71%]
[Progress:=============================>97%] [Cov:========================>          71%]
[Progress:=============================>97%] [Cov:========================>          71%]
[Progress:=============================>97%] [Cov:========================>          71%]
[Progress:=============================>97%] [Cov:========================>          71%]
[Progress:=============================>97%] [Cov:========================>          71%]
[Progress:=============================>98%] [Cov:========================>          71%]
[Progress:=============================>98%] [Cov:========================>          71%]
[Progress:=============================>98%] [Cov:========================>          71%]
[Progress:=============================>98%] [Cov:========================>          71%]
[Progress:=============================>98%] [Cov:========================>          71%]
[Progress:=============================>98%] [Cov:========================>          71%]
[Progress:=============================>98%] [Cov:========================>          71%]
[Progress:=============================>99%] [Cov:========================>          71%]
[Progress:=============================>99%] [Cov:========================>          71%]
[Progress:=============================>99%] [Cov:========================>          71%]
[Progress:=============================>99%] [Cov:========================>          71%]
[Progress:=============================>99%] [Cov:========================>          71%]
[Progress:=============================>99%] [Cov:========================>          71%]
[Progress:==============================100%] [Cov:========================>          71%]
[Progress:==============================100%] [Cov:========================>          71%]
[Progress:==============================100%] [Cov:========================>          71%]
[Progress:==============================100%] [Cov:========================>          71%]
[Progress:==============================100%] [Cov:========================>          71%]
[Progress:==============================100%] [Cov:========================>          71%]
[Progress:==============================100%] [Cov:========================>          71%]
[Progress:==============================100%] [Cov:========================>          71%]
* Search finished after 122s and 615 generations, 264838 statements, best individual has fitness: 45.58412698412698
* Minimizing test suite
* Going to analyze the coverage criteria
* Coverage analysis for criterion LINE
* Coverage of criterion LINE: 60%
* Total number of goals: 154
* Number of covered goals: 92
* Coverage analysis for criterion BRANCH
* Coverage of criterion BRANCH: 56%
* Total number of goals: 73
* Number of covered goals: 41
* Coverage analysis for criterion EXCEPTION
* Coverage of criterion EXCEPTION: 100%
* Total number of goals: 9
* Number of covered goals: 9
* Generated 26 tests with total length 155
* Resulting test suite's coverage: 72% (average coverage for all fitness functions)
* Generating assertions
* Resulting test suite's mutation score: 10%
* Compiling and checking tests
* Permissions denied during test execution: 
  - java.net.URLPermission: 
         *:* http://www.someFakeButWellFormedURL.org/fooExample: 2
* Writing tests to file
* Writing JUnit test case 'MinMaxCategoryRenderer_ESTest' to /work/evo_out/Chart_23f/budget120_seed1/tests
* Done!

* Computation finished
[MASTER] 08:01:21.705 [logback-2] ERROR JUnitAnalyzer - Compilation failed on compilation units: [SimpleFileObject[/tmp/EvoSuite_16_1789916481549/org/jfree/chart/renderer/category/MinMaxCategoryRenderer_16_tmp__ESTest.java], SimpleFileObject[/tmp/EvoSuite_16_1789916481549/org/jfree/chart/renderer/category/MinMaxCategoryRenderer_16_tmp__ESTest_scaffolding.java]]
[MASTER] 08:01:21.705 [logback-2] ERROR JUnitAnalyzer - Classpath: /opt/defects4j/framework/projects/lib/junit-4.12-hamcrest-1.3.jar:/work/Chart_23f/build:/work/Chart_23f/lib/servlet.jar:/work/Chart_23f/build-tests:/opt/defects4j/framework/projects/lib/junit-4.12-hamcrest-1.3.jar:/opt/evosuite/evosuite-1.2.0.jar:/work/Chart_23f/build:/work/Chart_23f/lib/servlet.jar:/work/Chart_23f/build-tests:/opt/defects4j/framework/projects/lib/junit-4.12-hamcrest-1.3.jar:/work/Chart_23f/build:/work/Chart_23f/lib/servlet.jar:/work/Chart_23f/build-tests
[MASTER] 08:01:21.705 [logback-2] ERROR JUnitAnalyzer - evosuiteCP: /opt/defects4j/framework/projects/lib/junit-4.12-hamcrest-1.3.jar:/opt/evosuite/evosuite-1.2.0.jar:/work/Chart_23f/build:/work/Chart_23f/lib/servlet.jar:/work/Chart_23f/build-tests:/opt/defects4j/framework/projects/lib/junit-4.12-hamcrest-1.3.jar:/work/Chart_23f/build:/work/Chart_23f/lib/servlet.jar:/work/Chart_23f/build-tests
[MASTER] 08:01:21.709 [logback-2] ERROR JUnitAnalyzer - Diagnostic: package sun.awt is not visible
  (package sun.awt is declared in module java.desktop, which does not export it to the unnamed module): 41
[MASTER] 08:01:21.710 [logback-2] ERROR JUnitAnalyzer - SimpleFileObject[/tmp/EvoSuite_16_1789916481549/org/jfree/chart/renderer/category/MinMaxCategoryRenderer_16_tmp__ESTest.java]
1: /*
2:  * This file was automatically generated by EvoSuite
3:  * Sun Sep 20 15:01:21 GMT 2026
4:  */
5: 
6: package org.jfree.chart.renderer.category;
7: 
8: import org.junit.Test;
9: import static org.junit.Assert.*;
10: import static org.evosuite.shaded.org.mockito.Mockito.*;
11: import java.awt.Graphics2D;
12: import java.awt.Point;
13: import java.awt.RenderingHints;
14: import java.awt.geom.AffineTransform;
15: import java.awt.geom.Rectangle2D;
16: import java.awt.image.AffineTransformOp;
17: import java.awt.image.BufferedImage;
18: import java.awt.image.DataBuffer;
19: import java.awt.image.DataBufferInt;
20: import java.awt.image.Raster;
21: import java.awt.image.WritableRaster;
22: import java.sql.Connection;
23: import org.evosuite.runtime.EvoRunner;
24: import org.evosuite.runtime.EvoRunnerParameters;
25: import org.evosuite.runtime.ViolatedAssumptionAnswer;
26: import org.evosuite.runtime.testdata.EvoSuiteFile;
27: import org.jfree.chart.ChartRenderingInfo;
28: import org.jfree.chart.JFreeChart;
29: import org.jfree.chart.axis.PeriodAxis;
30: import org.jfree.chart.axis.SubCategoryAxis;
31: import org.jfree.chart.plot.CategoryPlot;
32: import org.jfree.chart.plot.PlotRenderingInfo;
33: import org.jfree.chart.plot.ThermometerPlot;
34: import org.jfree.chart.renderer.category.CategoryItemRendererState;
35: import org.jfree.chart.renderer.category.MinMaxCategoryRenderer;
36: import org.jfree.chart.renderer.category.StackedBarRenderer3D;
37: import org.jfree.data.category.DefaultIntervalCategoryDataset;
38: import org.jfree.data.general.DefaultValueDataset;
39: import org.jfree.data.jdbc.JDBCCategoryDataset;
40: import org.junit.runner.RunWith;
41: import sun.awt.SunHints;
42: 
43: @RunWith(EvoRunner.class) @EvoRunnerParameters(mockJVMNonDeterminism = true, useVFS = true, useVNET = true, resetStaticState = true) 
44: public class MinMaxCategoryRenderer_16_tmp__ESTest extends MinMaxCategoryRenderer_16_tmp__ESTest_scaffolding {
45: 
46:   @Test(timeout = 4000)
47:   public void test0()  throws Throwable  {
48:       MinMaxCategoryRenderer minMaxCategoryRenderer0 = new MinMaxCategoryRenderer();
49:       SunHints.Key sunHints_Key0 = (SunHints.Key)RenderingHints.KEY_RESOLUTION_VARIANT;
50:       RenderingHints renderingHints0 = new RenderingHints(sunHints_Key0, (Object) null);
51:       DefaultValueDataset defaultValueDataset0 = new DefaultValueDataset((-4.0));
52:       ThermometerPlot thermometerPlot0 = new ThermometerPlot(defaultValueDataset0);
53:       JFreeChart jFreeChart0 = new JFreeChart(thermometerPlot0);
54:       BufferedImage bufferedImage0 = jFreeChart0.createBufferedImage(2, 1);
55:       Graphics2D graphics2D0 = bufferedImage0.createGraphics();
56:       StackedBarRenderer3D stackedBarRenderer3D0 = new StackedBarRenderer3D();
57:       AffineTransform affineTransform0 = AffineTransform.getRotateInstance((double) stackedBarRenderer3D0.ZERO, 12.0, 12.0);
58:       AffineTransformOp affineTransformOp0 = new AffineTransformOp(affineTransform0, renderingHints0);
59:       DataBufferInt dataBufferInt0 = new DataBufferInt(0);
60:       Point point0 = new Point(15, 15);
61:       WritableRaster writableRaster0 = Raster.createPackedRaster((DataBuffer) dataBufferInt0, 15, 4110, 1, point0);
62:       Rectangle2D rectangle2D0 = affineTransformOp0.getBounds2D((Raster) writableRaster0);
63:       Connection connection0 = mock(Connection.class, new ViolatedAssumptionAnswer());
64:       JDBCCategoryDataset jDBCCategoryDataset0 = new JDBCCategoryDataset(connection0);
65:       SubCategoryAxis subCategoryAxis0 = new SubCategoryAxis("Serge V. Grachov");
66:       PeriodAxis periodAxis0 = new PeriodAxis("Serge V. Grachov");
67:       CategoryPlot categoryPlot0 = new CategoryPlot(jDBCCategoryDataset0, subCategoryAxis0, periodAxis0, minMaxCategoryRenderer0);
68:       PlotRenderingInfo plotRenderingInfo0 = new PlotRenderingInfo((ChartRenderingInfo) null);
69:       CategoryItemRendererState categoryItemRendererState0 = stackedBarRenderer3D0.initialise(graphics2D0, rectangle2D0, categoryPlot0, 0, plotRenderingInfo0);
70:       Number[][] numberArray0 = new Number[2][0];
71:       Number[] numberArray1 = new Number[6];
72:       numberArray0[0] = numberArray1;
73:       DefaultIntervalCategoryDataset defaultIntervalCategoryDataset0 = new DefaultIntervalCategoryDataset(numberArray0, numberArray0);
74:       minMaxCategoryRenderer0.drawItem(graphics2D0, categoryItemRendererState0, rectangle2D0, categoryPlot0, subCategoryAxis0, periodAxis0, defaultIntervalCategoryDataset0, 0, 1, 1);
75:       assertFalse(minMaxCategoryRenderer0.isDrawLines());
76:   }
77: }
SimpleFileObject[/tmp/EvoSuite_16_1789916481549/org/jfree/chart/renderer/category/MinMaxCategoryRenderer_16_tmp__ESTest.java]
1: /**
2:  * Scaffolding file used to store all the setups needed to run 
3:  * tests automatically generated by EvoSuite
4:  * Sun Sep 20 15:01:21 GMT 2026
5:  */
6: 
7: package org.jfree.chart.renderer.category;
8: 
9: import org.evosuite.runtime.annotation.EvoSuiteClassExclude;
10: import org.junit.BeforeClass;
11: import org.junit.Before;
12: import org.junit.After;
13: import org.junit.AfterClass;
14: import org.evosuite.runtime.sandbox.Sandbox;
15: import org.evosuite.runtime.sandbox.Sandbox.SandboxMode;
16: 
17: import static org.evosuite.shaded.org.mockito.Mockito.*;
18: @EvoSuiteClassExclude
19: public class MinMaxCategoryRenderer_16_tmp__ESTest_scaffolding {
20: 
21:   @org.junit.Rule
22:   public org.evosuite.runtime.vnet.NonFunctionalRequirementRule nfr = new org.evosuite.runtime.vnet.NonFunctionalRequirementRule();
23: 
24:   private static final java.util.Properties defaultProperties = (java.util.Properties) java.lang.System.getProperties().clone(); 
25: 
26:   private org.evosuite.runtime.thread.ThreadStopper threadStopper =  new org.evosuite.runtime.thread.ThreadStopper (org.evosuite.runtime.thread.KillSwitchHandler.getInstance(), 3000);
27: 
28: 
29:   @BeforeClass
30:   public static void initEvoSuiteFramework() { 
31:     org.evosuite.runtime.RuntimeSettings.className = "org.jfree.chart.renderer.category.MinMaxCategoryRenderer"; 
32:     org.evosuite.runtime.GuiSupport.initialize(); 
33:     org.evosuite.runtime.RuntimeSettings.maxNumberOfThreads = 100; 
34:     org.evosuite.runtime.RuntimeSettings.maxNumberOfIterationsPerLoop = 10000; 
35:     org.evosuite.runtime.RuntimeSettings.mockSystemIn = true; 
36:     org.evosuite.runtime.RuntimeSettings.sandboxMode = org.evosuite.runtime.sandbox.Sandbox.SandboxMode.RECOMMENDED; 
37:     org.evosuite.runtime.sandbox.Sandbox.initializeSecurityManagerForSUT(); 
38:     org.evosuite.runtime.classhandling.JDKClassResetter.init();
39:     setSystemProperties();
40:     initializeClasses();
41:     org.evosuite.runtime.Runtime.getInstance().resetRuntime(); 
42:     try { initMocksToAvoidTimeoutsInTheTests(); } catch(ClassNotFoundException e) {} 
43:   } 
44: 
45:   @AfterClass
46:   public static void clearEvoSuiteFramework(){ 
47:     Sandbox.resetDefaultSecurityManager(); 
48:     java.lang.System.setProperties((java.util.Properties) defaultProperties.clone()); 
49:   } 
50: 
51:   @Before
52:   public void initTestCase(){ 
53:     threadStopper.storeCurrentThreads();
54:     threadStopper.startRecordingTime();
55:     org.evosuite.runtime.jvm.ShutdownHookHandler.getInstance().initHandler(); 
56:     org.evosuite.runtime.sandbox.Sandbox.goingToExecuteSUTCode(); 
57:     setSystemProperties(); 
58:     org.evosuite.runtime.GuiSupport.setHeadless(); 
59:     org.evosuite.runtime.Runtime.getInstance().resetRuntime(); 
60:     org.evosuite.runtime.agent.InstrumentingAgent.activate(); 
61:   } 
62: 
63:   @After
64:   public void doneWithTestCase(){ 
65:     threadStopper.killAndJoinClientThreads();
66:     org.evosuite.runtime.jvm.ShutdownHookHandler.getInstance().safeExecuteAddedHooks(); 
67:     org.evosuite.runtime.classhandling.JDKClassResetter.reset(); 
68:     resetClasses(); 
69:     org.evosuite.runtime.sandbox.Sandbox.doneWithExecutingSUTCode(); 
70:     org.evosuite.runtime.agent.InstrumentingAgent.deactivate(); 
71:     org.evosuite.runtime.GuiSupport.restoreHeadlessMode(); 
72:   } 
73: 
74:   public static void setSystemProperties() {
75:  
76:     java.lang.System.setProperties((java.util.Properties) defaultProperties.clone()); 
77:     java.lang.System.setProperty("user.dir", "/work/Chart_23f"); 
78:     java.lang.System.setProperty("user.home", "/root"); 
79:     java.lang.System.setProperty("user.language", "en"); 
80:     java.lang.System.setProperty("user.country", "US"); 
81:     java.lang.System.setProperty("java.io.tmpdir", "/tmp"); 
82:   }
83: 
84:   private static void initializeClasses() {
85:     org.evosuite.runtime.classhandling.ClassStateSupport.initializeClasses(MinMaxCategoryRenderer_16_tmp__ESTest_scaffolding.class.getClassLoader() ,
86:       "org.jfree.chart.event.ChartProgressListener",
87:       "org.jfree.chart.ui.Library",
88:       "org.jfree.chart.renderer.category.StackedBarRenderer3D",
89:       "org.jfree.data.time.SerialDate",
90:       "org.jfree.chart.plot.ValueMarker",
91:       "org.jfree.data.resources.DataPackageResources",
92:       "org.jfree.chart.axis.AxisState",
93:       "org.jfree.chart.renderer.AbstractRenderer",
94:       "org.jfree.chart.labels.CategorySeriesLabelGenerator",
95:       "org.jfree.chart.Effect3D",
96:       "org.jfree.data.general.ValueDataset",
97:       "org.jfree.chart.block.ColumnArrangement",
98:       "org.jfree.data.general.AbstractDataset",
99:       "org.jfree.chart.block.RectangleConstraint",
100:       "org.jfree.chart.plot.Zoomable",
101:       "org.jfree.chart.title.Title",
102:       "org.jfree.chart.axis.MarkerAxisBand",
103:       "org.jfree.chart.block.LineBorder",
104:       "org.jfree.data.general.AbstractSeriesDataset",
105:       "org.jfree.chart.LegendItemCollection",
106:       "org.jfree.chart.axis.CategoryAxis",
107:       "org.jfree.data.RangeInfo",
108:       "org.jfree.data.DefaultKeyedValues2D",
109:       "org.jfree.chart.renderer.RendererState",
110:       "org.jfree.chart.ui.ProjectInfo",
111:       "org.jfree.chart.util.ObjectList",
112:       "org.jfree.chart.renderer.category.AbstractCategoryItemRenderer",
113:       "org.jfree.chart.entity.StandardEntityCollection",
114:       "org.jfree.chart.axis.PeriodAxis",
115:       "org.jfree.data.time.Day",
116:       "org.jfree.chart.labels.ItemLabelPosition",
117:       "org.jfree.data.general.SeriesDataset",
118:       "org.jfree.chart.ui.BasicProjectInfo",
119:       "org.jfree.chart.plot.CategoryPlot",
120:       "org.jfree.chart.event.MarkerChangeListener",
121:       "org.jfree.data.xy.XYDataset",
122:       "org.jfree.chart.block.Arrangement",
123:       "org.jfree.chart.plot.Plot",
124:       "org.jfree.chart.event.PlotChangeEvent",
125:       "org.jfree.chart.plot.ValueAxisPlot",
126:       "org.jfree.chart.labels.ItemLabelAnchor",
127:       "org.jfree.chart.util.PaintList",
128:       "org.jfree.data.UnknownKeyException",
129:       "org.jfree.chart.renderer.category.BarRenderer",
130:       "org.jfree.data.time.TimePeriod",
131:       "org.jfree.chart.event.AxisChangeEvent",
132:       "org.jfree.chart.LegendItem",
133:       "org.jfree.chart.ui.Contributor",
134:       "org.jfree.chart.event.RendererChangeEvent",
135:       "org.jfree.chart.urls.CategoryURLGenerator",
136:       "org.jfree.chart.util.RectangleAnchor",
137:       "org.jfree.chart.plot.PlotRenderingInfo",
138:       "org.jfree.chart.util.LengthAdjustmentType",
139:       "org.jfree.chart.block.Block",
140:       "org.jfree.data.time.RegularTimePeriod",
141:       "org.jfree.chart.entity.TickLabelEntity",
142:       "org.jfree.chart.axis.Tick",
143:       "org.jfree.chart.axis.Axis",
144:       "org.jfree.chart.renderer.category.MinMaxCategoryRenderer$2",
145:       "org.jfree.data.general.PieDataset",
146:       "org.jfree.chart.entity.CategoryItemEntity",
147:       "org.jfree.chart.renderer.category.MinMaxCategoryRenderer$1",
148:       "org.jfree.chart.util.ShapeList",
149:       "org.jfree.chart.block.BlockBorder",
150:       "org.jfree.chart.entity.AxisLabelEntity",
151:       "org.jfree.data.general.DatasetUtilities",
152:       "org.jfree.chart.util.BooleanList",
153:       "org.jfree.chart.util.UnitType",
154:       "org.jfree.chart.util.AbstractObjectList",
155:       "org.jfree.chart.axis.AxisLocation",
156:       "org.jfree.chart.labels.StandardCategorySeriesLabelGenerator",
157:       "org.jfree.chart.util.ObjectUtilities",
158:       "org.jfree.chart.event.ChartProgressEvent",
159:       "org.jfree.chart.entity.CategoryLabelEntity",
160:       "org.jfree.chart.util.HorizontalAlignment",
161:       "org.jfree.chart.util.RectangleEdge",
162:       "org.jfree.chart.plot.DefaultDrawingSupplier",
163:       "org.jfree.chart.block.LengthConstraintType",
164:       "org.jfree.data.category.DefaultIntervalCategoryDataset",
165:       "org.jfree.chart.axis.CategoryAnchor",
166:       "org.jfree.data.category.CategoryDataset",
167:       "org.jfree.data.Range",
168:       "org.jfree.chart.plot.DatasetRenderingOrder",
169:       "org.jfree.chart.event.RendererChangeListener",
170:       "org.jfree.chart.block.FlowArrangement",
171:       "org.jfree.data.KeyedValues",
172:       "org.jfree.chart.util.RectangleInsets",
173:       "org.jfree.chart.labels.CategoryToolTipGenerator",
174:       "org.jfree.data.statistics.DefaultStatisticalCategoryDataset",
175:       "org.jfree.chart.text.TextAnchor",
176:       "org.jfree.chart.event.TitleChangeListener",
177:       "org.jfree.chart.axis.CategoryLabelPositions",
178:       "org.jfree.data.time.Quarter",
179:       "org.jfree.chart.text.TextMeasurer",
180:       "org.jfree.data.category.IntervalCategoryDataset",
181:       "org.jfree.chart.axis.TickUnit",
182:       "org.jfree.chart.plot.PlotState",
183:       "org.jfree.data.time.Year",
184:       "org.jfree.chart.LegendItemSource",
185:       "org.jfree.chart.ChartColor",
186:       "org.jfree.chart.Drawable",
187:       "org.jfree.chart.util.GradientPaintTransformer",
188:       "org.jfree.chart.axis.CategoryLabelPosition",
189:       "org.jfree.chart.util.SortOrder",
190:       "org.jfree.data.general.DatasetChangeListener",
191:       "org.jfree.chart.util.StrokeList",
192:       "org.jfree.chart.util.StandardGradientPaintTransformer",
193:       "org.jfree.chart.renderer.category.BarRenderer3D",
194:       "org.jfree.chart.block.BlockParams",
195:       "org.jfree.chart.event.TitleChangeEvent",
196:       "org.jfree.chart.annotations.CategoryAnnotation",
197:       "org.jfree.chart.axis.AxisSpace",
198:       "org.jfree.chart.text.TextUtilities",
199:       "org.jfree.chart.ui.Licences",
200:       "org.jfree.chart.axis.TickUnitSource",
201:       "org.jfree.chart.plot.CategoryMarker",
202:       "org.jfree.chart.axis.ModuloAxis",
203:       "org.jfree.data.general.DatasetGroup",
204:       "org.jfree.data.time.SpreadsheetDate",
205:       "org.jfree.chart.block.AbstractBlock",
206:       "org.jfree.chart.plot.XYPlot",
207:       "org.jfree.chart.event.ChartChangeEventType",
208:       "org.jfree.chart.util.GradientPaintTransformType",
209:       "org.jfree.chart.renderer.category.CategoryItemRenderer",
210:       "org.jfree.chart.entity.ChartEntity",
211:       "org.jfree.chart.entity.EntityCollection",
212:       "org.jfree.chart.util.Size2D",
213:       "org.jfree.data.jdbc.JDBCCategoryDataset",
214:       "org.jfree.data.Values2D",
215:       "org.jfree.data.general.SeriesChangeEvent",
216:       "org.jfree.chart.labels.CategoryItemLabelGenerator",
217:       "org.jfree.chart.resources.JFreeChartResources",
218:       "org.jfree.data.RangeType",
219:       "org.jfree.chart.renderer.category.CategoryStepRenderer",
220:       "org.jfree.data.general.DatasetChangeEvent",
221:       "org.jfree.data.time.Month",
222:       "org.jfree.chart.axis.TickUnits",
223:       "org.jfree.data.general.SeriesChangeListener",
224:       "org.jfree.chart.renderer.category.MinMaxCategoryRenderer",
225:       "org.jfree.chart.util.VerticalAlignment",
226:       "org.jfree.data.category.DefaultCategoryDataset",
227:       "org.jfree.chart.axis.TickType",
228:       "org.jfree.chart.block.EntityBlockParams",
229:       "org.jfree.data.general.Dataset",
230:       "org.jfree.chart.plot.PlotOrientation",
231:       "org.jfree.chart.axis.NumberAxis",
232:       "org.jfree.chart.plot.ThermometerPlot",
233:       "org.jfree.chart.util.Layer",
234:       "org.jfree.chart.event.PlotChangeListener",
235:       "org.jfree.chart.axis.NumberTick",
236:       "org.jfree.data.time.Hour",
237:       "org.jfree.chart.axis.PeriodAxisLabelInfo",
238:       "org.jfree.chart.renderer.category.CategoryStepRenderer$State",
239:       "org.jfree.chart.axis.ValueTick",
240:       "org.jfree.chart.axis.SubCategoryAxis",
241:       "org.jfree.chart.block.BlockContainer",
242:       "org.jfree.chart.JFreeChart",
243:       "org.jfree.chart.axis.NumberTickUnit",
244:       "org.jfree.chart.plot.Marker",
245:       "org.jfree.chart.plot.DrawingSupplier",
246:       "org.jfree.chart.title.TextTitle",
247:       "org.jfree.chart.title.LegendTitle",
248:       "org.jfree.chart.renderer.category.CategoryItemRendererState",
249:       "org.jfree.data.statistics.StatisticalCategoryDataset",
250:       "org.jfree.data.DataUtilities",
251:       "org.jfree.chart.axis.ValueAxis",
252:       "org.jfree.chart.ChartRenderingInfo",
253:       "org.jfree.chart.util.PublicCloneable",
254:       "org.jfree.data.Value",
255:       "org.jfree.chart.event.ChartChangeEvent",
256:       "org.jfree.chart.JFreeChartInfo",
257:       "org.jfree.chart.event.MarkerChangeEvent",
258:       "org.jfree.data.time.MonthConstants",
259:       "org.jfree.data.KeyedValues2D",
260:       "org.jfree.chart.block.BlockFrame",
261:       "org.jfree.data.Values",
262:       "org.jfree.chart.event.AxisChangeListener",
263:       "org.jfree.data.KeyedObjects2D",
264:       "org.jfree.chart.text.TextBlockAnchor",
265:       "org.jfree.data.general.DefaultValueDataset",
266:       "org.jfree.chart.event.ChartChangeListener",
267:       "org.jfree.chart.axis.LogAxis",
268:       "org.jfree.chart.util.PaintUtilities",
269:       "org.jfree.chart.axis.CategoryLabelWidthType"
270:     );
271:   } 
272:   private static void initMocksToAvoidTimeoutsInTheTests() throws ClassNotFoundException { 
273:     mock(Class.forName("java.sql.Connection", false, MinMaxCategoryRenderer_16_tmp__ESTest_scaffolding.class.getClassLoader()));
274:   }
275: 
276:   private static void resetClasses() {
277:     org.evosuite.runtime.classhandling.ClassResetter.getInstance().setClassLoader(MinMaxCategoryRenderer_16_tmp__ESTest_scaffolding.class.getClassLoader()); 
278: 
279:     org.evosuite.runtime.classhandling.ClassStateSupport.resetClasses(
280:       "org.jfree.chart.renderer.AbstractRenderer",
281:       "org.jfree.chart.renderer.category.AbstractCategoryItemRenderer",
282:       "org.jfree.chart.renderer.category.MinMaxCategoryRenderer",
283:       "org.jfree.chart.renderer.category.MinMaxCategoryRenderer$1",
284:       "org.jfree.chart.renderer.category.MinMaxCategoryRenderer$2",
285:       "org.jfree.chart.plot.PlotOrientation",
286:       "org.jfree.chart.util.AbstractObjectList",
287:       "org.jfree.chart.util.BooleanList",
288:       "org.jfree.chart.util.PaintList",
289:       "org.jfree.chart.util.StrokeList",
290:       "org.jfree.chart.util.ShapeList",
291:       "org.jfree.chart.util.ObjectList",
292:       "org.jfree.chart.labels.ItemLabelPosition",
293:       "org.jfree.chart.labels.ItemLabelAnchor",
294:       "org.jfree.chart.text.TextAnchor",
295:       "org.jfree.chart.labels.StandardCategorySeriesLabelGenerator",
296:       "org.jfree.chart.util.UnitType",
297:       "org.jfree.chart.util.RectangleInsets",
298:       "org.jfree.chart.axis.Axis",
299:       "org.jfree.data.Range",
300:       "org.jfree.chart.axis.ValueAxis",
301:       "org.jfree.chart.axis.TickUnit",
302:       "org.jfree.chart.axis.NumberTickUnit",
303:       "org.jfree.chart.axis.NumberAxis",
304:       "org.jfree.chart.axis.SymbolAxis",
305:       "org.jfree.chart.axis.TickUnits",
306:       "org.jfree.data.RangeType",
307:       "org.jfree.chart.event.ChartChangeEvent",
308:       "org.jfree.chart.event.AxisChangeEvent",
309:       "org.jfree.chart.event.ChartChangeEventType",
310:       "org.jfree.chart.event.RendererChangeEvent",
311:       "org.jfree.chart.labels.AbstractCategoryItemLabelGenerator",
312:       "org.jfree.chart.labels.StandardCategoryItemLabelGenerator",
313:       "org.jfree.chart.labels.IntervalCategoryItemLabelGenerator",
314:       "org.jfree.chart.renderer.DefaultPolarItemRenderer",
315:       "org.jfree.chart.plot.Plot",
316:       "org.jfree.chart.plot.CategoryPlot",
317:       "org.jfree.chart.plot.CombinedDomainCategoryPlot",
318:       "org.jfree.chart.axis.CategoryAxis",
319:       "org.jfree.chart.axis.CategoryLabelPosition",
320:       "org.jfree.chart.util.RectangleAnchor",
321:       "org.jfree.chart.text.TextBlockAnchor",
322:       "org.jfree.chart.axis.CategoryLabelWidthType",
323:       "org.jfree.chart.axis.CategoryLabelPositions",
324:       "org.jfree.chart.ChartColor",
325:       "org.jfree.chart.plot.DefaultDrawingSupplier",
326:       "org.jfree.chart.plot.DatasetRenderingOrder",
327:       "org.jfree.chart.util.SortOrder",
328:       "org.jfree.chart.axis.AxisLocation",
329:       "org.jfree.data.general.DatasetChangeEvent",
330:       "org.jfree.chart.event.PlotChangeEvent",
331:       "org.jfree.chart.axis.CategoryAnchor",
332:       "org.jfree.chart.plot.Marker",
333:       "org.jfree.chart.plot.ValueMarker",
334:       "org.jfree.chart.util.LengthAdjustmentType",
335:       "org.jfree.chart.util.Layer",
336:       "org.jfree.chart.util.ShapeUtilities",
337:       "org.jfree.chart.util.ObjectUtilities",
338:       "org.jfree.chart.util.PaintUtilities",
339:       "org.jfree.chart.plot.SpiderWebPlot",
340:       "org.jfree.chart.entity.StandardEntityCollection",
341:       "org.jfree.chart.ChartRenderingInfo",
342:       "org.jfree.chart.plot.PlotRenderingInfo",
343:       "org.jfree.chart.renderer.RendererState",
344:       "org.jfree.chart.renderer.category.CategoryItemRendererState",
345:       "org.jfree.data.general.AbstractDataset",
346:       "org.jfree.data.general.WaferMapDataset",
347:       "org.jfree.data.general.DatasetGroup",
348:       "org.jfree.data.DefaultKeyedValues2D",
349:       "org.jfree.chart.plot.WaferMapPlot",
350:       "org.jfree.chart.ui.Library",
351:       "org.jfree.chart.ui.BasicProjectInfo",
352:       "org.jfree.chart.ui.ProjectInfo",
353:       "org.jfree.chart.JFreeChartInfo",
354:       "org.jfree.chart.resources.JFreeChartResources",
355:       "org.jfree.chart.ui.Licences",
356:       "org.jfree.chart.ui.Contributor",
357:       "org.jfree.chart.JFreeChart",
358:       "org.jfree.chart.block.AbstractBlock",
359:       "org.jfree.chart.util.RectangleEdge",
360:       "org.jfree.chart.util.HorizontalAlignment",
361:       "org.jfree.chart.util.VerticalAlignment",
362:       "org.jfree.chart.title.Title",
363:       "org.jfree.chart.title.LegendTitle",
364:       "org.jfree.chart.block.FlowArrangement",
365:       "org.jfree.chart.block.ColumnArrangement",
366:       "org.jfree.chart.block.BlockBorder",
367:       "org.jfree.chart.block.BlockContainer",
368:       "org.jfree.chart.block.LineBorder",
369:       "org.jfree.chart.event.TitleChangeEvent",
370:       "org.jfree.data.general.AbstractSeriesDataset",
371:       "org.jfree.data.category.DefaultIntervalCategoryDataset",
372:       "org.jfree.data.resources.DataPackageResources",
373:       "org.jfree.data.category.CategoryToPieDataset",
374:       "org.jfree.chart.urls.StandardCategoryURLGenerator",
375:       "org.jfree.chart.renderer.category.BarRenderer",
376:       "org.jfree.chart.renderer.category.IntervalBarRenderer",
377:       "org.jfree.chart.renderer.category.GanttRenderer",
378:       "org.jfree.chart.util.StandardGradientPaintTransformer",
379:       "org.jfree.chart.util.GradientPaintTransformType",
380:       "org.jfree.chart.annotations.TextAnnotation",
381:       "org.jfree.chart.annotations.CategoryTextAnnotation",
382:       "org.jfree.chart.annotations.CategoryPointerAnnotation",
383:       "org.jfree.data.category.DefaultCategoryDataset",
384:       "org.jfree.chart.entity.ChartEntity",
385:       "org.jfree.chart.entity.CategoryItemEntity",
386:       "org.jfree.data.time.DateRange",
387:       "org.jfree.chart.axis.DateTickUnit",
388:       "org.jfree.chart.axis.DateAxis$DefaultTimeline",
389:       "org.jfree.chart.axis.DateAxis",
390:       "org.jfree.chart.axis.DateTickMarkPosition",
391:       "org.jfree.chart.axis.StandardTickUnitSource",
392:       "org.jfree.data.time.SerialDate",
393:       "org.jfree.data.time.SpreadsheetDate",
394:       "org.jfree.chart.plot.PolarPlot",
395:       "org.jfree.chart.axis.Tick",
396:       "org.jfree.chart.axis.ValueTick",
397:       "org.jfree.chart.axis.NumberTick",
398:       "org.jfree.chart.axis.TickType",
399:       "org.jfree.chart.labels.StandardCategoryToolTipGenerator",
400:       "org.jfree.data.jdbc.JDBCCategoryDataset",
401:       "org.jfree.data.UnknownKeyException",
402:       "org.jfree.chart.axis.CategoryAxis3D",
403:       "org.jfree.chart.title.TextTitle",
404:       "org.jfree.chart.event.ChartProgressEvent",
405:       "org.jfree.chart.block.LengthConstraintType",
406:       "org.jfree.chart.block.RectangleConstraint",
407:       "org.jfree.chart.block.BlockParams",
408:       "org.jfree.chart.text.G2TextMeasurer",
409:       "org.jfree.chart.text.TextUtilities",
410:       "org.jfree.chart.text.TextBlock",
411:       "org.jfree.chart.text.TextLine",
412:       "org.jfree.chart.text.TextFragment",
413:       "org.jfree.chart.util.Size2D",
414:       "org.jfree.chart.block.BlockResult",
415:       "org.jfree.chart.axis.AxisSpace",
416:       "org.jfree.chart.axis.AxisState",
417:       "org.jfree.chart.plot.PlotState",
418:       "org.jfree.chart.ChartPanel",
419:       "org.jfree.chart.PolarChartPanel",
420:       "org.jfree.data.xy.AbstractXYDataset",
421:       "org.jfree.data.xy.AbstractXYZDataset",
422:       "org.jfree.data.xy.DefaultXYZDataset",
423:       "org.jfree.data.xy.AbstractIntervalXYDataset",
424:       "org.jfree.data.xy.XYBarDataset",
425:       "org.jfree.chart.plot.FastScatterPlot",
426:       "org.jfree.chart.renderer.xy.AbstractXYItemRenderer",
427:       "org.jfree.chart.renderer.xy.HighLowRenderer",
428:       "org.jfree.chart.labels.StandardXYSeriesLabelGenerator",
429:       "org.jfree.data.DataUtilities",
430:       "org.jfree.chart.util.TableOrder",
431:       "org.jfree.chart.util.Rotation",
432:       "org.jfree.chart.renderer.WaferMapRenderer",
433:       "org.jfree.chart.axis.ExtendedCategoryAxis",
434:       "org.jfree.chart.plot.PiePlot",
435:       "org.jfree.chart.plot.RingPlot",
436:       "org.jfree.chart.PaintMap",
437:       "org.jfree.chart.StrokeMap",
438:       "org.jfree.chart.labels.AbstractPieItemLabelGenerator",
439:       "org.jfree.chart.labels.StandardPieSectionLabelGenerator",
440:       "org.jfree.chart.plot.AbstractPieLabelDistributor",
441:       "org.jfree.chart.plot.PieLabelDistributor",
442:       "org.jfree.chart.plot.PiePlot3D",
443:       "org.jfree.chart.axis.LogAxis",
444:       "org.jfree.chart.plot.CombinedRangeCategoryPlot",
445:       "org.jfree.chart.renderer.category.CategoryStepRenderer$State",
446:       "org.jfree.data.general.DefaultPieDataset",
447:       "org.jfree.data.jdbc.JDBCPieDataset",
448:       "org.jfree.data.DefaultKeyedValues",
449:       "org.jfree.chart.labels.AbstractXYItemLabelGenerator",
450:       "org.jfree.chart.labels.StandardXYToolTipGenerator",
451:       "org.jfree.chart.urls.StandardXYURLGenerator",
452:       "org.jfree.chart.renderer.xy.XYAreaRenderer",
453:       "org.jfree.chart.renderer.xy.StackedXYAreaRenderer",
454:       "org.jfree.chart.plot.MultiplePiePlot",
455:       "org.jfree.chart.renderer.xy.XYDotRenderer",
456:       "org.jfree.chart.renderer.category.CategoryStepRenderer",
457:       "org.jfree.chart.text.TextBox",
458:       "org.jfree.chart.labels.BoxAndWhiskerToolTipGenerator",
459:       "org.jfree.data.statistics.DefaultStatisticalCategoryDataset",
460:       "org.jfree.data.KeyedObjects2D",
461:       "org.jfree.chart.plot.XYPlot",
462:       "org.jfree.chart.plot.CombinedRangeXYPlot",
463:       "org.jfree.chart.plot.SeriesRenderingOrder",
464:       "org.jfree.chart.renderer.xy.XYLineAndShapeRenderer",
465:       "org.jfree.chart.renderer.xy.XYLine3DRenderer",
466:       "org.jfree.data.xy.XYSeriesCollection",
467:       "org.jfree.data.xy.IntervalXYDelegate",
468:       "org.jfree.data.general.DatasetUtilities",
469:       "org.jfree.data.general.DefaultKeyedValues2DDataset",
470:       "org.jfree.chart.annotations.CategoryLineAnnotation",
471:       "org.jfree.chart.axis.PeriodAxis",
472:       "org.jfree.data.time.RegularTimePeriod",
473:       "org.jfree.data.time.Day",
474:       "org.jfree.chart.axis.PeriodAxisLabelInfo",
475:       "org.jfree.chart.axis.CyclicNumberAxis",
476:       "org.jfree.chart.plot.ThermometerPlot",
477:       "org.jfree.chart.axis.LogarithmicAxis",
478:       "org.jfree.data.time.Month",
479:       "org.jfree.chart.LegendItemCollection",
480:       "org.jfree.chart.plot.MeterPlot",
481:       "org.jfree.chart.plot.DialShape",
482:       "org.jfree.chart.plot.CombinedDomainXYPlot",
483:       "org.jfree.data.general.DefaultValueDataset",
484:       "org.jfree.chart.plot.MeterInterval",
485:       "org.jfree.data.gantt.TaskSeriesCollection",
486:       "org.jfree.chart.labels.StandardXYItemLabelGenerator",
487:       "org.jfree.chart.renderer.category.StatisticalBarRenderer",
488:       "org.jfree.chart.renderer.category.BarRenderer3D",
489:       "org.jfree.chart.renderer.category.StackedBarRenderer3D",
490:       "org.jfree.chart.renderer.category.LineAndShapeRenderer",
491:       "org.jfree.chart.renderer.category.LineRenderer3D",
492:       "org.jfree.data.DefaultKeyedValue",
493:       "org.jfree.data.statistics.DefaultBoxAndWhiskerCategoryDataset",
494:       "org.jfree.chart.labels.IntervalCategoryToolTipGenerator",
495:       "org.jfree.chart.renderer.xy.XYBlockRenderer",
496:       "org.jfree.chart.renderer.LookupPaintScale",
497:       "org.jfree.chart.title.PaintScaleLegend",
498:       "org.jfree.data.time.FixedMillisecond",
499:       "org.jfree.chart.needle.MeterNeedle",
500:       "org.jfree.chart.needle.PlumNeedle",
501:       "org.jfree.chart.plot.CategoryMarker",
502:       "org.jfree.chart.event.MarkerChangeEvent",
503:       "org.jfree.data.time.Week",
504:       "org.jfree.data.time.TimePeriodFormatException",
505:       "org.jfree.chart.renderer.category.BoxAndWhiskerRenderer",
506:       "org.jfree.chart.axis.NumberAxis3D",
507:       "org.jfree.data.time.Minute",
508:       "org.jfree.chart.axis.SubCategoryAxis",
509:       "org.jfree.chart.renderer.category.StackedBarRenderer",
510:       "org.jfree.data.time.TimeSeriesCollection",
511:       "org.jfree.data.time.TimePeriodAnchor",
512:       "org.jfree.chart.renderer.category.WaterfallBarRenderer",
513:       "org.jfree.data.time.Hour",
514:       "org.jfree.data.time.DynamicTimeSeriesCollection",
515:       "org.jfree.data.general.Series",
516:       "org.jfree.data.time.TimeSeries",
517:       "org.jfree.chart.renderer.category.LevelRenderer",
518:       "org.jfree.chart.plot.CompassPlot",
519:       "org.jfree.chart.needle.ArrowNeedle",
520:       "org.jfree.chart.plot.PiePlotState",
521:       "org.jfree.data.xy.DefaultWindDataset",
522:       "org.jfree.data.general.CombinedDataset",
523:       "org.jfree.data.xy.XIntervalSeriesCollection",
524:       "org.jfree.data.time.Quarter",
525:       "org.jfree.chart.axis.SegmentedTimeline",
526:       "org.jfree.data.xy.XYSeries",
527:       "org.jfree.chart.axis.ModuloAxis",
528:       "org.jfree.data.xy.MatrixSeriesCollection",
529:       "org.jfree.data.time.Millisecond",
530:       "org.jfree.data.time.TimeSeriesDataItem",
531:       "org.jfree.data.time.Year",
532:       "org.jfree.data.xy.CategoryTableXYDataset",
533:       "org.jfree.chart.LegendItem",
534:       "org.jfree.chart.title.LegendGraphic",
535:       "org.jfree.chart.title.LegendItemBlockContainer",
536:       "org.jfree.chart.block.BorderArrangement",
537:       "org.jfree.chart.block.LabelBlock",
538:       "org.jfree.chart.block.CenterArrangement",
539:       "org.jfree.chart.plot.PieLabelRecord",
540:       "org.jfree.data.general.DefaultKeyedValuesDataset",
541:       "org.jfree.chart.labels.StandardXYZToolTipGenerator",
542:       "org.jfree.chart.labels.MultipleXYSeriesLabelGenerator",
543:       "org.jfree.data.jdbc.JDBCXYDataset",
544:       "org.jfree.data.statistics.HistogramDataset",
545:       "org.jfree.data.statistics.HistogramType",
546:       "org.jfree.data.xy.DefaultTableXYDataset",
547:       "org.jfree.chart.axis.CyclicNumberAxis$CycleBoundTick",
548:       "org.jfree.data.time.Second",
549:       "org.jfree.chart.urls.CustomXYURLGenerator",
550:       "org.jfree.data.xy.OHLCDataItem",
551:       "org.jfree.data.xy.DefaultHighLowDataset",
552:       "org.jfree.data.xy.XYIntervalSeriesCollection",
553:       "org.jfree.chart.labels.HighLowItemLabelGenerator",
554:       "org.jfree.data.time.TimePeriodValuesCollection",
555:       "org.jfree.data.time.SimpleTimePeriod",
556:       "org.jfree.data.xy.DefaultOHLCDataset",
557:       "org.jfree.chart.annotations.AbstractXYAnnotation",
558:       "org.jfree.chart.annotations.XYBoxAnnotation",
559:       "org.jfree.data.ComparableObjectSeries",
560:       "org.jfree.data.xy.VectorSeries",
561:       "org.jfree.data.xy.MatrixSeries",
562:       "org.jfree.data.statistics.DefaultBoxAndWhiskerXYDataset",
563:       "org.jfree.chart.annotations.XYTextAnnotation",
564:       "org.jfree.data.time.TimeTableXYDataset",
565:       "org.jfree.data.general.SeriesChangeEvent",
566:       "org.jfree.data.statistics.SimpleHistogramDataset",
567:       "org.jfree.chart.renderer.xy.XYErrorRenderer",
568:       "org.jfree.data.general.SubSeriesDataset",
569:       "org.jfree.chart.labels.BubbleXYItemLabelGenerator",
570:       "org.jfree.data.xy.DefaultXYDataset",
571:       "org.jfree.data.xy.XIntervalSeries",
572:       "org.jfree.chart.renderer.xy.CandlestickRenderer",
573:       "org.jfree.data.xy.XYDataItem",
574:       "org.jfree.chart.renderer.GrayPaintScale",
575:       "org.jfree.chart.labels.BoxAndWhiskerXYToolTipGenerator",
576:       "org.jfree.chart.entity.AxisLabelEntity",
577:       "org.jfree.chart.entity.LegendItemEntity",
578:       "org.jfree.data.gantt.TaskSeries",
579:       "org.jfree.data.xy.DefaultIntervalXYDataset",
580:       "org.jfree.chart.labels.StandardPieToolTipGenerator",
581:       "org.jfree.chart.annotations.XYPointerAnnotation",
582:       "org.jfree.chart.annotations.XYPolygonAnnotation",
583:       "org.jfree.chart.renderer.xy.XYBoxAndWhiskerRenderer",
584:       "org.jfree.chart.renderer.xy.DefaultXYItemRenderer",
585:       "org.jfree.chart.labels.SymbolicXYItemLabelGenerator",
586:       "org.jfree.chart.renderer.xy.XYBarRenderer",
587:       "org.jfree.chart.renderer.xy.ClusteredXYBarRenderer",
588:       "org.jfree.chart.renderer.xy.VectorRenderer",
589:       "org.jfree.data.time.TimePeriodValues",
590:       "org.jfree.chart.annotations.XYShapeAnnotation",
591:       "org.jfree.data.statistics.SimpleHistogramBin",
592:       "org.jfree.chart.axis.SegmentedTimeline$Segment",
593:       "org.jfree.chart.renderer.category.StatisticalLineAndShapeRenderer",
594:       "org.jfree.chart.imagemap.StandardURLTagFragmentGenerator",
595:       "org.jfree.data.xy.YIntervalSeriesCollection",
596:       "org.jfree.chart.urls.TimeSeriesURLGenerator",
597:       "org.jfree.chart.axis.AxisCollection",
598:       "org.jfree.chart.plot.CrosshairState"
599:     );
600:   }
601: }

[MASTER] 08:01:21.712 [logback-2] ERROR JUnitAnalyzer - Failed to compile test case:
MinMaxCategoryRenderer minMaxCategoryRenderer0 = new MinMaxCategoryRenderer();
SunHints.Key sunHints_Key0 = (SunHints.Key)RenderingHints.KEY_RESOLUTION_VARIANT;
RenderingHints renderingHints0 = new RenderingHints(sunHints_Key0, (Object) null);
DefaultValueDataset defaultValueDataset0 = new DefaultValueDataset((-4.0));
ThermometerPlot thermometerPlot0 = new ThermometerPlot(defaultValueDataset0);
JFreeChart jFreeChart0 = new JFreeChart(thermometerPlot0);
BufferedImage bufferedImage0 = jFreeChart0.createBufferedImage(2, 1);
Graphics2D graphics2D0 = bufferedImage0.createGraphics();
StackedBarRenderer3D stackedBarRenderer3D0 = new StackedBarRenderer3D();
AffineTransform affineTransform0 = AffineTransform.getRotateInstance((double) stackedBarRenderer3D0.ZERO, 12.0, 12.0);
AffineTransformOp affineTransformOp0 = new AffineTransformOp(affineTransform0, renderingHints0);
DataBufferInt dataBufferInt0 = new DataBufferInt(0);
Point point0 = new Point(15, 15);
WritableRaster writableRaster0 = Raster.createPackedRaster((DataBuffer) dataBufferInt0, 15, 4110, 1, point0);
Rectangle2D rectangle2D0 = affineTransformOp0.getBounds2D((Raster) writableRaster0);
Connection connection0 = mock(Connection.class, new ViolatedAssumptionAnswer());
JDBCCategoryDataset jDBCCategoryDataset0 = new JDBCCategoryDataset(connection0);
SubCategoryAxis subCategoryAxis0 = new SubCategoryAxis("Serge V. Grachov");
PeriodAxis periodAxis0 = new PeriodAxis("Serge V. Grachov");
CategoryPlot categoryPlot0 = new CategoryPlot(jDBCCategoryDataset0, subCategoryAxis0, periodAxis0, minMaxCategoryRenderer0);
PlotRenderingInfo plotRenderingInfo0 = new PlotRenderingInfo((ChartRenderingInfo) null);
CategoryItemRendererState categoryItemRendererState0 = stackedBarRenderer3D0.initialise(graphics2D0, rectangle2D0, categoryPlot0, 0, plotRenderingInfo0);
Number[][] numberArray0 = new Number[2][0];
Number[] numberArray1 = new Number[6];
numberArray0[0] = numberArray1;
DefaultIntervalCategoryDataset defaultIntervalCategoryDataset0 = new DefaultIntervalCategoryDataset(numberArray0, numberArray0);
minMaxCategoryRenderer0.drawItem(graphics2D0, categoryItemRendererState0, rectangle2D0, categoryPlot0, subCategoryAxis0, periodAxis0, defaultIntervalCategoryDataset0, 0, 1, 1);
assertFalse(minMaxCategoryRenderer0.isDrawLines());


[MASTER] 08:01:21.842 [logback-2] ERROR JUnitAnalyzer - Compilation failed on compilation units: [SimpleFileObject[/tmp/EvoSuite_17_1789916481713/org/jfree/chart/renderer/category/MinMaxCategoryRenderer_17_tmp__ESTest.java], SimpleFileObject[/tmp/EvoSuite_17_1789916481713/org/jfree/chart/renderer/category/MinMaxCategoryRenderer_17_tmp__ESTest_scaffolding.java]]
[MASTER] 08:01:21.842 [logback-2] ERROR JUnitAnalyzer - Classpath: /opt/defects4j/framework/projects/lib/junit-4.12-hamcrest-1.3.jar:/work/Chart_23f/build:/work/Chart_23f/lib/servlet.jar:/work/Chart_23f/build-tests:/opt/defects4j/framework/projects/lib/junit-4.12-hamcrest-1.3.jar:/opt/evosuite/evosuite-1.2.0.jar:/work/Chart_23f/build:/work/Chart_23f/lib/servlet.jar:/work/Chart_23f/build-tests:/opt/defects4j/framework/projects/lib/junit-4.12-hamcrest-1.3.jar:/work/Chart_23f/build:/work/Chart_23f/lib/servlet.jar:/work/Chart_23f/build-tests
[MASTER] 08:01:21.842 [logback-2] ERROR JUnitAnalyzer - evosuiteCP: /opt/defects4j/framework/projects/lib/junit-4.12-hamcrest-1.3.jar:/opt/evosuite/evosuite-1.2.0.jar:/work/Chart_23f/build:/work/Chart_23f/lib/servlet.jar:/work/Chart_23f/build-tests:/opt/defects4j/framework/projects/lib/junit-4.12-hamcrest-1.3.jar:/work/Chart_23f/build:/work/Chart_23f/lib/servlet.jar:/work/Chart_23f/build-tests
[MASTER] 08:01:21.843 [logback-2] ERROR JUnitAnalyzer - Diagnostic: package sun.awt is not visible
  (package sun.awt is declared in module java.desktop, which does not export it to the unnamed module): 41
[MASTER] 08:01:21.844 [logback-2] ERROR JUnitAnalyzer - SimpleFileObject[/tmp/EvoSuite_17_1789916481713/org/jfree/chart/renderer/category/MinMaxCategoryRenderer_17_tmp__ESTest.java]
1: /*
2:  * This file was automatically generated by EvoSuite
3:  * Sun Sep 20 15:01:21 GMT 2026
4:  */
5: 
6: package org.jfree.chart.renderer.category;
7: 
8: import org.junit.Test;
9: import static org.junit.Assert.*;
10: import static org.evosuite.shaded.org.mockito.Mockito.*;
11: import java.awt.Graphics2D;
12: import java.awt.Point;
13: import java.awt.RenderingHints;
14: import java.awt.geom.AffineTransform;
15: import java.awt.geom.Rectangle2D;
16: import java.awt.image.AffineTransformOp;
17: import java.awt.image.BufferedImage;
18: import java.awt.image.DataBuffer;
19: import java.awt.image.DataBufferInt;
20: import java.awt.image.Raster;
21: import java.awt.image.WritableRaster;
22: import java.sql.Connection;
23: import org.evosuite.runtime.EvoRunner;
24: import org.evosuite.runtime.EvoRunnerParameters;
25: import org.evosuite.runtime.ViolatedAssumptionAnswer;
26: import org.evosuite.runtime.testdata.EvoSuiteFile;
27: import org.jfree.chart.ChartRenderingInfo;
28: import org.jfree.chart.JFreeChart;
29: import org.jfree.chart.axis.PeriodAxis;
30: import org.jfree.chart.axis.SubCategoryAxis;
31: import org.jfree.chart.plot.CategoryPlot;
32: import org.jfree.chart.plot.PlotRenderingInfo;
33: import org.jfree.chart.plot.ThermometerPlot;
34: import org.jfree.chart.renderer.category.CategoryItemRendererState;
35: import org.jfree.chart.renderer.category.MinMaxCategoryRenderer;
36: import org.jfree.chart.renderer.category.StackedBarRenderer3D;
37: import org.jfree.data.category.DefaultIntervalCategoryDataset;
38: import org.jfree.data.general.DefaultValueDataset;
39: import org.jfree.data.jdbc.JDBCCategoryDataset;
40: import org.junit.runner.RunWith;
41: import sun.awt.SunHints;
42: 
43: @RunWith(EvoRunner.class) @EvoRunnerParameters(mockJVMNonDeterminism = true, useVFS = true, useVNET = true, resetStaticState = true) 
44: public class MinMaxCategoryRenderer_17_tmp__ESTest extends MinMaxCategoryRenderer_17_tmp__ESTest_scaffolding {
45: 
46:   @Test(timeout = 4000)
47:   public void test0()  throws Throwable  {
48:       MinMaxCategoryRenderer minMaxCategoryRenderer0 = new MinMaxCategoryRenderer();
49:       SunHints.Key sunHints_Key0 = (SunHints.Key)RenderingHints.KEY_RESOLUTION_VARIANT;
50:       RenderingHints renderingHints0 = new RenderingHints(sunHints_Key0, (Object) null);
51:       DefaultValueDataset defaultValueDataset0 = new DefaultValueDataset((-4.0));
52:       ThermometerPlot thermometerPlot0 = new ThermometerPlot(defaultValueDataset0);
53:       JFreeChart jFreeChart0 = new JFreeChart(thermometerPlot0);
54:       BufferedImage bufferedImage0 = jFreeChart0.createBufferedImage(2, 1);
55:       Graphics2D graphics2D0 = bufferedImage0.createGraphics();
56:       StackedBarRenderer3D stackedBarRenderer3D0 = new StackedBarRenderer3D(2, 1);
57:       AffineTransform affineTransform0 = AffineTransform.getRotateInstance((double) stackedBarRenderer3D0.ZERO, 12.0, 12.0);
58:       AffineTransformOp affineTransformOp0 = new AffineTransformOp(affineTransform0, renderingHints0);
59:       DataBufferInt dataBufferInt0 = new DataBufferInt(0);
60:       Point point0 = new Point((-1), (-1));
61:       WritableRaster writableRaster0 = Raster.createPackedRaster((DataBuffer) dataBufferInt0, 15, 4110, 4, point0);
62:       Rectangle2D rectangle2D0 = affineTransformOp0.getBounds2D((Raster) writableRaster0);
63:       Connection connection0 = mock(Connection.class, new ViolatedAssumptionAnswer());
64:       JDBCCategoryDataset jDBCCategoryDataset0 = new JDBCCategoryDataset(connection0);
65:       SubCategoryAxis subCategoryAxis0 = new SubCategoryAxis("Serge V. Grachov");
66:       PeriodAxis periodAxis0 = new PeriodAxis("Serge V. Grachov");
67:       CategoryPlot categoryPlot0 = new CategoryPlot(jDBCCategoryDataset0, subCategoryAxis0, periodAxis0, minMaxCategoryRenderer0);
68:       PlotRenderingInfo plotRenderingInfo0 = new PlotRenderingInfo((ChartRenderingInfo) null);
69:       CategoryItemRendererState categoryItemRendererState0 = stackedBarRenderer3D0.initialise(graphics2D0, rectangle2D0, categoryPlot0, 0, plotRenderingInfo0);
70:       Number[][] numberArray0 = new Number[2][0];
71:       Number[] numberArray1 = new Number[6];
72:       numberArray1[0] = (Number) 1;
73:       numberArray0[0] = numberArray1;
74:       DefaultIntervalCategoryDataset defaultIntervalCategoryDataset0 = new DefaultIntervalCategoryDataset(numberArray0, numberArray0);
75:       minMaxCategoryRenderer0.drawItem(graphics2D0, categoryItemRendererState0, rectangle2D0, categoryPlot0, subCategoryAxis0, periodAxis0, defaultIntervalCategoryDataset0, 0, 0, (-6));
76:       assertFalse(minMaxCategoryRenderer0.isDrawLines());
77:   }
78: }
SimpleFileObject[/tmp/EvoSuite_17_1789916481713/org/jfree/chart/renderer/category/MinMaxCategoryRenderer_17_tmp__ESTest.java]
1: /**
2:  * Scaffolding file used to store all the setups needed to run 
3:  * tests automatically generated by EvoSuite
4:  * Sun Sep 20 15:01:21 GMT 2026
5:  */
6: 
7: package org.jfree.chart.renderer.category;
8: 
9: import org.evosuite.runtime.annotation.EvoSuiteClassExclude;
10: import org.junit.BeforeClass;
11: import org.junit.Before;
12: import org.junit.After;
13: import org.junit.AfterClass;
14: import org.evosuite.runtime.sandbox.Sandbox;
15: import org.evosuite.runtime.sandbox.Sandbox.SandboxMode;
16: 
17: import static org.evosuite.shaded.org.mockito.Mockito.*;
18: @EvoSuiteClassExclude
19: public class MinMaxCategoryRenderer_17_tmp__ESTest_scaffolding {
20: 
21:   @org.junit.Rule
22:   public org.evosuite.runtime.vnet.NonFunctionalRequirementRule nfr = new org.evosuite.runtime.vnet.NonFunctionalRequirementRule();
23: 
24:   private static final java.util.Properties defaultProperties = (java.util.Properties) java.lang.System.getProperties().clone(); 
25: 
26:   private org.evosuite.runtime.thread.ThreadStopper threadStopper =  new org.evosuite.runtime.thread.ThreadStopper (org.evosuite.runtime.thread.KillSwitchHandler.getInstance(), 3000);
27: 
28: 
29:   @BeforeClass
30:   public static void initEvoSuiteFramework() { 
31:     org.evosuite.runtime.RuntimeSettings.className = "org.jfree.chart.renderer.category.MinMaxCategoryRenderer"; 
32:     org.evosuite.runtime.GuiSupport.initialize(); 
33:     org.evosuite.runtime.RuntimeSettings.maxNumberOfThreads = 100; 
34:     org.evosuite.runtime.RuntimeSettings.maxNumberOfIterationsPerLoop = 10000; 
35:     org.evosuite.runtime.RuntimeSettings.mockSystemIn = true; 
36:     org.evosuite.runtime.RuntimeSettings.sandboxMode = org.evosuite.runtime.sandbox.Sandbox.SandboxMode.RECOMMENDED; 
37:     org.evosuite.runtime.sandbox.Sandbox.initializeSecurityManagerForSUT(); 
38:     org.evosuite.runtime.classhandling.JDKClassResetter.init();
39:     setSystemProperties();
40:     initializeClasses();
41:     org.evosuite.runtime.Runtime.getInstance().resetRuntime(); 
42:     try { initMocksToAvoidTimeoutsInTheTests(); } catch(ClassNotFoundException e) {} 
43:   } 
44: 
45:   @AfterClass
46:   public static void clearEvoSuiteFramework(){ 
47:     Sandbox.resetDefaultSecurityManager(); 
48:     java.lang.System.setProperties((java.util.Properties) defaultProperties.clone()); 
49:   } 
50: 
51:   @Before
52:   public void initTestCase(){ 
53:     threadStopper.storeCurrentThreads();
54:     threadStopper.startRecordingTime();
55:     org.evosuite.runtime.jvm.ShutdownHookHandler.getInstance().initHandler(); 
56:     org.evosuite.runtime.sandbox.Sandbox.goingToExecuteSUTCode(); 
57:     setSystemProperties(); 
58:     org.evosuite.runtime.GuiSupport.setHeadless(); 
59:     org.evosuite.runtime.Runtime.getInstance().resetRuntime(); 
60:     org.evosuite.runtime.agent.InstrumentingAgent.activate(); 
61:   } 
62: 
63:   @After
64:   public void doneWithTestCase(){ 
65:     threadStopper.killAndJoinClientThreads();
66:     org.evosuite.runtime.jvm.ShutdownHookHandler.getInstance().safeExecuteAddedHooks(); 
67:     org.evosuite.runtime.classhandling.JDKClassResetter.reset(); 
68:     resetClasses(); 
69:     org.evosuite.runtime.sandbox.Sandbox.doneWithExecutingSUTCode(); 
70:     org.evosuite.runtime.agent.InstrumentingAgent.deactivate(); 
71:     org.evosuite.runtime.GuiSupport.restoreHeadlessMode(); 
72:   } 
73: 
74:   public static void setSystemProperties() {
75:  
76:     java.lang.System.setProperties((java.util.Properties) defaultProperties.clone()); 
77:     java.lang.System.setProperty("user.dir", "/work/Chart_23f"); 
78:     java.lang.System.setProperty("user.home", "/root"); 
79:     java.lang.System.setProperty("user.language", "en"); 
80:     java.lang.System.setProperty("user.country", "US"); 
81:     java.lang.System.setProperty("java.io.tmpdir", "/tmp"); 
82:   }
83: 
84:   private static void initializeClasses() {
85:     org.evosuite.runtime.classhandling.ClassStateSupport.initializeClasses(MinMaxCategoryRenderer_17_tmp__ESTest_scaffolding.class.getClassLoader() ,
86:       "org.jfree.chart.event.ChartProgressListener",
87:       "org.jfree.chart.ui.Library",
88:       "org.jfree.chart.renderer.category.StackedBarRenderer3D",
89:       "org.jfree.data.time.SerialDate",
90:       "org.jfree.chart.plot.ValueMarker",
91:       "org.jfree.data.resources.DataPackageResources",
92:       "org.jfree.chart.axis.AxisState",
93:       "org.jfree.chart.renderer.AbstractRenderer",
94:       "org.jfree.chart.labels.CategorySeriesLabelGenerator",
95:       "org.jfree.chart.Effect3D",
96:       "org.jfree.data.general.ValueDataset",
97:       "org.jfree.chart.block.ColumnArrangement",
98:       "org.jfree.data.general.AbstractDataset",
99:       "org.jfree.chart.block.RectangleConstraint",
100:       "org.jfree.chart.plot.Zoomable",
101:       "org.jfree.chart.title.Title",
102:       "org.jfree.chart.axis.MarkerAxisBand",
103:       "org.jfree.chart.block.LineBorder",
104:       "org.jfree.data.general.AbstractSeriesDataset",
105:       "org.jfree.chart.LegendItemCollection",
106:       "org.jfree.chart.axis.CategoryAxis",
107:       "org.jfree.data.RangeInfo",
108:       "org.jfree.data.DefaultKeyedValues2D",
109:       "org.jfree.chart.renderer.RendererState",
110:       "org.jfree.chart.ui.ProjectInfo",
111:       "org.jfree.chart.util.ObjectList",
112:       "org.jfree.chart.renderer.category.AbstractCategoryItemRenderer",
113:       "org.jfree.chart.entity.StandardEntityCollection",
114:       "org.jfree.chart.axis.PeriodAxis",
115:       "org.jfree.data.time.Day",
116:       "org.jfree.chart.labels.ItemLabelPosition",
117:       "org.jfree.data.general.SeriesDataset",
118:       "org.jfree.chart.ui.BasicProjectInfo",
119:       "org.jfree.chart.plot.CategoryPlot",
120:       "org.jfree.chart.event.MarkerChangeListener",
121:       "org.jfree.data.xy.XYDataset",
122:       "org.jfree.chart.block.Arrangement",
123:       "org.jfree.chart.plot.Plot",
124:       "org.jfree.chart.event.PlotChangeEvent",
125:       "org.jfree.chart.plot.ValueAxisPlot",
126:       "org.jfree.chart.labels.ItemLabelAnchor",
127:       "org.jfree.chart.util.PaintList",
128:       "org.jfree.data.UnknownKeyException",
129:       "org.jfree.chart.renderer.category.BarRenderer",
130:       "org.jfree.data.time.TimePeriod",
131:       "org.jfree.chart.event.AxisChangeEvent",
132:       "org.jfree.chart.LegendItem",
133:       "org.jfree.chart.ui.Contributor",
134:       "org.jfree.chart.event.RendererChangeEvent",
135:       "org.jfree.chart.urls.CategoryURLGenerator",
136:       "org.jfree.chart.util.RectangleAnchor",
137:       "org.jfree.chart.plot.PlotRenderingInfo",
138:       "org.jfree.chart.util.LengthAdjustmentType",
139:       "org.jfree.chart.block.Block",
140:       "org.jfree.data.time.RegularTimePeriod",
141:       "org.jfree.chart.entity.TickLabelEntity",
142:       "org.jfree.chart.axis.Tick",
143:       "org.jfree.chart.axis.Axis",
144:       "org.jfree.chart.renderer.category.MinMaxCategoryRenderer$2",
145:       "org.jfree.data.general.PieDataset",
146:       "org.jfree.chart.entity.CategoryItemEntity",
147:       "org.jfree.chart.renderer.category.MinMaxCategoryRenderer$1",
148:       "org.jfree.chart.util.ShapeList",
149:       "org.jfree.chart.block.BlockBorder",
150:       "org.jfree.chart.entity.AxisLabelEntity",
151:       "org.jfree.data.general.DatasetUtilities",
152:       "org.jfree.chart.util.BooleanList",
153:       "org.jfree.chart.util.UnitType",
154:       "org.jfree.chart.util.AbstractObjectList",
155:       "org.jfree.chart.axis.AxisLocation",
156:       "org.jfree.chart.labels.StandardCategorySeriesLabelGenerator",
157:       "org.jfree.chart.util.ObjectUtilities",
158:       "org.jfree.chart.event.ChartProgressEvent",
159:       "org.jfree.chart.entity.CategoryLabelEntity",
160:       "org.jfree.chart.util.HorizontalAlignment",
161:       "org.jfree.chart.util.RectangleEdge",
162:       "org.jfree.chart.plot.DefaultDrawingSupplier",
163:       "org.jfree.chart.block.LengthConstraintType",
164:       "org.jfree.data.category.DefaultIntervalCategoryDataset",
165:       "org.jfree.chart.axis.CategoryAnchor",
166:       "org.jfree.data.category.CategoryDataset",
167:       "org.jfree.data.Range",
168:       "org.jfree.chart.plot.DatasetRenderingOrder",
169:       "org.jfree.chart.event.RendererChangeListener",
170:       "org.jfree.chart.block.FlowArrangement",
171:       "org.jfree.data.KeyedValues",
172:       "org.jfree.chart.util.RectangleInsets",
173:       "org.jfree.chart.labels.CategoryToolTipGenerator",
174:       "org.jfree.data.statistics.DefaultStatisticalCategoryDataset",
175:       "org.jfree.chart.text.TextAnchor",
176:       "org.jfree.chart.event.TitleChangeListener",
177:       "org.jfree.chart.axis.CategoryLabelPositions",
178:       "org.jfree.data.time.Quarter",
179:       "org.jfree.chart.text.TextMeasurer",
180:       "org.jfree.data.category.IntervalCategoryDataset",
181:       "org.jfree.chart.axis.TickUnit",
182:       "org.jfree.chart.plot.PlotState",
183:       "org.jfree.data.time.Year",
184:       "org.jfree.chart.LegendItemSource",
185:       "org.jfree.chart.ChartColor",
186:       "org.jfree.chart.Drawable",
187:       "org.jfree.chart.util.GradientPaintTransformer",
188:       "org.jfree.chart.axis.CategoryLabelPosition",
189:       "org.jfree.chart.util.SortOrder",
190:       "org.jfree.data.general.DatasetChangeListener",
191:       "org.jfree.chart.util.StrokeList",
192:       "org.jfree.chart.util.StandardGradientPaintTransformer",
193:       "org.jfree.chart.renderer.category.BarRenderer3D",
194:       "org.jfree.chart.block.BlockParams",
195:       "org.jfree.chart.event.TitleChangeEvent",
196:       "org.jfree.chart.annotations.CategoryAnnotation",
197:       "org.jfree.chart.axis.AxisSpace",
198:       "org.jfree.chart.text.TextUtilities",
199:       "org.jfree.chart.ui.Licences",
200:       "org.jfree.chart.axis.TickUnitSource",
201:       "org.jfree.chart.plot.CategoryMarker",
202:       "org.jfree.chart.axis.ModuloAxis",
203:       "org.jfree.data.general.DatasetGroup",
204:       "org.jfree.data.time.SpreadsheetDate",
205:       "org.jfree.chart.block.AbstractBlock",
206:       "org.jfree.chart.plot.XYPlot",
207:       "org.jfree.chart.event.ChartChangeEventType",
208:       "org.jfree.chart.util.GradientPaintTransformType",
209:       "org.jfree.chart.renderer.category.CategoryItemRenderer",
210:       "org.jfree.chart.entity.ChartEntity",
211:       "org.jfree.chart.entity.EntityCollection",
212:       "org.jfree.chart.util.Size2D",
213:       "org.jfree.data.jdbc.JDBCCategoryDataset",
214:       "org.jfree.data.Values2D",
215:       "org.jfree.data.general.SeriesChangeEvent",
216:       "org.jfree.chart.labels.CategoryItemLabelGenerator",
217:       "org.jfree.chart.resources.JFreeChartResources",
218:       "org.jfree.data.RangeType",
219:       "org.jfree.chart.renderer.category.CategoryStepRenderer",
220:       "org.jfree.data.general.DatasetChangeEvent",
221:       "org.jfree.data.time.Month",
222:       "org.jfree.chart.axis.TickUnits",
223:       "org.jfree.data.general.SeriesChangeListener",
224:       "org.jfree.chart.renderer.category.MinMaxCategoryRenderer",
225:       "org.jfree.chart.util.VerticalAlignment",
226:       "org.jfree.data.category.DefaultCategoryDataset",
227:       "org.jfree.chart.axis.TickType",
228:       "org.jfree.chart.block.EntityBlockParams",
229:       "org.jfree.data.general.Dataset",
230:       "org.jfree.chart.plot.PlotOrientation",
231:       "org.jfree.chart.axis.NumberAxis",
232:       "org.jfree.chart.plot.ThermometerPlot",
233:       "org.jfree.chart.util.Layer",
234:       "org.jfree.chart.event.PlotChangeListener",
235:       "org.jfree.chart.axis.NumberTick",
236:       "org.jfree.data.time.Hour",
237:       "org.jfree.chart.axis.PeriodAxisLabelInfo",
238:       "org.jfree.chart.renderer.category.CategoryStepRenderer$State",
239:       "org.jfree.chart.axis.ValueTick",
240:       "org.jfree.chart.axis.SubCategoryAxis",
241:       "org.jfree.chart.block.BlockContainer",
242:       "org.jfree.chart.JFreeChart",
243:       "org.jfree.chart.axis.NumberTickUnit",
244:       "org.jfree.chart.plot.Marker",
245:       "org.jfree.chart.plot.DrawingSupplier",
246:       "org.jfree.chart.title.TextTitle",
247:       "org.jfree.chart.title.LegendTitle",
248:       "org.jfree.chart.renderer.category.CategoryItemRendererState",
249:       "org.jfree.data.statistics.StatisticalCategoryDataset",
250:       "org.jfree.data.DataUtilities",
251:       "org.jfree.chart.axis.ValueAxis",
252:       "org.jfree.chart.ChartRenderingInfo",
253:       "org.jfree.chart.util.PublicCloneable",
254:       "org.jfree.data.Value",
255:       "org.jfree.chart.event.ChartChangeEvent",
256:       "org.jfree.chart.JFreeChartInfo",
257:       "org.jfree.chart.event.MarkerChangeEvent",
258:       "org.jfree.data.time.MonthConstants",
259:       "org.jfree.data.KeyedValues2D",
260:       "org.jfree.chart.block.BlockFrame",
261:       "org.jfree.data.Values",
262:       "org.jfree.chart.event.AxisChangeListener",
263:       "org.jfree.data.KeyedObjects2D",
264:       "org.jfree.chart.text.TextBlockAnchor",
265:       "org.jfree.data.general.DefaultValueDataset",
266:       "org.jfree.chart.event.ChartChangeListener",
267:       "org.jfree.chart.axis.LogAxis",
268:       "org.jfree.chart.util.PaintUtilities",
269:       "org.jfree.chart.axis.CategoryLabelWidthType"
270:     );
271:   } 
272:   private static void initMocksToAvoidTimeoutsInTheTests() throws ClassNotFoundException { 
273:     mock(Class.forName("java.sql.Connection", false, MinMaxCategoryRenderer_17_tmp__ESTest_scaffolding.class.getClassLoader()));
274:   }
275: 
276:   private static void resetClasses() {
277:     org.evosuite.runtime.classhandling.ClassResetter.getInstance().setClassLoader(MinMaxCategoryRenderer_17_tmp__ESTest_scaffolding.class.getClassLoader()); 
278: 
279:     org.evosuite.runtime.classhandling.ClassStateSupport.resetClasses(
280:       "org.jfree.chart.renderer.AbstractRenderer",
281:       "org.jfree.chart.renderer.category.AbstractCategoryItemRenderer",
282:       "org.jfree.chart.renderer.category.MinMaxCategoryRenderer",
283:       "org.jfree.chart.renderer.category.MinMaxCategoryRenderer$1",
284:       "org.jfree.chart.renderer.category.MinMaxCategoryRenderer$2",
285:       "org.jfree.chart.plot.PlotOrientation",
286:       "org.jfree.chart.util.AbstractObjectList",
287:       "org.jfree.chart.util.BooleanList",
288:       "org.jfree.chart.util.PaintList",
289:       "org.jfree.chart.util.StrokeList",
290:       "org.jfree.chart.util.ShapeList",
291:       "org.jfree.chart.util.ObjectList",
292:       "org.jfree.chart.labels.ItemLabelPosition",
293:       "org.jfree.chart.labels.ItemLabelAnchor",
294:       "org.jfree.chart.text.TextAnchor",
295:       "org.jfree.chart.labels.StandardCategorySeriesLabelGenerator",
296:       "org.jfree.chart.util.UnitType",
297:       "org.jfree.chart.util.RectangleInsets",
298:       "org.jfree.chart.axis.Axis",
299:       "org.jfree.data.Range",
300:       "org.jfree.chart.axis.ValueAxis",
301:       "org.jfree.chart.axis.TickUnit",
302:       "org.jfree.chart.axis.NumberTickUnit",
303:       "org.jfree.chart.axis.NumberAxis",
304:       "org.jfree.chart.axis.SymbolAxis",
305:       "org.jfree.chart.axis.TickUnits",
306:       "org.jfree.data.RangeType",
307:       "org.jfree.chart.event.ChartChangeEvent",
308:       "org.jfree.chart.event.AxisChangeEvent",
309:       "org.jfree.chart.event.ChartChangeEventType",
310:       "org.jfree.chart.event.RendererChangeEvent",
311:       "org.jfree.chart.labels.AbstractCategoryItemLabelGenerator",
312:       "org.jfree.chart.labels.StandardCategoryItemLabelGenerator",
313:       "org.jfree.chart.labels.IntervalCategoryItemLabelGenerator",
314:       "org.jfree.chart.renderer.DefaultPolarItemRenderer",
315:       "org.jfree.chart.plot.Plot",
316:       "org.jfree.chart.plot.CategoryPlot",
317:       "org.jfree.chart.plot.CombinedDomainCategoryPlot",
318:       "org.jfree.chart.axis.CategoryAxis",
319:       "org.jfree.chart.axis.CategoryLabelPosition",
320:       "org.jfree.chart.util.RectangleAnchor",
321:       "org.jfree.chart.text.TextBlockAnchor",
322:       "org.jfree.chart.axis.CategoryLabelWidthType",
323:       "org.jfree.chart.axis.CategoryLabelPositions",
324:       "org.jfree.chart.ChartColor",
325:       "org.jfree.chart.plot.DefaultDrawingSupplier",
326:       "org.jfree.chart.plot.DatasetRenderingOrder",
327:       "org.jfree.chart.util.SortOrder",
328:       "org.jfree.chart.axis.AxisLocation",
329:       "org.jfree.data.general.DatasetChangeEvent",
330:       "org.jfree.chart.event.PlotChangeEvent",
331:       "org.jfree.chart.axis.CategoryAnchor",
332:       "org.jfree.chart.plot.Marker",
333:       "org.jfree.chart.plot.ValueMarker",
334:       "org.jfree.chart.util.LengthAdjustmentType",
335:       "org.jfree.chart.util.Layer",
336:       "org.jfree.chart.util.ShapeUtilities",
337:       "org.jfree.chart.util.ObjectUtilities",
338:       "org.jfree.chart.util.PaintUtilities",
339:       "org.jfree.chart.plot.SpiderWebPlot",
340:       "org.jfree.chart.entity.StandardEntityCollection",
341:       "org.jfree.chart.ChartRenderingInfo",
342:       "org.jfree.chart.plot.PlotRenderingInfo",
343:       "org.jfree.chart.renderer.RendererState",
344:       "org.jfree.chart.renderer.category.CategoryItemRendererState",
345:       "org.jfree.data.general.AbstractDataset",
346:       "org.jfree.data.general.WaferMapDataset",
347:       "org.jfree.data.general.DatasetGroup",
348:       "org.jfree.data.DefaultKeyedValues2D",
349:       "org.jfree.chart.plot.WaferMapPlot",
350:       "org.jfree.chart.ui.Library",
351:       "org.jfree.chart.ui.BasicProjectInfo",
352:       "org.jfree.chart.ui.ProjectInfo",
353:       "org.jfree.chart.JFreeChartInfo",
354:       "org.jfree.chart.resources.JFreeChartResources",
355:       "org.jfree.chart.ui.Licences",
356:       "org.jfree.chart.ui.Contributor",
357:       "org.jfree.chart.JFreeChart",
358:       "org.jfree.chart.block.AbstractBlock",
359:       "org.jfree.chart.util.RectangleEdge",
360:       "org.jfree.chart.util.HorizontalAlignment",
361:       "org.jfree.chart.util.VerticalAlignment",
362:       "org.jfree.chart.title.Title",
363:       "org.jfree.chart.title.LegendTitle",
364:       "org.jfree.chart.block.FlowArrangement",
365:       "org.jfree.chart.block.ColumnArrangement",
366:       "org.jfree.chart.block.BlockBorder",
367:       "org.jfree.chart.block.BlockContainer",
368:       "org.jfree.chart.block.LineBorder",
369:       "org.jfree.chart.event.TitleChangeEvent",
370:       "org.jfree.data.general.AbstractSeriesDataset",
371:       "org.jfree.data.category.DefaultIntervalCategoryDataset",
372:       "org.jfree.data.resources.DataPackageResources",
373:       "org.jfree.data.category.CategoryToPieDataset",
374:       "org.jfree.chart.urls.StandardCategoryURLGenerator",
375:       "org.jfree.chart.renderer.category.BarRenderer",
376:       "org.jfree.chart.renderer.category.IntervalBarRenderer",
377:       "org.jfree.chart.renderer.category.GanttRenderer",
378:       "org.jfree.chart.util.StandardGradientPaintTransformer",
379:       "org.jfree.chart.util.GradientPaintTransformType",
380:       "org.jfree.chart.annotations.TextAnnotation",
381:       "org.jfree.chart.annotations.CategoryTextAnnotation",
382:       "org.jfree.chart.annotations.CategoryPointerAnnotation",
383:       "org.jfree.data.category.DefaultCategoryDataset",
384:       "org.jfree.chart.entity.ChartEntity",
385:       "org.jfree.chart.entity.CategoryItemEntity",
386:       "org.jfree.data.time.DateRange",
387:       "org.jfree.chart.axis.DateTickUnit",
388:       "org.jfree.chart.axis.DateAxis$DefaultTimeline",
389:       "org.jfree.chart.axis.DateAxis",
390:       "org.jfree.chart.axis.DateTickMarkPosition",
391:       "org.jfree.chart.axis.StandardTickUnitSource",
392:       "org.jfree.data.time.SerialDate",
393:       "org.jfree.data.time.SpreadsheetDate",
394:       "org.jfree.chart.plot.PolarPlot",
395:       "org.jfree.chart.axis.Tick",
396:       "org.jfree.chart.axis.ValueTick",
397:       "org.jfree.chart.axis.NumberTick",
398:       "org.jfree.chart.axis.TickType",
399:       "org.jfree.chart.labels.StandardCategoryToolTipGenerator",
400:       "org.jfree.data.jdbc.JDBCCategoryDataset",
401:       "org.jfree.data.UnknownKeyException",
402:       "org.jfree.chart.axis.CategoryAxis3D",
403:       "org.jfree.chart.title.TextTitle",
404:       "org.jfree.chart.event.ChartProgressEvent",
405:       "org.jfree.chart.block.LengthConstraintType",
406:       "org.jfree.chart.block.RectangleConstraint",
407:       "org.jfree.chart.block.BlockParams",
408:       "org.jfree.chart.text.G2TextMeasurer",
409:       "org.jfree.chart.text.TextUtilities",
410:       "org.jfree.chart.text.TextBlock",
411:       "org.jfree.chart.text.TextLine",
412:       "org.jfree.chart.text.TextFragment",
413:       "org.jfree.chart.util.Size2D",
414:       "org.jfree.chart.block.BlockResult",
415:       "org.jfree.chart.axis.AxisSpace",
416:       "org.jfree.chart.axis.AxisState",
417:       "org.jfree.chart.plot.PlotState",
418:       "org.jfree.chart.ChartPanel",
419:       "org.jfree.chart.PolarChartPanel",
420:       "org.jfree.data.xy.AbstractXYDataset",
421:       "org.jfree.data.xy.AbstractXYZDataset",
422:       "org.jfree.data.xy.DefaultXYZDataset",
423:       "org.jfree.data.xy.AbstractIntervalXYDataset",
424:       "org.jfree.data.xy.XYBarDataset",
425:       "org.jfree.chart.plot.FastScatterPlot",
426:       "org.jfree.chart.renderer.xy.AbstractXYItemRenderer",
427:       "org.jfree.chart.renderer.xy.HighLowRenderer",
428:       "org.jfree.chart.labels.StandardXYSeriesLabelGenerator",
429:       "org.jfree.data.DataUtilities",
430:       "org.jfree.chart.util.TableOrder",
431:       "org.jfree.chart.util.Rotation",
432:       "org.jfree.chart.renderer.WaferMapRenderer",
433:       "org.jfree.chart.axis.ExtendedCategoryAxis",
434:       "org.jfree.chart.plot.PiePlot",
435:       "org.jfree.chart.plot.RingPlot",
436:       "org.jfree.chart.PaintMap",
437:       "org.jfree.chart.StrokeMap",
438:       "org.jfree.chart.labels.AbstractPieItemLabelGenerator",
439:       "org.jfree.chart.labels.StandardPieSectionLabelGenerator",
440:       "org.jfree.chart.plot.AbstractPieLabelDistributor",
441:       "org.jfree.chart.plot.PieLabelDistributor",
442:       "org.jfree.chart.plot.PiePlot3D",
443:       "org.jfree.chart.axis.LogAxis",
444:       "org.jfree.chart.plot.CombinedRangeCategoryPlot",
445:       "org.jfree.chart.renderer.category.CategoryStepRenderer$State",
446:       "org.jfree.data.general.DefaultPieDataset",
447:       "org.jfree.data.jdbc.JDBCPieDataset",
448:       "org.jfree.data.DefaultKeyedValues",
449:       "org.jfree.chart.labels.AbstractXYItemLabelGenerator",
450:       "org.jfree.chart.labels.StandardXYToolTipGenerator",
451:       "org.jfree.chart.urls.StandardXYURLGenerator",
452:       "org.jfree.chart.renderer.xy.XYAreaRenderer",
453:       "org.jfree.chart.renderer.xy.StackedXYAreaRenderer",
454:       "org.jfree.chart.plot.MultiplePiePlot",
455:       "org.jfree.chart.renderer.xy.XYDotRenderer",
456:       "org.jfree.chart.renderer.category.CategoryStepRenderer",
457:       "org.jfree.chart.text.TextBox",
458:       "org.jfree.chart.labels.BoxAndWhiskerToolTipGenerator",
459:       "org.jfree.data.statistics.DefaultStatisticalCategoryDataset",
460:       "org.jfree.data.KeyedObjects2D",
461:       "org.jfree.chart.plot.XYPlot",
462:       "org.jfree.chart.plot.CombinedRangeXYPlot",
463:       "org.jfree.chart.plot.SeriesRenderingOrder",
464:       "org.jfree.chart.renderer.xy.XYLineAndShapeRenderer",
465:       "org.jfree.chart.renderer.xy.XYLine3DRenderer",
466:       "org.jfree.data.xy.XYSeriesCollection",
467:       "org.jfree.data.xy.IntervalXYDelegate",
468:       "org.jfree.data.general.DatasetUtilities",
469:       "org.jfree.data.general.DefaultKeyedValues2DDataset",
470:       "org.jfree.chart.annotations.CategoryLineAnnotation",
471:       "org.jfree.chart.axis.PeriodAxis",
472:       "org.jfree.data.time.RegularTimePeriod",
473:       "org.jfree.data.time.Day",
474:       "org.jfree.chart.axis.PeriodAxisLabelInfo",
475:       "org.jfree.chart.axis.CyclicNumberAxis",
476:       "org.jfree.chart.plot.ThermometerPlot",
477:       "org.jfree.chart.axis.LogarithmicAxis",
478:       "org.jfree.data.time.Month",
479:       "org.jfree.chart.LegendItemCollection",
480:       "org.jfree.chart.plot.MeterPlot",
481:       "org.jfree.chart.plot.DialShape",
482:       "org.jfree.chart.plot.CombinedDomainXYPlot",
483:       "org.jfree.data.general.DefaultValueDataset",
484:       "org.jfree.chart.plot.MeterInterval",
485:       "org.jfree.data.gantt.TaskSeriesCollection",
486:       "org.jfree.chart.labels.StandardXYItemLabelGenerator",
487:       "org.jfree.chart.renderer.category.StatisticalBarRenderer",
488:       "org.jfree.chart.renderer.category.BarRenderer3D",
489:       "org.jfree.chart.renderer.category.StackedBarRenderer3D",
490:       "org.jfree.chart.renderer.category.LineAndShapeRenderer",
491:       "org.jfree.chart.renderer.category.LineRenderer3D",
492:       "org.jfree.data.DefaultKeyedValue",
493:       "org.jfree.data.statistics.DefaultBoxAndWhiskerCategoryDataset",
494:       "org.jfree.chart.labels.IntervalCategoryToolTipGenerator",
495:       "org.jfree.chart.renderer.xy.XYBlockRenderer",
496:       "org.jfree.chart.renderer.LookupPaintScale",
497:       "org.jfree.chart.title.PaintScaleLegend",
498:       "org.jfree.data.time.FixedMillisecond",
499:       "org.jfree.chart.needle.MeterNeedle",
500:       "org.jfree.chart.needle.PlumNeedle",
501:       "org.jfree.chart.plot.CategoryMarker",
502:       "org.jfree.chart.event.MarkerChangeEvent",
503:       "org.jfree.data.time.Week",
504:       "org.jfree.data.time.TimePeriodFormatException",
505:       "org.jfree.chart.renderer.category.BoxAndWhiskerRenderer",
506:       "org.jfree.chart.axis.NumberAxis3D",
507:       "org.jfree.data.time.Minute",
508:       "org.jfree.chart.axis.SubCategoryAxis",
509:       "org.jfree.chart.renderer.category.StackedBarRenderer",
510:       "org.jfree.data.time.TimeSeriesCollection",
511:       "org.jfree.data.time.TimePeriodAnchor",
512:       "org.jfree.chart.renderer.category.WaterfallBarRenderer",
513:       "org.jfree.data.time.Hour",
514:       "org.jfree.data.time.DynamicTimeSeriesCollection",
515:       "org.jfree.data.general.Series",
516:       "org.jfree.data.time.TimeSeries",
517:       "org.jfree.chart.renderer.category.LevelRenderer",
518:       "org.jfree.chart.plot.CompassPlot",
519:       "org.jfree.chart.needle.ArrowNeedle",
520:       "org.jfree.chart.plot.PiePlotState",
521:       "org.jfree.data.xy.DefaultWindDataset",
522:       "org.jfree.data.general.CombinedDataset",
523:       "org.jfree.data.xy.XIntervalSeriesCollection",
524:       "org.jfree.data.time.Quarter",
525:       "org.jfree.chart.axis.SegmentedTimeline",
526:       "org.jfree.data.xy.XYSeries",
527:       "org.jfree.chart.axis.ModuloAxis",
528:       "org.jfree.data.xy.MatrixSeriesCollection",
529:       "org.jfree.data.time.Millisecond",
530:       "org.jfree.data.time.TimeSeriesDataItem",
531:       "org.jfree.data.time.Year",
532:       "org.jfree.data.xy.CategoryTableXYDataset",
533:       "org.jfree.chart.LegendItem",
534:       "org.jfree.chart.title.LegendGraphic",
535:       "org.jfree.chart.title.LegendItemBlockContainer",
536:       "org.jfree.chart.block.BorderArrangement",
537:       "org.jfree.chart.block.LabelBlock",
538:       "org.jfree.chart.block.CenterArrangement",
539:       "org.jfree.chart.plot.PieLabelRecord",
540:       "org.jfree.data.general.DefaultKeyedValuesDataset",
541:       "org.jfree.chart.labels.StandardXYZToolTipGenerator",
542:       "org.jfree.chart.labels.MultipleXYSeriesLabelGenerator",
543:       "org.jfree.data.jdbc.JDBCXYDataset",
544:       "org.jfree.data.statistics.HistogramDataset",
545:       "org.jfree.data.statistics.HistogramType",
546:       "org.jfree.data.xy.DefaultTableXYDataset",
547:       "org.jfree.chart.axis.CyclicNumberAxis$CycleBoundTick",
548:       "org.jfree.data.time.Second",
549:       "org.jfree.chart.urls.CustomXYURLGenerator",
550:       "org.jfree.data.xy.OHLCDataItem",
551:       "org.jfree.data.xy.DefaultHighLowDataset",
552:       "org.jfree.data.xy.XYIntervalSeriesCollection",
553:       "org.jfree.chart.labels.HighLowItemLabelGenerator",
554:       "org.jfree.data.time.TimePeriodValuesCollection",
555:       "org.jfree.data.time.SimpleTimePeriod",
556:       "org.jfree.data.xy.DefaultOHLCDataset",
557:       "org.jfree.chart.annotations.AbstractXYAnnotation",
558:       "org.jfree.chart.annotations.XYBoxAnnotation",
559:       "org.jfree.data.ComparableObjectSeries",
560:       "org.jfree.data.xy.VectorSeries",
561:       "org.jfree.data.xy.MatrixSeries",
562:       "org.jfree.data.statistics.DefaultBoxAndWhiskerXYDataset",
563:       "org.jfree.chart.annotations.XYTextAnnotation",
564:       "org.jfree.data.time.TimeTableXYDataset",
565:       "org.jfree.data.general.SeriesChangeEvent",
566:       "org.jfree.data.statistics.SimpleHistogramDataset",
567:       "org.jfree.chart.renderer.xy.XYErrorRenderer",
568:       "org.jfree.data.general.SubSeriesDataset",
569:       "org.jfree.chart.labels.BubbleXYItemLabelGenerator",
570:       "org.jfree.data.xy.DefaultXYDataset",
571:       "org.jfree.data.xy.XIntervalSeries",
572:       "org.jfree.chart.renderer.xy.CandlestickRenderer",
573:       "org.jfree.data.xy.XYDataItem",
574:       "org.jfree.chart.renderer.GrayPaintScale",
575:       "org.jfree.chart.labels.BoxAndWhiskerXYToolTipGenerator",
576:       "org.jfree.chart.entity.AxisLabelEntity",
577:       "org.jfree.chart.entity.LegendItemEntity",
578:       "org.jfree.data.gantt.TaskSeries",
579:       "org.jfree.data.xy.DefaultIntervalXYDataset",
580:       "org.jfree.chart.labels.StandardPieToolTipGenerator",
581:       "org.jfree.chart.annotations.XYPointerAnnotation",
582:       "org.jfree.chart.annotations.XYPolygonAnnotation",
583:       "org.jfree.chart.renderer.xy.XYBoxAndWhiskerRenderer",
584:       "org.jfree.chart.renderer.xy.DefaultXYItemRenderer",
585:       "org.jfree.chart.labels.SymbolicXYItemLabelGenerator",
586:       "org.jfree.chart.renderer.xy.XYBarRenderer",
587:       "org.jfree.chart.renderer.xy.ClusteredXYBarRenderer",
588:       "org.jfree.chart.renderer.xy.VectorRenderer",
589:       "org.jfree.data.time.TimePeriodValues",
590:       "org.jfree.chart.annotations.XYShapeAnnotation",
591:       "org.jfree.data.statistics.SimpleHistogramBin",
592:       "org.jfree.chart.axis.SegmentedTimeline$Segment",
593:       "org.jfree.chart.renderer.category.StatisticalLineAndShapeRenderer",
594:       "org.jfree.chart.imagemap.StandardURLTagFragmentGenerator",
595:       "org.jfree.data.xy.YIntervalSeriesCollection",
596:       "org.jfree.chart.urls.TimeSeriesURLGenerator",
597:       "org.jfree.chart.axis.AxisCollection",
598:       "org.jfree.chart.plot.CrosshairState"
599:     );
600:   }
601: }

[MASTER] 08:01:21.845 [logback-2] ERROR JUnitAnalyzer - Failed to compile test case:
MinMaxCategoryRenderer minMaxCategoryRenderer0 = new MinMaxCategoryRenderer();
SunHints.Key sunHints_Key0 = (SunHints.Key)RenderingHints.KEY_RESOLUTION_VARIANT;
RenderingHints renderingHints0 = new RenderingHints(sunHints_Key0, (Object) null);
DefaultValueDataset defaultValueDataset0 = new DefaultValueDataset((-4.0));
ThermometerPlot thermometerPlot0 = new ThermometerPlot(defaultValueDataset0);
JFreeChart jFreeChart0 = new JFreeChart(thermometerPlot0);
BufferedImage bufferedImage0 = jFreeChart0.createBufferedImage(2, 1);
Graphics2D graphics2D0 = bufferedImage0.createGraphics();
StackedBarRenderer3D stackedBarRenderer3D0 = new StackedBarRenderer3D(2, 1);
AffineTransform affineTransform0 = AffineTransform.getRotateInstance((double) stackedBarRenderer3D0.ZERO, 12.0, 12.0);
AffineTransformOp affineTransformOp0 = new AffineTransformOp(affineTransform0, renderingHints0);
DataBufferInt dataBufferInt0 = new DataBufferInt(0);
Point point0 = new Point((-1), (-1));
WritableRaster writableRaster0 = Raster.createPackedRaster((DataBuffer) dataBufferInt0, 15, 4110, 4, point0);
Rectangle2D rectangle2D0 = affineTransformOp0.getBounds2D((Raster) writableRaster0);
Connection connection0 = mock(Connection.class, new ViolatedAssumptionAnswer());
JDBCCategoryDataset jDBCCategoryDataset0 = new JDBCCategoryDataset(connection0);
SubCategoryAxis subCategoryAxis0 = new SubCategoryAxis("Serge V. Grachov");
PeriodAxis periodAxis0 = new PeriodAxis("Serge V. Grachov");
CategoryPlot categoryPlot0 = new CategoryPlot(jDBCCategoryDataset0, subCategoryAxis0, periodAxis0, minMaxCategoryRenderer0);
PlotRenderingInfo plotRenderingInfo0 = new PlotRenderingInfo((ChartRenderingInfo) null);
CategoryItemRendererState categoryItemRendererState0 = stackedBarRenderer3D0.initialise(graphics2D0, rectangle2D0, categoryPlot0, 0, plotRenderingInfo0);
Number[][] numberArray0 = new Number[2][0];
Number[] numberArray1 = new Number[6];
numberArray1[0] = (Number) 1;
numberArray0[0] = numberArray1;
DefaultIntervalCategoryDataset defaultIntervalCategoryDataset0 = new DefaultIntervalCategoryDataset(numberArray0, numberArray0);
minMaxCategoryRenderer0.drawItem(graphics2D0, categoryItemRendererState0, rectangle2D0, categoryPlot0, subCategoryAxis0, periodAxis0, defaultIntervalCategoryDataset0, 0, 0, (-6));
assertFalse(minMaxCategoryRenderer0.isDrawLines());



[exit=0 timeout=False time=153.9s]

$ javac -nowarn -cp /work/Chart_23f/build:/opt/defects4j/framework/projects/lib/junit-4.12-hamcrest-1.3.jar:/work/Chart_23f/lib/servlet.jar:/work/Chart_23f/build:/work/Chart_23f/build-tests:/opt/evosuite/evosuite-standalone-runtime-1.2.0.jar -d /work/evo_out/Chart_23f/budget120_seed1/classes /work/evo_out/Chart_23f/budget120_seed1/tests/org/jfree/chart/renderer/category/MinMaxCategoryRenderer_ESTest.java /work/evo_out/Chart_23f/budget120_seed1/tests/org/jfree/chart/renderer/category/MinMaxCategoryRenderer_ESTest_scaffolding.java

[exit=0 timeout=False time=1.0s]

$ java -jar /opt/jacoco/lib/jacococli.jar instrument /work/Chart_23f/build --dest /work/evo_out/Chart_23f/budget120_seed1/instrumented
[INFO] 610 classes instrumented to /work/evo_out/Chart_23f/budget120_seed1/instrumented.

[exit=0 timeout=False time=0.9s]

$ java -Djacoco-agent.destfile=/workspace/EvoSuite/Result_Round2/Chart_23/budget120_seed1/jacoco.exec -cp /work/evo_out/Chart_23f/budget120_seed1/instrumented:/work/evo_out/Chart_23f/budget120_seed1/classes:/opt/defects4j/framework/projects/lib/junit-4.12-hamcrest-1.3.jar:/work/Chart_23f/lib/servlet.jar:/work/Chart_23f/build:/work/Chart_23f/build-tests:/opt/evosuite/evosuite-standalone-runtime-1.2.0.jar:/opt/jacoco/lib/jacocoagent.jar org.junit.runner.JUnitCore org.jfree.chart.renderer.category.MinMaxCategoryRenderer_ESTest
JUnit version 4.12
........................
Time: 2.471

OK (24 tests)

SLF4J: Failed to load class "org.slf4j.impl.StaticLoggerBinder".
SLF4J: Defaulting to no-operation (NOP) logger implementation
SLF4J: See http://www.slf4j.org/codes.html#StaticLoggerBinder for further details.
WARNING: An illegal reflective access operation has occurred
WARNING: Illegal reflective access by org.evosuite.runtime.GuiSupport (file:/opt/evosuite/evosuite-standalone-runtime-1.2.0.jar) to field java.awt.GraphicsEnvironment.headless
WARNING: Please consider reporting this to the maintainers of org.evosuite.runtime.GuiSupport
WARNING: Use --illegal-access=warn to enable warnings of further illegal reflective access operations
WARNING: All illegal access operations will be denied in a future release

[exit=0 timeout=False time=4.5s]

$ java -jar /opt/jacoco/lib/jacococli.jar report /workspace/EvoSuite/Result_Round2/Chart_23/budget120_seed1/jacoco.exec --classfiles /work/Chart_23f/build --csv /workspace/EvoSuite/Result_Round2/Chart_23/budget120_seed1/jacoco.csv
[INFO] Loading execution data file /workspace/EvoSuite/Result_Round2/Chart_23/budget120_seed1/jacoco.exec.
[INFO] Analyzing 517 classes.

[exit=0 timeout=False time=0.8s]

$ java -cp /work/evo_out/Chart_23f/budget120_seed1/classes:/opt/defects4j/framework/projects/lib/junit-4.12-hamcrest-1.3.jar:/work/Chart_23b/lib/servlet.jar:/work/Chart_23b/build:/work/Chart_23b/build-tests:/opt/evosuite/evosuite-standalone-runtime-1.2.0.jar org.junit.runner.JUnitCore org.jfree.chart.renderer.category.MinMaxCategoryRenderer_ESTest
JUnit version 4.12
....................E.E...E
Time: 2.193
There were 3 failures:
1) test14(org.jfree.chart.renderer.category.MinMaxCategoryRenderer_ESTest)
java.lang.AssertionError
	at org.junit.Assert.fail(Assert.java:86)
	at org.junit.Assert.assertTrue(Assert.java:41)
	at org.junit.Assert.assertFalse(Assert.java:64)
	at org.junit.Assert.assertFalse(Assert.java:74)
	at org.jfree.chart.renderer.category.MinMaxCategoryRenderer_ESTest.test14(MinMaxCategoryRenderer_ESTest.java:276)
	at java.base/jdk.internal.reflect.NativeMethodAccessorImpl.invoke0(Native Method)
	at java.base/jdk.internal.reflect.NativeMethodAccessorImpl.invoke(NativeMethodAccessorImpl.java:62)
	at java.base/jdk.internal.reflect.DelegatingMethodAccessorImpl.invoke(DelegatingMethodAccessorImpl.java:43)
	at java.base/java.lang.reflect.Method.invoke(Method.java:566)
	at org.junit.runners.model.FrameworkMethod$1.runReflectiveCall(FrameworkMethod.java:50)
	at org.junit.internal.runners.model.ReflectiveCallable.run(ReflectiveCallable.java:12)
	at org.junit.runners.model.FrameworkMethod.invokeExplosively(FrameworkMethod.java:47)
	at org.junit.internal.runners.statements.InvokeMethod.evaluate(InvokeMethod.java:17)
	at org.junit.internal.runners.statements.FailOnTimeout$CallableStatement.call(FailOnTimeout.java:298)
	at org.junit.internal.runners.statements.FailOnTimeout$CallableStatement.call(FailOnTimeout.java:292)
	at java.base/java.util.concurrent.FutureTask.run(FutureTask.java:264)
	at java.base/java.lang.Thread.run(Thread.java:829)
2) test04(org.jfree.chart.renderer.category.MinMaxCategoryRenderer_ESTest)
java.lang.AssertionError
	at org.junit.Assert.fail(Assert.java:86)
	at org.junit.Assert.assertTrue(Assert.java:41)
	at org.junit.Assert.assertFalse(Assert.java:64)
	at org.junit.Assert.assertFalse(Assert.java:74)
	at org.jfree.chart.renderer.category.MinMaxCategoryRenderer_ESTest.test04(MinMaxCategoryRenderer_ESTest.java:160)
	at java.base/jdk.internal.reflect.NativeMethodAccessorImpl.invoke0(Native Method)
	at java.base/jdk.internal.reflect.NativeMethodAccessorImpl.invoke(NativeMethodAccessorImpl.java:62)
	at java.base/jdk.internal.reflect.DelegatingMethodAccessorImpl.invoke(DelegatingMethodAccessorImpl.java:43)
	at java.base/java.lang.reflect.Method.invoke(Method.java:566)
	at org.junit.runners.model.FrameworkMethod$1.runReflectiveCall(FrameworkMethod.java:50)
	at org.junit.internal.runners.model.ReflectiveCallable.run(ReflectiveCallable.java:12)
	at org.junit.runners.model.FrameworkMethod.invokeExplosively(FrameworkMethod.java:47)
	at org.junit.internal.runners.statements.InvokeMethod.evaluate(InvokeMethod.java:17)
	at org.junit.internal.runners.statements.FailOnTimeout$CallableStatement.call(FailOnTimeout.java:298)
	at org.junit.internal.runners.statements.FailOnTimeout$CallableStatement.call(FailOnTimeout.java:292)
	at java.base/java.util.concurrent.FutureTask.run(FutureTask.java:264)
	at java.base/java.lang.Thread.run(Thread.java:829)
3) test16(org.jfree.chart.renderer.category.MinMaxCategoryRenderer_ESTest)
java.lang.AssertionError
	at org.junit.Assert.fail(Assert.java:86)
	at org.junit.Assert.assertTrue(Assert.java:41)
	at org.junit.Assert.assertFalse(Assert.java:64)
	at org.junit.Assert.assertFalse(Assert.java:74)
	at org.jfree.chart.renderer.category.MinMaxCategoryRenderer_ESTest.test16(MinMaxCategoryRenderer_ESTest.java:304)
	at java.base/jdk.internal.reflect.NativeMethodAccessorImpl.invoke0(Native Method)
	at java.base/jdk.internal.reflect.NativeMethodAccessorImpl.invoke(NativeMethodAccessorImpl.java:62)
	at java.base/jdk.internal.reflect.DelegatingMethodAccessorImpl.invoke(DelegatingMethodAccessorImpl.java:43)
	at java.base/java.lang.reflect.Method.invoke(Method.java:566)
	at org.junit.runners.model.FrameworkMethod$1.runReflectiveCall(FrameworkMethod.java:50)
	at org.junit.internal.runners.model.ReflectiveCallable.run(ReflectiveCallable.java:12)
	at org.junit.runners.model.FrameworkMethod.invokeExplosively(FrameworkMethod.java:47)
	at org.junit.internal.runners.statements.InvokeMethod.evaluate(InvokeMethod.java:17)
	at org.junit.internal.runners.statements.FailOnTimeout$CallableStatement.call(FailOnTimeout.java:298)
	at org.junit.internal.runners.statements.FailOnTimeout$CallableStatement.call(FailOnTimeout.java:292)
	at java.base/java.util.concurrent.FutureTask.run(FutureTask.java:264)
	at java.base/java.lang.Thread.run(Thread.java:829)

FAILURES!!!
Tests run: 24,  Failures: 3

SLF4J: Failed to load class "org.slf4j.impl.StaticLoggerBinder".
SLF4J: Defaulting to no-operation (NOP) logger implementation
SLF4J: See http://www.slf4j.org/codes.html#StaticLoggerBinder for further details.
WARNING: An illegal reflective access operation has occurred
WARNING: Illegal reflective access by org.evosuite.runtime.GuiSupport (file:/opt/evosuite/evosuite-standalone-runtime-1.2.0.jar) to field java.awt.GraphicsEnvironment.headless
WARNING: Please consider reporting this to the maintainers of org.evosuite.runtime.GuiSupport
WARNING: Use --illegal-access=warn to enable warnings of further illegal reflective access operations
WARNING: All illegal access operations will be denied in a future release

[exit=1 timeout=False time=2.7s]
