
$ defects4j compile -w /work/Math_32f
Running ant (compile)...................................................... OK
Running ant (compile.tests)................................................ OK

[exit=0 timeout=False time=2.3s]

$ defects4j compile -w /work/Math_32b
Running ant (compile)...................................................... OK
Running ant (compile.tests)................................................ OK

[exit=0 timeout=False time=2.2s]

$ java -Djava.awt.headless=true -cp /opt/defects4j/framework/projects/lib/junit-4.12-hamcrest-1.3.jar:/opt/evosuite/evosuite-1.2.0.jar:/work/Math_32f/target/classes:/work/Math_32f/target/test-classes org.evosuite.EvoSuite -generateSuite -class org.apache.commons.math3.geometry.euclidean.twod.PolygonsSet -projectCP /opt/defects4j/framework/projects/lib/junit-4.12-hamcrest-1.3.jar:/work/Math_32f/target/classes:/work/Math_32f/target/test-classes -Dcriterion=LINE:BRANCH:EXCEPTION -Dsearch_budget=120 -seed 1 -Dtest_dir=/work/evo_out/Math_32f/budget120_seed1/tests -Dreport_dir=/work/evo_out/Math_32f/budget120_seed1/report
* EvoSuite 1.2.0
* Going to generate test cases for class: org.apache.commons.math3.geometry.euclidean.twod.PolygonsSet
* Starting Client-0
* Connecting to master process on port 9922
* Analyzing classpath: 
  - /opt/defects4j/framework/projects/lib/junit-4.12-hamcrest-1.3.jar
  - /work/Math_32f/target/classes
  - /work/Math_32f/target/test-classes
[MASTER] 07:23:11.873 [logback-1] WARN  InheritanceTree - Class not in inheritance graph: java.util.Locale$IsoCountryCode
* Finished analyzing classpath
* Generating tests for class org.apache.commons.math3.geometry.euclidean.twod.PolygonsSet
* Test criteria:
  - Line Coverage
  - Branch Coverage
  - Exception
* Setting up search algorithm for whole suite generation
* Total number of test goals: 
  - Line 167
  - Branch 95
  - Exception 0

[Progress:>                             0%] [Cov:>                                  0%]* Using seed 1
* Starting evolution
[MASTER] 07:23:12.145 [logback-1] WARN  TestCluster - Failed to check cache for java.util.LinkedList<E> : Type points to itself
[MASTER] 07:23:12.482 [logback-1] WARN  TestCluster - Failed to check cache for org.apache.commons.math3.geometry.partitioning.SubHyperplane<S> : Type points to itself

[Progress:>                             0%] [Cov:>                                  2%]
[Progress:>                             0%] [Cov:=>                                 3%]
[Progress:>                             0%] [Cov:============>                      37%]
[Progress:>                             0%] [Cov:==============>                    42%]
[Progress:>                             0%] [Cov:===============>                   43%]
[Progress:>                             1%] [Cov:=>                                 3%]
[Progress:>                             1%] [Cov:==>                                6%]
[Progress:>                             1%] [Cov:=============>                     39%]
[Progress:>                             1%] [Cov:===============>                   43%]
[Progress:>                             1%] [Cov:=========================>         73%]
[Progress:>                             1%] [Cov:==========================>        76%]
[Progress:>                             2%] [Cov:>                                  2%]
[Progress:>                             2%] [Cov:=>                                 5%]
[Progress:>                             2%] [Cov:=============>                     38%]
[Progress:>                             2%] [Cov:=============>                     39%]
[Progress:>                             2%] [Cov:==========================>        76%]
[Progress:>                             2%] [Cov:=============================>     83%]
[Progress:>                             2%] [Cov:=============================>     83%]
[Progress:>                             2%] [Cov:=============================>     83%]
[Progress:>                             3%] [Cov:=============================>     83%]
[Progress:>                             3%] [Cov:=============================>     83%]
[Progress:>                             3%] [Cov:=============================>     83%]
[Progress:>                             3%] [Cov:=============================>     83%]
[Progress:>                             3%] [Cov:=============================>     83%]
[Progress:>                             3%] [Cov:=============================>     83%]
[Progress:>                             3%] [Cov:=============================>     83%]
[Progress:=>                            4%] [Cov:=============================>     83%]
[Progress:=>                            4%] [Cov:=============================>     83%]
[Progress:=>                            4%] [Cov:=============================>     83%]
[Progress:=>                            4%] [Cov:=============================>     83%]
[Progress:=>                            4%] [Cov:=============================>     83%]
[Progress:=>                            4%] [Cov:=============================>     83%]
[Progress:=>                            5%] [Cov:=============================>     83%]
[Progress:=>                            5%] [Cov:=============================>     83%]
[Progress:=>                            5%] [Cov:=============================>     83%]
[Progress:=>                            5%] [Cov:=============================>     83%]
[Progress:=>                            5%] [Cov:=============================>     83%]
[Progress:=>                            5%] [Cov:=============================>     83%]
[Progress:=>                            5%] [Cov:=============================>     83%]
[Progress:=>                            5%] [Cov:=============================>     85%]
[Progress:=>                            5%] [Cov:=============================>     85%]
[Progress:=>                            5%] [Cov:=============================>     85%]
[Progress:=>                            5%] [Cov:=============================>     85%]
[Progress:=>                            5%] [Cov:=============================>     85%]
[Progress:=>                            6%] [Cov:=============================>     85%]
[Progress:=>                            6%] [Cov:=============================>     85%]
[Progress:=>                            6%] [Cov:=============================>     85%]
[Progress:=>                            6%] [Cov:=============================>     85%]
[Progress:=>                            6%] [Cov:=============================>     85%]
[Progress:==>                           7%] [Cov:=============================>     85%]
[Progress:==>                           7%] [Cov:=============================>     85%]
[Progress:==>                           7%] [Cov:=============================>     85%]
[Progress:==>                           7%] [Cov:=============================>     85%]
[Progress:==>                           7%] [Cov:=============================>     85%]
[Progress:==>                           7%] [Cov:=============================>     85%]
[Progress:==>                           7%] [Cov:=============================>     85%]
[Progress:==>                           7%] [Cov:=============================>     85%]
[Progress:==>                           8%] [Cov:=============================>     85%]
[Progress:==>                           8%] [Cov:=============================>     85%]
[Progress:==>                           8%] [Cov:=============================>     85%]
[Progress:==>                           8%] [Cov:=============================>     85%]
[Progress:==>                           8%] [Cov:=============================>     85%]
[Progress:==>                           8%] [Cov:=============================>     85%]
[Progress:==>                           8%] [Cov:=============================>     85%]
[Progress:==>                           8%] [Cov:=============================>     85%]
[Progress:==>                           9%] [Cov:=============================>     85%]
[Progress:==>                           9%] [Cov:=============================>     85%]
[Progress:==>                           9%] [Cov:=============================>     85%]
[Progress:==>                           9%] [Cov:=============================>     85%]
[Progress:==>                           9%] [Cov:=============================>     85%]
[Progress:==>                           9%] [Cov:=============================>     85%]
[Progress:==>                           9%] [Cov:=============================>     85%]
[Progress:==>                           9%] [Cov:=============================>     85%]
[Progress:===>                          10%] [Cov:=============================>     85%]
[Progress:===>                          10%] [Cov:=============================>     85%]
[Progress:===>                          10%] [Cov:=============================>     85%]
[Progress:===>                          10%] [Cov:=============================>     85%]
[Progress:===>                          10%] [Cov:=============================>     85%]
[Progress:===>                          10%] [Cov:=============================>     85%]
[Progress:===>                          10%] [Cov:=============================>     85%]
[Progress:===>                          10%] [Cov:=============================>     85%]
[Progress:===>                          10%] [Cov:=============================>     85%]
[Progress:===>                          10%] [Cov:=============================>     85%]
[Progress:===>                          10%] [Cov:=============================>     85%]
[Progress:===>                          10%] [Cov:=============================>     85%]
[Progress:===>                          10%] [Cov:=============================>     85%]
[Progress:===>                          11%] [Cov:=============================>     85%]
[Progress:===>                          11%] [Cov:=============================>     85%]
[Progress:===>                          11%] [Cov:=============================>     85%]
[Progress:===>                          11%] [Cov:=============================>     85%]
[Progress:===>                          11%] [Cov:=============================>     85%]
[Progress:===>                          11%] [Cov:=============================>     85%]
[Progress:===>                          11%] [Cov:=============================>     85%]
[Progress:===>                          11%] [Cov:=============================>     85%]
[Progress:===>                          11%] [Cov:=============================>     85%]
[Progress:===>                          12%] [Cov:=============================>     85%]
[Progress:===>                          12%] [Cov:=============================>     85%]
[Progress:===>                          12%] [Cov:=============================>     85%]
[Progress:===>                          12%] [Cov:=============================>     85%]
[Progress:===>                          12%] [Cov:=============================>     85%]
[Progress:===>                          12%] [Cov:=============================>     85%]
[Progress:===>                          12%] [Cov:=============================>     85%]
[Progress:===>                          12%] [Cov:=============================>     85%]
[Progress:===>                          12%] [Cov:=============================>     85%]
[Progress:===>                          13%] [Cov:=============================>     85%]
[Progress:===>                          13%] [Cov:=============================>     85%]
[Progress:===>                          13%] [Cov:=============================>     85%]
[Progress:===>                          13%] [Cov:=============================>     85%]
[Progress:===>                          13%] [Cov:=============================>     85%]
[Progress:===>                          13%] [Cov:=============================>     85%]
[Progress:===>                          13%] [Cov:=============================>     85%]
[Progress:===>                          13%] [Cov:=============================>     85%]
[Progress:===>                          13%] [Cov:=============================>     85%]
[Progress:===>                          13%] [Cov:=============================>     85%]
[Progress:====>                         14%] [Cov:=============================>     85%]
[Progress:====>                         14%] [Cov:=============================>     85%]
[Progress:====>                         14%] [Cov:=============================>     85%]
[Progress:====>                         14%] [Cov:=============================>     85%]
[Progress:====>                         14%] [Cov:=============================>     85%]
[Progress:====>                         14%] [Cov:=============================>     85%]
[Progress:====>                         14%] [Cov:=============================>     85%]
[Progress:====>                         14%] [Cov:=============================>     85%]
[Progress:====>                         14%] [Cov:=============================>     85%]
[Progress:====>                         15%] [Cov:=============================>     85%]
[Progress:====>                         15%] [Cov:=============================>     85%]
[Progress:====>                         15%] [Cov:=============================>     85%]
[Progress:====>                         15%] [Cov:=============================>     85%]
[Progress:====>                         15%] [Cov:=============================>     85%]
[Progress:====>                         15%] [Cov:=============================>     85%]
[Progress:====>                         15%] [Cov:=============================>     85%]
[Progress:====>                         15%] [Cov:=============================>     85%]
[Progress:====>                         15%] [Cov:=============================>     85%]
[Progress:====>                         15%] [Cov:=============================>     85%]
[Progress:====>                         15%] [Cov:=============================>     85%]
[Progress:====>                         15%] [Cov:=============================>     85%]
[Progress:====>                         15%] [Cov:=============================>     85%]
[Progress:====>                         15%] [Cov:=============================>     85%]
[Progress:====>                         15%] [Cov:=============================>     85%]
[Progress:====>                         15%] [Cov:=============================>     85%]
[Progress:====>                         15%] [Cov:=============================>     85%]
[Progress:====>                         16%] [Cov:=============================>     85%]
[Progress:====>                         16%] [Cov:=============================>     85%]
[Progress:====>                         16%] [Cov:=============================>     85%]
[Progress:====>                         16%] [Cov:=============================>     85%]
[Progress:====>                         16%] [Cov:=============================>     85%]
[Progress:====>                         16%] [Cov:=============================>     85%]
[Progress:====>                         16%] [Cov:=============================>     85%]
[Progress:====>                         16%] [Cov:=============================>     85%]
[Progress:=====>                        17%] [Cov:=============================>     85%]
[Progress:=====>                        17%] [Cov:=============================>     85%]
[Progress:=====>                        17%] [Cov:=============================>     85%]
[Progress:=====>                        17%] [Cov:=============================>     85%]
[Progress:=====>                        17%] [Cov:=============================>     85%]
[Progress:=====>                        17%] [Cov:=============================>     85%]
[Progress:=====>                        17%] [Cov:=============================>     85%]
[Progress:=====>                        17%] [Cov:=============================>     85%]
[Progress:=====>                        17%] [Cov:=============================>     85%]
[Progress:=====>                        18%] [Cov:=============================>     85%]
[Progress:=====>                        18%] [Cov:=============================>     85%]
[Progress:=====>                        18%] [Cov:=============================>     85%]
[Progress:=====>                        18%] [Cov:=============================>     85%]
[Progress:=====>                        18%] [Cov:=============================>     85%]
[Progress:=====>                        18%] [Cov:=============================>     85%]
[Progress:=====>                        18%] [Cov:=============================>     85%]
[Progress:=====>                        18%] [Cov:=============================>     85%]
[Progress:=====>                        18%] [Cov:=============================>     85%]
[Progress:=====>                        19%] [Cov:=============================>     85%]
[Progress:=====>                        19%] [Cov:=============================>     85%]
[Progress:=====>                        19%] [Cov:=============================>     85%]
[Progress:=====>                        19%] [Cov:=============================>     85%]
[Progress:=====>                        19%] [Cov:=============================>     85%]
[Progress:=====>                        19%] [Cov:=============================>     85%]
[Progress:=====>                        19%] [Cov:=============================>     85%]
[Progress:=====>                        19%] [Cov:=============================>     85%]
[Progress:=====>                        19%] [Cov:=============================>     85%]
[Progress:======>                       20%] [Cov:=============================>     85%]
[Progress:======>                       20%] [Cov:=============================>     85%]
[Progress:======>                       20%] [Cov:=============================>     85%]
[Progress:======>                       20%] [Cov:=============================>     85%]
[Progress:======>                       20%] [Cov:=============================>     85%]
[Progress:======>                       20%] [Cov:=============================>     85%]
[Progress:======>                       20%] [Cov:=============================>     85%]
[Progress:======>                       20%] [Cov:=============================>     85%]
[Progress:======>                       20%] [Cov:=============================>     85%]
[Progress:======>                       20%] [Cov:=============================>     85%]
[Progress:======>                       20%] [Cov:=============================>     85%]
[Progress:======>                       20%] [Cov:=============================>     85%]
[Progress:======>                       20%] [Cov:=============================>     85%]
[Progress:======>                       20%] [Cov:=============================>     85%]
[Progress:======>                       20%] [Cov:=============================>     85%]
[Progress:======>                       20%] [Cov:=============================>     85%]
[Progress:======>                       20%] [Cov:=============================>     85%]
[Progress:======>                       20%] [Cov:=============================>     85%]
[Progress:======>                       21%] [Cov:=============================>     85%]
[Progress:======>                       21%] [Cov:=============================>     85%]
[Progress:======>                       21%] [Cov:=============================>     85%]
[Progress:======>                       21%] [Cov:=============================>     85%]
[Progress:======>                       21%] [Cov:=============================>     85%]
[Progress:======>                       21%] [Cov:=============================>     85%]
[Progress:======>                       21%] [Cov:=============================>     85%]
[Progress:======>                       21%] [Cov:=============================>     85%]
[Progress:======>                       21%] [Cov:=============================>     85%]
[Progress:======>                       22%] [Cov:=============================>     85%]
[Progress:======>                       22%] [Cov:=============================>     85%]
[Progress:======>                       22%] [Cov:=============================>     85%]
[Progress:======>                       22%] [Cov:=============================>     85%]
[Progress:======>                       22%] [Cov:=============================>     85%]
[Progress:======>                       22%] [Cov:=============================>     85%]
[Progress:======>                       22%] [Cov:=============================>     85%]
[Progress:======>                       22%] [Cov:=============================>     85%]
[Progress:======>                       22%] [Cov:=============================>     85%]
[Progress:======>                       23%] [Cov:=============================>     85%]
[Progress:======>                       23%] [Cov:=============================>     85%]
[Progress:======>                       23%] [Cov:=============================>     85%]
[Progress:======>                       23%] [Cov:=============================>     85%]
[Progress:======>                       23%] [Cov:=============================>     85%]
[Progress:======>                       23%] [Cov:=============================>     85%]
[Progress:======>                       23%] [Cov:=============================>     85%]
[Progress:======>                       23%] [Cov:=============================>     85%]
[Progress:======>                       23%] [Cov:=============================>     85%]
[Progress:======>                       23%] [Cov:=============================>     85%]
[Progress:======>                       23%] [Cov:=============================>     85%]
[Progress:=======>                      24%] [Cov:=============================>     85%]
[Progress:=======>                      24%] [Cov:=============================>     85%]
[Progress:=======>                      24%] [Cov:=============================>     85%]
[Progress:=======>                      24%] [Cov:=============================>     85%]
[Progress:=======>                      24%] [Cov:=============================>     85%]
[Progress:=======>                      24%] [Cov:=============================>     85%]
[Progress:=======>                      24%] [Cov:=============================>     85%]
[Progress:=======>                      24%] [Cov:=============================>     85%]
[Progress:=======>                      24%] [Cov:=============================>     85%]
[Progress:=======>                      24%] [Cov:=============================>     85%]
[Progress:=======>                      25%] [Cov:=============================>     85%]
[Progress:=======>                      25%] [Cov:=============================>     85%]
[Progress:=======>                      25%] [Cov:=============================>     85%]
[Progress:=======>                      25%] [Cov:=============================>     85%]
[Progress:=======>                      25%] [Cov:=============================>     85%]
[Progress:=======>                      25%] [Cov:=============================>     85%]
[Progress:=======>                      25%] [Cov:=============================>     85%]
[Progress:=======>                      25%] [Cov:=============================>     85%]
[Progress:=======>                      25%] [Cov:=============================>     85%]
[Progress:=======>                      25%] [Cov:=============================>     85%]
[Progress:=======>                      25%] [Cov:=============================>     85%]
[Progress:=======>                      25%] [Cov:=============================>     85%]
[Progress:=======>                      25%] [Cov:=============================>     85%]
[Progress:=======>                      25%] [Cov:=============================>     85%]
[Progress:=======>                      25%] [Cov:=============================>     85%]
[Progress:=======>                      25%] [Cov:=============================>     85%]
[Progress:=======>                      25%] [Cov:=============================>     85%]
[Progress:=======>                      25%] [Cov:=============================>     85%]
[Progress:=======>                      25%] [Cov:=============================>     85%]
[Progress:=======>                      25%] [Cov:=============================>     85%]
[Progress:=======>                      26%] [Cov:=============================>     85%]
[Progress:=======>                      26%] [Cov:=============================>     85%]
[Progress:=======>                      26%] [Cov:=============================>     85%]
[Progress:=======>                      26%] [Cov:=============================>     85%]
[Progress:=======>                      26%] [Cov:=============================>     85%]
[Progress:=======>                      26%] [Cov:=============================>     85%]
[Progress:=======>                      26%] [Cov:=============================>     85%]
[Progress:=======>                      26%] [Cov:=============================>     85%]
[Progress:=======>                      26%] [Cov:=============================>     85%]
[Progress:=======>                      26%] [Cov:=============================>     85%]
[Progress:========>                     27%] [Cov:=============================>     85%]
[Progress:========>                     27%] [Cov:=============================>     85%]
[Progress:========>                     27%] [Cov:=============================>     85%]
[Progress:========>                     27%] [Cov:==============================>    86%]
[Progress:========>                     27%] [Cov:==============================>    86%]
[Progress:========>                     27%] [Cov:==============================>    86%]
[Progress:========>                     27%] [Cov:==============================>    86%]
[Progress:========>                     27%] [Cov:==============================>    86%]
[Progress:========>                     27%] [Cov:==============================>    86%]
[Progress:========>                     27%] [Cov:==============================>    86%]
[Progress:========>                     27%] [Cov:==============================>    86%]
[Progress:========>                     28%] [Cov:==============================>    86%]
[Progress:========>                     28%] [Cov:==============================>    86%]
[Progress:========>                     28%] [Cov:===============================>   89%]
[Progress:========>                     28%] [Cov:================================>  92%]
[Progress:========>                     28%] [Cov:================================>  92%]
[Progress:========>                     28%] [Cov:================================>  92%]
[Progress:========>                     28%] [Cov:================================>  92%]
[Progress:========>                     28%] [Cov:================================>  92%]
[Progress:========>                     28%] [Cov:================================>  92%]
[Progress:========>                     28%] [Cov:================================>  92%]
[Progress:========>                     28%] [Cov:================================>  92%]
[Progress:========>                     28%] [Cov:================================>  92%]
[Progress:========>                     28%] [Cov:================================>  92%]
[Progress:========>                     28%] [Cov:================================>  92%]
[Progress:========>                     29%] [Cov:================================>  92%]
[Progress:========>                     29%] [Cov:================================>  92%]
[Progress:========>                     29%] [Cov:================================>  92%]
[Progress:========>                     29%] [Cov:================================>  92%]
[Progress:========>                     29%] [Cov:================================>  92%]
[Progress:========>                     29%] [Cov:================================>  92%]
[Progress:========>                     29%] [Cov:================================>  92%]
[Progress:========>                     29%] [Cov:================================>  92%]
[Progress:========>                     29%] [Cov:================================>  92%]
[Progress:========>                     29%] [Cov:================================>  92%]
[Progress:========>                     29%] [Cov:================================>  92%]
[Progress:========>                     29%] [Cov:================================>  92%]
[Progress:=========>                    30%] [Cov:================================>  92%]
[Progress:=========>                    30%] [Cov:================================>  92%]
[Progress:=========>                    30%] [Cov:================================>  92%]
[Progress:=========>                    30%] [Cov:================================>  92%]
[Progress:=========>                    30%] [Cov:================================>  93%]
[Progress:=========>                    30%] [Cov:================================>  93%]
[Progress:=========>                    30%] [Cov:================================>  93%]
[Progress:=========>                    30%] [Cov:================================>  93%]
[Progress:=========>                    30%] [Cov:================================>  93%]
[Progress:=========>                    30%] [Cov:================================>  93%]
[Progress:=========>                    30%] [Cov:================================>  93%]
[Progress:=========>                    30%] [Cov:================================>  93%]
[Progress:=========>                    30%] [Cov:================================>  93%]
[Progress:=========>                    30%] [Cov:================================>  93%]
[Progress:=========>                    30%] [Cov:================================>  93%]
[Progress:=========>                    30%] [Cov:================================>  93%]
[Progress:=========>                    30%] [Cov:================================>  93%]
[Progress:=========>                    30%] [Cov:================================>  93%]
[Progress:=========>                    30%] [Cov:================================>  93%]
[Progress:=========>                    30%] [Cov:================================>  93%]
[Progress:=========>                    30%] [Cov:================================>  93%]
[Progress:=========>                    30%] [Cov:================================>  93%]
[Progress:=========>                    30%] [Cov:================================>  93%]
[Progress:=========>                    31%] [Cov:================================>  93%]
[Progress:=========>                    31%] [Cov:================================>  93%]
[Progress:=========>                    31%] [Cov:================================>  93%]
[Progress:=========>                    31%] [Cov:================================>  93%]
[Progress:=========>                    31%] [Cov:================================>  93%]
[Progress:=========>                    31%] [Cov:================================>  93%]
[Progress:=========>                    31%] [Cov:================================>  93%]
[Progress:=========>                    31%] [Cov:================================>  93%]
[Progress:=========>                    31%] [Cov:================================>  93%]
[Progress:=========>                    31%] [Cov:================================>  93%]
[Progress:=========>                    32%] [Cov:================================>  93%]
[Progress:=========>                    32%] [Cov:================================>  93%]
[Progress:=========>                    32%] [Cov:================================>  93%]
[Progress:=========>                    32%] [Cov:================================>  93%]
[Progress:=========>                    32%] [Cov:================================>  93%]
[Progress:=========>                    32%] [Cov:================================>  93%]
[Progress:=========>                    32%] [Cov:================================>  93%]
[Progress:=========>                    32%] [Cov:================================>  93%]
[Progress:=========>                    32%] [Cov:================================>  93%]
[Progress:=========>                    32%] [Cov:================================>  93%]
[Progress:=========>                    33%] [Cov:================================>  93%]
[Progress:=========>                    33%] [Cov:================================>  93%]
[Progress:=========>                    33%] [Cov:================================>  93%]
[Progress:=========>                    33%] [Cov:================================>  93%]
[Progress:=========>                    33%] [Cov:================================>  93%]
[Progress:=========>                    33%] [Cov:================================>  93%]
[Progress:=========>                    33%] [Cov:================================>  93%]
[Progress:=========>                    33%] [Cov:================================>  93%]
[Progress:=========>                    33%] [Cov:================================>  93%]
[Progress:=========>                    33%] [Cov:================================>  93%]
[Progress:=========>                    33%] [Cov:================================>  93%]
[Progress:==========>                   34%] [Cov:================================>  93%]
[Progress:==========>                   34%] [Cov:================================>  93%]
[Progress:==========>                   34%] [Cov:================================>  93%]
[Progress:==========>                   34%] [Cov:================================>  93%]
[Progress:==========>                   34%] [Cov:================================>  93%]
[Progress:==========>                   34%] [Cov:================================>  93%]
[Progress:==========>                   34%] [Cov:================================>  93%]
[Progress:==========>                   34%] [Cov:================================>  93%]
[Progress:==========>                   34%] [Cov:================================>  93%]
[Progress:==========>                   34%] [Cov:================================>  93%]
[Progress:==========>                   34%] [Cov:================================>  93%]
[Progress:==========>                   35%] [Cov:================================>  93%]
[Progress:==========>                   35%] [Cov:================================>  93%]
[Progress:==========>                   35%] [Cov:================================>  93%]
[Progress:==========>                   35%] [Cov:================================>  93%]
[Progress:==========>                   35%] [Cov:================================>  93%]
[Progress:==========>                   35%] [Cov:================================>  93%]
[Progress:==========>                   35%] [Cov:================================>  93%]
[Progress:==========>                   35%] [Cov:================================>  93%]
[Progress:==========>                   35%] [Cov:================================>  93%]
[Progress:==========>                   35%] [Cov:================================>  93%]
[Progress:==========>                   35%] [Cov:================================>  93%]
[Progress:==========>                   35%] [Cov:================================>  93%]
[Progress:==========>                   35%] [Cov:================================>  93%]
[Progress:==========>                   35%] [Cov:================================>  93%]
[Progress:==========>                   35%] [Cov:================================>  93%]
[Progress:==========>                   35%] [Cov:================================>  93%]
[Progress:==========>                   35%] [Cov:================================>  93%]
[Progress:==========>                   35%] [Cov:================================>  93%]
[Progress:==========>                   35%] [Cov:================================>  93%]
[Progress:==========>                   35%] [Cov:================================>  93%]
[Progress:==========>                   35%] [Cov:================================>  93%]
[Progress:==========>                   36%] [Cov:================================>  93%]
[Progress:==========>                   36%] [Cov:================================>  93%]
[Progress:==========>                   36%] [Cov:================================>  93%]
[Progress:==========>                   36%] [Cov:================================>  93%]
[Progress:==========>                   36%] [Cov:================================>  93%]
[Progress:==========>                   36%] [Cov:================================>  93%]
[Progress:==========>                   36%] [Cov:================================>  93%]
[Progress:==========>                   36%] [Cov:================================>  93%]
[Progress:==========>                   36%] [Cov:================================>  93%]
[Progress:==========>                   36%] [Cov:================================>  93%]
[Progress:==========>                   36%] [Cov:================================>  93%]
[Progress:==========>                   36%] [Cov:================================>  93%]
[Progress:===========>                  37%] [Cov:================================>  93%]
[Progress:===========>                  37%] [Cov:================================>  93%]
[Progress:===========>                  37%] [Cov:================================>  93%]
[Progress:===========>                  37%] [Cov:================================>  93%]
[Progress:===========>                  37%] [Cov:================================>  93%]
[Progress:===========>                  37%] [Cov:================================>  93%]
[Progress:===========>                  37%] [Cov:================================>  93%]
[Progress:===========>                  37%] [Cov:================================>  93%]
[Progress:===========>                  37%] [Cov:================================>  93%]
[Progress:===========>                  37%] [Cov:================================>  93%]
[Progress:===========>                  37%] [Cov:================================>  93%]
[Progress:===========>                  38%] [Cov:================================>  93%]
[Progress:===========>                  38%] [Cov:================================>  93%]
[Progress:===========>                  38%] [Cov:================================>  93%]
[Progress:===========>                  38%] [Cov:================================>  93%]
[Progress:===========>                  38%] [Cov:================================>  93%]
[Progress:===========>                  38%] [Cov:================================>  93%]
[Progress:===========>                  38%] [Cov:================================>  93%]
[Progress:===========>                  38%] [Cov:================================>  93%]
[Progress:===========>                  38%] [Cov:================================>  93%]
[Progress:===========>                  38%] [Cov:================================>  93%]
[Progress:===========>                  38%] [Cov:================================>  93%]
[Progress:===========>                  39%] [Cov:================================>  93%]
[Progress:===========>                  39%] [Cov:================================>  93%]
[Progress:===========>                  39%] [Cov:================================>  93%]
[Progress:===========>                  39%] [Cov:================================>  93%]
[Progress:===========>                  39%] [Cov:================================>  93%]
[Progress:===========>                  39%] [Cov:================================>  93%]
[Progress:===========>                  39%] [Cov:================================>  93%]
[Progress:===========>                  39%] [Cov:================================>  93%]
[Progress:===========>                  39%] [Cov:================================>  93%]
[Progress:===========>                  39%] [Cov:================================>  93%]
[Progress:===========>                  39%] [Cov:================================>  93%]
[Progress:===========>                  39%] [Cov:================================>  93%]
[Progress:============>                 40%] [Cov:================================>  93%]
[Progress:============>                 40%] [Cov:================================>  93%]
[Progress:============>                 40%] [Cov:================================>  93%]
[Progress:============>                 40%] [Cov:================================>  93%]
[Progress:============>                 40%] [Cov:================================>  93%]
[Progress:============>                 40%] [Cov:================================>  93%]
[Progress:============>                 40%] [Cov:================================>  93%]
[Progress:============>                 40%] [Cov:================================>  93%]
[Progress:============>                 40%] [Cov:================================>  93%]
[Progress:============>                 40%] [Cov:================================>  93%]
[Progress:============>                 40%] [Cov:================================>  93%]
[Progress:============>                 40%] [Cov:================================>  93%]
[Progress:============>                 40%] [Cov:================================>  93%]
[Progress:============>                 40%] [Cov:================================>  93%]
[Progress:============>                 40%] [Cov:================================>  93%]
[Progress:============>                 40%] [Cov:================================>  93%]
[Progress:============>                 40%] [Cov:================================>  93%]
[Progress:============>                 40%] [Cov:================================>  93%]
[Progress:============>                 40%] [Cov:================================>  93%]
[Progress:============>                 40%] [Cov:================================>  93%]
[Progress:============>                 40%] [Cov:================================>  93%]
[Progress:============>                 41%] [Cov:================================>  93%]
[Progress:============>                 41%] [Cov:================================>  93%]
[Progress:============>                 41%] [Cov:================================>  93%]
[Progress:============>                 41%] [Cov:================================>  93%]
[Progress:============>                 41%] [Cov:================================>  93%]
[Progress:============>                 41%] [Cov:================================>  93%]
[Progress:============>                 41%] [Cov:================================>  93%]
[Progress:============>                 41%] [Cov:================================>  93%]
[Progress:============>                 41%] [Cov:================================>  93%]
[Progress:============>                 41%] [Cov:================================>  93%]
[Progress:============>                 41%] [Cov:================================>  93%]
[Progress:============>                 41%] [Cov:================================>  93%]
[Progress:============>                 42%] [Cov:================================>  93%]
[Progress:============>                 42%] [Cov:================================>  93%]
[Progress:============>                 42%] [Cov:================================>  93%]
[Progress:============>                 42%] [Cov:================================>  93%]
[Progress:============>                 42%] [Cov:================================>  93%]
[Progress:============>                 42%] [Cov:================================>  93%]
[Progress:============>                 42%] [Cov:================================>  93%]
[Progress:============>                 42%] [Cov:================================>  93%]
[Progress:============>                 42%] [Cov:================================>  93%]
[Progress:============>                 42%] [Cov:================================>  93%]
[Progress:============>                 42%] [Cov:================================>  93%]
[Progress:============>                 43%] [Cov:================================>  93%]
[Progress:============>                 43%] [Cov:================================>  93%]
[Progress:============>                 43%] [Cov:================================>  93%]
[Progress:============>                 43%] [Cov:================================>  93%]
[Progress:============>                 43%] [Cov:================================>  93%]
[Progress:============>                 43%] [Cov:================================>  93%]
[Progress:============>                 43%] [Cov:================================>  93%]
[Progress:============>                 43%] [Cov:================================>  93%]
[Progress:============>                 43%] [Cov:================================>  93%]
[Progress:============>                 43%] [Cov:================================>  93%]
[Progress:============>                 43%] [Cov:================================>  93%]
[Progress:============>                 43%] [Cov:================================>  93%]
[Progress:=============>                44%] [Cov:================================>  93%]
[Progress:=============>                44%] [Cov:================================>  93%]
[Progress:=============>                44%] [Cov:================================>  93%]
[Progress:=============>                44%] [Cov:================================>  93%]
[Progress:=============>                44%] [Cov:================================>  93%]
[Progress:=============>                44%] [Cov:================================>  93%]
[Progress:=============>                44%] [Cov:================================>  93%]
[Progress:=============>                44%] [Cov:================================>  93%]
[Progress:=============>                44%] [Cov:================================>  93%]
[Progress:=============>                44%] [Cov:================================>  93%]
[Progress:=============>                44%] [Cov:================================>  93%]
[Progress:=============>                45%] [Cov:================================>  93%]
[Progress:=============>                45%] [Cov:================================>  93%]
[Progress:=============>                45%] [Cov:================================>  93%]
[Progress:=============>                45%] [Cov:================================>  93%]
[Progress:=============>                45%] [Cov:================================>  93%]
[Progress:=============>                45%] [Cov:================================>  93%]
[Progress:=============>                45%] [Cov:================================>  93%]
[Progress:=============>                45%] [Cov:================================>  93%]
[Progress:=============>                45%] [Cov:================================>  93%]
[Progress:=============>                45%] [Cov:================================>  93%]
[Progress:=============>                45%] [Cov:================================>  93%]
[Progress:=============>                45%] [Cov:================================>  93%]
[Progress:=============>                45%] [Cov:================================>  93%]
[Progress:=============>                45%] [Cov:================================>  93%]
[Progress:=============>                45%] [Cov:================================>  93%]
[Progress:=============>                45%] [Cov:================================>  93%]
[Progress:=============>                45%] [Cov:================================>  93%]
[Progress:=============>                45%] [Cov:================================>  93%]
[Progress:=============>                45%] [Cov:================================>  93%]
[Progress:=============>                45%] [Cov:================================>  93%]
[Progress:=============>                45%] [Cov:================================>  93%]
[Progress:=============>                45%] [Cov:================================>  93%]
[Progress:=============>                45%] [Cov:================================>  93%]
[Progress:=============>                46%] [Cov:================================>  93%]
[Progress:=============>                46%] [Cov:================================>  93%]
[Progress:=============>                46%] [Cov:================================>  93%]
[Progress:=============>                46%] [Cov:================================>  93%]
[Progress:=============>                46%] [Cov:================================>  93%]
[Progress:=============>                46%] [Cov:================================>  93%]
[Progress:=============>                46%] [Cov:================================>  93%]
[Progress:=============>                46%] [Cov:================================>  93%]
[Progress:=============>                46%] [Cov:================================>  93%]
[Progress:=============>                46%] [Cov:================================>  93%]
[Progress:=============>                46%] [Cov:================================>  93%]
[Progress:=============>                46%] [Cov:================================>  93%]
[Progress:=============>                46%] [Cov:================================>  93%]
[Progress:==============>               47%] [Cov:================================>  93%]
[Progress:==============>               47%] [Cov:================================>  93%]
[Progress:==============>               47%] [Cov:================================>  93%]
[Progress:==============>               47%] [Cov:================================>  93%]
[Progress:==============>               47%] [Cov:================================>  93%]
[Progress:==============>               47%] [Cov:================================>  93%]
[Progress:==============>               47%] [Cov:================================>  93%]
[Progress:==============>               47%] [Cov:================================>  93%]
[Progress:==============>               47%] [Cov:================================>  93%]
[Progress:==============>               47%] [Cov:================================>  93%]
[Progress:==============>               47%] [Cov:================================>  93%]
[Progress:==============>               47%] [Cov:================================>  93%]
[Progress:==============>               48%] [Cov:================================>  93%]
[Progress:==============>               48%] [Cov:================================>  93%]
[Progress:==============>               48%] [Cov:================================>  93%]
[Progress:==============>               48%] [Cov:================================>  93%]
[Progress:==============>               48%] [Cov:================================>  93%]
[Progress:==============>               48%] [Cov:================================>  93%]
[Progress:==============>               48%] [Cov:================================>  93%]
[Progress:==============>               48%] [Cov:================================>  93%]
[Progress:==============>               48%] [Cov:================================>  93%]
[Progress:==============>               48%] [Cov:================================>  93%]
[Progress:==============>               48%] [Cov:================================>  93%]
[Progress:==============>               48%] [Cov:================================>  93%]
[Progress:==============>               49%] [Cov:================================>  93%]
[Progress:==============>               49%] [Cov:================================>  93%]
[Progress:==============>               49%] [Cov:================================>  93%]
[Progress:==============>               49%] [Cov:================================>  93%]
[Progress:==============>               49%] [Cov:================================>  93%]
[Progress:==============>               49%] [Cov:================================>  93%]
[Progress:==============>               49%] [Cov:================================>  93%]
[Progress:==============>               49%] [Cov:================================>  93%]
[Progress:==============>               49%] [Cov:================================>  93%]
[Progress:==============>               49%] [Cov:================================>  93%]
[Progress:==============>               49%] [Cov:================================>  93%]
[Progress:==============>               49%] [Cov:================================>  93%]
[Progress:===============>              50%] [Cov:================================>  93%]
[Progress:===============>              50%] [Cov:================================>  93%]
[Progress:===============>              50%] [Cov:================================>  93%]
[Progress:===============>              50%] [Cov:================================>  93%]
[Progress:===============>              50%] [Cov:================================>  93%]
[Progress:===============>              50%] [Cov:================================>  93%]
[Progress:===============>              50%] [Cov:================================>  93%]
[Progress:===============>              50%] [Cov:================================>  93%]
[Progress:===============>              50%] [Cov:================================>  93%]
[Progress:===============>              50%] [Cov:================================>  93%]
[Progress:===============>              50%] [Cov:================================>  93%]
[Progress:===============>              50%] [Cov:================================>  93%]
[Progress:===============>              50%] [Cov:================================>  93%]
[Progress:===============>              50%] [Cov:================================>  93%]
[Progress:===============>              50%] [Cov:================================>  93%]
[Progress:===============>              50%] [Cov:================================>  93%]
[Progress:===============>              50%] [Cov:================================>  93%]
[Progress:===============>              50%] [Cov:================================>  93%]
[Progress:===============>              50%] [Cov:================================>  93%]
[Progress:===============>              50%] [Cov:================================>  93%]
[Progress:===============>              50%] [Cov:================================>  93%]
[Progress:===============>              50%] [Cov:================================>  93%]
[Progress:===============>              50%] [Cov:================================>  93%]
[Progress:===============>              50%] [Cov:================================>  93%]
[Progress:===============>              51%] [Cov:================================>  93%]
[Progress:===============>              51%] [Cov:================================>  93%]
[Progress:===============>              51%] [Cov:================================>  93%]
[Progress:===============>              51%] [Cov:================================>  93%]
[Progress:===============>              51%] [Cov:================================>  93%]
[Progress:===============>              51%] [Cov:================================>  93%]
[Progress:===============>              51%] [Cov:================================>  93%]
[Progress:===============>              51%] [Cov:================================>  93%]
[Progress:===============>              51%] [Cov:================================>  93%]
[Progress:===============>              51%] [Cov:================================>  93%]
[Progress:===============>              51%] [Cov:================================>  93%]
[Progress:===============>              51%] [Cov:================================>  93%]
[Progress:===============>              51%] [Cov:================================>  93%]
[Progress:===============>              52%] [Cov:================================>  93%]
[Progress:===============>              52%] [Cov:================================>  93%]
[Progress:===============>              52%] [Cov:================================>  93%]
[Progress:===============>              52%] [Cov:================================>  93%]
[Progress:===============>              52%] [Cov:================================>  93%]
[Progress:===============>              52%] [Cov:================================>  93%]
[Progress:===============>              52%] [Cov:================================>  93%]
[Progress:===============>              52%] [Cov:================================>  93%]
[Progress:===============>              52%] [Cov:================================>  93%]
[Progress:===============>              52%] [Cov:================================>  93%]
[Progress:===============>              52%] [Cov:================================>  93%]
[Progress:===============>              52%] [Cov:================================>  93%]
[Progress:===============>              53%] [Cov:================================>  93%]
[Progress:===============>              53%] [Cov:================================>  93%]
[Progress:===============>              53%] [Cov:================================>  93%]
[Progress:===============>              53%] [Cov:================================>  93%]
[Progress:===============>              53%] [Cov:================================>  93%]
[Progress:===============>              53%] [Cov:================================>  93%]
[Progress:===============>              53%] [Cov:================================>  93%]
[Progress:===============>              53%] [Cov:================================>  93%]
[Progress:===============>              53%] [Cov:================================>  93%]
[Progress:===============>              53%] [Cov:================================>  93%]
[Progress:===============>              53%] [Cov:================================>  93%]
[Progress:===============>              53%] [Cov:================================>  93%]
[Progress:================>             54%] [Cov:================================>  93%]
[Progress:================>             54%] [Cov:================================>  93%]
[Progress:================>             54%] [Cov:================================>  93%]
[Progress:================>             54%] [Cov:================================>  93%]
[Progress:================>             54%] [Cov:================================>  93%]
[Progress:================>             54%] [Cov:================================>  93%]
[Progress:================>             54%] [Cov:================================>  93%]
[Progress:================>             54%] [Cov:================================>  93%]
[Progress:================>             54%] [Cov:================================>  93%]
[Progress:================>             54%] [Cov:================================>  93%]
[Progress:================>             54%] [Cov:================================>  93%]
[Progress:================>             54%] [Cov:================================>  93%]
[Progress:================>             54%] [Cov:================================>  93%]
[Progress:================>             55%] [Cov:================================>  93%]
[Progress:================>             55%] [Cov:================================>  93%]
[Progress:================>             55%] [Cov:================================>  93%]
[Progress:================>             55%] [Cov:================================>  93%]
[Progress:================>             55%] [Cov:================================>  93%]
[Progress:================>             55%] [Cov:================================>  93%]
[Progress:================>             55%] [Cov:================================>  93%]
[Progress:================>             55%] [Cov:================================>  93%]
[Progress:================>             55%] [Cov:================================>  93%]
[Progress:================>             55%] [Cov:================================>  93%]
[Progress:================>             55%] [Cov:================================>  93%]
[Progress:================>             55%] [Cov:================================>  93%]
[Progress:================>             55%] [Cov:================================>  93%]
[Progress:================>             55%] [Cov:================================>  93%]
[Progress:================>             55%] [Cov:================================>  93%]
[Progress:================>             55%] [Cov:================================>  93%]
[Progress:================>             55%] [Cov:================================>  93%]
[Progress:================>             55%] [Cov:================================>  93%]
[Progress:================>             55%] [Cov:================================>  93%]
[Progress:================>             55%] [Cov:================================>  93%]
[Progress:================>             55%] [Cov:================================>  93%]
[Progress:================>             55%] [Cov:================================>  93%]
[Progress:================>             55%] [Cov:================================>  93%]
[Progress:================>             56%] [Cov:================================>  93%]
[Progress:================>             56%] [Cov:================================>  93%]
[Progress:================>             56%] [Cov:================================>  93%]
[Progress:================>             56%] [Cov:================================>  93%]
[Progress:================>             56%] [Cov:================================>  93%]
[Progress:================>             56%] [Cov:================================>  93%]
[Progress:================>             56%] [Cov:================================>  93%]
[Progress:================>             56%] [Cov:================================>  93%]
[Progress:================>             56%] [Cov:================================>  93%]
[Progress:================>             56%] [Cov:================================>  93%]
[Progress:================>             56%] [Cov:================================>  93%]
[Progress:================>             56%] [Cov:================================>  93%]
[Progress:================>             56%] [Cov:================================>  93%]
[Progress:=================>            57%] [Cov:================================>  93%]
[Progress:=================>            57%] [Cov:================================>  93%]
[Progress:=================>            57%] [Cov:================================>  93%]
[Progress:=================>            57%] [Cov:================================>  93%]
[Progress:=================>            57%] [Cov:================================>  93%]
[Progress:=================>            57%] [Cov:================================>  93%]
[Progress:=================>            57%] [Cov:================================>  93%]
[Progress:=================>            57%] [Cov:================================>  93%]
[Progress:=================>            57%] [Cov:================================>  93%]
[Progress:=================>            57%] [Cov:================================>  93%]
[Progress:=================>            57%] [Cov:================================>  93%]
[Progress:=================>            57%] [Cov:================================>  93%]
[Progress:=================>            57%] [Cov:================================>  93%]
[Progress:=================>            58%] [Cov:================================>  93%]
[Progress:=================>            58%] [Cov:================================>  93%]
[Progress:=================>            58%] [Cov:================================>  93%]
[Progress:=================>            58%] [Cov:================================>  93%]
[Progress:=================>            58%] [Cov:================================>  93%]
[Progress:=================>            58%] [Cov:================================>  93%]
[Progress:=================>            58%] [Cov:================================>  93%]
[Progress:=================>            58%] [Cov:================================>  93%]
[Progress:=================>            58%] [Cov:================================>  93%]
[Progress:=================>            58%] [Cov:================================>  93%]
[Progress:=================>            58%] [Cov:================================>  93%]
[Progress:=================>            58%] [Cov:================================>  93%]
[Progress:=================>            58%] [Cov:================================>  93%]
[Progress:=================>            58%] [Cov:================================>  93%]
[Progress:=================>            59%] [Cov:================================>  93%]
[Progress:=================>            59%] [Cov:================================>  93%]
[Progress:=================>            59%] [Cov:================================>  93%]
[Progress:=================>            59%] [Cov:================================>  93%]
[Progress:=================>            59%] [Cov:================================>  93%]
[Progress:=================>            59%] [Cov:================================>  93%]
[Progress:=================>            59%] [Cov:================================>  93%]
[Progress:=================>            59%] [Cov:================================>  93%]
[Progress:=================>            59%] [Cov:================================>  93%]
[Progress:=================>            59%] [Cov:================================>  93%]
[Progress:=================>            59%] [Cov:================================>  93%]
[Progress:=================>            59%] [Cov:================================>  93%]
[Progress:=================>            59%] [Cov:================================>  93%]
[Progress:==================>           60%] [Cov:================================>  93%]
[Progress:==================>           60%] [Cov:================================>  93%]
[Progress:==================>           60%] [Cov:================================>  93%]
[Progress:==================>           60%] [Cov:================================>  93%]
[Progress:==================>           60%] [Cov:================================>  93%]
[Progress:==================>           60%] [Cov:================================>  93%]
[Progress:==================>           60%] [Cov:================================>  93%]
[Progress:==================>           60%] [Cov:================================>  93%]
[Progress:==================>           60%] [Cov:================================>  93%]
[Progress:==================>           60%] [Cov:================================>  93%]
[Progress:==================>           60%] [Cov:================================>  93%]
[Progress:==================>           60%] [Cov:================================>  93%]
[Progress:==================>           60%] [Cov:================================>  93%]
[Progress:==================>           60%] [Cov:================================>  93%]
[Progress:==================>           60%] [Cov:================================>  93%]
[Progress:==================>           60%] [Cov:================================>  93%]
[Progress:==================>           60%] [Cov:================================>  93%]
[Progress:==================>           60%] [Cov:================================>  93%]
[Progress:==================>           60%] [Cov:================================>  93%]
[Progress:==================>           60%] [Cov:================================>  93%]
[Progress:==================>           60%] [Cov:================================>  93%]
[Progress:==================>           60%] [Cov:================================>  93%]
[Progress:==================>           60%] [Cov:================================>  93%]
[Progress:==================>           60%] [Cov:================================>  93%]
[Progress:==================>           60%] [Cov:================================>  93%]
[Progress:==================>           60%] [Cov:================================>  93%]
[Progress:==================>           60%] [Cov:================================>  93%]
[Progress:==================>           60%] [Cov:================================>  93%]
[Progress:==================>           61%] [Cov:================================>  93%]
[Progress:==================>           61%] [Cov:================================>  93%]
[Progress:==================>           61%] [Cov:================================>  93%]
[Progress:==================>           61%] [Cov:================================>  93%]
[Progress:==================>           61%] [Cov:================================>  93%]
[Progress:==================>           61%] [Cov:================================>  93%]
[Progress:==================>           61%] [Cov:================================>  93%]
[Progress:==================>           61%] [Cov:================================>  93%]
[Progress:==================>           61%] [Cov:================================>  93%]
[Progress:==================>           61%] [Cov:================================>  93%]
[Progress:==================>           61%] [Cov:================================>  93%]
[Progress:==================>           61%] [Cov:================================>  93%]
[Progress:==================>           61%] [Cov:================================>  93%]
[Progress:==================>           61%] [Cov:================================>  93%]
[Progress:==================>           62%] [Cov:================================>  93%]
[Progress:==================>           62%] [Cov:================================>  93%]
[Progress:==================>           62%] [Cov:================================>  93%]
[Progress:==================>           62%] [Cov:================================>  93%]
[Progress:==================>           62%] [Cov:================================>  93%]
[Progress:==================>           62%] [Cov:================================>  93%]
[Progress:==================>           62%] [Cov:================================>  93%]
[Progress:==================>           62%] [Cov:================================>  93%]
[Progress:==================>           63%] [Cov:================================>  93%]
[Progress:==================>           63%] [Cov:================================>  93%]
[Progress:==================>           63%] [Cov:================================>  93%]
[Progress:==================>           63%] [Cov:================================>  93%]
[Progress:==================>           63%] [Cov:================================>  93%]
[Progress:==================>           63%] [Cov:================================>  93%]
[Progress:==================>           63%] [Cov:================================>  93%]
[Progress:==================>           63%] [Cov:================================>  93%]
[Progress:==================>           63%] [Cov:================================>  93%]
[Progress:===================>          64%] [Cov:================================>  93%]
[Progress:===================>          64%] [Cov:================================>  93%]
[Progress:===================>          64%] [Cov:================================>  93%]
[Progress:===================>          64%] [Cov:================================>  93%]
[Progress:===================>          64%] [Cov:================================>  93%]
[Progress:===================>          64%] [Cov:================================>  93%]
[Progress:===================>          64%] [Cov:================================>  93%]
[Progress:===================>          64%] [Cov:================================>  93%]
[Progress:===================>          64%] [Cov:================================>  93%]
[Progress:===================>          64%] [Cov:================================>  93%]
[Progress:===================>          64%] [Cov:================================>  93%]
[Progress:===================>          64%] [Cov:================================>  93%]
[Progress:===================>          64%] [Cov:================================>  93%]
[Progress:===================>          65%] [Cov:================================>  93%]
[Progress:===================>          65%] [Cov:================================>  93%]
[Progress:===================>          65%] [Cov:================================>  93%]
[Progress:===================>          65%] [Cov:================================>  93%]
[Progress:===================>          65%] [Cov:================================>  93%]
[Progress:===================>          65%] [Cov:================================>  93%]
[Progress:===================>          65%] [Cov:================================>  93%]
[Progress:===================>          65%] [Cov:================================>  93%]
[Progress:===================>          65%] [Cov:================================>  93%]
[Progress:===================>          65%] [Cov:================================>  93%]
[Progress:===================>          65%] [Cov:================================>  93%]
[Progress:===================>          65%] [Cov:================================>  93%]
[Progress:===================>          65%] [Cov:================================>  93%]
[Progress:===================>          65%] [Cov:================================>  93%]
[Progress:===================>          65%] [Cov:================================>  93%]
[Progress:===================>          65%] [Cov:================================>  93%]
[Progress:===================>          65%] [Cov:================================>  93%]
[Progress:===================>          65%] [Cov:================================>  93%]
[Progress:===================>          65%] [Cov:================================>  93%]
[Progress:===================>          65%] [Cov:================================>  93%]
[Progress:===================>          65%] [Cov:================================>  93%]
[Progress:===================>          66%] [Cov:================================>  93%]
[Progress:===================>          66%] [Cov:================================>  93%]
[Progress:===================>          66%] [Cov:================================>  93%]
[Progress:===================>          66%] [Cov:================================>  93%]
[Progress:===================>          66%] [Cov:================================>  93%]
[Progress:===================>          66%] [Cov:================================>  93%]
[Progress:===================>          66%] [Cov:================================>  93%]
[Progress:===================>          66%] [Cov:================================>  93%]
[Progress:===================>          66%] [Cov:================================>  93%]
[Progress:===================>          66%] [Cov:================================>  93%]
[Progress:====================>         67%] [Cov:================================>  93%]
[Progress:====================>         67%] [Cov:================================>  93%]
[Progress:====================>         67%] [Cov:================================>  93%]
[Progress:====================>         67%] [Cov:================================>  93%]
[Progress:====================>         67%] [Cov:================================>  93%]
[Progress:====================>         67%] [Cov:================================>  93%]
[Progress:====================>         67%] [Cov:================================>  93%]
[Progress:====================>         67%] [Cov:================================>  93%]
[Progress:====================>         67%] [Cov:================================>  93%]
[Progress:====================>         67%] [Cov:================================>  93%]
[Progress:====================>         67%] [Cov:================================>  93%]
[Progress:====================>         67%] [Cov:================================>  93%]
[Progress:====================>         68%] [Cov:================================>  93%]
[Progress:====================>         68%] [Cov:================================>  93%]
[Progress:====================>         68%] [Cov:================================>  93%]
[Progress:====================>         68%] [Cov:================================>  93%]
[Progress:====================>         68%] [Cov:================================>  93%]
[Progress:====================>         68%] [Cov:================================>  93%]
[Progress:====================>         68%] [Cov:================================>  93%]
[Progress:====================>         68%] [Cov:================================>  93%]
[Progress:====================>         68%] [Cov:================================>  93%]
[Progress:====================>         68%] [Cov:================================>  93%]
[Progress:====================>         68%] [Cov:================================>  93%]
[Progress:====================>         68%] [Cov:================================>  93%]
[Progress:====================>         69%] [Cov:================================>  93%]
[Progress:====================>         69%] [Cov:================================>  93%]
[Progress:====================>         69%] [Cov:================================>  93%]
[Progress:====================>         69%] [Cov:================================>  93%]
[Progress:====================>         69%] [Cov:================================>  93%]
[Progress:====================>         69%] [Cov:================================>  93%]
[Progress:====================>         69%] [Cov:================================>  93%]
[Progress:====================>         69%] [Cov:================================>  93%]
[Progress:====================>         69%] [Cov:================================>  93%]
[Progress:====================>         69%] [Cov:================================>  93%]
[Progress:====================>         69%] [Cov:================================>  93%]
[Progress:====================>         69%] [Cov:================================>  93%]
[Progress:=====================>        70%] [Cov:================================>  93%]
[Progress:=====================>        70%] [Cov:================================>  93%]
[Progress:=====================>        70%] [Cov:================================>  93%]
[Progress:=====================>        70%] [Cov:================================>  93%]
[Progress:=====================>        70%] [Cov:================================>  93%]
[Progress:=====================>        70%] [Cov:================================>  93%]
[Progress:=====================>        70%] [Cov:================================>  93%]
[Progress:=====================>        70%] [Cov:================================>  93%]
[Progress:=====================>        70%] [Cov:================================>  93%]
[Progress:=====================>        70%] [Cov:================================>  93%]
[Progress:=====================>        70%] [Cov:================================>  93%]
[Progress:=====================>        70%] [Cov:================================>  93%]
[Progress:=====================>        70%] [Cov:================================>  93%]
[Progress:=====================>        70%] [Cov:================================>  93%]
[Progress:=====================>        70%] [Cov:================================>  93%]
[Progress:=====================>        70%] [Cov:================================>  93%]
[Progress:=====================>        70%] [Cov:================================>  93%]
[Progress:=====================>        70%] [Cov:================================>  93%]
[Progress:=====================>        70%] [Cov:================================>  93%]
[Progress:=====================>        70%] [Cov:================================>  93%]
[Progress:=====================>        70%] [Cov:================================>  93%]
[Progress:=====================>        70%] [Cov:================================>  93%]
[Progress:=====================>        70%] [Cov:================================>  93%]
[Progress:=====================>        70%] [Cov:================================>  93%]
[Progress:=====================>        71%] [Cov:================================>  93%]
[Progress:=====================>        71%] [Cov:================================>  93%]
[Progress:=====================>        71%] [Cov:================================>  93%]
[Progress:=====================>        71%] [Cov:================================>  93%]
[Progress:=====================>        71%] [Cov:================================>  93%]
[Progress:=====================>        71%] [Cov:================================>  93%]
[Progress:=====================>        71%] [Cov:================================>  93%]
[Progress:=====================>        71%] [Cov:================================>  93%]
[Progress:=====================>        71%] [Cov:================================>  93%]
[Progress:=====================>        71%] [Cov:================================>  93%]
[Progress:=====================>        71%] [Cov:================================>  93%]
[Progress:=====================>        71%] [Cov:================================>  93%]
[Progress:=====================>        72%] [Cov:================================>  93%]
[Progress:=====================>        72%] [Cov:================================>  93%]
[Progress:=====================>        72%] [Cov:================================>  93%]
[Progress:=====================>        72%] [Cov:================================>  93%]
[Progress:=====================>        72%] [Cov:================================>  93%]
[Progress:=====================>        72%] [Cov:================================>  93%]
[Progress:=====================>        72%] [Cov:================================>  93%]
[Progress:=====================>        72%] [Cov:================================>  93%]
[Progress:=====================>        72%] [Cov:================================>  93%]
[Progress:=====================>        72%] [Cov:================================>  93%]
[Progress:=====================>        72%] [Cov:================================>  93%]
[Progress:=====================>        73%] [Cov:================================>  93%]
[Progress:=====================>        73%] [Cov:================================>  93%]
[Progress:=====================>        73%] [Cov:================================>  93%]
[Progress:=====================>        73%] [Cov:================================>  93%]
[Progress:=====================>        73%] [Cov:================================>  93%]
[Progress:=====================>        73%] [Cov:================================>  93%]
[Progress:=====================>        73%] [Cov:================================>  93%]
[Progress:=====================>        73%] [Cov:================================>  93%]
[Progress:=====================>        73%] [Cov:================================>  93%]
[Progress:=====================>        73%] [Cov:================================>  93%]
[Progress:=====================>        73%] [Cov:================================>  93%]
[Progress:======================>       74%] [Cov:================================>  93%]
[Progress:======================>       74%] [Cov:================================>  93%]
[Progress:======================>       74%] [Cov:================================>  93%]
[Progress:======================>       74%] [Cov:================================>  93%]
[Progress:======================>       74%] [Cov:================================>  93%]
[Progress:======================>       74%] [Cov:================================>  93%]
[Progress:======================>       74%] [Cov:================================>  93%]
[Progress:======================>       74%] [Cov:================================>  93%]
[Progress:======================>       74%] [Cov:================================>  93%]
[Progress:======================>       74%] [Cov:================================>  93%]
[Progress:======================>       74%] [Cov:================================>  93%]
[Progress:======================>       74%] [Cov:================================>  93%]
[Progress:======================>       75%] [Cov:================================>  93%]
[Progress:======================>       75%] [Cov:================================>  93%]
[Progress:======================>       75%] [Cov:================================>  93%]
[Progress:======================>       75%] [Cov:================================>  93%]
[Progress:======================>       75%] [Cov:================================>  93%]
[Progress:======================>       75%] [Cov:================================>  93%]
[Progress:======================>       75%] [Cov:================================>  93%]
[Progress:======================>       75%] [Cov:================================>  93%]
[Progress:======================>       75%] [Cov:================================>  93%]
[Progress:======================>       75%] [Cov:================================>  93%]
[Progress:======================>       75%] [Cov:================================>  93%]
[Progress:======================>       75%] [Cov:================================>  93%]
[Progress:======================>       75%] [Cov:================================>  93%]
[Progress:======================>       75%] [Cov:================================>  93%]
[Progress:======================>       75%] [Cov:================================>  93%]
[Progress:======================>       75%] [Cov:================================>  93%]
[Progress:======================>       75%] [Cov:================================>  93%]
[Progress:======================>       75%] [Cov:================================>  93%]
[Progress:======================>       75%] [Cov:================================>  93%]
[Progress:======================>       75%] [Cov:================================>  93%]
[Progress:======================>       75%] [Cov:================================>  93%]
[Progress:======================>       75%] [Cov:================================>  93%]
[Progress:======================>       75%] [Cov:================================>  93%]
[Progress:======================>       75%] [Cov:================================>  93%]
[Progress:======================>       75%] [Cov:================================>  93%]
[Progress:======================>       76%] [Cov:================================>  93%]
[Progress:======================>       76%] [Cov:================================>  93%]
[Progress:======================>       76%] [Cov:================================>  93%]
[Progress:======================>       76%] [Cov:================================>  93%]
[Progress:======================>       76%] [Cov:================================>  93%]
[Progress:======================>       76%] [Cov:================================>  93%]
[Progress:======================>       76%] [Cov:================================>  93%]
[Progress:======================>       76%] [Cov:================================>  93%]
[Progress:======================>       76%] [Cov:================================>  93%]
[Progress:======================>       76%] [Cov:================================>  93%]
[Progress:======================>       76%] [Cov:================================>  93%]
[Progress:======================>       76%] [Cov:================================>  93%]
[Progress:=======================>      77%] [Cov:================================>  93%]
[Progress:=======================>      77%] [Cov:================================>  93%]
[Progress:=======================>      77%] [Cov:================================>  93%]
[Progress:=======================>      77%] [Cov:================================>  93%]
[Progress:=======================>      77%] [Cov:================================>  93%]
[Progress:=======================>      77%] [Cov:================================>  93%]
[Progress:=======================>      77%] [Cov:================================>  93%]
[Progress:=======================>      77%] [Cov:================================>  93%]
[Progress:=======================>      77%] [Cov:================================>  93%]
[Progress:=======================>      77%] [Cov:================================>  93%]
[Progress:=======================>      77%] [Cov:================================>  93%]
[Progress:=======================>      77%] [Cov:================================>  93%]
[Progress:=======================>      78%] [Cov:================================>  93%]
[Progress:=======================>      78%] [Cov:================================>  93%]
[Progress:=======================>      78%] [Cov:================================>  93%]
[Progress:=======================>      78%] [Cov:================================>  93%]
[Progress:=======================>      78%] [Cov:================================>  93%]
[Progress:=======================>      78%] [Cov:================================>  93%]
[Progress:=======================>      78%] [Cov:================================>  93%]
[Progress:=======================>      78%] [Cov:================================>  93%]
[Progress:=======================>      78%] [Cov:================================>  93%]
[Progress:=======================>      78%] [Cov:================================>  93%]
[Progress:=======================>      78%] [Cov:================================>  93%]
[Progress:=======================>      78%] [Cov:================================>  93%]
[Progress:=======================>      79%] [Cov:================================>  93%]
[Progress:=======================>      79%] [Cov:================================>  93%]
[Progress:=======================>      79%] [Cov:================================>  93%]
[Progress:=======================>      79%] [Cov:================================>  93%]
[Progress:=======================>      79%] [Cov:================================>  93%]
[Progress:=======================>      79%] [Cov:================================>  93%]
[Progress:=======================>      79%] [Cov:================================>  93%]
[Progress:=======================>      79%] [Cov:================================>  93%]
[Progress:=======================>      79%] [Cov:================================>  93%]
[Progress:=======================>      79%] [Cov:================================>  93%]
[Progress:=======================>      79%] [Cov:================================>  93%]
[Progress:=======================>      79%] [Cov:================================>  93%]
[Progress:========================>     80%] [Cov:================================>  93%]
[Progress:========================>     80%] [Cov:================================>  93%]
[Progress:========================>     80%] [Cov:================================>  93%]
[Progress:========================>     80%] [Cov:================================>  93%]
[Progress:========================>     80%] [Cov:================================>  93%]
[Progress:========================>     80%] [Cov:================================>  93%]
[Progress:========================>     80%] [Cov:================================>  93%]
[Progress:========================>     80%] [Cov:================================>  93%]
[Progress:========================>     80%] [Cov:================================>  93%]
[Progress:========================>     80%] [Cov:================================>  93%]
[Progress:========================>     80%] [Cov:================================>  93%]
[Progress:========================>     80%] [Cov:================================>  93%]
[Progress:========================>     80%] [Cov:================================>  93%]
[Progress:========================>     80%] [Cov:================================>  93%]
[Progress:========================>     80%] [Cov:================================>  93%]
[Progress:========================>     80%] [Cov:================================>  93%]
[Progress:========================>     80%] [Cov:================================>  93%]
[Progress:========================>     80%] [Cov:================================>  93%]
[Progress:========================>     80%] [Cov:================================>  93%]
[Progress:========================>     80%] [Cov:================================>  93%]
[Progress:========================>     80%] [Cov:================================>  93%]
[Progress:========================>     80%] [Cov:================================>  93%]
[Progress:========================>     80%] [Cov:================================>  93%]
[Progress:========================>     80%] [Cov:================================>  93%]
[Progress:========================>     81%] [Cov:================================>  93%]
[Progress:========================>     81%] [Cov:================================>  93%]
[Progress:========================>     81%] [Cov:================================>  93%]
[Progress:========================>     81%] [Cov:================================>  93%]
[Progress:========================>     81%] [Cov:================================>  93%]
[Progress:========================>     81%] [Cov:================================>  93%]
[Progress:========================>     81%] [Cov:================================>  93%]
[Progress:========================>     81%] [Cov:================================>  93%]
[Progress:========================>     81%] [Cov:================================>  93%]
[Progress:========================>     81%] [Cov:================================>  93%]
[Progress:========================>     81%] [Cov:================================>  93%]
[Progress:========================>     81%] [Cov:================================>  93%]
[Progress:========================>     81%] [Cov:================================>  93%]
[Progress:========================>     82%] [Cov:================================>  93%]
[Progress:========================>     82%] [Cov:================================>  93%]
[Progress:========================>     82%] [Cov:================================>  93%]
[Progress:========================>     82%] [Cov:================================>  93%]
[Progress:========================>     82%] [Cov:================================>  93%]
[Progress:========================>     82%] [Cov:================================>  93%]
[Progress:========================>     82%] [Cov:================================>  93%]
[Progress:========================>     82%] [Cov:================================>  93%]
[Progress:========================>     82%] [Cov:================================>  93%]
[Progress:========================>     82%] [Cov:================================>  93%]
[Progress:========================>     82%] [Cov:================================>  93%]
[Progress:========================>     82%] [Cov:================================>  93%]
[Progress:========================>     82%] [Cov:================================>  93%]
[Progress:========================>     83%] [Cov:================================>  93%]
[Progress:========================>     83%] [Cov:================================>  93%]
[Progress:========================>     83%] [Cov:================================>  93%]
[Progress:========================>     83%] [Cov:================================>  93%]
[Progress:========================>     83%] [Cov:================================>  93%]
[Progress:========================>     83%] [Cov:================================>  93%]
[Progress:========================>     83%] [Cov:================================>  93%]
[Progress:========================>     83%] [Cov:================================>  93%]
[Progress:========================>     83%] [Cov:================================>  93%]
[Progress:========================>     83%] [Cov:================================>  93%]
[Progress:========================>     83%] [Cov:================================>  93%]
[Progress:========================>     83%] [Cov:================================>  93%]
[Progress:========================>     83%] [Cov:================================>  93%]
[Progress:=========================>    84%] [Cov:================================>  93%]
[Progress:=========================>    84%] [Cov:================================>  93%]
[Progress:=========================>    84%] [Cov:================================>  93%]
[Progress:=========================>    84%] [Cov:================================>  93%]
[Progress:=========================>    84%] [Cov:================================>  93%]
[Progress:=========================>    84%] [Cov:================================>  93%]
[Progress:=========================>    84%] [Cov:================================>  93%]
[Progress:=========================>    84%] [Cov:================================>  93%]
[Progress:=========================>    84%] [Cov:================================>  93%]
[Progress:=========================>    84%] [Cov:================================>  93%]
[Progress:=========================>    84%] [Cov:================================>  93%]
[Progress:=========================>    84%] [Cov:================================>  93%]
[Progress:=========================>    85%] [Cov:================================>  93%]
[Progress:=========================>    85%] [Cov:================================>  93%]
[Progress:=========================>    85%] [Cov:================================>  93%]
[Progress:=========================>    85%] [Cov:================================>  93%]
[Progress:=========================>    85%] [Cov:================================>  93%]
[Progress:=========================>    85%] [Cov:================================>  93%]
[Progress:=========================>    85%] [Cov:================================>  93%]
[Progress:=========================>    85%] [Cov:================================>  93%]
[Progress:=========================>    85%] [Cov:================================>  93%]
[Progress:=========================>    85%] [Cov:================================>  93%]
[Progress:=========================>    85%] [Cov:================================>  93%]
[Progress:=========================>    85%] [Cov:================================>  93%]
[Progress:=========================>    85%] [Cov:================================>  93%]
[Progress:=========================>    85%] [Cov:================================>  93%]
[Progress:=========================>    85%] [Cov:================================>  93%]
[Progress:=========================>    85%] [Cov:================================>  93%]
[Progress:=========================>    85%] [Cov:================================>  93%]
[Progress:=========================>    85%] [Cov:================================>  93%]
[Progress:=========================>    85%] [Cov:================================>  93%]
[Progress:=========================>    85%] [Cov:================================>  93%]
[Progress:=========================>    85%] [Cov:================================>  93%]
[Progress:=========================>    85%] [Cov:================================>  93%]
[Progress:=========================>    86%] [Cov:================================>  93%]
[Progress:=========================>    86%] [Cov:================================>  93%]
[Progress:=========================>    86%] [Cov:================================>  93%]
[Progress:=========================>    86%] [Cov:================================>  93%]
[Progress:=========================>    86%] [Cov:================================>  93%]
[Progress:=========================>    86%] [Cov:================================>  93%]
[Progress:=========================>    86%] [Cov:================================>  93%]
[Progress:=========================>    86%] [Cov:================================>  93%]
[Progress:=========================>    86%] [Cov:================================>  93%]
[Progress:=========================>    86%] [Cov:================================>  93%]
[Progress:=========================>    86%] [Cov:================================>  93%]
[Progress:==========================>   87%] [Cov:================================>  93%]
[Progress:==========================>   87%] [Cov:================================>  93%]
[Progress:==========================>   87%] [Cov:================================>  93%]
[Progress:==========================>   87%] [Cov:================================>  93%]
[Progress:==========================>   87%] [Cov:================================>  93%]
[Progress:==========================>   87%] [Cov:================================>  93%]
[Progress:==========================>   87%] [Cov:================================>  93%]
[Progress:==========================>   87%] [Cov:================================>  93%]
[Progress:==========================>   87%] [Cov:================================>  93%]
[Progress:==========================>   87%] [Cov:================================>  93%]
[Progress:==========================>   87%] [Cov:================================>  93%]
[Progress:==========================>   88%] [Cov:================================>  93%]
[Progress:==========================>   88%] [Cov:================================>  93%]
[Progress:==========================>   88%] [Cov:================================>  93%]
[Progress:==========================>   88%] [Cov:================================>  93%]
[Progress:==========================>   88%] [Cov:================================>  93%]
[Progress:==========================>   88%] [Cov:================================>  93%]
[Progress:==========================>   88%] [Cov:================================>  93%]
[Progress:==========================>   88%] [Cov:================================>  93%]
[Progress:==========================>   88%] [Cov:================================>  93%]
[Progress:==========================>   88%] [Cov:================================>  93%]
[Progress:==========================>   88%] [Cov:================================>  93%]
[Progress:==========================>   88%] [Cov:================================>  93%]
[Progress:==========================>   89%] [Cov:================================>  93%]
[Progress:==========================>   89%] [Cov:================================>  93%]
[Progress:==========================>   89%] [Cov:================================>  93%]
[Progress:==========================>   89%] [Cov:================================>  93%]
[Progress:==========================>   89%] [Cov:================================>  93%]
[Progress:==========================>   89%] [Cov:================================>  93%]
[Progress:==========================>   89%] [Cov:================================>  93%]
[Progress:==========================>   89%] [Cov:================================>  93%]
[Progress:==========================>   89%] [Cov:================================>  93%]
[Progress:==========================>   89%] [Cov:================================>  93%]
[Progress:==========================>   89%] [Cov:================================>  93%]
[Progress:===========================>  90%] [Cov:================================>  93%]
[Progress:===========================>  90%] [Cov:================================>  93%]
[Progress:===========================>  90%] [Cov:================================>  93%]
[Progress:===========================>  90%] [Cov:================================>  93%]
[Progress:===========================>  90%] [Cov:================================>  93%]
[Progress:===========================>  90%] [Cov:================================>  93%]
[Progress:===========================>  90%] [Cov:================================>  93%]
[Progress:===========================>  90%] [Cov:================================>  93%]
[Progress:===========================>  90%] [Cov:================================>  93%]
[Progress:===========================>  90%] [Cov:================================>  93%]
[Progress:===========================>  90%] [Cov:================================>  93%]
[Progress:===========================>  90%] [Cov:================================>  93%]
[Progress:===========================>  90%] [Cov:================================>  93%]
[Progress:===========================>  90%] [Cov:================================>  93%]
[Progress:===========================>  90%] [Cov:================================>  93%]
[Progress:===========================>  90%] [Cov:================================>  93%]
[Progress:===========================>  90%] [Cov:================================>  93%]
[Progress:===========================>  90%] [Cov:================================>  93%]
[Progress:===========================>  90%] [Cov:================================>  93%]
[Progress:===========================>  90%] [Cov:================================>  93%]
[Progress:===========================>  90%] [Cov:================================>  93%]
[Progress:===========================>  90%] [Cov:================================>  93%]
[Progress:===========================>  90%] [Cov:================================>  93%]
[Progress:===========================>  91%] [Cov:================================>  93%]
[Progress:===========================>  91%] [Cov:================================>  93%]
[Progress:===========================>  91%] [Cov:================================>  93%]
[Progress:===========================>  91%] [Cov:================================>  93%]
[Progress:===========================>  91%] [Cov:================================>  93%]
[Progress:===========================>  91%] [Cov:================================>  93%]
[Progress:===========================>  91%] [Cov:================================>  93%]
[Progress:===========================>  91%] [Cov:================================>  93%]
[Progress:===========================>  91%] [Cov:================================>  93%]
[Progress:===========================>  91%] [Cov:================================>  93%]
[Progress:===========================>  91%] [Cov:================================>  93%]
[Progress:===========================>  91%] [Cov:================================>  93%]
[Progress:===========================>  92%] [Cov:================================>  93%]
[Progress:===========================>  92%] [Cov:================================>  93%]
[Progress:===========================>  92%] [Cov:================================>  93%]
[Progress:===========================>  92%] [Cov:================================>  93%]
[Progress:===========================>  92%] [Cov:================================>  93%]
[Progress:===========================>  92%] [Cov:================================>  93%]
[Progress:===========================>  92%] [Cov:================================>  93%]
[Progress:===========================>  92%] [Cov:================================>  93%]
[Progress:===========================>  92%] [Cov:================================>  93%]
[Progress:===========================>  92%] [Cov:================================>  93%]
[Progress:===========================>  92%] [Cov:================================>  93%]
[Progress:===========================>  92%] [Cov:================================>  93%]
[Progress:===========================>  93%] [Cov:================================>  93%]
[Progress:===========================>  93%] [Cov:================================>  93%]
[Progress:===========================>  93%] [Cov:================================>  93%]
[Progress:===========================>  93%] [Cov:================================>  93%]
[Progress:===========================>  93%] [Cov:================================>  93%]
[Progress:===========================>  93%] [Cov:================================>  93%]
[Progress:===========================>  93%] [Cov:================================>  93%]
[Progress:===========================>  93%] [Cov:================================>  93%]
[Progress:===========================>  93%] [Cov:================================>  93%]
[Progress:===========================>  93%] [Cov:================================>  93%]
[Progress:===========================>  93%] [Cov:================================>  93%]
[Progress:===========================>  93%] [Cov:================================>  93%]
[Progress:============================> 94%] [Cov:================================>  93%]
[Progress:============================> 94%] [Cov:================================>  93%]
[Progress:============================> 94%] [Cov:================================>  93%]
[Progress:============================> 94%] [Cov:================================>  93%]
[Progress:============================> 94%] [Cov:================================>  93%]
[Progress:============================> 94%] [Cov:================================>  93%]
[Progress:============================> 94%] [Cov:================================>  93%]
[Progress:============================> 94%] [Cov:================================>  93%]
[Progress:============================> 94%] [Cov:================================>  93%]
[Progress:============================> 94%] [Cov:================================>  93%]
[Progress:============================> 94%] [Cov:================================>  93%]
[Progress:============================> 94%] [Cov:================================>  93%]
[Progress:============================> 94%] [Cov:================================>  93%]
[Progress:============================> 95%] [Cov:================================>  93%]
[Progress:============================> 95%] [Cov:================================>  93%]
[Progress:============================> 95%] [Cov:================================>  93%]
[Progress:============================> 95%] [Cov:================================>  93%]
[Progress:============================> 95%] [Cov:================================>  93%]
[Progress:============================> 95%] [Cov:================================>  93%]
[Progress:============================> 95%] [Cov:================================>  93%]
[Progress:============================> 95%] [Cov:================================>  93%]
[Progress:============================> 95%] [Cov:================================>  93%]
[Progress:============================> 95%] [Cov:================================>  93%]
[Progress:============================> 95%] [Cov:================================>  93%]
[Progress:============================> 95%] [Cov:================================>  93%]
[Progress:============================> 95%] [Cov:================================>  93%]
[Progress:============================> 95%] [Cov:================================>  93%]
[Progress:============================> 95%] [Cov:================================>  93%]
[Progress:============================> 95%] [Cov:================================>  93%]
[Progress:============================> 95%] [Cov:================================>  93%]
[Progress:============================> 95%] [Cov:================================>  93%]
[Progress:============================> 95%] [Cov:================================>  93%]
[Progress:============================> 95%] [Cov:================================>  93%]
[Progress:============================> 95%] [Cov:================================>  93%]
[Progress:============================> 95%] [Cov:================================>  93%]
[Progress:============================> 95%] [Cov:================================>  93%]
[Progress:============================> 95%] [Cov:================================>  93%]
[Progress:============================> 96%] [Cov:================================>  93%]
[Progress:============================> 96%] [Cov:================================>  93%]
[Progress:============================> 96%] [Cov:================================>  93%]
[Progress:============================> 96%] [Cov:================================>  93%]
[Progress:============================> 96%] [Cov:================================>  93%]
[Progress:============================> 96%] [Cov:================================>  93%]
[Progress:============================> 96%] [Cov:================================>  93%]
[Progress:============================> 96%] [Cov:================================>  93%]
[Progress:============================> 96%] [Cov:================================>  93%]
[Progress:============================> 96%] [Cov:================================>  93%]
[Progress:============================> 96%] [Cov:================================>  93%]
[Progress:============================> 96%] [Cov:================================>  93%]
[Progress:=============================>97%] [Cov:================================>  93%]
[Progress:=============================>97%] [Cov:================================>  93%]
[Progress:=============================>97%] [Cov:================================>  93%]
[Progress:=============================>97%] [Cov:================================>  93%]
[Progress:=============================>97%] [Cov:================================>  93%]
[Progress:=============================>97%] [Cov:================================>  93%]
[Progress:=============================>97%] [Cov:================================>  93%]
[Progress:=============================>97%] [Cov:================================>  93%]
[Progress:=============================>97%] [Cov:================================>  93%]
[Progress:=============================>97%] [Cov:================================>  93%]
[Progress:=============================>97%] [Cov:================================>  93%]
[Progress:=============================>97%] [Cov:================================>  93%]
[Progress:=============================>97%] [Cov:================================>  93%]
[Progress:=============================>98%] [Cov:================================>  93%]
[Progress:=============================>98%] [Cov:================================>  93%]
[Progress:=============================>98%] [Cov:================================>  93%]
[Progress:=============================>98%] [Cov:================================>  93%]
[Progress:=============================>98%] [Cov:================================>  93%]
[Progress:=============================>98%] [Cov:================================>  93%]
[Progress:=============================>98%] [Cov:================================>  93%]
[Progress:=============================>98%] [Cov:================================>  93%]
[Progress:=============================>98%] [Cov:================================>  93%]
[Progress:=============================>98%] [Cov:================================>  93%]
[Progress:=============================>98%] [Cov:================================>  93%]
[Progress:=============================>98%] [Cov:================================>  93%]
[Progress:=============================>99%] [Cov:================================>  93%]
[Progress:=============================>99%] [Cov:================================>  93%]
[Progress:=============================>99%] [Cov:================================>  93%]
[Progress:=============================>99%] [Cov:================================>  93%]
[Progress:=============================>99%] [Cov:================================>  93%]
[Progress:=============================>99%] [Cov:================================>  93%]
[Progress:=============================>99%] [Cov:================================>  93%]
[Progress:=============================>99%] [Cov:================================>  93%]
[Progress:=============================>99%] [Cov:================================>  93%]
[Progress:=============================>99%] [Cov:================================>  93%]
[Progress:=============================>99%] [Cov:================================>  93%]
[Progress:=============================>99%] [Cov:================================>  93%]
[Progress:=============================>99%] [Cov:================================>  93%]
[Progress:==============================100%] [Cov:================================>  93%]
[Progress:==============================100%] [Cov:================================>  93%]
[Progress:==============================100%] [Cov:================================>  93%]
[Progress:==============================100%] [Cov:================================>  93%]
[Progress:==============================100%] [Cov:================================>  93%]
[Progress:==============================100%] [Cov:================================>  93%]
[Progress:==============================100%] [Cov:================================>  93%]
[Progress:==============================100%] [Cov:================================>  93%]
[Progress:==============================100%] [Cov:================================>  93%]
[Progress:==============================100%] [Cov:================================>  93%]
[Progress:==============================100%] [Cov:================================>  93%]
[Progress:==============================100%] [Cov:================================>  93%]
[Progress:==============================100%] [Cov:================================>  93%]
* Search finished after 121s and 1189 generations, 317432 statements, best individual has fitness: 19.33974358974359
* Minimizing test suite
* Going to analyze the coverage criteria
* Coverage analysis for criterion LINE
* Coverage of criterion LINE: 93%
* Total number of goals: 167
* Number of covered goals: 155
* Coverage analysis for criterion BRANCH
* Coverage of criterion BRANCH: 88%
* Total number of goals: 95
* Number of covered goals: 84
* Coverage analysis for criterion EXCEPTION
* Coverage of criterion EXCEPTION: 91%
* Total number of goals: 11
* Number of covered goals: 10
* Generated 18 tests with total length 75
* Resulting test suite's coverage: 94% (average coverage for all fitness functions)
* Generating assertions
* Resulting test suite's mutation score: 44%
* Compiling and checking tests
* Writing tests to file
* Writing JUnit test case 'PolygonsSet_ESTest' to /work/evo_out/Math_32f/budget120_seed1/tests
* Done!

* Computation finished

[exit=0 timeout=False time=132.9s]

$ javac -nowarn -cp /work/Math_32f/target/classes:/opt/defects4j/framework/projects/lib/junit-4.12-hamcrest-1.3.jar:/work/Math_32f/target/classes:/work/Math_32f/target/test-classes:/opt/evosuite/evosuite-standalone-runtime-1.2.0.jar -d /work/evo_out/Math_32f/budget120_seed1/classes /work/evo_out/Math_32f/budget120_seed1/tests/org/apache/commons/math3/geometry/euclidean/twod/PolygonsSet_ESTest.java /work/evo_out/Math_32f/budget120_seed1/tests/org/apache/commons/math3/geometry/euclidean/twod/PolygonsSet_ESTest_scaffolding.java

[exit=0 timeout=False time=0.8s]

$ java -jar /opt/jacoco/lib/jacococli.jar instrument /work/Math_32f/target/classes --dest /work/evo_out/Math_32f/budget120_seed1/instrumented
[INFO] 838 classes instrumented to /work/evo_out/Math_32f/budget120_seed1/instrumented.

[exit=0 timeout=False time=0.8s]

$ java -Djacoco-agent.destfile=/workspace/EvoSuite/Result_Round2/Math_32/budget120_seed1/jacoco.exec -cp /work/evo_out/Math_32f/budget120_seed1/instrumented:/work/evo_out/Math_32f/budget120_seed1/classes:/opt/defects4j/framework/projects/lib/junit-4.12-hamcrest-1.3.jar:/work/Math_32f/target/classes:/work/Math_32f/target/test-classes:/opt/evosuite/evosuite-standalone-runtime-1.2.0.jar:/opt/jacoco/lib/jacocoagent.jar org.junit.runner.JUnitCore org.apache.commons.math3.geometry.euclidean.twod.PolygonsSet_ESTest
JUnit version 4.12
..................
Time: 0.769

OK (18 tests)

SLF4J: Failed to load class "org.slf4j.impl.StaticLoggerBinder".
SLF4J: Defaulting to no-operation (NOP) logger implementation
SLF4J: See http://www.slf4j.org/codes.html#StaticLoggerBinder for further details.
WARNING: An illegal reflective access operation has occurred
WARNING: Illegal reflective access by org.evosuite.runtime.GuiSupport (file:/opt/evosuite/evosuite-standalone-runtime-1.2.0.jar) to field java.awt.GraphicsEnvironment.headless
WARNING: Please consider reporting this to the maintainers of org.evosuite.runtime.GuiSupport
WARNING: Use --illegal-access=warn to enable warnings of further illegal reflective access operations
WARNING: All illegal access operations will be denied in a future release

[exit=0 timeout=False time=1.4s]

$ java -jar /opt/jacoco/lib/jacococli.jar report /workspace/EvoSuite/Result_Round2/Math_32/budget120_seed1/jacoco.exec --classfiles /work/Math_32f/target/classes --csv /workspace/EvoSuite/Result_Round2/Math_32/budget120_seed1/jacoco.csv
[INFO] Loading execution data file /workspace/EvoSuite/Result_Round2/Math_32/budget120_seed1/jacoco.exec.
[INFO] Analyzing 648 classes.

[exit=0 timeout=False time=0.7s]

$ java -cp /work/evo_out/Math_32f/budget120_seed1/classes:/opt/defects4j/framework/projects/lib/junit-4.12-hamcrest-1.3.jar:/work/Math_32b/target/classes:/work/Math_32b/target/test-classes:/opt/evosuite/evosuite-standalone-runtime-1.2.0.jar org.junit.runner.JUnitCore org.apache.commons.math3.geometry.euclidean.twod.PolygonsSet_ESTest
JUnit version 4.12
..E...E.............
Time: 1.008
There were 2 failures:
1) test08(org.apache.commons.math3.geometry.euclidean.twod.PolygonsSet_ESTest)
java.lang.ClassCastException: class org.apache.commons.math3.geometry.partitioning.BoundaryAttribute cannot be cast to class java.lang.Boolean (org.apache.commons.math3.geometry.partitioning.BoundaryAttribute is in unnamed module of loader org.evosuite.runtime.instrumentation.EvoClassLoader @4e515669; java.lang.Boolean is in module java.base of loader 'bootstrap')
	at org.apache.commons.math3.geometry.euclidean.twod.PolygonsSet.computeGeometricalProperties(PolygonsSet.java:136)
	at org.apache.commons.math3.geometry.euclidean.twod.PolygonsSet_ESTest.test08(PolygonsSet_ESTest.java:177)
	at java.base/jdk.internal.reflect.NativeMethodAccessorImpl.invoke0(Native Method)
	at java.base/jdk.internal.reflect.NativeMethodAccessorImpl.invoke(NativeMethodAccessorImpl.java:62)
	at java.base/jdk.internal.reflect.DelegatingMethodAccessorImpl.invoke(DelegatingMethodAccessorImpl.java:43)
	at java.base/java.lang.reflect.Method.invoke(Method.java:566)
	at org.junit.runners.model.FrameworkMethod$1.runReflectiveCall(FrameworkMethod.java:50)
	at org.junit.internal.runners.model.ReflectiveCallable.run(ReflectiveCallable.java:12)
	at org.junit.runners.model.FrameworkMethod.invokeExplosively(FrameworkMethod.java:47)
	at org.junit.internal.runners.statements.InvokeMethod.evaluate(InvokeMethod.java:17)
	at org.junit.internal.runners.statements.FailOnTimeout$CallableStatement.call(FailOnTimeout.java:298)
	at org.junit.internal.runners.statements.FailOnTimeout$CallableStatement.call(FailOnTimeout.java:292)
	at java.base/java.util.concurrent.FutureTask.run(FutureTask.java:264)
	at java.base/java.lang.Thread.run(Thread.java:829)
2) test17(org.apache.commons.math3.geometry.euclidean.twod.PolygonsSet_ESTest)
java.lang.ClassCastException: class org.apache.commons.math3.geometry.partitioning.BoundaryAttribute cannot be cast to class java.lang.Boolean (org.apache.commons.math3.geometry.partitioning.BoundaryAttribute is in unnamed module of loader org.evosuite.runtime.instrumentation.EvoClassLoader @4e515669; java.lang.Boolean is in module java.base of loader 'bootstrap')
	at org.apache.commons.math3.geometry.euclidean.twod.PolygonsSet.computeGeometricalProperties(PolygonsSet.java:136)
	at org.apache.commons.math3.geometry.euclidean.twod.PolygonsSet_ESTest.test17(PolygonsSet_ESTest.java:274)
	at java.base/jdk.internal.reflect.NativeMethodAccessorImpl.invoke0(Native Method)
	at java.base/jdk.internal.reflect.NativeMethodAccessorImpl.invoke(NativeMethodAccessorImpl.java:62)
	at java.base/jdk.internal.reflect.DelegatingMethodAccessorImpl.invoke(DelegatingMethodAccessorImpl.java:43)
	at java.base/java.lang.reflect.Method.invoke(Method.java:566)
	at org.junit.runners.model.FrameworkMethod$1.runReflectiveCall(FrameworkMethod.java:50)
	at org.junit.internal.runners.model.ReflectiveCallable.run(ReflectiveCallable.java:12)
	at org.junit.runners.model.FrameworkMethod.invokeExplosively(FrameworkMethod.java:47)
	at org.junit.internal.runners.statements.InvokeMethod.evaluate(InvokeMethod.java:17)
	at org.junit.internal.runners.statements.FailOnTimeout$CallableStatement.call(FailOnTimeout.java:298)
	at org.junit.internal.runners.statements.FailOnTimeout$CallableStatement.call(FailOnTimeout.java:292)
	at java.base/java.util.concurrent.FutureTask.run(FutureTask.java:264)
	at java.base/java.lang.Thread.run(Thread.java:829)

FAILURES!!!
Tests run: 18,  Failures: 2

SLF4J: Failed to load class "org.slf4j.impl.StaticLoggerBinder".
SLF4J: Defaulting to no-operation (NOP) logger implementation
SLF4J: See http://www.slf4j.org/codes.html#StaticLoggerBinder for further details.
WARNING: An illegal reflective access operation has occurred
WARNING: Illegal reflective access by org.evosuite.runtime.GuiSupport (file:/opt/evosuite/evosuite-standalone-runtime-1.2.0.jar) to field java.awt.GraphicsEnvironment.headless
WARNING: Please consider reporting this to the maintainers of org.evosuite.runtime.GuiSupport
WARNING: Use --illegal-access=warn to enable warnings of further illegal reflective access operations
WARNING: All illegal access operations will be denied in a future release

[exit=1 timeout=False time=1.3s]
