project,bug_id,method,tool,tool_version,target_class,trigger_test,seed,search_budget,criterion,algorithm,jacoco_mode,evo_jvm_cp,extra_cp,generated_test_count,generation_time,test_compile_time,test_execution_time,total_time,compile_status,test_status,line_coverage_percent,branch_coverage_percent,evosuite_line_percent,evosuite_branch_percent,tests_run_fixed,tests_failed_fixed,tests_run_buggy,tests_failed_buggy,failing_tests_buggy,fault_detected,timeout,error_type,error_message,result_path,log_path
Lang,1,SBST,EvoSuite,1.2.0,org.apache.commons.lang3.math.NumberUtils,org.apache.commons.lang3.math.NumberUtilsTest::TestLang747,1,60,LINE:BRANCH:EXCEPTION,default,offline,,,115,82.2,0.7,1.5,89.2,SUCCESS,SUCCESS,88.95,79.43,94.0,82.0,115,0,115,0,,False,False,,,EvoSuite/Result_Round1/Lang_1/budget60_seed1,EvoSuite/Result_Round1/Lang_1/budget60_seed1/run.log
Lang,1,SBST,EvoSuite,1.2.0,org.apache.commons.lang3.math.NumberUtils,org.apache.commons.lang3.math.NumberUtilsTest::TestLang747,1,120,LINE:BRANCH:EXCEPTION,default,offline,,,120,144.3,0.8,1.6,152.0,SUCCESS,SUCCESS,92.37,84.29,96.0,85.0,120,0,120,0,,False,False,,,EvoSuite/Result_Round2/Lang_1/budget120_seed1,EvoSuite/Result_Round2/Lang_1/budget120_seed1/run.log
Lang,3,SBST,EvoSuite,1.2.0,org.apache.commons.lang3.math.NumberUtils,org.apache.commons.lang3.math.NumberUtilsTest::testStringCreateNumberEnsureNoPrecisionLoss,1,60,LINE:BRANCH:EXCEPTION,default,offline,,,119,83.1,0.7,1.6,90.4,SUCCESS,SUCCESS,89.6,82.84,95.0,85.0,119,0,119,0,,False,False,,,EvoSuite/Result_Round1/Lang_3/budget60_seed1,EvoSuite/Result_Round1/Lang_3/budget60_seed1/run.log
Lang,4,SBST,EvoSuite,1.2.0,org.apache.commons.lang3.text.translate.LookupTranslator,org.apache.commons.lang3.text.translate.LookupTranslatorTest::testLang882,1,60,LINE:BRANCH:EXCEPTION,default,offline,,,8,7.4,0.6,1.2,32.6,SUCCESS,SUCCESS,100.0,100.0,100.0,100.0,8,0,8,1,test1(org.apache.commons.lang3.text.translate.LookupTranslator_ESTest),True,False,,,EvoSuite/Result_Round1/Lang_4/budget60_seed1,EvoSuite/Result_Round1/Lang_4/budget60_seed1/run.log
Lang,5,SBST,EvoSuite,1.2.0,org.apache.commons.lang3.LocaleUtils,org.apache.commons.lang3.LocaleUtilsTest::testLang865,1,60,LINE:BRANCH:EXCEPTION,default,offline,,,27,69.1,0.6,1.3,95.9,SUCCESS,SUCCESS,94.51,87.14,80.0,78.0,27,0,27,1,test19(org.apache.commons.lang3.LocaleUtils_ESTest),True,False,,,EvoSuite/Result_Round1/Lang_5/budget60_seed1,EvoSuite/Result_Round1/Lang_5/budget60_seed1/run.log
Lang,6,SBST,EvoSuite,1.2.0,org.apache.commons.lang3.text.translate.CharSequenceTranslator,org.apache.commons.lang3.StringUtilsTest::testEscapeSurrogatePairs,1,60,LINE:BRANCH:EXCEPTION,default,offline,,,13,70.5,0.6,1.3,96.6,SUCCESS,SUCCESS,93.33,100.0,93.0,100.0,13,0,13,0,,False,False,,,EvoSuite/Result_Round1/Lang_6/budget60_seed1,EvoSuite/Result_Round1/Lang_6/budget60_seed1/run.log
Lang,7,SBST,EvoSuite,1.2.0,org.apache.commons.lang3.math.NumberUtils,org.apache.commons.lang3.math.NumberUtilsTest::testCreateNumber,1,60,LINE:BRANCH:EXCEPTION,default,offline,,,129,84.1,0.7,1.6,109.7,SUCCESS,SUCCESS,88.68,81.42,94.0,84.0,129,0,129,1,test087(org.apache.commons.lang3.math.NumberUtils_ESTest),True,False,,,EvoSuite/Result_Round1/Lang_7/budget60_seed1,EvoSuite/Result_Round1/Lang_7/budget60_seed1/run.log
Lang,8,SBST,EvoSuite,1.2.0,org.apache.commons.lang3.time.FastDatePrinter,org.apache.commons.lang3.time.FastDateFormat_PrinterTest::testCalendarTimezoneRespected;org.apache.commons.lang3.time.FastDatePrinterTest::testCalendarTimezoneRespected,1,60,LINE:BRANCH:EXCEPTION,default,offline,,,0,66.3,,,,,TOOL_ERROR,,,,,,,,,,False,False,TOOL_ERROR,EvoSuite produced no test files,EvoSuite/Result_Round1/Lang_8/budget60_seed1,EvoSuite/Result_Round1/Lang_8/budget60_seed1/run.log
Lang,9,SBST,EvoSuite,1.2.0,org.apache.commons.lang3.time.FastDateParser,org.apache.commons.lang3.time.FastDateFormat_ParserTest::testLANG_832;org.apache.commons.lang3.time.FastDateParserTest::testLANG_832,1,60,LINE:BRANCH:EXCEPTION,default,offline,,,51,77.3,0.7,2.2,103.5,SUCCESS,SUCCESS,90.22,81.44,77.0,75.0,51,0,51,23,test33(org.apache.commons.lang3.time.FastDateParser_ESTest);test31(org.apache.commons.lang3.time.FastDateParser_ESTest);test32(org.apache.commons.lang3.time.FastDateParser_ESTest);test28(org.apache.commons.lang3.time.FastDateParser_ESTest);test23(org.apache.commons.lang3.time.FastDateParser_ESTest),True,False,,,EvoSuite/Result_Round1/Lang_9/budget60_seed1,EvoSuite/Result_Round1/Lang_9/budget60_seed1/run.log
Lang,10,SBST,EvoSuite,1.2.0,org.apache.commons.lang3.time.FastDateParser,org.apache.commons.lang3.time.FastDateFormat_ParserTest::testLANG_831;org.apache.commons.lang3.time.FastDateParserTest::testLANG_831,1,60,LINE:BRANCH:EXCEPTION,default,offline,,,45,76.1,0.7,2.3,102.6,SUCCESS,SUCCESS,93.41,91.58,81.0,78.0,45,0,45,1,test35(org.apache.commons.lang3.time.FastDateParser_ESTest),True,False,,,EvoSuite/Result_Round1/Lang_10/budget60_seed1,EvoSuite/Result_Round1/Lang_10/budget60_seed1/run.log
Lang,11,SBST,EvoSuite,1.2.0,org.apache.commons.lang3.RandomStringUtils,org.apache.commons.lang3.RandomStringUtilsTest::testLANG807,1,60,LINE:BRANCH:EXCEPTION,default,offline,,,32,97.1,0.6,1.3,122.7,SUCCESS,SUCCESS,79.31,91.07,91.0,95.0,32,0,32,2,test25(org.apache.commons.lang3.RandomStringUtils_ESTest);test14(org.apache.commons.lang3.RandomStringUtils_ESTest),True,False,,,EvoSuite/Result_Round1/Lang_11/budget60_seed1,EvoSuite/Result_Round1/Lang_11/budget60_seed1/run.log
Lang,12,SBST,EvoSuite,1.2.0,org.apache.commons.lang3.RandomStringUtils,org.apache.commons.lang3.RandomStringUtilsTest::testExceptions;org.apache.commons.lang3.RandomStringUtilsTest::testLANG805,1,60,LINE:BRANCH:EXCEPTION,default,offline,,,34,107.7,0.7,1.4,134.6,SUCCESS,SUCCESS,75.0,88.89,89.0,94.0,34,0,34,3,test25(org.apache.commons.lang3.RandomStringUtils_ESTest);test06(org.apache.commons.lang3.RandomStringUtils_ESTest);test28(org.apache.commons.lang3.RandomStringUtils_ESTest),True,False,,,EvoSuite/Result_Round1/Lang_12/budget60_seed1,EvoSuite/Result_Round1/Lang_12/budget60_seed1/run.log
Lang,13,SBST,EvoSuite,1.2.0,org.apache.commons.lang3.SerializationUtils,org.apache.commons.lang3.SerializationUtilsTest::testPrimitiveTypeClassSerialization,1,60,LINE:BRANCH:EXCEPTION,default,offline,,,12,98.1,0.6,1.0,123.8,SUCCESS,SUCCESS,80.39,92.86,76.0,68.0,12,0,12,0,,False,False,,,EvoSuite/Result_Round1/Lang_13/budget60_seed1,EvoSuite/Result_Round1/Lang_13/budget60_seed1/run.log
Lang,14,SBST,EvoSuite,1.2.0,org.apache.commons.lang3.StringUtils,org.apache.commons.lang3.StringUtilsEqualsIndexOfTest::testEquals,1,60,LINE:BRANCH:EXCEPTION,default,offline,,,427,159.6,0.9,2.6,185.7,SUCCESS,SUCCESS,93.83,90.48,94.0,91.0,427,0,427,0,,False,False,,,EvoSuite/Result_Round1/Lang_14/budget60_seed1,EvoSuite/Result_Round1/Lang_14/budget60_seed1/run.log
Lang,15,SBST,EvoSuite,1.2.0,org.apache.commons.lang3.reflect.TypeUtils,org.apache.commons.lang3.reflect.TypeUtilsTest::testGetTypeArguments;org.apache.commons.lang3.reflect.TypeUtilsTest::testIsAssignable,1,60,LINE:BRANCH:EXCEPTION,default,offline,,,35,72.8,0.7,1.9,98.7,SUCCESS,SUCCESS,39.13,35.11,40.0,35.0,35,0,35,0,,False,False,,,EvoSuite/Result_Round1/Lang_15/budget60_seed1,EvoSuite/Result_Round1/Lang_15/budget60_seed1/run.log
Lang,16,SBST,EvoSuite,1.2.0,org.apache.commons.lang3.math.NumberUtils,org.apache.commons.lang3.math.NumberUtilsTest::testCreateNumber,1,60,LINE:BRANCH:EXCEPTION,default,offline,,,128,83.9,0.7,1.7,110.8,SUCCESS,SUCCESS,88.0,79.83,94.0,83.0,128,0,128,2,test103(org.apache.commons.lang3.math.NumberUtils_ESTest);test104(org.apache.commons.lang3.math.NumberUtils_ESTest),True,False,,,EvoSuite/Result_Round1/Lang_16/budget60_seed1,EvoSuite/Result_Round1/Lang_16/budget60_seed1/run.log
Lang,17,SBST,EvoSuite,1.2.0,org.apache.commons.lang3.text.translate.CharSequenceTranslator,org.apache.commons.lang3.StringEscapeUtilsTest::testLang720,1,60,LINE:BRANCH:EXCEPTION,default,offline,,,13,70.4,0.7,1.3,96.2,SUCCESS,SUCCESS,93.33,100.0,93.0,100.0,13,0,13,0,,False,False,,,EvoSuite/Result_Round1/Lang_17/budget60_seed1,EvoSuite/Result_Round1/Lang_17/budget60_seed1/run.log
Lang,19,SBST,EvoSuite,1.2.0,org.apache.commons.lang3.text.translate.NumericEntityUnescaper,org.apache.commons.lang3.text.translate.NumericEntityUnescaperTest::testUnfinishedEntity;org.apache.commons.lang3.text.translate.NumericEntityUnescaperTest::testOutOfBounds,1,60,LINE:BRANCH:EXCEPTION,default,offline,,,5,65.7,0.6,1.2,90.0,SUCCESS,SUCCESS,12.5,13.16,12.0,15.0,5,0,5,0,,False,False,,,EvoSuite/Result_Round1/Lang_19/budget60_seed1,EvoSuite/Result_Round1/Lang_19/budget60_seed1/run.log
Lang,20,SBST,EvoSuite,1.2.0,org.apache.commons.lang3.StringUtils,org.apache.commons.lang3.StringUtilsTest::testJoin_ArrayChar;org.apache.commons.lang3.StringUtilsTest::testJoin_Objectarray,1,60,LINE:BRANCH:EXCEPTION,default,offline,,,442,168.6,1.0,6.1,199.2,SUCCESS,SUCCESS,93.07,91.53,94.0,92.0,442,0,442,1,test236(org.apache.commons.lang3.StringUtils_ESTest),True,False,,,EvoSuite/Result_Round1/Lang_20/budget60_seed1,EvoSuite/Result_Round1/Lang_20/budget60_seed1/run.log
Lang,21,SBST,EvoSuite,1.2.0,org.apache.commons.lang3.time.DateUtils,org.apache.commons.lang3.time.DateUtilsTest::testIsSameLocalTime_Cal,1,60,LINE:BRANCH:EXCEPTION,default,offline,,,126,112.9,0.8,0.4,137.5,SUCCESS,RUNTIME_FAIL,,,99.0,95.0,1,1,1,1,initializationError(org.apache.commons.lang3.time.DateUtils_ESTest),False,False,JACOCO_NO_DATA,JaCoCo produced no coverage for target class,EvoSuite/Result_Round1/Lang_21/budget60_seed1,EvoSuite/Result_Round1/Lang_21/budget60_seed1/run.log
Lang,22,SBST,EvoSuite,1.2.0,org.apache.commons.lang3.math.Fraction,org.apache.commons.lang3.math.FractionTest::testReducedFactory_int_int;org.apache.commons.lang3.math.FractionTest::testReduce,1,60,LINE:BRANCH:EXCEPTION,default,offline,,,60,84.7,0.7,0.3,107.1,SUCCESS,RUNTIME_FAIL,,,97.0,91.0,1,1,1,1,initializationError(org.apache.commons.lang3.math.Fraction_ESTest),False,False,JACOCO_NO_DATA,JaCoCo produced no coverage for target class,EvoSuite/Result_Round1/Lang_22/budget60_seed1,EvoSuite/Result_Round1/Lang_22/budget60_seed1/run.log
Lang,23,SBST,EvoSuite,1.2.0,org.apache.commons.lang3.text.ExtendedMessageFormat,org.apache.commons.lang3.text.ExtendedMessageFormatTest::testEqualsHashcode,1,60,LINE:BRANCH:EXCEPTION,default,offline,,,28,70.4,0.6,0.5,93.5,SUCCESS,RUNTIME_FAIL,,,55.0,46.0,1,1,1,1,initializationError(org.apache.commons.lang3.text.ExtendedMessageFormat_ESTest),False,False,JACOCO_NO_DATA,JaCoCo produced no coverage for target class,EvoSuite/Result_Round1/Lang_23/budget60_seed1,EvoSuite/Result_Round1/Lang_23/budget60_seed1/run.log
Lang,24,SBST,EvoSuite,1.2.0,org.apache.commons.lang3.math.NumberUtils,org.apache.commons.lang3.math.NumberUtilsTest::testIsNumber,1,60,LINE:BRANCH:EXCEPTION,default,offline,,,132,83.7,0.7,0.4,106.4,SUCCESS,RUNTIME_FAIL,,,96.0,87.0,1,1,1,1,initializationError(org.apache.commons.lang3.math.NumberUtils_ESTest),False,False,JACOCO_NO_DATA,JaCoCo produced no coverage for target class,EvoSuite/Result_Round1/Lang_24/budget60_seed1,EvoSuite/Result_Round1/Lang_24/budget60_seed1/run.log
Lang,26,SBST,EvoSuite,1.2.0,org.apache.commons.lang3.time.FastDateFormat,org.apache.commons.lang3.time.FastDateFormatTest::testLang645,1,60,LINE:BRANCH:EXCEPTION,default,offline,,,0,66.2,,,,,TOOL_ERROR,,,,,,,,,,False,False,TOOL_ERROR,EvoSuite produced no test files,EvoSuite/Result_Round1/Lang_26/budget60_seed1,EvoSuite/Result_Round1/Lang_26/budget60_seed1/run.log
Lang,27,SBST,EvoSuite,1.2.0,org.apache.commons.lang3.math.NumberUtils,org.apache.commons.lang3.math.NumberUtilsTest::testCreateNumber,1,60,LINE:BRANCH:EXCEPTION,default,offline,,,127,84.4,0.7,0.4,107.7,SUCCESS,RUNTIME_FAIL,,,94.0,84.0,1,1,1,1,initializationError(org.apache.commons.lang3.math.NumberUtils_ESTest),False,False,JACOCO_NO_DATA,JaCoCo produced no coverage for target class,EvoSuite/Result_Round1/Lang_27/budget60_seed1,EvoSuite/Result_Round1/Lang_27/budget60_seed1/run.log
Lang,28,SBST,EvoSuite,1.2.0,org.apache.commons.lang3.text.translate.NumericEntityUnescaper,org.apache.commons.lang3.text.translate.NumericEntityUnescaperTest::testSupplementaryUnescaping,1,60,LINE:BRANCH:EXCEPTION,default,offline,,,5,65.8,0.6,0.3,88.9,SUCCESS,RUNTIME_FAIL,,,56.0,59.0,1,1,1,1,initializationError(org.apache.commons.lang3.text.translate.NumericEntityUnescaper_ESTest),False,False,JACOCO_NO_DATA,JaCoCo produced no coverage for target class,EvoSuite/Result_Round1/Lang_28/budget60_seed1,EvoSuite/Result_Round1/Lang_28/budget60_seed1/run.log
Lang,29,SBST,EvoSuite,1.2.0,org.apache.commons.lang3.SystemUtils,org.apache.commons.lang3.SystemUtilsTest::testJavaVersionAsInt,1,60,LINE:BRANCH:EXCEPTION,default,offline,,,29,69.8,0.6,0.3,93.1,SUCCESS,RUNTIME_FAIL,,,74.0,73.0,1,1,1,1,initializationError(org.apache.commons.lang3.SystemUtils_ESTest),False,False,JACOCO_NO_DATA,JaCoCo produced no coverage for target class,EvoSuite/Result_Round1/Lang_29/budget60_seed1,EvoSuite/Result_Round1/Lang_29/budget60_seed1/run.log
Lang,30,SBST,EvoSuite,1.2.0,org.apache.commons.lang3.StringUtils,org.apache.commons.lang3.StringUtilsEqualsIndexOfTest::testContainsNone_CharArrayWithSupplementaryChars;org.apache.commons.lang3.StringUtilsEqualsIndexOfTest::testContainsNone_StringWithSupplementaryChars;org.apache.commons.lang3.StringUtilsEqualsIndexOfTest::testContainsAny_StringCharArrayWithBadSupplementaryChars;org.apache.commons.lang3.StringUtilsEqualsIndexOfTest::testIndexOfAnyBut_StringStringWithSupplementaryChars;org.apache.commons.lang3.StringUtilsEqualsIndexOfTest::testContainsAny_StringWithBadSupplementaryChars;org.apache.commons.lang3.StringUtilsEqualsIndexOfTest::testIndexOfAny_StringCharArrayWithSupplementaryChars;org.apache.commons.lang3.StringUtilsEqualsIndexOfTest::testIndexOfAnyBut_StringCharArrayWithSupplementaryChars;org.apache.commons.lang3.StringUtilsEqualsIndexOfTest::testContainsNone_StringWithBadSupplementaryChars;org.apache.commons.lang3.StringUtilsEqualsIndexOfTest::testIndexOfAny_StringStringWithSupplementaryChars;org.apache.commons.lang3.StringUtilsEqualsIndexOfTest::testContainsNone_CharArrayWithBadSupplementaryChars,1,60,LINE:BRANCH:EXCEPTION,default,offline,,,419,194.3,0.9,0.5,217.4,SUCCESS,RUNTIME_FAIL,,,93.0,91.0,1,1,1,1,initializationError(org.apache.commons.lang3.StringUtils_ESTest),False,False,JACOCO_NO_DATA,JaCoCo produced no coverage for target class,EvoSuite/Result_Round1/Lang_30/budget60_seed1,EvoSuite/Result_Round1/Lang_30/budget60_seed1/run.log
Lang,31,SBST,EvoSuite,1.2.0,org.apache.commons.lang3.StringUtils,org.apache.commons.lang3.StringUtilsEqualsIndexOfTest::testContainsAnyCharArrayWithSupplementaryChars;org.apache.commons.lang3.StringUtilsEqualsIndexOfTest::testContainsAnyStringWithSupplementaryChars,1,60,LINE:BRANCH:EXCEPTION,default,offline,,,428,188.0,1.0,0.5,212.4,SUCCESS,RUNTIME_FAIL,,,95.0,95.0,1,1,1,1,initializationError(org.apache.commons.lang3.StringUtils_ESTest),False,False,JACOCO_NO_DATA,JaCoCo produced no coverage for target class,EvoSuite/Result_Round1/Lang_31/budget60_seed1,EvoSuite/Result_Round1/Lang_31/budget60_seed1/run.log
Lang,32,SBST,EvoSuite,1.2.0,org.apache.commons.lang3.builder.HashCodeBuilder,org.apache.commons.lang3.builder.HashCodeBuilderTest::testReflectionObjectCycle,1,60,LINE:BRANCH:EXCEPTION,default,offline,,,38,73.4,0.7,0.3,96.4,SUCCESS,RUNTIME_FAIL,,,90.0,86.0,1,1,1,1,initializationError(org.apache.commons.lang3.builder.HashCodeBuilder_ESTest),False,False,JACOCO_NO_DATA,JaCoCo produced no coverage for target class,EvoSuite/Result_Round1/Lang_32/budget60_seed1,EvoSuite/Result_Round1/Lang_32/budget60_seed1/run.log
Lang,33,SBST,EvoSuite,1.2.0,org.apache.commons.lang3.ClassUtils,org.apache.commons.lang3.ClassUtilsTest::testToClass_object,1,60,LINE:BRANCH:EXCEPTION,default,offline,,,65,76.0,0.7,0.3,99.0,SUCCESS,RUNTIME_FAIL,,,76.0,67.0,1,1,1,1,initializationError(org.apache.commons.lang3.ClassUtils_ESTest),False,False,JACOCO_NO_DATA,JaCoCo produced no coverage for target class,EvoSuite/Result_Round1/Lang_33/budget60_seed1,EvoSuite/Result_Round1/Lang_33/budget60_seed1/run.log
Lang,34,SBST,EvoSuite,1.2.0,org.apache.commons.lang3.builder.ToStringStyle,org.apache.commons.lang3.builder.ToStringBuilderTest::testObjectCycle;org.apache.commons.lang3.builder.ToStringBuilderTest::testReflectionHierarchy;org.apache.commons.lang3.builder.ToStringBuilderTest::testSelfInstanceTwoVarsReflectionObjectCycle;org.apache.commons.lang3.builder.ToStringBuilderTest::testReflectionArrayCycle;org.apache.commons.lang3.builder.ToStringBuilderTest::testReflectionLongArrayArray;org.apache.commons.lang3.builder.ToStringBuilderTest::testReflectionArrayArrayCycle;org.apache.commons.lang3.builder.ToStringBuilderTest::testReflectionFloatArray;org.apache.commons.lang3.builder.ToStringBuilderTest::testReflectionDoubleArrayArray;org.apache.commons.lang3.builder.ToStringBuilderTest::testReflectionBooleanArray;org.apache.commons.lang3.builder.ToStringBuilderTest::testReflectionyteArray;org.apache.commons.lang3.builder.ToStringBuilderTest::testReflectionDoubleArray;org.apache.commons.lang3.builder.ToStringBuilderTest::testReflectionIntArrayArray;org.apache.commons.lang3.builder.ToStringBuilderTest::testReflectionLongArray;org.apache.commons.lang3.builder.ToStringBuilderTest::testReflectionhortArrayArray;org.apache.commons.lang3.builder.ToStringBuilderTest::testReflectionObjectArray;org.apache.commons.lang3.builder.ToStringBuilderTest::testReflectionObjectCycle;org.apache.commons.lang3.builder.ToStringBuilderTest::testReflectionBooleanArrayArray;org.apache.commons.lang3.builder.ToStringBuilderTest::testSimpleReflectionObjectCycle;org.apache.commons.lang3.builder.ToStringBuilderTest::testReflectionByteArrayArray;org.apache.commons.lang3.builder.ToStringBuilderTest::testReflectionArrayCycleLevel2;org.apache.commons.lang3.builder.ToStringBuilderTest::testReflectionArrayAndObjectCycle;org.apache.commons.lang3.builder.ToStringBuilderTest::testReflectionCharArrayArray;org.apache.commons.lang3.builder.ToStringBuilderTest::testReflectionShortArray;org.apache.commons.lang3.builder.ToStringBuilderTest::testSelfInstanceVarReflectionObjectCycle;org.apache.commons.lang3.builder.ToStringBuilderTest::testReflectionIntArray;org.apache.commons.lang3.builder.ToStringBuilderTest::testReflectionCharArray;org.apache.commons.lang3.builder.ToStringBuilderTest::testReflectionFloatArrayArray,1,60,LINE:BRANCH:EXCEPTION,default,offline,,,170,91.0,1.0,0.4,115.2,SUCCESS,RUNTIME_FAIL,,,86.0,82.0,1,1,1,1,initializationError(org.apache.commons.lang3.builder.ToStringStyle_ESTest),False,False,JACOCO_NO_DATA,JaCoCo produced no coverage for target class,EvoSuite/Result_Round1/Lang_34/budget60_seed1,EvoSuite/Result_Round1/Lang_34/budget60_seed1/run.log
Lang,35,SBST,EvoSuite,1.2.0,org.apache.commons.lang3.ArrayUtils,org.apache.commons.lang3.ArrayUtilsAddTest::testLANG571,1,60,LINE:BRANCH:EXCEPTION,default,offline,,,363,120.9,1.1,0.4,144.5,SUCCESS,RUNTIME_FAIL,,,99.0,97.0,1,1,1,1,initializationError(org.apache.commons.lang3.ArrayUtils_ESTest),False,False,JACOCO_NO_DATA,JaCoCo produced no coverage for target class,EvoSuite/Result_Round1/Lang_35/budget60_seed1,EvoSuite/Result_Round1/Lang_35/budget60_seed1/run.log
Lang,36,SBST,EvoSuite,1.2.0,org.apache.commons.lang3.math.NumberUtils,org.apache.commons.lang3.math.NumberUtilsTest::testCreateNumber;org.apache.commons.lang3.math.NumberUtilsTest::testIsNumber,1,60,LINE:BRANCH:EXCEPTION,default,offline,,,128,84.3,0.8,0.4,108.4,SUCCESS,RUNTIME_FAIL,,,94.0,84.0,1,1,1,1,initializationError(org.apache.commons.lang3.math.NumberUtils_ESTest),False,False,JACOCO_NO_DATA,JaCoCo produced no coverage for target class,EvoSuite/Result_Round1/Lang_36/budget60_seed1,EvoSuite/Result_Round1/Lang_36/budget60_seed1/run.log
Lang,37,SBST,EvoSuite,1.2.0,org.apache.commons.lang3.ArrayUtils,org.apache.commons.lang3.ArrayUtilsAddTest::testJira567,1,60,LINE:BRANCH:EXCEPTION,default,offline,,,366,120.8,1.0,0.4,144.4,SUCCESS,RUNTIME_FAIL,,,99.0,97.0,1,1,1,1,initializationError(org.apache.commons.lang3.ArrayUtils_ESTest),False,False,JACOCO_NO_DATA,JaCoCo produced no coverage for target class,EvoSuite/Result_Round1/Lang_37/budget60_seed1,EvoSuite/Result_Round1/Lang_37/budget60_seed1/run.log
Lang,38,SBST,EvoSuite,1.2.0,org.apache.commons.lang3.time.FastDateFormat,org.apache.commons.lang3.time.FastDateFormatTest::testLang538,1,60,LINE:BRANCH:EXCEPTION,default,offline,,,0,66.7,,,,,TOOL_ERROR,,,,,,,,,,False,False,TOOL_ERROR,EvoSuite produced no test files,EvoSuite/Result_Round1/Lang_38/budget60_seed1,EvoSuite/Result_Round1/Lang_38/budget60_seed1/run.log
Lang,39,SBST,EvoSuite,1.2.0,org.apache.commons.lang3.StringUtils,org.apache.commons.lang3.StringUtilsTest::testReplace_StringStringArrayStringArray,1,60,LINE:BRANCH:EXCEPTION,default,offline,,,402,148.8,1.0,0.4,172.4,SUCCESS,RUNTIME_FAIL,,,93.0,94.0,1,1,1,1,initializationError(org.apache.commons.lang3.StringUtils_ESTest),False,False,JACOCO_NO_DATA,JaCoCo produced no coverage for target class,EvoSuite/Result_Round1/Lang_39/budget60_seed1,EvoSuite/Result_Round1/Lang_39/budget60_seed1/run.log
Lang,40,SBST,EvoSuite,1.2.0,org.apache.commons.lang.StringUtils,org.apache.commons.lang.StringUtilsEqualsIndexOfTest::testContainsIgnoreCase_LocaleIndependence,1,60,LINE:BRANCH:EXCEPTION,default,offline,,,392,183.0,0.9,0.4,205.9,SUCCESS,RUNTIME_FAIL,,,97.0,95.0,1,1,1,1,initializationError(org.apache.commons.lang.StringUtils_ESTest),False,False,JACOCO_NO_DATA,JaCoCo produced no coverage for target class,EvoSuite/Result_Round1/Lang_40/budget60_seed1,EvoSuite/Result_Round1/Lang_40/budget60_seed1/run.log
Lang,41,SBST,EvoSuite,1.2.0,org.apache.commons.lang.ClassUtils,org.apache.commons.lang.ClassUtilsTest::test_getShortClassName_Class;org.apache.commons.lang.ClassUtilsTest::test_getPackageName_Class,1,60,LINE:BRANCH:EXCEPTION,default,offline,,,64,77.5,0.8,0.4,100.5,SUCCESS,RUNTIME_FAIL,,,76.0,65.0,1,1,1,1,initializationError(org.apache.commons.lang.ClassUtils_ESTest),False,False,JACOCO_NO_DATA,JaCoCo produced no coverage for target class,EvoSuite/Result_Round1/Lang_41/budget60_seed1,EvoSuite/Result_Round1/Lang_41/budget60_seed1/run.log
Lang,42,SBST,EvoSuite,1.2.0,org.apache.commons.lang.Entities,org.apache.commons.lang.StringEscapeUtilsTest::testEscapeHtmlHighUnicode,1,60,LINE:BRANCH:EXCEPTION,default,offline,,,34,78.8,0.7,1.3,105.3,SUCCESS,SUCCESS,78.7,71.05,89.0,84.0,33,0,33,0,,False,False,,,EvoSuite/Result_Round1/Lang_42/budget60_seed1,EvoSuite/Result_Round1/Lang_42/budget60_seed1/run.log
Lang,43,SBST,EvoSuite,1.2.0,org.apache.commons.lang.text.ExtendedMessageFormat,org.apache.commons.lang.text.ExtendedMessageFormatTest::testEscapedQuote_LANG_477,1,60,LINE:BRANCH:EXCEPTION,default,offline,,,23,69.7,0.7,1.3,95.6,SUCCESS,SUCCESS,56.29,43.43,56.0,48.0,23,0,23,0,,False,False,,,EvoSuite/Result_Round1/Lang_43/budget60_seed1,EvoSuite/Result_Round1/Lang_43/budget60_seed1/run.log
Lang,44,SBST,EvoSuite,1.2.0,org.apache.commons.lang.NumberUtils,org.apache.commons.lang.NumberUtilsTest::testLang457,1,60,LINE:BRANCH:EXCEPTION,default,offline,,,69,73.9,0.6,1.3,98.6,SUCCESS,SUCCESS,81.25,72.27,87.0,74.0,69,0,69,0,,False,False,,,EvoSuite/Result_Round1/Lang_44/budget60_seed1,EvoSuite/Result_Round1/Lang_44/budget60_seed1/run.log
Lang,45,SBST,EvoSuite,1.2.0,org.apache.commons.lang.WordUtils,org.apache.commons.lang.WordUtilsTest::testAbbreviate,1,60,LINE:BRANCH:EXCEPTION,default,offline,,,34,71.3,0.6,1.3,95.4,SUCCESS,SUCCESS,99.29,99.04,99.0,99.0,34,0,34,1,test05(org.apache.commons.lang.WordUtils_ESTest),True,False,,,EvoSuite/Result_Round1/Lang_45/budget60_seed1,EvoSuite/Result_Round1/Lang_45/budget60_seed1/run.log
Lang,46,SBST,EvoSuite,1.2.0,org.apache.commons.lang.StringEscapeUtils,org.apache.commons.lang.StringEscapeUtilsTest::testEscapeJavaWithSlash,1,60,LINE:BRANCH:EXCEPTION,default,offline,,,49,71.7,0.6,1.4,96.0,SUCCESS,SUCCESS,69.82,79.82,70.0,82.0,49,0,49,0,,False,False,,,EvoSuite/Result_Round1/Lang_46/budget60_seed1,EvoSuite/Result_Round1/Lang_46/budget60_seed1/run.log
Lang,47,SBST,EvoSuite,1.2.0,org.apache.commons.lang.text.StrBuilder,org.apache.commons.lang.text.StrBuilderTest::testLang412Left;org.apache.commons.lang.text.StrBuilderTest::testLang412Right,1,60,LINE:BRANCH:EXCEPTION,default,offline,,,254,145.5,1.1,2.2,171.7,SUCCESS,SUCCESS,98.76,99.57,100.0,100.0,254,0,254,4,test105(org.apache.commons.lang.text.StrBuilder_ESTest);test174(org.apache.commons.lang.text.StrBuilder_ESTest);test017(org.apache.commons.lang.text.StrBuilder_ESTest);test138(org.apache.commons.lang.text.StrBuilder_ESTest),True,False,,,EvoSuite/Result_Round1/Lang_47/budget60_seed1,EvoSuite/Result_Round1/Lang_47/budget60_seed1/run.log
Lang,49,SBST,EvoSuite,1.2.0,org.apache.commons.lang.math.Fraction,org.apache.commons.lang.math.FractionTest::testReduce,1,60,LINE:BRANCH:EXCEPTION,default,offline,,,64,81.2,0.7,1.5,106.7,SUCCESS,SUCCESS,96.76,90.43,98.0,93.0,64,0,64,1,test39(org.apache.commons.lang.math.Fraction_ESTest),True,False,,,EvoSuite/Result_Round1/Lang_49/budget60_seed1,EvoSuite/Result_Round1/Lang_49/budget60_seed1/run.log
Lang,50,SBST,EvoSuite,1.2.0,org.apache.commons.lang.time.FastDateFormat,org.apache.commons.lang.time.FastDateFormatTest::test_changeDefault_Locale_DateInstance;org.apache.commons.lang.time.FastDateFormatTest::test_changeDefault_Locale_DateTimeInstance,1,60,LINE:BRANCH:EXCEPTION,default,offline,,,0,66.9,,,,,TOOL_ERROR,,,,,,,,,,False,False,TOOL_ERROR,EvoSuite produced no test files,EvoSuite/Result_Round1/Lang_50/budget60_seed1,EvoSuite/Result_Round1/Lang_50/budget60_seed1/run.log
Lang,51,SBST,EvoSuite,1.2.0,org.apache.commons.lang.BooleanUtils,org.apache.commons.lang.BooleanUtilsTest::test_toBoolean_String,1,60,LINE:BRANCH:EXCEPTION,default,offline,,,104,76.5,0.7,1.4,101.8,SUCCESS,SUCCESS,99.42,86.79,98.0,88.0,104,0,104,0,,False,False,,,EvoSuite/Result_Round1/Lang_51/budget60_seed1,EvoSuite/Result_Round1/Lang_51/budget60_seed1/run.log
Lang,52,SBST,EvoSuite,1.2.0,org.apache.commons.lang.StringEscapeUtils,org.apache.commons.lang.StringEscapeUtilsTest::testEscapeJavaScript,1,60,LINE:BRANCH:EXCEPTION,default,offline,,,40,71.5,0.6,1.7,97.2,SUCCESS,SUCCESS,65.73,74.12,66.0,72.0,40,0,40,1,test31(org.apache.commons.lang.StringEscapeUtils_ESTest),True,False,,,EvoSuite/Result_Round1/Lang_52/budget60_seed1,EvoSuite/Result_Round1/Lang_52/budget60_seed1/run.log
Lang,53,SBST,EvoSuite,1.2.0,org.apache.commons.lang.time.DateUtils,org.apache.commons.lang.time.DateUtilsTest::testRoundLang346,1,60,LINE:BRANCH:EXCEPTION,default,offline,,,76,85.5,0.8,1.8,111.4,SUCCESS,SUCCESS,94.66,95.38,98.0,96.0,76,0,76,0,,False,False,,,EvoSuite/Result_Round1/Lang_53/budget60_seed1,EvoSuite/Result_Round1/Lang_53/budget60_seed1/run.log
Lang,54,SBST,EvoSuite,1.2.0,org.apache.commons.lang.LocaleUtils,org.apache.commons.lang.LocaleUtilsTest::testLang328,1,60,LINE:BRANCH:EXCEPTION,default,offline,,,20,69.1,0.6,1.2,92.8,SUCCESS,SUCCESS,97.53,95.45,97.0,96.0,20,0,20,1,test12(org.apache.commons.lang.LocaleUtils_ESTest),True,False,,,EvoSuite/Result_Round1/Lang_54/budget60_seed1,EvoSuite/Result_Round1/Lang_54/budget60_seed1/run.log
Lang,55,SBST,EvoSuite,1.2.0,org.apache.commons.lang.time.StopWatch,org.apache.commons.lang.time.StopWatchTest::testLang315,1,60,LINE:BRANCH:EXCEPTION,default,offline,,,18,67.5,0.6,1.2,91.8,SUCCESS,SUCCESS,96.55,96.43,98.0,97.0,18,0,18,0,,False,False,,,EvoSuite/Result_Round1/Lang_55/budget60_seed1,EvoSuite/Result_Round1/Lang_55/budget60_seed1/run.log
Lang,56,SBST,EvoSuite,1.2.0,org.apache.commons.lang.time.FastDateFormat,org.apache.commons.lang.time.FastDateFormatTest::testLang303,1,60,LINE:BRANCH:EXCEPTION,default,offline,,,0,67.1,,,,,TOOL_ERROR,,,,,,,,,,False,False,TOOL_ERROR,EvoSuite produced no test files,EvoSuite/Result_Round1/Lang_56/budget60_seed1,EvoSuite/Result_Round1/Lang_56/budget60_seed1/run.log
Lang,57,SBST,EvoSuite,1.2.0,org.apache.commons.lang.LocaleUtils,org.apache.commons.lang.LocaleUtilsTest::testAvailableLocaleSet;org.apache.commons.lang.LocaleUtilsTest::testIsAvailableLocale;org.apache.commons.lang.LocaleUtilsTest::testAvailableLocaleList;org.apache.commons.lang.LocaleUtilsTest::testCountriesByLanguage;org.apache.commons.lang.LocaleUtilsTest::testLocaleLookupList_LocaleLocale;org.apache.commons.lang.LocaleUtilsTest::testLanguagesByCountry;org.apache.commons.lang.LocaleUtilsTest::testToLocale_1Part;org.apache.commons.lang.LocaleUtilsTest::testToLocale_2Part;org.apache.commons.lang.LocaleUtilsTest::testToLocale_3Part;org.apache.commons.lang.LocaleUtilsTest::testLocaleLookupList_Locale;org.apache.commons.lang.LocaleUtilsTest::testConstructor,1,60,LINE:BRANCH:EXCEPTION,default,offline,,,20,69.2,0.6,1.2,93.5,SUCCESS,SUCCESS,97.47,95.31,97.0,96.0,20,0,20,2,test05(org.apache.commons.lang.LocaleUtils_ESTest);test04(org.apache.commons.lang.LocaleUtils_ESTest),True,False,,,EvoSuite/Result_Round1/Lang_57/budget60_seed1,EvoSuite/Result_Round1/Lang_57/budget60_seed1/run.log
Lang,58,SBST,EvoSuite,1.2.0,org.apache.commons.lang.math.NumberUtils,org.apache.commons.lang.math.NumberUtilsTest::testLang300,1,60,LINE:BRANCH:EXCEPTION,default,offline,,,154,87.1,0.8,1.6,111.6,SUCCESS,SUCCESS,90.32,85.48,94.0,87.0,154,0,154,0,,False,False,,,EvoSuite/Result_Round1/Lang_58/budget60_seed1,EvoSuite/Result_Round1/Lang_58/budget60_seed1/run.log
Lang,59,SBST,EvoSuite,1.2.0,org.apache.commons.lang.text.StrBuilder,org.apache.commons.lang.text.StrBuilderAppendInsertTest::testLang299,1,60,LINE:BRANCH:EXCEPTION,default,offline,,,254,170.2,1.0,2.3,196.0,SUCCESS,SUCCESS,97.84,98.85,99.0,99.0,254,0,254,1,test126(org.apache.commons.lang.text.StrBuilder_ESTest),True,False,,,EvoSuite/Result_Round1/Lang_59/budget60_seed1,EvoSuite/Result_Round1/Lang_59/budget60_seed1/run.log
Lang,60,SBST,EvoSuite,1.2.0,org.apache.commons.lang.text.StrBuilder,org.apache.commons.lang.text.StrBuilderTest::testLang295,1,60,LINE:BRANCH:EXCEPTION,default,offline,,,250,183.0,1.0,2.2,209.0,SUCCESS,SUCCESS,98.67,99.77,100.0,100.0,250,0,250,0,,False,False,,,EvoSuite/Result_Round1/Lang_60/budget60_seed1,EvoSuite/Result_Round1/Lang_60/budget60_seed1/run.log
Lang,61,SBST,EvoSuite,1.2.0,org.apache.commons.lang.text.StrBuilder,org.apache.commons.lang.text.StrBuilderTest::testIndexOfLang294;org.apache.commons.lang.text.StrBuilderTest::testLang294,1,60,LINE:BRANCH:EXCEPTION,default,offline,,,251,178.8,1.0,2.8,205.6,SUCCESS,SUCCESS,98.67,99.31,100.0,99.0,251,0,251,2,test109(org.apache.commons.lang.text.StrBuilder_ESTest);test021(org.apache.commons.lang.text.StrBuilder_ESTest),True,False,,,EvoSuite/Result_Round1/Lang_61/budget60_seed1,EvoSuite/Result_Round1/Lang_61/budget60_seed1/run.log
Lang,62,SBST,EvoSuite,1.2.0,org.apache.commons.lang.Entities,org.apache.commons.lang.EntitiesTest::testNumberOverflow,1,60,LINE:BRANCH:EXCEPTION,default,offline,,,34,76.8,0.6,1.3,103.1,SUCCESS,SUCCESS,74.13,67.19,84.0,79.0,34,0,34,0,,False,False,,,EvoSuite/Result_Round1/Lang_62/budget60_seed1,EvoSuite/Result_Round1/Lang_62/budget60_seed1/run.log
Lang,63,SBST,EvoSuite,1.2.0,org.apache.commons.lang.time.DurationFormatUtils,org.apache.commons.lang.time.DurationFormatUtilsTest::testJiraLang281,1,60,LINE:BRANCH:EXCEPTION,default,offline,,,24,87.8,0.6,1.3,112.1,SUCCESS,SUCCESS,92.31,90.6,92.0,91.0,24,0,24,0,,False,False,,,EvoSuite/Result_Round1/Lang_63/budget60_seed1,EvoSuite/Result_Round1/Lang_63/budget60_seed1/run.log
Lang,64,SBST,EvoSuite,1.2.0,org.apache.commons.lang.enums.ValuedEnum,org.apache.commons.lang.enums.ValuedEnumTest::testCompareTo_otherEnumType,1,60,LINE:BRANCH:EXCEPTION,default,offline,,,2,64.6,0.6,1.0,88.8,SUCCESS,SUCCESS,6.06,7.14,9.0,12.0,2,0,2,0,,False,False,,,EvoSuite/Result_Round1/Lang_64/budget60_seed1,EvoSuite/Result_Round1/Lang_64/budget60_seed1/run.log
Lang,65,SBST,EvoSuite,1.2.0,org.apache.commons.lang.time.DateUtils,org.apache.commons.lang.time.DateUtilsTest::testTruncateLang59,1,60,LINE:BRANCH:EXCEPTION,default,offline,,,83,96.9,0.7,1.4,120.5,SUCCESS,SUCCESS,95.15,97.11,100.0,98.0,83,0,83,3,test29(org.apache.commons.lang.time.DateUtils_ESTest);test33(org.apache.commons.lang.time.DateUtils_ESTest);test34(org.apache.commons.lang.time.DateUtils_ESTest),True,False,,,EvoSuite/Result_Round1/Lang_65/budget60_seed1,EvoSuite/Result_Round1/Lang_65/budget60_seed1/run.log
Lang,3,SBST,EvoSuite,1.2.0,org.apache.commons.lang3.math.NumberUtils,org.apache.commons.lang3.math.NumberUtilsTest::testStringCreateNumberEnsureNoPrecisionLoss,1,120,LINE:BRANCH:EXCEPTION,default,offline,,,124,144.3,0.7,1.5,151.7,SUCCESS,SUCCESS,91.2,86.09,96.0,88.0,124,0,124,0,,False,False,,,EvoSuite/Result_Round2/Lang_3/budget120_seed1,EvoSuite/Result_Round2/Lang_3/budget120_seed1/run.log
Lang,4,SBST,EvoSuite,1.2.0,org.apache.commons.lang3.text.translate.LookupTranslator,org.apache.commons.lang3.text.translate.LookupTranslatorTest::testLang882,1,120,LINE:BRANCH:EXCEPTION,default,offline,,,8,6.9,0.6,1.2,13.8,SUCCESS,SUCCESS,100.0,100.0,100.0,100.0,8,0,8,1,test1(org.apache.commons.lang3.text.translate.LookupTranslator_ESTest),True,False,,,EvoSuite/Result_Round2/Lang_4/budget120_seed1,EvoSuite/Result_Round2/Lang_4/budget120_seed1/run.log
Lang,5,SBST,EvoSuite,1.2.0,org.apache.commons.lang3.LocaleUtils,org.apache.commons.lang3.LocaleUtilsTest::testLang865,1,120,LINE:BRANCH:EXCEPTION,default,offline,,,29,130.0,0.8,1.5,137.7,SUCCESS,SUCCESS,96.7,91.43,82.0,81.0,29,0,29,1,test21(org.apache.commons.lang3.LocaleUtils_ESTest),True,False,,,EvoSuite/Result_Round2/Lang_5/budget120_seed1,EvoSuite/Result_Round2/Lang_5/budget120_seed1/run.log
Lang,6,SBST,EvoSuite,1.2.0,org.apache.commons.lang3.text.translate.CharSequenceTranslator,org.apache.commons.lang3.StringUtilsTest::testEscapeSurrogatePairs,1,120,LINE:BRANCH:EXCEPTION,default,offline,,,13,131.8,0.6,1.3,139.5,SUCCESS,SUCCESS,93.33,100.0,93.0,100.0,13,0,13,0,,False,False,,,EvoSuite/Result_Round2/Lang_6/budget120_seed1,EvoSuite/Result_Round2/Lang_6/budget120_seed1/run.log
Lang,7,SBST,EvoSuite,1.2.0,org.apache.commons.lang3.math.NumberUtils,org.apache.commons.lang3.math.NumberUtilsTest::testCreateNumber,1,120,LINE:BRANCH:EXCEPTION,default,offline,,,132,145.1,0.7,1.7,152.5,SUCCESS,SUCCESS,90.0,83.33,95.0,86.0,132,0,132,1,test088(org.apache.commons.lang3.math.NumberUtils_ESTest),True,False,,,EvoSuite/Result_Round2/Lang_7/budget120_seed1,EvoSuite/Result_Round2/Lang_7/budget120_seed1/run.log
Lang,8,SBST,EvoSuite,1.2.0,org.apache.commons.lang3.time.FastDatePrinter,org.apache.commons.lang3.time.FastDateFormat_PrinterTest::testCalendarTimezoneRespected;org.apache.commons.lang3.time.FastDatePrinterTest::testCalendarTimezoneRespected,1,120,LINE:BRANCH:EXCEPTION,default,offline,,,0,127.1,,,,,TOOL_ERROR,,,,,,,,,,False,False,TOOL_ERROR,EvoSuite produced no test files,EvoSuite/Result_Round2/Lang_8/budget120_seed1,EvoSuite/Result_Round2/Lang_8/budget120_seed1/run.log
Lang,9,SBST,EvoSuite,1.2.0,org.apache.commons.lang3.time.FastDateParser,org.apache.commons.lang3.time.FastDateFormat_ParserTest::testLANG_832;org.apache.commons.lang3.time.FastDateParserTest::testLANG_832,1,120,LINE:BRANCH:EXCEPTION,default,offline,,,53,135.9,0.7,2.3,144.3,SUCCESS,SUCCESS,91.3,85.57,78.0,76.0,53,0,53,22,test33(org.apache.commons.lang3.time.FastDateParser_ESTest);test32(org.apache.commons.lang3.time.FastDateParser_ESTest);test28(org.apache.commons.lang3.time.FastDateParser_ESTest);test23(org.apache.commons.lang3.time.FastDateParser_ESTest);test21(org.apache.commons.lang3.time.FastDateParser_ESTest),True,False,,,EvoSuite/Result_Round2/Lang_9/budget120_seed1,EvoSuite/Result_Round2/Lang_9/budget120_seed1/run.log
Lang,10,SBST,EvoSuite,1.2.0,org.apache.commons.lang3.time.FastDateParser,org.apache.commons.lang3.time.FastDateFormat_ParserTest::testLANG_831;org.apache.commons.lang3.time.FastDateParserTest::testLANG_831,1,120,LINE:BRANCH:EXCEPTION,default,offline,,,45,138.0,0.7,2.8,146.4,SUCCESS,SUCCESS,93.41,90.53,81.0,78.0,45,0,45,1,test34(org.apache.commons.lang3.time.FastDateParser_ESTest),True,False,,,EvoSuite/Result_Round2/Lang_10/budget120_seed1,EvoSuite/Result_Round2/Lang_10/budget120_seed1/run.log
Lang,11,SBST,EvoSuite,1.2.0,org.apache.commons.lang3.RandomStringUtils,org.apache.commons.lang3.RandomStringUtilsTest::testLANG807,1,120,LINE:BRANCH:EXCEPTION,default,offline,,,32,161.0,0.6,1.3,167.9,SUCCESS,SUCCESS,84.48,96.43,100.0,100.0,32,0,32,2,test25(org.apache.commons.lang3.RandomStringUtils_ESTest);test13(org.apache.commons.lang3.RandomStringUtils_ESTest),True,False,,,EvoSuite/Result_Round2/Lang_11/budget120_seed1,EvoSuite/Result_Round2/Lang_11/budget120_seed1/run.log
Lang,12,SBST,EvoSuite,1.2.0,org.apache.commons.lang3.RandomStringUtils,org.apache.commons.lang3.RandomStringUtilsTest::testExceptions;org.apache.commons.lang3.RandomStringUtilsTest::testLANG805,1,120,LINE:BRANCH:EXCEPTION,default,offline,,,35,105.9,0.7,1.3,113.0,SUCCESS,SUCCESS,85.71,96.3,100.0,100.0,35,0,35,3,test26(org.apache.commons.lang3.RandomStringUtils_ESTest);test29(org.apache.commons.lang3.RandomStringUtils_ESTest);test06(org.apache.commons.lang3.RandomStringUtils_ESTest),True,False,,,EvoSuite/Result_Round2/Lang_12/budget120_seed1,EvoSuite/Result_Round2/Lang_12/budget120_seed1/run.log
Lang,13,SBST,EvoSuite,1.2.0,org.apache.commons.lang3.SerializationUtils,org.apache.commons.lang3.SerializationUtilsTest::testPrimitiveTypeClassSerialization,1,120,LINE:BRANCH:EXCEPTION,default,offline,,,15,128.7,0.6,1.6,136.0,SUCCESS,SUCCESS,80.39,92.86,76.0,68.0,15,0,15,0,,False,False,,,EvoSuite/Result_Round2/Lang_13/budget120_seed1,EvoSuite/Result_Round2/Lang_13/budget120_seed1/run.log
Lang,14,SBST,EvoSuite,1.2.0,org.apache.commons.lang3.StringUtils,org.apache.commons.lang3.StringUtilsEqualsIndexOfTest::testEquals,1,120,LINE:BRANCH:EXCEPTION,default,offline,,,446,252.6,1.0,5.2,263.9,SUCCESS,SUCCESS,94.62,91.79,95.0,93.0,446,0,446,0,,False,False,,,EvoSuite/Result_Round2/Lang_14/budget120_seed1,EvoSuite/Result_Round2/Lang_14/budget120_seed1/run.log
Lang,15,SBST,EvoSuite,1.2.0,org.apache.commons.lang3.reflect.TypeUtils,org.apache.commons.lang3.reflect.TypeUtilsTest::testGetTypeArguments;org.apache.commons.lang3.reflect.TypeUtilsTest::testIsAssignable,1,120,LINE:BRANCH:EXCEPTION,default,offline,,,35,132.2,0.7,1.9,139.9,SUCCESS,SUCCESS,41.14,37.23,41.0,37.0,35,0,35,0,,False,False,,,EvoSuite/Result_Round2/Lang_15/budget120_seed1,EvoSuite/Result_Round2/Lang_15/budget120_seed1/run.log
Lang,16,SBST,EvoSuite,1.2.0,org.apache.commons.lang3.math.NumberUtils,org.apache.commons.lang3.math.NumberUtilsTest::testCreateNumber,1,120,LINE:BRANCH:EXCEPTION,default,offline,,,130,144.4,0.7,1.6,151.8,SUCCESS,SUCCESS,88.53,81.77,94.0,84.0,130,0,130,2,test107(org.apache.commons.lang3.math.NumberUtils_ESTest);test106(org.apache.commons.lang3.math.NumberUtils_ESTest),True,False,,,EvoSuite/Result_Round2/Lang_16/budget120_seed1,EvoSuite/Result_Round2/Lang_16/budget120_seed1/run.log
Lang,17,SBST,EvoSuite,1.2.0,org.apache.commons.lang3.text.translate.CharSequenceTranslator,org.apache.commons.lang3.StringEscapeUtilsTest::testLang720,1,120,LINE:BRANCH:EXCEPTION,default,offline,,,14,131.0,0.6,1.3,138.0,SUCCESS,SUCCESS,93.33,100.0,93.0,100.0,14,0,14,0,,False,False,,,EvoSuite/Result_Round2/Lang_17/budget120_seed1,EvoSuite/Result_Round2/Lang_17/budget120_seed1/run.log
Lang,19,SBST,EvoSuite,1.2.0,org.apache.commons.lang3.text.translate.NumericEntityUnescaper,org.apache.commons.lang3.text.translate.NumericEntityUnescaperTest::testUnfinishedEntity;org.apache.commons.lang3.text.translate.NumericEntityUnescaperTest::testOutOfBounds,1,120,LINE:BRANCH:EXCEPTION,default,offline,,,12,127.5,0.6,1.2,134.6,SUCCESS,SUCCESS,84.38,89.47,88.0,90.0,12,0,12,7,test05(org.apache.commons.lang3.text.translate.NumericEntityUnescaper_ESTest);test04(org.apache.commons.lang3.text.translate.NumericEntityUnescaper_ESTest);test03(org.apache.commons.lang3.text.translate.NumericEntityUnescaper_ESTest);test09(org.apache.commons.lang3.text.translate.NumericEntityUnescaper_ESTest);test08(org.apache.commons.lang3.text.translate.NumericEntityUnescaper_ESTest),True,False,,,EvoSuite/Result_Round2/Lang_19/budget120_seed1,EvoSuite/Result_Round2/Lang_19/budget120_seed1/run.log
Lang,20,SBST,EvoSuite,1.2.0,org.apache.commons.lang3.StringUtils,org.apache.commons.lang3.StringUtilsTest::testJoin_ArrayChar;org.apache.commons.lang3.StringUtilsTest::testJoin_Objectarray,1,120,LINE:BRANCH:EXCEPTION,default,offline,,,450,247.3,1.0,2.8,256.1,SUCCESS,SUCCESS,94.61,93.8,96.0,94.0,450,0,450,1,test240(org.apache.commons.lang3.StringUtils_ESTest),True,False,,,EvoSuite/Result_Round2/Lang_20/budget120_seed1,EvoSuite/Result_Round2/Lang_20/budget120_seed1/run.log
Lang,21,SBST,EvoSuite,1.2.0,org.apache.commons.lang3.time.DateUtils,org.apache.commons.lang3.time.DateUtilsTest::testIsSameLocalTime_Cal,1,120,LINE:BRANCH:EXCEPTION,default,offline,,,132,168.3,0.8,0.4,174.2,SUCCESS,RUNTIME_FAIL,,,98.0,96.0,1,1,1,1,initializationError(org.apache.commons.lang3.time.DateUtils_ESTest),False,False,JACOCO_NO_DATA,JaCoCo produced no coverage for target class,EvoSuite/Result_Round2/Lang_21/budget120_seed1,EvoSuite/Result_Round2/Lang_21/budget120_seed1/run.log
Lang,22,SBST,EvoSuite,1.2.0,org.apache.commons.lang3.math.Fraction,org.apache.commons.lang3.math.FractionTest::testReducedFactory_int_int;org.apache.commons.lang3.math.FractionTest::testReduce,1,120,LINE:BRANCH:EXCEPTION,default,offline,,,63,137.8,0.7,0.3,143.6,SUCCESS,RUNTIME_FAIL,,,98.0,91.0,1,1,1,1,initializationError(org.apache.commons.lang3.math.Fraction_ESTest),False,False,JACOCO_NO_DATA,JaCoCo produced no coverage for target class,EvoSuite/Result_Round2/Lang_22/budget120_seed1,EvoSuite/Result_Round2/Lang_22/budget120_seed1/run.log
Lang,23,SBST,EvoSuite,1.2.0,org.apache.commons.lang3.text.ExtendedMessageFormat,org.apache.commons.lang3.text.ExtendedMessageFormatTest::testEqualsHashcode,1,120,LINE:BRANCH:EXCEPTION,default,offline,,,30,130.7,0.7,0.5,136.7,SUCCESS,RUNTIME_FAIL,,,75.0,68.0,1,1,1,1,initializationError(org.apache.commons.lang3.text.ExtendedMessageFormat_ESTest),False,False,JACOCO_NO_DATA,JaCoCo produced no coverage for target class,EvoSuite/Result_Round2/Lang_23/budget120_seed1,EvoSuite/Result_Round2/Lang_23/budget120_seed1/run.log
Lang,24,SBST,EvoSuite,1.2.0,org.apache.commons.lang3.math.NumberUtils,org.apache.commons.lang3.math.NumberUtilsTest::testIsNumber,1,120,LINE:BRANCH:EXCEPTION,default,offline,,,134,144.3,0.7,0.4,150.0,SUCCESS,RUNTIME_FAIL,,,96.0,89.0,1,1,1,1,initializationError(org.apache.commons.lang3.math.NumberUtils_ESTest),False,False,JACOCO_NO_DATA,JaCoCo produced no coverage for target class,EvoSuite/Result_Round2/Lang_24/budget120_seed1,EvoSuite/Result_Round2/Lang_24/budget120_seed1/run.log
Lang,26,SBST,EvoSuite,1.2.0,org.apache.commons.lang3.time.FastDateFormat,org.apache.commons.lang3.time.FastDateFormatTest::testLang645,1,120,LINE:BRANCH:EXCEPTION,default,offline,,,0,126.6,,,,,TOOL_ERROR,,,,,,,,,,False,False,TOOL_ERROR,EvoSuite produced no test files,EvoSuite/Result_Round2/Lang_26/budget120_seed1,EvoSuite/Result_Round2/Lang_26/budget120_seed1/run.log
Lang,27,SBST,EvoSuite,1.2.0,org.apache.commons.lang3.math.NumberUtils,org.apache.commons.lang3.math.NumberUtilsTest::testCreateNumber,1,120,LINE:BRANCH:EXCEPTION,default,offline,,,133,144.3,0.8,0.4,150.1,SUCCESS,RUNTIME_FAIL,,,95.0,86.0,1,1,1,1,initializationError(org.apache.commons.lang3.math.NumberUtils_ESTest),False,False,JACOCO_NO_DATA,JaCoCo produced no coverage for target class,EvoSuite/Result_Round2/Lang_27/budget120_seed1,EvoSuite/Result_Round2/Lang_27/budget120_seed1/run.log
Lang,28,SBST,EvoSuite,1.2.0,org.apache.commons.lang3.text.translate.NumericEntityUnescaper,org.apache.commons.lang3.text.translate.NumericEntityUnescaperTest::testSupplementaryUnescaping,1,120,LINE:BRANCH:EXCEPTION,default,offline,,,7,126.4,0.6,0.3,131.9,SUCCESS,RUNTIME_FAIL,,,68.0,76.0,1,1,1,1,initializationError(org.apache.commons.lang3.text.translate.NumericEntityUnescaper_ESTest),False,False,JACOCO_NO_DATA,JaCoCo produced no coverage for target class,EvoSuite/Result_Round2/Lang_28/budget120_seed1,EvoSuite/Result_Round2/Lang_28/budget120_seed1/run.log
Lang,29,SBST,EvoSuite,1.2.0,org.apache.commons.lang3.SystemUtils,org.apache.commons.lang3.SystemUtilsTest::testJavaVersionAsInt,1,120,LINE:BRANCH:EXCEPTION,default,offline,,,29,129.8,0.6,0.3,135.2,SUCCESS,RUNTIME_FAIL,,,74.0,73.0,1,1,1,1,initializationError(org.apache.commons.lang3.SystemUtils_ESTest),False,False,JACOCO_NO_DATA,JaCoCo produced no coverage for target class,EvoSuite/Result_Round2/Lang_29/budget120_seed1,EvoSuite/Result_Round2/Lang_29/budget120_seed1/run.log
Lang,30,SBST,EvoSuite,1.2.0,org.apache.commons.lang3.StringUtils,org.apache.commons.lang3.StringUtilsEqualsIndexOfTest::testContainsNone_CharArrayWithSupplementaryChars;org.apache.commons.lang3.StringUtilsEqualsIndexOfTest::testContainsNone_StringWithSupplementaryChars;org.apache.commons.lang3.StringUtilsEqualsIndexOfTest::testContainsAny_StringCharArrayWithBadSupplementaryChars;org.apache.commons.lang3.StringUtilsEqualsIndexOfTest::testIndexOfAnyBut_StringStringWithSupplementaryChars;org.apache.commons.lang3.StringUtilsEqualsIndexOfTest::testContainsAny_StringWithBadSupplementaryChars;org.apache.commons.lang3.StringUtilsEqualsIndexOfTest::testIndexOfAny_StringCharArrayWithSupplementaryChars;org.apache.commons.lang3.StringUtilsEqualsIndexOfTest::testIndexOfAnyBut_StringCharArrayWithSupplementaryChars;org.apache.commons.lang3.StringUtilsEqualsIndexOfTest::testContainsNone_StringWithBadSupplementaryChars;org.apache.commons.lang3.StringUtilsEqualsIndexOfTest::testIndexOfAny_StringStringWithSupplementaryChars;org.apache.commons.lang3.StringUtilsEqualsIndexOfTest::testContainsNone_CharArrayWithBadSupplementaryChars,1,120,LINE:BRANCH:EXCEPTION,default,offline,,,422,247.6,0.9,0.4,253.6,SUCCESS,RUNTIME_FAIL,,,94.0,93.0,1,1,1,1,initializationError(org.apache.commons.lang3.StringUtils_ESTest),False,False,JACOCO_NO_DATA,JaCoCo produced no coverage for target class,EvoSuite/Result_Round2/Lang_30/budget120_seed1,EvoSuite/Result_Round2/Lang_30/budget120_seed1/run.log
Lang,31,SBST,EvoSuite,1.2.0,org.apache.commons.lang3.StringUtils,org.apache.commons.lang3.StringUtilsEqualsIndexOfTest::testContainsAnyCharArrayWithSupplementaryChars;org.apache.commons.lang3.StringUtilsEqualsIndexOfTest::testContainsAnyStringWithSupplementaryChars,1,120,LINE:BRANCH:EXCEPTION,default,offline,,,425,248.0,0.9,0.4,254.3,SUCCESS,RUNTIME_FAIL,,,95.0,95.0,1,1,1,1,initializationError(org.apache.commons.lang3.StringUtils_ESTest),False,False,JACOCO_NO_DATA,JaCoCo produced no coverage for target class,EvoSuite/Result_Round2/Lang_31/budget120_seed1,EvoSuite/Result_Round2/Lang_31/budget120_seed1/run.log
Lang,32,SBST,EvoSuite,1.2.0,org.apache.commons.lang3.builder.HashCodeBuilder,org.apache.commons.lang3.builder.HashCodeBuilderTest::testReflectionObjectCycle,1,120,LINE:BRANCH:EXCEPTION,default,offline,,,38,134.3,0.8,0.4,140.1,SUCCESS,RUNTIME_FAIL,,,90.0,86.0,1,1,1,1,initializationError(org.apache.commons.lang3.builder.HashCodeBuilder_ESTest),False,False,JACOCO_NO_DATA,JaCoCo produced no coverage for target class,EvoSuite/Result_Round2/Lang_32/budget120_seed1,EvoSuite/Result_Round2/Lang_32/budget120_seed1/run.log
Lang,33,SBST,EvoSuite,1.2.0,org.apache.commons.lang3.ClassUtils,org.apache.commons.lang3.ClassUtilsTest::testToClass_object,1,120,LINE:BRANCH:EXCEPTION,default,offline,,,67,137.0,0.7,0.4,142.7,SUCCESS,RUNTIME_FAIL,,,81.0,72.0,1,1,1,1,initializationError(org.apache.commons.lang3.ClassUtils_ESTest),False,False,JACOCO_NO_DATA,JaCoCo produced no coverage for target class,EvoSuite/Result_Round2/Lang_33/budget120_seed1,EvoSuite/Result_Round2/Lang_33/budget120_seed1/run.log
Lang,34,SBST,EvoSuite,1.2.0,org.apache.commons.lang3.builder.ToStringStyle,org.apache.commons.lang3.builder.ToStringBuilderTest::testObjectCycle;org.apache.commons.lang3.builder.ToStringBuilderTest::testReflectionHierarchy;org.apache.commons.lang3.builder.ToStringBuilderTest::testSelfInstanceTwoVarsReflectionObjectCycle;org.apache.commons.lang3.builder.ToStringBuilderTest::testReflectionArrayCycle;org.apache.commons.lang3.builder.ToStringBuilderTest::testReflectionLongArrayArray;org.apache.commons.lang3.builder.ToStringBuilderTest::testReflectionArrayArrayCycle;org.apache.commons.lang3.builder.ToStringBuilderTest::testReflectionFloatArray;org.apache.commons.lang3.builder.ToStringBuilderTest::testReflectionDoubleArrayArray;org.apache.commons.lang3.builder.ToStringBuilderTest::testReflectionBooleanArray;org.apache.commons.lang3.builder.ToStringBuilderTest::testReflectionyteArray;org.apache.commons.lang3.builder.ToStringBuilderTest::testReflectionDoubleArray;org.apache.commons.lang3.builder.ToStringBuilderTest::testReflectionIntArrayArray;org.apache.commons.lang3.builder.ToStringBuilderTest::testReflectionLongArray;org.apache.commons.lang3.builder.ToStringBuilderTest::testReflectionhortArrayArray;org.apache.commons.lang3.builder.ToStringBuilderTest::testReflectionObjectArray;org.apache.commons.lang3.builder.ToStringBuilderTest::testReflectionObjectCycle;org.apache.commons.lang3.builder.ToStringBuilderTest::testReflectionBooleanArrayArray;org.apache.commons.lang3.builder.ToStringBuilderTest::testSimpleReflectionObjectCycle;org.apache.commons.lang3.builder.ToStringBuilderTest::testReflectionByteArrayArray;org.apache.commons.lang3.builder.ToStringBuilderTest::testReflectionArrayCycleLevel2;org.apache.commons.lang3.builder.ToStringBuilderTest::testReflectionArrayAndObjectCycle;org.apache.commons.lang3.builder.ToStringBuilderTest::testReflectionCharArrayArray;org.apache.commons.lang3.builder.ToStringBuilderTest::testReflectionShortArray;org.apache.commons.lang3.builder.ToStringBuilderTest::testSelfInstanceVarReflectionObjectCycle;org.apache.commons.lang3.builder.ToStringBuilderTest::testReflectionIntArray;org.apache.commons.lang3.builder.ToStringBuilderTest::testReflectionCharArray;org.apache.commons.lang3.builder.ToStringBuilderTest::testReflectionFloatArrayArray,1,120,LINE:BRANCH:EXCEPTION,default,offline,,,165,153.5,1.0,0.4,160.1,SUCCESS,RUNTIME_FAIL,,,87.0,83.0,1,1,1,1,initializationError(org.apache.commons.lang3.builder.ToStringStyle_ESTest),False,False,JACOCO_NO_DATA,JaCoCo produced no coverage for target class,EvoSuite/Result_Round2/Lang_34/budget120_seed1,EvoSuite/Result_Round2/Lang_34/budget120_seed1/run.log
Lang,35,SBST,EvoSuite,1.2.0,org.apache.commons.lang3.ArrayUtils,org.apache.commons.lang3.ArrayUtilsAddTest::testLANG571,1,120,LINE:BRANCH:EXCEPTION,default,offline,,,368,183.3,1.1,0.5,189.6,SUCCESS,RUNTIME_FAIL,,,99.0,98.0,1,1,1,1,initializationError(org.apache.commons.lang3.ArrayUtils_ESTest),False,False,JACOCO_NO_DATA,JaCoCo produced no coverage for target class,EvoSuite/Result_Round2/Lang_35/budget120_seed1,EvoSuite/Result_Round2/Lang_35/budget120_seed1/run.log
Lang,36,SBST,EvoSuite,1.2.0,org.apache.commons.lang3.math.NumberUtils,org.apache.commons.lang3.math.NumberUtilsTest::testCreateNumber;org.apache.commons.lang3.math.NumberUtilsTest::testIsNumber,1,120,LINE:BRANCH:EXCEPTION,default,offline,,,127,144.1,0.7,0.4,150.1,SUCCESS,RUNTIME_FAIL,,,94.0,84.0,1,1,1,1,initializationError(org.apache.commons.lang3.math.NumberUtils_ESTest),False,False,JACOCO_NO_DATA,JaCoCo produced no coverage for target class,EvoSuite/Result_Round2/Lang_36/budget120_seed1,EvoSuite/Result_Round2/Lang_36/budget120_seed1/run.log
Lang,37,SBST,EvoSuite,1.2.0,org.apache.commons.lang3.ArrayUtils,org.apache.commons.lang3.ArrayUtilsAddTest::testJira567,1,120,LINE:BRANCH:EXCEPTION,default,offline,,,378,186.9,1.0,0.4,193.5,SUCCESS,RUNTIME_FAIL,,,99.0,99.0,1,1,1,1,initializationError(org.apache.commons.lang3.ArrayUtils_ESTest),False,False,JACOCO_NO_DATA,JaCoCo produced no coverage for target class,EvoSuite/Result_Round2/Lang_37/budget120_seed1,EvoSuite/Result_Round2/Lang_37/budget120_seed1/run.log
Lang,38,SBST,EvoSuite,1.2.0,org.apache.commons.lang3.time.FastDateFormat,org.apache.commons.lang3.time.FastDateFormatTest::testLang538,1,120,LINE:BRANCH:EXCEPTION,default,offline,,,0,126.8,,,,,TOOL_ERROR,,,,,,,,,,False,False,TOOL_ERROR,EvoSuite produced no test files,EvoSuite/Result_Round2/Lang_38/budget120_seed1,EvoSuite/Result_Round2/Lang_38/budget120_seed1/run.log
Lang,39,SBST,EvoSuite,1.2.0,org.apache.commons.lang3.StringUtils,org.apache.commons.lang3.StringUtilsTest::testReplace_StringStringArrayStringArray,1,120,LINE:BRANCH:EXCEPTION,default,offline,,,406,215.5,1.0,0.4,221.9,SUCCESS,RUNTIME_FAIL,,,94.0,95.0,1,1,1,1,initializationError(org.apache.commons.lang3.StringUtils_ESTest),False,False,JACOCO_NO_DATA,JaCoCo produced no coverage for target class,EvoSuite/Result_Round2/Lang_39/budget120_seed1,EvoSuite/Result_Round2/Lang_39/budget120_seed1/run.log
Lang,40,SBST,EvoSuite,1.2.0,org.apache.commons.lang.StringUtils,org.apache.commons.lang.StringUtilsEqualsIndexOfTest::testContainsIgnoreCase_LocaleIndependence,1,120,LINE:BRANCH:EXCEPTION,default,offline,,,407,238.3,0.9,0.4,244.5,SUCCESS,RUNTIME_FAIL,,,97.0,95.0,1,1,1,1,initializationError(org.apache.commons.lang.StringUtils_ESTest),False,False,JACOCO_NO_DATA,JaCoCo produced no coverage for target class,EvoSuite/Result_Round2/Lang_40/budget120_seed1,EvoSuite/Result_Round2/Lang_40/budget120_seed1/run.log
Lang,41,SBST,EvoSuite,1.2.0,org.apache.commons.lang.ClassUtils,org.apache.commons.lang.ClassUtilsTest::test_getShortClassName_Class;org.apache.commons.lang.ClassUtilsTest::test_getPackageName_Class,1,120,LINE:BRANCH:EXCEPTION,default,offline,,,67,136.0,0.7,0.3,142.0,SUCCESS,RUNTIME_FAIL,,,78.0,67.0,1,1,1,1,initializationError(org.apache.commons.lang.ClassUtils_ESTest),False,False,JACOCO_NO_DATA,JaCoCo produced no coverage for target class,EvoSuite/Result_Round2/Lang_41/budget120_seed1,EvoSuite/Result_Round2/Lang_41/budget120_seed1/run.log
Lang,42,SBST,EvoSuite,1.2.0,org.apache.commons.lang.Entities,org.apache.commons.lang.StringEscapeUtilsTest::testEscapeHtmlHighUnicode,1,120,LINE:BRANCH:EXCEPTION,default,offline,,,34,140.3,0.8,1.6,148.2,SUCCESS,SUCCESS,78.7,71.05,88.0,83.0,33,0,33,0,,False,False,,,EvoSuite/Result_Round2/Lang_42/budget120_seed1,EvoSuite/Result_Round2/Lang_42/budget120_seed1/run.log
Lang,43,SBST,EvoSuite,1.2.0,org.apache.commons.lang.text.ExtendedMessageFormat,org.apache.commons.lang.text.ExtendedMessageFormatTest::testEscapedQuote_LANG_477,1,120,LINE:BRANCH:EXCEPTION,default,offline,,,25,130.6,0.7,1.3,138.0,SUCCESS,SUCCESS,74.25,64.65,74.0,67.0,25,0,25,0,,False,False,,,EvoSuite/Result_Round2/Lang_43/budget120_seed1,EvoSuite/Result_Round2/Lang_43/budget120_seed1/run.log
Lang,44,SBST,EvoSuite,1.2.0,org.apache.commons.lang.NumberUtils,org.apache.commons.lang.NumberUtilsTest::testLang457,1,120,LINE:BRANCH:EXCEPTION,default,offline,,,73,135.2,0.7,1.4,142.6,SUCCESS,SUCCESS,81.77,76.36,88.0,78.0,73,0,73,0,,False,False,,,EvoSuite/Result_Round2/Lang_44/budget120_seed1,EvoSuite/Result_Round2/Lang_44/budget120_seed1/run.log
Lang,45,SBST,EvoSuite,1.2.0,org.apache.commons.lang.WordUtils,org.apache.commons.lang.WordUtilsTest::testAbbreviate,1,120,LINE:BRANCH:EXCEPTION,default,offline,,,34,131.8,0.6,1.3,138.9,SUCCESS,SUCCESS,99.29,99.04,99.0,99.0,34,0,34,1,test05(org.apache.commons.lang.WordUtils_ESTest),True,False,,,EvoSuite/Result_Round2/Lang_45/budget120_seed1,EvoSuite/Result_Round2/Lang_45/budget120_seed1/run.log
Lang,46,SBST,EvoSuite,1.2.0,org.apache.commons.lang.StringEscapeUtils,org.apache.commons.lang.StringEscapeUtilsTest::testEscapeJavaWithSlash,1,120,LINE:BRANCH:EXCEPTION,default,offline,,,51,132.2,0.6,1.6,139.4,SUCCESS,SUCCESS,72.07,81.65,73.0,84.0,51,0,51,0,,False,False,,,EvoSuite/Result_Round2/Lang_46/budget120_seed1,EvoSuite/Result_Round2/Lang_46/budget120_seed1/run.log
Lang,47,SBST,EvoSuite,1.2.0,org.apache.commons.lang.text.StrBuilder,org.apache.commons.lang.text.StrBuilderTest::testLang412Left;org.apache.commons.lang.text.StrBuilderTest::testLang412Right,1,120,LINE:BRANCH:EXCEPTION,default,offline,,,268,198.2,1.0,2.3,206.9,SUCCESS,SUCCESS,98.29,99.57,100.0,100.0,268,0,268,3,test126(org.apache.commons.lang.text.StrBuilder_ESTest);test156(org.apache.commons.lang.text.StrBuilder_ESTest);test024(org.apache.commons.lang.text.StrBuilder_ESTest),True,False,,,EvoSuite/Result_Round2/Lang_47/budget120_seed1,EvoSuite/Result_Round2/Lang_47/budget120_seed1/run.log
Lang,49,SBST,EvoSuite,1.2.0,org.apache.commons.lang.math.Fraction,org.apache.commons.lang.math.FractionTest::testReduce,1,120,LINE:BRANCH:EXCEPTION,default,offline,,,66,139.3,0.7,1.5,146.8,SUCCESS,SUCCESS,96.4,89.36,98.0,93.0,66,0,66,1,test38(org.apache.commons.lang.math.Fraction_ESTest),True,False,,,EvoSuite/Result_Round2/Lang_49/budget120_seed1,EvoSuite/Result_Round2/Lang_49/budget120_seed1/run.log
Lang,50,SBST,EvoSuite,1.2.0,org.apache.commons.lang.time.FastDateFormat,org.apache.commons.lang.time.FastDateFormatTest::test_changeDefault_Locale_DateInstance;org.apache.commons.lang.time.FastDateFormatTest::test_changeDefault_Locale_DateTimeInstance,1,120,LINE:BRANCH:EXCEPTION,default,offline,,,0,127.3,,,,,TOOL_ERROR,,,,,,,,,,False,False,TOOL_ERROR,EvoSuite produced no test files,EvoSuite/Result_Round2/Lang_50/budget120_seed1,EvoSuite/Result_Round2/Lang_50/budget120_seed1/run.log
Lang,51,SBST,EvoSuite,1.2.0,org.apache.commons.lang.BooleanUtils,org.apache.commons.lang.BooleanUtilsTest::test_toBoolean_String,1,120,LINE:BRANCH:EXCEPTION,default,offline,,,107,137.3,0.9,1.6,144.9,SUCCESS,SUCCESS,100.0,90.57,98.0,91.0,107,0,107,0,,False,False,,,EvoSuite/Result_Round2/Lang_51/budget120_seed1,EvoSuite/Result_Round2/Lang_51/budget120_seed1/run.log
Lang,52,SBST,EvoSuite,1.2.0,org.apache.commons.lang.StringEscapeUtils,org.apache.commons.lang.StringEscapeUtilsTest::testEscapeJavaScript,1,120,LINE:BRANCH:EXCEPTION,default,offline,,,44,132.0,0.6,1.5,139.3,SUCCESS,SUCCESS,71.35,78.82,72.0,82.0,44,0,44,1,test31(org.apache.commons.lang.StringEscapeUtils_ESTest),True,False,,,EvoSuite/Result_Round2/Lang_52/budget120_seed1,EvoSuite/Result_Round2/Lang_52/budget120_seed1/run.log
Lang,53,SBST,EvoSuite,1.2.0,org.apache.commons.lang.time.DateUtils,org.apache.commons.lang.time.DateUtilsTest::testRoundLang346,1,120,LINE:BRANCH:EXCEPTION,default,offline,,,81,150.6,0.7,2.0,158.5,SUCCESS,SUCCESS,94.17,95.95,98.0,97.0,81,0,81,0,,False,False,,,EvoSuite/Result_Round2/Lang_53/budget120_seed1,EvoSuite/Result_Round2/Lang_53/budget120_seed1/run.log
Lang,54,SBST,EvoSuite,1.2.0,org.apache.commons.lang.LocaleUtils,org.apache.commons.lang.LocaleUtilsTest::testLang328,1,120,LINE:BRANCH:EXCEPTION,default,offline,,,21,128.9,0.6,1.2,135.8,SUCCESS,SUCCESS,98.77,95.45,99.0,97.0,21,0,21,1,test13(org.apache.commons.lang.LocaleUtils_ESTest),True,False,,,EvoSuite/Result_Round2/Lang_54/budget120_seed1,EvoSuite/Result_Round2/Lang_54/budget120_seed1/run.log
Lang,55,SBST,EvoSuite,1.2.0,org.apache.commons.lang.time.StopWatch,org.apache.commons.lang.time.StopWatchTest::testLang315,1,120,LINE:BRANCH:EXCEPTION,default,offline,,,18,127.3,0.6,1.2,134.2,SUCCESS,SUCCESS,96.55,96.43,98.0,97.0,18,0,18,0,,False,False,,,EvoSuite/Result_Round2/Lang_55/budget120_seed1,EvoSuite/Result_Round2/Lang_55/budget120_seed1/run.log
Lang,56,SBST,EvoSuite,1.2.0,org.apache.commons.lang.time.FastDateFormat,org.apache.commons.lang.time.FastDateFormatTest::testLang303,1,120,LINE:BRANCH:EXCEPTION,default,offline,,,0,127.7,,,,,TOOL_ERROR,,,,,,,,,,False,False,TOOL_ERROR,EvoSuite produced no test files,EvoSuite/Result_Round2/Lang_56/budget120_seed1,EvoSuite/Result_Round2/Lang_56/budget120_seed1/run.log
Lang,57,SBST,EvoSuite,1.2.0,org.apache.commons.lang.LocaleUtils,org.apache.commons.lang.LocaleUtilsTest::testAvailableLocaleSet;org.apache.commons.lang.LocaleUtilsTest::testIsAvailableLocale;org.apache.commons.lang.LocaleUtilsTest::testAvailableLocaleList;org.apache.commons.lang.LocaleUtilsTest::testCountriesByLanguage;org.apache.commons.lang.LocaleUtilsTest::testLocaleLookupList_LocaleLocale;org.apache.commons.lang.LocaleUtilsTest::testLanguagesByCountry;org.apache.commons.lang.LocaleUtilsTest::testToLocale_1Part;org.apache.commons.lang.LocaleUtilsTest::testToLocale_2Part;org.apache.commons.lang.LocaleUtilsTest::testToLocale_3Part;org.apache.commons.lang.LocaleUtilsTest::testLocaleLookupList_Locale;org.apache.commons.lang.LocaleUtilsTest::testConstructor,1,120,LINE:BRANCH:EXCEPTION,default,offline,,,20,130.0,0.6,1.2,137.3,SUCCESS,SUCCESS,97.47,95.31,97.0,96.0,20,0,20,2,test04(org.apache.commons.lang.LocaleUtils_ESTest);test03(org.apache.commons.lang.LocaleUtils_ESTest),True,False,,,EvoSuite/Result_Round2/Lang_57/budget120_seed1,EvoSuite/Result_Round2/Lang_57/budget120_seed1/run.log
Lang,58,SBST,EvoSuite,1.2.0,org.apache.commons.lang.math.NumberUtils,org.apache.commons.lang.math.NumberUtilsTest::testLang300,1,120,LINE:BRANCH:EXCEPTION,default,offline,,,159,148.8,0.8,1.7,156.8,SUCCESS,SUCCESS,90.55,86.19,94.0,88.0,159,0,159,0,,False,False,,,EvoSuite/Result_Round2/Lang_58/budget120_seed1,EvoSuite/Result_Round2/Lang_58/budget120_seed1/run.log
Lang,59,SBST,EvoSuite,1.2.0,org.apache.commons.lang.text.StrBuilder,org.apache.commons.lang.text.StrBuilderAppendInsertTest::testLang299,1,120,LINE:BRANCH:EXCEPTION,default,offline,,,271,230.4,1.3,2.5,239.6,SUCCESS,SUCCESS,98.34,99.54,99.0,100.0,271,0,271,4,test215(org.apache.commons.lang.text.StrBuilder_ESTest);test153(org.apache.commons.lang.text.StrBuilder_ESTest);test023(org.apache.commons.lang.text.StrBuilder_ESTest);test058(org.apache.commons.lang.text.StrBuilder_ESTest),True,False,,,EvoSuite/Result_Round2/Lang_59/budget120_seed1,EvoSuite/Result_Round2/Lang_59/budget120_seed1/run.log
Lang,60,SBST,EvoSuite,1.2.0,org.apache.commons.lang.text.StrBuilder,org.apache.commons.lang.text.StrBuilderTest::testLang295,1,120,LINE:BRANCH:EXCEPTION,default,offline,,,255,225.9,1.5,2.4,235.3,SUCCESS,SUCCESS,98.17,99.54,99.0,99.0,255,0,255,0,,False,False,,,EvoSuite/Result_Round2/Lang_60/budget120_seed1,EvoSuite/Result_Round2/Lang_60/budget120_seed1/run.log
Lang,61,SBST,EvoSuite,1.2.0,org.apache.commons.lang.text.StrBuilder,org.apache.commons.lang.text.StrBuilderTest::testIndexOfLang294;org.apache.commons.lang.text.StrBuilderTest::testLang294,1,120,LINE:BRANCH:EXCEPTION,default,offline,,,258,234.1,1.1,2.5,242.9,SUCCESS,SUCCESS,98.34,99.31,100.0,100.0,258,0,258,3,test009(org.apache.commons.lang.text.StrBuilder_ESTest);test035(org.apache.commons.lang.text.StrBuilder_ESTest);test030(org.apache.commons.lang.text.StrBuilder_ESTest),True,False,,,EvoSuite/Result_Round2/Lang_61/budget120_seed1,EvoSuite/Result_Round2/Lang_61/budget120_seed1/run.log
Lang,62,SBST,EvoSuite,1.2.0,org.apache.commons.lang.Entities,org.apache.commons.lang.EntitiesTest::testNumberOverflow,1,120,LINE:BRANCH:EXCEPTION,default,offline,,,32,137.6,0.8,1.5,145.4,SUCCESS,SUCCESS,74.83,68.75,85.0,79.0,32,0,32,0,,False,False,,,EvoSuite/Result_Round2/Lang_62/budget120_seed1,EvoSuite/Result_Round2/Lang_62/budget120_seed1/run.log
Lang,63,SBST,EvoSuite,1.2.0,org.apache.commons.lang.time.DurationFormatUtils,org.apache.commons.lang.time.DurationFormatUtilsTest::testJiraLang281,1,120,LINE:BRANCH:EXCEPTION,default,offline,,,24,149.0,0.6,1.4,156.9,SUCCESS,SUCCESS,92.31,90.6,92.0,91.0,24,0,24,0,,False,False,,,EvoSuite/Result_Round2/Lang_63/budget120_seed1,EvoSuite/Result_Round2/Lang_63/budget120_seed1/run.log
Lang,64,SBST,EvoSuite,1.2.0,org.apache.commons.lang.enums.ValuedEnum,org.apache.commons.lang.enums.ValuedEnumTest::testCompareTo_otherEnumType,1,120,LINE:BRANCH:EXCEPTION,default,offline,,,2,124.8,0.6,1.1,131.6,SUCCESS,SUCCESS,6.06,7.14,9.0,12.0,2,0,2,0,,False,False,,,EvoSuite/Result_Round2/Lang_64/budget120_seed1,EvoSuite/Result_Round2/Lang_64/budget120_seed1/run.log
Lang,65,SBST,EvoSuite,1.2.0,org.apache.commons.lang.time.DateUtils,org.apache.commons.lang.time.DateUtilsTest::testTruncateLang59,1,120,LINE:BRANCH:EXCEPTION,default,offline,,,82,153.0,0.7,1.9,160.7,SUCCESS,SUCCESS,96.12,97.69,100.0,98.0,82,0,82,3,test29(org.apache.commons.lang.time.DateUtils_ESTest);test33(org.apache.commons.lang.time.DateUtils_ESTest);test47(org.apache.commons.lang.time.DateUtils_ESTest),True,False,,,EvoSuite/Result_Round2/Lang_65/budget120_seed1,EvoSuite/Result_Round2/Lang_65/budget120_seed1/run.log
Chart,2,SBST,EvoSuite,1.2.0,org.jfree.data.general.DatasetUtilities,,1,60,LINE:BRANCH:EXCEPTION,default,offline,True,,158,110.0,0.9,3.8,120.9,SUCCESS,SUCCESS,77.81,71.9,79.0,73.0,158,0,158,0,,False,False,,,EvoSuite/Result_Round1/Chart_2/budget60_seed1,EvoSuite/Result_Round1/Chart_2/budget60_seed1/run.log
Cli,2,SBST,EvoSuite,1.2.0,org.apache.commons.cli.PosixParser,,1,60,LINE:BRANCH:EXCEPTION,default,offline,True,,7,66.6,0.6,1.1,72.7,SUCCESS,SUCCESS,95.65,90.48,96.0,91.0,7,0,7,0,,False,False,,,EvoSuite/Result_Round1/Cli_2/budget60_seed1,EvoSuite/Result_Round1/Cli_2/budget60_seed1/run.log
Closure,2,SBST,EvoSuite,1.2.0,com.google.javascript.jscomp.TypeCheck,,1,60,LINE:BRANCH:EXCEPTION,default,offline,True,,23,106.3,0.8,7.4,128.7,SUCCESS,SUCCESS,19.46,7.29,13.0,20.0,23,0,23,0,,False,False,,,EvoSuite/Result_Round1/Closure_2/budget60_seed1,EvoSuite/Result_Round1/Closure_2/budget60_seed1/run.log
Codec,2,SBST,EvoSuite,1.2.0,org.apache.commons.codec.binary.Base64,,1,60,LINE:BRANCH:EXCEPTION,default,offline,True,,50,77.8,0.6,1.2,89.4,SUCCESS,SUCCESS,86.92,80.41,98.0,97.0,39,0,39,0,,False,False,,,EvoSuite/Result_Round1/Codec_2/budget60_seed1,EvoSuite/Result_Round1/Codec_2/budget60_seed1/run.log
Collections,2,SBST,EvoSuite,1.2.0,org.apache.commons.collections.ExtendedProperties,,1,60,LINE:BRANCH:EXCEPTION,default,offline,True,,91,80.0,0.8,1.9,100.6,SUCCESS,SUCCESS,68.33,56.49,72.0,60.0,91,0,91,0,,False,False,,,EvoSuite/Result_Round1/Collections_2/budget60_seed1,EvoSuite/Result_Round1/Collections_2/budget60_seed1/run.log
Compress,2,SBST,EvoSuite,1.2.0,org.apache.commons.compress.archivers.ar.ArArchiveInputStream,,1,60,LINE:BRANCH:EXCEPTION,default,offline,True,,19,70.4,0.6,1.6,77.3,SUCCESS,SUCCESS,41.3,33.93,42.0,37.0,19,0,19,0,,False,False,,,EvoSuite/Result_Round1/Compress_2/budget60_seed1,EvoSuite/Result_Round1/Compress_2/budget60_seed1/run.log
Csv,2,SBST,EvoSuite,1.2.0,org.apache.commons.csv.CSVRecord,,1,60,LINE:BRANCH:EXCEPTION,default,offline,True,,18,10.9,0.7,1.1,17.4,SUCCESS,SUCCESS,96.0,93.75,100.0,100.0,18,0,18,1,test01(org.apache.commons.csv.CSVRecord_ESTest),True,False,,,EvoSuite/Result_Round1/Csv_2/budget60_seed1,EvoSuite/Result_Round1/Csv_2/budget60_seed1/run.log
Gson,2,SBST,EvoSuite,1.2.0,com.google.gson.internal.bind.TypeAdapters,,1,60,LINE:BRANCH:EXCEPTION,default,offline,True,,14,70.9,0.6,2.1,78.3,SUCCESS,SUCCESS,96.72,,22.0,22.0,14,0,14,0,,False,False,,,EvoSuite/Result_Round1/Gson_2/budget60_seed1,EvoSuite/Result_Round1/Gson_2/budget60_seed1/run.log
JacksonCore,2,SBST,EvoSuite,1.2.0,com.fasterxml.jackson.core.json.ReaderBasedJsonParser;com.fasterxml.jackson.core.json.UTF8StreamJsonParser,,1,60,LINE:BRANCH:EXCEPTION,default,offline,True,,165,205.9,1.0,3.5,215.1,SUCCESS,RUNTIME_FAIL,22.96,20.13,29.0,24.0,164,1,164,3,test50(com.fasterxml.jackson.core.json.ReaderBasedJsonParser_ESTest);test44(com.fasterxml.jackson.core.json.ReaderBasedJsonParser_ESTest);test04(com.fasterxml.jackson.core.json.UTF8StreamJsonParser_ESTest),False,False,,,EvoSuite/Result_Round1/JacksonCore_2/budget60_seed1,EvoSuite/Result_Round1/JacksonCore_2/budget60_seed1/run.log
JacksonDatabind,2,SBST,EvoSuite,1.2.0,com.fasterxml.jackson.databind.util.TokenBuffer,,1,60,LINE:BRANCH:EXCEPTION,default,offline,True,,106,248.8,1.5,5.9,261.8,SUCCESS,RUNTIME_FAIL,60.49,49.69,71.0,60.0,101,2,101,5,test030(com.fasterxml.jackson.databind.util.TokenBuffer_ESTest);test031(com.fasterxml.jackson.databind.util.TokenBuffer_ESTest);test053(com.fasterxml.jackson.databind.util.TokenBuffer_ESTest);test048(com.fasterxml.jackson.databind.util.TokenBuffer_ESTest);test040(com.fasterxml.jackson.databind.util.TokenBuffer_ESTest),False,False,,,EvoSuite/Result_Round1/JacksonDatabind_2/budget60_seed1,EvoSuite/Result_Round1/JacksonDatabind_2/budget60_seed1/run.log
JacksonXml,2,SBST,EvoSuite,1.2.0,com.fasterxml.jackson.dataformat.xml.deser.XmlTokenStream,,1,60,LINE:BRANCH:EXCEPTION,default,offline,True,,36,79.2,0.8,2.3,93.9,SUCCESS,SUCCESS,71.12,67.78,71.0,71.0,36,0,36,2,test05(com.fasterxml.jackson.dataformat.xml.deser.XmlTokenStream_ESTest);test06(com.fasterxml.jackson.dataformat.xml.deser.XmlTokenStream_ESTest),True,False,,,EvoSuite/Result_Round1/JacksonXml_2/budget60_seed1,EvoSuite/Result_Round1/JacksonXml_2/budget60_seed1/run.log
Jsoup,2,SBST,EvoSuite,1.2.0,org.jsoup.parser.Parser,,1,60,LINE:BRANCH:EXCEPTION,default,offline,True,,16,86.9,0.6,1.6,93.9,SUCCESS,SUCCESS,87.73,80.23,87.0,82.0,16,0,16,0,,False,False,,,EvoSuite/Result_Round1/Jsoup_2/budget60_seed1,EvoSuite/Result_Round1/Jsoup_2/budget60_seed1/run.log
JxPath,2,SBST,EvoSuite,1.2.0,org.apache.commons.jxpath.ri.compiler.Expression,,1,60,LINE:BRANCH:EXCEPTION,default,offline,True,,37,86.2,0.7,2.9,94.8,SUCCESS,SUCCESS,88.0,83.33,92.0,91.0,31,0,31,0,,False,False,,,EvoSuite/Result_Round1/JxPath_2/budget60_seed1,EvoSuite/Result_Round1/JxPath_2/budget60_seed1/run.log
Math,2,SBST,EvoSuite,1.2.0,org.apache.commons.math3.distribution.HypergeometricDistribution,,1,60,LINE:BRANCH:EXCEPTION,default,offline,True,,16,17.5,0.6,1.6,56.3,SUCCESS,SUCCESS,98.65,96.15,99.0,100.0,16,0,16,0,,False,False,,,EvoSuite/Result_Round1/Math_2/budget60_seed1,EvoSuite/Result_Round1/Math_2/budget60_seed1/run.log
Mockito,2,SBST,EvoSuite,1.2.0,org.mockito.internal.util.Timer,,1,60,LINE:BRANCH:EXCEPTION,default,offline,True,,4,65.7,0.6,1.3,200.0,SUCCESS,SUCCESS,92.31,66.67,100.0,90.0,4,0,4,1,test0(org.mockito.internal.util.Timer_ESTest),True,False,,,EvoSuite/Result_Round1/Mockito_2/budget60_seed1,EvoSuite/Result_Round1/Mockito_2/budget60_seed1/run.log
Time,2,SBST,EvoSuite,1.2.0,org.joda.time.field.UnsupportedDurationField;org.joda.time.Partial,,1,60,LINE:BRANCH:EXCEPTION,default,offline,True,,111,170.5,0.8,5.4,187.4,SUCCESS,SUCCESS,96.03,92.37,96.0,92.0,111,0,111,3,test01(org.joda.time.field.UnsupportedDurationField_ESTest);test04(org.joda.time.field.UnsupportedDurationField_ESTest);test70(org.joda.time.Partial_ESTest),True,False,,,EvoSuite/Result_Round1/Time_2/budget60_seed1,EvoSuite/Result_Round1/Time_2/budget60_seed1/run.log
Chart,2,SBST,EvoSuite,1.2.0,org.jfree.data.general.DatasetUtilities,,1,120,LINE:BRANCH:EXCEPTION,default,offline,True,,158,175.1,1.0,4.1,186.3,SUCCESS,SUCCESS,71.76,67.88,73.0,69.0,158,0,158,0,,False,False,,,EvoSuite/Result_Round2/Chart_2/budget120_seed1,EvoSuite/Result_Round2/Chart_2/budget120_seed1/run.log
Chart,3,SBST,EvoSuite,1.2.0,org.jfree.data.time.TimeSeries,,1,60,LINE:BRANCH:EXCEPTION,default,offline,True,,106,93.4,1.0,2.9,127.0,SUCCESS,SUCCESS,93.72,88.17,94.0,90.0,106,0,106,0,,False,False,,,EvoSuite/Result_Round1/Chart_3/budget60_seed1,EvoSuite/Result_Round1/Chart_3/budget60_seed1/run.log
Chart,3,SBST,EvoSuite,1.2.0,org.jfree.data.time.TimeSeries,,1,120,LINE:BRANCH:EXCEPTION,default,offline,True,,105,150.8,0.9,2.7,160.3,SUCCESS,SUCCESS,93.72,87.63,94.0,89.0,105,0,105,0,,False,False,,,EvoSuite/Result_Round2/Chart_3/budget120_seed1,EvoSuite/Result_Round2/Chart_3/budget120_seed1/run.log
Chart,4,SBST,EvoSuite,1.2.0,org.jfree.chart.plot.XYPlot,,1,60,LINE:BRANCH:EXCEPTION,default,offline,True,,170,172.0,1.0,6.8,208.8,SUCCESS,RUNTIME_FAIL,52.13,40.37,52.0,46.0,170,1,170,2,test073(org.jfree.chart.plot.XYPlot_ESTest);test001(org.jfree.chart.plot.XYPlot_ESTest),False,False,,,EvoSuite/Result_Round1/Chart_4/budget60_seed1,EvoSuite/Result_Round1/Chart_4/budget60_seed1/run.log
Chart,4,SBST,EvoSuite,1.2.0,org.jfree.chart.plot.XYPlot,,1,120,LINE:BRANCH:EXCEPTION,default,offline,True,,189,228.8,1.1,7.1,243.0,SUCCESS,SUCCESS,49.86,38.2,50.0,44.0,188,0,188,4,test086(org.jfree.chart.plot.XYPlot_ESTest);test010(org.jfree.chart.plot.XYPlot_ESTest);test093(org.jfree.chart.plot.XYPlot_ESTest);test004(org.jfree.chart.plot.XYPlot_ESTest),True,False,,,EvoSuite/Result_Round2/Chart_4/budget120_seed1,EvoSuite/Result_Round2/Chart_4/budget120_seed1/run.log
Chart,5,SBST,EvoSuite,1.2.0,org.jfree.data.xy.XYSeries,,1,60,LINE:BRANCH:EXCEPTION,default,offline,True,,73,82.7,0.8,2.5,113.5,SUCCESS,SUCCESS,96.0,98.75,97.0,99.0,73,0,73,1,test57(org.jfree.data.xy.XYSeries_ESTest),True,False,,,EvoSuite/Result_Round1/Chart_5/budget60_seed1,EvoSuite/Result_Round1/Chart_5/budget60_seed1/run.log
Chart,5,SBST,EvoSuite,1.2.0,org.jfree.data.xy.XYSeries,,1,120,LINE:BRANCH:EXCEPTION,default,offline,True,,82,143.9,0.8,2.8,153.4,SUCCESS,SUCCESS,96.0,97.5,97.0,98.0,82,0,82,3,test65(org.jfree.data.xy.XYSeries_ESTest);test45(org.jfree.data.xy.XYSeries_ESTest);test00(org.jfree.data.xy.XYSeries_ESTest),True,False,,,EvoSuite/Result_Round2/Chart_5/budget120_seed1,EvoSuite/Result_Round2/Chart_5/budget120_seed1/run.log
Chart,6,SBST,EvoSuite,1.2.0,org.jfree.chart.util.ShapeList,,1,60,LINE:BRANCH:EXCEPTION,default,offline,True,,10,72.0,0.6,1.1,101.0,SUCCESS,SUCCESS,47.06,50.0,50.0,62.0,9,0,9,1,test2(org.jfree.chart.util.ShapeList_ESTest),True,False,,,EvoSuite/Result_Round1/Chart_6/budget60_seed1,EvoSuite/Result_Round1/Chart_6/budget60_seed1/run.log
Chart,6,SBST,EvoSuite,1.2.0,org.jfree.chart.util.ShapeList,,1,120,LINE:BRANCH:EXCEPTION,default,offline,True,,9,128.0,0.6,1.2,135.7,SUCCESS,SUCCESS,47.06,50.0,50.0,62.0,9,0,9,1,test2(org.jfree.chart.util.ShapeList_ESTest),True,False,,,EvoSuite/Result_Round2/Chart_6/budget120_seed1,EvoSuite/Result_Round2/Chart_6/budget120_seed1/run.log
Chart,7,SBST,EvoSuite,1.2.0,org.jfree.data.time.TimePeriodValues,,1,60,LINE:BRANCH:EXCEPTION,default,offline,True,,32,75.9,0.8,2.4,108.1,SUCCESS,SUCCESS,97.48,100.0,99.0,100.0,32,0,32,0,,False,False,,,EvoSuite/Result_Round1/Chart_7/budget60_seed1,EvoSuite/Result_Round1/Chart_7/budget60_seed1/run.log
Chart,7,SBST,EvoSuite,1.2.0,org.jfree.data.time.TimePeriodValues,,1,120,LINE:BRANCH:EXCEPTION,default,offline,True,,34,137.7,0.8,2.3,147.1,SUCCESS,SUCCESS,97.48,100.0,99.0,100.0,34,0,34,0,,False,False,,,EvoSuite/Result_Round2/Chart_7/budget120_seed1,EvoSuite/Result_Round2/Chart_7/budget120_seed1/run.log
Chart,8,SBST,EvoSuite,1.2.0,org.jfree.data.time.Week,,1,60,LINE:BRANCH:EXCEPTION,default,offline,True,,37,78.2,0.6,1.4,108.2,SUCCESS,SUCCESS,91.36,82.35,92.0,87.0,36,0,36,1,test24(org.jfree.data.time.Week_ESTest),True,False,,,EvoSuite/Result_Round1/Chart_8/budget60_seed1,EvoSuite/Result_Round1/Chart_8/budget60_seed1/run.log
Chart,8,SBST,EvoSuite,1.2.0,org.jfree.data.time.Week,,1,120,LINE:BRANCH:EXCEPTION,default,offline,True,,36,138.9,0.7,1.5,146.9,SUCCESS,SUCCESS,91.98,83.82,92.0,86.0,36,0,36,0,,False,False,,,EvoSuite/Result_Round2/Chart_8/budget120_seed1,EvoSuite/Result_Round2/Chart_8/budget120_seed1/run.log
Chart,9,SBST,EvoSuite,1.2.0,org.jfree.data.time.TimeSeries,,1,60,LINE:BRANCH:EXCEPTION,default,offline,True,,83,85.3,0.8,2.4,117.8,SUCCESS,SUCCESS,89.27,88.46,94.0,93.0,72,0,72,0,,False,False,,,EvoSuite/Result_Round1/Chart_9/budget60_seed1,EvoSuite/Result_Round1/Chart_9/budget60_seed1/run.log
Chart,9,SBST,EvoSuite,1.2.0,org.jfree.data.time.TimeSeries,,1,120,LINE:BRANCH:EXCEPTION,default,offline,True,,96,148.1,0.8,2.6,157.3,SUCCESS,SUCCESS,83.04,82.31,92.0,90.0,87,0,87,0,,False,False,,,EvoSuite/Result_Round2/Chart_9/budget120_seed1,EvoSuite/Result_Round2/Chart_9/budget120_seed1/run.log
Chart,10,SBST,EvoSuite,1.2.0,org.jfree.chart.imagemap.StandardToolTipTagFragmentGenerator,,1,60,LINE:BRANCH:EXCEPTION,default,offline,True,,1,3.8,0.5,1.0,32.8,SUCCESS,SUCCESS,66.67,,100.0,100.0,1,0,1,1,test0(org.jfree.chart.imagemap.StandardToolTipTagFragmentGenerator_ESTest),True,False,,,EvoSuite/Result_Round1/Chart_10/budget60_seed1,EvoSuite/Result_Round1/Chart_10/budget60_seed1/run.log
Chart,10,SBST,EvoSuite,1.2.0,org.jfree.chart.imagemap.StandardToolTipTagFragmentGenerator,,1,120,LINE:BRANCH:EXCEPTION,default,offline,True,,1,4.4,0.6,1.0,11.8,SUCCESS,SUCCESS,66.67,,100.0,100.0,1,0,1,1,test0(org.jfree.chart.imagemap.StandardToolTipTagFragmentGenerator_ESTest),True,False,,,EvoSuite/Result_Round2/Chart_10/budget120_seed1,EvoSuite/Result_Round2/Chart_10/budget120_seed1/run.log
Chart,11,SBST,EvoSuite,1.2.0,org.jfree.chart.util.ShapeUtilities,,1,60,LINE:BRANCH:EXCEPTION,default,offline,True,,67,76.9,0.7,1.5,106.1,SUCCESS,SUCCESS,98.97,98.28,98.0,98.0,67,0,67,2,test23(org.jfree.chart.util.ShapeUtilities_ESTest);test22(org.jfree.chart.util.ShapeUtilities_ESTest),True,False,,,EvoSuite/Result_Round1/Chart_11/budget60_seed1,EvoSuite/Result_Round1/Chart_11/budget60_seed1/run.log
Chart,11,SBST,EvoSuite,1.2.0,org.jfree.chart.util.ShapeUtilities,,1,120,LINE:BRANCH:EXCEPTION,default,offline,True,,67,138.3,0.7,1.4,146.6,SUCCESS,SUCCESS,99.49,100.0,98.0,100.0,67,0,67,4,test21(org.jfree.chart.util.ShapeUtilities_ESTest);test23(org.jfree.chart.util.ShapeUtilities_ESTest);test22(org.jfree.chart.util.ShapeUtilities_ESTest);test25(org.jfree.chart.util.ShapeUtilities_ESTest),True,False,,,EvoSuite/Result_Round2/Chart_11/budget120_seed1,EvoSuite/Result_Round2/Chart_11/budget120_seed1/run.log
Chart,12,SBST,EvoSuite,1.2.0,org.jfree.chart.plot.MultiplePiePlot,,1,60,LINE:BRANCH:EXCEPTION,default,offline,True,,28,83.8,0.7,5.0,118.6,SUCCESS,SUCCESS,89.47,83.33,89.0,83.0,28,0,28,0,,False,False,,,EvoSuite/Result_Round1/Chart_12/budget60_seed1,EvoSuite/Result_Round1/Chart_12/budget60_seed1/run.log
Chart,12,SBST,EvoSuite,1.2.0,org.jfree.chart.plot.MultiplePiePlot,,1,120,LINE:BRANCH:EXCEPTION,default,offline,True,,28,144.1,0.8,5.9,157.6,SUCCESS,SUCCESS,94.74,94.05,95.0,93.0,28,0,28,0,,False,False,,,EvoSuite/Result_Round2/Chart_12/budget120_seed1,EvoSuite/Result_Round2/Chart_12/budget120_seed1/run.log
Chart,13,SBST,EvoSuite,1.2.0,org.jfree.chart.block.BorderArrangement,,1,60,LINE:BRANCH:EXCEPTION,default,offline,True,,27,78.7,0.6,2.3,110.2,SUCCESS,SUCCESS,61.57,60.0,62.0,61.0,26,0,26,0,,False,False,,,EvoSuite/Result_Round1/Chart_13/budget60_seed1,EvoSuite/Result_Round1/Chart_13/budget60_seed1/run.log
Chart,13,SBST,EvoSuite,1.2.0,org.jfree.chart.block.BorderArrangement,,1,120,LINE:BRANCH:EXCEPTION,default,offline,True,,24,134.8,0.6,2.3,143.6,SUCCESS,RUNTIME_FAIL,62.88,62.5,63.0,64.0,24,1,24,0,,False,False,,,EvoSuite/Result_Round2/Chart_13/budget120_seed1,EvoSuite/Result_Round2/Chart_13/budget120_seed1/run.log
Chart,14,SBST,EvoSuite,1.2.0,org.jfree.chart.plot.CategoryPlot;org.jfree.chart.plot.XYPlot,,1,60,LINE:BRANCH:EXCEPTION,default,offline,True,,326,362.1,1.4,9.1,399.7,SUCCESS,SUCCESS,64.54,51.8,66.5,58.0,323,0,323,7,test136(org.jfree.chart.plot.CategoryPlot_ESTest);test045(org.jfree.chart.plot.CategoryPlot_ESTest);test112(org.jfree.chart.plot.CategoryPlot_ESTest);test146(org.jfree.chart.plot.XYPlot_ESTest);test056(org.jfree.chart.plot.XYPlot_ESTest),True,False,,,EvoSuite/Result_Round1/Chart_14/budget60_seed1,EvoSuite/Result_Round1/Chart_14/budget60_seed1/run.log
Chart,14,SBST,EvoSuite,1.2.0,org.jfree.chart.plot.CategoryPlot;org.jfree.chart.plot.XYPlot,,1,120,LINE:BRANCH:EXCEPTION,default,offline,True,,331,460.3,1.2,8.7,476.7,SUCCESS,SUCCESS,68.02,54.22,68.0,60.0,331,0,331,8,test152(org.jfree.chart.plot.CategoryPlot_ESTest);test042(org.jfree.chart.plot.CategoryPlot_ESTest);test049(org.jfree.chart.plot.CategoryPlot_ESTest);test167(org.jfree.chart.plot.CategoryPlot_ESTest);test160(org.jfree.chart.plot.XYPlot_ESTest),True,False,,,EvoSuite/Result_Round2/Chart_14/budget120_seed1,EvoSuite/Result_Round2/Chart_14/budget120_seed1/run.log
Chart,15,SBST,EvoSuite,1.2.0,org.jfree.chart.plot.PiePlot,,1,60,LINE:BRANCH:EXCEPTION,default,offline,True,,122,125.0,1.2,6.7,160.8,SUCCESS,SUCCESS,56.97,46.52,57.0,56.0,122,0,122,3,test027(org.jfree.chart.plot.PiePlot_ESTest);test109(org.jfree.chart.plot.PiePlot_ESTest);test012(org.jfree.chart.plot.PiePlot_ESTest),True,False,,,EvoSuite/Result_Round1/Chart_15/budget60_seed1,EvoSuite/Result_Round1/Chart_15/budget60_seed1/run.log
Chart,15,SBST,EvoSuite,1.2.0,org.jfree.chart.plot.PiePlot,,1,120,LINE:BRANCH:EXCEPTION,default,offline,True,,132,192.9,1.1,6.2,206.4,SUCCESS,SUCCESS,59.12,46.84,60.0,57.0,132,0,132,3,test015(org.jfree.chart.plot.PiePlot_ESTest);test013(org.jfree.chart.plot.PiePlot_ESTest);test029(org.jfree.chart.plot.PiePlot_ESTest),True,False,,,EvoSuite/Result_Round2/Chart_15/budget120_seed1,EvoSuite/Result_Round2/Chart_15/budget120_seed1/run.log
Chart,16,SBST,EvoSuite,1.2.0,org.jfree.data.category.DefaultIntervalCategoryDataset,,1,60,LINE:BRANCH:EXCEPTION,default,offline,True,,61,79.8,0.7,2.3,111.9,SUCCESS,SUCCESS,91.49,89.84,92.0,91.0,61,0,61,3,test44(org.jfree.data.category.DefaultIntervalCategoryDataset_ESTest);test43(org.jfree.data.category.DefaultIntervalCategoryDataset_ESTest);test38(org.jfree.data.category.DefaultIntervalCategoryDataset_ESTest),True,False,,,EvoSuite/Result_Round1/Chart_16/budget60_seed1,EvoSuite/Result_Round1/Chart_16/budget60_seed1/run.log
Chart,16,SBST,EvoSuite,1.2.0,org.jfree.data.category.DefaultIntervalCategoryDataset,,1,120,LINE:BRANCH:EXCEPTION,default,offline,True,,63,139.9,0.7,2.4,148.6,SUCCESS,SUCCESS,88.3,85.94,89.0,88.0,63,0,63,3,test40(org.jfree.data.category.DefaultIntervalCategoryDataset_ESTest);test44(org.jfree.data.category.DefaultIntervalCategoryDataset_ESTest);test37(org.jfree.data.category.DefaultIntervalCategoryDataset_ESTest),True,False,,,EvoSuite/Result_Round2/Chart_16/budget120_seed1,EvoSuite/Result_Round2/Chart_16/budget120_seed1/run.log
Chart,17,SBST,EvoSuite,1.2.0,org.jfree.data.time.TimeSeries,,1,60,LINE:BRANCH:EXCEPTION,default,offline,True,,84,83.8,0.8,2.4,113.1,SUCCESS,SUCCESS,90.66,84.38,91.0,87.0,84,0,84,6,test40(org.jfree.data.time.TimeSeries_ESTest);test07(org.jfree.data.time.TimeSeries_ESTest);test38(org.jfree.data.time.TimeSeries_ESTest);test37(org.jfree.data.time.TimeSeries_ESTest);test36(org.jfree.data.time.TimeSeries_ESTest),True,False,,,EvoSuite/Result_Round1/Chart_17/budget60_seed1,EvoSuite/Result_Round1/Chart_17/budget60_seed1/run.log
Chart,17,SBST,EvoSuite,1.2.0,org.jfree.data.time.TimeSeries,,1,120,LINE:BRANCH:EXCEPTION,default,offline,True,,84,144.3,0.8,2.4,153.2,SUCCESS,SUCCESS,93.08,88.28,93.0,90.0,84,0,84,4,test38(org.jfree.data.time.TimeSeries_ESTest);test37(org.jfree.data.time.TimeSeries_ESTest);test36(org.jfree.data.time.TimeSeries_ESTest);test39(org.jfree.data.time.TimeSeries_ESTest),True,False,,,EvoSuite/Result_Round2/Chart_17/budget120_seed1,EvoSuite/Result_Round2/Chart_17/budget120_seed1/run.log
Chart,18,SBST,EvoSuite,1.2.0,org.jfree.data.DefaultKeyedValues;org.jfree.data.DefaultKeyedValues2D,,1,60,LINE:BRANCH:EXCEPTION,default,offline,True,,78,142.0,0.8,1.9,171.4,SUCCESS,SUCCESS,97.05,92.06,98.5,96.5,78,0,78,4,test29(org.jfree.data.DefaultKeyedValues_ESTest);test23(org.jfree.data.DefaultKeyedValues_ESTest);test22(org.jfree.data.DefaultKeyedValues2D_ESTest);test21(org.jfree.data.DefaultKeyedValues2D_ESTest),True,False,,,EvoSuite/Result_Round1/Chart_18/budget60_seed1,EvoSuite/Result_Round1/Chart_18/budget60_seed1/run.log
Chart,18,SBST,EvoSuite,1.2.0,org.jfree.data.DefaultKeyedValues;org.jfree.data.DefaultKeyedValues2D,,1,120,LINE:BRANCH:EXCEPTION,default,offline,True,,79,263.5,0.9,2.3,272.5,SUCCESS,SUCCESS,97.05,92.06,98.5,96.5,79,0,79,4,test30(org.jfree.data.DefaultKeyedValues_ESTest);test23(org.jfree.data.DefaultKeyedValues_ESTest);test22(org.jfree.data.DefaultKeyedValues2D_ESTest);test21(org.jfree.data.DefaultKeyedValues2D_ESTest),True,False,,,EvoSuite/Result_Round2/Chart_18/budget120_seed1,EvoSuite/Result_Round2/Chart_18/budget120_seed1/run.log
Chart,19,SBST,EvoSuite,1.2.0,org.jfree.chart.plot.CategoryPlot,,1,60,LINE:BRANCH:EXCEPTION,default,offline,True,,147,186.9,1.0,7.3,224.7,SUCCESS,SUCCESS,72.02,60.2,73.0,65.0,140,0,140,1,test082(org.jfree.chart.plot.CategoryPlot_ESTest),True,False,,,EvoSuite/Result_Round1/Chart_19/budget60_seed1,EvoSuite/Result_Round1/Chart_19/budget60_seed1/run.log
Chart,19,SBST,EvoSuite,1.2.0,org.jfree.chart.plot.CategoryPlot,,1,120,LINE:BRANCH:EXCEPTION,default,offline,True,,149,277.9,2.1,13.2,302.1,SUCCESS,SUCCESS,73.25,60.2,70.0,60.0,149,0,149,2,test086(org.jfree.chart.plot.CategoryPlot_ESTest);test095(org.jfree.chart.plot.CategoryPlot_ESTest),True,False,,,EvoSuite/Result_Round2/Chart_19/budget120_seed1,EvoSuite/Result_Round2/Chart_19/budget120_seed1/run.log
Chart,20,SBST,EvoSuite,1.2.0,org.jfree.chart.plot.ValueMarker,,1,60,LINE:BRANCH:EXCEPTION,default,offline,True,,7,84.9,1.3,9.6,159.0,SUCCESS,SUCCESS,95.45,87.5,95.0,92.0,7,0,7,0,,False,False,,,EvoSuite/Result_Round1/Chart_20/budget60_seed1,EvoSuite/Result_Round1/Chart_20/budget60_seed1/run.log
Chart,20,SBST,EvoSuite,1.2.0,org.jfree.chart.plot.ValueMarker,,1,120,LINE:BRANCH:EXCEPTION,default,offline,True,,8,131.3,1.3,9.0,153.6,SUCCESS,SUCCESS,100.0,100.0,100.0,100.0,8,0,8,0,,False,False,,,EvoSuite/Result_Round2/Chart_20/budget120_seed1,EvoSuite/Result_Round2/Chart_20/budget120_seed1/run.log
Chart,21,SBST,EvoSuite,1.2.0,org.jfree.data.statistics.DefaultBoxAndWhiskerCategoryDataset,,1,60,LINE:BRANCH:EXCEPTION,default,offline,True,,54,95.3,1.4,4.8,152.8,SUCCESS,SUCCESS,54.55,26.83,64.0,39.0,53,0,53,5,test36(org.jfree.data.statistics.DefaultBoxAndWhiskerCategoryDataset_ESTest);test35(org.jfree.data.statistics.DefaultBoxAndWhiskerCategoryDataset_ESTest);test38(org.jfree.data.statistics.DefaultBoxAndWhiskerCategoryDataset_ESTest);test37(org.jfree.data.statistics.DefaultBoxAndWhiskerCategoryDataset_ESTest);test39(org.jfree.data.statistics.DefaultBoxAndWhiskerCategoryDataset_ESTest),True,False,,,EvoSuite/Result_Round1/Chart_21/budget60_seed1,EvoSuite/Result_Round1/Chart_21/budget60_seed1/run.log
Chart,21,SBST,EvoSuite,1.2.0,org.jfree.data.statistics.DefaultBoxAndWhiskerCategoryDataset,,1,120,LINE:BRANCH:EXCEPTION,default,offline,True,,57,157.5,1.3,5.3,175.4,SUCCESS,SUCCESS,60.96,39.02,72.0,49.0,56,0,56,0,,False,False,,,EvoSuite/Result_Round2/Chart_21/budget120_seed1,EvoSuite/Result_Round2/Chart_21/budget120_seed1/run.log
Chart,22,SBST,EvoSuite,1.2.0,org.jfree.data.KeyedObjects2D,,1,60,LINE:BRANCH:EXCEPTION,default,offline,True,,24,81.4,1.5,3.8,140.4,SUCCESS,SUCCESS,94.48,87.84,95.0,90.0,24,0,24,4,test08(org.jfree.data.KeyedObjects2D_ESTest);test10(org.jfree.data.KeyedObjects2D_ESTest);test12(org.jfree.data.KeyedObjects2D_ESTest);test11(org.jfree.data.KeyedObjects2D_ESTest),True,False,,,EvoSuite/Result_Round1/Chart_22/budget60_seed1,EvoSuite/Result_Round1/Chart_22/budget60_seed1/run.log
Chart,22,SBST,EvoSuite,1.2.0,org.jfree.data.KeyedObjects2D,,1,120,LINE:BRANCH:EXCEPTION,default,offline,True,,27,149.5,0.7,1.9,163.6,SUCCESS,SUCCESS,96.55,91.89,97.0,93.0,27,0,27,5,test12(org.jfree.data.KeyedObjects2D_ESTest);test11(org.jfree.data.KeyedObjects2D_ESTest);test15(org.jfree.data.KeyedObjects2D_ESTest);test08(org.jfree.data.KeyedObjects2D_ESTest);test23(org.jfree.data.KeyedObjects2D_ESTest),True,False,,,EvoSuite/Result_Round2/Chart_22/budget120_seed1,EvoSuite/Result_Round2/Chart_22/budget120_seed1/run.log
Chart,23,SBST,EvoSuite,1.2.0,org.jfree.chart.renderer.category.MinMaxCategoryRenderer,,1,60,LINE:BRANCH:EXCEPTION,default,offline,True,,27,90.9,1.1,6.9,130.8,SUCCESS,SUCCESS,65.15,60.42,60.0,58.0,27,0,27,3,test18(org.jfree.chart.renderer.category.MinMaxCategoryRenderer_ESTest);test19(org.jfree.chart.renderer.category.MinMaxCategoryRenderer_ESTest);test04(org.jfree.chart.renderer.category.MinMaxCategoryRenderer_ESTest),True,False,,,EvoSuite/Result_Round1/Chart_23/budget60_seed1,EvoSuite/Result_Round1/Chart_23/budget60_seed1/run.log
Chart,23,SBST,EvoSuite,1.2.0,org.jfree.chart.renderer.category.MinMaxCategoryRenderer,,1,120,LINE:BRANCH:EXCEPTION,default,offline,True,,26,153.9,1.0,7.2,169.8,SUCCESS,SUCCESS,51.52,47.92,60.0,56.0,24,0,24,3,test14(org.jfree.chart.renderer.category.MinMaxCategoryRenderer_ESTest);test04(org.jfree.chart.renderer.category.MinMaxCategoryRenderer_ESTest);test16(org.jfree.chart.renderer.category.MinMaxCategoryRenderer_ESTest),True,False,,,EvoSuite/Result_Round2/Chart_23/budget120_seed1,EvoSuite/Result_Round2/Chart_23/budget120_seed1/run.log
Chart,24,SBST,EvoSuite,1.2.0,org.jfree.chart.renderer.GrayPaintScale,,1,60,LINE:BRANCH:EXCEPTION,default,offline,True,,8,9.9,0.8,1.3,49.1,SUCCESS,SUCCESS,100.0,100.0,100.0,100.0,8,0,8,0,,False,False,,,EvoSuite/Result_Round1/Chart_24/budget60_seed1,EvoSuite/Result_Round1/Chart_24/budget60_seed1/run.log
Chart,24,SBST,EvoSuite,1.2.0,org.jfree.chart.renderer.GrayPaintScale,,1,120,LINE:BRANCH:EXCEPTION,default,offline,True,,8,9.9,0.9,1.5,20.1,SUCCESS,SUCCESS,100.0,100.0,100.0,100.0,8,0,8,0,,False,False,,,EvoSuite/Result_Round2/Chart_24/budget120_seed1,EvoSuite/Result_Round2/Chart_24/budget120_seed1/run.log
Chart,25,SBST,EvoSuite,1.2.0,org.jfree.chart.renderer.category.StatisticalBarRenderer,,1,60,LINE:BRANCH:EXCEPTION,default,offline,True,,14,84.1,0.9,6.7,129.2,SUCCESS,SUCCESS,22.53,15.56,24.0,20.0,14,0,14,0,,False,False,,,EvoSuite/Result_Round1/Chart_25/budget60_seed1,EvoSuite/Result_Round1/Chart_25/budget60_seed1/run.log
Chart,25,SBST,EvoSuite,1.2.0,org.jfree.chart.renderer.category.StatisticalBarRenderer,,1,120,LINE:BRANCH:EXCEPTION,default,offline,True,,15,140.9,0.8,5.4,154.4,SUCCESS,SUCCESS,22.53,15.56,24.0,20.0,15,0,15,0,,False,False,,,EvoSuite/Result_Round2/Chart_25/budget120_seed1,EvoSuite/Result_Round2/Chart_25/budget120_seed1/run.log
Chart,26,SBST,EvoSuite,1.2.0,org.jfree.chart.axis.Axis,,1,60,LINE:BRANCH:EXCEPTION,default,offline,True,,49,107.6,1.1,7.0,145.9,SUCCESS,SUCCESS,82.62,71.54,82.0,76.0,49,0,49,0,,False,False,,,EvoSuite/Result_Round1/Chart_26/budget60_seed1,EvoSuite/Result_Round1/Chart_26/budget60_seed1/run.log
Chart,26,SBST,EvoSuite,1.2.0,org.jfree.chart.axis.Axis,,1,120,LINE:BRANCH:EXCEPTION,default,offline,True,,53,207.5,1.2,8.7,225.3,SUCCESS,RUNTIME_FAIL,84.9,80.77,85.0,83.0,53,1,53,1,test18(org.jfree.chart.axis.Axis_ESTest),False,False,,,EvoSuite/Result_Round2/Chart_26/budget120_seed1,EvoSuite/Result_Round2/Chart_26/budget120_seed1/run.log
Cli,2,SBST,EvoSuite,1.2.0,org.apache.commons.cli.PosixParser,,1,120,LINE:BRANCH:EXCEPTION,default,offline,True,,11,134.0,0.9,1.9,142.2,SUCCESS,SUCCESS,97.1,92.86,97.0,93.0,11,0,11,0,,False,False,,,EvoSuite/Result_Round2/Cli_2/budget120_seed1,EvoSuite/Result_Round2/Cli_2/budget120_seed1/run.log
Cli,3,SBST,EvoSuite,1.2.0,org.apache.commons.cli.TypeHandler,,1,60,LINE:BRANCH:EXCEPTION,default,offline,True,,16,68.9,0.8,1.4,86.5,SUCCESS,SUCCESS,66.1,83.33,86.0,90.0,15,0,15,0,,False,False,,,EvoSuite/Result_Round1/Cli_3/budget60_seed1,EvoSuite/Result_Round1/Cli_3/budget60_seed1/run.log
Cli,3,SBST,EvoSuite,1.2.0,org.apache.commons.cli.TypeHandler,,1,120,LINE:BRANCH:EXCEPTION,default,offline,True,,17,129.2,0.9,1.7,137.7,SUCCESS,SUCCESS,76.27,83.33,86.0,90.0,16,0,16,0,,False,False,,,EvoSuite/Result_Round2/Cli_3/budget120_seed1,EvoSuite/Result_Round2/Cli_3/budget120_seed1/run.log
Cli,4,SBST,EvoSuite,1.2.0,org.apache.commons.cli.Parser,,1,60,LINE:BRANCH:EXCEPTION,default,offline,True,,20,73.5,0.9,1.8,91.7,SUCCESS,SUCCESS,80.2,75.71,84.0,77.0,20,0,20,0,,False,False,,,EvoSuite/Result_Round1/Cli_4/budget60_seed1,EvoSuite/Result_Round1/Cli_4/budget60_seed1/run.log
Cli,4,SBST,EvoSuite,1.2.0,org.apache.commons.cli.Parser,,1,120,LINE:BRANCH:EXCEPTION,default,offline,True,,22,131.3,0.9,2.2,140.5,SUCCESS,SUCCESS,71.29,65.71,75.0,68.0,22,0,22,0,,False,False,,,EvoSuite/Result_Round2/Cli_4/budget120_seed1,EvoSuite/Result_Round2/Cli_4/budget120_seed1/run.log
Cli,5,SBST,EvoSuite,1.2.0,org.apache.commons.cli.Util,,1,60,LINE:BRANCH:EXCEPTION,default,offline,True,,8,6.3,0.6,1.1,20.7,SUCCESS,SUCCESS,100.0,100.0,100.0,100.0,8,0,8,1,test5(org.apache.commons.cli.Util_ESTest),True,False,,,EvoSuite/Result_Round1/Cli_5/budget60_seed1,EvoSuite/Result_Round1/Cli_5/budget60_seed1/run.log
Cli,5,SBST,EvoSuite,1.2.0,org.apache.commons.cli.Util,,1,120,LINE:BRANCH:EXCEPTION,default,offline,True,,8,5.9,0.6,1.0,12.3,SUCCESS,SUCCESS,100.0,100.0,100.0,100.0,8,0,8,1,test5(org.apache.commons.cli.Util_ESTest),True,False,,,EvoSuite/Result_Round2/Cli_5/budget120_seed1,EvoSuite/Result_Round2/Cli_5/budget120_seed1/run.log
Cli,7,SBST,EvoSuite,1.2.0,org.apache.commons.cli2.builder.PatternBuilder,,1,60,LINE:BRANCH:EXCEPTION,default,offline,True,,15,70.1,0.7,2.0,85.4,SUCCESS,SUCCESS,100.0,100.0,99.0,85.0,15,0,15,0,,False,False,,,EvoSuite/Result_Round1/Cli_7/budget60_seed1,EvoSuite/Result_Round1/Cli_7/budget60_seed1/run.log
Cli,7,SBST,EvoSuite,1.2.0,org.apache.commons.cli2.builder.PatternBuilder,,1,120,LINE:BRANCH:EXCEPTION,default,offline,True,,14,133.0,0.8,2.1,142.5,SUCCESS,SUCCESS,100.0,100.0,99.0,85.0,14,0,14,0,,False,False,,,EvoSuite/Result_Round2/Cli_7/budget120_seed1,EvoSuite/Result_Round2/Cli_7/budget120_seed1/run.log
Cli,8,SBST,EvoSuite,1.2.0,org.apache.commons.cli.HelpFormatter,,1,60,LINE:BRANCH:EXCEPTION,default,offline,True,,74,177.1,1.6,2.5,194.8,SUCCESS,SUCCESS,98.4,88.46,99.0,91.0,74,0,74,6,test15(org.apache.commons.cli.HelpFormatter_ESTest);test32(org.apache.commons.cli.HelpFormatter_ESTest);test35(org.apache.commons.cli.HelpFormatter_ESTest);test29(org.apache.commons.cli.HelpFormatter_ESTest);test65(org.apache.commons.cli.HelpFormatter_ESTest),True,False,,,EvoSuite/Result_Round1/Cli_8/budget60_seed1,EvoSuite/Result_Round1/Cli_8/budget60_seed1/run.log
Cli,8,SBST,EvoSuite,1.2.0,org.apache.commons.cli.HelpFormatter,,1,120,LINE:BRANCH:EXCEPTION,default,offline,True,,82,229.5,1.6,2.0,239.7,SUCCESS,SUCCESS,99.47,91.35,99.0,93.0,82,0,82,7,test51(org.apache.commons.cli.HelpFormatter_ESTest);test18(org.apache.commons.cli.HelpFormatter_ESTest);test16(org.apache.commons.cli.HelpFormatter_ESTest);test07(org.apache.commons.cli.HelpFormatter_ESTest);test74(org.apache.commons.cli.HelpFormatter_ESTest),True,False,,,EvoSuite/Result_Round2/Cli_8/budget120_seed1,EvoSuite/Result_Round2/Cli_8/budget120_seed1/run.log
Cli,9,SBST,EvoSuite,1.2.0,org.apache.commons.cli.Parser,,1,60,LINE:BRANCH:EXCEPTION,default,offline,True,,29,78.2,0.9,1.8,93.2,SUCCESS,SUCCESS,83.02,75.71,86.0,78.0,29,0,29,0,,False,False,,,EvoSuite/Result_Round1/Cli_9/budget60_seed1,EvoSuite/Result_Round1/Cli_9/budget60_seed1/run.log
Cli,9,SBST,EvoSuite,1.2.0,org.apache.commons.cli.Parser,,1,120,LINE:BRANCH:EXCEPTION,default,offline,True,,32,134.9,0.9,1.8,144.2,SUCCESS,SUCCESS,85.85,80.0,89.0,82.0,32,0,32,0,,False,False,,,EvoSuite/Result_Round2/Cli_9/budget120_seed1,EvoSuite/Result_Round2/Cli_9/budget120_seed1/run.log
Cli,10,SBST,EvoSuite,1.2.0,org.apache.commons.cli.Parser,,1,60,LINE:BRANCH:EXCEPTION,default,offline,True,,28,72.6,0.7,1.4,87.5,SUCCESS,SUCCESS,83.96,74.29,86.0,77.0,28,0,28,0,,False,False,,,EvoSuite/Result_Round1/Cli_10/budget60_seed1,EvoSuite/Result_Round1/Cli_10/budget60_seed1/run.log
Cli,10,SBST,EvoSuite,1.2.0,org.apache.commons.cli.Parser,,1,120,LINE:BRANCH:EXCEPTION,default,offline,True,,29,130.7,0.7,1.4,137.6,SUCCESS,SUCCESS,83.02,77.14,87.0,79.0,29,0,29,0,,False,False,,,EvoSuite/Result_Round2/Cli_10/budget120_seed1,EvoSuite/Result_Round2/Cli_10/budget120_seed1/run.log
Cli,11,SBST,EvoSuite,1.2.0,org.apache.commons.cli.HelpFormatter,,1,60,LINE:BRANCH:EXCEPTION,default,offline,True,,85,162.9,1.1,2.5,176.8,SUCCESS,SUCCESS,99.48,91.51,99.0,93.0,85,0,85,0,,False,False,,,EvoSuite/Result_Round1/Cli_11/budget60_seed1,EvoSuite/Result_Round1/Cli_11/budget60_seed1/run.log
Cli,11,SBST,EvoSuite,1.2.0,org.apache.commons.cli.HelpFormatter,,1,120,LINE:BRANCH:EXCEPTION,default,offline,True,,91,258.5,1.0,3.3,267.6,SUCCESS,SUCCESS,99.48,90.57,99.0,93.0,91,0,91,0,,False,False,,,EvoSuite/Result_Round2/Cli_11/budget120_seed1,EvoSuite/Result_Round2/Cli_11/budget120_seed1/run.log
Cli,12,SBST,EvoSuite,1.2.0,org.apache.commons.cli.GnuParser,,1,60,LINE:BRANCH:EXCEPTION,default,offline,True,,4,67.2,0.8,1.6,84.0,SUCCESS,SUCCESS,92.86,95.0,93.0,95.0,4,0,4,0,,False,False,,,EvoSuite/Result_Round1/Cli_12/budget60_seed1,EvoSuite/Result_Round1/Cli_12/budget60_seed1/run.log
Cli,12,SBST,EvoSuite,1.2.0,org.apache.commons.cli.GnuParser,,1,120,LINE:BRANCH:EXCEPTION,default,offline,True,,5,77.1,0.7,1.4,85.2,SUCCESS,SUCCESS,100.0,100.0,100.0,100.0,5,0,5,1,test2(org.apache.commons.cli.GnuParser_ESTest),True,False,,,EvoSuite/Result_Round2/Cli_12/budget120_seed1,EvoSuite/Result_Round2/Cli_12/budget120_seed1/run.log
Cli,13,SBST,EvoSuite,1.2.0,org.apache.commons.cli2.WriteableCommandLine;org.apache.commons.cli2.commandline.WriteableCommandLineImpl;org.apache.commons.cli2.option.ArgumentImpl,,1,60,LINE:BRANCH:EXCEPTION,default,offline,True,,74,171.9,1.3,3.7,192.2,SUCCESS,SUCCESS,94.42,94.07,99.3,98.3,75,0,75,1,test26(org.apache.commons.cli2.commandline.WriteableCommandLineImpl_ESTest),True,False,,,EvoSuite/Result_Round1/Cli_13/budget60_seed1,EvoSuite/Result_Round1/Cli_13/budget60_seed1/run.log
Cli,13,SBST,EvoSuite,1.2.0,org.apache.commons.cli2.WriteableCommandLine;org.apache.commons.cli2.commandline.WriteableCommandLineImpl;org.apache.commons.cli2.option.ArgumentImpl,,1,120,LINE:BRANCH:EXCEPTION,default,offline,True,,73,294.3,1.3,3.1,304.7,SUCCESS,SUCCESS,94.92,94.92,98.3,97.3,74,0,74,1,test26(org.apache.commons.cli2.commandline.WriteableCommandLineImpl_ESTest),True,False,,,EvoSuite/Result_Round2/Cli_13/budget120_seed1,EvoSuite/Result_Round2/Cli_13/budget120_seed1/run.log
Cli,14,SBST,EvoSuite,1.2.0,org.apache.commons.cli2.option.GroupImpl,,1,60,LINE:BRANCH:EXCEPTION,default,offline,True,,43,88.5,0.8,2.5,104.8,SUCCESS,SUCCESS,74.6,75.0,76.0,79.0,42,0,42,0,,False,False,,,EvoSuite/Result_Round1/Cli_14/budget60_seed1,EvoSuite/Result_Round1/Cli_14/budget60_seed1/run.log
Cli,14,SBST,EvoSuite,1.2.0,org.apache.commons.cli2.option.GroupImpl,,1,120,LINE:BRANCH:EXCEPTION,default,offline,True,,50,152.9,1.0,2.8,161.8,SUCCESS,SUCCESS,84.66,83.59,86.0,86.0,49,0,49,1,test31(org.apache.commons.cli2.option.GroupImpl_ESTest),True,False,,,EvoSuite/Result_Round2/Cli_14/budget120_seed1,EvoSuite/Result_Round2/Cli_14/budget120_seed1/run.log
Cli,15,SBST,EvoSuite,1.2.0,org.apache.commons.cli2.commandline.WriteableCommandLineImpl,,1,60,LINE:BRANCH:EXCEPTION,default,offline,True,,42,76.6,0.9,2.1,94.4,SUCCESS,SUCCESS,97.96,96.3,100.0,97.0,42,0,42,1,test25(org.apache.commons.cli2.commandline.WriteableCommandLineImpl_ESTest),True,False,,,EvoSuite/Result_Round1/Cli_15/budget60_seed1,EvoSuite/Result_Round1/Cli_15/budget60_seed1/run.log
Cli,15,SBST,EvoSuite,1.2.0,org.apache.commons.cli2.commandline.WriteableCommandLineImpl,,1,120,LINE:BRANCH:EXCEPTION,default,offline,True,,43,137.3,0.9,2.1,146.6,SUCCESS,SUCCESS,96.94,94.44,100.0,97.0,43,0,43,1,test26(org.apache.commons.cli2.commandline.WriteableCommandLineImpl_ESTest),True,False,,,EvoSuite/Result_Round2/Cli_15/budget120_seed1,EvoSuite/Result_Round2/Cli_15/budget120_seed1/run.log
Cli,16,SBST,EvoSuite,1.2.0,org.apache.commons.cli2.Option;org.apache.commons.cli2.commandline.WriteableCommandLineImpl;org.apache.commons.cli2.option.GroupImpl;org.apache.commons.cli2.option.OptionImpl,,1,60,LINE:BRANCH:EXCEPTION,default,offline,True,,98,241.8,1.2,3.7,262.4,SUCCESS,SUCCESS,81.77,77.93,91.5,88.8,98,0,98,3,test33(org.apache.commons.cli2.commandline.WriteableCommandLineImpl_ESTest);test34(org.apache.commons.cli2.commandline.WriteableCommandLineImpl_ESTest);test18(org.apache.commons.cli2.option.OptionImpl_ESTest),True,False,,,EvoSuite/Result_Round1/Cli_16/budget60_seed1,EvoSuite/Result_Round1/Cli_16/budget60_seed1/run.log
Cli,16,SBST,EvoSuite,1.2.0,org.apache.commons.cli2.Option;org.apache.commons.cli2.commandline.WriteableCommandLineImpl;org.apache.commons.cli2.option.GroupImpl;org.apache.commons.cli2.option.OptionImpl,,1,120,LINE:BRANCH:EXCEPTION,default,offline,True,,100,431.9,1.3,4.1,443.3,SUCCESS,RUNTIME_FAIL,84.33,82.43,93.0,91.0,99,1,99,4,test33(org.apache.commons.cli2.commandline.WriteableCommandLineImpl_ESTest);test34(org.apache.commons.cli2.commandline.WriteableCommandLineImpl_ESTest);test22(org.apache.commons.cli2.option.GroupImpl_ESTest);test17(org.apache.commons.cli2.option.OptionImpl_ESTest),False,False,,,EvoSuite/Result_Round2/Cli_16/budget120_seed1,EvoSuite/Result_Round2/Cli_16/budget120_seed1/run.log
Cli,17,SBST,EvoSuite,1.2.0,org.apache.commons.cli.PosixParser,,1,60,LINE:BRANCH:EXCEPTION,default,offline,True,,9,69.6,0.9,1.6,87.7,SUCCESS,SUCCESS,95.59,90.48,96.0,91.0,9,0,9,2,test7(org.apache.commons.cli.PosixParser_ESTest);test5(org.apache.commons.cli.PosixParser_ESTest),True,False,,,EvoSuite/Result_Round1/Cli_17/budget60_seed1,EvoSuite/Result_Round1/Cli_17/budget60_seed1/run.log
Cli,17,SBST,EvoSuite,1.2.0,org.apache.commons.cli.PosixParser,,1,120,LINE:BRANCH:EXCEPTION,default,offline,True,,8,129.1,0.8,1.6,137.8,SUCCESS,SUCCESS,97.06,92.86,97.0,93.0,8,0,8,2,test6(org.apache.commons.cli.PosixParser_ESTest);test4(org.apache.commons.cli.PosixParser_ESTest),True,False,,,EvoSuite/Result_Round2/Cli_17/budget120_seed1,EvoSuite/Result_Round2/Cli_17/budget120_seed1/run.log
Cli,18,SBST,EvoSuite,1.2.0,org.apache.commons.cli.PosixParser,,1,60,LINE:BRANCH:EXCEPTION,default,offline,True,,10,69.7,0.8,1.5,87.3,SUCCESS,SUCCESS,92.31,88.1,92.0,89.0,10,0,10,1,test3(org.apache.commons.cli.PosixParser_ESTest),True,False,,,EvoSuite/Result_Round1/Cli_18/budget60_seed1,EvoSuite/Result_Round1/Cli_18/budget60_seed1/run.log
Cli,18,SBST,EvoSuite,1.2.0,org.apache.commons.cli.PosixParser,,1,120,LINE:BRANCH:EXCEPTION,default,offline,True,,9,129.6,0.8,1.6,138.5,SUCCESS,SUCCESS,92.31,88.1,92.0,89.0,9,0,9,1,test2(org.apache.commons.cli.PosixParser_ESTest),True,False,,,EvoSuite/Result_Round2/Cli_18/budget120_seed1,EvoSuite/Result_Round2/Cli_18/budget120_seed1/run.log
Cli,19,SBST,EvoSuite,1.2.0,org.apache.commons.cli.PosixParser,,1,60,LINE:BRANCH:EXCEPTION,default,offline,True,,8,68.9,0.8,1.6,86.3,SUCCESS,SUCCESS,93.75,88.1,94.0,89.0,8,0,8,0,,False,False,,,EvoSuite/Result_Round1/Cli_19/budget60_seed1,EvoSuite/Result_Round1/Cli_19/budget60_seed1/run.log
Cli,19,SBST,EvoSuite,1.2.0,org.apache.commons.cli.PosixParser,,1,120,LINE:BRANCH:EXCEPTION,default,offline,True,,9,129.1,0.8,1.5,137.6,SUCCESS,SUCCESS,95.31,90.48,95.0,91.0,9,0,9,0,,False,False,,,EvoSuite/Result_Round2/Cli_19/budget120_seed1,EvoSuite/Result_Round2/Cli_19/budget120_seed1/run.log
Cli,20,SBST,EvoSuite,1.2.0,org.apache.commons.cli.PosixParser,,1,60,LINE:BRANCH:EXCEPTION,default,offline,True,,10,69.7,0.8,1.5,86.7,SUCCESS,SUCCESS,94.12,89.58,94.0,90.0,10,0,10,1,test9(org.apache.commons.cli.PosixParser_ESTest),True,False,,,EvoSuite/Result_Round1/Cli_20/budget60_seed1,EvoSuite/Result_Round1/Cli_20/budget60_seed1/run.log
Cli,20,SBST,EvoSuite,1.2.0,org.apache.commons.cli.PosixParser,,1,120,LINE:BRANCH:EXCEPTION,default,offline,True,,10,129.3,0.9,1.7,137.8,SUCCESS,SUCCESS,94.12,89.58,94.0,90.0,10,0,10,1,test7(org.apache.commons.cli.PosixParser_ESTest),True,False,,,EvoSuite/Result_Round2/Cli_20/budget120_seed1,EvoSuite/Result_Round2/Cli_20/budget120_seed1/run.log
Cli,21,SBST,EvoSuite,1.2.0,org.apache.commons.cli2.WriteableCommandLine;org.apache.commons.cli2.commandline.WriteableCommandLineImpl;org.apache.commons.cli2.option.GroupImpl,,1,60,LINE:BRANCH:EXCEPTION,default,offline,True,,77,166.7,0.9,2.7,186.5,SUCCESS,SUCCESS,81.76,78.57,90.3,89.0,77,0,77,2,test02(org.apache.commons.cli2.commandline.WriteableCommandLineImpl_ESTest);test39(org.apache.commons.cli2.commandline.WriteableCommandLineImpl_ESTest),True,False,,,EvoSuite/Result_Round1/Cli_21/budget60_seed1,EvoSuite/Result_Round1/Cli_21/budget60_seed1/run.log
Cli,21,SBST,EvoSuite,1.2.0,org.apache.commons.cli2.WriteableCommandLine;org.apache.commons.cli2.commandline.WriteableCommandLineImpl;org.apache.commons.cli2.option.GroupImpl,,1,120,LINE:BRANCH:EXCEPTION,default,offline,True,,80,287.9,1.3,3.9,298.4,SUCCESS,SUCCESS,86.32,82.14,93.0,91.7,78,0,78,2,test02(org.apache.commons.cli2.commandline.WriteableCommandLineImpl_ESTest);test40(org.apache.commons.cli2.commandline.WriteableCommandLineImpl_ESTest),True,False,,,EvoSuite/Result_Round2/Cli_21/budget120_seed1,EvoSuite/Result_Round2/Cli_21/budget120_seed1/run.log
Cli,22,SBST,EvoSuite,1.2.0,org.apache.commons.cli.PosixParser,,1,60,LINE:BRANCH:EXCEPTION,default,offline,True,,12,70.4,0.8,1.6,88.2,SUCCESS,SUCCESS,98.31,95.45,98.0,96.0,12,0,12,1,test11(org.apache.commons.cli.PosixParser_ESTest),True,False,,,EvoSuite/Result_Round1/Cli_22/budget60_seed1,EvoSuite/Result_Round1/Cli_22/budget60_seed1/run.log
Cli,22,SBST,EvoSuite,1.2.0,org.apache.commons.cli.PosixParser,,1,120,LINE:BRANCH:EXCEPTION,default,offline,True,,12,130.8,0.8,1.7,139.3,SUCCESS,SUCCESS,98.31,95.45,98.0,96.0,12,0,12,1,test09(org.apache.commons.cli.PosixParser_ESTest),True,False,,,EvoSuite/Result_Round2/Cli_22/budget120_seed1,EvoSuite/Result_Round2/Cli_22/budget120_seed1/run.log
Cli,23,SBST,EvoSuite,1.2.0,org.apache.commons.cli.HelpFormatter,,1,60,LINE:BRANCH:EXCEPTION,default,offline,True,,77,188.9,1.5,3.0,208.4,SUCCESS,SUCCESS,99.48,89.09,99.0,92.0,77,0,77,12,test51(org.apache.commons.cli.HelpFormatter_ESTest);test17(org.apache.commons.cli.HelpFormatter_ESTest);test14(org.apache.commons.cli.HelpFormatter_ESTest);test40(org.apache.commons.cli.HelpFormatter_ESTest);test06(org.apache.commons.cli.HelpFormatter_ESTest),True,False,,,EvoSuite/Result_Round1/Cli_23/budget60_seed1,EvoSuite/Result_Round1/Cli_23/budget60_seed1/run.log
Cli,23,SBST,EvoSuite,1.2.0,org.apache.commons.cli.HelpFormatter,,1,120,LINE:BRANCH:EXCEPTION,default,offline,True,,87,258.2,1.0,2.9,267.2,SUCCESS,SUCCESS,98.96,87.27,99.0,89.0,87,0,87,14,test19(org.apache.commons.cli.HelpFormatter_ESTest);test16(org.apache.commons.cli.HelpFormatter_ESTest);test59(org.apache.commons.cli.HelpFormatter_ESTest);test80(org.apache.commons.cli.HelpFormatter_ESTest);test41(org.apache.commons.cli.HelpFormatter_ESTest),True,False,,,EvoSuite/Result_Round2/Cli_23/budget120_seed1,EvoSuite/Result_Round2/Cli_23/budget120_seed1/run.log
Cli,24,SBST,EvoSuite,1.2.0,org.apache.commons.cli.HelpFormatter,,1,60,LINE:BRANCH:EXCEPTION,default,offline,True,,82,115.6,0.8,1.6,131.9,SUCCESS,SUCCESS,100.0,92.86,100.0,94.0,82,0,82,10,test51(org.apache.commons.cli.HelpFormatter_ESTest);test19(org.apache.commons.cli.HelpFormatter_ESTest);test53(org.apache.commons.cli.HelpFormatter_ESTest);test11(org.apache.commons.cli.HelpFormatter_ESTest);test14(org.apache.commons.cli.HelpFormatter_ESTest),True,False,,,EvoSuite/Result_Round1/Cli_24/budget60_seed1,EvoSuite/Result_Round1/Cli_24/budget60_seed1/run.log
Cli,24,SBST,EvoSuite,1.2.0,org.apache.commons.cli.HelpFormatter,,1,120,LINE:BRANCH:EXCEPTION,default,offline,True,,86,193.6,1.0,2.6,202.1,SUCCESS,SUCCESS,100.0,93.75,100.0,95.0,86,0,86,14,test52(org.apache.commons.cli.HelpFormatter_ESTest);test18(org.apache.commons.cli.HelpFormatter_ESTest);test19(org.apache.commons.cli.HelpFormatter_ESTest);test10(org.apache.commons.cli.HelpFormatter_ESTest);test15(org.apache.commons.cli.HelpFormatter_ESTest),True,False,,,EvoSuite/Result_Round2/Cli_24/budget120_seed1,EvoSuite/Result_Round2/Cli_24/budget120_seed1/run.log
Cli,25,SBST,EvoSuite,1.2.0,org.apache.commons.cli.HelpFormatter,,1,60,LINE:BRANCH:EXCEPTION,default,offline,True,,79,187.2,1.1,3.1,206.9,SUCCESS,SUCCESS,99.48,89.29,99.0,92.0,79,0,79,7,test10(org.apache.commons.cli.HelpFormatter_ESTest);test14(org.apache.commons.cli.HelpFormatter_ESTest);test16(org.apache.commons.cli.HelpFormatter_ESTest);test02(org.apache.commons.cli.HelpFormatter_ESTest);test46(org.apache.commons.cli.HelpFormatter_ESTest),True,False,,,EvoSuite/Result_Round1/Cli_25/budget60_seed1,EvoSuite/Result_Round1/Cli_25/budget60_seed1/run.log
Cli,25,SBST,EvoSuite,1.2.0,org.apache.commons.cli.HelpFormatter,,1,120,LINE:BRANCH:EXCEPTION,default,offline,True,,79,252.5,1.1,3.1,262.8,SUCCESS,SUCCESS,99.48,89.29,99.0,92.0,79,0,79,9,test12(org.apache.commons.cli.HelpFormatter_ESTest);test13(org.apache.commons.cli.HelpFormatter_ESTest);test15(org.apache.commons.cli.HelpFormatter_ESTest);test07(org.apache.commons.cli.HelpFormatter_ESTest);test01(org.apache.commons.cli.HelpFormatter_ESTest),True,False,,,EvoSuite/Result_Round2/Cli_25/budget120_seed1,EvoSuite/Result_Round2/Cli_25/budget120_seed1/run.log
Cli,26,SBST,EvoSuite,1.2.0,org.apache.commons.cli.OptionBuilder,,1,60,LINE:BRANCH:EXCEPTION,default,offline,True,,19,68.7,0.7,1.4,85.0,SUCCESS,SUCCESS,98.33,100.0,97.0,100.0,19,0,19,0,,False,False,,,EvoSuite/Result_Round1/Cli_26/budget60_seed1,EvoSuite/Result_Round1/Cli_26/budget60_seed1/run.log
Cli,26,SBST,EvoSuite,1.2.0,org.apache.commons.cli.OptionBuilder,,1,120,LINE:BRANCH:EXCEPTION,default,offline,True,,19,129.1,0.8,1.5,137.4,SUCCESS,SUCCESS,98.33,100.0,97.0,100.0,19,0,19,0,,False,False,,,EvoSuite/Result_Round2/Cli_26/budget120_seed1,EvoSuite/Result_Round2/Cli_26/budget120_seed1/run.log
Cli,27,SBST,EvoSuite,1.2.0,org.apache.commons.cli.OptionGroup,,1,60,LINE:BRANCH:EXCEPTION,default,offline,True,,9,9.9,0.8,1.5,25.4,SUCCESS,SUCCESS,100.0,100.0,100.0,100.0,9,0,9,0,,False,False,,,EvoSuite/Result_Round1/Cli_27/budget60_seed1,EvoSuite/Result_Round1/Cli_27/budget60_seed1/run.log
Cli,27,SBST,EvoSuite,1.2.0,org.apache.commons.cli.OptionGroup,,1,120,LINE:BRANCH:EXCEPTION,default,offline,True,,9,9.2,0.8,1.4,17.5,SUCCESS,SUCCESS,100.0,100.0,100.0,100.0,9,0,9,0,,False,False,,,EvoSuite/Result_Round2/Cli_27/budget120_seed1,EvoSuite/Result_Round2/Cli_27/budget120_seed1/run.log
Cli,28,SBST,EvoSuite,1.2.0,org.apache.commons.cli.Parser,,1,60,LINE:BRANCH:EXCEPTION,default,offline,True,,25,73.6,0.9,2.4,90.6,SUCCESS,SUCCESS,78.22,69.12,83.0,74.0,25,0,25,0,,False,False,,,EvoSuite/Result_Round1/Cli_28/budget60_seed1,EvoSuite/Result_Round1/Cli_28/budget60_seed1/run.log
Cli,28,SBST,EvoSuite,1.2.0,org.apache.commons.cli.Parser,,1,120,LINE:BRANCH:EXCEPTION,default,offline,True,,28,132.6,0.8,1.4,140.6,SUCCESS,SUCCESS,85.15,79.41,89.0,82.0,28,0,28,0,,False,False,,,EvoSuite/Result_Round2/Cli_28/budget120_seed1,EvoSuite/Result_Round2/Cli_28/budget120_seed1/run.log
Cli,29,SBST,EvoSuite,1.2.0,org.apache.commons.cli.Util,,1,60,LINE:BRANCH:EXCEPTION,default,offline,True,,11,7.8,0.6,1.1,20.3,SUCCESS,SUCCESS,100.0,100.0,100.0,100.0,11,0,11,2,test03(org.apache.commons.cli.Util_ESTest);test02(org.apache.commons.cli.Util_ESTest),True,False,,,EvoSuite/Result_Round1/Cli_29/budget60_seed1,EvoSuite/Result_Round1/Cli_29/budget60_seed1/run.log
Cli,29,SBST,EvoSuite,1.2.0,org.apache.commons.cli.Util,,1,120,LINE:BRANCH:EXCEPTION,default,offline,True,,11,7.7,0.6,1.1,14.0,SUCCESS,SUCCESS,100.0,100.0,100.0,100.0,11,0,11,2,test03(org.apache.commons.cli.Util_ESTest);test02(org.apache.commons.cli.Util_ESTest),True,False,,,EvoSuite/Result_Round2/Cli_29/budget120_seed1,EvoSuite/Result_Round2/Cli_29/budget120_seed1/run.log
Cli,30,SBST,EvoSuite,1.2.0,org.apache.commons.cli.DefaultParser;org.apache.commons.cli.Parser,,1,60,LINE:BRANCH:EXCEPTION,default,offline,True,,57,146.2,0.7,1.5,159.2,SUCCESS,SUCCESS,66.55,52.56,71.0,58.5,57,0,57,0,,False,False,,,EvoSuite/Result_Round1/Cli_30/budget60_seed1,EvoSuite/Result_Round1/Cli_30/budget60_seed1/run.log
Cli,30,SBST,EvoSuite,1.2.0,org.apache.commons.cli.DefaultParser;org.apache.commons.cli.Parser,,1,120,LINE:BRANCH:EXCEPTION,default,offline,True,,53,260.2,0.8,2.0,267.5,SUCCESS,SUCCESS,71.62,54.7,75.5,61.5,53,0,53,0,,False,False,,,EvoSuite/Result_Round2/Cli_30/budget120_seed1,EvoSuite/Result_Round2/Cli_30/budget120_seed1/run.log
Cli,31,SBST,EvoSuite,1.2.0,org.apache.commons.cli.HelpFormatter;org.apache.commons.cli.Option;org.apache.commons.cli.OptionBuilder,,1,60,LINE:BRANCH:EXCEPTION,default,offline,True,,158,319.3,1.1,2.4,333.1,SUCCESS,SUCCESS,98.68,93.4,98.3,97.0,158,0,158,4,test07(org.apache.commons.cli.HelpFormatter_ESTest);test06(org.apache.commons.cli.HelpFormatter_ESTest);test38(org.apache.commons.cli.HelpFormatter_ESTest);test39(org.apache.commons.cli.Option_ESTest),True,False,,,EvoSuite/Result_Round1/Cli_31/budget60_seed1,EvoSuite/Result_Round1/Cli_31/budget60_seed1/run.log
Cli,31,SBST,EvoSuite,1.2.0,org.apache.commons.cli.HelpFormatter;org.apache.commons.cli.Option;org.apache.commons.cli.OptionBuilder,,1,120,LINE:BRANCH:EXCEPTION,default,offline,True,,157,483.9,1.2,2.9,492.6,SUCCESS,SUCCESS,98.68,93.4,98.3,97.0,157,0,157,2,test05(org.apache.commons.cli.HelpFormatter_ESTest);test38(org.apache.commons.cli.Option_ESTest),True,False,,,EvoSuite/Result_Round2/Cli_31/budget120_seed1,EvoSuite/Result_Round2/Cli_31/budget120_seed1/run.log
Cli,32,SBST,EvoSuite,1.2.0,org.apache.commons.cli.HelpFormatter,,1,60,LINE:BRANCH:EXCEPTION,default,offline,True,,87,191.3,1.0,2.3,206.2,SUCCESS,SUCCESS,98.98,90.35,99.0,92.0,87,0,87,13,test50(org.apache.commons.cli.HelpFormatter_ESTest);test19(org.apache.commons.cli.HelpFormatter_ESTest);test53(org.apache.commons.cli.HelpFormatter_ESTest);test56(org.apache.commons.cli.HelpFormatter_ESTest);test55(org.apache.commons.cli.HelpFormatter_ESTest),True,False,,,EvoSuite/Result_Round1/Cli_32/budget60_seed1,EvoSuite/Result_Round1/Cli_32/budget60_seed1/run.log
Cli,32,SBST,EvoSuite,1.2.0,org.apache.commons.cli.HelpFormatter,,1,120,LINE:BRANCH:EXCEPTION,default,offline,True,,92,250.5,1.1,2.4,258.6,SUCCESS,SUCCESS,99.49,92.11,100.0,94.0,92,0,92,9,test13(org.apache.commons.cli.HelpFormatter_ESTest);test41(org.apache.commons.cli.HelpFormatter_ESTest);test07(org.apache.commons.cli.HelpFormatter_ESTest);test43(org.apache.commons.cli.HelpFormatter_ESTest);test01(org.apache.commons.cli.HelpFormatter_ESTest),True,False,,,EvoSuite/Result_Round2/Cli_32/budget120_seed1,EvoSuite/Result_Round2/Cli_32/budget120_seed1/run.log
Cli,33,SBST,EvoSuite,1.2.0,org.apache.commons.cli.HelpFormatter,,1,60,LINE:BRANCH:EXCEPTION,default,offline,True,,82,176.3,0.8,2.3,190.6,SUCCESS,SUCCESS,98.55,90.68,99.0,92.0,82,0,82,0,,False,False,,,EvoSuite/Result_Round1/Cli_33/budget60_seed1,EvoSuite/Result_Round1/Cli_33/budget60_seed1/run.log
Cli,33,SBST,EvoSuite,1.2.0,org.apache.commons.cli.HelpFormatter,,1,120,LINE:BRANCH:EXCEPTION,default,offline,True,,92,264.8,1.0,3.0,273.6,SUCCESS,SUCCESS,99.52,93.22,100.0,94.0,92,0,92,0,,False,False,,,EvoSuite/Result_Round2/Cli_33/budget120_seed1,EvoSuite/Result_Round2/Cli_33/budget120_seed1/run.log
Cli,34,SBST,EvoSuite,1.2.0,org.apache.commons.cli.Option;org.apache.commons.cli.OptionBuilder,,1,60,LINE:BRANCH:EXCEPTION,default,offline,True,,76,146.3,0.9,1.8,162.4,SUCCESS,SUCCESS,98.31,96.59,97.5,99.0,76,0,76,1,test20(org.apache.commons.cli.Option_ESTest),True,False,,,EvoSuite/Result_Round1/Cli_34/budget60_seed1,EvoSuite/Result_Round1/Cli_34/budget60_seed1/run.log
Cli,34,SBST,EvoSuite,1.2.0,org.apache.commons.cli.Option;org.apache.commons.cli.OptionBuilder,,1,120,LINE:BRANCH:EXCEPTION,default,offline,True,,76,263.5,0.7,1.3,271.5,SUCCESS,SUCCESS,98.88,96.59,97.5,99.0,76,0,76,1,test20(org.apache.commons.cli.Option_ESTest),True,False,,,EvoSuite/Result_Round2/Cli_34/budget120_seed1,EvoSuite/Result_Round2/Cli_34/budget120_seed1/run.log
Cli,35,SBST,EvoSuite,1.2.0,org.apache.commons.cli.Options,,1,60,LINE:BRANCH:EXCEPTION,default,offline,True,,27,12.3,0.6,1.2,25.3,SUCCESS,SUCCESS,100.0,100.0,100.0,100.0,27,0,27,0,,False,False,,,EvoSuite/Result_Round1/Cli_35/budget60_seed1,EvoSuite/Result_Round1/Cli_35/budget60_seed1/run.log
Cli,35,SBST,EvoSuite,1.2.0,org.apache.commons.cli.Options,,1,120,LINE:BRANCH:EXCEPTION,default,offline,True,,27,12.3,0.6,1.4,19.0,SUCCESS,SUCCESS,100.0,100.0,100.0,100.0,27,0,27,0,,False,False,,,EvoSuite/Result_Round2/Cli_35/budget120_seed1,EvoSuite/Result_Round2/Cli_35/budget120_seed1/run.log
Cli,36,SBST,EvoSuite,1.2.0,org.apache.commons.cli.OptionGroup;org.apache.commons.cli.Options,,1,60,LINE:BRANCH:EXCEPTION,default,offline,True,,36,25.1,0.8,1.7,39.4,SUCCESS,SUCCESS,100.0,100.0,100.0,100.0,36,0,36,1,test1(org.apache.commons.cli.OptionGroup_ESTest),True,False,,,EvoSuite/Result_Round1/Cli_36/budget60_seed1,EvoSuite/Result_Round1/Cli_36/budget60_seed1/run.log
Cli,36,SBST,EvoSuite,1.2.0,org.apache.commons.cli.OptionGroup;org.apache.commons.cli.Options,,1,120,LINE:BRANCH:EXCEPTION,default,offline,True,,36,25.7,0.8,1.7,34.0,SUCCESS,SUCCESS,100.0,100.0,100.0,100.0,36,0,36,1,test1(org.apache.commons.cli.OptionGroup_ESTest),True,False,,,EvoSuite/Result_Round2/Cli_36/budget120_seed1,EvoSuite/Result_Round2/Cli_36/budget120_seed1/run.log
Cli,37,SBST,EvoSuite,1.2.0,org.apache.commons.cli.DefaultParser,,1,60,LINE:BRANCH:EXCEPTION,default,offline,True,,22,73.1,0.8,1.6,88.7,SUCCESS,SUCCESS,60.73,43.04,62.0,45.0,22,0,22,0,,False,False,,,EvoSuite/Result_Round1/Cli_37/budget60_seed1,EvoSuite/Result_Round1/Cli_37/budget60_seed1/run.log
Cli,37,SBST,EvoSuite,1.2.0,org.apache.commons.cli.DefaultParser,,1,120,LINE:BRANCH:EXCEPTION,default,offline,True,,25,134.4,0.8,1.7,142.7,SUCCESS,SUCCESS,65.97,49.37,71.0,55.0,25,0,25,0,,False,False,,,EvoSuite/Result_Round2/Cli_37/budget120_seed1,EvoSuite/Result_Round2/Cli_37/budget120_seed1/run.log
Cli,38,SBST,EvoSuite,1.2.0,org.apache.commons.cli.DefaultParser,,1,60,LINE:BRANCH:EXCEPTION,default,offline,True,,19,73.1,0.9,2.0,89.1,SUCCESS,SUCCESS,49.22,34.15,52.0,38.0,19,0,19,0,,False,False,,,EvoSuite/Result_Round1/Cli_38/budget60_seed1,EvoSuite/Result_Round1/Cli_38/budget60_seed1/run.log
Cli,38,SBST,EvoSuite,1.2.0,org.apache.commons.cli.DefaultParser,,1,120,LINE:BRANCH:EXCEPTION,default,offline,True,,26,134.7,0.8,1.7,143.4,SUCCESS,SUCCESS,64.77,47.56,68.0,51.0,26,0,26,0,,False,False,,,EvoSuite/Result_Round2/Cli_38/budget120_seed1,EvoSuite/Result_Round2/Cli_38/budget120_seed1/run.log
Cli,39,SBST,EvoSuite,1.2.0,org.apache.commons.cli.TypeHandler,,1,60,LINE:BRANCH:EXCEPTION,default,offline,True,,25,24.9,1.0,1.5,40.8,SUCCESS,SUCCESS,73.33,100.0,100.0,100.0,25,0,25,3,test01(org.apache.commons.cli.TypeHandler_ESTest);test00(org.apache.commons.cli.TypeHandler_ESTest);test22(org.apache.commons.cli.TypeHandler_ESTest),True,False,,,EvoSuite/Result_Round1/Cli_39/budget60_seed1,EvoSuite/Result_Round1/Cli_39/budget60_seed1/run.log
Cli,39,SBST,EvoSuite,1.2.0,org.apache.commons.cli.TypeHandler,,1,120,LINE:BRANCH:EXCEPTION,default,offline,True,,26,33.1,0.9,1.5,41.2,SUCCESS,SUCCESS,77.78,100.0,100.0,100.0,26,0,26,3,test01(org.apache.commons.cli.TypeHandler_ESTest);test23(org.apache.commons.cli.TypeHandler_ESTest);test02(org.apache.commons.cli.TypeHandler_ESTest),True,False,,,EvoSuite/Result_Round2/Cli_39/budget120_seed1,EvoSuite/Result_Round2/Cli_39/budget120_seed1/run.log
Cli,40,SBST,EvoSuite,1.2.0,org.apache.commons.cli.TypeHandler,,1,60,LINE:BRANCH:EXCEPTION,default,offline,True,,18,68.3,0.8,1.4,83.6,SUCCESS,SUCCESS,64.44,60.0,82.0,72.0,18,0,18,1,test17(org.apache.commons.cli.TypeHandler_ESTest),True,False,,,EvoSuite/Result_Round1/Cli_40/budget60_seed1,EvoSuite/Result_Round1/Cli_40/budget60_seed1/run.log
Cli,40,SBST,EvoSuite,1.2.0,org.apache.commons.cli.TypeHandler,,1,120,LINE:BRANCH:EXCEPTION,default,offline,True,,18,128.2,0.8,1.4,136.2,SUCCESS,SUCCESS,64.44,60.0,82.0,72.0,18,0,18,1,test17(org.apache.commons.cli.TypeHandler_ESTest),True,False,,,EvoSuite/Result_Round2/Cli_40/budget120_seed1,EvoSuite/Result_Round2/Cli_40/budget120_seed1/run.log
Closure,2,SBST,EvoSuite,1.2.0,com.google.javascript.jscomp.TypeCheck,,1,120,LINE:BRANCH:EXCEPTION,default,offline,True,,22,179.6,1.1,10.6,210.3,SUCCESS,SUCCESS,19.46,7.12,13.0,20.0,22,0,22,0,,False,False,,,EvoSuite/Result_Round2/Closure_2/budget120_seed1,EvoSuite/Result_Round2/Closure_2/budget120_seed1/run.log
Closure,3,SBST,EvoSuite,1.2.0,com.google.javascript.jscomp.FlowSensitiveInlineVariables,,1,60,LINE:BRANCH:EXCEPTION,default,offline,True,,5,88.3,0.9,6.9,155.2,SUCCESS,SUCCESS,25.58,4.55,6.0,3.0,4,0,4,0,,False,False,,,EvoSuite/Result_Round1/Closure_3/budget60_seed1,EvoSuite/Result_Round1/Closure_3/budget60_seed1/run.log
Closure,3,SBST,EvoSuite,1.2.0,com.google.javascript.jscomp.FlowSensitiveInlineVariables,,1,120,LINE:BRANCH:EXCEPTION,default,offline,True,,4,146.7,0.9,6.7,172.4,SUCCESS,SUCCESS,25.58,4.55,6.0,3.0,4,0,4,0,,False,False,,,EvoSuite/Result_Round2/Closure_3/budget120_seed1,EvoSuite/Result_Round2/Closure_3/budget120_seed1/run.log
Closure,4,SBST,EvoSuite,1.2.0,com.google.javascript.rhino.jstype.NamedType,,1,60,LINE:BRANCH:EXCEPTION,default,offline,True,,21,80.0,0.9,4.1,141.6,SUCCESS,SUCCESS,72.36,54.65,74.0,58.0,20,0,20,0,,False,False,,,EvoSuite/Result_Round1/Closure_4/budget60_seed1,EvoSuite/Result_Round1/Closure_4/budget60_seed1/run.log
Closure,4,SBST,EvoSuite,1.2.0,com.google.javascript.rhino.jstype.NamedType,,1,120,LINE:BRANCH:EXCEPTION,default,offline,True,,24,143.1,1.0,4.3,166.2,SUCCESS,SUCCESS,78.05,72.09,79.0,74.0,23,0,23,0,,False,False,,,EvoSuite/Result_Round2/Closure_4/budget120_seed1,EvoSuite/Result_Round2/Closure_4/budget120_seed1/run.log
Closure,5,SBST,EvoSuite,1.2.0,com.google.javascript.jscomp.InlineObjectLiterals,,1,60,LINE:BRANCH:EXCEPTION,default,offline,True,,3,81.1,1.0,6.8,146.3,SUCCESS,SUCCESS,71.43,,4.0,2.0,3,0,3,0,,False,False,,,EvoSuite/Result_Round1/Closure_5/budget60_seed1,EvoSuite/Result_Round1/Closure_5/budget60_seed1/run.log
Closure,5,SBST,EvoSuite,1.2.0,com.google.javascript.jscomp.InlineObjectLiterals,,1,120,LINE:BRANCH:EXCEPTION,default,offline,True,,3,143.3,0.9,6.5,168.6,SUCCESS,SUCCESS,71.43,,4.0,2.0,3,0,3,0,,False,False,,,EvoSuite/Result_Round2/Closure_5/budget120_seed1,EvoSuite/Result_Round2/Closure_5/budget120_seed1/run.log
Closure,6,SBST,EvoSuite,1.2.0,com.google.javascript.jscomp.TypeValidator,,1,60,LINE:BRANCH:EXCEPTION,default,offline,True,,31,112.3,1.1,9.7,181.6,SUCCESS,SUCCESS,37.36,19.59,37.0,23.0,31,0,31,0,,False,False,,,EvoSuite/Result_Round1/Closure_6/budget60_seed1,EvoSuite/Result_Round1/Closure_6/budget60_seed1/run.log
Closure,6,SBST,EvoSuite,1.2.0,com.google.javascript.jscomp.TypeValidator,,1,120,LINE:BRANCH:EXCEPTION,default,offline,True,,31,207.5,1.0,12.2,239.0,SUCCESS,SUCCESS,28.68,11.86,30.0,16.0,31,0,31,0,,False,False,,,EvoSuite/Result_Round2/Closure_6/budget120_seed1,EvoSuite/Result_Round2/Closure_6/budget120_seed1/run.log
Closure,7,SBST,EvoSuite,1.2.0,com.google.javascript.jscomp.type.ChainableReverseAbstractInterpreter,,1,60,LINE:BRANCH:EXCEPTION,default,offline,True,,48,90.9,1.1,4.1,154.9,SUCCESS,SUCCESS,56.34,53.33,55.0,52.0,47,0,47,0,,False,False,,,EvoSuite/Result_Round1/Closure_7/budget60_seed1,EvoSuite/Result_Round1/Closure_7/budget60_seed1/run.log
Closure,7,SBST,EvoSuite,1.2.0,com.google.javascript.jscomp.type.ChainableReverseAbstractInterpreter,,1,120,LINE:BRANCH:EXCEPTION,default,offline,True,,56,154.3,1.1,4.2,178.2,SUCCESS,SUCCESS,52.11,55.56,58.0,55.0,54,0,54,0,,False,False,,,EvoSuite/Result_Round2/Closure_7/budget120_seed1,EvoSuite/Result_Round2/Closure_7/budget120_seed1/run.log
Closure,8,SBST,EvoSuite,1.2.0,com.google.javascript.jscomp.CollapseVariableDeclarations,,1,60,LINE:BRANCH:EXCEPTION,default,offline,True,,5,85.3,1.0,7.1,151.4,SUCCESS,SUCCESS,29.27,12.5,49.0,47.0,5,0,5,0,,False,False,,,EvoSuite/Result_Round1/Closure_8/budget60_seed1,EvoSuite/Result_Round1/Closure_8/budget60_seed1/run.log
Closure,8,SBST,EvoSuite,1.2.0,com.google.javascript.jscomp.CollapseVariableDeclarations,,1,120,LINE:BRANCH:EXCEPTION,default,offline,True,,5,144.9,1.0,7.7,172.8,SUCCESS,SUCCESS,26.83,18.75,27.0,21.0,5,0,5,0,,False,False,,,EvoSuite/Result_Round2/Closure_8/budget120_seed1,EvoSuite/Result_Round2/Closure_8/budget120_seed1/run.log
Closure,9,SBST,EvoSuite,1.2.0,com.google.javascript.jscomp.ProcessCommonJSModules,,1,60,LINE:BRANCH:EXCEPTION,default,offline,True,,14,87.8,0.9,6.7,153.8,SUCCESS,SUCCESS,100.0,100.0,35.0,31.0,14,0,14,0,,False,False,,,EvoSuite/Result_Round1/Closure_9/budget60_seed1,EvoSuite/Result_Round1/Closure_9/budget60_seed1/run.log
Closure,9,SBST,EvoSuite,1.2.0,com.google.javascript.jscomp.ProcessCommonJSModules,,1,120,LINE:BRANCH:EXCEPTION,default,offline,True,,15,152.3,0.8,6.7,178.3,SUCCESS,SUCCESS,100.0,100.0,70.0,73.0,15,0,15,0,,False,False,,,EvoSuite/Result_Round2/Closure_9/budget120_seed1,EvoSuite/Result_Round2/Closure_9/budget120_seed1/run.log
Closure,10,SBST,EvoSuite,1.2.0,com.google.javascript.jscomp.NodeUtil,,1,60,LINE:BRANCH:EXCEPTION,default,offline,True,,149,162.3,1.2,18.6,234.0,SUCCESS,SUCCESS,30.22,17.74,34.0,38.0,149,0,149,0,,False,False,,,EvoSuite/Result_Round1/Closure_10/budget60_seed1,EvoSuite/Result_Round1/Closure_10/budget60_seed1/run.log
Closure,10,SBST,EvoSuite,1.2.0,com.google.javascript.jscomp.NodeUtil,,1,120,LINE:BRANCH:EXCEPTION,default,offline,True,,209,251.2,1.2,25.2,296.7,SUCCESS,SUCCESS,40.66,26.85,43.0,46.0,209,0,209,0,,False,False,,,EvoSuite/Result_Round2/Closure_10/budget120_seed1,EvoSuite/Result_Round2/Closure_10/budget120_seed1/run.log
Closure,11,SBST,EvoSuite,1.2.0,com.google.javascript.jscomp.TypeCheck,,1,60,LINE:BRANCH:EXCEPTION,default,offline,True,,20,147.3,1.2,11.6,220.3,SUCCESS,SUCCESS,20.1,7.52,14.0,20.0,19,0,19,0,,False,False,,,EvoSuite/Result_Round1/Closure_11/budget60_seed1,EvoSuite/Result_Round1/Closure_11/budget60_seed1/run.log
Closure,11,SBST,EvoSuite,1.2.0,com.google.javascript.jscomp.TypeCheck,,1,120,LINE:BRANCH:EXCEPTION,default,offline,True,,26,193.9,1.3,13.3,231.1,SUCCESS,SUCCESS,22.16,9.36,16.0,22.0,25,0,25,0,,False,False,,,EvoSuite/Result_Round2/Closure_11/budget120_seed1,EvoSuite/Result_Round2/Closure_11/budget120_seed1/run.log
Closure,12,SBST,EvoSuite,1.2.0,com.google.javascript.jscomp.MaybeReachingVariableUse,,1,60,LINE:BRANCH:EXCEPTION,default,offline,True,,11,88.9,1.3,9.1,173.8,SUCCESS,SUCCESS,28.57,8.7,40.0,36.0,11,0,11,2,test01(com.google.javascript.jscomp.MaybeReachingVariableUse_ESTest);test02(com.google.javascript.jscomp.MaybeReachingVariableUse_ESTest),True,False,,,EvoSuite/Result_Round1/Closure_12/budget60_seed1,EvoSuite/Result_Round1/Closure_12/budget60_seed1/run.log
Closure,12,SBST,EvoSuite,1.2.0,com.google.javascript.jscomp.MaybeReachingVariableUse,,1,120,LINE:BRANCH:EXCEPTION,default,offline,True,,13,150.1,1.2,8.5,181.5,SUCCESS,SUCCESS,28.57,8.7,40.0,36.0,13,0,13,1,test03(com.google.javascript.jscomp.MaybeReachingVariableUse_ESTest),True,False,,,EvoSuite/Result_Round2/Closure_12/budget120_seed1,EvoSuite/Result_Round2/Closure_12/budget120_seed1/run.log
Closure,13,SBST,EvoSuite,1.2.0,com.google.javascript.jscomp.PeepholeOptimizationsPass,,1,60,LINE:BRANCH:EXCEPTION,default,offline,True,,5,90.7,1.2,8.6,174.2,SUCCESS,SUCCESS,87.3,71.05,88.0,76.0,4,0,4,0,,False,False,,,EvoSuite/Result_Round1/Closure_13/budget60_seed1,EvoSuite/Result_Round1/Closure_13/budget60_seed1/run.log
Closure,13,SBST,EvoSuite,1.2.0,com.google.javascript.jscomp.PeepholeOptimizationsPass,,1,120,LINE:BRANCH:EXCEPTION,default,offline,True,,7,150.1,1.2,9.0,182.6,SUCCESS,SUCCESS,87.3,78.95,88.0,82.0,7,0,7,0,,False,False,,,EvoSuite/Result_Round2/Closure_13/budget120_seed1,EvoSuite/Result_Round2/Closure_13/budget120_seed1/run.log
Closure,14,SBST,EvoSuite,1.2.0,com.google.javascript.jscomp.ControlFlowAnalysis,,1,60,LINE:BRANCH:EXCEPTION,default,offline,True,,39,125.8,1.3,10.7,210.2,SUCCESS,SUCCESS,37.44,34.31,40.0,49.0,39,0,39,0,,False,False,,,EvoSuite/Result_Round1/Closure_14/budget60_seed1,EvoSuite/Result_Round1/Closure_14/budget60_seed1/run.log
Closure,14,SBST,EvoSuite,1.2.0,com.google.javascript.jscomp.ControlFlowAnalysis,,1,120,LINE:BRANCH:EXCEPTION,default,offline,True,,35,210.1,1.5,5.5,238.4,SUCCESS,SUCCESS,36.41,32.85,40.0,48.0,32,0,32,0,,False,False,,,EvoSuite/Result_Round2/Closure_14/budget120_seed1,EvoSuite/Result_Round2/Closure_14/budget120_seed1/run.log
Closure,15,SBST,EvoSuite,1.2.0,com.google.javascript.jscomp.FlowSensitiveInlineVariables,,1,60,LINE:BRANCH:EXCEPTION,default,offline,True,,4,72.0,0.7,5.1,124.2,SUCCESS,SUCCESS,25.0,5.0,6.0,3.0,4,0,4,0,,False,False,,,EvoSuite/Result_Round1/Closure_15/budget60_seed1,EvoSuite/Result_Round1/Closure_15/budget60_seed1/run.log
Closure,15,SBST,EvoSuite,1.2.0,com.google.javascript.jscomp.FlowSensitiveInlineVariables,,1,120,LINE:BRANCH:EXCEPTION,default,offline,True,,4,132.9,0.7,5.0,153.0,SUCCESS,SUCCESS,27.5,10.0,7.0,4.0,4,0,4,0,,False,False,,,EvoSuite/Result_Round2/Closure_15/budget120_seed1,EvoSuite/Result_Round2/Closure_15/budget120_seed1/run.log
Closure,16,SBST,EvoSuite,1.2.0,com.google.javascript.jscomp.ScopedAliases,,1,60,LINE:BRANCH:EXCEPTION,default,offline,True,,6,73.1,0.7,4.8,124.2,SUCCESS,SUCCESS,64.1,38.89,22.0,17.0,6,0,6,0,,False,False,,,EvoSuite/Result_Round1/Closure_16/budget60_seed1,EvoSuite/Result_Round1/Closure_16/budget60_seed1/run.log
Closure,16,SBST,EvoSuite,1.2.0,com.google.javascript.jscomp.ScopedAliases,,1,120,LINE:BRANCH:EXCEPTION,default,offline,True,,6,134.5,0.7,4.9,154.3,SUCCESS,SUCCESS,64.1,38.89,23.0,20.0,6,0,6,0,,False,False,,,EvoSuite/Result_Round2/Closure_16/budget120_seed1,EvoSuite/Result_Round2/Closure_16/budget120_seed1/run.log
Closure,17,SBST,EvoSuite,1.2.0,com.google.javascript.jscomp.TypedScopeCreator,,1,60,LINE:BRANCH:EXCEPTION,default,offline,True,,11,79.4,0.7,4.9,129.2,SUCCESS,SUCCESS,64.66,12.5,24.0,15.0,11,0,11,0,,False,False,,,EvoSuite/Result_Round1/Closure_17/budget60_seed1,EvoSuite/Result_Round1/Closure_17/budget60_seed1/run.log
Closure,17,SBST,EvoSuite,1.2.0,com.google.javascript.jscomp.TypedScopeCreator,,1,120,LINE:BRANCH:EXCEPTION,default,offline,True,,14,145.6,0.7,5.4,165.7,SUCCESS,SUCCESS,86.21,45.83,20.0,11.0,13,0,13,0,,False,False,,,EvoSuite/Result_Round2/Closure_17/budget120_seed1,EvoSuite/Result_Round2/Closure_17/budget120_seed1/run.log
Closure,18,SBST,EvoSuite,1.2.0,com.google.javascript.jscomp.Compiler,,1,60,LINE:BRANCH:EXCEPTION,default,offline,True,,132,141.3,1.0,8.6,194.3,SUCCESS,RUNTIME_FAIL,62.34,48.31,55.0,46.0,132,1,132,1,test094(com.google.javascript.jscomp.Compiler_ESTest),False,False,,,EvoSuite/Result_Round1/Closure_18/budget60_seed1,EvoSuite/Result_Round1/Closure_18/budget60_seed1/run.log
Closure,18,SBST,EvoSuite,1.2.0,com.google.javascript.jscomp.Compiler,,1,120,LINE:BRANCH:EXCEPTION,default,offline,True,,146,205.8,1.0,9.1,230.3,SUCCESS,RUNTIME_FAIL,61.08,48.02,55.0,48.0,144,1,144,1,test081(com.google.javascript.jscomp.Compiler_ESTest),False,False,,,EvoSuite/Result_Round2/Closure_18/budget120_seed1,EvoSuite/Result_Round2/Closure_18/budget120_seed1/run.log
Closure,19,SBST,EvoSuite,1.2.0,com.google.javascript.jscomp.type.ChainableReverseAbstractInterpreter,,1,60,LINE:BRANCH:EXCEPTION,default,offline,True,,49,83.0,0.8,2.8,130.9,SUCCESS,SUCCESS,57.75,55.56,57.0,52.0,48,0,48,1,test22(com.google.javascript.jscomp.type.ChainableReverseAbstractInterpreter_ESTest),True,False,,,EvoSuite/Result_Round1/Closure_19/budget60_seed1,EvoSuite/Result_Round1/Closure_19/budget60_seed1/run.log
Closure,19,SBST,EvoSuite,1.2.0,com.google.javascript.jscomp.type.ChainableReverseAbstractInterpreter,,1,120,LINE:BRANCH:EXCEPTION,default,offline,True,,54,145.8,0.8,3.0,163.9,SUCCESS,SUCCESS,56.34,48.89,65.0,61.0,52,0,52,1,test22(com.google.javascript.jscomp.type.ChainableReverseAbstractInterpreter_ESTest),True,False,,,EvoSuite/Result_Round2/Closure_19/budget120_seed1,EvoSuite/Result_Round2/Closure_19/budget120_seed1/run.log
Closure,20,SBST,EvoSuite,1.2.0,com.google.javascript.jscomp.PeepholeSubstituteAlternateSyntax,,1,60,LINE:BRANCH:EXCEPTION,default,offline,True,,24,86.7,0.7,5.0,138.4,SUCCESS,SUCCESS,7.37,7.09,7.0,10.0,23,0,23,0,,False,False,,,EvoSuite/Result_Round1/Closure_20/budget60_seed1,EvoSuite/Result_Round1/Closure_20/budget60_seed1/run.log
Closure,20,SBST,EvoSuite,1.2.0,com.google.javascript.jscomp.PeepholeSubstituteAlternateSyntax,,1,120,LINE:BRANCH:EXCEPTION,default,offline,True,,33,154.9,0.7,5.7,175.8,SUCCESS,SUCCESS,9.52,10.34,11.0,14.0,31,0,31,0,,False,False,,,EvoSuite/Result_Round2/Closure_20/budget120_seed1,EvoSuite/Result_Round2/Closure_20/budget120_seed1/run.log
Closure,21,SBST,EvoSuite,1.2.0,com.google.javascript.jscomp.CheckSideEffects,,1,60,LINE:BRANCH:EXCEPTION,default,offline,True,,11,79.1,0.8,6.0,131.3,SUCCESS,SUCCESS,72.41,84.38,72.0,78.0,11,0,11,0,,False,False,,,EvoSuite/Result_Round1/Closure_21/budget60_seed1,EvoSuite/Result_Round1/Closure_21/budget60_seed1/run.log
Closure,21,SBST,EvoSuite,1.2.0,com.google.javascript.jscomp.CheckSideEffects,,1,120,LINE:BRANCH:EXCEPTION,default,offline,True,,11,143.7,0.9,8.4,168.6,SUCCESS,SUCCESS,72.41,84.38,75.0,87.0,9,0,9,0,,False,False,,,EvoSuite/Result_Round2/Closure_21/budget120_seed1,EvoSuite/Result_Round2/Closure_21/budget120_seed1/run.log
Closure,22,SBST,EvoSuite,1.2.0,com.google.javascript.jscomp.CheckSideEffects,,1,60,LINE:BRANCH:EXCEPTION,default,offline,True,,9,82.9,0.9,6.8,156.3,SUCCESS,SUCCESS,72.41,84.38,75.0,84.0,9,0,9,1,test0(com.google.javascript.jscomp.CheckSideEffects_ESTest),True,False,,,EvoSuite/Result_Round1/Closure_22/budget60_seed1,EvoSuite/Result_Round1/Closure_22/budget60_seed1/run.log
Closure,22,SBST,EvoSuite,1.2.0,com.google.javascript.jscomp.CheckSideEffects,,1,120,LINE:BRANCH:EXCEPTION,default,offline,True,,13,147.0,1.0,8.9,175.6,SUCCESS,SUCCESS,72.41,84.38,75.0,84.0,12,0,12,2,test01(com.google.javascript.jscomp.CheckSideEffects_ESTest);test02(com.google.javascript.jscomp.CheckSideEffects_ESTest),True,False,,,EvoSuite/Result_Round2/Closure_22/budget120_seed1,EvoSuite/Result_Round2/Closure_22/budget120_seed1/run.log
Closure,23,SBST,EvoSuite,1.2.0,com.google.javascript.jscomp.PeepholeFoldConstants,,1,60,LINE:BRANCH:EXCEPTION,default,offline,True,,20,102.2,1.4,10.0,189.3,SUCCESS,SUCCESS,6.46,2.75,5.0,21.0,20,0,20,0,,False,False,,,EvoSuite/Result_Round1/Closure_23/budget60_seed1,EvoSuite/Result_Round1/Closure_23/budget60_seed1/run.log
Closure,23,SBST,EvoSuite,1.2.0,com.google.javascript.jscomp.PeepholeFoldConstants,,1,120,LINE:BRANCH:EXCEPTION,default,offline,True,,36,160.4,0.8,5.2,190.5,SUCCESS,SUCCESS,12.48,8.44,12.0,27.0,36,0,36,0,,False,False,,,EvoSuite/Result_Round2/Closure_23/budget120_seed1,EvoSuite/Result_Round2/Closure_23/budget120_seed1/run.log
Closure,24,SBST,EvoSuite,1.2.0,com.google.javascript.jscomp.ScopedAliases,,1,60,LINE:BRANCH:EXCEPTION,default,offline,True,,7,78.5,0.7,5.1,129.5,SUCCESS,SUCCESS,64.1,38.89,26.0,23.0,7,0,7,0,,False,False,,,EvoSuite/Result_Round1/Closure_24/budget60_seed1,EvoSuite/Result_Round1/Closure_24/budget60_seed1/run.log
Closure,24,SBST,EvoSuite,1.2.0,com.google.javascript.jscomp.ScopedAliases,,1,120,LINE:BRANCH:EXCEPTION,default,offline,True,,7,133.4,0.8,5.1,154.0,SUCCESS,SUCCESS,64.1,38.89,26.0,23.0,7,0,7,0,,False,False,,,EvoSuite/Result_Round2/Closure_24/budget120_seed1,EvoSuite/Result_Round2/Closure_24/budget120_seed1/run.log
Closure,25,SBST,EvoSuite,1.2.0,com.google.javascript.jscomp.TypeInference,,1,60,LINE:BRANCH:EXCEPTION,default,offline,True,,25,95.1,0.8,5.5,149.2,SUCCESS,SUCCESS,20.34,11.54,19.0,29.0,25,0,25,0,,False,False,,,EvoSuite/Result_Round1/Closure_25/budget60_seed1,EvoSuite/Result_Round1/Closure_25/budget60_seed1/run.log
Closure,25,SBST,EvoSuite,1.2.0,com.google.javascript.jscomp.TypeInference,,1,120,LINE:BRANCH:EXCEPTION,default,offline,True,,30,155.9,0.9,5.7,176.8,SUCCESS,SUCCESS,10.85,5.13,11.0,27.0,30,0,30,0,,False,False,,,EvoSuite/Result_Round2/Closure_25/budget120_seed1,EvoSuite/Result_Round2/Closure_25/budget120_seed1/run.log
Closure,26,SBST,EvoSuite,1.2.0,com.google.javascript.jscomp.ProcessCommonJSModules,,1,60,LINE:BRANCH:EXCEPTION,default,offline,True,,13,87.5,1.4,11.4,146.0,SUCCESS,SUCCESS,100.0,100.0,64.0,59.0,13,0,13,0,,False,False,,,EvoSuite/Result_Round1/Closure_26/budget60_seed1,EvoSuite/Result_Round1/Closure_26/budget60_seed1/run.log
Closure,26,SBST,EvoSuite,1.2.0,com.google.javascript.jscomp.ProcessCommonJSModules,,1,120,LINE:BRANCH:EXCEPTION,default,offline,True,,16,161.9,1.5,10.7,198.9,SUCCESS,SUCCESS,100.0,100.0,83.0,80.0,15,0,15,0,,False,False,,,EvoSuite/Result_Round2/Closure_26/budget120_seed1,EvoSuite/Result_Round2/Closure_26/budget120_seed1/run.log
Closure,27,SBST,EvoSuite,1.2.0,com.google.javascript.rhino.IR,,1,60,LINE:BRANCH:EXCEPTION,default,offline,True,,167,115.8,1.2,4.7,196.6,SUCCESS,SUCCESS,76.47,80.0,86.0,77.0,167,0,167,1,test114(com.google.javascript.rhino.IR_ESTest),True,False,,,EvoSuite/Result_Round1/Closure_27/budget60_seed1,EvoSuite/Result_Round1/Closure_27/budget60_seed1/run.log
Closure,27,SBST,EvoSuite,1.2.0,com.google.javascript.rhino.IR,,1,120,LINE:BRANCH:EXCEPTION,default,offline,True,,195,181.8,1.6,6.0,213.5,SUCCESS,SUCCESS,79.14,86.67,89.0,86.0,195,0,195,1,test000(com.google.javascript.rhino.IR_ESTest),True,False,,,EvoSuite/Result_Round2/Closure_27/budget120_seed1,EvoSuite/Result_Round2/Closure_27/budget120_seed1/run.log
Closure,28,SBST,EvoSuite,1.2.0,com.google.javascript.jscomp.InlineCostEstimator,,1,60,LINE:BRANCH:EXCEPTION,default,offline,True,,9,75.4,1.3,4.0,162.7,SUCCESS,SUCCESS,100.0,,85.0,91.0,9,0,9,1,test8(com.google.javascript.jscomp.InlineCostEstimator_ESTest),True,False,,,EvoSuite/Result_Round1/Closure_28/budget60_seed1,EvoSuite/Result_Round1/Closure_28/budget60_seed1/run.log
Closure,28,SBST,EvoSuite,1.2.0,com.google.javascript.jscomp.InlineCostEstimator,,1,120,LINE:BRANCH:EXCEPTION,default,offline,True,,9,130.9,0.8,2.3,158.0,SUCCESS,SUCCESS,100.0,,93.0,100.0,9,0,9,1,test8(com.google.javascript.jscomp.InlineCostEstimator_ESTest),True,False,,,EvoSuite/Result_Round2/Closure_28/budget120_seed1,EvoSuite/Result_Round2/Closure_28/budget120_seed1/run.log
Closure,29,SBST,EvoSuite,1.2.0,com.google.javascript.jscomp.InlineObjectLiterals,,1,60,LINE:BRANCH:EXCEPTION,default,offline,True,,4,84.1,1.5,11.3,167.2,SUCCESS,RUNTIME_FAIL,71.43,,6.0,2.0,4,1,4,1,test2(com.google.javascript.jscomp.InlineObjectLiterals_ESTest),False,False,,,EvoSuite/Result_Round1/Closure_29/budget60_seed1,EvoSuite/Result_Round1/Closure_29/budget60_seed1/run.log
Closure,29,SBST,EvoSuite,1.2.0,com.google.javascript.jscomp.InlineObjectLiterals,,1,120,LINE:BRANCH:EXCEPTION,default,offline,True,,3,142.5,0.9,6.8,175.0,SUCCESS,SUCCESS,71.43,,4.0,2.0,3,0,3,0,,False,False,,,EvoSuite/Result_Round2/Closure_29/budget120_seed1,EvoSuite/Result_Round2/Closure_29/budget120_seed1/run.log
Closure,30,SBST,EvoSuite,1.2.0,com.google.javascript.jscomp.FlowSensitiveInlineVariables;com.google.javascript.jscomp.MustBeReachingVariableDef,,1,60,LINE:BRANCH:EXCEPTION,default,offline,True,,19,182.4,0.8,6.5,262.1,SUCCESS,SUCCESS,25.0,8.91,19.0,16.0,18,0,18,3,test0(com.google.javascript.jscomp.FlowSensitiveInlineVariables_ESTest);test3(com.google.javascript.jscomp.FlowSensitiveInlineVariables_ESTest);test13(com.google.javascript.jscomp.MustBeReachingVariableDef_ESTest),True,False,,,EvoSuite/Result_Round1/Closure_30/budget60_seed1,EvoSuite/Result_Round1/Closure_30/budget60_seed1/run.log
Closure,30,SBST,EvoSuite,1.2.0,com.google.javascript.jscomp.FlowSensitiveInlineVariables;com.google.javascript.jscomp.MustBeReachingVariableDef,,1,120,LINE:BRANCH:EXCEPTION,default,offline,True,,46,293.9,0.8,7.2,316.4,SUCCESS,SUCCESS,37.82,31.68,27.0,28.5,45,0,45,1,test0(com.google.javascript.jscomp.FlowSensitiveInlineVariables_ESTest),True,False,,,EvoSuite/Result_Round2/Closure_30/budget120_seed1,EvoSuite/Result_Round2/Closure_30/budget120_seed1/run.log
Closure,31,SBST,EvoSuite,1.2.0,com.google.javascript.jscomp.Compiler,,1,60,LINE:BRANCH:EXCEPTION,default,offline,True,,132,140.8,1.0,8.9,194.5,SUCCESS,RUNTIME_FAIL,60.68,49.11,54.0,47.0,132,2,132,2,test121(com.google.javascript.jscomp.Compiler_ESTest);test019(com.google.javascript.jscomp.Compiler_ESTest),False,False,,,EvoSuite/Result_Round1/Closure_31/budget60_seed1,EvoSuite/Result_Round1/Closure_31/budget60_seed1/run.log
Closure,31,SBST,EvoSuite,1.2.0,com.google.javascript.jscomp.Compiler,,1,120,LINE:BRANCH:EXCEPTION,default,offline,True,,139,200.1,0.9,8.4,223.7,SUCCESS,RUNTIME_FAIL,57.85,47.04,52.0,47.0,138,3,138,3,test121(com.google.javascript.jscomp.Compiler_ESTest);test009(com.google.javascript.jscomp.Compiler_ESTest);test039(com.google.javascript.jscomp.Compiler_ESTest),False,False,,,EvoSuite/Result_Round2/Closure_31/budget120_seed1,EvoSuite/Result_Round2/Closure_31/budget120_seed1/run.log
Closure,32,SBST,EvoSuite,1.2.0,com.google.javascript.jscomp.parsing.JsDocInfoParser,,1,60,LINE:BRANCH:EXCEPTION,default,offline,True,,19,85.2,0.7,3.2,132.2,SUCCESS,SUCCESS,20.28,16.75,21.0,20.0,16,0,16,0,,False,False,,,EvoSuite/Result_Round1/Closure_32/budget60_seed1,EvoSuite/Result_Round1/Closure_32/budget60_seed1/run.log
Closure,32,SBST,EvoSuite,1.2.0,com.google.javascript.jscomp.parsing.JsDocInfoParser,,1,120,LINE:BRANCH:EXCEPTION,default,offline,True,,21,142.1,0.8,3.1,160.3,SUCCESS,SUCCESS,19.0,14.33,19.0,18.0,20,0,20,0,,False,False,,,EvoSuite/Result_Round2/Closure_32/budget120_seed1,EvoSuite/Result_Round2/Closure_32/budget120_seed1/run.log
Closure,33,SBST,EvoSuite,1.2.0,com.google.javascript.rhino.jstype.PrototypeObjectType,,1,60,LINE:BRANCH:EXCEPTION,default,offline,True,,57,90.1,0.8,2.6,136.2,SUCCESS,SUCCESS,82.95,72.53,83.0,75.0,56,0,56,0,,False,False,,,EvoSuite/Result_Round1/Closure_33/budget60_seed1,EvoSuite/Result_Round1/Closure_33/budget60_seed1/run.log
Closure,33,SBST,EvoSuite,1.2.0,com.google.javascript.rhino.jstype.PrototypeObjectType,,1,120,LINE:BRANCH:EXCEPTION,default,offline,True,,61,151.3,0.8,2.7,169.0,SUCCESS,SUCCESS,84.79,75.82,86.0,78.0,60,0,60,0,,False,False,,,EvoSuite/Result_Round2/Closure_33/budget120_seed1,EvoSuite/Result_Round2/Closure_33/budget120_seed1/run.log
Closure,34,SBST,EvoSuite,1.2.0,com.google.javascript.jscomp.CodeGenerator;com.google.javascript.jscomp.CodePrinter,,1,60,LINE:BRANCH:EXCEPTION,default,offline,True,,57,150.3,0.8,2.9,197.6,SUCCESS,SUCCESS,25.12,19.78,36.5,29.0,57,0,57,0,,False,False,,,EvoSuite/Result_Round1/Closure_34/budget60_seed1,EvoSuite/Result_Round1/Closure_34/budget60_seed1/run.log
Closure,34,SBST,EvoSuite,1.2.0,com.google.javascript.jscomp.CodeGenerator;com.google.javascript.jscomp.CodePrinter,,1,120,LINE:BRANCH:EXCEPTION,default,offline,True,,55,268.9,0.8,3.0,286.4,SUCCESS,SUCCESS,23.19,17.2,35.5,28.5,55,0,55,0,,False,False,,,EvoSuite/Result_Round2/Closure_34/budget120_seed1,EvoSuite/Result_Round2/Closure_34/budget120_seed1/run.log
Closure,35,SBST,EvoSuite,1.2.0,com.google.javascript.jscomp.TypeInference,,1,60,LINE:BRANCH:EXCEPTION,default,offline,True,,14,81.6,0.8,5.3,147.1,SUCCESS,SUCCESS,8.82,3.5,8.0,23.0,14,0,14,0,,False,False,,,EvoSuite/Result_Round1/Closure_35/budget60_seed1,EvoSuite/Result_Round1/Closure_35/budget60_seed1/run.log
Closure,35,SBST,EvoSuite,1.2.0,com.google.javascript.jscomp.TypeInference,,1,120,LINE:BRANCH:EXCEPTION,default,offline,True,,7,135.3,0.7,4.7,154.9,SUCCESS,RUNTIME_FAIL,1.5,0.5,6.0,22.0,7,4,7,4,test6(com.google.javascript.jscomp.TypeInference_ESTest);test2(com.google.javascript.jscomp.TypeInference_ESTest);test5(com.google.javascript.jscomp.TypeInference_ESTest);test1(com.google.javascript.jscomp.TypeInference_ESTest),False,False,,,EvoSuite/Result_Round2/Closure_35/budget120_seed1,EvoSuite/Result_Round2/Closure_35/budget120_seed1/run.log
Closure,36,SBST,EvoSuite,1.2.0,com.google.javascript.jscomp.InlineVariables,,1,60,LINE:BRANCH:EXCEPTION,default,offline,True,,3,70.0,0.7,4.2,116.8,SUCCESS,SUCCESS,80.0,75.0,6.0,4.0,3,0,3,0,,False,False,,,EvoSuite/Result_Round1/Closure_36/budget60_seed1,EvoSuite/Result_Round1/Closure_36/budget60_seed1/run.log
Closure,36,SBST,EvoSuite,1.2.0,com.google.javascript.jscomp.InlineVariables,,1,120,LINE:BRANCH:EXCEPTION,default,offline,True,,3,129.9,0.7,4.3,148.7,SUCCESS,SUCCESS,80.0,75.0,6.0,4.0,3,0,3,0,,False,False,,,EvoSuite/Result_Round2/Closure_36/budget120_seed1,EvoSuite/Result_Round2/Closure_36/budget120_seed1/run.log
Closure,37,SBST,EvoSuite,1.2.0,com.google.javascript.jscomp.NodeTraversal;com.google.javascript.jscomp.parsing.IRFactory,,1,60,LINE:BRANCH:EXCEPTION,default,offline,True,,48,172.5,0.9,6.9,221.5,SUCCESS,RUNTIME_FAIL,38.36,20.09,37.5,29.5,47,1,47,1,test32(com.google.javascript.jscomp.NodeTraversal_ESTest),False,False,,,EvoSuite/Result_Round1/Closure_37/budget60_seed1,EvoSuite/Result_Round1/Closure_37/budget60_seed1/run.log
Closure,37,SBST,EvoSuite,1.2.0,com.google.javascript.jscomp.NodeTraversal;com.google.javascript.jscomp.parsing.IRFactory,,1,120,LINE:BRANCH:EXCEPTION,default,offline,True,,57,302.4,0.9,7.0,324.2,SUCCESS,SUCCESS,42.92,26.2,44.5,50.0,55,0,55,0,,False,False,,,EvoSuite/Result_Round2/Closure_37/budget120_seed1,EvoSuite/Result_Round2/Closure_37/budget120_seed1/run.log
Closure,38,SBST,EvoSuite,1.2.0,com.google.javascript.jscomp.CodeConsumer,,1,60,LINE:BRANCH:EXCEPTION,default,offline,True,,6,66.6,0.6,1.1,109.8,SUCCESS,SUCCESS,2.68,13.64,3.0,10.0,6,0,6,0,,False,False,,,EvoSuite/Result_Round1/Closure_38/budget60_seed1,EvoSuite/Result_Round1/Closure_38/budget60_seed1/run.log
Closure,38,SBST,EvoSuite,1.2.0,com.google.javascript.jscomp.CodeConsumer,,1,120,LINE:BRANCH:EXCEPTION,default,offline,True,,6,126.4,0.6,1.1,141.6,SUCCESS,SUCCESS,2.68,13.64,3.0,10.0,6,0,6,0,,False,False,,,EvoSuite/Result_Round2/Closure_38/budget120_seed1,EvoSuite/Result_Round2/Closure_38/budget120_seed1/run.log
Closure,39,SBST,EvoSuite,1.2.0,com.google.javascript.rhino.jstype.PrototypeObjectType,,1,60,LINE:BRANCH:EXCEPTION,default,offline,True,,46,86.4,0.7,2.5,130.8,SUCCESS,SUCCESS,84.8,71.51,86.0,73.0,46,0,46,0,,False,False,,,EvoSuite/Result_Round1/Closure_39/budget60_seed1,EvoSuite/Result_Round1/Closure_39/budget60_seed1/run.log
Closure,39,SBST,EvoSuite,1.2.0,com.google.javascript.rhino.jstype.PrototypeObjectType,,1,120,LINE:BRANCH:EXCEPTION,default,offline,True,,55,151.7,0.8,2.5,168.6,SUCCESS,SUCCESS,86.76,75.58,87.0,78.0,54,0,54,1,test23(com.google.javascript.rhino.jstype.PrototypeObjectType_ESTest),True,False,,,EvoSuite/Result_Round2/Closure_39/budget120_seed1,EvoSuite/Result_Round2/Closure_39/budget120_seed1/run.log
Closure,40,SBST,EvoSuite,1.2.0,com.google.javascript.jscomp.NameAnalyzer,,1,60,LINE:BRANCH:EXCEPTION,default,offline,True,,7,77.8,0.7,4.5,124.1,SUCCESS,SUCCESS,52.76,43.04,47.0,43.0,7,0,7,0,,False,False,,,EvoSuite/Result_Round1/Closure_40/budget60_seed1,EvoSuite/Result_Round1/Closure_40/budget60_seed1/run.log
Closure,40,SBST,EvoSuite,1.2.0,com.google.javascript.jscomp.NameAnalyzer,,1,120,LINE:BRANCH:EXCEPTION,default,offline,True,,6,135.5,0.7,4.7,154.4,SUCCESS,SUCCESS,38.67,26.09,34.0,25.0,6,0,6,0,,False,False,,,EvoSuite/Result_Round2/Closure_40/budget120_seed1,EvoSuite/Result_Round2/Closure_40/budget120_seed1/run.log
Closure,41,SBST,EvoSuite,1.2.0,com.google.javascript.jscomp.FunctionTypeBuilder,,1,60,LINE:BRANCH:EXCEPTION,default,offline,True,,36,94.0,0.7,5.2,140.9,SUCCESS,SUCCESS,52.63,36.73,49.0,38.0,35,0,35,0,,False,False,,,EvoSuite/Result_Round1/Closure_41/budget60_seed1,EvoSuite/Result_Round1/Closure_41/budget60_seed1/run.log
Closure,41,SBST,EvoSuite,1.2.0,com.google.javascript.jscomp.FunctionTypeBuilder,,1,120,LINE:BRANCH:EXCEPTION,default,offline,True,,37,155.8,0.7,5.2,175.5,SUCCESS,SUCCESS,62.11,47.35,56.0,47.0,36,0,36,0,,False,False,,,EvoSuite/Result_Round2/Closure_41/budget120_seed1,EvoSuite/Result_Round2/Closure_41/budget120_seed1/run.log
Closure,42,SBST,EvoSuite,1.2.0,com.google.javascript.jscomp.parsing.IRFactory,,1,60,LINE:BRANCH:EXCEPTION,default,offline,True,,15,83.3,0.7,3.0,128.5,SUCCESS,SUCCESS,35.96,18.71,20.0,9.0,15,0,15,1,test12(com.google.javascript.jscomp.parsing.IRFactory_ESTest),True,False,,,EvoSuite/Result_Round1/Closure_42/budget60_seed1,EvoSuite/Result_Round1/Closure_42/budget60_seed1/run.log
Closure,42,SBST,EvoSuite,1.2.0,com.google.javascript.jscomp.parsing.IRFactory,,1,120,LINE:BRANCH:EXCEPTION,default,offline,True,,12,160.7,0.7,3.3,178.4,SUCCESS,SUCCESS,39.47,18.71,19.0,9.0,12,0,12,0,,False,False,,,EvoSuite/Result_Round2/Closure_42/budget120_seed1,EvoSuite/Result_Round2/Closure_42/budget120_seed1/run.log
Closure,43,SBST,EvoSuite,1.2.0,com.google.javascript.jscomp.TypedScopeCreator,,1,60,LINE:BRANCH:EXCEPTION,default,offline,True,,10,78.3,0.7,4.5,124.7,SUCCESS,SUCCESS,78.45,37.5,29.0,17.0,8,0,8,0,,False,False,,,EvoSuite/Result_Round1/Closure_43/budget60_seed1,EvoSuite/Result_Round1/Closure_43/budget60_seed1/run.log
Closure,43,SBST,EvoSuite,1.2.0,com.google.javascript.jscomp.TypedScopeCreator,,1,120,LINE:BRANCH:EXCEPTION,default,offline,True,,13,140.0,0.7,4.9,159.1,SUCCESS,RUNTIME_FAIL,55.17,4.17,24.0,14.0,10,1,10,1,test2(com.google.javascript.jscomp.TypedScopeCreator_ESTest),False,False,,,EvoSuite/Result_Round2/Closure_43/budget120_seed1,EvoSuite/Result_Round2/Closure_43/budget120_seed1/run.log
Closure,44,SBST,EvoSuite,1.2.0,com.google.javascript.jscomp.CodeConsumer,,1,60,LINE:BRANCH:EXCEPTION,default,offline,True,,6,66.4,0.6,1.1,109.4,SUCCESS,SUCCESS,2.7,14.06,3.0,10.0,6,0,6,0,,False,False,,,EvoSuite/Result_Round1/Closure_44/budget60_seed1,EvoSuite/Result_Round1/Closure_44/budget60_seed1/run.log
Closure,44,SBST,EvoSuite,1.2.0,com.google.javascript.jscomp.CodeConsumer,,1,120,LINE:BRANCH:EXCEPTION,default,offline,True,,6,126.6,0.6,1.1,141.8,SUCCESS,SUCCESS,2.7,14.06,3.0,10.0,6,0,6,0,,False,False,,,EvoSuite/Result_Round2/Closure_44/budget120_seed1,EvoSuite/Result_Round2/Closure_44/budget120_seed1/run.log
Closure,45,SBST,EvoSuite,1.2.0,com.google.javascript.jscomp.RemoveUnusedVars,,1,60,LINE:BRANCH:EXCEPTION,default,offline,True,,6,77.2,0.7,4.8,123.3,SUCCESS,SUCCESS,24.07,11.83,16.0,9.0,6,0,6,0,,False,False,,,EvoSuite/Result_Round1/Closure_45/budget60_seed1,EvoSuite/Result_Round1/Closure_45/budget60_seed1/run.log
Closure,45,SBST,EvoSuite,1.2.0,com.google.javascript.jscomp.RemoveUnusedVars,,1,120,LINE:BRANCH:EXCEPTION,default,offline,True,,13,141.3,0.7,4.8,160.3,SUCCESS,SUCCESS,30.09,15.98,24.0,13.0,11,0,11,0,,False,False,,,EvoSuite/Result_Round2/Closure_45/budget120_seed1,EvoSuite/Result_Round2/Closure_45/budget120_seed1/run.log
Closure,46,SBST,EvoSuite,1.2.0,com.google.javascript.rhino.jstype.RecordType,,1,60,LINE:BRANCH:EXCEPTION,default,offline,True,,23,73.3,0.7,2.2,117.4,SUCCESS,SUCCESS,91.84,79.17,92.0,80.0,19,0,19,0,,False,False,,,EvoSuite/Result_Round1/Closure_46/budget60_seed1,EvoSuite/Result_Round1/Closure_46/budget60_seed1/run.log
Closure,46,SBST,EvoSuite,1.2.0,com.google.javascript.rhino.jstype.RecordType,,1,120,LINE:BRANCH:EXCEPTION,default,offline,True,,24,133.3,0.7,2.3,149.5,SUCCESS,SUCCESS,91.84,79.17,92.0,80.0,19,0,19,0,,False,False,,,EvoSuite/Result_Round2/Closure_46/budget120_seed1,EvoSuite/Result_Round2/Closure_46/budget120_seed1/run.log
Closure,47,SBST,EvoSuite,1.2.0,com.google.debugging.sourcemap.SourceMapConsumerV3;com.google.javascript.jscomp.SourceMap,,1,60,LINE:BRANCH:EXCEPTION,default,offline,True,,15,136.0,0.7,2.5,180.1,SUCCESS,SUCCESS,8.3,1.72,8.0,4.0,15,0,15,0,,False,False,,,EvoSuite/Result_Round1/Closure_47/budget60_seed1,EvoSuite/Result_Round1/Closure_47/budget60_seed1/run.log
Closure,47,SBST,EvoSuite,1.2.0,com.google.debugging.sourcemap.SourceMapConsumerV3;com.google.javascript.jscomp.SourceMap,,1,120,LINE:BRANCH:EXCEPTION,default,offline,True,,15,256.0,0.7,2.5,272.8,SUCCESS,SUCCESS,8.73,1.72,8.0,4.0,15,0,15,0,,False,False,,,EvoSuite/Result_Round2/Closure_47/budget120_seed1,EvoSuite/Result_Round2/Closure_47/budget120_seed1/run.log
Closure,48,SBST,EvoSuite,1.2.0,com.google.javascript.jscomp.TypedScopeCreator,,1,60,LINE:BRANCH:EXCEPTION,default,offline,True,,14,80.3,0.7,4.7,126.7,SUCCESS,SUCCESS,86.21,45.83,30.0,17.0,14,0,14,0,,False,False,,,EvoSuite/Result_Round1/Closure_48/budget60_seed1,EvoSuite/Result_Round1/Closure_48/budget60_seed1/run.log
Closure,48,SBST,EvoSuite,1.2.0,com.google.javascript.jscomp.TypedScopeCreator,,1,120,LINE:BRANCH:EXCEPTION,default,offline,True,,17,143.7,0.7,4.8,162.8,SUCCESS,SUCCESS,86.21,45.83,22.0,12.0,15,0,15,0,,False,False,,,EvoSuite/Result_Round2/Closure_48/budget120_seed1,EvoSuite/Result_Round2/Closure_48/budget120_seed1/run.log
Closure,49,SBST,EvoSuite,1.2.0,com.google.javascript.jscomp.MakeDeclaredNamesUnique,,1,60,LINE:BRANCH:EXCEPTION,default,offline,True,,23,87.1,0.7,5.1,134.2,SUCCESS,SUCCESS,59.46,46.94,59.0,55.0,23,0,23,1,test09(com.google.javascript.jscomp.MakeDeclaredNamesUnique_ESTest),True,False,,,EvoSuite/Result_Round1/Closure_49/budget60_seed1,EvoSuite/Result_Round1/Closure_49/budget60_seed1/run.log
Closure,49,SBST,EvoSuite,1.2.0,com.google.javascript.jscomp.MakeDeclaredNamesUnique,,1,120,LINE:BRANCH:EXCEPTION,default,offline,True,,28,148.1,0.7,5.3,167.9,SUCCESS,SUCCESS,60.81,48.98,62.0,59.0,27,0,27,1,test01(com.google.javascript.jscomp.MakeDeclaredNamesUnique_ESTest),True,False,,,EvoSuite/Result_Round2/Closure_49/budget120_seed1,EvoSuite/Result_Round2/Closure_49/budget120_seed1/run.log
Closure,50,SBST,EvoSuite,1.2.0,com.google.javascript.jscomp.PeepholeReplaceKnownMethods,,1,60,LINE:BRANCH:EXCEPTION,default,offline,True,,6,72.4,0.7,4.4,119.0,SUCCESS,SUCCESS,10.9,7.91,11.0,8.0,6,0,6,0,,False,False,,,EvoSuite/Result_Round1/Closure_50/budget60_seed1,EvoSuite/Result_Round1/Closure_50/budget60_seed1/run.log
Closure,50,SBST,EvoSuite,1.2.0,com.google.javascript.jscomp.PeepholeReplaceKnownMethods,,1,120,LINE:BRANCH:EXCEPTION,default,offline,True,,6,132.2,0.7,4.6,151.1,SUCCESS,SUCCESS,7.05,5.14,7.0,5.0,6,0,6,0,,False,False,,,EvoSuite/Result_Round2/Closure_50/budget120_seed1,EvoSuite/Result_Round2/Closure_50/budget120_seed1/run.log
Closure,51,SBST,EvoSuite,1.2.0,com.google.javascript.jscomp.CodeConsumer,,1,60,LINE:BRANCH:EXCEPTION,default,offline,True,,6,66.4,0.6,1.1,109.2,SUCCESS,SUCCESS,2.75,15.0,3.0,11.0,6,0,6,2,test4(com.google.javascript.jscomp.CodeConsumer_ESTest);test5(com.google.javascript.jscomp.CodeConsumer_ESTest),True,False,,,EvoSuite/Result_Round1/Closure_51/budget60_seed1,EvoSuite/Result_Round1/Closure_51/budget60_seed1/run.log
Closure,51,SBST,EvoSuite,1.2.0,com.google.javascript.jscomp.CodeConsumer,,1,120,LINE:BRANCH:EXCEPTION,default,offline,True,,6,126.5,0.6,1.1,141.7,SUCCESS,SUCCESS,2.75,15.0,3.0,11.0,6,0,6,2,test4(com.google.javascript.jscomp.CodeConsumer_ESTest);test5(com.google.javascript.jscomp.CodeConsumer_ESTest),True,False,,,EvoSuite/Result_Round2/Closure_51/budget120_seed1,EvoSuite/Result_Round2/Closure_51/budget120_seed1/run.log
Closure,52,SBST,EvoSuite,1.2.0,com.google.javascript.jscomp.CodeGenerator,,1,60,LINE:BRANCH:EXCEPTION,default,offline,True,,42,77.7,0.7,2.0,121.2,SUCCESS,SUCCESS,16.67,13.25,19.0,12.0,42,0,42,0,,False,False,,,EvoSuite/Result_Round1/Closure_52/budget60_seed1,EvoSuite/Result_Round1/Closure_52/budget60_seed1/run.log
Closure,52,SBST,EvoSuite,1.2.0,com.google.javascript.jscomp.CodeGenerator,,1,120,LINE:BRANCH:EXCEPTION,default,offline,True,,46,138.5,0.7,2.1,154.9,SUCCESS,SUCCESS,18.88,15.89,21.0,13.0,46,0,46,0,,False,False,,,EvoSuite/Result_Round2/Closure_52/budget120_seed1,EvoSuite/Result_Round2/Closure_52/budget120_seed1/run.log
Closure,53,SBST,EvoSuite,1.2.0,com.google.javascript.jscomp.InlineObjectLiterals,,1,60,LINE:BRANCH:EXCEPTION,default,offline,True,,2,69.8,0.7,4.4,115.8,SUCCESS,SUCCESS,71.43,,5.0,2.0,2,0,2,0,,False,False,,,EvoSuite/Result_Round1/Closure_53/budget60_seed1,EvoSuite/Result_Round1/Closure_53/budget60_seed1/run.log
Closure,53,SBST,EvoSuite,1.2.0,com.google.javascript.jscomp.InlineObjectLiterals,,1,120,LINE:BRANCH:EXCEPTION,default,offline,True,,4,132.3,0.7,5.0,151.4,SUCCESS,SUCCESS,71.43,,9.0,5.0,4,0,4,0,,False,False,,,EvoSuite/Result_Round2/Closure_53/budget120_seed1,EvoSuite/Result_Round2/Closure_53/budget120_seed1/run.log
Closure,54,SBST,EvoSuite,1.2.0,com.google.javascript.jscomp.TypedScopeCreator;com.google.javascript.rhino.jstype.FunctionType,,1,60,LINE:BRANCH:EXCEPTION,default,offline,True,,100,199.1,0.9,6.4,247.5,SUCCESS,SUCCESS,77.1,66.27,46.5,40.5,95,0,95,1,test58(com.google.javascript.rhino.jstype.FunctionType_ESTest),True,False,,,EvoSuite/Result_Round1/Closure_54/budget60_seed1,EvoSuite/Result_Round1/Closure_54/budget60_seed1/run.log
Closure,54,SBST,EvoSuite,1.2.0,com.google.javascript.jscomp.TypedScopeCreator;com.google.javascript.rhino.jstype.FunctionType,,1,120,LINE:BRANCH:EXCEPTION,default,offline,True,,94,309.4,0.9,5.8,329.5,SUCCESS,SUCCESS,76.71,66.57,51.0,43.5,92,0,92,1,test02(com.google.javascript.rhino.jstype.FunctionType_ESTest),True,False,,,EvoSuite/Result_Round2/Closure_54/budget120_seed1,EvoSuite/Result_Round2/Closure_54/budget120_seed1/run.log
Closure,55,SBST,EvoSuite,1.2.0,com.google.javascript.jscomp.FunctionRewriter,,1,60,LINE:BRANCH:EXCEPTION,default,offline,True,,8,75.7,0.7,5.1,122.6,SUCCESS,SUCCESS,81.25,72.22,79.0,73.0,8,0,8,0,,False,False,,,EvoSuite/Result_Round1/Closure_55/budget60_seed1,EvoSuite/Result_Round1/Closure_55/budget60_seed1/run.log
Closure,55,SBST,EvoSuite,1.2.0,com.google.javascript.jscomp.FunctionRewriter,,1,120,LINE:BRANCH:EXCEPTION,default,offline,True,,9,137.0,0.7,4.9,156.4,SUCCESS,SUCCESS,90.62,83.33,83.0,75.0,9,0,9,0,,False,False,,,EvoSuite/Result_Round2/Closure_55/budget120_seed1,EvoSuite/Result_Round2/Closure_55/budget120_seed1/run.log
Closure,56,SBST,EvoSuite,1.2.0,com.google.javascript.jscomp.SourceFile,,1,60,LINE:BRANCH:EXCEPTION,default,offline,True,,65,82.3,0.8,2.0,126.6,SUCCESS,RUNTIME_FAIL,96.23,95.24,99.0,97.0,65,1,65,2,test45(com.google.javascript.jscomp.SourceFile_ESTest);test09(com.google.javascript.jscomp.SourceFile_ESTest),False,False,,,EvoSuite/Result_Round1/Closure_56/budget60_seed1,EvoSuite/Result_Round1/Closure_56/budget60_seed1/run.log
Closure,56,SBST,EvoSuite,1.2.0,com.google.javascript.jscomp.SourceFile,,1,120,LINE:BRANCH:EXCEPTION,default,offline,True,,65,135.4,0.8,1.9,151.6,SUCCESS,RUNTIME_FAIL,97.17,100.0,100.0,100.0,65,1,65,4,test40(com.google.javascript.jscomp.SourceFile_ESTest);test46(com.google.javascript.jscomp.SourceFile_ESTest);test06(com.google.javascript.jscomp.SourceFile_ESTest);test50(com.google.javascript.jscomp.SourceFile_ESTest),False,False,,,EvoSuite/Result_Round2/Closure_56/budget120_seed1,EvoSuite/Result_Round2/Closure_56/budget120_seed1/run.log
Closure,57,SBST,EvoSuite,1.2.0,com.google.javascript.jscomp.ClosureCodingConvention,,1,60,LINE:BRANCH:EXCEPTION,default,offline,True,,41,96.3,0.8,5.5,143.4,SUCCESS,SUCCESS,46.76,25.49,47.0,34.0,41,0,41,0,,False,False,,,EvoSuite/Result_Round1/Closure_57/budget60_seed1,EvoSuite/Result_Round1/Closure_57/budget60_seed1/run.log
Closure,57,SBST,EvoSuite,1.2.0,com.google.javascript.jscomp.ClosureCodingConvention,,1,120,LINE:BRANCH:EXCEPTION,default,offline,True,,46,159.4,0.8,5.4,179.2,SUCCESS,SUCCESS,50.36,33.33,51.0,41.0,46,0,46,0,,False,False,,,EvoSuite/Result_Round2/Closure_57/budget120_seed1,EvoSuite/Result_Round2/Closure_57/budget120_seed1/run.log
Closure,58,SBST,EvoSuite,1.2.0,com.google.javascript.jscomp.LiveVariablesAnalysis,,1,60,LINE:BRANCH:EXCEPTION,default,offline,True,,25,85.4,0.7,4.9,132.1,SUCCESS,SUCCESS,38.1,27.08,54.0,57.0,24,0,24,0,,False,False,,,EvoSuite/Result_Round1/Closure_58/budget60_seed1,EvoSuite/Result_Round1/Closure_58/budget60_seed1/run.log
Closure,58,SBST,EvoSuite,1.2.0,com.google.javascript.jscomp.LiveVariablesAnalysis,,1,120,LINE:BRANCH:EXCEPTION,default,offline,True,,15,141.4,0.7,4.5,160.1,SUCCESS,SUCCESS,32.14,16.67,46.0,40.0,14,0,14,0,,False,False,,,EvoSuite/Result_Round2/Closure_58/budget120_seed1,EvoSuite/Result_Round2/Closure_58/budget120_seed1/run.log
Closure,59,SBST,EvoSuite,1.2.0,com.google.javascript.jscomp.Compiler,,1,60,LINE:BRANCH:EXCEPTION,default,offline,True,,114,146.1,0.9,7.6,195.1,SUCCESS,RUNTIME_FAIL,58.8,46.3,58.0,51.0,114,1,114,1,test001(com.google.javascript.jscomp.Compiler_ESTest),False,False,,,EvoSuite/Result_Round1/Closure_59/budget60_seed1,EvoSuite/Result_Round1/Closure_59/budget60_seed1/run.log
Closure,59,SBST,EvoSuite,1.2.0,com.google.javascript.jscomp.Compiler,,1,120,LINE:BRANCH:EXCEPTION,default,offline,True,,138,199.9,0.9,7.6,222.0,SUCCESS,RUNTIME_FAIL,63.2,49.63,61.0,54.0,138,1,138,1,test087(com.google.javascript.jscomp.Compiler_ESTest),False,False,,,EvoSuite/Result_Round2/Closure_59/budget120_seed1,EvoSuite/Result_Round2/Closure_59/budget120_seed1/run.log
Closure,60,SBST,EvoSuite,1.2.0,com.google.javascript.jscomp.NodeUtil,,1,60,LINE:BRANCH:EXCEPTION,default,offline,True,,207,145.0,0.9,7.7,194.5,SUCCESS,SUCCESS,43.4,28.51,46.0,47.0,207,0,207,0,,False,False,,,EvoSuite/Result_Round1/Closure_60/budget60_seed1,EvoSuite/Result_Round1/Closure_60/budget60_seed1/run.log
Closure,60,SBST,EvoSuite,1.2.0,com.google.javascript.jscomp.NodeUtil,,1,120,LINE:BRANCH:EXCEPTION,default,offline,True,,240,214.2,0.9,7.3,236.0,SUCCESS,SUCCESS,44.62,29.96,46.0,47.0,240,0,240,0,,False,False,,,EvoSuite/Result_Round2/Closure_60/budget120_seed1,EvoSuite/Result_Round2/Closure_60/budget120_seed1/run.log
Closure,61,SBST,EvoSuite,1.2.0,com.google.javascript.jscomp.NodeUtil,,1,60,LINE:BRANCH:EXCEPTION,default,offline,True,,190,150.6,0.9,6.9,199.3,SUCCESS,SUCCESS,40.04,25.62,43.0,46.0,190,0,190,0,,False,False,,,EvoSuite/Result_Round1/Closure_61/budget60_seed1,EvoSuite/Result_Round1/Closure_61/budget60_seed1/run.log
Closure,61,SBST,EvoSuite,1.2.0,com.google.javascript.jscomp.NodeUtil,,1,120,LINE:BRANCH:EXCEPTION,default,offline,True,,239,207.3,0.9,7.7,229.4,SUCCESS,SUCCESS,43.49,29.31,46.0,47.0,239,0,239,0,,False,False,,,EvoSuite/Result_Round2/Closure_61/budget120_seed1,EvoSuite/Result_Round2/Closure_61/budget120_seed1/run.log
Closure,62,SBST,EvoSuite,1.2.0,com.google.javascript.jscomp.LightweightMessageFormatter,,1,60,LINE:BRANCH:EXCEPTION,default,offline,True,,11,76.7,0.7,5.0,123.2,SUCCESS,SUCCESS,72.5,45.0,85.0,72.0,11,0,11,0,,False,False,,,EvoSuite/Result_Round1/Closure_62/budget60_seed1,EvoSuite/Result_Round1/Closure_62/budget60_seed1/run.log
Closure,62,SBST,EvoSuite,1.2.0,com.google.javascript.jscomp.LightweightMessageFormatter,,1,120,LINE:BRANCH:EXCEPTION,default,offline,True,,11,140.7,0.7,5.0,159.9,SUCCESS,SUCCESS,72.5,45.0,85.0,72.0,11,0,11,0,,False,False,,,EvoSuite/Result_Round2/Closure_62/budget120_seed1,EvoSuite/Result_Round2/Closure_62/budget120_seed1/run.log
Closure,64,SBST,EvoSuite,1.2.0,com.google.javascript.jscomp.Compiler,,1,60,LINE:BRANCH:EXCEPTION,default,offline,True,,119,144.7,0.9,8.2,187.2,SUCCESS,RUNTIME_FAIL,54.85,43.89,57.0,51.0,119,1,119,1,test085(com.google.javascript.jscomp.Compiler_ESTest),False,False,,,EvoSuite/Result_Round1/Closure_64/budget60_seed1,EvoSuite/Result_Round1/Closure_64/budget60_seed1/run.log
Closure,64,SBST,EvoSuite,1.2.0,com.google.javascript.jscomp.Compiler,,1,120,LINE:BRANCH:EXCEPTION,default,offline,True,,127,208.8,0.9,8.8,227.3,SUCCESS,RUNTIME_FAIL,58.18,43.89,60.0,54.0,127,1,127,1,test089(com.google.javascript.jscomp.Compiler_ESTest),False,False,,,EvoSuite/Result_Round2/Closure_64/budget120_seed1,EvoSuite/Result_Round2/Closure_64/budget120_seed1/run.log
Closure,65,SBST,EvoSuite,1.2.0,com.google.javascript.jscomp.CodeGenerator,,1,60,LINE:BRANCH:EXCEPTION,default,offline,True,,43,77.9,0.7,2.1,114.2,SUCCESS,SUCCESS,17.35,13.97,19.0,12.0,43,0,43,0,,False,False,,,EvoSuite/Result_Round1/Closure_65/budget60_seed1,EvoSuite/Result_Round1/Closure_65/budget60_seed1/run.log
Closure,65,SBST,EvoSuite,1.2.0,com.google.javascript.jscomp.CodeGenerator,,1,120,LINE:BRANCH:EXCEPTION,default,offline,True,,43,137.9,0.7,2.1,149.5,SUCCESS,SUCCESS,18.88,16.19,21.0,13.0,43,0,43,0,,False,False,,,EvoSuite/Result_Round2/Closure_65/budget120_seed1,EvoSuite/Result_Round2/Closure_65/budget120_seed1/run.log
Closure,66,SBST,EvoSuite,1.2.0,com.google.javascript.jscomp.TypeCheck,,1,60,LINE:BRANCH:EXCEPTION,default,offline,True,,21,90.6,0.7,5.8,130.5,SUCCESS,SUCCESS,23.85,10.22,18.0,22.0,21,0,21,0,,False,False,,,EvoSuite/Result_Round1/Closure_66/budget60_seed1,EvoSuite/Result_Round1/Closure_66/budget60_seed1/run.log
Closure,66,SBST,EvoSuite,1.2.0,com.google.javascript.jscomp.TypeCheck,,1,120,LINE:BRANCH:EXCEPTION,default,offline,True,,24,153.0,0.8,5.7,168.3,SUCCESS,SUCCESS,20.15,8.84,15.0,22.0,24,0,24,0,,False,False,,,EvoSuite/Result_Round2/Closure_66/budget120_seed1,EvoSuite/Result_Round2/Closure_66/budget120_seed1/run.log
Closure,67,SBST,EvoSuite,1.2.0,com.google.javascript.jscomp.AnalyzePrototypeProperties,,1,60,LINE:BRANCH:EXCEPTION,default,offline,True,,22,87.0,0.7,5.3,126.7,SUCCESS,SUCCESS,100.0,100.0,78.0,60.0,21,0,21,0,,False,False,,,EvoSuite/Result_Round1/Closure_67/budget60_seed1,EvoSuite/Result_Round1/Closure_67/budget60_seed1/run.log
Closure,67,SBST,EvoSuite,1.2.0,com.google.javascript.jscomp.AnalyzePrototypeProperties,,1,120,LINE:BRANCH:EXCEPTION,default,offline,True,,20,145.8,0.7,5.4,160.7,SUCCESS,SUCCESS,98.04,85.71,65.0,46.0,19,0,19,1,test01(com.google.javascript.jscomp.AnalyzePrototypeProperties_ESTest),True,False,,,EvoSuite/Result_Round2/Closure_67/budget120_seed1,EvoSuite/Result_Round2/Closure_67/budget120_seed1/run.log
Closure,68,SBST,EvoSuite,1.2.0,com.google.javascript.jscomp.parsing.JsDocInfoParser,,1,60,LINE:BRANCH:EXCEPTION,default,offline,True,,22,80.0,0.7,2.6,117.0,SUCCESS,SUCCESS,16.77,12.22,17.0,17.0,22,0,22,0,,False,False,,,EvoSuite/Result_Round1/Closure_68/budget60_seed1,EvoSuite/Result_Round1/Closure_68/budget60_seed1/run.log
Closure,68,SBST,EvoSuite,1.2.0,com.google.javascript.jscomp.parsing.JsDocInfoParser,,1,120,LINE:BRANCH:EXCEPTION,default,offline,True,,28,143.5,0.7,3.0,156.1,SUCCESS,SUCCESS,19.33,14.6,21.0,20.0,26,0,26,0,,False,False,,,EvoSuite/Result_Round2/Closure_68/budget120_seed1,EvoSuite/Result_Round2/Closure_68/budget120_seed1/run.log
Closure,69,SBST,EvoSuite,1.2.0,com.google.javascript.jscomp.TypeCheck,,1,60,LINE:BRANCH:EXCEPTION,default,offline,True,,18,87.4,0.7,5.3,127.1,SUCCESS,SUCCESS,22.89,9.43,17.0,31.0,18,0,18,0,,False,False,,,EvoSuite/Result_Round1/Closure_69/budget60_seed1,EvoSuite/Result_Round1/Closure_69/budget60_seed1/run.log
Closure,69,SBST,EvoSuite,1.2.0,com.google.javascript.jscomp.TypeCheck,,1,120,LINE:BRANCH:EXCEPTION,default,offline,True,,26,154.3,0.8,5.8,169.7,SUCCESS,SUCCESS,24.42,11.39,18.0,23.0,25,0,25,0,,False,False,,,EvoSuite/Result_Round2/Closure_69/budget120_seed1,EvoSuite/Result_Round2/Closure_69/budget120_seed1/run.log
Closure,70,SBST,EvoSuite,1.2.0,com.google.javascript.jscomp.TypedScopeCreator,,1,60,LINE:BRANCH:EXCEPTION,default,offline,True,,11,79.1,0.7,4.9,118.0,SUCCESS,SUCCESS,57.94,22.0,11.0,7.0,11,0,11,0,,False,False,,,EvoSuite/Result_Round1/Closure_70/budget60_seed1,EvoSuite/Result_Round1/Closure_70/budget60_seed1/run.log
Closure,70,SBST,EvoSuite,1.2.0,com.google.javascript.jscomp.TypedScopeCreator,,1,120,LINE:BRANCH:EXCEPTION,default,offline,True,,14,142.9,0.7,5.3,157.7,SUCCESS,SUCCESS,65.87,20.0,18.0,12.0,14,0,14,0,,False,False,,,EvoSuite/Result_Round2/Closure_70/budget120_seed1,EvoSuite/Result_Round2/Closure_70/budget120_seed1/run.log
Closure,71,SBST,EvoSuite,1.2.0,com.google.javascript.jscomp.CheckAccessControls,,1,60,LINE:BRANCH:EXCEPTION,default,offline,True,,11,77.8,0.7,5.1,117.0,SUCCESS,SUCCESS,29.59,10.81,24.0,14.0,11,0,11,0,,False,False,,,EvoSuite/Result_Round1/Closure_71/budget60_seed1,EvoSuite/Result_Round1/Closure_71/budget60_seed1/run.log
Closure,71,SBST,EvoSuite,1.2.0,com.google.javascript.jscomp.CheckAccessControls,,1,120,LINE:BRANCH:EXCEPTION,default,offline,True,,8,140.6,0.7,5.6,155.7,SUCCESS,SUCCESS,8.61,0.0,30.0,18.0,8,0,8,0,,False,False,,,EvoSuite/Result_Round2/Closure_71/budget120_seed1,EvoSuite/Result_Round2/Closure_71/budget120_seed1/run.log
Closure,72,SBST,EvoSuite,1.2.0,com.google.javascript.jscomp.FunctionToBlockMutator;com.google.javascript.jscomp.RenameLabels,,1,60,LINE:BRANCH:EXCEPTION,default,offline,True,,14,144.9,0.7,6.1,184.7,SUCCESS,SUCCESS,14.48,0.0,43.0,37.0,13,0,13,0,,False,False,,,EvoSuite/Result_Round1/Closure_72/budget60_seed1,EvoSuite/Result_Round1/Closure_72/budget60_seed1/run.log
Closure,72,SBST,EvoSuite,1.2.0,com.google.javascript.jscomp.FunctionToBlockMutator;com.google.javascript.jscomp.RenameLabels,,1,120,LINE:BRANCH:EXCEPTION,default,offline,True,,17,268.6,0.8,6.3,284.5,SUCCESS,SUCCESS,14.48,0.0,51.5,47.0,16,0,16,0,,False,False,,,EvoSuite/Result_Round2/Closure_72/budget120_seed1,EvoSuite/Result_Round2/Closure_72/budget120_seed1/run.log
Closure,73,SBST,EvoSuite,1.2.0,com.google.javascript.jscomp.CodeGenerator,,1,60,LINE:BRANCH:EXCEPTION,default,offline,True,,45,77.7,0.7,1.8,112.9,SUCCESS,SUCCESS,17.44,15.14,19.0,13.0,45,0,45,1,test20(com.google.javascript.jscomp.CodeGenerator_ESTest),True,False,,,EvoSuite/Result_Round1/Closure_73/budget60_seed1,EvoSuite/Result_Round1/Closure_73/budget60_seed1/run.log
Closure,73,SBST,EvoSuite,1.2.0,com.google.javascript.jscomp.CodeGenerator,,1,120,LINE:BRANCH:EXCEPTION,default,offline,True,,45,137.7,0.7,1.9,149.1,SUCCESS,SUCCESS,17.44,14.92,19.0,13.0,45,0,45,1,test42(com.google.javascript.jscomp.CodeGenerator_ESTest),True,False,,,EvoSuite/Result_Round2/Closure_73/budget120_seed1,EvoSuite/Result_Round2/Closure_73/budget120_seed1/run.log
Closure,74,SBST,EvoSuite,1.2.0,com.google.javascript.jscomp.PeepholeFoldConstants,,1,60,LINE:BRANCH:EXCEPTION,default,offline,True,,35,94.0,0.7,5.3,133.5,SUCCESS,SUCCESS,8.18,4.65,7.0,22.0,35,0,35,0,,False,False,,,EvoSuite/Result_Round1/Closure_74/budget60_seed1,EvoSuite/Result_Round1/Closure_74/budget60_seed1/run.log
Closure,74,SBST,EvoSuite,1.2.0,com.google.javascript.jscomp.PeepholeFoldConstants,,1,120,LINE:BRANCH:EXCEPTION,default,offline,True,,42,157.6,0.7,5.4,172.6,SUCCESS,SUCCESS,6.57,3.53,6.0,23.0,42,0,42,0,,False,False,,,EvoSuite/Result_Round2/Closure_74/budget120_seed1,EvoSuite/Result_Round2/Closure_74/budget120_seed1/run.log
Closure,75,SBST,EvoSuite,1.2.0,com.google.javascript.jscomp.NodeUtil,,1,60,LINE:BRANCH:EXCEPTION,default,offline,True,,161,156.2,0.9,6.5,196.7,SUCCESS,SUCCESS,37.85,24.1,41.0,43.0,161,0,161,0,,False,False,,,EvoSuite/Result_Round1/Closure_75/budget60_seed1,EvoSuite/Result_Round1/Closure_75/budget60_seed1/run.log
Closure,75,SBST,EvoSuite,1.2.0,com.google.javascript.jscomp.NodeUtil,,1,120,LINE:BRANCH:EXCEPTION,default,offline,True,,215,205.8,0.9,7.8,223.3,SUCCESS,RUNTIME_FAIL,43.28,28.62,46.0,48.0,215,1,215,0,,False,False,,,EvoSuite/Result_Round2/Closure_75/budget120_seed1,EvoSuite/Result_Round2/Closure_75/budget120_seed1/run.log
Closure,76,SBST,EvoSuite,1.2.0,com.google.javascript.jscomp.DeadAssignmentsElimination,,1,60,LINE:BRANCH:EXCEPTION,default,offline,True,,6,73.6,0.7,4.8,111.9,SUCCESS,SUCCESS,7.88,0.81,7.0,3.0,4,0,4,0,,False,False,,,EvoSuite/Result_Round1/Closure_76/budget60_seed1,EvoSuite/Result_Round1/Closure_76/budget60_seed1/run.log
Closure,76,SBST,EvoSuite,1.2.0,com.google.javascript.jscomp.DeadAssignmentsElimination,,1,120,LINE:BRANCH:EXCEPTION,default,offline,True,,6,137.3,0.7,4.9,151.5,SUCCESS,SUCCESS,10.91,3.23,11.0,7.0,5,0,5,0,,False,False,,,EvoSuite/Result_Round2/Closure_76/budget120_seed1,EvoSuite/Result_Round2/Closure_76/budget120_seed1/run.log
Closure,77,SBST,EvoSuite,1.2.0,com.google.javascript.jscomp.CodeGenerator,,1,60,LINE:BRANCH:EXCEPTION,default,offline,True,,37,75.6,0.7,1.7,110.6,SUCCESS,SUCCESS,13.35,11.49,15.0,10.0,37,0,37,0,,False,False,,,EvoSuite/Result_Round1/Closure_77/budget60_seed1,EvoSuite/Result_Round1/Closure_77/budget60_seed1/run.log
Closure,77,SBST,EvoSuite,1.2.0,com.google.javascript.jscomp.CodeGenerator,,1,120,LINE:BRANCH:EXCEPTION,default,offline,True,,37,136.0,0.7,2.0,147.5,SUCCESS,SUCCESS,13.7,12.18,16.0,11.0,37,0,37,0,,False,False,,,EvoSuite/Result_Round2/Closure_77/budget120_seed1,EvoSuite/Result_Round2/Closure_77/budget120_seed1/run.log
Closure,78,SBST,EvoSuite,1.2.0,com.google.javascript.jscomp.PeepholeFoldConstants,,1,60,LINE:BRANCH:EXCEPTION,default,offline,True,,41,100.1,0.7,5.4,139.1,SUCCESS,SUCCESS,7.61,4.14,6.0,24.0,41,0,41,0,,False,False,,,EvoSuite/Result_Round1/Closure_78/budget60_seed1,EvoSuite/Result_Round1/Closure_78/budget60_seed1/run.log
Closure,78,SBST,EvoSuite,1.2.0,com.google.javascript.jscomp.PeepholeFoldConstants,,1,120,LINE:BRANCH:EXCEPTION,default,offline,True,,51,167.1,0.7,5.6,182.2,SUCCESS,SUCCESS,10.76,7.24,10.0,27.0,51,0,51,0,,False,False,,,EvoSuite/Result_Round2/Closure_78/budget120_seed1,EvoSuite/Result_Round2/Closure_78/budget120_seed1/run.log
Closure,79,SBST,EvoSuite,1.2.0,com.google.javascript.jscomp.Normalize;com.google.javascript.jscomp.VarCheck,,1,60,LINE:BRANCH:EXCEPTION,default,offline,True,,28,164.6,0.8,6.7,205.4,SUCCESS,RUNTIME_FAIL,75.41,44.83,65.0,57.5,26,1,26,1,test5(com.google.javascript.jscomp.VarCheck_ESTest),False,False,,,EvoSuite/Result_Round1/Closure_79/budget60_seed1,EvoSuite/Result_Round1/Closure_79/budget60_seed1/run.log
Closure,79,SBST,EvoSuite,1.2.0,com.google.javascript.jscomp.Normalize;com.google.javascript.jscomp.VarCheck,,1,120,LINE:BRANCH:EXCEPTION,default,offline,True,,20,278.4,0.8,6.2,294.1,SUCCESS,RUNTIME_FAIL,35.25,10.34,44.0,38.5,17,1,17,1,test1(com.google.javascript.jscomp.Normalize_ESTest),False,False,,,EvoSuite/Result_Round2/Closure_79/budget120_seed1,EvoSuite/Result_Round2/Closure_79/budget120_seed1/run.log
Closure,80,SBST,EvoSuite,1.2.0,com.google.javascript.jscomp.NodeUtil,,1,60,LINE:BRANCH:EXCEPTION,default,offline,True,,215,146.2,0.9,7.5,187.4,SUCCESS,RUNTIME_FAIL,40.55,26.37,44.0,45.0,215,1,215,0,,False,False,,,EvoSuite/Result_Round1/Closure_80/budget60_seed1,EvoSuite/Result_Round1/Closure_80/budget60_seed1/run.log
Closure,80,SBST,EvoSuite,1.2.0,com.google.javascript.jscomp.NodeUtil,,1,120,LINE:BRANCH:EXCEPTION,default,offline,True,,218,210.4,0.9,7.1,227.1,SUCCESS,RUNTIME_FAIL,39.75,24.15,45.0,46.0,218,2,218,2,test151(com.google.javascript.jscomp.NodeUtil_ESTest);test164(com.google.javascript.jscomp.NodeUtil_ESTest),False,False,,,EvoSuite/Result_Round2/Closure_80/budget120_seed1,EvoSuite/Result_Round2/Closure_80/budget120_seed1/run.log
Closure,81,SBST,EvoSuite,1.2.0,com.google.javascript.jscomp.parsing.IRFactory,,1,60,LINE:BRANCH:EXCEPTION,default,offline,True,,12,74.8,0.7,2.8,111.8,SUCCESS,SUCCESS,25.81,9.09,15.0,6.0,11,0,11,0,,False,False,,,EvoSuite/Result_Round1/Closure_81/budget60_seed1,EvoSuite/Result_Round1/Closure_81/budget60_seed1/run.log
Closure,81,SBST,EvoSuite,1.2.0,com.google.javascript.jscomp.parsing.IRFactory,,1,120,LINE:BRANCH:EXCEPTION,default,offline,True,,13,137.1,0.7,2.9,149.4,SUCCESS,SUCCESS,27.02,9.09,16.0,6.0,12,0,12,0,,False,False,,,EvoSuite/Result_Round2/Closure_81/budget120_seed1,EvoSuite/Result_Round2/Closure_81/budget120_seed1/run.log
Closure,82,SBST,EvoSuite,1.2.0,com.google.javascript.rhino.jstype.JSType,,1,60,LINE:BRANCH:EXCEPTION,default,offline,True,,94,96.9,0.8,2.8,133.1,SUCCESS,SUCCESS,93.52,88.61,95.0,92.0,94,0,94,0,,False,False,,,EvoSuite/Result_Round1/Closure_82/budget60_seed1,EvoSuite/Result_Round1/Closure_82/budget60_seed1/run.log
Closure,82,SBST,EvoSuite,1.2.0,com.google.javascript.rhino.jstype.JSType,,1,120,LINE:BRANCH:EXCEPTION,default,offline,True,,118,164.0,0.8,3.3,176.9,SUCCESS,SUCCESS,95.37,92.41,97.0,94.0,118,0,118,2,test019(com.google.javascript.rhino.jstype.JSType_ESTest);test011(com.google.javascript.rhino.jstype.JSType_ESTest),True,False,,,EvoSuite/Result_Round2/Closure_82/budget120_seed1,EvoSuite/Result_Round2/Closure_82/budget120_seed1/run.log
Closure,83,SBST,EvoSuite,1.2.0,com.google.javascript.jscomp.CommandLineRunner,,1,60,LINE:BRANCH:EXCEPTION,default,offline,True,,13,81.4,0.7,5.1,119.8,SUCCESS,SUCCESS,73.04,53.57,72.0,44.0,11,0,11,0,,False,False,,,EvoSuite/Result_Round1/Closure_83/budget60_seed1,EvoSuite/Result_Round1/Closure_83/budget60_seed1/run.log
Closure,83,SBST,EvoSuite,1.2.0,com.google.javascript.jscomp.CommandLineRunner,,1,120,LINE:BRANCH:EXCEPTION,default,offline,True,,11,136.2,0.7,5.1,150.7,SUCCESS,SUCCESS,73.04,53.57,72.0,44.0,9,0,9,0,,False,False,,,EvoSuite/Result_Round2/Closure_83/budget120_seed1,EvoSuite/Result_Round2/Closure_83/budget120_seed1/run.log
Closure,84,SBST,EvoSuite,1.2.0,com.google.javascript.jscomp.parsing.IRFactory,,1,60,LINE:BRANCH:EXCEPTION,default,offline,True,,15,108.5,0.7,3.2,141.1,SUCCESS,SUCCESS,21.77,4.81,17.0,37.0,15,0,15,0,,False,False,,,EvoSuite/Result_Round1/Closure_84/budget60_seed1,EvoSuite/Result_Round1/Closure_84/budget60_seed1/run.log
Closure,84,SBST,EvoSuite,1.2.0,com.google.javascript.jscomp.parsing.IRFactory,,1,120,LINE:BRANCH:EXCEPTION,default,offline,True,,23,166.7,0.7,3.3,179.5,SUCCESS,SUCCESS,27.82,10.7,21.0,41.0,23,0,23,0,,False,False,,,EvoSuite/Result_Round2/Closure_84/budget120_seed1,EvoSuite/Result_Round2/Closure_84/budget120_seed1/run.log
Closure,85,SBST,EvoSuite,1.2.0,com.google.javascript.jscomp.UnreachableCodeElimination,,1,60,LINE:BRANCH:EXCEPTION,default,offline,True,,13,80.3,0.7,5.1,115.1,SUCCESS,SUCCESS,64.86,43.64,65.0,50.0,13,0,13,0,,False,False,,,EvoSuite/Result_Round1/Closure_85/budget60_seed1,EvoSuite/Result_Round1/Closure_85/budget60_seed1/run.log
Closure,85,SBST,EvoSuite,1.2.0,com.google.javascript.jscomp.UnreachableCodeElimination,,1,120,LINE:BRANCH:EXCEPTION,default,offline,True,,11,138.1,0.7,5.2,152.7,SUCCESS,SUCCESS,83.78,69.09,85.0,72.0,10,0,10,0,,False,False,,,EvoSuite/Result_Round2/Closure_85/budget120_seed1,EvoSuite/Result_Round2/Closure_85/budget120_seed1/run.log
Closure,86,SBST,EvoSuite,1.2.0,com.google.javascript.jscomp.NodeUtil,,1,60,LINE:BRANCH:EXCEPTION,default,offline,True,,207,145.5,0.9,7.3,182.2,SUCCESS,SUCCESS,43.31,29.05,46.0,48.0,207,0,207,0,,False,False,,,EvoSuite/Result_Round1/Closure_86/budget60_seed1,EvoSuite/Result_Round1/Closure_86/budget60_seed1/run.log
Closure,86,SBST,EvoSuite,1.2.0,com.google.javascript.jscomp.NodeUtil,,1,120,LINE:BRANCH:EXCEPTION,default,offline,True,,226,213.3,0.9,8.2,231.2,SUCCESS,SUCCESS,47.31,32.66,50.0,50.0,226,0,226,0,,False,False,,,EvoSuite/Result_Round2/Closure_86/budget120_seed1,EvoSuite/Result_Round2/Closure_86/budget120_seed1/run.log
Closure,87,SBST,EvoSuite,1.2.0,com.google.javascript.jscomp.PeepholeSubstituteAlternateSyntax,,1,60,LINE:BRANCH:EXCEPTION,default,offline,True,,15,78.6,0.7,4.7,114.6,SUCCESS,SUCCESS,12.53,9.32,12.0,14.0,14,0,14,0,,False,False,,,EvoSuite/Result_Round1/Closure_87/budget60_seed1,EvoSuite/Result_Round1/Closure_87/budget60_seed1/run.log
Closure,87,SBST,EvoSuite,1.2.0,com.google.javascript.jscomp.PeepholeSubstituteAlternateSyntax,,1,120,LINE:BRANCH:EXCEPTION,default,offline,True,,17,141.7,0.6,5.4,156.6,SUCCESS,SUCCESS,11.21,9.0,11.0,13.0,17,0,17,0,,False,False,,,EvoSuite/Result_Round2/Closure_87/budget120_seed1,EvoSuite/Result_Round2/Closure_87/budget120_seed1/run.log
Closure,88,SBST,EvoSuite,1.2.0,com.google.javascript.jscomp.DeadAssignmentsElimination,,1,60,LINE:BRANCH:EXCEPTION,default,offline,True,,8,79.3,0.7,5.9,115.3,SUCCESS,SUCCESS,47.29,27.08,47.0,35.0,6,0,6,0,,False,False,,,EvoSuite/Result_Round1/Closure_88/budget60_seed1,EvoSuite/Result_Round1/Closure_88/budget60_seed1/run.log
Closure,88,SBST,EvoSuite,1.2.0,com.google.javascript.jscomp.DeadAssignmentsElimination,,1,120,LINE:BRANCH:EXCEPTION,default,offline,True,,5,134.9,0.6,5.1,150.5,SUCCESS,SUCCESS,46.51,26.04,47.0,35.0,5,0,5,0,,False,False,,,EvoSuite/Result_Round2/Closure_88/budget120_seed1,EvoSuite/Result_Round2/Closure_88/budget120_seed1/run.log
Closure,89,SBST,EvoSuite,1.2.0,com.google.javascript.jscomp.CollapseProperties;com.google.javascript.jscomp.GlobalNamespace,,1,60,LINE:BRANCH:EXCEPTION,default,offline,True,,59,176.0,0.8,7.3,211.0,SUCCESS,SUCCESS,30.64,26.03,33.0,27.0,59,0,59,0,,False,False,,,EvoSuite/Result_Round1/Closure_89/budget60_seed1,EvoSuite/Result_Round1/Closure_89/budget60_seed1/run.log
Closure,89,SBST,EvoSuite,1.2.0,com.google.javascript.jscomp.CollapseProperties;com.google.javascript.jscomp.GlobalNamespace,,1,120,LINE:BRANCH:EXCEPTION,default,offline,True,,58,298.9,0.8,7.0,334.3,SUCCESS,SUCCESS,26.01,18.18,30.0,22.5,57,0,57,0,,False,False,,,EvoSuite/Result_Round2/Closure_89/budget120_seed1,EvoSuite/Result_Round2/Closure_89/budget120_seed1/run.log
Closure,90,SBST,EvoSuite,1.2.0,com.google.javascript.jscomp.FunctionTypeBuilder;com.google.javascript.rhino.jstype.FunctionType,,1,60,LINE:BRANCH:EXCEPTION,default,offline,True,,95,181.4,0.8,6.4,193.9,SUCCESS,RUNTIME_FAIL,65.18,52.37,60.0,50.0,95,2,95,2,test01(com.google.javascript.jscomp.FunctionTypeBuilder_ESTest);test16(com.google.javascript.jscomp.FunctionTypeBuilder_ESTest),False,False,,,EvoSuite/Result_Round1/Closure_90/budget60_seed1,EvoSuite/Result_Round1/Closure_90/budget60_seed1/run.log
Closure,90,SBST,EvoSuite,1.2.0,com.google.javascript.jscomp.FunctionTypeBuilder;com.google.javascript.rhino.jstype.FunctionType,,1,120,LINE:BRANCH:EXCEPTION,default,offline,True,,113,308.9,0.9,6.4,321.5,SUCCESS,SUCCESS,74.12,60.67,68.5,57.0,113,0,113,0,,False,False,,,EvoSuite/Result_Round2/Closure_90/budget120_seed1,EvoSuite/Result_Round2/Closure_90/budget120_seed1/run.log
Closure,91,SBST,EvoSuite,1.2.0,com.google.javascript.jscomp.CheckGlobalThis,,1,60,LINE:BRANCH:EXCEPTION,default,offline,True,,8,73.8,0.6,4.4,103.8,SUCCESS,SUCCESS,53.45,45.95,54.0,47.0,8,0,8,1,test6(com.google.javascript.jscomp.CheckGlobalThis_ESTest),True,False,,,EvoSuite/Result_Round1/Closure_91/budget60_seed1,EvoSuite/Result_Round1/Closure_91/budget60_seed1/run.log
Closure,91,SBST,EvoSuite,1.2.0,com.google.javascript.jscomp.CheckGlobalThis,,1,120,LINE:BRANCH:EXCEPTION,default,offline,True,,13,138.0,0.6,4.7,148.7,SUCCESS,SUCCESS,72.41,60.81,75.0,61.0,13,0,13,0,,False,False,,,EvoSuite/Result_Round2/Closure_91/budget120_seed1,EvoSuite/Result_Round2/Closure_91/budget120_seed1/run.log
Closure,92,SBST,EvoSuite,1.2.0,com.google.javascript.jscomp.ProcessClosurePrimitives,,1,60,LINE:BRANCH:EXCEPTION,default,offline,True,,13,77.4,0.6,4.5,106.9,SUCCESS,SUCCESS,20.93,15.87,18.0,17.0,13,0,13,0,,False,False,,,EvoSuite/Result_Round1/Closure_92/budget60_seed1,EvoSuite/Result_Round1/Closure_92/budget60_seed1/run.log
Closure,92,SBST,EvoSuite,1.2.0,com.google.javascript.jscomp.ProcessClosurePrimitives,,1,120,LINE:BRANCH:EXCEPTION,default,offline,True,,13,137.9,0.6,4.8,148.7,SUCCESS,SUCCESS,20.93,15.87,18.0,17.0,13,0,13,0,,False,False,,,EvoSuite/Result_Round2/Closure_92/budget120_seed1,EvoSuite/Result_Round2/Closure_92/budget120_seed1/run.log
Closure,94,SBST,EvoSuite,1.2.0,com.google.javascript.jscomp.NodeUtil,,1,60,LINE:BRANCH:EXCEPTION,default,offline,True,,198,147.1,0.9,6.7,179.8,SUCCESS,SUCCESS,50.61,35.92,52.0,51.0,198,0,198,0,,False,False,,,EvoSuite/Result_Round1/Closure_94/budget60_seed1,EvoSuite/Result_Round1/Closure_94/budget60_seed1/run.log
Closure,94,SBST,EvoSuite,1.2.0,com.google.javascript.jscomp.NodeUtil,,1,120,LINE:BRANCH:EXCEPTION,default,offline,True,,251,214.3,0.9,7.3,228.0,SUCCESS,SUCCESS,54.26,40.19,57.0,55.0,251,0,251,0,,False,False,,,EvoSuite/Result_Round2/Closure_94/budget120_seed1,EvoSuite/Result_Round2/Closure_94/budget120_seed1/run.log
Closure,95,SBST,EvoSuite,1.2.0,com.google.javascript.jscomp.TypedScopeCreator,,1,60,LINE:BRANCH:EXCEPTION,default,offline,True,,14,79.7,0.7,4.9,109.6,SUCCESS,SUCCESS,77.78,35.48,20.0,12.0,14,0,14,0,,False,False,,,EvoSuite/Result_Round1/Closure_95/budget60_seed1,EvoSuite/Result_Round1/Closure_95/budget60_seed1/run.log
Closure,95,SBST,EvoSuite,1.2.0,com.google.javascript.jscomp.TypedScopeCreator,,1,120,LINE:BRANCH:EXCEPTION,default,offline,True,,16,142.4,0.6,5.1,153.4,SUCCESS,SUCCESS,81.82,41.94,31.0,21.0,16,0,16,0,,False,False,,,EvoSuite/Result_Round2/Closure_95/budget120_seed1,EvoSuite/Result_Round2/Closure_95/budget120_seed1/run.log
Closure,96,SBST,EvoSuite,1.2.0,com.google.javascript.jscomp.TypeCheck,,1,60,LINE:BRANCH:EXCEPTION,default,offline,True,,24,88.9,0.7,4.9,118.9,SUCCESS,SUCCESS,21.78,10.14,15.0,23.0,24,0,24,0,,False,False,,,EvoSuite/Result_Round1/Closure_96/budget60_seed1,EvoSuite/Result_Round1/Closure_96/budget60_seed1/run.log
Closure,96,SBST,EvoSuite,1.2.0,com.google.javascript.jscomp.TypeCheck,,1,120,LINE:BRANCH:EXCEPTION,default,offline,True,,24,147.7,0.7,4.8,158.6,SUCCESS,SUCCESS,25.88,12.21,20.0,34.0,23,0,23,0,,False,False,,,EvoSuite/Result_Round2/Closure_96/budget120_seed1,EvoSuite/Result_Round2/Closure_96/budget120_seed1/run.log
Closure,97,SBST,EvoSuite,1.2.0,com.google.javascript.jscomp.PeepholeFoldConstants,,1,60,LINE:BRANCH:EXCEPTION,default,offline,True,,23,80.4,0.7,4.9,109.7,SUCCESS,SUCCESS,12.59,7.78,11.0,22.0,23,0,23,0,,False,False,,,EvoSuite/Result_Round1/Closure_97/budget60_seed1,EvoSuite/Result_Round1/Closure_97/budget60_seed1/run.log
Closure,97,SBST,EvoSuite,1.2.0,com.google.javascript.jscomp.PeepholeFoldConstants,,1,120,LINE:BRANCH:EXCEPTION,default,offline,True,,30,145.4,0.7,4.4,155.6,SUCCESS,SUCCESS,17.99,13.27,17.0,27.0,30,0,30,0,,False,False,,,EvoSuite/Result_Round2/Closure_97/budget120_seed1,EvoSuite/Result_Round2/Closure_97/budget120_seed1/run.log
Closure,98,SBST,EvoSuite,1.2.0,com.google.javascript.jscomp.ReferenceCollectingCallback,,1,60,LINE:BRANCH:EXCEPTION,default,offline,True,,40,95.5,0.8,5.6,125.4,SUCCESS,SUCCESS,72.09,52.17,69.0,48.0,40,0,40,0,,False,False,,,EvoSuite/Result_Round1/Closure_98/budget60_seed1,EvoSuite/Result_Round1/Closure_98/budget60_seed1/run.log
Closure,98,SBST,EvoSuite,1.2.0,com.google.javascript.jscomp.ReferenceCollectingCallback,,1,120,LINE:BRANCH:EXCEPTION,default,offline,True,,52,161.8,0.7,5.8,173.6,SUCCESS,SUCCESS,74.42,65.22,85.0,77.0,52,0,52,0,,False,False,,,EvoSuite/Result_Round2/Closure_98/budget120_seed1,EvoSuite/Result_Round2/Closure_98/budget120_seed1/run.log
Closure,99,SBST,EvoSuite,1.2.0,com.google.javascript.jscomp.CheckGlobalThis,,1,60,LINE:BRANCH:EXCEPTION,default,offline,True,,12,75.0,0.6,4.3,103.8,SUCCESS,SUCCESS,76.47,67.74,78.0,68.0,12,0,12,0,,False,False,,,EvoSuite/Result_Round1/Closure_99/budget60_seed1,EvoSuite/Result_Round1/Closure_99/budget60_seed1/run.log
Closure,99,SBST,EvoSuite,1.2.0,com.google.javascript.jscomp.CheckGlobalThis,,1,120,LINE:BRANCH:EXCEPTION,default,offline,True,,12,136.8,0.7,4.5,147.2,SUCCESS,SUCCESS,78.43,69.35,80.0,70.0,12,0,12,0,,False,False,,,EvoSuite/Result_Round2/Closure_99/budget120_seed1,EvoSuite/Result_Round2/Closure_99/budget120_seed1/run.log
Closure,100,SBST,EvoSuite,1.2.0,com.google.javascript.jscomp.CheckGlobalThis,,1,60,LINE:BRANCH:EXCEPTION,default,offline,True,,13,78.3,0.6,4.9,107.6,SUCCESS,SUCCESS,80.0,67.86,80.0,68.0,13,0,13,1,test12(com.google.javascript.jscomp.CheckGlobalThis_ESTest),True,False,,,EvoSuite/Result_Round1/Closure_100/budget60_seed1,EvoSuite/Result_Round1/Closure_100/budget60_seed1/run.log
Closure,100,SBST,EvoSuite,1.2.0,com.google.javascript.jscomp.CheckGlobalThis,,1,120,LINE:BRANCH:EXCEPTION,default,offline,True,,14,138.8,0.7,5.4,150.4,SUCCESS,SUCCESS,84.44,78.57,89.0,79.0,14,0,14,2,test03(com.google.javascript.jscomp.CheckGlobalThis_ESTest);test13(com.google.javascript.jscomp.CheckGlobalThis_ESTest),True,False,,,EvoSuite/Result_Round2/Closure_100/budget120_seed1,EvoSuite/Result_Round2/Closure_100/budget120_seed1/run.log
Closure,101,SBST,EvoSuite,1.2.0,com.google.javascript.jscomp.CommandLineRunner,,1,60,LINE:BRANCH:EXCEPTION,default,offline,True,,12,74.8,0.7,4.6,104.8,SUCCESS,SUCCESS,72.53,42.86,76.0,36.0,9,0,9,0,,False,False,,,EvoSuite/Result_Round1/Closure_101/budget60_seed1,EvoSuite/Result_Round1/Closure_101/budget60_seed1/run.log
Closure,101,SBST,EvoSuite,1.2.0,com.google.javascript.jscomp.CommandLineRunner,,1,120,LINE:BRANCH:EXCEPTION,default,offline,True,,12,135.1,0.6,4.7,146.1,SUCCESS,SUCCESS,72.53,42.86,76.0,36.0,9,0,9,0,,False,False,,,EvoSuite/Result_Round2/Closure_101/budget120_seed1,EvoSuite/Result_Round2/Closure_101/budget120_seed1/run.log
Closure,102,SBST,EvoSuite,1.2.0,com.google.javascript.jscomp.Normalize,,1,60,LINE:BRANCH:EXCEPTION,default,offline,True,,11,90.1,0.7,5.2,120.2,SUCCESS,SUCCESS,81.19,76.36,61.0,51.0,10,0,10,0,,False,False,,,EvoSuite/Result_Round1/Closure_102/budget60_seed1,EvoSuite/Result_Round1/Closure_102/budget60_seed1/run.log
Closure,102,SBST,EvoSuite,1.2.0,com.google.javascript.jscomp.Normalize,,1,120,LINE:BRANCH:EXCEPTION,default,offline,True,,12,141.4,0.7,5.4,152.9,SUCCESS,SUCCESS,83.17,81.82,77.0,69.0,12,0,12,0,,False,False,,,EvoSuite/Result_Round2/Closure_102/budget120_seed1,EvoSuite/Result_Round2/Closure_102/budget120_seed1/run.log
Closure,103,SBST,EvoSuite,1.2.0,com.google.javascript.jscomp.ControlFlowAnalysis;com.google.javascript.jscomp.DisambiguateProperties,,1,60,LINE:BRANCH:EXCEPTION,default,offline,True,,32,161.2,0.8,6.3,192.1,SUCCESS,RUNTIME_FAIL,32.96,28.0,32.5,31.5,32,1,32,1,test08(com.google.javascript.jscomp.DisambiguateProperties_ESTest),False,False,,,EvoSuite/Result_Round1/Closure_103/budget60_seed1,EvoSuite/Result_Round1/Closure_103/budget60_seed1/run.log
Closure,103,SBST,EvoSuite,1.2.0,com.google.javascript.jscomp.ControlFlowAnalysis;com.google.javascript.jscomp.DisambiguateProperties,,1,120,LINE:BRANCH:EXCEPTION,default,offline,True,,50,296.0,0.8,6.8,309.0,SUCCESS,RUNTIME_FAIL,40.71,33.33,39.5,37.5,50,1,50,1,test14(com.google.javascript.jscomp.DisambiguateProperties_ESTest),False,False,,,EvoSuite/Result_Round2/Closure_103/budget120_seed1,EvoSuite/Result_Round2/Closure_103/budget120_seed1/run.log
Closure,104,SBST,EvoSuite,1.2.0,com.google.javascript.rhino.jstype.UnionType,,1,60,LINE:BRANCH:EXCEPTION,default,offline,True,,89,58.4,0.8,2.7,85.6,SUCCESS,SUCCESS,98.44,98.39,100.0,100.0,73,0,73,0,,False,False,,,EvoSuite/Result_Round1/Closure_104/budget60_seed1,EvoSuite/Result_Round1/Closure_104/budget60_seed1/run.log
Closure,104,SBST,EvoSuite,1.2.0,com.google.javascript.rhino.jstype.UnionType,,1,120,LINE:BRANCH:EXCEPTION,default,offline,True,,106,114.9,0.8,2.8,123.7,SUCCESS,RUNTIME_FAIL,97.92,95.16,100.0,100.0,84,2,84,2,test27(com.google.javascript.rhino.jstype.UnionType_ESTest);test13(com.google.javascript.rhino.jstype.UnionType_ESTest),False,False,,,EvoSuite/Result_Round2/Closure_104/budget120_seed1,EvoSuite/Result_Round2/Closure_104/budget120_seed1/run.log
Closure,105,SBST,EvoSuite,1.2.0,com.google.javascript.jscomp.FoldConstants,,1,60,LINE:BRANCH:EXCEPTION,default,offline,True,,56,105.7,0.7,5.5,135.7,SUCCESS,SUCCESS,14.49,12.01,14.0,12.0,56,0,56,0,,False,False,,,EvoSuite/Result_Round1/Closure_105/budget60_seed1,EvoSuite/Result_Round1/Closure_105/budget60_seed1/run.log
Closure,105,SBST,EvoSuite,1.2.0,com.google.javascript.jscomp.FoldConstants,,1,120,LINE:BRANCH:EXCEPTION,default,offline,True,,65,172.5,0.7,5.6,184.1,SUCCESS,SUCCESS,15.81,13.37,15.0,14.0,65,0,65,0,,False,False,,,EvoSuite/Result_Round2/Closure_105/budget120_seed1,EvoSuite/Result_Round2/Closure_105/budget120_seed1/run.log
Closure,106,SBST,EvoSuite,1.2.0,com.google.javascript.jscomp.GlobalNamespace;com.google.javascript.rhino.JSDocInfoBuilder,,1,60,LINE:BRANCH:EXCEPTION,default,offline,True,,127,175.2,0.8,5.6,203.2,SUCCESS,SUCCESS,94.78,90.74,70.5,64.0,127,0,127,1,test77(com.google.javascript.rhino.JSDocInfoBuilder_ESTest),True,False,,,EvoSuite/Result_Round1/Closure_106/budget60_seed1,EvoSuite/Result_Round1/Closure_106/budget60_seed1/run.log
Closure,106,SBST,EvoSuite,1.2.0,com.google.javascript.jscomp.GlobalNamespace;com.google.javascript.rhino.JSDocInfoBuilder,,1,120,LINE:BRANCH:EXCEPTION,default,offline,True,,130,303.2,0.8,6.0,315.5,SUCCESS,SUCCESS,95.9,90.74,71.5,65.0,130,0,130,1,test78(com.google.javascript.rhino.JSDocInfoBuilder_ESTest),True,False,,,EvoSuite/Result_Round2/Closure_106/budget120_seed1,EvoSuite/Result_Round2/Closure_106/budget120_seed1/run.log
Closure,107,SBST,EvoSuite,1.2.0,com.google.javascript.jscomp.CommandLineRunner,,1,60,LINE:BRANCH:EXCEPTION,default,offline,True,,11,83.4,0.7,5.7,134.8,SUCCESS,SUCCESS,38.1,18.97,36.0,23.0,7,0,7,0,,False,False,,,EvoSuite/Result_Round1/Closure_107/budget60_seed1,EvoSuite/Result_Round1/Closure_107/budget60_seed1/run.log
Closure,107,SBST,EvoSuite,1.2.0,com.google.javascript.jscomp.CommandLineRunner,,1,120,LINE:BRANCH:EXCEPTION,default,offline,True,,11,138.6,0.8,5.1,159.2,SUCCESS,SUCCESS,43.92,24.14,36.0,23.0,8,0,8,0,,False,False,,,EvoSuite/Result_Round2/Closure_107/budget120_seed1,EvoSuite/Result_Round2/Closure_107/budget120_seed1/run.log
Closure,108,SBST,EvoSuite,1.2.0,com.google.javascript.jscomp.ScopedAliases,,1,60,LINE:BRANCH:EXCEPTION,default,offline,True,,6,74.4,0.7,4.8,123.9,SUCCESS,SUCCESS,53.7,29.17,18.0,14.0,6,0,6,0,,False,False,,,EvoSuite/Result_Round1/Closure_108/budget60_seed1,EvoSuite/Result_Round1/Closure_108/budget60_seed1/run.log
Closure,108,SBST,EvoSuite,1.2.0,com.google.javascript.jscomp.ScopedAliases,,1,120,LINE:BRANCH:EXCEPTION,default,offline,True,,6,134.7,0.7,4.8,154.2,SUCCESS,SUCCESS,53.7,29.17,18.0,13.0,6,0,6,0,,False,False,,,EvoSuite/Result_Round2/Closure_108/budget120_seed1,EvoSuite/Result_Round2/Closure_108/budget120_seed1/run.log
Closure,109,SBST,EvoSuite,1.2.0,com.google.javascript.jscomp.parsing.JsDocInfoParser,,1,60,LINE:BRANCH:EXCEPTION,default,offline,True,,27,85.0,0.7,3.0,133.6,SUCCESS,SUCCESS,21.06,15.09,24.0,20.0,21,0,21,0,,False,False,,,EvoSuite/Result_Round1/Closure_109/budget60_seed1,EvoSuite/Result_Round1/Closure_109/budget60_seed1/run.log
Closure,109,SBST,EvoSuite,1.2.0,com.google.javascript.jscomp.parsing.JsDocInfoParser,,1,120,LINE:BRANCH:EXCEPTION,default,offline,True,,33,146.3,0.8,3.1,164.2,SUCCESS,SUCCESS,21.15,15.66,22.0,19.0,27,0,27,0,,False,False,,,EvoSuite/Result_Round2/Closure_109/budget120_seed1,EvoSuite/Result_Round2/Closure_109/budget120_seed1/run.log
Closure,110,SBST,EvoSuite,1.2.0,com.google.javascript.jscomp.ScopedAliases;com.google.javascript.rhino.Node,,1,60,LINE:BRANCH:EXCEPTION,default,offline,True,,257,265.1,1.1,7.7,317.7,SUCCESS,RUNTIME_FAIL,82.55,65.43,51.5,43.0,257,1,257,1,test124(com.google.javascript.rhino.Node_ESTest),False,False,,,EvoSuite/Result_Round1/Closure_110/budget60_seed1,EvoSuite/Result_Round1/Closure_110/budget60_seed1/run.log
Closure,110,SBST,EvoSuite,1.2.0,com.google.javascript.jscomp.ScopedAliases;com.google.javascript.rhino.Node,,1,120,LINE:BRANCH:EXCEPTION,default,offline,True,,262,379.5,1.4,7.0,402.2,SUCCESS,SUCCESS,84.45,68.59,53.5,45.5,261,0,261,0,,False,False,,,EvoSuite/Result_Round2/Closure_110/budget120_seed1,EvoSuite/Result_Round2/Closure_110/budget120_seed1/run.log
Closure,111,SBST,EvoSuite,1.2.0,com.google.javascript.jscomp.type.ClosureReverseAbstractInterpreter,,1,60,LINE:BRANCH:EXCEPTION,default,offline,True,,5,70.2,0.7,3.0,117.9,SUCCESS,SUCCESS,59.46,22.22,28.0,26.0,4,0,4,0,,False,False,,,EvoSuite/Result_Round1/Closure_111/budget60_seed1,EvoSuite/Result_Round1/Closure_111/budget60_seed1/run.log
Closure,111,SBST,EvoSuite,1.2.0,com.google.javascript.jscomp.type.ClosureReverseAbstractInterpreter,,1,120,LINE:BRANCH:EXCEPTION,default,offline,True,,5,130.1,0.7,3.1,148.0,SUCCESS,RUNTIME_FAIL,59.46,27.78,28.0,26.0,5,1,5,1,test0(com.google.javascript.jscomp.type.ClosureReverseAbstractInterpreter_ESTest),False,False,,,EvoSuite/Result_Round2/Closure_111/budget120_seed1,EvoSuite/Result_Round2/Closure_111/budget120_seed1/run.log
Closure,112,SBST,EvoSuite,1.2.0,com.google.javascript.jscomp.TypeInference,,1,60,LINE:BRANCH:EXCEPTION,default,offline,True,,12,83.7,0.8,5.4,133.1,SUCCESS,SUCCESS,0.73,0.44,10.0,24.0,5,0,5,0,,False,False,,,EvoSuite/Result_Round1/Closure_112/budget60_seed1,EvoSuite/Result_Round1/Closure_112/budget60_seed1/run.log
Closure,112,SBST,EvoSuite,1.2.0,com.google.javascript.jscomp.TypeInference,,1,120,LINE:BRANCH:EXCEPTION,default,offline,True,,10,139.1,0.7,5.4,159.2,SUCCESS,SUCCESS,0.73,0.44,6.0,22.0,4,0,4,0,,False,False,,,EvoSuite/Result_Round2/Closure_112/budget120_seed1,EvoSuite/Result_Round2/Closure_112/budget120_seed1/run.log
Closure,113,SBST,EvoSuite,1.2.0,com.google.javascript.jscomp.ProcessClosurePrimitives,,1,60,LINE:BRANCH:EXCEPTION,default,offline,True,,8,76.8,0.7,5.0,127.3,SUCCESS,SUCCESS,13.95,8.08,13.0,11.0,7,0,7,0,,False,False,,,EvoSuite/Result_Round1/Closure_113/budget60_seed1,EvoSuite/Result_Round1/Closure_113/budget60_seed1/run.log
Closure,113,SBST,EvoSuite,1.2.0,com.google.javascript.jscomp.ProcessClosurePrimitives,,1,120,LINE:BRANCH:EXCEPTION,default,offline,True,,9,140.5,0.7,5.2,160.5,SUCCESS,SUCCESS,14.88,9.23,12.0,11.0,9,0,9,0,,False,False,,,EvoSuite/Result_Round2/Closure_113/budget120_seed1,EvoSuite/Result_Round2/Closure_113/budget120_seed1/run.log
Closure,114,SBST,EvoSuite,1.2.0,com.google.javascript.jscomp.NameAnalyzer,,1,60,LINE:BRANCH:EXCEPTION,default,offline,True,,8,77.6,0.7,5.0,127.0,SUCCESS,SUCCESS,37.19,23.48,30.0,21.0,7,0,7,0,,False,False,,,EvoSuite/Result_Round1/Closure_114/budget60_seed1,EvoSuite/Result_Round1/Closure_114/budget60_seed1/run.log
Closure,114,SBST,EvoSuite,1.2.0,com.google.javascript.jscomp.NameAnalyzer,,1,120,LINE:BRANCH:EXCEPTION,default,offline,True,,8,137.3,0.7,4.8,157.0,SUCCESS,SUCCESS,27.0,13.48,23.0,16.0,8,0,8,0,,False,False,,,EvoSuite/Result_Round2/Closure_114/budget120_seed1,EvoSuite/Result_Round2/Closure_114/budget120_seed1/run.log
Closure,115,SBST,EvoSuite,1.2.0,com.google.javascript.jscomp.FunctionInjector,,1,60,LINE:BRANCH:EXCEPTION,default,offline,True,,17,85.8,0.8,5.2,135.6,SUCCESS,SUCCESS,15.32,9.79,21.0,16.0,12,0,12,0,,False,False,,,EvoSuite/Result_Round1/Closure_115/budget60_seed1,EvoSuite/Result_Round1/Closure_115/budget60_seed1/run.log
Closure,115,SBST,EvoSuite,1.2.0,com.google.javascript.jscomp.FunctionInjector,,1,120,LINE:BRANCH:EXCEPTION,default,offline,True,,19,146.6,0.8,5.4,167.1,SUCCESS,SUCCESS,18.15,19.07,22.0,17.0,19,0,19,0,,False,False,,,EvoSuite/Result_Round2/Closure_115/budget120_seed1,EvoSuite/Result_Round2/Closure_115/budget120_seed1/run.log
Closure,116,SBST,EvoSuite,1.2.0,com.google.javascript.jscomp.FunctionInjector,,1,60,LINE:BRANCH:EXCEPTION,default,offline,True,,17,86.4,0.8,5.3,135.9,SUCCESS,RUNTIME_FAIL,7.0,0.5,20.0,16.0,12,1,12,1,test06(com.google.javascript.jscomp.FunctionInjector_ESTest),False,False,,,EvoSuite/Result_Round1/Closure_116/budget60_seed1,EvoSuite/Result_Round1/Closure_116/budget60_seed1/run.log
Closure,116,SBST,EvoSuite,1.2.0,com.google.javascript.jscomp.FunctionInjector,,1,120,LINE:BRANCH:EXCEPTION,default,offline,True,,19,149.6,0.8,5.4,169.9,SUCCESS,SUCCESS,10.89,6.44,27.0,20.0,14,0,14,0,,False,False,,,EvoSuite/Result_Round2/Closure_116/budget120_seed1,EvoSuite/Result_Round2/Closure_116/budget120_seed1/run.log
Closure,117,SBST,EvoSuite,1.2.0,com.google.javascript.jscomp.TypeValidator,,1,60,LINE:BRANCH:EXCEPTION,default,offline,True,,4,76.6,0.7,4.9,126.3,SUCCESS,SUCCESS,10.26,0.0,6.0,2.0,4,0,4,0,,False,False,,,EvoSuite/Result_Round1/Closure_117/budget60_seed1,EvoSuite/Result_Round1/Closure_117/budget60_seed1/run.log
Closure,117,SBST,EvoSuite,1.2.0,com.google.javascript.jscomp.TypeValidator,,1,120,LINE:BRANCH:EXCEPTION,default,offline,True,,54,190.0,0.7,5.2,210.1,SUCCESS,SUCCESS,8.42,0.0,54.0,39.0,4,0,4,0,,False,False,,,EvoSuite/Result_Round2/Closure_117/budget120_seed1,EvoSuite/Result_Round2/Closure_117/budget120_seed1/run.log
Closure,118,SBST,EvoSuite,1.2.0,com.google.javascript.jscomp.DisambiguateProperties,,1,60,LINE:BRANCH:EXCEPTION,default,offline,True,,7,78.7,0.7,5.2,128.4,SUCCESS,SUCCESS,2.8,0.0,9.0,3.0,3,0,3,0,,False,False,,,EvoSuite/Result_Round1/Closure_118/budget60_seed1,EvoSuite/Result_Round1/Closure_118/budget60_seed1/run.log
Closure,118,SBST,EvoSuite,1.2.0,com.google.javascript.jscomp.DisambiguateProperties,,1,120,LINE:BRANCH:EXCEPTION,default,offline,True,,3,131.7,0.7,4.8,151.5,SUCCESS,SUCCESS,2.8,0.0,1.0,1.0,3,0,3,0,,False,False,,,EvoSuite/Result_Round2/Closure_118/budget120_seed1,EvoSuite/Result_Round2/Closure_118/budget120_seed1/run.log
Closure,119,SBST,EvoSuite,1.2.0,com.google.javascript.jscomp.GlobalNamespace,,1,60,LINE:BRANCH:EXCEPTION,default,offline,True,,70,117.5,0.8,6.3,168.0,SUCCESS,SUCCESS,40.35,28.57,44.0,34.0,67,0,67,0,,False,False,,,EvoSuite/Result_Round1/Closure_119/budget60_seed1,EvoSuite/Result_Round1/Closure_119/budget60_seed1/run.log
Closure,119,SBST,EvoSuite,1.2.0,com.google.javascript.jscomp.GlobalNamespace,,1,120,LINE:BRANCH:EXCEPTION,default,offline,True,,79,185.6,0.9,6.3,206.9,SUCCESS,RUNTIME_FAIL,68.42,35.71,43.0,31.0,79,1,79,1,test70(com.google.javascript.jscomp.GlobalNamespace_ESTest),False,False,,,EvoSuite/Result_Round2/Closure_119/budget120_seed1,EvoSuite/Result_Round2/Closure_119/budget120_seed1/run.log
Closure,120,SBST,EvoSuite,1.2.0,com.google.javascript.jscomp.ReferenceCollectingCallback,,1,60,LINE:BRANCH:EXCEPTION,default,offline,True,,41,98.2,0.8,5.8,147.8,SUCCESS,SUCCESS,59.62,48.0,59.0,37.0,41,0,41,0,,False,False,,,EvoSuite/Result_Round1/Closure_120/budget60_seed1,EvoSuite/Result_Round1/Closure_120/budget60_seed1/run.log
Closure,120,SBST,EvoSuite,1.2.0,com.google.javascript.jscomp.ReferenceCollectingCallback,,1,120,LINE:BRANCH:EXCEPTION,default,offline,True,,48,162.8,0.8,6.2,184.0,SUCCESS,SUCCESS,63.46,56.0,62.0,44.0,46,0,46,0,,False,False,,,EvoSuite/Result_Round2/Closure_120/budget120_seed1,EvoSuite/Result_Round2/Closure_120/budget120_seed1/run.log
Closure,121,SBST,EvoSuite,1.2.0,com.google.javascript.jscomp.InlineVariables,,1,60,LINE:BRANCH:EXCEPTION,default,offline,True,,3,72.7,0.7,4.3,121.4,SUCCESS,SUCCESS,73.33,50.0,6.0,3.0,2,0,2,0,,False,False,,,EvoSuite/Result_Round1/Closure_121/budget60_seed1,EvoSuite/Result_Round1/Closure_121/budget60_seed1/run.log
Closure,121,SBST,EvoSuite,1.2.0,com.google.javascript.jscomp.InlineVariables,,1,120,LINE:BRANCH:EXCEPTION,default,offline,True,,4,135.4,0.7,4.7,154.8,SUCCESS,SUCCESS,80.0,75.0,6.0,3.0,4,0,4,0,,False,False,,,EvoSuite/Result_Round2/Closure_121/budget120_seed1,EvoSuite/Result_Round2/Closure_121/budget120_seed1/run.log
Closure,122,SBST,EvoSuite,1.2.0,com.google.javascript.jscomp.parsing.IRFactory,,1,60,LINE:BRANCH:EXCEPTION,default,offline,True,,14,83.1,0.8,3.1,130.6,SUCCESS,SUCCESS,23.05,7.98,18.0,32.0,6,0,6,0,,False,False,,,EvoSuite/Result_Round1/Closure_122/budget60_seed1,EvoSuite/Result_Round1/Closure_122/budget60_seed1/run.log
Closure,122,SBST,EvoSuite,1.2.0,com.google.javascript.jscomp.parsing.IRFactory,,1,120,LINE:BRANCH:EXCEPTION,default,offline,True,,15,174.5,0.8,3.7,192.8,SUCCESS,SUCCESS,30.85,11.7,19.0,33.0,15,0,15,0,,False,False,,,EvoSuite/Result_Round2/Closure_122/budget120_seed1,EvoSuite/Result_Round2/Closure_122/budget120_seed1/run.log
Closure,123,SBST,EvoSuite,1.2.0,com.google.javascript.jscomp.CodeGenerator,,1,60,LINE:BRANCH:EXCEPTION,default,offline,True,,38,90.9,0.8,4.8,140.3,SUCCESS,SUCCESS,15.4,12.37,17.0,11.0,38,0,38,0,,False,False,,,EvoSuite/Result_Round1/Closure_123/budget60_seed1,EvoSuite/Result_Round1/Closure_123/budget60_seed1/run.log
Closure,123,SBST,EvoSuite,1.2.0,com.google.javascript.jscomp.CodeGenerator,,1,120,LINE:BRANCH:EXCEPTION,default,offline,True,,39,167.5,0.7,5.5,187.8,SUCCESS,SUCCESS,37.48,30.31,41.0,45.0,39,0,39,0,,False,False,,,EvoSuite/Result_Round2/Closure_123/budget120_seed1,EvoSuite/Result_Round2/Closure_123/budget120_seed1/run.log
Closure,124,SBST,EvoSuite,1.2.0,com.google.javascript.jscomp.ExploitAssigns,,1,60,LINE:BRANCH:EXCEPTION,default,offline,True,,4,73.2,0.7,4.9,122.7,SUCCESS,SUCCESS,33.33,22.06,36.0,37.0,2,0,2,0,,False,False,,,EvoSuite/Result_Round1/Closure_124/budget60_seed1,EvoSuite/Result_Round1/Closure_124/budget60_seed1/run.log
Closure,124,SBST,EvoSuite,1.2.0,com.google.javascript.jscomp.ExploitAssigns,,1,120,LINE:BRANCH:EXCEPTION,default,offline,True,,2,130.2,0.7,4.8,149.7,SUCCESS,SUCCESS,1.23,0.0,9.0,4.0,1,0,1,0,,False,False,,,EvoSuite/Result_Round2/Closure_124/budget120_seed1,EvoSuite/Result_Round2/Closure_124/budget120_seed1/run.log
Closure,125,SBST,EvoSuite,1.2.0,com.google.javascript.jscomp.TypeCheck,,1,60,LINE:BRANCH:EXCEPTION,default,offline,True,,14,86.2,0.7,5.1,136.4,SUCCESS,RUNTIME_FAIL,16.52,5.25,12.0,19.0,5,3,5,3,test3(com.google.javascript.jscomp.TypeCheck_ESTest);test4(com.google.javascript.jscomp.TypeCheck_ESTest);test1(com.google.javascript.jscomp.TypeCheck_ESTest),False,False,,,EvoSuite/Result_Round1/Closure_125/budget60_seed1,EvoSuite/Result_Round1/Closure_125/budget60_seed1/run.log
Closure,125,SBST,EvoSuite,1.2.0,com.google.javascript.jscomp.TypeCheck,,1,120,LINE:BRANCH:EXCEPTION,default,offline,True,,23,149.7,0.8,5.3,170.1,SUCCESS,SUCCESS,16.29,5.09,10.0,18.0,23,0,23,0,,False,False,,,EvoSuite/Result_Round2/Closure_125/budget120_seed1,EvoSuite/Result_Round2/Closure_125/budget120_seed1/run.log
Closure,126,SBST,EvoSuite,1.2.0,com.google.javascript.jscomp.MinimizeExitPoints,,1,60,LINE:BRANCH:EXCEPTION,default,offline,True,,12,82.1,0.7,4.8,131.1,SUCCESS,SUCCESS,31.31,38.81,34.0,45.0,12,0,12,0,,False,False,,,EvoSuite/Result_Round1/Closure_126/budget60_seed1,EvoSuite/Result_Round1/Closure_126/budget60_seed1/run.log
Closure,126,SBST,EvoSuite,1.2.0,com.google.javascript.jscomp.MinimizeExitPoints,,1,120,LINE:BRANCH:EXCEPTION,default,offline,True,,16,145.3,0.7,5.2,165.7,SUCCESS,SUCCESS,32.32,41.79,38.0,53.0,16,0,16,0,,False,False,,,EvoSuite/Result_Round2/Closure_126/budget120_seed1,EvoSuite/Result_Round2/Closure_126/budget120_seed1/run.log
Closure,127,SBST,EvoSuite,1.2.0,com.google.javascript.jscomp.UnreachableCodeElimination,,1,60,LINE:BRANCH:EXCEPTION,default,offline,True,,1,69.0,0.7,4.4,117.5,SUCCESS,SUCCESS,75.0,,9.0,4.0,1,0,1,0,,False,False,,,EvoSuite/Result_Round1/Closure_127/budget60_seed1,EvoSuite/Result_Round1/Closure_127/budget60_seed1/run.log
Closure,127,SBST,EvoSuite,1.2.0,com.google.javascript.jscomp.UnreachableCodeElimination,,1,120,LINE:BRANCH:EXCEPTION,default,offline,True,,1,132.4,0.6,4.4,151.6,SUCCESS,SUCCESS,75.0,,9.0,4.0,1,0,1,0,,False,False,,,EvoSuite/Result_Round2/Closure_127/budget120_seed1,EvoSuite/Result_Round2/Closure_127/budget120_seed1/run.log
Closure,128,SBST,EvoSuite,1.2.0,com.google.javascript.jscomp.CodeGenerator,,1,60,LINE:BRANCH:EXCEPTION,default,offline,True,,37,97.8,0.7,5.2,147.3,SUCCESS,SUCCESS,22.12,19.42,23.0,36.0,37,0,37,0,,False,False,,,EvoSuite/Result_Round1/Closure_128/budget60_seed1,EvoSuite/Result_Round1/Closure_128/budget60_seed1/run.log
Closure,128,SBST,EvoSuite,1.2.0,com.google.javascript.jscomp.CodeGenerator,,1,120,LINE:BRANCH:EXCEPTION,default,offline,True,,40,166.0,0.7,5.6,186.3,SUCCESS,SUCCESS,42.65,36.53,43.0,46.0,40,0,40,0,,False,False,,,EvoSuite/Result_Round2/Closure_128/budget120_seed1,EvoSuite/Result_Round2/Closure_128/budget120_seed1/run.log
Closure,129,SBST,EvoSuite,1.2.0,com.google.javascript.jscomp.PrepareAst,,1,60,LINE:BRANCH:EXCEPTION,default,offline,True,,4,77.3,0.7,5.1,126.2,SUCCESS,SUCCESS,58.33,38.46,55.0,42.0,4,0,4,0,,False,False,,,EvoSuite/Result_Round1/Closure_129/budget60_seed1,EvoSuite/Result_Round1/Closure_129/budget60_seed1/run.log
Closure,129,SBST,EvoSuite,1.2.0,com.google.javascript.jscomp.PrepareAst,,1,120,LINE:BRANCH:EXCEPTION,default,offline,True,,8,140.7,0.7,5.4,161.0,SUCCESS,SUCCESS,88.89,76.92,80.0,63.0,8,0,8,0,,False,False,,,EvoSuite/Result_Round2/Closure_129/budget120_seed1,EvoSuite/Result_Round2/Closure_129/budget120_seed1/run.log
Closure,130,SBST,EvoSuite,1.2.0,com.google.javascript.jscomp.CollapseProperties,,1,60,LINE:BRANCH:EXCEPTION,default,offline,True,,3,73.6,0.7,4.5,122.9,SUCCESS,SUCCESS,7.14,3.03,6.0,3.0,3,0,3,0,,False,False,,,EvoSuite/Result_Round1/Closure_130/budget60_seed1,EvoSuite/Result_Round1/Closure_130/budget60_seed1/run.log
Closure,130,SBST,EvoSuite,1.2.0,com.google.javascript.jscomp.CollapseProperties,,1,120,LINE:BRANCH:EXCEPTION,default,offline,True,,3,133.9,0.6,4.4,152.7,SUCCESS,SUCCESS,7.14,3.03,6.0,3.0,3,0,3,0,,False,False,,,EvoSuite/Result_Round2/Closure_130/budget120_seed1,EvoSuite/Result_Round2/Closure_130/budget120_seed1/run.log
Closure,131,SBST,EvoSuite,1.2.0,com.google.javascript.rhino.TokenStream,,1,60,LINE:BRANCH:EXCEPTION,default,offline,True,,107,76.8,0.7,1.3,120.7,SUCCESS,SUCCESS,85.96,68.64,86.0,80.0,107,0,107,0,,False,False,,,EvoSuite/Result_Round1/Closure_131/budget60_seed1,EvoSuite/Result_Round1/Closure_131/budget60_seed1/run.log
Closure,131,SBST,EvoSuite,1.2.0,com.google.javascript.rhino.TokenStream,,1,120,LINE:BRANCH:EXCEPTION,default,offline,True,,118,138.2,0.7,1.6,154.9,SUCCESS,SUCCESS,88.6,72.19,89.0,85.0,118,0,118,0,,False,False,,,EvoSuite/Result_Round2/Closure_131/budget120_seed1,EvoSuite/Result_Round2/Closure_131/budget120_seed1/run.log
Closure,132,SBST,EvoSuite,1.2.0,com.google.javascript.jscomp.PeepholeSubstituteAlternateSyntax,,1,60,LINE:BRANCH:EXCEPTION,default,offline,True,,28,83.7,0.7,6.7,134.5,SUCCESS,SUCCESS,9.6,8.14,10.0,12.0,28,0,28,0,,False,False,,,EvoSuite/Result_Round1/Closure_132/budget60_seed1,EvoSuite/Result_Round1/Closure_132/budget60_seed1/run.log
Closure,132,SBST,EvoSuite,1.2.0,com.google.javascript.jscomp.PeepholeSubstituteAlternateSyntax,,1,120,LINE:BRANCH:EXCEPTION,default,offline,True,,32,166.7,0.7,7.3,188.8,SUCCESS,SUCCESS,11.07,10.98,12.0,14.0,32,0,32,0,,False,False,,,EvoSuite/Result_Round2/Closure_132/budget120_seed1,EvoSuite/Result_Round2/Closure_132/budget120_seed1/run.log
Closure,133,SBST,EvoSuite,1.2.0,com.google.javascript.jscomp.parsing.JsDocInfoParser,,1,60,LINE:BRANCH:EXCEPTION,default,offline,True,,20,83.7,0.8,5.1,132.7,SUCCESS,SUCCESS,21.25,15.27,22.0,19.0,20,0,20,0,,False,False,,,EvoSuite/Result_Round1/Closure_133/budget60_seed1,EvoSuite/Result_Round1/Closure_133/budget60_seed1/run.log
Closure,133,SBST,EvoSuite,1.2.0,com.google.javascript.jscomp.parsing.JsDocInfoParser,,1,120,LINE:BRANCH:EXCEPTION,default,offline,True,,34,151.7,0.8,7.9,174.9,SUCCESS,SUCCESS,23.06,17.4,24.0,21.0,34,0,34,0,,False,False,,,EvoSuite/Result_Round2/Closure_133/budget120_seed1,EvoSuite/Result_Round2/Closure_133/budget120_seed1/run.log
Closure,134,SBST,EvoSuite,1.2.0,com.google.javascript.jscomp.AmbiguateProperties;com.google.javascript.jscomp.TypedScopeCreator,,1,60,LINE:BRANCH:EXCEPTION,default,offline,True,,15,148.3,0.7,6.5,181.7,SUCCESS,RUNTIME_FAIL,60.85,22.22,31.5,22.0,15,4,15,4,test1(com.google.javascript.jscomp.AmbiguateProperties_ESTest);test6(com.google.javascript.jscomp.AmbiguateProperties_ESTest);test2(com.google.javascript.jscomp.AmbiguateProperties_ESTest);test4(com.google.javascript.jscomp.AmbiguateProperties_ESTest),False,False,,,EvoSuite/Result_Round1/Closure_134/budget60_seed1,EvoSuite/Result_Round1/Closure_134/budget60_seed1/run.log
Closure,134,SBST,EvoSuite,1.2.0,com.google.javascript.jscomp.AmbiguateProperties;com.google.javascript.jscomp.TypedScopeCreator,,1,120,LINE:BRANCH:EXCEPTION,default,offline,True,,17,273.3,0.7,6.4,285.9,SUCCESS,RUNTIME_FAIL,60.38,20.0,40.5,28.0,17,5,17,5,test1(com.google.javascript.jscomp.AmbiguateProperties_ESTest);test6(com.google.javascript.jscomp.AmbiguateProperties_ESTest);test7(com.google.javascript.jscomp.AmbiguateProperties_ESTest);test2(com.google.javascript.jscomp.AmbiguateProperties_ESTest);test4(com.google.javascript.jscomp.AmbiguateProperties_ESTest),False,False,,,EvoSuite/Result_Round2/Closure_134/budget120_seed1,EvoSuite/Result_Round2/Closure_134/budget120_seed1/run.log
Closure,135,SBST,EvoSuite,1.2.0,com.google.javascript.jscomp.DevirtualizePrototypeMethods;com.google.javascript.rhino.jstype.FunctionType,,1,60,LINE:BRANCH:EXCEPTION,default,offline,True,,84,173.1,0.9,5.9,204.2,SUCCESS,SUCCESS,66.19,69.14,53.0,51.5,84,0,84,1,test49(com.google.javascript.rhino.jstype.FunctionType_ESTest),True,False,,,EvoSuite/Result_Round1/Closure_135/budget60_seed1,EvoSuite/Result_Round1/Closure_135/budget60_seed1/run.log
Closure,135,SBST,EvoSuite,1.2.0,com.google.javascript.jscomp.DevirtualizePrototypeMethods;com.google.javascript.rhino.jstype.FunctionType,,1,120,LINE:BRANCH:EXCEPTION,default,offline,True,,92,290.7,0.9,5.6,302.6,SUCCESS,SUCCESS,70.92,72.53,56.5,54.0,91,0,91,1,test56(com.google.javascript.rhino.jstype.FunctionType_ESTest),True,False,,,EvoSuite/Result_Round2/Closure_135/budget120_seed1,EvoSuite/Result_Round2/Closure_135/budget120_seed1/run.log
Closure,136,SBST,EvoSuite,1.2.0,com.google.javascript.jscomp.MethodCompilerPass;com.google.javascript.jscomp.RenameVars,,1,60,LINE:BRANCH:EXCEPTION,default,offline,True,,18,153.9,0.8,6.1,185.1,SUCCESS,SUCCESS,68.49,48.44,64.5,50.0,18,0,18,0,,False,False,,,EvoSuite/Result_Round1/Closure_136/budget60_seed1,EvoSuite/Result_Round1/Closure_136/budget60_seed1/run.log
Closure,136,SBST,EvoSuite,1.2.0,com.google.javascript.jscomp.MethodCompilerPass;com.google.javascript.jscomp.RenameVars,,1,120,LINE:BRANCH:EXCEPTION,default,offline,True,,20,274.6,0.8,6.4,287.1,SUCCESS,SUCCESS,71.23,53.12,72.5,59.0,20,0,20,0,,False,False,,,EvoSuite/Result_Round2/Closure_136/budget120_seed1,EvoSuite/Result_Round2/Closure_136/budget120_seed1/run.log
Closure,137,SBST,EvoSuite,1.2.0,com.google.javascript.jscomp.MakeDeclaredNamesUnique;com.google.javascript.jscomp.NodeUtil;com.google.javascript.jscomp.Normalize,,1,60,LINE:BRANCH:EXCEPTION,default,offline,True,,253,280.3,0.9,7.5,313.0,SUCCESS,SUCCESS,57.37,41.47,64.7,59.3,253,0,253,4,test07(com.google.javascript.jscomp.MakeDeclaredNamesUnique_ESTest);test11(com.google.javascript.jscomp.MakeDeclaredNamesUnique_ESTest);test125(com.google.javascript.jscomp.NodeUtil_ESTest);test126(com.google.javascript.jscomp.NodeUtil_ESTest),True,False,,,EvoSuite/Result_Round1/Closure_137/budget60_seed1,EvoSuite/Result_Round1/Closure_137/budget60_seed1/run.log
Closure,137,SBST,EvoSuite,1.2.0,com.google.javascript.jscomp.MakeDeclaredNamesUnique;com.google.javascript.jscomp.NodeUtil;com.google.javascript.jscomp.Normalize,,1,120,LINE:BRANCH:EXCEPTION,default,offline,True,,308,475.8,1.0,7.9,490.0,SUCCESS,SUCCESS,62.28,45.96,65.7,60.7,308,0,308,4,test08(com.google.javascript.jscomp.MakeDeclaredNamesUnique_ESTest);test11(com.google.javascript.jscomp.MakeDeclaredNamesUnique_ESTest);test155(com.google.javascript.jscomp.NodeUtil_ESTest);test156(com.google.javascript.jscomp.NodeUtil_ESTest),True,False,,,EvoSuite/Result_Round2/Closure_137/budget120_seed1,EvoSuite/Result_Round2/Closure_137/budget120_seed1/run.log
Closure,138,SBST,EvoSuite,1.2.0,com.google.javascript.jscomp.ClosureReverseAbstractInterpreter;com.google.javascript.jscomp.TypeInference,,1,60,LINE:BRANCH:EXCEPTION,default,offline,True,,32,165.7,0.8,7.9,198.5,SUCCESS,RUNTIME_FAIL,26.62,11.24,28.5,31.5,32,1,32,1,test0(com.google.javascript.jscomp.ClosureReverseAbstractInterpreter_ESTest),False,False,,,EvoSuite/Result_Round1/Closure_138/budget60_seed1,EvoSuite/Result_Round1/Closure_138/budget60_seed1/run.log
Closure,138,SBST,EvoSuite,1.2.0,com.google.javascript.jscomp.ClosureReverseAbstractInterpreter;com.google.javascript.jscomp.TypeInference,,1,120,LINE:BRANCH:EXCEPTION,default,offline,True,,32,281.3,0.8,6.8,294.7,SUCCESS,SUCCESS,17.93,9.22,22.5,29.5,32,0,32,0,,False,False,,,EvoSuite/Result_Round2/Closure_138/budget120_seed1,EvoSuite/Result_Round2/Closure_138/budget120_seed1/run.log
Closure,139,SBST,EvoSuite,1.2.0,com.google.javascript.jscomp.Normalize,,1,60,LINE:BRANCH:EXCEPTION,default,offline,True,,10,79.7,0.7,5.5,110.8,SUCCESS,SUCCESS,80.95,0.0,69.0,63.0,10,0,10,0,,False,False,,,EvoSuite/Result_Round1/Closure_139/budget60_seed1,EvoSuite/Result_Round1/Closure_139/budget60_seed1/run.log
Closure,139,SBST,EvoSuite,1.2.0,com.google.javascript.jscomp.Normalize,,1,120,LINE:BRANCH:EXCEPTION,default,offline,True,,9,139.2,0.6,5.2,150.4,SUCCESS,SUCCESS,80.95,0.0,69.0,63.0,9,0,9,0,,False,False,,,EvoSuite/Result_Round2/Closure_139/budget120_seed1,EvoSuite/Result_Round2/Closure_139/budget120_seed1/run.log
Closure,140,SBST,EvoSuite,1.2.0,com.google.javascript.jscomp.Compiler,,1,60,LINE:BRANCH:EXCEPTION,default,offline,True,,107,135.0,0.9,7.4,168.1,SUCCESS,RUNTIME_FAIL,65.67,47.4,60.0,51.0,107,1,107,2,test086(com.google.javascript.jscomp.Compiler_ESTest);test038(com.google.javascript.jscomp.Compiler_ESTest),False,False,,,EvoSuite/Result_Round1/Closure_140/budget60_seed1,EvoSuite/Result_Round1/Closure_140/budget60_seed1/run.log
Closure,140,SBST,EvoSuite,1.2.0,com.google.javascript.jscomp.Compiler,,1,120,LINE:BRANCH:EXCEPTION,default,offline,True,,106,200.2,0.9,7.7,214.2,SUCCESS,RUNTIME_FAIL,67.16,50.52,61.0,53.0,106,1,106,2,test001(com.google.javascript.jscomp.Compiler_ESTest);test046(com.google.javascript.jscomp.Compiler_ESTest),False,False,,,EvoSuite/Result_Round2/Closure_140/budget120_seed1,EvoSuite/Result_Round2/Closure_140/budget120_seed1/run.log
Closure,141,SBST,EvoSuite,1.2.0,com.google.javascript.jscomp.NodeUtil;com.google.javascript.jscomp.PureFunctionIdentifier,,1,60,LINE:BRANCH:EXCEPTION,default,offline,True,,247,197.5,0.9,5.5,227.5,SUCCESS,SUCCESS,50.0,34.35,39.0,32.5,247,0,247,0,,False,False,,,EvoSuite/Result_Round1/Closure_141/budget60_seed1,EvoSuite/Result_Round1/Closure_141/budget60_seed1/run.log
Closure,141,SBST,EvoSuite,1.2.0,com.google.javascript.jscomp.NodeUtil;com.google.javascript.jscomp.PureFunctionIdentifier,,1,120,LINE:BRANCH:EXCEPTION,default,offline,True,,268,318.9,0.9,5.8,330.8,SUCCESS,SUCCESS,52.21,38.24,40.5,34.0,267,0,267,0,,False,False,,,EvoSuite/Result_Round2/Closure_141/budget120_seed1,EvoSuite/Result_Round2/Closure_141/budget120_seed1/run.log
Closure,142,SBST,EvoSuite,1.2.0,com.google.javascript.jscomp.CoalesceVariableNames;com.google.javascript.jscomp.parsing.JsDocInfoParser,,1,60,LINE:BRANCH:EXCEPTION,default,offline,True,,28,151.8,0.7,5.6,182.4,SUCCESS,SUCCESS,18.92,13.07,25.0,19.5,27,0,27,0,,False,False,,,EvoSuite/Result_Round1/Closure_142/budget60_seed1,EvoSuite/Result_Round1/Closure_142/budget60_seed1/run.log
Closure,142,SBST,EvoSuite,1.2.0,com.google.javascript.jscomp.CoalesceVariableNames;com.google.javascript.jscomp.parsing.JsDocInfoParser,,1,120,LINE:BRANCH:EXCEPTION,default,offline,True,,29,271.3,0.8,5.5,282.8,SUCCESS,SUCCESS,16.13,11.54,12.0,10.0,29,0,29,0,,False,False,,,EvoSuite/Result_Round2/Closure_142/budget120_seed1,EvoSuite/Result_Round2/Closure_142/budget120_seed1/run.log
Closure,143,SBST,EvoSuite,1.2.0,com.google.javascript.jscomp.AbstractCommandLineRunner;com.google.javascript.jscomp.RemoveConstantExpressions,,1,60,LINE:BRANCH:EXCEPTION,default,offline,True,,23,150.0,0.7,6.3,180.7,SUCCESS,SUCCESS,25.76,18.0,67.5,56.0,23,0,23,0,,False,False,,,EvoSuite/Result_Round1/Closure_143/budget60_seed1,EvoSuite/Result_Round1/Closure_143/budget60_seed1/run.log
Closure,143,SBST,EvoSuite,1.2.0,com.google.javascript.jscomp.AbstractCommandLineRunner;com.google.javascript.jscomp.RemoveConstantExpressions,,1,120,LINE:BRANCH:EXCEPTION,default,offline,True,,24,275.6,0.7,6.2,287.9,SUCCESS,SUCCESS,25.76,19.5,49.0,35.0,24,0,24,0,,False,False,,,EvoSuite/Result_Round2/Closure_143/budget120_seed1,EvoSuite/Result_Round2/Closure_143/budget120_seed1/run.log
Closure,144,SBST,EvoSuite,1.2.0,com.google.javascript.jscomp.FunctionTypeBuilder;com.google.javascript.jscomp.TypedScopeCreator;com.google.javascript.rhino.jstype.FunctionBuilder;com.google.javascript.rhino.jstype.FunctionType,,1,60,LINE:BRANCH:EXCEPTION,default,offline,True,,132,275.1,0.9,7.6,308.0,SUCCESS,SUCCESS,78.41,62.5,69.0,60.8,129,0,129,4,test24(com.google.javascript.jscomp.FunctionTypeBuilder_ESTest);test23(com.google.javascript.jscomp.FunctionTypeBuilder_ESTest);test09(com.google.javascript.rhino.jstype.FunctionBuilder_ESTest);test66(com.google.javascript.rhino.jstype.FunctionType_ESTest),True,False,,,EvoSuite/Result_Round1/Closure_144/budget60_seed1,EvoSuite/Result_Round1/Closure_144/budget60_seed1/run.log
Closure,144,SBST,EvoSuite,1.2.0,com.google.javascript.jscomp.FunctionTypeBuilder;com.google.javascript.jscomp.TypedScopeCreator;com.google.javascript.rhino.jstype.FunctionBuilder;com.google.javascript.rhino.jstype.FunctionType,,1,120,LINE:BRANCH:EXCEPTION,default,offline,True,,142,461.2,1.0,7.5,475.0,SUCCESS,SUCCESS,79.13,65.04,70.5,62.8,139,0,139,5,test25(com.google.javascript.jscomp.FunctionTypeBuilder_ESTest);test24(com.google.javascript.jscomp.FunctionTypeBuilder_ESTest);test23(com.google.javascript.jscomp.FunctionTypeBuilder_ESTest);test09(com.google.javascript.rhino.jstype.FunctionBuilder_ESTest);test07(com.google.javascript.rhino.jstype.FunctionType_ESTest),True,False,,,EvoSuite/Result_Round2/Closure_144/budget120_seed1,EvoSuite/Result_Round2/Closure_144/budget120_seed1/run.log
Closure,145,SBST,EvoSuite,1.2.0,com.google.javascript.jscomp.CodeGenerator,,1,60,LINE:BRANCH:EXCEPTION,default,offline,True,,36,74.1,0.6,1.7,100.9,SUCCESS,SUCCESS,16.37,13.87,18.0,12.0,36,0,36,0,,False,False,,,EvoSuite/Result_Round1/Closure_145/budget60_seed1,EvoSuite/Result_Round1/Closure_145/budget60_seed1/run.log
Closure,145,SBST,EvoSuite,1.2.0,com.google.javascript.jscomp.CodeGenerator,,1,120,LINE:BRANCH:EXCEPTION,default,offline,True,,40,134.9,0.6,1.7,142.6,SUCCESS,SUCCESS,16.37,14.66,18.0,12.0,40,0,40,0,,False,False,,,EvoSuite/Result_Round2/Closure_145/budget120_seed1,EvoSuite/Result_Round2/Closure_145/budget120_seed1/run.log
Closure,146,SBST,EvoSuite,1.2.0,com.google.javascript.rhino.jstype.JSType,,1,60,LINE:BRANCH:EXCEPTION,default,offline,True,,96,92.2,0.7,2.5,120.2,SUCCESS,SUCCESS,94.57,90.98,95.0,93.0,95,0,95,0,,False,False,,,EvoSuite/Result_Round1/Closure_146/budget60_seed1,EvoSuite/Result_Round1/Closure_146/budget60_seed1/run.log
Closure,146,SBST,EvoSuite,1.2.0,com.google.javascript.rhino.jstype.JSType,,1,120,LINE:BRANCH:EXCEPTION,default,offline,True,,104,153.7,0.8,2.9,162.7,SUCCESS,SUCCESS,96.2,97.54,97.0,97.0,103,0,103,0,,False,False,,,EvoSuite/Result_Round2/Closure_146/budget120_seed1,EvoSuite/Result_Round2/Closure_146/budget120_seed1/run.log
Closure,147,SBST,EvoSuite,1.2.0,com.google.javascript.jscomp.CheckGlobalThis;com.google.javascript.jscomp.RuntimeTypeCheck,,1,60,LINE:BRANCH:EXCEPTION,default,offline,True,,15,146.7,0.7,5.9,178.0,SUCCESS,RUNTIME_FAIL,64.86,57.58,44.0,33.5,15,1,15,1,test2(com.google.javascript.jscomp.RuntimeTypeCheck_ESTest),False,False,,,EvoSuite/Result_Round1/Closure_147/budget60_seed1,EvoSuite/Result_Round1/Closure_147/budget60_seed1/run.log
Closure,147,SBST,EvoSuite,1.2.0,com.google.javascript.jscomp.CheckGlobalThis;com.google.javascript.jscomp.RuntimeTypeCheck,,1,120,LINE:BRANCH:EXCEPTION,default,offline,True,,21,273.4,0.7,5.9,285.4,SUCCESS,RUNTIME_FAIL,72.97,71.21,51.5,41.0,21,1,21,1,test2(com.google.javascript.jscomp.RuntimeTypeCheck_ESTest),False,False,,,EvoSuite/Result_Round2/Closure_147/budget120_seed1,EvoSuite/Result_Round2/Closure_147/budget120_seed1/run.log
Closure,148,SBST,EvoSuite,1.2.0,com.google.javascript.jscomp.PeepholeFoldConstants;com.google.javascript.jscomp.SourceMap,,1,60,LINE:BRANCH:EXCEPTION,default,offline,True,,37,152.7,0.7,4.9,183.2,SUCCESS,SUCCESS,20.77,14.97,17.5,20.0,37,0,37,1,test8(com.google.javascript.jscomp.SourceMap_ESTest),True,False,,,EvoSuite/Result_Round1/Closure_148/budget60_seed1,EvoSuite/Result_Round1/Closure_148/budget60_seed1/run.log
Closure,148,SBST,EvoSuite,1.2.0,com.google.javascript.jscomp.PeepholeFoldConstants;com.google.javascript.jscomp.SourceMap,,1,120,LINE:BRANCH:EXCEPTION,default,offline,True,,35,273.1,0.7,5.0,284.2,SUCCESS,SUCCESS,15.97,9.76,14.5,17.0,35,0,35,0,,False,False,,,EvoSuite/Result_Round2/Closure_148/budget120_seed1,EvoSuite/Result_Round2/Closure_148/budget120_seed1/run.log
Closure,149,SBST,EvoSuite,1.2.0,com.google.javascript.jscomp.AbstractCommandLineRunner;com.google.javascript.jscomp.CommandLineRunner;com.google.javascript.jscomp.Compiler;com.google.javascript.jscomp.CompilerOptions,,1,60,LINE:BRANCH:EXCEPTION,default,offline,True,,200,371.3,1.0,10.9,408.3,SUCCESS,RUNTIME_FAIL,58.87,36.11,69.0,55.8,198,10,198,11,test085(com.google.javascript.jscomp.Compiler_ESTest);test116(com.google.javascript.jscomp.Compiler_ESTest);test115(com.google.javascript.jscomp.Compiler_ESTest);test012(com.google.javascript.jscomp.Compiler_ESTest);test011(com.google.javascript.jscomp.Compiler_ESTest),False,False,,,EvoSuite/Result_Round1/Closure_149/budget60_seed1,EvoSuite/Result_Round1/Closure_149/budget60_seed1/run.log
Closure,149,SBST,EvoSuite,1.2.0,com.google.javascript.jscomp.AbstractCommandLineRunner;com.google.javascript.jscomp.CommandLineRunner;com.google.javascript.jscomp.Compiler;com.google.javascript.jscomp.CompilerOptions,,1,120,LINE:BRANCH:EXCEPTION,default,offline,True,,232,587.6,1.1,11.4,605.4,SUCCESS,RUNTIME_FAIL,64.98,45.24,70.2,58.0,229,14,229,16,test122(com.google.javascript.jscomp.Compiler_ESTest);test080(com.google.javascript.jscomp.Compiler_ESTest);test113(com.google.javascript.jscomp.Compiler_ESTest);test093(com.google.javascript.jscomp.Compiler_ESTest);test090(com.google.javascript.jscomp.Compiler_ESTest),False,False,,,EvoSuite/Result_Round2/Closure_149/budget120_seed1,EvoSuite/Result_Round2/Closure_149/budget120_seed1/run.log
Closure,150,SBST,EvoSuite,1.2.0,com.google.javascript.jscomp.TypedScopeCreator,,1,60,LINE:BRANCH:EXCEPTION,default,offline,True,,11,84.3,0.7,5.5,115.2,SUCCESS,SUCCESS,73.74,29.03,30.0,21.0,11,0,11,0,,False,False,,,EvoSuite/Result_Round1/Closure_150/budget60_seed1,EvoSuite/Result_Round1/Closure_150/budget60_seed1/run.log
Closure,150,SBST,EvoSuite,1.2.0,com.google.javascript.jscomp.TypedScopeCreator,,1,120,LINE:BRANCH:EXCEPTION,default,offline,True,,17,143.3,0.7,5.3,154.7,SUCCESS,SUCCESS,77.78,35.48,23.0,15.0,16,0,16,0,,False,False,,,EvoSuite/Result_Round2/Closure_150/budget120_seed1,EvoSuite/Result_Round2/Closure_150/budget120_seed1/run.log
Closure,151,SBST,EvoSuite,1.2.0,com.google.javascript.jscomp.CommandLineRunner,,1,60,LINE:BRANCH:EXCEPTION,default,offline,True,,14,76.9,0.7,4.7,107.9,SUCCESS,SUCCESS,67.54,46.43,73.0,44.0,11,0,11,1,test00(com.google.javascript.jscomp.CommandLineRunner_ESTest),True,False,,,EvoSuite/Result_Round1/Closure_151/budget60_seed1,EvoSuite/Result_Round1/Closure_151/budget60_seed1/run.log
Closure,151,SBST,EvoSuite,1.2.0,com.google.javascript.jscomp.CommandLineRunner,,1,120,LINE:BRANCH:EXCEPTION,default,offline,True,,14,137.2,0.7,5.5,148.9,SUCCESS,SUCCESS,67.54,46.43,73.0,44.0,11,0,11,1,test00(com.google.javascript.jscomp.CommandLineRunner_ESTest),True,False,,,EvoSuite/Result_Round2/Closure_151/budget120_seed1,EvoSuite/Result_Round2/Closure_151/budget120_seed1/run.log
Closure,152,SBST,EvoSuite,1.2.0,com.google.javascript.rhino.jstype.FunctionType,,1,60,LINE:BRANCH:EXCEPTION,default,offline,True,,71,94.5,0.7,3.1,123.5,SUCCESS,SUCCESS,75.0,69.72,74.0,72.0,70,0,70,0,,False,False,,,EvoSuite/Result_Round1/Closure_152/budget60_seed1,EvoSuite/Result_Round1/Closure_152/budget60_seed1/run.log
Closure,152,SBST,EvoSuite,1.2.0,com.google.javascript.rhino.jstype.FunctionType,,1,120,LINE:BRANCH:EXCEPTION,default,offline,True,,77,155.8,0.8,3.2,165.2,SUCCESS,SUCCESS,77.87,69.01,78.0,71.0,77,0,77,0,,False,False,,,EvoSuite/Result_Round2/Closure_152/budget120_seed1,EvoSuite/Result_Round2/Closure_152/budget120_seed1/run.log
Closure,153,SBST,EvoSuite,1.2.0,com.google.javascript.jscomp.Normalize;com.google.javascript.jscomp.SyntacticScopeCreator,,1,60,LINE:BRANCH:EXCEPTION,default,offline,True,,21,159.9,0.7,6.8,196.0,SUCCESS,RUNTIME_FAIL,82.88,57.45,43.0,35.5,21,1,21,1,test07(com.google.javascript.jscomp.Normalize_ESTest),False,False,,,EvoSuite/Result_Round1/Closure_153/budget60_seed1,EvoSuite/Result_Round1/Closure_153/budget60_seed1/run.log
Closure,153,SBST,EvoSuite,1.2.0,com.google.javascript.jscomp.Normalize;com.google.javascript.jscomp.SyntacticScopeCreator,,1,120,LINE:BRANCH:EXCEPTION,default,offline,True,,34,293.7,0.7,6.8,310.0,SUCCESS,RUNTIME_FAIL,68.47,61.7,48.5,40.0,33,1,33,2,test18(com.google.javascript.jscomp.Normalize_ESTest);test04(com.google.javascript.jscomp.SyntacticScopeCreator_ESTest),False,False,,,EvoSuite/Result_Round2/Closure_153/budget120_seed1,EvoSuite/Result_Round2/Closure_153/budget120_seed1/run.log
Closure,154,SBST,EvoSuite,1.2.0,com.google.javascript.jscomp.TypeCheck;com.google.javascript.jscomp.TypeValidator,,1,60,LINE:BRANCH:EXCEPTION,default,offline,True,,75,201.9,0.9,8.4,244.5,SUCCESS,SUCCESS,29.91,18.53,38.0,35.0,75,0,75,0,,False,False,,,EvoSuite/Result_Round1/Closure_154/budget60_seed1,EvoSuite/Result_Round1/Closure_154/budget60_seed1/run.log
Closure,154,SBST,EvoSuite,1.2.0,com.google.javascript.jscomp.TypeCheck;com.google.javascript.jscomp.TypeValidator,,1,120,LINE:BRANCH:EXCEPTION,default,offline,True,,79,324.0,0.9,8.7,342.4,SUCCESS,RUNTIME_FAIL,30.11,19.6,39.0,35.0,79,1,79,1,test32(com.google.javascript.jscomp.TypeValidator_ESTest),False,False,,,EvoSuite/Result_Round2/Closure_154/budget120_seed1,EvoSuite/Result_Round2/Closure_154/budget120_seed1/run.log
Closure,155,SBST,EvoSuite,1.2.0,com.google.javascript.jscomp.InlineVariables;com.google.javascript.jscomp.ReferenceCollectingCallback;com.google.javascript.jscomp.Scope,,1,60,LINE:BRANCH:EXCEPTION,default,offline,True,,105,283.0,0.9,5.4,,SUCCESS,SUCCESS,98.47,91.04,70.0,55.7,104,0,,,,False,False,RUNTIME_FAIL,JUnit did not finish on buggy: avascript.jscomp.Scope$Arguments 	at java.base/jdk.internal.loader.BuiltinClassLoader.loadClass(BuiltinClassLoader.java:581) 	at java.base/jdk.internal.loader.ClassLoaders$AppClassLoader.loadClass(ClassLoaders.java:178) 	at java.base/java.lang.ClassLoader.loadClass(Cla,EvoSuite/Result_Round1/Closure_155/budget60_seed1,EvoSuite/Result_Round1/Closure_155/budget60_seed1/run.log
Closure,155,SBST,EvoSuite,1.2.0,com.google.javascript.jscomp.InlineVariables;com.google.javascript.jscomp.ReferenceCollectingCallback;com.google.javascript.jscomp.Scope,,1,120,LINE:BRANCH:EXCEPTION,default,offline,True,,98,460.6,0.9,9.6,479.9,SUCCESS,SUCCESS,97.71,89.55,77.7,65.3,97,0,97,21,test25(com.google.javascript.jscomp.ReferenceCollectingCallback_ESTest);test49(com.google.javascript.jscomp.Scope_ESTest);test47(com.google.javascript.jscomp.Scope_ESTest);test45(com.google.javascript.jscomp.Scope_ESTest);test09(com.google.javascript.jscomp.Scope_ESTest),True,False,,,EvoSuite/Result_Round2/Closure_155/budget120_seed1,EvoSuite/Result_Round2/Closure_155/budget120_seed1/run.log
Closure,156,SBST,EvoSuite,1.2.0,com.google.javascript.jscomp.CollapseProperties,,1,60,LINE:BRANCH:EXCEPTION,default,offline,True,,5,73.5,0.7,5.0,112.6,SUCCESS,RUNTIME_FAIL,16.52,13.64,15.0,15.0,5,1,5,1,test0(com.google.javascript.jscomp.CollapseProperties_ESTest),False,False,,,EvoSuite/Result_Round1/Closure_156/budget60_seed1,EvoSuite/Result_Round1/Closure_156/budget60_seed1/run.log
Closure,156,SBST,EvoSuite,1.2.0,com.google.javascript.jscomp.CollapseProperties,,1,120,LINE:BRANCH:EXCEPTION,default,offline,True,,4,132.8,0.7,4.9,147.2,SUCCESS,SUCCESS,7.81,3.31,6.0,4.0,3,0,3,0,,False,False,,,EvoSuite/Result_Round2/Closure_156/budget120_seed1,EvoSuite/Result_Round2/Closure_156/budget120_seed1/run.log
Closure,157,SBST,EvoSuite,1.2.0,com.google.javascript.jscomp.CodeGenerator;com.google.javascript.jscomp.parsing.IRFactory;com.google.javascript.jscomp.RenamePrototypes,,1,60,LINE:BRANCH:EXCEPTION,default,offline,True,,65,228.2,0.9,5.9,267.9,SUCCESS,SUCCESS,23.24,13.89,32.3,31.3,64,0,64,7,test34(com.google.javascript.jscomp.CodeGenerator_ESTest);test33(com.google.javascript.jscomp.CodeGenerator_ESTest);test36(com.google.javascript.jscomp.CodeGenerator_ESTest);test35(com.google.javascript.jscomp.CodeGenerator_ESTest);test08(com.google.javascript.jscomp.CodeGenerator_ESTest),True,False,,,EvoSuite/Result_Round1/Closure_157/budget60_seed1,EvoSuite/Result_Round1/Closure_157/budget60_seed1/run.log
Closure,157,SBST,EvoSuite,1.2.0,com.google.javascript.jscomp.CodeGenerator;com.google.javascript.jscomp.parsing.IRFactory;com.google.javascript.jscomp.RenamePrototypes,,1,120,LINE:BRANCH:EXCEPTION,default,offline,True,,62,417.0,0.8,6.0,432.6,SUCCESS,SUCCESS,20.85,12.57,32.7,21.7,62,0,62,7,test34(com.google.javascript.jscomp.CodeGenerator_ESTest);test33(com.google.javascript.jscomp.CodeGenerator_ESTest);test32(com.google.javascript.jscomp.CodeGenerator_ESTest);test31(com.google.javascript.jscomp.CodeGenerator_ESTest);test07(com.google.javascript.jscomp.CodeGenerator_ESTest),True,False,,,EvoSuite/Result_Round2/Closure_157/budget120_seed1,EvoSuite/Result_Round2/Closure_157/budget120_seed1/run.log
Closure,158,SBST,EvoSuite,1.2.0,com.google.javascript.jscomp.AbstractCommandLineRunner;com.google.javascript.jscomp.CommandLineRunner;com.google.javascript.jscomp.DiagnosticGroups,,1,60,LINE:BRANCH:EXCEPTION,default,offline,True,,54,185.1,0.8,8.0,227.3,SUCCESS,RUNTIME_FAIL,40.18,20.13,61.0,52.3,49,1,49,3,test27(com.google.javascript.jscomp.AbstractCommandLineRunner_ESTest);test06(com.google.javascript.jscomp.AbstractCommandLineRunner_ESTest);test1(com.google.javascript.jscomp.DiagnosticGroups_ESTest),False,False,,,EvoSuite/Result_Round1/Closure_158/budget60_seed1,EvoSuite/Result_Round1/Closure_158/budget60_seed1/run.log
Closure,158,SBST,EvoSuite,1.2.0,com.google.javascript.jscomp.AbstractCommandLineRunner;com.google.javascript.jscomp.CommandLineRunner;com.google.javascript.jscomp.DiagnosticGroups,,1,120,LINE:BRANCH:EXCEPTION,default,offline,True,,62,314.6,0.9,8.8,333.1,SUCCESS,RUNTIME_FAIL,43.2,26.1,62.0,54.3,59,1,59,4,test36(com.google.javascript.jscomp.AbstractCommandLineRunner_ESTest);test2(com.google.javascript.jscomp.DiagnosticGroups_ESTest);test4(com.google.javascript.jscomp.DiagnosticGroups_ESTest);test1(com.google.javascript.jscomp.DiagnosticGroups_ESTest),False,False,,,EvoSuite/Result_Round2/Closure_158/budget120_seed1,EvoSuite/Result_Round2/Closure_158/budget120_seed1/run.log
Closure,159,SBST,EvoSuite,1.2.0,com.google.javascript.jscomp.InlineFunctions,,1,60,LINE:BRANCH:EXCEPTION,default,offline,True,,9,75.1,0.7,4.8,113.7,SUCCESS,SUCCESS,10.33,5.88,6.0,3.0,9,0,9,0,,False,False,,,EvoSuite/Result_Round1/Closure_159/budget60_seed1,EvoSuite/Result_Round1/Closure_159/budget60_seed1/run.log
Closure,159,SBST,EvoSuite,1.2.0,com.google.javascript.jscomp.InlineFunctions,,1,120,LINE:BRANCH:EXCEPTION,default,offline,True,,14,140.7,0.7,5.3,155.6,SUCCESS,SUCCESS,14.67,9.56,11.0,9.0,13,0,13,0,,False,False,,,EvoSuite/Result_Round2/Closure_159/budget120_seed1,EvoSuite/Result_Round2/Closure_159/budget120_seed1/run.log
Closure,160,SBST,EvoSuite,1.2.0,com.google.javascript.jscomp.Compiler,,1,60,LINE:BRANCH:EXCEPTION,default,offline,True,,116,141.3,0.9,7.7,183.1,SUCCESS,RUNTIME_FAIL,58.48,45.77,56.0,49.0,116,1,116,1,test001(com.google.javascript.jscomp.Compiler_ESTest),False,False,,,EvoSuite/Result_Round1/Closure_160/budget60_seed1,EvoSuite/Result_Round1/Closure_160/budget60_seed1/run.log
Closure,160,SBST,EvoSuite,1.2.0,com.google.javascript.jscomp.Compiler,,1,120,LINE:BRANCH:EXCEPTION,default,offline,True,,129,199.6,0.9,7.7,217.0,SUCCESS,RUNTIME_FAIL,63.48,50.77,59.0,54.0,129,1,129,1,test001(com.google.javascript.jscomp.Compiler_ESTest),False,False,,,EvoSuite/Result_Round2/Closure_160/budget120_seed1,EvoSuite/Result_Round2/Closure_160/budget120_seed1/run.log
Closure,161,SBST,EvoSuite,1.2.0,com.google.javascript.jscomp.PeepholeFoldConstants,,1,60,LINE:BRANCH:EXCEPTION,default,offline,True,,28,86.0,0.7,5.0,132.7,SUCCESS,SUCCESS,8.48,4.2,7.0,15.0,28,0,28,0,,False,False,,,EvoSuite/Result_Round1/Closure_161/budget60_seed1,EvoSuite/Result_Round1/Closure_161/budget60_seed1/run.log
Closure,161,SBST,EvoSuite,1.2.0,com.google.javascript.jscomp.PeepholeFoldConstants,,1,120,LINE:BRANCH:EXCEPTION,default,offline,True,,59,165.4,0.8,5.3,185.0,SUCCESS,SUCCESS,13.5,8.8,13.0,30.0,59,0,59,0,,False,False,,,EvoSuite/Result_Round2/Closure_161/budget120_seed1,EvoSuite/Result_Round2/Closure_161/budget120_seed1/run.log
Closure,162,SBST,EvoSuite,1.2.0,com.google.javascript.jscomp.Scope;com.google.javascript.jscomp.ScopedAliases,,1,60,LINE:BRANCH:EXCEPTION,default,offline,True,,71,185.9,0.9,7.1,235.2,SUCCESS,SUCCESS,85.34,73.21,58.0,51.5,71,0,71,1,test36(com.google.javascript.jscomp.Scope_ESTest),True,False,,,EvoSuite/Result_Round1/Closure_162/budget60_seed1,EvoSuite/Result_Round1/Closure_162/budget60_seed1/run.log
Closure,162,SBST,EvoSuite,1.2.0,com.google.javascript.jscomp.Scope;com.google.javascript.jscomp.ScopedAliases,,1,120,LINE:BRANCH:EXCEPTION,default,offline,True,,72,303.4,0.8,6.7,324.3,SUCCESS,SUCCESS,85.34,69.64,57.0,48.5,70,0,70,1,test36(com.google.javascript.jscomp.Scope_ESTest),True,False,,,EvoSuite/Result_Round2/Closure_162/budget120_seed1,EvoSuite/Result_Round2/Closure_162/budget120_seed1/run.log
Closure,163,SBST,EvoSuite,1.2.0,com.google.javascript.jscomp.AnalyzePrototypeProperties;com.google.javascript.jscomp.CrossModuleMethodMotion,,1,60,LINE:BRANCH:EXCEPTION,default,offline,True,,26,154.9,0.7,6.3,203.1,SUCCESS,SUCCESS,52.54,30.43,40.0,32.0,26,0,26,11,test09(com.google.javascript.jscomp.AnalyzePrototypeProperties_ESTest);test08(com.google.javascript.jscomp.AnalyzePrototypeProperties_ESTest);test05(com.google.javascript.jscomp.AnalyzePrototypeProperties_ESTest);test16(com.google.javascript.jscomp.AnalyzePrototypeProperties_ESTest);test15(com.google.javascript.jscomp.AnalyzePrototypeProperties_ESTest),True,False,,,EvoSuite/Result_Round1/Closure_163/budget60_seed1,EvoSuite/Result_Round1/Closure_163/budget60_seed1/run.log
Closure,163,SBST,EvoSuite,1.2.0,com.google.javascript.jscomp.AnalyzePrototypeProperties;com.google.javascript.jscomp.CrossModuleMethodMotion,,1,120,LINE:BRANCH:EXCEPTION,default,offline,True,,27,276.9,0.9,6.6,298.2,SUCCESS,SUCCESS,51.69,28.26,33.0,24.0,27,0,27,11,test09(com.google.javascript.jscomp.AnalyzePrototypeProperties_ESTest);test17(com.google.javascript.jscomp.AnalyzePrototypeProperties_ESTest);test16(com.google.javascript.jscomp.AnalyzePrototypeProperties_ESTest);test15(com.google.javascript.jscomp.AnalyzePrototypeProperties_ESTest);test14(com.google.javascript.jscomp.AnalyzePrototypeProperties_ESTest),True,False,,,EvoSuite/Result_Round2/Closure_163/budget120_seed1,EvoSuite/Result_Round2/Closure_163/budget120_seed1/run.log
Closure,164,SBST,EvoSuite,1.2.0,com.google.javascript.rhino.jstype.ArrowType,,1,60,LINE:BRANCH:EXCEPTION,default,offline,True,,36,82.3,0.7,2.9,128.8,SUCCESS,SUCCESS,98.0,84.0,98.0,85.0,35,0,35,1,test27(com.google.javascript.rhino.jstype.ArrowType_ESTest),True,False,,,EvoSuite/Result_Round1/Closure_164/budget60_seed1,EvoSuite/Result_Round1/Closure_164/budget60_seed1/run.log
Closure,164,SBST,EvoSuite,1.2.0,com.google.javascript.rhino.jstype.ArrowType,,1,120,LINE:BRANCH:EXCEPTION,default,offline,True,,37,139.0,0.8,2.9,156.4,SUCCESS,SUCCESS,98.0,87.0,98.0,88.0,37,0,37,1,test22(com.google.javascript.rhino.jstype.ArrowType_ESTest),True,False,,,EvoSuite/Result_Round2/Closure_164/budget120_seed1,EvoSuite/Result_Round2/Closure_164/budget120_seed1/run.log
Closure,165,SBST,EvoSuite,1.2.0,com.google.javascript.rhino.jstype.JSTypeRegistry;com.google.javascript.rhino.jstype.ObjectType;com.google.javascript.rhino.jstype.RecordType;com.google.javascript.rhino.jstype.RecordTypeBuilder,,1,60,LINE:BRANCH:EXCEPTION,default,offline,True,,186,367.8,1.5,4.7,416.2,SUCCESS,SUCCESS,81.33,65.29,91.5,85.0,183,0,183,29,test48(com.google.javascript.rhino.jstype.JSTypeRegistry_ESTest);test49(com.google.javascript.rhino.jstype.ObjectType_ESTest);test47(com.google.javascript.rhino.jstype.ObjectType_ESTest);test28(com.google.javascript.rhino.jstype.RecordType_ESTest);test07(com.google.javascript.rhino.jstype.RecordType_ESTest),True,False,,,EvoSuite/Result_Round1/Closure_165/budget60_seed1,EvoSuite/Result_Round1/Closure_165/budget60_seed1/run.log
Closure,165,SBST,EvoSuite,1.2.0,com.google.javascript.rhino.jstype.JSTypeRegistry;com.google.javascript.rhino.jstype.ObjectType;com.google.javascript.rhino.jstype.RecordType;com.google.javascript.rhino.jstype.RecordTypeBuilder,,1,120,LINE:BRANCH:EXCEPTION,default,offline,True,,191,541.3,1.6,4.7,561.2,SUCCESS,SUCCESS,84.43,72.16,93.5,89.2,187,0,187,30,test50(com.google.javascript.rhino.jstype.JSTypeRegistry_ESTest);test51(com.google.javascript.rhino.jstype.JSTypeRegistry_ESTest);test12(com.google.javascript.rhino.jstype.ObjectType_ESTest);test57(com.google.javascript.rhino.jstype.ObjectType_ESTest);test28(com.google.javascript.rhino.jstype.RecordType_ESTest),True,False,,,EvoSuite/Result_Round2/Closure_165/budget120_seed1,EvoSuite/Result_Round2/Closure_165/budget120_seed1/run.log
Closure,166,SBST,EvoSuite,1.2.0,com.google.javascript.rhino.jstype.PrototypeObjectType,,1,60,LINE:BRANCH:EXCEPTION,default,offline,True,,51,101.0,0.8,2.5,146.1,SUCCESS,SUCCESS,85.71,71.81,86.0,73.0,51,0,51,0,,False,False,,,EvoSuite/Result_Round1/Closure_166/budget60_seed1,EvoSuite/Result_Round1/Closure_166/budget60_seed1/run.log
Closure,166,SBST,EvoSuite,1.2.0,com.google.javascript.rhino.jstype.PrototypeObjectType,,1,120,LINE:BRANCH:EXCEPTION,default,offline,True,,66,160.7,0.8,3.1,178.5,SUCCESS,SUCCESS,91.07,83.51,91.0,85.0,66,0,66,0,,False,False,,,EvoSuite/Result_Round2/Closure_166/budget120_seed1,EvoSuite/Result_Round2/Closure_166/budget120_seed1/run.log
Closure,167,SBST,EvoSuite,1.2.0,com.google.javascript.jscomp.type.SemanticReverseAbstractInterpreter;com.google.javascript.rhino.jstype.JSType,,1,60,LINE:BRANCH:EXCEPTION,default,offline,True,,137,186.3,1.0,4.2,232.9,SUCCESS,SUCCESS,73.94,67.23,67.5,65.0,136,0,136,1,test012(com.google.javascript.rhino.jstype.JSType_ESTest),True,False,,,EvoSuite/Result_Round1/Closure_167/budget60_seed1,EvoSuite/Result_Round1/Closure_167/budget60_seed1/run.log
Closure,167,SBST,EvoSuite,1.2.0,com.google.javascript.jscomp.type.SemanticReverseAbstractInterpreter;com.google.javascript.rhino.jstype.JSType,,1,120,LINE:BRANCH:EXCEPTION,default,offline,True,,135,311.0,1.0,4.3,330.0,SUCCESS,SUCCESS,75.28,70.06,68.5,67.5,135,0,135,1,test017(com.google.javascript.rhino.jstype.JSType_ESTest),True,False,,,EvoSuite/Result_Round2/Closure_167/budget120_seed1,EvoSuite/Result_Round2/Closure_167/budget120_seed1/run.log
Closure,168,SBST,EvoSuite,1.2.0,com.google.javascript.jscomp.TypedScopeCreator,,1,60,LINE:BRANCH:EXCEPTION,default,offline,True,,9,76.7,0.7,4.5,124.4,SUCCESS,SUCCESS,70.69,25.0,19.0,12.0,9,0,9,0,,False,False,,,EvoSuite/Result_Round1/Closure_168/budget60_seed1,EvoSuite/Result_Round1/Closure_168/budget60_seed1/run.log
Closure,168,SBST,EvoSuite,1.2.0,com.google.javascript.jscomp.TypedScopeCreator,,1,120,LINE:BRANCH:EXCEPTION,default,offline,True,,14,140.3,0.7,4.8,159.9,SUCCESS,SUCCESS,86.21,45.83,20.0,11.0,14,0,14,0,,False,False,,,EvoSuite/Result_Round2/Closure_168/budget120_seed1,EvoSuite/Result_Round2/Closure_168/budget120_seed1/run.log
Closure,169,SBST,EvoSuite,1.2.0,com.google.javascript.rhino.jstype.ArrowType;com.google.javascript.rhino.jstype.EquivalenceMethod;com.google.javascript.rhino.jstype.FunctionType;com.google.javascript.rhino.jstype.JSType;com.google.javascript.rhino.jstype.RecordType;com.google.javascript.rhino.jstype.UnionType,,1,60,LINE:BRANCH:EXCEPTION,default,offline,True,,344,489.1,1.2,6.0,538.7,SUCCESS,SUCCESS,84.12,74.8,89.2,82.8,322,0,322,17,test23(com.google.javascript.rhino.jstype.ArrowType_ESTest);test22(com.google.javascript.rhino.jstype.ArrowType_ESTest);test21(com.google.javascript.rhino.jstype.ArrowType_ESTest);test05(com.google.javascript.rhino.jstype.ArrowType_ESTest);test04(com.google.javascript.rhino.jstype.ArrowType_ESTest),True,False,,,EvoSuite/Result_Round1/Closure_169/budget60_seed1,EvoSuite/Result_Round1/Closure_169/budget60_seed1/run.log
Closure,169,SBST,EvoSuite,1.2.0,com.google.javascript.rhino.jstype.ArrowType;com.google.javascript.rhino.jstype.EquivalenceMethod;com.google.javascript.rhino.jstype.FunctionType;com.google.javascript.rhino.jstype.JSType;com.google.javascript.rhino.jstype.RecordType;com.google.javascript.rhino.jstype.UnionType,,1,120,LINE:BRANCH:EXCEPTION,default,offline,True,,406,837.4,1.3,6.3,858.8,SUCCESS,RUNTIME_FAIL,89.75,83.5,94.3,90.2,375,1,375,19,test08(com.google.javascript.rhino.jstype.ArrowType_ESTest);test29(com.google.javascript.rhino.jstype.ArrowType_ESTest);test06(com.google.javascript.rhino.jstype.ArrowType_ESTest);test28(com.google.javascript.rhino.jstype.ArrowType_ESTest);test23(com.google.javascript.rhino.jstype.ArrowType_ESTest),False,False,,,EvoSuite/Result_Round2/Closure_169/budget120_seed1,EvoSuite/Result_Round2/Closure_169/budget120_seed1/run.log
Closure,170,SBST,EvoSuite,1.2.0,com.google.javascript.jscomp.FlowSensitiveInlineVariables,,1,60,LINE:BRANCH:EXCEPTION,default,offline,True,,4,75.6,0.7,4.4,122.9,SUCCESS,SUCCESS,25.58,4.55,6.0,3.0,4,0,4,0,,False,False,,,EvoSuite/Result_Round1/Closure_170/budget60_seed1,EvoSuite/Result_Round1/Closure_170/budget60_seed1/run.log
Closure,170,SBST,EvoSuite,1.2.0,com.google.javascript.jscomp.FlowSensitiveInlineVariables,,1,120,LINE:BRANCH:EXCEPTION,default,offline,True,,4,131.3,0.7,4.3,150.2,SUCCESS,SUCCESS,25.58,4.55,6.0,3.0,4,0,4,0,,False,False,,,EvoSuite/Result_Round2/Closure_170/budget120_seed1,EvoSuite/Result_Round2/Closure_170/budget120_seed1/run.log
Closure,171,SBST,EvoSuite,1.2.0,com.google.javascript.jscomp.TypeInference;com.google.javascript.jscomp.TypedScopeCreator,,1,60,LINE:BRANCH:EXCEPTION,default,offline,True,,21,164.1,0.9,7.2,215.0,SUCCESS,RUNTIME_FAIL,38.16,25.27,26.0,26.5,21,8,21,8,test10(com.google.javascript.jscomp.TypeInference_ESTest);test01(com.google.javascript.jscomp.TypeInference_ESTest);test02(com.google.javascript.jscomp.TypeInference_ESTest);test05(com.google.javascript.jscomp.TypeInference_ESTest);test06(com.google.javascript.jscomp.TypeInference_ESTest),False,False,,,EvoSuite/Result_Round1/Closure_171/budget60_seed1,EvoSuite/Result_Round1/Closure_171/budget60_seed1/run.log
Closure,171,SBST,EvoSuite,1.2.0,com.google.javascript.jscomp.TypeInference;com.google.javascript.jscomp.TypedScopeCreator,,1,120,LINE:BRANCH:EXCEPTION,default,offline,True,,30,288.5,0.9,7.3,310.4,SUCCESS,SUCCESS,22.54,7.56,22.5,24.0,30,0,30,0,,False,False,,,EvoSuite/Result_Round2/Closure_171/budget120_seed1,EvoSuite/Result_Round2/Closure_171/budget120_seed1/run.log
Closure,172,SBST,EvoSuite,1.2.0,com.google.javascript.jscomp.TypedScopeCreator,,1,60,LINE:BRANCH:EXCEPTION,default,offline,True,,8,78.5,0.7,4.6,126.2,SUCCESS,SUCCESS,67.21,12.5,13.0,6.0,8,0,8,0,,False,False,,,EvoSuite/Result_Round1/Closure_172/budget60_seed1,EvoSuite/Result_Round1/Closure_172/budget60_seed1/run.log
Closure,172,SBST,EvoSuite,1.2.0,com.google.javascript.jscomp.TypedScopeCreator,,1,120,LINE:BRANCH:EXCEPTION,default,offline,True,,9,141.5,0.7,4.9,160.9,SUCCESS,SUCCESS,63.11,20.83,11.0,3.0,9,0,9,0,,False,False,,,EvoSuite/Result_Round2/Closure_172/budget120_seed1,EvoSuite/Result_Round2/Closure_172/budget120_seed1/run.log
Closure,173,SBST,EvoSuite,1.2.0,com.google.javascript.jscomp.CodeGenerator;com.google.javascript.jscomp.PeepholeSubstituteAlternateSyntax,,1,60,LINE:BRANCH:EXCEPTION,default,offline,True,,52,173.6,0.8,6.1,222.7,SUCCESS,SUCCESS,13.68,9.91,19.5,26.0,48,0,48,3,test15(com.google.javascript.jscomp.PeepholeSubstituteAlternateSyntax_ESTest);test13(com.google.javascript.jscomp.PeepholeSubstituteAlternateSyntax_ESTest);test12(com.google.javascript.jscomp.PeepholeSubstituteAlternateSyntax_ESTest),True,False,,,EvoSuite/Result_Round1/Closure_173/budget60_seed1,EvoSuite/Result_Round1/Closure_173/budget60_seed1/run.log
Closure,173,SBST,EvoSuite,1.2.0,com.google.javascript.jscomp.CodeGenerator;com.google.javascript.jscomp.PeepholeSubstituteAlternateSyntax,,1,120,LINE:BRANCH:EXCEPTION,default,offline,True,,54,299.4,0.8,6.6,320.6,SUCCESS,SUCCESS,18.68,12.97,33.5,34.5,52,0,52,3,test16(com.google.javascript.jscomp.PeepholeSubstituteAlternateSyntax_ESTest);test11(com.google.javascript.jscomp.PeepholeSubstituteAlternateSyntax_ESTest);test20(com.google.javascript.jscomp.PeepholeSubstituteAlternateSyntax_ESTest),True,False,,,EvoSuite/Result_Round2/Closure_173/budget120_seed1,EvoSuite/Result_Round2/Closure_173/budget120_seed1/run.log
Closure,174,SBST,EvoSuite,1.2.0,com.google.javascript.jscomp.JsAst;com.google.javascript.jscomp.NodeUtil;com.google.javascript.jscomp.ScopedAliases,,1,60,LINE:BRANCH:EXCEPTION,default,offline,True,,225,292.0,0.9,8.8,344.1,SUCCESS,RUNTIME_FAIL,36.78,20.11,52.0,43.0,222,3,222,3,test3(com.google.javascript.jscomp.JsAst_ESTest);test4(com.google.javascript.jscomp.JsAst_ESTest);test138(com.google.javascript.jscomp.NodeUtil_ESTest),False,False,,,EvoSuite/Result_Round1/Closure_174/budget60_seed1,EvoSuite/Result_Round1/Closure_174/budget60_seed1/run.log
Closure,174,SBST,EvoSuite,1.2.0,com.google.javascript.jscomp.JsAst;com.google.javascript.jscomp.NodeUtil;com.google.javascript.jscomp.ScopedAliases,,1,120,LINE:BRANCH:EXCEPTION,default,offline,True,,266,477.6,1.0,8.7,501.2,SUCCESS,RUNTIME_FAIL,40.52,23.95,54.3,45.7,263,1,263,3,test4(com.google.javascript.jscomp.JsAst_ESTest);test135(com.google.javascript.jscomp.NodeUtil_ESTest);test157(com.google.javascript.jscomp.NodeUtil_ESTest),False,False,,,EvoSuite/Result_Round2/Closure_174/budget120_seed1,EvoSuite/Result_Round2/Closure_174/budget120_seed1/run.log
Closure,175,SBST,EvoSuite,1.2.0,com.google.javascript.jscomp.FunctionInjector,,1,60,LINE:BRANCH:EXCEPTION,default,offline,True,,16,85.8,0.7,5.1,135.4,SUCCESS,SUCCESS,17.21,13.59,21.0,15.0,15,0,15,0,,False,False,,,EvoSuite/Result_Round1/Closure_175/budget60_seed1,EvoSuite/Result_Round1/Closure_175/budget60_seed1/run.log
Closure,175,SBST,EvoSuite,1.2.0,com.google.javascript.jscomp.FunctionInjector,,1,120,LINE:BRANCH:EXCEPTION,default,offline,True,,18,149.8,0.8,5.7,170.1,SUCCESS,SUCCESS,17.21,16.85,21.0,16.0,18,0,18,0,,False,False,,,EvoSuite/Result_Round2/Closure_175/budget120_seed1,EvoSuite/Result_Round2/Closure_175/budget120_seed1/run.log
Closure,176,SBST,EvoSuite,1.2.0,com.google.javascript.jscomp.TypeInference,,1,60,LINE:BRANCH:EXCEPTION,default,offline,True,,3,72.1,0.8,5.0,121.4,SUCCESS,SUCCESS,0.7,0.42,0.0,0.0,3,0,3,0,,False,False,,,EvoSuite/Result_Round1/Closure_176/budget60_seed1,EvoSuite/Result_Round1/Closure_176/budget60_seed1/run.log
Closure,176,SBST,EvoSuite,1.2.0,com.google.javascript.jscomp.TypeInference,,1,120,LINE:BRANCH:EXCEPTION,default,offline,True,,3,132.0,0.7,5.0,151.5,SUCCESS,SUCCESS,0.7,0.42,0.0,0.0,3,0,3,0,,False,False,,,EvoSuite/Result_Round2/Closure_176/budget120_seed1,EvoSuite/Result_Round2/Closure_176/budget120_seed1/run.log
Codec,2,SBST,EvoSuite,1.2.0,org.apache.commons.codec.binary.Base64,,1,120,LINE:BRANCH:EXCEPTION,default,offline,True,,49,137.9,0.6,1.2,144.1,SUCCESS,SUCCESS,97.66,95.95,98.0,96.0,49,0,49,0,,False,False,,,EvoSuite/Result_Round2/Codec_2/budget120_seed1,EvoSuite/Result_Round2/Codec_2/budget120_seed1/run.log
Codec,3,SBST,EvoSuite,1.2.0,org.apache.commons.codec.language.DoubleMetaphone,,1,60,LINE:BRANCH:EXCEPTION,default,offline,True,,75,85.9,0.6,1.2,96.8,SUCCESS,SUCCESS,86.78,75.57,88.0,79.0,75,0,75,0,,False,False,,,EvoSuite/Result_Round1/Codec_3/budget60_seed1,EvoSuite/Result_Round1/Codec_3/budget60_seed1/run.log
Codec,3,SBST,EvoSuite,1.2.0,org.apache.commons.codec.language.DoubleMetaphone,,1,120,LINE:BRANCH:EXCEPTION,default,offline,True,,90,148.9,0.7,1.3,155.3,SUCCESS,SUCCESS,90.62,81.51,91.0,84.0,90,0,90,0,,False,False,,,EvoSuite/Result_Round2/Codec_3/budget120_seed1,EvoSuite/Result_Round2/Codec_3/budget120_seed1/run.log
Codec,4,SBST,EvoSuite,1.2.0,org.apache.commons.codec.binary.Base64,,1,60,LINE:BRANCH:EXCEPTION,default,offline,True,,47,73.9,0.6,1.2,84.7,SUCCESS,SUCCESS,100.0,98.73,100.0,97.0,47,0,47,2,test37(org.apache.commons.codec.binary.Base64_ESTest);test28(org.apache.commons.codec.binary.Base64_ESTest),True,False,,,EvoSuite/Result_Round1/Codec_4/budget60_seed1,EvoSuite/Result_Round1/Codec_4/budget60_seed1/run.log
Codec,4,SBST,EvoSuite,1.2.0,org.apache.commons.codec.binary.Base64,,1,120,LINE:BRANCH:EXCEPTION,default,offline,True,,43,135.7,0.6,1.2,142.0,SUCCESS,SUCCESS,100.0,98.73,100.0,98.0,43,0,43,1,test34(org.apache.commons.codec.binary.Base64_ESTest),True,False,,,EvoSuite/Result_Round2/Codec_4/budget120_seed1,EvoSuite/Result_Round2/Codec_4/budget120_seed1/run.log
Codec,5,SBST,EvoSuite,1.2.0,org.apache.commons.codec.binary.Base64,,1,60,LINE:BRANCH:EXCEPTION,default,offline,True,,46,74.3,0.6,1.2,85.5,SUCCESS,SUCCESS,99.57,96.91,100.0,95.0,46,0,46,0,,False,False,,,EvoSuite/Result_Round1/Codec_5/budget60_seed1,EvoSuite/Result_Round1/Codec_5/budget60_seed1/run.log
Codec,5,SBST,EvoSuite,1.2.0,org.apache.commons.codec.binary.Base64,,1,120,LINE:BRANCH:EXCEPTION,default,offline,True,,48,138.8,0.6,1.2,145.1,SUCCESS,SUCCESS,100.0,98.15,100.0,97.0,48,0,48,0,,False,False,,,EvoSuite/Result_Round2/Codec_5/budget120_seed1,EvoSuite/Result_Round2/Codec_5/budget120_seed1/run.log
Codec,6,SBST,EvoSuite,1.2.0,org.apache.commons.codec.binary.Base64InputStream,,1,60,LINE:BRANCH:EXCEPTION,default,offline,True,,12,69.1,0.6,1.6,80.3,SUCCESS,SUCCESS,97.37,86.67,97.0,88.0,12,0,12,0,,False,False,,,EvoSuite/Result_Round1/Codec_6/budget60_seed1,EvoSuite/Result_Round1/Codec_6/budget60_seed1/run.log
Codec,6,SBST,EvoSuite,1.2.0,org.apache.commons.codec.binary.Base64InputStream,,1,120,LINE:BRANCH:EXCEPTION,default,offline,True,,16,129.2,0.6,1.6,135.9,SUCCESS,SUCCESS,97.37,96.67,97.0,97.0,16,0,16,0,,False,False,,,EvoSuite/Result_Round2/Codec_6/budget120_seed1,EvoSuite/Result_Round2/Codec_6/budget120_seed1/run.log
Codec,7,SBST,EvoSuite,1.2.0,org.apache.commons.codec.binary.Base64,,1,60,LINE:BRANCH:EXCEPTION,default,offline,True,,46,77.3,0.6,1.2,88.4,SUCCESS,SUCCESS,100.0,98.15,100.0,98.0,46,0,46,1,test29(org.apache.commons.codec.binary.Base64_ESTest),True,False,,,EvoSuite/Result_Round1/Codec_7/budget60_seed1,EvoSuite/Result_Round1/Codec_7/budget60_seed1/run.log
Codec,7,SBST,EvoSuite,1.2.0,org.apache.commons.codec.binary.Base64,,1,120,LINE:BRANCH:EXCEPTION,default,offline,True,,48,134.2,0.6,1.2,140.5,SUCCESS,SUCCESS,100.0,98.15,100.0,99.0,48,0,48,1,test31(org.apache.commons.codec.binary.Base64_ESTest),True,False,,,EvoSuite/Result_Round2/Codec_7/budget120_seed1,EvoSuite/Result_Round2/Codec_7/budget120_seed1/run.log
Codec,8,SBST,EvoSuite,1.2.0,org.apache.commons.codec.binary.Base64;org.apache.commons.codec.binary.Base64InputStream,,1,60,LINE:BRANCH:EXCEPTION,default,offline,True,,59,144.6,0.7,1.2,155.6,SUCCESS,SUCCESS,90.55,78.65,97.5,94.5,49,0,49,2,test05(org.apache.commons.codec.binary.Base64InputStream_ESTest);test08(org.apache.commons.codec.binary.Base64InputStream_ESTest),True,False,,,EvoSuite/Result_Round1/Codec_8/budget60_seed1,EvoSuite/Result_Round1/Codec_8/budget60_seed1/run.log
Codec,8,SBST,EvoSuite,1.2.0,org.apache.commons.codec.binary.Base64;org.apache.commons.codec.binary.Base64InputStream,,1,120,LINE:BRANCH:EXCEPTION,default,offline,True,,62,274.0,0.6,1.2,280.4,SUCCESS,SUCCESS,90.55,78.09,98.5,95.5,52,0,52,0,,False,False,,,EvoSuite/Result_Round2/Codec_8/budget120_seed1,EvoSuite/Result_Round2/Codec_8/budget120_seed1/run.log
Codec,9,SBST,EvoSuite,1.2.0,org.apache.commons.codec.binary.Base64,,1,60,LINE:BRANCH:EXCEPTION,default,offline,True,,49,110.5,0.6,1.9,122.3,SUCCESS,SUCCESS,98.18,92.86,98.0,92.0,49,0,49,0,,False,False,,,EvoSuite/Result_Round1/Codec_9/budget60_seed1,EvoSuite/Result_Round1/Codec_9/budget60_seed1/run.log
Codec,9,SBST,EvoSuite,1.2.0,org.apache.commons.codec.binary.Base64,,1,120,LINE:BRANCH:EXCEPTION,default,offline,True,,53,157.9,0.6,1.8,164.7,SUCCESS,SUCCESS,91.82,79.87,98.0,92.0,43,0,43,0,,False,False,,,EvoSuite/Result_Round2/Codec_9/budget120_seed1,EvoSuite/Result_Round2/Codec_9/budget120_seed1/run.log
Codec,10,SBST,EvoSuite,1.2.0,org.apache.commons.codec.language.Caverphone,,1,60,LINE:BRANCH:EXCEPTION,default,offline,True,,5,5.0,0.5,1.0,15.8,SUCCESS,SUCCESS,100.0,100.0,100.0,100.0,5,0,5,0,,False,False,,,EvoSuite/Result_Round1/Codec_10/budget60_seed1,EvoSuite/Result_Round1/Codec_10/budget60_seed1/run.log
Codec,10,SBST,EvoSuite,1.2.0,org.apache.commons.codec.language.Caverphone,,1,120,LINE:BRANCH:EXCEPTION,default,offline,True,,5,5.1,0.5,1.0,11.1,SUCCESS,SUCCESS,100.0,100.0,100.0,100.0,5,0,5,0,,False,False,,,EvoSuite/Result_Round2/Codec_10/budget120_seed1,EvoSuite/Result_Round2/Codec_10/budget120_seed1/run.log
Codec,11,SBST,EvoSuite,1.2.0,org.apache.commons.codec.net.QuotedPrintableCodec,,1,60,LINE:BRANCH:EXCEPTION,default,offline,True,,36,71.8,0.6,1.2,83.2,SUCCESS,SUCCESS,95.33,93.24,98.0,95.0,36,0,36,10,test02(org.apache.commons.codec.net.QuotedPrintableCodec_ESTest);test04(org.apache.commons.codec.net.QuotedPrintableCodec_ESTest);test26(org.apache.commons.codec.net.QuotedPrintableCodec_ESTest);test01(org.apache.commons.codec.net.QuotedPrintableCodec_ESTest);test29(org.apache.commons.codec.net.QuotedPrintableCodec_ESTest),True,False,,,EvoSuite/Result_Round1/Codec_11/budget60_seed1,EvoSuite/Result_Round1/Codec_11/budget60_seed1/run.log
Codec,11,SBST,EvoSuite,1.2.0,org.apache.commons.codec.net.QuotedPrintableCodec,,1,120,LINE:BRANCH:EXCEPTION,default,offline,True,,33,130.2,0.6,1.2,136.5,SUCCESS,SUCCESS,95.33,93.24,98.0,95.0,33,0,33,8,test02(org.apache.commons.codec.net.QuotedPrintableCodec_ESTest);test04(org.apache.commons.codec.net.QuotedPrintableCodec_ESTest);test26(org.apache.commons.codec.net.QuotedPrintableCodec_ESTest);test01(org.apache.commons.codec.net.QuotedPrintableCodec_ESTest);test28(org.apache.commons.codec.net.QuotedPrintableCodec_ESTest),True,False,,,EvoSuite/Result_Round2/Codec_11/budget120_seed1,EvoSuite/Result_Round2/Codec_11/budget120_seed1/run.log
Codec,12,SBST,EvoSuite,1.2.0,org.apache.commons.codec.binary.BaseNCodecInputStream,,1,60,LINE:BRANCH:EXCEPTION,default,offline,True,,20,73.3,0.6,1.7,85.4,SUCCESS,SUCCESS,97.96,94.44,98.0,95.0,20,0,20,6,test04(org.apache.commons.codec.binary.BaseNCodecInputStream_ESTest);test05(org.apache.commons.codec.binary.BaseNCodecInputStream_ESTest);test06(org.apache.commons.codec.binary.BaseNCodecInputStream_ESTest);test07(org.apache.commons.codec.binary.BaseNCodecInputStream_ESTest);test08(org.apache.commons.codec.binary.BaseNCodecInputStream_ESTest),True,False,,,EvoSuite/Result_Round1/Codec_12/budget60_seed1,EvoSuite/Result_Round1/Codec_12/budget60_seed1/run.log
Codec,12,SBST,EvoSuite,1.2.0,org.apache.commons.codec.binary.BaseNCodecInputStream,,1,120,LINE:BRANCH:EXCEPTION,default,offline,True,,21,135.8,0.6,1.1,142.0,SUCCESS,SUCCESS,97.96,97.22,98.0,97.0,21,0,21,5,test05(org.apache.commons.codec.binary.BaseNCodecInputStream_ESTest);test06(org.apache.commons.codec.binary.BaseNCodecInputStream_ESTest);test07(org.apache.commons.codec.binary.BaseNCodecInputStream_ESTest);test08(org.apache.commons.codec.binary.BaseNCodecInputStream_ESTest);test09(org.apache.commons.codec.binary.BaseNCodecInputStream_ESTest),True,False,,,EvoSuite/Result_Round2/Codec_12/budget120_seed1,EvoSuite/Result_Round2/Codec_12/budget120_seed1/run.log
Codec,13,SBST,EvoSuite,1.2.0,org.apache.commons.codec.binary.CharSequenceUtils;org.apache.commons.codec.binary.StringUtils;org.apache.commons.codec.language.DoubleMetaphone,,1,60,LINE:BRANCH:EXCEPTION,default,offline,True,,120,172.3,0.7,1.5,185.0,SUCCESS,SUCCESS,87.42,79.57,94.3,89.3,119,0,119,18,test0(org.apache.commons.codec.binary.CharSequenceUtils_ESTest);test1(org.apache.commons.codec.binary.CharSequenceUtils_ESTest);test2(org.apache.commons.codec.binary.CharSequenceUtils_ESTest);test3(org.apache.commons.codec.binary.CharSequenceUtils_ESTest);test4(org.apache.commons.codec.binary.CharSequenceUtils_ESTest),True,False,,,EvoSuite/Result_Round1/Codec_13/budget60_seed1,EvoSuite/Result_Round1/Codec_13/budget60_seed1/run.log
Codec,13,SBST,EvoSuite,1.2.0,org.apache.commons.codec.binary.CharSequenceUtils;org.apache.commons.codec.binary.StringUtils;org.apache.commons.codec.language.DoubleMetaphone,,1,120,LINE:BRANCH:EXCEPTION,default,offline,True,,117,281.7,0.7,1.5,288.6,SUCCESS,SUCCESS,88.27,80.43,94.7,89.7,117,0,117,16,test0(org.apache.commons.codec.binary.CharSequenceUtils_ESTest);test1(org.apache.commons.codec.binary.CharSequenceUtils_ESTest);test2(org.apache.commons.codec.binary.CharSequenceUtils_ESTest);test3(org.apache.commons.codec.binary.CharSequenceUtils_ESTest);test4(org.apache.commons.codec.binary.CharSequenceUtils_ESTest),True,False,,,EvoSuite/Result_Round2/Codec_13/budget120_seed1,EvoSuite/Result_Round2/Codec_13/budget120_seed1/run.log
Codec,14,SBST,EvoSuite,1.2.0,org.apache.commons.codec.language.bm.Lang;org.apache.commons.codec.language.bm.PhoneticEngine;org.apache.commons.codec.language.bm.Rule;src.main.resources.org.apache.commons.codec.language.bm.ash_lang.txt;src.main.resources.org.apache.commons.codec.language.bm.gen_lang.txt;src.main.resources.org.apache.commons.codec.language.bm.sep_lang.txt,,1,60,LINE:BRANCH:EXCEPTION,default,offline,True,,67,263.2,0.7,5.1,279.9,SUCCESS,RUNTIME_FAIL,94.51,88.54,71.0,71.3,66,2,66,4,test4(org.apache.commons.codec.language.bm.Lang_ESTest);test5(org.apache.commons.codec.language.bm.Lang_ESTest);test13(org.apache.commons.codec.language.bm.PhoneticEngine_ESTest);test27(org.apache.commons.codec.language.bm.Rule_ESTest),False,False,,,EvoSuite/Result_Round1/Codec_14/budget60_seed1,EvoSuite/Result_Round1/Codec_14/budget60_seed1/run.log
Codec,14,SBST,EvoSuite,1.2.0,org.apache.commons.codec.language.bm.Lang;org.apache.commons.codec.language.bm.PhoneticEngine;org.apache.commons.codec.language.bm.Rule;src.main.resources.org.apache.commons.codec.language.bm.ash_lang.txt;src.main.resources.org.apache.commons.codec.language.bm.gen_lang.txt;src.main.resources.org.apache.commons.codec.language.bm.sep_lang.txt,,1,120,LINE:BRANCH:EXCEPTION,default,offline,True,,70,457.9,0.7,5.3,468.4,SUCCESS,RUNTIME_FAIL,94.51,88.54,71.3,72.0,68,2,68,4,test4(org.apache.commons.codec.language.bm.Lang_ESTest);test5(org.apache.commons.codec.language.bm.Lang_ESTest);test11(org.apache.commons.codec.language.bm.PhoneticEngine_ESTest);test30(org.apache.commons.codec.language.bm.Rule_ESTest),False,False,,,EvoSuite/Result_Round2/Codec_14/budget120_seed1,EvoSuite/Result_Round2/Codec_14/budget120_seed1/run.log
Codec,15,SBST,EvoSuite,1.2.0,org.apache.commons.codec.language.Soundex,,1,60,LINE:BRANCH:EXCEPTION,default,offline,True,,14,67.4,0.6,1.0,79.5,SUCCESS,SUCCESS,100.0,96.88,100.0,98.0,14,0,14,0,,False,False,,,EvoSuite/Result_Round1/Codec_15/budget60_seed1,EvoSuite/Result_Round1/Codec_15/budget60_seed1/run.log
Codec,15,SBST,EvoSuite,1.2.0,org.apache.commons.codec.language.Soundex,,1,120,LINE:BRANCH:EXCEPTION,default,offline,True,,14,127.3,0.6,1.0,133.4,SUCCESS,SUCCESS,100.0,96.88,100.0,98.0,14,0,14,0,,False,False,,,EvoSuite/Result_Round2/Codec_15/budget120_seed1,EvoSuite/Result_Round2/Codec_15/budget120_seed1/run.log
Codec,16,SBST,EvoSuite,1.2.0,org.apache.commons.codec.binary.Base32,,1,60,LINE:BRANCH:EXCEPTION,default,offline,True,,28,19.6,0.6,1.1,31.8,SUCCESS,SUCCESS,100.0,100.0,100.0,100.0,28,0,28,0,,False,False,,,EvoSuite/Result_Round1/Codec_16/budget60_seed1,EvoSuite/Result_Round1/Codec_16/budget60_seed1/run.log
Codec,16,SBST,EvoSuite,1.2.0,org.apache.commons.codec.binary.Base32,,1,120,LINE:BRANCH:EXCEPTION,default,offline,True,,28,19.7,0.6,1.2,26.0,SUCCESS,SUCCESS,100.0,100.0,100.0,100.0,28,0,28,0,,False,False,,,EvoSuite/Result_Round2/Codec_16/budget120_seed1,EvoSuite/Result_Round2/Codec_16/budget120_seed1/run.log
Codec,17,SBST,EvoSuite,1.2.0,org.apache.commons.codec.binary.StringUtils,,1,60,LINE:BRANCH:EXCEPTION,default,offline,True,,23,8.4,0.6,1.1,21.8,SUCCESS,SUCCESS,94.87,100.0,100.0,100.0,23,0,23,0,,False,False,,,EvoSuite/Result_Round1/Codec_17/budget60_seed1,EvoSuite/Result_Round1/Codec_17/budget60_seed1/run.log
Codec,17,SBST,EvoSuite,1.2.0,org.apache.commons.codec.binary.StringUtils,,1,120,LINE:BRANCH:EXCEPTION,default,offline,True,,23,8.5,0.6,1.1,15.2,SUCCESS,SUCCESS,94.87,100.0,100.0,100.0,23,0,23,0,,False,False,,,EvoSuite/Result_Round2/Codec_17/budget120_seed1,EvoSuite/Result_Round2/Codec_17/budget120_seed1/run.log
Codec,18,SBST,EvoSuite,1.2.0,org.apache.commons.codec.binary.StringUtils,,1,60,LINE:BRANCH:EXCEPTION,default,offline,True,,26,10.2,0.6,1.1,23.7,SUCCESS,SUCCESS,94.87,100.0,100.0,100.0,26,0,26,0,,False,False,,,EvoSuite/Result_Round1/Codec_18/budget60_seed1,EvoSuite/Result_Round1/Codec_18/budget60_seed1/run.log
Codec,18,SBST,EvoSuite,1.2.0,org.apache.commons.codec.binary.StringUtils,,1,120,LINE:BRANCH:EXCEPTION,default,offline,True,,26,10.2,0.6,1.1,17.0,SUCCESS,SUCCESS,94.87,100.0,100.0,100.0,26,0,26,0,,False,False,,,EvoSuite/Result_Round2/Codec_18/budget120_seed1,EvoSuite/Result_Round2/Codec_18/budget120_seed1/run.log
Collections,2,SBST,EvoSuite,1.2.0,org.apache.commons.collections.ExtendedProperties,,1,120,LINE:BRANCH:EXCEPTION,default,offline,True,,111,142.5,0.7,1.9,150.1,SUCCESS,SUCCESS,71.27,62.98,74.0,66.0,111,0,111,5,test092(org.apache.commons.collections.ExtendedProperties_ESTest);test091(org.apache.commons.collections.ExtendedProperties_ESTest);test058(org.apache.commons.collections.ExtendedProperties_ESTest);test110(org.apache.commons.collections.ExtendedProperties_ESTest);test051(org.apache.commons.collections.ExtendedProperties_ESTest),True,False,,,EvoSuite/Result_Round2/Collections_2/budget120_seed1,EvoSuite/Result_Round2/Collections_2/budget120_seed1/run.log
Collections,3,SBST,EvoSuite,1.2.0,org.apache.commons.collections.CollectionUtils,,1,60,LINE:BRANCH:EXCEPTION,default,offline,True,,149,90.0,0.8,2.6,110.8,SUCCESS,SUCCESS,91.19,94.26,97.0,96.0,148,0,148,0,,False,False,,,EvoSuite/Result_Round1/Collections_3/budget60_seed1,EvoSuite/Result_Round1/Collections_3/budget60_seed1/run.log
Collections,3,SBST,EvoSuite,1.2.0,org.apache.commons.collections.CollectionUtils,,1,120,LINE:BRANCH:EXCEPTION,default,offline,True,,157,151.9,0.8,2.8,160.6,SUCCESS,SUCCESS,93.31,94.26,98.0,97.0,155,0,155,0,,False,False,,,EvoSuite/Result_Round2/Collections_3/budget120_seed1,EvoSuite/Result_Round2/Collections_3/budget120_seed1/run.log
Collections,4,SBST,EvoSuite,1.2.0,org.apache.commons.collections.map.MultiValueMap,,1,60,LINE:BRANCH:EXCEPTION,default,offline,True,,49,82.9,0.7,1.4,102.5,SUCCESS,SUCCESS,97.7,88.64,91.0,87.0,49,0,49,4,test37(org.apache.commons.collections.map.MultiValueMap_ESTest);test34(org.apache.commons.collections.map.MultiValueMap_ESTest);test28(org.apache.commons.collections.map.MultiValueMap_ESTest);test23(org.apache.commons.collections.map.MultiValueMap_ESTest),True,False,,,EvoSuite/Result_Round1/Collections_4/budget60_seed1,EvoSuite/Result_Round1/Collections_4/budget60_seed1/run.log
Collections,4,SBST,EvoSuite,1.2.0,org.apache.commons.collections.map.MultiValueMap,,1,120,LINE:BRANCH:EXCEPTION,default,offline,True,,52,152.3,0.7,1.4,159.4,SUCCESS,SUCCESS,97.7,88.64,93.0,87.0,51,0,51,4,test40(org.apache.commons.collections.map.MultiValueMap_ESTest);test37(org.apache.commons.collections.map.MultiValueMap_ESTest);test31(org.apache.commons.collections.map.MultiValueMap_ESTest);test26(org.apache.commons.collections.map.MultiValueMap_ESTest),True,False,,,EvoSuite/Result_Round2/Collections_4/budget120_seed1,EvoSuite/Result_Round2/Collections_4/budget120_seed1/run.log
Collections,5,SBST,EvoSuite,1.2.0,org.apache.commons.collections.list.SetUniqueList,,1,60,LINE:BRANCH:EXCEPTION,default,offline,True,,41,29.3,0.7,1.8,49.1,SUCCESS,SUCCESS,96.61,100.0,100.0,100.0,41,0,41,1,test14(org.apache.commons.collections.list.SetUniqueList_ESTest),True,False,,,EvoSuite/Result_Round1/Collections_5/budget60_seed1,EvoSuite/Result_Round1/Collections_5/budget60_seed1/run.log
Collections,5,SBST,EvoSuite,1.2.0,org.apache.commons.collections.list.SetUniqueList,,1,120,LINE:BRANCH:EXCEPTION,default,offline,True,,41,23.6,0.7,1.8,30.9,SUCCESS,SUCCESS,96.61,100.0,100.0,100.0,41,0,41,1,test14(org.apache.commons.collections.list.SetUniqueList_ESTest),True,False,,,EvoSuite/Result_Round2/Collections_5/budget120_seed1,EvoSuite/Result_Round2/Collections_5/budget120_seed1/run.log
Collections,6,SBST,EvoSuite,1.2.0,org.apache.commons.collections.map.Flat3Map,,1,60,LINE:BRANCH:EXCEPTION,default,offline,True,,66,163.1,0.7,2.1,183.2,SUCCESS,RUNTIME_FAIL,58.51,50.0,69.0,62.0,65,1,65,0,,False,False,,,EvoSuite/Result_Round1/Collections_6/budget60_seed1,EvoSuite/Result_Round1/Collections_6/budget60_seed1/run.log
Collections,6,SBST,EvoSuite,1.2.0,org.apache.commons.collections.map.Flat3Map,,1,120,LINE:BRANCH:EXCEPTION,default,offline,True,,101,160.1,0.8,2.1,168.0,SUCCESS,SUCCESS,81.79,77.78,82.0,79.0,99,0,99,0,,False,False,,,EvoSuite/Result_Round2/Collections_6/budget120_seed1,EvoSuite/Result_Round2/Collections_6/budget120_seed1/run.log
Collections,7,SBST,EvoSuite,1.2.0,org.apache.commons.collections.ExtendedProperties,,1,60,LINE:BRANCH:EXCEPTION,default,offline,True,,102,81.1,0.7,1.8,101.2,SUCCESS,SUCCESS,71.96,62.31,74.0,65.0,102,0,102,2,test090(org.apache.commons.collections.ExtendedProperties_ESTest);test067(org.apache.commons.collections.ExtendedProperties_ESTest),True,False,,,EvoSuite/Result_Round1/Collections_7/budget60_seed1,EvoSuite/Result_Round1/Collections_7/budget60_seed1/run.log
Collections,7,SBST,EvoSuite,1.2.0,org.apache.commons.collections.ExtendedProperties,,1,120,LINE:BRANCH:EXCEPTION,default,offline,True,,109,145.8,0.7,1.9,153.4,SUCCESS,SUCCESS,74.13,64.55,77.0,68.0,109,0,109,6,test089(org.apache.commons.collections.ExtendedProperties_ESTest);test085(org.apache.commons.collections.ExtendedProperties_ESTest);test081(org.apache.commons.collections.ExtendedProperties_ESTest);test098(org.apache.commons.collections.ExtendedProperties_ESTest);test090(org.apache.commons.collections.ExtendedProperties_ESTest),True,False,,,EvoSuite/Result_Round2/Collections_7/budget120_seed1,EvoSuite/Result_Round2/Collections_7/budget120_seed1/run.log
Collections,8,SBST,EvoSuite,1.2.0,org.apache.commons.collections.buffer.UnboundedFifoBuffer,,1,60,LINE:BRANCH:EXCEPTION,default,offline,True,,15,68.1,0.6,1.0,86.9,SUCCESS,SUCCESS,75.38,80.77,80.0,85.0,15,0,15,0,,False,False,,,EvoSuite/Result_Round1/Collections_8/budget60_seed1,EvoSuite/Result_Round1/Collections_8/budget60_seed1/run.log
Collections,8,SBST,EvoSuite,1.2.0,org.apache.commons.collections.buffer.UnboundedFifoBuffer,,1,120,LINE:BRANCH:EXCEPTION,default,offline,True,,15,128.4,0.6,1.0,134.9,SUCCESS,SUCCESS,75.38,80.77,80.0,85.0,15,0,15,0,,False,False,,,EvoSuite/Result_Round2/Collections_8/budget120_seed1,EvoSuite/Result_Round2/Collections_8/budget120_seed1/run.log
Collections,9,SBST,EvoSuite,1.2.0,org.apache.commons.collections.ExtendedProperties,,1,60,LINE:BRANCH:EXCEPTION,default,offline,True,,90,78.7,0.7,1.8,98.4,SUCCESS,SUCCESS,64.35,53.36,67.0,57.0,90,0,90,2,test31(org.apache.commons.collections.ExtendedProperties_ESTest);test71(org.apache.commons.collections.ExtendedProperties_ESTest),True,False,,,EvoSuite/Result_Round1/Collections_9/budget60_seed1,EvoSuite/Result_Round1/Collections_9/budget60_seed1/run.log
Collections,9,SBST,EvoSuite,1.2.0,org.apache.commons.collections.ExtendedProperties,,1,120,LINE:BRANCH:EXCEPTION,default,offline,True,,104,140.9,0.7,1.4,148.0,SUCCESS,SUCCESS,69.57,61.57,73.0,65.0,104,0,104,7,test088(org.apache.commons.collections.ExtendedProperties_ESTest);test087(org.apache.commons.collections.ExtendedProperties_ESTest);test084(org.apache.commons.collections.ExtendedProperties_ESTest);test080(org.apache.commons.collections.ExtendedProperties_ESTest);test079(org.apache.commons.collections.ExtendedProperties_ESTest),True,False,,,EvoSuite/Result_Round2/Collections_9/budget120_seed1,EvoSuite/Result_Round2/Collections_9/budget120_seed1/run.log
Collections,10,SBST,EvoSuite,1.2.0,org.apache.commons.collections.map.MultiValueMap,,1,60,LINE:BRANCH:EXCEPTION,default,offline,True,,49,76.4,0.7,1.9,96.7,SUCCESS,SUCCESS,91.49,86.36,88.0,85.0,48,0,48,0,,False,False,,,EvoSuite/Result_Round1/Collections_10/budget60_seed1,EvoSuite/Result_Round1/Collections_10/budget60_seed1/run.log
Collections,10,SBST,EvoSuite,1.2.0,org.apache.commons.collections.map.MultiValueMap,,1,120,LINE:BRANCH:EXCEPTION,default,offline,True,,52,136.4,0.7,2.0,144.1,SUCCESS,SUCCESS,91.49,86.36,88.0,85.0,51,0,51,0,,False,False,,,EvoSuite/Result_Round2/Collections_10/budget120_seed1,EvoSuite/Result_Round2/Collections_10/budget120_seed1/run.log
Collections,11,SBST,EvoSuite,1.2.0,org.apache.commons.collections.keyvalue.MultiKey,,1,60,LINE:BRANCH:EXCEPTION,default,offline,True,,11,66.0,0.6,1.0,85.0,SUCCESS,SUCCESS,91.89,100.0,84.0,96.0,11,0,11,0,,False,False,,,EvoSuite/Result_Round1/Collections_11/budget60_seed1,EvoSuite/Result_Round1/Collections_11/budget60_seed1/run.log
Collections,11,SBST,EvoSuite,1.2.0,org.apache.commons.collections.keyvalue.MultiKey,,1,120,LINE:BRANCH:EXCEPTION,default,offline,True,,11,126.0,0.6,1.0,132.5,SUCCESS,SUCCESS,91.89,100.0,84.0,96.0,11,0,11,0,,False,False,,,EvoSuite/Result_Round2/Collections_11/budget120_seed1,EvoSuite/Result_Round2/Collections_11/budget120_seed1/run.log
Collections,12,SBST,EvoSuite,1.2.0,org.apache.commons.collections.ExtendedProperties,,1,60,LINE:BRANCH:EXCEPTION,default,offline,True,,85,93.9,0.7,1.8,113.6,SUCCESS,SUCCESS,65.58,54.14,68.0,58.0,85,0,85,4,test67(org.apache.commons.collections.ExtendedProperties_ESTest);test64(org.apache.commons.collections.ExtendedProperties_ESTest);test60(org.apache.commons.collections.ExtendedProperties_ESTest);test54(org.apache.commons.collections.ExtendedProperties_ESTest),True,False,,,EvoSuite/Result_Round1/Collections_12/budget60_seed1,EvoSuite/Result_Round1/Collections_12/budget60_seed1/run.log
Collections,12,SBST,EvoSuite,1.2.0,org.apache.commons.collections.ExtendedProperties,,1,120,LINE:BRANCH:EXCEPTION,default,offline,True,,107,142.5,0.7,1.9,150.0,SUCCESS,SUCCESS,71.02,62.78,75.0,66.0,107,0,107,4,test088(org.apache.commons.collections.ExtendedProperties_ESTest);test087(org.apache.commons.collections.ExtendedProperties_ESTest);test078(org.apache.commons.collections.ExtendedProperties_ESTest);test025(org.apache.commons.collections.ExtendedProperties_ESTest),True,False,,,EvoSuite/Result_Round2/Collections_12/budget120_seed1,EvoSuite/Result_Round2/Collections_12/budget120_seed1/run.log
Collections,13,SBST,EvoSuite,1.2.0,org.apache.commons.collections.ExtendedProperties,,1,60,LINE:BRANCH:EXCEPTION,default,offline,True,,84,77.2,0.7,1.3,96.5,SUCCESS,SUCCESS,60.52,51.12,63.0,55.0,84,0,84,3,test64(org.apache.commons.collections.ExtendedProperties_ESTest);test49(org.apache.commons.collections.ExtendedProperties_ESTest);test46(org.apache.commons.collections.ExtendedProperties_ESTest),True,False,,,EvoSuite/Result_Round1/Collections_13/budget60_seed1,EvoSuite/Result_Round1/Collections_13/budget60_seed1/run.log
Collections,13,SBST,EvoSuite,1.2.0,org.apache.commons.collections.ExtendedProperties,,1,120,LINE:BRANCH:EXCEPTION,default,offline,True,,115,158.2,0.7,1.9,165.9,SUCCESS,SUCCESS,73.32,66.42,77.0,69.0,115,0,115,11,test114(org.apache.commons.collections.ExtendedProperties_ESTest);test079(org.apache.commons.collections.ExtendedProperties_ESTest);test098(org.apache.commons.collections.ExtendedProperties_ESTest);test094(org.apache.commons.collections.ExtendedProperties_ESTest);test093(org.apache.commons.collections.ExtendedProperties_ESTest),True,False,,,EvoSuite/Result_Round2/Collections_13/budget120_seed1,EvoSuite/Result_Round2/Collections_13/budget120_seed1/run.log
Collections,14,SBST,EvoSuite,1.2.0,org.apache.commons.collections.map.CaseInsensitiveMap,,1,60,LINE:BRANCH:EXCEPTION,default,offline,True,,12,86.5,0.6,1.6,106.4,SUCCESS,SUCCESS,85.71,100.0,86.0,91.0,9,0,9,0,,False,False,,,EvoSuite/Result_Round1/Collections_14/budget60_seed1,EvoSuite/Result_Round1/Collections_14/budget60_seed1/run.log
Collections,14,SBST,EvoSuite,1.2.0,org.apache.commons.collections.map.CaseInsensitiveMap,,1,120,LINE:BRANCH:EXCEPTION,default,offline,True,,10,144.8,0.6,1.6,151.9,SUCCESS,SUCCESS,52.38,25.0,71.0,82.0,7,0,7,0,,False,False,,,EvoSuite/Result_Round2/Collections_14/budget120_seed1,EvoSuite/Result_Round2/Collections_14/budget120_seed1/run.log
Collections,15,SBST,EvoSuite,1.2.0,org.apache.commons.collections.list.SetUniqueList,,1,60,LINE:BRANCH:EXCEPTION,default,offline,True,,39,23.9,0.7,1.8,43.4,SUCCESS,SUCCESS,96.61,100.0,100.0,100.0,39,0,39,1,test24(org.apache.commons.collections.list.SetUniqueList_ESTest),True,False,,,EvoSuite/Result_Round1/Collections_15/budget60_seed1,EvoSuite/Result_Round1/Collections_15/budget60_seed1/run.log
Collections,15,SBST,EvoSuite,1.2.0,org.apache.commons.collections.list.SetUniqueList,,1,120,LINE:BRANCH:EXCEPTION,default,offline,True,,39,23.9,0.6,1.8,31.3,SUCCESS,SUCCESS,96.61,100.0,100.0,100.0,39,0,39,1,test24(org.apache.commons.collections.list.SetUniqueList_ESTest),True,False,,,EvoSuite/Result_Round2/Collections_15/budget120_seed1,EvoSuite/Result_Round2/Collections_15/budget120_seed1/run.log
Collections,16,SBST,EvoSuite,1.2.0,org.apache.commons.collections.list.SetUniqueList,,1,60,LINE:BRANCH:EXCEPTION,default,offline,True,,44,73.6,0.7,1.9,93.5,SUCCESS,SUCCESS,95.83,100.0,98.0,100.0,44,0,44,4,test10(org.apache.commons.collections.list.SetUniqueList_ESTest);test11(org.apache.commons.collections.list.SetUniqueList_ESTest);test24(org.apache.commons.collections.list.SetUniqueList_ESTest);test42(org.apache.commons.collections.list.SetUniqueList_ESTest),True,False,,,EvoSuite/Result_Round1/Collections_16/budget60_seed1,EvoSuite/Result_Round1/Collections_16/budget60_seed1/run.log
Collections,16,SBST,EvoSuite,1.2.0,org.apache.commons.collections.list.SetUniqueList,,1,120,LINE:BRANCH:EXCEPTION,default,offline,True,,42,135.7,0.7,1.9,143.2,SUCCESS,SUCCESS,93.06,100.0,96.0,100.0,42,0,42,5,test31(org.apache.commons.collections.list.SetUniqueList_ESTest);test09(org.apache.commons.collections.list.SetUniqueList_ESTest);test08(org.apache.commons.collections.list.SetUniqueList_ESTest);test05(org.apache.commons.collections.list.SetUniqueList_ESTest);test21(org.apache.commons.collections.list.SetUniqueList_ESTest),True,False,,,EvoSuite/Result_Round2/Collections_16/budget120_seed1,EvoSuite/Result_Round2/Collections_16/budget120_seed1/run.log
Collections,17,SBST,EvoSuite,1.2.0,org.apache.commons.collections.functors.EqualPredicate,,1,60,LINE:BRANCH:EXCEPTION,default,offline,True,,7,5.8,0.6,0.9,28.8,SUCCESS,SUCCESS,93.75,83.33,100.0,100.0,7,0,7,1,test0(org.apache.commons.collections.functors.EqualPredicate_ESTest),True,False,,,EvoSuite/Result_Round1/Collections_17/budget60_seed1,EvoSuite/Result_Round1/Collections_17/budget60_seed1/run.log
Collections,17,SBST,EvoSuite,1.2.0,org.apache.commons.collections.functors.EqualPredicate,,1,120,LINE:BRANCH:EXCEPTION,default,offline,True,,7,5.6,0.6,1.0,12.1,SUCCESS,SUCCESS,93.75,83.33,100.0,100.0,7,0,7,1,test0(org.apache.commons.collections.functors.EqualPredicate_ESTest),True,False,,,EvoSuite/Result_Round2/Collections_17/budget120_seed1,EvoSuite/Result_Round2/Collections_17/budget120_seed1/run.log
Collections,18,SBST,EvoSuite,1.2.0,org.apache.commons.collections.set.ListOrderedSet,,1,60,LINE:BRANCH:EXCEPTION,default,offline,True,,46,72.4,0.7,1.3,95.9,SUCCESS,SUCCESS,97.62,100.0,96.0,97.0,46,0,46,1,test03(org.apache.commons.collections.set.ListOrderedSet_ESTest),True,False,,,EvoSuite/Result_Round1/Collections_18/budget60_seed1,EvoSuite/Result_Round1/Collections_18/budget60_seed1/run.log
Collections,18,SBST,EvoSuite,1.2.0,org.apache.commons.collections.set.ListOrderedSet,,1,120,LINE:BRANCH:EXCEPTION,default,offline,True,,46,132.0,0.7,1.3,139.0,SUCCESS,SUCCESS,97.62,100.0,96.0,97.0,46,0,46,1,test03(org.apache.commons.collections.set.ListOrderedSet_ESTest),True,False,,,EvoSuite/Result_Round2/Collections_18/budget120_seed1,EvoSuite/Result_Round2/Collections_18/budget120_seed1/run.log
Collections,19,SBST,EvoSuite,1.2.0,org.apache.commons.collections.list.SetUniqueList,,1,60,LINE:BRANCH:EXCEPTION,default,offline,True,,63,75.6,0.8,1.9,99.4,SUCCESS,SUCCESS,94.05,100.0,98.0,100.0,61,0,61,0,,False,False,,,EvoSuite/Result_Round1/Collections_19/budget60_seed1,EvoSuite/Result_Round1/Collections_19/budget60_seed1/run.log
Collections,19,SBST,EvoSuite,1.2.0,org.apache.commons.collections.list.SetUniqueList,,1,120,LINE:BRANCH:EXCEPTION,default,offline,True,,61,135.7,0.7,1.9,143.2,SUCCESS,SUCCESS,94.05,100.0,98.0,100.0,59,0,59,0,,False,False,,,EvoSuite/Result_Round2/Collections_19/budget120_seed1,EvoSuite/Result_Round2/Collections_19/budget120_seed1/run.log
Collections,20,SBST,EvoSuite,1.2.0,org.apache.commons.collections.list.TreeList,,1,60,LINE:BRANCH:EXCEPTION,default,offline,True,,33,72.6,0.7,1.7,96.4,SUCCESS,SUCCESS,100.0,100.0,95.0,89.0,33,0,33,0,,False,False,,,EvoSuite/Result_Round1/Collections_20/budget60_seed1,EvoSuite/Result_Round1/Collections_20/budget60_seed1/run.log
Collections,20,SBST,EvoSuite,1.2.0,org.apache.commons.collections.list.TreeList,,1,120,LINE:BRANCH:EXCEPTION,default,offline,True,,27,132.5,0.7,1.7,139.8,SUCCESS,SUCCESS,100.0,100.0,94.0,94.0,27,0,27,0,,False,False,,,EvoSuite/Result_Round2/Collections_20/budget120_seed1,EvoSuite/Result_Round2/Collections_20/budget120_seed1/run.log
Collections,21,SBST,EvoSuite,1.2.0,org.apache.commons.collections4.list.SetUniqueList,,1,60,LINE:BRANCH:EXCEPTION,default,offline,True,,57,74.0,0.8,1.9,97.2,SUCCESS,SUCCESS,95.12,97.22,97.0,97.0,54,0,54,0,,False,False,,,EvoSuite/Result_Round1/Collections_21/budget60_seed1,EvoSuite/Result_Round1/Collections_21/budget60_seed1/run.log
Collections,21,SBST,EvoSuite,1.2.0,org.apache.commons.collections4.list.SetUniqueList,,1,120,LINE:BRANCH:EXCEPTION,default,offline,True,,60,135.0,0.7,1.9,142.7,SUCCESS,SUCCESS,91.46,83.33,98.0,100.0,56,0,56,0,,False,False,,,EvoSuite/Result_Round2/Collections_21/budget120_seed1,EvoSuite/Result_Round2/Collections_21/budget120_seed1/run.log
Collections,22,SBST,EvoSuite,1.2.0,org.apache.commons.collections4.map.ListOrderedMap,,1,60,LINE:BRANCH:EXCEPTION,default,offline,True,,63,81.2,0.7,1.9,102.6,SUCCESS,SUCCESS,81.25,79.41,84.0,84.0,63,0,63,0,,False,False,,,EvoSuite/Result_Round1/Collections_22/budget60_seed1,EvoSuite/Result_Round1/Collections_22/budget60_seed1/run.log
Collections,22,SBST,EvoSuite,1.2.0,org.apache.commons.collections4.map.ListOrderedMap,,1,120,LINE:BRANCH:EXCEPTION,default,offline,True,,64,141.1,0.7,1.9,148.7,SUCCESS,SUCCESS,85.42,82.35,90.0,91.0,63,0,63,0,,False,False,,,EvoSuite/Result_Round2/Collections_22/budget120_seed1,EvoSuite/Result_Round2/Collections_22/budget120_seed1/run.log
Collections,23,SBST,EvoSuite,1.2.0,org.apache.commons.collections4.trie.UnmodifiableTrie,,1,60,LINE:BRANCH:EXCEPTION,default,offline,True,,2,65.2,0.6,1.0,85.5,SUCCESS,SUCCESS,8.33,25.0,14.0,7.0,2,0,2,1,test1(org.apache.commons.collections4.trie.UnmodifiableTrie_ESTest),True,False,,,EvoSuite/Result_Round1/Collections_23/budget60_seed1,EvoSuite/Result_Round1/Collections_23/budget60_seed1/run.log
Collections,23,SBST,EvoSuite,1.2.0,org.apache.commons.collections4.trie.UnmodifiableTrie,,1,120,LINE:BRANCH:EXCEPTION,default,offline,True,,2,125.2,0.6,1.0,131.8,SUCCESS,SUCCESS,8.33,25.0,14.0,7.0,2,0,2,1,test1(org.apache.commons.collections4.trie.UnmodifiableTrie_ESTest),True,False,,,EvoSuite/Result_Round2/Collections_23/budget120_seed1,EvoSuite/Result_Round2/Collections_23/budget120_seed1/run.log
Collections,24,SBST,EvoSuite,1.2.0,org.apache.commons.collections4.collection.UnmodifiableBoundedCollection,,1,60,LINE:BRANCH:EXCEPTION,default,offline,True,,5,66.8,0.6,2.2,88.4,SUCCESS,SUCCESS,67.86,100.0,68.0,62.0,5,0,5,1,test3(org.apache.commons.collections4.collection.UnmodifiableBoundedCollection_ESTest),True,False,,,EvoSuite/Result_Round1/Collections_24/budget60_seed1,EvoSuite/Result_Round1/Collections_24/budget60_seed1/run.log
Collections,24,SBST,EvoSuite,1.2.0,org.apache.commons.collections4.collection.UnmodifiableBoundedCollection,,1,120,LINE:BRANCH:EXCEPTION,default,offline,True,,6,126.9,0.6,1.7,134.1,SUCCESS,SUCCESS,75.0,100.0,71.0,67.0,6,0,6,1,test4(org.apache.commons.collections4.collection.UnmodifiableBoundedCollection_ESTest),True,False,,,EvoSuite/Result_Round2/Collections_24/budget120_seed1,EvoSuite/Result_Round2/Collections_24/budget120_seed1/run.log
Collections,25,SBST,EvoSuite,1.2.0,org.apache.commons.collections4.IteratorUtils,,1,60,LINE:BRANCH:EXCEPTION,default,offline,True,,122,89.0,0.9,3.2,112.5,SUCCESS,SUCCESS,82.33,87.88,92.0,93.0,119,0,119,1,test017(org.apache.commons.collections4.IteratorUtils_ESTest),True,False,,,EvoSuite/Result_Round1/Collections_25/budget60_seed1,EvoSuite/Result_Round1/Collections_25/budget60_seed1/run.log
Collections,25,SBST,EvoSuite,1.2.0,org.apache.commons.collections4.IteratorUtils,,1,120,LINE:BRANCH:EXCEPTION,default,offline,True,,122,148.6,0.9,3.2,157.8,SUCCESS,SUCCESS,80.0,90.91,92.0,92.0,121,0,121,0,,False,False,,,EvoSuite/Result_Round2/Collections_25/budget120_seed1,EvoSuite/Result_Round2/Collections_25/budget120_seed1/run.log
Collections,26,SBST,EvoSuite,1.2.0,org.apache.commons.collections4.keyvalue.MultiKey,,1,60,LINE:BRANCH:EXCEPTION,default,offline,True,,11,65.9,0.6,1.0,87.7,SUCCESS,SUCCESS,94.59,100.0,89.0,100.0,10,0,10,1,test4(org.apache.commons.collections4.keyvalue.MultiKey_ESTest),True,False,,,EvoSuite/Result_Round1/Collections_26/budget60_seed1,EvoSuite/Result_Round1/Collections_26/budget60_seed1/run.log
Collections,26,SBST,EvoSuite,1.2.0,org.apache.commons.collections4.keyvalue.MultiKey,,1,120,LINE:BRANCH:EXCEPTION,default,offline,True,,12,126.1,0.6,1.0,132.6,SUCCESS,SUCCESS,94.59,100.0,89.0,100.0,11,0,11,1,test04(org.apache.commons.collections4.keyvalue.MultiKey_ESTest),True,False,,,EvoSuite/Result_Round2/Collections_26/budget120_seed1,EvoSuite/Result_Round2/Collections_26/budget120_seed1/run.log
Collections,27,SBST,EvoSuite,1.2.0,org.apache.commons.collections4.map.MultiValueMap,,1,60,LINE:BRANCH:EXCEPTION,default,offline,True,,55,76.9,0.8,1.9,99.4,SUCCESS,SUCCESS,90.91,86.36,78.0,72.0,42,0,42,0,,False,False,,,EvoSuite/Result_Round1/Collections_27/budget60_seed1,EvoSuite/Result_Round1/Collections_27/budget60_seed1/run.log
Collections,27,SBST,EvoSuite,1.2.0,org.apache.commons.collections4.map.MultiValueMap,,1,120,LINE:BRANCH:EXCEPTION,default,offline,True,,61,140.0,0.8,2.0,147.9,SUCCESS,SUCCESS,90.91,84.09,80.0,71.0,44,0,44,0,,False,False,,,EvoSuite/Result_Round2/Collections_27/budget120_seed1,EvoSuite/Result_Round2/Collections_27/budget120_seed1/run.log
Collections,28,SBST,EvoSuite,1.2.0,org.apache.commons.collections4.trie.AbstractPatriciaTrie,,1,60,LINE:BRANCH:EXCEPTION,default,offline,True,,88,87.9,0.7,1.5,110.4,SUCCESS,SUCCESS,77.75,71.62,55.0,47.0,88,0,88,0,,False,False,,,EvoSuite/Result_Round1/Collections_28/budget60_seed1,EvoSuite/Result_Round1/Collections_28/budget60_seed1/run.log
Collections,28,SBST,EvoSuite,1.2.0,org.apache.commons.collections4.trie.AbstractPatriciaTrie,,1,120,LINE:BRANCH:EXCEPTION,default,offline,True,,95,164.9,0.7,2.1,172.8,SUCCESS,SUCCESS,82.34,76.01,54.0,47.0,95,0,95,0,,False,False,,,EvoSuite/Result_Round2/Collections_28/budget120_seed1,EvoSuite/Result_Round2/Collections_28/budget120_seed1/run.log
Compress,2,SBST,EvoSuite,1.2.0,org.apache.commons.compress.archivers.ar.ArArchiveInputStream,,1,120,LINE:BRANCH:EXCEPTION,default,offline,True,,23,128.8,0.6,1.1,135.0,SUCCESS,SUCCESS,64.13,46.43,65.0,49.0,23,0,23,0,,False,False,,,EvoSuite/Result_Round2/Compress_2/budget120_seed1,EvoSuite/Result_Round2/Compress_2/budget120_seed1/run.log
Compress,3,SBST,EvoSuite,1.2.0,org.apache.commons.compress.archivers.tar.TarArchiveOutputStream,,1,60,LINE:BRANCH:EXCEPTION,default,offline,True,,33,80.6,0.6,1.4,94.8,SUCCESS,SUCCESS,78.95,90.0,80.0,95.0,32,0,32,2,test09(org.apache.commons.compress.archivers.tar.TarArchiveOutputStream_ESTest);test27(org.apache.commons.compress.archivers.tar.TarArchiveOutputStream_ESTest),True,False,,,EvoSuite/Result_Round1/Compress_3/budget60_seed1,EvoSuite/Result_Round1/Compress_3/budget60_seed1/run.log
Compress,3,SBST,EvoSuite,1.2.0,org.apache.commons.compress.archivers.tar.TarArchiveOutputStream,,1,120,LINE:BRANCH:EXCEPTION,default,offline,True,,34,145.0,0.6,2.6,152.8,SUCCESS,SUCCESS,78.95,90.0,80.0,95.0,34,0,34,2,test10(org.apache.commons.compress.archivers.tar.TarArchiveOutputStream_ESTest);test32(org.apache.commons.compress.archivers.tar.TarArchiveOutputStream_ESTest),True,False,,,EvoSuite/Result_Round2/Compress_3/budget120_seed1,EvoSuite/Result_Round2/Compress_3/budget120_seed1/run.log
Compress,4,SBST,EvoSuite,1.2.0,org.apache.commons.compress.archivers.cpio.CpioArchiveOutputStream;org.apache.commons.compress.archivers.tar.TarArchiveOutputStream;org.apache.commons.compress.archivers.zip.ZipArchiveOutputStream;org.apache.commons.compress.changes.ChangeSetPerformer,,1,60,LINE:BRANCH:EXCEPTION,default,offline,True,,74,340.2,0.7,2.1,355.1,SUCCESS,RUNTIME_FAIL,47.45,42.29,65.5,64.2,74,1,74,5,test10(org.apache.commons.compress.archivers.cpio.CpioArchiveOutputStream_ESTest);test19(org.apache.commons.compress.archivers.tar.TarArchiveOutputStream_ESTest);test11(org.apache.commons.compress.archivers.tar.TarArchiveOutputStream_ESTest);test0(org.apache.commons.compress.archivers.zip.ZipArchiveOutputStream_ESTest);test07(org.apache.commons.compress.changes.ChangeSetPerformer_ESTest),False,False,,,EvoSuite/Result_Round1/Compress_4/budget60_seed1,EvoSuite/Result_Round1/Compress_4/budget60_seed1/run.log
Compress,4,SBST,EvoSuite,1.2.0,org.apache.commons.compress.archivers.cpio.CpioArchiveOutputStream;org.apache.commons.compress.archivers.tar.TarArchiveOutputStream;org.apache.commons.compress.archivers.zip.ZipArchiveOutputStream;org.apache.commons.compress.changes.ChangeSetPerformer,,1,120,LINE:BRANCH:EXCEPTION,default,offline,True,,75,527.4,0.7,2.1,534.8,SUCCESS,RUNTIME_FAIL,47.45,43.87,65.0,64.5,74,1,74,2,test12(org.apache.commons.compress.archivers.tar.TarArchiveOutputStream_ESTest);test0(org.apache.commons.compress.archivers.zip.ZipArchiveOutputStream_ESTest),False,False,,,EvoSuite/Result_Round2/Compress_4/budget120_seed1,EvoSuite/Result_Round2/Compress_4/budget120_seed1/run.log
Compress,5,SBST,EvoSuite,1.2.0,org.apache.commons.compress.archivers.zip.ZipArchiveInputStream,,1,60,LINE:BRANCH:EXCEPTION,default,offline,True,,18,73.5,0.6,1.7,88.0,SUCCESS,SUCCESS,32.32,27.08,34.0,29.0,18,0,18,0,,False,False,,,EvoSuite/Result_Round1/Compress_5/budget60_seed1,EvoSuite/Result_Round1/Compress_5/budget60_seed1/run.log
Compress,5,SBST,EvoSuite,1.2.0,org.apache.commons.compress.archivers.zip.ZipArchiveInputStream,,1,120,LINE:BRANCH:EXCEPTION,default,offline,True,,19,133.4,0.6,1.7,140.3,SUCCESS,SUCCESS,32.93,28.12,34.0,30.0,18,0,18,0,,False,False,,,EvoSuite/Result_Round2/Compress_5/budget120_seed1,EvoSuite/Result_Round2/Compress_5/budget120_seed1/run.log
Compress,6,SBST,EvoSuite,1.2.0,org.apache.commons.compress.archivers.zip.ZipArchiveEntry,,1,60,LINE:BRANCH:EXCEPTION,default,offline,True,,45,72.7,0.6,1.3,87.0,SUCCESS,SUCCESS,98.56,95.0,97.0,96.0,45,0,45,1,test14(org.apache.commons.compress.archivers.zip.ZipArchiveEntry_ESTest),True,False,,,EvoSuite/Result_Round1/Compress_6/budget60_seed1,EvoSuite/Result_Round1/Compress_6/budget60_seed1/run.log
Compress,6,SBST,EvoSuite,1.2.0,org.apache.commons.compress.archivers.zip.ZipArchiveEntry,,1,120,LINE:BRANCH:EXCEPTION,default,offline,True,,43,133.1,0.7,1.2,139.5,SUCCESS,SUCCESS,98.56,95.0,97.0,96.0,43,0,43,1,test15(org.apache.commons.compress.archivers.zip.ZipArchiveEntry_ESTest),True,False,,,EvoSuite/Result_Round2/Compress_6/budget120_seed1,EvoSuite/Result_Round2/Compress_6/budget120_seed1/run.log
Compress,7,SBST,EvoSuite,1.2.0,org.apache.commons.compress.archivers.tar.TarUtils,,1,60,LINE:BRANCH:EXCEPTION,default,offline,True,,33,69.5,0.6,1.1,83.5,SUCCESS,SUCCESS,96.77,97.37,97.0,100.0,33,0,33,0,,False,False,,,EvoSuite/Result_Round1/Compress_7/budget60_seed1,EvoSuite/Result_Round1/Compress_7/budget60_seed1/run.log
Compress,7,SBST,EvoSuite,1.2.0,org.apache.commons.compress.archivers.tar.TarUtils,,1,120,LINE:BRANCH:EXCEPTION,default,offline,True,,33,129.7,0.6,1.0,135.9,SUCCESS,SUCCESS,100.0,100.0,97.0,100.0,33,0,33,0,,False,False,,,EvoSuite/Result_Round2/Compress_7/budget120_seed1,EvoSuite/Result_Round2/Compress_7/budget120_seed1/run.log
Compress,8,SBST,EvoSuite,1.2.0,org.apache.commons.compress.archivers.tar.TarUtils,,1,60,LINE:BRANCH:EXCEPTION,default,offline,True,,35,70.2,0.6,1.1,84.6,SUCCESS,SUCCESS,100.0,100.0,98.0,100.0,35,0,35,2,test30(org.apache.commons.compress.archivers.tar.TarUtils_ESTest);test27(org.apache.commons.compress.archivers.tar.TarUtils_ESTest),True,False,,,EvoSuite/Result_Round1/Compress_8/budget60_seed1,EvoSuite/Result_Round1/Compress_8/budget60_seed1/run.log
Compress,8,SBST,EvoSuite,1.2.0,org.apache.commons.compress.archivers.tar.TarUtils,,1,120,LINE:BRANCH:EXCEPTION,default,offline,True,,35,130.2,0.6,1.1,136.5,SUCCESS,SUCCESS,100.0,100.0,98.0,100.0,35,0,35,3,test30(org.apache.commons.compress.archivers.tar.TarUtils_ESTest);test32(org.apache.commons.compress.archivers.tar.TarUtils_ESTest);test27(org.apache.commons.compress.archivers.tar.TarUtils_ESTest),True,False,,,EvoSuite/Result_Round2/Compress_8/budget120_seed1,EvoSuite/Result_Round2/Compress_8/budget120_seed1/run.log
Compress,9,SBST,EvoSuite,1.2.0,org.apache.commons.compress.archivers.tar.TarArchiveOutputStream,,1,60,LINE:BRANCH:EXCEPTION,default,offline,True,,37,73.4,0.7,1.6,89.4,SUCCESS,SUCCESS,81.08,90.48,83.0,96.0,37,0,37,2,test19(org.apache.commons.compress.archivers.tar.TarArchiveOutputStream_ESTest);test28(org.apache.commons.compress.archivers.tar.TarArchiveOutputStream_ESTest),True,False,,,EvoSuite/Result_Round1/Compress_9/budget60_seed1,EvoSuite/Result_Round1/Compress_9/budget60_seed1/run.log
Compress,9,SBST,EvoSuite,1.2.0,org.apache.commons.compress.archivers.tar.TarArchiveOutputStream,,1,120,LINE:BRANCH:EXCEPTION,default,offline,True,,36,133.3,0.6,1.6,140.1,SUCCESS,SUCCESS,81.98,92.86,83.0,96.0,36,0,36,1,test29(org.apache.commons.compress.archivers.tar.TarArchiveOutputStream_ESTest),True,False,,,EvoSuite/Result_Round2/Compress_9/budget120_seed1,EvoSuite/Result_Round2/Compress_9/budget120_seed1/run.log
Compress,10,SBST,EvoSuite,1.2.0,org.apache.commons.compress.archivers.zip.ZipFile,,1,60,LINE:BRANCH:EXCEPTION,default,offline,True,,23,69.9,0.6,1.5,86.4,SUCCESS,SUCCESS,16.26,14.61,14.0,13.0,23,0,23,0,,False,False,,,EvoSuite/Result_Round1/Compress_10/budget60_seed1,EvoSuite/Result_Round1/Compress_10/budget60_seed1/run.log
Compress,10,SBST,EvoSuite,1.2.0,org.apache.commons.compress.archivers.zip.ZipFile,,1,120,LINE:BRANCH:EXCEPTION,default,offline,True,,24,129.5,0.6,1.5,136.2,SUCCESS,SUCCESS,16.26,14.61,14.0,13.0,24,0,24,2,test05(org.apache.commons.compress.archivers.zip.ZipFile_ESTest);test01(org.apache.commons.compress.archivers.zip.ZipFile_ESTest),True,False,,,EvoSuite/Result_Round2/Compress_10/budget120_seed1,EvoSuite/Result_Round2/Compress_10/budget120_seed1/run.log
Compress,11,SBST,EvoSuite,1.2.0,org.apache.commons.compress.archivers.ArchiveStreamFactory,,1,60,LINE:BRANCH:EXCEPTION,default,offline,True,,20,72.6,0.6,1.6,89.1,SUCCESS,RUNTIME_FAIL,81.43,85.42,86.0,86.0,20,1,20,2,test03(org.apache.commons.compress.archivers.ArchiveStreamFactory_ESTest);test12(org.apache.commons.compress.archivers.ArchiveStreamFactory_ESTest),False,False,,,EvoSuite/Result_Round1/Compress_11/budget60_seed1,EvoSuite/Result_Round1/Compress_11/budget60_seed1/run.log
Compress,11,SBST,EvoSuite,1.2.0,org.apache.commons.compress.archivers.ArchiveStreamFactory,,1,120,LINE:BRANCH:EXCEPTION,default,offline,True,,23,129.4,0.6,1.6,136.3,SUCCESS,RUNTIME_FAIL,81.43,85.42,86.0,86.0,23,1,23,2,test13(org.apache.commons.compress.archivers.ArchiveStreamFactory_ESTest);test05(org.apache.commons.compress.archivers.ArchiveStreamFactory_ESTest),False,False,,,EvoSuite/Result_Round2/Compress_11/budget120_seed1,EvoSuite/Result_Round2/Compress_11/budget120_seed1/run.log
Compress,12,SBST,EvoSuite,1.2.0,org.apache.commons.compress.archivers.tar.TarArchiveInputStream,,1,60,LINE:BRANCH:EXCEPTION,default,offline,True,,26,72.7,0.6,2.0,89.6,SUCCESS,SUCCESS,41.12,32.73,41.0,39.0,26,0,26,0,,False,False,,,EvoSuite/Result_Round1/Compress_12/budget60_seed1,EvoSuite/Result_Round1/Compress_12/budget60_seed1/run.log
Compress,12,SBST,EvoSuite,1.2.0,org.apache.commons.compress.archivers.tar.TarArchiveInputStream,,1,120,LINE:BRANCH:EXCEPTION,default,offline,True,,30,135.4,0.6,2.0,142.8,SUCCESS,SUCCESS,38.58,29.09,39.0,35.0,28,0,28,0,,False,False,,,EvoSuite/Result_Round2/Compress_12/budget120_seed1,EvoSuite/Result_Round2/Compress_12/budget120_seed1/run.log
Compress,13,SBST,EvoSuite,1.2.0,org.apache.commons.compress.archivers.zip.ZipArchiveEntry,,1,60,LINE:BRANCH:EXCEPTION,default,offline,True,,60,78.4,0.7,1.4,94.7,SUCCESS,SUCCESS,96.55,95.45,96.0,96.0,60,0,60,0,,False,False,,,EvoSuite/Result_Round1/Compress_13/budget60_seed1,EvoSuite/Result_Round1/Compress_13/budget60_seed1/run.log
Compress,13,SBST,EvoSuite,1.2.0,org.apache.commons.compress.archivers.zip.ZipArchiveEntry,,1,120,LINE:BRANCH:EXCEPTION,default,offline,True,,63,138.3,0.7,1.4,145.1,SUCCESS,SUCCESS,98.03,96.36,97.0,97.0,63,0,63,2,test52(org.apache.commons.compress.archivers.zip.ZipArchiveEntry_ESTest);test53(org.apache.commons.compress.archivers.zip.ZipArchiveEntry_ESTest),True,False,,,EvoSuite/Result_Round2/Compress_13/budget120_seed1,EvoSuite/Result_Round2/Compress_13/budget120_seed1/run.log
Compress,14,SBST,EvoSuite,1.2.0,org.apache.commons.compress.archivers.tar.TarUtils,,1,60,LINE:BRANCH:EXCEPTION,default,offline,True,,45,71.5,0.6,1.1,87.5,SUCCESS,SUCCESS,96.81,96.77,96.0,98.0,45,0,45,1,test04(org.apache.commons.compress.archivers.tar.TarUtils_ESTest),True,False,,,EvoSuite/Result_Round1/Compress_14/budget60_seed1,EvoSuite/Result_Round1/Compress_14/budget60_seed1/run.log
Compress,14,SBST,EvoSuite,1.2.0,org.apache.commons.compress.archivers.tar.TarUtils,,1,120,LINE:BRANCH:EXCEPTION,default,offline,True,,47,131.4,0.6,1.1,137.7,SUCCESS,SUCCESS,96.81,96.77,96.0,98.0,47,0,47,1,test04(org.apache.commons.compress.archivers.tar.TarUtils_ESTest),True,False,,,EvoSuite/Result_Round2/Compress_14/budget120_seed1,EvoSuite/Result_Round2/Compress_14/budget120_seed1/run.log
Compress,15,SBST,EvoSuite,1.2.0,org.apache.commons.compress.archivers.zip.ZipArchiveEntry,,1,60,LINE:BRANCH:EXCEPTION,default,offline,True,,61,78.2,0.7,1.4,94.9,SUCCESS,SUCCESS,98.03,96.36,97.0,97.0,61,0,61,0,,False,False,,,EvoSuite/Result_Round1/Compress_15/budget60_seed1,EvoSuite/Result_Round1/Compress_15/budget60_seed1/run.log
Compress,15,SBST,EvoSuite,1.2.0,org.apache.commons.compress.archivers.zip.ZipArchiveEntry,,1,120,LINE:BRANCH:EXCEPTION,default,offline,True,,63,141.1,0.7,1.4,147.9,SUCCESS,SUCCESS,98.03,96.36,97.0,97.0,63,0,63,0,,False,False,,,EvoSuite/Result_Round2/Compress_15/budget120_seed1,EvoSuite/Result_Round2/Compress_15/budget120_seed1/run.log
Compress,16,SBST,EvoSuite,1.2.0,org.apache.commons.compress.archivers.ArchiveStreamFactory,,1,60,LINE:BRANCH:EXCEPTION,default,offline,True,,21,68.9,0.6,1.6,85.4,SUCCESS,RUNTIME_FAIL,80.28,82.0,85.0,82.0,21,1,21,1,test12(org.apache.commons.compress.archivers.ArchiveStreamFactory_ESTest),False,False,,,EvoSuite/Result_Round1/Compress_16/budget60_seed1,EvoSuite/Result_Round1/Compress_16/budget60_seed1/run.log
Compress,16,SBST,EvoSuite,1.2.0,org.apache.commons.compress.archivers.ArchiveStreamFactory,,1,120,LINE:BRANCH:EXCEPTION,default,offline,True,,22,131.7,0.6,1.6,138.5,SUCCESS,RUNTIME_FAIL,80.28,82.0,85.0,82.0,22,1,22,1,test13(org.apache.commons.compress.archivers.ArchiveStreamFactory_ESTest),False,False,,,EvoSuite/Result_Round2/Compress_16/budget120_seed1,EvoSuite/Result_Round2/Compress_16/budget120_seed1/run.log
Compress,17,SBST,EvoSuite,1.2.0,org.apache.commons.compress.archivers.tar.TarUtils,,1,60,LINE:BRANCH:EXCEPTION,default,offline,True,,57,74.5,0.6,1.2,91.1,SUCCESS,SUCCESS,88.96,85.71,89.0,86.0,57,0,57,0,,False,False,,,EvoSuite/Result_Round1/Compress_17/budget60_seed1,EvoSuite/Result_Round1/Compress_17/budget60_seed1/run.log
Compress,17,SBST,EvoSuite,1.2.0,org.apache.commons.compress.archivers.tar.TarUtils,,1,120,LINE:BRANCH:EXCEPTION,default,offline,True,,59,134.8,0.6,1.2,141.2,SUCCESS,SUCCESS,87.12,89.29,89.0,90.0,59,0,59,1,test45(org.apache.commons.compress.archivers.tar.TarUtils_ESTest),True,False,,,EvoSuite/Result_Round2/Compress_17/budget120_seed1,EvoSuite/Result_Round2/Compress_17/budget120_seed1/run.log
Compress,18,SBST,EvoSuite,1.2.0,org.apache.commons.compress.archivers.tar.TarArchiveOutputStream,,1,60,LINE:BRANCH:EXCEPTION,default,offline,True,,46,80.9,0.6,1.6,97.8,SUCCESS,SUCCESS,79.9,77.91,79.0,80.0,45,0,45,2,test25(org.apache.commons.compress.archivers.tar.TarArchiveOutputStream_ESTest);test27(org.apache.commons.compress.archivers.tar.TarArchiveOutputStream_ESTest),True,False,,,EvoSuite/Result_Round1/Compress_18/budget60_seed1,EvoSuite/Result_Round1/Compress_18/budget60_seed1/run.log
Compress,18,SBST,EvoSuite,1.2.0,org.apache.commons.compress.archivers.tar.TarArchiveOutputStream,,1,120,LINE:BRANCH:EXCEPTION,default,offline,True,,49,136.4,0.6,1.7,143.4,SUCCESS,SUCCESS,79.41,77.91,79.0,80.0,46,0,46,1,test26(org.apache.commons.compress.archivers.tar.TarArchiveOutputStream_ESTest),True,False,,,EvoSuite/Result_Round2/Compress_18/budget120_seed1,EvoSuite/Result_Round2/Compress_18/budget120_seed1/run.log
Compress,19,SBST,EvoSuite,1.2.0,org.apache.commons.compress.archivers.zip.Zip64ExtendedInformationExtraField,,1,60,LINE:BRANCH:EXCEPTION,default,offline,True,,29,22.4,0.6,1.1,41.5,SUCCESS,SUCCESS,100.0,100.0,100.0,100.0,29,0,29,2,test07(org.apache.commons.compress.archivers.zip.Zip64ExtendedInformationExtraField_ESTest);test05(org.apache.commons.compress.archivers.zip.Zip64ExtendedInformationExtraField_ESTest),True,False,,,EvoSuite/Result_Round1/Compress_19/budget60_seed1,EvoSuite/Result_Round1/Compress_19/budget60_seed1/run.log
Compress,19,SBST,EvoSuite,1.2.0,org.apache.commons.compress.archivers.zip.Zip64ExtendedInformationExtraField,,1,120,LINE:BRANCH:EXCEPTION,default,offline,True,,29,22.6,0.6,1.1,29.0,SUCCESS,SUCCESS,100.0,100.0,100.0,100.0,29,0,29,2,test07(org.apache.commons.compress.archivers.zip.Zip64ExtendedInformationExtraField_ESTest);test05(org.apache.commons.compress.archivers.zip.Zip64ExtendedInformationExtraField_ESTest),True,False,,,EvoSuite/Result_Round2/Compress_19/budget120_seed1,EvoSuite/Result_Round2/Compress_19/budget120_seed1/run.log
Compress,20,SBST,EvoSuite,1.2.0,org.apache.commons.compress.archivers.cpio.CpioArchiveInputStream,,1,60,LINE:BRANCH:EXCEPTION,default,offline,True,,23,108.1,0.6,1.6,127.5,SUCCESS,SUCCESS,34.74,33.33,35.0,34.0,23,0,23,0,,False,False,,,EvoSuite/Result_Round1/Compress_20/budget60_seed1,EvoSuite/Result_Round1/Compress_20/budget60_seed1/run.log
Compress,20,SBST,EvoSuite,1.2.0,org.apache.commons.compress.archivers.cpio.CpioArchiveInputStream,,1,120,LINE:BRANCH:EXCEPTION,default,offline,True,,26,167.8,0.6,1.7,174.7,SUCCESS,SUCCESS,34.74,33.33,35.0,34.0,26,0,26,0,,False,False,,,EvoSuite/Result_Round2/Compress_20/budget120_seed1,EvoSuite/Result_Round2/Compress_20/budget120_seed1/run.log
Compress,21,SBST,EvoSuite,1.2.0,org.apache.commons.compress.archivers.sevenz.SevenZOutputFile,,1,60,LINE:BRANCH:EXCEPTION,default,offline,True,,38,101.2,0.6,2.4,122.1,SUCCESS,RUNTIME_FAIL,97.53,94.78,96.0,94.0,38,1,38,1,test36(org.apache.commons.compress.archivers.sevenz.SevenZOutputFile_ESTest),False,False,,,EvoSuite/Result_Round1/Compress_21/budget60_seed1,EvoSuite/Result_Round1/Compress_21/budget60_seed1/run.log
Compress,21,SBST,EvoSuite,1.2.0,org.apache.commons.compress.archivers.sevenz.SevenZOutputFile,,1,120,LINE:BRANCH:EXCEPTION,default,offline,True,,40,161.8,0.6,2.4,169.5,SUCCESS,RUNTIME_FAIL,100.0,99.25,99.0,98.0,40,1,40,2,test19(org.apache.commons.compress.archivers.sevenz.SevenZOutputFile_ESTest);test10(org.apache.commons.compress.archivers.sevenz.SevenZOutputFile_ESTest),False,False,,,EvoSuite/Result_Round2/Compress_21/budget120_seed1,EvoSuite/Result_Round2/Compress_21/budget120_seed1/run.log
Compress,22,SBST,EvoSuite,1.2.0,org.apache.commons.compress.compressors.bzip2.BZip2CompressorInputStream,,1,60,LINE:BRANCH:EXCEPTION,default,offline,True,,9,69.0,0.6,1.1,88.3,SUCCESS,SUCCESS,4.05,4.6,4.0,5.0,9,0,9,0,,False,False,,,EvoSuite/Result_Round1/Compress_22/budget60_seed1,EvoSuite/Result_Round1/Compress_22/budget60_seed1/run.log
Compress,22,SBST,EvoSuite,1.2.0,org.apache.commons.compress.compressors.bzip2.BZip2CompressorInputStream,,1,120,LINE:BRANCH:EXCEPTION,default,offline,True,,13,127.9,0.6,1.6,134.8,SUCCESS,SUCCESS,4.48,5.36,4.0,6.0,13,0,13,0,,False,False,,,EvoSuite/Result_Round2/Compress_22/budget120_seed1,EvoSuite/Result_Round2/Compress_22/budget120_seed1/run.log
Compress,23,SBST,EvoSuite,1.2.0,org.apache.commons.compress.archivers.sevenz.Coders,,1,60,LINE:BRANCH:EXCEPTION,default,offline,True,,18,84.6,0.6,2.1,105.6,SUCCESS,RUNTIME_FAIL,90.91,87.5,85.0,85.0,18,1,18,2,test05(org.apache.commons.compress.archivers.sevenz.Coders_ESTest);test13(org.apache.commons.compress.archivers.sevenz.Coders_ESTest),False,False,,,EvoSuite/Result_Round1/Compress_23/budget60_seed1,EvoSuite/Result_Round1/Compress_23/budget60_seed1/run.log
Compress,23,SBST,EvoSuite,1.2.0,org.apache.commons.compress.archivers.sevenz.Coders,,1,120,LINE:BRANCH:EXCEPTION,default,offline,True,,36,246.2,0.7,2.1,253.8,SUCCESS,RUNTIME_FAIL,90.91,87.5,80.0,81.0,34,1,34,4,test18(org.apache.commons.compress.archivers.sevenz.Coders_ESTest);test31(org.apache.commons.compress.archivers.sevenz.Coders_ESTest);test32(org.apache.commons.compress.archivers.sevenz.Coders_ESTest);test01(org.apache.commons.compress.archivers.sevenz.Coders_ESTest),False,False,,,EvoSuite/Result_Round2/Compress_23/budget120_seed1,EvoSuite/Result_Round2/Compress_23/budget120_seed1/run.log
Compress,24,SBST,EvoSuite,1.2.0,org.apache.commons.compress.archivers.tar.TarUtils,,1,60,LINE:BRANCH:EXCEPTION,default,offline,True,,55,74.6,0.6,1.2,94.3,SUCCESS,SUCCESS,78.88,71.82,82.0,75.0,55,0,55,0,,False,False,,,EvoSuite/Result_Round1/Compress_24/budget60_seed1,EvoSuite/Result_Round1/Compress_24/budget60_seed1/run.log
Compress,24,SBST,EvoSuite,1.2.0,org.apache.commons.compress.archivers.tar.TarUtils,,1,120,LINE:BRANCH:EXCEPTION,default,offline,True,,55,134.9,0.6,1.2,141.5,SUCCESS,SUCCESS,80.75,77.27,84.0,80.0,55,0,55,0,,False,False,,,EvoSuite/Result_Round2/Compress_24/budget120_seed1,EvoSuite/Result_Round2/Compress_24/budget120_seed1/run.log
Compress,25,SBST,EvoSuite,1.2.0,org.apache.commons.compress.archivers.zip.ZipArchiveInputStream,,1,60,LINE:BRANCH:EXCEPTION,default,offline,True,,20,73.7,0.6,2.2,94.1,SUCCESS,SUCCESS,19.57,12.82,18.0,13.0,20,0,20,0,,False,False,,,EvoSuite/Result_Round1/Compress_25/budget60_seed1,EvoSuite/Result_Round1/Compress_25/budget60_seed1/run.log
Compress,25,SBST,EvoSuite,1.2.0,org.apache.commons.compress.archivers.zip.ZipArchiveInputStream,,1,120,LINE:BRANCH:EXCEPTION,default,offline,True,,22,133.7,0.6,2.2,141.4,SUCCESS,SUCCESS,20.11,14.1,18.0,15.0,22,0,22,0,,False,False,,,EvoSuite/Result_Round2/Compress_25/budget120_seed1,EvoSuite/Result_Round2/Compress_25/budget120_seed1/run.log
Compress,26,SBST,EvoSuite,1.2.0,org.apache.commons.compress.utils.IOUtils,,1,60,LINE:BRANCH:EXCEPTION,default,offline,True,,20,75.7,0.6,1.3,95.5,SUCCESS,SUCCESS,93.02,91.67,89.0,93.0,20,0,20,0,,False,False,,,EvoSuite/Result_Round1/Compress_26/budget60_seed1,EvoSuite/Result_Round1/Compress_26/budget60_seed1/run.log
Compress,26,SBST,EvoSuite,1.2.0,org.apache.commons.compress.utils.IOUtils,,1,120,LINE:BRANCH:EXCEPTION,default,offline,True,,25,139.6,0.6,1.3,146.3,SUCCESS,SUCCESS,95.35,91.67,91.0,93.0,25,0,25,0,,False,False,,,EvoSuite/Result_Round2/Compress_26/budget120_seed1,EvoSuite/Result_Round2/Compress_26/budget120_seed1/run.log
Compress,27,SBST,EvoSuite,1.2.0,org.apache.commons.compress.archivers.tar.TarUtils,,1,60,LINE:BRANCH:EXCEPTION,default,offline,True,,53,74.1,0.6,1.2,93.8,SUCCESS,SUCCESS,79.75,78.7,84.0,82.0,53,0,53,1,test44(org.apache.commons.compress.archivers.tar.TarUtils_ESTest),True,False,,,EvoSuite/Result_Round1/Compress_27/budget60_seed1,EvoSuite/Result_Round1/Compress_27/budget60_seed1/run.log
Compress,27,SBST,EvoSuite,1.2.0,org.apache.commons.compress.archivers.tar.TarUtils,,1,120,LINE:BRANCH:EXCEPTION,default,offline,True,,52,134.0,0.6,1.2,140.6,SUCCESS,SUCCESS,82.28,84.26,85.0,86.0,52,0,52,1,test44(org.apache.commons.compress.archivers.tar.TarUtils_ESTest),True,False,,,EvoSuite/Result_Round2/Compress_27/budget120_seed1,EvoSuite/Result_Round2/Compress_27/budget120_seed1/run.log
Compress,28,SBST,EvoSuite,1.2.0,org.apache.commons.compress.archivers.tar.TarArchiveInputStream,,1,60,LINE:BRANCH:EXCEPTION,default,offline,True,,39,79.1,0.7,2.2,99.8,SUCCESS,SUCCESS,47.66,33.06,49.0,40.0,39,0,39,0,,False,False,,,EvoSuite/Result_Round1/Compress_28/budget60_seed1,EvoSuite/Result_Round1/Compress_28/budget60_seed1/run.log
Compress,28,SBST,EvoSuite,1.2.0,org.apache.commons.compress.archivers.tar.TarArchiveInputStream,,1,120,LINE:BRANCH:EXCEPTION,default,offline,True,,40,153.6,0.6,2.1,161.3,SUCCESS,SUCCESS,45.33,26.61,46.0,34.0,40,0,40,0,,False,False,,,EvoSuite/Result_Round2/Compress_28/budget120_seed1,EvoSuite/Result_Round2/Compress_28/budget120_seed1/run.log
Compress,29,SBST,EvoSuite,1.2.0,org.apache.commons.compress.archivers.ArchiveStreamFactory;org.apache.commons.compress.archivers.cpio.CpioArchiveInputStream;org.apache.commons.compress.archivers.cpio.CpioArchiveOutputStream;org.apache.commons.compress.archivers.dump.DumpArchiveInputStream;org.apache.commons.compress.archivers.tar.TarArchiveInputStream;org.apache.commons.compress.archivers.tar.TarArchiveOutputStream;org.apache.commons.compress.archivers.zip.ZipArchiveInputStream,,1,60,LINE:BRANCH:EXCEPTION,default,offline,True,,217,598.2,1.1,4.2,622.2,SUCCESS,RUNTIME_FAIL,47.21,36.56,51.6,46.0,217,1,217,1,test07(org.apache.commons.compress.archivers.ArchiveStreamFactory_ESTest),False,False,,,EvoSuite/Result_Round1/Compress_29/budget60_seed1,EvoSuite/Result_Round1/Compress_29/budget60_seed1/run.log
Compress,29,SBST,EvoSuite,1.2.0,org.apache.commons.compress.archivers.ArchiveStreamFactory;org.apache.commons.compress.archivers.cpio.CpioArchiveInputStream;org.apache.commons.compress.archivers.cpio.CpioArchiveOutputStream;org.apache.commons.compress.archivers.dump.DumpArchiveInputStream;org.apache.commons.compress.archivers.tar.TarArchiveInputStream;org.apache.commons.compress.archivers.tar.TarArchiveOutputStream;org.apache.commons.compress.archivers.zip.ZipArchiveInputStream,,1,120,LINE:BRANCH:EXCEPTION,default,offline,True,,235,974.1,0.9,4.4,984.3,SUCCESS,RUNTIME_FAIL,48.42,38.41,52.7,47.9,235,1,235,2,test14(org.apache.commons.compress.archivers.ArchiveStreamFactory_ESTest);test33(org.apache.commons.compress.archivers.tar.TarArchiveOutputStream_ESTest),False,False,,,EvoSuite/Result_Round2/Compress_29/budget120_seed1,EvoSuite/Result_Round2/Compress_29/budget120_seed1/run.log
Compress,30,SBST,EvoSuite,1.2.0,org.apache.commons.compress.compressors.bzip2.BZip2CompressorInputStream,,1,60,LINE:BRANCH:EXCEPTION,default,offline,True,,9,70.9,0.6,1.1,90.6,SUCCESS,SUCCESS,4.03,4.56,4.0,5.0,9,0,9,0,,False,False,,,EvoSuite/Result_Round1/Compress_30/budget60_seed1,EvoSuite/Result_Round1/Compress_30/budget60_seed1/run.log
Compress,30,SBST,EvoSuite,1.2.0,org.apache.commons.compress.compressors.bzip2.BZip2CompressorInputStream,,1,120,LINE:BRANCH:EXCEPTION,default,offline,True,,13,131.8,0.6,1.1,138.3,SUCCESS,SUCCESS,4.46,5.32,4.0,6.0,13,0,13,0,,False,False,,,EvoSuite/Result_Round2/Compress_30/budget120_seed1,EvoSuite/Result_Round2/Compress_30/budget120_seed1/run.log
Compress,31,SBST,EvoSuite,1.2.0,org.apache.commons.compress.archivers.tar.TarUtils,,1,60,LINE:BRANCH:EXCEPTION,default,offline,True,,52,74.0,0.6,1.2,94.3,SUCCESS,SUCCESS,82.91,79.63,85.0,81.0,52,0,52,0,,False,False,,,EvoSuite/Result_Round1/Compress_31/budget60_seed1,EvoSuite/Result_Round1/Compress_31/budget60_seed1/run.log
Compress,31,SBST,EvoSuite,1.2.0,org.apache.commons.compress.archivers.tar.TarUtils,,1,120,LINE:BRANCH:EXCEPTION,default,offline,True,,55,134.8,0.6,1.2,141.6,SUCCESS,SUCCESS,87.34,86.11,88.0,87.0,55,0,55,0,,False,False,,,EvoSuite/Result_Round2/Compress_31/budget120_seed1,EvoSuite/Result_Round2/Compress_31/budget120_seed1/run.log
Compress,32,SBST,EvoSuite,1.2.0,org.apache.commons.compress.archivers.tar.TarArchiveInputStream,,1,60,LINE:BRANCH:EXCEPTION,default,offline,True,,42,74.6,0.6,1.7,95.7,SUCCESS,SUCCESS,43.38,26.98,45.0,35.0,42,0,42,0,,False,False,,,EvoSuite/Result_Round1/Compress_32/budget60_seed1,EvoSuite/Result_Round1/Compress_32/budget60_seed1/run.log
Compress,32,SBST,EvoSuite,1.2.0,org.apache.commons.compress.archivers.tar.TarArchiveInputStream,,1,120,LINE:BRANCH:EXCEPTION,default,offline,True,,42,134.5,0.6,1.7,141.5,SUCCESS,SUCCESS,48.86,30.16,49.0,37.0,42,0,42,0,,False,False,,,EvoSuite/Result_Round2/Compress_32/budget120_seed1,EvoSuite/Result_Round2/Compress_32/budget120_seed1/run.log
Compress,33,SBST,EvoSuite,1.2.0,org.apache.commons.compress.compressors.CompressorStreamFactory;org.apache.commons.compress.compressors.deflate.DeflateCompressorInputStream,,1,60,LINE:BRANCH:EXCEPTION,default,offline,True,,42,178.3,0.6,2.3,199.2,SUCCESS,RUNTIME_FAIL,72.73,66.67,87.5,63.5,42,1,42,5,test05(org.apache.commons.compress.compressors.CompressorStreamFactory_ESTest);test07(org.apache.commons.compress.compressors.deflate.DeflateCompressorInputStream_ESTest);test06(org.apache.commons.compress.compressors.deflate.DeflateCompressorInputStream_ESTest);test11(org.apache.commons.compress.compressors.deflate.DeflateCompressorInputStream_ESTest);test10(org.apache.commons.compress.compressors.deflate.DeflateCompressorInputStream_ESTest),False,False,,,EvoSuite/Result_Round1/Compress_33/budget60_seed1,EvoSuite/Result_Round1/Compress_33/budget60_seed1/run.log
Compress,33,SBST,EvoSuite,1.2.0,org.apache.commons.compress.compressors.CompressorStreamFactory;org.apache.commons.compress.compressors.deflate.DeflateCompressorInputStream,,1,120,LINE:BRANCH:EXCEPTION,default,offline,True,,48,259.3,0.7,2.3,266.9,SUCCESS,RUNTIME_FAIL,75.76,76.92,84.5,76.5,48,1,48,6,test06(org.apache.commons.compress.compressors.CompressorStreamFactory_ESTest);test09(org.apache.commons.compress.compressors.deflate.DeflateCompressorInputStream_ESTest);test08(org.apache.commons.compress.compressors.deflate.DeflateCompressorInputStream_ESTest);test12(org.apache.commons.compress.compressors.deflate.DeflateCompressorInputStream_ESTest);test14(org.apache.commons.compress.compressors.deflate.DeflateCompressorInputStream_ESTest),False,False,,,EvoSuite/Result_Round2/Compress_33/budget120_seed1,EvoSuite/Result_Round2/Compress_33/budget120_seed1/run.log
Compress,34,SBST,EvoSuite,1.2.0,org.apache.commons.compress.archivers.zip.X7875_NewUnix,,1,60,LINE:BRANCH:EXCEPTION,default,offline,True,,19,7.7,0.6,1.1,27.2,SUCCESS,SUCCESS,100.0,100.0,100.0,100.0,19,0,19,1,test13(org.apache.commons.compress.archivers.zip.X7875_NewUnix_ESTest),True,False,,,EvoSuite/Result_Round1/Compress_34/budget60_seed1,EvoSuite/Result_Round1/Compress_34/budget60_seed1/run.log
Compress,34,SBST,EvoSuite,1.2.0,org.apache.commons.compress.archivers.zip.X7875_NewUnix,,1,120,LINE:BRANCH:EXCEPTION,default,offline,True,,19,7.5,0.6,1.1,13.8,SUCCESS,SUCCESS,100.0,100.0,100.0,100.0,19,0,19,1,test13(org.apache.commons.compress.archivers.zip.X7875_NewUnix_ESTest),True,False,,,EvoSuite/Result_Round2/Compress_34/budget120_seed1,EvoSuite/Result_Round2/Compress_34/budget120_seed1/run.log
Compress,35,SBST,EvoSuite,1.2.0,org.apache.commons.compress.archivers.tar.TarUtils,,1,60,LINE:BRANCH:EXCEPTION,default,offline,True,,51,73.4,0.6,1.2,93.1,SUCCESS,SUCCESS,81.17,77.55,83.0,79.0,51,0,51,1,test03(org.apache.commons.compress.archivers.tar.TarUtils_ESTest),True,False,,,EvoSuite/Result_Round1/Compress_35/budget60_seed1,EvoSuite/Result_Round1/Compress_35/budget60_seed1/run.log
Compress,35,SBST,EvoSuite,1.2.0,org.apache.commons.compress.archivers.tar.TarUtils,,1,120,LINE:BRANCH:EXCEPTION,default,offline,True,,53,133.6,0.6,1.2,140.1,SUCCESS,SUCCESS,85.06,85.71,86.0,86.0,53,0,53,1,test02(org.apache.commons.compress.archivers.tar.TarUtils_ESTest),True,False,,,EvoSuite/Result_Round2/Compress_35/budget120_seed1,EvoSuite/Result_Round2/Compress_35/budget120_seed1/run.log
Compress,36,SBST,EvoSuite,1.2.0,org.apache.commons.compress.archivers.sevenz.SevenZFile,,1,60,LINE:BRANCH:EXCEPTION,default,offline,True,,12,67.9,0.6,1.3,88.0,SUCCESS,SUCCESS,3.77,2.3,4.0,2.0,12,0,12,1,test10(org.apache.commons.compress.archivers.sevenz.SevenZFile_ESTest),True,False,,,EvoSuite/Result_Round1/Compress_36/budget60_seed1,EvoSuite/Result_Round1/Compress_36/budget60_seed1/run.log
Compress,36,SBST,EvoSuite,1.2.0,org.apache.commons.compress.archivers.sevenz.SevenZFile,,1,120,LINE:BRANCH:EXCEPTION,default,offline,True,,12,128.0,0.6,1.3,134.6,SUCCESS,SUCCESS,3.77,2.3,4.0,2.0,12,0,12,1,test11(org.apache.commons.compress.archivers.sevenz.SevenZFile_ESTest),True,False,,,EvoSuite/Result_Round2/Compress_36/budget120_seed1,EvoSuite/Result_Round2/Compress_36/budget120_seed1/run.log
Compress,37,SBST,EvoSuite,1.2.0,org.apache.commons.compress.archivers.tar.TarArchiveInputStream,,1,60,LINE:BRANCH:EXCEPTION,default,offline,True,,43,75.2,0.7,1.8,95.1,SUCCESS,SUCCESS,45.38,29.87,46.0,35.0,43,0,43,0,,False,False,,,EvoSuite/Result_Round1/Compress_37/budget60_seed1,EvoSuite/Result_Round1/Compress_37/budget60_seed1/run.log
Compress,37,SBST,EvoSuite,1.2.0,org.apache.commons.compress.archivers.tar.TarArchiveInputStream,,1,120,LINE:BRANCH:EXCEPTION,default,offline,True,,52,135.8,0.7,1.7,143.0,SUCCESS,SUCCESS,47.48,35.06,48.0,40.0,52,0,52,0,,False,False,,,EvoSuite/Result_Round2/Compress_37/budget120_seed1,EvoSuite/Result_Round2/Compress_37/budget120_seed1/run.log
Compress,38,SBST,EvoSuite,1.2.0,org.apache.commons.compress.archivers.tar.TarArchiveEntry,,1,60,LINE:BRANCH:EXCEPTION,default,offline,True,,85,84.2,0.8,1.9,104.7,SUCCESS,SUCCESS,55.92,51.02,61.0,61.0,85,0,85,1,test51(org.apache.commons.compress.archivers.tar.TarArchiveEntry_ESTest),True,False,,,EvoSuite/Result_Round1/Compress_38/budget60_seed1,EvoSuite/Result_Round1/Compress_38/budget60_seed1/run.log
Compress,38,SBST,EvoSuite,1.2.0,org.apache.commons.compress.archivers.tar.TarArchiveEntry,,1,120,LINE:BRANCH:EXCEPTION,default,offline,True,,83,143.8,0.8,1.9,151.3,SUCCESS,SUCCESS,55.92,51.7,60.0,61.0,83,0,83,0,,False,False,,,EvoSuite/Result_Round2/Compress_38/budget120_seed1,EvoSuite/Result_Round2/Compress_38/budget120_seed1/run.log
Compress,39,SBST,EvoSuite,1.2.0,org.apache.commons.compress.utils.ArchiveUtils,,1,60,LINE:BRANCH:EXCEPTION,default,offline,True,,32,71.0,0.6,1.6,91.2,SUCCESS,SUCCESS,76.56,88.1,82.0,90.0,32,0,32,0,,False,False,,,EvoSuite/Result_Round1/Compress_39/budget60_seed1,EvoSuite/Result_Round1/Compress_39/budget60_seed1/run.log
Compress,39,SBST,EvoSuite,1.2.0,org.apache.commons.compress.utils.ArchiveUtils,,1,120,LINE:BRANCH:EXCEPTION,default,offline,True,,32,131.1,0.6,1.6,138.1,SUCCESS,SUCCESS,76.56,88.1,82.0,90.0,32,0,32,0,,False,False,,,EvoSuite/Result_Round2/Compress_39/budget120_seed1,EvoSuite/Result_Round2/Compress_39/budget120_seed1/run.log
Compress,40,SBST,EvoSuite,1.2.0,org.apache.commons.compress.utils.BitInputStream,,1,60,LINE:BRANCH:EXCEPTION,default,offline,True,,12,66.8,0.6,1.0,86.6,SUCCESS,SUCCESS,67.27,70.83,65.0,72.0,12,0,12,0,,False,False,,,EvoSuite/Result_Round1/Compress_40/budget60_seed1,EvoSuite/Result_Round1/Compress_40/budget60_seed1/run.log
Compress,40,SBST,EvoSuite,1.2.0,org.apache.commons.compress.utils.BitInputStream,,1,120,LINE:BRANCH:EXCEPTION,default,offline,True,,11,129.1,0.6,1.0,135.4,SUCCESS,SUCCESS,67.27,70.83,65.0,72.0,11,0,11,0,,False,False,,,EvoSuite/Result_Round2/Compress_40/budget120_seed1,EvoSuite/Result_Round2/Compress_40/budget120_seed1/run.log
Compress,41,SBST,EvoSuite,1.2.0,org.apache.commons.compress.archivers.zip.ZipArchiveInputStream,,1,60,LINE:BRANCH:EXCEPTION,default,offline,True,,20,71.1,0.6,2.3,92.6,SUCCESS,SUCCESS,19.58,11.98,18.0,13.0,20,0,20,0,,False,False,,,EvoSuite/Result_Round1/Compress_41/budget60_seed1,EvoSuite/Result_Round1/Compress_41/budget60_seed1/run.log
Compress,41,SBST,EvoSuite,1.2.0,org.apache.commons.compress.archivers.zip.ZipArchiveInputStream,,1,120,LINE:BRANCH:EXCEPTION,default,offline,True,,24,132.0,0.7,2.4,139.8,SUCCESS,SUCCESS,19.58,11.98,18.0,13.0,24,0,24,0,,False,False,,,EvoSuite/Result_Round2/Compress_41/budget120_seed1,EvoSuite/Result_Round2/Compress_41/budget120_seed1/run.log
Compress,42,SBST,EvoSuite,1.2.0,org.apache.commons.compress.archivers.zip.UnixStat;org.apache.commons.compress.archivers.zip.ZipArchiveEntry,,1,60,LINE:BRANCH:EXCEPTION,default,offline,True,,70,83.8,0.7,1.6,104.6,SUCCESS,SUCCESS,98.36,95.45,99.0,98.0,71,0,71,1,test53(org.apache.commons.compress.archivers.zip.ZipArchiveEntry_ESTest),True,False,,,EvoSuite/Result_Round1/Compress_42/budget60_seed1,EvoSuite/Result_Round1/Compress_42/budget60_seed1/run.log
Compress,42,SBST,EvoSuite,1.2.0,org.apache.commons.compress.archivers.zip.UnixStat;org.apache.commons.compress.archivers.zip.ZipArchiveEntry,,1,120,LINE:BRANCH:EXCEPTION,default,offline,True,,74,146.9,0.7,1.6,154.0,SUCCESS,SUCCESS,96.72,96.97,98.0,99.0,75,0,75,0,,False,False,,,EvoSuite/Result_Round2/Compress_42/budget120_seed1,EvoSuite/Result_Round2/Compress_42/budget120_seed1/run.log
Compress,43,SBST,EvoSuite,1.2.0,org.apache.commons.compress.archivers.zip.ZipArchiveOutputStream,,1,60,LINE:BRANCH:EXCEPTION,default,offline,True,,4,66.8,0.6,1.4,88.0,SUCCESS,RUNTIME_FAIL,6.82,0.0,12.0,1.0,4,1,4,1,test1(org.apache.commons.compress.archivers.zip.ZipArchiveOutputStream_ESTest),False,False,,,EvoSuite/Result_Round1/Compress_43/budget60_seed1,EvoSuite/Result_Round1/Compress_43/budget60_seed1/run.log
Compress,43,SBST,EvoSuite,1.2.0,org.apache.commons.compress.archivers.zip.ZipArchiveOutputStream,,1,120,LINE:BRANCH:EXCEPTION,default,offline,True,,4,126.5,0.6,1.4,133.3,SUCCESS,RUNTIME_FAIL,6.82,0.0,12.0,1.0,4,1,4,1,test1(org.apache.commons.compress.archivers.zip.ZipArchiveOutputStream_ESTest),False,False,,,EvoSuite/Result_Round2/Compress_43/budget120_seed1,EvoSuite/Result_Round2/Compress_43/budget120_seed1/run.log
Compress,44,SBST,EvoSuite,1.2.0,org.apache.commons.compress.utils.ChecksumCalculatingInputStream,,1,60,LINE:BRANCH:EXCEPTION,default,offline,True,,12,32.2,0.6,1.5,53.5,SUCCESS,SUCCESS,100.0,100.0,100.0,100.0,12,0,12,2,test09(org.apache.commons.compress.utils.ChecksumCalculatingInputStream_ESTest);test08(org.apache.commons.compress.utils.ChecksumCalculatingInputStream_ESTest),True,False,,,EvoSuite/Result_Round1/Compress_44/budget60_seed1,EvoSuite/Result_Round1/Compress_44/budget60_seed1/run.log
Compress,44,SBST,EvoSuite,1.2.0,org.apache.commons.compress.utils.ChecksumCalculatingInputStream,,1,120,LINE:BRANCH:EXCEPTION,default,offline,True,,12,32.1,0.6,1.5,39.1,SUCCESS,SUCCESS,100.0,100.0,100.0,100.0,12,0,12,2,test09(org.apache.commons.compress.utils.ChecksumCalculatingInputStream_ESTest);test08(org.apache.commons.compress.utils.ChecksumCalculatingInputStream_ESTest),True,False,,,EvoSuite/Result_Round2/Compress_44/budget120_seed1,EvoSuite/Result_Round2/Compress_44/budget120_seed1/run.log
Compress,45,SBST,EvoSuite,1.2.0,org.apache.commons.compress.archivers.tar.TarUtils,,1,60,LINE:BRANCH:EXCEPTION,default,offline,True,,51,74.4,0.7,1.3,99.2,SUCCESS,SUCCESS,76.77,71.57,77.0,72.0,51,0,51,2,test35(org.apache.commons.compress.archivers.tar.TarUtils_ESTest);test36(org.apache.commons.compress.archivers.tar.TarUtils_ESTest),True,False,,,EvoSuite/Result_Round1/Compress_45/budget60_seed1,EvoSuite/Result_Round1/Compress_45/budget60_seed1/run.log
Compress,45,SBST,EvoSuite,1.2.0,org.apache.commons.compress.archivers.tar.TarUtils,,1,120,LINE:BRANCH:EXCEPTION,default,offline,True,,53,134.1,0.6,1.2,140.9,SUCCESS,SUCCESS,81.29,79.41,80.0,78.0,53,0,53,4,test04(org.apache.commons.compress.archivers.tar.TarUtils_ESTest);test39(org.apache.commons.compress.archivers.tar.TarUtils_ESTest);test37(org.apache.commons.compress.archivers.tar.TarUtils_ESTest);test31(org.apache.commons.compress.archivers.tar.TarUtils_ESTest),True,False,,,EvoSuite/Result_Round2/Compress_45/budget120_seed1,EvoSuite/Result_Round2/Compress_45/budget120_seed1/run.log
Compress,46,SBST,EvoSuite,1.2.0,org.apache.commons.compress.archivers.zip.X5455_ExtendedTimestamp,,1,60,LINE:BRANCH:EXCEPTION,default,offline,True,,45,38.6,0.6,1.3,59.3,SUCCESS,SUCCESS,100.0,100.0,100.0,100.0,45,0,45,3,test25(org.apache.commons.compress.archivers.zip.X5455_ExtendedTimestamp_ESTest);test02(org.apache.commons.compress.archivers.zip.X5455_ExtendedTimestamp_ESTest);test24(org.apache.commons.compress.archivers.zip.X5455_ExtendedTimestamp_ESTest),True,False,,,EvoSuite/Result_Round1/Compress_46/budget60_seed1,EvoSuite/Result_Round1/Compress_46/budget60_seed1/run.log
Compress,46,SBST,EvoSuite,1.2.0,org.apache.commons.compress.archivers.zip.X5455_ExtendedTimestamp,,1,120,LINE:BRANCH:EXCEPTION,default,offline,True,,45,38.6,0.6,1.3,45.3,SUCCESS,SUCCESS,100.0,100.0,100.0,100.0,45,0,45,3,test25(org.apache.commons.compress.archivers.zip.X5455_ExtendedTimestamp_ESTest);test02(org.apache.commons.compress.archivers.zip.X5455_ExtendedTimestamp_ESTest);test24(org.apache.commons.compress.archivers.zip.X5455_ExtendedTimestamp_ESTest),True,False,,,EvoSuite/Result_Round2/Compress_46/budget120_seed1,EvoSuite/Result_Round2/Compress_46/budget120_seed1/run.log
Compress,47,SBST,EvoSuite,1.2.0,org.apache.commons.compress.archivers.zip.ZipArchiveInputStream,,1,60,LINE:BRANCH:EXCEPTION,default,offline,True,,19,75.2,0.6,1.8,97.2,SUCCESS,SUCCESS,18.61,10.7,17.0,11.0,19,0,19,0,,False,False,,,EvoSuite/Result_Round1/Compress_47/budget60_seed1,EvoSuite/Result_Round1/Compress_47/budget60_seed1/run.log
Compress,47,SBST,EvoSuite,1.2.0,org.apache.commons.compress.archivers.zip.ZipArchiveInputStream,,1,120,LINE:BRANCH:EXCEPTION,default,offline,True,,20,134.2,0.6,2.0,141.7,SUCCESS,SUCCESS,18.61,10.7,17.0,11.0,20,0,20,0,,False,False,,,EvoSuite/Result_Round2/Compress_47/budget120_seed1,EvoSuite/Result_Round2/Compress_47/budget120_seed1/run.log
Csv,2,SBST,EvoSuite,1.2.0,org.apache.commons.csv.CSVRecord,,1,120,LINE:BRANCH:EXCEPTION,default,offline,True,,18,10.3,0.7,1.0,16.4,SUCCESS,SUCCESS,96.0,93.75,100.0,100.0,18,0,18,1,test01(org.apache.commons.csv.CSVRecord_ESTest),True,False,,,EvoSuite/Result_Round2/Csv_2/budget120_seed1,EvoSuite/Result_Round2/Csv_2/budget120_seed1/run.log
Csv,3,SBST,EvoSuite,1.2.0,org.apache.commons.csv.Lexer,,1,60,LINE:BRANCH:EXCEPTION,default,offline,True,,23,70.4,0.7,1.3,81.1,SUCCESS,SUCCESS,92.5,90.38,95.0,87.0,23,0,23,2,test17(org.apache.commons.csv.Lexer_ESTest);test19(org.apache.commons.csv.Lexer_ESTest),True,False,,,EvoSuite/Result_Round1/Csv_3/budget60_seed1,EvoSuite/Result_Round1/Csv_3/budget60_seed1/run.log
Csv,3,SBST,EvoSuite,1.2.0,org.apache.commons.csv.Lexer,,1,120,LINE:BRANCH:EXCEPTION,default,offline,True,,22,129.7,0.7,1.3,135.9,SUCCESS,SUCCESS,95.0,92.31,98.0,90.0,22,0,22,3,test18(org.apache.commons.csv.Lexer_ESTest);test14(org.apache.commons.csv.Lexer_ESTest);test16(org.apache.commons.csv.Lexer_ESTest),True,False,,,EvoSuite/Result_Round2/Csv_3/budget120_seed1,EvoSuite/Result_Round2/Csv_3/budget120_seed1/run.log
Csv,4,SBST,EvoSuite,1.2.0,org.apache.commons.csv.CSVParser,,1,60,LINE:BRANCH:EXCEPTION,default,offline,True,,25,69.8,0.7,1.8,82.8,SUCCESS,SUCCESS,92.5,80.0,88.0,79.0,25,0,25,2,test13(org.apache.commons.csv.CSVParser_ESTest);test18(org.apache.commons.csv.CSVParser_ESTest),True,False,,,EvoSuite/Result_Round1/Csv_4/budget60_seed1,EvoSuite/Result_Round1/Csv_4/budget60_seed1/run.log
Csv,4,SBST,EvoSuite,1.2.0,org.apache.commons.csv.CSVParser,,1,120,LINE:BRANCH:EXCEPTION,default,offline,True,,28,135.0,0.7,1.8,141.8,SUCCESS,SUCCESS,95.0,82.5,92.0,81.0,28,0,28,2,test20(org.apache.commons.csv.CSVParser_ESTest);test07(org.apache.commons.csv.CSVParser_ESTest),True,False,,,EvoSuite/Result_Round2/Csv_4/budget120_seed1,EvoSuite/Result_Round2/Csv_4/budget120_seed1/run.log
Csv,5,SBST,EvoSuite,1.2.0,org.apache.commons.csv.CSVPrinter,,1,60,LINE:BRANCH:EXCEPTION,default,offline,True,,24,77.7,0.7,2.4,91.7,SUCCESS,SUCCESS,86.08,70.34,86.0,71.0,24,0,24,1,test10(org.apache.commons.csv.CSVPrinter_ESTest),True,False,,,EvoSuite/Result_Round1/Csv_5/budget60_seed1,EvoSuite/Result_Round1/Csv_5/budget60_seed1/run.log
Csv,5,SBST,EvoSuite,1.2.0,org.apache.commons.csv.CSVPrinter,,1,120,LINE:BRANCH:EXCEPTION,default,offline,True,,30,143.6,0.8,3.6,152.2,SUCCESS,SUCCESS,89.87,80.51,90.0,81.0,30,0,30,1,test19(org.apache.commons.csv.CSVPrinter_ESTest),True,False,,,EvoSuite/Result_Round2/Csv_5/budget120_seed1,EvoSuite/Result_Round2/Csv_5/budget120_seed1/run.log
Csv,6,SBST,EvoSuite,1.2.0,org.apache.commons.csv.CSVRecord,,1,60,LINE:BRANCH:EXCEPTION,default,offline,True,,24,68.4,0.7,1.1,81.0,SUCCESS,SUCCESS,88.89,100.0,97.0,97.0,23,0,23,1,test06(org.apache.commons.csv.CSVRecord_ESTest),True,False,,,EvoSuite/Result_Round1/Csv_6/budget60_seed1,EvoSuite/Result_Round1/Csv_6/budget60_seed1/run.log
Csv,6,SBST,EvoSuite,1.2.0,org.apache.commons.csv.CSVRecord,,1,120,LINE:BRANCH:EXCEPTION,default,offline,True,,27,128.9,0.7,1.1,135.0,SUCCESS,SUCCESS,88.89,100.0,97.0,97.0,23,0,23,1,test06(org.apache.commons.csv.CSVRecord_ESTest),True,False,,,EvoSuite/Result_Round2/Csv_6/budget120_seed1,EvoSuite/Result_Round2/Csv_6/budget120_seed1/run.log
Csv,7,SBST,EvoSuite,1.2.0,org.apache.commons.csv.CSVParser,,1,60,LINE:BRANCH:EXCEPTION,default,offline,True,,23,70.2,0.7,1.8,83.3,SUCCESS,SUCCESS,85.54,80.0,84.0,80.0,23,0,23,0,,False,False,,,EvoSuite/Result_Round1/Csv_7/budget60_seed1,EvoSuite/Result_Round1/Csv_7/budget60_seed1/run.log
Csv,7,SBST,EvoSuite,1.2.0,org.apache.commons.csv.CSVParser,,1,120,LINE:BRANCH:EXCEPTION,default,offline,True,,26,129.4,0.7,1.8,136.1,SUCCESS,SUCCESS,84.34,80.0,86.0,80.0,26,0,26,0,,False,False,,,EvoSuite/Result_Round2/Csv_7/budget120_seed1,EvoSuite/Result_Round2/Csv_7/budget120_seed1/run.log
Csv,8,SBST,EvoSuite,1.2.0,org.apache.commons.csv.CSVFormat,,1,60,LINE:BRANCH:EXCEPTION,default,offline,True,,55,75.4,0.7,1.4,88.3,SUCCESS,SUCCESS,98.31,100.0,99.0,100.0,55,0,55,1,test46(org.apache.commons.csv.CSVFormat_ESTest),True,False,,,EvoSuite/Result_Round1/Csv_8/budget60_seed1,EvoSuite/Result_Round1/Csv_8/budget60_seed1/run.log
Csv,8,SBST,EvoSuite,1.2.0,org.apache.commons.csv.CSVFormat,,1,120,LINE:BRANCH:EXCEPTION,default,offline,True,,53,134.8,0.7,1.3,141.1,SUCCESS,SUCCESS,98.31,100.0,99.0,100.0,53,0,53,1,test45(org.apache.commons.csv.CSVFormat_ESTest),True,False,,,EvoSuite/Result_Round2/Csv_8/budget120_seed1,EvoSuite/Result_Round2/Csv_8/budget120_seed1/run.log
Csv,9,SBST,EvoSuite,1.2.0,org.apache.commons.csv.CSVRecord,,1,60,LINE:BRANCH:EXCEPTION,default,offline,True,,27,68.8,0.7,1.1,81.4,SUCCESS,SUCCESS,84.21,91.67,97.0,97.0,23,0,23,1,test06(org.apache.commons.csv.CSVRecord_ESTest),True,False,,,EvoSuite/Result_Round1/Csv_9/budget60_seed1,EvoSuite/Result_Round1/Csv_9/budget60_seed1/run.log
Csv,9,SBST,EvoSuite,1.2.0,org.apache.commons.csv.CSVRecord,,1,120,LINE:BRANCH:EXCEPTION,default,offline,True,,28,128.9,0.7,1.1,134.9,SUCCESS,SUCCESS,84.21,91.67,97.0,97.0,23,0,23,1,test06(org.apache.commons.csv.CSVRecord_ESTest),True,False,,,EvoSuite/Result_Round2/Csv_9/budget120_seed1,EvoSuite/Result_Round2/Csv_9/budget120_seed1/run.log
Csv,10,SBST,EvoSuite,1.2.0,org.apache.commons.csv.CSVPrinter,,1,60,LINE:BRANCH:EXCEPTION,default,offline,True,,35,89.6,0.8,3.5,104.7,SUCCESS,SUCCESS,86.96,75.83,87.0,77.0,35,0,35,1,test15(org.apache.commons.csv.CSVPrinter_ESTest),True,False,,,EvoSuite/Result_Round1/Csv_10/budget60_seed1,EvoSuite/Result_Round1/Csv_10/budget60_seed1/run.log
Csv,10,SBST,EvoSuite,1.2.0,org.apache.commons.csv.CSVPrinter,,1,120,LINE:BRANCH:EXCEPTION,default,offline,True,,34,211.8,0.8,3.1,220.0,SUCCESS,SUCCESS,87.58,75.83,88.0,77.0,34,0,34,1,test18(org.apache.commons.csv.CSVPrinter_ESTest),True,False,,,EvoSuite/Result_Round2/Csv_10/budget120_seed1,EvoSuite/Result_Round2/Csv_10/budget120_seed1/run.log
Csv,11,SBST,EvoSuite,1.2.0,org.apache.commons.csv.CSVParser,,1,60,LINE:BRANCH:EXCEPTION,default,offline,True,,19,94.3,0.7,1.8,107.7,SUCCESS,SUCCESS,75.58,52.0,76.0,61.0,19,0,19,1,test11(org.apache.commons.csv.CSVParser_ESTest),True,False,,,EvoSuite/Result_Round1/Csv_11/budget60_seed1,EvoSuite/Result_Round1/Csv_11/budget60_seed1/run.log
Csv,11,SBST,EvoSuite,1.2.0,org.apache.commons.csv.CSVParser,,1,120,LINE:BRANCH:EXCEPTION,default,offline,True,,27,130.5,0.7,1.8,137.3,SUCCESS,SUCCESS,87.21,72.0,86.0,75.0,27,0,27,2,test13(org.apache.commons.csv.CSVParser_ESTest);test17(org.apache.commons.csv.CSVParser_ESTest),True,False,,,EvoSuite/Result_Round2/Csv_11/budget120_seed1,EvoSuite/Result_Round2/Csv_11/budget120_seed1/run.log
Csv,12,SBST,EvoSuite,1.2.0,org.apache.commons.csv.CSVFormat,,1,60,LINE:BRANCH:EXCEPTION,default,offline,True,,51,76.7,0.7,1.4,90.0,SUCCESS,SUCCESS,95.65,94.29,96.0,95.0,51,0,51,3,test28(org.apache.commons.csv.CSVFormat_ESTest);test29(org.apache.commons.csv.CSVFormat_ESTest);test26(org.apache.commons.csv.CSVFormat_ESTest),True,False,,,EvoSuite/Result_Round1/Csv_12/budget60_seed1,EvoSuite/Result_Round1/Csv_12/budget60_seed1/run.log
Csv,12,SBST,EvoSuite,1.2.0,org.apache.commons.csv.CSVFormat,,1,120,LINE:BRANCH:EXCEPTION,default,offline,True,,57,137.1,0.7,1.4,143.5,SUCCESS,SUCCESS,98.37,100.0,99.0,100.0,57,0,57,4,test18(org.apache.commons.csv.CSVFormat_ESTest);test14(org.apache.commons.csv.CSVFormat_ESTest);test53(org.apache.commons.csv.CSVFormat_ESTest);test43(org.apache.commons.csv.CSVFormat_ESTest),True,False,,,EvoSuite/Result_Round2/Csv_12/budget120_seed1,EvoSuite/Result_Round2/Csv_12/budget120_seed1/run.log
Csv,13,SBST,EvoSuite,1.2.0,org.apache.commons.csv.CSVFormat;org.apache.commons.csv.CSVPrinter,,1,60,LINE:BRANCH:EXCEPTION,default,offline,True,,86,164.8,0.8,3.5,180.5,SUCCESS,SUCCESS,92.02,86.64,91.5,86.0,86,0,86,4,test14(org.apache.commons.csv.CSVFormat_ESTest);test54(org.apache.commons.csv.CSVFormat_ESTest);test28(org.apache.commons.csv.CSVFormat_ESTest);test16(org.apache.commons.csv.CSVPrinter_ESTest),True,False,,,EvoSuite/Result_Round1/Csv_13/budget60_seed1,EvoSuite/Result_Round1/Csv_13/budget60_seed1/run.log
Csv,13,SBST,EvoSuite,1.2.0,org.apache.commons.csv.CSVFormat;org.apache.commons.csv.CSVPrinter,,1,120,LINE:BRANCH:EXCEPTION,default,offline,True,,85,459.4,0.9,16.0,480.6,SUCCESS,SUCCESS,88.03,82.53,87.0,82.0,82,0,82,7,test15(org.apache.commons.csv.CSVFormat_ESTest);test54(org.apache.commons.csv.CSVFormat_ESTest);test45(org.apache.commons.csv.CSVFormat_ESTest);test36(org.apache.commons.csv.CSVFormat_ESTest);test37(org.apache.commons.csv.CSVFormat_ESTest),True,False,,,EvoSuite/Result_Round2/Csv_13/budget120_seed1,EvoSuite/Result_Round2/Csv_13/budget120_seed1/run.log
Csv,14,SBST,EvoSuite,1.2.0,org.apache.commons.csv.CSVFormat,,1,60,LINE:BRANCH:EXCEPTION,default,offline,True,,88,100.2,0.8,3.0,114.9,SUCCESS,SUCCESS,92.13,87.55,93.0,90.0,88,0,88,0,,False,False,,,EvoSuite/Result_Round1/Csv_14/budget60_seed1,EvoSuite/Result_Round1/Csv_14/budget60_seed1/run.log
Csv,14,SBST,EvoSuite,1.2.0,org.apache.commons.csv.CSVFormat,,1,120,LINE:BRANCH:EXCEPTION,default,offline,True,,97,162.6,0.8,3.2,171.0,SUCCESS,SUCCESS,95.34,95.24,96.0,96.0,97,0,97,0,,False,False,,,EvoSuite/Result_Round2/Csv_14/budget120_seed1,EvoSuite/Result_Round2/Csv_14/budget120_seed1/run.log
Csv,15,SBST,EvoSuite,1.2.0,org.apache.commons.csv.CSVFormat,,1,60,LINE:BRANCH:EXCEPTION,default,offline,True,,79,98.9,0.8,3.0,115.1,SUCCESS,SUCCESS,94.47,90.42,95.0,92.0,79,0,79,0,,False,False,,,EvoSuite/Result_Round1/Csv_15/budget60_seed1,EvoSuite/Result_Round1/Csv_15/budget60_seed1/run.log
Csv,15,SBST,EvoSuite,1.2.0,org.apache.commons.csv.CSVFormat,,1,120,LINE:BRANCH:EXCEPTION,default,offline,True,,87,160.7,0.8,3.1,168.9,SUCCESS,SUCCESS,95.79,95.02,96.0,96.0,87,0,87,1,test17(org.apache.commons.csv.CSVFormat_ESTest),True,False,,,EvoSuite/Result_Round2/Csv_15/budget120_seed1,EvoSuite/Result_Round2/Csv_15/budget120_seed1/run.log
Csv,16,SBST,EvoSuite,1.2.0,org.apache.commons.csv.CSVParser,,1,60,LINE:BRANCH:EXCEPTION,default,offline,True,,41,85.8,0.8,3.9,102.5,SUCCESS,SUCCESS,83.5,69.64,89.0,81.0,41,0,41,7,test14(org.apache.commons.csv.CSVParser_ESTest);test31(org.apache.commons.csv.CSVParser_ESTest);test39(org.apache.commons.csv.CSVParser_ESTest);test40(org.apache.commons.csv.CSVParser_ESTest);test23(org.apache.commons.csv.CSVParser_ESTest),True,False,,,EvoSuite/Result_Round1/Csv_16/budget60_seed1,EvoSuite/Result_Round1/Csv_16/budget60_seed1/run.log
Csv,16,SBST,EvoSuite,1.2.0,org.apache.commons.csv.CSVParser,,1,120,LINE:BRANCH:EXCEPTION,default,offline,True,,45,146.2,0.8,4.0,155.4,SUCCESS,SUCCESS,88.35,78.57,92.0,86.0,45,0,45,11,test32(org.apache.commons.csv.CSVParser_ESTest);test34(org.apache.commons.csv.CSVParser_ESTest);test17(org.apache.commons.csv.CSVParser_ESTest);test25(org.apache.commons.csv.CSVParser_ESTest);test24(org.apache.commons.csv.CSVParser_ESTest),True,False,,,EvoSuite/Result_Round2/Csv_16/budget120_seed1,EvoSuite/Result_Round2/Csv_16/budget120_seed1/run.log
Gson,2,SBST,EvoSuite,1.2.0,com.google.gson.internal.bind.TypeAdapters,,1,120,LINE:BRANCH:EXCEPTION,default,offline,True,,19,131.8,0.6,2.1,139.1,SUCCESS,SUCCESS,96.72,,27.0,26.0,19,0,19,0,,False,False,,,EvoSuite/Result_Round2/Gson_2/budget120_seed1,EvoSuite/Result_Round2/Gson_2/budget120_seed1/run.log
Gson,3,SBST,EvoSuite,1.2.0,com.google.gson.internal.ConstructorConstructor,,1,60,LINE:BRANCH:EXCEPTION,default,offline,True,,0,63.4,0.5,0.3,75.6,SUCCESS,SUCCESS,,,0.0,0.0,1,0,1,0,,False,False,JACOCO_NO_DATA,JaCoCo produced no coverage for target class,EvoSuite/Result_Round1/Gson_3/budget60_seed1,EvoSuite/Result_Round1/Gson_3/budget60_seed1/run.log
Gson,3,SBST,EvoSuite,1.2.0,com.google.gson.internal.ConstructorConstructor,,1,120,LINE:BRANCH:EXCEPTION,default,offline,True,,0,123.5,0.4,0.3,128.4,SUCCESS,SUCCESS,,,0.0,0.0,1,0,1,0,,False,False,JACOCO_NO_DATA,JaCoCo produced no coverage for target class,EvoSuite/Result_Round2/Gson_3/budget120_seed1,EvoSuite/Result_Round2/Gson_3/budget120_seed1/run.log
Gson,4,SBST,EvoSuite,1.2.0,com.google.gson.stream.JsonReader;com.google.gson.stream.JsonWriter,,1,60,LINE:BRANCH:EXCEPTION,default,offline,True,,127,156.8,0.7,1.4,171.0,SUCCESS,SUCCESS,58.44,51.73,70.5,67.0,127,0,127,17,test67(com.google.gson.stream.JsonReader_ESTest);test33(com.google.gson.stream.JsonReader_ESTest);test80(com.google.gson.stream.JsonReader_ESTest);test83(com.google.gson.stream.JsonReader_ESTest);test47(com.google.gson.stream.JsonReader_ESTest),True,False,,,EvoSuite/Result_Round1/Gson_4/budget60_seed1,EvoSuite/Result_Round1/Gson_4/budget60_seed1/run.log
Gson,4,SBST,EvoSuite,1.2.0,com.google.gson.stream.JsonReader;com.google.gson.stream.JsonWriter,,1,120,LINE:BRANCH:EXCEPTION,default,offline,True,,127,276.6,0.7,1.5,283.2,SUCCESS,SUCCESS,62.05,56.28,73.5,69.0,127,0,127,20,test66(com.google.gson.stream.JsonReader_ESTest);test31(com.google.gson.stream.JsonReader_ESTest);test75(com.google.gson.stream.JsonReader_ESTest);test76(com.google.gson.stream.JsonReader_ESTest);test85(com.google.gson.stream.JsonReader_ESTest),True,False,,,EvoSuite/Result_Round2/Gson_4/budget120_seed1,EvoSuite/Result_Round2/Gson_4/budget120_seed1/run.log
Gson,5,SBST,EvoSuite,1.2.0,com.google.gson.internal.bind.util.ISO8601Utils,,1,60,LINE:BRANCH:EXCEPTION,default,offline,True,,17,69.5,0.6,1.1,83.0,SUCCESS,SUCCESS,87.42,72.53,88.0,73.0,17,0,17,0,,False,False,,,EvoSuite/Result_Round1/Gson_5/budget60_seed1,EvoSuite/Result_Round1/Gson_5/budget60_seed1/run.log
Gson,5,SBST,EvoSuite,1.2.0,com.google.gson.internal.bind.util.ISO8601Utils,,1,120,LINE:BRANCH:EXCEPTION,default,offline,True,,17,128.9,0.6,1.1,134.9,SUCCESS,SUCCESS,87.42,72.53,88.0,73.0,17,0,17,0,,False,False,,,EvoSuite/Result_Round2/Gson_5/budget120_seed1,EvoSuite/Result_Round2/Gson_5/budget120_seed1/run.log
Gson,6,SBST,EvoSuite,1.2.0,com.google.gson.internal.bind.JsonAdapterAnnotationTypeAdapterFactory,,1,60,LINE:BRANCH:EXCEPTION,default,offline,True,,4,70.3,0.6,2.3,85.2,SUCCESS,SUCCESS,52.38,50.0,52.0,56.0,4,0,4,0,,False,False,,,EvoSuite/Result_Round1/Gson_6/budget60_seed1,EvoSuite/Result_Round1/Gson_6/budget60_seed1/run.log
Gson,6,SBST,EvoSuite,1.2.0,com.google.gson.internal.bind.JsonAdapterAnnotationTypeAdapterFactory,,1,120,LINE:BRANCH:EXCEPTION,default,offline,True,,4,125.7,0.6,2.7,133.4,SUCCESS,SUCCESS,38.1,37.5,52.0,56.0,3,0,3,0,,False,False,,,EvoSuite/Result_Round2/Gson_6/budget120_seed1,EvoSuite/Result_Round2/Gson_6/budget120_seed1/run.log
Gson,7,SBST,EvoSuite,1.2.0,com.google.gson.stream.JsonReader,,1,60,LINE:BRANCH:EXCEPTION,default,offline,True,,83,87.0,0.6,1.4,102.7,SUCCESS,SUCCESS,47.24,44.11,48.0,48.0,83,0,83,0,,False,False,,,EvoSuite/Result_Round1/Gson_7/budget60_seed1,EvoSuite/Result_Round1/Gson_7/budget60_seed1/run.log
Gson,7,SBST,EvoSuite,1.2.0,com.google.gson.stream.JsonReader,,1,120,LINE:BRANCH:EXCEPTION,default,offline,True,,96,148.4,0.7,1.3,155.0,SUCCESS,SUCCESS,55.59,51.82,57.0,53.0,96,0,96,2,test49(com.google.gson.stream.JsonReader_ESTest);test51(com.google.gson.stream.JsonReader_ESTest),True,False,,,EvoSuite/Result_Round2/Gson_7/budget120_seed1,EvoSuite/Result_Round2/Gson_7/budget120_seed1/run.log
Gson,8,SBST,EvoSuite,1.2.0,com.google.gson.internal.UnsafeAllocator,,1,60,LINE:BRANCH:EXCEPTION,default,offline,True,,3,64.9,0.6,5.9,,SUCCESS,SUCCESS,41.38,75.0,39.0,50.0,3,0,,,,False,False,RUNTIME_FAIL,JUnit did not finish on buggy: .GraphicsEnvironment.headless WARNING: Please consider reporting this to the maintainers of org.evosuite.runtime.GuiSupport WARNING: Use --illegal-access=warn to enable warnings of further illegal reflective access operations WARNING: All illegal access operations will,EvoSuite/Result_Round1/Gson_8/budget60_seed1,EvoSuite/Result_Round1/Gson_8/budget60_seed1/run.log
Gson,8,SBST,EvoSuite,1.2.0,com.google.gson.internal.UnsafeAllocator,,1,120,LINE:BRANCH:EXCEPTION,default,offline,True,,3,124.8,0.6,5.7,,SUCCESS,SUCCESS,41.38,75.0,39.0,50.0,3,0,,,,False,False,RUNTIME_FAIL,JUnit did not finish on buggy: .GraphicsEnvironment.headless WARNING: Please consider reporting this to the maintainers of org.evosuite.runtime.GuiSupport WARNING: Use --illegal-access=warn to enable warnings of further illegal reflective access operations WARNING: All illegal access operations will,EvoSuite/Result_Round2/Gson_8/budget120_seed1,EvoSuite/Result_Round2/Gson_8/budget120_seed1/run.log
Gson,9,SBST,EvoSuite,1.2.0,com.google.gson.internal.bind.JsonTreeWriter;com.google.gson.internal.bind.TypeAdapters;com.google.gson.stream.JsonWriter,,1,60,LINE:BRANCH:EXCEPTION,default,offline,True,,96,217.8,0.8,2.6,233.5,SUCCESS,SUCCESS,95.79,89.58,71.0,67.7,96,0,96,9,test13(com.google.gson.internal.bind.JsonTreeWriter_ESTest);test36(com.google.gson.internal.bind.JsonTreeWriter_ESTest);test23(com.google.gson.internal.bind.JsonTreeWriter_ESTest);test26(com.google.gson.internal.bind.JsonTreeWriter_ESTest);test27(com.google.gson.internal.bind.JsonTreeWriter_ESTest),True,False,,,EvoSuite/Result_Round1/Gson_9/budget60_seed1,EvoSuite/Result_Round1/Gson_9/budget60_seed1/run.log
Gson,9,SBST,EvoSuite,1.2.0,com.google.gson.internal.bind.JsonTreeWriter;com.google.gson.internal.bind.TypeAdapters;com.google.gson.stream.JsonWriter,,1,120,LINE:BRANCH:EXCEPTION,default,offline,True,,96,396.4,0.8,3.1,404.8,SUCCESS,SUCCESS,95.79,89.58,70.7,67.7,96,0,96,8,test13(com.google.gson.internal.bind.JsonTreeWriter_ESTest);test36(com.google.gson.internal.bind.JsonTreeWriter_ESTest);test23(com.google.gson.internal.bind.JsonTreeWriter_ESTest);test26(com.google.gson.internal.bind.JsonTreeWriter_ESTest);test27(com.google.gson.internal.bind.JsonTreeWriter_ESTest),True,False,,,EvoSuite/Result_Round2/Gson_9/budget120_seed1,EvoSuite/Result_Round2/Gson_9/budget120_seed1/run.log
Gson,10,SBST,EvoSuite,1.2.0,com.google.gson.internal.bind.ReflectiveTypeAdapterFactory,,1,60,LINE:BRANCH:EXCEPTION,default,offline,True,,8,69.0,0.6,2.2,84.6,SUCCESS,SUCCESS,80.65,61.11,60.0,49.0,8,0,8,0,,False,False,,,EvoSuite/Result_Round1/Gson_10/budget60_seed1,EvoSuite/Result_Round1/Gson_10/budget60_seed1/run.log
Gson,10,SBST,EvoSuite,1.2.0,com.google.gson.internal.bind.ReflectiveTypeAdapterFactory,,1,120,LINE:BRANCH:EXCEPTION,default,offline,True,,9,127.7,0.6,2.0,135.0,SUCCESS,SUCCESS,19.35,5.56,27.0,17.0,9,0,9,0,,False,False,,,EvoSuite/Result_Round2/Gson_10/budget120_seed1,EvoSuite/Result_Round2/Gson_10/budget120_seed1/run.log
Gson,11,SBST,EvoSuite,1.2.0,com.google.gson.internal.bind.TypeAdapters,,1,60,LINE:BRANCH:EXCEPTION,default,offline,True,,19,75.3,0.8,2.8,91.9,SUCCESS,SUCCESS,97.37,,23.0,26.0,19,0,19,0,,False,False,,,EvoSuite/Result_Round1/Gson_11/budget60_seed1,EvoSuite/Result_Round1/Gson_11/budget60_seed1/run.log
Gson,11,SBST,EvoSuite,1.2.0,com.google.gson.internal.bind.TypeAdapters,,1,120,LINE:BRANCH:EXCEPTION,default,offline,True,,16,137.3,0.7,2.6,145.2,SUCCESS,SUCCESS,97.37,,25.0,28.0,16,0,16,0,,False,False,,,EvoSuite/Result_Round2/Gson_11/budget120_seed1,EvoSuite/Result_Round2/Gson_11/budget120_seed1/run.log
Gson,12,SBST,EvoSuite,1.2.0,com.google.gson.internal.bind.JsonTreeReader,,1,60,LINE:BRANCH:EXCEPTION,default,offline,True,,54,75.3,0.8,1.8,90.7,SUCCESS,SUCCESS,86.23,87.78,86.0,86.0,54,0,54,1,test47(com.google.gson.internal.bind.JsonTreeReader_ESTest),True,False,,,EvoSuite/Result_Round1/Gson_12/budget60_seed1,EvoSuite/Result_Round1/Gson_12/budget60_seed1/run.log
Gson,12,SBST,EvoSuite,1.2.0,com.google.gson.internal.bind.JsonTreeReader,,1,120,LINE:BRANCH:EXCEPTION,default,offline,True,,69,136.8,0.7,1.9,144.3,SUCCESS,SUCCESS,89.82,88.89,89.0,87.0,69,0,69,1,test46(com.google.gson.internal.bind.JsonTreeReader_ESTest),True,False,,,EvoSuite/Result_Round2/Gson_12/budget120_seed1,EvoSuite/Result_Round2/Gson_12/budget120_seed1/run.log
Gson,13,SBST,EvoSuite,1.2.0,com.google.gson.stream.JsonReader,,1,60,LINE:BRANCH:EXCEPTION,default,offline,True,,74,81.9,0.7,1.3,97.1,SUCCESS,SUCCESS,41.44,38.08,42.0,39.0,74,0,74,0,,False,False,,,EvoSuite/Result_Round1/Gson_13/budget60_seed1,EvoSuite/Result_Round1/Gson_13/budget60_seed1/run.log
Gson,13,SBST,EvoSuite,1.2.0,com.google.gson.stream.JsonReader,,1,120,LINE:BRANCH:EXCEPTION,default,offline,True,,93,147.6,0.7,1.4,154.3,SUCCESS,SUCCESS,49.55,46.86,50.0,44.0,93,0,93,0,,False,False,,,EvoSuite/Result_Round2/Gson_13/budget120_seed1,EvoSuite/Result_Round2/Gson_13/budget120_seed1/run.log
Gson,14,SBST,EvoSuite,1.2.0,com.google.gson.internal.$Gson$Types,,1,60,LINE:BRANCH:EXCEPTION,default,offline,True,,39,67.5,0.5,0.3,81.0,SUCCESS,SUCCESS,,,70.0,63.0,1,0,1,0,,False,False,JACOCO_NO_DATA,JaCoCo produced no coverage for target class,EvoSuite/Result_Round1/Gson_14/budget60_seed1,EvoSuite/Result_Round1/Gson_14/budget60_seed1/run.log
Gson,14,SBST,EvoSuite,1.2.0,com.google.gson.internal.$Gson$Types,,1,120,LINE:BRANCH:EXCEPTION,default,offline,True,,43,128.1,0.5,0.3,133.2,SUCCESS,SUCCESS,,,72.0,68.0,1,0,1,0,,False,False,JACOCO_NO_DATA,JaCoCo produced no coverage for target class,EvoSuite/Result_Round2/Gson_14/budget120_seed1,EvoSuite/Result_Round2/Gson_14/budget120_seed1/run.log
Gson,15,SBST,EvoSuite,1.2.0,com.google.gson.stream.JsonWriter,,1,60,LINE:BRANCH:EXCEPTION,default,offline,True,,41,71.8,0.6,1.1,85.8,SUCCESS,SUCCESS,93.94,88.54,95.0,90.0,41,0,41,0,,False,False,,,EvoSuite/Result_Round1/Gson_15/budget60_seed1,EvoSuite/Result_Round1/Gson_15/budget60_seed1/run.log
Gson,15,SBST,EvoSuite,1.2.0,com.google.gson.stream.JsonWriter,,1,120,LINE:BRANCH:EXCEPTION,default,offline,True,,44,131.9,0.6,1.2,138.2,SUCCESS,SUCCESS,93.94,88.54,95.0,90.0,44,0,44,0,,False,False,,,EvoSuite/Result_Round2/Gson_15/budget120_seed1,EvoSuite/Result_Round2/Gson_15/budget120_seed1/run.log
Gson,16,SBST,EvoSuite,1.2.0,com.google.gson.internal.$Gson$Types,,1,60,LINE:BRANCH:EXCEPTION,default,offline,True,,35,66.9,0.5,0.3,79.6,SUCCESS,SUCCESS,,,66.0,61.0,1,0,1,0,,False,False,JACOCO_NO_DATA,JaCoCo produced no coverage for target class,EvoSuite/Result_Round1/Gson_16/budget60_seed1,EvoSuite/Result_Round1/Gson_16/budget60_seed1/run.log
Gson,16,SBST,EvoSuite,1.2.0,com.google.gson.internal.$Gson$Types,,1,120,LINE:BRANCH:EXCEPTION,default,offline,True,,43,127.6,0.5,0.4,132.7,SUCCESS,SUCCESS,,,72.0,65.0,1,0,1,0,,False,False,JACOCO_NO_DATA,JaCoCo produced no coverage for target class,EvoSuite/Result_Round2/Gson_16/budget120_seed1,EvoSuite/Result_Round2/Gson_16/budget120_seed1/run.log
Gson,17,SBST,EvoSuite,1.2.0,com.google.gson.DefaultDateTypeAdapter,,1,60,LINE:BRANCH:EXCEPTION,default,offline,True,,19,69.0,0.6,1.6,83.2,SUCCESS,SUCCESS,74.07,37.5,82.0,61.0,19,0,19,0,,False,False,,,EvoSuite/Result_Round1/Gson_17/budget60_seed1,EvoSuite/Result_Round1/Gson_17/budget60_seed1/run.log
Gson,17,SBST,EvoSuite,1.2.0,com.google.gson.DefaultDateTypeAdapter,,1,120,LINE:BRANCH:EXCEPTION,default,offline,True,,21,131.3,0.6,1.6,137.9,SUCCESS,SUCCESS,74.07,37.5,82.0,61.0,21,0,21,0,,False,False,,,EvoSuite/Result_Round2/Gson_17/budget120_seed1,EvoSuite/Result_Round2/Gson_17/budget120_seed1/run.log
Gson,18,SBST,EvoSuite,1.2.0,com.google.gson.internal.$Gson$Types,,1,60,LINE:BRANCH:EXCEPTION,default,offline,True,,43,69.1,0.5,0.3,81.9,SUCCESS,SUCCESS,,,69.0,63.0,1,0,1,0,,False,False,JACOCO_NO_DATA,JaCoCo produced no coverage for target class,EvoSuite/Result_Round1/Gson_18/budget60_seed1,EvoSuite/Result_Round1/Gson_18/budget60_seed1/run.log
Gson,18,SBST,EvoSuite,1.2.0,com.google.gson.internal.$Gson$Types,,1,120,LINE:BRANCH:EXCEPTION,default,offline,True,,43,127.2,0.5,0.3,132.2,SUCCESS,SUCCESS,,,71.0,64.0,1,0,1,0,,False,False,JACOCO_NO_DATA,JaCoCo produced no coverage for target class,EvoSuite/Result_Round2/Gson_18/budget120_seed1,EvoSuite/Result_Round2/Gson_18/budget120_seed1/run.log
JacksonCore,2,SBST,EvoSuite,1.2.0,com.fasterxml.jackson.core.json.ReaderBasedJsonParser;com.fasterxml.jackson.core.json.UTF8StreamJsonParser,,1,120,LINE:BRANCH:EXCEPTION,default,offline,True,,180,363.2,1.1,3.5,372.3,SUCCESS,SUCCESS,24.29,22.35,31.0,28.5,180,0,180,7,test58(com.fasterxml.jackson.core.json.ReaderBasedJsonParser_ESTest);test59(com.fasterxml.jackson.core.json.ReaderBasedJsonParser_ESTest);test62(com.fasterxml.jackson.core.json.UTF8StreamJsonParser_ESTest);test65(com.fasterxml.jackson.core.json.UTF8StreamJsonParser_ESTest);test64(com.fasterxml.jackson.core.json.UTF8StreamJsonParser_ESTest),True,False,,,EvoSuite/Result_Round2/JacksonCore_2/budget120_seed1,EvoSuite/Result_Round2/JacksonCore_2/budget120_seed1/run.log
JacksonCore,3,SBST,EvoSuite,1.2.0,com.fasterxml.jackson.core.json.UTF8StreamJsonParser,,1,60,LINE:BRANCH:EXCEPTION,default,offline,True,,109,100.6,0.9,2.7,118.9,SUCCESS,SUCCESS,17.93,15.55,22.0,19.0,108,0,108,0,,False,False,,,EvoSuite/Result_Round1/JacksonCore_3/budget60_seed1,EvoSuite/Result_Round1/JacksonCore_3/budget60_seed1/run.log
JacksonCore,3,SBST,EvoSuite,1.2.0,com.fasterxml.jackson.core.json.UTF8StreamJsonParser,,1,120,LINE:BRANCH:EXCEPTION,default,offline,True,,120,214.2,0.9,2.8,222.4,SUCCESS,SUCCESS,22.48,19.59,26.0,23.0,120,0,120,1,test086(com.fasterxml.jackson.core.json.UTF8StreamJsonParser_ESTest),True,False,,,EvoSuite/Result_Round2/JacksonCore_3/budget120_seed1,EvoSuite/Result_Round2/JacksonCore_3/budget120_seed1/run.log
JacksonCore,4,SBST,EvoSuite,1.2.0,com.fasterxml.jackson.core.util.TextBuffer,,1,60,LINE:BRANCH:EXCEPTION,default,offline,True,,71,73.4,,,,,TOOL_ERROR,,,97.0,96.0,,,,,,False,False,TOOL_ERROR,EvoSuite produced no test files,EvoSuite/Result_Round1/JacksonCore_4/budget60_seed1,EvoSuite/Result_Round1/JacksonCore_4/budget60_seed1/run.log
JacksonCore,4,SBST,EvoSuite,1.2.0,com.fasterxml.jackson.core.util.TextBuffer,,1,120,LINE:BRANCH:EXCEPTION,default,offline,True,,77,135.1,,,,,TOOL_ERROR,,,100.0,98.0,,,,,,False,False,TOOL_ERROR,EvoSuite produced no test files,EvoSuite/Result_Round2/JacksonCore_4/budget120_seed1,EvoSuite/Result_Round2/JacksonCore_4/budget120_seed1/run.log
JacksonCore,5,SBST,EvoSuite,1.2.0,com.fasterxml.jackson.core.JsonPointer,,1,60,LINE:BRANCH:EXCEPTION,default,offline,True,,34,69.5,0.6,1.1,83.9,SUCCESS,SUCCESS,96.43,93.55,96.0,94.0,34,0,34,0,,False,False,,,EvoSuite/Result_Round1/JacksonCore_5/budget60_seed1,EvoSuite/Result_Round1/JacksonCore_5/budget60_seed1/run.log
JacksonCore,5,SBST,EvoSuite,1.2.0,com.fasterxml.jackson.core.JsonPointer,,1,120,LINE:BRANCH:EXCEPTION,default,offline,True,,35,129.5,0.6,1.1,135.8,SUCCESS,SUCCESS,96.43,93.55,96.0,94.0,35,0,35,1,test18(com.fasterxml.jackson.core.JsonPointer_ESTest),True,False,,,EvoSuite/Result_Round2/JacksonCore_5/budget120_seed1,EvoSuite/Result_Round2/JacksonCore_5/budget120_seed1/run.log
JacksonCore,6,SBST,EvoSuite,1.2.0,com.fasterxml.jackson.core.JsonPointer,,1,60,LINE:BRANCH:EXCEPTION,default,offline,True,,38,70.2,0.6,1.1,84.4,SUCCESS,SUCCESS,94.38,92.86,97.0,95.0,38,0,38,0,,False,False,,,EvoSuite/Result_Round1/JacksonCore_6/budget60_seed1,EvoSuite/Result_Round1/JacksonCore_6/budget60_seed1/run.log
JacksonCore,6,SBST,EvoSuite,1.2.0,com.fasterxml.jackson.core.JsonPointer,,1,120,LINE:BRANCH:EXCEPTION,default,offline,True,,38,130.9,0.6,1.1,137.2,SUCCESS,SUCCESS,94.38,92.86,97.0,95.0,38,0,38,0,,False,False,,,EvoSuite/Result_Round2/JacksonCore_6/budget120_seed1,EvoSuite/Result_Round2/JacksonCore_6/budget120_seed1/run.log
JacksonCore,7,SBST,EvoSuite,1.2.0,com.fasterxml.jackson.core.json.JsonWriteContext,,1,60,LINE:BRANCH:EXCEPTION,default,offline,True,,20,19.8,0.6,1.9,36.2,SUCCESS,SUCCESS,100.0,100.0,100.0,100.0,20,0,20,1,test13(com.fasterxml.jackson.core.json.JsonWriteContext_ESTest),True,False,,,EvoSuite/Result_Round1/JacksonCore_7/budget60_seed1,EvoSuite/Result_Round1/JacksonCore_7/budget60_seed1/run.log
JacksonCore,7,SBST,EvoSuite,1.2.0,com.fasterxml.jackson.core.json.JsonWriteContext,,1,120,LINE:BRANCH:EXCEPTION,default,offline,True,,20,23.4,0.6,1.8,30.7,SUCCESS,SUCCESS,100.0,100.0,100.0,100.0,20,0,20,1,test12(com.fasterxml.jackson.core.json.JsonWriteContext_ESTest),True,False,,,EvoSuite/Result_Round2/JacksonCore_7/budget120_seed1,EvoSuite/Result_Round2/JacksonCore_7/budget120_seed1/run.log
JacksonCore,8,SBST,EvoSuite,1.2.0,com.fasterxml.jackson.core.util.TextBuffer,,1,60,LINE:BRANCH:EXCEPTION,default,offline,True,,71,74.6,,,,,TOOL_ERROR,,,99.0,97.0,,,,,,False,False,TOOL_ERROR,EvoSuite produced no test files,EvoSuite/Result_Round1/JacksonCore_8/budget60_seed1,EvoSuite/Result_Round1/JacksonCore_8/budget60_seed1/run.log
JacksonCore,8,SBST,EvoSuite,1.2.0,com.fasterxml.jackson.core.util.TextBuffer,,1,120,LINE:BRANCH:EXCEPTION,default,offline,True,,75,131.5,,,,,TOOL_ERROR,,,99.0,99.0,,,,,,False,False,TOOL_ERROR,EvoSuite produced no test files,EvoSuite/Result_Round2/JacksonCore_8/budget120_seed1,EvoSuite/Result_Round2/JacksonCore_8/budget120_seed1/run.log
JacksonCore,9,SBST,EvoSuite,1.2.0,com.fasterxml.jackson.core.base.ParserMinimalBase;com.fasterxml.jackson.core.json.ReaderBasedJsonParser;com.fasterxml.jackson.core.json.UTF8StreamJsonParser,,1,60,LINE:BRANCH:EXCEPTION,default,offline,True,,224,303.5,1.4,3.8,321.9,SUCCESS,SUCCESS,23.16,19.26,30.7,22.7,215,0,215,0,,False,False,,,EvoSuite/Result_Round1/JacksonCore_9/budget60_seed1,EvoSuite/Result_Round1/JacksonCore_9/budget60_seed1/run.log
JacksonCore,9,SBST,EvoSuite,1.2.0,com.fasterxml.jackson.core.base.ParserMinimalBase;com.fasterxml.jackson.core.json.ReaderBasedJsonParser;com.fasterxml.jackson.core.json.UTF8StreamJsonParser,,1,120,LINE:BRANCH:EXCEPTION,default,offline,True,,281,506.8,1.1,4.0,516.5,SUCCESS,SUCCESS,27.32,23.98,37.3,33.7,273,0,273,0,,False,False,,,EvoSuite/Result_Round2/JacksonCore_9/budget120_seed1,EvoSuite/Result_Round2/JacksonCore_9/budget120_seed1/run.log
JacksonCore,10,SBST,EvoSuite,1.2.0,com.fasterxml.jackson.core.sym.ByteQuadsCanonicalizer,,1,60,LINE:BRANCH:EXCEPTION,default,offline,True,,62,83.7,0.6,1.2,98.9,SUCCESS,SUCCESS,78.25,48.87,80.0,52.0,62,0,62,0,,False,False,,,EvoSuite/Result_Round1/JacksonCore_10/budget60_seed1,EvoSuite/Result_Round1/JacksonCore_10/budget60_seed1/run.log
JacksonCore,10,SBST,EvoSuite,1.2.0,com.fasterxml.jackson.core.sym.ByteQuadsCanonicalizer,,1,120,LINE:BRANCH:EXCEPTION,default,offline,True,,70,147.0,0.6,1.2,153.5,SUCCESS,SUCCESS,86.77,62.03,88.0,64.0,70,0,70,1,test53(com.fasterxml.jackson.core.sym.ByteQuadsCanonicalizer_ESTest),True,False,,,EvoSuite/Result_Round2/JacksonCore_10/budget120_seed1,EvoSuite/Result_Round2/JacksonCore_10/budget120_seed1/run.log
JacksonCore,11,SBST,EvoSuite,1.2.0,com.fasterxml.jackson.core.sym.ByteQuadsCanonicalizer,,1,60,LINE:BRANCH:EXCEPTION,default,offline,True,,57,80.8,0.6,1.2,96.3,SUCCESS,SUCCESS,61.16,35.07,65.0,39.0,57,0,57,5,test17(com.fasterxml.jackson.core.sym.ByteQuadsCanonicalizer_ESTest);test19(com.fasterxml.jackson.core.sym.ByteQuadsCanonicalizer_ESTest);test16(com.fasterxml.jackson.core.sym.ByteQuadsCanonicalizer_ESTest);test29(com.fasterxml.jackson.core.sym.ByteQuadsCanonicalizer_ESTest);test28(com.fasterxml.jackson.core.sym.ByteQuadsCanonicalizer_ESTest),True,False,,,EvoSuite/Result_Round1/JacksonCore_11/budget60_seed1,EvoSuite/Result_Round1/JacksonCore_11/budget60_seed1/run.log
JacksonCore,11,SBST,EvoSuite,1.2.0,com.fasterxml.jackson.core.sym.ByteQuadsCanonicalizer,,1,120,LINE:BRANCH:EXCEPTION,default,offline,True,,59,141.9,0.6,1.2,148.3,SUCCESS,SUCCESS,69.64,39.18,72.0,42.0,59,0,59,5,test18(com.fasterxml.jackson.core.sym.ByteQuadsCanonicalizer_ESTest);test20(com.fasterxml.jackson.core.sym.ByteQuadsCanonicalizer_ESTest);test22(com.fasterxml.jackson.core.sym.ByteQuadsCanonicalizer_ESTest);test34(com.fasterxml.jackson.core.sym.ByteQuadsCanonicalizer_ESTest);test33(com.fasterxml.jackson.core.sym.ByteQuadsCanonicalizer_ESTest),True,False,,,EvoSuite/Result_Round2/JacksonCore_11/budget120_seed1,EvoSuite/Result_Round2/JacksonCore_11/budget120_seed1/run.log
JacksonCore,12,SBST,EvoSuite,1.2.0,com.fasterxml.jackson.core.json.ReaderBasedJsonParser;com.fasterxml.jackson.core.json.UTF8StreamJsonParser,,1,60,LINE:BRANCH:EXCEPTION,default,offline,True,,204,242.1,1.6,3.6,260.8,SUCCESS,SUCCESS,22.16,18.63,27.0,22.5,204,0,204,0,,False,False,,,EvoSuite/Result_Round1/JacksonCore_12/budget60_seed1,EvoSuite/Result_Round1/JacksonCore_12/budget60_seed1/run.log
JacksonCore,12,SBST,EvoSuite,1.2.0,com.fasterxml.jackson.core.json.ReaderBasedJsonParser;com.fasterxml.jackson.core.json.UTF8StreamJsonParser,,1,120,LINE:BRANCH:EXCEPTION,default,offline,True,,234,391.1,1.1,3.6,400.4,SUCCESS,SUCCESS,24.26,20.66,29.5,24.5,228,0,228,0,,False,False,,,EvoSuite/Result_Round2/JacksonCore_12/budget120_seed1,EvoSuite/Result_Round2/JacksonCore_12/budget120_seed1/run.log
JacksonCore,13,SBST,EvoSuite,1.2.0,com.fasterxml.jackson.core.json.JsonGeneratorImpl,,1,60,LINE:BRANCH:EXCEPTION,default,offline,True,,15,34.7,0.6,2.0,50.6,SUCCESS,SUCCESS,100.0,100.0,100.0,100.0,15,0,15,0,,False,False,,,EvoSuite/Result_Round1/JacksonCore_13/budget60_seed1,EvoSuite/Result_Round1/JacksonCore_13/budget60_seed1/run.log
JacksonCore,13,SBST,EvoSuite,1.2.0,com.fasterxml.jackson.core.json.JsonGeneratorImpl,,1,120,LINE:BRANCH:EXCEPTION,default,offline,True,,16,62.5,0.6,2.6,70.2,SUCCESS,SUCCESS,100.0,100.0,100.0,100.0,16,0,16,0,,False,False,,,EvoSuite/Result_Round2/JacksonCore_13/budget120_seed1,EvoSuite/Result_Round2/JacksonCore_13/budget120_seed1/run.log
JacksonCore,14,SBST,EvoSuite,1.2.0,com.fasterxml.jackson.core.io.IOContext,,1,60,LINE:BRANCH:EXCEPTION,default,offline,True,,52,13.5,0.6,1.2,28.4,SUCCESS,SUCCESS,100.0,100.0,100.0,100.0,52,0,52,1,test30(com.fasterxml.jackson.core.io.IOContext_ESTest),True,False,,,EvoSuite/Result_Round1/JacksonCore_14/budget60_seed1,EvoSuite/Result_Round1/JacksonCore_14/budget60_seed1/run.log
JacksonCore,14,SBST,EvoSuite,1.2.0,com.fasterxml.jackson.core.io.IOContext,,1,120,LINE:BRANCH:EXCEPTION,default,offline,True,,52,13.7,0.6,1.1,20.0,SUCCESS,SUCCESS,100.0,100.0,100.0,100.0,52,0,52,1,test30(com.fasterxml.jackson.core.io.IOContext_ESTest),True,False,,,EvoSuite/Result_Round2/JacksonCore_14/budget120_seed1,EvoSuite/Result_Round2/JacksonCore_14/budget120_seed1/run.log
JacksonCore,15,SBST,EvoSuite,1.2.0,com.fasterxml.jackson.core.filter.FilteringParserDelegate,,1,60,LINE:BRANCH:EXCEPTION,default,offline,True,,77,79.4,0.7,2.3,96.0,SUCCESS,SUCCESS,12.17,8.55,20.0,19.0,77,0,77,0,,False,False,,,EvoSuite/Result_Round1/JacksonCore_15/budget60_seed1,EvoSuite/Result_Round1/JacksonCore_15/budget60_seed1/run.log
JacksonCore,15,SBST,EvoSuite,1.2.0,com.fasterxml.jackson.core.filter.FilteringParserDelegate,,1,120,LINE:BRANCH:EXCEPTION,default,offline,True,,84,141.6,0.7,2.8,149.7,SUCCESS,SUCCESS,24.87,24.16,33.0,36.0,84,0,84,1,test36(com.fasterxml.jackson.core.filter.FilteringParserDelegate_ESTest),True,False,,,EvoSuite/Result_Round2/JacksonCore_15/budget120_seed1,EvoSuite/Result_Round2/JacksonCore_15/budget120_seed1/run.log
JacksonCore,16,SBST,EvoSuite,1.2.0,com.fasterxml.jackson.core.util.JsonParserSequence,,1,60,LINE:BRANCH:EXCEPTION,default,offline,True,,21,71.4,0.6,2.6,88.5,SUCCESS,SUCCESS,94.74,96.15,97.0,96.0,21,0,21,3,test14(com.fasterxml.jackson.core.util.JsonParserSequence_ESTest);test13(com.fasterxml.jackson.core.util.JsonParserSequence_ESTest);test06(com.fasterxml.jackson.core.util.JsonParserSequence_ESTest),True,False,,,EvoSuite/Result_Round1/JacksonCore_16/budget60_seed1,EvoSuite/Result_Round1/JacksonCore_16/budget60_seed1/run.log
JacksonCore,16,SBST,EvoSuite,1.2.0,com.fasterxml.jackson.core.util.JsonParserSequence,,1,120,LINE:BRANCH:EXCEPTION,default,offline,True,,22,131.7,0.7,2.6,139.5,SUCCESS,SUCCESS,97.37,92.31,95.0,93.0,21,0,21,2,test14(com.fasterxml.jackson.core.util.JsonParserSequence_ESTest);test18(com.fasterxml.jackson.core.util.JsonParserSequence_ESTest),True,False,,,EvoSuite/Result_Round2/JacksonCore_16/budget120_seed1,EvoSuite/Result_Round2/JacksonCore_16/budget120_seed1/run.log
JacksonCore,17,SBST,EvoSuite,1.2.0,com.fasterxml.jackson.core.json.UTF8JsonGenerator,,1,60,LINE:BRANCH:EXCEPTION,default,offline,True,,91,108.6,0.8,2.9,125.6,SUCCESS,SUCCESS,41.85,37.15,44.0,40.0,91,0,91,4,test00(com.fasterxml.jackson.core.json.UTF8JsonGenerator_ESTest);test45(com.fasterxml.jackson.core.json.UTF8JsonGenerator_ESTest);test09(com.fasterxml.jackson.core.json.UTF8JsonGenerator_ESTest);test14(com.fasterxml.jackson.core.json.UTF8JsonGenerator_ESTest),True,False,,,EvoSuite/Result_Round1/JacksonCore_17/budget60_seed1,EvoSuite/Result_Round1/JacksonCore_17/budget60_seed1/run.log
JacksonCore,17,SBST,EvoSuite,1.2.0,com.fasterxml.jackson.core.json.UTF8JsonGenerator,,1,120,LINE:BRANCH:EXCEPTION,default,offline,True,,111,192.7,1.3,3.1,201.7,SUCCESS,SUCCESS,49.8,45.84,53.0,49.0,111,0,111,2,test015(com.fasterxml.jackson.core.json.UTF8JsonGenerator_ESTest);test021(com.fasterxml.jackson.core.json.UTF8JsonGenerator_ESTest),True,False,,,EvoSuite/Result_Round2/JacksonCore_17/budget120_seed1,EvoSuite/Result_Round2/JacksonCore_17/budget120_seed1/run.log
JacksonCore,18,SBST,EvoSuite,1.2.0,com.fasterxml.jackson.core.base.GeneratorBase;com.fasterxml.jackson.core.json.UTF8JsonGenerator;com.fasterxml.jackson.core.json.WriterBasedJsonGenerator,,1,60,LINE:BRANCH:EXCEPTION,default,offline,True,,226,313.7,1.0,3.9,332.2,SUCCESS,SUCCESS,40.95,36.51,53.3,50.0,226,0,226,0,,False,False,,,EvoSuite/Result_Round1/JacksonCore_18/budget60_seed1,EvoSuite/Result_Round1/JacksonCore_18/budget60_seed1/run.log
JacksonCore,18,SBST,EvoSuite,1.2.0,com.fasterxml.jackson.core.base.GeneratorBase;com.fasterxml.jackson.core.json.UTF8JsonGenerator;com.fasterxml.jackson.core.json.WriterBasedJsonGenerator,,1,120,LINE:BRANCH:EXCEPTION,default,offline,True,,226,479.8,1.4,4.1,489.8,SUCCESS,SUCCESS,47.63,42.42,58.0,53.7,226,0,226,0,,False,False,,,EvoSuite/Result_Round2/JacksonCore_18/budget120_seed1,EvoSuite/Result_Round2/JacksonCore_18/budget120_seed1/run.log
JacksonCore,19,SBST,EvoSuite,1.2.0,com.fasterxml.jackson.core.json.ReaderBasedJsonParser;com.fasterxml.jackson.core.json.UTF8StreamJsonParser,,1,60,LINE:BRANCH:EXCEPTION,default,offline,True,,212,265.8,1.1,3.5,283.9,SUCCESS,SUCCESS,23.27,19.18,28.0,23.5,205,0,205,5,test099(com.fasterxml.jackson.core.json.UTF8StreamJsonParser_ESTest);test086(com.fasterxml.jackson.core.json.UTF8StreamJsonParser_ESTest);test081(com.fasterxml.jackson.core.json.UTF8StreamJsonParser_ESTest);test036(com.fasterxml.jackson.core.json.UTF8StreamJsonParser_ESTest);test040(com.fasterxml.jackson.core.json.UTF8StreamJsonParser_ESTest),True,False,,,EvoSuite/Result_Round1/JacksonCore_19/budget60_seed1,EvoSuite/Result_Round1/JacksonCore_19/budget60_seed1/run.log
JacksonCore,19,SBST,EvoSuite,1.2.0,com.fasterxml.jackson.core.json.ReaderBasedJsonParser;com.fasterxml.jackson.core.json.UTF8StreamJsonParser,,1,120,LINE:BRANCH:EXCEPTION,default,offline,True,,248,366.5,1.6,3.9,376.6,SUCCESS,SUCCESS,24.59,20.9,29.0,24.5,248,0,248,0,,False,False,,,EvoSuite/Result_Round2/JacksonCore_19/budget120_seed1,EvoSuite/Result_Round2/JacksonCore_19/budget120_seed1/run.log
JacksonCore,20,SBST,EvoSuite,1.2.0,com.fasterxml.jackson.core.JsonGenerator,,1,60,LINE:BRANCH:EXCEPTION,default,offline,True,,119,86.3,0.8,2.6,103.4,SUCCESS,SUCCESS,37.86,36.84,45.0,47.0,119,0,119,1,test075(com.fasterxml.jackson.core.JsonGenerator_ESTest),True,False,,,EvoSuite/Result_Round1/JacksonCore_20/budget60_seed1,EvoSuite/Result_Round1/JacksonCore_20/budget60_seed1/run.log
JacksonCore,20,SBST,EvoSuite,1.2.0,com.fasterxml.jackson.core.JsonGenerator,,1,120,LINE:BRANCH:EXCEPTION,default,offline,True,,142,150.8,0.8,3.4,159.6,SUCCESS,SUCCESS,39.09,36.84,46.0,48.0,142,0,142,2,test097(com.fasterxml.jackson.core.JsonGenerator_ESTest);test050(com.fasterxml.jackson.core.JsonGenerator_ESTest),True,False,,,EvoSuite/Result_Round2/JacksonCore_20/budget120_seed1,EvoSuite/Result_Round2/JacksonCore_20/budget120_seed1/run.log
JacksonCore,21,SBST,EvoSuite,1.2.0,com.fasterxml.jackson.core.filter.FilteringParserDelegate,,1,60,LINE:BRANCH:EXCEPTION,default,offline,True,,84,82.7,0.7,2.6,102.0,SUCCESS,SUCCESS,20.73,19.93,29.0,30.0,84,0,84,0,,False,False,,,EvoSuite/Result_Round1/JacksonCore_21/budget60_seed1,EvoSuite/Result_Round1/JacksonCore_21/budget60_seed1/run.log
JacksonCore,21,SBST,EvoSuite,1.2.0,com.fasterxml.jackson.core.filter.FilteringParserDelegate,,1,120,LINE:BRANCH:EXCEPTION,default,offline,True,,92,142.7,0.7,2.4,150.5,SUCCESS,SUCCESS,21.76,22.51,32.0,35.0,92,0,92,0,,False,False,,,EvoSuite/Result_Round2/JacksonCore_21/budget120_seed1,EvoSuite/Result_Round2/JacksonCore_21/budget120_seed1/run.log
JacksonCore,22,SBST,EvoSuite,1.2.0,com.fasterxml.jackson.core.filter.FilteringParserDelegate,,1,60,LINE:BRANCH:EXCEPTION,default,offline,True,,76,80.1,0.7,2.4,99.6,SUCCESS,SUCCESS,13.66,9.19,22.0,19.0,76,0,76,0,,False,False,,,EvoSuite/Result_Round1/JacksonCore_22/budget60_seed1,EvoSuite/Result_Round1/JacksonCore_22/budget60_seed1/run.log
JacksonCore,22,SBST,EvoSuite,1.2.0,com.fasterxml.jackson.core.filter.FilteringParserDelegate,,1,120,LINE:BRANCH:EXCEPTION,default,offline,True,,89,142.9,0.7,2.5,150.8,SUCCESS,SUCCESS,17.53,17.31,26.0,26.0,89,0,89,0,,False,False,,,EvoSuite/Result_Round2/JacksonCore_22/budget120_seed1,EvoSuite/Result_Round2/JacksonCore_22/budget120_seed1/run.log
JacksonCore,23,SBST,EvoSuite,1.2.0,com.fasterxml.jackson.core.util.DefaultPrettyPrinter,,1,60,LINE:BRANCH:EXCEPTION,default,offline,True,,48,27.7,0.6,2.4,47.4,SUCCESS,SUCCESS,98.98,97.62,99.0,100.0,48,0,48,1,test27(com.fasterxml.jackson.core.util.DefaultPrettyPrinter_ESTest),True,False,,,EvoSuite/Result_Round1/JacksonCore_23/budget60_seed1,EvoSuite/Result_Round1/JacksonCore_23/budget60_seed1/run.log
JacksonCore,23,SBST,EvoSuite,1.2.0,com.fasterxml.jackson.core.util.DefaultPrettyPrinter,,1,120,LINE:BRANCH:EXCEPTION,default,offline,True,,48,25.2,0.6,2.4,32.9,SUCCESS,SUCCESS,98.98,100.0,99.0,100.0,48,0,48,1,test27(com.fasterxml.jackson.core.util.DefaultPrettyPrinter_ESTest),True,False,,,EvoSuite/Result_Round2/JacksonCore_23/budget120_seed1,EvoSuite/Result_Round2/JacksonCore_23/budget120_seed1/run.log
JacksonCore,24,SBST,EvoSuite,1.2.0,com.fasterxml.jackson.core.base.ParserBase;com.fasterxml.jackson.core.base.ParserMinimalBase,,1,60,LINE:BRANCH:EXCEPTION,default,offline,True,,66,157.4,0.8,3.4,178.5,SUCCESS,SUCCESS,32.18,21.17,34.0,22.5,66,0,66,0,,False,False,,,EvoSuite/Result_Round1/JacksonCore_24/budget60_seed1,EvoSuite/Result_Round1/JacksonCore_24/budget60_seed1/run.log
JacksonCore,24,SBST,EvoSuite,1.2.0,com.fasterxml.jackson.core.base.ParserBase;com.fasterxml.jackson.core.base.ParserMinimalBase,,1,120,LINE:BRANCH:EXCEPTION,default,offline,True,,67,273.5,0.8,3.3,282.3,SUCCESS,SUCCESS,26.93,18.73,30.0,20.5,67,0,67,0,,False,False,,,EvoSuite/Result_Round2/JacksonCore_24/budget120_seed1,EvoSuite/Result_Round2/JacksonCore_24/budget120_seed1/run.log
JacksonCore,25,SBST,EvoSuite,1.2.0,com.fasterxml.jackson.core.json.ReaderBasedJsonParser,,1,60,LINE:BRANCH:EXCEPTION,default,offline,True,,113,109.0,0.9,3.2,129.4,SUCCESS,SUCCESS,26.44,21.68,30.0,27.0,113,0,113,0,,False,False,,,EvoSuite/Result_Round1/JacksonCore_25/budget60_seed1,EvoSuite/Result_Round1/JacksonCore_25/budget60_seed1/run.log
JacksonCore,25,SBST,EvoSuite,1.2.0,com.fasterxml.jackson.core.json.ReaderBasedJsonParser,,1,120,LINE:BRANCH:EXCEPTION,default,offline,True,,130,176.0,0.9,3.1,184.7,SUCCESS,SUCCESS,29.78,24.45,34.0,30.0,130,0,130,0,,False,False,,,EvoSuite/Result_Round2/JacksonCore_25/budget120_seed1,EvoSuite/Result_Round2/JacksonCore_25/budget120_seed1/run.log
JacksonCore,26,SBST,EvoSuite,1.2.0,com.fasterxml.jackson.core.json.async.NonBlockingJsonParser,,1,60,LINE:BRANCH:EXCEPTION,default,offline,True,,72,83.3,0.5,1.4,102.2,SUCCESS,SUCCESS,0.61,0.0,21.0,24.0,7,0,7,0,,False,False,,,EvoSuite/Result_Round1/JacksonCore_26/budget60_seed1,EvoSuite/Result_Round1/JacksonCore_26/budget60_seed1/run.log
JacksonCore,26,SBST,EvoSuite,1.2.0,com.fasterxml.jackson.core.json.async.NonBlockingJsonParser,,1,120,LINE:BRANCH:EXCEPTION,default,offline,True,,77,143.1,0.5,1.6,150.0,SUCCESS,SUCCESS,0.61,0.0,19.0,21.0,8,0,8,0,,False,False,,,EvoSuite/Result_Round2/JacksonCore_26/budget120_seed1,EvoSuite/Result_Round2/JacksonCore_26/budget120_seed1/run.log
JacksonDatabind,2,SBST,EvoSuite,1.2.0,com.fasterxml.jackson.databind.util.TokenBuffer,,1,120,LINE:BRANCH:EXCEPTION,default,offline,True,,99,266.5,1.5,5.2,278.6,SUCCESS,RUNTIME_FAIL,59.95,46.58,67.0,54.0,98,2,98,7,test18(com.fasterxml.jackson.databind.util.TokenBuffer_ESTest);test17(com.fasterxml.jackson.databind.util.TokenBuffer_ESTest);test05(com.fasterxml.jackson.databind.util.TokenBuffer_ESTest);test39(com.fasterxml.jackson.databind.util.TokenBuffer_ESTest);test32(com.fasterxml.jackson.databind.util.TokenBuffer_ESTest),False,False,,,EvoSuite/Result_Round2/JacksonDatabind_2/budget120_seed1,EvoSuite/Result_Round2/JacksonDatabind_2/budget120_seed1/run.log
JacksonDatabind,3,SBST,EvoSuite,1.2.0,com.fasterxml.jackson.databind.deser.std.StringArrayDeserializer,,1,60,LINE:BRANCH:EXCEPTION,default,offline,True,,0,36.4,,,,,TOOL_ERROR,,,,,,,,,,False,False,TOOL_ERROR,EvoSuite produced no test files,EvoSuite/Result_Round1/JacksonDatabind_3/budget60_seed1,EvoSuite/Result_Round1/JacksonDatabind_3/budget60_seed1/run.log
JacksonDatabind,3,SBST,EvoSuite,1.2.0,com.fasterxml.jackson.databind.deser.std.StringArrayDeserializer,,1,120,LINE:BRANCH:EXCEPTION,default,offline,True,,12,146.1,1.0,4.9,157.2,SUCCESS,RUNTIME_FAIL,47.54,30.56,52.0,38.0,12,2,12,2,test05(com.fasterxml.jackson.databind.deser.std.StringArrayDeserializer_ESTest);test04(com.fasterxml.jackson.databind.deser.std.StringArrayDeserializer_ESTest),False,False,,,EvoSuite/Result_Round2/JacksonDatabind_3/budget120_seed1,EvoSuite/Result_Round2/JacksonDatabind_3/budget120_seed1/run.log
JacksonDatabind,4,SBST,EvoSuite,1.2.0,com.fasterxml.jackson.databind.deser.std.StringArrayDeserializer,,1,60,LINE:BRANCH:EXCEPTION,default,offline,True,,6,79.2,0.9,4.6,111.8,SUCCESS,RUNTIME_FAIL,35.82,19.44,41.0,28.0,6,2,6,3,test4(com.fasterxml.jackson.databind.deser.std.StringArrayDeserializer_ESTest);test5(com.fasterxml.jackson.databind.deser.std.StringArrayDeserializer_ESTest);test2(com.fasterxml.jackson.databind.deser.std.StringArrayDeserializer_ESTest),False,False,,,EvoSuite/Result_Round1/JacksonDatabind_4/budget60_seed1,EvoSuite/Result_Round1/JacksonDatabind_4/budget60_seed1/run.log
JacksonDatabind,4,SBST,EvoSuite,1.2.0,com.fasterxml.jackson.databind.deser.std.StringArrayDeserializer,,1,120,LINE:BRANCH:EXCEPTION,default,offline,True,,8,139.8,0.9,4.5,150.4,SUCCESS,RUNTIME_FAIL,26.87,11.11,41.0,28.0,8,2,8,3,test4(com.fasterxml.jackson.databind.deser.std.StringArrayDeserializer_ESTest);test4(com.fasterxml.jackson.databind.deser.std.StringArrayDeserializer_ESTest);test5(com.fasterxml.jackson.databind.deser.std.StringArrayDeserializer_ESTest),False,False,,,EvoSuite/Result_Round2/JacksonDatabind_4/budget120_seed1,EvoSuite/Result_Round2/JacksonDatabind_4/budget120_seed1/run.log
JacksonDatabind,5,SBST,EvoSuite,1.2.0,com.fasterxml.jackson.databind.introspect.AnnotatedClass,,1,60,LINE:BRANCH:EXCEPTION,default,offline,True,,0,3.3,,,,,TOOL_ERROR,,,,,,,,,,False,False,TOOL_ERROR,EvoSuite produced no test files,EvoSuite/Result_Round1/JacksonDatabind_5/budget60_seed1,EvoSuite/Result_Round1/JacksonDatabind_5/budget60_seed1/run.log
JacksonDatabind,5,SBST,EvoSuite,1.2.0,com.fasterxml.jackson.databind.introspect.AnnotatedClass,,1,120,LINE:BRANCH:EXCEPTION,default,offline,True,,0,3.3,,,,,TOOL_ERROR,,,,,,,,,,False,False,TOOL_ERROR,EvoSuite produced no test files,EvoSuite/Result_Round2/JacksonDatabind_5/budget120_seed1,EvoSuite/Result_Round2/JacksonDatabind_5/budget120_seed1/run.log
JacksonDatabind,6,SBST,EvoSuite,1.2.0,com.fasterxml.jackson.databind.util.StdDateFormat,,1,60,LINE:BRANCH:EXCEPTION,default,offline,True,,46,79.0,0.9,2.1,109.2,SUCCESS,SUCCESS,95.06,90.57,94.0,95.0,46,0,46,1,test28(com.fasterxml.jackson.databind.util.StdDateFormat_ESTest),True,False,,,EvoSuite/Result_Round1/JacksonDatabind_6/budget60_seed1,EvoSuite/Result_Round1/JacksonDatabind_6/budget60_seed1/run.log
JacksonDatabind,6,SBST,EvoSuite,1.2.0,com.fasterxml.jackson.databind.util.StdDateFormat,,1,120,LINE:BRANCH:EXCEPTION,default,offline,True,,49,167.2,0.9,2.0,175.4,SUCCESS,SUCCESS,96.91,91.51,97.0,96.0,49,0,49,1,test34(com.fasterxml.jackson.databind.util.StdDateFormat_ESTest),True,False,,,EvoSuite/Result_Round2/JacksonDatabind_6/budget120_seed1,EvoSuite/Result_Round2/JacksonDatabind_6/budget120_seed1/run.log
JacksonDatabind,7,SBST,EvoSuite,1.2.0,com.fasterxml.jackson.databind.util.TokenBuffer,,1,60,LINE:BRANCH:EXCEPTION,default,offline,True,,91,261.5,1.2,6.1,295.7,SUCCESS,SUCCESS,47.47,28.14,62.0,48.0,85,0,85,0,,False,False,,,EvoSuite/Result_Round1/JacksonDatabind_7/budget60_seed1,EvoSuite/Result_Round1/JacksonDatabind_7/budget60_seed1/run.log
JacksonDatabind,7,SBST,EvoSuite,1.2.0,com.fasterxml.jackson.databind.util.TokenBuffer,,1,120,LINE:BRANCH:EXCEPTION,default,offline,True,,94,233.3,1.1,4.9,244.5,SUCCESS,RUNTIME_FAIL,53.07,36.53,63.0,50.0,93,2,93,2,test18(com.fasterxml.jackson.databind.util.TokenBuffer_ESTest);test17(com.fasterxml.jackson.databind.util.TokenBuffer_ESTest),False,False,,,EvoSuite/Result_Round2/JacksonDatabind_7/budget120_seed1,EvoSuite/Result_Round2/JacksonDatabind_7/budget120_seed1/run.log
JacksonDatabind,8,SBST,EvoSuite,1.2.0,com.fasterxml.jackson.databind.deser.impl.CreatorCollector,,1,60,LINE:BRANCH:EXCEPTION,default,offline,True,,0,5.4,,,,,TOOL_ERROR,,,,,,,,,,False,False,TOOL_ERROR,EvoSuite produced no test files,EvoSuite/Result_Round1/JacksonDatabind_8/budget60_seed1,EvoSuite/Result_Round1/JacksonDatabind_8/budget60_seed1/run.log
JacksonDatabind,8,SBST,EvoSuite,1.2.0,com.fasterxml.jackson.databind.deser.impl.CreatorCollector,,1,120,LINE:BRANCH:EXCEPTION,default,offline,True,,0,5.3,,,,,TOOL_ERROR,,,,,,,,,,False,False,TOOL_ERROR,EvoSuite produced no test files,EvoSuite/Result_Round2/JacksonDatabind_8/budget120_seed1,EvoSuite/Result_Round2/JacksonDatabind_8/budget120_seed1/run.log
JacksonDatabind,9,SBST,EvoSuite,1.2.0,com.fasterxml.jackson.databind.ser.std.StdKeySerializer,,1,60,LINE:BRANCH:EXCEPTION,default,offline,True,,11,79.1,0.9,4.6,111.5,SUCCESS,SUCCESS,86.67,100.0,93.0,100.0,11,0,11,0,,False,False,,,EvoSuite/Result_Round1/JacksonDatabind_9/budget60_seed1,EvoSuite/Result_Round1/JacksonDatabind_9/budget60_seed1/run.log
JacksonDatabind,9,SBST,EvoSuite,1.2.0,com.fasterxml.jackson.databind.ser.std.StdKeySerializer,,1,120,LINE:BRANCH:EXCEPTION,default,offline,True,,11,140.1,1.0,4.7,151.0,SUCCESS,SUCCESS,86.67,100.0,93.0,100.0,11,0,11,0,,False,False,,,EvoSuite/Result_Round2/JacksonDatabind_9/budget120_seed1,EvoSuite/Result_Round2/JacksonDatabind_9/budget120_seed1/run.log
JacksonDatabind,10,SBST,EvoSuite,1.2.0,com.fasterxml.jackson.databind.ser.AnyGetterWriter;com.fasterxml.jackson.databind.ser.BeanSerializerFactory,,1,60,LINE:BRANCH:EXCEPTION,default,offline,True,,0,12.4,,,,,TOOL_ERROR,,,,,,,,,,False,False,TOOL_ERROR,EvoSuite produced no test files,EvoSuite/Result_Round1/JacksonDatabind_10/budget60_seed1,EvoSuite/Result_Round1/JacksonDatabind_10/budget60_seed1/run.log
JacksonDatabind,10,SBST,EvoSuite,1.2.0,com.fasterxml.jackson.databind.ser.AnyGetterWriter;com.fasterxml.jackson.databind.ser.BeanSerializerFactory,,1,120,LINE:BRANCH:EXCEPTION,default,offline,True,,0,20.8,,,,,TOOL_ERROR,,,,,,,,,,False,False,TOOL_ERROR,EvoSuite produced no test files,EvoSuite/Result_Round2/JacksonDatabind_10/budget120_seed1,EvoSuite/Result_Round2/JacksonDatabind_10/budget120_seed1/run.log
JacksonDatabind,11,SBST,EvoSuite,1.2.0,com.fasterxml.jackson.databind.type.TypeFactory,,1,60,LINE:BRANCH:EXCEPTION,default,offline,True,,85,124.3,1.1,5.9,158.6,SUCCESS,RUNTIME_FAIL,81.25,72.22,84.0,81.0,84,2,84,3,test50(com.fasterxml.jackson.databind.type.TypeFactory_ESTest);test51(com.fasterxml.jackson.databind.type.TypeFactory_ESTest);test83(com.fasterxml.jackson.databind.type.TypeFactory_ESTest),False,False,,,EvoSuite/Result_Round1/JacksonDatabind_11/budget60_seed1,EvoSuite/Result_Round1/JacksonDatabind_11/budget60_seed1/run.log
JacksonDatabind,11,SBST,EvoSuite,1.2.0,com.fasterxml.jackson.databind.type.TypeFactory,,1,120,LINE:BRANCH:EXCEPTION,default,offline,True,,0,24.6,,,,,TOOL_ERROR,,,,,,,,,,False,False,TOOL_ERROR,EvoSuite produced no test files,EvoSuite/Result_Round2/JacksonDatabind_11/budget120_seed1,EvoSuite/Result_Round2/JacksonDatabind_11/budget120_seed1/run.log
JacksonDatabind,12,SBST,EvoSuite,1.2.0,com.fasterxml.jackson.databind.deser.std.MapDeserializer,,1,60,LINE:BRANCH:EXCEPTION,default,offline,True,,30,85.5,,,,,TOOL_ERROR,,,41.0,39.0,,,,,,False,False,TOOL_ERROR,EvoSuite produced no test files,EvoSuite/Result_Round1/JacksonDatabind_12/budget60_seed1,EvoSuite/Result_Round1/JacksonDatabind_12/budget60_seed1/run.log
JacksonDatabind,12,SBST,EvoSuite,1.2.0,com.fasterxml.jackson.databind.deser.std.MapDeserializer,,1,120,LINE:BRANCH:EXCEPTION,default,offline,True,,27,147.9,1.0,5.2,159.3,SUCCESS,SUCCESS,36.24,32.86,34.0,34.0,27,0,27,2,test13(com.fasterxml.jackson.databind.deser.std.MapDeserializer_ESTest);test10(com.fasterxml.jackson.databind.deser.std.MapDeserializer_ESTest),True,False,,,EvoSuite/Result_Round2/JacksonDatabind_12/budget120_seed1,EvoSuite/Result_Round2/JacksonDatabind_12/budget120_seed1/run.log
JacksonDatabind,13,SBST,EvoSuite,1.2.0,com.fasterxml.jackson.databind.deser.DefaultDeserializationContext;com.fasterxml.jackson.databind.deser.impl.ObjectIdValueProperty,,1,60,LINE:BRANCH:EXCEPTION,default,offline,True,,0,9.3,,,,,TOOL_ERROR,,,,,,,,,,False,False,TOOL_ERROR,EvoSuite produced no test files,EvoSuite/Result_Round1/JacksonDatabind_13/budget60_seed1,EvoSuite/Result_Round1/JacksonDatabind_13/budget60_seed1/run.log
JacksonDatabind,13,SBST,EvoSuite,1.2.0,com.fasterxml.jackson.databind.deser.DefaultDeserializationContext;com.fasterxml.jackson.databind.deser.impl.ObjectIdValueProperty,,1,120,LINE:BRANCH:EXCEPTION,default,offline,True,,0,9.3,,,,,TOOL_ERROR,,,,,,,,,,False,False,TOOL_ERROR,EvoSuite produced no test files,EvoSuite/Result_Round2/JacksonDatabind_13/budget120_seed1,EvoSuite/Result_Round2/JacksonDatabind_13/budget120_seed1/run.log
JacksonDatabind,14,SBST,EvoSuite,1.2.0,com.fasterxml.jackson.databind.ObjectReader,,1,60,LINE:BRANCH:EXCEPTION,default,offline,True,,148,141.4,1.3,6.5,176.1,SUCCESS,RUNTIME_FAIL,60.68,45.45,79.0,71.0,144,2,144,5,test047(com.fasterxml.jackson.databind.ObjectReader_ESTest);test046(com.fasterxml.jackson.databind.ObjectReader_ESTest);test045(com.fasterxml.jackson.databind.ObjectReader_ESTest);test044(com.fasterxml.jackson.databind.ObjectReader_ESTest);test067(com.fasterxml.jackson.databind.ObjectReader_ESTest),False,False,,,EvoSuite/Result_Round1/JacksonDatabind_14/budget60_seed1,EvoSuite/Result_Round1/JacksonDatabind_14/budget60_seed1/run.log
JacksonDatabind,14,SBST,EvoSuite,1.2.0,com.fasterxml.jackson.databind.ObjectReader,,1,120,LINE:BRANCH:EXCEPTION,default,offline,True,,161,203.1,1.3,6.8,216.4,SUCCESS,RUNTIME_FAIL,65.1,50.65,81.0,73.0,159,2,159,5,test047(com.fasterxml.jackson.databind.ObjectReader_ESTest);test046(com.fasterxml.jackson.databind.ObjectReader_ESTest);test087(com.fasterxml.jackson.databind.ObjectReader_ESTest);test061(com.fasterxml.jackson.databind.ObjectReader_ESTest);test062(com.fasterxml.jackson.databind.ObjectReader_ESTest),False,False,,,EvoSuite/Result_Round2/JacksonDatabind_14/budget120_seed1,EvoSuite/Result_Round2/JacksonDatabind_14/budget120_seed1/run.log
JacksonDatabind,15,SBST,EvoSuite,1.2.0,com.fasterxml.jackson.databind.JavaType;com.fasterxml.jackson.databind.ser.BeanSerializerFactory;com.fasterxml.jackson.databind.ser.std.BeanSerializerBase;com.fasterxml.jackson.databind.ser.std.StdDelegatingSerializer;com.fasterxml.jackson.databind.ser.std.StdSerializer,,1,60,LINE:BRANCH:EXCEPTION,default,offline,True,,51,233.0,1.1,6.6,268.8,SUCCESS,SUCCESS,41.44,25.3,63.5,54.5,51,0,51,4,test34(com.fasterxml.jackson.databind.JavaType_ESTest);test18(com.fasterxml.jackson.databind.JavaType_ESTest);test17(com.fasterxml.jackson.databind.JavaType_ESTest);test06(com.fasterxml.jackson.databind.ser.std.BeanSerializerBase_ESTest),True,False,,,EvoSuite/Result_Round1/JacksonDatabind_15/budget60_seed1,EvoSuite/Result_Round1/JacksonDatabind_15/budget60_seed1/run.log
JacksonDatabind,15,SBST,EvoSuite,1.2.0,com.fasterxml.jackson.databind.JavaType;com.fasterxml.jackson.databind.ser.BeanSerializerFactory;com.fasterxml.jackson.databind.ser.std.BeanSerializerBase;com.fasterxml.jackson.databind.ser.std.StdDelegatingSerializer;com.fasterxml.jackson.databind.ser.std.StdSerializer,,1,120,LINE:BRANCH:EXCEPTION,default,offline,True,,33,229.9,1.0,5.0,241.0,SUCCESS,RUNTIME_FAIL,8.88,4.86,91.0,88.0,33,2,33,6,test03(com.fasterxml.jackson.databind.JavaType_ESTest);test25(com.fasterxml.jackson.databind.JavaType_ESTest);test16(com.fasterxml.jackson.databind.JavaType_ESTest);test15(com.fasterxml.jackson.databind.JavaType_ESTest);test32(com.fasterxml.jackson.databind.JavaType_ESTest),False,False,,,EvoSuite/Result_Round2/JacksonDatabind_15/budget120_seed1,EvoSuite/Result_Round2/JacksonDatabind_15/budget120_seed1/run.log
JacksonDatabind,16,SBST,EvoSuite,1.2.0,com.fasterxml.jackson.databind.introspect.AnnotationMap,,1,60,LINE:BRANCH:EXCEPTION,default,offline,True,,0,3.0,,,,,TOOL_ERROR,,,,,,,,,,False,False,TOOL_ERROR,EvoSuite produced no test files,EvoSuite/Result_Round1/JacksonDatabind_16/budget60_seed1,EvoSuite/Result_Round1/JacksonDatabind_16/budget60_seed1/run.log
JacksonDatabind,16,SBST,EvoSuite,1.2.0,com.fasterxml.jackson.databind.introspect.AnnotationMap,,1,120,LINE:BRANCH:EXCEPTION,default,offline,True,,0,3.0,,,,,TOOL_ERROR,,,,,,,,,,False,False,TOOL_ERROR,EvoSuite produced no test files,EvoSuite/Result_Round2/JacksonDatabind_16/budget120_seed1,EvoSuite/Result_Round2/JacksonDatabind_16/budget120_seed1/run.log
JacksonDatabind,17,SBST,EvoSuite,1.2.0,com.fasterxml.jackson.databind.ObjectMapper,,1,60,LINE:BRANCH:EXCEPTION,default,offline,True,,224,148.7,1.5,7.2,184.5,SUCCESS,RUNTIME_FAIL,74.28,50.0,76.0,67.0,218,1,218,1,test020(com.fasterxml.jackson.databind.ObjectMapper_ESTest),False,False,,,EvoSuite/Result_Round1/JacksonDatabind_17/budget60_seed1,EvoSuite/Result_Round1/JacksonDatabind_17/budget60_seed1/run.log
JacksonDatabind,17,SBST,EvoSuite,1.2.0,com.fasterxml.jackson.databind.ObjectMapper,,1,120,LINE:BRANCH:EXCEPTION,default,offline,True,,0,18.6,,,,,TOOL_ERROR,,,,,,,,,,False,False,TOOL_ERROR,EvoSuite produced no test files,EvoSuite/Result_Round2/JacksonDatabind_17/budget120_seed1,EvoSuite/Result_Round2/JacksonDatabind_17/budget120_seed1/run.log
JacksonDatabind,18,SBST,EvoSuite,1.2.0,com.fasterxml.jackson.databind.MappingIterator,,1,60,LINE:BRANCH:EXCEPTION,default,offline,True,,32,92.2,1.0,5.2,125.6,SUCCESS,RUNTIME_FAIL,75.0,67.27,85.0,82.0,32,2,32,5,test21(com.fasterxml.jackson.databind.MappingIterator_ESTest);test20(com.fasterxml.jackson.databind.MappingIterator_ESTest);test24(com.fasterxml.jackson.databind.MappingIterator_ESTest);test28(com.fasterxml.jackson.databind.MappingIterator_ESTest);test16(com.fasterxml.jackson.databind.MappingIterator_ESTest),False,False,,,EvoSuite/Result_Round1/JacksonDatabind_18/budget60_seed1,EvoSuite/Result_Round1/JacksonDatabind_18/budget60_seed1/run.log
JacksonDatabind,18,SBST,EvoSuite,1.2.0,com.fasterxml.jackson.databind.MappingIterator,,1,120,LINE:BRANCH:EXCEPTION,default,offline,True,,32,151.8,1.1,5.4,163.5,SUCCESS,RUNTIME_FAIL,77.17,65.45,89.0,85.0,32,2,32,8,test21(com.fasterxml.jackson.databind.MappingIterator_ESTest);test21(com.fasterxml.jackson.databind.MappingIterator_ESTest);test20(com.fasterxml.jackson.databind.MappingIterator_ESTest);test03(com.fasterxml.jackson.databind.MappingIterator_ESTest);test26(com.fasterxml.jackson.databind.MappingIterator_ESTest),False,False,,,EvoSuite/Result_Round2/JacksonDatabind_18/budget120_seed1,EvoSuite/Result_Round2/JacksonDatabind_18/budget120_seed1/run.log
JacksonDatabind,19,SBST,EvoSuite,1.2.0,com.fasterxml.jackson.databind.type.TypeFactory,,1,60,LINE:BRANCH:EXCEPTION,default,offline,True,,90,120.5,1.1,5.5,154.2,SUCCESS,SUCCESS,71.06,62.07,80.0,73.0,88,0,88,0,,False,False,,,EvoSuite/Result_Round1/JacksonDatabind_19/budget60_seed1,EvoSuite/Result_Round1/JacksonDatabind_19/budget60_seed1/run.log
JacksonDatabind,19,SBST,EvoSuite,1.2.0,com.fasterxml.jackson.databind.type.TypeFactory,,1,120,LINE:BRANCH:EXCEPTION,default,offline,True,,0,26.4,,,,,TOOL_ERROR,,,,,,,,,,False,False,TOOL_ERROR,EvoSuite produced no test files,EvoSuite/Result_Round2/JacksonDatabind_19/budget120_seed1,EvoSuite/Result_Round2/JacksonDatabind_19/budget120_seed1/run.log
JacksonDatabind,20,SBST,EvoSuite,1.2.0,com.fasterxml.jackson.databind.node.ObjectNode,,1,60,LINE:BRANCH:EXCEPTION,default,offline,True,,97,159.6,1.1,4.9,193.3,SUCCESS,RUNTIME_FAIL,94.59,92.86,100.0,100.0,91,1,91,1,test38(com.fasterxml.jackson.databind.node.ObjectNode_ESTest),False,False,,,EvoSuite/Result_Round1/JacksonDatabind_20/budget60_seed1,EvoSuite/Result_Round1/JacksonDatabind_20/budget60_seed1/run.log
JacksonDatabind,20,SBST,EvoSuite,1.2.0,com.fasterxml.jackson.databind.node.ObjectNode,,1,120,LINE:BRANCH:EXCEPTION,default,offline,True,,0,79.5,,,,,TOOL_ERROR,,,,,,,,,,False,False,TOOL_ERROR,EvoSuite produced no test files,EvoSuite/Result_Round2/JacksonDatabind_20/budget120_seed1,EvoSuite/Result_Round2/JacksonDatabind_20/budget120_seed1/run.log
JacksonDatabind,21,SBST,EvoSuite,1.2.0,com.fasterxml.jackson.databind.introspect.JacksonAnnotationIntrospector,,1,60,LINE:BRANCH:EXCEPTION,default,offline,True,,0,3.7,,,,,TOOL_ERROR,,,,,,,,,,False,False,TOOL_ERROR,EvoSuite produced no test files,EvoSuite/Result_Round1/JacksonDatabind_21/budget60_seed1,EvoSuite/Result_Round1/JacksonDatabind_21/budget60_seed1/run.log
JacksonDatabind,21,SBST,EvoSuite,1.2.0,com.fasterxml.jackson.databind.introspect.JacksonAnnotationIntrospector,,1,120,LINE:BRANCH:EXCEPTION,default,offline,True,,0,3.6,,,,,TOOL_ERROR,,,,,,,,,,False,False,TOOL_ERROR,EvoSuite produced no test files,EvoSuite/Result_Round2/JacksonDatabind_21/budget120_seed1,EvoSuite/Result_Round2/JacksonDatabind_21/budget120_seed1/run.log
JacksonDatabind,22,SBST,EvoSuite,1.2.0,com.fasterxml.jackson.databind.ser.BasicSerializerFactory;com.fasterxml.jackson.databind.ser.BeanSerializerFactory,,1,60,LINE:BRANCH:EXCEPTION,default,offline,True,,0,25.4,,,,,TOOL_ERROR,,,,,,,,,,False,False,TOOL_ERROR,EvoSuite produced no test files,EvoSuite/Result_Round1/JacksonDatabind_22/budget60_seed1,EvoSuite/Result_Round1/JacksonDatabind_22/budget60_seed1/run.log
JacksonDatabind,22,SBST,EvoSuite,1.2.0,com.fasterxml.jackson.databind.ser.BasicSerializerFactory;com.fasterxml.jackson.databind.ser.BeanSerializerFactory,,1,120,LINE:BRANCH:EXCEPTION,default,offline,True,,0,16.2,,,,,TOOL_ERROR,,,,,,,,,,False,False,TOOL_ERROR,EvoSuite produced no test files,EvoSuite/Result_Round2/JacksonDatabind_22/budget120_seed1,EvoSuite/Result_Round2/JacksonDatabind_22/budget120_seed1/run.log
JacksonDatabind,23,SBST,EvoSuite,1.2.0,com.fasterxml.jackson.databind.ser.std.NumberSerializers,,1,60,LINE:BRANCH:EXCEPTION,default,offline,True,,0,32.4,,,,,TOOL_ERROR,,,,,,,,,,False,False,TOOL_ERROR,EvoSuite produced no test files,EvoSuite/Result_Round1/JacksonDatabind_23/budget60_seed1,EvoSuite/Result_Round1/JacksonDatabind_23/budget60_seed1/run.log
JacksonDatabind,23,SBST,EvoSuite,1.2.0,com.fasterxml.jackson.databind.ser.std.NumberSerializers,,1,120,LINE:BRANCH:EXCEPTION,default,offline,True,,0,18.9,,,,,TOOL_ERROR,,,,,,,,,,False,False,TOOL_ERROR,EvoSuite produced no test files,EvoSuite/Result_Round2/JacksonDatabind_23/budget120_seed1,EvoSuite/Result_Round2/JacksonDatabind_23/budget120_seed1/run.log
JacksonDatabind,24,SBST,EvoSuite,1.2.0,com.fasterxml.jackson.databind.cfg.BaseSettings,,1,60,LINE:BRANCH:EXCEPTION,default,offline,True,,0,66.8,0.7,0.5,97.3,SUCCESS,SUCCESS,,,0.0,0.0,1,0,1,0,,False,False,JACOCO_NO_DATA,JaCoCo produced no coverage for target class,EvoSuite/Result_Round1/JacksonDatabind_24/budget60_seed1,EvoSuite/Result_Round1/JacksonDatabind_24/budget60_seed1/run.log
JacksonDatabind,24,SBST,EvoSuite,1.2.0,com.fasterxml.jackson.databind.cfg.BaseSettings,,1,120,LINE:BRANCH:EXCEPTION,default,offline,True,,0,126.8,0.7,0.4,133.0,SUCCESS,SUCCESS,,,0.0,0.0,1,0,1,0,,False,False,JACOCO_NO_DATA,JaCoCo produced no coverage for target class,EvoSuite/Result_Round2/JacksonDatabind_24/budget120_seed1,EvoSuite/Result_Round2/JacksonDatabind_24/budget120_seed1/run.log
JacksonDatabind,25,SBST,EvoSuite,1.2.0,com.fasterxml.jackson.databind.deser.BasicDeserializerFactory;com.fasterxml.jackson.databind.deser.DeserializerCache;com.fasterxml.jackson.databind.jsontype.impl.TypeDeserializerBase;com.fasterxml.jackson.databind.module.SimpleAbstractTypeResolver,,1,60,LINE:BRANCH:EXCEPTION,default,offline,True,,7,89.9,0.8,4.0,122.6,SUCCESS,RUNTIME_FAIL,3.41,0.26,82.0,80.0,5,2,5,2,test4(com.fasterxml.jackson.databind.module.SimpleAbstractTypeResolver_ESTest);test2(com.fasterxml.jackson.databind.module.SimpleAbstractTypeResolver_ESTest),False,False,,,EvoSuite/Result_Round1/JacksonDatabind_25/budget60_seed1,EvoSuite/Result_Round1/JacksonDatabind_25/budget60_seed1/run.log
JacksonDatabind,25,SBST,EvoSuite,1.2.0,com.fasterxml.jackson.databind.deser.BasicDeserializerFactory;com.fasterxml.jackson.databind.deser.DeserializerCache;com.fasterxml.jackson.databind.jsontype.impl.TypeDeserializerBase;com.fasterxml.jackson.databind.module.SimpleAbstractTypeResolver,,1,120,LINE:BRANCH:EXCEPTION,default,offline,True,,0,43.3,,,,,TOOL_ERROR,,,,,,,,,,False,False,TOOL_ERROR,EvoSuite produced no test files,EvoSuite/Result_Round2/JacksonDatabind_25/budget120_seed1,EvoSuite/Result_Round2/JacksonDatabind_25/budget120_seed1/run.log
JacksonDatabind,26,SBST,EvoSuite,1.2.0,com.fasterxml.jackson.databind.ser.BeanPropertyWriter,,1,60,LINE:BRANCH:EXCEPTION,default,offline,True,,0,3.2,,,,,TOOL_ERROR,,,,,,,,,,False,False,TOOL_ERROR,EvoSuite produced no test files,EvoSuite/Result_Round1/JacksonDatabind_26/budget60_seed1,EvoSuite/Result_Round1/JacksonDatabind_26/budget60_seed1/run.log
JacksonDatabind,26,SBST,EvoSuite,1.2.0,com.fasterxml.jackson.databind.ser.BeanPropertyWriter,,1,120,LINE:BRANCH:EXCEPTION,default,offline,True,,0,3.3,,,,,TOOL_ERROR,,,,,,,,,,False,False,TOOL_ERROR,EvoSuite produced no test files,EvoSuite/Result_Round2/JacksonDatabind_26/budget120_seed1,EvoSuite/Result_Round2/JacksonDatabind_26/budget120_seed1/run.log
JacksonDatabind,27,SBST,EvoSuite,1.2.0,com.fasterxml.jackson.databind.deser.BeanDeserializer,,1,60,LINE:BRANCH:EXCEPTION,default,offline,True,,8,75.0,0.9,5.0,109.1,SUCCESS,SUCCESS,1.03,0.45,2.0,8.0,8,0,8,0,,False,False,,,EvoSuite/Result_Round1/JacksonDatabind_27/budget60_seed1,EvoSuite/Result_Round1/JacksonDatabind_27/budget60_seed1/run.log
JacksonDatabind,27,SBST,EvoSuite,1.2.0,com.fasterxml.jackson.databind.deser.BeanDeserializer,,1,120,LINE:BRANCH:EXCEPTION,default,offline,True,,0,18.3,,,,,TOOL_ERROR,,,,,,,,,,False,False,TOOL_ERROR,EvoSuite produced no test files,EvoSuite/Result_Round2/JacksonDatabind_27/budget120_seed1,EvoSuite/Result_Round2/JacksonDatabind_27/budget120_seed1/run.log
JacksonDatabind,28,SBST,EvoSuite,1.2.0,com.fasterxml.jackson.databind.deser.std.JsonNodeDeserializer,,1,60,LINE:BRANCH:EXCEPTION,default,offline,True,,8,73.8,0.9,4.0,106.4,SUCCESS,RUNTIME_FAIL,53.85,28.57,71.0,64.0,8,2,8,2,test6(com.fasterxml.jackson.databind.deser.std.JsonNodeDeserializer_ESTest);test7(com.fasterxml.jackson.databind.deser.std.JsonNodeDeserializer_ESTest),False,False,,,EvoSuite/Result_Round1/JacksonDatabind_28/budget60_seed1,EvoSuite/Result_Round1/JacksonDatabind_28/budget60_seed1/run.log
JacksonDatabind,28,SBST,EvoSuite,1.2.0,com.fasterxml.jackson.databind.deser.std.JsonNodeDeserializer,,1,120,LINE:BRANCH:EXCEPTION,default,offline,True,,10,135.0,0.9,4.5,145.6,SUCCESS,RUNTIME_FAIL,53.85,28.57,71.0,64.0,10,2,10,2,test6(com.fasterxml.jackson.databind.deser.std.JsonNodeDeserializer_ESTest);test7(com.fasterxml.jackson.databind.deser.std.JsonNodeDeserializer_ESTest),False,False,,,EvoSuite/Result_Round2/JacksonDatabind_28/budget120_seed1,EvoSuite/Result_Round2/JacksonDatabind_28/budget120_seed1/run.log
JacksonDatabind,29,SBST,EvoSuite,1.2.0,com.fasterxml.jackson.databind.deser.impl.ExternalTypeHandler,,1,60,LINE:BRANCH:EXCEPTION,default,offline,True,,11,75.8,0.9,3.8,107.7,SUCCESS,RUNTIME_FAIL,18.55,4.84,28.0,16.0,11,2,11,2,test09(com.fasterxml.jackson.databind.deser.impl.ExternalTypeHandler_ESTest);test08(com.fasterxml.jackson.databind.deser.impl.ExternalTypeHandler_ESTest),False,False,,,EvoSuite/Result_Round1/JacksonDatabind_29/budget60_seed1,EvoSuite/Result_Round1/JacksonDatabind_29/budget60_seed1/run.log
JacksonDatabind,29,SBST,EvoSuite,1.2.0,com.fasterxml.jackson.databind.deser.impl.ExternalTypeHandler,,1,120,LINE:BRANCH:EXCEPTION,default,offline,True,,12,136.0,0.9,4.3,146.4,SUCCESS,RUNTIME_FAIL,20.16,6.45,34.0,22.0,12,2,12,2,test09(com.fasterxml.jackson.databind.deser.impl.ExternalTypeHandler_ESTest);test08(com.fasterxml.jackson.databind.deser.impl.ExternalTypeHandler_ESTest),False,False,,,EvoSuite/Result_Round2/JacksonDatabind_29/budget120_seed1,EvoSuite/Result_Round2/JacksonDatabind_29/budget120_seed1/run.log
JacksonDatabind,30,SBST,EvoSuite,1.2.0,com.fasterxml.jackson.databind.ObjectMapper;com.fasterxml.jackson.databind.util.TokenBuffer,,1,60,LINE:BRANCH:EXCEPTION,default,offline,True,,329,388.6,1.4,8.8,426.3,SUCCESS,RUNTIME_FAIL,68.68,53.2,71.5,63.5,326,2,326,3,test030(com.fasterxml.jackson.databind.util.TokenBuffer_ESTest);test031(com.fasterxml.jackson.databind.util.TokenBuffer_ESTest);test080(com.fasterxml.jackson.databind.util.TokenBuffer_ESTest),False,False,,,EvoSuite/Result_Round1/JacksonDatabind_30/budget60_seed1,EvoSuite/Result_Round1/JacksonDatabind_30/budget60_seed1/run.log
JacksonDatabind,30,SBST,EvoSuite,1.2.0,com.fasterxml.jackson.databind.ObjectMapper;com.fasterxml.jackson.databind.util.TokenBuffer,,1,120,LINE:BRANCH:EXCEPTION,default,offline,True,,356,516.5,2.5,10.2,534.6,SUCCESS,RUNTIME_FAIL,70.8,51.81,72.0,65.0,350,1,350,3,test099(com.fasterxml.jackson.databind.ObjectMapper_ESTest);test015(com.fasterxml.jackson.databind.ObjectMapper_ESTest);test70(com.fasterxml.jackson.databind.util.TokenBuffer_ESTest),False,False,,,EvoSuite/Result_Round2/JacksonDatabind_30/budget120_seed1,EvoSuite/Result_Round2/JacksonDatabind_30/budget120_seed1/run.log
JacksonDatabind,31,SBST,EvoSuite,1.2.0,com.fasterxml.jackson.databind.util.TokenBuffer,,1,60,LINE:BRANCH:EXCEPTION,default,offline,True,,123,262.1,2.7,6.5,300.4,SUCCESS,RUNTIME_FAIL,63.05,50.8,68.0,56.0,116,2,116,9,test030(com.fasterxml.jackson.databind.util.TokenBuffer_ESTest);test030(com.fasterxml.jackson.databind.util.TokenBuffer_ESTest);test031(com.fasterxml.jackson.databind.util.TokenBuffer_ESTest);test028(com.fasterxml.jackson.databind.util.TokenBuffer_ESTest);test029(com.fasterxml.jackson.databind.util.TokenBuffer_ESTest),False,False,,,EvoSuite/Result_Round1/JacksonDatabind_31/budget60_seed1,EvoSuite/Result_Round1/JacksonDatabind_31/budget60_seed1/run.log
JacksonDatabind,31,SBST,EvoSuite,1.2.0,com.fasterxml.jackson.databind.util.TokenBuffer,,1,120,LINE:BRANCH:EXCEPTION,default,offline,True,,98,297.6,1.1,5.5,309.6,SUCCESS,RUNTIME_FAIL,56.16,39.04,64.0,53.0,98,2,98,3,test18(com.fasterxml.jackson.databind.util.TokenBuffer_ESTest);test17(com.fasterxml.jackson.databind.util.TokenBuffer_ESTest);test94(com.fasterxml.jackson.databind.util.TokenBuffer_ESTest),False,False,,,EvoSuite/Result_Round2/JacksonDatabind_31/budget120_seed1,EvoSuite/Result_Round2/JacksonDatabind_31/budget120_seed1/run.log
JacksonDatabind,32,SBST,EvoSuite,1.2.0,com.fasterxml.jackson.databind.deser.std.UntypedObjectDeserializer,,1,60,LINE:BRANCH:EXCEPTION,default,offline,True,,18,111.3,1.0,4.5,145.3,SUCCESS,RUNTIME_FAIL,56.52,38.46,40.0,38.0,18,3,18,4,test09(com.fasterxml.jackson.databind.deser.std.UntypedObjectDeserializer_ESTest);test09(com.fasterxml.jackson.databind.deser.std.UntypedObjectDeserializer_ESTest);test08(com.fasterxml.jackson.databind.deser.std.UntypedObjectDeserializer_ESTest);test13(com.fasterxml.jackson.databind.deser.std.UntypedObjectDeserializer_ESTest),False,False,,,EvoSuite/Result_Round1/JacksonDatabind_32/budget60_seed1,EvoSuite/Result_Round1/JacksonDatabind_32/budget60_seed1/run.log
JacksonDatabind,32,SBST,EvoSuite,1.2.0,com.fasterxml.jackson.databind.deser.std.UntypedObjectDeserializer,,1,120,LINE:BRANCH:EXCEPTION,default,offline,True,,0,7.6,,,,,TOOL_ERROR,,,,,,,,,,False,False,TOOL_ERROR,EvoSuite produced no test files,EvoSuite/Result_Round2/JacksonDatabind_32/budget120_seed1,EvoSuite/Result_Round2/JacksonDatabind_32/budget120_seed1/run.log
JacksonDatabind,33,SBST,EvoSuite,1.2.0,com.fasterxml.jackson.databind.introspect.JacksonAnnotationIntrospector,,1,60,LINE:BRANCH:EXCEPTION,default,offline,True,,0,3.6,,,,,TOOL_ERROR,,,,,,,,,,False,False,TOOL_ERROR,EvoSuite produced no test files,EvoSuite/Result_Round1/JacksonDatabind_33/budget60_seed1,EvoSuite/Result_Round1/JacksonDatabind_33/budget60_seed1/run.log
JacksonDatabind,33,SBST,EvoSuite,1.2.0,com.fasterxml.jackson.databind.introspect.JacksonAnnotationIntrospector,,1,120,LINE:BRANCH:EXCEPTION,default,offline,True,,0,3.7,,,,,TOOL_ERROR,,,,,,,,,,False,False,TOOL_ERROR,EvoSuite produced no test files,EvoSuite/Result_Round2/JacksonDatabind_33/budget120_seed1,EvoSuite/Result_Round2/JacksonDatabind_33/budget120_seed1/run.log
JacksonDatabind,34,SBST,EvoSuite,1.2.0,com.fasterxml.jackson.databind.ser.std.NumberSerializer,,1,60,LINE:BRANCH:EXCEPTION,default,offline,True,,13,76.8,0.9,4.1,109.8,SUCCESS,RUNTIME_FAIL,75.0,83.33,93.0,83.0,13,4,13,4,test04(com.fasterxml.jackson.databind.ser.std.NumberSerializer_ESTest);test05(com.fasterxml.jackson.databind.ser.std.NumberSerializer_ESTest);test05(com.fasterxml.jackson.databind.ser.std.NumberSerializer_ESTest);test02(com.fasterxml.jackson.databind.ser.std.NumberSerializer_ESTest),False,False,,,EvoSuite/Result_Round1/JacksonDatabind_34/budget60_seed1,EvoSuite/Result_Round1/JacksonDatabind_34/budget60_seed1/run.log
JacksonDatabind,34,SBST,EvoSuite,1.2.0,com.fasterxml.jackson.databind.ser.std.NumberSerializer,,1,120,LINE:BRANCH:EXCEPTION,default,offline,True,,0,79.5,,,,,TOOL_ERROR,,,,,,,,,,False,False,TOOL_ERROR,EvoSuite produced no test files,EvoSuite/Result_Round2/JacksonDatabind_34/budget120_seed1,EvoSuite/Result_Round2/JacksonDatabind_34/budget120_seed1/run.log
JacksonDatabind,35,SBST,EvoSuite,1.2.0,com.fasterxml.jackson.databind.jsontype.impl.AsWrapperTypeDeserializer,,1,60,LINE:BRANCH:EXCEPTION,default,offline,True,,0,6.8,,,,,TOOL_ERROR,,,,,,,,,,False,False,TOOL_ERROR,EvoSuite produced no test files,EvoSuite/Result_Round1/JacksonDatabind_35/budget60_seed1,EvoSuite/Result_Round1/JacksonDatabind_35/budget60_seed1/run.log
JacksonDatabind,35,SBST,EvoSuite,1.2.0,com.fasterxml.jackson.databind.jsontype.impl.AsWrapperTypeDeserializer,,1,120,LINE:BRANCH:EXCEPTION,default,offline,True,,0,26.2,,,,,TOOL_ERROR,,,,,,,,,,False,False,TOOL_ERROR,EvoSuite produced no test files,EvoSuite/Result_Round2/JacksonDatabind_35/budget120_seed1,EvoSuite/Result_Round2/JacksonDatabind_35/budget120_seed1/run.log
JacksonDatabind,36,SBST,EvoSuite,1.2.0,com.fasterxml.jackson.databind.util.StdDateFormat,,1,60,LINE:BRANCH:EXCEPTION,default,offline,True,,48,91.5,0.9,2.0,122.6,SUCCESS,SUCCESS,95.48,88.81,95.0,94.0,48,0,48,2,test40(com.fasterxml.jackson.databind.util.StdDateFormat_ESTest);test39(com.fasterxml.jackson.databind.util.StdDateFormat_ESTest),True,False,,,EvoSuite/Result_Round1/JacksonDatabind_36/budget60_seed1,EvoSuite/Result_Round1/JacksonDatabind_36/budget60_seed1/run.log
JacksonDatabind,36,SBST,EvoSuite,1.2.0,com.fasterxml.jackson.databind.util.StdDateFormat,,1,120,LINE:BRANCH:EXCEPTION,default,offline,True,,55,168.2,0.9,1.5,175.7,SUCCESS,RUNTIME_FAIL,94.97,91.04,96.0,97.0,51,1,51,2,test37(com.fasterxml.jackson.databind.util.StdDateFormat_ESTest);test41(com.fasterxml.jackson.databind.util.StdDateFormat_ESTest),False,False,,,EvoSuite/Result_Round2/JacksonDatabind_36/budget120_seed1,EvoSuite/Result_Round2/JacksonDatabind_36/budget120_seed1/run.log
JacksonDatabind,37,SBST,EvoSuite,1.2.0,com.fasterxml.jackson.databind.type.SimpleType,,1,60,LINE:BRANCH:EXCEPTION,default,offline,True,,27,80.9,0.8,4.2,115.8,SUCCESS,RUNTIME_FAIL,93.94,90.62,98.0,98.0,27,2,27,2,test13(com.fasterxml.jackson.databind.type.SimpleType_ESTest);test14(com.fasterxml.jackson.databind.type.SimpleType_ESTest),False,False,,,EvoSuite/Result_Round1/JacksonDatabind_37/budget60_seed1,EvoSuite/Result_Round1/JacksonDatabind_37/budget60_seed1/run.log
JacksonDatabind,37,SBST,EvoSuite,1.2.0,com.fasterxml.jackson.databind.type.SimpleType,,1,120,LINE:BRANCH:EXCEPTION,default,offline,True,,28,141.8,0.9,4.7,152.7,SUCCESS,RUNTIME_FAIL,92.42,84.38,98.0,98.0,28,4,28,4,test13(com.fasterxml.jackson.databind.type.SimpleType_ESTest);test14(com.fasterxml.jackson.databind.type.SimpleType_ESTest);test14(com.fasterxml.jackson.databind.type.SimpleType_ESTest);test15(com.fasterxml.jackson.databind.type.SimpleType_ESTest),False,False,,,EvoSuite/Result_Round2/JacksonDatabind_37/budget120_seed1,EvoSuite/Result_Round2/JacksonDatabind_37/budget120_seed1/run.log
JacksonDatabind,38,SBST,EvoSuite,1.2.0,com.fasterxml.jackson.databind.type.CollectionType;com.fasterxml.jackson.databind.type.MapType;com.fasterxml.jackson.databind.type.SimpleType,,1,60,LINE:BRANCH:EXCEPTION,default,offline,True,,44,191.2,1.0,5.7,227.1,SUCCESS,RUNTIME_FAIL,78.36,75.93,99.5,96.5,44,4,44,5,test00(com.fasterxml.jackson.databind.type.MapType_ESTest);test11(com.fasterxml.jackson.databind.type.MapType_ESTest);test13(com.fasterxml.jackson.databind.type.MapType_ESTest);test13(com.fasterxml.jackson.databind.type.SimpleType_ESTest);test14(com.fasterxml.jackson.databind.type.SimpleType_ESTest),False,False,,,EvoSuite/Result_Round1/JacksonDatabind_38/budget60_seed1,EvoSuite/Result_Round1/JacksonDatabind_38/budget60_seed1/run.log
JacksonDatabind,38,SBST,EvoSuite,1.2.0,com.fasterxml.jackson.databind.type.CollectionType;com.fasterxml.jackson.databind.type.MapType;com.fasterxml.jackson.databind.type.SimpleType,,1,120,LINE:BRANCH:EXCEPTION,default,offline,True,,24,239.9,0.9,4.4,250.6,SUCCESS,RUNTIME_FAIL,61.94,62.96,99.0,98.0,24,4,24,4,test02(com.fasterxml.jackson.databind.type.SimpleType_ESTest);test13(com.fasterxml.jackson.databind.type.SimpleType_ESTest);test13(com.fasterxml.jackson.databind.type.SimpleType_ESTest);test03(com.fasterxml.jackson.databind.type.SimpleType_ESTest),False,False,,,EvoSuite/Result_Round2/JacksonDatabind_38/budget120_seed1,EvoSuite/Result_Round2/JacksonDatabind_38/budget120_seed1/run.log
JacksonDatabind,39,SBST,EvoSuite,1.2.0,com.fasterxml.jackson.databind.deser.std.NullifyingDeserializer,,1,60,LINE:BRANCH:EXCEPTION,default,offline,True,,0,43.0,,,,,TOOL_ERROR,,,,,,,,,,False,False,TOOL_ERROR,EvoSuite produced no test files,EvoSuite/Result_Round1/JacksonDatabind_39/budget60_seed1,EvoSuite/Result_Round1/JacksonDatabind_39/budget60_seed1/run.log
JacksonDatabind,39,SBST,EvoSuite,1.2.0,com.fasterxml.jackson.databind.deser.std.NullifyingDeserializer,,1,120,LINE:BRANCH:EXCEPTION,default,offline,True,,4,136.1,0.9,4.1,146.5,SUCCESS,RUNTIME_FAIL,53.85,25.0,50.0,42.0,4,2,4,2,test1(com.fasterxml.jackson.databind.deser.std.NullifyingDeserializer_ESTest);test0(com.fasterxml.jackson.databind.deser.std.NullifyingDeserializer_ESTest),False,False,,,EvoSuite/Result_Round2/JacksonDatabind_39/budget120_seed1,EvoSuite/Result_Round2/JacksonDatabind_39/budget120_seed1/run.log
JacksonDatabind,40,SBST,EvoSuite,1.2.0,com.fasterxml.jackson.databind.deser.std.NumberDeserializers,,1,60,LINE:BRANCH:EXCEPTION,default,offline,True,,36,95.2,1.1,5.7,131.2,SUCCESS,RUNTIME_FAIL,75.0,70.45,45.0,45.0,36,4,36,4,test02(com.fasterxml.jackson.databind.deser.std.NumberDeserializers_ESTest);test24(com.fasterxml.jackson.databind.deser.std.NumberDeserializers_ESTest);test24(com.fasterxml.jackson.databind.deser.std.NumberDeserializers_ESTest);test03(com.fasterxml.jackson.databind.deser.std.NumberDeserializers_ESTest),False,False,,,EvoSuite/Result_Round1/JacksonDatabind_40/budget60_seed1,EvoSuite/Result_Round1/JacksonDatabind_40/budget60_seed1/run.log
JacksonDatabind,40,SBST,EvoSuite,1.2.0,com.fasterxml.jackson.databind.deser.std.NumberDeserializers,,1,120,LINE:BRANCH:EXCEPTION,default,offline,True,,38,155.4,1.3,5.1,167.2,SUCCESS,RUNTIME_FAIL,85.42,81.82,48.0,47.0,38,4,38,4,test02(com.fasterxml.jackson.databind.deser.std.NumberDeserializers_ESTest);test24(com.fasterxml.jackson.databind.deser.std.NumberDeserializers_ESTest);test24(com.fasterxml.jackson.databind.deser.std.NumberDeserializers_ESTest);test03(com.fasterxml.jackson.databind.deser.std.NumberDeserializers_ESTest),False,False,,,EvoSuite/Result_Round2/JacksonDatabind_40/budget120_seed1,EvoSuite/Result_Round2/JacksonDatabind_40/budget120_seed1/run.log
JacksonDatabind,41,SBST,EvoSuite,1.2.0,com.fasterxml.jackson.databind.type.TypeFactory,,1,60,LINE:BRANCH:EXCEPTION,default,offline,True,,94,152.8,1.2,6.9,190.2,SUCCESS,RUNTIME_FAIL,85.71,76.5,87.0,80.0,94,2,94,3,test93(com.fasterxml.jackson.databind.type.TypeFactory_ESTest);test50(com.fasterxml.jackson.databind.type.TypeFactory_ESTest);test59(com.fasterxml.jackson.databind.type.TypeFactory_ESTest),False,False,,,EvoSuite/Result_Round1/JacksonDatabind_41/budget60_seed1,EvoSuite/Result_Round1/JacksonDatabind_41/budget60_seed1/run.log
JacksonDatabind,41,SBST,EvoSuite,1.2.0,com.fasterxml.jackson.databind.type.TypeFactory,,1,120,LINE:BRANCH:EXCEPTION,default,offline,True,,97,216.4,1.2,6.8,230.0,SUCCESS,SUCCESS,83.67,76.5,86.0,80.0,97,0,97,1,test64(com.fasterxml.jackson.databind.type.TypeFactory_ESTest),True,False,,,EvoSuite/Result_Round2/JacksonDatabind_41/budget120_seed1,EvoSuite/Result_Round2/JacksonDatabind_41/budget120_seed1/run.log
JacksonDatabind,42,SBST,EvoSuite,1.2.0,com.fasterxml.jackson.databind.deser.std.FromStringDeserializer,,1,60,LINE:BRANCH:EXCEPTION,default,offline,True,,15,82.0,1.4,4.5,117.8,SUCCESS,SUCCESS,33.82,28.0,44.0,51.0,15,0,15,1,test00(com.fasterxml.jackson.databind.deser.std.FromStringDeserializer_ESTest),True,False,,,EvoSuite/Result_Round1/JacksonDatabind_42/budget60_seed1,EvoSuite/Result_Round1/JacksonDatabind_42/budget60_seed1/run.log
JacksonDatabind,42,SBST,EvoSuite,1.2.0,com.fasterxml.jackson.databind.deser.std.FromStringDeserializer,,1,120,LINE:BRANCH:EXCEPTION,default,offline,True,,24,145.7,0.9,4.4,156.6,SUCCESS,RUNTIME_FAIL,33.82,28.0,56.0,61.0,23,2,23,3,test01(com.fasterxml.jackson.databind.deser.std.FromStringDeserializer_ESTest);test12(com.fasterxml.jackson.databind.deser.std.FromStringDeserializer_ESTest);test02(com.fasterxml.jackson.databind.deser.std.FromStringDeserializer_ESTest),False,False,,,EvoSuite/Result_Round2/JacksonDatabind_42/budget120_seed1,EvoSuite/Result_Round2/JacksonDatabind_42/budget120_seed1/run.log
JacksonDatabind,43,SBST,EvoSuite,1.2.0,com.fasterxml.jackson.databind.deser.impl.ObjectIdValueProperty,,1,60,LINE:BRANCH:EXCEPTION,default,offline,True,,0,3.1,,,,,TOOL_ERROR,,,,,,,,,,False,False,TOOL_ERROR,EvoSuite produced no test files,EvoSuite/Result_Round1/JacksonDatabind_43/budget60_seed1,EvoSuite/Result_Round1/JacksonDatabind_43/budget60_seed1/run.log
JacksonDatabind,43,SBST,EvoSuite,1.2.0,com.fasterxml.jackson.databind.deser.impl.ObjectIdValueProperty,,1,120,LINE:BRANCH:EXCEPTION,default,offline,True,,0,3.2,,,,,TOOL_ERROR,,,,,,,,,,False,False,TOOL_ERROR,EvoSuite produced no test files,EvoSuite/Result_Round2/JacksonDatabind_43/budget120_seed1,EvoSuite/Result_Round2/JacksonDatabind_43/budget120_seed1/run.log
JacksonDatabind,44,SBST,EvoSuite,1.2.0,com.fasterxml.jackson.databind.type.SimpleType,,1,60,LINE:BRANCH:EXCEPTION,default,offline,True,,28,86.2,0.9,4.7,121.1,SUCCESS,SUCCESS,91.11,94.0,97.0,97.0,28,0,28,1,test19(com.fasterxml.jackson.databind.type.SimpleType_ESTest),True,False,,,EvoSuite/Result_Round1/JacksonDatabind_44/budget60_seed1,EvoSuite/Result_Round1/JacksonDatabind_44/budget60_seed1/run.log
JacksonDatabind,44,SBST,EvoSuite,1.2.0,com.fasterxml.jackson.databind.type.SimpleType,,1,120,LINE:BRANCH:EXCEPTION,default,offline,True,,0,71.4,,,,,TOOL_ERROR,,,,,,,,,,False,False,TOOL_ERROR,EvoSuite produced no test files,EvoSuite/Result_Round2/JacksonDatabind_44/budget120_seed1,EvoSuite/Result_Round2/JacksonDatabind_44/budget120_seed1/run.log
JacksonDatabind,45,SBST,EvoSuite,1.2.0,com.fasterxml.jackson.databind.ser.std.DateTimeSerializerBase,,1,60,LINE:BRANCH:EXCEPTION,default,offline,True,,18,83.5,1.0,4.8,119.2,SUCCESS,RUNTIME_FAIL,53.66,47.37,54.0,52.0,18,4,18,4,test10(com.fasterxml.jackson.databind.ser.std.DateTimeSerializerBase_ESTest);test01(com.fasterxml.jackson.databind.ser.std.DateTimeSerializerBase_ESTest);test01(com.fasterxml.jackson.databind.ser.std.DateTimeSerializerBase_ESTest);test12(com.fasterxml.jackson.databind.ser.std.DateTimeSerializerBase_ESTest),False,False,,,EvoSuite/Result_Round1/JacksonDatabind_45/budget60_seed1,EvoSuite/Result_Round1/JacksonDatabind_45/budget60_seed1/run.log
JacksonDatabind,45,SBST,EvoSuite,1.2.0,com.fasterxml.jackson.databind.ser.std.DateTimeSerializerBase,,1,120,LINE:BRANCH:EXCEPTION,default,offline,True,,17,145.3,0.9,4.5,156.3,SUCCESS,RUNTIME_FAIL,53.66,44.74,54.0,50.0,17,4,17,4,test10(com.fasterxml.jackson.databind.ser.std.DateTimeSerializerBase_ESTest);test01(com.fasterxml.jackson.databind.ser.std.DateTimeSerializerBase_ESTest);test01(com.fasterxml.jackson.databind.ser.std.DateTimeSerializerBase_ESTest);test12(com.fasterxml.jackson.databind.ser.std.DateTimeSerializerBase_ESTest),False,False,,,EvoSuite/Result_Round2/JacksonDatabind_45/budget120_seed1,EvoSuite/Result_Round2/JacksonDatabind_45/budget120_seed1/run.log
JacksonDatabind,46,SBST,EvoSuite,1.2.0,com.fasterxml.jackson.databind.type.ReferenceType,,1,60,LINE:BRANCH:EXCEPTION,default,offline,True,,30,27.5,0.9,3.7,60.8,SUCCESS,SUCCESS,98.04,100.0,100.0,100.0,30,0,30,1,test00(com.fasterxml.jackson.databind.type.ReferenceType_ESTest),True,False,,,EvoSuite/Result_Round1/JacksonDatabind_46/budget60_seed1,EvoSuite/Result_Round1/JacksonDatabind_46/budget60_seed1/run.log
JacksonDatabind,46,SBST,EvoSuite,1.2.0,com.fasterxml.jackson.databind.type.ReferenceType,,1,120,LINE:BRANCH:EXCEPTION,default,offline,True,,29,26.8,0.9,3.7,36.8,SUCCESS,SUCCESS,98.04,100.0,100.0,100.0,29,0,29,1,test27(com.fasterxml.jackson.databind.type.ReferenceType_ESTest),True,False,,,EvoSuite/Result_Round2/JacksonDatabind_46/budget120_seed1,EvoSuite/Result_Round2/JacksonDatabind_46/budget120_seed1/run.log
JacksonDatabind,47,SBST,EvoSuite,1.2.0,com.fasterxml.jackson.databind.AnnotationIntrospector,,1,60,LINE:BRANCH:EXCEPTION,default,offline,True,,0,3.5,,,,,TOOL_ERROR,,,,,,,,,,False,False,TOOL_ERROR,EvoSuite produced no test files,EvoSuite/Result_Round1/JacksonDatabind_47/budget60_seed1,EvoSuite/Result_Round1/JacksonDatabind_47/budget60_seed1/run.log
JacksonDatabind,47,SBST,EvoSuite,1.2.0,com.fasterxml.jackson.databind.AnnotationIntrospector,,1,120,LINE:BRANCH:EXCEPTION,default,offline,True,,0,3.4,,,,,TOOL_ERROR,,,,,,,,,,False,False,TOOL_ERROR,EvoSuite produced no test files,EvoSuite/Result_Round2/JacksonDatabind_47/budget120_seed1,EvoSuite/Result_Round2/JacksonDatabind_47/budget120_seed1/run.log
JacksonDatabind,48,SBST,EvoSuite,1.2.0,com.fasterxml.jackson.databind.DeserializationConfig;com.fasterxml.jackson.databind.SerializationConfig,,1,60,LINE:BRANCH:EXCEPTION,default,offline,True,,0,36.5,,,,,TOOL_ERROR,,,,,,,,,,False,False,TOOL_ERROR,EvoSuite produced no test files,EvoSuite/Result_Round1/JacksonDatabind_48/budget60_seed1,EvoSuite/Result_Round1/JacksonDatabind_48/budget60_seed1/run.log
JacksonDatabind,48,SBST,EvoSuite,1.2.0,com.fasterxml.jackson.databind.DeserializationConfig;com.fasterxml.jackson.databind.SerializationConfig,,1,120,LINE:BRANCH:EXCEPTION,default,offline,True,,0,89.8,,,,,TOOL_ERROR,,,,,,,,,,False,False,TOOL_ERROR,EvoSuite produced no test files,EvoSuite/Result_Round2/JacksonDatabind_48/budget120_seed1,EvoSuite/Result_Round2/JacksonDatabind_48/budget120_seed1/run.log
JacksonDatabind,49,SBST,EvoSuite,1.2.0,com.fasterxml.jackson.databind.ser.impl.WritableObjectId,,1,60,LINE:BRANCH:EXCEPTION,default,offline,True,,10,78.4,1.2,5.7,116.1,SUCCESS,SUCCESS,68.18,78.57,82.0,87.0,10,0,10,0,,False,False,,,EvoSuite/Result_Round1/JacksonDatabind_49/budget60_seed1,EvoSuite/Result_Round1/JacksonDatabind_49/budget60_seed1/run.log
JacksonDatabind,49,SBST,EvoSuite,1.2.0,com.fasterxml.jackson.databind.ser.impl.WritableObjectId,,1,120,LINE:BRANCH:EXCEPTION,default,offline,True,,13,141.2,1.1,5.3,153.4,SUCCESS,SUCCESS,81.82,85.71,86.0,87.0,13,0,13,0,,False,False,,,EvoSuite/Result_Round2/JacksonDatabind_49/budget120_seed1,EvoSuite/Result_Round2/JacksonDatabind_49/budget120_seed1/run.log
JacksonDatabind,50,SBST,EvoSuite,1.2.0,com.fasterxml.jackson.databind.deser.BeanDeserializer,,1,60,LINE:BRANCH:EXCEPTION,default,offline,True,,0,59.2,,,,,TOOL_ERROR,,,,,,,,,,False,False,TOOL_ERROR,EvoSuite produced no test files,EvoSuite/Result_Round1/JacksonDatabind_50/budget60_seed1,EvoSuite/Result_Round1/JacksonDatabind_50/budget60_seed1/run.log
JacksonDatabind,50,SBST,EvoSuite,1.2.0,com.fasterxml.jackson.databind.deser.BeanDeserializer,,1,120,LINE:BRANCH:EXCEPTION,default,offline,True,,0,23.6,,,,,TOOL_ERROR,,,,,,,,,,False,False,TOOL_ERROR,EvoSuite produced no test files,EvoSuite/Result_Round2/JacksonDatabind_50/budget120_seed1,EvoSuite/Result_Round2/JacksonDatabind_50/budget120_seed1/run.log
JacksonDatabind,51,SBST,EvoSuite,1.2.0,com.fasterxml.jackson.databind.jsontype.impl.TypeDeserializerBase,,1,60,LINE:BRANCH:EXCEPTION,default,offline,True,,17,80.5,1.0,4.4,116.4,SUCCESS,SUCCESS,64.86,47.22,72.0,55.0,17,0,17,0,,False,False,,,EvoSuite/Result_Round1/JacksonDatabind_51/budget60_seed1,EvoSuite/Result_Round1/JacksonDatabind_51/budget60_seed1/run.log
JacksonDatabind,51,SBST,EvoSuite,1.2.0,com.fasterxml.jackson.databind.jsontype.impl.TypeDeserializerBase,,1,120,LINE:BRANCH:EXCEPTION,default,offline,True,,0,116.8,,,,,TOOL_ERROR,,,,,,,,,,False,False,TOOL_ERROR,EvoSuite produced no test files,EvoSuite/Result_Round2/JacksonDatabind_51/budget120_seed1,EvoSuite/Result_Round2/JacksonDatabind_51/budget120_seed1/run.log
JacksonDatabind,52,SBST,EvoSuite,1.2.0,com.fasterxml.jackson.databind.deser.BeanDeserializerBase;com.fasterxml.jackson.databind.deser.impl.ExternalTypeHandler,,1,60,LINE:BRANCH:EXCEPTION,default,offline,True,,15,108.0,1.1,5.2,144.4,SUCCESS,RUNTIME_FAIL,4.21,1.16,41.0,29.0,15,2,15,15,test09(com.fasterxml.jackson.databind.deser.impl.ExternalTypeHandler_ESTest);test09(com.fasterxml.jackson.databind.deser.impl.ExternalTypeHandler_ESTest);test08(com.fasterxml.jackson.databind.deser.impl.ExternalTypeHandler_ESTest);test07(com.fasterxml.jackson.databind.deser.impl.ExternalTypeHandler_ESTest);test06(com.fasterxml.jackson.databind.deser.impl.ExternalTypeHandler_ESTest),False,False,,,EvoSuite/Result_Round1/JacksonDatabind_52/budget60_seed1,EvoSuite/Result_Round1/JacksonDatabind_52/budget60_seed1/run.log
JacksonDatabind,52,SBST,EvoSuite,1.2.0,com.fasterxml.jackson.databind.deser.BeanDeserializerBase;com.fasterxml.jackson.databind.deser.impl.ExternalTypeHandler,,1,120,LINE:BRANCH:EXCEPTION,default,offline,True,,0,158.8,,,,,TOOL_ERROR,,,,,,,,,,False,False,TOOL_ERROR,EvoSuite produced no test files,EvoSuite/Result_Round2/JacksonDatabind_52/budget120_seed1,EvoSuite/Result_Round2/JacksonDatabind_52/budget120_seed1/run.log
JacksonDatabind,53,SBST,EvoSuite,1.2.0,com.fasterxml.jackson.databind.type.TypeBindings;com.fasterxml.jackson.databind.type.TypeFactory,,1,60,LINE:BRANCH:EXCEPTION,default,offline,True,,147,259.6,1.3,7.7,297.5,SUCCESS,RUNTIME_FAIL,84.12,74.23,89.0,81.0,147,4,147,8,test11(com.fasterxml.jackson.databind.type.TypeBindings_ESTest);test33(com.fasterxml.jackson.databind.type.TypeBindings_ESTest);test34(com.fasterxml.jackson.databind.type.TypeBindings_ESTest);test10(com.fasterxml.jackson.databind.type.TypeBindings_ESTest);test08(com.fasterxml.jackson.databind.type.TypeBindings_ESTest),False,False,,,EvoSuite/Result_Round1/JacksonDatabind_53/budget60_seed1,EvoSuite/Result_Round1/JacksonDatabind_53/budget60_seed1/run.log
JacksonDatabind,53,SBST,EvoSuite,1.2.0,com.fasterxml.jackson.databind.type.TypeBindings;com.fasterxml.jackson.databind.type.TypeFactory,,1,120,LINE:BRANCH:EXCEPTION,default,offline,True,,176,382.0,1.4,8.2,397.2,SUCCESS,RUNTIME_FAIL,87.01,80.06,90.5,84.5,176,2,176,8,test11(com.fasterxml.jackson.databind.type.TypeBindings_ESTest);test11(com.fasterxml.jackson.databind.type.TypeBindings_ESTest);test33(com.fasterxml.jackson.databind.type.TypeBindings_ESTest);test12(com.fasterxml.jackson.databind.type.TypeBindings_ESTest);test10(com.fasterxml.jackson.databind.type.TypeBindings_ESTest),False,False,,,EvoSuite/Result_Round2/JacksonDatabind_53/budget120_seed1,EvoSuite/Result_Round2/JacksonDatabind_53/budget120_seed1/run.log
JacksonDatabind,54,SBST,EvoSuite,1.2.0,com.fasterxml.jackson.databind.ser.PropertyBuilder,,1,60,LINE:BRANCH:EXCEPTION,default,offline,True,,0,6.9,,,,,TOOL_ERROR,,,,,,,,,,False,False,TOOL_ERROR,EvoSuite produced no test files,EvoSuite/Result_Round1/JacksonDatabind_54/budget60_seed1,EvoSuite/Result_Round1/JacksonDatabind_54/budget60_seed1/run.log
JacksonDatabind,54,SBST,EvoSuite,1.2.0,com.fasterxml.jackson.databind.ser.PropertyBuilder,,1,120,LINE:BRANCH:EXCEPTION,default,offline,True,,0,22.0,,,,,TOOL_ERROR,,,,,,,,,,False,False,TOOL_ERROR,EvoSuite produced no test files,EvoSuite/Result_Round2/JacksonDatabind_54/budget120_seed1,EvoSuite/Result_Round2/JacksonDatabind_54/budget120_seed1/run.log
JacksonDatabind,55,SBST,EvoSuite,1.2.0,com.fasterxml.jackson.databind.ser.std.StdKeySerializers,,1,60,LINE:BRANCH:EXCEPTION,default,offline,True,,17,97.9,1.0,4.4,132.3,SUCCESS,RUNTIME_FAIL,72.0,69.23,74.0,78.0,16,2,16,4,test01(com.fasterxml.jackson.databind.ser.std.StdKeySerializers_ESTest);test12(com.fasterxml.jackson.databind.ser.std.StdKeySerializers_ESTest);test13(com.fasterxml.jackson.databind.ser.std.StdKeySerializers_ESTest);test07(com.fasterxml.jackson.databind.ser.std.StdKeySerializers_ESTest),False,False,,,EvoSuite/Result_Round1/JacksonDatabind_55/budget60_seed1,EvoSuite/Result_Round1/JacksonDatabind_55/budget60_seed1/run.log
JacksonDatabind,55,SBST,EvoSuite,1.2.0,com.fasterxml.jackson.databind.ser.std.StdKeySerializers,,1,120,LINE:BRANCH:EXCEPTION,default,offline,True,,16,150.5,0.9,4.4,161.2,SUCCESS,RUNTIME_FAIL,72.0,65.38,77.0,76.0,15,2,15,3,test01(com.fasterxml.jackson.databind.ser.std.StdKeySerializers_ESTest);test12(com.fasterxml.jackson.databind.ser.std.StdKeySerializers_ESTest);test00(com.fasterxml.jackson.databind.ser.std.StdKeySerializers_ESTest),False,False,,,EvoSuite/Result_Round2/JacksonDatabind_55/budget120_seed1,EvoSuite/Result_Round2/JacksonDatabind_55/budget120_seed1/run.log
JacksonDatabind,56,SBST,EvoSuite,1.2.0,com.fasterxml.jackson.databind.deser.std.FromStringDeserializer,,1,60,LINE:BRANCH:EXCEPTION,default,offline,True,,24,85.3,0.9,4.7,120.4,SUCCESS,RUNTIME_FAIL,44.12,36.0,63.0,66.0,23,4,23,5,test01(com.fasterxml.jackson.databind.deser.std.FromStringDeserializer_ESTest);test12(com.fasterxml.jackson.databind.deser.std.FromStringDeserializer_ESTest);test12(com.fasterxml.jackson.databind.deser.std.FromStringDeserializer_ESTest);test00(com.fasterxml.jackson.databind.deser.std.FromStringDeserializer_ESTest);test05(com.fasterxml.jackson.databind.deser.std.FromStringDeserializer_ESTest),False,False,,,EvoSuite/Result_Round1/JacksonDatabind_56/budget60_seed1,EvoSuite/Result_Round1/JacksonDatabind_56/budget60_seed1/run.log
JacksonDatabind,56,SBST,EvoSuite,1.2.0,com.fasterxml.jackson.databind.deser.std.FromStringDeserializer,,1,120,LINE:BRANCH:EXCEPTION,default,offline,True,,27,146.2,0.9,4.5,157.0,SUCCESS,RUNTIME_FAIL,32.35,28.0,62.0,65.0,26,4,26,5,test01(com.fasterxml.jackson.databind.deser.std.FromStringDeserializer_ESTest);test01(com.fasterxml.jackson.databind.deser.std.FromStringDeserializer_ESTest);test23(com.fasterxml.jackson.databind.deser.std.FromStringDeserializer_ESTest);test23(com.fasterxml.jackson.databind.deser.std.FromStringDeserializer_ESTest);test00(com.fasterxml.jackson.databind.deser.std.FromStringDeserializer_ESTest),False,False,,,EvoSuite/Result_Round2/JacksonDatabind_56/budget120_seed1,EvoSuite/Result_Round2/JacksonDatabind_56/budget120_seed1/run.log
JacksonDatabind,57,SBST,EvoSuite,1.2.0,com.fasterxml.jackson.databind.ObjectReader,,1,60,LINE:BRANCH:EXCEPTION,default,offline,True,,142,140.0,1.3,6.4,177.3,SUCCESS,RUNTIME_FAIL,59.31,45.51,78.0,70.0,138,2,138,6,test047(com.fasterxml.jackson.databind.ObjectReader_ESTest);test046(com.fasterxml.jackson.databind.ObjectReader_ESTest);test005(com.fasterxml.jackson.databind.ObjectReader_ESTest);test004(com.fasterxml.jackson.databind.ObjectReader_ESTest);test006(com.fasterxml.jackson.databind.ObjectReader_ESTest),False,False,,,EvoSuite/Result_Round1/JacksonDatabind_57/budget60_seed1,EvoSuite/Result_Round1/JacksonDatabind_57/budget60_seed1/run.log
JacksonDatabind,57,SBST,EvoSuite,1.2.0,com.fasterxml.jackson.databind.ObjectReader,,1,120,LINE:BRANCH:EXCEPTION,default,offline,True,,166,201.7,1.3,7.7,216.3,SUCCESS,RUNTIME_FAIL,59.8,46.79,78.0,71.0,163,4,163,7,test047(com.fasterxml.jackson.databind.ObjectReader_ESTest);test046(com.fasterxml.jackson.databind.ObjectReader_ESTest);test046(com.fasterxml.jackson.databind.ObjectReader_ESTest);test049(com.fasterxml.jackson.databind.ObjectReader_ESTest);test014(com.fasterxml.jackson.databind.ObjectReader_ESTest),False,False,,,EvoSuite/Result_Round2/JacksonDatabind_57/budget120_seed1,EvoSuite/Result_Round2/JacksonDatabind_57/budget120_seed1/run.log
JacksonDatabind,58,SBST,EvoSuite,1.2.0,com.fasterxml.jackson.databind.deser.BeanDeserializerFactory,,1,60,LINE:BRANCH:EXCEPTION,default,offline,True,,22,84.8,1.0,5.4,120.2,SUCCESS,RUNTIME_FAIL,46.75,35.5,53.0,45.0,22,2,22,2,test10(com.fasterxml.jackson.databind.deser.BeanDeserializerFactory_ESTest);test21(com.fasterxml.jackson.databind.deser.BeanDeserializerFactory_ESTest),False,False,,,EvoSuite/Result_Round1/JacksonDatabind_58/budget60_seed1,EvoSuite/Result_Round1/JacksonDatabind_58/budget60_seed1/run.log
JacksonDatabind,58,SBST,EvoSuite,1.2.0,com.fasterxml.jackson.databind.deser.BeanDeserializerFactory,,1,120,LINE:BRANCH:EXCEPTION,default,offline,True,,24,147.3,1.1,5.7,159.4,SUCCESS,RUNTIME_FAIL,54.18,48.0,56.0,51.0,24,2,24,2,test10(com.fasterxml.jackson.databind.deser.BeanDeserializerFactory_ESTest);test21(com.fasterxml.jackson.databind.deser.BeanDeserializerFactory_ESTest),False,False,,,EvoSuite/Result_Round2/JacksonDatabind_58/budget120_seed1,EvoSuite/Result_Round2/JacksonDatabind_58/budget120_seed1/run.log
JacksonDatabind,59,SBST,EvoSuite,1.2.0,com.fasterxml.jackson.databind.JavaType;com.fasterxml.jackson.databind.type.CollectionLikeType;com.fasterxml.jackson.databind.type.MapLikeType;com.fasterxml.jackson.databind.type.TypeFactory,,1,60,LINE:BRANCH:EXCEPTION,default,offline,True,,209,436.3,1.4,10.5,477.6,SUCCESS,RUNTIME_FAIL,86.87,79.46,95.2,91.2,209,8,209,18,test03(com.fasterxml.jackson.databind.JavaType_ESTest);test25(com.fasterxml.jackson.databind.JavaType_ESTest);test02(com.fasterxml.jackson.databind.JavaType_ESTest);test27(com.fasterxml.jackson.databind.JavaType_ESTest);test36(com.fasterxml.jackson.databind.JavaType_ESTest),False,False,,,EvoSuite/Result_Round1/JacksonDatabind_59/budget60_seed1,EvoSuite/Result_Round1/JacksonDatabind_59/budget60_seed1/run.log
JacksonDatabind,59,SBST,EvoSuite,1.2.0,com.fasterxml.jackson.databind.JavaType;com.fasterxml.jackson.databind.type.CollectionLikeType;com.fasterxml.jackson.databind.type.MapLikeType;com.fasterxml.jackson.databind.type.TypeFactory,,1,120,LINE:BRANCH:EXCEPTION,default,offline,True,,81,333.4,1.1,6.7,346.7,SUCCESS,RUNTIME_FAIL,65.49,55.29,100.0,98.5,81,4,81,11,test03(com.fasterxml.jackson.databind.JavaType_ESTest);test25(com.fasterxml.jackson.databind.JavaType_ESTest);test04(com.fasterxml.jackson.databind.JavaType_ESTest);test32(com.fasterxml.jackson.databind.JavaType_ESTest);test31(com.fasterxml.jackson.databind.JavaType_ESTest),False,False,,,EvoSuite/Result_Round2/JacksonDatabind_59/budget120_seed1,EvoSuite/Result_Round2/JacksonDatabind_59/budget120_seed1/run.log
JacksonDatabind,60,SBST,EvoSuite,1.2.0,com.fasterxml.jackson.databind.ser.std.JsonValueSerializer,,1,60,LINE:BRANCH:EXCEPTION,default,offline,True,,0,36.9,,,,,TOOL_ERROR,,,,,,,,,,False,False,TOOL_ERROR,EvoSuite produced no test files,EvoSuite/Result_Round1/JacksonDatabind_60/budget60_seed1,EvoSuite/Result_Round1/JacksonDatabind_60/budget60_seed1/run.log
JacksonDatabind,60,SBST,EvoSuite,1.2.0,com.fasterxml.jackson.databind.ser.std.JsonValueSerializer,,1,120,LINE:BRANCH:EXCEPTION,default,offline,True,,0,28.5,,,,,TOOL_ERROR,,,,,,,,,,False,False,TOOL_ERROR,EvoSuite produced no test files,EvoSuite/Result_Round2/JacksonDatabind_60/budget120_seed1,EvoSuite/Result_Round2/JacksonDatabind_60/budget120_seed1/run.log
JacksonDatabind,61,SBST,EvoSuite,1.2.0,com.fasterxml.jackson.databind.ObjectMapper;com.fasterxml.jackson.databind.jsontype.impl.StdTypeResolverBuilder,,1,60,LINE:BRANCH:EXCEPTION,default,offline,True,,244,212.2,1.4,7.5,251.8,SUCCESS,SUCCESS,75.46,55.56,78.0,74.0,242,0,242,0,,False,False,,,EvoSuite/Result_Round1/JacksonDatabind_61/budget60_seed1,EvoSuite/Result_Round1/JacksonDatabind_61/budget60_seed1/run.log
JacksonDatabind,61,SBST,EvoSuite,1.2.0,com.fasterxml.jackson.databind.ObjectMapper;com.fasterxml.jackson.databind.jsontype.impl.StdTypeResolverBuilder,,1,120,LINE:BRANCH:EXCEPTION,default,offline,True,,319,365.6,1.5,9.4,382.0,SUCCESS,RUNTIME_FAIL,76.98,62.5,87.0,84.5,314,2,314,4,test081(com.fasterxml.jackson.databind.ObjectMapper_ESTest);test080(com.fasterxml.jackson.databind.ObjectMapper_ESTest);test18(com.fasterxml.jackson.databind.jsontype.impl.StdTypeResolverBuilder_ESTest);test25(com.fasterxml.jackson.databind.jsontype.impl.StdTypeResolverBuilder_ESTest),False,False,,,EvoSuite/Result_Round2/JacksonDatabind_61/budget120_seed1,EvoSuite/Result_Round2/JacksonDatabind_61/budget120_seed1/run.log
JacksonDatabind,62,SBST,EvoSuite,1.2.0,com.fasterxml.jackson.databind.deser.std.CollectionDeserializer,,1,60,LINE:BRANCH:EXCEPTION,default,offline,True,,26,89.0,1.1,5.8,124.8,SUCCESS,SUCCESS,40.0,44.12,58.0,56.0,26,0,26,1,test11(com.fasterxml.jackson.databind.deser.std.CollectionDeserializer_ESTest),True,False,,,EvoSuite/Result_Round1/JacksonDatabind_62/budget60_seed1,EvoSuite/Result_Round1/JacksonDatabind_62/budget60_seed1/run.log
JacksonDatabind,62,SBST,EvoSuite,1.2.0,com.fasterxml.jackson.databind.deser.std.CollectionDeserializer,,1,120,LINE:BRANCH:EXCEPTION,default,offline,True,,25,150.3,1.1,6.0,162.9,SUCCESS,RUNTIME_FAIL,42.86,45.59,62.0,59.0,25,4,25,5,test00(com.fasterxml.jackson.databind.deser.std.CollectionDeserializer_ESTest);test22(com.fasterxml.jackson.databind.deser.std.CollectionDeserializer_ESTest);test22(com.fasterxml.jackson.databind.deser.std.CollectionDeserializer_ESTest);test01(com.fasterxml.jackson.databind.deser.std.CollectionDeserializer_ESTest);test11(com.fasterxml.jackson.databind.deser.std.CollectionDeserializer_ESTest),False,False,,,EvoSuite/Result_Round2/JacksonDatabind_62/budget120_seed1,EvoSuite/Result_Round2/JacksonDatabind_62/budget120_seed1/run.log
JacksonDatabind,63,SBST,EvoSuite,1.2.0,com.fasterxml.jackson.databind.JsonMappingException,,1,60,LINE:BRANCH:EXCEPTION,default,offline,True,,39,97.5,1.0,4.9,134.4,SUCCESS,RUNTIME_FAIL,90.0,83.33,95.0,91.0,39,2,39,2,test02(com.fasterxml.jackson.databind.JsonMappingException_ESTest);test24(com.fasterxml.jackson.databind.JsonMappingException_ESTest),False,False,,,EvoSuite/Result_Round1/JacksonDatabind_63/budget60_seed1,EvoSuite/Result_Round1/JacksonDatabind_63/budget60_seed1/run.log
JacksonDatabind,63,SBST,EvoSuite,1.2.0,com.fasterxml.jackson.databind.JsonMappingException,,1,120,LINE:BRANCH:EXCEPTION,default,offline,True,,44,158.1,1.0,4.9,169.5,SUCCESS,SUCCESS,88.75,83.33,95.0,91.0,44,0,44,0,,False,False,,,EvoSuite/Result_Round2/JacksonDatabind_63/budget120_seed1,EvoSuite/Result_Round2/JacksonDatabind_63/budget120_seed1/run.log
JacksonDatabind,64,SBST,EvoSuite,1.2.0,com.fasterxml.jackson.databind.ser.PropertyBuilder,,1,60,LINE:BRANCH:EXCEPTION,default,offline,True,,0,20.8,,,,,TOOL_ERROR,,,,,,,,,,False,False,TOOL_ERROR,EvoSuite produced no test files,EvoSuite/Result_Round1/JacksonDatabind_64/budget60_seed1,EvoSuite/Result_Round1/JacksonDatabind_64/budget60_seed1/run.log
JacksonDatabind,64,SBST,EvoSuite,1.2.0,com.fasterxml.jackson.databind.ser.PropertyBuilder,,1,120,LINE:BRANCH:EXCEPTION,default,offline,True,,0,20.7,,,,,TOOL_ERROR,,,,,,,,,,False,False,TOOL_ERROR,EvoSuite produced no test files,EvoSuite/Result_Round2/JacksonDatabind_64/budget120_seed1,EvoSuite/Result_Round2/JacksonDatabind_64/budget120_seed1/run.log
JacksonDatabind,66,SBST,EvoSuite,1.2.0,com.fasterxml.jackson.databind.deser.std.StdKeyDeserializer,,1,60,LINE:BRANCH:EXCEPTION,default,offline,True,,0,19.1,,,,,TOOL_ERROR,,,,,,,,,,False,False,TOOL_ERROR,EvoSuite produced no test files,EvoSuite/Result_Round1/JacksonDatabind_66/budget60_seed1,EvoSuite/Result_Round1/JacksonDatabind_66/budget60_seed1/run.log
JacksonDatabind,66,SBST,EvoSuite,1.2.0,com.fasterxml.jackson.databind.deser.std.StdKeyDeserializer,,1,120,LINE:BRANCH:EXCEPTION,default,offline,True,,0,27.7,,,,,TOOL_ERROR,,,,,,,,,,False,False,TOOL_ERROR,EvoSuite produced no test files,EvoSuite/Result_Round2/JacksonDatabind_66/budget120_seed1,EvoSuite/Result_Round2/JacksonDatabind_66/budget120_seed1/run.log
JacksonDatabind,67,SBST,EvoSuite,1.2.0,com.fasterxml.jackson.databind.deser.BasicDeserializerFactory,,1,60,LINE:BRANCH:EXCEPTION,default,offline,True,,49,105.3,1.1,5.9,142.6,SUCCESS,SUCCESS,43.76,27.12,44.0,28.0,49,0,49,0,,False,False,,,EvoSuite/Result_Round1/JacksonDatabind_67/budget60_seed1,EvoSuite/Result_Round1/JacksonDatabind_67/budget60_seed1/run.log
JacksonDatabind,67,SBST,EvoSuite,1.2.0,com.fasterxml.jackson.databind.deser.BasicDeserializerFactory,,1,120,LINE:BRANCH:EXCEPTION,default,offline,True,,61,170.6,1.1,6.4,183.6,SUCCESS,RUNTIME_FAIL,44.64,28.59,45.0,30.0,61,2,61,2,test27(com.fasterxml.jackson.databind.deser.BasicDeserializerFactory_ESTest);test26(com.fasterxml.jackson.databind.deser.BasicDeserializerFactory_ESTest),False,False,,,EvoSuite/Result_Round2/JacksonDatabind_67/budget120_seed1,EvoSuite/Result_Round2/JacksonDatabind_67/budget120_seed1/run.log
JacksonDatabind,68,SBST,EvoSuite,1.2.0,com.fasterxml.jackson.databind.deser.BeanDeserializerBase,,1,60,LINE:BRANCH:EXCEPTION,default,offline,True,,3,72.6,0.8,4.3,108.2,SUCCESS,SUCCESS,23.14,15.18,23.0,16.0,3,0,3,0,,False,False,,,EvoSuite/Result_Round1/JacksonDatabind_68/budget60_seed1,EvoSuite/Result_Round1/JacksonDatabind_68/budget60_seed1/run.log
JacksonDatabind,68,SBST,EvoSuite,1.2.0,com.fasterxml.jackson.databind.deser.BeanDeserializerBase,,1,120,LINE:BRANCH:EXCEPTION,default,offline,True,,3,132.4,0.8,4.3,142.9,SUCCESS,RUNTIME_FAIL,21.96,13.82,23.0,16.0,3,2,3,2,test1(com.fasterxml.jackson.databind.deser.BeanDeserializerBase_ESTest);test0(com.fasterxml.jackson.databind.deser.BeanDeserializerBase_ESTest),False,False,,,EvoSuite/Result_Round2/JacksonDatabind_68/budget120_seed1,EvoSuite/Result_Round2/JacksonDatabind_68/budget120_seed1/run.log
JacksonDatabind,69,SBST,EvoSuite,1.2.0,com.fasterxml.jackson.databind.deser.impl.CreatorCollector,,1,60,LINE:BRANCH:EXCEPTION,default,offline,True,,31,93.3,1.2,5.9,130.3,SUCCESS,RUNTIME_FAIL,72.32,41.67,77.0,60.0,31,2,31,3,test08(com.fasterxml.jackson.databind.deser.impl.CreatorCollector_ESTest);test09(com.fasterxml.jackson.databind.deser.impl.CreatorCollector_ESTest);test00(com.fasterxml.jackson.databind.deser.impl.CreatorCollector_ESTest),False,False,,,EvoSuite/Result_Round1/JacksonDatabind_69/budget60_seed1,EvoSuite/Result_Round1/JacksonDatabind_69/budget60_seed1/run.log
JacksonDatabind,69,SBST,EvoSuite,1.2.0,com.fasterxml.jackson.databind.deser.impl.CreatorCollector,,1,120,LINE:BRANCH:EXCEPTION,default,offline,True,,0,66.8,,,,,TOOL_ERROR,,,,,,,,,,False,False,TOOL_ERROR,EvoSuite produced no test files,EvoSuite/Result_Round2/JacksonDatabind_69/budget120_seed1,EvoSuite/Result_Round2/JacksonDatabind_69/budget120_seed1/run.log
JacksonDatabind,70,SBST,EvoSuite,1.2.0,com.fasterxml.jackson.databind.deser.impl.BeanPropertyMap,,1,60,LINE:BRANCH:EXCEPTION,default,offline,True,,0,21.8,,,,,TOOL_ERROR,,,,,,,,,,False,False,TOOL_ERROR,EvoSuite produced no test files,EvoSuite/Result_Round1/JacksonDatabind_70/budget60_seed1,EvoSuite/Result_Round1/JacksonDatabind_70/budget60_seed1/run.log
JacksonDatabind,70,SBST,EvoSuite,1.2.0,com.fasterxml.jackson.databind.deser.impl.BeanPropertyMap,,1,120,LINE:BRANCH:EXCEPTION,default,offline,True,,47,166.1,1.1,5.9,178.5,SUCCESS,RUNTIME_FAIL,86.28,77.54,87.0,79.0,46,2,46,2,test30(com.fasterxml.jackson.databind.deser.impl.BeanPropertyMap_ESTest);test14(com.fasterxml.jackson.databind.deser.impl.BeanPropertyMap_ESTest),False,False,,,EvoSuite/Result_Round2/JacksonDatabind_70/budget120_seed1,EvoSuite/Result_Round2/JacksonDatabind_70/budget120_seed1/run.log
JacksonDatabind,71,SBST,EvoSuite,1.2.0,com.fasterxml.jackson.databind.deser.std.StdKeyDeserializer,,1,60,LINE:BRANCH:EXCEPTION,default,offline,True,,0,5.7,,,,,TOOL_ERROR,,,,,,,,,,False,False,TOOL_ERROR,EvoSuite produced no test files,EvoSuite/Result_Round1/JacksonDatabind_71/budget60_seed1,EvoSuite/Result_Round1/JacksonDatabind_71/budget60_seed1/run.log
JacksonDatabind,71,SBST,EvoSuite,1.2.0,com.fasterxml.jackson.databind.deser.std.StdKeyDeserializer,,1,120,LINE:BRANCH:EXCEPTION,default,offline,True,,0,5.6,,,,,TOOL_ERROR,,,,,,,,,,False,False,TOOL_ERROR,EvoSuite produced no test files,EvoSuite/Result_Round2/JacksonDatabind_71/budget120_seed1,EvoSuite/Result_Round2/JacksonDatabind_71/budget120_seed1/run.log
JacksonDatabind,72,SBST,EvoSuite,1.2.0,com.fasterxml.jackson.databind.deser.impl.InnerClassProperty,,1,60,LINE:BRANCH:EXCEPTION,default,offline,True,,0,3.1,,,,,TOOL_ERROR,,,,,,,,,,False,False,TOOL_ERROR,EvoSuite produced no test files,EvoSuite/Result_Round1/JacksonDatabind_72/budget60_seed1,EvoSuite/Result_Round1/JacksonDatabind_72/budget60_seed1/run.log
JacksonDatabind,72,SBST,EvoSuite,1.2.0,com.fasterxml.jackson.databind.deser.impl.InnerClassProperty,,1,120,LINE:BRANCH:EXCEPTION,default,offline,True,,0,3.1,,,,,TOOL_ERROR,,,,,,,,,,False,False,TOOL_ERROR,EvoSuite produced no test files,EvoSuite/Result_Round2/JacksonDatabind_72/budget120_seed1,EvoSuite/Result_Round2/JacksonDatabind_72/budget120_seed1/run.log
JacksonDatabind,73,SBST,EvoSuite,1.2.0,com.fasterxml.jackson.databind.introspect.POJOPropertiesCollector;com.fasterxml.jackson.databind.introspect.POJOPropertyBuilder,,1,60,LINE:BRANCH:EXCEPTION,default,offline,True,,18,143.5,0.8,3.4,177.6,SUCCESS,SUCCESS,0.0,0.0,5.5,5.0,19,0,19,0,,False,False,,,EvoSuite/Result_Round1/JacksonDatabind_73/budget60_seed1,EvoSuite/Result_Round1/JacksonDatabind_73/budget60_seed1/run.log
JacksonDatabind,73,SBST,EvoSuite,1.2.0,com.fasterxml.jackson.databind.introspect.POJOPropertiesCollector;com.fasterxml.jackson.databind.introspect.POJOPropertyBuilder,,1,120,LINE:BRANCH:EXCEPTION,default,offline,True,,0,189.8,0.7,0.5,195.8,SUCCESS,SUCCESS,,,0.0,0.0,1,0,1,0,,False,False,JACOCO_NO_DATA,JaCoCo produced no coverage for target class,EvoSuite/Result_Round2/JacksonDatabind_73/budget120_seed1,EvoSuite/Result_Round2/JacksonDatabind_73/budget120_seed1/run.log
JacksonDatabind,74,SBST,EvoSuite,1.2.0,com.fasterxml.jackson.databind.jsontype.impl.AsPropertyTypeDeserializer,,1,60,LINE:BRANCH:EXCEPTION,default,offline,True,,12,81.5,1.0,4.2,116.6,SUCCESS,RUNTIME_FAIL,30.77,18.42,35.0,29.0,12,2,12,2,test03(com.fasterxml.jackson.databind.jsontype.impl.AsPropertyTypeDeserializer_ESTest);test02(com.fasterxml.jackson.databind.jsontype.impl.AsPropertyTypeDeserializer_ESTest),False,False,,,EvoSuite/Result_Round1/JacksonDatabind_74/budget60_seed1,EvoSuite/Result_Round1/JacksonDatabind_74/budget60_seed1/run.log
JacksonDatabind,74,SBST,EvoSuite,1.2.0,com.fasterxml.jackson.databind.jsontype.impl.AsPropertyTypeDeserializer,,1,120,LINE:BRANCH:EXCEPTION,default,offline,True,,13,142.4,1.0,4.4,153.1,SUCCESS,RUNTIME_FAIL,38.46,23.68,42.0,33.0,13,2,13,2,test03(com.fasterxml.jackson.databind.jsontype.impl.AsPropertyTypeDeserializer_ESTest);test02(com.fasterxml.jackson.databind.jsontype.impl.AsPropertyTypeDeserializer_ESTest),False,False,,,EvoSuite/Result_Round2/JacksonDatabind_74/budget120_seed1,EvoSuite/Result_Round2/JacksonDatabind_74/budget120_seed1/run.log
JacksonDatabind,75,SBST,EvoSuite,1.2.0,com.fasterxml.jackson.databind.ser.std.EnumSerializer,,1,60,LINE:BRANCH:EXCEPTION,default,offline,True,,14,74.9,0.9,4.4,109.4,SUCCESS,RUNTIME_FAIL,16.18,36.0,18.0,39.0,14,2,14,11,test10(com.fasterxml.jackson.databind.ser.std.EnumSerializer_ESTest);test10(com.fasterxml.jackson.databind.ser.std.EnumSerializer_ESTest);test01(com.fasterxml.jackson.databind.ser.std.EnumSerializer_ESTest);test03(com.fasterxml.jackson.databind.ser.std.EnumSerializer_ESTest);test02(com.fasterxml.jackson.databind.ser.std.EnumSerializer_ESTest),False,False,,,EvoSuite/Result_Round1/JacksonDatabind_75/budget60_seed1,EvoSuite/Result_Round1/JacksonDatabind_75/budget60_seed1/run.log
JacksonDatabind,75,SBST,EvoSuite,1.2.0,com.fasterxml.jackson.databind.ser.std.EnumSerializer,,1,120,LINE:BRANCH:EXCEPTION,default,offline,True,,14,135.2,0.9,4.5,145.9,SUCCESS,RUNTIME_FAIL,16.18,36.0,18.0,39.0,14,2,14,11,test10(com.fasterxml.jackson.databind.ser.std.EnumSerializer_ESTest);test10(com.fasterxml.jackson.databind.ser.std.EnumSerializer_ESTest);test01(com.fasterxml.jackson.databind.ser.std.EnumSerializer_ESTest);test03(com.fasterxml.jackson.databind.ser.std.EnumSerializer_ESTest);test02(com.fasterxml.jackson.databind.ser.std.EnumSerializer_ESTest),False,False,,,EvoSuite/Result_Round2/JacksonDatabind_75/budget120_seed1,EvoSuite/Result_Round2/JacksonDatabind_75/budget120_seed1/run.log
JacksonDatabind,76,SBST,EvoSuite,1.2.0,com.fasterxml.jackson.databind.deser.BuilderBasedDeserializer,,1,60,LINE:BRANCH:EXCEPTION,default,offline,True,,0,36.9,,,,,TOOL_ERROR,,,,,,,,,,False,False,TOOL_ERROR,EvoSuite produced no test files,EvoSuite/Result_Round1/JacksonDatabind_76/budget60_seed1,EvoSuite/Result_Round1/JacksonDatabind_76/budget60_seed1/run.log
JacksonDatabind,76,SBST,EvoSuite,1.2.0,com.fasterxml.jackson.databind.deser.BuilderBasedDeserializer,,1,120,LINE:BRANCH:EXCEPTION,default,offline,True,,0,24.4,,,,,TOOL_ERROR,,,,,,,,,,False,False,TOOL_ERROR,EvoSuite produced no test files,EvoSuite/Result_Round2/JacksonDatabind_76/budget120_seed1,EvoSuite/Result_Round2/JacksonDatabind_76/budget120_seed1/run.log
JacksonDatabind,77,SBST,EvoSuite,1.2.0,com.fasterxml.jackson.databind.deser.BeanDeserializerFactory,,1,60,LINE:BRANCH:EXCEPTION,default,offline,True,,23,86.1,1.0,5.6,121.7,SUCCESS,RUNTIME_FAIL,31.02,24.76,33.0,26.0,23,2,23,3,test10(com.fasterxml.jackson.databind.deser.BeanDeserializerFactory_ESTest);test21(com.fasterxml.jackson.databind.deser.BeanDeserializerFactory_ESTest);test08(com.fasterxml.jackson.databind.deser.BeanDeserializerFactory_ESTest),False,False,,,EvoSuite/Result_Round1/JacksonDatabind_77/budget60_seed1,EvoSuite/Result_Round1/JacksonDatabind_77/budget60_seed1/run.log
JacksonDatabind,77,SBST,EvoSuite,1.2.0,com.fasterxml.jackson.databind.deser.BeanDeserializerFactory,,1,120,LINE:BRANCH:EXCEPTION,default,offline,True,,23,145.2,1.0,5.4,157.0,SUCCESS,RUNTIME_FAIL,46.69,37.38,48.0,38.0,23,4,23,5,test10(com.fasterxml.jackson.databind.deser.BeanDeserializerFactory_ESTest);test21(com.fasterxml.jackson.databind.deser.BeanDeserializerFactory_ESTest);test21(com.fasterxml.jackson.databind.deser.BeanDeserializerFactory_ESTest);test20(com.fasterxml.jackson.databind.deser.BeanDeserializerFactory_ESTest);test09(com.fasterxml.jackson.databind.deser.BeanDeserializerFactory_ESTest),False,False,,,EvoSuite/Result_Round2/JacksonDatabind_77/budget120_seed1,EvoSuite/Result_Round2/JacksonDatabind_77/budget120_seed1/run.log
JacksonDatabind,78,SBST,EvoSuite,1.2.0,com.fasterxml.jackson.databind.deser.BeanDeserializerFactory,,1,60,LINE:BRANCH:EXCEPTION,default,offline,True,,25,86.7,1.0,5.3,122.5,SUCCESS,RUNTIME_FAIL,49.15,39.15,48.0,40.0,25,2,25,4,test10(com.fasterxml.jackson.databind.deser.BeanDeserializerFactory_ESTest);test12(com.fasterxml.jackson.databind.deser.BeanDeserializerFactory_ESTest);test03(com.fasterxml.jackson.databind.deser.BeanDeserializerFactory_ESTest);test08(com.fasterxml.jackson.databind.deser.BeanDeserializerFactory_ESTest),False,False,,,EvoSuite/Result_Round1/JacksonDatabind_78/budget60_seed1,EvoSuite/Result_Round1/JacksonDatabind_78/budget60_seed1/run.log
JacksonDatabind,78,SBST,EvoSuite,1.2.0,com.fasterxml.jackson.databind.deser.BeanDeserializerFactory,,1,120,LINE:BRANCH:EXCEPTION,default,offline,True,,27,148.3,1.0,5.5,160.2,SUCCESS,SUCCESS,50.28,40.09,50.0,41.0,27,0,27,2,test04(com.fasterxml.jackson.databind.deser.BeanDeserializerFactory_ESTest);test08(com.fasterxml.jackson.databind.deser.BeanDeserializerFactory_ESTest),True,False,,,EvoSuite/Result_Round2/JacksonDatabind_78/budget120_seed1,EvoSuite/Result_Round2/JacksonDatabind_78/budget120_seed1/run.log
JacksonDatabind,79,SBST,EvoSuite,1.2.0,com.fasterxml.jackson.databind.introspect.JacksonAnnotationIntrospector;com.fasterxml.jackson.databind.introspect.ObjectIdInfo;com.fasterxml.jackson.databind.ser.std.BeanSerializerBase,,1,60,LINE:BRANCH:EXCEPTION,default,offline,True,,38,166.1,1.1,6.4,203.0,SUCCESS,RUNTIME_FAIL,35.72,22.1,67.0,61.5,38,2,38,3,test04(com.fasterxml.jackson.databind.introspect.ObjectIdInfo_ESTest);test07(com.fasterxml.jackson.databind.ser.std.BeanSerializerBase_ESTest);test06(com.fasterxml.jackson.databind.ser.std.BeanSerializerBase_ESTest),False,False,,,EvoSuite/Result_Round1/JacksonDatabind_79/budget60_seed1,EvoSuite/Result_Round1/JacksonDatabind_79/budget60_seed1/run.log
JacksonDatabind,79,SBST,EvoSuite,1.2.0,com.fasterxml.jackson.databind.introspect.JacksonAnnotationIntrospector;com.fasterxml.jackson.databind.introspect.ObjectIdInfo;com.fasterxml.jackson.databind.ser.std.BeanSerializerBase,,1,120,LINE:BRANCH:EXCEPTION,default,offline,True,,11,144.1,0.8,3.8,154.0,SUCCESS,RUNTIME_FAIL,4.82,1.45,93.0,94.0,11,2,11,3,test04(com.fasterxml.jackson.databind.introspect.ObjectIdInfo_ESTest);test04(com.fasterxml.jackson.databind.introspect.ObjectIdInfo_ESTest);test05(com.fasterxml.jackson.databind.introspect.ObjectIdInfo_ESTest),False,False,,,EvoSuite/Result_Round2/JacksonDatabind_79/budget120_seed1,EvoSuite/Result_Round2/JacksonDatabind_79/budget120_seed1/run.log
JacksonDatabind,80,SBST,EvoSuite,1.2.0,com.fasterxml.jackson.databind.jsontype.impl.StdSubtypeResolver,,1,60,LINE:BRANCH:EXCEPTION,default,offline,True,,12,75.5,0.9,4.6,111.9,SUCCESS,SUCCESS,22.22,19.51,26.0,20.0,12,0,12,0,,False,False,,,EvoSuite/Result_Round1/JacksonDatabind_80/budget60_seed1,EvoSuite/Result_Round1/JacksonDatabind_80/budget60_seed1/run.log
JacksonDatabind,80,SBST,EvoSuite,1.2.0,com.fasterxml.jackson.databind.jsontype.impl.StdSubtypeResolver,,1,120,LINE:BRANCH:EXCEPTION,default,offline,True,,10,135.8,0.9,5.0,147.3,SUCCESS,SUCCESS,22.22,19.51,26.0,20.0,10,0,10,0,,False,False,,,EvoSuite/Result_Round2/JacksonDatabind_80/budget120_seed1,EvoSuite/Result_Round2/JacksonDatabind_80/budget120_seed1/run.log
JacksonDatabind,81,SBST,EvoSuite,1.2.0,com.fasterxml.jackson.databind.introspect.JacksonAnnotationIntrospector,,1,60,LINE:BRANCH:EXCEPTION,default,offline,True,,0,4.2,,,,,TOOL_ERROR,,,,,,,,,,False,False,TOOL_ERROR,EvoSuite produced no test files,EvoSuite/Result_Round1/JacksonDatabind_81/budget60_seed1,EvoSuite/Result_Round1/JacksonDatabind_81/budget60_seed1/run.log
JacksonDatabind,81,SBST,EvoSuite,1.2.0,com.fasterxml.jackson.databind.introspect.JacksonAnnotationIntrospector,,1,120,LINE:BRANCH:EXCEPTION,default,offline,True,,0,3.9,,,,,TOOL_ERROR,,,,,,,,,,False,False,TOOL_ERROR,EvoSuite produced no test files,EvoSuite/Result_Round2/JacksonDatabind_81/budget120_seed1,EvoSuite/Result_Round2/JacksonDatabind_81/budget120_seed1/run.log
JacksonDatabind,82,SBST,EvoSuite,1.2.0,com.fasterxml.jackson.databind.deser.BeanDeserializerFactory,,1,60,LINE:BRANCH:EXCEPTION,default,offline,True,,26,87.9,1.0,5.6,124.9,SUCCESS,RUNTIME_FAIL,32.68,22.64,32.0,25.0,26,2,26,2,test10(com.fasterxml.jackson.databind.deser.BeanDeserializerFactory_ESTest);test12(com.fasterxml.jackson.databind.deser.BeanDeserializerFactory_ESTest),False,False,,,EvoSuite/Result_Round1/JacksonDatabind_82/budget60_seed1,EvoSuite/Result_Round1/JacksonDatabind_82/budget60_seed1/run.log
JacksonDatabind,82,SBST,EvoSuite,1.2.0,com.fasterxml.jackson.databind.deser.BeanDeserializerFactory,,1,120,LINE:BRANCH:EXCEPTION,default,offline,True,,0,36.0,,,,,TOOL_ERROR,,,,,,,,,,False,False,TOOL_ERROR,EvoSuite produced no test files,EvoSuite/Result_Round2/JacksonDatabind_82/budget120_seed1,EvoSuite/Result_Round2/JacksonDatabind_82/budget120_seed1/run.log
JacksonDatabind,83,SBST,EvoSuite,1.2.0,com.fasterxml.jackson.databind.deser.std.FromStringDeserializer,,1,60,LINE:BRANCH:EXCEPTION,default,offline,True,,27,86.7,0.9,4.5,121.5,SUCCESS,RUNTIME_FAIL,34.33,30.43,63.0,68.0,26,2,26,2,test01(com.fasterxml.jackson.databind.deser.std.FromStringDeserializer_ESTest);test23(com.fasterxml.jackson.databind.deser.std.FromStringDeserializer_ESTest),False,False,,,EvoSuite/Result_Round1/JacksonDatabind_83/budget60_seed1,EvoSuite/Result_Round1/JacksonDatabind_83/budget60_seed1/run.log
JacksonDatabind,83,SBST,EvoSuite,1.2.0,com.fasterxml.jackson.databind.deser.std.FromStringDeserializer,,1,120,LINE:BRANCH:EXCEPTION,default,offline,True,,30,148.9,0.9,5.1,160.4,SUCCESS,RUNTIME_FAIL,34.33,30.43,65.0,70.0,30,2,30,2,test01(com.fasterxml.jackson.databind.deser.std.FromStringDeserializer_ESTest);test23(com.fasterxml.jackson.databind.deser.std.FromStringDeserializer_ESTest),False,False,,,EvoSuite/Result_Round2/JacksonDatabind_83/budget120_seed1,EvoSuite/Result_Round2/JacksonDatabind_83/budget120_seed1/run.log
JacksonDatabind,84,SBST,EvoSuite,1.2.0,com.fasterxml.jackson.databind.type.ResolvedRecursiveType,,1,60,LINE:BRANCH:EXCEPTION,default,offline,True,,22,47.9,1.0,4.5,84.1,SUCCESS,SUCCESS,90.91,93.75,100.0,100.0,19,0,19,0,,False,False,,,EvoSuite/Result_Round1/JacksonDatabind_84/budget60_seed1,EvoSuite/Result_Round1/JacksonDatabind_84/budget60_seed1/run.log
JacksonDatabind,84,SBST,EvoSuite,1.2.0,com.fasterxml.jackson.databind.type.ResolvedRecursiveType,,1,120,LINE:BRANCH:EXCEPTION,default,offline,True,,23,39.5,0.8,3.8,49.9,SUCCESS,RUNTIME_FAIL,87.88,93.75,100.0,100.0,20,2,20,2,test01(com.fasterxml.jackson.databind.type.ResolvedRecursiveType_ESTest);test12(com.fasterxml.jackson.databind.type.ResolvedRecursiveType_ESTest),False,False,,,EvoSuite/Result_Round2/JacksonDatabind_84/budget120_seed1,EvoSuite/Result_Round2/JacksonDatabind_84/budget120_seed1/run.log
JacksonDatabind,85,SBST,EvoSuite,1.2.0,com.fasterxml.jackson.databind.ser.std.DateTimeSerializerBase,,1,60,LINE:BRANCH:EXCEPTION,default,offline,True,,19,86.2,1.1,5.4,122.8,SUCCESS,RUNTIME_FAIL,48.39,50.0,50.0,52.0,19,2,19,2,test10(com.fasterxml.jackson.databind.ser.std.DateTimeSerializerBase_ESTest);test01(com.fasterxml.jackson.databind.ser.std.DateTimeSerializerBase_ESTest),False,False,,,EvoSuite/Result_Round1/JacksonDatabind_85/budget60_seed1,EvoSuite/Result_Round1/JacksonDatabind_85/budget60_seed1/run.log
JacksonDatabind,85,SBST,EvoSuite,1.2.0,com.fasterxml.jackson.databind.ser.std.DateTimeSerializerBase,,1,120,LINE:BRANCH:EXCEPTION,default,offline,True,,17,140.9,0.9,5.4,152.7,SUCCESS,RUNTIME_FAIL,35.48,35.19,35.0,38.0,17,2,17,2,test10(com.fasterxml.jackson.databind.ser.std.DateTimeSerializerBase_ESTest);test01(com.fasterxml.jackson.databind.ser.std.DateTimeSerializerBase_ESTest),False,False,,,EvoSuite/Result_Round2/JacksonDatabind_85/budget120_seed1,EvoSuite/Result_Round2/JacksonDatabind_85/budget120_seed1/run.log
JacksonDatabind,86,SBST,EvoSuite,1.2.0,com.fasterxml.jackson.databind.type.ResolvedRecursiveType,,1,60,LINE:BRANCH:EXCEPTION,default,offline,True,,24,76.9,0.9,4.3,114.0,SUCCESS,SUCCESS,90.91,93.75,100.0,100.0,21,0,21,0,,False,False,,,EvoSuite/Result_Round1/JacksonDatabind_86/budget60_seed1,EvoSuite/Result_Round1/JacksonDatabind_86/budget60_seed1/run.log
JacksonDatabind,86,SBST,EvoSuite,1.2.0,com.fasterxml.jackson.databind.type.ResolvedRecursiveType,,1,120,LINE:BRANCH:EXCEPTION,default,offline,True,,21,36.9,0.9,3.8,47.1,SUCCESS,SUCCESS,90.91,93.75,100.0,100.0,18,0,18,0,,False,False,,,EvoSuite/Result_Round2/JacksonDatabind_86/budget120_seed1,EvoSuite/Result_Round2/JacksonDatabind_86/budget120_seed1/run.log
JacksonDatabind,87,SBST,EvoSuite,1.2.0,com.fasterxml.jackson.databind.util.StdDateFormat,,1,60,LINE:BRANCH:EXCEPTION,default,offline,True,,57,88.4,0.9,2.1,121.2,SUCCESS,SUCCESS,95.07,88.97,95.0,95.0,56,0,56,0,,False,False,,,EvoSuite/Result_Round1/JacksonDatabind_87/budget60_seed1,EvoSuite/Result_Round1/JacksonDatabind_87/budget60_seed1/run.log
JacksonDatabind,87,SBST,EvoSuite,1.2.0,com.fasterxml.jackson.databind.util.StdDateFormat,,1,120,LINE:BRANCH:EXCEPTION,default,offline,True,,60,144.3,0.9,2.1,152.7,SUCCESS,SUCCESS,96.55,91.91,97.0,96.0,60,0,60,0,,False,False,,,EvoSuite/Result_Round2/JacksonDatabind_87/budget120_seed1,EvoSuite/Result_Round2/JacksonDatabind_87/budget120_seed1/run.log
JacksonDatabind,88,SBST,EvoSuite,1.2.0,com.fasterxml.jackson.databind.jsontype.impl.ClassNameIdResolver,,1,60,LINE:BRANCH:EXCEPTION,default,offline,True,,15,79.2,0.9,4.5,114.3,SUCCESS,RUNTIME_FAIL,64.71,60.71,71.0,69.0,15,2,15,3,test02(com.fasterxml.jackson.databind.jsontype.impl.ClassNameIdResolver_ESTest);test13(com.fasterxml.jackson.databind.jsontype.impl.ClassNameIdResolver_ESTest);test09(com.fasterxml.jackson.databind.jsontype.impl.ClassNameIdResolver_ESTest),False,False,,,EvoSuite/Result_Round1/JacksonDatabind_88/budget60_seed1,EvoSuite/Result_Round1/JacksonDatabind_88/budget60_seed1/run.log
JacksonDatabind,88,SBST,EvoSuite,1.2.0,com.fasterxml.jackson.databind.jsontype.impl.ClassNameIdResolver,,1,120,LINE:BRANCH:EXCEPTION,default,offline,True,,16,139.4,0.9,4.6,150.4,SUCCESS,RUNTIME_FAIL,66.67,60.71,71.0,69.0,16,2,16,3,test02(com.fasterxml.jackson.databind.jsontype.impl.ClassNameIdResolver_ESTest);test13(com.fasterxml.jackson.databind.jsontype.impl.ClassNameIdResolver_ESTest);test09(com.fasterxml.jackson.databind.jsontype.impl.ClassNameIdResolver_ESTest),False,False,,,EvoSuite/Result_Round2/JacksonDatabind_88/budget120_seed1,EvoSuite/Result_Round2/JacksonDatabind_88/budget120_seed1/run.log
JacksonDatabind,90,SBST,EvoSuite,1.2.0,com.fasterxml.jackson.databind.deser.ValueInstantiator;com.fasterxml.jackson.databind.deser.std.StdValueInstantiator,,1,60,LINE:BRANCH:EXCEPTION,default,offline,True,,52,172.1,1.0,6.0,208.8,SUCCESS,RUNTIME_FAIL,61.57,55.65,75.5,69.5,52,4,52,5,test07(com.fasterxml.jackson.databind.deser.ValueInstantiator_ESTest);test18(com.fasterxml.jackson.databind.deser.ValueInstantiator_ESTest);test06(com.fasterxml.jackson.databind.deser.std.StdValueInstantiator_ESTest);test28(com.fasterxml.jackson.databind.deser.std.StdValueInstantiator_ESTest);test19(com.fasterxml.jackson.databind.deser.std.StdValueInstantiator_ESTest),False,False,,,EvoSuite/Result_Round1/JacksonDatabind_90/budget60_seed1,EvoSuite/Result_Round1/JacksonDatabind_90/budget60_seed1/run.log
JacksonDatabind,90,SBST,EvoSuite,1.2.0,com.fasterxml.jackson.databind.deser.ValueInstantiator;com.fasterxml.jackson.databind.deser.std.StdValueInstantiator,,1,120,LINE:BRANCH:EXCEPTION,default,offline,True,,57,297.8,1.3,7.1,311.7,SUCCESS,RUNTIME_FAIL,62.5,58.87,76.0,71.0,57,4,57,5,test07(com.fasterxml.jackson.databind.deser.ValueInstantiator_ESTest);test18(com.fasterxml.jackson.databind.deser.ValueInstantiator_ESTest);test06(com.fasterxml.jackson.databind.deser.std.StdValueInstantiator_ESTest);test28(com.fasterxml.jackson.databind.deser.std.StdValueInstantiator_ESTest);test20(com.fasterxml.jackson.databind.deser.std.StdValueInstantiator_ESTest),False,False,,,EvoSuite/Result_Round2/JacksonDatabind_90/budget120_seed1,EvoSuite/Result_Round2/JacksonDatabind_90/budget120_seed1/run.log
JacksonDatabind,91,SBST,EvoSuite,1.2.0,com.fasterxml.jackson.databind.deser.DeserializerCache,,1,60,LINE:BRANCH:EXCEPTION,default,offline,True,,26,90.5,1.1,5.7,129.1,SUCCESS,RUNTIME_FAIL,64.07,61.9,70.0,64.0,26,2,26,2,test19(com.fasterxml.jackson.databind.deser.DeserializerCache_ESTest);test17(com.fasterxml.jackson.databind.deser.DeserializerCache_ESTest),False,False,,,EvoSuite/Result_Round1/JacksonDatabind_91/budget60_seed1,EvoSuite/Result_Round1/JacksonDatabind_91/budget60_seed1/run.log
JacksonDatabind,91,SBST,EvoSuite,1.2.0,com.fasterxml.jackson.databind.deser.DeserializerCache,,1,120,LINE:BRANCH:EXCEPTION,default,offline,True,,31,151.8,1.1,5.5,163.8,SUCCESS,SUCCESS,62.87,61.11,67.0,62.0,31,0,31,0,,False,False,,,EvoSuite/Result_Round2/JacksonDatabind_91/budget120_seed1,EvoSuite/Result_Round2/JacksonDatabind_91/budget120_seed1/run.log
JacksonDatabind,92,SBST,EvoSuite,1.2.0,com.fasterxml.jackson.databind.deser.BeanDeserializerFactory,,1,60,LINE:BRANCH:EXCEPTION,default,offline,True,,19,84.5,1.0,5.4,120.5,SUCCESS,RUNTIME_FAIL,55.3,44.12,54.0,45.0,19,2,19,2,test10(com.fasterxml.jackson.databind.deser.BeanDeserializerFactory_ESTest);test01(com.fasterxml.jackson.databind.deser.BeanDeserializerFactory_ESTest),False,False,,,EvoSuite/Result_Round1/JacksonDatabind_92/budget60_seed1,EvoSuite/Result_Round1/JacksonDatabind_92/budget60_seed1/run.log
JacksonDatabind,92,SBST,EvoSuite,1.2.0,com.fasterxml.jackson.databind.deser.BeanDeserializerFactory,,1,120,LINE:BRANCH:EXCEPTION,default,offline,True,,26,150.0,1.0,6.0,162.6,SUCCESS,RUNTIME_FAIL,50.72,40.2,49.0,41.0,26,4,26,4,test10(com.fasterxml.jackson.databind.deser.BeanDeserializerFactory_ESTest);test12(com.fasterxml.jackson.databind.deser.BeanDeserializerFactory_ESTest);test12(com.fasterxml.jackson.databind.deser.BeanDeserializerFactory_ESTest);test11(com.fasterxml.jackson.databind.deser.BeanDeserializerFactory_ESTest),False,False,,,EvoSuite/Result_Round2/JacksonDatabind_92/budget120_seed1,EvoSuite/Result_Round2/JacksonDatabind_92/budget120_seed1/run.log
JacksonDatabind,93,SBST,EvoSuite,1.2.0,com.fasterxml.jackson.databind.jsontype.impl.SubTypeValidator,,1,60,LINE:BRANCH:EXCEPTION,default,offline,True,,4,72.5,0.9,4.4,109.4,SUCCESS,RUNTIME_FAIL,77.78,28.57,50.0,39.0,4,2,4,2,test1(com.fasterxml.jackson.databind.jsontype.impl.SubTypeValidator_ESTest);test0(com.fasterxml.jackson.databind.jsontype.impl.SubTypeValidator_ESTest),False,False,,,EvoSuite/Result_Round1/JacksonDatabind_93/budget60_seed1,EvoSuite/Result_Round1/JacksonDatabind_93/budget60_seed1/run.log
JacksonDatabind,93,SBST,EvoSuite,1.2.0,com.fasterxml.jackson.databind.jsontype.impl.SubTypeValidator,,1,120,LINE:BRANCH:EXCEPTION,default,offline,True,,3,132.2,1.0,4.5,143.3,SUCCESS,RUNTIME_FAIL,77.78,28.57,50.0,39.0,3,2,3,2,test1(com.fasterxml.jackson.databind.jsontype.impl.SubTypeValidator_ESTest);test0(com.fasterxml.jackson.databind.jsontype.impl.SubTypeValidator_ESTest),False,False,,,EvoSuite/Result_Round2/JacksonDatabind_93/budget120_seed1,EvoSuite/Result_Round2/JacksonDatabind_93/budget120_seed1/run.log
JacksonDatabind,94,SBST,EvoSuite,1.2.0,com.fasterxml.jackson.databind.jsontype.impl.SubTypeValidator,,1,60,LINE:BRANCH:EXCEPTION,default,offline,True,,4,72.2,0.9,4.4,108.3,SUCCESS,RUNTIME_FAIL,81.58,33.33,65.0,45.0,4,2,4,2,test1(com.fasterxml.jackson.databind.jsontype.impl.SubTypeValidator_ESTest);test0(com.fasterxml.jackson.databind.jsontype.impl.SubTypeValidator_ESTest),False,False,,,EvoSuite/Result_Round1/JacksonDatabind_94/budget60_seed1,EvoSuite/Result_Round1/JacksonDatabind_94/budget60_seed1/run.log
JacksonDatabind,94,SBST,EvoSuite,1.2.0,com.fasterxml.jackson.databind.jsontype.impl.SubTypeValidator,,1,120,LINE:BRANCH:EXCEPTION,default,offline,True,,4,131.7,0.9,4.1,142.2,SUCCESS,RUNTIME_FAIL,81.58,33.33,65.0,45.0,4,2,4,2,test1(com.fasterxml.jackson.databind.jsontype.impl.SubTypeValidator_ESTest);test0(com.fasterxml.jackson.databind.jsontype.impl.SubTypeValidator_ESTest),False,False,,,EvoSuite/Result_Round2/JacksonDatabind_94/budget120_seed1,EvoSuite/Result_Round2/JacksonDatabind_94/budget120_seed1/run.log
JacksonCore,4,SBST,EvoSuite,1.2.0,com.fasterxml.jackson.core.util.TextBuffer,,1,60,LINE:BRANCH:EXCEPTION,default,offline,True,,73,73.7,,,,,TOOL_ERROR,,,97.0,97.0,,,,,,False,False,TOOL_ERROR,EvoSuite produced no test files,EvoSuite/Result_Round1/JacksonCore_4/budget60_seed1,EvoSuite/Result_Round1/JacksonCore_4/budget60_seed1/run.log
JacksonCore,4,SBST,EvoSuite,1.2.0,com.fasterxml.jackson.core.util.TextBuffer,,1,120,LINE:BRANCH:EXCEPTION,default,offline,True,,73,134.2,,,,,TOOL_ERROR,,,100.0,99.0,,,,,,False,False,TOOL_ERROR,EvoSuite produced no test files,EvoSuite/Result_Round2/JacksonCore_4/budget120_seed1,EvoSuite/Result_Round2/JacksonCore_4/budget120_seed1/run.log
JacksonCore,8,SBST,EvoSuite,1.2.0,com.fasterxml.jackson.core.util.TextBuffer,,1,60,LINE:BRANCH:EXCEPTION,default,offline,True,,76,78.3,,,,,TOOL_ERROR,,,97.0,97.0,,,,,,False,False,TOOL_ERROR,EvoSuite produced no test files,EvoSuite/Result_Round1/JacksonCore_8/budget60_seed1,EvoSuite/Result_Round1/JacksonCore_8/budget60_seed1/run.log
JacksonCore,8,SBST,EvoSuite,1.2.0,com.fasterxml.jackson.core.util.TextBuffer,,1,120,LINE:BRANCH:EXCEPTION,default,offline,True,,71,134.9,,,,,TOOL_ERROR,,,100.0,98.0,,,,,,False,False,TOOL_ERROR,EvoSuite produced no test files,EvoSuite/Result_Round2/JacksonCore_8/budget120_seed1,EvoSuite/Result_Round2/JacksonCore_8/budget120_seed1/run.log
JacksonDatabind,3,SBST,EvoSuite,1.2.0,com.fasterxml.jackson.databind.deser.std.StringArrayDeserializer,,1,60,LINE:BRANCH:EXCEPTION,default,offline,True,,11,84.4,1.1,5.0,117.5,SUCCESS,RUNTIME_FAIL,47.54,30.56,52.0,38.0,11,2,11,2,test05(com.fasterxml.jackson.databind.deser.std.StringArrayDeserializer_ESTest);test04(com.fasterxml.jackson.databind.deser.std.StringArrayDeserializer_ESTest),False,False,,,EvoSuite/Result_Round1/JacksonDatabind_3/budget60_seed1,EvoSuite/Result_Round1/JacksonDatabind_3/budget60_seed1/run.log
JacksonDatabind,5,SBST,EvoSuite,1.2.0,com.fasterxml.jackson.databind.introspect.AnnotatedClass,,1,60,LINE:BRANCH:EXCEPTION,default,offline,True,,0,3.4,,,,,TOOL_ERROR,,,,,,,,,,False,False,TOOL_ERROR,EvoSuite produced no test files,EvoSuite/Result_Round1/JacksonDatabind_5/budget60_seed1,EvoSuite/Result_Round1/JacksonDatabind_5/budget60_seed1/run.log
JacksonDatabind,5,SBST,EvoSuite,1.2.0,com.fasterxml.jackson.databind.introspect.AnnotatedClass,,1,120,LINE:BRANCH:EXCEPTION,default,offline,True,,0,3.3,,,,,TOOL_ERROR,,,,,,,,,,False,False,TOOL_ERROR,EvoSuite produced no test files,EvoSuite/Result_Round2/JacksonDatabind_5/budget120_seed1,EvoSuite/Result_Round2/JacksonDatabind_5/budget120_seed1/run.log
JacksonDatabind,8,SBST,EvoSuite,1.2.0,com.fasterxml.jackson.databind.deser.impl.CreatorCollector,,1,60,LINE:BRANCH:EXCEPTION,default,offline,True,,0,5.4,,,,,TOOL_ERROR,,,,,,,,,,False,False,TOOL_ERROR,EvoSuite produced no test files,EvoSuite/Result_Round1/JacksonDatabind_8/budget60_seed1,EvoSuite/Result_Round1/JacksonDatabind_8/budget60_seed1/run.log
JacksonDatabind,8,SBST,EvoSuite,1.2.0,com.fasterxml.jackson.databind.deser.impl.CreatorCollector,,1,120,LINE:BRANCH:EXCEPTION,default,offline,True,,0,5.3,,,,,TOOL_ERROR,,,,,,,,,,False,False,TOOL_ERROR,EvoSuite produced no test files,EvoSuite/Result_Round2/JacksonDatabind_8/budget120_seed1,EvoSuite/Result_Round2/JacksonDatabind_8/budget120_seed1/run.log
JacksonDatabind,10,SBST,EvoSuite,1.2.0,com.fasterxml.jackson.databind.ser.AnyGetterWriter;com.fasterxml.jackson.databind.ser.BeanSerializerFactory,,1,60,LINE:BRANCH:EXCEPTION,default,offline,True,,0,13.1,,,,,TOOL_ERROR,,,,,,,,,,False,False,TOOL_ERROR,EvoSuite produced no test files,EvoSuite/Result_Round1/JacksonDatabind_10/budget60_seed1,EvoSuite/Result_Round1/JacksonDatabind_10/budget60_seed1/run.log
JacksonDatabind,10,SBST,EvoSuite,1.2.0,com.fasterxml.jackson.databind.ser.AnyGetterWriter;com.fasterxml.jackson.databind.ser.BeanSerializerFactory,,1,120,LINE:BRANCH:EXCEPTION,default,offline,True,,0,13.0,,,,,TOOL_ERROR,,,,,,,,,,False,False,TOOL_ERROR,EvoSuite produced no test files,EvoSuite/Result_Round2/JacksonDatabind_10/budget120_seed1,EvoSuite/Result_Round2/JacksonDatabind_10/budget120_seed1/run.log
JacksonDatabind,11,SBST,EvoSuite,1.2.0,com.fasterxml.jackson.databind.type.TypeFactory,,1,120,LINE:BRANCH:EXCEPTION,default,offline,True,,0,15.1,,,,,TOOL_ERROR,,,,,,,,,,False,False,TOOL_ERROR,EvoSuite produced no test files,EvoSuite/Result_Round2/JacksonDatabind_11/budget120_seed1,EvoSuite/Result_Round2/JacksonDatabind_11/budget120_seed1/run.log
JacksonDatabind,12,SBST,EvoSuite,1.2.0,com.fasterxml.jackson.databind.deser.std.MapDeserializer,,1,60,LINE:BRANCH:EXCEPTION,default,offline,True,,34,98.7,1.0,5.4,132.3,SUCCESS,RUNTIME_FAIL,45.41,40.71,42.0,41.0,34,2,34,7,test08(com.fasterxml.jackson.databind.deser.std.MapDeserializer_ESTest);test09(com.fasterxml.jackson.databind.deser.std.MapDeserializer_ESTest);test29(com.fasterxml.jackson.databind.deser.std.MapDeserializer_ESTest);test27(com.fasterxml.jackson.databind.deser.std.MapDeserializer_ESTest);test22(com.fasterxml.jackson.databind.deser.std.MapDeserializer_ESTest),False,False,,,EvoSuite/Result_Round1/JacksonDatabind_12/budget60_seed1,EvoSuite/Result_Round1/JacksonDatabind_12/budget60_seed1/run.log
JacksonDatabind,13,SBST,EvoSuite,1.2.0,com.fasterxml.jackson.databind.deser.DefaultDeserializationContext;com.fasterxml.jackson.databind.deser.impl.ObjectIdValueProperty,,1,60,LINE:BRANCH:EXCEPTION,default,offline,True,,0,38.5,,,,,TOOL_ERROR,,,,,,,,,,False,False,TOOL_ERROR,EvoSuite produced no test files,EvoSuite/Result_Round1/JacksonDatabind_13/budget60_seed1,EvoSuite/Result_Round1/JacksonDatabind_13/budget60_seed1/run.log
JacksonDatabind,13,SBST,EvoSuite,1.2.0,com.fasterxml.jackson.databind.deser.DefaultDeserializationContext;com.fasterxml.jackson.databind.deser.impl.ObjectIdValueProperty,,1,120,LINE:BRANCH:EXCEPTION,default,offline,True,,0,9.3,,,,,TOOL_ERROR,,,,,,,,,,False,False,TOOL_ERROR,EvoSuite produced no test files,EvoSuite/Result_Round2/JacksonDatabind_13/budget120_seed1,EvoSuite/Result_Round2/JacksonDatabind_13/budget120_seed1/run.log
JacksonDatabind,16,SBST,EvoSuite,1.2.0,com.fasterxml.jackson.databind.introspect.AnnotationMap,,1,60,LINE:BRANCH:EXCEPTION,default,offline,True,,0,3.1,,,,,TOOL_ERROR,,,,,,,,,,False,False,TOOL_ERROR,EvoSuite produced no test files,EvoSuite/Result_Round1/JacksonDatabind_16/budget60_seed1,EvoSuite/Result_Round1/JacksonDatabind_16/budget60_seed1/run.log
JacksonDatabind,16,SBST,EvoSuite,1.2.0,com.fasterxml.jackson.databind.introspect.AnnotationMap,,1,120,LINE:BRANCH:EXCEPTION,default,offline,True,,0,3.1,,,,,TOOL_ERROR,,,,,,,,,,False,False,TOOL_ERROR,EvoSuite produced no test files,EvoSuite/Result_Round2/JacksonDatabind_16/budget120_seed1,EvoSuite/Result_Round2/JacksonDatabind_16/budget120_seed1/run.log
JacksonDatabind,17,SBST,EvoSuite,1.2.0,com.fasterxml.jackson.databind.ObjectMapper,,1,120,LINE:BRANCH:EXCEPTION,default,offline,True,,245,212.1,1.4,7.6,247.9,SUCCESS,RUNTIME_FAIL,76.62,55.95,78.0,71.0,242,3,242,3,test081(com.fasterxml.jackson.databind.ObjectMapper_ESTest);test080(com.fasterxml.jackson.databind.ObjectMapper_ESTest);test095(com.fasterxml.jackson.databind.ObjectMapper_ESTest),False,False,,,EvoSuite/Result_Round2/JacksonDatabind_17/budget120_seed1,EvoSuite/Result_Round2/JacksonDatabind_17/budget120_seed1/run.log
JacksonDatabind,19,SBST,EvoSuite,1.2.0,com.fasterxml.jackson.databind.type.TypeFactory,,1,120,LINE:BRANCH:EXCEPTION,default,offline,True,,0,44.6,,,,,TOOL_ERROR,,,,,,,,,,False,False,TOOL_ERROR,EvoSuite produced no test files,EvoSuite/Result_Round2/JacksonDatabind_19/budget120_seed1,EvoSuite/Result_Round2/JacksonDatabind_19/budget120_seed1/run.log
JacksonDatabind,20,SBST,EvoSuite,1.2.0,com.fasterxml.jackson.databind.node.ObjectNode,,1,120,LINE:BRANCH:EXCEPTION,default,offline,True,,100,132.9,1.1,5.6,167.0,SUCCESS,SUCCESS,92.97,89.29,100.0,100.0,95,0,95,0,,False,False,,,EvoSuite/Result_Round2/JacksonDatabind_20/budget120_seed1,EvoSuite/Result_Round2/JacksonDatabind_20/budget120_seed1/run.log
JacksonDatabind,21,SBST,EvoSuite,1.2.0,com.fasterxml.jackson.databind.introspect.JacksonAnnotationIntrospector,,1,60,LINE:BRANCH:EXCEPTION,default,offline,True,,0,3.6,,,,,TOOL_ERROR,,,,,,,,,,False,False,TOOL_ERROR,EvoSuite produced no test files,EvoSuite/Result_Round1/JacksonDatabind_21/budget60_seed1,EvoSuite/Result_Round1/JacksonDatabind_21/budget60_seed1/run.log
JacksonDatabind,21,SBST,EvoSuite,1.2.0,com.fasterxml.jackson.databind.introspect.JacksonAnnotationIntrospector,,1,120,LINE:BRANCH:EXCEPTION,default,offline,True,,0,3.7,,,,,TOOL_ERROR,,,,,,,,,,False,False,TOOL_ERROR,EvoSuite produced no test files,EvoSuite/Result_Round2/JacksonDatabind_21/budget120_seed1,EvoSuite/Result_Round2/JacksonDatabind_21/budget120_seed1/run.log
JacksonDatabind,22,SBST,EvoSuite,1.2.0,com.fasterxml.jackson.databind.ser.BasicSerializerFactory;com.fasterxml.jackson.databind.ser.BeanSerializerFactory,,1,60,LINE:BRANCH:EXCEPTION,default,offline,True,,0,17.0,,,,,TOOL_ERROR,,,,,,,,,,False,False,TOOL_ERROR,EvoSuite produced no test files,EvoSuite/Result_Round1/JacksonDatabind_22/budget60_seed1,EvoSuite/Result_Round1/JacksonDatabind_22/budget60_seed1/run.log
JacksonDatabind,22,SBST,EvoSuite,1.2.0,com.fasterxml.jackson.databind.ser.BasicSerializerFactory;com.fasterxml.jackson.databind.ser.BeanSerializerFactory,,1,120,LINE:BRANCH:EXCEPTION,default,offline,True,,0,15.4,,,,,TOOL_ERROR,,,,,,,,,,False,False,TOOL_ERROR,EvoSuite produced no test files,EvoSuite/Result_Round2/JacksonDatabind_22/budget120_seed1,EvoSuite/Result_Round2/JacksonDatabind_22/budget120_seed1/run.log
JacksonDatabind,23,SBST,EvoSuite,1.2.0,com.fasterxml.jackson.databind.ser.std.NumberSerializers,,1,60,LINE:BRANCH:EXCEPTION,default,offline,True,,0,47.5,,,,,TOOL_ERROR,,,,,,,,,,False,False,TOOL_ERROR,EvoSuite produced no test files,EvoSuite/Result_Round1/JacksonDatabind_23/budget60_seed1,EvoSuite/Result_Round1/JacksonDatabind_23/budget60_seed1/run.log
JacksonDatabind,23,SBST,EvoSuite,1.2.0,com.fasterxml.jackson.databind.ser.std.NumberSerializers,,1,120,LINE:BRANCH:EXCEPTION,default,offline,True,,0,15.6,,,,,TOOL_ERROR,,,,,,,,,,False,False,TOOL_ERROR,EvoSuite produced no test files,EvoSuite/Result_Round2/JacksonDatabind_23/budget120_seed1,EvoSuite/Result_Round2/JacksonDatabind_23/budget120_seed1/run.log
JacksonDatabind,25,SBST,EvoSuite,1.2.0,com.fasterxml.jackson.databind.deser.BasicDeserializerFactory;com.fasterxml.jackson.databind.deser.DeserializerCache;com.fasterxml.jackson.databind.jsontype.impl.TypeDeserializerBase;com.fasterxml.jackson.databind.module.SimpleAbstractTypeResolver,,1,120,LINE:BRANCH:EXCEPTION,default,offline,True,,0,200.5,,,,,TOOL_ERROR,,,,,,,,,,False,False,TOOL_ERROR,EvoSuite produced no test files,EvoSuite/Result_Round2/JacksonDatabind_25/budget120_seed1,EvoSuite/Result_Round2/JacksonDatabind_25/budget120_seed1/run.log
JacksonDatabind,26,SBST,EvoSuite,1.2.0,com.fasterxml.jackson.databind.ser.BeanPropertyWriter,,1,60,LINE:BRANCH:EXCEPTION,default,offline,True,,0,3.3,,,,,TOOL_ERROR,,,,,,,,,,False,False,TOOL_ERROR,EvoSuite produced no test files,EvoSuite/Result_Round1/JacksonDatabind_26/budget60_seed1,EvoSuite/Result_Round1/JacksonDatabind_26/budget60_seed1/run.log
JacksonDatabind,26,SBST,EvoSuite,1.2.0,com.fasterxml.jackson.databind.ser.BeanPropertyWriter,,1,120,LINE:BRANCH:EXCEPTION,default,offline,True,,0,3.3,,,,,TOOL_ERROR,,,,,,,,,,False,False,TOOL_ERROR,EvoSuite produced no test files,EvoSuite/Result_Round2/JacksonDatabind_26/budget120_seed1,EvoSuite/Result_Round2/JacksonDatabind_26/budget120_seed1/run.log
JacksonDatabind,27,SBST,EvoSuite,1.2.0,com.fasterxml.jackson.databind.deser.BeanDeserializer,,1,120,LINE:BRANCH:EXCEPTION,default,offline,True,,0,27.2,,,,,TOOL_ERROR,,,,,,,,,,False,False,TOOL_ERROR,EvoSuite produced no test files,EvoSuite/Result_Round2/JacksonDatabind_27/budget120_seed1,EvoSuite/Result_Round2/JacksonDatabind_27/budget120_seed1/run.log
JacksonDatabind,32,SBST,EvoSuite,1.2.0,com.fasterxml.jackson.databind.deser.std.UntypedObjectDeserializer,,1,120,LINE:BRANCH:EXCEPTION,default,offline,True,,23,173.3,1.1,5.1,207.5,SUCCESS,RUNTIME_FAIL,56.52,38.46,40.0,38.0,23,2,23,4,test09(com.fasterxml.jackson.databind.deser.std.UntypedObjectDeserializer_ESTest);test08(com.fasterxml.jackson.databind.deser.std.UntypedObjectDeserializer_ESTest);test18(com.fasterxml.jackson.databind.deser.std.UntypedObjectDeserializer_ESTest);test14(com.fasterxml.jackson.databind.deser.std.UntypedObjectDeserializer_ESTest),False,False,,,EvoSuite/Result_Round2/JacksonDatabind_32/budget120_seed1,EvoSuite/Result_Round2/JacksonDatabind_32/budget120_seed1/run.log
JacksonDatabind,33,SBST,EvoSuite,1.2.0,com.fasterxml.jackson.databind.introspect.JacksonAnnotationIntrospector,,1,60,LINE:BRANCH:EXCEPTION,default,offline,True,,0,3.7,,,,,TOOL_ERROR,,,,,,,,,,False,False,TOOL_ERROR,EvoSuite produced no test files,EvoSuite/Result_Round1/JacksonDatabind_33/budget60_seed1,EvoSuite/Result_Round1/JacksonDatabind_33/budget60_seed1/run.log
JacksonDatabind,33,SBST,EvoSuite,1.2.0,com.fasterxml.jackson.databind.introspect.JacksonAnnotationIntrospector,,1,120,LINE:BRANCH:EXCEPTION,default,offline,True,,0,3.7,,,,,TOOL_ERROR,,,,,,,,,,False,False,TOOL_ERROR,EvoSuite produced no test files,EvoSuite/Result_Round2/JacksonDatabind_33/budget120_seed1,EvoSuite/Result_Round2/JacksonDatabind_33/budget120_seed1/run.log
JacksonDatabind,34,SBST,EvoSuite,1.2.0,com.fasterxml.jackson.databind.ser.std.NumberSerializer,,1,120,LINE:BRANCH:EXCEPTION,default,offline,True,,12,138.7,1.0,4.3,173.1,SUCCESS,RUNTIME_FAIL,57.14,66.67,93.0,79.0,12,4,12,4,test04(com.fasterxml.jackson.databind.ser.std.NumberSerializer_ESTest);test05(com.fasterxml.jackson.databind.ser.std.NumberSerializer_ESTest);test05(com.fasterxml.jackson.databind.ser.std.NumberSerializer_ESTest);test02(com.fasterxml.jackson.databind.ser.std.NumberSerializer_ESTest),False,False,,,EvoSuite/Result_Round2/JacksonDatabind_34/budget120_seed1,EvoSuite/Result_Round2/JacksonDatabind_34/budget120_seed1/run.log
JacksonDatabind,35,SBST,EvoSuite,1.2.0,com.fasterxml.jackson.databind.jsontype.impl.AsWrapperTypeDeserializer,,1,60,LINE:BRANCH:EXCEPTION,default,offline,True,,0,63.5,,,,,TOOL_ERROR,,,,,,,,,,False,False,TOOL_ERROR,EvoSuite produced no test files,EvoSuite/Result_Round1/JacksonDatabind_35/budget60_seed1,EvoSuite/Result_Round1/JacksonDatabind_35/budget60_seed1/run.log
JacksonDatabind,35,SBST,EvoSuite,1.2.0,com.fasterxml.jackson.databind.jsontype.impl.AsWrapperTypeDeserializer,,1,120,LINE:BRANCH:EXCEPTION,default,offline,True,,0,6.2,,,,,TOOL_ERROR,,,,,,,,,,False,False,TOOL_ERROR,EvoSuite produced no test files,EvoSuite/Result_Round2/JacksonDatabind_35/budget120_seed1,EvoSuite/Result_Round2/JacksonDatabind_35/budget120_seed1/run.log
JacksonDatabind,39,SBST,EvoSuite,1.2.0,com.fasterxml.jackson.databind.deser.std.NullifyingDeserializer,,1,60,LINE:BRANCH:EXCEPTION,default,offline,True,,4,76.2,0.9,4.1,110.8,SUCCESS,RUNTIME_FAIL,53.85,25.0,50.0,42.0,4,2,4,2,test1(com.fasterxml.jackson.databind.deser.std.NullifyingDeserializer_ESTest);test0(com.fasterxml.jackson.databind.deser.std.NullifyingDeserializer_ESTest),False,False,,,EvoSuite/Result_Round1/JacksonDatabind_39/budget60_seed1,EvoSuite/Result_Round1/JacksonDatabind_39/budget60_seed1/run.log
JacksonDatabind,43,SBST,EvoSuite,1.2.0,com.fasterxml.jackson.databind.deser.impl.ObjectIdValueProperty,,1,60,LINE:BRANCH:EXCEPTION,default,offline,True,,0,3.1,,,,,TOOL_ERROR,,,,,,,,,,False,False,TOOL_ERROR,EvoSuite produced no test files,EvoSuite/Result_Round1/JacksonDatabind_43/budget60_seed1,EvoSuite/Result_Round1/JacksonDatabind_43/budget60_seed1/run.log
JacksonDatabind,43,SBST,EvoSuite,1.2.0,com.fasterxml.jackson.databind.deser.impl.ObjectIdValueProperty,,1,120,LINE:BRANCH:EXCEPTION,default,offline,True,,0,3.1,,,,,TOOL_ERROR,,,,,,,,,,False,False,TOOL_ERROR,EvoSuite produced no test files,EvoSuite/Result_Round2/JacksonDatabind_43/budget120_seed1,EvoSuite/Result_Round2/JacksonDatabind_43/budget120_seed1/run.log
JacksonDatabind,44,SBST,EvoSuite,1.2.0,com.fasterxml.jackson.databind.type.SimpleType,,1,120,LINE:BRANCH:EXCEPTION,default,offline,True,,31,146.4,0.9,4.3,180.7,SUCCESS,RUNTIME_FAIL,78.89,78.0,94.0,94.0,31,2,31,2,test30(com.fasterxml.jackson.databind.type.SimpleType_ESTest);test13(com.fasterxml.jackson.databind.type.SimpleType_ESTest),False,False,,,EvoSuite/Result_Round2/JacksonDatabind_44/budget120_seed1,EvoSuite/Result_Round2/JacksonDatabind_44/budget120_seed1/run.log
JacksonDatabind,47,SBST,EvoSuite,1.2.0,com.fasterxml.jackson.databind.AnnotationIntrospector,,1,60,LINE:BRANCH:EXCEPTION,default,offline,True,,0,3.3,,,,,TOOL_ERROR,,,,,,,,,,False,False,TOOL_ERROR,EvoSuite produced no test files,EvoSuite/Result_Round1/JacksonDatabind_47/budget60_seed1,EvoSuite/Result_Round1/JacksonDatabind_47/budget60_seed1/run.log
JacksonDatabind,47,SBST,EvoSuite,1.2.0,com.fasterxml.jackson.databind.AnnotationIntrospector,,1,120,LINE:BRANCH:EXCEPTION,default,offline,True,,0,3.4,,,,,TOOL_ERROR,,,,,,,,,,False,False,TOOL_ERROR,EvoSuite produced no test files,EvoSuite/Result_Round2/JacksonDatabind_47/budget120_seed1,EvoSuite/Result_Round2/JacksonDatabind_47/budget120_seed1/run.log
JacksonDatabind,48,SBST,EvoSuite,1.2.0,com.fasterxml.jackson.databind.DeserializationConfig;com.fasterxml.jackson.databind.SerializationConfig,,1,60,LINE:BRANCH:EXCEPTION,default,offline,True,,106,144.4,1.2,5.6,181.0,SUCCESS,RUNTIME_FAIL,54.61,48.09,97.0,91.0,106,2,106,2,test015(com.fasterxml.jackson.databind.SerializationConfig_ESTest);test016(com.fasterxml.jackson.databind.SerializationConfig_ESTest),False,False,,,EvoSuite/Result_Round1/JacksonDatabind_48/budget60_seed1,EvoSuite/Result_Round1/JacksonDatabind_48/budget60_seed1/run.log
JacksonDatabind,48,SBST,EvoSuite,1.2.0,com.fasterxml.jackson.databind.DeserializationConfig;com.fasterxml.jackson.databind.SerializationConfig,,1,120,LINE:BRANCH:EXCEPTION,default,offline,True,,108,204.4,1.2,5.5,216.5,SUCCESS,RUNTIME_FAIL,57.91,49.62,97.0,93.0,108,2,108,2,test015(com.fasterxml.jackson.databind.SerializationConfig_ESTest);test016(com.fasterxml.jackson.databind.SerializationConfig_ESTest),False,False,,,EvoSuite/Result_Round2/JacksonDatabind_48/budget120_seed1,EvoSuite/Result_Round2/JacksonDatabind_48/budget120_seed1/run.log
JacksonDatabind,50,SBST,EvoSuite,1.2.0,com.fasterxml.jackson.databind.deser.BeanDeserializer,,1,60,LINE:BRANCH:EXCEPTION,default,offline,True,,0,51.5,,,,,TOOL_ERROR,,,,,,,,,,False,False,TOOL_ERROR,EvoSuite produced no test files,EvoSuite/Result_Round1/JacksonDatabind_50/budget60_seed1,EvoSuite/Result_Round1/JacksonDatabind_50/budget60_seed1/run.log
JacksonDatabind,50,SBST,EvoSuite,1.2.0,com.fasterxml.jackson.databind.deser.BeanDeserializer,,1,120,LINE:BRANCH:EXCEPTION,default,offline,True,,0,57.2,,,,,TOOL_ERROR,,,,,,,,,,False,False,TOOL_ERROR,EvoSuite produced no test files,EvoSuite/Result_Round2/JacksonDatabind_50/budget120_seed1,EvoSuite/Result_Round2/JacksonDatabind_50/budget120_seed1/run.log
JacksonDatabind,51,SBST,EvoSuite,1.2.0,com.fasterxml.jackson.databind.jsontype.impl.TypeDeserializerBase,,1,120,LINE:BRANCH:EXCEPTION,default,offline,True,,17,141.9,1.0,4.4,177.4,SUCCESS,RUNTIME_FAIL,51.35,47.22,72.0,55.0,17,2,17,2,test00(com.fasterxml.jackson.databind.jsontype.impl.TypeDeserializerBase_ESTest);test11(com.fasterxml.jackson.databind.jsontype.impl.TypeDeserializerBase_ESTest),False,False,,,EvoSuite/Result_Round2/JacksonDatabind_51/budget120_seed1,EvoSuite/Result_Round2/JacksonDatabind_51/budget120_seed1/run.log
JacksonDatabind,52,SBST,EvoSuite,1.2.0,com.fasterxml.jackson.databind.deser.BeanDeserializerBase;com.fasterxml.jackson.databind.deser.impl.ExternalTypeHandler,,1,120,LINE:BRANCH:EXCEPTION,default,offline,True,,17,277.8,1.0,6.2,315.0,SUCCESS,RUNTIME_FAIL,20.22,16.47,28.0,20.5,17,2,17,13,test09(com.fasterxml.jackson.databind.deser.impl.ExternalTypeHandler_ESTest);test09(com.fasterxml.jackson.databind.deser.impl.ExternalTypeHandler_ESTest);test08(com.fasterxml.jackson.databind.deser.impl.ExternalTypeHandler_ESTest);test07(com.fasterxml.jackson.databind.deser.impl.ExternalTypeHandler_ESTest);test06(com.fasterxml.jackson.databind.deser.impl.ExternalTypeHandler_ESTest),False,False,,,EvoSuite/Result_Round2/JacksonDatabind_52/budget120_seed1,EvoSuite/Result_Round2/JacksonDatabind_52/budget120_seed1/run.log
JacksonDatabind,54,SBST,EvoSuite,1.2.0,com.fasterxml.jackson.databind.ser.PropertyBuilder,,1,60,LINE:BRANCH:EXCEPTION,default,offline,True,,0,45.0,,,,,TOOL_ERROR,,,,,,,,,,False,False,TOOL_ERROR,EvoSuite produced no test files,EvoSuite/Result_Round1/JacksonDatabind_54/budget60_seed1,EvoSuite/Result_Round1/JacksonDatabind_54/budget60_seed1/run.log
JacksonDatabind,54,SBST,EvoSuite,1.2.0,com.fasterxml.jackson.databind.ser.PropertyBuilder,,1,120,LINE:BRANCH:EXCEPTION,default,offline,True,,0,23.8,,,,,TOOL_ERROR,,,,,,,,,,False,False,TOOL_ERROR,EvoSuite produced no test files,EvoSuite/Result_Round2/JacksonDatabind_54/budget120_seed1,EvoSuite/Result_Round2/JacksonDatabind_54/budget120_seed1/run.log
JacksonDatabind,60,SBST,EvoSuite,1.2.0,com.fasterxml.jackson.databind.ser.std.JsonValueSerializer,,1,60,LINE:BRANCH:EXCEPTION,default,offline,True,,0,6.0,,,,,TOOL_ERROR,,,,,,,,,,False,False,TOOL_ERROR,EvoSuite produced no test files,EvoSuite/Result_Round1/JacksonDatabind_60/budget60_seed1,EvoSuite/Result_Round1/JacksonDatabind_60/budget60_seed1/run.log
JacksonDatabind,60,SBST,EvoSuite,1.2.0,com.fasterxml.jackson.databind.ser.std.JsonValueSerializer,,1,120,LINE:BRANCH:EXCEPTION,default,offline,True,,0,16.0,,,,,TOOL_ERROR,,,,,,,,,,False,False,TOOL_ERROR,EvoSuite produced no test files,EvoSuite/Result_Round2/JacksonDatabind_60/budget120_seed1,EvoSuite/Result_Round2/JacksonDatabind_60/budget120_seed1/run.log
JacksonDatabind,64,SBST,EvoSuite,1.2.0,com.fasterxml.jackson.databind.ser.PropertyBuilder,,1,60,LINE:BRANCH:EXCEPTION,default,offline,True,,0,18.0,,,,,TOOL_ERROR,,,,,,,,,,False,False,TOOL_ERROR,EvoSuite produced no test files,EvoSuite/Result_Round1/JacksonDatabind_64/budget60_seed1,EvoSuite/Result_Round1/JacksonDatabind_64/budget60_seed1/run.log
JacksonDatabind,64,SBST,EvoSuite,1.2.0,com.fasterxml.jackson.databind.ser.PropertyBuilder,,1,120,LINE:BRANCH:EXCEPTION,default,offline,True,,0,7.2,,,,,TOOL_ERROR,,,,,,,,,,False,False,TOOL_ERROR,EvoSuite produced no test files,EvoSuite/Result_Round2/JacksonDatabind_64/budget120_seed1,EvoSuite/Result_Round2/JacksonDatabind_64/budget120_seed1/run.log
JacksonDatabind,66,SBST,EvoSuite,1.2.0,com.fasterxml.jackson.databind.deser.std.StdKeyDeserializer,,1,60,LINE:BRANCH:EXCEPTION,default,offline,True,,0,6.4,,,,,TOOL_ERROR,,,,,,,,,,False,False,TOOL_ERROR,EvoSuite produced no test files,EvoSuite/Result_Round1/JacksonDatabind_66/budget60_seed1,EvoSuite/Result_Round1/JacksonDatabind_66/budget60_seed1/run.log
JacksonDatabind,66,SBST,EvoSuite,1.2.0,com.fasterxml.jackson.databind.deser.std.StdKeyDeserializer,,1,120,LINE:BRANCH:EXCEPTION,default,offline,True,,0,31.8,,,,,TOOL_ERROR,,,,,,,,,,False,False,TOOL_ERROR,EvoSuite produced no test files,EvoSuite/Result_Round2/JacksonDatabind_66/budget120_seed1,EvoSuite/Result_Round2/JacksonDatabind_66/budget120_seed1/run.log
JacksonDatabind,69,SBST,EvoSuite,1.2.0,com.fasterxml.jackson.databind.deser.impl.CreatorCollector,,1,120,LINE:BRANCH:EXCEPTION,default,offline,True,,0,62.4,,,,,TOOL_ERROR,,,,,,,,,,False,False,TOOL_ERROR,EvoSuite produced no test files,EvoSuite/Result_Round2/JacksonDatabind_69/budget120_seed1,EvoSuite/Result_Round2/JacksonDatabind_69/budget120_seed1/run.log
JacksonDatabind,70,SBST,EvoSuite,1.2.0,com.fasterxml.jackson.databind.deser.impl.BeanPropertyMap,,1,60,LINE:BRANCH:EXCEPTION,default,offline,True,,40,99.5,1.0,4.9,135.3,SUCCESS,SUCCESS,77.43,63.77,78.0,66.0,39,0,39,0,,False,False,,,EvoSuite/Result_Round1/JacksonDatabind_70/budget60_seed1,EvoSuite/Result_Round1/JacksonDatabind_70/budget60_seed1/run.log
JacksonDatabind,71,SBST,EvoSuite,1.2.0,com.fasterxml.jackson.databind.deser.std.StdKeyDeserializer,,1,60,LINE:BRANCH:EXCEPTION,default,offline,True,,0,5.4,,,,,TOOL_ERROR,,,,,,,,,,False,False,TOOL_ERROR,EvoSuite produced no test files,EvoSuite/Result_Round1/JacksonDatabind_71/budget60_seed1,EvoSuite/Result_Round1/JacksonDatabind_71/budget60_seed1/run.log
JacksonDatabind,71,SBST,EvoSuite,1.2.0,com.fasterxml.jackson.databind.deser.std.StdKeyDeserializer,,1,120,LINE:BRANCH:EXCEPTION,default,offline,True,,0,5.5,,,,,TOOL_ERROR,,,,,,,,,,False,False,TOOL_ERROR,EvoSuite produced no test files,EvoSuite/Result_Round2/JacksonDatabind_71/budget120_seed1,EvoSuite/Result_Round2/JacksonDatabind_71/budget120_seed1/run.log
JacksonDatabind,72,SBST,EvoSuite,1.2.0,com.fasterxml.jackson.databind.deser.impl.InnerClassProperty,,1,60,LINE:BRANCH:EXCEPTION,default,offline,True,,0,3.2,,,,,TOOL_ERROR,,,,,,,,,,False,False,TOOL_ERROR,EvoSuite produced no test files,EvoSuite/Result_Round1/JacksonDatabind_72/budget60_seed1,EvoSuite/Result_Round1/JacksonDatabind_72/budget60_seed1/run.log
JacksonDatabind,72,SBST,EvoSuite,1.2.0,com.fasterxml.jackson.databind.deser.impl.InnerClassProperty,,1,120,LINE:BRANCH:EXCEPTION,default,offline,True,,0,3.2,,,,,TOOL_ERROR,,,,,,,,,,False,False,TOOL_ERROR,EvoSuite produced no test files,EvoSuite/Result_Round2/JacksonDatabind_72/budget120_seed1,EvoSuite/Result_Round2/JacksonDatabind_72/budget120_seed1/run.log
JacksonDatabind,76,SBST,EvoSuite,1.2.0,com.fasterxml.jackson.databind.deser.BuilderBasedDeserializer,,1,60,LINE:BRANCH:EXCEPTION,default,offline,True,,7,72.6,0.8,4.3,108.0,SUCCESS,RUNTIME_FAIL,0.0,0.0,0.0,3.0,7,2,7,2,test1(com.fasterxml.jackson.databind.deser.BuilderBasedDeserializer_ESTest);test0(com.fasterxml.jackson.databind.deser.BuilderBasedDeserializer_ESTest),False,False,,,EvoSuite/Result_Round1/JacksonDatabind_76/budget60_seed1,EvoSuite/Result_Round1/JacksonDatabind_76/budget60_seed1/run.log
JacksonDatabind,76,SBST,EvoSuite,1.2.0,com.fasterxml.jackson.databind.deser.BuilderBasedDeserializer,,1,120,LINE:BRANCH:EXCEPTION,default,offline,True,,7,132.8,0.8,4.3,143.4,SUCCESS,RUNTIME_FAIL,0.0,0.0,0.0,3.0,7,2,7,2,test1(com.fasterxml.jackson.databind.deser.BuilderBasedDeserializer_ESTest);test0(com.fasterxml.jackson.databind.deser.BuilderBasedDeserializer_ESTest),False,False,,,EvoSuite/Result_Round2/JacksonDatabind_76/budget120_seed1,EvoSuite/Result_Round2/JacksonDatabind_76/budget120_seed1/run.log
JacksonDatabind,81,SBST,EvoSuite,1.2.0,com.fasterxml.jackson.databind.introspect.JacksonAnnotationIntrospector,,1,60,LINE:BRANCH:EXCEPTION,default,offline,True,,0,3.9,,,,,TOOL_ERROR,,,,,,,,,,False,False,TOOL_ERROR,EvoSuite produced no test files,EvoSuite/Result_Round1/JacksonDatabind_81/budget60_seed1,EvoSuite/Result_Round1/JacksonDatabind_81/budget60_seed1/run.log
JacksonDatabind,81,SBST,EvoSuite,1.2.0,com.fasterxml.jackson.databind.introspect.JacksonAnnotationIntrospector,,1,120,LINE:BRANCH:EXCEPTION,default,offline,True,,0,4.0,,,,,TOOL_ERROR,,,,,,,,,,False,False,TOOL_ERROR,EvoSuite produced no test files,EvoSuite/Result_Round2/JacksonDatabind_81/budget120_seed1,EvoSuite/Result_Round2/JacksonDatabind_81/budget120_seed1/run.log
JacksonDatabind,82,SBST,EvoSuite,1.2.0,com.fasterxml.jackson.databind.deser.BeanDeserializerFactory,,1,120,LINE:BRANCH:EXCEPTION,default,offline,True,,26,148.3,1.1,5.5,185.2,SUCCESS,RUNTIME_FAIL,49.58,40.09,49.0,42.0,26,2,26,2,test10(com.fasterxml.jackson.databind.deser.BeanDeserializerFactory_ESTest);test12(com.fasterxml.jackson.databind.deser.BeanDeserializerFactory_ESTest),False,False,,,EvoSuite/Result_Round2/JacksonDatabind_82/budget120_seed1,EvoSuite/Result_Round2/JacksonDatabind_82/budget120_seed1/run.log
JacksonDatabind,95,SBST,EvoSuite,1.2.0,com.fasterxml.jackson.databind.type.TypeFactory;com.fasterxml.jackson.databind.type.TypeParser,,1,60,LINE:BRANCH:EXCEPTION,default,offline,True,,139,241.9,1.3,7.9,256.6,SUCCESS,RUNTIME_FAIL,79.28,73.58,87.0,86.0,138,4,138,4,test029(com.fasterxml.jackson.databind.type.TypeFactory_ESTest);test028(com.fasterxml.jackson.databind.type.TypeFactory_ESTest);test10(com.fasterxml.jackson.databind.type.TypeParser_ESTest);test12(com.fasterxml.jackson.databind.type.TypeParser_ESTest),False,False,,,EvoSuite/Result_Round1/JacksonDatabind_95/budget60_seed1,EvoSuite/Result_Round1/JacksonDatabind_95/budget60_seed1/run.log
JacksonDatabind,95,SBST,EvoSuite,1.2.0,com.fasterxml.jackson.databind.type.TypeFactory;com.fasterxml.jackson.databind.type.TypeParser,,1,120,LINE:BRANCH:EXCEPTION,default,offline,True,,148,385.0,1.3,8.4,400.2,SUCCESS,RUNTIME_FAIL,79.28,73.96,85.0,83.0,147,3,147,5,test029(com.fasterxml.jackson.databind.type.TypeFactory_ESTest);test028(com.fasterxml.jackson.databind.type.TypeFactory_ESTest);test022(com.fasterxml.jackson.databind.type.TypeFactory_ESTest);test20(com.fasterxml.jackson.databind.type.TypeParser_ESTest);test00(com.fasterxml.jackson.databind.type.TypeParser_ESTest),False,False,,,EvoSuite/Result_Round2/JacksonDatabind_95/budget120_seed1,EvoSuite/Result_Round2/JacksonDatabind_95/budget120_seed1/run.log
JacksonDatabind,96,SBST,EvoSuite,1.2.0,com.fasterxml.jackson.databind.deser.BasicDeserializerFactory,,1,60,LINE:BRANCH:EXCEPTION,default,offline,True,,50,117.8,1.4,8.6,160.4,SUCCESS,SUCCESS,35.59,24.59,37.0,26.0,50,0,50,0,,False,False,,,EvoSuite/Result_Round1/JacksonDatabind_96/budget60_seed1,EvoSuite/Result_Round1/JacksonDatabind_96/budget60_seed1/run.log
JacksonDatabind,96,SBST,EvoSuite,1.2.0,com.fasterxml.jackson.databind.deser.BasicDeserializerFactory,,1,120,LINE:BRANCH:EXCEPTION,default,offline,True,,48,174.0,1.2,6.3,188.0,SUCCESS,SUCCESS,40.77,27.85,41.0,29.0,48,0,48,0,,False,False,,,EvoSuite/Result_Round2/JacksonDatabind_96/budget120_seed1,EvoSuite/Result_Round2/JacksonDatabind_96/budget120_seed1/run.log
JacksonDatabind,97,SBST,EvoSuite,1.2.0,com.fasterxml.jackson.databind.node.POJONode,,1,60,LINE:BRANCH:EXCEPTION,default,offline,True,,31,93.9,1.0,5.4,137.2,SUCCESS,SUCCESS,87.8,88.24,93.0,92.0,31,0,31,2,test11(com.fasterxml.jackson.databind.node.POJONode_ESTest);test00(com.fasterxml.jackson.databind.node.POJONode_ESTest),True,False,,,EvoSuite/Result_Round1/JacksonDatabind_97/budget60_seed1,EvoSuite/Result_Round1/JacksonDatabind_97/budget60_seed1/run.log
JacksonDatabind,97,SBST,EvoSuite,1.2.0,com.fasterxml.jackson.databind.node.POJONode,,1,120,LINE:BRANCH:EXCEPTION,default,offline,True,,28,154.9,1.3,6.8,169.3,SUCCESS,SUCCESS,82.93,79.41,85.0,85.0,28,0,28,1,test11(com.fasterxml.jackson.databind.node.POJONode_ESTest),True,False,,,EvoSuite/Result_Round2/JacksonDatabind_97/budget120_seed1,EvoSuite/Result_Round2/JacksonDatabind_97/budget120_seed1/run.log
JacksonDatabind,98,SBST,EvoSuite,1.2.0,com.fasterxml.jackson.databind.deser.impl.ExternalTypeHandler,,1,60,LINE:BRANCH:EXCEPTION,default,offline,True,,0,19.5,,,,,TOOL_ERROR,,,,,,,,,,False,False,TOOL_ERROR,EvoSuite produced no test files,EvoSuite/Result_Round1/JacksonDatabind_98/budget60_seed1,EvoSuite/Result_Round1/JacksonDatabind_98/budget60_seed1/run.log
JacksonDatabind,98,SBST,EvoSuite,1.2.0,com.fasterxml.jackson.databind.deser.impl.ExternalTypeHandler,,1,120,LINE:BRANCH:EXCEPTION,default,offline,True,,17,149.1,1.3,6.1,162.6,SUCCESS,SUCCESS,21.21,8.54,39.0,27.0,17,0,17,0,,False,False,,,EvoSuite/Result_Round2/JacksonDatabind_98/budget120_seed1,EvoSuite/Result_Round2/JacksonDatabind_98/budget120_seed1/run.log
JacksonDatabind,99,SBST,EvoSuite,1.2.0,com.fasterxml.jackson.databind.type.ReferenceType,,1,60,LINE:BRANCH:EXCEPTION,default,offline,True,,40,44.7,1.2,5.7,87.9,SUCCESS,SUCCESS,92.86,92.86,100.0,100.0,40,0,40,1,test36(com.fasterxml.jackson.databind.type.ReferenceType_ESTest),True,False,,,EvoSuite/Result_Round1/JacksonDatabind_99/budget60_seed1,EvoSuite/Result_Round1/JacksonDatabind_99/budget60_seed1/run.log
JacksonDatabind,99,SBST,EvoSuite,1.2.0,com.fasterxml.jackson.databind.type.ReferenceType,,1,120,LINE:BRANCH:EXCEPTION,default,offline,True,,37,45.7,1.2,5.0,59.4,SUCCESS,SUCCESS,94.29,96.43,100.0,100.0,37,0,37,1,test33(com.fasterxml.jackson.databind.type.ReferenceType_ESTest),True,False,,,EvoSuite/Result_Round2/JacksonDatabind_99/budget120_seed1,EvoSuite/Result_Round2/JacksonDatabind_99/budget120_seed1/run.log
JacksonDatabind,100,SBST,EvoSuite,1.2.0,com.fasterxml.jackson.databind.node.TreeTraversingParser,,1,60,LINE:BRANCH:EXCEPTION,default,offline,True,,52,122.1,1.5,7.6,185.5,SUCCESS,SUCCESS,81.36,80.52,89.0,86.0,52,0,52,0,,False,False,,,EvoSuite/Result_Round1/JacksonDatabind_100/budget60_seed1,EvoSuite/Result_Round1/JacksonDatabind_100/budget60_seed1/run.log
JacksonDatabind,100,SBST,EvoSuite,1.2.0,com.fasterxml.jackson.databind.node.TreeTraversingParser,,1,120,LINE:BRANCH:EXCEPTION,default,offline,True,,55,191.5,1.8,9.7,210.5,SUCCESS,SUCCESS,84.75,85.71,93.0,89.0,55,0,55,1,test12(com.fasterxml.jackson.databind.node.TreeTraversingParser_ESTest),True,False,,,EvoSuite/Result_Round2/JacksonDatabind_100/budget120_seed1,EvoSuite/Result_Round2/JacksonDatabind_100/budget120_seed1/run.log
JacksonDatabind,101,SBST,EvoSuite,1.2.0,com.fasterxml.jackson.databind.deser.BeanDeserializer,,1,60,LINE:BRANCH:EXCEPTION,default,offline,True,,8,86.3,1.1,6.6,144.0,SUCCESS,SUCCESS,0.0,0.0,0.0,3.0,8,0,8,0,,False,False,,,EvoSuite/Result_Round1/JacksonDatabind_101/budget60_seed1,EvoSuite/Result_Round1/JacksonDatabind_101/budget60_seed1/run.log
JacksonDatabind,101,SBST,EvoSuite,1.2.0,com.fasterxml.jackson.databind.deser.BeanDeserializer,,1,120,LINE:BRANCH:EXCEPTION,default,offline,True,,8,145.5,1.5,7.7,162.4,SUCCESS,SUCCESS,0.0,0.0,1.0,3.0,8,0,8,0,,False,False,,,EvoSuite/Result_Round2/JacksonDatabind_101/budget120_seed1,EvoSuite/Result_Round2/JacksonDatabind_101/budget120_seed1/run.log
JacksonDatabind,102,SBST,EvoSuite,1.2.0,com.fasterxml.jackson.databind.ser.std.DateTimeSerializerBase,,1,60,LINE:BRANCH:EXCEPTION,default,offline,True,,14,92.5,1.7,8.2,148.3,SUCCESS,SUCCESS,34.78,30.0,39.0,31.0,14,0,14,0,,False,False,,,EvoSuite/Result_Round1/JacksonDatabind_102/budget60_seed1,EvoSuite/Result_Round1/JacksonDatabind_102/budget60_seed1/run.log
JacksonDatabind,102,SBST,EvoSuite,1.2.0,com.fasterxml.jackson.databind.ser.std.DateTimeSerializerBase,,1,120,LINE:BRANCH:EXCEPTION,default,offline,True,,15,150.4,1.4,7.1,167.2,SUCCESS,SUCCESS,53.62,42.0,55.0,44.0,15,0,15,1,test04(com.fasterxml.jackson.databind.ser.std.DateTimeSerializerBase_ESTest),True,False,,,EvoSuite/Result_Round2/JacksonDatabind_102/budget120_seed1,EvoSuite/Result_Round2/JacksonDatabind_102/budget120_seed1/run.log
JacksonDatabind,103,SBST,EvoSuite,1.2.0,com.fasterxml.jackson.databind.DatabindContext;com.fasterxml.jackson.databind.DeserializationContext;com.fasterxml.jackson.databind.JsonMappingException;com.fasterxml.jackson.databind.SerializerProvider;com.fasterxml.jackson.databind.deser.BasicDeserializerFactory;com.fasterxml.jackson.databind.deser.BeanDeserializerFactory;com.fasterxml.jackson.databind.deser.DeserializerCache;com.fasterxml.jackson.databind.deser.SettableAnyProperty;com.fasterxml.jackson.databind.deser.SettableBeanProperty;com.fasterxml.jackson.databind.deser.std.StdDeserializer;com.fasterxml.jackson.databind.deser.std.StdKeyDeserializer;com.fasterxml.jackson.databind.deser.std.StdValueInstantiator;com.fasterxml.jackson.databind.introspect.BasicBeanDescription;com.fasterxml.jackson.databind.ser.DefaultSerializerProvider;com.fasterxml.jackson.databind.ser.PropertyBuilder;com.fasterxml.jackson.databind.util.ClassUtil,,1,60,LINE:BRANCH:EXCEPTION,default,offline,True,,513,1350.4,3.0,24.3,1426.7,SUCCESS,SUCCESS,50.94,40.7,58.0,51.1,513,0,513,4,test00(com.fasterxml.jackson.databind.JsonMappingException_ESTest);test01(com.fasterxml.jackson.databind.JsonMappingException_ESTest);test23(com.fasterxml.jackson.databind.JsonMappingException_ESTest);test01(com.fasterxml.jackson.databind.deser.std.StdValueInstantiator_ESTest),True,False,,,EvoSuite/Result_Round1/JacksonDatabind_103/budget60_seed1,EvoSuite/Result_Round1/JacksonDatabind_103/budget60_seed1/run.log
JacksonCore,4,SBST,EvoSuite,1.2.0,com.fasterxml.jackson.core.util.TextBuffer,,1,60,LINE:BRANCH:EXCEPTION,default,offline,True,,69,77.1,,,,,TOOL_ERROR,,,97.0,97.0,,,,,,False,False,TOOL_ERROR,EvoSuite produced no test files,EvoSuite/Result_Round1/JacksonCore_4/budget60_seed1,EvoSuite/Result_Round1/JacksonCore_4/budget60_seed1/run.log
JacksonCore,4,SBST,EvoSuite,1.2.0,com.fasterxml.jackson.core.util.TextBuffer,,1,120,LINE:BRANCH:EXCEPTION,default,offline,True,,72,135.8,,,,,TOOL_ERROR,,,100.0,98.0,,,,,,False,False,TOOL_ERROR,EvoSuite produced no test files,EvoSuite/Result_Round2/JacksonCore_4/budget120_seed1,EvoSuite/Result_Round2/JacksonCore_4/budget120_seed1/run.log
JacksonCore,8,SBST,EvoSuite,1.2.0,com.fasterxml.jackson.core.util.TextBuffer,,1,60,LINE:BRANCH:EXCEPTION,default,offline,True,,70,82.5,0.9,1.6,102.2,SUCCESS,SUCCESS,95.2,94.29,99.0,97.0,70,0,70,1,test56(com.fasterxml.jackson.core.util.TextBuffer_ESTest),True,False,,,EvoSuite/Result_Round1/JacksonCore_8/budget60_seed1,EvoSuite/Result_Round1/JacksonCore_8/budget60_seed1/run.log
JacksonCore,8,SBST,EvoSuite,1.2.0,com.fasterxml.jackson.core.util.TextBuffer,,1,120,LINE:BRANCH:EXCEPTION,default,offline,True,,72,135.7,,,,,TOOL_ERROR,,,99.0,97.0,,,,,,False,False,TOOL_ERROR,EvoSuite produced no test files,EvoSuite/Result_Round2/JacksonCore_8/budget120_seed1,EvoSuite/Result_Round2/JacksonCore_8/budget120_seed1/run.log
JacksonDatabind,5,SBST,EvoSuite,1.2.0,com.fasterxml.jackson.databind.introspect.AnnotatedClass,,1,60,LINE:BRANCH:EXCEPTION,default,offline,True,,0,4.6,,,,,TOOL_ERROR,,,,,,,,,,False,False,TOOL_ERROR,EvoSuite produced no test files,EvoSuite/Result_Round1/JacksonDatabind_5/budget60_seed1,EvoSuite/Result_Round1/JacksonDatabind_5/budget60_seed1/run.log
JacksonDatabind,5,SBST,EvoSuite,1.2.0,com.fasterxml.jackson.databind.introspect.AnnotatedClass,,1,120,LINE:BRANCH:EXCEPTION,default,offline,True,,0,4.2,,,,,TOOL_ERROR,,,,,,,,,,False,False,TOOL_ERROR,EvoSuite produced no test files,EvoSuite/Result_Round2/JacksonDatabind_5/budget120_seed1,EvoSuite/Result_Round2/JacksonDatabind_5/budget120_seed1/run.log
JacksonDatabind,8,SBST,EvoSuite,1.2.0,com.fasterxml.jackson.databind.deser.impl.CreatorCollector,,1,60,LINE:BRANCH:EXCEPTION,default,offline,True,,0,6.9,,,,,TOOL_ERROR,,,,,,,,,,False,False,TOOL_ERROR,EvoSuite produced no test files,EvoSuite/Result_Round1/JacksonDatabind_8/budget60_seed1,EvoSuite/Result_Round1/JacksonDatabind_8/budget60_seed1/run.log
JacksonDatabind,8,SBST,EvoSuite,1.2.0,com.fasterxml.jackson.databind.deser.impl.CreatorCollector,,1,120,LINE:BRANCH:EXCEPTION,default,offline,True,,0,6.8,,,,,TOOL_ERROR,,,,,,,,,,False,False,TOOL_ERROR,EvoSuite produced no test files,EvoSuite/Result_Round2/JacksonDatabind_8/budget120_seed1,EvoSuite/Result_Round2/JacksonDatabind_8/budget120_seed1/run.log
JacksonDatabind,10,SBST,EvoSuite,1.2.0,com.fasterxml.jackson.databind.ser.AnyGetterWriter;com.fasterxml.jackson.databind.ser.BeanSerializerFactory,,1,60,LINE:BRANCH:EXCEPTION,default,offline,True,,0,16.8,,,,,TOOL_ERROR,,,,,,,,,,False,False,TOOL_ERROR,EvoSuite produced no test files,EvoSuite/Result_Round1/JacksonDatabind_10/budget60_seed1,EvoSuite/Result_Round1/JacksonDatabind_10/budget60_seed1/run.log
JacksonDatabind,10,SBST,EvoSuite,1.2.0,com.fasterxml.jackson.databind.ser.AnyGetterWriter;com.fasterxml.jackson.databind.ser.BeanSerializerFactory,,1,120,LINE:BRANCH:EXCEPTION,default,offline,True,,0,33.5,,,,,TOOL_ERROR,,,,,,,,,,False,False,TOOL_ERROR,EvoSuite produced no test files,EvoSuite/Result_Round2/JacksonDatabind_10/budget120_seed1,EvoSuite/Result_Round2/JacksonDatabind_10/budget120_seed1/run.log
JacksonDatabind,11,SBST,EvoSuite,1.2.0,com.fasterxml.jackson.databind.type.TypeFactory,,1,120,LINE:BRANCH:EXCEPTION,default,offline,True,,91,204.4,1.4,7.4,248.0,SUCCESS,RUNTIME_FAIL,75.94,72.22,87.0,83.0,89,1,89,1,test24(com.fasterxml.jackson.databind.type.TypeFactory_ESTest),False,False,,,EvoSuite/Result_Round2/JacksonDatabind_11/budget120_seed1,EvoSuite/Result_Round2/JacksonDatabind_11/budget120_seed1/run.log
JacksonDatabind,13,SBST,EvoSuite,1.2.0,com.fasterxml.jackson.databind.deser.DefaultDeserializationContext;com.fasterxml.jackson.databind.deser.impl.ObjectIdValueProperty,,1,60,LINE:BRANCH:EXCEPTION,default,offline,True,,0,35.4,,,,,TOOL_ERROR,,,,,,,,,,False,False,TOOL_ERROR,EvoSuite produced no test files,EvoSuite/Result_Round1/JacksonDatabind_13/budget60_seed1,EvoSuite/Result_Round1/JacksonDatabind_13/budget60_seed1/run.log
JacksonDatabind,13,SBST,EvoSuite,1.2.0,com.fasterxml.jackson.databind.deser.DefaultDeserializationContext;com.fasterxml.jackson.databind.deser.impl.ObjectIdValueProperty,,1,120,LINE:BRANCH:EXCEPTION,default,offline,True,,0,64.2,,,,,TOOL_ERROR,,,,,,,,,,False,False,TOOL_ERROR,EvoSuite produced no test files,EvoSuite/Result_Round2/JacksonDatabind_13/budget120_seed1,EvoSuite/Result_Round2/JacksonDatabind_13/budget120_seed1/run.log
JacksonDatabind,16,SBST,EvoSuite,1.2.0,com.fasterxml.jackson.databind.introspect.AnnotationMap,,1,60,LINE:BRANCH:EXCEPTION,default,offline,True,,0,3.8,,,,,TOOL_ERROR,,,,,,,,,,False,False,TOOL_ERROR,EvoSuite produced no test files,EvoSuite/Result_Round1/JacksonDatabind_16/budget60_seed1,EvoSuite/Result_Round1/JacksonDatabind_16/budget60_seed1/run.log
JacksonDatabind,16,SBST,EvoSuite,1.2.0,com.fasterxml.jackson.databind.introspect.AnnotationMap,,1,120,LINE:BRANCH:EXCEPTION,default,offline,True,,0,3.7,,,,,TOOL_ERROR,,,,,,,,,,False,False,TOOL_ERROR,EvoSuite produced no test files,EvoSuite/Result_Round2/JacksonDatabind_16/budget120_seed1,EvoSuite/Result_Round2/JacksonDatabind_16/budget120_seed1/run.log
JacksonDatabind,19,SBST,EvoSuite,1.2.0,com.fasterxml.jackson.databind.type.TypeFactory,,1,120,LINE:BRANCH:EXCEPTION,default,offline,True,,97,205.9,1.4,7.5,249.2,SUCCESS,RUNTIME_FAIL,73.93,64.22,77.0,71.0,94,1,94,1,test42(com.fasterxml.jackson.databind.type.TypeFactory_ESTest),False,False,,,EvoSuite/Result_Round2/JacksonDatabind_19/budget120_seed1,EvoSuite/Result_Round2/JacksonDatabind_19/budget120_seed1/run.log
JacksonDatabind,21,SBST,EvoSuite,1.2.0,com.fasterxml.jackson.databind.introspect.JacksonAnnotationIntrospector,,1,60,LINE:BRANCH:EXCEPTION,default,offline,True,,0,4.5,,,,,TOOL_ERROR,,,,,,,,,,False,False,TOOL_ERROR,EvoSuite produced no test files,EvoSuite/Result_Round1/JacksonDatabind_21/budget60_seed1,EvoSuite/Result_Round1/JacksonDatabind_21/budget60_seed1/run.log
JacksonDatabind,21,SBST,EvoSuite,1.2.0,com.fasterxml.jackson.databind.introspect.JacksonAnnotationIntrospector,,1,120,LINE:BRANCH:EXCEPTION,default,offline,True,,0,4.8,,,,,TOOL_ERROR,,,,,,,,,,False,False,TOOL_ERROR,EvoSuite produced no test files,EvoSuite/Result_Round2/JacksonDatabind_21/budget120_seed1,EvoSuite/Result_Round2/JacksonDatabind_21/budget120_seed1/run.log
JacksonDatabind,22,SBST,EvoSuite,1.2.0,com.fasterxml.jackson.databind.ser.BasicSerializerFactory;com.fasterxml.jackson.databind.ser.BeanSerializerFactory,,1,60,LINE:BRANCH:EXCEPTION,default,offline,True,,0,20.4,,,,,TOOL_ERROR,,,,,,,,,,False,False,TOOL_ERROR,EvoSuite produced no test files,EvoSuite/Result_Round1/JacksonDatabind_22/budget60_seed1,EvoSuite/Result_Round1/JacksonDatabind_22/budget60_seed1/run.log
JacksonDatabind,22,SBST,EvoSuite,1.2.0,com.fasterxml.jackson.databind.ser.BasicSerializerFactory;com.fasterxml.jackson.databind.ser.BeanSerializerFactory,,1,120,LINE:BRANCH:EXCEPTION,default,offline,True,,0,21.4,,,,,TOOL_ERROR,,,,,,,,,,False,False,TOOL_ERROR,EvoSuite produced no test files,EvoSuite/Result_Round2/JacksonDatabind_22/budget120_seed1,EvoSuite/Result_Round2/JacksonDatabind_22/budget120_seed1/run.log
JacksonDatabind,23,SBST,EvoSuite,1.2.0,com.fasterxml.jackson.databind.ser.std.NumberSerializers,,1,60,LINE:BRANCH:EXCEPTION,default,offline,True,,0,65.7,,,,,TOOL_ERROR,,,,,,,,,,False,False,TOOL_ERROR,EvoSuite produced no test files,EvoSuite/Result_Round1/JacksonDatabind_23/budget60_seed1,EvoSuite/Result_Round1/JacksonDatabind_23/budget60_seed1/run.log
JacksonDatabind,23,SBST,EvoSuite,1.2.0,com.fasterxml.jackson.databind.ser.std.NumberSerializers,,1,120,LINE:BRANCH:EXCEPTION,default,offline,True,,0,31.5,,,,,TOOL_ERROR,,,,,,,,,,False,False,TOOL_ERROR,EvoSuite produced no test files,EvoSuite/Result_Round2/JacksonDatabind_23/budget120_seed1,EvoSuite/Result_Round2/JacksonDatabind_23/budget120_seed1/run.log
JacksonDatabind,25,SBST,EvoSuite,1.2.0,com.fasterxml.jackson.databind.deser.BasicDeserializerFactory;com.fasterxml.jackson.databind.deser.DeserializerCache;com.fasterxml.jackson.databind.jsontype.impl.TypeDeserializerBase;com.fasterxml.jackson.databind.module.SimpleAbstractTypeResolver,,1,120,LINE:BRANCH:EXCEPTION,default,offline,True,,7,181.6,1.0,5.0,225.6,SUCCESS,RUNTIME_FAIL,3.79,0.65,82.0,80.0,7,2,7,2,test6(com.fasterxml.jackson.databind.module.SimpleAbstractTypeResolver_ESTest);test4(com.fasterxml.jackson.databind.module.SimpleAbstractTypeResolver_ESTest),False,False,,,EvoSuite/Result_Round2/JacksonDatabind_25/budget120_seed1,EvoSuite/Result_Round2/JacksonDatabind_25/budget120_seed1/run.log
JacksonDatabind,26,SBST,EvoSuite,1.2.0,com.fasterxml.jackson.databind.ser.BeanPropertyWriter,,1,60,LINE:BRANCH:EXCEPTION,default,offline,True,,0,4.0,,,,,TOOL_ERROR,,,,,,,,,,False,False,TOOL_ERROR,EvoSuite produced no test files,EvoSuite/Result_Round1/JacksonDatabind_26/budget60_seed1,EvoSuite/Result_Round1/JacksonDatabind_26/budget60_seed1/run.log
JacksonDatabind,26,SBST,EvoSuite,1.2.0,com.fasterxml.jackson.databind.ser.BeanPropertyWriter,,1,120,LINE:BRANCH:EXCEPTION,default,offline,True,,0,4.3,,,,,TOOL_ERROR,,,,,,,,,,False,False,TOOL_ERROR,EvoSuite produced no test files,EvoSuite/Result_Round2/JacksonDatabind_26/budget120_seed1,EvoSuite/Result_Round2/JacksonDatabind_26/budget120_seed1/run.log
JacksonDatabind,27,SBST,EvoSuite,1.2.0,com.fasterxml.jackson.databind.deser.BeanDeserializer,,1,120,LINE:BRANCH:EXCEPTION,default,offline,True,,0,22.3,,,,,TOOL_ERROR,,,,,,,,,,False,False,TOOL_ERROR,EvoSuite produced no test files,EvoSuite/Result_Round2/JacksonDatabind_27/budget120_seed1,EvoSuite/Result_Round2/JacksonDatabind_27/budget120_seed1/run.log
JacksonDatabind,33,SBST,EvoSuite,1.2.0,com.fasterxml.jackson.databind.introspect.JacksonAnnotationIntrospector,,1,60,LINE:BRANCH:EXCEPTION,default,offline,True,,0,4.5,,,,,TOOL_ERROR,,,,,,,,,,False,False,TOOL_ERROR,EvoSuite produced no test files,EvoSuite/Result_Round1/JacksonDatabind_33/budget60_seed1,EvoSuite/Result_Round1/JacksonDatabind_33/budget60_seed1/run.log
JacksonDatabind,33,SBST,EvoSuite,1.2.0,com.fasterxml.jackson.databind.introspect.JacksonAnnotationIntrospector,,1,120,LINE:BRANCH:EXCEPTION,default,offline,True,,0,5.1,,,,,TOOL_ERROR,,,,,,,,,,False,False,TOOL_ERROR,EvoSuite produced no test files,EvoSuite/Result_Round2/JacksonDatabind_33/budget120_seed1,EvoSuite/Result_Round2/JacksonDatabind_33/budget120_seed1/run.log
JacksonDatabind,35,SBST,EvoSuite,1.2.0,com.fasterxml.jackson.databind.jsontype.impl.AsWrapperTypeDeserializer,,1,60,LINE:BRANCH:EXCEPTION,default,offline,True,,0,8.7,,,,,TOOL_ERROR,,,,,,,,,,False,False,TOOL_ERROR,EvoSuite produced no test files,EvoSuite/Result_Round1/JacksonDatabind_35/budget60_seed1,EvoSuite/Result_Round1/JacksonDatabind_35/budget60_seed1/run.log
JacksonDatabind,35,SBST,EvoSuite,1.2.0,com.fasterxml.jackson.databind.jsontype.impl.AsWrapperTypeDeserializer,,1,120,LINE:BRANCH:EXCEPTION,default,offline,True,,0,29.7,,,,,TOOL_ERROR,,,,,,,,,,False,False,TOOL_ERROR,EvoSuite produced no test files,EvoSuite/Result_Round2/JacksonDatabind_35/budget120_seed1,EvoSuite/Result_Round2/JacksonDatabind_35/budget120_seed1/run.log
JacksonDatabind,43,SBST,EvoSuite,1.2.0,com.fasterxml.jackson.databind.deser.impl.ObjectIdValueProperty,,1,60,LINE:BRANCH:EXCEPTION,default,offline,True,,0,3.9,,,,,TOOL_ERROR,,,,,,,,,,False,False,TOOL_ERROR,EvoSuite produced no test files,EvoSuite/Result_Round1/JacksonDatabind_43/budget60_seed1,EvoSuite/Result_Round1/JacksonDatabind_43/budget60_seed1/run.log
JacksonDatabind,43,SBST,EvoSuite,1.2.0,com.fasterxml.jackson.databind.deser.impl.ObjectIdValueProperty,,1,120,LINE:BRANCH:EXCEPTION,default,offline,True,,0,4.3,,,,,TOOL_ERROR,,,,,,,,,,False,False,TOOL_ERROR,EvoSuite produced no test files,EvoSuite/Result_Round2/JacksonDatabind_43/budget120_seed1,EvoSuite/Result_Round2/JacksonDatabind_43/budget120_seed1/run.log
JacksonDatabind,47,SBST,EvoSuite,1.2.0,com.fasterxml.jackson.databind.AnnotationIntrospector,,1,60,LINE:BRANCH:EXCEPTION,default,offline,True,,0,4.9,,,,,TOOL_ERROR,,,,,,,,,,False,False,TOOL_ERROR,EvoSuite produced no test files,EvoSuite/Result_Round1/JacksonDatabind_47/budget60_seed1,EvoSuite/Result_Round1/JacksonDatabind_47/budget60_seed1/run.log
JacksonDatabind,47,SBST,EvoSuite,1.2.0,com.fasterxml.jackson.databind.AnnotationIntrospector,,1,120,LINE:BRANCH:EXCEPTION,default,offline,True,,0,4.6,,,,,TOOL_ERROR,,,,,,,,,,False,False,TOOL_ERROR,EvoSuite produced no test files,EvoSuite/Result_Round2/JacksonDatabind_47/budget120_seed1,EvoSuite/Result_Round2/JacksonDatabind_47/budget120_seed1/run.log
JacksonDatabind,50,SBST,EvoSuite,1.2.0,com.fasterxml.jackson.databind.deser.BeanDeserializer,,1,60,LINE:BRANCH:EXCEPTION,default,offline,True,,10,82.1,1.2,6.8,129.8,SUCCESS,RUNTIME_FAIL,0.47,0.0,2.0,4.0,10,2,10,4,test6(com.fasterxml.jackson.databind.deser.BeanDeserializer_ESTest);test7(com.fasterxml.jackson.databind.deser.BeanDeserializer_ESTest);test2(com.fasterxml.jackson.databind.deser.BeanDeserializer_ESTest);test1(com.fasterxml.jackson.databind.deser.BeanDeserializer_ESTest),False,False,,,EvoSuite/Result_Round1/JacksonDatabind_50/budget60_seed1,EvoSuite/Result_Round1/JacksonDatabind_50/budget60_seed1/run.log
JacksonDatabind,50,SBST,EvoSuite,1.2.0,com.fasterxml.jackson.databind.deser.BeanDeserializer,,1,120,LINE:BRANCH:EXCEPTION,default,offline,True,,0,22.8,,,,,TOOL_ERROR,,,,,,,,,,False,False,TOOL_ERROR,EvoSuite produced no test files,EvoSuite/Result_Round2/JacksonDatabind_50/budget120_seed1,EvoSuite/Result_Round2/JacksonDatabind_50/budget120_seed1/run.log
JacksonDatabind,54,SBST,EvoSuite,1.2.0,com.fasterxml.jackson.databind.ser.PropertyBuilder,,1,60,LINE:BRANCH:EXCEPTION,default,offline,True,,0,9.2,,,,,TOOL_ERROR,,,,,,,,,,False,False,TOOL_ERROR,EvoSuite produced no test files,EvoSuite/Result_Round1/JacksonDatabind_54/budget60_seed1,EvoSuite/Result_Round1/JacksonDatabind_54/budget60_seed1/run.log
JacksonDatabind,54,SBST,EvoSuite,1.2.0,com.fasterxml.jackson.databind.ser.PropertyBuilder,,1,120,LINE:BRANCH:EXCEPTION,default,offline,True,,0,17.8,,,,,TOOL_ERROR,,,,,,,,,,False,False,TOOL_ERROR,EvoSuite produced no test files,EvoSuite/Result_Round2/JacksonDatabind_54/budget120_seed1,EvoSuite/Result_Round2/JacksonDatabind_54/budget120_seed1/run.log
JacksonDatabind,60,SBST,EvoSuite,1.2.0,com.fasterxml.jackson.databind.ser.std.JsonValueSerializer,,1,60,LINE:BRANCH:EXCEPTION,default,offline,True,,0,34.1,,,,,TOOL_ERROR,,,,,,,,,,False,False,TOOL_ERROR,EvoSuite produced no test files,EvoSuite/Result_Round1/JacksonDatabind_60/budget60_seed1,EvoSuite/Result_Round1/JacksonDatabind_60/budget60_seed1/run.log
JacksonDatabind,60,SBST,EvoSuite,1.2.0,com.fasterxml.jackson.databind.ser.std.JsonValueSerializer,,1,120,LINE:BRANCH:EXCEPTION,default,offline,True,,0,22.7,,,,,TOOL_ERROR,,,,,,,,,,False,False,TOOL_ERROR,EvoSuite produced no test files,EvoSuite/Result_Round2/JacksonDatabind_60/budget120_seed1,EvoSuite/Result_Round2/JacksonDatabind_60/budget120_seed1/run.log
JacksonDatabind,64,SBST,EvoSuite,1.2.0,com.fasterxml.jackson.databind.ser.PropertyBuilder,,1,60,LINE:BRANCH:EXCEPTION,default,offline,True,,0,8.5,,,,,TOOL_ERROR,,,,,,,,,,False,False,TOOL_ERROR,EvoSuite produced no test files,EvoSuite/Result_Round1/JacksonDatabind_64/budget60_seed1,EvoSuite/Result_Round1/JacksonDatabind_64/budget60_seed1/run.log
JacksonDatabind,64,SBST,EvoSuite,1.2.0,com.fasterxml.jackson.databind.ser.PropertyBuilder,,1,120,LINE:BRANCH:EXCEPTION,default,offline,True,,0,53.1,,,,,TOOL_ERROR,,,,,,,,,,False,False,TOOL_ERROR,EvoSuite produced no test files,EvoSuite/Result_Round2/JacksonDatabind_64/budget120_seed1,EvoSuite/Result_Round2/JacksonDatabind_64/budget120_seed1/run.log
JacksonDatabind,66,SBST,EvoSuite,1.2.0,com.fasterxml.jackson.databind.deser.std.StdKeyDeserializer,,1,60,LINE:BRANCH:EXCEPTION,default,offline,True,,0,40.1,,,,,TOOL_ERROR,,,,,,,,,,False,False,TOOL_ERROR,EvoSuite produced no test files,EvoSuite/Result_Round1/JacksonDatabind_66/budget60_seed1,EvoSuite/Result_Round1/JacksonDatabind_66/budget60_seed1/run.log
JacksonDatabind,66,SBST,EvoSuite,1.2.0,com.fasterxml.jackson.databind.deser.std.StdKeyDeserializer,,1,120,LINE:BRANCH:EXCEPTION,default,offline,True,,0,23.6,,,,,TOOL_ERROR,,,,,,,,,,False,False,TOOL_ERROR,EvoSuite produced no test files,EvoSuite/Result_Round2/JacksonDatabind_66/budget120_seed1,EvoSuite/Result_Round2/JacksonDatabind_66/budget120_seed1/run.log
JacksonDatabind,69,SBST,EvoSuite,1.2.0,com.fasterxml.jackson.databind.deser.impl.CreatorCollector,,1,120,LINE:BRANCH:EXCEPTION,default,offline,True,,13,143.1,1.2,5.7,186.4,SUCCESS,RUNTIME_FAIL,35.71,12.5,48.0,39.0,13,4,13,4,test08(com.fasterxml.jackson.databind.deser.impl.CreatorCollector_ESTest);test09(com.fasterxml.jackson.databind.deser.impl.CreatorCollector_ESTest);test09(com.fasterxml.jackson.databind.deser.impl.CreatorCollector_ESTest);test06(com.fasterxml.jackson.databind.deser.impl.CreatorCollector_ESTest),False,False,,,EvoSuite/Result_Round2/JacksonDatabind_69/budget120_seed1,EvoSuite/Result_Round2/JacksonDatabind_69/budget120_seed1/run.log
JacksonDatabind,71,SBST,EvoSuite,1.2.0,com.fasterxml.jackson.databind.deser.std.StdKeyDeserializer,,1,60,LINE:BRANCH:EXCEPTION,default,offline,True,,0,6.9,,,,,TOOL_ERROR,,,,,,,,,,False,False,TOOL_ERROR,EvoSuite produced no test files,EvoSuite/Result_Round1/JacksonDatabind_71/budget60_seed1,EvoSuite/Result_Round1/JacksonDatabind_71/budget60_seed1/run.log
JacksonDatabind,71,SBST,EvoSuite,1.2.0,com.fasterxml.jackson.databind.deser.std.StdKeyDeserializer,,1,120,LINE:BRANCH:EXCEPTION,default,offline,True,,0,7.0,,,,,TOOL_ERROR,,,,,,,,,,False,False,TOOL_ERROR,EvoSuite produced no test files,EvoSuite/Result_Round2/JacksonDatabind_71/budget120_seed1,EvoSuite/Result_Round2/JacksonDatabind_71/budget120_seed1/run.log
JacksonDatabind,72,SBST,EvoSuite,1.2.0,com.fasterxml.jackson.databind.deser.impl.InnerClassProperty,,1,60,LINE:BRANCH:EXCEPTION,default,offline,True,,0,3.9,,,,,TOOL_ERROR,,,,,,,,,,False,False,TOOL_ERROR,EvoSuite produced no test files,EvoSuite/Result_Round1/JacksonDatabind_72/budget60_seed1,EvoSuite/Result_Round1/JacksonDatabind_72/budget60_seed1/run.log
JacksonDatabind,72,SBST,EvoSuite,1.2.0,com.fasterxml.jackson.databind.deser.impl.InnerClassProperty,,1,120,LINE:BRANCH:EXCEPTION,default,offline,True,,0,3.9,,,,,TOOL_ERROR,,,,,,,,,,False,False,TOOL_ERROR,EvoSuite produced no test files,EvoSuite/Result_Round2/JacksonDatabind_72/budget120_seed1,EvoSuite/Result_Round2/JacksonDatabind_72/budget120_seed1/run.log
JacksonDatabind,81,SBST,EvoSuite,1.2.0,com.fasterxml.jackson.databind.introspect.JacksonAnnotationIntrospector,,1,60,LINE:BRANCH:EXCEPTION,default,offline,True,,0,5.0,,,,,TOOL_ERROR,,,,,,,,,,False,False,TOOL_ERROR,EvoSuite produced no test files,EvoSuite/Result_Round1/JacksonDatabind_81/budget60_seed1,EvoSuite/Result_Round1/JacksonDatabind_81/budget60_seed1/run.log
JacksonDatabind,81,SBST,EvoSuite,1.2.0,com.fasterxml.jackson.databind.introspect.JacksonAnnotationIntrospector,,1,120,LINE:BRANCH:EXCEPTION,default,offline,True,,0,4.9,,,,,TOOL_ERROR,,,,,,,,,,False,False,TOOL_ERROR,EvoSuite produced no test files,EvoSuite/Result_Round2/JacksonDatabind_81/budget120_seed1,EvoSuite/Result_Round2/JacksonDatabind_81/budget120_seed1/run.log
JacksonDatabind,98,SBST,EvoSuite,1.2.0,com.fasterxml.jackson.databind.deser.impl.ExternalTypeHandler,,1,60,LINE:BRANCH:EXCEPTION,default,offline,True,,10,80.2,1.1,5.4,126.1,SUCCESS,SUCCESS,16.97,3.66,23.0,11.0,10,0,10,0,,False,False,,,EvoSuite/Result_Round1/JacksonDatabind_98/budget60_seed1,EvoSuite/Result_Round1/JacksonDatabind_98/budget60_seed1/run.log
JacksonDatabind,103,SBST,EvoSuite,1.2.0,com.fasterxml.jackson.databind.DatabindContext;com.fasterxml.jackson.databind.DeserializationContext;com.fasterxml.jackson.databind.JsonMappingException;com.fasterxml.jackson.databind.SerializerProvider;com.fasterxml.jackson.databind.deser.BasicDeserializerFactory;com.fasterxml.jackson.databind.deser.BeanDeserializerFactory;com.fasterxml.jackson.databind.deser.DeserializerCache;com.fasterxml.jackson.databind.deser.SettableAnyProperty;com.fasterxml.jackson.databind.deser.SettableBeanProperty;com.fasterxml.jackson.databind.deser.std.StdDeserializer;com.fasterxml.jackson.databind.deser.std.StdKeyDeserializer;com.fasterxml.jackson.databind.deser.std.StdValueInstantiator;com.fasterxml.jackson.databind.introspect.BasicBeanDescription;com.fasterxml.jackson.databind.ser.DefaultSerializerProvider;com.fasterxml.jackson.databind.ser.PropertyBuilder;com.fasterxml.jackson.databind.util.ClassUtil,,1,120,LINE:BRANCH:EXCEPTION,default,offline,True,,444,1836.6,2.2,22.1,1867.8,SUCCESS,SUCCESS,47.25,37.78,63.8,57.3,439,0,439,4,test00(com.fasterxml.jackson.databind.JsonMappingException_ESTest);test01(com.fasterxml.jackson.databind.JsonMappingException_ESTest);test30(com.fasterxml.jackson.databind.JsonMappingException_ESTest);test01(com.fasterxml.jackson.databind.deser.std.StdValueInstantiator_ESTest),True,False,,,EvoSuite/Result_Round2/JacksonDatabind_103/budget120_seed1,EvoSuite/Result_Round2/JacksonDatabind_103/budget120_seed1/run.log
JacksonDatabind,104,SBST,EvoSuite,1.2.0,com.fasterxml.jackson.databind.util.StdDateFormat,,1,60,LINE:BRANCH:EXCEPTION,default,offline,True,,58,91.2,1.1,2.8,133.6,SUCCESS,SUCCESS,92.25,84.73,83.0,81.0,51,0,51,4,test36(com.fasterxml.jackson.databind.util.StdDateFormat_ESTest);test37(com.fasterxml.jackson.databind.util.StdDateFormat_ESTest);test31(com.fasterxml.jackson.databind.util.StdDateFormat_ESTest);test32(com.fasterxml.jackson.databind.util.StdDateFormat_ESTest),True,False,,,EvoSuite/Result_Round1/JacksonDatabind_104/budget60_seed1,EvoSuite/Result_Round1/JacksonDatabind_104/budget60_seed1/run.log
JacksonDatabind,104,SBST,EvoSuite,1.2.0,com.fasterxml.jackson.databind.util.StdDateFormat,,1,120,LINE:BRANCH:EXCEPTION,default,offline,True,,67,153.8,1.1,2.8,164.5,SUCCESS,SUCCESS,92.25,84.73,83.0,81.0,57,0,57,4,test30(com.fasterxml.jackson.databind.util.StdDateFormat_ESTest);test35(com.fasterxml.jackson.databind.util.StdDateFormat_ESTest);test31(com.fasterxml.jackson.databind.util.StdDateFormat_ESTest);test19(com.fasterxml.jackson.databind.util.StdDateFormat_ESTest),True,False,,,EvoSuite/Result_Round2/JacksonDatabind_104/budget120_seed1,EvoSuite/Result_Round2/JacksonDatabind_104/budget120_seed1/run.log
JacksonDatabind,105,SBST,EvoSuite,1.2.0,com.fasterxml.jackson.databind.deser.std.JdkDeserializers,,1,60,LINE:BRANCH:EXCEPTION,default,offline,True,,4,69.0,1.0,2.2,110.9,SUCCESS,SUCCESS,76.19,72.22,69.0,67.0,4,0,4,1,test1(com.fasterxml.jackson.databind.deser.std.JdkDeserializers_ESTest),True,False,,,EvoSuite/Result_Round1/JacksonDatabind_105/budget60_seed1,EvoSuite/Result_Round1/JacksonDatabind_105/budget60_seed1/run.log
JacksonDatabind,105,SBST,EvoSuite,1.2.0,com.fasterxml.jackson.databind.deser.std.JdkDeserializers,,1,120,LINE:BRANCH:EXCEPTION,default,offline,True,,4,129.1,1.0,2.3,138.9,SUCCESS,SUCCESS,76.19,72.22,69.0,67.0,4,0,4,1,test1(com.fasterxml.jackson.databind.deser.std.JdkDeserializers_ESTest),True,False,,,EvoSuite/Result_Round2/JacksonDatabind_105/budget120_seed1,EvoSuite/Result_Round2/JacksonDatabind_105/budget120_seed1/run.log
JacksonDatabind,106,SBST,EvoSuite,1.2.0,com.fasterxml.jackson.databind.node.TreeTraversingParser,,1,60,LINE:BRANCH:EXCEPTION,default,offline,True,,54,115.9,1.3,6.7,161.8,SUCCESS,SUCCESS,85.48,82.72,91.0,87.0,54,0,54,0,,False,False,,,EvoSuite/Result_Round1/JacksonDatabind_106/budget60_seed1,EvoSuite/Result_Round1/JacksonDatabind_106/budget60_seed1/run.log
JacksonDatabind,106,SBST,EvoSuite,1.2.0,com.fasterxml.jackson.databind.node.TreeTraversingParser,,1,120,LINE:BRANCH:EXCEPTION,default,offline,True,,54,174.8,1.3,6.8,189.6,SUCCESS,SUCCESS,84.68,85.19,94.0,90.0,53,0,53,2,test21(com.fasterxml.jackson.databind.node.TreeTraversingParser_ESTest);test20(com.fasterxml.jackson.databind.node.TreeTraversingParser_ESTest),True,False,,,EvoSuite/Result_Round2/JacksonDatabind_106/budget120_seed1,EvoSuite/Result_Round2/JacksonDatabind_106/budget120_seed1/run.log
JacksonDatabind,107,SBST,EvoSuite,1.2.0,com.fasterxml.jackson.databind.jsontype.impl.TypeDeserializerBase,,1,60,LINE:BRANCH:EXCEPTION,default,offline,True,,18,89.2,1.2,6.0,135.2,SUCCESS,SUCCESS,64.47,37.5,71.0,52.0,18,0,18,0,,False,False,,,EvoSuite/Result_Round1/JacksonDatabind_107/budget60_seed1,EvoSuite/Result_Round1/JacksonDatabind_107/budget60_seed1/run.log
JacksonDatabind,107,SBST,EvoSuite,1.2.0,com.fasterxml.jackson.databind.jsontype.impl.TypeDeserializerBase,,1,120,LINE:BRANCH:EXCEPTION,default,offline,True,,0,8.5,,,,,TOOL_ERROR,,,,,,,,,,False,False,TOOL_ERROR,EvoSuite produced no test files,EvoSuite/Result_Round2/JacksonDatabind_107/budget120_seed1,EvoSuite/Result_Round2/JacksonDatabind_107/budget120_seed1/run.log
JacksonDatabind,108,SBST,EvoSuite,1.2.0,com.fasterxml.jackson.databind.ObjectReader,,1,60,LINE:BRANCH:EXCEPTION,default,offline,True,,157,146.4,1.6,9.2,195.5,SUCCESS,SUCCESS,59.6,42.47,74.0,64.0,155,0,155,4,test049(com.fasterxml.jackson.databind.ObjectReader_ESTest);test048(com.fasterxml.jackson.databind.ObjectReader_ESTest);test065(com.fasterxml.jackson.databind.ObjectReader_ESTest);test064(com.fasterxml.jackson.databind.ObjectReader_ESTest),True,False,,,EvoSuite/Result_Round1/JacksonDatabind_108/budget60_seed1,EvoSuite/Result_Round1/JacksonDatabind_108/budget60_seed1/run.log
JacksonDatabind,108,SBST,EvoSuite,1.2.0,com.fasterxml.jackson.databind.ObjectReader,,1,120,LINE:BRANCH:EXCEPTION,default,offline,True,,184,210.3,1.8,9.5,228.2,SUCCESS,SUCCESS,57.59,41.94,75.0,65.0,181,0,181,4,test093(com.fasterxml.jackson.databind.ObjectReader_ESTest);test092(com.fasterxml.jackson.databind.ObjectReader_ESTest);test074(com.fasterxml.jackson.databind.ObjectReader_ESTest);test075(com.fasterxml.jackson.databind.ObjectReader_ESTest),True,False,,,EvoSuite/Result_Round2/JacksonDatabind_108/budget120_seed1,EvoSuite/Result_Round2/JacksonDatabind_108/budget120_seed1/run.log
JacksonDatabind,109,SBST,EvoSuite,1.2.0,com.fasterxml.jackson.databind.ser.std.NumberSerializer;com.fasterxml.jackson.databind.ser.std.NumberSerializers,,1,60,LINE:BRANCH:EXCEPTION,default,offline,True,,33,172.4,1.3,7.5,219.7,SUCCESS,SUCCESS,80.85,70.0,69.5,76.0,33,0,33,7,test00(com.fasterxml.jackson.databind.ser.std.NumberSerializer_ESTest);test20(com.fasterxml.jackson.databind.ser.std.NumberSerializer_ESTest);test10(com.fasterxml.jackson.databind.ser.std.NumberSerializer_ESTest);test21(com.fasterxml.jackson.databind.ser.std.NumberSerializer_ESTest);test08(com.fasterxml.jackson.databind.ser.std.NumberSerializer_ESTest),True,False,,,EvoSuite/Result_Round1/JacksonDatabind_109/budget60_seed1,EvoSuite/Result_Round1/JacksonDatabind_109/budget60_seed1/run.log
JacksonDatabind,109,SBST,EvoSuite,1.2.0,com.fasterxml.jackson.databind.ser.std.NumberSerializer;com.fasterxml.jackson.databind.ser.std.NumberSerializers,,1,120,LINE:BRANCH:EXCEPTION,default,offline,True,,32,293.1,1.4,8.0,309.2,SUCCESS,SUCCESS,80.85,73.33,71.5,77.0,32,0,32,7,test04(com.fasterxml.jackson.databind.ser.std.NumberSerializer_ESTest);test05(com.fasterxml.jackson.databind.ser.std.NumberSerializer_ESTest);test00(com.fasterxml.jackson.databind.ser.std.NumberSerializer_ESTest);test19(com.fasterxml.jackson.databind.ser.std.NumberSerializer_ESTest);test06(com.fasterxml.jackson.databind.ser.std.NumberSerializer_ESTest),True,False,,,EvoSuite/Result_Round2/JacksonDatabind_109/budget120_seed1,EvoSuite/Result_Round2/JacksonDatabind_109/budget120_seed1/run.log
JacksonDatabind,110,SBST,EvoSuite,1.2.0,com.fasterxml.jackson.databind.deser.impl.JavaUtilCollectionsDeserializers,,1,60,LINE:BRANCH:EXCEPTION,default,offline,True,,4,73.8,1.1,5.4,118.9,SUCCESS,SUCCESS,65.62,50.0,20.0,20.0,4,0,4,0,,False,False,,,EvoSuite/Result_Round1/JacksonDatabind_110/budget60_seed1,EvoSuite/Result_Round1/JacksonDatabind_110/budget60_seed1/run.log
JacksonDatabind,110,SBST,EvoSuite,1.2.0,com.fasterxml.jackson.databind.deser.impl.JavaUtilCollectionsDeserializers,,1,120,LINE:BRANCH:EXCEPTION,default,offline,True,,4,134.6,1.0,5.4,147.9,SUCCESS,SUCCESS,65.62,50.0,20.0,20.0,4,0,4,0,,False,False,,,EvoSuite/Result_Round2/JacksonDatabind_110/budget120_seed1,EvoSuite/Result_Round2/JacksonDatabind_110/budget120_seed1/run.log
JacksonDatabind,111,SBST,EvoSuite,1.2.0,com.fasterxml.jackson.databind.deser.CreatorProperty;com.fasterxml.jackson.databind.deser.impl.FieldProperty;com.fasterxml.jackson.databind.deser.impl.MethodProperty;com.fasterxml.jackson.databind.deser.impl.ObjectIdReferenceProperty;com.fasterxml.jackson.databind.deser.impl.ObjectIdValueProperty;com.fasterxml.jackson.databind.deser.impl.SetterlessProperty;com.fasterxml.jackson.databind.deser.std.AtomicReferenceDeserializer,,1,60,LINE:BRANCH:EXCEPTION,default,offline,True,,7,45.9,1.1,5.4,90.9,SUCCESS,SUCCESS,2.63,0.0,100.0,100.0,7,0,7,0,,False,False,,,EvoSuite/Result_Round1/JacksonDatabind_111/budget60_seed1,EvoSuite/Result_Round1/JacksonDatabind_111/budget60_seed1/run.log
JacksonDatabind,111,SBST,EvoSuite,1.2.0,com.fasterxml.jackson.databind.deser.CreatorProperty;com.fasterxml.jackson.databind.deser.impl.FieldProperty;com.fasterxml.jackson.databind.deser.impl.MethodProperty;com.fasterxml.jackson.databind.deser.impl.ObjectIdReferenceProperty;com.fasterxml.jackson.databind.deser.impl.ObjectIdValueProperty;com.fasterxml.jackson.databind.deser.impl.SetterlessProperty;com.fasterxml.jackson.databind.deser.std.AtomicReferenceDeserializer,,1,120,LINE:BRANCH:EXCEPTION,default,offline,True,,7,45.0,1.1,5.1,57.9,SUCCESS,SUCCESS,2.34,0.0,100.0,100.0,7,0,7,1,test0(com.fasterxml.jackson.databind.deser.std.AtomicReferenceDeserializer_ESTest),True,False,,,EvoSuite/Result_Round2/JacksonDatabind_111/budget120_seed1,EvoSuite/Result_Round2/JacksonDatabind_111/budget120_seed1/run.log
JacksonDatabind,112,SBST,EvoSuite,1.2.0,com.fasterxml.jackson.databind.deser.std.StringCollectionDeserializer,,1,60,LINE:BRANCH:EXCEPTION,default,offline,True,,20,93.4,1.3,7.1,140.2,SUCCESS,SUCCESS,44.44,50.0,49.0,57.0,20,0,20,0,,False,False,,,EvoSuite/Result_Round1/JacksonDatabind_112/budget60_seed1,EvoSuite/Result_Round1/JacksonDatabind_112/budget60_seed1/run.log
JacksonDatabind,112,SBST,EvoSuite,1.2.0,com.fasterxml.jackson.databind.deser.std.StringCollectionDeserializer,,1,120,LINE:BRANCH:EXCEPTION,default,offline,True,,20,151.7,1.5,7.1,167.1,SUCCESS,SUCCESS,42.22,51.67,49.0,58.0,20,0,20,0,,False,False,,,EvoSuite/Result_Round2/JacksonDatabind_112/budget120_seed1,EvoSuite/Result_Round2/JacksonDatabind_112/budget120_seed1/run.log
JacksonXml,2,SBST,EvoSuite,1.2.0,com.fasterxml.jackson.dataformat.xml.deser.XmlTokenStream,,1,120,LINE:BRANCH:EXCEPTION,default,offline,True,,34,144.4,1.1,2.8,153.8,SUCCESS,SUCCESS,68.98,66.67,69.0,71.0,34,0,34,2,test04(com.fasterxml.jackson.dataformat.xml.deser.XmlTokenStream_ESTest);test05(com.fasterxml.jackson.dataformat.xml.deser.XmlTokenStream_ESTest),True,False,,,EvoSuite/Result_Round2/JacksonXml_2/budget120_seed1,EvoSuite/Result_Round2/JacksonXml_2/budget120_seed1/run.log
JacksonXml,3,SBST,EvoSuite,1.2.0,com.fasterxml.jackson.dataformat.xml.deser.FromXmlParser,,1,60,LINE:BRANCH:EXCEPTION,default,offline,True,,2,71.9,0.9,3.8,90.2,SUCCESS,RUNTIME_FAIL,0.0,0.0,4.0,1.0,2,3,2,3,test0(com.fasterxml.jackson.dataformat.xml.deser.FromXmlParser_ESTest);test1(com.fasterxml.jackson.dataformat.xml.deser.FromXmlParser_ESTest);test1(com.fasterxml.jackson.dataformat.xml.deser.FromXmlParser_ESTest),False,False,,,EvoSuite/Result_Round1/JacksonXml_3/budget60_seed1,EvoSuite/Result_Round1/JacksonXml_3/budget60_seed1/run.log
JacksonXml,3,SBST,EvoSuite,1.2.0,com.fasterxml.jackson.dataformat.xml.deser.FromXmlParser,,1,120,LINE:BRANCH:EXCEPTION,default,offline,True,,3,133.4,1.0,3.9,143.9,SUCCESS,RUNTIME_FAIL,2.88,0.0,4.0,1.0,3,5,3,5,test2(com.fasterxml.jackson.dataformat.xml.deser.FromXmlParser_ESTest);test0(com.fasterxml.jackson.dataformat.xml.deser.FromXmlParser_ESTest);test0(com.fasterxml.jackson.dataformat.xml.deser.FromXmlParser_ESTest);test1(com.fasterxml.jackson.dataformat.xml.deser.FromXmlParser_ESTest);test1(com.fasterxml.jackson.dataformat.xml.deser.FromXmlParser_ESTest),False,False,,,EvoSuite/Result_Round2/JacksonXml_3/budget120_seed1,EvoSuite/Result_Round2/JacksonXml_3/budget120_seed1/run.log
JacksonXml,4,SBST,EvoSuite,1.2.0,com.fasterxml.jackson.dataformat.xml.ser.XmlSerializerProvider,,1,60,LINE:BRANCH:EXCEPTION,default,offline,True,,24,92.9,1.2,5.1,104.7,SUCCESS,RUNTIME_FAIL,40.16,38.33,48.0,45.0,24,2,24,5,test06(com.fasterxml.jackson.dataformat.xml.ser.XmlSerializerProvider_ESTest);test17(com.fasterxml.jackson.dataformat.xml.ser.XmlSerializerProvider_ESTest);test20(com.fasterxml.jackson.dataformat.xml.ser.XmlSerializerProvider_ESTest);test03(com.fasterxml.jackson.dataformat.xml.ser.XmlSerializerProvider_ESTest);test15(com.fasterxml.jackson.dataformat.xml.ser.XmlSerializerProvider_ESTest),False,False,,,EvoSuite/Result_Round1/JacksonXml_4/budget60_seed1,EvoSuite/Result_Round1/JacksonXml_4/budget60_seed1/run.log
JacksonXml,4,SBST,EvoSuite,1.2.0,com.fasterxml.jackson.dataformat.xml.ser.XmlSerializerProvider,,1,120,LINE:BRANCH:EXCEPTION,default,offline,True,,31,160.9,1.2,5.5,173.2,SUCCESS,RUNTIME_FAIL,41.8,43.33,54.0,55.0,31,4,31,8,test30(com.fasterxml.jackson.dataformat.xml.ser.XmlSerializerProvider_ESTest);test17(com.fasterxml.jackson.dataformat.xml.ser.XmlSerializerProvider_ESTest);test17(com.fasterxml.jackson.dataformat.xml.ser.XmlSerializerProvider_ESTest);test18(com.fasterxml.jackson.dataformat.xml.ser.XmlSerializerProvider_ESTest);test20(com.fasterxml.jackson.dataformat.xml.ser.XmlSerializerProvider_ESTest),False,False,,,EvoSuite/Result_Round2/JacksonXml_4/budget120_seed1,EvoSuite/Result_Round2/JacksonXml_4/budget120_seed1/run.log
JacksonXml,5,SBST,EvoSuite,1.2.0,com.fasterxml.jackson.dataformat.xml.ser.XmlSerializerProvider,,1,60,LINE:BRANCH:EXCEPTION,default,offline,True,,28,97.8,1.2,6.2,120.1,SUCCESS,SUCCESS,65.62,54.17,69.0,63.0,28,0,28,0,,False,False,,,EvoSuite/Result_Round1/JacksonXml_5/budget60_seed1,EvoSuite/Result_Round1/JacksonXml_5/budget60_seed1/run.log
JacksonXml,5,SBST,EvoSuite,1.2.0,com.fasterxml.jackson.dataformat.xml.ser.XmlSerializerProvider,,1,120,LINE:BRANCH:EXCEPTION,default,offline,True,,28,158.6,1.2,5.9,171.4,SUCCESS,SUCCESS,64.58,56.25,71.0,65.0,28,0,28,0,,False,False,,,EvoSuite/Result_Round2/JacksonXml_5/budget120_seed1,EvoSuite/Result_Round2/JacksonXml_5/budget120_seed1/run.log
JacksonXml,6,SBST,EvoSuite,1.2.0,com.fasterxml.jackson.dataformat.xml.ser.ToXmlGenerator,,1,60,LINE:BRANCH:EXCEPTION,default,offline,True,,77,141.1,1.3,6.1,163.6,SUCCESS,SUCCESS,28.99,29.41,37.0,38.0,77,0,77,0,,False,False,,,EvoSuite/Result_Round1/JacksonXml_6/budget60_seed1,EvoSuite/Result_Round1/JacksonXml_6/budget60_seed1/run.log
JacksonXml,6,SBST,EvoSuite,1.2.0,com.fasterxml.jackson.dataformat.xml.ser.ToXmlGenerator,,1,120,LINE:BRANCH:EXCEPTION,default,offline,True,,82,201.7,1.3,6.1,214.6,SUCCESS,SUCCESS,29.18,30.25,38.0,39.0,82,0,82,0,,False,False,,,EvoSuite/Result_Round2/JacksonXml_6/budget120_seed1,EvoSuite/Result_Round2/JacksonXml_6/budget120_seed1/run.log
Jsoup,2,SBST,EvoSuite,1.2.0,org.jsoup.parser.Parser,,1,120,LINE:BRANCH:EXCEPTION,default,offline,True,,14,148.3,0.7,1.9,156.5,SUCCESS,SUCCESS,90.18,83.72,90.0,85.0,14,0,14,0,,False,False,,,EvoSuite/Result_Round2/Jsoup_2/budget120_seed1,EvoSuite/Result_Round2/Jsoup_2/budget120_seed1/run.log
Jsoup,3,SBST,EvoSuite,1.2.0,org.jsoup.nodes.Element;org.jsoup.parser.Parser;org.jsoup.parser.Tag,,1,60,LINE:BRANCH:EXCEPTION,default,offline,True,,98,248.0,0.9,2.7,263.4,SUCCESS,SUCCESS,79.64,64.47,72.0,67.7,96,0,96,13,test08(org.jsoup.parser.Parser_ESTest);test06(org.jsoup.parser.Parser_ESTest);test17(org.jsoup.parser.Parser_ESTest);test00(org.jsoup.parser.Parser_ESTest);test10(org.jsoup.parser.Parser_ESTest),True,False,,,EvoSuite/Result_Round1/Jsoup_3/budget60_seed1,EvoSuite/Result_Round1/Jsoup_3/budget60_seed1/run.log
Jsoup,3,SBST,EvoSuite,1.2.0,org.jsoup.nodes.Element;org.jsoup.parser.Parser;org.jsoup.parser.Tag,,1,120,LINE:BRANCH:EXCEPTION,default,offline,True,,114,477.8,1.0,2.9,487.2,SUCCESS,SUCCESS,83.61,74.67,76.7,76.7,111,0,111,13,test09(org.jsoup.parser.Parser_ESTest);test07(org.jsoup.parser.Parser_ESTest);test18(org.jsoup.parser.Parser_ESTest);test01(org.jsoup.parser.Parser_ESTest);test00(org.jsoup.parser.Parser_ESTest),True,False,,,EvoSuite/Result_Round2/Jsoup_3/budget120_seed1,EvoSuite/Result_Round2/Jsoup_3/budget120_seed1/run.log
Jsoup,4,SBST,EvoSuite,1.2.0,org.jsoup.nodes.Entities,,1,60,LINE:BRANCH:EXCEPTION,default,offline,True,,10,69.0,0.9,2.2,84.7,SUCCESS,SUCCESS,99.77,80.77,86.0,82.0,10,0,10,0,,False,False,,,EvoSuite/Result_Round1/Jsoup_4/budget60_seed1,EvoSuite/Result_Round1/Jsoup_4/budget60_seed1/run.log
Jsoup,4,SBST,EvoSuite,1.2.0,org.jsoup.nodes.Entities,,1,120,LINE:BRANCH:EXCEPTION,default,offline,True,,11,129.4,0.7,2.1,138.0,SUCCESS,SUCCESS,99.95,92.31,97.0,93.0,11,0,11,0,,False,False,,,EvoSuite/Result_Round2/Jsoup_4/budget120_seed1,EvoSuite/Result_Round2/Jsoup_4/budget120_seed1/run.log
Jsoup,5,SBST,EvoSuite,1.2.0,org.jsoup.parser.Parser,,1,60,LINE:BRANCH:EXCEPTION,default,offline,True,,15,97.8,0.8,2.2,113.4,SUCCESS,SUCCESS,84.39,70.21,84.0,72.0,15,0,15,1,test04(org.jsoup.parser.Parser_ESTest),True,False,,,EvoSuite/Result_Round1/Jsoup_5/budget60_seed1,EvoSuite/Result_Round1/Jsoup_5/budget60_seed1/run.log
Jsoup,5,SBST,EvoSuite,1.2.0,org.jsoup.parser.Parser,,1,120,LINE:BRANCH:EXCEPTION,default,offline,True,,16,155.6,0.8,2.3,164.4,SUCCESS,SUCCESS,81.5,71.28,81.0,73.0,16,0,16,0,,False,False,,,EvoSuite/Result_Round2/Jsoup_5/budget120_seed1,EvoSuite/Result_Round2/Jsoup_5/budget120_seed1/run.log
Jsoup,6,SBST,EvoSuite,1.2.0,org.jsoup.nodes.Entities,,1,60,LINE:BRANCH:EXCEPTION,default,offline,True,,8,68.7,0.8,2.1,85.1,SUCCESS,SUCCESS,99.73,80.77,86.0,82.0,8,0,8,0,,False,False,,,EvoSuite/Result_Round1/Jsoup_6/budget60_seed1,EvoSuite/Result_Round1/Jsoup_6/budget60_seed1/run.log
Jsoup,6,SBST,EvoSuite,1.2.0,org.jsoup.nodes.Entities,,1,120,LINE:BRANCH:EXCEPTION,default,offline,True,,8,129.0,0.8,2.2,137.8,SUCCESS,SUCCESS,99.73,80.77,86.0,82.0,8,0,8,0,,False,False,,,EvoSuite/Result_Round2/Jsoup_6/budget120_seed1,EvoSuite/Result_Round2/Jsoup_6/budget120_seed1/run.log
Jsoup,7,SBST,EvoSuite,1.2.0,org.jsoup.nodes.Document,,1,60,LINE:BRANCH:EXCEPTION,default,offline,True,,30,39.6,0.8,2.5,56.5,SUCCESS,SUCCESS,98.63,100.0,100.0,100.0,30,0,30,0,,False,False,,,EvoSuite/Result_Round1/Jsoup_7/budget60_seed1,EvoSuite/Result_Round1/Jsoup_7/budget60_seed1/run.log
Jsoup,7,SBST,EvoSuite,1.2.0,org.jsoup.nodes.Document,,1,120,LINE:BRANCH:EXCEPTION,default,offline,True,,30,40.1,0.9,2.5,49.3,SUCCESS,SUCCESS,98.63,100.0,100.0,100.0,30,0,30,0,,False,False,,,EvoSuite/Result_Round2/Jsoup_7/budget120_seed1,EvoSuite/Result_Round2/Jsoup_7/budget120_seed1/run.log
Jsoup,8,SBST,EvoSuite,1.2.0,org.jsoup.nodes.Node,,1,60,LINE:BRANCH:EXCEPTION,default,offline,True,,57,156.4,1.0,2.9,174.0,SUCCESS,SUCCESS,91.6,97.5,96.0,98.0,55,0,55,3,test17(org.jsoup.nodes.Node_ESTest);test04(org.jsoup.nodes.Node_ESTest);test35(org.jsoup.nodes.Node_ESTest),True,False,,,EvoSuite/Result_Round1/Jsoup_8/budget60_seed1,EvoSuite/Result_Round1/Jsoup_8/budget60_seed1/run.log
Jsoup,8,SBST,EvoSuite,1.2.0,org.jsoup.nodes.Node,,1,120,LINE:BRANCH:EXCEPTION,default,offline,True,,63,231.9,0.9,3.0,242.1,SUCCESS,SUCCESS,91.6,97.5,96.0,98.0,61,0,61,3,test05(org.jsoup.nodes.Node_ESTest);test41(org.jsoup.nodes.Node_ESTest);test21(org.jsoup.nodes.Node_ESTest),True,False,,,EvoSuite/Result_Round2/Jsoup_8/budget120_seed1,EvoSuite/Result_Round2/Jsoup_8/budget120_seed1/run.log
Jsoup,9,SBST,EvoSuite,1.2.0,org.jsoup.nodes.Entities,,1,60,LINE:BRANCH:EXCEPTION,default,offline,True,,8,68.8,0.8,2.1,85.6,SUCCESS,SUCCESS,99.73,80.77,79.0,81.0,8,0,8,0,,False,False,,,EvoSuite/Result_Round1/Jsoup_9/budget60_seed1,EvoSuite/Result_Round1/Jsoup_9/budget60_seed1/run.log
Jsoup,9,SBST,EvoSuite,1.2.0,org.jsoup.nodes.Entities,,1,120,LINE:BRANCH:EXCEPTION,default,offline,True,,9,129.2,0.8,2.2,138.0,SUCCESS,SUCCESS,99.86,88.46,90.0,89.0,9,0,9,0,,False,False,,,EvoSuite/Result_Round2/Jsoup_9/budget120_seed1,EvoSuite/Result_Round2/Jsoup_9/budget120_seed1/run.log
Jsoup,10,SBST,EvoSuite,1.2.0,org.jsoup.nodes.Node,,1,60,LINE:BRANCH:EXCEPTION,default,offline,True,,59,159.1,0.9,2.9,176.8,SUCCESS,SUCCESS,89.73,93.75,94.0,96.0,57,0,57,0,,False,False,,,EvoSuite/Result_Round1/Jsoup_10/budget60_seed1,EvoSuite/Result_Round1/Jsoup_10/budget60_seed1/run.log
Jsoup,10,SBST,EvoSuite,1.2.0,org.jsoup.nodes.Node,,1,120,LINE:BRANCH:EXCEPTION,default,offline,True,,64,218.7,0.9,2.9,228.6,SUCCESS,SUCCESS,82.88,87.5,94.0,96.0,58,0,58,0,,False,False,,,EvoSuite/Result_Round2/Jsoup_10/budget120_seed1,EvoSuite/Result_Round2/Jsoup_10/budget120_seed1/run.log
Jsoup,11,SBST,EvoSuite,1.2.0,org.jsoup.select.Selector,,1,60,LINE:BRANCH:EXCEPTION,default,offline,True,,20,73.0,0.8,2.4,89.8,SUCCESS,SUCCESS,64.81,54.55,70.0,57.0,20,0,20,3,test05(org.jsoup.select.Selector_ESTest);test16(org.jsoup.select.Selector_ESTest);test04(org.jsoup.select.Selector_ESTest),True,False,,,EvoSuite/Result_Round1/Jsoup_11/budget60_seed1,EvoSuite/Result_Round1/Jsoup_11/budget60_seed1/run.log
Jsoup,11,SBST,EvoSuite,1.2.0,org.jsoup.select.Selector,,1,120,LINE:BRANCH:EXCEPTION,default,offline,True,,22,143.0,0.8,2.5,152.1,SUCCESS,SUCCESS,70.37,58.33,74.0,61.0,22,0,22,3,test18(org.jsoup.select.Selector_ESTest);test05(org.jsoup.select.Selector_ESTest);test04(org.jsoup.select.Selector_ESTest),True,False,,,EvoSuite/Result_Round2/Jsoup_11/budget120_seed1,EvoSuite/Result_Round2/Jsoup_11/budget120_seed1/run.log
Jsoup,12,SBST,EvoSuite,1.2.0,org.jsoup.select.Selector,,1,60,LINE:BRANCH:EXCEPTION,default,offline,True,,17,82.2,0.8,2.4,99.7,SUCCESS,SUCCESS,65.93,55.0,69.0,57.0,17,0,17,0,,False,False,,,EvoSuite/Result_Round1/Jsoup_12/budget60_seed1,EvoSuite/Result_Round1/Jsoup_12/budget60_seed1/run.log
Jsoup,12,SBST,EvoSuite,1.2.0,org.jsoup.select.Selector,,1,120,LINE:BRANCH:EXCEPTION,default,offline,True,,21,143.2,0.8,2.5,152.4,SUCCESS,SUCCESS,68.14,58.57,73.0,62.0,20,0,20,0,,False,False,,,EvoSuite/Result_Round2/Jsoup_12/budget120_seed1,EvoSuite/Result_Round2/Jsoup_12/budget120_seed1/run.log
Jsoup,13,SBST,EvoSuite,1.2.0,org.jsoup.nodes.Node,,1,60,LINE:BRANCH:EXCEPTION,default,offline,True,,57,167.2,0.9,3.6,186.9,SUCCESS,SUCCESS,89.89,82.35,92.0,89.0,55,0,55,0,,False,False,,,EvoSuite/Result_Round1/Jsoup_13/budget60_seed1,EvoSuite/Result_Round1/Jsoup_13/budget60_seed1/run.log
Jsoup,13,SBST,EvoSuite,1.2.0,org.jsoup.nodes.Node,,1,120,LINE:BRANCH:EXCEPTION,default,offline,True,,61,237.0,1.2,3.7,248.0,SUCCESS,SUCCESS,90.96,83.82,94.0,90.0,59,0,59,0,,False,False,,,EvoSuite/Result_Round2/Jsoup_13/budget120_seed1,EvoSuite/Result_Round2/Jsoup_13/budget120_seed1/run.log
Jsoup,14,SBST,EvoSuite,1.2.0,org.jsoup.parser.Tokeniser;org.jsoup.parser.TokeniserState,,1,60,LINE:BRANCH:EXCEPTION,default,offline,True,,44,143.8,0.8,2.8,162.3,SUCCESS,SUCCESS,97.38,84.29,49.0,44.0,45,0,45,1,test42(org.jsoup.parser.Tokeniser_ESTest),True,False,,,EvoSuite/Result_Round1/Jsoup_14/budget60_seed1,EvoSuite/Result_Round1/Jsoup_14/budget60_seed1/run.log
Jsoup,14,SBST,EvoSuite,1.2.0,org.jsoup.parser.Tokeniser;org.jsoup.parser.TokeniserState,,1,120,LINE:BRANCH:EXCEPTION,default,offline,True,,46,264.4,0.8,2.9,274.0,SUCCESS,SUCCESS,97.38,90.0,49.0,46.0,47,0,47,1,test44(org.jsoup.parser.Tokeniser_ESTest),True,False,,,EvoSuite/Result_Round2/Jsoup_14/budget120_seed1,EvoSuite/Result_Round2/Jsoup_14/budget120_seed1/run.log
Jsoup,15,SBST,EvoSuite,1.2.0,org.jsoup.parser.TreeBuilderState,,1,60,LINE:BRANCH:EXCEPTION,default,offline,True,,0,67.1,0.7,0.4,82.4,SUCCESS,SUCCESS,,,0.0,0.0,1,0,1,0,,False,False,JACOCO_NO_DATA,JaCoCo produced no coverage for target class,EvoSuite/Result_Round1/Jsoup_15/budget60_seed1,EvoSuite/Result_Round1/Jsoup_15/budget60_seed1/run.log
Jsoup,15,SBST,EvoSuite,1.2.0,org.jsoup.parser.TreeBuilderState,,1,120,LINE:BRANCH:EXCEPTION,default,offline,True,,0,127.1,0.6,0.4,133.8,SUCCESS,SUCCESS,,,0.0,0.0,1,0,1,0,,False,False,JACOCO_NO_DATA,JaCoCo produced no coverage for target class,EvoSuite/Result_Round2/Jsoup_15/budget120_seed1,EvoSuite/Result_Round2/Jsoup_15/budget120_seed1/run.log
Jsoup,16,SBST,EvoSuite,1.2.0,org.jsoup.nodes.DocumentType,,1,60,LINE:BRANCH:EXCEPTION,default,offline,True,,5,8.9,0.8,2.7,27.1,SUCCESS,SUCCESS,100.0,100.0,100.0,100.0,5,0,5,3,test4(org.jsoup.nodes.DocumentType_ESTest);test3(org.jsoup.nodes.DocumentType_ESTest);test2(org.jsoup.nodes.DocumentType_ESTest),True,False,,,EvoSuite/Result_Round1/Jsoup_16/budget60_seed1,EvoSuite/Result_Round1/Jsoup_16/budget60_seed1/run.log
Jsoup,16,SBST,EvoSuite,1.2.0,org.jsoup.nodes.DocumentType,,1,120,LINE:BRANCH:EXCEPTION,default,offline,True,,5,8.8,0.8,2.8,18.3,SUCCESS,SUCCESS,100.0,100.0,100.0,100.0,5,0,5,3,test4(org.jsoup.nodes.DocumentType_ESTest);test3(org.jsoup.nodes.DocumentType_ESTest);test2(org.jsoup.nodes.DocumentType_ESTest),True,False,,,EvoSuite/Result_Round2/Jsoup_16/budget120_seed1,EvoSuite/Result_Round2/Jsoup_16/budget120_seed1/run.log
Jsoup,17,SBST,EvoSuite,1.2.0,org.jsoup.parser.TreeBuilderState,,1,60,LINE:BRANCH:EXCEPTION,default,offline,True,,0,67.2,0.7,0.4,82.6,SUCCESS,SUCCESS,,,0.0,0.0,1,0,1,0,,False,False,JACOCO_NO_DATA,JaCoCo produced no coverage for target class,EvoSuite/Result_Round1/Jsoup_17/budget60_seed1,EvoSuite/Result_Round1/Jsoup_17/budget60_seed1/run.log
Jsoup,17,SBST,EvoSuite,1.2.0,org.jsoup.parser.TreeBuilderState,,1,120,LINE:BRANCH:EXCEPTION,default,offline,True,,0,126.9,0.7,0.4,133.6,SUCCESS,SUCCESS,,,0.0,0.0,1,0,1,0,,False,False,JACOCO_NO_DATA,JaCoCo produced no coverage for target class,EvoSuite/Result_Round2/Jsoup_17/budget120_seed1,EvoSuite/Result_Round2/Jsoup_17/budget120_seed1/run.log
Jsoup,18,SBST,EvoSuite,1.2.0,org.jsoup.parser.CharacterReader,,1,60,LINE:BRANCH:EXCEPTION,default,offline,True,,60,28.3,0.9,1.6,45.5,SUCCESS,SUCCESS,100.0,98.78,100.0,100.0,60,0,60,0,,False,False,,,EvoSuite/Result_Round1/Jsoup_18/budget60_seed1,EvoSuite/Result_Round1/Jsoup_18/budget60_seed1/run.log
Jsoup,18,SBST,EvoSuite,1.2.0,org.jsoup.parser.CharacterReader,,1,120,LINE:BRANCH:EXCEPTION,default,offline,True,,60,28.2,0.9,1.6,36.7,SUCCESS,SUCCESS,100.0,98.78,100.0,100.0,60,0,60,0,,False,False,,,EvoSuite/Result_Round2/Jsoup_18/budget120_seed1,EvoSuite/Result_Round2/Jsoup_18/budget120_seed1/run.log
Jsoup,19,SBST,EvoSuite,1.2.0,org.jsoup.safety.Whitelist,,1,60,LINE:BRANCH:EXCEPTION,default,offline,True,,22,74.4,0.8,3.1,93.1,SUCCESS,SUCCESS,90.83,70.0,93.0,84.0,22,0,22,0,,False,False,,,EvoSuite/Result_Round1/Jsoup_19/budget60_seed1,EvoSuite/Result_Round1/Jsoup_19/budget60_seed1/run.log
Jsoup,19,SBST,EvoSuite,1.2.0,org.jsoup.safety.Whitelist,,1,120,LINE:BRANCH:EXCEPTION,default,offline,True,,23,135.0,0.8,3.2,145.0,SUCCESS,SUCCESS,90.83,70.0,93.0,84.0,23,0,23,0,,False,False,,,EvoSuite/Result_Round2/Jsoup_19/budget120_seed1,EvoSuite/Result_Round2/Jsoup_19/budget120_seed1/run.log
Jsoup,20,SBST,EvoSuite,1.2.0,org.jsoup.helper.DataUtil,,1,60,LINE:BRANCH:EXCEPTION,default,offline,True,,31,80.0,0.9,4.3,100.2,SUCCESS,SUCCESS,79.55,54.17,80.0,57.0,31,0,31,3,test14(org.jsoup.helper.DataUtil_ESTest);test26(org.jsoup.helper.DataUtil_ESTest);test06(org.jsoup.helper.DataUtil_ESTest),True,False,,,EvoSuite/Result_Round1/Jsoup_20/budget60_seed1,EvoSuite/Result_Round1/Jsoup_20/budget60_seed1/run.log
Jsoup,20,SBST,EvoSuite,1.2.0,org.jsoup.helper.DataUtil,,1,120,LINE:BRANCH:EXCEPTION,default,offline,True,,31,137.8,0.9,4.2,148.9,SUCCESS,SUCCESS,77.27,54.17,80.0,57.0,31,0,31,3,test13(org.jsoup.helper.DataUtil_ESTest);test25(org.jsoup.helper.DataUtil_ESTest);test06(org.jsoup.helper.DataUtil_ESTest),True,False,,,EvoSuite/Result_Round2/Jsoup_20/budget120_seed1,EvoSuite/Result_Round2/Jsoup_20/budget120_seed1/run.log
Jsoup,21,SBST,EvoSuite,1.2.0,org.jsoup.select.CombiningEvaluator;org.jsoup.select.QueryParser,,1,60,LINE:BRANCH:EXCEPTION,default,offline,True,,30,82.2,0.9,3.2,101.5,SUCCESS,SUCCESS,89.22,91.86,97.0,96.5,30,0,30,3,test3(org.jsoup.select.CombiningEvaluator_ESTest);test4(org.jsoup.select.CombiningEvaluator_ESTest);test17(org.jsoup.select.QueryParser_ESTest),True,False,,,EvoSuite/Result_Round1/Jsoup_21/budget60_seed1,EvoSuite/Result_Round1/Jsoup_21/budget60_seed1/run.log
Jsoup,21,SBST,EvoSuite,1.2.0,org.jsoup.select.CombiningEvaluator;org.jsoup.select.QueryParser,,1,120,LINE:BRANCH:EXCEPTION,default,offline,True,,30,143.6,0.9,3.7,154.0,SUCCESS,SUCCESS,89.82,95.35,98.0,98.5,30,0,30,3,test3(org.jsoup.select.CombiningEvaluator_ESTest);test4(org.jsoup.select.CombiningEvaluator_ESTest);test17(org.jsoup.select.QueryParser_ESTest),True,False,,,EvoSuite/Result_Round2/Jsoup_21/budget120_seed1,EvoSuite/Result_Round2/Jsoup_21/budget120_seed1/run.log
Jsoup,22,SBST,EvoSuite,1.2.0,org.jsoup.nodes.Element;org.jsoup.nodes.Node;org.jsoup.select.Elements,,1,60,LINE:BRANCH:EXCEPTION,default,offline,True,,244,381.3,1.2,6.6,404.1,SUCCESS,SUCCESS,90.77,82.29,90.7,85.3,236,0,236,9,test48(org.jsoup.nodes.Element_ESTest);test49(org.jsoup.nodes.Element_ESTest);test46(org.jsoup.nodes.Element_ESTest);test47(org.jsoup.nodes.Element_ESTest);test43(org.jsoup.nodes.Node_ESTest),True,False,,,EvoSuite/Result_Round1/Jsoup_22/budget60_seed1,EvoSuite/Result_Round1/Jsoup_22/budget60_seed1/run.log
Jsoup,22,SBST,EvoSuite,1.2.0,org.jsoup.nodes.Element;org.jsoup.nodes.Node;org.jsoup.select.Elements,,1,120,LINE:BRANCH:EXCEPTION,default,offline,True,,271,487.4,1.4,7.0,501.9,SUCCESS,RUNTIME_FAIL,92.41,84.03,92.0,86.3,263,1,263,12,test59(org.jsoup.nodes.Element_ESTest);test57(org.jsoup.nodes.Element_ESTest);test54(org.jsoup.nodes.Element_ESTest);test52(org.jsoup.nodes.Node_ESTest);test51(org.jsoup.nodes.Node_ESTest),False,False,,,EvoSuite/Result_Round2/Jsoup_22/budget120_seed1,EvoSuite/Result_Round2/Jsoup_22/budget120_seed1/run.log
Jsoup,23,SBST,EvoSuite,1.2.0,org.jsoup.parser.CharacterReader;org.jsoup.parser.Tokeniser,,1,60,LINE:BRANCH:EXCEPTION,default,offline,True,,103,107.0,1.0,3.0,125.9,SUCCESS,SUCCESS,96.51,92.86,98.0,93.0,103,0,103,4,test29(org.jsoup.parser.CharacterReader_ESTest);test17(org.jsoup.parser.CharacterReader_ESTest);test48(org.jsoup.parser.CharacterReader_ESTest);test47(org.jsoup.parser.CharacterReader_ESTest),True,False,,,EvoSuite/Result_Round1/Jsoup_23/budget60_seed1,EvoSuite/Result_Round1/Jsoup_23/budget60_seed1/run.log
Jsoup,23,SBST,EvoSuite,1.2.0,org.jsoup.parser.CharacterReader;org.jsoup.parser.Tokeniser,,1,120,LINE:BRANCH:EXCEPTION,default,offline,True,,107,167.3,1.0,3.0,177.3,SUCCESS,SUCCESS,97.82,94.64,98.5,95.0,107,0,107,4,test29(org.jsoup.parser.CharacterReader_ESTest);test17(org.jsoup.parser.CharacterReader_ESTest);test48(org.jsoup.parser.CharacterReader_ESTest);test47(org.jsoup.parser.CharacterReader_ESTest),True,False,,,EvoSuite/Result_Round2/Jsoup_23/budget120_seed1,EvoSuite/Result_Round2/Jsoup_23/budget120_seed1/run.log
Jsoup,24,SBST,EvoSuite,1.2.0,org.jsoup.parser.TokeniserState,,1,60,LINE:BRANCH:EXCEPTION,default,offline,True,,0,66.6,0.7,0.4,82.3,SUCCESS,SUCCESS,,,0.0,0.0,1,0,1,0,,False,False,JACOCO_NO_DATA,JaCoCo produced no coverage for target class,EvoSuite/Result_Round1/Jsoup_24/budget60_seed1,EvoSuite/Result_Round1/Jsoup_24/budget60_seed1/run.log
Jsoup,24,SBST,EvoSuite,1.2.0,org.jsoup.parser.TokeniserState,,1,120,LINE:BRANCH:EXCEPTION,default,offline,True,,0,126.5,0.7,0.4,133.1,SUCCESS,SUCCESS,,,0.0,0.0,1,0,1,0,,False,False,JACOCO_NO_DATA,JaCoCo produced no coverage for target class,EvoSuite/Result_Round2/Jsoup_24/budget120_seed1,EvoSuite/Result_Round2/Jsoup_24/budget120_seed1/run.log
Jsoup,25,SBST,EvoSuite,1.2.0,org.jsoup.parser.Tag,,1,60,LINE:BRANCH:EXCEPTION,default,offline,True,,32,72.5,0.9,1.5,89.9,SUCCESS,SUCCESS,100.0,94.64,92.0,95.0,32,0,32,0,,False,False,,,EvoSuite/Result_Round1/Jsoup_25/budget60_seed1,EvoSuite/Result_Round1/Jsoup_25/budget60_seed1/run.log
Jsoup,25,SBST,EvoSuite,1.2.0,org.jsoup.parser.Tag,,1,120,LINE:BRANCH:EXCEPTION,default,offline,True,,32,132.8,0.8,1.5,141.1,SUCCESS,SUCCESS,100.0,94.64,92.0,95.0,32,0,32,0,,False,False,,,EvoSuite/Result_Round2/Jsoup_25/budget120_seed1,EvoSuite/Result_Round2/Jsoup_25/budget120_seed1/run.log
Jsoup,26,SBST,EvoSuite,1.2.0,org.jsoup.safety.Cleaner,,1,60,LINE:BRANCH:EXCEPTION,default,offline,True,,8,69.0,0.8,2.8,87.4,SUCCESS,SUCCESS,50.0,43.75,44.0,44.0,6,0,6,1,test4(org.jsoup.safety.Cleaner_ESTest),True,False,,,EvoSuite/Result_Round1/Jsoup_26/budget60_seed1,EvoSuite/Result_Round1/Jsoup_26/budget60_seed1/run.log
Jsoup,26,SBST,EvoSuite,1.2.0,org.jsoup.safety.Cleaner,,1,120,LINE:BRANCH:EXCEPTION,default,offline,True,,8,129.3,0.8,2.8,138.9,SUCCESS,SUCCESS,50.0,43.75,44.0,44.0,6,0,6,1,test4(org.jsoup.safety.Cleaner_ESTest),True,False,,,EvoSuite/Result_Round2/Jsoup_26/budget120_seed1,EvoSuite/Result_Round2/Jsoup_26/budget120_seed1/run.log
Jsoup,27,SBST,EvoSuite,1.2.0,org.jsoup.helper.DataUtil,,1,60,LINE:BRANCH:EXCEPTION,default,offline,True,,30,80.2,0.9,4.1,100.0,SUCCESS,SUCCESS,72.34,46.43,75.0,50.0,30,0,30,0,,False,False,,,EvoSuite/Result_Round1/Jsoup_27/budget60_seed1,EvoSuite/Result_Round1/Jsoup_27/budget60_seed1/run.log
Jsoup,27,SBST,EvoSuite,1.2.0,org.jsoup.helper.DataUtil,,1,120,LINE:BRANCH:EXCEPTION,default,offline,True,,31,135.9,0.9,3.4,146.1,SUCCESS,SUCCESS,74.47,50.0,79.0,53.0,31,0,31,1,test21(org.jsoup.helper.DataUtil_ESTest),True,False,,,EvoSuite/Result_Round2/Jsoup_27/budget120_seed1,EvoSuite/Result_Round2/Jsoup_27/budget120_seed1/run.log
Jsoup,28,SBST,EvoSuite,1.2.0,org.jsoup.nodes.Entities;org.jsoup.parser.Parser;org.jsoup.parser.Tokeniser,,1,60,LINE:BRANCH:EXCEPTION,default,offline,True,,67,158.3,1.0,4.0,177.9,SUCCESS,SUCCESS,93.9,87.0,77.0,81.3,67,0,67,9,test0(org.jsoup.nodes.Entities_ESTest);test1(org.jsoup.nodes.Entities_ESTest);test00(org.jsoup.parser.Parser_ESTest);test10(org.jsoup.parser.Parser_ESTest);test31(org.jsoup.parser.Tokeniser_ESTest),True,False,,,EvoSuite/Result_Round1/Jsoup_28/budget60_seed1,EvoSuite/Result_Round1/Jsoup_28/budget60_seed1/run.log
Jsoup,28,SBST,EvoSuite,1.2.0,org.jsoup.nodes.Entities;org.jsoup.parser.Parser;org.jsoup.parser.Tokeniser,,1,120,LINE:BRANCH:EXCEPTION,default,offline,True,,63,277.5,1.0,3.8,288.5,SUCCESS,SUCCESS,90.14,81.0,75.0,80.0,63,0,63,8,test0(org.jsoup.nodes.Entities_ESTest);test1(org.jsoup.nodes.Entities_ESTest);test00(org.jsoup.parser.Parser_ESTest);test10(org.jsoup.parser.Parser_ESTest);test16(org.jsoup.parser.Tokeniser_ESTest),True,False,,,EvoSuite/Result_Round2/Jsoup_28/budget120_seed1,EvoSuite/Result_Round2/Jsoup_28/budget120_seed1/run.log
Jsoup,29,SBST,EvoSuite,1.2.0,org.jsoup.nodes.Document,,1,60,LINE:BRANCH:EXCEPTION,default,offline,True,,34,77.2,0.8,3.1,95.9,SUCCESS,SUCCESS,87.95,76.47,90.0,87.0,34,0,34,0,,False,False,,,EvoSuite/Result_Round1/Jsoup_29/budget60_seed1,EvoSuite/Result_Round1/Jsoup_29/budget60_seed1/run.log
Jsoup,29,SBST,EvoSuite,1.2.0,org.jsoup.nodes.Document,,1,120,LINE:BRANCH:EXCEPTION,default,offline,True,,35,138.0,0.9,3.1,147.9,SUCCESS,SUCCESS,95.18,91.18,96.0,95.0,35,0,35,0,,False,False,,,EvoSuite/Result_Round2/Jsoup_29/budget120_seed1,EvoSuite/Result_Round2/Jsoup_29/budget120_seed1/run.log
Jsoup,30,SBST,EvoSuite,1.2.0,org.jsoup.safety.Cleaner,,1,60,LINE:BRANCH:EXCEPTION,default,offline,True,,8,68.8,0.8,2.9,87.4,SUCCESS,SUCCESS,56.67,37.5,56.0,57.0,6,0,6,0,,False,False,,,EvoSuite/Result_Round1/Jsoup_30/budget60_seed1,EvoSuite/Result_Round1/Jsoup_30/budget60_seed1/run.log
Jsoup,30,SBST,EvoSuite,1.2.0,org.jsoup.safety.Cleaner,,1,120,LINE:BRANCH:EXCEPTION,default,offline,True,,8,128.8,0.8,2.7,138.3,SUCCESS,SUCCESS,56.67,37.5,56.0,57.0,6,0,6,0,,False,False,,,EvoSuite/Result_Round2/Jsoup_30/budget120_seed1,EvoSuite/Result_Round2/Jsoup_30/budget120_seed1/run.log
Jsoup,31,SBST,EvoSuite,1.2.0,org.jsoup.parser.Token;org.jsoup.parser.TokeniserState;org.jsoup.parser.XmlTreeBuilder,,1,60,LINE:BRANCH:EXCEPTION,default,offline,True,,62,169.2,0.9,3.9,188.8,SUCCESS,SUCCESS,93.1,85.37,62.7,62.7,63,0,63,1,test13(org.jsoup.parser.XmlTreeBuilder_ESTest),True,False,,,EvoSuite/Result_Round1/Jsoup_31/budget60_seed1,EvoSuite/Result_Round1/Jsoup_31/budget60_seed1/run.log
Jsoup,31,SBST,EvoSuite,1.2.0,org.jsoup.parser.Token;org.jsoup.parser.TokeniserState;org.jsoup.parser.XmlTreeBuilder,,1,120,LINE:BRANCH:EXCEPTION,default,offline,True,,61,287.6,0.9,3.8,298.4,SUCCESS,SUCCESS,93.79,80.49,63.7,61.0,62,0,62,1,test15(org.jsoup.parser.XmlTreeBuilder_ESTest),True,False,,,EvoSuite/Result_Round2/Jsoup_31/budget120_seed1,EvoSuite/Result_Round2/Jsoup_31/budget120_seed1/run.log
Jsoup,32,SBST,EvoSuite,1.2.0,org.jsoup.nodes.Element,,1,60,LINE:BRANCH:EXCEPTION,default,offline,True,,65,92.8,0.9,3.7,112.6,SUCCESS,SUCCESS,70.86,46.43,72.0,57.0,65,0,65,0,,False,False,,,EvoSuite/Result_Round1/Jsoup_32/budget60_seed1,EvoSuite/Result_Round1/Jsoup_32/budget60_seed1/run.log
Jsoup,32,SBST,EvoSuite,1.2.0,org.jsoup.nodes.Element,,1,120,LINE:BRANCH:EXCEPTION,default,offline,True,,86,195.0,1.0,4.0,206.1,SUCCESS,SUCCESS,76.49,60.0,78.0,71.0,81,0,81,0,,False,False,,,EvoSuite/Result_Round2/Jsoup_32/budget120_seed1,EvoSuite/Result_Round2/Jsoup_32/budget120_seed1/run.log
Jsoup,33,SBST,EvoSuite,1.2.0,org.jsoup.parser.HtmlTreeBuilder,,1,60,LINE:BRANCH:EXCEPTION,default,offline,True,,113,101.1,1.0,4.0,121.4,SUCCESS,SUCCESS,81.47,68.5,83.0,75.0,113,0,113,0,,False,False,,,EvoSuite/Result_Round1/Jsoup_33/budget60_seed1,EvoSuite/Result_Round1/Jsoup_33/budget60_seed1/run.log
Jsoup,33,SBST,EvoSuite,1.2.0,org.jsoup.parser.HtmlTreeBuilder,,1,120,LINE:BRANCH:EXCEPTION,default,offline,True,,126,178.3,1.0,4.3,189.5,SUCCESS,SUCCESS,89.09,81.5,91.0,86.0,125,0,125,0,,False,False,,,EvoSuite/Result_Round2/Jsoup_33/budget120_seed1,EvoSuite/Result_Round2/Jsoup_33/budget120_seed1/run.log
Jsoup,34,SBST,EvoSuite,1.2.0,org.jsoup.parser.CharacterReader,,1,60,LINE:BRANCH:EXCEPTION,default,offline,True,,74,34.8,0.9,1.6,52.4,SUCCESS,SUCCESS,99.26,99.24,100.0,100.0,74,0,74,0,,False,False,,,EvoSuite/Result_Round1/Jsoup_34/budget60_seed1,EvoSuite/Result_Round1/Jsoup_34/budget60_seed1/run.log
Jsoup,34,SBST,EvoSuite,1.2.0,org.jsoup.parser.CharacterReader,,1,120,LINE:BRANCH:EXCEPTION,default,offline,True,,74,35.1,0.9,1.6,43.5,SUCCESS,SUCCESS,99.26,99.24,100.0,100.0,74,0,74,0,,False,False,,,EvoSuite/Result_Round2/Jsoup_34/budget120_seed1,EvoSuite/Result_Round2/Jsoup_34/budget120_seed1/run.log
Jsoup,35,SBST,EvoSuite,1.2.0,org.jsoup.parser.HtmlTreeBuilderState,,1,60,LINE:BRANCH:EXCEPTION,default,offline,True,,0,66.9,0.7,0.4,82.8,SUCCESS,SUCCESS,,,0.0,0.0,1,0,1,0,,False,False,JACOCO_NO_DATA,JaCoCo produced no coverage for target class,EvoSuite/Result_Round1/Jsoup_35/budget60_seed1,EvoSuite/Result_Round1/Jsoup_35/budget60_seed1/run.log
Jsoup,35,SBST,EvoSuite,1.2.0,org.jsoup.parser.HtmlTreeBuilderState,,1,120,LINE:BRANCH:EXCEPTION,default,offline,True,,0,127.1,0.7,0.4,133.7,SUCCESS,SUCCESS,,,0.0,0.0,1,0,1,0,,False,False,JACOCO_NO_DATA,JaCoCo produced no coverage for target class,EvoSuite/Result_Round2/Jsoup_35/budget120_seed1,EvoSuite/Result_Round2/Jsoup_35/budget120_seed1/run.log
Jsoup,36,SBST,EvoSuite,1.2.0,org.jsoup.helper.DataUtil,,1,60,LINE:BRANCH:EXCEPTION,default,offline,True,,33,79.9,1.0,4.2,100.1,SUCCESS,SUCCESS,65.71,54.35,68.0,57.0,33,0,33,1,test20(org.jsoup.helper.DataUtil_ESTest),True,False,,,EvoSuite/Result_Round1/Jsoup_36/budget60_seed1,EvoSuite/Result_Round1/Jsoup_36/budget60_seed1/run.log
Jsoup,36,SBST,EvoSuite,1.2.0,org.jsoup.helper.DataUtil,,1,120,LINE:BRANCH:EXCEPTION,default,offline,True,,35,139.6,0.9,4.2,150.8,SUCCESS,SUCCESS,65.71,54.35,68.0,57.0,35,0,35,1,test22(org.jsoup.helper.DataUtil_ESTest),True,False,,,EvoSuite/Result_Round2/Jsoup_36/budget120_seed1,EvoSuite/Result_Round2/Jsoup_36/budget120_seed1/run.log
Jsoup,37,SBST,EvoSuite,1.2.0,org.jsoup.nodes.Element,,1,60,LINE:BRANCH:EXCEPTION,default,offline,True,,55,141.1,0.9,3.7,161.0,SUCCESS,SUCCESS,64.29,52.11,66.0,59.0,55,0,55,0,,False,False,,,EvoSuite/Result_Round1/Jsoup_37/budget60_seed1,EvoSuite/Result_Round1/Jsoup_37/budget60_seed1/run.log
Jsoup,37,SBST,EvoSuite,1.2.0,org.jsoup.nodes.Element,,1,120,LINE:BRANCH:EXCEPTION,default,offline,True,,48,180.9,0.9,3.7,191.5,SUCCESS,SUCCESS,50.68,28.87,50.0,38.0,48,0,48,0,,False,False,,,EvoSuite/Result_Round2/Jsoup_37/budget120_seed1,EvoSuite/Result_Round2/Jsoup_37/budget120_seed1/run.log
Jsoup,38,SBST,EvoSuite,1.2.0,org.jsoup.parser.HtmlTreeBuilderState,,1,60,LINE:BRANCH:EXCEPTION,default,offline,True,,0,66.6,0.7,0.4,82.5,SUCCESS,SUCCESS,,,0.0,0.0,1,0,1,0,,False,False,JACOCO_NO_DATA,JaCoCo produced no coverage for target class,EvoSuite/Result_Round1/Jsoup_38/budget60_seed1,EvoSuite/Result_Round1/Jsoup_38/budget60_seed1/run.log
Jsoup,38,SBST,EvoSuite,1.2.0,org.jsoup.parser.HtmlTreeBuilderState,,1,120,LINE:BRANCH:EXCEPTION,default,offline,True,,0,126.7,0.6,0.4,133.3,SUCCESS,SUCCESS,,,0.0,0.0,1,0,1,0,,False,False,JACOCO_NO_DATA,JaCoCo produced no coverage for target class,EvoSuite/Result_Round2/Jsoup_38/budget120_seed1,EvoSuite/Result_Round2/Jsoup_38/budget120_seed1/run.log
Jsoup,39,SBST,EvoSuite,1.2.0,org.jsoup.helper.DataUtil,,1,60,LINE:BRANCH:EXCEPTION,default,offline,True,,35,78.2,1.0,4.2,98.8,SUCCESS,SUCCESS,62.16,54.35,64.0,57.0,35,0,35,0,,False,False,,,EvoSuite/Result_Round1/Jsoup_39/budget60_seed1,EvoSuite/Result_Round1/Jsoup_39/budget60_seed1/run.log
Jsoup,39,SBST,EvoSuite,1.2.0,org.jsoup.helper.DataUtil,,1,120,LINE:BRANCH:EXCEPTION,default,offline,True,,37,139.3,0.9,4.3,150.5,SUCCESS,SUCCESS,62.16,54.35,64.0,57.0,37,0,37,1,test32(org.jsoup.helper.DataUtil_ESTest),True,False,,,EvoSuite/Result_Round2/Jsoup_39/budget120_seed1,EvoSuite/Result_Round2/Jsoup_39/budget120_seed1/run.log
Jsoup,40,SBST,EvoSuite,1.2.0,org.jsoup.nodes.DocumentType,,1,60,LINE:BRANCH:EXCEPTION,default,offline,True,,4,8.5,0.8,2.5,27.2,SUCCESS,SUCCESS,100.0,100.0,100.0,100.0,4,0,4,2,test3(org.jsoup.nodes.DocumentType_ESTest);test2(org.jsoup.nodes.DocumentType_ESTest),True,False,,,EvoSuite/Result_Round1/Jsoup_40/budget60_seed1,EvoSuite/Result_Round1/Jsoup_40/budget60_seed1/run.log
Jsoup,40,SBST,EvoSuite,1.2.0,org.jsoup.nodes.DocumentType,,1,120,LINE:BRANCH:EXCEPTION,default,offline,True,,4,8.3,0.8,2.5,17.6,SUCCESS,SUCCESS,100.0,100.0,100.0,100.0,4,0,4,2,test3(org.jsoup.nodes.DocumentType_ESTest);test2(org.jsoup.nodes.DocumentType_ESTest),True,False,,,EvoSuite/Result_Round2/Jsoup_40/budget120_seed1,EvoSuite/Result_Round2/Jsoup_40/budget120_seed1/run.log
Jsoup,41,SBST,EvoSuite,1.2.0,org.jsoup.nodes.Element,,1,60,LINE:BRANCH:EXCEPTION,default,offline,True,,53,120.8,0.9,3.8,143.5,SUCCESS,SUCCESS,56.87,31.88,62.0,44.0,52,0,52,0,,False,False,,,EvoSuite/Result_Round1/Jsoup_41/budget60_seed1,EvoSuite/Result_Round1/Jsoup_41/budget60_seed1/run.log
Jsoup,41,SBST,EvoSuite,1.2.0,org.jsoup.nodes.Element,,1,120,LINE:BRANCH:EXCEPTION,default,offline,True,,68,263.1,0.9,4.1,274.2,SUCCESS,SUCCESS,62.94,45.62,70.0,57.0,65,0,65,0,,False,False,,,EvoSuite/Result_Round2/Jsoup_41/budget120_seed1,EvoSuite/Result_Round2/Jsoup_41/budget120_seed1/run.log
Jsoup,42,SBST,EvoSuite,1.2.0,org.jsoup.nodes.FormElement,,1,60,LINE:BRANCH:EXCEPTION,default,offline,True,,9,69.5,0.8,3.1,91.1,SUCCESS,SUCCESS,53.66,35.71,54.0,44.0,9,0,9,0,,False,False,,,EvoSuite/Result_Round1/Jsoup_42/budget60_seed1,EvoSuite/Result_Round1/Jsoup_42/budget60_seed1/run.log
Jsoup,42,SBST,EvoSuite,1.2.0,org.jsoup.nodes.FormElement,,1,120,LINE:BRANCH:EXCEPTION,default,offline,True,,13,131.1,0.8,3.4,141.2,SUCCESS,SUCCESS,78.05,57.14,78.0,62.0,13,0,13,0,,False,False,,,EvoSuite/Result_Round2/Jsoup_42/budget120_seed1,EvoSuite/Result_Round2/Jsoup_42/budget120_seed1/run.log
Jsoup,43,SBST,EvoSuite,1.2.0,org.jsoup.nodes.Element,,1,60,LINE:BRANCH:EXCEPTION,default,offline,True,,62,148.4,1.0,4.0,171.5,SUCCESS,SUCCESS,57.78,39.51,59.0,50.0,61,0,61,0,,False,False,,,EvoSuite/Result_Round1/Jsoup_43/budget60_seed1,EvoSuite/Result_Round1/Jsoup_43/budget60_seed1/run.log
Jsoup,43,SBST,EvoSuite,1.2.0,org.jsoup.nodes.Element,,1,120,LINE:BRANCH:EXCEPTION,default,offline,True,,56,180.1,0.9,3.8,191.0,SUCCESS,SUCCESS,56.51,40.12,58.0,49.0,55,0,55,0,,False,False,,,EvoSuite/Result_Round2/Jsoup_43/budget120_seed1,EvoSuite/Result_Round2/Jsoup_43/budget120_seed1/run.log
Jsoup,44,SBST,EvoSuite,1.2.0,org.jsoup.parser.TreeBuilder,,1,60,LINE:BRANCH:EXCEPTION,default,offline,True,,14,71.3,0.8,3.1,93.4,SUCCESS,SUCCESS,97.22,90.0,97.0,93.0,14,0,14,0,,False,False,,,EvoSuite/Result_Round1/Jsoup_44/budget60_seed1,EvoSuite/Result_Round1/Jsoup_44/budget60_seed1/run.log
Jsoup,44,SBST,EvoSuite,1.2.0,org.jsoup.parser.TreeBuilder,,1,120,LINE:BRANCH:EXCEPTION,default,offline,True,,14,131.3,0.8,3.1,141.3,SUCCESS,SUCCESS,91.67,90.0,97.0,93.0,14,0,14,0,,False,False,,,EvoSuite/Result_Round2/Jsoup_44/budget120_seed1,EvoSuite/Result_Round2/Jsoup_44/budget120_seed1/run.log
Jsoup,45,SBST,EvoSuite,1.2.0,org.jsoup.parser.HtmlTreeBuilder,,1,60,LINE:BRANCH:EXCEPTION,default,offline,True,,109,104.1,1.0,4.3,127.2,SUCCESS,SUCCESS,78.93,67.0,80.0,73.0,109,0,109,0,,False,False,,,EvoSuite/Result_Round1/Jsoup_45/budget60_seed1,EvoSuite/Result_Round1/Jsoup_45/budget60_seed1/run.log
Jsoup,45,SBST,EvoSuite,1.2.0,org.jsoup.parser.HtmlTreeBuilder,,1,120,LINE:BRANCH:EXCEPTION,default,offline,True,,118,176.4,1.0,4.3,187.9,SUCCESS,SUCCESS,84.27,76.0,85.0,79.0,118,0,118,0,,False,False,,,EvoSuite/Result_Round2/Jsoup_45/budget120_seed1,EvoSuite/Result_Round2/Jsoup_45/budget120_seed1/run.log
Jsoup,46,SBST,EvoSuite,1.2.0,org.jsoup.nodes.Entities,,1,60,LINE:BRANCH:EXCEPTION,default,offline,True,,17,72.1,0.8,2.6,93.5,SUCCESS,SUCCESS,88.0,79.59,60.0,68.0,17,0,17,1,test06(org.jsoup.nodes.Entities_ESTest),True,False,,,EvoSuite/Result_Round1/Jsoup_46/budget60_seed1,EvoSuite/Result_Round1/Jsoup_46/budget60_seed1/run.log
Jsoup,46,SBST,EvoSuite,1.2.0,org.jsoup.nodes.Entities,,1,120,LINE:BRANCH:EXCEPTION,default,offline,True,,20,133.2,0.8,2.7,142.8,SUCCESS,SUCCESS,89.0,83.67,61.0,71.0,20,0,20,1,test07(org.jsoup.nodes.Entities_ESTest),True,False,,,EvoSuite/Result_Round2/Jsoup_46/budget120_seed1,EvoSuite/Result_Round2/Jsoup_46/budget120_seed1/run.log
Jsoup,47,SBST,EvoSuite,1.2.0,org.jsoup.nodes.Entities,,1,60,LINE:BRANCH:EXCEPTION,default,offline,True,,17,72.1,0.8,2.5,93.5,SUCCESS,SUCCESS,90.0,84.31,61.0,72.0,17,0,17,1,test05(org.jsoup.nodes.Entities_ESTest),True,False,,,EvoSuite/Result_Round1/Jsoup_47/budget60_seed1,EvoSuite/Result_Round1/Jsoup_47/budget60_seed1/run.log
Jsoup,47,SBST,EvoSuite,1.2.0,org.jsoup.nodes.Entities,,1,120,LINE:BRANCH:EXCEPTION,default,offline,True,,16,132.4,0.8,2.5,141.8,SUCCESS,SUCCESS,89.0,82.35,60.0,71.0,16,0,16,1,test05(org.jsoup.nodes.Entities_ESTest),True,False,,,EvoSuite/Result_Round2/Jsoup_47/budget120_seed1,EvoSuite/Result_Round2/Jsoup_47/budget120_seed1/run.log
Jsoup,48,SBST,EvoSuite,1.2.0,org.jsoup.helper.HttpConnection,,1,60,LINE:BRANCH:EXCEPTION,default,offline,True,,56,87.1,0.9,3.6,109.6,SUCCESS,SUCCESS,75.53,71.43,69.0,59.0,56,0,56,0,,False,False,,,EvoSuite/Result_Round1/Jsoup_48/budget60_seed1,EvoSuite/Result_Round1/Jsoup_48/budget60_seed1/run.log
Jsoup,48,SBST,EvoSuite,1.2.0,org.jsoup.helper.HttpConnection,,1,120,LINE:BRANCH:EXCEPTION,default,offline,True,,60,150.4,1.0,3.9,161.5,SUCCESS,SUCCESS,91.49,78.57,73.0,61.0,60,0,60,1,test12(org.jsoup.helper.HttpConnection_ESTest),True,False,,,EvoSuite/Result_Round2/Jsoup_48/budget120_seed1,EvoSuite/Result_Round2/Jsoup_48/budget120_seed1/run.log
Jsoup,49,SBST,EvoSuite,1.2.0,org.jsoup.nodes.Node,,1,60,LINE:BRANCH:EXCEPTION,default,offline,True,,77,202.5,1.3,5.2,227.0,SUCCESS,SUCCESS,97.7,91.0,98.0,93.0,76,0,76,1,test72(org.jsoup.nodes.Node_ESTest),True,False,,,EvoSuite/Result_Round1/Jsoup_49/budget60_seed1,EvoSuite/Result_Round1/Jsoup_49/budget60_seed1/run.log
Jsoup,49,SBST,EvoSuite,1.2.0,org.jsoup.nodes.Node,,1,120,LINE:BRANCH:EXCEPTION,default,offline,True,,89,269.5,1.4,5.4,282.4,SUCCESS,SUCCESS,97.7,92.0,98.0,94.0,86,0,86,1,test81(org.jsoup.nodes.Node_ESTest),True,False,,,EvoSuite/Result_Round2/Jsoup_49/budget120_seed1,EvoSuite/Result_Round2/Jsoup_49/budget120_seed1/run.log
Jsoup,50,SBST,EvoSuite,1.2.0,org.jsoup.helper.DataUtil,,1,60,LINE:BRANCH:EXCEPTION,default,offline,True,,41,86.6,0.9,4.5,110.9,SUCCESS,SUCCESS,70.97,48.68,73.0,52.0,41,0,41,6,test32(org.jsoup.helper.DataUtil_ESTest);test11(org.jsoup.helper.DataUtil_ESTest);test16(org.jsoup.helper.DataUtil_ESTest);test27(org.jsoup.helper.DataUtil_ESTest);test09(org.jsoup.helper.DataUtil_ESTest),True,False,,,EvoSuite/Result_Round1/Jsoup_50/budget60_seed1,EvoSuite/Result_Round1/Jsoup_50/budget60_seed1/run.log
Jsoup,50,SBST,EvoSuite,1.2.0,org.jsoup.helper.DataUtil,,1,120,LINE:BRANCH:EXCEPTION,default,offline,True,,40,143.7,0.9,4.4,155.1,SUCCESS,RUNTIME_FAIL,67.74,51.32,71.0,54.0,40,1,40,6,test30(org.jsoup.helper.DataUtil_ESTest);test13(org.jsoup.helper.DataUtil_ESTest);test16(org.jsoup.helper.DataUtil_ESTest);test17(org.jsoup.helper.DataUtil_ESTest);test05(org.jsoup.helper.DataUtil_ESTest),False,False,,,EvoSuite/Result_Round2/Jsoup_50/budget120_seed1,EvoSuite/Result_Round2/Jsoup_50/budget120_seed1/run.log
Jsoup,51,SBST,EvoSuite,1.2.0,org.jsoup.parser.CharacterReader,,1,60,LINE:BRANCH:EXCEPTION,default,offline,True,,100,91.2,0.9,1.7,111.7,SUCCESS,SUCCESS,97.95,95.74,99.0,96.0,100,0,100,0,,False,False,,,EvoSuite/Result_Round1/Jsoup_51/budget60_seed1,EvoSuite/Result_Round1/Jsoup_51/budget60_seed1/run.log
Jsoup,51,SBST,EvoSuite,1.2.0,org.jsoup.parser.CharacterReader,,1,120,LINE:BRANCH:EXCEPTION,default,offline,True,,100,150.3,0.9,1.7,158.9,SUCCESS,SUCCESS,97.95,95.74,99.0,96.0,100,0,100,0,,False,False,,,EvoSuite/Result_Round2/Jsoup_51/budget120_seed1,EvoSuite/Result_Round2/Jsoup_51/budget120_seed1/run.log
Jsoup,52,SBST,EvoSuite,1.2.0,org.jsoup.helper.DataUtil;org.jsoup.nodes.XmlDeclaration;org.jsoup.parser.XmlTreeBuilder,,1,60,LINE:BRANCH:EXCEPTION,default,offline,True,,68,171.7,1.0,4.7,195.4,SUCCESS,SUCCESS,83.61,60.87,89.7,81.0,68,0,68,3,test03(org.jsoup.helper.DataUtil_ESTest);test3(org.jsoup.nodes.XmlDeclaration_ESTest);test5(org.jsoup.nodes.XmlDeclaration_ESTest),True,False,,,EvoSuite/Result_Round1/Jsoup_52/budget60_seed1,EvoSuite/Result_Round1/Jsoup_52/budget60_seed1/run.log
Jsoup,52,SBST,EvoSuite,1.2.0,org.jsoup.helper.DataUtil;org.jsoup.nodes.XmlDeclaration;org.jsoup.parser.XmlTreeBuilder,,1,120,LINE:BRANCH:EXCEPTION,default,offline,True,,72,289.3,1.0,4.7,301.1,SUCCESS,SUCCESS,83.06,66.09,89.3,82.0,72,0,72,2,test3(org.jsoup.nodes.XmlDeclaration_ESTest);test5(org.jsoup.nodes.XmlDeclaration_ESTest),True,False,,,EvoSuite/Result_Round2/Jsoup_52/budget120_seed1,EvoSuite/Result_Round2/Jsoup_52/budget120_seed1/run.log
Jsoup,53,SBST,EvoSuite,1.2.0,org.jsoup.parser.TokenQueue,,1,60,LINE:BRANCH:EXCEPTION,default,offline,True,,46,80.2,0.8,1.6,100.7,SUCCESS,SUCCESS,98.52,96.61,99.0,97.0,46,0,46,0,,False,False,,,EvoSuite/Result_Round1/Jsoup_53/budget60_seed1,EvoSuite/Result_Round1/Jsoup_53/budget60_seed1/run.log
Jsoup,53,SBST,EvoSuite,1.2.0,org.jsoup.parser.TokenQueue,,1,120,LINE:BRANCH:EXCEPTION,default,offline,True,,45,140.7,0.9,1.6,149.1,SUCCESS,SUCCESS,97.78,96.61,99.0,97.0,45,0,45,0,,False,False,,,EvoSuite/Result_Round2/Jsoup_53/budget120_seed1,EvoSuite/Result_Round2/Jsoup_53/budget120_seed1/run.log
Jsoup,54,SBST,EvoSuite,1.2.0,org.jsoup.helper.W3CDom,,1,60,LINE:BRANCH:EXCEPTION,default,offline,True,,16,71.5,0.8,3.4,93.8,SUCCESS,SUCCESS,84.0,100.0,93.0,97.0,16,0,16,0,,False,False,,,EvoSuite/Result_Round1/Jsoup_54/budget60_seed1,EvoSuite/Result_Round1/Jsoup_54/budget60_seed1/run.log
Jsoup,54,SBST,EvoSuite,1.2.0,org.jsoup.helper.W3CDom,,1,120,LINE:BRANCH:EXCEPTION,default,offline,True,,17,134.8,0.8,3.7,145.3,SUCCESS,SUCCESS,84.0,100.0,93.0,100.0,17,0,17,0,,False,False,,,EvoSuite/Result_Round2/Jsoup_54/budget120_seed1,EvoSuite/Result_Round2/Jsoup_54/budget120_seed1/run.log
Jsoup,55,SBST,EvoSuite,1.2.0,org.jsoup.parser.TokeniserState,,1,60,LINE:BRANCH:EXCEPTION,default,offline,True,,0,66.7,0.7,0.4,85.7,SUCCESS,SUCCESS,,,0.0,0.0,1,0,1,0,,False,False,JACOCO_NO_DATA,JaCoCo produced no coverage for target class,EvoSuite/Result_Round1/Jsoup_55/budget60_seed1,EvoSuite/Result_Round1/Jsoup_55/budget60_seed1/run.log
Jsoup,55,SBST,EvoSuite,1.2.0,org.jsoup.parser.TokeniserState,,1,120,LINE:BRANCH:EXCEPTION,default,offline,True,,0,126.6,0.6,0.4,133.3,SUCCESS,SUCCESS,,,0.0,0.0,1,0,1,0,,False,False,JACOCO_NO_DATA,JaCoCo produced no coverage for target class,EvoSuite/Result_Round2/Jsoup_55/budget120_seed1,EvoSuite/Result_Round2/Jsoup_55/budget120_seed1/run.log
Jsoup,56,SBST,EvoSuite,1.2.0,org.jsoup.nodes.DocumentType;org.jsoup.parser.HtmlTreeBuilderState;org.jsoup.parser.Token;org.jsoup.parser.TokeniserState;org.jsoup.parser.XmlTreeBuilder,,1,60,LINE:BRANCH:EXCEPTION,default,offline,True,,81,261.8,1.0,5.5,286.6,SUCCESS,SUCCESS,71.72,61.05,59.8,57.8,83,0,83,5,test0(org.jsoup.nodes.DocumentType_ESTest);test4(org.jsoup.nodes.DocumentType_ESTest);test3(org.jsoup.nodes.DocumentType_ESTest);test7(org.jsoup.nodes.DocumentType_ESTest);test34(org.jsoup.parser.Token_ESTest),True,False,,,EvoSuite/Result_Round1/Jsoup_56/budget60_seed1,EvoSuite/Result_Round1/Jsoup_56/budget60_seed1/run.log
Jsoup,56,SBST,EvoSuite,1.2.0,org.jsoup.nodes.DocumentType;org.jsoup.parser.HtmlTreeBuilderState;org.jsoup.parser.Token;org.jsoup.parser.TokeniserState;org.jsoup.parser.XmlTreeBuilder,,1,120,LINE:BRANCH:EXCEPTION,default,offline,True,,82,439.0,0.9,4.7,450.8,SUCCESS,SUCCESS,71.72,63.16,59.8,58.6,84,0,84,3,test5(org.jsoup.nodes.DocumentType_ESTest);test6(org.jsoup.nodes.DocumentType_ESTest);test34(org.jsoup.parser.Token_ESTest),True,False,,,EvoSuite/Result_Round2/Jsoup_56/budget120_seed1,EvoSuite/Result_Round2/Jsoup_56/budget120_seed1/run.log
Jsoup,57,SBST,EvoSuite,1.2.0,org.jsoup.nodes.Attributes,,1,60,LINE:BRANCH:EXCEPTION,default,offline,True,,45,78.2,0.8,3.2,99.3,SUCCESS,SUCCESS,95.0,100.0,79.0,85.0,45,0,45,0,,False,False,,,EvoSuite/Result_Round1/Jsoup_57/budget60_seed1,EvoSuite/Result_Round1/Jsoup_57/budget60_seed1/run.log
Jsoup,57,SBST,EvoSuite,1.2.0,org.jsoup.nodes.Attributes,,1,120,LINE:BRANCH:EXCEPTION,default,offline,True,,47,139.5,0.8,3.2,149.0,SUCCESS,SUCCESS,95.0,100.0,79.0,85.0,47,0,47,0,,False,False,,,EvoSuite/Result_Round2/Jsoup_57/budget120_seed1,EvoSuite/Result_Round2/Jsoup_57/budget120_seed1/run.log
Jsoup,58,SBST,EvoSuite,1.2.0,org.jsoup.Jsoup;org.jsoup.parser.Parser;org.jsoup.safety.Cleaner,,1,60,LINE:BRANCH:EXCEPTION,default,offline,True,,67,167.5,0.9,5.4,190.8,SUCCESS,SUCCESS,75.25,77.27,85.7,89.0,65,0,65,8,test14(org.jsoup.parser.Parser_ESTest);test10(org.jsoup.safety.Cleaner_ESTest);test00(org.jsoup.safety.Cleaner_ESTest);test03(org.jsoup.safety.Cleaner_ESTest);test05(org.jsoup.safety.Cleaner_ESTest),True,False,,,EvoSuite/Result_Round1/Jsoup_58/budget60_seed1,EvoSuite/Result_Round1/Jsoup_58/budget60_seed1/run.log
Jsoup,58,SBST,EvoSuite,1.2.0,org.jsoup.Jsoup;org.jsoup.parser.Parser;org.jsoup.safety.Cleaner,,1,120,LINE:BRANCH:EXCEPTION,default,offline,True,,70,286.1,0.9,5.8,298.3,SUCCESS,SUCCESS,87.13,90.91,96.3,95.0,68,0,68,9,test10(org.jsoup.parser.Parser_ESTest);test12(org.jsoup.safety.Cleaner_ESTest);test00(org.jsoup.safety.Cleaner_ESTest);test11(org.jsoup.safety.Cleaner_ESTest);test03(org.jsoup.safety.Cleaner_ESTest),True,False,,,EvoSuite/Result_Round2/Jsoup_58/budget120_seed1,EvoSuite/Result_Round2/Jsoup_58/budget120_seed1/run.log
Jsoup,59,SBST,EvoSuite,1.2.0,org.jsoup.parser.Token,,1,60,LINE:BRANCH:EXCEPTION,default,offline,True,,52,44.5,0.8,3.0,65.6,SUCCESS,SUCCESS,66.67,100.0,100.0,100.0,52,0,52,1,test23(org.jsoup.parser.Token_ESTest),True,False,,,EvoSuite/Result_Round1/Jsoup_59/budget60_seed1,EvoSuite/Result_Round1/Jsoup_59/budget60_seed1/run.log
Jsoup,59,SBST,EvoSuite,1.2.0,org.jsoup.parser.Token,,1,120,LINE:BRANCH:EXCEPTION,default,offline,True,,52,44.5,0.8,3.1,53.8,SUCCESS,SUCCESS,66.67,100.0,100.0,100.0,52,0,52,1,test23(org.jsoup.parser.Token_ESTest),True,False,,,EvoSuite/Result_Round2/Jsoup_59/budget120_seed1,EvoSuite/Result_Round2/Jsoup_59/budget120_seed1/run.log
Jsoup,60,SBST,EvoSuite,1.2.0,org.jsoup.parser.TokenQueue;org.jsoup.select.QueryParser,,1,60,LINE:BRANCH:EXCEPTION,default,offline,True,,81,154.7,0.8,2.2,175.0,SUCCESS,SUCCESS,79.67,83.08,87.5,85.5,81,0,81,12,test22(org.jsoup.parser.TokenQueue_ESTest);test23(org.jsoup.parser.TokenQueue_ESTest);test21(org.jsoup.parser.TokenQueue_ESTest);test29(org.jsoup.select.QueryParser_ESTest);test27(org.jsoup.select.QueryParser_ESTest),True,False,,,EvoSuite/Result_Round1/Jsoup_60/budget60_seed1,EvoSuite/Result_Round1/Jsoup_60/budget60_seed1/run.log
Jsoup,60,SBST,EvoSuite,1.2.0,org.jsoup.parser.TokenQueue;org.jsoup.select.QueryParser,,1,120,LINE:BRANCH:EXCEPTION,default,offline,True,,84,275.0,0.8,2.3,283.7,SUCCESS,SUCCESS,80.49,85.0,88.5,87.0,84,0,84,12,test24(org.jsoup.parser.TokenQueue_ESTest);test22(org.jsoup.parser.TokenQueue_ESTest);test23(org.jsoup.parser.TokenQueue_ESTest);test29(org.jsoup.select.QueryParser_ESTest);test28(org.jsoup.select.QueryParser_ESTest),True,False,,,EvoSuite/Result_Round2/Jsoup_60/budget120_seed1,EvoSuite/Result_Round2/Jsoup_60/budget120_seed1/run.log
Jsoup,61,SBST,EvoSuite,1.2.0,org.jsoup.nodes.Element,,1,60,LINE:BRANCH:EXCEPTION,default,offline,True,,78,100.4,0.9,4.0,122.6,SUCCESS,SUCCESS,74.04,56.4,77.0,64.0,77,0,77,0,,False,False,,,EvoSuite/Result_Round1/Jsoup_61/budget60_seed1,EvoSuite/Result_Round1/Jsoup_61/budget60_seed1/run.log
Jsoup,61,SBST,EvoSuite,1.2.0,org.jsoup.nodes.Element,,1,120,LINE:BRANCH:EXCEPTION,default,offline,True,,83,182.8,0.9,4.3,193.7,SUCCESS,SUCCESS,66.08,60.47,72.0,66.0,83,0,83,0,,False,False,,,EvoSuite/Result_Round2/Jsoup_61/budget120_seed1,EvoSuite/Result_Round2/Jsoup_61/budget120_seed1/run.log
Jsoup,62,SBST,EvoSuite,1.2.0,org.jsoup.parser.HtmlTreeBuilderState,,1,60,LINE:BRANCH:EXCEPTION,default,offline,True,,0,66.3,0.6,0.4,84.3,SUCCESS,SUCCESS,,,0.0,0.0,1,0,1,0,,False,False,JACOCO_NO_DATA,JaCoCo produced no coverage for target class,EvoSuite/Result_Round1/Jsoup_62/budget60_seed1,EvoSuite/Result_Round1/Jsoup_62/budget60_seed1/run.log
Jsoup,62,SBST,EvoSuite,1.2.0,org.jsoup.parser.HtmlTreeBuilderState,,1,120,LINE:BRANCH:EXCEPTION,default,offline,True,,0,126.2,0.6,0.4,132.5,SUCCESS,SUCCESS,,,0.0,0.0,1,0,1,0,,False,False,JACOCO_NO_DATA,JaCoCo produced no coverage for target class,EvoSuite/Result_Round2/Jsoup_62/budget120_seed1,EvoSuite/Result_Round2/Jsoup_62/budget120_seed1/run.log
Jsoup,63,SBST,EvoSuite,1.2.0,org.jsoup.parser.HtmlTreeBuilder;org.jsoup.parser.Tokeniser,,1,60,LINE:BRANCH:EXCEPTION,default,offline,True,,158,187.1,1.0,5.5,211.2,SUCCESS,SUCCESS,73.22,57.24,76.0,65.0,158,0,158,0,,False,False,,,EvoSuite/Result_Round1/Jsoup_63/budget60_seed1,EvoSuite/Result_Round1/Jsoup_63/budget60_seed1/run.log
Jsoup,63,SBST,EvoSuite,1.2.0,org.jsoup.parser.HtmlTreeBuilder;org.jsoup.parser.Tokeniser,,1,120,LINE:BRANCH:EXCEPTION,default,offline,True,,184,326.8,1.0,5.4,338.9,SUCCESS,SUCCESS,90.64,84.14,92.5,87.5,184,0,184,1,test089(org.jsoup.parser.HtmlTreeBuilder_ESTest),True,False,,,EvoSuite/Result_Round2/Jsoup_63/budget120_seed1,EvoSuite/Result_Round2/Jsoup_63/budget120_seed1/run.log
Jsoup,64,SBST,EvoSuite,1.2.0,org.jsoup.parser.HtmlTreeBuilderState,,1,60,LINE:BRANCH:EXCEPTION,default,offline,True,,0,66.5,0.6,0.4,84.6,SUCCESS,SUCCESS,,,0.0,0.0,1,0,1,0,,False,False,JACOCO_NO_DATA,JaCoCo produced no coverage for target class,EvoSuite/Result_Round1/Jsoup_64/budget60_seed1,EvoSuite/Result_Round1/Jsoup_64/budget60_seed1/run.log
Jsoup,64,SBST,EvoSuite,1.2.0,org.jsoup.parser.HtmlTreeBuilderState,,1,120,LINE:BRANCH:EXCEPTION,default,offline,True,,0,126.4,0.6,0.4,132.7,SUCCESS,SUCCESS,,,0.0,0.0,1,0,1,0,,False,False,JACOCO_NO_DATA,JaCoCo produced no coverage for target class,EvoSuite/Result_Round2/Jsoup_64/budget120_seed1,EvoSuite/Result_Round2/Jsoup_64/budget120_seed1/run.log
Jsoup,65,SBST,EvoSuite,1.2.0,org.jsoup.parser.HtmlTreeBuilder;org.jsoup.parser.HtmlTreeBuilderState,,1,60,LINE:BRANCH:EXCEPTION,default,offline,True,,110,168.7,1.0,4.5,189.9,SUCCESS,SUCCESS,74.7,58.82,38.5,34.0,111,0,111,0,,False,False,,,EvoSuite/Result_Round1/Jsoup_65/budget60_seed1,EvoSuite/Result_Round1/Jsoup_65/budget60_seed1/run.log
Jsoup,65,SBST,EvoSuite,1.2.0,org.jsoup.parser.HtmlTreeBuilder;org.jsoup.parser.HtmlTreeBuilderState,,1,120,LINE:BRANCH:EXCEPTION,default,offline,True,,100,288.4,0.9,4.3,299.3,SUCCESS,SUCCESS,69.98,53.92,36.0,32.0,101,0,101,0,,False,False,,,EvoSuite/Result_Round2/Jsoup_65/budget120_seed1,EvoSuite/Result_Round2/Jsoup_65/budget120_seed1/run.log
Jsoup,66,SBST,EvoSuite,1.2.0,org.jsoup.nodes.Element,,1,60,LINE:BRANCH:EXCEPTION,default,offline,True,,114,163.9,1.0,4.4,185.0,SUCCESS,SUCCESS,87.37,68.75,90.0,76.0,114,0,114,0,,False,False,,,EvoSuite/Result_Round1/Jsoup_66/budget60_seed1,EvoSuite/Result_Round1/Jsoup_66/budget60_seed1/run.log
Jsoup,66,SBST,EvoSuite,1.2.0,org.jsoup.nodes.Element,,1,120,LINE:BRANCH:EXCEPTION,default,offline,True,,169,315.6,1.1,5.2,327.7,SUCCESS,RUNTIME_FAIL,91.4,84.9,96.0,90.0,169,1,169,0,,False,False,,,EvoSuite/Result_Round2/Jsoup_66/budget120_seed1,EvoSuite/Result_Round2/Jsoup_66/budget120_seed1/run.log
Jsoup,67,SBST,EvoSuite,1.2.0,org.jsoup.parser.HtmlTreeBuilder,,1,60,LINE:BRANCH:EXCEPTION,default,offline,True,,107,109.0,0.9,4.4,130.7,SUCCESS,SUCCESS,73.04,58.5,75.0,68.0,107,0,107,0,,False,False,,,EvoSuite/Result_Round1/Jsoup_67/budget60_seed1,EvoSuite/Result_Round1/Jsoup_67/budget60_seed1/run.log
Jsoup,67,SBST,EvoSuite,1.2.0,org.jsoup.parser.HtmlTreeBuilder,,1,120,LINE:BRANCH:EXCEPTION,default,offline,True,,116,173.6,1.0,4.3,184.6,SUCCESS,SUCCESS,75.39,62.0,78.0,72.0,116,0,116,0,,False,False,,,EvoSuite/Result_Round2/Jsoup_67/budget120_seed1,EvoSuite/Result_Round2/Jsoup_67/budget120_seed1/run.log
Jsoup,68,SBST,EvoSuite,1.2.0,org.jsoup.parser.HtmlTreeBuilder,,1,60,LINE:BRANCH:EXCEPTION,default,offline,True,,107,104.1,0.9,4.1,125.7,SUCCESS,SUCCESS,76.52,64.5,77.0,71.0,107,0,107,0,,False,False,,,EvoSuite/Result_Round1/Jsoup_68/budget60_seed1,EvoSuite/Result_Round1/Jsoup_68/budget60_seed1/run.log
Jsoup,68,SBST,EvoSuite,1.2.0,org.jsoup.parser.HtmlTreeBuilder,,1,120,LINE:BRANCH:EXCEPTION,default,offline,True,,123,184.7,0.9,3.9,195.3,SUCCESS,SUCCESS,88.39,80.0,89.0,83.0,123,0,123,0,,False,False,,,EvoSuite/Result_Round2/Jsoup_68/budget120_seed1,EvoSuite/Result_Round2/Jsoup_68/budget120_seed1/run.log
Jsoup,69,SBST,EvoSuite,1.2.0,org.jsoup.nodes.FormElement,,1,60,LINE:BRANCH:EXCEPTION,default,offline,True,,14,72.8,0.8,3.4,93.6,SUCCESS,SUCCESS,47.62,35.71,50.0,44.0,14,0,14,0,,False,False,,,EvoSuite/Result_Round1/Jsoup_69/budget60_seed1,EvoSuite/Result_Round1/Jsoup_69/budget60_seed1/run.log
Jsoup,69,SBST,EvoSuite,1.2.0,org.jsoup.nodes.FormElement,,1,120,LINE:BRANCH:EXCEPTION,default,offline,True,,19,134.6,0.8,3.8,145.1,SUCCESS,SUCCESS,78.57,53.57,79.0,62.0,19,0,19,0,,False,False,,,EvoSuite/Result_Round2/Jsoup_69/budget120_seed1,EvoSuite/Result_Round2/Jsoup_69/budget120_seed1/run.log
Jsoup,70,SBST,EvoSuite,1.2.0,org.jsoup.nodes.Element,,1,60,LINE:BRANCH:EXCEPTION,default,offline,True,,131,230.3,1.1,4.6,252.6,SUCCESS,RUNTIME_FAIL,89.45,76.8,94.0,84.0,131,1,131,0,,False,False,,,EvoSuite/Result_Round1/Jsoup_70/budget60_seed1,EvoSuite/Result_Round1/Jsoup_70/budget60_seed1/run.log
Jsoup,70,SBST,EvoSuite,1.2.0,org.jsoup.nodes.Element,,1,120,LINE:BRANCH:EXCEPTION,default,offline,True,,156,329.2,1.1,5.1,341.3,SUCCESS,RUNTIME_FAIL,89.97,84.54,96.0,89.0,156,1,156,1,test092(org.jsoup.nodes.Element_ESTest),False,False,,,EvoSuite/Result_Round2/Jsoup_70/budget120_seed1,EvoSuite/Result_Round2/Jsoup_70/budget120_seed1/run.log
Jsoup,71,SBST,EvoSuite,1.2.0,org.jsoup.nodes.PseudoTextElement;org.jsoup.select.Evaluator;org.jsoup.select.QueryParser,,1,60,LINE:BRANCH:EXCEPTION,default,offline,True,,125,187.0,1.0,3.1,,SUCCESS,SUCCESS,78.24,76.76,94.0,89.7,125,0,,,,False,False,RUNTIME_FAIL,JUnit did not finish on buggy: rg.jsoup.nodes.PseudoTextElement 	at java.base/jdk.internal.loader.BuiltinClassLoader.loadClass(BuiltinClassLoader.java:581) 	at java.base/jdk.internal.loader.ClassLoaders$AppClassLoader.loadClass(ClassLoaders.java:178) 	at java.base/java.lang.ClassLoader.loadClass(Cla,EvoSuite/Result_Round1/Jsoup_71/budget60_seed1,EvoSuite/Result_Round1/Jsoup_71/budget60_seed1/run.log
Jsoup,71,SBST,EvoSuite,1.2.0,org.jsoup.nodes.PseudoTextElement;org.jsoup.select.Evaluator;org.jsoup.select.QueryParser,,1,120,LINE:BRANCH:EXCEPTION,default,offline,True,,133,308.8,1.1,3.1,,SUCCESS,SUCCESS,80.33,80.28,94.7,92.7,133,0,,,,False,False,RUNTIME_FAIL,JUnit did not finish on buggy: jsoup.select.Evaluator$MatchText 	at java.base/jdk.internal.loader.BuiltinClassLoader.loadClass(BuiltinClassLoader.java:581) 	at java.base/jdk.internal.loader.ClassLoaders$AppClassLoader.loadClass(ClassLoaders.java:178) 	at java.base/java.lang.ClassLoader.loadClass(Cla,EvoSuite/Result_Round2/Jsoup_71/budget120_seed1,EvoSuite/Result_Round2/Jsoup_71/budget120_seed1/run.log
Jsoup,72,SBST,EvoSuite,1.2.0,org.jsoup.parser.CharacterReader,,1,60,LINE:BRANCH:EXCEPTION,default,offline,True,,118,98.5,1.0,1.7,118.0,SUCCESS,SUCCESS,97.83,94.0,98.0,95.0,118,0,118,1,test004(org.jsoup.parser.CharacterReader_ESTest),True,False,,,EvoSuite/Result_Round1/Jsoup_72/budget60_seed1,EvoSuite/Result_Round1/Jsoup_72/budget60_seed1/run.log
Jsoup,72,SBST,EvoSuite,1.2.0,org.jsoup.parser.CharacterReader,,1,120,LINE:BRANCH:EXCEPTION,default,offline,True,,124,159.4,0.9,1.8,168.0,SUCCESS,SUCCESS,98.7,94.5,99.0,95.0,124,0,124,0,,False,False,,,EvoSuite/Result_Round2/Jsoup_72/budget120_seed1,EvoSuite/Result_Round2/Jsoup_72/budget120_seed1/run.log
Jsoup,73,SBST,EvoSuite,1.2.0,org.jsoup.helper.W3CDom,,1,60,LINE:BRANCH:EXCEPTION,default,offline,True,,17,73.1,0.8,3.5,94.2,SUCCESS,SUCCESS,83.33,100.0,93.0,100.0,17,0,17,0,,False,False,,,EvoSuite/Result_Round1/Jsoup_73/budget60_seed1,EvoSuite/Result_Round1/Jsoup_73/budget60_seed1/run.log
Jsoup,73,SBST,EvoSuite,1.2.0,org.jsoup.helper.W3CDom,,1,120,LINE:BRANCH:EXCEPTION,default,offline,True,,16,132.9,0.8,3.5,143.2,SUCCESS,SUCCESS,83.33,100.0,93.0,97.0,16,0,16,0,,False,False,,,EvoSuite/Result_Round2/Jsoup_73/budget120_seed1,EvoSuite/Result_Round2/Jsoup_73/budget120_seed1/run.log
Jsoup,74,SBST,EvoSuite,1.2.0,org.jsoup.helper.StringUtil,,1,60,LINE:BRANCH:EXCEPTION,default,offline,True,,49,77.1,0.9,2.4,97.2,SUCCESS,SUCCESS,90.36,97.67,93.0,96.0,49,0,49,5,test20(org.jsoup.helper.StringUtil_ESTest);test21(org.jsoup.helper.StringUtil_ESTest);test17(org.jsoup.helper.StringUtil_ESTest);test18(org.jsoup.helper.StringUtil_ESTest);test19(org.jsoup.helper.StringUtil_ESTest),True,False,,,EvoSuite/Result_Round1/Jsoup_74/budget60_seed1,EvoSuite/Result_Round1/Jsoup_74/budget60_seed1/run.log
Jsoup,74,SBST,EvoSuite,1.2.0,org.jsoup.helper.StringUtil,,1,120,LINE:BRANCH:EXCEPTION,default,offline,True,,50,137.4,0.9,2.3,146.6,SUCCESS,SUCCESS,90.36,97.67,93.0,96.0,50,0,50,5,test20(org.jsoup.helper.StringUtil_ESTest);test21(org.jsoup.helper.StringUtil_ESTest);test22(org.jsoup.helper.StringUtil_ESTest);test18(org.jsoup.helper.StringUtil_ESTest);test19(org.jsoup.helper.StringUtil_ESTest),True,False,,,EvoSuite/Result_Round2/Jsoup_74/budget120_seed1,EvoSuite/Result_Round2/Jsoup_74/budget120_seed1/run.log
Jsoup,75,SBST,EvoSuite,1.2.0,org.jsoup.nodes.Attributes,,1,60,LINE:BRANCH:EXCEPTION,default,offline,True,,64,89.8,0.9,3.4,111.1,SUCCESS,SUCCESS,94.78,97.06,83.0,84.0,64,0,64,0,,False,False,,,EvoSuite/Result_Round1/Jsoup_75/budget60_seed1,EvoSuite/Result_Round1/Jsoup_75/budget60_seed1/run.log
Jsoup,75,SBST,EvoSuite,1.2.0,org.jsoup.nodes.Attributes,,1,120,LINE:BRANCH:EXCEPTION,default,offline,True,,73,165.0,0.9,3.7,175.6,SUCCESS,SUCCESS,96.27,95.59,83.0,84.0,73,0,73,0,,False,False,,,EvoSuite/Result_Round2/Jsoup_75/budget120_seed1,EvoSuite/Result_Round2/Jsoup_75/budget120_seed1/run.log
Jsoup,76,SBST,EvoSuite,1.2.0,org.jsoup.parser.HtmlTreeBuilderState,,1,60,LINE:BRANCH:EXCEPTION,default,offline,True,,1,68.3,0.7,2.3,88.6,SUCCESS,SUCCESS,56.82,0.0,0.0,0.0,1,0,1,0,,False,False,,,EvoSuite/Result_Round1/Jsoup_76/budget60_seed1,EvoSuite/Result_Round1/Jsoup_76/budget60_seed1/run.log
Jsoup,76,SBST,EvoSuite,1.2.0,org.jsoup.parser.HtmlTreeBuilderState,,1,120,LINE:BRANCH:EXCEPTION,default,offline,True,,1,128.1,0.7,2.2,137.1,SUCCESS,SUCCESS,56.82,0.0,0.0,0.0,1,0,1,0,,False,False,,,EvoSuite/Result_Round2/Jsoup_76/budget120_seed1,EvoSuite/Result_Round2/Jsoup_76/budget120_seed1/run.log
Jsoup,77,SBST,EvoSuite,1.2.0,org.jsoup.parser.XmlTreeBuilder,,1,60,LINE:BRANCH:EXCEPTION,default,offline,True,,21,74.4,0.8,3.3,95.7,SUCCESS,SUCCESS,88.24,67.74,90.0,78.0,21,0,21,1,test15(org.jsoup.parser.XmlTreeBuilder_ESTest),True,False,,,EvoSuite/Result_Round1/Jsoup_77/budget60_seed1,EvoSuite/Result_Round1/Jsoup_77/budget60_seed1/run.log
Jsoup,77,SBST,EvoSuite,1.2.0,org.jsoup.parser.XmlTreeBuilder,,1,120,LINE:BRANCH:EXCEPTION,default,offline,True,,23,137.7,0.8,3.5,148.0,SUCCESS,SUCCESS,97.06,90.32,99.0,93.0,23,0,23,0,,False,False,,,EvoSuite/Result_Round2/Jsoup_77/budget120_seed1,EvoSuite/Result_Round2/Jsoup_77/budget120_seed1/run.log
Jsoup,78,SBST,EvoSuite,1.2.0,org.jsoup.helper.DataUtil,,1,60,LINE:BRANCH:EXCEPTION,default,offline,True,,30,83.1,0.9,4.5,105.6,SUCCESS,SUCCESS,67.62,42.05,66.0,45.0,30,0,30,1,test19(org.jsoup.helper.DataUtil_ESTest),True,False,,,EvoSuite/Result_Round1/Jsoup_78/budget60_seed1,EvoSuite/Result_Round1/Jsoup_78/budget60_seed1/run.log
Jsoup,78,SBST,EvoSuite,1.2.0,org.jsoup.helper.DataUtil,,1,120,LINE:BRANCH:EXCEPTION,default,offline,True,,32,143.1,0.9,4.6,154.6,SUCCESS,SUCCESS,66.67,45.45,66.0,48.0,32,0,32,1,test20(org.jsoup.helper.DataUtil_ESTest),True,False,,,EvoSuite/Result_Round2/Jsoup_78/budget120_seed1,EvoSuite/Result_Round2/Jsoup_78/budget120_seed1/run.log
Jsoup,79,SBST,EvoSuite,1.2.0,org.jsoup.nodes.LeafNode,,1,60,LINE:BRANCH:EXCEPTION,default,offline,True,,10,17.5,0.8,3.0,38.1,SUCCESS,SUCCESS,94.12,92.86,100.0,100.0,9,0,9,1,test6(org.jsoup.nodes.LeafNode_ESTest),True,False,,,EvoSuite/Result_Round1/Jsoup_79/budget60_seed1,EvoSuite/Result_Round1/Jsoup_79/budget60_seed1/run.log
Jsoup,79,SBST,EvoSuite,1.2.0,org.jsoup.nodes.LeafNode,,1,120,LINE:BRANCH:EXCEPTION,default,offline,True,,10,17.8,0.8,3.0,27.7,SUCCESS,SUCCESS,91.18,100.0,100.0,100.0,10,0,10,1,test8(org.jsoup.nodes.LeafNode_ESTest),True,False,,,EvoSuite/Result_Round2/Jsoup_79/budget120_seed1,EvoSuite/Result_Round2/Jsoup_79/budget120_seed1/run.log
Jsoup,80,SBST,EvoSuite,1.2.0,org.jsoup.parser.XmlTreeBuilder,,1,60,LINE:BRANCH:EXCEPTION,default,offline,True,,22,77.9,0.9,3.3,99.2,SUCCESS,SUCCESS,97.1,81.82,99.0,88.0,22,0,22,0,,False,False,,,EvoSuite/Result_Round1/Jsoup_80/budget60_seed1,EvoSuite/Result_Round1/Jsoup_80/budget60_seed1/run.log
Jsoup,80,SBST,EvoSuite,1.2.0,org.jsoup.parser.XmlTreeBuilder,,1,120,LINE:BRANCH:EXCEPTION,default,offline,True,,23,138.3,0.9,3.6,149.0,SUCCESS,SUCCESS,89.86,72.73,91.0,81.0,23,0,23,0,,False,False,,,EvoSuite/Result_Round2/Jsoup_80/budget120_seed1,EvoSuite/Result_Round2/Jsoup_80/budget120_seed1/run.log
Jsoup,81,SBST,EvoSuite,1.2.0,org.jsoup.helper.DataUtil,,1,60,LINE:BRANCH:EXCEPTION,default,offline,True,,28,83.5,0.9,4.4,105.8,SUCCESS,SUCCESS,61.4,41.84,62.0,44.0,28,0,28,1,test18(org.jsoup.helper.DataUtil_ESTest),True,False,,,EvoSuite/Result_Round1/Jsoup_81/budget60_seed1,EvoSuite/Result_Round1/Jsoup_81/budget60_seed1/run.log
Jsoup,81,SBST,EvoSuite,1.2.0,org.jsoup.helper.DataUtil,,1,120,LINE:BRANCH:EXCEPTION,default,offline,True,,35,203.0,1.0,4.7,214.7,SUCCESS,SUCCESS,67.54,52.04,68.0,54.0,34,0,34,0,,False,False,,,EvoSuite/Result_Round2/Jsoup_81/budget120_seed1,EvoSuite/Result_Round2/Jsoup_81/budget120_seed1/run.log
Jsoup,82,SBST,EvoSuite,1.2.0,org.jsoup.helper.DataUtil,,1,60,LINE:BRANCH:EXCEPTION,default,offline,True,,31,82.1,1.0,4.7,105.3,SUCCESS,SUCCESS,64.22,41.84,63.0,44.0,31,0,31,0,,False,False,,,EvoSuite/Result_Round1/Jsoup_82/budget60_seed1,EvoSuite/Result_Round1/Jsoup_82/budget60_seed1/run.log
Jsoup,82,SBST,EvoSuite,1.2.0,org.jsoup.helper.DataUtil,,1,120,LINE:BRANCH:EXCEPTION,default,offline,True,,31,145.2,0.9,4.6,156.9,SUCCESS,SUCCESS,66.97,46.94,66.0,49.0,31,0,31,0,,False,False,,,EvoSuite/Result_Round2/Jsoup_82/budget120_seed1,EvoSuite/Result_Round2/Jsoup_82/budget120_seed1/run.log
Jsoup,83,SBST,EvoSuite,1.2.0,org.jsoup.parser.CharacterReader;org.jsoup.parser.TokeniserState,,1,60,LINE:BRANCH:EXCEPTION,default,offline,True,,117,164.0,1.0,1.8,183.9,SUCCESS,SUCCESS,61.62,83.19,48.5,47.0,118,0,118,1,test090(org.jsoup.parser.CharacterReader_ESTest),True,False,,,EvoSuite/Result_Round1/Jsoup_83/budget60_seed1,EvoSuite/Result_Round1/Jsoup_83/budget60_seed1/run.log
Jsoup,83,SBST,EvoSuite,1.2.0,org.jsoup.parser.CharacterReader;org.jsoup.parser.TokeniserState,,1,120,LINE:BRANCH:EXCEPTION,default,offline,True,,130,288.1,1.0,2.0,297.3,SUCCESS,SUCCESS,61.35,83.19,48.5,47.0,131,0,131,1,test105(org.jsoup.parser.CharacterReader_ESTest),True,False,,,EvoSuite/Result_Round2/Jsoup_83/budget120_seed1,EvoSuite/Result_Round2/Jsoup_83/budget120_seed1/run.log
Jsoup,84,SBST,EvoSuite,1.2.0,org.jsoup.helper.W3CDom,,1,60,LINE:BRANCH:EXCEPTION,default,offline,True,,14,73.8,0.9,3.7,95.8,SUCCESS,SUCCESS,83.33,100.0,95.0,97.0,14,0,14,0,,False,False,,,EvoSuite/Result_Round1/Jsoup_84/budget60_seed1,EvoSuite/Result_Round1/Jsoup_84/budget60_seed1/run.log
Jsoup,84,SBST,EvoSuite,1.2.0,org.jsoup.helper.W3CDom,,1,120,LINE:BRANCH:EXCEPTION,default,offline,True,,15,134.1,0.8,4.0,145.1,SUCCESS,SUCCESS,83.33,100.0,95.0,97.0,15,0,15,0,,False,False,,,EvoSuite/Result_Round2/Jsoup_84/budget120_seed1,EvoSuite/Result_Round2/Jsoup_84/budget120_seed1/run.log
Jsoup,85,SBST,EvoSuite,1.2.0,org.jsoup.nodes.Attribute,,1,60,LINE:BRANCH:EXCEPTION,default,offline,True,,42,80.6,0.9,3.5,102.8,SUCCESS,SUCCESS,92.31,90.0,94.0,92.0,42,0,42,1,test13(org.jsoup.nodes.Attribute_ESTest),True,False,,,EvoSuite/Result_Round1/Jsoup_85/budget60_seed1,EvoSuite/Result_Round1/Jsoup_85/budget60_seed1/run.log
Jsoup,85,SBST,EvoSuite,1.2.0,org.jsoup.nodes.Attribute,,1,120,LINE:BRANCH:EXCEPTION,default,offline,True,,44,140.8,0.9,3.4,151.5,SUCCESS,SUCCESS,92.31,90.0,94.0,92.0,44,0,44,1,test15(org.jsoup.nodes.Attribute_ESTest),True,False,,,EvoSuite/Result_Round2/Jsoup_85/budget120_seed1,EvoSuite/Result_Round2/Jsoup_85/budget120_seed1/run.log
Jsoup,86,SBST,EvoSuite,1.2.0,org.jsoup.nodes.Comment,,1,60,LINE:BRANCH:EXCEPTION,default,offline,True,,12,21.9,0.8,3.5,44.3,SUCCESS,SUCCESS,100.0,100.0,100.0,100.0,12,0,12,1,test06(org.jsoup.nodes.Comment_ESTest),True,False,,,EvoSuite/Result_Round1/Jsoup_86/budget60_seed1,EvoSuite/Result_Round1/Jsoup_86/budget60_seed1/run.log
Jsoup,86,SBST,EvoSuite,1.2.0,org.jsoup.nodes.Comment,,1,120,LINE:BRANCH:EXCEPTION,default,offline,True,,17,24.9,0.9,3.5,35.4,SUCCESS,SUCCESS,100.0,100.0,100.0,100.0,17,0,17,1,test10(org.jsoup.nodes.Comment_ESTest),True,False,,,EvoSuite/Result_Round2/Jsoup_86/budget120_seed1,EvoSuite/Result_Round2/Jsoup_86/budget120_seed1/run.log
Jsoup,87,SBST,EvoSuite,1.2.0,org.jsoup.nodes.Element;org.jsoup.parser.HtmlTreeBuilder;org.jsoup.parser.HtmlTreeBuilderState;org.jsoup.parser.Tag,,1,60,LINE:BRANCH:EXCEPTION,default,offline,True,,288,472.8,1.7,7.1,499.4,SUCCESS,SUCCESS,83.83,72.44,66.5,60.2,288,0,288,44,test056(org.jsoup.nodes.Element_ESTest);test055(org.jsoup.nodes.Element_ESTest);test054(org.jsoup.nodes.Element_ESTest);test053(org.jsoup.nodes.Element_ESTest);test052(org.jsoup.nodes.Element_ESTest),True,False,,,EvoSuite/Result_Round1/Jsoup_87/budget60_seed1,EvoSuite/Result_Round1/Jsoup_87/budget60_seed1/run.log
Jsoup,87,SBST,EvoSuite,1.2.0,org.jsoup.nodes.Element;org.jsoup.parser.HtmlTreeBuilder;org.jsoup.parser.HtmlTreeBuilderState;org.jsoup.parser.Tag,,1,120,LINE:BRANCH:EXCEPTION,default,offline,True,,287,739.7,1.5,7.7,754.9,SUCCESS,RUNTIME_FAIL,84.7,74.36,67.8,61.8,287,1,287,41,test056(org.jsoup.nodes.Element_ESTest);test055(org.jsoup.nodes.Element_ESTest);test054(org.jsoup.nodes.Element_ESTest);test053(org.jsoup.nodes.Element_ESTest);test052(org.jsoup.nodes.Element_ESTest),False,False,,,EvoSuite/Result_Round2/Jsoup_87/budget120_seed1,EvoSuite/Result_Round2/Jsoup_87/budget120_seed1/run.log
Jsoup,88,SBST,EvoSuite,1.2.0,org.jsoup.nodes.Attribute,,1,60,LINE:BRANCH:EXCEPTION,default,offline,True,,43,80.2,0.8,3.1,101.9,SUCCESS,SUCCESS,93.85,90.0,94.0,92.0,43,0,43,0,,False,False,,,EvoSuite/Result_Round1/Jsoup_88/budget60_seed1,EvoSuite/Result_Round1/Jsoup_88/budget60_seed1/run.log
Jsoup,88,SBST,EvoSuite,1.2.0,org.jsoup.nodes.Attribute,,1,120,LINE:BRANCH:EXCEPTION,default,offline,True,,44,140.2,0.9,3.3,150.5,SUCCESS,SUCCESS,92.31,90.0,94.0,92.0,44,0,44,3,test18(org.jsoup.nodes.Attribute_ESTest);test22(org.jsoup.nodes.Attribute_ESTest);test23(org.jsoup.nodes.Attribute_ESTest),True,False,,,EvoSuite/Result_Round2/Jsoup_88/budget120_seed1,EvoSuite/Result_Round2/Jsoup_88/budget120_seed1/run.log
Jsoup,89,SBST,EvoSuite,1.2.0,org.jsoup.nodes.Attribute,,1,60,LINE:BRANCH:EXCEPTION,default,offline,True,,43,79.5,0.8,3.3,100.8,SUCCESS,SUCCESS,93.94,92.0,94.0,93.0,43,0,43,1,test20(org.jsoup.nodes.Attribute_ESTest),True,False,,,EvoSuite/Result_Round1/Jsoup_89/budget60_seed1,EvoSuite/Result_Round1/Jsoup_89/budget60_seed1/run.log
Jsoup,89,SBST,EvoSuite,1.2.0,org.jsoup.nodes.Attribute,,1,120,LINE:BRANCH:EXCEPTION,default,offline,True,,43,140.5,0.9,3.5,150.9,SUCCESS,SUCCESS,92.42,92.0,94.0,93.0,43,0,43,1,test19(org.jsoup.nodes.Attribute_ESTest),True,False,,,EvoSuite/Result_Round2/Jsoup_89/budget120_seed1,EvoSuite/Result_Round2/Jsoup_89/budget120_seed1/run.log
Jsoup,90,SBST,EvoSuite,1.2.0,org.jsoup.helper.HttpConnection,,1,60,LINE:BRANCH:EXCEPTION,default,offline,True,,79,104.1,1.1,5.0,127.7,SUCCESS,SUCCESS,84.0,86.36,56.0,50.0,79,0,79,0,,False,False,,,EvoSuite/Result_Round1/Jsoup_90/budget60_seed1,EvoSuite/Result_Round1/Jsoup_90/budget60_seed1/run.log
Jsoup,90,SBST,EvoSuite,1.2.0,org.jsoup.helper.HttpConnection,,1,120,LINE:BRANCH:EXCEPTION,default,offline,True,,85,164.3,1.0,4.9,176.1,SUCCESS,SUCCESS,81.6,72.73,47.0,42.0,85,0,85,0,,False,False,,,EvoSuite/Result_Round2/Jsoup_90/budget120_seed1,EvoSuite/Result_Round2/Jsoup_90/budget120_seed1/run.log
Jsoup,91,SBST,EvoSuite,1.2.0,org.jsoup.UncheckedIOException;org.jsoup.parser.CharacterReader,,1,60,LINE:BRANCH:EXCEPTION,default,offline,True,,99,100.9,1.0,1.8,121.0,SUCCESS,SUCCESS,98.06,95.96,89.0,97.0,99,0,99,1,test1(org.jsoup.UncheckedIOException_ESTest),True,False,,,EvoSuite/Result_Round1/Jsoup_91/budget60_seed1,EvoSuite/Result_Round1/Jsoup_91/budget60_seed1/run.log
Jsoup,91,SBST,EvoSuite,1.2.0,org.jsoup.UncheckedIOException;org.jsoup.parser.CharacterReader,,1,120,LINE:BRANCH:EXCEPTION,default,offline,True,,109,162.0,1.0,1.7,171.3,SUCCESS,SUCCESS,97.67,95.96,89.0,97.0,109,0,109,1,test1(org.jsoup.UncheckedIOException_ESTest),True,False,,,EvoSuite/Result_Round2/Jsoup_91/budget120_seed1,EvoSuite/Result_Round2/Jsoup_91/budget120_seed1/run.log
Jsoup,92,SBST,EvoSuite,1.2.0,org.jsoup.nodes.Attributes;org.jsoup.parser.HtmlTreeBuilder;org.jsoup.parser.ParseSettings;org.jsoup.parser.Token;org.jsoup.parser.XmlTreeBuilder,,1,60,LINE:BRANCH:EXCEPTION,default,offline,True,,263,355.6,1.2,8.8,383.5,SUCCESS,SUCCESS,77.83,68.62,88.6,85.4,263,0,263,34,test07(org.jsoup.nodes.Attributes_ESTest);test47(org.jsoup.nodes.Attributes_ESTest);test02(org.jsoup.nodes.Attributes_ESTest);test48(org.jsoup.nodes.Attributes_ESTest);test42(org.jsoup.nodes.Attributes_ESTest),True,False,,,EvoSuite/Result_Round1/Jsoup_92/budget60_seed1,EvoSuite/Result_Round1/Jsoup_92/budget60_seed1/run.log
Jsoup,92,SBST,EvoSuite,1.2.0,org.jsoup.nodes.Attributes;org.jsoup.parser.HtmlTreeBuilder;org.jsoup.parser.ParseSettings;org.jsoup.parser.Token;org.jsoup.parser.XmlTreeBuilder,,1,120,LINE:BRANCH:EXCEPTION,default,offline,True,,278,524.0,1.3,8.1,539.5,SUCCESS,SUCCESS,86.64,78.3,90.0,86.4,278,0,278,44,test06(org.jsoup.nodes.Attributes_ESTest);test08(org.jsoup.nodes.Attributes_ESTest);test47(org.jsoup.nodes.Attributes_ESTest);test46(org.jsoup.nodes.Attributes_ESTest);test43(org.jsoup.nodes.Attributes_ESTest),True,False,,,EvoSuite/Result_Round2/Jsoup_92/budget120_seed1,EvoSuite/Result_Round2/Jsoup_92/budget120_seed1/run.log
Jsoup,93,SBST,EvoSuite,1.2.0,org.jsoup.nodes.FormElement,,1,60,LINE:BRANCH:EXCEPTION,default,offline,True,,13,72.8,0.8,3.5,94.8,SUCCESS,SUCCESS,39.53,23.33,42.0,32.0,13,0,13,0,,False,False,,,EvoSuite/Result_Round1/Jsoup_93/budget60_seed1,EvoSuite/Result_Round1/Jsoup_93/budget60_seed1/run.log
Jsoup,93,SBST,EvoSuite,1.2.0,org.jsoup.nodes.FormElement,,1,120,LINE:BRANCH:EXCEPTION,default,offline,True,,13,134.3,0.9,3.9,144.9,SUCCESS,SUCCESS,46.51,30.0,49.0,41.0,13,0,13,0,,False,False,,,EvoSuite/Result_Round2/Jsoup_93/budget120_seed1,EvoSuite/Result_Round2/Jsoup_93/budget120_seed1/run.log
JxPath,2,SBST,EvoSuite,1.2.0,org.apache.commons.jxpath.ri.compiler.Expression,,1,120,LINE:BRANCH:EXCEPTION,default,offline,True,,34,140.9,0.9,3.7,152.6,SUCCESS,SUCCESS,88.0,83.33,92.0,91.0,29,0,29,0,,False,False,,,EvoSuite/Result_Round2/JxPath_2/budget120_seed1,EvoSuite/Result_Round2/JxPath_2/budget120_seed1/run.log
JxPath,3,SBST,EvoSuite,1.2.0,org.apache.commons.jxpath.ri.model.beans.NullPropertyPointer,,1,60,LINE:BRANCH:EXCEPTION,default,offline,True,,40,78.4,0.9,4.8,99.7,SUCCESS,SUCCESS,68.67,88.24,77.0,91.0,40,0,40,2,test19(org.apache.commons.jxpath.ri.model.beans.NullPropertyPointer_ESTest);test21(org.apache.commons.jxpath.ri.model.beans.NullPropertyPointer_ESTest),True,False,,,EvoSuite/Result_Round1/JxPath_3/budget60_seed1,EvoSuite/Result_Round1/JxPath_3/budget60_seed1/run.log
JxPath,3,SBST,EvoSuite,1.2.0,org.apache.commons.jxpath.ri.model.beans.NullPropertyPointer,,1,120,LINE:BRANCH:EXCEPTION,default,offline,True,,37,146.9,1.0,4.2,159.8,SUCCESS,SUCCESS,77.11,85.29,84.0,89.0,37,0,37,0,,False,False,,,EvoSuite/Result_Round2/JxPath_3/budget120_seed1,EvoSuite/Result_Round2/JxPath_3/budget120_seed1/run.log
JxPath,4,SBST,EvoSuite,1.2.0,org.apache.commons.jxpath.ri.model.dom.DOMNodePointer;org.apache.commons.jxpath.ri.model.jdom.JDOMNodePointer,,1,60,LINE:BRANCH:EXCEPTION,default,offline,True,,93,199.8,1.1,5.1,224.6,SUCCESS,SUCCESS,38.38,28.75,40.5,34.5,93,0,93,1,test17(org.apache.commons.jxpath.ri.model.jdom.JDOMNodePointer_ESTest),True,False,,,EvoSuite/Result_Round1/JxPath_4/budget60_seed1,EvoSuite/Result_Round1/JxPath_4/budget60_seed1/run.log
JxPath,4,SBST,EvoSuite,1.2.0,org.apache.commons.jxpath.ri.model.dom.DOMNodePointer;org.apache.commons.jxpath.ri.model.jdom.JDOMNodePointer,,1,120,LINE:BRANCH:EXCEPTION,default,offline,True,,90,329.1,1.4,7.2,345.0,SUCCESS,SUCCESS,37.98,28.57,41.0,34.5,90,0,90,0,,False,False,,,EvoSuite/Result_Round2/JxPath_4/budget120_seed1,EvoSuite/Result_Round2/JxPath_4/budget120_seed1/run.log
JxPath,5,SBST,EvoSuite,1.2.0,org.apache.commons.jxpath.ri.model.NodePointer,,1,60,LINE:BRANCH:EXCEPTION,default,offline,True,,76,104.8,1.3,5.0,132.1,SUCCESS,SUCCESS,80.45,60.77,84.0,68.0,76,0,76,0,,False,False,,,EvoSuite/Result_Round1/JxPath_5/budget60_seed1,EvoSuite/Result_Round1/JxPath_5/budget60_seed1/run.log
JxPath,5,SBST,EvoSuite,1.2.0,org.apache.commons.jxpath.ri.model.NodePointer,,1,120,LINE:BRANCH:EXCEPTION,default,offline,True,,93,167.1,1.4,6.2,183.6,SUCCESS,SUCCESS,81.56,64.62,85.0,72.0,93,0,93,0,,False,False,,,EvoSuite/Result_Round2/JxPath_5/budget120_seed1,EvoSuite/Result_Round2/JxPath_5/budget120_seed1/run.log
JxPath,6,SBST,EvoSuite,1.2.0,org.apache.commons.jxpath.ri.compiler.CoreOperationCompare,,1,60,LINE:BRANCH:EXCEPTION,default,offline,True,,24,82.7,1.2,5.6,110.6,SUCCESS,SUCCESS,92.45,90.91,91.0,91.0,22,0,22,1,test20(org.apache.commons.jxpath.ri.compiler.CoreOperationCompare_ESTest),True,False,,,EvoSuite/Result_Round1/JxPath_6/budget60_seed1,EvoSuite/Result_Round1/JxPath_6/budget60_seed1/run.log
JxPath,6,SBST,EvoSuite,1.2.0,org.apache.commons.jxpath.ri.compiler.CoreOperationCompare,,1,120,LINE:BRANCH:EXCEPTION,default,offline,True,,25,143.8,1.2,5.2,158.7,SUCCESS,SUCCESS,92.45,90.91,91.0,91.0,23,0,23,1,test22(org.apache.commons.jxpath.ri.compiler.CoreOperationCompare_ESTest),True,False,,,EvoSuite/Result_Round2/JxPath_6/budget120_seed1,EvoSuite/Result_Round2/JxPath_6/budget120_seed1/run.log
JxPath,7,SBST,EvoSuite,1.2.0,org.apache.commons.jxpath.ri.compiler.CoreOperationGreaterThan;org.apache.commons.jxpath.ri.compiler.CoreOperationGreaterThanOrEqual;org.apache.commons.jxpath.ri.compiler.CoreOperationLessThan;org.apache.commons.jxpath.ri.compiler.CoreOperationLessThanOrEqual;org.apache.commons.jxpath.ri.compiler.CoreOperationRelationalExpression,,1,60,LINE:BRANCH:EXCEPTION,default,offline,True,,21,346.2,1.3,6.3,374.3,SUCCESS,SUCCESS,83.93,77.5,75.6,94.8,20,0,20,10,test1(org.apache.commons.jxpath.ri.compiler.CoreOperationGreaterThan_ESTest);test0(org.apache.commons.jxpath.ri.compiler.CoreOperationGreaterThan_ESTest);test1(org.apache.commons.jxpath.ri.compiler.CoreOperationGreaterThanOrEqual_ESTest);test0(org.apache.commons.jxpath.ri.compiler.CoreOperationGreaterThanOrEqual_ESTest);test0(org.apache.commons.jxpath.ri.compiler.CoreOperationLessThan_ESTest),True,False,,,EvoSuite/Result_Round1/JxPath_7/budget60_seed1,EvoSuite/Result_Round1/JxPath_7/budget60_seed1/run.log
JxPath,7,SBST,EvoSuite,1.2.0,org.apache.commons.jxpath.ri.compiler.CoreOperationGreaterThan;org.apache.commons.jxpath.ri.compiler.CoreOperationGreaterThanOrEqual;org.apache.commons.jxpath.ri.compiler.CoreOperationLessThan;org.apache.commons.jxpath.ri.compiler.CoreOperationLessThanOrEqual;org.apache.commons.jxpath.ri.compiler.CoreOperationRelationalExpression,,1,120,LINE:BRANCH:EXCEPTION,default,offline,True,,26,652.5,1.3,6.8,669.1,SUCCESS,SUCCESS,83.93,77.5,75.6,94.8,24,0,24,11,test1(org.apache.commons.jxpath.ri.compiler.CoreOperationGreaterThan_ESTest);test0(org.apache.commons.jxpath.ri.compiler.CoreOperationGreaterThan_ESTest);test1(org.apache.commons.jxpath.ri.compiler.CoreOperationGreaterThanOrEqual_ESTest);test0(org.apache.commons.jxpath.ri.compiler.CoreOperationGreaterThanOrEqual_ESTest);test2(org.apache.commons.jxpath.ri.compiler.CoreOperationLessThan_ESTest),True,False,,,EvoSuite/Result_Round2/JxPath_7/budget120_seed1,EvoSuite/Result_Round2/JxPath_7/budget120_seed1/run.log
JxPath,8,SBST,EvoSuite,1.2.0,org.apache.commons.jxpath.ri.compiler.CoreOperationRelationalExpression,,1,60,LINE:BRANCH:EXCEPTION,default,offline,True,,15,77.5,1.2,4.6,104.8,SUCCESS,SUCCESS,74.42,69.44,74.0,72.0,13,0,13,1,test06(org.apache.commons.jxpath.ri.compiler.CoreOperationRelationalExpression_ESTest),True,False,,,EvoSuite/Result_Round1/JxPath_8/budget60_seed1,EvoSuite/Result_Round1/JxPath_8/budget60_seed1/run.log
JxPath,8,SBST,EvoSuite,1.2.0,org.apache.commons.jxpath.ri.compiler.CoreOperationRelationalExpression,,1,120,LINE:BRANCH:EXCEPTION,default,offline,True,,9,135.5,1.2,5.7,151.5,SUCCESS,SUCCESS,67.44,58.33,67.0,62.0,8,0,8,1,test4(org.apache.commons.jxpath.ri.compiler.CoreOperationRelationalExpression_ESTest),True,False,,,EvoSuite/Result_Round2/JxPath_8/budget120_seed1,EvoSuite/Result_Round2/JxPath_8/budget120_seed1/run.log
JxPath,9,SBST,EvoSuite,1.2.0,org.apache.commons.jxpath.ri.compiler.CoreOperationCompare;org.apache.commons.jxpath.ri.compiler.CoreOperationEqual;org.apache.commons.jxpath.ri.compiler.CoreOperationNotEqual,,1,60,LINE:BRANCH:EXCEPTION,default,offline,True,,36,108.9,1.3,5.6,138.1,SUCCESS,SUCCESS,92.65,92.19,96.7,97.7,34,0,34,4,test26(org.apache.commons.jxpath.ri.compiler.CoreOperationCompare_ESTest);test07(org.apache.commons.jxpath.ri.compiler.CoreOperationCompare_ESTest);test19(org.apache.commons.jxpath.ri.compiler.CoreOperationCompare_ESTest);test18(org.apache.commons.jxpath.ri.compiler.CoreOperationCompare_ESTest),True,False,,,EvoSuite/Result_Round1/JxPath_9/budget60_seed1,EvoSuite/Result_Round1/JxPath_9/budget60_seed1/run.log
JxPath,9,SBST,EvoSuite,1.2.0,org.apache.commons.jxpath.ri.compiler.CoreOperationCompare;org.apache.commons.jxpath.ri.compiler.CoreOperationEqual;org.apache.commons.jxpath.ri.compiler.CoreOperationNotEqual,,1,120,LINE:BRANCH:EXCEPTION,default,offline,True,,39,171.0,1.4,6.7,187.7,SUCCESS,SUCCESS,92.65,93.75,97.3,98.0,37,0,37,5,test22(org.apache.commons.jxpath.ri.compiler.CoreOperationCompare_ESTest);test21(org.apache.commons.jxpath.ri.compiler.CoreOperationCompare_ESTest);test25(org.apache.commons.jxpath.ri.compiler.CoreOperationCompare_ESTest);test29(org.apache.commons.jxpath.ri.compiler.CoreOperationCompare_ESTest);test17(org.apache.commons.jxpath.ri.compiler.CoreOperationCompare_ESTest),True,False,,,EvoSuite/Result_Round2/JxPath_9/budget120_seed1,EvoSuite/Result_Round2/JxPath_9/budget120_seed1/run.log
JxPath,10,SBST,EvoSuite,1.2.0,org.apache.commons.jxpath.ri.compiler.CoreOperationRelationalExpression,,1,60,LINE:BRANCH:EXCEPTION,default,offline,True,,12,74.6,1.1,4.5,101.3,SUCCESS,SUCCESS,74.42,69.44,74.0,72.0,10,0,10,0,,False,False,,,EvoSuite/Result_Round1/JxPath_10/budget60_seed1,EvoSuite/Result_Round1/JxPath_10/budget60_seed1/run.log
JxPath,10,SBST,EvoSuite,1.2.0,org.apache.commons.jxpath.ri.compiler.CoreOperationRelationalExpression,,1,120,LINE:BRANCH:EXCEPTION,default,offline,True,,12,134.8,0.9,3.8,146.4,SUCCESS,SUCCESS,95.35,94.44,95.0,95.0,10,0,10,1,test5(org.apache.commons.jxpath.ri.compiler.CoreOperationRelationalExpression_ESTest),True,False,,,EvoSuite/Result_Round2/JxPath_10/budget120_seed1,EvoSuite/Result_Round2/JxPath_10/budget120_seed1/run.log
JxPath,11,SBST,EvoSuite,1.2.0,org.apache.commons.jxpath.ri.model.dom.DOMAttributeIterator;org.apache.commons.jxpath.ri.model.jdom.JDOMAttributeIterator,,1,60,LINE:BRANCH:EXCEPTION,default,offline,True,,16,149.3,1.2,5.2,172.7,SUCCESS,SUCCESS,45.38,32.98,52.0,43.0,16,0,16,0,,False,False,,,EvoSuite/Result_Round1/JxPath_11/budget60_seed1,EvoSuite/Result_Round1/JxPath_11/budget60_seed1/run.log
JxPath,11,SBST,EvoSuite,1.2.0,org.apache.commons.jxpath.ri.model.dom.DOMAttributeIterator;org.apache.commons.jxpath.ri.model.jdom.JDOMAttributeIterator,,1,120,LINE:BRANCH:EXCEPTION,default,offline,True,,16,272.3,1.2,5.0,287.2,SUCCESS,SUCCESS,45.38,34.04,52.0,44.5,16,0,16,0,,False,False,,,EvoSuite/Result_Round2/JxPath_11/budget120_seed1,EvoSuite/Result_Round2/JxPath_11/budget120_seed1/run.log
JxPath,12,SBST,EvoSuite,1.2.0,org.apache.commons.jxpath.ri.model.dom.DOMNodePointer,,1,60,LINE:BRANCH:EXCEPTION,default,offline,True,,48,107.7,1.2,4.3,134.5,SUCCESS,SUCCESS,37.02,27.11,41.0,34.0,48,0,48,0,,False,False,,,EvoSuite/Result_Round1/JxPath_12/budget60_seed1,EvoSuite/Result_Round1/JxPath_12/budget60_seed1/run.log
JxPath,12,SBST,EvoSuite,1.2.0,org.apache.commons.jxpath.ri.model.dom.DOMNodePointer,,1,120,LINE:BRANCH:EXCEPTION,default,offline,True,,53,160.3,1.1,4.6,173.2,SUCCESS,SUCCESS,36.19,28.94,40.0,36.0,53,0,53,0,,False,False,,,EvoSuite/Result_Round2/JxPath_12/budget120_seed1,EvoSuite/Result_Round2/JxPath_12/budget120_seed1/run.log
JacksonCore,4,SBST,EvoSuite,1.2.0,com.fasterxml.jackson.core.util.TextBuffer,,1,60,LINE:BRANCH:EXCEPTION,default,offline,True,,73,73.5,,,,,TOOL_ERROR,,,99.0,98.0,,,,,,False,False,TOOL_ERROR,EvoSuite produced no test files,EvoSuite/Result_Round1/JacksonCore_4/budget60_seed1,EvoSuite/Result_Round1/JacksonCore_4/budget60_seed1/run.log
JacksonCore,4,SBST,EvoSuite,1.2.0,com.fasterxml.jackson.core.util.TextBuffer,,1,120,LINE:BRANCH:EXCEPTION,default,offline,True,,74,150.5,1.1,1.9,159.2,SUCCESS,SUCCESS,93.94,94.78,97.0,96.0,74,0,74,1,test23(com.fasterxml.jackson.core.util.TextBuffer_ESTest),True,False,,,EvoSuite/Result_Round2/JacksonCore_4/budget120_seed1,EvoSuite/Result_Round2/JacksonCore_4/budget120_seed1/run.log
JacksonCore,8,SBST,EvoSuite,1.2.0,com.fasterxml.jackson.core.util.TextBuffer,,1,120,LINE:BRANCH:EXCEPTION,default,offline,True,,75,140.0,,,,,TOOL_ERROR,,,99.0,97.0,,,,,,False,False,TOOL_ERROR,EvoSuite produced no test files,EvoSuite/Result_Round2/JacksonCore_8/budget120_seed1,EvoSuite/Result_Round2/JacksonCore_8/budget120_seed1/run.log
JacksonDatabind,5,SBST,EvoSuite,1.2.0,com.fasterxml.jackson.databind.introspect.AnnotatedClass,,1,60,LINE:BRANCH:EXCEPTION,default,offline,True,,0,3.9,,,,,TOOL_ERROR,,,,,,,,,,False,False,TOOL_ERROR,EvoSuite produced no test files,EvoSuite/Result_Round1/JacksonDatabind_5/budget60_seed1,EvoSuite/Result_Round1/JacksonDatabind_5/budget60_seed1/run.log
JacksonDatabind,5,SBST,EvoSuite,1.2.0,com.fasterxml.jackson.databind.introspect.AnnotatedClass,,1,120,LINE:BRANCH:EXCEPTION,default,offline,True,,0,3.6,,,,,TOOL_ERROR,,,,,,,,,,False,False,TOOL_ERROR,EvoSuite produced no test files,EvoSuite/Result_Round2/JacksonDatabind_5/budget120_seed1,EvoSuite/Result_Round2/JacksonDatabind_5/budget120_seed1/run.log
JacksonDatabind,8,SBST,EvoSuite,1.2.0,com.fasterxml.jackson.databind.deser.impl.CreatorCollector,,1,60,LINE:BRANCH:EXCEPTION,default,offline,True,,0,8.0,,,,,TOOL_ERROR,,,,,,,,,,False,False,TOOL_ERROR,EvoSuite produced no test files,EvoSuite/Result_Round1/JacksonDatabind_8/budget60_seed1,EvoSuite/Result_Round1/JacksonDatabind_8/budget60_seed1/run.log
JacksonDatabind,8,SBST,EvoSuite,1.2.0,com.fasterxml.jackson.databind.deser.impl.CreatorCollector,,1,120,LINE:BRANCH:EXCEPTION,default,offline,True,,0,7.8,,,,,TOOL_ERROR,,,,,,,,,,False,False,TOOL_ERROR,EvoSuite produced no test files,EvoSuite/Result_Round2/JacksonDatabind_8/budget120_seed1,EvoSuite/Result_Round2/JacksonDatabind_8/budget120_seed1/run.log
JacksonDatabind,10,SBST,EvoSuite,1.2.0,com.fasterxml.jackson.databind.ser.AnyGetterWriter;com.fasterxml.jackson.databind.ser.BeanSerializerFactory,,1,60,LINE:BRANCH:EXCEPTION,default,offline,True,,0,16.8,,,,,TOOL_ERROR,,,,,,,,,,False,False,TOOL_ERROR,EvoSuite produced no test files,EvoSuite/Result_Round1/JacksonDatabind_10/budget60_seed1,EvoSuite/Result_Round1/JacksonDatabind_10/budget60_seed1/run.log
JacksonDatabind,10,SBST,EvoSuite,1.2.0,com.fasterxml.jackson.databind.ser.AnyGetterWriter;com.fasterxml.jackson.databind.ser.BeanSerializerFactory,,1,120,LINE:BRANCH:EXCEPTION,default,offline,True,,0,20.5,,,,,TOOL_ERROR,,,,,,,,,,False,False,TOOL_ERROR,EvoSuite produced no test files,EvoSuite/Result_Round2/JacksonDatabind_10/budget120_seed1,EvoSuite/Result_Round2/JacksonDatabind_10/budget120_seed1/run.log
JacksonDatabind,13,SBST,EvoSuite,1.2.0,com.fasterxml.jackson.databind.deser.DefaultDeserializationContext;com.fasterxml.jackson.databind.deser.impl.ObjectIdValueProperty,,1,60,LINE:BRANCH:EXCEPTION,default,offline,True,,0,13.0,,,,,TOOL_ERROR,,,,,,,,,,False,False,TOOL_ERROR,EvoSuite produced no test files,EvoSuite/Result_Round1/JacksonDatabind_13/budget60_seed1,EvoSuite/Result_Round1/JacksonDatabind_13/budget60_seed1/run.log
JacksonDatabind,13,SBST,EvoSuite,1.2.0,com.fasterxml.jackson.databind.deser.DefaultDeserializationContext;com.fasterxml.jackson.databind.deser.impl.ObjectIdValueProperty,,1,120,LINE:BRANCH:EXCEPTION,default,offline,True,,0,14.1,,,,,TOOL_ERROR,,,,,,,,,,False,False,TOOL_ERROR,EvoSuite produced no test files,EvoSuite/Result_Round2/JacksonDatabind_13/budget120_seed1,EvoSuite/Result_Round2/JacksonDatabind_13/budget120_seed1/run.log
JacksonDatabind,16,SBST,EvoSuite,1.2.0,com.fasterxml.jackson.databind.introspect.AnnotationMap,,1,60,LINE:BRANCH:EXCEPTION,default,offline,True,,0,4.3,,,,,TOOL_ERROR,,,,,,,,,,False,False,TOOL_ERROR,EvoSuite produced no test files,EvoSuite/Result_Round1/JacksonDatabind_16/budget60_seed1,EvoSuite/Result_Round1/JacksonDatabind_16/budget60_seed1/run.log
JacksonDatabind,16,SBST,EvoSuite,1.2.0,com.fasterxml.jackson.databind.introspect.AnnotationMap,,1,120,LINE:BRANCH:EXCEPTION,default,offline,True,,0,4.2,,,,,TOOL_ERROR,,,,,,,,,,False,False,TOOL_ERROR,EvoSuite produced no test files,EvoSuite/Result_Round2/JacksonDatabind_16/budget120_seed1,EvoSuite/Result_Round2/JacksonDatabind_16/budget120_seed1/run.log
JacksonDatabind,21,SBST,EvoSuite,1.2.0,com.fasterxml.jackson.databind.introspect.JacksonAnnotationIntrospector,,1,60,LINE:BRANCH:EXCEPTION,default,offline,True,,0,5.2,,,,,TOOL_ERROR,,,,,,,,,,False,False,TOOL_ERROR,EvoSuite produced no test files,EvoSuite/Result_Round1/JacksonDatabind_21/budget60_seed1,EvoSuite/Result_Round1/JacksonDatabind_21/budget60_seed1/run.log
JacksonDatabind,21,SBST,EvoSuite,1.2.0,com.fasterxml.jackson.databind.introspect.JacksonAnnotationIntrospector,,1,120,LINE:BRANCH:EXCEPTION,default,offline,True,,0,5.3,,,,,TOOL_ERROR,,,,,,,,,,False,False,TOOL_ERROR,EvoSuite produced no test files,EvoSuite/Result_Round2/JacksonDatabind_21/budget120_seed1,EvoSuite/Result_Round2/JacksonDatabind_21/budget120_seed1/run.log
JacksonDatabind,22,SBST,EvoSuite,1.2.0,com.fasterxml.jackson.databind.ser.BasicSerializerFactory;com.fasterxml.jackson.databind.ser.BeanSerializerFactory,,1,60,LINE:BRANCH:EXCEPTION,default,offline,True,,0,21.7,,,,,TOOL_ERROR,,,,,,,,,,False,False,TOOL_ERROR,EvoSuite produced no test files,EvoSuite/Result_Round1/JacksonDatabind_22/budget60_seed1,EvoSuite/Result_Round1/JacksonDatabind_22/budget60_seed1/run.log
JacksonDatabind,22,SBST,EvoSuite,1.2.0,com.fasterxml.jackson.databind.ser.BasicSerializerFactory;com.fasterxml.jackson.databind.ser.BeanSerializerFactory,,1,120,LINE:BRANCH:EXCEPTION,default,offline,True,,0,23.8,,,,,TOOL_ERROR,,,,,,,,,,False,False,TOOL_ERROR,EvoSuite produced no test files,EvoSuite/Result_Round2/JacksonDatabind_22/budget120_seed1,EvoSuite/Result_Round2/JacksonDatabind_22/budget120_seed1/run.log
JacksonDatabind,23,SBST,EvoSuite,1.2.0,com.fasterxml.jackson.databind.ser.std.NumberSerializers,,1,60,LINE:BRANCH:EXCEPTION,default,offline,True,,0,68.5,,,,,TOOL_ERROR,,,,,,,,,,False,False,TOOL_ERROR,EvoSuite produced no test files,EvoSuite/Result_Round1/JacksonDatabind_23/budget60_seed1,EvoSuite/Result_Round1/JacksonDatabind_23/budget60_seed1/run.log
JacksonDatabind,23,SBST,EvoSuite,1.2.0,com.fasterxml.jackson.databind.ser.std.NumberSerializers,,1,120,LINE:BRANCH:EXCEPTION,default,offline,True,,0,34.3,,,,,TOOL_ERROR,,,,,,,,,,False,False,TOOL_ERROR,EvoSuite produced no test files,EvoSuite/Result_Round2/JacksonDatabind_23/budget120_seed1,EvoSuite/Result_Round2/JacksonDatabind_23/budget120_seed1/run.log
JacksonDatabind,26,SBST,EvoSuite,1.2.0,com.fasterxml.jackson.databind.ser.BeanPropertyWriter,,1,60,LINE:BRANCH:EXCEPTION,default,offline,True,,0,4.7,,,,,TOOL_ERROR,,,,,,,,,,False,False,TOOL_ERROR,EvoSuite produced no test files,EvoSuite/Result_Round1/JacksonDatabind_26/budget60_seed1,EvoSuite/Result_Round1/JacksonDatabind_26/budget60_seed1/run.log
JacksonDatabind,26,SBST,EvoSuite,1.2.0,com.fasterxml.jackson.databind.ser.BeanPropertyWriter,,1,120,LINE:BRANCH:EXCEPTION,default,offline,True,,0,3.9,,,,,TOOL_ERROR,,,,,,,,,,False,False,TOOL_ERROR,EvoSuite produced no test files,EvoSuite/Result_Round2/JacksonDatabind_26/budget120_seed1,EvoSuite/Result_Round2/JacksonDatabind_26/budget120_seed1/run.log
JacksonDatabind,27,SBST,EvoSuite,1.2.0,com.fasterxml.jackson.databind.deser.BeanDeserializer,,1,120,LINE:BRANCH:EXCEPTION,default,offline,True,,0,74.7,,,,,TOOL_ERROR,,,,,,,,,,False,False,TOOL_ERROR,EvoSuite produced no test files,EvoSuite/Result_Round2/JacksonDatabind_27/budget120_seed1,EvoSuite/Result_Round2/JacksonDatabind_27/budget120_seed1/run.log
JacksonDatabind,33,SBST,EvoSuite,1.2.0,com.fasterxml.jackson.databind.introspect.JacksonAnnotationIntrospector,,1,60,LINE:BRANCH:EXCEPTION,default,offline,True,,0,4.1,,,,,TOOL_ERROR,,,,,,,,,,False,False,TOOL_ERROR,EvoSuite produced no test files,EvoSuite/Result_Round1/JacksonDatabind_33/budget60_seed1,EvoSuite/Result_Round1/JacksonDatabind_33/budget60_seed1/run.log
JacksonDatabind,33,SBST,EvoSuite,1.2.0,com.fasterxml.jackson.databind.introspect.JacksonAnnotationIntrospector,,1,120,LINE:BRANCH:EXCEPTION,default,offline,True,,0,4.3,,,,,TOOL_ERROR,,,,,,,,,,False,False,TOOL_ERROR,EvoSuite produced no test files,EvoSuite/Result_Round2/JacksonDatabind_33/budget120_seed1,EvoSuite/Result_Round2/JacksonDatabind_33/budget120_seed1/run.log
JacksonDatabind,35,SBST,EvoSuite,1.2.0,com.fasterxml.jackson.databind.jsontype.impl.AsWrapperTypeDeserializer,,1,60,LINE:BRANCH:EXCEPTION,default,offline,True,,14,85.7,1.4,6.1,128.2,SUCCESS,RUNTIME_FAIL,33.33,27.78,44.0,48.0,14,2,14,2,test05(com.fasterxml.jackson.databind.jsontype.impl.AsWrapperTypeDeserializer_ESTest);test04(com.fasterxml.jackson.databind.jsontype.impl.AsWrapperTypeDeserializer_ESTest),False,False,,,EvoSuite/Result_Round1/JacksonDatabind_35/budget60_seed1,EvoSuite/Result_Round1/JacksonDatabind_35/budget60_seed1/run.log
JacksonDatabind,35,SBST,EvoSuite,1.2.0,com.fasterxml.jackson.databind.jsontype.impl.AsWrapperTypeDeserializer,,1,120,LINE:BRANCH:EXCEPTION,default,offline,True,,14,151.4,1.5,6.3,166.5,SUCCESS,RUNTIME_FAIL,33.33,27.78,44.0,48.0,14,2,14,2,test05(com.fasterxml.jackson.databind.jsontype.impl.AsWrapperTypeDeserializer_ESTest);test04(com.fasterxml.jackson.databind.jsontype.impl.AsWrapperTypeDeserializer_ESTest),False,False,,,EvoSuite/Result_Round2/JacksonDatabind_35/budget120_seed1,EvoSuite/Result_Round2/JacksonDatabind_35/budget120_seed1/run.log
JacksonDatabind,43,SBST,EvoSuite,1.2.0,com.fasterxml.jackson.databind.deser.impl.ObjectIdValueProperty,,1,60,LINE:BRANCH:EXCEPTION,default,offline,True,,0,4.5,,,,,TOOL_ERROR,,,,,,,,,,False,False,TOOL_ERROR,EvoSuite produced no test files,EvoSuite/Result_Round1/JacksonDatabind_43/budget60_seed1,EvoSuite/Result_Round1/JacksonDatabind_43/budget60_seed1/run.log
JacksonDatabind,43,SBST,EvoSuite,1.2.0,com.fasterxml.jackson.databind.deser.impl.ObjectIdValueProperty,,1,120,LINE:BRANCH:EXCEPTION,default,offline,True,,0,4.3,,,,,TOOL_ERROR,,,,,,,,,,False,False,TOOL_ERROR,EvoSuite produced no test files,EvoSuite/Result_Round2/JacksonDatabind_43/budget120_seed1,EvoSuite/Result_Round2/JacksonDatabind_43/budget120_seed1/run.log
JacksonDatabind,47,SBST,EvoSuite,1.2.0,com.fasterxml.jackson.databind.AnnotationIntrospector,,1,60,LINE:BRANCH:EXCEPTION,default,offline,True,,0,5.0,,,,,TOOL_ERROR,,,,,,,,,,False,False,TOOL_ERROR,EvoSuite produced no test files,EvoSuite/Result_Round1/JacksonDatabind_47/budget60_seed1,EvoSuite/Result_Round1/JacksonDatabind_47/budget60_seed1/run.log
JacksonDatabind,47,SBST,EvoSuite,1.2.0,com.fasterxml.jackson.databind.AnnotationIntrospector,,1,120,LINE:BRANCH:EXCEPTION,default,offline,True,,0,5.1,,,,,TOOL_ERROR,,,,,,,,,,False,False,TOOL_ERROR,EvoSuite produced no test files,EvoSuite/Result_Round2/JacksonDatabind_47/budget120_seed1,EvoSuite/Result_Round2/JacksonDatabind_47/budget120_seed1/run.log
JacksonDatabind,50,SBST,EvoSuite,1.2.0,com.fasterxml.jackson.databind.deser.BeanDeserializer,,1,120,LINE:BRANCH:EXCEPTION,default,offline,True,,12,145.1,1.2,8.2,195.6,SUCCESS,RUNTIME_FAIL,4.96,3.38,7.0,11.0,12,2,12,4,test10(com.fasterxml.jackson.databind.deser.BeanDeserializer_ESTest);test01(com.fasterxml.jackson.databind.deser.BeanDeserializer_ESTest);test03(com.fasterxml.jackson.databind.deser.BeanDeserializer_ESTest);test04(com.fasterxml.jackson.databind.deser.BeanDeserializer_ESTest),False,False,,,EvoSuite/Result_Round2/JacksonDatabind_50/budget120_seed1,EvoSuite/Result_Round2/JacksonDatabind_50/budget120_seed1/run.log
JacksonDatabind,54,SBST,EvoSuite,1.2.0,com.fasterxml.jackson.databind.ser.PropertyBuilder,,1,60,LINE:BRANCH:EXCEPTION,default,offline,True,,0,23.7,,,,,TOOL_ERROR,,,,,,,,,,False,False,TOOL_ERROR,EvoSuite produced no test files,EvoSuite/Result_Round1/JacksonDatabind_54/budget60_seed1,EvoSuite/Result_Round1/JacksonDatabind_54/budget60_seed1/run.log
JacksonDatabind,54,SBST,EvoSuite,1.2.0,com.fasterxml.jackson.databind.ser.PropertyBuilder,,1,120,LINE:BRANCH:EXCEPTION,default,offline,True,,0,9.7,,,,,TOOL_ERROR,,,,,,,,,,False,False,TOOL_ERROR,EvoSuite produced no test files,EvoSuite/Result_Round2/JacksonDatabind_54/budget120_seed1,EvoSuite/Result_Round2/JacksonDatabind_54/budget120_seed1/run.log
JacksonDatabind,60,SBST,EvoSuite,1.2.0,com.fasterxml.jackson.databind.ser.std.JsonValueSerializer,,1,60,LINE:BRANCH:EXCEPTION,default,offline,True,,0,27.5,,,,,TOOL_ERROR,,,,,,,,,,False,False,TOOL_ERROR,EvoSuite produced no test files,EvoSuite/Result_Round1/JacksonDatabind_60/budget60_seed1,EvoSuite/Result_Round1/JacksonDatabind_60/budget60_seed1/run.log
JacksonDatabind,60,SBST,EvoSuite,1.2.0,com.fasterxml.jackson.databind.ser.std.JsonValueSerializer,,1,120,LINE:BRANCH:EXCEPTION,default,offline,True,,0,21.6,,,,,TOOL_ERROR,,,,,,,,,,False,False,TOOL_ERROR,EvoSuite produced no test files,EvoSuite/Result_Round2/JacksonDatabind_60/budget120_seed1,EvoSuite/Result_Round2/JacksonDatabind_60/budget120_seed1/run.log
JacksonDatabind,64,SBST,EvoSuite,1.2.0,com.fasterxml.jackson.databind.ser.PropertyBuilder,,1,60,LINE:BRANCH:EXCEPTION,default,offline,True,,0,10.9,,,,,TOOL_ERROR,,,,,,,,,,False,False,TOOL_ERROR,EvoSuite produced no test files,EvoSuite/Result_Round1/JacksonDatabind_64/budget60_seed1,EvoSuite/Result_Round1/JacksonDatabind_64/budget60_seed1/run.log
JacksonDatabind,64,SBST,EvoSuite,1.2.0,com.fasterxml.jackson.databind.ser.PropertyBuilder,,1,120,LINE:BRANCH:EXCEPTION,default,offline,True,,0,23.5,,,,,TOOL_ERROR,,,,,,,,,,False,False,TOOL_ERROR,EvoSuite produced no test files,EvoSuite/Result_Round2/JacksonDatabind_64/budget120_seed1,EvoSuite/Result_Round2/JacksonDatabind_64/budget120_seed1/run.log
JacksonDatabind,66,SBST,EvoSuite,1.2.0,com.fasterxml.jackson.databind.deser.std.StdKeyDeserializer,,1,60,LINE:BRANCH:EXCEPTION,default,offline,True,,0,21.8,,,,,TOOL_ERROR,,,,,,,,,,False,False,TOOL_ERROR,EvoSuite produced no test files,EvoSuite/Result_Round1/JacksonDatabind_66/budget60_seed1,EvoSuite/Result_Round1/JacksonDatabind_66/budget60_seed1/run.log
JacksonDatabind,66,SBST,EvoSuite,1.2.0,com.fasterxml.jackson.databind.deser.std.StdKeyDeserializer,,1,120,LINE:BRANCH:EXCEPTION,default,offline,True,,0,42.9,,,,,TOOL_ERROR,,,,,,,,,,False,False,TOOL_ERROR,EvoSuite produced no test files,EvoSuite/Result_Round2/JacksonDatabind_66/budget120_seed1,EvoSuite/Result_Round2/JacksonDatabind_66/budget120_seed1/run.log
JacksonDatabind,71,SBST,EvoSuite,1.2.0,com.fasterxml.jackson.databind.deser.std.StdKeyDeserializer,,1,60,LINE:BRANCH:EXCEPTION,default,offline,True,,0,8.5,,,,,TOOL_ERROR,,,,,,,,,,False,False,TOOL_ERROR,EvoSuite produced no test files,EvoSuite/Result_Round1/JacksonDatabind_71/budget60_seed1,EvoSuite/Result_Round1/JacksonDatabind_71/budget60_seed1/run.log
JacksonDatabind,71,SBST,EvoSuite,1.2.0,com.fasterxml.jackson.databind.deser.std.StdKeyDeserializer,,1,120,LINE:BRANCH:EXCEPTION,default,offline,True,,0,8.2,,,,,TOOL_ERROR,,,,,,,,,,False,False,TOOL_ERROR,EvoSuite produced no test files,EvoSuite/Result_Round2/JacksonDatabind_71/budget120_seed1,EvoSuite/Result_Round2/JacksonDatabind_71/budget120_seed1/run.log
JacksonDatabind,72,SBST,EvoSuite,1.2.0,com.fasterxml.jackson.databind.deser.impl.InnerClassProperty,,1,60,LINE:BRANCH:EXCEPTION,default,offline,True,,0,4.5,,,,,TOOL_ERROR,,,,,,,,,,False,False,TOOL_ERROR,EvoSuite produced no test files,EvoSuite/Result_Round1/JacksonDatabind_72/budget60_seed1,EvoSuite/Result_Round1/JacksonDatabind_72/budget60_seed1/run.log
JacksonDatabind,72,SBST,EvoSuite,1.2.0,com.fasterxml.jackson.databind.deser.impl.InnerClassProperty,,1,120,LINE:BRANCH:EXCEPTION,default,offline,True,,0,4.9,,,,,TOOL_ERROR,,,,,,,,,,False,False,TOOL_ERROR,EvoSuite produced no test files,EvoSuite/Result_Round2/JacksonDatabind_72/budget120_seed1,EvoSuite/Result_Round2/JacksonDatabind_72/budget120_seed1/run.log
JacksonDatabind,81,SBST,EvoSuite,1.2.0,com.fasterxml.jackson.databind.introspect.JacksonAnnotationIntrospector,,1,60,LINE:BRANCH:EXCEPTION,default,offline,True,,0,5.8,,,,,TOOL_ERROR,,,,,,,,,,False,False,TOOL_ERROR,EvoSuite produced no test files,EvoSuite/Result_Round1/JacksonDatabind_81/budget60_seed1,EvoSuite/Result_Round1/JacksonDatabind_81/budget60_seed1/run.log
JacksonDatabind,81,SBST,EvoSuite,1.2.0,com.fasterxml.jackson.databind.introspect.JacksonAnnotationIntrospector,,1,120,LINE:BRANCH:EXCEPTION,default,offline,True,,0,5.8,,,,,TOOL_ERROR,,,,,,,,,,False,False,TOOL_ERROR,EvoSuite produced no test files,EvoSuite/Result_Round2/JacksonDatabind_81/budget120_seed1,EvoSuite/Result_Round2/JacksonDatabind_81/budget120_seed1/run.log
JacksonDatabind,107,SBST,EvoSuite,1.2.0,com.fasterxml.jackson.databind.jsontype.impl.TypeDeserializerBase,,1,120,LINE:BRANCH:EXCEPTION,default,offline,True,,19,154.3,1.4,7.2,207.4,SUCCESS,SUCCESS,65.79,40.62,74.0,55.0,19,0,19,0,,False,False,,,EvoSuite/Result_Round2/JacksonDatabind_107/budget120_seed1,EvoSuite/Result_Round2/JacksonDatabind_107/budget120_seed1/run.log
JxPath,13,SBST,EvoSuite,1.2.0,org.apache.commons.jxpath.ri.NamespaceResolver;org.apache.commons.jxpath.ri.model.dom.DOMNodePointer,,1,60,LINE:BRANCH:EXCEPTION,default,offline,True,,75,178.0,1.0,5.4,191.4,SUCCESS,SUCCESS,42.76,33.65,63.0,59.0,75,0,75,8,test09(org.apache.commons.jxpath.ri.NamespaceResolver_ESTest);test10(org.apache.commons.jxpath.ri.NamespaceResolver_ESTest);test01(org.apache.commons.jxpath.ri.NamespaceResolver_ESTest);test12(org.apache.commons.jxpath.ri.NamespaceResolver_ESTest);test02(org.apache.commons.jxpath.ri.NamespaceResolver_ESTest),True,False,,,EvoSuite/Result_Round1/JxPath_13/budget60_seed1,EvoSuite/Result_Round1/JxPath_13/budget60_seed1/run.log
JxPath,13,SBST,EvoSuite,1.2.0,org.apache.commons.jxpath.ri.NamespaceResolver;org.apache.commons.jxpath.ri.model.dom.DOMNodePointer,,1,120,LINE:BRANCH:EXCEPTION,default,offline,True,,75,294.4,1.1,5.4,308.3,SUCCESS,SUCCESS,43.22,33.65,62.5,59.0,75,0,75,11,test07(org.apache.commons.jxpath.ri.NamespaceResolver_ESTest);test09(org.apache.commons.jxpath.ri.NamespaceResolver_ESTest);test10(org.apache.commons.jxpath.ri.NamespaceResolver_ESTest);test11(org.apache.commons.jxpath.ri.NamespaceResolver_ESTest);test01(org.apache.commons.jxpath.ri.NamespaceResolver_ESTest),True,False,,,EvoSuite/Result_Round2/JxPath_13/budget120_seed1,EvoSuite/Result_Round2/JxPath_13/budget120_seed1/run.log
JxPath,14,SBST,EvoSuite,1.2.0,org.apache.commons.jxpath.ri.compiler.CoreFunction,,1,60,LINE:BRANCH:EXCEPTION,default,offline,True,,134,124.5,1.2,5.6,147.7,SUCCESS,SUCCESS,40.17,36.61,51.0,57.0,121,0,121,0,,False,False,,,EvoSuite/Result_Round1/JxPath_14/budget60_seed1,EvoSuite/Result_Round1/JxPath_14/budget60_seed1/run.log
JxPath,14,SBST,EvoSuite,1.2.0,org.apache.commons.jxpath.ri.compiler.CoreFunction,,1,120,LINE:BRANCH:EXCEPTION,default,offline,True,,171,194.2,0.9,4.0,205.8,SUCCESS,SUCCESS,52.08,46.88,62.0,66.0,157,0,157,1,test068(org.apache.commons.jxpath.ri.compiler.CoreFunction_ESTest),True,False,,,EvoSuite/Result_Round2/JxPath_14/budget120_seed1,EvoSuite/Result_Round2/JxPath_14/budget120_seed1/run.log
JxPath,15,SBST,EvoSuite,1.2.0,org.apache.commons.jxpath.ri.axes.UnionContext,,1,60,LINE:BRANCH:EXCEPTION,default,offline,True,,6,24.1,0.8,3.5,41.1,SUCCESS,SUCCESS,100.0,100.0,95.0,100.0,6,0,6,0,,False,False,,,EvoSuite/Result_Round1/JxPath_15/budget60_seed1,EvoSuite/Result_Round1/JxPath_15/budget60_seed1/run.log
JxPath,15,SBST,EvoSuite,1.2.0,org.apache.commons.jxpath.ri.axes.UnionContext,,1,120,LINE:BRANCH:EXCEPTION,default,offline,True,,5,16.7,0.8,3.5,27.3,SUCCESS,SUCCESS,100.0,100.0,95.0,100.0,5,0,5,0,,False,False,,,EvoSuite/Result_Round2/JxPath_15/budget120_seed1,EvoSuite/Result_Round2/JxPath_15/budget120_seed1/run.log
JxPath,16,SBST,EvoSuite,1.2.0,org.apache.commons.jxpath.ri.model.dom.DOMNodePointer;org.apache.commons.jxpath.ri.model.jdom.JDOMNodePointer,,1,60,LINE:BRANCH:EXCEPTION,default,offline,True,,89,184.4,1.2,5.3,207.4,SUCCESS,SUCCESS,35.59,27.23,38.5,33.0,89,0,89,0,,False,False,,,EvoSuite/Result_Round1/JxPath_16/budget60_seed1,EvoSuite/Result_Round1/JxPath_16/budget60_seed1/run.log
JxPath,16,SBST,EvoSuite,1.2.0,org.apache.commons.jxpath.ri.model.dom.DOMNodePointer;org.apache.commons.jxpath.ri.model.jdom.JDOMNodePointer,,1,120,LINE:BRANCH:EXCEPTION,default,offline,True,,98,306.6,1.1,5.6,320.2,SUCCESS,SUCCESS,36.77,29.28,39.5,35.0,98,0,98,1,test35(org.apache.commons.jxpath.ri.model.jdom.JDOMNodePointer_ESTest),True,False,,,EvoSuite/Result_Round2/JxPath_16/budget120_seed1,EvoSuite/Result_Round2/JxPath_16/budget120_seed1/run.log
JxPath,17,SBST,EvoSuite,1.2.0,org.apache.commons.jxpath.ri.model.dom.DOMAttributeIterator;org.apache.commons.jxpath.ri.model.jdom.JDOMAttributeIterator,,1,60,LINE:BRANCH:EXCEPTION,default,offline,True,,17,102.8,0.9,3.9,123.9,SUCCESS,SUCCESS,48.18,37.21,55.5,50.0,17,0,17,0,,False,False,,,EvoSuite/Result_Round1/JxPath_17/budget60_seed1,EvoSuite/Result_Round1/JxPath_17/budget60_seed1/run.log
JxPath,17,SBST,EvoSuite,1.2.0,org.apache.commons.jxpath.ri.model.dom.DOMAttributeIterator;org.apache.commons.jxpath.ri.model.jdom.JDOMAttributeIterator,,1,120,LINE:BRANCH:EXCEPTION,default,offline,True,,14,263.5,0.9,4.0,274.9,SUCCESS,SUCCESS,47.27,33.72,54.5,45.5,14,0,14,0,,False,False,,,EvoSuite/Result_Round2/JxPath_17/budget120_seed1,EvoSuite/Result_Round2/JxPath_17/budget120_seed1/run.log
JxPath,18,SBST,EvoSuite,1.2.0,org.apache.commons.jxpath.ri.axes.AttributeContext,,1,60,LINE:BRANCH:EXCEPTION,default,offline,True,,8,41.6,0.9,3.7,62.8,SUCCESS,SUCCESS,100.0,100.0,100.0,100.0,8,0,8,1,test4(org.apache.commons.jxpath.ri.axes.AttributeContext_ESTest),True,False,,,EvoSuite/Result_Round1/JxPath_18/budget60_seed1,EvoSuite/Result_Round1/JxPath_18/budget60_seed1/run.log
JxPath,18,SBST,EvoSuite,1.2.0,org.apache.commons.jxpath.ri.axes.AttributeContext,,1,120,LINE:BRANCH:EXCEPTION,default,offline,True,,9,20.3,0.9,4.0,32.0,SUCCESS,SUCCESS,100.0,100.0,100.0,100.0,9,0,9,2,test6(org.apache.commons.jxpath.ri.axes.AttributeContext_ESTest);test0(org.apache.commons.jxpath.ri.axes.AttributeContext_ESTest),True,False,,,EvoSuite/Result_Round2/JxPath_18/budget120_seed1,EvoSuite/Result_Round2/JxPath_18/budget120_seed1/run.log
JxPath,19,SBST,EvoSuite,1.2.0,org.apache.commons.jxpath.ri.model.dom.DOMNodePointer;org.apache.commons.jxpath.ri.model.jdom.JDOMNodePointer,,1,60,LINE:BRANCH:EXCEPTION,default,offline,True,,94,180.5,1.1,4.7,202.8,SUCCESS,RUNTIME_FAIL,30.93,23.56,35.5,31.0,94,7,94,7,test46(org.apache.commons.jxpath.ri.model.dom.DOMNodePointer_ESTest);test43(org.apache.commons.jxpath.ri.model.dom.DOMNodePointer_ESTest);test08(org.apache.commons.jxpath.ri.model.dom.DOMNodePointer_ESTest);test11(org.apache.commons.jxpath.ri.model.dom.DOMNodePointer_ESTest);test10(org.apache.commons.jxpath.ri.model.dom.DOMNodePointer_ESTest),False,False,,,EvoSuite/Result_Round1/JxPath_19/budget60_seed1,EvoSuite/Result_Round1/JxPath_19/budget60_seed1/run.log
JxPath,19,SBST,EvoSuite,1.2.0,org.apache.commons.jxpath.ri.model.dom.DOMNodePointer;org.apache.commons.jxpath.ri.model.jdom.JDOMNodePointer,,1,120,LINE:BRANCH:EXCEPTION,default,offline,True,,95,288.8,1.1,4.8,311.7,SUCCESS,RUNTIME_FAIL,32.15,23.56,37.5,32.5,94,12,94,12,test08(org.apache.commons.jxpath.ri.model.dom.DOMNodePointer_ESTest);test09(org.apache.commons.jxpath.ri.model.dom.DOMNodePointer_ESTest);test06(org.apache.commons.jxpath.ri.model.dom.DOMNodePointer_ESTest);test16(org.apache.commons.jxpath.ri.model.dom.DOMNodePointer_ESTest);test13(org.apache.commons.jxpath.ri.model.dom.DOMNodePointer_ESTest),False,False,,,EvoSuite/Result_Round2/JxPath_19/budget120_seed1,EvoSuite/Result_Round2/JxPath_19/budget120_seed1/run.log
JxPath,20,SBST,EvoSuite,1.2.0,org.apache.commons.jxpath.ri.compiler.CoreOperationRelationalExpression,,1,60,LINE:BRANCH:EXCEPTION,default,offline,True,,11,72.5,0.8,3.3,93.2,SUCCESS,SUCCESS,73.47,70.0,73.0,72.0,11,0,11,0,,False,False,,,EvoSuite/Result_Round1/JxPath_20/budget60_seed1,EvoSuite/Result_Round1/JxPath_20/budget60_seed1/run.log
JxPath,20,SBST,EvoSuite,1.2.0,org.apache.commons.jxpath.ri.compiler.CoreOperationRelationalExpression,,1,120,LINE:BRANCH:EXCEPTION,default,offline,True,,12,137.9,1.0,3.9,149.6,SUCCESS,SUCCESS,73.47,70.0,73.0,72.0,11,0,11,0,,False,False,,,EvoSuite/Result_Round2/JxPath_20/budget120_seed1,EvoSuite/Result_Round2/JxPath_20/budget120_seed1/run.log
JxPath,21,SBST,EvoSuite,1.2.0,org.apache.commons.jxpath.ri.model.beans.PropertyPointer,,1,60,LINE:BRANCH:EXCEPTION,default,offline,True,,35,80.0,1.1,3.0,101.8,SUCCESS,SUCCESS,66.2,51.85,71.0,55.0,35,0,35,0,,False,False,,,EvoSuite/Result_Round1/JxPath_21/budget60_seed1,EvoSuite/Result_Round1/JxPath_21/budget60_seed1/run.log
JxPath,21,SBST,EvoSuite,1.2.0,org.apache.commons.jxpath.ri.model.beans.PropertyPointer,,1,120,LINE:BRANCH:EXCEPTION,default,offline,True,,45,142.9,1.1,3.0,154.4,SUCCESS,SUCCESS,67.61,64.81,73.0,67.0,45,0,45,0,,False,False,,,EvoSuite/Result_Round2/JxPath_21/budget120_seed1,EvoSuite/Result_Round2/JxPath_21/budget120_seed1/run.log
JxPath,22,SBST,EvoSuite,1.2.0,org.apache.commons.jxpath.ri.model.dom.DOMNodePointer,,1,60,LINE:BRANCH:EXCEPTION,default,offline,True,,53,93.5,1.0,3.7,116.1,SUCCESS,SUCCESS,33.62,25.72,38.0,33.0,53,0,53,0,,False,False,,,EvoSuite/Result_Round1/JxPath_22/budget60_seed1,EvoSuite/Result_Round1/JxPath_22/budget60_seed1/run.log
JxPath,22,SBST,EvoSuite,1.2.0,org.apache.commons.jxpath.ri.model.dom.DOMNodePointer,,1,120,LINE:BRANCH:EXCEPTION,default,offline,True,,53,155.5,1.1,3.8,167.3,SUCCESS,SUCCESS,38.42,30.43,42.0,37.0,53,0,53,0,,False,False,,,EvoSuite/Result_Round2/JxPath_22/budget120_seed1,EvoSuite/Result_Round2/JxPath_22/budget120_seed1/run.log
Math,2,SBST,EvoSuite,1.2.0,org.apache.commons.math3.distribution.HypergeometricDistribution,,1,120,LINE:BRANCH:EXCEPTION,default,offline,True,,16,23.6,0.7,1.9,38.3,SUCCESS,SUCCESS,98.65,96.15,99.0,100.0,16,0,16,0,,False,False,,,EvoSuite/Result_Round2/Math_2/budget120_seed1,EvoSuite/Result_Round2/Math_2/budget120_seed1/run.log
Math,3,SBST,EvoSuite,1.2.0,org.apache.commons.math3.util.MathArrays,,1,60,LINE:BRANCH:EXCEPTION,default,offline,True,,133,113.2,0.9,2.9,159.7,SUCCESS,SUCCESS,99.03,98.74,99.0,99.0,131,0,131,1,test083(org.apache.commons.math3.util.MathArrays_ESTest),True,False,,,EvoSuite/Result_Round1/Math_3/budget60_seed1,EvoSuite/Result_Round1/Math_3/budget60_seed1/run.log
Math,3,SBST,EvoSuite,1.2.0,org.apache.commons.math3.util.MathArrays,,1,120,LINE:BRANCH:EXCEPTION,default,offline,True,,140,169.6,1.4,2.9,215.1,SUCCESS,SUCCESS,98.07,98.32,99.0,99.0,138,0,138,1,test087(org.apache.commons.math3.util.MathArrays_ESTest),True,False,,,EvoSuite/Result_Round2/Math_3/budget120_seed1,EvoSuite/Result_Round2/Math_3/budget120_seed1/run.log
Math,4,SBST,EvoSuite,1.2.0,org.apache.commons.math3.geometry.euclidean.threed.SubLine;org.apache.commons.math3.geometry.euclidean.twod.SubLine,,1,60,LINE:BRANCH:EXCEPTION,default,offline,True,,43,54.6,1.0,3.1,184.7,SUCCESS,SUCCESS,100.0,100.0,97.0,100.0,43,0,43,2,test11(org.apache.commons.math3.geometry.euclidean.threed.SubLine_ESTest);test22(org.apache.commons.math3.geometry.euclidean.twod.SubLine_ESTest),True,False,,,EvoSuite/Result_Round1/Math_4/budget60_seed1,EvoSuite/Result_Round1/Math_4/budget60_seed1/run.log
Math,4,SBST,EvoSuite,1.2.0,org.apache.commons.math3.geometry.euclidean.threed.SubLine;org.apache.commons.math3.geometry.euclidean.twod.SubLine,,1,120,LINE:BRANCH:EXCEPTION,default,offline,True,,43,40.3,1.0,3.0,57.1,SUCCESS,SUCCESS,100.0,100.0,97.0,100.0,43,0,43,2,test11(org.apache.commons.math3.geometry.euclidean.threed.SubLine_ESTest);test22(org.apache.commons.math3.geometry.euclidean.twod.SubLine_ESTest),True,False,,,EvoSuite/Result_Round2/Math_4/budget120_seed1,EvoSuite/Result_Round2/Math_4/budget120_seed1/run.log
Math,5,SBST,EvoSuite,1.2.0,org.apache.commons.math3.complex.Complex,,1,60,LINE:BRANCH:EXCEPTION,default,offline,True,,82,137.4,1.0,2.4,190.0,SUCCESS,SUCCESS,97.33,95.29,97.0,96.0,82,0,82,1,test55(org.apache.commons.math3.complex.Complex_ESTest),True,False,,,EvoSuite/Result_Round1/Math_5/budget60_seed1,EvoSuite/Result_Round1/Math_5/budget60_seed1/run.log
Math,5,SBST,EvoSuite,1.2.0,org.apache.commons.math3.complex.Complex,,1,120,LINE:BRANCH:EXCEPTION,default,offline,True,,79,180.2,0.7,1.9,195.1,SUCCESS,SUCCESS,98.67,96.47,99.0,97.0,79,0,79,1,test51(org.apache.commons.math3.complex.Complex_ESTest),True,False,,,EvoSuite/Result_Round2/Math_5/budget120_seed1,EvoSuite/Result_Round2/Math_5/budget120_seed1/run.log
Math,6,SBST,EvoSuite,1.2.0,org.apache.commons.math3.optim.BaseOptimizer;org.apache.commons.math3.optim.nonlinear.scalar.gradient.NonLinearConjugateGradientOptimizer;org.apache.commons.math3.optim.nonlinear.scalar.noderiv.CMAESOptimizer;org.apache.commons.math3.optim.nonlinear.scalar.noderiv.PowellOptimizer;org.apache.commons.math3.optim.nonlinear.scalar.noderiv.SimplexOptimizer;org.apache.commons.math3.optim.nonlinear.vector.jacobian.GaussNewtonOptimizer;org.apache.commons.math3.optim.nonlinear.vector.jacobian.LevenbergMarquardtOptimizer,,1,60,LINE:BRANCH:EXCEPTION,default,offline,True,,60,486.8,1.1,4.3,535.9,SUCCESS,SUCCESS,16.08,9.14,35.4,33.1,60,0,60,1,test4(org.apache.commons.math3.optim.BaseOptimizer_ESTest),True,False,,,EvoSuite/Result_Round1/Math_6/budget60_seed1,EvoSuite/Result_Round1/Math_6/budget60_seed1/run.log
Math,6,SBST,EvoSuite,1.2.0,org.apache.commons.math3.optim.BaseOptimizer;org.apache.commons.math3.optim.nonlinear.scalar.gradient.NonLinearConjugateGradientOptimizer;org.apache.commons.math3.optim.nonlinear.scalar.noderiv.CMAESOptimizer;org.apache.commons.math3.optim.nonlinear.scalar.noderiv.PowellOptimizer;org.apache.commons.math3.optim.nonlinear.scalar.noderiv.SimplexOptimizer;org.apache.commons.math3.optim.nonlinear.vector.jacobian.GaussNewtonOptimizer;org.apache.commons.math3.optim.nonlinear.vector.jacobian.LevenbergMarquardtOptimizer,,1,120,LINE:BRANCH:EXCEPTION,default,offline,True,,61,905.0,1.1,4.5,921.9,SUCCESS,SUCCESS,16.17,9.32,35.4,33.1,61,0,61,1,test4(org.apache.commons.math3.optim.BaseOptimizer_ESTest),True,False,,,EvoSuite/Result_Round2/Math_6/budget120_seed1,EvoSuite/Result_Round2/Math_6/budget120_seed1/run.log
Math,7,SBST,EvoSuite,1.2.0,org.apache.commons.math3.ode.AbstractIntegrator,,1,60,LINE:BRANCH:EXCEPTION,default,offline,True,,19,83.4,0.8,3.5,137.5,SUCCESS,SUCCESS,70.87,55.17,70.0,63.0,19,0,19,0,,False,False,,,EvoSuite/Result_Round1/Math_7/budget60_seed1,EvoSuite/Result_Round1/Math_7/budget60_seed1/run.log
Math,7,SBST,EvoSuite,1.2.0,org.apache.commons.math3.ode.AbstractIntegrator,,1,120,LINE:BRANCH:EXCEPTION,default,offline,True,,22,144.9,0.9,3.9,161.2,SUCCESS,SUCCESS,84.25,70.69,84.0,77.0,22,0,22,1,test11(org.apache.commons.math3.ode.AbstractIntegrator_ESTest),True,False,,,EvoSuite/Result_Round2/Math_7/budget120_seed1,EvoSuite/Result_Round2/Math_7/budget120_seed1/run.log
Math,8,SBST,EvoSuite,1.2.0,org.apache.commons.math3.distribution.DiscreteDistribution,,1,60,LINE:BRANCH:EXCEPTION,default,offline,True,,20,64.1,1.0,2.1,115.8,SUCCESS,SUCCESS,100.0,100.0,98.0,100.0,20,0,20,0,,False,False,,,EvoSuite/Result_Round1/Math_8/budget60_seed1,EvoSuite/Result_Round1/Math_8/budget60_seed1/run.log
Math,8,SBST,EvoSuite,1.2.0,org.apache.commons.math3.distribution.DiscreteDistribution,,1,120,LINE:BRANCH:EXCEPTION,default,offline,True,,20,71.5,0.9,2.2,86.6,SUCCESS,SUCCESS,100.0,100.0,98.0,100.0,20,0,20,0,,False,False,,,EvoSuite/Result_Round2/Math_8/budget120_seed1,EvoSuite/Result_Round2/Math_8/budget120_seed1/run.log
Math,9,SBST,EvoSuite,1.2.0,org.apache.commons.math3.geometry.euclidean.threed.Line,,1,60,LINE:BRANCH:EXCEPTION,default,offline,True,,26,37.2,1.1,2.1,86.0,SUCCESS,SUCCESS,95.65,100.0,100.0,100.0,26,0,26,0,,False,False,,,EvoSuite/Result_Round1/Math_9/budget60_seed1,EvoSuite/Result_Round1/Math_9/budget60_seed1/run.log
Math,9,SBST,EvoSuite,1.2.0,org.apache.commons.math3.geometry.euclidean.threed.Line,,1,120,LINE:BRANCH:EXCEPTION,default,offline,True,,26,34.8,0.7,1.9,49.0,SUCCESS,SUCCESS,95.65,100.0,100.0,100.0,26,0,26,0,,False,False,,,EvoSuite/Result_Round2/Math_9/budget120_seed1,EvoSuite/Result_Round2/Math_9/budget120_seed1/run.log
Math,10,SBST,EvoSuite,1.2.0,org.apache.commons.math3.analysis.differentiation.DSCompiler,,1,60,LINE:BRANCH:EXCEPTION,default,offline,True,,78,146.7,0.9,5.1,199.4,SUCCESS,SUCCESS,71.66,66.78,73.0,65.0,77,0,77,0,,False,False,,,EvoSuite/Result_Round1/Math_10/budget60_seed1,EvoSuite/Result_Round1/Math_10/budget60_seed1/run.log
Math,10,SBST,EvoSuite,1.2.0,org.apache.commons.math3.analysis.differentiation.DSCompiler,,1,120,LINE:BRANCH:EXCEPTION,default,offline,True,,95,223.8,1.0,4.6,244.2,SUCCESS,SUCCESS,90.25,87.06,90.0,83.0,95,0,95,0,,False,False,,,EvoSuite/Result_Round2/Math_10/budget120_seed1,EvoSuite/Result_Round2/Math_10/budget120_seed1/run.log
Math,11,SBST,EvoSuite,1.2.0,org.apache.commons.math3.distribution.MultivariateNormalDistribution,,1,60,LINE:BRANCH:EXCEPTION,default,offline,True,,17,27.9,0.8,2.6,77.5,SUCCESS,SUCCESS,100.0,100.0,98.0,100.0,17,0,17,0,,False,False,,,EvoSuite/Result_Round1/Math_11/budget60_seed1,EvoSuite/Result_Round1/Math_11/budget60_seed1/run.log
Math,11,SBST,EvoSuite,1.2.0,org.apache.commons.math3.distribution.MultivariateNormalDistribution,,1,120,LINE:BRANCH:EXCEPTION,default,offline,True,,17,30.1,0.8,2.6,44.6,SUCCESS,SUCCESS,100.0,100.0,98.0,100.0,17,0,17,0,,False,False,,,EvoSuite/Result_Round2/Math_11/budget120_seed1,EvoSuite/Result_Round2/Math_11/budget120_seed1/run.log
Math,12,SBST,EvoSuite,1.2.0,org.apache.commons.math3.random.BitsStreamGenerator,,1,60,LINE:BRANCH:EXCEPTION,default,offline,True,,15,15.4,0.7,1.8,64.1,SUCCESS,SUCCESS,95.83,100.0,100.0,100.0,15,0,15,0,,False,False,,,EvoSuite/Result_Round1/Math_12/budget60_seed1,EvoSuite/Result_Round1/Math_12/budget60_seed1/run.log
Math,12,SBST,EvoSuite,1.2.0,org.apache.commons.math3.random.BitsStreamGenerator,,1,120,LINE:BRANCH:EXCEPTION,default,offline,True,,15,15.8,0.7,1.9,29.8,SUCCESS,SUCCESS,95.83,100.0,100.0,100.0,15,0,15,0,,False,False,,,EvoSuite/Result_Round2/Math_12/budget120_seed1,EvoSuite/Result_Round2/Math_12/budget120_seed1/run.log
Math,13,SBST,EvoSuite,1.2.0,org.apache.commons.math3.optimization.general.AbstractLeastSquaresOptimizer,,1,60,LINE:BRANCH:EXCEPTION,default,offline,True,,17,70.7,0.8,2.1,118.3,SUCCESS,SUCCESS,23.26,13.64,37.0,44.0,17,0,17,0,,False,False,,,EvoSuite/Result_Round1/Math_13/budget60_seed1,EvoSuite/Result_Round1/Math_13/budget60_seed1/run.log
Math,13,SBST,EvoSuite,1.2.0,org.apache.commons.math3.optimization.general.AbstractLeastSquaresOptimizer,,1,120,LINE:BRANCH:EXCEPTION,default,offline,True,,17,130.8,0.8,2.2,145.4,SUCCESS,SUCCESS,23.26,13.64,37.0,44.0,17,0,17,0,,False,False,,,EvoSuite/Result_Round2/Math_13/budget120_seed1,EvoSuite/Result_Round2/Math_13/budget120_seed1/run.log
Math,14,SBST,EvoSuite,1.2.0,org.apache.commons.math3.optim.nonlinear.vector.jacobian.AbstractLeastSquaresOptimizer;org.apache.commons.math3.optim.nonlinear.vector.Weight,,1,60,LINE:BRANCH:EXCEPTION,default,offline,True,,19,82.3,0.9,3.8,136.2,SUCCESS,SUCCESS,59.26,62.5,85.0,87.0,19,0,19,3,test00(org.apache.commons.math3.optim.nonlinear.vector.jacobian.AbstractLeastSquaresOptimizer_ESTest);test06(org.apache.commons.math3.optim.nonlinear.vector.jacobian.AbstractLeastSquaresOptimizer_ESTest);test4(org.apache.commons.math3.optim.nonlinear.vector.Weight_ESTest),True,False,,,EvoSuite/Result_Round1/Math_14/budget60_seed1,EvoSuite/Result_Round1/Math_14/budget60_seed1/run.log
Math,14,SBST,EvoSuite,1.2.0,org.apache.commons.math3.optim.nonlinear.vector.jacobian.AbstractLeastSquaresOptimizer;org.apache.commons.math3.optim.nonlinear.vector.Weight,,1,120,LINE:BRANCH:EXCEPTION,default,offline,True,,19,139.2,0.8,3.0,155.1,SUCCESS,SUCCESS,59.26,62.5,85.0,87.0,19,0,19,3,test05(org.apache.commons.math3.optim.nonlinear.vector.jacobian.AbstractLeastSquaresOptimizer_ESTest);test00(org.apache.commons.math3.optim.nonlinear.vector.jacobian.AbstractLeastSquaresOptimizer_ESTest);test4(org.apache.commons.math3.optim.nonlinear.vector.Weight_ESTest),True,False,,,EvoSuite/Result_Round2/Math_14/budget120_seed1,EvoSuite/Result_Round2/Math_14/budget120_seed1/run.log
Math,15,SBST,EvoSuite,1.2.0,org.apache.commons.math3.util.FastMath,,1,60,LINE:BRANCH:EXCEPTION,default,offline,True,,256,132.9,1.1,3.7,179.0,SUCCESS,SUCCESS,92.54,87.31,92.0,88.0,256,0,256,0,,False,False,,,EvoSuite/Result_Round1/Math_15/budget60_seed1,EvoSuite/Result_Round1/Math_15/budget60_seed1/run.log
Math,15,SBST,EvoSuite,1.2.0,org.apache.commons.math3.util.FastMath,,1,120,LINE:BRANCH:EXCEPTION,default,offline,True,,265,192.3,1.0,3.2,209.1,SUCCESS,SUCCESS,94.73,89.32,95.0,90.0,265,0,265,0,,False,False,,,EvoSuite/Result_Round2/Math_15/budget120_seed1,EvoSuite/Result_Round2/Math_15/budget120_seed1/run.log
Math,16,SBST,EvoSuite,1.2.0,org.apache.commons.math3.util.FastMath,,1,60,LINE:BRANCH:EXCEPTION,default,offline,True,,249,128.5,1.0,3.3,174.5,SUCCESS,SUCCESS,93.22,85.55,93.0,86.0,249,0,249,0,,False,False,,,EvoSuite/Result_Round1/Math_16/budget60_seed1,EvoSuite/Result_Round1/Math_16/budget60_seed1/run.log
Math,16,SBST,EvoSuite,1.2.0,org.apache.commons.math3.util.FastMath,,1,120,LINE:BRANCH:EXCEPTION,default,offline,True,,261,193.8,1.0,3.3,209.5,SUCCESS,SUCCESS,95.0,87.81,95.0,88.0,261,0,261,0,,False,False,,,EvoSuite/Result_Round2/Math_16/budget120_seed1,EvoSuite/Result_Round2/Math_16/budget120_seed1/run.log
Math,17,SBST,EvoSuite,1.2.0,org.apache.commons.math3.dfp.Dfp,,1,60,LINE:BRANCH:EXCEPTION,default,offline,True,,10,77.6,0.7,1.4,121.3,SUCCESS,SUCCESS,25.07,19.95,26.0,21.0,10,0,10,0,,False,False,,,EvoSuite/Result_Round1/Math_17/budget60_seed1,EvoSuite/Result_Round1/Math_17/budget60_seed1/run.log
Math,17,SBST,EvoSuite,1.2.0,org.apache.commons.math3.dfp.Dfp,,1,120,LINE:BRANCH:EXCEPTION,default,offline,True,,10,138.2,0.8,1.6,151.4,SUCCESS,SUCCESS,25.07,19.95,26.0,21.0,10,0,10,0,,False,False,,,EvoSuite/Result_Round2/Math_17/budget120_seed1,EvoSuite/Result_Round2/Math_17/budget120_seed1/run.log
Math,18,SBST,EvoSuite,1.2.0,org.apache.commons.math3.optimization.direct.CMAESOptimizer,,1,60,LINE:BRANCH:EXCEPTION,default,offline,True,,21,88.1,0.7,2.5,130.2,SUCCESS,SUCCESS,90.07,85.04,88.0,82.0,21,0,21,0,,False,False,,,EvoSuite/Result_Round1/Math_18/budget60_seed1,EvoSuite/Result_Round1/Math_18/budget60_seed1/run.log
Math,18,SBST,EvoSuite,1.2.0,org.apache.commons.math3.optimization.direct.CMAESOptimizer,,1,120,LINE:BRANCH:EXCEPTION,default,offline,True,,23,148.0,0.7,2.4,160.5,SUCCESS,SUCCESS,88.04,82.48,87.0,81.0,23,0,23,0,,False,False,,,EvoSuite/Result_Round2/Math_18/budget120_seed1,EvoSuite/Result_Round2/Math_18/budget120_seed1/run.log
Math,19,SBST,EvoSuite,1.2.0,org.apache.commons.math3.optimization.direct.CMAESOptimizer,,1,60,LINE:BRANCH:EXCEPTION,default,offline,True,,20,84.5,0.7,2.2,123.3,SUCCESS,SUCCESS,87.36,80.77,86.0,78.0,18,0,18,0,,False,False,,,EvoSuite/Result_Round1/Math_19/budget60_seed1,EvoSuite/Result_Round1/Math_19/budget60_seed1/run.log
Math,19,SBST,EvoSuite,1.2.0,org.apache.commons.math3.optimization.direct.CMAESOptimizer,,1,120,LINE:BRANCH:EXCEPTION,default,offline,True,,20,145.9,0.8,2.3,158.1,SUCCESS,SUCCESS,89.39,84.19,87.0,81.0,18,0,18,0,,False,False,,,EvoSuite/Result_Round2/Math_19/budget120_seed1,EvoSuite/Result_Round2/Math_19/budget120_seed1/run.log
Math,20,SBST,EvoSuite,1.2.0,org.apache.commons.math3.optimization.direct.CMAESOptimizer,,1,60,LINE:BRANCH:EXCEPTION,default,offline,True,,22,95.6,0.7,2.7,134.9,SUCCESS,SUCCESS,93.32,87.83,91.0,83.0,22,0,22,0,,False,False,,,EvoSuite/Result_Round1/Math_20/budget60_seed1,EvoSuite/Result_Round1/Math_20/budget60_seed1/run.log
Math,20,SBST,EvoSuite,1.2.0,org.apache.commons.math3.optimization.direct.CMAESOptimizer,,1,120,LINE:BRANCH:EXCEPTION,default,offline,True,,20,146.8,0.6,2.3,159.0,SUCCESS,SUCCESS,93.32,89.13,91.0,85.0,20,0,20,0,,False,False,,,EvoSuite/Result_Round2/Math_20/budget120_seed1,EvoSuite/Result_Round2/Math_20/budget120_seed1/run.log
Math,21,SBST,EvoSuite,1.2.0,org.apache.commons.math3.linear.RectangularCholeskyDecomposition,,1,60,LINE:BRANCH:EXCEPTION,default,offline,True,,9,13.6,0.6,1.9,50.8,SUCCESS,SUCCESS,100.0,100.0,100.0,100.0,9,0,9,1,test5(org.apache.commons.math3.linear.RectangularCholeskyDecomposition_ESTest),True,False,,,EvoSuite/Result_Round1/Math_21/budget60_seed1,EvoSuite/Result_Round1/Math_21/budget60_seed1/run.log
Math,21,SBST,EvoSuite,1.2.0,org.apache.commons.math3.linear.RectangularCholeskyDecomposition,,1,120,LINE:BRANCH:EXCEPTION,default,offline,True,,9,13.6,0.6,1.9,25.4,SUCCESS,SUCCESS,100.0,100.0,100.0,100.0,9,0,9,1,test5(org.apache.commons.math3.linear.RectangularCholeskyDecomposition_ESTest),True,False,,,EvoSuite/Result_Round2/Math_21/budget120_seed1,EvoSuite/Result_Round2/Math_21/budget120_seed1/run.log
Math,22,SBST,EvoSuite,1.2.0,org.apache.commons.math3.distribution.FDistribution;org.apache.commons.math3.distribution.UniformRealDistribution,,1,60,LINE:BRANCH:EXCEPTION,default,offline,True,,21,19.5,0.7,2.0,57.6,SUCCESS,SUCCESS,100.0,100.0,97.5,100.0,21,0,21,2,test6(org.apache.commons.math3.distribution.FDistribution_ESTest);test09(org.apache.commons.math3.distribution.UniformRealDistribution_ESTest),True,False,,,EvoSuite/Result_Round1/Math_22/budget60_seed1,EvoSuite/Result_Round1/Math_22/budget60_seed1/run.log
Math,22,SBST,EvoSuite,1.2.0,org.apache.commons.math3.distribution.FDistribution;org.apache.commons.math3.distribution.UniformRealDistribution,,1,120,LINE:BRANCH:EXCEPTION,default,offline,True,,21,18.2,0.7,2.1,29.8,SUCCESS,SUCCESS,100.0,100.0,97.5,100.0,21,0,21,2,test6(org.apache.commons.math3.distribution.FDistribution_ESTest);test09(org.apache.commons.math3.distribution.UniformRealDistribution_ESTest),True,False,,,EvoSuite/Result_Round2/Math_22/budget120_seed1,EvoSuite/Result_Round2/Math_22/budget120_seed1/run.log
Math,23,SBST,EvoSuite,1.2.0,org.apache.commons.math3.optimization.univariate.BrentOptimizer,,1,60,LINE:BRANCH:EXCEPTION,default,offline,True,,10,71.7,0.7,1.5,109.1,SUCCESS,SUCCESS,97.58,91.89,98.0,92.0,10,0,10,1,test8(org.apache.commons.math3.optimization.univariate.BrentOptimizer_ESTest),True,False,,,EvoSuite/Result_Round1/Math_23/budget60_seed1,EvoSuite/Result_Round1/Math_23/budget60_seed1/run.log
Math,23,SBST,EvoSuite,1.2.0,org.apache.commons.math3.optimization.univariate.BrentOptimizer,,1,120,LINE:BRANCH:EXCEPTION,default,offline,True,,10,134.1,0.6,1.5,145.4,SUCCESS,SUCCESS,97.58,91.89,98.0,92.0,10,0,10,1,test8(org.apache.commons.math3.optimization.univariate.BrentOptimizer_ESTest),True,False,,,EvoSuite/Result_Round2/Math_23/budget120_seed1,EvoSuite/Result_Round2/Math_23/budget120_seed1/run.log
Math,24,SBST,EvoSuite,1.2.0,org.apache.commons.math3.optimization.univariate.BrentOptimizer,,1,60,LINE:BRANCH:EXCEPTION,default,offline,True,,15,85.0,0.6,1.6,124.2,SUCCESS,SUCCESS,97.5,93.24,97.0,93.0,15,0,15,2,test03(org.apache.commons.math3.optimization.univariate.BrentOptimizer_ESTest);test06(org.apache.commons.math3.optimization.univariate.BrentOptimizer_ESTest),True,False,,,EvoSuite/Result_Round1/Math_24/budget60_seed1,EvoSuite/Result_Round1/Math_24/budget60_seed1/run.log
Math,24,SBST,EvoSuite,1.2.0,org.apache.commons.math3.optimization.univariate.BrentOptimizer,,1,120,LINE:BRANCH:EXCEPTION,default,offline,True,,12,131.1,0.7,2.4,143.9,SUCCESS,SUCCESS,97.5,94.59,97.0,95.0,12,0,12,1,test03(org.apache.commons.math3.optimization.univariate.BrentOptimizer_ESTest),True,False,,,EvoSuite/Result_Round2/Math_24/budget120_seed1,EvoSuite/Result_Round2/Math_24/budget120_seed1/run.log
Math,25,SBST,EvoSuite,1.2.0,org.apache.commons.math3.optimization.fitting.HarmonicFitter,,1,60,LINE:BRANCH:EXCEPTION,default,offline,True,,8,80.3,0.7,3.0,117.8,SUCCESS,SUCCESS,50.0,,99.0,97.0,8,0,8,1,test3(org.apache.commons.math3.optimization.fitting.HarmonicFitter_ESTest),True,False,,,EvoSuite/Result_Round1/Math_25/budget60_seed1,EvoSuite/Result_Round1/Math_25/budget60_seed1/run.log
Math,25,SBST,EvoSuite,1.2.0,org.apache.commons.math3.optimization.fitting.HarmonicFitter,,1,120,LINE:BRANCH:EXCEPTION,default,offline,True,,8,141.2,0.8,3.3,155.3,SUCCESS,SUCCESS,50.0,,99.0,97.0,8,0,8,1,test3(org.apache.commons.math3.optimization.fitting.HarmonicFitter_ESTest),True,False,,,EvoSuite/Result_Round2/Math_25/budget120_seed1,EvoSuite/Result_Round2/Math_25/budget120_seed1/run.log
Math,26,SBST,EvoSuite,1.2.0,org.apache.commons.math3.fraction.Fraction,,1,60,LINE:BRANCH:EXCEPTION,default,offline,True,,53,75.7,0.6,1.5,115.6,SUCCESS,SUCCESS,97.8,97.87,98.0,98.0,53,0,53,1,test04(org.apache.commons.math3.fraction.Fraction_ESTest),True,False,,,EvoSuite/Result_Round1/Math_26/budget60_seed1,EvoSuite/Result_Round1/Math_26/budget60_seed1/run.log
Math,26,SBST,EvoSuite,1.2.0,org.apache.commons.math3.fraction.Fraction,,1,120,LINE:BRANCH:EXCEPTION,default,offline,True,,53,137.3,0.8,1.7,148.6,SUCCESS,SUCCESS,96.7,95.74,98.0,97.0,53,0,53,1,test05(org.apache.commons.math3.fraction.Fraction_ESTest),True,False,,,EvoSuite/Result_Round2/Math_26/budget120_seed1,EvoSuite/Result_Round2/Math_26/budget120_seed1/run.log
Math,27,SBST,EvoSuite,1.2.0,org.apache.commons.math3.fraction.Fraction,,1,60,LINE:BRANCH:EXCEPTION,default,offline,True,,55,77.2,0.7,1.6,113.8,SUCCESS,SUCCESS,97.8,96.81,98.0,97.0,55,0,55,0,,False,False,,,EvoSuite/Result_Round1/Math_27/budget60_seed1,EvoSuite/Result_Round1/Math_27/budget60_seed1/run.log
Math,27,SBST,EvoSuite,1.2.0,org.apache.commons.math3.fraction.Fraction,,1,120,LINE:BRANCH:EXCEPTION,default,offline,True,,52,136.8,0.7,1.5,148.5,SUCCESS,SUCCESS,97.8,96.81,98.0,97.0,52,0,52,0,,False,False,,,EvoSuite/Result_Round2/Math_27/budget120_seed1,EvoSuite/Result_Round2/Math_27/budget120_seed1/run.log
Math,28,SBST,EvoSuite,1.2.0,org.apache.commons.math3.optimization.linear.SimplexSolver,,1,60,LINE:BRANCH:EXCEPTION,default,offline,True,,11,48.5,0.8,2.9,86.0,SUCCESS,SUCCESS,98.77,100.0,100.0,100.0,11,0,11,0,,False,False,,,EvoSuite/Result_Round1/Math_28/budget60_seed1,EvoSuite/Result_Round1/Math_28/budget60_seed1/run.log
Math,28,SBST,EvoSuite,1.2.0,org.apache.commons.math3.optimization.linear.SimplexSolver,,1,120,LINE:BRANCH:EXCEPTION,default,offline,True,,12,76.0,0.7,2.8,88.4,SUCCESS,SUCCESS,98.77,98.08,100.0,100.0,12,0,12,0,,False,False,,,EvoSuite/Result_Round2/Math_28/budget120_seed1,EvoSuite/Result_Round2/Math_28/budget120_seed1/run.log
Math,29,SBST,EvoSuite,1.2.0,org.apache.commons.math3.linear.OpenMapRealVector,,1,60,LINE:BRANCH:EXCEPTION,default,offline,True,,101,91.9,0.7,2.6,131.3,SUCCESS,SUCCESS,99.36,98.61,100.0,100.0,99,0,99,4,test69(org.apache.commons.math3.linear.OpenMapRealVector_ESTest);test57(org.apache.commons.math3.linear.OpenMapRealVector_ESTest);test34(org.apache.commons.math3.linear.OpenMapRealVector_ESTest);test97(org.apache.commons.math3.linear.OpenMapRealVector_ESTest),True,False,,,EvoSuite/Result_Round1/Math_29/budget60_seed1,EvoSuite/Result_Round1/Math_29/budget60_seed1/run.log
Math,29,SBST,EvoSuite,1.2.0,org.apache.commons.math3.linear.OpenMapRealVector,,1,120,LINE:BRANCH:EXCEPTION,default,offline,True,,107,173.4,0.8,3.2,186.5,SUCCESS,SUCCESS,98.72,97.92,100.0,100.0,104,0,104,5,test089(org.apache.commons.math3.linear.OpenMapRealVector_ESTest);test065(org.apache.commons.math3.linear.OpenMapRealVector_ESTest);test077(org.apache.commons.math3.linear.OpenMapRealVector_ESTest);test102(org.apache.commons.math3.linear.OpenMapRealVector_ESTest);test040(org.apache.commons.math3.linear.OpenMapRealVector_ESTest),True,False,,,EvoSuite/Result_Round2/Math_29/budget120_seed1,EvoSuite/Result_Round2/Math_29/budget120_seed1/run.log
Math,30,SBST,EvoSuite,1.2.0,org.apache.commons.math3.stat.inference.MannWhitneyUTest,,1,60,LINE:BRANCH:EXCEPTION,default,offline,True,,5,7.2,0.6,1.6,45.6,SUCCESS,SUCCESS,100.0,100.0,100.0,100.0,5,0,5,0,,False,False,,,EvoSuite/Result_Round1/Math_30/budget60_seed1,EvoSuite/Result_Round1/Math_30/budget60_seed1/run.log
Math,30,SBST,EvoSuite,1.2.0,org.apache.commons.math3.stat.inference.MannWhitneyUTest,,1,120,LINE:BRANCH:EXCEPTION,default,offline,True,,5,7.9,1.0,1.7,19.4,SUCCESS,SUCCESS,100.0,100.0,100.0,100.0,5,0,5,0,,False,False,,,EvoSuite/Result_Round2/Math_30/budget120_seed1,EvoSuite/Result_Round2/Math_30/budget120_seed1/run.log
Math,31,SBST,EvoSuite,1.2.0,org.apache.commons.math3.util.ContinuedFraction,,1,60,LINE:BRANCH:EXCEPTION,default,offline,True,,0,63.8,0.7,0.4,100.8,SUCCESS,SUCCESS,,,0.0,0.0,1,0,1,0,,False,False,JACOCO_NO_DATA,JaCoCo produced no coverage for target class,EvoSuite/Result_Round1/Math_31/budget60_seed1,EvoSuite/Result_Round1/Math_31/budget60_seed1/run.log
Math,31,SBST,EvoSuite,1.2.0,org.apache.commons.math3.util.ContinuedFraction,,1,120,LINE:BRANCH:EXCEPTION,default,offline,True,,0,124.1,0.6,0.4,135.5,SUCCESS,SUCCESS,,,0.0,0.0,1,0,1,0,,False,False,JACOCO_NO_DATA,JaCoCo produced no coverage for target class,EvoSuite/Result_Round2/Math_31/budget120_seed1,EvoSuite/Result_Round2/Math_31/budget120_seed1/run.log
Math,32,SBST,EvoSuite,1.2.0,org.apache.commons.math3.geometry.euclidean.twod.PolygonsSet,,1,60,LINE:BRANCH:EXCEPTION,default,offline,True,,15,72.4,0.8,2.3,115.9,SUCCESS,SUCCESS,92.86,88.71,90.0,83.0,15,0,15,1,test13(org.apache.commons.math3.geometry.euclidean.twod.PolygonsSet_ESTest),True,False,,,EvoSuite/Result_Round1/Math_32/budget60_seed1,EvoSuite/Result_Round1/Math_32/budget60_seed1/run.log
Math,32,SBST,EvoSuite,1.2.0,org.apache.commons.math3.geometry.euclidean.twod.PolygonsSet,,1,120,LINE:BRANCH:EXCEPTION,default,offline,True,,18,132.9,0.8,2.6,147.4,SUCCESS,SUCCESS,97.62,96.77,93.0,88.0,18,0,18,2,test08(org.apache.commons.math3.geometry.euclidean.twod.PolygonsSet_ESTest);test17(org.apache.commons.math3.geometry.euclidean.twod.PolygonsSet_ESTest),True,False,,,EvoSuite/Result_Round2/Math_32/budget120_seed1,EvoSuite/Result_Round2/Math_32/budget120_seed1/run.log
Math,33,SBST,EvoSuite,1.2.0,org.apache.commons.math3.optimization.linear.SimplexTableau,,1,60,LINE:BRANCH:EXCEPTION,default,offline,True,,46,113.8,1.0,2.9,156.8,SUCCESS,SUCCESS,96.76,98.39,97.0,97.0,45,0,45,0,,False,False,,,EvoSuite/Result_Round1/Math_33/budget60_seed1,EvoSuite/Result_Round1/Math_33/budget60_seed1/run.log
Math,33,SBST,EvoSuite,1.2.0,org.apache.commons.math3.optimization.linear.SimplexTableau,,1,120,LINE:BRANCH:EXCEPTION,default,offline,True,,47,176.4,1.0,2.9,191.3,SUCCESS,SUCCESS,96.76,99.19,97.0,98.0,46,0,46,0,,False,False,,,EvoSuite/Result_Round2/Math_33/budget120_seed1,EvoSuite/Result_Round2/Math_33/budget120_seed1/run.log
Math,34,SBST,EvoSuite,1.2.0,org.apache.commons.math3.genetics.ListPopulation,,1,60,LINE:BRANCH:EXCEPTION,default,offline,True,,18,68.7,0.8,1.8,113.9,SUCCESS,SUCCESS,96.0,90.91,96.0,93.0,18,0,18,0,,False,False,,,EvoSuite/Result_Round1/Math_34/budget60_seed1,EvoSuite/Result_Round1/Math_34/budget60_seed1/run.log
Math,34,SBST,EvoSuite,1.2.0,org.apache.commons.math3.genetics.ListPopulation,,1,120,LINE:BRANCH:EXCEPTION,default,offline,True,,18,130.6,0.8,1.7,144.6,SUCCESS,SUCCESS,96.0,90.91,96.0,93.0,18,0,18,0,,False,False,,,EvoSuite/Result_Round2/Math_34/budget120_seed1,EvoSuite/Result_Round2/Math_34/budget120_seed1/run.log
Math,35,SBST,EvoSuite,1.2.0,org.apache.commons.math3.genetics.ElitisticListPopulation,,1,60,LINE:BRANCH:EXCEPTION,default,offline,True,,10,17.4,0.8,1.6,62.2,SUCCESS,SUCCESS,100.0,100.0,100.0,100.0,9,0,9,2,test7(org.apache.commons.math3.genetics.ElitisticListPopulation_ESTest);test4(org.apache.commons.math3.genetics.ElitisticListPopulation_ESTest),True,False,,,EvoSuite/Result_Round1/Math_35/budget60_seed1,EvoSuite/Result_Round1/Math_35/budget60_seed1/run.log
Math,35,SBST,EvoSuite,1.2.0,org.apache.commons.math3.genetics.ElitisticListPopulation,,1,120,LINE:BRANCH:EXCEPTION,default,offline,True,,10,19.9,1.0,2.0,35.2,SUCCESS,SUCCESS,100.0,100.0,100.0,100.0,9,0,9,2,test7(org.apache.commons.math3.genetics.ElitisticListPopulation_ESTest);test4(org.apache.commons.math3.genetics.ElitisticListPopulation_ESTest),True,False,,,EvoSuite/Result_Round2/Math_35/budget120_seed1,EvoSuite/Result_Round2/Math_35/budget120_seed1/run.log
Math,36,SBST,EvoSuite,1.2.0,org.apache.commons.math.fraction.BigFraction,,1,60,LINE:BRANCH:EXCEPTION,default,offline,True,,71,92.1,0.9,2.5,143.6,SUCCESS,SUCCESS,94.56,94.79,96.0,96.0,71,0,71,1,test32(org.apache.commons.math.fraction.BigFraction_ESTest),True,False,,,EvoSuite/Result_Round1/Math_36/budget60_seed1,EvoSuite/Result_Round1/Math_36/budget60_seed1/run.log
Math,36,SBST,EvoSuite,1.2.0,org.apache.commons.math.fraction.BigFraction,,1,120,LINE:BRANCH:EXCEPTION,default,offline,True,,78,154.1,0.9,2.8,169.0,SUCCESS,SUCCESS,95.82,95.83,99.0,98.0,78,0,78,2,test32(org.apache.commons.math.fraction.BigFraction_ESTest);test37(org.apache.commons.math.fraction.BigFraction_ESTest),True,False,,,EvoSuite/Result_Round2/Math_36/budget120_seed1,EvoSuite/Result_Round2/Math_36/budget120_seed1/run.log
Math,37,SBST,EvoSuite,1.2.0,org.apache.commons.math.complex.Complex,,1,60,LINE:BRANCH:EXCEPTION,default,offline,True,,80,137.1,1.0,2.4,180.7,SUCCESS,SUCCESS,98.24,95.88,98.0,96.0,80,0,80,5,test34(org.apache.commons.math.complex.Complex_ESTest);test16(org.apache.commons.math.complex.Complex_ESTest);test14(org.apache.commons.math.complex.Complex_ESTest);test12(org.apache.commons.math.complex.Complex_ESTest);test17(org.apache.commons.math.complex.Complex_ESTest),True,False,,,EvoSuite/Result_Round1/Math_37/budget60_seed1,EvoSuite/Result_Round1/Math_37/budget60_seed1/run.log
Math,37,SBST,EvoSuite,1.2.0,org.apache.commons.math.complex.Complex,,1,120,LINE:BRANCH:EXCEPTION,default,offline,True,,79,200.2,0.8,2.4,214.8,SUCCESS,SUCCESS,98.68,97.06,99.0,97.0,79,0,79,5,test32(org.apache.commons.math.complex.Complex_ESTest);test15(org.apache.commons.math.complex.Complex_ESTest);test13(org.apache.commons.math.complex.Complex_ESTest);test18(org.apache.commons.math.complex.Complex_ESTest);test17(org.apache.commons.math.complex.Complex_ESTest),True,False,,,EvoSuite/Result_Round2/Math_37/budget120_seed1,EvoSuite/Result_Round2/Math_37/budget120_seed1/run.log
Math,38,SBST,EvoSuite,1.2.0,org.apache.commons.math.optimization.direct.BOBYQAOptimizer,,1,60,LINE:BRANCH:EXCEPTION,default,offline,True,,11,97.3,0.8,2.1,140.5,SUCCESS,SUCCESS,72.72,64.1,73.0,65.0,11,0,11,5,test07(org.apache.commons.math.optimization.direct.BOBYQAOptimizer_ESTest);test06(org.apache.commons.math.optimization.direct.BOBYQAOptimizer_ESTest);test08(org.apache.commons.math.optimization.direct.BOBYQAOptimizer_ESTest);test05(org.apache.commons.math.optimization.direct.BOBYQAOptimizer_ESTest);test04(org.apache.commons.math.optimization.direct.BOBYQAOptimizer_ESTest),True,False,,,EvoSuite/Result_Round1/Math_38/budget60_seed1,EvoSuite/Result_Round1/Math_38/budget60_seed1/run.log
Math,38,SBST,EvoSuite,1.2.0,org.apache.commons.math.optimization.direct.BOBYQAOptimizer,,1,120,LINE:BRANCH:EXCEPTION,default,offline,True,,15,166.0,0.8,2.2,180.4,SUCCESS,SUCCESS,83.85,78.85,84.0,80.0,15,0,15,9,test07(org.apache.commons.math.optimization.direct.BOBYQAOptimizer_ESTest);test06(org.apache.commons.math.optimization.direct.BOBYQAOptimizer_ESTest);test09(org.apache.commons.math.optimization.direct.BOBYQAOptimizer_ESTest);test08(org.apache.commons.math.optimization.direct.BOBYQAOptimizer_ESTest);test03(org.apache.commons.math.optimization.direct.BOBYQAOptimizer_ESTest),True,False,,,EvoSuite/Result_Round2/Math_38/budget120_seed1,EvoSuite/Result_Round2/Math_38/budget120_seed1/run.log
Math,39,SBST,EvoSuite,1.2.0,org.apache.commons.math.ode.nonstiff.EmbeddedRungeKuttaIntegrator,,1,60,LINE:BRANCH:EXCEPTION,default,offline,True,,9,26.1,0.7,2.2,69.1,SUCCESS,SUCCESS,100.0,100.0,100.0,100.0,9,0,9,0,,False,False,,,EvoSuite/Result_Round1/Math_39/budget60_seed1,EvoSuite/Result_Round1/Math_39/budget60_seed1/run.log
Math,39,SBST,EvoSuite,1.2.0,org.apache.commons.math.ode.nonstiff.EmbeddedRungeKuttaIntegrator,,1,120,LINE:BRANCH:EXCEPTION,default,offline,True,,9,25.1,0.7,2.2,38.7,SUCCESS,SUCCESS,100.0,100.0,100.0,100.0,9,0,9,0,,False,False,,,EvoSuite/Result_Round2/Math_39/budget120_seed1,EvoSuite/Result_Round2/Math_39/budget120_seed1/run.log
Math,40,SBST,EvoSuite,1.2.0,org.apache.commons.math.analysis.solvers.BracketingNthOrderBrentSolver,,1,60,LINE:BRANCH:EXCEPTION,default,offline,True,,28,93.8,0.8,2.1,137.0,SUCCESS,SUCCESS,99.24,98.48,99.0,99.0,28,0,28,2,test14(org.apache.commons.math.analysis.solvers.BracketingNthOrderBrentSolver_ESTest);test23(org.apache.commons.math.analysis.solvers.BracketingNthOrderBrentSolver_ESTest),True,False,,,EvoSuite/Result_Round1/Math_40/budget60_seed1,EvoSuite/Result_Round1/Math_40/budget60_seed1/run.log
Math,40,SBST,EvoSuite,1.2.0,org.apache.commons.math.analysis.solvers.BracketingNthOrderBrentSolver,,1,120,LINE:BRANCH:EXCEPTION,default,offline,True,,31,164.7,0.8,2.3,178.9,SUCCESS,SUCCESS,99.24,98.48,99.0,99.0,31,0,31,3,test14(org.apache.commons.math.analysis.solvers.BracketingNthOrderBrentSolver_ESTest);test19(org.apache.commons.math.analysis.solvers.BracketingNthOrderBrentSolver_ESTest);test27(org.apache.commons.math.analysis.solvers.BracketingNthOrderBrentSolver_ESTest),True,False,,,EvoSuite/Result_Round2/Math_40/budget120_seed1,EvoSuite/Result_Round2/Math_40/budget120_seed1/run.log
Math,41,SBST,EvoSuite,1.2.0,org.apache.commons.math.stat.descriptive.moment.Variance,,1,60,LINE:BRANCH:EXCEPTION,default,offline,True,,51,82.8,0.9,2.3,126.5,SUCCESS,SUCCESS,100.0,86.96,100.0,90.0,51,0,51,0,,False,False,,,EvoSuite/Result_Round1/Math_41/budget60_seed1,EvoSuite/Result_Round1/Math_41/budget60_seed1/run.log
Math,41,SBST,EvoSuite,1.2.0,org.apache.commons.math.stat.descriptive.moment.Variance,,1,120,LINE:BRANCH:EXCEPTION,default,offline,True,,53,140.8,1.0,2.2,157.0,SUCCESS,SUCCESS,100.0,86.96,100.0,90.0,53,0,53,0,,False,False,,,EvoSuite/Result_Round2/Math_41/budget120_seed1,EvoSuite/Result_Round2/Math_41/budget120_seed1/run.log
Math,42,SBST,EvoSuite,1.2.0,org.apache.commons.math.optimization.linear.SimplexTableau,,1,60,LINE:BRANCH:EXCEPTION,default,offline,True,,41,96.1,1.3,3.4,143.2,SUCCESS,SUCCESS,95.68,92.74,95.0,92.0,41,0,41,0,,False,False,,,EvoSuite/Result_Round1/Math_42/budget60_seed1,EvoSuite/Result_Round1/Math_42/budget60_seed1/run.log
Math,42,SBST,EvoSuite,1.2.0,org.apache.commons.math.optimization.linear.SimplexTableau,,1,120,LINE:BRANCH:EXCEPTION,default,offline,True,,45,151.5,1.0,2.9,168.6,SUCCESS,SUCCESS,96.76,97.58,97.0,97.0,45,0,45,1,test44(org.apache.commons.math.optimization.linear.SimplexTableau_ESTest),True,False,,,EvoSuite/Result_Round2/Math_42/budget120_seed1,EvoSuite/Result_Round2/Math_42/budget120_seed1/run.log
Math,43,SBST,EvoSuite,1.2.0,org.apache.commons.math.stat.descriptive.SummaryStatistics,,1,60,LINE:BRANCH:EXCEPTION,default,offline,True,,53,38.5,0.8,2.2,82.7,SUCCESS,SUCCESS,98.44,98.28,100.0,100.0,53,0,53,0,,False,False,,,EvoSuite/Result_Round1/Math_43/budget60_seed1,EvoSuite/Result_Round1/Math_43/budget60_seed1/run.log
Math,43,SBST,EvoSuite,1.2.0,org.apache.commons.math.stat.descriptive.SummaryStatistics,,1,120,LINE:BRANCH:EXCEPTION,default,offline,True,,53,43.5,0.8,2.5,58.1,SUCCESS,SUCCESS,98.44,98.28,100.0,100.0,53,0,53,0,,False,False,,,EvoSuite/Result_Round2/Math_43/budget120_seed1,EvoSuite/Result_Round2/Math_43/budget120_seed1/run.log
Math,44,SBST,EvoSuite,1.2.0,org.apache.commons.math.ode.AbstractIntegrator,,1,60,LINE:BRANCH:EXCEPTION,default,offline,True,,22,82.6,0.9,4.3,131.3,SUCCESS,SUCCESS,85.83,78.26,86.0,84.0,22,0,22,0,,False,False,,,EvoSuite/Result_Round1/Math_44/budget60_seed1,EvoSuite/Result_Round1/Math_44/budget60_seed1/run.log
Math,44,SBST,EvoSuite,1.2.0,org.apache.commons.math.ode.AbstractIntegrator,,1,120,LINE:BRANCH:EXCEPTION,default,offline,True,,22,142.9,0.9,4.1,159.7,SUCCESS,SUCCESS,87.5,78.26,88.0,84.0,22,0,22,0,,False,False,,,EvoSuite/Result_Round2/Math_44/budget120_seed1,EvoSuite/Result_Round2/Math_44/budget120_seed1/run.log
Math,45,SBST,EvoSuite,1.2.0,org.apache.commons.math.linear.OpenMapRealMatrix,,1,60,LINE:BRANCH:EXCEPTION,default,offline,True,,28,81.7,0.8,2.5,125.0,SUCCESS,SUCCESS,63.0,45.83,66.0,59.0,28,0,28,2,test23(org.apache.commons.math.linear.OpenMapRealMatrix_ESTest);test10(org.apache.commons.math.linear.OpenMapRealMatrix_ESTest),True,False,,,EvoSuite/Result_Round1/Math_45/budget60_seed1,EvoSuite/Result_Round1/Math_45/budget60_seed1/run.log
Math,45,SBST,EvoSuite,1.2.0,org.apache.commons.math.linear.OpenMapRealMatrix,,1,120,LINE:BRANCH:EXCEPTION,default,offline,True,,27,149.7,0.8,2.5,164.1,SUCCESS,SUCCESS,73.0,62.5,75.0,72.0,27,0,27,2,test22(org.apache.commons.math.linear.OpenMapRealMatrix_ESTest);test09(org.apache.commons.math.linear.OpenMapRealMatrix_ESTest),True,False,,,EvoSuite/Result_Round2/Math_45/budget120_seed1,EvoSuite/Result_Round2/Math_45/budget120_seed1/run.log
Math,46,SBST,EvoSuite,1.2.0,org.apache.commons.math.complex.Complex,,1,60,LINE:BRANCH:EXCEPTION,default,offline,True,,66,146.3,0.9,3.4,192.5,SUCCESS,SUCCESS,98.01,97.92,98.0,98.0,66,0,66,2,test45(org.apache.commons.math.complex.Complex_ESTest);test52(org.apache.commons.math.complex.Complex_ESTest),True,False,,,EvoSuite/Result_Round1/Math_46/budget60_seed1,EvoSuite/Result_Round1/Math_46/budget60_seed1/run.log
Math,46,SBST,EvoSuite,1.2.0,org.apache.commons.math.complex.Complex,,1,120,LINE:BRANCH:EXCEPTION,default,offline,True,,67,206.8,0.9,3.5,222.3,SUCCESS,SUCCESS,97.51,97.92,97.0,98.0,67,0,67,2,test46(org.apache.commons.math.complex.Complex_ESTest);test51(org.apache.commons.math.complex.Complex_ESTest),True,False,,,EvoSuite/Result_Round2/Math_46/budget120_seed1,EvoSuite/Result_Round2/Math_46/budget120_seed1/run.log
Math,47,SBST,EvoSuite,1.2.0,org.apache.commons.math.complex.Complex,,1,60,LINE:BRANCH:EXCEPTION,default,offline,True,,72,154.5,1.0,3.9,197.4,SUCCESS,SUCCESS,99.5,98.65,99.0,99.0,72,0,72,2,test48(org.apache.commons.math.complex.Complex_ESTest);test54(org.apache.commons.math.complex.Complex_ESTest),True,False,,,EvoSuite/Result_Round1/Math_47/budget60_seed1,EvoSuite/Result_Round1/Math_47/budget60_seed1/run.log
Math,47,SBST,EvoSuite,1.2.0,org.apache.commons.math.complex.Complex,,1,120,LINE:BRANCH:EXCEPTION,default,offline,True,,72,212.7,1.0,3.4,228.9,SUCCESS,SUCCESS,99.0,97.97,99.0,98.0,72,0,72,2,test48(org.apache.commons.math.complex.Complex_ESTest);test56(org.apache.commons.math.complex.Complex_ESTest),True,False,,,EvoSuite/Result_Round2/Math_47/budget120_seed1,EvoSuite/Result_Round2/Math_47/budget120_seed1/run.log
Math,48,SBST,EvoSuite,1.2.0,org.apache.commons.math.analysis.solvers.BaseSecantSolver,,1,60,LINE:BRANCH:EXCEPTION,default,offline,True,,40,120.6,0.9,3.4,166.0,SUCCESS,SUCCESS,95.59,93.75,96.0,96.0,40,0,40,0,,False,False,,,EvoSuite/Result_Round1/Math_48/budget60_seed1,EvoSuite/Result_Round1/Math_48/budget60_seed1/run.log
Math,48,SBST,EvoSuite,1.2.0,org.apache.commons.math.analysis.solvers.BaseSecantSolver,,1,120,LINE:BRANCH:EXCEPTION,default,offline,True,,40,181.2,0.8,3.3,196.4,SUCCESS,SUCCESS,95.59,93.75,96.0,96.0,40,0,40,0,,False,False,,,EvoSuite/Result_Round2/Math_48/budget120_seed1,EvoSuite/Result_Round2/Math_48/budget120_seed1/run.log
Math,49,SBST,EvoSuite,1.2.0,org.apache.commons.math.linear.OpenMapRealVector,,1,60,LINE:BRANCH:EXCEPTION,default,offline,True,,122,130.3,1.0,4.8,175.8,SUCCESS,SUCCESS,98.89,99.34,100.0,100.0,122,0,122,0,,False,False,,,EvoSuite/Result_Round1/Math_49/budget60_seed1,EvoSuite/Result_Round1/Math_49/budget60_seed1/run.log
Math,49,SBST,EvoSuite,1.2.0,org.apache.commons.math.linear.OpenMapRealVector,,1,120,LINE:BRANCH:EXCEPTION,default,offline,True,,123,152.7,1.3,5.6,171.1,SUCCESS,SUCCESS,98.89,99.34,100.0,100.0,123,0,123,0,,False,False,,,EvoSuite/Result_Round2/Math_49/budget120_seed1,EvoSuite/Result_Round2/Math_49/budget120_seed1/run.log
Math,50,SBST,EvoSuite,1.2.0,org.apache.commons.math.analysis.solvers.BaseSecantSolver,,1,60,LINE:BRANCH:EXCEPTION,default,offline,True,,34,105.9,0.9,3.2,152.6,SUCCESS,SUCCESS,95.52,93.48,96.0,96.0,34,0,34,1,test26(org.apache.commons.math.analysis.solvers.BaseSecantSolver_ESTest),True,False,,,EvoSuite/Result_Round1/Math_50/budget60_seed1,EvoSuite/Result_Round1/Math_50/budget60_seed1/run.log
Math,50,SBST,EvoSuite,1.2.0,org.apache.commons.math.analysis.solvers.BaseSecantSolver,,1,120,LINE:BRANCH:EXCEPTION,default,offline,True,,36,167.8,0.8,3.2,182.7,SUCCESS,SUCCESS,95.52,93.48,96.0,96.0,36,0,36,1,test28(org.apache.commons.math.analysis.solvers.BaseSecantSolver_ESTest),True,False,,,EvoSuite/Result_Round2/Math_50/budget120_seed1,EvoSuite/Result_Round2/Math_50/budget120_seed1/run.log
Math,51,SBST,EvoSuite,1.2.0,org.apache.commons.math.analysis.solvers.BaseSecantSolver,,1,60,LINE:BRANCH:EXCEPTION,default,offline,True,,34,110.1,0.9,3.2,153.4,SUCCESS,SUCCESS,95.77,93.75,96.0,96.0,34,0,34,1,test26(org.apache.commons.math.analysis.solvers.BaseSecantSolver_ESTest),True,False,,,EvoSuite/Result_Round1/Math_51/budget60_seed1,EvoSuite/Result_Round1/Math_51/budget60_seed1/run.log
Math,51,SBST,EvoSuite,1.2.0,org.apache.commons.math.analysis.solvers.BaseSecantSolver,,1,120,LINE:BRANCH:EXCEPTION,default,offline,True,,35,168.7,0.9,3.3,183.6,SUCCESS,SUCCESS,95.77,93.75,96.0,96.0,35,0,35,1,test27(org.apache.commons.math.analysis.solvers.BaseSecantSolver_ESTest),True,False,,,EvoSuite/Result_Round2/Math_51/budget120_seed1,EvoSuite/Result_Round2/Math_51/budget120_seed1/run.log
Math,52,SBST,EvoSuite,1.2.0,org.apache.commons.math.geometry.euclidean.threed.Rotation,,1,60,LINE:BRANCH:EXCEPTION,default,offline,True,,65,119.0,0.9,3.9,163.3,SUCCESS,SUCCESS,93.48,90.98,93.0,92.0,65,0,65,0,,False,False,,,EvoSuite/Result_Round1/Math_52/budget60_seed1,EvoSuite/Result_Round1/Math_52/budget60_seed1/run.log
Math,52,SBST,EvoSuite,1.2.0,org.apache.commons.math.geometry.euclidean.threed.Rotation,,1,120,LINE:BRANCH:EXCEPTION,default,offline,True,,70,180.2,0.9,3.7,196.2,SUCCESS,SUCCESS,93.48,94.26,93.0,95.0,70,0,70,0,,False,False,,,EvoSuite/Result_Round2/Math_52/budget120_seed1,EvoSuite/Result_Round2/Math_52/budget120_seed1/run.log
Math,53,SBST,EvoSuite,1.2.0,org.apache.commons.math.complex.Complex,,1,60,LINE:BRANCH:EXCEPTION,default,offline,True,,56,135.8,1.0,3.7,178.4,SUCCESS,SUCCESS,95.32,95.76,95.0,96.0,56,0,56,1,test46(org.apache.commons.math.complex.Complex_ESTest),True,False,,,EvoSuite/Result_Round1/Math_53/budget60_seed1,EvoSuite/Result_Round1/Math_53/budget60_seed1/run.log
Math,53,SBST,EvoSuite,1.2.0,org.apache.commons.math.complex.Complex,,1,120,LINE:BRANCH:EXCEPTION,default,offline,True,,55,223.6,1.1,4.2,240.7,SUCCESS,SUCCESS,98.83,96.61,99.0,97.0,55,0,55,1,test45(org.apache.commons.math.complex.Complex_ESTest),True,False,,,EvoSuite/Result_Round2/Math_53/budget120_seed1,EvoSuite/Result_Round2/Math_53/budget120_seed1/run.log
Math,54,SBST,EvoSuite,1.2.0,org.apache.commons.math.dfp.Dfp,,1,60,LINE:BRANCH:EXCEPTION,default,offline,True,,9,80.4,0.7,1.4,125.3,SUCCESS,SUCCESS,25.83,21.14,26.0,22.0,9,0,9,0,,False,False,,,EvoSuite/Result_Round1/Math_54/budget60_seed1,EvoSuite/Result_Round1/Math_54/budget60_seed1/run.log
Math,54,SBST,EvoSuite,1.2.0,org.apache.commons.math.dfp.Dfp,,1,120,LINE:BRANCH:EXCEPTION,default,offline,True,,9,136.6,0.7,1.4,149.8,SUCCESS,SUCCESS,25.83,21.14,26.0,22.0,9,0,9,0,,False,False,,,EvoSuite/Result_Round2/Math_54/budget120_seed1,EvoSuite/Result_Round2/Math_54/budget120_seed1/run.log
Math,55,SBST,EvoSuite,1.2.0,org.apache.commons.math.geometry.Vector3D,,1,60,LINE:BRANCH:EXCEPTION,default,offline,True,,52,63.5,0.8,3.1,104.6,SUCCESS,SUCCESS,94.7,96.0,98.0,97.0,52,0,52,1,test15(org.apache.commons.math.geometry.Vector3D_ESTest),True,False,,,EvoSuite/Result_Round1/Math_55/budget60_seed1,EvoSuite/Result_Round1/Math_55/budget60_seed1/run.log
Math,55,SBST,EvoSuite,1.2.0,org.apache.commons.math.geometry.Vector3D,,1,120,LINE:BRANCH:EXCEPTION,default,offline,True,,52,66.1,0.8,3.2,80.8,SUCCESS,SUCCESS,94.7,96.0,98.0,97.0,52,0,52,1,test15(org.apache.commons.math.geometry.Vector3D_ESTest),True,False,,,EvoSuite/Result_Round2/Math_55/budget120_seed1,EvoSuite/Result_Round2/Math_55/budget120_seed1/run.log
Math,56,SBST,EvoSuite,1.2.0,org.apache.commons.math.util.MultidimensionalCounter,,1,60,LINE:BRANCH:EXCEPTION,default,offline,True,,20,78.4,0.8,3.7,119.7,SUCCESS,SUCCESS,100.0,100.0,100.0,100.0,20,0,20,0,,False,False,,,EvoSuite/Result_Round1/Math_56/budget60_seed1,EvoSuite/Result_Round1/Math_56/budget60_seed1/run.log
Math,56,SBST,EvoSuite,1.2.0,org.apache.commons.math.util.MultidimensionalCounter,,1,120,LINE:BRANCH:EXCEPTION,default,offline,True,,20,76.0,0.8,3.5,91.1,SUCCESS,SUCCESS,100.0,100.0,100.0,100.0,20,0,20,0,,False,False,,,EvoSuite/Result_Round2/Math_56/budget120_seed1,EvoSuite/Result_Round2/Math_56/budget120_seed1/run.log
Math,57,SBST,EvoSuite,1.2.0,org.apache.commons.math.stat.clustering.KMeansPlusPlusClusterer,,1,60,LINE:BRANCH:EXCEPTION,default,offline,True,,10,81.7,0.9,2.7,122.3,SUCCESS,SUCCESS,97.37,90.74,97.0,92.0,10,0,10,0,,False,False,,,EvoSuite/Result_Round1/Math_57/budget60_seed1,EvoSuite/Result_Round1/Math_57/budget60_seed1/run.log
Math,57,SBST,EvoSuite,1.2.0,org.apache.commons.math.stat.clustering.KMeansPlusPlusClusterer,,1,120,LINE:BRANCH:EXCEPTION,default,offline,True,,10,141.9,0.8,2.7,156.6,SUCCESS,SUCCESS,97.37,90.74,97.0,92.0,10,0,10,0,,False,False,,,EvoSuite/Result_Round2/Math_57/budget120_seed1,EvoSuite/Result_Round2/Math_57/budget120_seed1/run.log
Math,58,SBST,EvoSuite,1.2.0,org.apache.commons.math.optimization.fitting.GaussianFitter,,1,60,LINE:BRANCH:EXCEPTION,default,offline,True,,15,93.1,0.8,4.1,136.2,SUCCESS,SUCCESS,50.0,,86.0,94.0,14,0,14,0,,False,False,,,EvoSuite/Result_Round1/Math_58/budget60_seed1,EvoSuite/Result_Round1/Math_58/budget60_seed1/run.log
Math,58,SBST,EvoSuite,1.2.0,org.apache.commons.math.optimization.fitting.GaussianFitter,,1,120,LINE:BRANCH:EXCEPTION,default,offline,True,,15,171.6,0.9,4.1,187.6,SUCCESS,SUCCESS,50.0,,87.0,94.0,13,0,13,0,,False,False,,,EvoSuite/Result_Round2/Math_58/budget120_seed1,EvoSuite/Result_Round2/Math_58/budget120_seed1/run.log
Math,59,SBST,EvoSuite,1.2.0,org.apache.commons.math.util.FastMath,,1,60,LINE:BRANCH:EXCEPTION,default,offline,True,,166,149.7,0.9,4.0,190.2,SUCCESS,SUCCESS,94.96,83.23,79.0,77.0,166,0,166,1,test005(org.apache.commons.math.util.FastMath_ESTest),True,False,,,EvoSuite/Result_Round1/Math_59/budget60_seed1,EvoSuite/Result_Round1/Math_59/budget60_seed1/run.log
Math,59,SBST,EvoSuite,1.2.0,org.apache.commons.math.util.FastMath,,1,120,LINE:BRANCH:EXCEPTION,default,offline,True,,167,209.9,0.9,4.0,225.6,SUCCESS,SUCCESS,95.22,83.99,79.0,78.0,167,0,167,1,test005(org.apache.commons.math.util.FastMath_ESTest),True,False,,,EvoSuite/Result_Round2/Math_59/budget120_seed1,EvoSuite/Result_Round2/Math_59/budget120_seed1/run.log
Math,60,SBST,EvoSuite,1.2.0,org.apache.commons.math.distribution.NormalDistributionImpl,,1,60,LINE:BRANCH:EXCEPTION,default,offline,True,,13,20.0,0.7,2.8,58.9,SUCCESS,SUCCESS,100.0,100.0,100.0,100.0,13,0,13,0,,False,False,,,EvoSuite/Result_Round1/Math_60/budget60_seed1,EvoSuite/Result_Round1/Math_60/budget60_seed1/run.log
Math,60,SBST,EvoSuite,1.2.0,org.apache.commons.math.distribution.NormalDistributionImpl,,1,120,LINE:BRANCH:EXCEPTION,default,offline,True,,13,20.5,0.7,2.9,34.7,SUCCESS,SUCCESS,100.0,100.0,100.0,100.0,13,0,13,0,,False,False,,,EvoSuite/Result_Round2/Math_60/budget120_seed1,EvoSuite/Result_Round2/Math_60/budget120_seed1/run.log
Math,61,SBST,EvoSuite,1.2.0,org.apache.commons.math.distribution.PoissonDistributionImpl,,1,60,LINE:BRANCH:EXCEPTION,default,offline,True,,18,25.8,0.7,2.9,65.4,SUCCESS,SUCCESS,100.0,100.0,100.0,100.0,18,0,18,4,test05(org.apache.commons.math.distribution.PoissonDistributionImpl_ESTest);test04(org.apache.commons.math.distribution.PoissonDistributionImpl_ESTest);test03(org.apache.commons.math.distribution.PoissonDistributionImpl_ESTest);test12(org.apache.commons.math.distribution.PoissonDistributionImpl_ESTest),True,False,,,EvoSuite/Result_Round1/Math_61/budget60_seed1,EvoSuite/Result_Round1/Math_61/budget60_seed1/run.log
Math,61,SBST,EvoSuite,1.2.0,org.apache.commons.math.distribution.PoissonDistributionImpl,,1,120,LINE:BRANCH:EXCEPTION,default,offline,True,,18,25.9,0.8,2.9,40.2,SUCCESS,SUCCESS,100.0,100.0,100.0,100.0,18,0,18,4,test05(org.apache.commons.math.distribution.PoissonDistributionImpl_ESTest);test04(org.apache.commons.math.distribution.PoissonDistributionImpl_ESTest);test03(org.apache.commons.math.distribution.PoissonDistributionImpl_ESTest);test12(org.apache.commons.math.distribution.PoissonDistributionImpl_ESTest),True,False,,,EvoSuite/Result_Round2/Math_61/budget120_seed1,EvoSuite/Result_Round2/Math_61/budget120_seed1/run.log
Math,62,SBST,EvoSuite,1.2.0,org.apache.commons.math.optimization.univariate.MultiStartUnivariateRealOptimizer,,1,60,LINE:BRANCH:EXCEPTION,default,offline,True,,18,160.9,1.0,4.5,202.6,SUCCESS,SUCCESS,91.89,100.0,96.0,100.0,18,0,18,0,,False,False,,,EvoSuite/Result_Round1/Math_62/budget60_seed1,EvoSuite/Result_Round1/Math_62/budget60_seed1/run.log
Math,62,SBST,EvoSuite,1.2.0,org.apache.commons.math.optimization.univariate.MultiStartUnivariateRealOptimizer,,1,120,LINE:BRANCH:EXCEPTION,default,offline,True,,17,220.2,0.9,4.4,236.3,SUCCESS,SUCCESS,91.89,100.0,96.0,100.0,17,0,17,0,,False,False,,,EvoSuite/Result_Round2/Math_62/budget120_seed1,EvoSuite/Result_Round2/Math_62/budget120_seed1/run.log
Math,63,SBST,EvoSuite,1.2.0,org.apache.commons.math.util.MathUtils,,1,60,LINE:BRANCH:EXCEPTION,default,offline,True,,174,157.1,1.0,4.7,198.4,SUCCESS,SUCCESS,89.24,86.87,89.0,88.0,174,0,174,0,,False,False,,,EvoSuite/Result_Round1/Math_63/budget60_seed1,EvoSuite/Result_Round1/Math_63/budget60_seed1/run.log
Math,63,SBST,EvoSuite,1.2.0,org.apache.commons.math.util.MathUtils,,1,120,LINE:BRANCH:EXCEPTION,default,offline,True,,190,247.9,0.9,4.9,264.6,SUCCESS,SUCCESS,92.17,91.01,92.0,92.0,190,0,190,0,,False,False,,,EvoSuite/Result_Round2/Math_63/budget120_seed1,EvoSuite/Result_Round2/Math_63/budget120_seed1/run.log
Math,64,SBST,EvoSuite,1.2.0,org.apache.commons.math.optimization.general.LevenbergMarquardtOptimizer,,1,60,LINE:BRANCH:EXCEPTION,default,offline,True,,12,76.7,0.9,2.7,118.3,SUCCESS,SUCCESS,86.2,74.51,86.0,75.0,12,0,12,4,test00(org.apache.commons.math.optimization.general.LevenbergMarquardtOptimizer_ESTest);test11(org.apache.commons.math.optimization.general.LevenbergMarquardtOptimizer_ESTest);test05(org.apache.commons.math.optimization.general.LevenbergMarquardtOptimizer_ESTest);test07(org.apache.commons.math.optimization.general.LevenbergMarquardtOptimizer_ESTest),True,False,,,EvoSuite/Result_Round1/Math_64/budget60_seed1,EvoSuite/Result_Round1/Math_64/budget60_seed1/run.log
Math,64,SBST,EvoSuite,1.2.0,org.apache.commons.math.optimization.general.LevenbergMarquardtOptimizer,,1,120,LINE:BRANCH:EXCEPTION,default,offline,True,,11,149.8,0.9,2.6,164.0,SUCCESS,SUCCESS,94.65,91.18,95.0,93.0,11,0,11,3,test03(org.apache.commons.math.optimization.general.LevenbergMarquardtOptimizer_ESTest);test08(org.apache.commons.math.optimization.general.LevenbergMarquardtOptimizer_ESTest);test07(org.apache.commons.math.optimization.general.LevenbergMarquardtOptimizer_ESTest),True,False,,,EvoSuite/Result_Round2/Math_64/budget120_seed1,EvoSuite/Result_Round2/Math_64/budget120_seed1/run.log
Math,65,SBST,EvoSuite,1.2.0,org.apache.commons.math.optimization.general.AbstractLeastSquaresOptimizer,,1,60,LINE:BRANCH:EXCEPTION,default,offline,True,,26,77.0,0.9,2.9,119.4,SUCCESS,SUCCESS,86.96,85.71,95.0,95.0,26,0,26,0,,False,False,,,EvoSuite/Result_Round1/Math_65/budget60_seed1,EvoSuite/Result_Round1/Math_65/budget60_seed1/run.log
Math,65,SBST,EvoSuite,1.2.0,org.apache.commons.math.optimization.general.AbstractLeastSquaresOptimizer,,1,120,LINE:BRANCH:EXCEPTION,default,offline,True,,26,136.9,0.9,2.9,151.6,SUCCESS,SUCCESS,89.13,89.29,95.0,95.0,26,0,26,0,,False,False,,,EvoSuite/Result_Round2/Math_65/budget120_seed1,EvoSuite/Result_Round2/Math_65/budget120_seed1/run.log
Math,66,SBST,EvoSuite,1.2.0,org.apache.commons.math.optimization.univariate.BrentOptimizer,,1,60,LINE:BRANCH:EXCEPTION,default,offline,True,,10,12.2,0.8,1.6,53.2,SUCCESS,SUCCESS,100.0,100.0,100.0,100.0,10,0,10,10,test0(org.apache.commons.math.optimization.univariate.BrentOptimizer_ESTest);test1(org.apache.commons.math.optimization.univariate.BrentOptimizer_ESTest);test8(org.apache.commons.math.optimization.univariate.BrentOptimizer_ESTest);test9(org.apache.commons.math.optimization.univariate.BrentOptimizer_ESTest);test6(org.apache.commons.math.optimization.univariate.BrentOptimizer_ESTest),True,False,,,EvoSuite/Result_Round1/Math_66/budget60_seed1,EvoSuite/Result_Round1/Math_66/budget60_seed1/run.log
Math,66,SBST,EvoSuite,1.2.0,org.apache.commons.math.optimization.univariate.BrentOptimizer,,1,120,LINE:BRANCH:EXCEPTION,default,offline,True,,10,11.9,0.8,1.6,25.0,SUCCESS,SUCCESS,100.0,100.0,100.0,100.0,10,0,10,10,test0(org.apache.commons.math.optimization.univariate.BrentOptimizer_ESTest);test1(org.apache.commons.math.optimization.univariate.BrentOptimizer_ESTest);test8(org.apache.commons.math.optimization.univariate.BrentOptimizer_ESTest);test9(org.apache.commons.math.optimization.univariate.BrentOptimizer_ESTest);test6(org.apache.commons.math.optimization.univariate.BrentOptimizer_ESTest),True,False,,,EvoSuite/Result_Round2/Math_66/budget120_seed1,EvoSuite/Result_Round2/Math_66/budget120_seed1/run.log
Math,67,SBST,EvoSuite,1.2.0,org.apache.commons.math.optimization.MultiStartUnivariateRealOptimizer,,1,60,LINE:BRANCH:EXCEPTION,default,offline,True,,30,130.5,1.0,3.8,173.0,SUCCESS,SUCCESS,82.8,94.12,89.0,98.0,30,0,30,0,,False,False,,,EvoSuite/Result_Round1/Math_67/budget60_seed1,EvoSuite/Result_Round1/Math_67/budget60_seed1/run.log
Math,67,SBST,EvoSuite,1.2.0,org.apache.commons.math.optimization.MultiStartUnivariateRealOptimizer,,1,120,LINE:BRANCH:EXCEPTION,default,offline,True,,30,176.7,0.9,3.3,192.2,SUCCESS,SUCCESS,82.8,94.12,89.0,98.0,30,0,30,0,,False,False,,,EvoSuite/Result_Round2/Math_67/budget120_seed1,EvoSuite/Result_Round2/Math_67/budget120_seed1/run.log
Math,68,SBST,EvoSuite,1.2.0,org.apache.commons.math.optimization.general.LevenbergMarquardtOptimizer,,1,60,LINE:BRANCH:EXCEPTION,default,offline,True,,3,68.5,0.7,2.2,109.0,SUCCESS,SUCCESS,10.62,0.0,11.0,2.0,3,0,3,0,,False,False,,,EvoSuite/Result_Round1/Math_68/budget60_seed1,EvoSuite/Result_Round1/Math_68/budget60_seed1/run.log
Math,68,SBST,EvoSuite,1.2.0,org.apache.commons.math.optimization.general.LevenbergMarquardtOptimizer,,1,120,LINE:BRANCH:EXCEPTION,default,offline,True,,3,128.3,0.7,2.2,142.0,SUCCESS,SUCCESS,10.62,0.0,11.0,2.0,3,0,3,0,,False,False,,,EvoSuite/Result_Round2/Math_68/budget120_seed1,EvoSuite/Result_Round2/Math_68/budget120_seed1/run.log
Math,69,SBST,EvoSuite,1.2.0,org.apache.commons.math.stat.correlation.PearsonsCorrelation,,1,60,LINE:BRANCH:EXCEPTION,default,offline,True,,28,33.2,0.8,3.0,74.4,SUCCESS,SUCCESS,98.67,100.0,99.0,100.0,28,0,28,0,,False,False,,,EvoSuite/Result_Round1/Math_69/budget60_seed1,EvoSuite/Result_Round1/Math_69/budget60_seed1/run.log
Math,69,SBST,EvoSuite,1.2.0,org.apache.commons.math.stat.correlation.PearsonsCorrelation,,1,120,LINE:BRANCH:EXCEPTION,default,offline,True,,28,34.5,0.8,3.2,49.4,SUCCESS,SUCCESS,98.67,100.0,99.0,100.0,28,0,28,0,,False,False,,,EvoSuite/Result_Round2/Math_69/budget120_seed1,EvoSuite/Result_Round2/Math_69/budget120_seed1/run.log
Math,70,SBST,EvoSuite,1.2.0,org.apache.commons.math.analysis.solvers.BisectionSolver,,1,60,LINE:BRANCH:EXCEPTION,default,offline,True,,10,9.8,0.8,1.4,50.4,SUCCESS,SUCCESS,91.3,100.0,100.0,100.0,10,0,10,1,test7(org.apache.commons.math.analysis.solvers.BisectionSolver_ESTest),True,False,,,EvoSuite/Result_Round1/Math_70/budget60_seed1,EvoSuite/Result_Round1/Math_70/budget60_seed1/run.log
Math,70,SBST,EvoSuite,1.2.0,org.apache.commons.math.analysis.solvers.BisectionSolver,,1,120,LINE:BRANCH:EXCEPTION,default,offline,True,,10,10.1,0.8,1.5,23.3,SUCCESS,SUCCESS,91.3,100.0,100.0,100.0,10,0,10,1,test7(org.apache.commons.math.analysis.solvers.BisectionSolver_ESTest),True,False,,,EvoSuite/Result_Round2/Math_70/budget120_seed1,EvoSuite/Result_Round2/Math_70/budget120_seed1/run.log
Math,71,SBST,EvoSuite,1.2.0,org.apache.commons.math.ode.nonstiff.EmbeddedRungeKuttaIntegrator;org.apache.commons.math.ode.nonstiff.RungeKuttaIntegrator,,1,60,LINE:BRANCH:EXCEPTION,default,offline,True,,15,84.4,0.8,2.8,126.1,SUCCESS,SUCCESS,100.0,100.0,100.0,100.0,15,0,15,0,,False,False,,,EvoSuite/Result_Round1/Math_71/budget60_seed1,EvoSuite/Result_Round1/Math_71/budget60_seed1/run.log
Math,71,SBST,EvoSuite,1.2.0,org.apache.commons.math.ode.nonstiff.EmbeddedRungeKuttaIntegrator;org.apache.commons.math.ode.nonstiff.RungeKuttaIntegrator,,1,120,LINE:BRANCH:EXCEPTION,default,offline,True,,16,101.7,0.9,2.8,116.0,SUCCESS,SUCCESS,100.0,100.0,100.0,100.0,16,0,16,0,,False,False,,,EvoSuite/Result_Round2/Math_71/budget120_seed1,EvoSuite/Result_Round2/Math_71/budget120_seed1/run.log
Math,72,SBST,EvoSuite,1.2.0,org.apache.commons.math.analysis.solvers.BrentSolver,,1,60,LINE:BRANCH:EXCEPTION,default,offline,True,,22,41.0,0.8,1.5,80.0,SUCCESS,SUCCESS,97.2,100.0,100.0,100.0,22,0,22,1,test17(org.apache.commons.math.analysis.solvers.BrentSolver_ESTest),True,False,,,EvoSuite/Result_Round1/Math_72/budget60_seed1,EvoSuite/Result_Round1/Math_72/budget60_seed1/run.log
Math,72,SBST,EvoSuite,1.2.0,org.apache.commons.math.analysis.solvers.BrentSolver,,1,120,LINE:BRANCH:EXCEPTION,default,offline,True,,22,41.3,0.7,1.5,54.2,SUCCESS,SUCCESS,97.2,100.0,100.0,100.0,22,0,22,1,test17(org.apache.commons.math.analysis.solvers.BrentSolver_ESTest),True,False,,,EvoSuite/Result_Round2/Math_72/budget120_seed1,EvoSuite/Result_Round2/Math_72/budget120_seed1/run.log
Math,73,SBST,EvoSuite,1.2.0,org.apache.commons.math.analysis.solvers.BrentSolver,,1,60,LINE:BRANCH:EXCEPTION,default,offline,True,,22,41.5,0.8,1.5,81.4,SUCCESS,SUCCESS,97.2,100.0,100.0,100.0,22,0,22,1,test21(org.apache.commons.math.analysis.solvers.BrentSolver_ESTest),True,False,,,EvoSuite/Result_Round1/Math_73/budget60_seed1,EvoSuite/Result_Round1/Math_73/budget60_seed1/run.log
Math,73,SBST,EvoSuite,1.2.0,org.apache.commons.math.analysis.solvers.BrentSolver,,1,120,LINE:BRANCH:EXCEPTION,default,offline,True,,22,41.7,0.8,1.5,54.9,SUCCESS,SUCCESS,97.2,100.0,100.0,100.0,22,0,22,1,test21(org.apache.commons.math.analysis.solvers.BrentSolver_ESTest),True,False,,,EvoSuite/Result_Round2/Math_73/budget120_seed1,EvoSuite/Result_Round2/Math_73/budget120_seed1/run.log
Math,74,SBST,EvoSuite,1.2.0,org.apache.commons.math.ode.nonstiff.EmbeddedRungeKuttaIntegrator,,1,60,LINE:BRANCH:EXCEPTION,default,offline,True,,11,52.5,0.8,3.1,96.8,SUCCESS,SUCCESS,99.19,98.28,99.0,98.0,11,0,11,0,,False,False,,,EvoSuite/Result_Round1/Math_74/budget60_seed1,EvoSuite/Result_Round1/Math_74/budget60_seed1/run.log
Math,74,SBST,EvoSuite,1.2.0,org.apache.commons.math.ode.nonstiff.EmbeddedRungeKuttaIntegrator,,1,120,LINE:BRANCH:EXCEPTION,default,offline,True,,10,53.7,0.8,3.1,68.8,SUCCESS,SUCCESS,98.39,96.55,98.0,97.0,10,0,10,0,,False,False,,,EvoSuite/Result_Round2/Math_74/budget120_seed1,EvoSuite/Result_Round2/Math_74/budget120_seed1/run.log
Math,75,SBST,EvoSuite,1.2.0,org.apache.commons.math.stat.Frequency,,1,60,LINE:BRANCH:EXCEPTION,default,offline,True,,41,76.3,0.9,2.2,117.1,SUCCESS,SUCCESS,87.88,83.33,99.0,95.0,41,0,41,0,,False,False,,,EvoSuite/Result_Round1/Math_75/budget60_seed1,EvoSuite/Result_Round1/Math_75/budget60_seed1/run.log
Math,75,SBST,EvoSuite,1.2.0,org.apache.commons.math.stat.Frequency,,1,120,LINE:BRANCH:EXCEPTION,default,offline,True,,48,138.7,1.0,3.0,153.7,SUCCESS,SUCCESS,90.91,87.5,99.0,95.0,48,0,48,0,,False,False,,,EvoSuite/Result_Round2/Math_75/budget120_seed1,EvoSuite/Result_Round2/Math_75/budget120_seed1/run.log
Math,76,SBST,EvoSuite,1.2.0,org.apache.commons.math.linear.SingularValueDecompositionImpl,,1,60,LINE:BRANCH:EXCEPTION,default,offline,True,,32,95.5,0.9,3.0,137.2,SUCCESS,SUCCESS,98.31,98.15,96.0,91.0,30,0,30,0,,False,False,,,EvoSuite/Result_Round1/Math_76/budget60_seed1,EvoSuite/Result_Round1/Math_76/budget60_seed1/run.log
Math,76,SBST,EvoSuite,1.2.0,org.apache.commons.math.linear.SingularValueDecompositionImpl,,1,120,LINE:BRANCH:EXCEPTION,default,offline,True,,32,154.3,0.9,3.0,169.0,SUCCESS,SUCCESS,100.0,100.0,96.0,93.0,30,0,30,0,,False,False,,,EvoSuite/Result_Round2/Math_76/budget120_seed1,EvoSuite/Result_Round2/Math_76/budget120_seed1/run.log
Math,77,SBST,EvoSuite,1.2.0,org.apache.commons.math.linear.ArrayRealVector;org.apache.commons.math.linear.OpenMapRealVector,,1,60,LINE:BRANCH:EXCEPTION,default,offline,True,,300,280.9,1.3,5.7,325.9,SUCCESS,SUCCESS,97.94,97.92,100.0,99.5,300,0,300,2,test163(org.apache.commons.math.linear.ArrayRealVector_ESTest);test113(org.apache.commons.math.linear.ArrayRealVector_ESTest),True,False,,,EvoSuite/Result_Round1/Math_77/budget60_seed1,EvoSuite/Result_Round1/Math_77/budget60_seed1/run.log
Math,77,SBST,EvoSuite,1.2.0,org.apache.commons.math.linear.ArrayRealVector;org.apache.commons.math.linear.OpenMapRealVector,,1,120,LINE:BRANCH:EXCEPTION,default,offline,True,,323,427.5,1.4,6.4,446.4,SUCCESS,SUCCESS,97.42,97.02,100.0,99.5,321,0,321,2,test148(org.apache.commons.math.linear.ArrayRealVector_ESTest);test149(org.apache.commons.math.linear.ArrayRealVector_ESTest),True,False,,,EvoSuite/Result_Round2/Math_77/budget120_seed1,EvoSuite/Result_Round2/Math_77/budget120_seed1/run.log
Math,78,SBST,EvoSuite,1.2.0,org.apache.commons.math.ode.events.EventState,,1,60,LINE:BRANCH:EXCEPTION,default,offline,True,,22,82.3,0.9,1.8,124.0,SUCCESS,SUCCESS,91.11,75.0,88.0,78.0,22,0,22,0,,False,False,,,EvoSuite/Result_Round1/Math_78/budget60_seed1,EvoSuite/Result_Round1/Math_78/budget60_seed1/run.log
Math,78,SBST,EvoSuite,1.2.0,org.apache.commons.math.ode.events.EventState,,1,120,LINE:BRANCH:EXCEPTION,default,offline,True,,19,140.0,0.8,1.7,154.0,SUCCESS,SUCCESS,91.11,80.0,88.0,82.0,19,0,19,1,test10(org.apache.commons.math.ode.events.EventState_ESTest),True,False,,,EvoSuite/Result_Round2/Math_78/budget120_seed1,EvoSuite/Result_Round2/Math_78/budget120_seed1/run.log
Math,79,SBST,EvoSuite,1.2.0,org.apache.commons.math.util.MathUtils,,1,60,LINE:BRANCH:EXCEPTION,default,offline,True,,170,154.3,1.1,2.2,195.7,SUCCESS,SUCCESS,93.29,91.55,93.0,93.0,170,0,170,0,,False,False,,,EvoSuite/Result_Round1/Math_79/budget60_seed1,EvoSuite/Result_Round1/Math_79/budget60_seed1/run.log
Math,79,SBST,EvoSuite,1.2.0,org.apache.commons.math.util.MathUtils,,1,120,LINE:BRANCH:EXCEPTION,default,offline,True,,173,212.8,1.0,2.0,226.9,SUCCESS,SUCCESS,93.05,92.13,93.0,94.0,173,0,173,0,,False,False,,,EvoSuite/Result_Round2/Math_79/budget120_seed1,EvoSuite/Result_Round2/Math_79/budget120_seed1/run.log
Math,80,SBST,EvoSuite,1.2.0,org.apache.commons.math.linear.EigenDecompositionImpl,,1,60,LINE:BRANCH:EXCEPTION,default,offline,True,,26,89.1,0.8,2.2,131.8,SUCCESS,SUCCESS,32.99,20.16,31.0,20.0,26,0,26,0,,False,False,,,EvoSuite/Result_Round1/Math_80/budget60_seed1,EvoSuite/Result_Round1/Math_80/budget60_seed1/run.log
Math,80,SBST,EvoSuite,1.2.0,org.apache.commons.math.linear.EigenDecompositionImpl,,1,120,LINE:BRANCH:EXCEPTION,default,offline,True,,27,153.6,0.8,2.3,167.5,SUCCESS,SUCCESS,33.12,20.16,31.0,20.0,27,0,27,0,,False,False,,,EvoSuite/Result_Round2/Math_80/budget120_seed1,EvoSuite/Result_Round2/Math_80/budget120_seed1/run.log
Math,81,SBST,EvoSuite,1.2.0,org.apache.commons.math.linear.EigenDecompositionImpl,,1,60,LINE:BRANCH:EXCEPTION,default,offline,True,,27,93.5,0.8,2.3,134.8,SUCCESS,SUCCESS,33.25,20.16,31.0,20.0,27,0,27,0,,False,False,,,EvoSuite/Result_Round1/Math_81/budget60_seed1,EvoSuite/Result_Round1/Math_81/budget60_seed1/run.log
Math,81,SBST,EvoSuite,1.2.0,org.apache.commons.math.linear.EigenDecompositionImpl,,1,120,LINE:BRANCH:EXCEPTION,default,offline,True,,28,152.7,0.9,2.3,166.9,SUCCESS,SUCCESS,33.25,20.16,31.0,20.0,28,0,28,0,,False,False,,,EvoSuite/Result_Round2/Math_81/budget120_seed1,EvoSuite/Result_Round2/Math_81/budget120_seed1/run.log
Math,82,SBST,EvoSuite,1.2.0,org.apache.commons.math.optimization.linear.SimplexSolver,,1,60,LINE:BRANCH:EXCEPTION,default,offline,True,,12,71.0,0.8,2.7,112.2,SUCCESS,SUCCESS,96.67,94.44,98.0,95.0,12,0,12,0,,False,False,,,EvoSuite/Result_Round1/Math_82/budget60_seed1,EvoSuite/Result_Round1/Math_82/budget60_seed1/run.log
Math,82,SBST,EvoSuite,1.2.0,org.apache.commons.math.optimization.linear.SimplexSolver,,1,120,LINE:BRANCH:EXCEPTION,default,offline,True,,15,133.9,0.9,3.2,148.7,SUCCESS,SUCCESS,96.67,94.44,98.0,95.0,15,0,15,0,,False,False,,,EvoSuite/Result_Round2/Math_82/budget120_seed1,EvoSuite/Result_Round2/Math_82/budget120_seed1/run.log
Math,83,SBST,EvoSuite,1.2.0,org.apache.commons.math.optimization.linear.SimplexTableau,,1,60,LINE:BRANCH:EXCEPTION,default,offline,True,,41,83.1,0.9,2.5,124.9,SUCCESS,SUCCESS,96.13,97.87,96.0,97.0,41,0,41,1,test04(org.apache.commons.math.optimization.linear.SimplexTableau_ESTest),True,False,,,EvoSuite/Result_Round1/Math_83/budget60_seed1,EvoSuite/Result_Round1/Math_83/budget60_seed1/run.log
Math,83,SBST,EvoSuite,1.2.0,org.apache.commons.math.optimization.linear.SimplexTableau,,1,120,LINE:BRANCH:EXCEPTION,default,offline,True,,43,164.8,0.9,2.4,179.5,SUCCESS,SUCCESS,95.48,97.87,96.0,97.0,42,0,42,1,test06(org.apache.commons.math.optimization.linear.SimplexTableau_ESTest),True,False,,,EvoSuite/Result_Round2/Math_83/budget120_seed1,EvoSuite/Result_Round2/Math_83/budget120_seed1/run.log
Math,84,SBST,EvoSuite,1.2.0,org.apache.commons.math.optimization.direct.MultiDirectional,,1,60,LINE:BRANCH:EXCEPTION,default,offline,True,,8,15.9,0.9,2.9,58.0,SUCCESS,SUCCESS,97.56,85.71,100.0,100.0,8,0,8,0,,False,False,,,EvoSuite/Result_Round1/Math_84/budget60_seed1,EvoSuite/Result_Round1/Math_84/budget60_seed1/run.log
Math,84,SBST,EvoSuite,1.2.0,org.apache.commons.math.optimization.direct.MultiDirectional,,1,120,LINE:BRANCH:EXCEPTION,default,offline,True,,8,16.2,0.9,2.9,31.0,SUCCESS,SUCCESS,97.56,85.71,100.0,100.0,8,0,8,0,,False,False,,,EvoSuite/Result_Round2/Math_84/budget120_seed1,EvoSuite/Result_Round2/Math_84/budget120_seed1/run.log
Math,85,SBST,EvoSuite,1.2.0,org.apache.commons.math.analysis.solvers.UnivariateRealSolverUtils,,1,60,LINE:BRANCH:EXCEPTION,default,offline,True,,13,75.2,0.8,1.7,114.5,SUCCESS,SUCCESS,93.94,100.0,92.0,100.0,13,0,13,1,test05(org.apache.commons.math.analysis.solvers.UnivariateRealSolverUtils_ESTest),True,False,,,EvoSuite/Result_Round1/Math_85/budget60_seed1,EvoSuite/Result_Round1/Math_85/budget60_seed1/run.log
Math,85,SBST,EvoSuite,1.2.0,org.apache.commons.math.analysis.solvers.UnivariateRealSolverUtils,,1,120,LINE:BRANCH:EXCEPTION,default,offline,True,,13,134.9,0.8,1.6,148.3,SUCCESS,SUCCESS,96.97,100.0,92.0,100.0,13,0,13,0,,False,False,,,EvoSuite/Result_Round2/Math_85/budget120_seed1,EvoSuite/Result_Round2/Math_85/budget120_seed1/run.log
Math,86,SBST,EvoSuite,1.2.0,org.apache.commons.math.linear.CholeskyDecompositionImpl,,1,60,LINE:BRANCH:EXCEPTION,default,offline,True,,16,77.3,0.8,2.1,117.4,SUCCESS,SUCCESS,100.0,100.0,42.0,37.0,16,0,16,1,test02(org.apache.commons.math.linear.CholeskyDecompositionImpl_ESTest),True,False,,,EvoSuite/Result_Round1/Math_86/budget60_seed1,EvoSuite/Result_Round1/Math_86/budget60_seed1/run.log
Math,86,SBST,EvoSuite,1.2.0,org.apache.commons.math.linear.CholeskyDecompositionImpl,,1,120,LINE:BRANCH:EXCEPTION,default,offline,True,,16,136.9,0.9,2.1,151.0,SUCCESS,SUCCESS,100.0,100.0,42.0,37.0,16,0,16,1,test02(org.apache.commons.math.linear.CholeskyDecompositionImpl_ESTest),True,False,,,EvoSuite/Result_Round2/Math_86/budget120_seed1,EvoSuite/Result_Round2/Math_86/budget120_seed1/run.log
Math,87,SBST,EvoSuite,1.2.0,org.apache.commons.math.optimization.linear.SimplexTableau,,1,60,LINE:BRANCH:EXCEPTION,default,offline,True,,40,89.6,1.0,2.4,129.2,SUCCESS,SUCCESS,96.05,96.74,96.0,95.0,40,0,40,8,test31(org.apache.commons.math.optimization.linear.SimplexTableau_ESTest);test12(org.apache.commons.math.optimization.linear.SimplexTableau_ESTest);test11(org.apache.commons.math.optimization.linear.SimplexTableau_ESTest);test14(org.apache.commons.math.optimization.linear.SimplexTableau_ESTest);test36(org.apache.commons.math.optimization.linear.SimplexTableau_ESTest),True,False,,,EvoSuite/Result_Round1/Math_87/budget60_seed1,EvoSuite/Result_Round1/Math_87/budget60_seed1/run.log
Math,87,SBST,EvoSuite,1.2.0,org.apache.commons.math.optimization.linear.SimplexTableau,,1,120,LINE:BRANCH:EXCEPTION,default,offline,True,,44,174.8,0.9,2.4,189.4,SUCCESS,SUCCESS,96.05,96.74,96.0,95.0,43,0,43,8,test34(org.apache.commons.math.optimization.linear.SimplexTableau_ESTest);test14(org.apache.commons.math.optimization.linear.SimplexTableau_ESTest);test13(org.apache.commons.math.optimization.linear.SimplexTableau_ESTest);test35(org.apache.commons.math.optimization.linear.SimplexTableau_ESTest);test15(org.apache.commons.math.optimization.linear.SimplexTableau_ESTest),True,False,,,EvoSuite/Result_Round2/Math_87/budget120_seed1,EvoSuite/Result_Round2/Math_87/budget120_seed1/run.log
Math,88,SBST,EvoSuite,1.2.0,org.apache.commons.math.optimization.linear.SimplexTableau,,1,60,LINE:BRANCH:EXCEPTION,default,offline,True,,45,85.5,1.0,2.6,125.9,SUCCESS,SUCCESS,96.05,98.89,96.0,97.0,45,0,45,0,,False,False,,,EvoSuite/Result_Round1/Math_88/budget60_seed1,EvoSuite/Result_Round1/Math_88/budget60_seed1/run.log
Math,88,SBST,EvoSuite,1.2.0,org.apache.commons.math.optimization.linear.SimplexTableau,,1,120,LINE:BRANCH:EXCEPTION,default,offline,True,,46,173.7,1.0,3.2,189.3,SUCCESS,SUCCESS,96.05,98.89,96.0,97.0,45,0,45,0,,False,False,,,EvoSuite/Result_Round2/Math_88/budget120_seed1,EvoSuite/Result_Round2/Math_88/budget120_seed1/run.log
Math,89,SBST,EvoSuite,1.2.0,org.apache.commons.math.stat.Frequency,,1,60,LINE:BRANCH:EXCEPTION,default,offline,True,,32,16.6,0.8,2.2,55.0,SUCCESS,SUCCESS,100.0,100.0,100.0,100.0,32,0,32,1,test20(org.apache.commons.math.stat.Frequency_ESTest),True,False,,,EvoSuite/Result_Round1/Math_89/budget60_seed1,EvoSuite/Result_Round1/Math_89/budget60_seed1/run.log
Math,89,SBST,EvoSuite,1.2.0,org.apache.commons.math.stat.Frequency,,1,120,LINE:BRANCH:EXCEPTION,default,offline,True,,32,17.5,0.8,2.3,31.5,SUCCESS,SUCCESS,100.0,100.0,100.0,100.0,32,0,32,1,test20(org.apache.commons.math.stat.Frequency_ESTest),True,False,,,EvoSuite/Result_Round2/Math_89/budget120_seed1,EvoSuite/Result_Round2/Math_89/budget120_seed1/run.log
Math,90,SBST,EvoSuite,1.2.0,org.apache.commons.math.stat.Frequency,,1,60,LINE:BRANCH:EXCEPTION,default,offline,True,,34,16.1,0.8,2.2,53.6,SUCCESS,SUCCESS,99.06,100.0,100.0,100.0,34,0,34,5,test20(org.apache.commons.math.stat.Frequency_ESTest);test05(org.apache.commons.math.stat.Frequency_ESTest);test11(org.apache.commons.math.stat.Frequency_ESTest);test10(org.apache.commons.math.stat.Frequency_ESTest);test31(org.apache.commons.math.stat.Frequency_ESTest),True,False,,,EvoSuite/Result_Round1/Math_90/budget60_seed1,EvoSuite/Result_Round1/Math_90/budget60_seed1/run.log
Math,90,SBST,EvoSuite,1.2.0,org.apache.commons.math.stat.Frequency,,1,120,LINE:BRANCH:EXCEPTION,default,offline,True,,34,15.7,0.8,2.2,29.3,SUCCESS,SUCCESS,99.06,100.0,100.0,100.0,34,0,34,5,test20(org.apache.commons.math.stat.Frequency_ESTest);test05(org.apache.commons.math.stat.Frequency_ESTest);test11(org.apache.commons.math.stat.Frequency_ESTest);test10(org.apache.commons.math.stat.Frequency_ESTest);test31(org.apache.commons.math.stat.Frequency_ESTest),True,False,,,EvoSuite/Result_Round2/Math_90/budget120_seed1,EvoSuite/Result_Round2/Math_90/budget120_seed1/run.log
Math,91,SBST,EvoSuite,1.2.0,org.apache.commons.math.fraction.Fraction,,1,60,LINE:BRANCH:EXCEPTION,default,offline,True,,44,77.7,0.8,1.7,113.9,SUCCESS,SUCCESS,98.77,97.78,99.0,98.0,44,0,44,0,,False,False,,,EvoSuite/Result_Round1/Math_91/budget60_seed1,EvoSuite/Result_Round1/Math_91/budget60_seed1/run.log
Math,91,SBST,EvoSuite,1.2.0,org.apache.commons.math.fraction.Fraction,,1,120,LINE:BRANCH:EXCEPTION,default,offline,True,,44,137.5,0.8,1.9,150.9,SUCCESS,SUCCESS,98.15,96.67,99.0,98.0,44,0,44,0,,False,False,,,EvoSuite/Result_Round2/Math_91/budget120_seed1,EvoSuite/Result_Round2/Math_91/budget120_seed1/run.log
Math,92,SBST,EvoSuite,1.2.0,org.apache.commons.math.util.MathUtils,,1,60,LINE:BRANCH:EXCEPTION,default,offline,True,,113,205.3,1.1,4.7,243.1,SUCCESS,SUCCESS,91.47,93.73,91.0,94.0,103,0,103,2,test085(org.apache.commons.math.util.MathUtils_ESTest);test001(org.apache.commons.math.util.MathUtils_ESTest),True,False,,,EvoSuite/Result_Round1/Math_92/budget60_seed1,EvoSuite/Result_Round1/Math_92/budget60_seed1/run.log
Math,92,SBST,EvoSuite,1.2.0,org.apache.commons.math.util.MathUtils,,1,120,LINE:BRANCH:EXCEPTION,default,offline,True,,121,270.7,1.2,4.6,287.3,SUCCESS,SUCCESS,91.09,93.73,90.0,94.0,116,0,116,1,test093(org.apache.commons.math.util.MathUtils_ESTest),True,False,,,EvoSuite/Result_Round2/Math_92/budget120_seed1,EvoSuite/Result_Round2/Math_92/budget120_seed1/run.log
Math,93,SBST,EvoSuite,1.2.0,org.apache.commons.math.util.MathUtils,,1,60,LINE:BRANCH:EXCEPTION,default,offline,True,,116,107.1,1.0,1.9,141.7,SUCCESS,SUCCESS,88.65,91.03,88.0,92.0,116,0,116,0,,False,False,,,EvoSuite/Result_Round1/Math_93/budget60_seed1,EvoSuite/Result_Round1/Math_93/budget60_seed1/run.log
Math,93,SBST,EvoSuite,1.2.0,org.apache.commons.math.util.MathUtils,,1,120,LINE:BRANCH:EXCEPTION,default,offline,True,,120,166.7,0.9,1.8,180.3,SUCCESS,SUCCESS,88.65,91.48,88.0,93.0,120,0,120,0,,False,False,,,EvoSuite/Result_Round2/Math_93/budget120_seed1,EvoSuite/Result_Round2/Math_93/budget120_seed1/run.log
Math,94,SBST,EvoSuite,1.2.0,org.apache.commons.math.util.MathUtils,,1,60,LINE:BRANCH:EXCEPTION,default,offline,True,,115,105.6,0.9,1.8,139.3,SUCCESS,SUCCESS,90.13,92.63,89.0,93.0,115,0,115,0,,False,False,,,EvoSuite/Result_Round1/Math_94/budget60_seed1,EvoSuite/Result_Round1/Math_94/budget60_seed1/run.log
Math,94,SBST,EvoSuite,1.2.0,org.apache.commons.math.util.MathUtils,,1,120,LINE:BRANCH:EXCEPTION,default,offline,True,,114,158.8,0.9,1.7,172.3,SUCCESS,SUCCESS,92.83,93.55,92.0,94.0,114,0,114,0,,False,False,,,EvoSuite/Result_Round2/Math_94/budget120_seed1,EvoSuite/Result_Round2/Math_94/budget120_seed1/run.log
Math,95,SBST,EvoSuite,1.2.0,org.apache.commons.math.distribution.FDistributionImpl,,1,60,LINE:BRANCH:EXCEPTION,default,offline,True,,8,9.5,0.8,1.5,42.0,SUCCESS,SUCCESS,100.0,100.0,100.0,100.0,8,0,8,1,test7(org.apache.commons.math.distribution.FDistributionImpl_ESTest),True,False,,,EvoSuite/Result_Round1/Math_95/budget60_seed1,EvoSuite/Result_Round1/Math_95/budget60_seed1/run.log
Math,95,SBST,EvoSuite,1.2.0,org.apache.commons.math.distribution.FDistributionImpl,,1,120,LINE:BRANCH:EXCEPTION,default,offline,True,,8,10.5,1.0,1.8,23.8,SUCCESS,SUCCESS,100.0,100.0,100.0,100.0,8,0,8,1,test7(org.apache.commons.math.distribution.FDistributionImpl_ESTest),True,False,,,EvoSuite/Result_Round2/Math_95/budget120_seed1,EvoSuite/Result_Round2/Math_95/budget120_seed1/run.log
Math,96,SBST,EvoSuite,1.2.0,org.apache.commons.math.complex.Complex,,1,60,LINE:BRANCH:EXCEPTION,default,offline,True,,43,78.4,0.9,1.7,113.9,SUCCESS,SUCCESS,97.89,97.06,98.0,97.0,43,0,43,0,,False,False,,,EvoSuite/Result_Round1/Math_96/budget60_seed1,EvoSuite/Result_Round1/Math_96/budget60_seed1/run.log
Math,96,SBST,EvoSuite,1.2.0,org.apache.commons.math.complex.Complex,,1,120,LINE:BRANCH:EXCEPTION,default,offline,True,,42,137.5,0.9,1.6,150.8,SUCCESS,SUCCESS,96.48,95.1,96.0,95.0,42,0,42,0,,False,False,,,EvoSuite/Result_Round2/Math_96/budget120_seed1,EvoSuite/Result_Round2/Math_96/budget120_seed1/run.log
Math,97,SBST,EvoSuite,1.2.0,org.apache.commons.math.analysis.BrentSolver,,1,60,LINE:BRANCH:EXCEPTION,default,offline,True,,20,31.8,0.8,1.6,64.1,SUCCESS,SUCCESS,98.99,98.15,100.0,100.0,20,0,20,3,test11(org.apache.commons.math.analysis.BrentSolver_ESTest);test10(org.apache.commons.math.analysis.BrentSolver_ESTest);test07(org.apache.commons.math.analysis.BrentSolver_ESTest),True,False,,,EvoSuite/Result_Round1/Math_97/budget60_seed1,EvoSuite/Result_Round1/Math_97/budget60_seed1/run.log
Math,97,SBST,EvoSuite,1.2.0,org.apache.commons.math.analysis.BrentSolver,,1,120,LINE:BRANCH:EXCEPTION,default,offline,True,,20,32.8,0.8,1.7,45.8,SUCCESS,SUCCESS,98.99,98.15,100.0,100.0,20,0,20,3,test11(org.apache.commons.math.analysis.BrentSolver_ESTest);test10(org.apache.commons.math.analysis.BrentSolver_ESTest);test07(org.apache.commons.math.analysis.BrentSolver_ESTest),True,False,,,EvoSuite/Result_Round2/Math_97/budget120_seed1,EvoSuite/Result_Round2/Math_97/budget120_seed1/run.log
Math,98,SBST,EvoSuite,1.2.0,org.apache.commons.math.linear.BigMatrixImpl;org.apache.commons.math.linear.RealMatrixImpl,,1,60,LINE:BRANCH:EXCEPTION,default,offline,True,,271,258.8,1.2,2.9,292.3,SUCCESS,SUCCESS,84.53,84.66,87.0,86.0,271,0,271,1,test078(org.apache.commons.math.linear.RealMatrixImpl_ESTest),True,False,,,EvoSuite/Result_Round1/Math_98/budget60_seed1,EvoSuite/Result_Round1/Math_98/budget60_seed1/run.log
Math,98,SBST,EvoSuite,1.2.0,org.apache.commons.math.linear.BigMatrixImpl;org.apache.commons.math.linear.RealMatrixImpl,,1,120,LINE:BRANCH:EXCEPTION,default,offline,True,,286,385.2,1.1,2.9,399.9,SUCCESS,SUCCESS,84.53,85.38,87.0,87.0,286,0,286,1,test086(org.apache.commons.math.linear.RealMatrixImpl_ESTest),True,False,,,EvoSuite/Result_Round2/Math_98/budget120_seed1,EvoSuite/Result_Round2/Math_98/budget120_seed1/run.log
Math,99,SBST,EvoSuite,1.2.0,org.apache.commons.math.util.MathUtils,,1,60,LINE:BRANCH:EXCEPTION,default,offline,True,,135,96.4,0.9,2.0,133.0,SUCCESS,SUCCESS,87.87,90.97,88.0,92.0,134,0,134,1,test055(org.apache.commons.math.util.MathUtils_ESTest),True,False,,,EvoSuite/Result_Round1/Math_99/budget60_seed1,EvoSuite/Result_Round1/Math_99/budget60_seed1/run.log
Math,99,SBST,EvoSuite,1.2.0,org.apache.commons.math.util.MathUtils,,1,120,LINE:BRANCH:EXCEPTION,default,offline,True,,136,155.9,0.9,2.0,169.5,SUCCESS,SUCCESS,89.34,91.7,90.0,93.0,136,0,136,3,test053(org.apache.commons.math.util.MathUtils_ESTest);test072(org.apache.commons.math.util.MathUtils_ESTest);test071(org.apache.commons.math.util.MathUtils_ESTest),True,False,,,EvoSuite/Result_Round2/Math_99/budget120_seed1,EvoSuite/Result_Round2/Math_99/budget120_seed1/run.log
Math,100,SBST,EvoSuite,1.2.0,org.apache.commons.math.estimation.AbstractEstimator,,1,60,LINE:BRANCH:EXCEPTION,default,offline,True,,17,15.0,0.9,2.5,50.3,SUCCESS,SUCCESS,100.0,100.0,100.0,100.0,17,0,17,0,,False,False,,,EvoSuite/Result_Round1/Math_100/budget60_seed1,EvoSuite/Result_Round1/Math_100/budget60_seed1/run.log
Math,100,SBST,EvoSuite,1.2.0,org.apache.commons.math.estimation.AbstractEstimator,,1,120,LINE:BRANCH:EXCEPTION,default,offline,True,,17,16.9,0.8,2.4,33.9,SUCCESS,SUCCESS,100.0,100.0,100.0,100.0,17,0,17,0,,False,False,,,EvoSuite/Result_Round2/Math_100/budget120_seed1,EvoSuite/Result_Round2/Math_100/budget120_seed1/run.log
Math,101,SBST,EvoSuite,1.2.0,org.apache.commons.math.complex.ComplexFormat,,1,60,LINE:BRANCH:EXCEPTION,default,offline,True,,32,87.3,0.9,2.4,123.3,SUCCESS,SUCCESS,99.31,96.43,99.0,96.0,32,0,32,1,test31(org.apache.commons.math.complex.ComplexFormat_ESTest),True,False,,,EvoSuite/Result_Round1/Math_101/budget60_seed1,EvoSuite/Result_Round1/Math_101/budget60_seed1/run.log
Math,101,SBST,EvoSuite,1.2.0,org.apache.commons.math.complex.ComplexFormat,,1,120,LINE:BRANCH:EXCEPTION,default,offline,True,,32,157.3,0.8,2.2,174.0,SUCCESS,SUCCESS,98.61,98.21,99.0,97.0,32,0,32,1,test31(org.apache.commons.math.complex.ComplexFormat_ESTest),True,False,,,EvoSuite/Result_Round2/Math_101/budget120_seed1,EvoSuite/Result_Round2/Math_101/budget120_seed1/run.log
Math,102,SBST,EvoSuite,1.2.0,org.apache.commons.math.stat.inference.ChiSquareTestImpl,,1,60,LINE:BRANCH:EXCEPTION,default,offline,True,,35,74.6,0.8,1.8,110.0,SUCCESS,SUCCESS,100.0,98.91,99.0,99.0,35,0,35,1,test29(org.apache.commons.math.stat.inference.ChiSquareTestImpl_ESTest),True,False,,,EvoSuite/Result_Round1/Math_102/budget60_seed1,EvoSuite/Result_Round1/Math_102/budget60_seed1/run.log
Math,102,SBST,EvoSuite,1.2.0,org.apache.commons.math.stat.inference.ChiSquareTestImpl,,1,120,LINE:BRANCH:EXCEPTION,default,offline,True,,37,53.9,0.8,1.8,69.7,SUCCESS,SUCCESS,100.0,100.0,99.0,100.0,37,0,37,0,,False,False,,,EvoSuite/Result_Round2/Math_102/budget120_seed1,EvoSuite/Result_Round2/Math_102/budget120_seed1/run.log
Math,103,SBST,EvoSuite,1.2.0,org.apache.commons.math.distribution.NormalDistributionImpl,,1,60,LINE:BRANCH:EXCEPTION,default,offline,True,,9,68.4,0.7,1.6,101.3,SUCCESS,SUCCESS,83.72,72.22,86.0,83.0,9,0,9,0,,False,False,,,EvoSuite/Result_Round1/Math_103/budget60_seed1,EvoSuite/Result_Round1/Math_103/budget60_seed1/run.log
Math,103,SBST,EvoSuite,1.2.0,org.apache.commons.math.distribution.NormalDistributionImpl,,1,120,LINE:BRANCH:EXCEPTION,default,offline,True,,9,128.1,0.7,1.6,143.3,SUCCESS,SUCCESS,83.72,72.22,86.0,83.0,9,0,9,0,,False,False,,,EvoSuite/Result_Round2/Math_103/budget120_seed1,EvoSuite/Result_Round2/Math_103/budget120_seed1/run.log
Math,104,SBST,EvoSuite,1.2.0,org.apache.commons.math.special.Gamma,,1,60,LINE:BRANCH:EXCEPTION,default,offline,True,,21,121.6,0.8,1.6,155.4,SUCCESS,SUCCESS,100.0,100.0,95.0,100.0,21,0,21,0,,False,False,,,EvoSuite/Result_Round1/Math_104/budget60_seed1,EvoSuite/Result_Round1/Math_104/budget60_seed1/run.log
Math,104,SBST,EvoSuite,1.2.0,org.apache.commons.math.special.Gamma,,1,120,LINE:BRANCH:EXCEPTION,default,offline,True,,21,180.6,0.7,1.4,197.3,SUCCESS,SUCCESS,100.0,100.0,95.0,100.0,21,0,21,0,,False,False,,,EvoSuite/Result_Round2/Math_104/budget120_seed1,EvoSuite/Result_Round2/Math_104/budget120_seed1/run.log
Math,105,SBST,EvoSuite,1.2.0,org.apache.commons.math.stat.regression.SimpleRegression,,1,60,LINE:BRANCH:EXCEPTION,default,offline,True,,17,15.0,0.8,1.6,45.1,SUCCESS,SUCCESS,97.18,100.0,100.0,100.0,17,0,17,0,,False,False,,,EvoSuite/Result_Round1/Math_105/budget60_seed1,EvoSuite/Result_Round1/Math_105/budget60_seed1/run.log
Math,105,SBST,EvoSuite,1.2.0,org.apache.commons.math.stat.regression.SimpleRegression,,1,120,LINE:BRANCH:EXCEPTION,default,offline,True,,17,14.9,0.8,1.6,30.3,SUCCESS,SUCCESS,97.18,100.0,100.0,100.0,17,0,17,0,,False,False,,,EvoSuite/Result_Round2/Math_105/budget120_seed1,EvoSuite/Result_Round2/Math_105/budget120_seed1/run.log
Math,106,SBST,EvoSuite,1.2.0,org.apache.commons.math.fraction.ProperFractionFormat,,1,60,LINE:BRANCH:EXCEPTION,default,offline,True,,13,69.3,0.8,2.1,99.6,SUCCESS,SUCCESS,74.6,63.16,75.0,69.0,13,0,13,0,,False,False,,,EvoSuite/Result_Round1/Math_106/budget60_seed1,EvoSuite/Result_Round1/Math_106/budget60_seed1/run.log
Math,106,SBST,EvoSuite,1.2.0,org.apache.commons.math.fraction.ProperFractionFormat,,1,120,LINE:BRANCH:EXCEPTION,default,offline,True,,14,129.6,0.9,2.2,145.2,SUCCESS,SUCCESS,76.19,68.42,76.0,77.0,14,0,14,0,,False,False,,,EvoSuite/Result_Round2/Math_106/budget120_seed1,EvoSuite/Result_Round2/Math_106/budget120_seed1/run.log
Mockito,2,SBST,EvoSuite,1.2.0,org.mockito.internal.util.Timer,,1,120,LINE:BRANCH:EXCEPTION,default,offline,True,,4,127.1,0.7,1.6,245.2,SUCCESS,SUCCESS,92.31,66.67,100.0,90.0,4,0,4,1,test0(org.mockito.internal.util.Timer_ESTest),True,False,,,EvoSuite/Result_Round2/Mockito_2/budget120_seed1,EvoSuite/Result_Round2/Mockito_2/budget120_seed1/run.log
Mockito,3,SBST,EvoSuite,1.2.0,org.mockito.internal.invocation.InvocationMatcher,,1,60,LINE:BRANCH:EXCEPTION,default,offline,True,,13,73.0,0.8,3.4,245.0,SUCCESS,SUCCESS,21.43,7.14,36.0,22.0,13,0,13,0,,False,False,,,EvoSuite/Result_Round1/Mockito_3/budget60_seed1,EvoSuite/Result_Round1/Mockito_3/budget60_seed1/run.log
Mockito,3,SBST,EvoSuite,1.2.0,org.mockito.internal.invocation.InvocationMatcher,,1,120,LINE:BRANCH:EXCEPTION,default,offline,True,,12,131.4,0.8,3.4,249.8,SUCCESS,SUCCESS,20.0,5.36,36.0,20.0,8,0,8,0,,False,False,,,EvoSuite/Result_Round2/Mockito_3/budget120_seed1,EvoSuite/Result_Round2/Mockito_3/budget120_seed1/run.log
Mockito,4,SBST,EvoSuite,1.2.0,org.mockito.exceptions.Reporter,,1,60,LINE:BRANCH:EXCEPTION,default,offline,True,,81,85.0,1.0,,,COMPILE_FAIL,,,,73.0,86.0,,,,,,False,False,COMPILE_FAIL,"_4f/budget60_seed1/tests/org/mockito/exceptions/Reporter_ESTest.java:899: error: cannot find symbol       HasProperty<Object> hasProperty0 = new HasProperty<Object>(""gffGf-H%zd"");                                              ^   symbol:   class HasProperty   location: class Reporter_ESTest 7 errors ",EvoSuite/Result_Round1/Mockito_4/budget60_seed1,EvoSuite/Result_Round1/Mockito_4/budget60_seed1/run.log
Mockito,4,SBST,EvoSuite,1.2.0,org.mockito.exceptions.Reporter,,1,120,LINE:BRANCH:EXCEPTION,default,offline,True,,80,147.1,1.0,,,COMPILE_FAIL,,,,75.0,86.0,,,,,,False,False,COMPILE_FAIL,s Reporter_ESTest /work/evo_out/Mockito_4f/budget120_seed1/tests/org/mockito/exceptions/Reporter_ESTest.java:1368: error: cannot find symbol       IsIn<Object> isIn0 = new IsIn<Object>(objectArray0);                                ^   symbol:   class IsIn   location: class Reporter_ESTest 10 errors ,EvoSuite/Result_Round2/Mockito_4/budget120_seed1,EvoSuite/Result_Round2/Mockito_4/budget120_seed1/run.log
Mockito,5,SBST,EvoSuite,1.2.0,org.mockito.internal.verification.VerificationOverTimeImpl,,1,60,LINE:BRANCH:EXCEPTION,default,offline,True,,9,69.4,0.8,2.1,241.7,SUCCESS,SUCCESS,63.89,75.0,61.0,78.0,9,0,9,0,,False,False,,,EvoSuite/Result_Round1/Mockito_5/budget60_seed1,EvoSuite/Result_Round1/Mockito_5/budget60_seed1/run.log
Mockito,5,SBST,EvoSuite,1.2.0,org.mockito.internal.verification.VerificationOverTimeImpl,,1,120,LINE:BRANCH:EXCEPTION,default,offline,True,,11,129.5,0.8,2.1,243.8,SUCCESS,SUCCESS,63.89,75.0,61.0,78.0,11,0,11,0,,False,False,,,EvoSuite/Result_Round2/Mockito_5/budget120_seed1,EvoSuite/Result_Round2/Mockito_5/budget120_seed1/run.log
Mockito,6,SBST,EvoSuite,1.2.0,org.mockito.Matchers,,1,60,LINE:BRANCH:EXCEPTION,default,offline,True,,47,21.3,0.9,,,COMPILE_FAIL,,,,100.0,100.0,,,,,,False,False,COMPILE_FAIL,mockito/Matchers_ESTest.java uses or overrides a deprecated API. Note: Recompile with -Xlint:deprecation for details. Note: /work/evo_out/Mockito_6f/budget60_seed1/tests/org/mockito/Matchers_ESTest.java uses unchecked or unsafe operations. Note: Recompile with -Xlint:unchecked for details. 6 errors ,EvoSuite/Result_Round1/Mockito_6/budget60_seed1,EvoSuite/Result_Round1/Mockito_6/budget60_seed1/run.log
Mockito,6,SBST,EvoSuite,1.2.0,org.mockito.Matchers,,1,120,LINE:BRANCH:EXCEPTION,default,offline,True,,47,22.0,0.9,,,COMPILE_FAIL,,,,100.0,100.0,,,,,,False,False,COMPILE_FAIL,ockito/Matchers_ESTest.java uses or overrides a deprecated API. Note: Recompile with -Xlint:deprecation for details. Note: /work/evo_out/Mockito_6f/budget120_seed1/tests/org/mockito/Matchers_ESTest.java uses unchecked or unsafe operations. Note: Recompile with -Xlint:unchecked for details. 8 errors ,EvoSuite/Result_Round2/Mockito_6/budget120_seed1,EvoSuite/Result_Round2/Mockito_6/budget120_seed1/run.log
Mockito,7,SBST,EvoSuite,1.2.0,org.mockito.internal.util.reflection.GenericMetadataSupport,,1,60,LINE:BRANCH:EXCEPTION,default,offline,True,,12,72.9,0.8,2.6,252.6,SUCCESS,SUCCESS,7.14,6.25,16.0,18.0,12,0,12,0,,False,False,,,EvoSuite/Result_Round1/Mockito_7/budget60_seed1,EvoSuite/Result_Round1/Mockito_7/budget60_seed1/run.log
Mockito,7,SBST,EvoSuite,1.2.0,org.mockito.internal.util.reflection.GenericMetadataSupport,,1,120,LINE:BRANCH:EXCEPTION,default,offline,True,,13,130.1,0.9,2.6,249.0,SUCCESS,SUCCESS,0.0,0.0,16.0,20.0,13,0,13,0,,False,False,,,EvoSuite/Result_Round2/Mockito_7/budget120_seed1,EvoSuite/Result_Round2/Mockito_7/budget120_seed1/run.log
Mockito,8,SBST,EvoSuite,1.2.0,org.mockito.internal.util.reflection.GenericMetadataSupport,,1,60,LINE:BRANCH:EXCEPTION,default,offline,True,,12,71.9,0.8,2.5,250.7,SUCCESS,SUCCESS,7.14,6.25,16.0,18.0,12,0,12,0,,False,False,,,EvoSuite/Result_Round1/Mockito_8/budget60_seed1,EvoSuite/Result_Round1/Mockito_8/budget60_seed1/run.log
Mockito,8,SBST,EvoSuite,1.2.0,org.mockito.internal.util.reflection.GenericMetadataSupport,,1,120,LINE:BRANCH:EXCEPTION,default,offline,True,,13,132.6,0.8,2.4,250.7,SUCCESS,SUCCESS,0.0,0.0,16.0,20.0,13,0,13,0,,False,False,,,EvoSuite/Result_Round2/Mockito_8/budget120_seed1,EvoSuite/Result_Round2/Mockito_8/budget120_seed1/run.log
Mockito,9,SBST,EvoSuite,1.2.0,org.mockito.internal.stubbing.answers.CallsRealMethods,,1,60,LINE:BRANCH:EXCEPTION,default,offline,True,,1,65.5,0.6,1.7,240.9,SUCCESS,SUCCESS,25.0,0.0,50.0,33.0,1,0,1,0,,False,False,,,EvoSuite/Result_Round1/Mockito_9/budget60_seed1,EvoSuite/Result_Round1/Mockito_9/budget60_seed1/run.log
Mockito,9,SBST,EvoSuite,1.2.0,org.mockito.internal.stubbing.answers.CallsRealMethods,,1,120,LINE:BRANCH:EXCEPTION,default,offline,True,,1,124.8,0.6,1.7,213.5,SUCCESS,SUCCESS,25.0,0.0,50.0,33.0,1,0,1,0,,False,False,,,EvoSuite/Result_Round2/Mockito_9/budget120_seed1,EvoSuite/Result_Round2/Mockito_9/budget120_seed1/run.log
Mockito,10,SBST,EvoSuite,1.2.0,org.mockito.internal.stubbing.defaultanswers.ReturnsDeepStubs,,1,60,LINE:BRANCH:EXCEPTION,default,offline,True,,3,68.2,0.7,3.6,239.3,SUCCESS,SUCCESS,6.25,0.0,10.0,10.0,3,0,3,0,,False,False,,,EvoSuite/Result_Round1/Mockito_10/budget60_seed1,EvoSuite/Result_Round1/Mockito_10/budget60_seed1/run.log
Mockito,10,SBST,EvoSuite,1.2.0,org.mockito.internal.stubbing.defaultanswers.ReturnsDeepStubs,,1,120,LINE:BRANCH:EXCEPTION,default,offline,True,,3,127.3,0.7,3.1,243.8,SUCCESS,SUCCESS,6.25,0.0,10.0,10.0,3,0,3,0,,False,False,,,EvoSuite/Result_Round2/Mockito_10/budget120_seed1,EvoSuite/Result_Round2/Mockito_10/budget120_seed1/run.log
Mockito,11,SBST,EvoSuite,1.2.0,org.mockito.internal.creation.DelegatingMethod,,1,60,LINE:BRANCH:EXCEPTION,default,offline,True,,1,65.6,0.7,1.2,234.0,SUCCESS,SUCCESS,26.32,0.0,11.0,12.0,1,0,1,0,,False,False,,,EvoSuite/Result_Round1/Mockito_11/budget60_seed1,EvoSuite/Result_Round1/Mockito_11/budget60_seed1/run.log
Mockito,11,SBST,EvoSuite,1.2.0,org.mockito.internal.creation.DelegatingMethod,,1,120,LINE:BRANCH:EXCEPTION,default,offline,True,,1,125.2,0.7,1.2,237.6,SUCCESS,SUCCESS,26.32,0.0,11.0,12.0,1,0,1,0,,False,False,,,EvoSuite/Result_Round2/Mockito_11/budget120_seed1,EvoSuite/Result_Round2/Mockito_11/budget120_seed1/run.log
Mockito,12,SBST,EvoSuite,1.2.0,org.mockito.internal.util.reflection.GenericMaster,,1,60,LINE:BRANCH:EXCEPTION,default,offline,True,,1,65.1,0.7,1.3,104.8,SUCCESS,SUCCESS,11.11,0.0,22.0,11.0,1,0,1,0,,False,False,,,EvoSuite/Result_Round1/Mockito_12/budget60_seed1,EvoSuite/Result_Round1/Mockito_12/budget60_seed1/run.log
Mockito,12,SBST,EvoSuite,1.2.0,org.mockito.internal.util.reflection.GenericMaster,,1,120,LINE:BRANCH:EXCEPTION,default,offline,True,,1,125.2,0.7,1.2,157.7,SUCCESS,SUCCESS,11.11,0.0,22.0,11.0,1,0,1,0,,False,False,,,EvoSuite/Result_Round2/Mockito_12/budget120_seed1,EvoSuite/Result_Round2/Mockito_12/budget120_seed1/run.log
Mockito,13,SBST,EvoSuite,1.2.0,org.mockito.internal.MockHandler,,1,60,LINE:BRANCH:EXCEPTION,default,offline,True,,8,69.5,0.7,3.1,111.0,SUCCESS,SUCCESS,46.34,25.0,73.0,73.0,8,0,8,0,,False,False,,,EvoSuite/Result_Round1/Mockito_13/budget60_seed1,EvoSuite/Result_Round1/Mockito_13/budget60_seed1/run.log
Mockito,13,SBST,EvoSuite,1.2.0,org.mockito.internal.MockHandler,,1,120,LINE:BRANCH:EXCEPTION,default,offline,True,,9,130.2,0.8,3.3,163.6,SUCCESS,SUCCESS,46.34,25.0,80.0,80.0,9,0,9,0,,False,False,,,EvoSuite/Result_Round2/Mockito_13/budget120_seed1,EvoSuite/Result_Round2/Mockito_13/budget120_seed1/run.log
Mockito,14,SBST,EvoSuite,1.2.0,org.mockito.internal.MockHandler;org.mockito.internal.MockitoCore,,1,60,LINE:BRANCH:EXCEPTION,default,offline,True,,33,144.1,0.8,4.4,187.0,SUCCESS,SUCCESS,53.27,63.89,78.0,74.0,33,0,33,0,,False,False,,,EvoSuite/Result_Round1/Mockito_14/budget60_seed1,EvoSuite/Result_Round1/Mockito_14/budget60_seed1/run.log
Mockito,14,SBST,EvoSuite,1.2.0,org.mockito.internal.MockHandler;org.mockito.internal.MockitoCore,,1,120,LINE:BRANCH:EXCEPTION,default,offline,True,,35,265.6,0.9,4.7,300.8,SUCCESS,SUCCESS,55.14,66.67,83.5,87.0,35,0,35,0,,False,False,,,EvoSuite/Result_Round2/Mockito_14/budget120_seed1,EvoSuite/Result_Round2/Mockito_14/budget120_seed1/run.log
Mockito,15,SBST,EvoSuite,1.2.0,org.mockito.internal.configuration.injection.FinalMockCandidateFilter,,1,60,LINE:BRANCH:EXCEPTION,default,offline,True,,3,65.9,0.7,1.2,106.1,SUCCESS,SUCCESS,100.0,100.0,42.0,62.0,3,0,3,0,,False,False,,,EvoSuite/Result_Round1/Mockito_15/budget60_seed1,EvoSuite/Result_Round1/Mockito_15/budget60_seed1/run.log
Mockito,15,SBST,EvoSuite,1.2.0,org.mockito.internal.configuration.injection.FinalMockCandidateFilter,,1,120,LINE:BRANCH:EXCEPTION,default,offline,True,,3,125.7,0.7,1.2,157.9,SUCCESS,SUCCESS,100.0,100.0,42.0,62.0,3,0,3,0,,False,False,,,EvoSuite/Result_Round2/Mockito_15/budget120_seed1,EvoSuite/Result_Round2/Mockito_15/budget120_seed1/run.log
Mockito,16,SBST,EvoSuite,1.2.0,org.mockito.internal.MockitoCore;org.mockito.Mockito,,1,60,LINE:BRANCH:EXCEPTION,default,offline,True,,61,153.1,0.9,4.5,194.1,SUCCESS,SUCCESS,60.58,82.14,88.5,90.0,59,0,59,0,,False,False,,,EvoSuite/Result_Round1/Mockito_16/budget60_seed1,EvoSuite/Result_Round1/Mockito_16/budget60_seed1/run.log
Mockito,16,SBST,EvoSuite,1.2.0,org.mockito.internal.MockitoCore;org.mockito.Mockito,,1,120,LINE:BRANCH:EXCEPTION,default,offline,True,,61,274.1,1.0,5.0,308.0,SUCCESS,RUNTIME_FAIL,59.62,82.14,88.5,90.0,60,1,60,1,test05(org.mockito.Mockito_ESTest),False,False,,,EvoSuite/Result_Round2/Mockito_16/budget120_seed1,EvoSuite/Result_Round2/Mockito_16/budget120_seed1/run.log
Mockito,17,SBST,EvoSuite,1.2.0,org.mockito.internal.creation.MockSettingsImpl;org.mockito.internal.util.MockUtil,,1,60,LINE:BRANCH:EXCEPTION,default,offline,True,,26,83.6,0.8,3.1,125.8,SUCCESS,SUCCESS,68.75,71.88,81.0,82.5,25,0,25,0,,False,False,,,EvoSuite/Result_Round1/Mockito_17/budget60_seed1,EvoSuite/Result_Round1/Mockito_17/budget60_seed1/run.log
Mockito,17,SBST,EvoSuite,1.2.0,org.mockito.internal.creation.MockSettingsImpl;org.mockito.internal.util.MockUtil,,1,120,LINE:BRANCH:EXCEPTION,default,offline,True,,26,141.6,0.8,3.0,173.4,SUCCESS,SUCCESS,68.75,71.88,81.0,82.5,25,0,25,0,,False,False,,,EvoSuite/Result_Round2/Mockito_17/budget120_seed1,EvoSuite/Result_Round2/Mockito_17/budget120_seed1/run.log
Mockito,18,SBST,EvoSuite,1.2.0,org.mockito.internal.stubbing.defaultanswers.ReturnsEmptyValues,,1,60,LINE:BRANCH:EXCEPTION,default,offline,True,,2,67.4,0.7,3.3,235.2,SUCCESS,SUCCESS,43.48,40.0,46.0,41.0,2,0,2,0,,False,False,,,EvoSuite/Result_Round1/Mockito_18/budget60_seed1,EvoSuite/Result_Round1/Mockito_18/budget60_seed1/run.log
Mockito,18,SBST,EvoSuite,1.2.0,org.mockito.internal.stubbing.defaultanswers.ReturnsEmptyValues,,1,120,LINE:BRANCH:EXCEPTION,default,offline,True,,2,127.6,0.8,3.8,250.9,SUCCESS,SUCCESS,43.48,40.0,46.0,41.0,2,0,2,0,,False,False,,,EvoSuite/Result_Round2/Mockito_18/budget120_seed1,EvoSuite/Result_Round2/Mockito_18/budget120_seed1/run.log
Mockito,19,SBST,EvoSuite,1.2.0,org.mockito.internal.configuration.injection.filter.FinalMockCandidateFilter;org.mockito.internal.configuration.injection.filter.MockCandidateFilter;org.mockito.internal.configuration.injection.filter.NameBasedCandidateFilter;org.mockito.internal.configuration.injection.filter.TypeBasedCandidateFilter;org.mockito.internal.configuration.injection.PropertyAndSetterInjection,,1,60,LINE:BRANCH:EXCEPTION,default,offline,True,,8,267.5,0.9,2.9,432.7,SUCCESS,SUCCESS,33.33,30.0,57.2,53.2,9,0,9,7,test1(org.mockito.internal.configuration.injection.filter.FinalMockCandidateFilter_ESTest);test0(org.mockito.internal.configuration.injection.filter.FinalMockCandidateFilter_ESTest);test2(org.mockito.internal.configuration.injection.filter.NameBasedCandidateFilter_ESTest);test1(org.mockito.internal.configuration.injection.filter.NameBasedCandidateFilter_ESTest);test0(org.mockito.internal.configuration.injection.filter.NameBasedCandidateFilter_ESTest),True,False,,,EvoSuite/Result_Round1/Mockito_19/budget60_seed1,EvoSuite/Result_Round1/Mockito_19/budget60_seed1/run.log
Mockito,19,SBST,EvoSuite,1.2.0,org.mockito.internal.configuration.injection.filter.FinalMockCandidateFilter;org.mockito.internal.configuration.injection.filter.MockCandidateFilter;org.mockito.internal.configuration.injection.filter.NameBasedCandidateFilter;org.mockito.internal.configuration.injection.filter.TypeBasedCandidateFilter;org.mockito.internal.configuration.injection.PropertyAndSetterInjection,,1,120,LINE:BRANCH:EXCEPTION,default,offline,True,,8,507.6,0.9,2.8,621.1,SUCCESS,SUCCESS,33.33,30.0,57.2,53.2,9,0,9,7,test1(org.mockito.internal.configuration.injection.filter.FinalMockCandidateFilter_ESTest);test0(org.mockito.internal.configuration.injection.filter.FinalMockCandidateFilter_ESTest);test2(org.mockito.internal.configuration.injection.filter.NameBasedCandidateFilter_ESTest);test1(org.mockito.internal.configuration.injection.filter.NameBasedCandidateFilter_ESTest);test0(org.mockito.internal.configuration.injection.filter.NameBasedCandidateFilter_ESTest),True,False,,,EvoSuite/Result_Round2/Mockito_19/budget120_seed1,EvoSuite/Result_Round2/Mockito_19/budget120_seed1/run.log
Mockito,20,SBST,EvoSuite,1.2.0,org.mockito.internal.creation.bytebuddy.ByteBuddyMockMaker,,1,60,LINE:BRANCH:EXCEPTION,default,offline,True,,8,71.9,0.9,3.8,253.3,SUCCESS,SUCCESS,56.1,40.0,61.0,50.0,8,0,8,0,,False,False,,,EvoSuite/Result_Round1/Mockito_20/budget60_seed1,EvoSuite/Result_Round1/Mockito_20/budget60_seed1/run.log
Mockito,20,SBST,EvoSuite,1.2.0,org.mockito.internal.creation.bytebuddy.ByteBuddyMockMaker,,1,120,LINE:BRANCH:EXCEPTION,default,offline,True,,8,131.0,0.8,3.5,244.3,SUCCESS,SUCCESS,56.1,40.0,61.0,50.0,8,0,8,0,,False,False,,,EvoSuite/Result_Round2/Mockito_20/budget120_seed1,EvoSuite/Result_Round2/Mockito_20/budget120_seed1/run.log
Mockito,21,SBST,EvoSuite,1.2.0,org.mockito.internal.creation.instance.ConstructorInstantiator,,1,60,LINE:BRANCH:EXCEPTION,default,offline,True,,4,66.8,0.8,1.3,234.8,SUCCESS,SUCCESS,76.92,66.67,92.0,80.0,4,0,4,0,,False,False,,,EvoSuite/Result_Round1/Mockito_21/budget60_seed1,EvoSuite/Result_Round1/Mockito_21/budget60_seed1/run.log
Mockito,21,SBST,EvoSuite,1.2.0,org.mockito.internal.creation.instance.ConstructorInstantiator,,1,120,LINE:BRANCH:EXCEPTION,default,offline,True,,4,126.5,0.7,1.2,244.0,SUCCESS,SUCCESS,76.92,66.67,92.0,80.0,4,0,4,0,,False,False,,,EvoSuite/Result_Round2/Mockito_21/budget120_seed1,EvoSuite/Result_Round2/Mockito_21/budget120_seed1/run.log
Mockito,22,SBST,EvoSuite,1.2.0,org.mockito.internal.matchers.Equality,,1,60,LINE:BRANCH:EXCEPTION,default,offline,True,,11,67.3,0.7,1.2,146.1,SUCCESS,SUCCESS,60.0,38.46,73.0,43.0,11,0,11,0,,False,False,,,EvoSuite/Result_Round1/Mockito_22/budget60_seed1,EvoSuite/Result_Round1/Mockito_22/budget60_seed1/run.log
Mockito,22,SBST,EvoSuite,1.2.0,org.mockito.internal.matchers.Equality,,1,120,LINE:BRANCH:EXCEPTION,default,offline,True,,11,127.2,0.7,1.3,186.2,SUCCESS,SUCCESS,60.0,38.46,73.0,43.0,11,0,11,0,,False,False,,,EvoSuite/Result_Round2/Mockito_22/budget120_seed1,EvoSuite/Result_Round2/Mockito_22/budget120_seed1/run.log
Mockito,23,SBST,EvoSuite,1.2.0,org.mockito.internal.stubbing.defaultanswers.ReturnsDeepStubs,,1,60,LINE:BRANCH:EXCEPTION,default,offline,True,,3,67.1,0.7,3.4,151.9,SUCCESS,SUCCESS,5.56,0.0,10.0,9.0,3,0,3,0,,False,False,,,EvoSuite/Result_Round1/Mockito_23/budget60_seed1,EvoSuite/Result_Round1/Mockito_23/budget60_seed1/run.log
Mockito,23,SBST,EvoSuite,1.2.0,org.mockito.internal.stubbing.defaultanswers.ReturnsDeepStubs,,1,120,LINE:BRANCH:EXCEPTION,default,offline,True,,3,127.3,0.7,3.3,188.8,SUCCESS,SUCCESS,5.56,0.0,10.0,9.0,3,0,3,0,,False,False,,,EvoSuite/Result_Round2/Mockito_23/budget120_seed1,EvoSuite/Result_Round2/Mockito_23/budget120_seed1/run.log
Mockito,24,SBST,EvoSuite,1.2.0,org.mockito.internal.stubbing.defaultanswers.ReturnsEmptyValues,,1,60,LINE:BRANCH:EXCEPTION,default,offline,True,,2,66.7,0.7,2.6,146.8,SUCCESS,SUCCESS,43.18,39.47,45.0,41.0,2,0,2,0,,False,False,,,EvoSuite/Result_Round1/Mockito_24/budget60_seed1,EvoSuite/Result_Round1/Mockito_24/budget60_seed1/run.log
Mockito,24,SBST,EvoSuite,1.2.0,org.mockito.internal.stubbing.defaultanswers.ReturnsEmptyValues,,1,120,LINE:BRANCH:EXCEPTION,default,offline,True,,2,126.7,0.7,2.5,187.5,SUCCESS,SUCCESS,43.18,39.47,45.0,41.0,2,0,2,0,,False,False,,,EvoSuite/Result_Round2/Mockito_24/budget120_seed1,EvoSuite/Result_Round2/Mockito_24/budget120_seed1/run.log
Mockito,25,SBST,EvoSuite,1.2.0,org.mockito.internal.stubbing.defaultanswers.ReturnsDeepStubs,,1,60,LINE:BRANCH:EXCEPTION,default,offline,True,,3,67.6,0.8,3.6,131.9,SUCCESS,SUCCESS,10.71,0.0,17.0,12.0,3,0,3,0,,False,False,,,EvoSuite/Result_Round1/Mockito_25/budget60_seed1,EvoSuite/Result_Round1/Mockito_25/budget60_seed1/run.log
Mockito,25,SBST,EvoSuite,1.2.0,org.mockito.internal.stubbing.defaultanswers.ReturnsDeepStubs,,1,120,LINE:BRANCH:EXCEPTION,default,offline,True,,3,127.4,0.8,3.4,185.2,SUCCESS,SUCCESS,10.71,0.0,17.0,12.0,3,0,3,0,,False,False,,,EvoSuite/Result_Round2/Mockito_25/budget120_seed1,EvoSuite/Result_Round2/Mockito_25/budget120_seed1/run.log
Mockito,26,SBST,EvoSuite,1.2.0,org.mockito.internal.util.Primitives,,1,60,LINE:BRANCH:EXCEPTION,default,offline,True,,7,7.6,0.7,1.3,70.5,SUCCESS,SUCCESS,100.0,100.0,100.0,100.0,7,0,7,0,,False,False,,,EvoSuite/Result_Round1/Mockito_26/budget60_seed1,EvoSuite/Result_Round1/Mockito_26/budget60_seed1/run.log
Mockito,26,SBST,EvoSuite,1.2.0,org.mockito.internal.util.Primitives,,1,120,LINE:BRANCH:EXCEPTION,default,offline,True,,7,8.3,0.8,1.6,62.3,SUCCESS,SUCCESS,100.0,100.0,100.0,100.0,7,0,7,0,,False,False,,,EvoSuite/Result_Round2/Mockito_26/budget120_seed1,EvoSuite/Result_Round2/Mockito_26/budget120_seed1/run.log
Mockito,27,SBST,EvoSuite,1.2.0,org.mockito.internal.util.MockUtil,,1,60,LINE:BRANCH:EXCEPTION,default,offline,True,,11,70.8,0.8,2.7,121.6,SUCCESS,SUCCESS,63.41,63.64,68.0,70.0,11,0,11,0,,False,False,,,EvoSuite/Result_Round1/Mockito_27/budget60_seed1,EvoSuite/Result_Round1/Mockito_27/budget60_seed1/run.log
Mockito,27,SBST,EvoSuite,1.2.0,org.mockito.internal.util.MockUtil,,1,120,LINE:BRANCH:EXCEPTION,default,offline,True,,11,131.6,0.8,3.0,170.7,SUCCESS,SUCCESS,63.41,63.64,68.0,70.0,11,0,11,0,,False,False,,,EvoSuite/Result_Round2/Mockito_27/budget120_seed1,EvoSuite/Result_Round2/Mockito_27/budget120_seed1/run.log
Mockito,28,SBST,EvoSuite,1.2.0,org.mockito.internal.configuration.DefaultInjectionEngine,,1,60,LINE:BRANCH:EXCEPTION,default,offline,True,,2,66.1,0.7,1.4,108.0,SUCCESS,SUCCESS,30.43,33.33,27.0,31.0,2,0,2,0,,False,False,,,EvoSuite/Result_Round1/Mockito_28/budget60_seed1,EvoSuite/Result_Round1/Mockito_28/budget60_seed1/run.log
Mockito,28,SBST,EvoSuite,1.2.0,org.mockito.internal.configuration.DefaultInjectionEngine,,1,120,LINE:BRANCH:EXCEPTION,default,offline,True,,2,126.3,0.9,1.6,161.8,SUCCESS,SUCCESS,30.43,33.33,27.0,31.0,2,0,2,0,,False,False,,,EvoSuite/Result_Round2/Mockito_28/budget120_seed1,EvoSuite/Result_Round2/Mockito_28/budget120_seed1/run.log
Mockito,29,SBST,EvoSuite,1.2.0,org.mockito.internal.matchers.Same,,1,60,LINE:BRANCH:EXCEPTION,default,offline,True,,7,30.1,0.8,1.5,73.4,SUCCESS,SUCCESS,100.0,100.0,100.0,100.0,7,0,7,1,test4(org.mockito.internal.matchers.Same_ESTest),True,False,,,EvoSuite/Result_Round1/Mockito_29/budget60_seed1,EvoSuite/Result_Round1/Mockito_29/budget60_seed1/run.log
Mockito,29,SBST,EvoSuite,1.2.0,org.mockito.internal.matchers.Same,,1,120,LINE:BRANCH:EXCEPTION,default,offline,True,,7,33.8,0.8,1.4,68.3,SUCCESS,SUCCESS,100.0,100.0,100.0,100.0,7,0,7,1,test1(org.mockito.internal.matchers.Same_ESTest),True,False,,,EvoSuite/Result_Round2/Mockito_29/budget120_seed1,EvoSuite/Result_Round2/Mockito_29/budget120_seed1/run.log
Mockito,30,SBST,EvoSuite,1.2.0,org.mockito.exceptions.Reporter;org.mockito.internal.stubbing.defaultanswers.ReturnsSmartNulls,,1,60,LINE:BRANCH:EXCEPTION,default,offline,True,,59,147.0,0.9,4.7,192.9,SUCCESS,SUCCESS,62.38,50.0,54.0,54.5,59,0,59,2,test04(org.mockito.exceptions.Reporter_ESTest);test23(org.mockito.exceptions.Reporter_ESTest),True,False,,,EvoSuite/Result_Round1/Mockito_30/budget60_seed1,EvoSuite/Result_Round1/Mockito_30/budget60_seed1/run.log
Mockito,30,SBST,EvoSuite,1.2.0,org.mockito.exceptions.Reporter;org.mockito.internal.stubbing.defaultanswers.ReturnsSmartNulls,,1,120,LINE:BRANCH:EXCEPTION,default,offline,True,,60,266.6,1.0,4.8,303.7,SUCCESS,SUCCESS,71.29,33.33,57.5,55.0,60,0,60,2,test09(org.mockito.exceptions.Reporter_ESTest);test26(org.mockito.exceptions.Reporter_ESTest),True,False,,,EvoSuite/Result_Round2/Mockito_30/budget120_seed1,EvoSuite/Result_Round2/Mockito_30/budget120_seed1/run.log
Mockito,31,SBST,EvoSuite,1.2.0,org.mockito.internal.stubbing.defaultanswers.ReturnsSmartNulls,,1,60,LINE:BRANCH:EXCEPTION,default,offline,True,,1,66.1,0.7,2.2,109.2,SUCCESS,SUCCESS,22.22,0.0,16.0,12.0,1,0,1,0,,False,False,,,EvoSuite/Result_Round1/Mockito_31/budget60_seed1,EvoSuite/Result_Round1/Mockito_31/budget60_seed1/run.log
Mockito,31,SBST,EvoSuite,1.2.0,org.mockito.internal.stubbing.defaultanswers.ReturnsSmartNulls,,1,120,LINE:BRANCH:EXCEPTION,default,offline,True,,1,126.1,0.7,2.1,160.3,SUCCESS,SUCCESS,22.22,0.0,16.0,12.0,1,0,1,0,,False,False,,,EvoSuite/Result_Round2/Mockito_31/budget120_seed1,EvoSuite/Result_Round2/Mockito_31/budget120_seed1/run.log
Mockito,32,SBST,EvoSuite,1.2.0,org.mockito.internal.configuration.SpyAnnotationEngine,,1,60,LINE:BRANCH:EXCEPTION,default,offline,True,,5,67.5,0.7,2.3,109.1,SUCCESS,SUCCESS,32.0,41.67,35.0,50.0,5,0,5,0,,False,False,,,EvoSuite/Result_Round1/Mockito_32/budget60_seed1,EvoSuite/Result_Round1/Mockito_32/budget60_seed1/run.log
Mockito,32,SBST,EvoSuite,1.2.0,org.mockito.internal.configuration.SpyAnnotationEngine,,1,120,LINE:BRANCH:EXCEPTION,default,offline,True,,5,127.2,0.7,2.3,162.1,SUCCESS,SUCCESS,32.0,41.67,35.0,50.0,5,0,5,0,,False,False,,,EvoSuite/Result_Round2/Mockito_32/budget120_seed1,EvoSuite/Result_Round2/Mockito_32/budget120_seed1/run.log
Mockito,33,SBST,EvoSuite,1.2.0,org.mockito.internal.invocation.InvocationMatcher,,1,60,LINE:BRANCH:EXCEPTION,default,offline,True,,13,73.4,0.9,3.9,119.3,SUCCESS,SUCCESS,39.62,11.9,49.0,25.0,13,0,13,0,,False,False,,,EvoSuite/Result_Round1/Mockito_33/budget60_seed1,EvoSuite/Result_Round1/Mockito_33/budget60_seed1/run.log
Mockito,33,SBST,EvoSuite,1.2.0,org.mockito.internal.invocation.InvocationMatcher,,1,120,LINE:BRANCH:EXCEPTION,default,offline,True,,13,132.5,0.8,3.5,169.7,SUCCESS,SUCCESS,39.62,9.52,47.0,23.0,13,0,13,0,,False,False,,,EvoSuite/Result_Round2/Mockito_33/budget120_seed1,EvoSuite/Result_Round2/Mockito_33/budget120_seed1/run.log
Mockito,34,SBST,EvoSuite,1.2.0,org.mockito.internal.invocation.InvocationMatcher,,1,60,LINE:BRANCH:EXCEPTION,default,offline,True,,11,71.0,0.9,3.4,113.9,SUCCESS,SUCCESS,36.84,10.0,50.0,29.0,11,0,11,0,,False,False,,,EvoSuite/Result_Round1/Mockito_34/budget60_seed1,EvoSuite/Result_Round1/Mockito_34/budget60_seed1/run.log
Mockito,34,SBST,EvoSuite,1.2.0,org.mockito.internal.invocation.InvocationMatcher,,1,120,LINE:BRANCH:EXCEPTION,default,offline,True,,13,131.7,0.9,3.5,164.8,SUCCESS,SUCCESS,36.84,10.0,53.0,32.0,13,0,13,0,,False,False,,,EvoSuite/Result_Round2/Mockito_34/budget120_seed1,EvoSuite/Result_Round2/Mockito_34/budget120_seed1/run.log
Mockito,35,SBST,EvoSuite,1.2.0,org.mockito.Matchers,,1,60,LINE:BRANCH:EXCEPTION,default,offline,True,,47,19.4,0.9,,,COMPILE_FAIL,,,,100.0,100.0,,,,,,False,False,COMPILE_FAIL,isOneOf(floatArray0);                                 ^   symbol:   variable IsIn   location: class Matchers_ESTest Note: /work/evo_out/Mockito_35f/budget60_seed1/tests/org/mockito/Matchers_ESTest.java uses or overrides a deprecated API. Note: Recompile with -Xlint:deprecation for details. 9 errors ,EvoSuite/Result_Round1/Mockito_35/budget60_seed1,EvoSuite/Result_Round1/Mockito_35/budget60_seed1/run.log
Mockito,35,SBST,EvoSuite,1.2.0,org.mockito.Matchers,,1,120,LINE:BRANCH:EXCEPTION,default,offline,True,,47,19.1,0.8,,,COMPILE_FAIL,,,,100.0,100.0,,,,,,False,False,COMPILE_FAIL,long0);                                ^   symbol:   variable OrderingComparison   location: class Matchers_ESTest Note: /work/evo_out/Mockito_35f/budget120_seed1/tests/org/mockito/Matchers_ESTest.java uses or overrides a deprecated API. Note: Recompile with -Xlint:deprecation for details. 2 errors ,EvoSuite/Result_Round2/Mockito_35/budget120_seed1,EvoSuite/Result_Round2/Mockito_35/budget120_seed1/run.log
Mockito,36,SBST,EvoSuite,1.2.0,org.mockito.internal.invocation.Invocation,,1,60,LINE:BRANCH:EXCEPTION,default,offline,True,,2,67.2,0.7,2.2,106.0,SUCCESS,SUCCESS,5.56,0.0,8.0,3.0,2,0,2,0,,False,False,,,EvoSuite/Result_Round1/Mockito_36/budget60_seed1,EvoSuite/Result_Round1/Mockito_36/budget60_seed1/run.log
Mockito,36,SBST,EvoSuite,1.2.0,org.mockito.internal.invocation.Invocation,,1,120,LINE:BRANCH:EXCEPTION,default,offline,True,,2,127.1,0.7,2.0,157.9,SUCCESS,SUCCESS,5.56,0.0,8.0,3.0,2,0,2,0,,False,False,,,EvoSuite/Result_Round2/Mockito_36/budget120_seed1,EvoSuite/Result_Round2/Mockito_36/budget120_seed1/run.log
Mockito,37,SBST,EvoSuite,1.2.0,org.mockito.internal.stubbing.answers.AnswersValidator,,1,60,LINE:BRANCH:EXCEPTION,default,offline,True,,7,68.1,0.7,2.6,108.0,SUCCESS,SUCCESS,37.5,43.33,62.0,48.0,7,0,7,1,test6(org.mockito.internal.stubbing.answers.AnswersValidator_ESTest),True,False,,,EvoSuite/Result_Round1/Mockito_37/budget60_seed1,EvoSuite/Result_Round1/Mockito_37/budget60_seed1/run.log
Mockito,37,SBST,EvoSuite,1.2.0,org.mockito.internal.stubbing.answers.AnswersValidator,,1,120,LINE:BRANCH:EXCEPTION,default,offline,True,,7,128.5,1.0,3.2,161.2,SUCCESS,SUCCESS,37.5,43.33,62.0,48.0,7,0,7,1,test6(org.mockito.internal.stubbing.answers.AnswersValidator_ESTest),True,False,,,EvoSuite/Result_Round2/Mockito_37/budget120_seed1,EvoSuite/Result_Round2/Mockito_37/budget120_seed1/run.log
Mockito,38,SBST,EvoSuite,1.2.0,org.mockito.internal.verification.argumentmatching.ArgumentMatchingTool,,1,60,LINE:BRANCH:EXCEPTION,default,offline,True,,1,66.3,0.7,1.2,105.7,SUCCESS,SUCCESS,5.56,0.0,11.0,6.0,1,0,1,0,,False,False,,,EvoSuite/Result_Round1/Mockito_38/budget60_seed1,EvoSuite/Result_Round1/Mockito_38/budget60_seed1/run.log
Mockito,38,SBST,EvoSuite,1.2.0,org.mockito.internal.verification.argumentmatching.ArgumentMatchingTool,,1,120,LINE:BRANCH:EXCEPTION,default,offline,True,,1,126.1,0.7,1.3,155.5,SUCCESS,SUCCESS,5.56,0.0,11.0,6.0,1,0,1,0,,False,False,,,EvoSuite/Result_Round2/Mockito_38/budget120_seed1,EvoSuite/Result_Round2/Mockito_38/budget120_seed1/run.log
Time,2,SBST,EvoSuite,1.2.0,org.joda.time.field.UnsupportedDurationField;org.joda.time.Partial,,1,120,LINE:BRANCH:EXCEPTION,default,offline,True,,120,315.1,1.1,7.3,337.0,SUCCESS,SUCCESS,96.39,94.07,97.0,94.0,118,0,62,3,testToString_String(org.joda.time.TestYearMonthDay_Basics)junit.framework.ComparisonFailure:;testToString_DTFormatter(org.joda.time.TestYearMonthDay_Basics)junit.framework.ComparisonFailure:;testToString_String_Locale(org.joda.time.TestYearMonthDay_Basics)junit.framework.ComparisonFailure:;test11(org.joda.time.field.UnsupportedDurationField_ESTest);test16(org.joda.time.field.UnsupportedDurationField_ESTest),True,False,,,EvoSuite/Result_Round2/Time_2/budget120_seed1,EvoSuite/Result_Round2/Time_2/budget120_seed1/run.log
Time,3,SBST,EvoSuite,1.2.0,org.joda.time.MutableDateTime,,1,60,LINE:BRANCH:EXCEPTION,default,offline,True,,134,125.8,1.3,7.7,169.6,SUCCESS,SUCCESS,96.21,96.83,96.0,98.0,37,0,37,0,,False,False,,,EvoSuite/Result_Round1/Time_3/budget60_seed1,EvoSuite/Result_Round1/Time_3/budget60_seed1/run.log
Time,3,SBST,EvoSuite,1.2.0,org.joda.time.MutableDateTime,,1,120,LINE:BRANCH:EXCEPTION,default,offline,True,,141,189.2,1.1,7.6,210.8,SUCCESS,SUCCESS,97.63,98.41,96.0,98.0,37,0,37,0,,False,False,,,EvoSuite/Result_Round2/Time_3/budget120_seed1,EvoSuite/Result_Round2/Time_3/budget120_seed1/run.log
Time,4,SBST,EvoSuite,1.2.0,org.joda.time.Partial,,1,60,LINE:BRANCH:EXCEPTION,default,offline,True,,80,108.9,1.0,6.8,152.3,SUCCESS,SUCCESS,98.26,96.23,97.0,97.0,80,0,62,3,testToString_String(org.joda.time.TestYearMonthDay_Basics)junit.framework.ComparisonFailure:;testToString_DTFormatter(org.joda.time.TestYearMonthDay_Basics)junit.framework.ComparisonFailure:;testToString_String_Locale(org.joda.time.TestYearMonthDay_Basics)junit.framework.ComparisonFailure:;test57(org.joda.time.Partial_ESTest),True,False,,,EvoSuite/Result_Round1/Time_4/budget60_seed1,EvoSuite/Result_Round1/Time_4/budget60_seed1/run.log
Time,4,SBST,EvoSuite,1.2.0,org.joda.time.Partial,,1,120,LINE:BRANCH:EXCEPTION,default,offline,True,,86,132.3,1.0,6.7,153.4,SUCCESS,SUCCESS,98.26,97.17,100.0,100.0,86,0,86,0,,False,False,,,EvoSuite/Result_Round2/Time_4/budget120_seed1,EvoSuite/Result_Round2/Time_4/budget120_seed1/run.log
Time,5,SBST,EvoSuite,1.2.0,org.joda.time.Period,,1,60,LINE:BRANCH:EXCEPTION,default,offline,True,,134,114.8,1.1,6.8,158.1,SUCCESS,SUCCESS,98.96,100.0,100.0,100.0,134,0,134,1,test065(org.joda.time.Period_ESTest),True,False,,,EvoSuite/Result_Round1/Time_5/budget60_seed1,EvoSuite/Result_Round1/Time_5/budget60_seed1/run.log
Time,5,SBST,EvoSuite,1.2.0,org.joda.time.Period,,1,120,LINE:BRANCH:EXCEPTION,default,offline,True,,133,114.8,1.2,7.1,135.8,SUCCESS,SUCCESS,98.61,100.0,100.0,100.0,133,0,133,1,test064(org.joda.time.Period_ESTest),True,False,,,EvoSuite/Result_Round2/Time_5/budget120_seed1,EvoSuite/Result_Round2/Time_5/budget120_seed1/run.log
Time,6,SBST,EvoSuite,1.2.0,org.joda.time.chrono.GJChronology,,1,60,LINE:BRANCH:EXCEPTION,default,offline,True,,28,85.6,0.8,4.5,127.8,SUCCESS,SUCCESS,91.53,75.81,69.0,54.0,28,0,28,1,test16(org.joda.time.chrono.GJChronology_ESTest),True,False,,,EvoSuite/Result_Round1/Time_6/budget60_seed1,EvoSuite/Result_Round1/Time_6/budget60_seed1/run.log
Time,6,SBST,EvoSuite,1.2.0,org.joda.time.chrono.GJChronology,,1,120,LINE:BRANCH:EXCEPTION,default,offline,True,,35,156.2,0.8,4.8,174.9,SUCCESS,SUCCESS,93.79,83.87,69.0,59.0,35,0,35,2,test21(org.joda.time.chrono.GJChronology_ESTest);test01(org.joda.time.chrono.GJChronology_ESTest),True,False,,,EvoSuite/Result_Round2/Time_6/budget120_seed1,EvoSuite/Result_Round2/Time_6/budget120_seed1/run.log
Time,7,SBST,EvoSuite,1.2.0,org.joda.time.format.DateTimeFormatter,,1,60,LINE:BRANCH:EXCEPTION,default,offline,True,,115,230.1,1.3,6.1,274.8,SUCCESS,SUCCESS,92.79,88.64,91.0,91.0,112,0,112,0,,False,False,,,EvoSuite/Result_Round1/Time_7/budget60_seed1,EvoSuite/Result_Round1/Time_7/budget60_seed1/run.log
Time,7,SBST,EvoSuite,1.2.0,org.joda.time.format.DateTimeFormatter,,1,120,LINE:BRANCH:EXCEPTION,default,offline,True,,97,170.3,0.9,5.1,188.7,SUCCESS,SUCCESS,98.08,92.05,99.0,94.0,97,0,97,0,,False,False,,,EvoSuite/Result_Round2/Time_7/budget120_seed1,EvoSuite/Result_Round2/Time_7/budget120_seed1/run.log
JacksonCore,4,SBST,EvoSuite,1.2.0,com.fasterxml.jackson.core.util.TextBuffer,,1,60,LINE:BRANCH:EXCEPTION,default,offline,True,,71,78.5,,,,,TOOL_ERROR,,,97.0,97.0,,,,,,False,False,TOOL_ERROR,EvoSuite produced no test files,EvoSuite/Result_Round1/JacksonCore_4/budget60_seed1,EvoSuite/Result_Round1/JacksonCore_4/budget60_seed1/run.log
JacksonCore,8,SBST,EvoSuite,1.2.0,com.fasterxml.jackson.core.util.TextBuffer,,1,120,LINE:BRANCH:EXCEPTION,default,offline,True,,78,134.7,,,,,TOOL_ERROR,,,99.0,97.0,,,,,,False,False,TOOL_ERROR,EvoSuite produced no test files,EvoSuite/Result_Round2/JacksonCore_8/budget120_seed1,EvoSuite/Result_Round2/JacksonCore_8/budget120_seed1/run.log
JacksonDatabind,5,SBST,EvoSuite,1.2.0,com.fasterxml.jackson.databind.introspect.AnnotatedClass,,1,60,LINE:BRANCH:EXCEPTION,default,offline,True,,0,4.0,,,,,TOOL_ERROR,,,,,,,,,,False,False,TOOL_ERROR,EvoSuite produced no test files,EvoSuite/Result_Round1/JacksonDatabind_5/budget60_seed1,EvoSuite/Result_Round1/JacksonDatabind_5/budget60_seed1/run.log
JacksonDatabind,5,SBST,EvoSuite,1.2.0,com.fasterxml.jackson.databind.introspect.AnnotatedClass,,1,120,LINE:BRANCH:EXCEPTION,default,offline,True,,0,3.9,,,,,TOOL_ERROR,,,,,,,,,,False,False,TOOL_ERROR,EvoSuite produced no test files,EvoSuite/Result_Round2/JacksonDatabind_5/budget120_seed1,EvoSuite/Result_Round2/JacksonDatabind_5/budget120_seed1/run.log
JacksonDatabind,8,SBST,EvoSuite,1.2.0,com.fasterxml.jackson.databind.deser.impl.CreatorCollector,,1,60,LINE:BRANCH:EXCEPTION,default,offline,True,,0,6.7,,,,,TOOL_ERROR,,,,,,,,,,False,False,TOOL_ERROR,EvoSuite produced no test files,EvoSuite/Result_Round1/JacksonDatabind_8/budget60_seed1,EvoSuite/Result_Round1/JacksonDatabind_8/budget60_seed1/run.log
JacksonDatabind,8,SBST,EvoSuite,1.2.0,com.fasterxml.jackson.databind.deser.impl.CreatorCollector,,1,120,LINE:BRANCH:EXCEPTION,default,offline,True,,0,6.8,,,,,TOOL_ERROR,,,,,,,,,,False,False,TOOL_ERROR,EvoSuite produced no test files,EvoSuite/Result_Round2/JacksonDatabind_8/budget120_seed1,EvoSuite/Result_Round2/JacksonDatabind_8/budget120_seed1/run.log
JacksonDatabind,10,SBST,EvoSuite,1.2.0,com.fasterxml.jackson.databind.ser.AnyGetterWriter;com.fasterxml.jackson.databind.ser.BeanSerializerFactory,,1,60,LINE:BRANCH:EXCEPTION,default,offline,True,,0,16.3,,,,,TOOL_ERROR,,,,,,,,,,False,False,TOOL_ERROR,EvoSuite produced no test files,EvoSuite/Result_Round1/JacksonDatabind_10/budget60_seed1,EvoSuite/Result_Round1/JacksonDatabind_10/budget60_seed1/run.log
JacksonDatabind,10,SBST,EvoSuite,1.2.0,com.fasterxml.jackson.databind.ser.AnyGetterWriter;com.fasterxml.jackson.databind.ser.BeanSerializerFactory,,1,120,LINE:BRANCH:EXCEPTION,default,offline,True,,0,14.8,,,,,TOOL_ERROR,,,,,,,,,,False,False,TOOL_ERROR,EvoSuite produced no test files,EvoSuite/Result_Round2/JacksonDatabind_10/budget120_seed1,EvoSuite/Result_Round2/JacksonDatabind_10/budget120_seed1/run.log
JacksonDatabind,13,SBST,EvoSuite,1.2.0,com.fasterxml.jackson.databind.deser.DefaultDeserializationContext;com.fasterxml.jackson.databind.deser.impl.ObjectIdValueProperty,,1,60,LINE:BRANCH:EXCEPTION,default,offline,True,,0,12.4,,,,,TOOL_ERROR,,,,,,,,,,False,False,TOOL_ERROR,EvoSuite produced no test files,EvoSuite/Result_Round1/JacksonDatabind_13/budget60_seed1,EvoSuite/Result_Round1/JacksonDatabind_13/budget60_seed1/run.log
JacksonDatabind,13,SBST,EvoSuite,1.2.0,com.fasterxml.jackson.databind.deser.DefaultDeserializationContext;com.fasterxml.jackson.databind.deser.impl.ObjectIdValueProperty,,1,120,LINE:BRANCH:EXCEPTION,default,offline,True,,0,11.4,,,,,TOOL_ERROR,,,,,,,,,,False,False,TOOL_ERROR,EvoSuite produced no test files,EvoSuite/Result_Round2/JacksonDatabind_13/budget120_seed1,EvoSuite/Result_Round2/JacksonDatabind_13/budget120_seed1/run.log
JacksonDatabind,16,SBST,EvoSuite,1.2.0,com.fasterxml.jackson.databind.introspect.AnnotationMap,,1,60,LINE:BRANCH:EXCEPTION,default,offline,True,,0,3.6,,,,,TOOL_ERROR,,,,,,,,,,False,False,TOOL_ERROR,EvoSuite produced no test files,EvoSuite/Result_Round1/JacksonDatabind_16/budget60_seed1,EvoSuite/Result_Round1/JacksonDatabind_16/budget60_seed1/run.log
JacksonDatabind,16,SBST,EvoSuite,1.2.0,com.fasterxml.jackson.databind.introspect.AnnotationMap,,1,120,LINE:BRANCH:EXCEPTION,default,offline,True,,0,3.5,,,,,TOOL_ERROR,,,,,,,,,,False,False,TOOL_ERROR,EvoSuite produced no test files,EvoSuite/Result_Round2/JacksonDatabind_16/budget120_seed1,EvoSuite/Result_Round2/JacksonDatabind_16/budget120_seed1/run.log
JacksonDatabind,21,SBST,EvoSuite,1.2.0,com.fasterxml.jackson.databind.introspect.JacksonAnnotationIntrospector,,1,60,LINE:BRANCH:EXCEPTION,default,offline,True,,0,4.2,,,,,TOOL_ERROR,,,,,,,,,,False,False,TOOL_ERROR,EvoSuite produced no test files,EvoSuite/Result_Round1/JacksonDatabind_21/budget60_seed1,EvoSuite/Result_Round1/JacksonDatabind_21/budget60_seed1/run.log
JacksonDatabind,21,SBST,EvoSuite,1.2.0,com.fasterxml.jackson.databind.introspect.JacksonAnnotationIntrospector,,1,120,LINE:BRANCH:EXCEPTION,default,offline,True,,0,4.4,,,,,TOOL_ERROR,,,,,,,,,,False,False,TOOL_ERROR,EvoSuite produced no test files,EvoSuite/Result_Round2/JacksonDatabind_21/budget120_seed1,EvoSuite/Result_Round2/JacksonDatabind_21/budget120_seed1/run.log
JacksonDatabind,22,SBST,EvoSuite,1.2.0,com.fasterxml.jackson.databind.ser.BasicSerializerFactory;com.fasterxml.jackson.databind.ser.BeanSerializerFactory,,1,60,LINE:BRANCH:EXCEPTION,default,offline,True,,0,28.1,,,,,TOOL_ERROR,,,,,,,,,,False,False,TOOL_ERROR,EvoSuite produced no test files,EvoSuite/Result_Round1/JacksonDatabind_22/budget60_seed1,EvoSuite/Result_Round1/JacksonDatabind_22/budget60_seed1/run.log
JacksonDatabind,22,SBST,EvoSuite,1.2.0,com.fasterxml.jackson.databind.ser.BasicSerializerFactory;com.fasterxml.jackson.databind.ser.BeanSerializerFactory,,1,120,LINE:BRANCH:EXCEPTION,default,offline,True,,0,32.6,,,,,TOOL_ERROR,,,,,,,,,,False,False,TOOL_ERROR,EvoSuite produced no test files,EvoSuite/Result_Round2/JacksonDatabind_22/budget120_seed1,EvoSuite/Result_Round2/JacksonDatabind_22/budget120_seed1/run.log
JacksonDatabind,23,SBST,EvoSuite,1.2.0,com.fasterxml.jackson.databind.ser.std.NumberSerializers,,1,60,LINE:BRANCH:EXCEPTION,default,offline,True,,0,8.0,,,,,TOOL_ERROR,,,,,,,,,,False,False,TOOL_ERROR,EvoSuite produced no test files,EvoSuite/Result_Round1/JacksonDatabind_23/budget60_seed1,EvoSuite/Result_Round1/JacksonDatabind_23/budget60_seed1/run.log
JacksonDatabind,23,SBST,EvoSuite,1.2.0,com.fasterxml.jackson.databind.ser.std.NumberSerializers,,1,120,LINE:BRANCH:EXCEPTION,default,offline,True,,0,40.4,,,,,TOOL_ERROR,,,,,,,,,,False,False,TOOL_ERROR,EvoSuite produced no test files,EvoSuite/Result_Round2/JacksonDatabind_23/budget120_seed1,EvoSuite/Result_Round2/JacksonDatabind_23/budget120_seed1/run.log
JacksonDatabind,26,SBST,EvoSuite,1.2.0,com.fasterxml.jackson.databind.ser.BeanPropertyWriter,,1,60,LINE:BRANCH:EXCEPTION,default,offline,True,,0,4.0,,,,,TOOL_ERROR,,,,,,,,,,False,False,TOOL_ERROR,EvoSuite produced no test files,EvoSuite/Result_Round1/JacksonDatabind_26/budget60_seed1,EvoSuite/Result_Round1/JacksonDatabind_26/budget60_seed1/run.log
JacksonDatabind,26,SBST,EvoSuite,1.2.0,com.fasterxml.jackson.databind.ser.BeanPropertyWriter,,1,120,LINE:BRANCH:EXCEPTION,default,offline,True,,0,3.9,,,,,TOOL_ERROR,,,,,,,,,,False,False,TOOL_ERROR,EvoSuite produced no test files,EvoSuite/Result_Round2/JacksonDatabind_26/budget120_seed1,EvoSuite/Result_Round2/JacksonDatabind_26/budget120_seed1/run.log
JacksonDatabind,27,SBST,EvoSuite,1.2.0,com.fasterxml.jackson.databind.deser.BeanDeserializer,,1,120,LINE:BRANCH:EXCEPTION,default,offline,True,,0,20.9,,,,,TOOL_ERROR,,,,,,,,,,False,False,TOOL_ERROR,EvoSuite produced no test files,EvoSuite/Result_Round2/JacksonDatabind_27/budget120_seed1,EvoSuite/Result_Round2/JacksonDatabind_27/budget120_seed1/run.log
JacksonDatabind,33,SBST,EvoSuite,1.2.0,com.fasterxml.jackson.databind.introspect.JacksonAnnotationIntrospector,,1,60,LINE:BRANCH:EXCEPTION,default,offline,True,,0,4.4,,,,,TOOL_ERROR,,,,,,,,,,False,False,TOOL_ERROR,EvoSuite produced no test files,EvoSuite/Result_Round1/JacksonDatabind_33/budget60_seed1,EvoSuite/Result_Round1/JacksonDatabind_33/budget60_seed1/run.log
JacksonDatabind,33,SBST,EvoSuite,1.2.0,com.fasterxml.jackson.databind.introspect.JacksonAnnotationIntrospector,,1,120,LINE:BRANCH:EXCEPTION,default,offline,True,,0,4.4,,,,,TOOL_ERROR,,,,,,,,,,False,False,TOOL_ERROR,EvoSuite produced no test files,EvoSuite/Result_Round2/JacksonDatabind_33/budget120_seed1,EvoSuite/Result_Round2/JacksonDatabind_33/budget120_seed1/run.log
JacksonDatabind,43,SBST,EvoSuite,1.2.0,com.fasterxml.jackson.databind.deser.impl.ObjectIdValueProperty,,1,60,LINE:BRANCH:EXCEPTION,default,offline,True,,0,3.6,,,,,TOOL_ERROR,,,,,,,,,,False,False,TOOL_ERROR,EvoSuite produced no test files,EvoSuite/Result_Round1/JacksonDatabind_43/budget60_seed1,EvoSuite/Result_Round1/JacksonDatabind_43/budget60_seed1/run.log
JacksonDatabind,43,SBST,EvoSuite,1.2.0,com.fasterxml.jackson.databind.deser.impl.ObjectIdValueProperty,,1,120,LINE:BRANCH:EXCEPTION,default,offline,True,,0,3.7,,,,,TOOL_ERROR,,,,,,,,,,False,False,TOOL_ERROR,EvoSuite produced no test files,EvoSuite/Result_Round2/JacksonDatabind_43/budget120_seed1,EvoSuite/Result_Round2/JacksonDatabind_43/budget120_seed1/run.log
JacksonDatabind,47,SBST,EvoSuite,1.2.0,com.fasterxml.jackson.databind.AnnotationIntrospector,,1,60,LINE:BRANCH:EXCEPTION,default,offline,True,,0,4.0,,,,,TOOL_ERROR,,,,,,,,,,False,False,TOOL_ERROR,EvoSuite produced no test files,EvoSuite/Result_Round1/JacksonDatabind_47/budget60_seed1,EvoSuite/Result_Round1/JacksonDatabind_47/budget60_seed1/run.log
JacksonDatabind,47,SBST,EvoSuite,1.2.0,com.fasterxml.jackson.databind.AnnotationIntrospector,,1,120,LINE:BRANCH:EXCEPTION,default,offline,True,,0,4.1,,,,,TOOL_ERROR,,,,,,,,,,False,False,TOOL_ERROR,EvoSuite produced no test files,EvoSuite/Result_Round2/JacksonDatabind_47/budget120_seed1,EvoSuite/Result_Round2/JacksonDatabind_47/budget120_seed1/run.log
JacksonDatabind,54,SBST,EvoSuite,1.2.0,com.fasterxml.jackson.databind.ser.PropertyBuilder,,1,60,LINE:BRANCH:EXCEPTION,default,offline,True,,0,18.2,,,,,TOOL_ERROR,,,,,,,,,,False,False,TOOL_ERROR,EvoSuite produced no test files,EvoSuite/Result_Round1/JacksonDatabind_54/budget60_seed1,EvoSuite/Result_Round1/JacksonDatabind_54/budget60_seed1/run.log
JacksonDatabind,54,SBST,EvoSuite,1.2.0,com.fasterxml.jackson.databind.ser.PropertyBuilder,,1,120,LINE:BRANCH:EXCEPTION,default,offline,True,,0,8.9,,,,,TOOL_ERROR,,,,,,,,,,False,False,TOOL_ERROR,EvoSuite produced no test files,EvoSuite/Result_Round2/JacksonDatabind_54/budget120_seed1,EvoSuite/Result_Round2/JacksonDatabind_54/budget120_seed1/run.log
JacksonDatabind,60,SBST,EvoSuite,1.2.0,com.fasterxml.jackson.databind.ser.std.JsonValueSerializer,,1,60,LINE:BRANCH:EXCEPTION,default,offline,True,,0,24.1,,,,,TOOL_ERROR,,,,,,,,,,False,False,TOOL_ERROR,EvoSuite produced no test files,EvoSuite/Result_Round1/JacksonDatabind_60/budget60_seed1,EvoSuite/Result_Round1/JacksonDatabind_60/budget60_seed1/run.log
JacksonDatabind,60,SBST,EvoSuite,1.2.0,com.fasterxml.jackson.databind.ser.std.JsonValueSerializer,,1,120,LINE:BRANCH:EXCEPTION,default,offline,True,,0,22.2,,,,,TOOL_ERROR,,,,,,,,,,False,False,TOOL_ERROR,EvoSuite produced no test files,EvoSuite/Result_Round2/JacksonDatabind_60/budget120_seed1,EvoSuite/Result_Round2/JacksonDatabind_60/budget120_seed1/run.log
JacksonDatabind,64,SBST,EvoSuite,1.2.0,com.fasterxml.jackson.databind.ser.PropertyBuilder,,1,60,LINE:BRANCH:EXCEPTION,default,offline,True,,0,17.2,,,,,TOOL_ERROR,,,,,,,,,,False,False,TOOL_ERROR,EvoSuite produced no test files,EvoSuite/Result_Round1/JacksonDatabind_64/budget60_seed1,EvoSuite/Result_Round1/JacksonDatabind_64/budget60_seed1/run.log
JacksonDatabind,64,SBST,EvoSuite,1.2.0,com.fasterxml.jackson.databind.ser.PropertyBuilder,,1,120,LINE:BRANCH:EXCEPTION,default,offline,True,,0,22.0,,,,,TOOL_ERROR,,,,,,,,,,False,False,TOOL_ERROR,EvoSuite produced no test files,EvoSuite/Result_Round2/JacksonDatabind_64/budget120_seed1,EvoSuite/Result_Round2/JacksonDatabind_64/budget120_seed1/run.log
JacksonDatabind,66,SBST,EvoSuite,1.2.0,com.fasterxml.jackson.databind.deser.std.StdKeyDeserializer,,1,60,LINE:BRANCH:EXCEPTION,default,offline,True,,0,22.7,,,,,TOOL_ERROR,,,,,,,,,,False,False,TOOL_ERROR,EvoSuite produced no test files,EvoSuite/Result_Round1/JacksonDatabind_66/budget60_seed1,EvoSuite/Result_Round1/JacksonDatabind_66/budget60_seed1/run.log
JacksonDatabind,66,SBST,EvoSuite,1.2.0,com.fasterxml.jackson.databind.deser.std.StdKeyDeserializer,,1,120,LINE:BRANCH:EXCEPTION,default,offline,True,,0,20.0,,,,,TOOL_ERROR,,,,,,,,,,False,False,TOOL_ERROR,EvoSuite produced no test files,EvoSuite/Result_Round2/JacksonDatabind_66/budget120_seed1,EvoSuite/Result_Round2/JacksonDatabind_66/budget120_seed1/run.log
JacksonDatabind,71,SBST,EvoSuite,1.2.0,com.fasterxml.jackson.databind.deser.std.StdKeyDeserializer,,1,60,LINE:BRANCH:EXCEPTION,default,offline,True,,0,6.6,,,,,TOOL_ERROR,,,,,,,,,,False,False,TOOL_ERROR,EvoSuite produced no test files,EvoSuite/Result_Round1/JacksonDatabind_71/budget60_seed1,EvoSuite/Result_Round1/JacksonDatabind_71/budget60_seed1/run.log
JacksonDatabind,71,SBST,EvoSuite,1.2.0,com.fasterxml.jackson.databind.deser.std.StdKeyDeserializer,,1,120,LINE:BRANCH:EXCEPTION,default,offline,True,,0,6.7,,,,,TOOL_ERROR,,,,,,,,,,False,False,TOOL_ERROR,EvoSuite produced no test files,EvoSuite/Result_Round2/JacksonDatabind_71/budget120_seed1,EvoSuite/Result_Round2/JacksonDatabind_71/budget120_seed1/run.log
JacksonDatabind,72,SBST,EvoSuite,1.2.0,com.fasterxml.jackson.databind.deser.impl.InnerClassProperty,,1,60,LINE:BRANCH:EXCEPTION,default,offline,True,,0,3.8,,,,,TOOL_ERROR,,,,,,,,,,False,False,TOOL_ERROR,EvoSuite produced no test files,EvoSuite/Result_Round1/JacksonDatabind_72/budget60_seed1,EvoSuite/Result_Round1/JacksonDatabind_72/budget60_seed1/run.log
JacksonDatabind,72,SBST,EvoSuite,1.2.0,com.fasterxml.jackson.databind.deser.impl.InnerClassProperty,,1,120,LINE:BRANCH:EXCEPTION,default,offline,True,,0,3.7,,,,,TOOL_ERROR,,,,,,,,,,False,False,TOOL_ERROR,EvoSuite produced no test files,EvoSuite/Result_Round2/JacksonDatabind_72/budget120_seed1,EvoSuite/Result_Round2/JacksonDatabind_72/budget120_seed1/run.log
JacksonDatabind,81,SBST,EvoSuite,1.2.0,com.fasterxml.jackson.databind.introspect.JacksonAnnotationIntrospector,,1,60,LINE:BRANCH:EXCEPTION,default,offline,True,,0,4.5,,,,,TOOL_ERROR,,,,,,,,,,False,False,TOOL_ERROR,EvoSuite produced no test files,EvoSuite/Result_Round1/JacksonDatabind_81/budget60_seed1,EvoSuite/Result_Round1/JacksonDatabind_81/budget60_seed1/run.log
JacksonDatabind,81,SBST,EvoSuite,1.2.0,com.fasterxml.jackson.databind.introspect.JacksonAnnotationIntrospector,,1,120,LINE:BRANCH:EXCEPTION,default,offline,True,,0,4.7,,,,,TOOL_ERROR,,,,,,,,,,False,False,TOOL_ERROR,EvoSuite produced no test files,EvoSuite/Result_Round2/JacksonDatabind_81/budget120_seed1,EvoSuite/Result_Round2/JacksonDatabind_81/budget120_seed1/run.log
Time,8,SBST,EvoSuite,1.2.0,org.joda.time.DateTimeZone,,1,60,LINE:BRANCH:EXCEPTION,default,offline,True,,59,98.6,0.8,4.8,115.8,SUCCESS,SUCCESS,88.08,82.97,88.0,84.0,58,0,58,0,,False,False,,,EvoSuite/Result_Round1/Time_8/budget60_seed1,EvoSuite/Result_Round1/Time_8/budget60_seed1/run.log
Time,8,SBST,EvoSuite,1.2.0,org.joda.time.DateTimeZone,,1,120,LINE:BRANCH:EXCEPTION,default,offline,True,,65,156.0,0.8,5.1,173.6,SUCCESS,RUNTIME_FAIL,90.12,85.71,90.0,86.0,64,2,64,6,test18(org.joda.time.DateTimeZone_ESTest);test54(org.joda.time.DateTimeZone_ESTest);test52(org.joda.time.DateTimeZone_ESTest);test40(org.joda.time.DateTimeZone_ESTest);test35(org.joda.time.DateTimeZone_ESTest),False,False,,,EvoSuite/Result_Round2/Time_8/budget120_seed1,EvoSuite/Result_Round2/Time_8/budget120_seed1/run.log
Time,9,SBST,EvoSuite,1.2.0,org.joda.time.DateTimeZone,,1,60,LINE:BRANCH:EXCEPTION,default,offline,True,,59,92.0,0.8,5.0,131.2,SUCCESS,SUCCESS,89.47,84.27,89.0,84.0,59,0,59,3,test01(org.joda.time.DateTimeZone_ESTest);test39(org.joda.time.DateTimeZone_ESTest);test38(org.joda.time.DateTimeZone_ESTest),True,False,,,EvoSuite/Result_Round1/Time_9/budget60_seed1,EvoSuite/Result_Round1/Time_9/budget60_seed1/run.log
Time,9,SBST,EvoSuite,1.2.0,org.joda.time.DateTimeZone,,1,120,LINE:BRANCH:EXCEPTION,default,offline,True,,65,154.6,0.8,5.6,172.5,SUCCESS,RUNTIME_FAIL,90.35,86.52,90.0,87.0,65,1,65,4,test52(org.joda.time.DateTimeZone_ESTest);test43(org.joda.time.DateTimeZone_ESTest);test40(org.joda.time.DateTimeZone_ESTest);test39(org.joda.time.DateTimeZone_ESTest),False,False,,,EvoSuite/Result_Round2/Time_9/budget120_seed1,EvoSuite/Result_Round2/Time_9/budget120_seed1/run.log
Time,10,SBST,EvoSuite,1.2.0,org.joda.time.base.BaseSingleFieldPeriod,,1,60,LINE:BRANCH:EXCEPTION,default,offline,True,,28,76.6,0.7,3.8,114.9,SUCCESS,SUCCESS,95.71,95.65,96.0,94.0,28,0,28,0,,False,False,,,EvoSuite/Result_Round1/Time_10/budget60_seed1,EvoSuite/Result_Round1/Time_10/budget60_seed1/run.log
Time,10,SBST,EvoSuite,1.2.0,org.joda.time.base.BaseSingleFieldPeriod,,1,120,LINE:BRANCH:EXCEPTION,default,offline,True,,30,136.5,0.7,4.1,152.9,SUCCESS,SUCCESS,95.71,95.65,96.0,94.0,30,0,30,0,,False,False,,,EvoSuite/Result_Round2/Time_10/budget120_seed1,EvoSuite/Result_Round2/Time_10/budget120_seed1/run.log
Time,11,SBST,EvoSuite,1.2.0,org.joda.time.tz.ZoneInfoCompiler,,1,60,LINE:BRANCH:EXCEPTION,default,offline,True,,45,81.5,0.7,3.9,120.1,SUCCESS,SUCCESS,60.17,55.17,46.0,47.0,45,0,45,3,test33(org.joda.time.tz.ZoneInfoCompiler_ESTest);test40(org.joda.time.tz.ZoneInfoCompiler_ESTest);test09(org.joda.time.tz.ZoneInfoCompiler_ESTest),True,False,,,EvoSuite/Result_Round1/Time_11/budget60_seed1,EvoSuite/Result_Round1/Time_11/budget60_seed1/run.log
Time,11,SBST,EvoSuite,1.2.0,org.joda.time.tz.ZoneInfoCompiler,,1,120,LINE:BRANCH:EXCEPTION,default,offline,True,,56,145.0,0.8,4.7,161.7,SUCCESS,SUCCESS,68.05,61.38,51.0,55.0,56,0,56,3,test51(org.joda.time.tz.ZoneInfoCompiler_ESTest);test11(org.joda.time.tz.ZoneInfoCompiler_ESTest);test16(org.joda.time.tz.ZoneInfoCompiler_ESTest),True,False,,,EvoSuite/Result_Round2/Time_11/budget120_seed1,EvoSuite/Result_Round2/Time_11/budget120_seed1/run.log
Time,12,SBST,EvoSuite,1.2.0,org.joda.time.LocalDate;org.joda.time.LocalDateTime,,1,60,LINE:BRANCH:EXCEPTION,default,offline,True,,272,333.2,1.3,9.6,380.5,SUCCESS,SUCCESS,91.11,89.34,94.0,94.0,272,0,272,1,test012(org.joda.time.LocalDate_ESTest),True,False,,,EvoSuite/Result_Round1/Time_12/budget60_seed1,EvoSuite/Result_Round1/Time_12/budget60_seed1/run.log
Time,12,SBST,EvoSuite,1.2.0,org.joda.time.LocalDate;org.joda.time.LocalDateTime,,1,120,LINE:BRANCH:EXCEPTION,default,offline,True,,288,473.6,1.2,9.2,495.7,SUCCESS,SUCCESS,91.6,92.21,95.0,95.5,288,0,288,1,test044(org.joda.time.LocalDate_ESTest),True,False,,,EvoSuite/Result_Round2/Time_12/budget120_seed1,EvoSuite/Result_Round2/Time_12/budget120_seed1/run.log
Time,13,SBST,EvoSuite,1.2.0,org.joda.time.format.PeriodFormatterBuilder,,1,60,LINE:BRANCH:EXCEPTION,default,offline,True,,93,109.9,1.0,4.9,151.5,SUCCESS,SUCCESS,95.4,85.54,73.0,56.0,93,0,93,0,,False,False,,,EvoSuite/Result_Round1/Time_13/budget60_seed1,EvoSuite/Result_Round1/Time_13/budget60_seed1/run.log
Time,13,SBST,EvoSuite,1.2.0,org.joda.time.format.PeriodFormatterBuilder,,1,120,LINE:BRANCH:EXCEPTION,default,offline,True,,102,178.0,0.9,5.0,195.7,SUCCESS,SUCCESS,95.98,87.95,86.0,77.0,102,0,102,1,test040(org.joda.time.format.PeriodFormatterBuilder_ESTest),True,False,,,EvoSuite/Result_Round2/Time_13/budget120_seed1,EvoSuite/Result_Round2/Time_13/budget120_seed1/run.log
Time,14,SBST,EvoSuite,1.2.0,org.joda.time.chrono.BasicMonthOfYearDateTimeField,,1,60,LINE:BRANCH:EXCEPTION,default,offline,True,,29,80.7,0.8,4.6,121.4,SUCCESS,SUCCESS,97.46,98.08,97.0,95.0,29,0,29,2,test27(org.joda.time.chrono.BasicMonthOfYearDateTimeField_ESTest);test02(org.joda.time.chrono.BasicMonthOfYearDateTimeField_ESTest),True,False,,,EvoSuite/Result_Round1/Time_14/budget60_seed1,EvoSuite/Result_Round1/Time_14/budget60_seed1/run.log
Time,14,SBST,EvoSuite,1.2.0,org.joda.time.chrono.BasicMonthOfYearDateTimeField,,1,120,LINE:BRANCH:EXCEPTION,default,offline,True,,33,145.2,1.0,6.0,164.3,SUCCESS,SUCCESS,98.31,98.08,98.0,97.0,33,0,33,2,test05(org.joda.time.chrono.BasicMonthOfYearDateTimeField_ESTest);test31(org.joda.time.chrono.BasicMonthOfYearDateTimeField_ESTest),True,False,,,EvoSuite/Result_Round2/Time_14/budget120_seed1,EvoSuite/Result_Round2/Time_14/budget120_seed1/run.log
Time,15,SBST,EvoSuite,1.2.0,org.joda.time.field.FieldUtils,,1,60,LINE:BRANCH:EXCEPTION,default,offline,True,,44,83.3,0.8,4.5,136.3,SUCCESS,SUCCESS,100.0,94.44,97.0,95.0,44,0,44,1,test28(org.joda.time.field.FieldUtils_ESTest),True,False,,,EvoSuite/Result_Round1/Time_15/budget60_seed1,EvoSuite/Result_Round1/Time_15/budget60_seed1/run.log
Time,15,SBST,EvoSuite,1.2.0,org.joda.time.field.FieldUtils,,1,120,LINE:BRANCH:EXCEPTION,default,offline,True,,45,140.7,0.7,4.2,158.3,SUCCESS,SUCCESS,100.0,94.44,97.0,97.0,45,0,45,1,test29(org.joda.time.field.FieldUtils_ESTest),True,False,,,EvoSuite/Result_Round2/Time_15/budget120_seed1,EvoSuite/Result_Round2/Time_15/budget120_seed1/run.log
Time,16,SBST,EvoSuite,1.2.0,org.joda.time.format.DateTimeFormatter,,1,60,LINE:BRANCH:EXCEPTION,default,offline,True,,87,99.6,1.0,5.7,141.7,SUCCESS,SUCCESS,92.31,90.91,91.0,92.0,87,0,87,0,,False,False,,,EvoSuite/Result_Round1/Time_16/budget60_seed1,EvoSuite/Result_Round1/Time_16/budget60_seed1/run.log
Time,16,SBST,EvoSuite,1.2.0,org.joda.time.format.DateTimeFormatter,,1,120,LINE:BRANCH:EXCEPTION,default,offline,True,,124,265.5,1.4,6.5,285.8,SUCCESS,SUCCESS,94.71,90.91,95.0,93.0,118,0,118,0,,False,False,,,EvoSuite/Result_Round2/Time_16/budget120_seed1,EvoSuite/Result_Round2/Time_16/budget120_seed1/run.log
Time,17,SBST,EvoSuite,1.2.0,org.joda.time.DateTimeZone,,1,60,LINE:BRANCH:EXCEPTION,default,offline,True,,58,92.7,0.8,5.0,133.7,SUCCESS,SUCCESS,89.12,82.35,89.0,85.0,58,0,58,2,test06(org.joda.time.DateTimeZone_ESTest);test05(org.joda.time.DateTimeZone_ESTest),True,False,,,EvoSuite/Result_Round1/Time_17/budget60_seed1,EvoSuite/Result_Round1/Time_17/budget60_seed1/run.log
Time,17,SBST,EvoSuite,1.2.0,org.joda.time.DateTimeZone,,1,120,LINE:BRANCH:EXCEPTION,default,offline,True,,61,159.2,1.0,6.1,178.0,SUCCESS,SUCCESS,91.47,85.88,92.0,87.0,61,0,61,2,test10(org.joda.time.DateTimeZone_ESTest);test07(org.joda.time.DateTimeZone_ESTest),True,False,,,EvoSuite/Result_Round2/Time_17/budget120_seed1,EvoSuite/Result_Round2/Time_17/budget120_seed1/run.log
Time,18,SBST,EvoSuite,1.2.0,org.joda.time.chrono.GJChronology,,1,60,LINE:BRANCH:EXCEPTION,default,offline,True,,24,81.2,0.8,4.4,122.3,SUCCESS,SUCCESS,92.12,84.0,70.0,56.0,24,0,24,0,,False,False,,,EvoSuite/Result_Round1/Time_18/budget60_seed1,EvoSuite/Result_Round1/Time_18/budget60_seed1/run.log
Time,18,SBST,EvoSuite,1.2.0,org.joda.time.chrono.GJChronology,,1,120,LINE:BRANCH:EXCEPTION,default,offline,True,,30,145.9,0.8,4.4,163.3,SUCCESS,SUCCESS,95.15,88.0,78.0,68.0,30,0,30,0,,False,False,,,EvoSuite/Result_Round2/Time_18/budget120_seed1,EvoSuite/Result_Round2/Time_18/budget120_seed1/run.log
Time,19,SBST,EvoSuite,1.2.0,org.joda.time.DateTimeZone,,1,60,LINE:BRANCH:EXCEPTION,default,offline,True,,57,93.7,0.8,4.9,135.7,SUCCESS,SUCCESS,89.7,81.48,89.0,83.0,57,0,57,0,,False,False,,,EvoSuite/Result_Round1/Time_19/budget60_seed1,EvoSuite/Result_Round1/Time_19/budget60_seed1/run.log
Time,19,SBST,EvoSuite,1.2.0,org.joda.time.DateTimeZone,,1,120,LINE:BRANCH:EXCEPTION,default,offline,True,,56,157.3,0.8,5.5,175.5,SUCCESS,SUCCESS,90.3,82.72,90.0,84.0,56,0,56,0,,False,False,,,EvoSuite/Result_Round2/Time_19/budget120_seed1,EvoSuite/Result_Round2/Time_19/budget120_seed1/run.log
Time,20,SBST,EvoSuite,1.2.0,org.joda.time.format.DateTimeFormatterBuilder,,1,60,LINE:BRANCH:EXCEPTION,default,offline,True,,153,159.6,1.1,6.6,205.4,SUCCESS,SUCCESS,91.15,90.29,75.0,67.0,153,0,153,0,,False,False,,,EvoSuite/Result_Round1/Time_20/budget60_seed1,EvoSuite/Result_Round1/Time_20/budget60_seed1/run.log
Time,20,SBST,EvoSuite,1.2.0,org.joda.time.format.DateTimeFormatterBuilder,,1,120,LINE:BRANCH:EXCEPTION,default,offline,True,,177,207.9,1.2,6.5,227.9,SUCCESS,SUCCESS,92.71,92.23,75.0,66.0,177,0,177,0,,False,False,,,EvoSuite/Result_Round2/Time_20/budget120_seed1,EvoSuite/Result_Round2/Time_20/budget120_seed1/run.log
Time,22,SBST,EvoSuite,1.2.0,org.joda.time.base.BasePeriod,,1,60,LINE:BRANCH:EXCEPTION,default,offline,True,,29,81.3,0.8,4.1,124.8,SUCCESS,SUCCESS,98.86,94.83,99.0,96.0,29,0,29,0,,False,False,,,EvoSuite/Result_Round1/Time_22/budget60_seed1,EvoSuite/Result_Round1/Time_22/budget60_seed1/run.log
Time,22,SBST,EvoSuite,1.2.0,org.joda.time.base.BasePeriod,,1,120,LINE:BRANCH:EXCEPTION,default,offline,True,,29,139.5,0.9,4.2,156.5,SUCCESS,SUCCESS,98.86,94.83,99.0,96.0,29,0,29,0,,False,False,,,EvoSuite/Result_Round2/Time_22/budget120_seed1,EvoSuite/Result_Round2/Time_22/budget120_seed1/run.log
Time,23,SBST,EvoSuite,1.2.0,org.joda.time.DateTimeZone,,1,60,LINE:BRANCH:EXCEPTION,default,offline,True,,47,94.5,0.8,5.1,137.7,SUCCESS,SUCCESS,88.79,80.86,90.0,84.0,79,0,79,0,,False,False,,,EvoSuite/Result_Round1/Time_23/budget60_seed1,EvoSuite/Result_Round1/Time_23/budget60_seed1/run.log
Time,23,SBST,EvoSuite,1.2.0,org.joda.time.DateTimeZone,,1,120,LINE:BRANCH:EXCEPTION,default,offline,True,,53,150.9,0.8,4.8,168.7,SUCCESS,SUCCESS,90.61,83.95,90.0,85.0,53,0,53,0,,False,False,,,EvoSuite/Result_Round2/Time_23/budget120_seed1,EvoSuite/Result_Round2/Time_23/budget120_seed1/run.log
Time,24,SBST,EvoSuite,1.2.0,org.joda.time.format.DateTimeParserBucket,,1,60,LINE:BRANCH:EXCEPTION,default,offline,True,,26,82.1,0.8,4.0,123.7,SUCCESS,SUCCESS,99.05,95.0,99.0,97.0,26,0,26,0,,False,False,,,EvoSuite/Result_Round1/Time_24/budget60_seed1,EvoSuite/Result_Round1/Time_24/budget60_seed1/run.log
Time,24,SBST,EvoSuite,1.2.0,org.joda.time.format.DateTimeParserBucket,,1,120,LINE:BRANCH:EXCEPTION,default,offline,True,,26,75.8,0.8,3.9,92.7,SUCCESS,SUCCESS,100.0,100.0,100.0,100.0,26,0,26,0,,False,False,,,EvoSuite/Result_Round2/Time_24/budget120_seed1,EvoSuite/Result_Round2/Time_24/budget120_seed1/run.log
Time,25,SBST,EvoSuite,1.2.0,org.joda.time.DateTimeZone,,1,60,LINE:BRANCH:EXCEPTION,default,offline,True,,53,93.1,0.8,4.9,137.0,SUCCESS,SUCCESS,88.54,79.11,91.0,84.0,53,0,53,0,,False,False,,,EvoSuite/Result_Round1/Time_25/budget60_seed1,EvoSuite/Result_Round1/Time_25/budget60_seed1/run.log
Time,25,SBST,EvoSuite,1.2.0,org.joda.time.DateTimeZone,,1,120,LINE:BRANCH:EXCEPTION,default,offline,True,,54,153.9,0.8,5.0,172.0,SUCCESS,SUCCESS,90.4,83.54,89.0,84.0,54,0,54,0,,False,False,,,EvoSuite/Result_Round2/Time_25/budget120_seed1,EvoSuite/Result_Round2/Time_25/budget120_seed1/run.log
Time,26,SBST,EvoSuite,1.2.0,org.joda.time.chrono.ZonedChronology;org.joda.time.DateTimeZone;org.joda.time.field.LenientDateTimeField,,1,60,LINE:BRANCH:EXCEPTION,default,offline,True,,117,203.1,1.0,7.6,250.1,SUCCESS,RUNTIME_FAIL,91.57,82.65,94.7,90.7,116,1,116,3,test13(org.joda.time.DateTimeZone_ESTest);test04(org.joda.time.DateTimeZone_ESTest);test32(org.joda.time.DateTimeZone_ESTest),False,False,,,EvoSuite/Result_Round1/Time_26/budget60_seed1,EvoSuite/Result_Round1/Time_26/budget60_seed1/run.log
Time,26,SBST,EvoSuite,1.2.0,org.joda.time.chrono.ZonedChronology;org.joda.time.DateTimeZone;org.joda.time.field.LenientDateTimeField,,1,120,LINE:BRANCH:EXCEPTION,default,offline,True,,122,327.7,1.0,8.0,349.4,SUCCESS,SUCCESS,91.57,85.2,96.0,93.0,122,0,122,3,test13(org.joda.time.DateTimeZone_ESTest);test12(org.joda.time.DateTimeZone_ESTest);test10(org.joda.time.DateTimeZone_ESTest),True,False,,,EvoSuite/Result_Round2/Time_26/budget120_seed1,EvoSuite/Result_Round2/Time_26/budget120_seed1/run.log
Time,27,SBST,EvoSuite,1.2.0,org.joda.time.format.PeriodFormatterBuilder,,1,60,LINE:BRANCH:EXCEPTION,default,offline,True,,87,111.9,1.0,5.6,157.8,SUCCESS,SUCCESS,95.4,87.95,73.0,58.0,87,0,87,0,,False,False,,,EvoSuite/Result_Round1/Time_27/budget60_seed1,EvoSuite/Result_Round1/Time_27/budget60_seed1/run.log
JacksonCore,4,SBST,EvoSuite,1.2.0,com.fasterxml.jackson.core.util.TextBuffer,,1,60,LINE:BRANCH:EXCEPTION,default,offline,True,,,,,,,,TOOL_ERROR,,,,,,,,,,False,False,TOOL_ERROR,compile JacksonCore 4f failed,EvoSuite/Result_Round1/JacksonCore_4/budget60_seed1,EvoSuite/Result_Round1/JacksonCore_4/budget60_seed1/run.log
Time,27,SBST,EvoSuite,1.2.0,org.joda.time.format.PeriodFormatterBuilder,,1,120,LINE:BRANCH:EXCEPTION,default,offline,True,,100,169.6,1.0,4.9,186.0,SUCCESS,SUCCESS,96.55,87.95,89.0,79.0,100,0,100,1,test10(org.joda.time.format.PeriodFormatterBuilder_ESTest),True,False,,,EvoSuite/Result_Round2/Time_27/budget120_seed1,EvoSuite/Result_Round2/Time_27/budget120_seed1/run.log
Chart,1,SBST,EvoSuite,1.2.0,org.jfree.chart.renderer.category.AbstractCategoryItemRenderer,,1,60,LINE:BRANCH:EXCEPTION,default,offline,True,,67,100.8,1.0,6.6,139.4,SUCCESS,SUCCESS,41.64,37.6,44.0,45.0,67,0,67,0,,False,False,,,EvoSuite/Result_Round1/Chart_1/budget60_seed1,EvoSuite/Result_Round1/Chart_1/budget60_seed1/run.log
Chart,1,SBST,EvoSuite,1.2.0,org.jfree.chart.renderer.category.AbstractCategoryItemRenderer,,1,120,LINE:BRANCH:EXCEPTION,default,offline,True,,79,167.9,1.0,6.9,181.8,SUCCESS,SUCCESS,42.68,37.6,45.0,45.0,79,0,79,0,,False,False,,,EvoSuite/Result_Round2/Chart_1/budget120_seed1,EvoSuite/Result_Round2/Chart_1/budget120_seed1/run.log
Cli,1,SBST,EvoSuite,1.2.0,org.apache.commons.cli.CommandLine,,1,60,LINE:BRANCH:EXCEPTION,default,offline,True,,21,10.3,0.6,1.2,24.3,SUCCESS,SUCCESS,97.78,93.75,100.0,100.0,21,0,21,5,test17(org.apache.commons.cli.CommandLine_ESTest);test00(org.apache.commons.cli.CommandLine_ESTest);test01(org.apache.commons.cli.CommandLine_ESTest);test03(org.apache.commons.cli.CommandLine_ESTest);test04(org.apache.commons.cli.CommandLine_ESTest),True,False,,,EvoSuite/Result_Round1/Cli_1/budget60_seed1,EvoSuite/Result_Round1/Cli_1/budget60_seed1/run.log
Cli,1,SBST,EvoSuite,1.2.0,org.apache.commons.cli.CommandLine,,1,120,LINE:BRANCH:EXCEPTION,default,offline,True,,21,10.4,0.6,1.2,17.0,SUCCESS,SUCCESS,97.78,93.75,100.0,100.0,21,0,21,5,test17(org.apache.commons.cli.CommandLine_ESTest);test00(org.apache.commons.cli.CommandLine_ESTest);test01(org.apache.commons.cli.CommandLine_ESTest);test03(org.apache.commons.cli.CommandLine_ESTest);test04(org.apache.commons.cli.CommandLine_ESTest),True,False,,,EvoSuite/Result_Round2/Cli_1/budget120_seed1,EvoSuite/Result_Round2/Cli_1/budget120_seed1/run.log
Closure,1,SBST,EvoSuite,1.2.0,com.google.javascript.jscomp.RemoveUnusedVars,,1,60,LINE:BRANCH:EXCEPTION,default,offline,True,,7,82.5,0.7,5.3,133.7,SUCCESS,SUCCESS,28.51,14.45,24.0,13.0,7,0,7,0,,False,False,,,EvoSuite/Result_Round1/Closure_1/budget60_seed1,EvoSuite/Result_Round1/Closure_1/budget60_seed1/run.log
Closure,1,SBST,EvoSuite,1.2.0,com.google.javascript.jscomp.RemoveUnusedVars,,1,120,LINE:BRANCH:EXCEPTION,default,offline,True,,11,149.8,0.7,6.4,171.6,SUCCESS,SUCCESS,27.6,13.29,18.0,10.0,10,0,10,0,,False,False,,,EvoSuite/Result_Round2/Closure_1/budget120_seed1,EvoSuite/Result_Round2/Closure_1/budget120_seed1/run.log
Codec,1,SBST,EvoSuite,1.2.0,org.apache.commons.codec.language.Caverphone;org.apache.commons.codec.language.Metaphone;org.apache.commons.codec.language.SoundexUtils,,1,60,LINE:BRANCH:EXCEPTION,default,offline,True,,50,86.2,0.7,1.5,99.0,SUCCESS,SUCCESS,94.92,90.76,99.3,99.0,50,0,50,0,,False,False,,,EvoSuite/Result_Round1/Codec_1/budget60_seed1,EvoSuite/Result_Round1/Codec_1/budget60_seed1/run.log
Codec,1,SBST,EvoSuite,1.2.0,org.apache.commons.codec.language.Caverphone;org.apache.commons.codec.language.Metaphone;org.apache.commons.codec.language.SoundexUtils,,1,120,LINE:BRANCH:EXCEPTION,default,offline,True,,53,146.7,0.7,1.5,153.6,SUCCESS,SUCCESS,96.09,91.85,99.7,99.3,53,0,53,0,,False,False,,,EvoSuite/Result_Round2/Codec_1/budget120_seed1,EvoSuite/Result_Round2/Codec_1/budget120_seed1/run.log
Collections,1,SBST,EvoSuite,1.2.0,org.apache.commons.collections.map.Flat3Map,,1,60,LINE:BRANCH:EXCEPTION,default,offline,True,,88,86.5,0.9,2.4,108.9,SUCCESS,SUCCESS,68.06,61.81,74.0,70.0,88,0,88,0,,False,False,,,EvoSuite/Result_Round1/Collections_1/budget60_seed1,EvoSuite/Result_Round1/Collections_1/budget60_seed1/run.log
Collections,1,SBST,EvoSuite,1.2.0,org.apache.commons.collections.map.Flat3Map,,1,120,LINE:BRANCH:EXCEPTION,default,offline,True,,120,290.8,1.0,2.7,300.0,SUCCESS,SUCCESS,74.33,65.62,78.0,73.0,114,0,114,0,,False,False,,,EvoSuite/Result_Round2/Collections_1/budget120_seed1,EvoSuite/Result_Round2/Collections_1/budget120_seed1/run.log
Compress,1,SBST,EvoSuite,1.2.0,org.apache.commons.compress.archivers.cpio.CpioArchiveOutputStream,,1,60,LINE:BRANCH:EXCEPTION,default,offline,True,,32,75.7,0.7,1.4,90.2,SUCCESS,SUCCESS,96.36,86.44,96.0,88.0,32,0,32,3,test09(org.apache.commons.compress.archivers.cpio.CpioArchiveOutputStream_ESTest);test11(org.apache.commons.compress.archivers.cpio.CpioArchiveOutputStream_ESTest);test10(org.apache.commons.compress.archivers.cpio.CpioArchiveOutputStream_ESTest),True,False,,,EvoSuite/Result_Round1/Compress_1/budget60_seed1,EvoSuite/Result_Round1/Compress_1/budget60_seed1/run.log
Compress,1,SBST,EvoSuite,1.2.0,org.apache.commons.compress.archivers.cpio.CpioArchiveOutputStream,,1,120,LINE:BRANCH:EXCEPTION,default,offline,True,,33,137.5,0.7,1.4,144.6,SUCCESS,SUCCESS,96.36,86.44,96.0,88.0,33,0,33,3,test09(org.apache.commons.compress.archivers.cpio.CpioArchiveOutputStream_ESTest);test29(org.apache.commons.compress.archivers.cpio.CpioArchiveOutputStream_ESTest);test10(org.apache.commons.compress.archivers.cpio.CpioArchiveOutputStream_ESTest),True,False,,,EvoSuite/Result_Round2/Compress_1/budget120_seed1,EvoSuite/Result_Round2/Compress_1/budget120_seed1/run.log
Csv,1,SBST,EvoSuite,1.2.0,org.apache.commons.csv.ExtendedBufferedReader,,1,60,LINE:BRANCH:EXCEPTION,default,offline,True,,14,68.3,0.7,1.1,80.1,SUCCESS,SUCCESS,89.19,53.85,89.0,60.0,14,0,14,0,,False,False,,,EvoSuite/Result_Round1/Csv_1/budget60_seed1,EvoSuite/Result_Round1/Csv_1/budget60_seed1/run.log
Csv,1,SBST,EvoSuite,1.2.0,org.apache.commons.csv.ExtendedBufferedReader,,1,120,LINE:BRANCH:EXCEPTION,default,offline,True,,14,128.5,0.7,1.1,135.0,SUCCESS,SUCCESS,89.19,53.85,89.0,60.0,14,0,14,0,,False,False,,,EvoSuite/Result_Round2/Csv_1/budget120_seed1,EvoSuite/Result_Round2/Csv_1/budget120_seed1/run.log
Gson,1,SBST,EvoSuite,1.2.0,com.google.gson.TypeInfoFactory,,1,60,LINE:BRANCH:EXCEPTION,default,offline,True,,2,65.4,1.6,3.9,84.4,SUCCESS,SUCCESS,1.3,0.0,4.0,4.0,2,0,2,0,,False,False,,,EvoSuite/Result_Round1/Gson_1/budget60_seed1,EvoSuite/Result_Round1/Gson_1/budget60_seed1/run.log
Gson,1,SBST,EvoSuite,1.2.0,com.google.gson.TypeInfoFactory,,1,120,LINE:BRANCH:EXCEPTION,default,offline,True,,2,128.0,0.6,1.6,140.9,SUCCESS,SUCCESS,1.3,0.0,4.0,4.0,2,0,2,0,,False,False,,,EvoSuite/Result_Round2/Gson_1/budget120_seed1,EvoSuite/Result_Round2/Gson_1/budget120_seed1/run.log
JacksonCore,1,SBST,EvoSuite,1.2.0,com.fasterxml.jackson.core.io.NumberInput;com.fasterxml.jackson.core.util.TextBuffer,,1,60,LINE:BRANCH:EXCEPTION,default,offline,True,,132,159.6,0.9,2.0,178.5,SUCCESS,SUCCESS,91.07,93.39,97.0,95.0,132,0,132,10,test61(com.fasterxml.jackson.core.io.NumberInput_ESTest);test10(com.fasterxml.jackson.core.io.NumberInput_ESTest);test11(com.fasterxml.jackson.core.io.NumberInput_ESTest);test09(com.fasterxml.jackson.core.io.NumberInput_ESTest);test35(com.fasterxml.jackson.core.util.TextBuffer_ESTest),True,False,,,EvoSuite/Result_Round1/JacksonCore_1/budget60_seed1,EvoSuite/Result_Round1/JacksonCore_1/budget60_seed1/run.log
JacksonCore,1,SBST,EvoSuite,1.2.0,com.fasterxml.jackson.core.io.NumberInput;com.fasterxml.jackson.core.util.TextBuffer,,1,120,LINE:BRANCH:EXCEPTION,default,offline,True,,137,286.5,1.0,2.1,295.4,SUCCESS,SUCCESS,91.07,93.8,98.0,96.5,137,0,137,9,test62(com.fasterxml.jackson.core.io.NumberInput_ESTest);test13(com.fasterxml.jackson.core.io.NumberInput_ESTest);test11(com.fasterxml.jackson.core.io.NumberInput_ESTest);test12(com.fasterxml.jackson.core.io.NumberInput_ESTest);test35(com.fasterxml.jackson.core.util.TextBuffer_ESTest),True,False,,,EvoSuite/Result_Round2/JacksonCore_1/budget120_seed1,EvoSuite/Result_Round2/JacksonCore_1/budget120_seed1/run.log
JacksonDatabind,1,SBST,EvoSuite,1.2.0,com.fasterxml.jackson.databind.ser.BeanPropertyWriter,,1,60,LINE:BRANCH:EXCEPTION,default,offline,True,,0,4.4,,,,,TOOL_ERROR,,,,,,,,,,False,False,TOOL_ERROR,EvoSuite produced no test files,EvoSuite/Result_Round1/JacksonDatabind_1/budget60_seed1,EvoSuite/Result_Round1/JacksonDatabind_1/budget60_seed1/run.log
JacksonDatabind,1,SBST,EvoSuite,1.2.0,com.fasterxml.jackson.databind.ser.BeanPropertyWriter,,1,120,LINE:BRANCH:EXCEPTION,default,offline,True,,0,4.5,,,,,TOOL_ERROR,,,,,,,,,,False,False,TOOL_ERROR,EvoSuite produced no test files,EvoSuite/Result_Round2/JacksonDatabind_1/budget120_seed1,EvoSuite/Result_Round2/JacksonDatabind_1/budget120_seed1/run.log
JacksonXml,1,SBST,EvoSuite,1.2.0,com.fasterxml.jackson.dataformat.xml.deser.FromXmlParser,,1,60,LINE:BRANCH:EXCEPTION,default,offline,True,,2,73.7,1.0,4.6,94.3,SUCCESS,RUNTIME_FAIL,0.0,0.0,4.0,1.0,2,2,2,2,test0(com.fasterxml.jackson.dataformat.xml.deser.FromXmlParser_ESTest);test1(com.fasterxml.jackson.dataformat.xml.deser.FromXmlParser_ESTest),False,False,,,EvoSuite/Result_Round1/JacksonXml_1/budget60_seed1,EvoSuite/Result_Round1/JacksonXml_1/budget60_seed1/run.log
JacksonXml,1,SBST,EvoSuite,1.2.0,com.fasterxml.jackson.dataformat.xml.deser.FromXmlParser,,1,120,LINE:BRANCH:EXCEPTION,default,offline,True,,3,134.5,1.0,4.7,146.2,SUCCESS,RUNTIME_FAIL,2.85,0.0,4.0,1.0,3,5,3,5,test2(com.fasterxml.jackson.dataformat.xml.deser.FromXmlParser_ESTest);test0(com.fasterxml.jackson.dataformat.xml.deser.FromXmlParser_ESTest);test0(com.fasterxml.jackson.dataformat.xml.deser.FromXmlParser_ESTest);test1(com.fasterxml.jackson.dataformat.xml.deser.FromXmlParser_ESTest);test1(com.fasterxml.jackson.dataformat.xml.deser.FromXmlParser_ESTest),False,False,,,EvoSuite/Result_Round2/JacksonXml_1/budget120_seed1,EvoSuite/Result_Round2/JacksonXml_1/budget120_seed1/run.log
Jsoup,1,SBST,EvoSuite,1.2.0,org.jsoup.nodes.Document,,1,60,LINE:BRANCH:EXCEPTION,default,offline,True,,18,15.2,0.9,2.2,32.9,SUCCESS,SUCCESS,95.65,100.0,100.0,100.0,16,0,16,0,,False,False,,,EvoSuite/Result_Round1/Jsoup_1/budget60_seed1,EvoSuite/Result_Round1/Jsoup_1/budget60_seed1/run.log
Jsoup,1,SBST,EvoSuite,1.2.0,org.jsoup.nodes.Document,,1,120,LINE:BRANCH:EXCEPTION,default,offline,True,,18,15.1,0.9,2.2,24.2,SUCCESS,SUCCESS,95.65,100.0,100.0,100.0,16,0,16,0,,False,False,,,EvoSuite/Result_Round2/Jsoup_1/budget120_seed1,EvoSuite/Result_Round2/Jsoup_1/budget120_seed1/run.log
JxPath,1,SBST,EvoSuite,1.2.0,org.apache.commons.jxpath.ri.model.dom.DOMNodePointer;org.apache.commons.jxpath.ri.model.jdom.JDOMNodePointer,,1,60,LINE:BRANCH:EXCEPTION,default,offline,True,,123,191.8,1.0,5.4,203.9,SUCCESS,SUCCESS,50.71,40.57,53.0,45.5,123,0,123,0,,False,False,,,EvoSuite/Result_Round1/JxPath_1/budget60_seed1,EvoSuite/Result_Round1/JxPath_1/budget60_seed1/run.log
JxPath,1,SBST,EvoSuite,1.2.0,org.apache.commons.jxpath.ri.model.dom.DOMNodePointer;org.apache.commons.jxpath.ri.model.jdom.JDOMNodePointer,,1,120,LINE:BRANCH:EXCEPTION,default,offline,True,,126,306.7,0.9,4.4,317.7,SUCCESS,SUCCESS,51.49,40.93,53.5,46.0,126,0,126,0,,False,False,,,EvoSuite/Result_Round2/JxPath_1/budget120_seed1,EvoSuite/Result_Round2/JxPath_1/budget120_seed1/run.log
Math,1,SBST,EvoSuite,1.2.0,org.apache.commons.math3.fraction.BigFraction;org.apache.commons.math3.fraction.Fraction,,1,60,LINE:BRANCH:EXCEPTION,default,offline,True,,125,190.1,0.9,2.2,232.5,SUCCESS,SUCCESS,96.96,97.0,98.0,97.5,125,0,125,3,test24(org.apache.commons.math3.fraction.BigFraction_ESTest);test00(org.apache.commons.math3.fraction.BigFraction_ESTest);test38(org.apache.commons.math3.fraction.Fraction_ESTest),True,False,,,EvoSuite/Result_Round1/Math_1/budget60_seed1,EvoSuite/Result_Round1/Math_1/budget60_seed1/run.log
Math,1,SBST,EvoSuite,1.2.0,org.apache.commons.math3.fraction.BigFraction;org.apache.commons.math3.fraction.Fraction,,1,120,LINE:BRANCH:EXCEPTION,default,offline,True,,126,279.9,0.9,2.5,293.3,SUCCESS,SUCCESS,96.72,96.5,98.5,98.0,126,0,126,7,test35(org.apache.commons.math3.fraction.BigFraction_ESTest);test24(org.apache.commons.math3.fraction.BigFraction_ESTest);test15(org.apache.commons.math3.fraction.BigFraction_ESTest);test51(org.apache.commons.math3.fraction.BigFraction_ESTest);test00(org.apache.commons.math3.fraction.BigFraction_ESTest),True,False,,,EvoSuite/Result_Round2/Math_1/budget120_seed1,EvoSuite/Result_Round2/Math_1/budget120_seed1/run.log
Mockito,1,SBST,EvoSuite,1.2.0,org.mockito.internal.invocation.InvocationMatcher,,1,60,LINE:BRANCH:EXCEPTION,default,offline,True,,12,70.5,0.9,2.9,241.8,SUCCESS,SUCCESS,23.19,8.33,36.0,20.0,8,0,8,0,,False,False,,,EvoSuite/Result_Round1/Mockito_1/budget60_seed1,EvoSuite/Result_Round1/Mockito_1/budget60_seed1/run.log
Mockito,1,SBST,EvoSuite,1.2.0,org.mockito.internal.invocation.InvocationMatcher,,1,120,LINE:BRANCH:EXCEPTION,default,offline,True,,12,129.7,0.7,2.7,225.0,SUCCESS,SUCCESS,28.99,8.33,36.0,20.0,12,0,12,0,,False,False,,,EvoSuite/Result_Round2/Mockito_1/budget120_seed1,EvoSuite/Result_Round2/Mockito_1/budget120_seed1/run.log
Time,1,SBST,EvoSuite,1.2.0,org.joda.time.field.UnsupportedDurationField;org.joda.time.Partial,,1,60,LINE:BRANCH:EXCEPTION,default,offline,True,,103,172.1,0.9,6.0,208.9,SUCCESS,SUCCESS,96.09,91.8,94.0,89.0,103,0,62,3,testToString_String(org.joda.time.TestYearMonthDay_Basics)junit.framework.ComparisonFailure:;testToString_DTFormatter(org.joda.time.TestYearMonthDay_Basics)junit.framework.ComparisonFailure:;testToString_String_Locale(org.joda.time.TestYearMonthDay_Basics)junit.framework.ComparisonFailure:;test15(org.joda.time.field.UnsupportedDurationField_ESTest),True,False,,,EvoSuite/Result_Round1/Time_1/budget60_seed1,EvoSuite/Result_Round1/Time_1/budget60_seed1/run.log
Time,1,SBST,EvoSuite,1.2.0,org.joda.time.field.UnsupportedDurationField;org.joda.time.Partial,,1,120,LINE:BRANCH:EXCEPTION,default,offline,True,,117,295.0,0.8,6.7,313.7,SUCCESS,SUCCESS,95.02,92.62,93.5,89.5,117,0,62,3,testToString_String(org.joda.time.TestYearMonthDay_Basics)junit.framework.ComparisonFailure:;testToString_DTFormatter(org.joda.time.TestYearMonthDay_Basics)junit.framework.ComparisonFailure:;testToString_String_Locale(org.joda.time.TestYearMonthDay_Basics)junit.framework.ComparisonFailure:;test15(org.joda.time.field.UnsupportedDurationField_ESTest);test74(org.joda.time.Partial_ESTest),True,False,,,EvoSuite/Result_Round2/Time_1/budget120_seed1,EvoSuite/Result_Round2/Time_1/budget120_seed1/run.log
