project,bug_id,round,tries,seeds,valid_seeds,detected_seeds,detection_rate,detected_any,false_alarm,status,detection_kind,failure_in_modified_class,line_cov,branch_cov,avg_time_s
Chart,1,1,200,3,3,0,0.0,False,False,NOT_DETECTED,,False,31.88,23.97,278.9
Chart,2,1,200,3,3,0,0.0,False,False,NOT_DETECTED,,False,12.29,9.92,242.2
Chart,3,1,200,3,3,0,0.0,False,False,NOT_DETECTED,,False,31.15,25.09,258.7
Chart,4,1,200,3,3,0,0.0,False,True,NOT_DETECTED,,False,32.39,25.05,281.0
Chart,5,1,200,3,3,0,0.0,False,False,NOT_DETECTED,,False,60.0,58.75,238.4
Chart,6,1,200,3,3,0,0.0,False,False,NOT_DETECTED,,False,41.18,31.25,189.9
Chart,7,1,200,3,3,0,0.0,False,False,NOT_DETECTED,,False,45.28,33.33,226.1
Chart,8,1,200,3,3,3,1.0,True,False,DETECTED,ASSERTION,True,84.78,73.04,214.5
Chart,9,1,200,3,3,0,0.0,False,True,NOT_DETECTED,,False,38.75,35.38,255.6
Chart,10,1,200,3,3,3,1.0,True,False,DETECTED,ASSERTION,True,100.0,,177.9
Chart,11,1,200,3,3,0,0.0,False,False,NOT_DETECTED,,False,37.44,15.52,200.4
Chart,12,1,200,3,3,0,0.0,False,True,NOT_DETECTED,,False,31.05,21.43,203.9
Chart,13,1,200,3,3,0,0.0,False,True,NOT_DETECTED,,False,52.26,48.89,212.3
Chart,14,1,200,3,3,3,1.0,True,True,DETECTED,ASSERTION,True,41.83,32.13,327.4
Chart,15,1,200,3,3,3,1.0,True,True,DETECTED,ASSERTION,True,41.24,30.38,262.3
Chart,16,1,200,3,3,3,1.0,True,True,DETECTED,ASSERTION,True,68.62,69.53,265.6
Chart,17,1,200,3,3,0,0.0,False,True,NOT_DETECTED,,False,38.75,35.94,252.5
Chart,18,1,200,3,3,3,1.0,True,False,DETECTED,ASSERTION,True,57.68,47.88,219.8
Chart,19,1,200,3,3,3,1.0,True,True,DETECTED,ASSERTION,True,53.77,40.8,307.9
Chart,20,1,200,3,3,0,0.0,False,True,NOT_DETECTED,,False,68.18,75.0,131.4
Chart,21,1,200,3,3,0,0.0,False,True,NOT_DETECTED,,False,35.29,14.63,134.8
Chart,22,1,200,3,3,3,1.0,True,False,DETECTED,ASSERTION,True,51.03,39.19,122.2
Chart,23,1,200,3,3,0,0.0,False,False,NOT_DETECTED,,False,30.77,25.0,116.2
Chart,24,1,200,3,3,3,1.0,True,True,DETECTED,ASSERTION,True,88.0,80.0,109.0
Chart,25,1,200,3,3,0,0.0,False,False,NOT_DETECTED,,False,14.29,7.78,110.1
Chart,26,1,200,3,3,0,0.0,False,False,NOT_DETECTED,,False,50.43,48.72,113.1
Chart,1,2,1000,3,3,0,0.0,False,False,NOT_DETECTED,,False,31.88,23.97,261.7
Chart,2,2,1000,3,3,0,0.0,False,False,NOT_DETECTED,,False,12.58,10.22,202.7
Chart,3,2,1000,3,3,0,0.0,False,False,NOT_DETECTED,,False,31.15,25.27,224.0
Chart,4,2,1000,3,3,0,0.0,False,True,NOT_DETECTED,,False,32.39,25.05,240.8
Chart,5,2,1000,3,3,0,0.0,False,False,NOT_DETECTED,,False,60.0,58.75,189.9
Chart,6,2,1000,3,3,0,0.0,False,False,NOT_DETECTED,,False,41.18,31.25,114.9
Chart,7,2,1000,3,3,0,0.0,False,False,NOT_DETECTED,,False,45.28,33.33,173.9
Chart,8,2,1000,3,3,3,1.0,True,False,DETECTED,ASSERTION,True,92.39,80.39,146.2
Chart,9,2,1000,3,3,0,0.0,False,True,NOT_DETECTED,,False,38.75,35.38,218.9
Chart,10,2,1000,3,3,3,1.0,True,False,DETECTED,ASSERTION,True,100.0,,98.4
Chart,11,2,1000,3,3,0,0.0,False,False,NOT_DETECTED,,False,37.44,15.52,131.5
Chart,12,2,1000,3,3,0,0.0,False,True,NOT_DETECTED,,False,31.05,21.43,130.6
Chart,13,2,1000,3,3,0,0.0,False,True,NOT_DETECTED,,False,52.4,49.17,171.9
Chart,14,2,1000,3,3,3,1.0,True,True,DETECTED,ASSERTION,True,41.83,32.13,324.8
Chart,15,2,1000,3,3,3,1.0,True,True,DETECTED,ASSERTION,True,41.24,30.7,209.4
Chart,16,2,1000,3,3,3,1.0,True,True,DETECTED,ASSERTION,True,70.57,73.96,253.5
Chart,17,2,1000,3,3,0,0.0,False,True,NOT_DETECTED,,False,38.75,35.94,217.4
Chart,18,2,1000,3,3,3,1.0,True,False,DETECTED,ASSERTION,True,57.81,48.15,170.9
Chart,19,2,1000,3,3,3,1.0,True,True,DETECTED,ASSERTION,True,53.77,40.8,303.2
Chart,20,2,1000,3,3,0,0.0,False,True,NOT_DETECTED,,False,68.18,75.0,116.4
Chart,21,2,1000,3,3,0,0.0,False,True,NOT_DETECTED,,False,35.29,14.63,138.1
Chart,22,2,1000,3,3,3,1.0,True,False,DETECTED,ASSERTION,True,51.03,39.19,115.4
Chart,23,2,1000,3,3,0,0.0,False,False,NOT_DETECTED,,False,30.77,25.0,102.2
Chart,24,2,1000,3,3,3,1.0,True,True,DETECTED,ASSERTION,True,88.0,80.0,99.0
Chart,25,2,1000,3,3,0,0.0,False,False,NOT_DETECTED,,False,14.29,7.78,83.3
Chart,26,2,1000,3,3,0,0.0,False,False,NOT_DETECTED,,False,50.43,48.97,116.4
Cli,1,1,200,3,3,3,1.0,True,False,DETECTED,ASSERTION,True,80.0,31.25,27.6
Cli,2,1,200,3,3,3,1.0,True,False,DETECTED,ASSERTION,True,68.12,54.76,24.8
Cli,3,1,200,3,3,3,1.0,True,False,DETECTED,ASSERTION,True,62.71,66.67,27.3
Cli,4,1,200,3,3,0,0.0,False,False,NOT_DETECTED,,False,41.58,34.29,27.2
Cli,5,1,200,3,3,3,1.0,True,False,DETECTED,ASSERTION,True,82.05,86.67,25.4
Cli,7,1,200,3,3,0,0.0,False,False,NOT_DETECTED,,False,81.86,72.84,25.8
Cli,8,1,200,3,3,0,0.0,False,False,NOT_DETECTED,,False,66.49,51.28,57.3
Cli,9,1,200,3,3,0,0.0,False,False,NOT_DETECTED,,False,43.4,34.29,27.4
Cli,10,1,200,3,3,0,0.0,False,False,NOT_DETECTED,,False,43.4,34.29,32.7
Cli,11,1,200,3,3,0,0.0,False,False,NOT_DETECTED,,False,67.01,51.26,72.2
Cli,12,1,200,3,3,0,0.0,False,False,NOT_DETECTED,,False,71.43,65.0,32.0
Cli,13,1,200,3,3,0,0.0,False,False,NOT_DETECTED,,False,37.22,42.66,108.1
Cli,14,1,200,3,3,0,0.0,False,False,NOT_DETECTED,,False,44.09,44.53,36.3
Cli,15,1,200,3,3,0,0.0,False,False,NOT_DETECTED,,False,8.16,0.0,36.3
Cli,16,1,200,3,3,0,0.0,False,False,NOT_DETECTED,,False,39.98,36.79,45.3
Cli,17,1,200,3,3,3,1.0,True,False,DETECTED,ASSERTION,True,69.12,54.76,25.8
Cli,18,1,200,3,3,0,0.0,False,False,NOT_DETECTED,,False,69.23,54.76,25.6
Cli,19,1,200,3,3,3,1.0,True,False,DETECTED,ASSERTION,True,71.88,54.76,25.5
Cli,20,1,200,3,3,0,0.0,False,False,NOT_DETECTED,,False,67.65,47.92,25.3
Cli,21,1,200,3,3,0,0.0,False,False,NOT_DETECTED,,False,30.18,30.44,38.7
Cli,22,1,200,3,3,0,0.0,False,False,NOT_DETECTED,,False,71.19,52.27,28.2
Cli,23,1,200,3,3,3,1.0,True,False,DETECTED,ASSERTION,True,67.86,52.12,60.9
Cli,24,1,200,3,3,3,1.0,True,False,DETECTED,ASSERTION,True,68.02,54.16,43.2
Cli,25,1,200,3,3,3,1.0,True,False,DETECTED,ASSERTION,True,68.02,54.16,59.9
Cli,26,1,200,3,3,0,0.0,False,False,NOT_DETECTED,,False,96.67,75.0,31.6
Cli,27,1,200,3,3,0,0.0,False,False,NOT_DETECTED,,False,94.12,66.67,28.5
Cli,28,1,200,3,3,0,0.0,False,False,NOT_DETECTED,,False,47.19,36.27,31.9
Cli,29,1,200,3,3,0,0.0,False,False,NOT_DETECTED,,False,83.33,73.81,28.6
Cli,30,1,200,3,3,0,0.0,False,False,NOT_DETECTED,,False,39.08,28.35,41.1
Cli,31,1,200,3,3,3,1.0,True,False,DETECTED,ASSERTION,True,77.43,56.92,88.8
Cli,32,1,200,3,3,3,1.0,True,False,DETECTED,ASSERTION,True,67.0,45.61,76.8
Cli,33,1,200,3,3,0,0.0,False,False,NOT_DETECTED,,False,67.78,46.05,93.1
Cli,34,1,200,3,3,3,1.0,True,False,DETECTED,ASSERTION,True,88.76,68.18,47.9
Cli,35,1,200,3,3,0,0.0,False,False,NOT_DETECTED,,False,77.97,45.45,34.4
Cli,36,1,200,3,3,0,0.0,False,False,NOT_DETECTED,,False,84.04,55.56,33.1
Cli,37,1,200,3,3,0,0.0,False,False,NOT_DETECTED,,False,35.6,26.37,31.1
Cli,38,1,200,3,3,0,0.0,False,False,NOT_DETECTED,,False,35.23,25.41,28.1
Cli,39,1,200,3,3,0,0.0,False,False,NOT_DETECTED,,False,57.78,65.0,24.6
Cli,40,1,200,3,3,3,1.0,True,False,DETECTED,ASSERTION,True,60.0,65.0,22.3
Cli,1,2,1000,3,3,3,1.0,True,False,DETECTED,ASSERTION,True,80.0,31.25,30.1
Cli,2,2,1000,3,3,3,1.0,True,False,DETECTED,ASSERTION,True,73.43,60.31,23.2
Cli,3,2,1000,3,3,3,1.0,True,False,DETECTED,ASSERTION,True,64.41,66.67,30.0
Cli,4,2,1000,3,3,0,0.0,False,False,NOT_DETECTED,,False,43.89,37.62,29.8
Cli,5,2,1000,3,3,3,1.0,True,False,DETECTED,ASSERTION,True,87.18,93.33,27.6
Cli,7,2,1000,3,3,0,0.0,False,False,NOT_DETECTED,,False,84.31,75.31,31.8
Cli,8,2,1000,3,3,0,0.0,False,False,NOT_DETECTED,,False,66.49,51.92,95.6
Cli,9,2,1000,3,3,0,0.0,False,False,NOT_DETECTED,,False,45.6,37.62,38.6
Cli,10,2,1000,3,3,0,0.0,False,False,NOT_DETECTED,,False,45.6,37.62,38.6
Cli,11,2,1000,3,3,0,0.0,False,False,NOT_DETECTED,,False,67.01,51.89,111.6
Cli,12,2,1000,3,3,0,0.0,False,False,NOT_DETECTED,,False,77.38,71.67,32.5
Cli,13,2,1000,3,3,0,0.0,False,False,NOT_DETECTED,,False,37.22,42.66,408.6
Cli,14,2,1000,3,3,0,0.0,False,False,NOT_DETECTED,,False,44.44,45.31,49.7
Cli,15,2,1000,3,3,0,0.0,False,False,NOT_DETECTED,,False,8.16,0.0,49.2
Cli,16,2,1000,3,3,0,0.0,False,False,NOT_DETECTED,,False,40.36,37.69,96.1
Cli,17,2,1000,3,3,3,1.0,True,False,DETECTED,ASSERTION,True,74.51,60.31,22.0
Cli,18,2,1000,3,3,3,1.0,True,False,DETECTED,ASSERTION,True,74.36,60.31,22.7
Cli,19,2,1000,3,3,3,1.0,True,False,DETECTED,ASSERTION,True,75.52,60.31,22.7
Cli,20,2,1000,3,3,0,0.0,False,False,NOT_DETECTED,,False,73.04,54.86,23.4
Cli,21,2,1000,3,3,0,0.0,False,False,NOT_DETECTED,,False,30.29,30.61,56.1
Cli,22,2,1000,3,3,2,0.67,True,False,FLAKY,ASSERTION,True,76.84,60.61,23.4
Cli,23,2,1000,3,3,3,1.0,True,False,DETECTED,ASSERTION,True,67.86,52.73,87.0
Cli,24,2,1000,3,3,3,1.0,True,False,DETECTED,ASSERTION,True,68.02,54.46,60.9
Cli,25,2,1000,3,3,3,1.0,True,False,DETECTED,ASSERTION,True,68.02,54.46,81.5
Cli,26,2,1000,3,3,0,0.0,False,False,NOT_DETECTED,,False,96.67,75.0,32.1
Cli,27,2,1000,3,3,0,0.0,False,False,NOT_DETECTED,,False,94.12,66.67,27.1
Cli,28,2,1000,3,3,0,0.0,False,False,NOT_DETECTED,,False,48.84,39.22,32.5
Cli,29,2,1000,3,3,0,0.0,False,False,NOT_DETECTED,,False,86.11,80.95,23.2
Cli,30,2,1000,3,3,0,0.0,False,False,NOT_DETECTED,,False,40.99,31.05,40.4
Cli,31,2,1000,3,3,3,1.0,True,False,DETECTED,ASSERTION,True,77.43,57.08,150.6
Cli,32,2,1000,3,3,3,1.0,True,False,DETECTED,ASSERTION,True,67.0,46.2,86.7
Cli,33,2,1000,3,3,0,0.0,False,False,NOT_DETECTED,,False,68.1,46.89,106.1
Cli,34,2,1000,3,3,3,1.0,True,False,DETECTED,ASSERTION,True,88.76,68.18,61.2
Cli,35,2,1000,3,3,0,0.0,False,False,NOT_DETECTED,,False,77.97,45.45,36.9
Cli,36,2,1000,3,3,0,0.0,False,False,NOT_DETECTED,,False,84.04,55.56,38.1
Cli,37,2,1000,3,3,0,0.0,False,False,NOT_DETECTED,,False,37.7,29.12,31.9
Cli,38,2,1000,3,3,0,0.0,False,False,NOT_DETECTED,,False,37.3,28.05,30.8
Cli,39,2,1000,3,3,0,0.0,False,False,NOT_DETECTED,,False,60.0,65.0,29.5
Cli,40,2,1000,3,3,3,1.0,True,False,DETECTED,ASSERTION,True,62.22,65.0,26.1
Closure,1,1,200,3,3,0,0.0,False,False,NOT_DETECTED,,False,3.07,0.0,73.7
Closure,2,1,200,3,3,0,0.0,False,False,NOT_DETECTED,,False,8.76,0.0,80.5
Closure,3,1,200,3,3,0,0.0,False,False,NOT_DETECTED,,False,5.62,0.76,73.7
Closure,4,1,200,3,0,0,,False,False,TEST_COMPILE_FAIL_FIXED,,False,,,
Closure,5,1,200,3,3,0,0.0,False,False,NOT_DETECTED,,False,3.85,0.0,65.3
Closure,6,1,200,3,3,0,0.0,False,False,NOT_DETECTED,,False,8.24,0.0,75.7
Closure,7,1,200,3,3,0,0.0,False,False,NOT_DETECTED,,False,2.87,0.0,68.2
Closure,8,1,200,3,3,0,0.0,False,False,NOT_DETECTED,,False,3.53,0.0,59.5
Closure,9,1,200,3,3,2,0.67,True,False,FLAKY,ASSERTION,True,29.67,21.43,53.9
Closure,10,1,200,3,3,0,0.0,False,False,NOT_DETECTED,,False,40.86,27.5,93.9
Closure,11,1,200,3,3,0,0.0,False,False,NOT_DETECTED,,False,8.51,0.0,57.5
Closure,12,1,200,3,3,3,1.0,True,False,DETECTED,ASSERTION,True,22.71,1.92,54.1
Closure,13,1,200,3,3,0,0.0,False,False,NOT_DETECTED,,False,30.59,7.5,51.0
Closure,14,1,200,3,3,0,0.0,False,False,NOT_DETECTED,,False,26.75,20.89,53.2
Closure,15,1,200,3,3,0,0.0,False,False,NOT_DETECTED,,False,5.42,0.83,49.5
Closure,16,1,200,3,3,0,0.0,False,False,NOT_DETECTED,,False,24.76,11.29,50.1
Closure,17,1,200,3,3,0,0.0,False,False,NOT_DETECTED,,False,2.62,0.0,52.7
Closure,18,1,200,3,3,0,0.0,False,False,NOT_DETECTED,,False,53.24,40.74,87.7
Closure,19,1,200,3,3,0,0.0,False,False,NOT_DETECTED,,False,2.94,0.0,59.5
Closure,20,1,200,3,3,0,0.0,False,False,NOT_DETECTED,,False,5.87,5.03,53.8
Closure,21,1,200,3,3,0,0.0,False,False,NOT_DETECTED,,False,35.71,28.95,50.6
Closure,22,1,200,3,3,3,1.0,True,False,DETECTED,ASSERTION,True,35.71,28.95,49.7
Closure,23,1,200,3,3,0,0.0,False,False,NOT_DETECTED,,False,6.94,3.49,48.8
Closure,24,1,200,3,3,0,0.0,False,False,NOT_DETECTED,,False,27.75,12.04,50.8
Closure,25,1,200,3,3,0,0.0,False,False,NOT_DETECTED,,False,1.49,0.5,51.8
Closure,26,1,200,3,3,0,0.0,False,False,NOT_DETECTED,,False,29.09,20.64,50.5
Closure,27,1,200,3,3,0,0.0,False,False,NOT_DETECTED,,False,61.85,70.56,66.5
Closure,28,1,200,3,3,3,1.0,True,False,DETECTED,ASSERTION,True,92.31,100.0,47.4
Closure,29,1,200,3,3,0,0.0,False,False,NOT_DETECTED,,False,3.89,0.0,46.8
Closure,30,1,200,3,3,3,1.0,True,False,DETECTED,ASSERTION,True,11.95,4.47,55.0
Closure,31,1,200,3,3,0,0.0,False,False,NOT_DETECTED,,False,52.49,40.62,80.9
Closure,32,1,200,3,3,0,0.0,False,False,NOT_DETECTED,,False,15.93,10.79,54.9
Closure,33,1,200,3,3,3,1.0,True,False,DETECTED,ASSERTION,True,70.97,50.73,63.5
Closure,34,1,200,3,3,0,0.0,False,False,NOT_DETECTED,,False,10.92,9.42,49.6
Closure,35,1,200,3,3,0,0.0,False,False,NOT_DETECTED,,False,1.46,0.49,52.8
Closure,36,1,200,3,3,0,0.0,False,False,NOT_DETECTED,,False,7.29,1.28,48.1
Closure,37,1,200,3,3,0,0.0,False,False,NOT_DETECTED,,False,18.17,10.68,58.6
Closure,38,1,200,3,3,0,0.0,False,False,NOT_DETECTED,,False,84.82,79.29,56.5
Closure,39,1,200,3,3,3,1.0,True,False,DETECTED,ASSERTION,True,74.51,53.1,62.8
Closure,40,1,200,3,3,0,0.0,False,False,NOT_DETECTED,,False,20.29,9.99,49.7
Closure,41,1,200,3,3,0,0.0,False,False,NOT_DETECTED,,False,10.26,2.82,53.1
Closure,42,1,200,3,3,0,0.0,False,False,NOT_DETECTED,,False,11.87,6.17,48.8
Closure,43,1,200,3,3,0,0.0,False,False,NOT_DETECTED,,False,2.71,0.0,48.7
Closure,44,1,200,3,3,0,0.0,False,False,NOT_DETECTED,,False,84.68,78.64,53.6
Closure,45,1,200,3,3,0,0.0,False,False,NOT_DETECTED,,False,3.11,0.0,46.4
Closure,46,1,200,3,3,0,0.0,False,False,NOT_DETECTED,,False,24.49,15.28,52.3
Closure,47,1,200,3,3,0,0.0,False,False,NOT_DETECTED,,False,5.29,1.2,49.5
Closure,48,1,200,3,3,0,0.0,False,False,NOT_DETECTED,,False,2.77,0.0,48.3
Closure,49,1,200,3,3,0,0.0,False,False,NOT_DETECTED,,False,12.31,2.86,49.1
Closure,50,1,200,3,3,0,0.0,False,False,NOT_DETECTED,,False,2.24,0.93,46.7
Closure,51,1,200,3,3,0,0.0,False,False,NOT_DETECTED,,False,85.32,81.11,57.7
Closure,52,1,200,3,3,2,0.67,True,False,FLAKY,ASSERTION,True,18.77,14.2,58.0
Closure,53,1,200,3,3,0,0.0,False,False,NOT_DETECTED,,False,4.09,0.0,49.9
Closure,54,1,200,3,3,0,0.0,False,True,NOT_DETECTED,,False,19.09,12.66,78.7
Closure,55,1,200,3,3,0,0.0,False,False,NOT_DETECTED,,False,23.84,14.63,49.3
Closure,56,1,200,3,3,3,1.0,True,False,DETECTED,ASSERTION,True,85.08,69.33,55.8
Closure,57,1,200,3,3,0,0.0,False,False,NOT_DETECTED,,False,29.5,12.42,56.4
Closure,58,1,200,3,3,0,0.0,False,False,NOT_DETECTED,,False,12.62,0.0,51.1
Closure,59,1,200,3,3,0,0.0,False,False,NOT_DETECTED,,False,59.16,44.18,76.4
Closure,60,1,200,3,3,0,0.0,False,False,NOT_DETECTED,,False,45.03,30.1,85.4
Closure,61,1,200,3,3,0,0.0,False,False,NOT_DETECTED,,False,45.12,30.23,82.9
Closure,62,1,200,3,3,0,0.0,False,False,NOT_DETECTED,,False,33.78,25.0,45.4
Closure,64,1,200,3,3,0,0.0,False,False,NOT_DETECTED,,False,59.55,44.96,69.7
Closure,65,1,200,3,3,2,0.67,True,False,FLAKY,ASSERTION,True,18.77,13.9,47.9
Closure,66,1,200,3,3,0,0.0,False,False,NOT_DETECTED,,False,8.42,0.0,47.5
Closure,67,1,200,3,3,0,0.0,False,False,NOT_DETECTED,,False,26.8,8.16,43.5
Closure,68,1,200,3,3,0,0.0,False,False,NOT_DETECTED,,False,15.68,10.53,49.1
Closure,69,1,200,3,3,0,0.0,False,False,NOT_DETECTED,,False,8.44,0.0,49.8
Closure,70,1,200,3,3,0,0.0,False,False,NOT_DETECTED,,False,2.75,0.16,46.0
Closure,71,1,200,3,3,0,0.0,False,False,NOT_DETECTED,,False,8.61,0.0,45.1
Closure,72,1,200,3,3,0,0.0,False,False,NOT_DETECTED,,False,14.35,1.94,47.7
Closure,73,1,200,3,3,0,0.0,False,False,NOT_DETECTED,,False,17.35,13.07,52.9
Closure,74,1,200,3,3,0,0.0,False,False,NOT_DETECTED,,False,8.18,4.65,45.8
Closure,75,1,200,3,3,3,1.0,True,False,DETECTED,ASSERTION,True,45.34,30.76,81.5
Closure,76,1,200,3,3,0,0.0,False,False,NOT_DETECTED,,False,5.78,0.0,41.0
Closure,77,1,200,3,3,2,0.67,True,False,FLAKY,ASSERTION,True,15.93,10.95,46.3
Closure,78,1,200,3,3,0,0.0,False,False,NOT_DETECTED,,False,8.22,4.89,38.6
Closure,79,1,200,3,3,0,0.0,False,False,NOT_DETECTED,,False,7.18,0.0,42.6
Closure,80,1,200,3,3,1,0.33,True,False,FLAKY,ASSERTION,True,45.18,30.55,73.6
Closure,81,1,200,3,3,0,0.0,False,False,NOT_DETECTED,,False,8.8,3.43,40.5
Closure,82,1,200,3,3,0,0.0,False,False,NOT_DETECTED,,False,1.65,1.05,61.2
Closure,83,1,200,3,3,0,0.0,False,False,NOT_DETECTED,,False,66.84,27.03,43.9
Closure,84,1,200,3,3,0,0.0,False,False,NOT_DETECTED,,False,9.17,3.61,35.8
Closure,85,1,200,3,3,0,0.0,False,False,NOT_DETECTED,,False,16.22,1.82,36.4
Closure,86,1,200,3,3,0,0.0,False,False,NOT_DETECTED,,False,44.49,29.09,63.9
Closure,87,1,200,3,3,0,0.0,False,False,NOT_DETECTED,,False,6.11,3.55,35.0
Closure,88,1,200,3,3,0,0.0,False,False,NOT_DETECTED,,False,7.3,0.0,35.2
Closure,89,1,200,3,3,0,0.0,False,False,NOT_DETECTED,,False,10.67,5.35,36.3
Closure,90,1,200,3,3,0,0.0,False,True,NOT_DETECTED,,False,32.98,22.65,55.9
Closure,91,1,200,3,3,0,0.0,False,False,NOT_DETECTED,,False,20.69,8.11,33.2
Closure,92,1,200,3,3,0,0.0,False,False,NOT_DETECTED,,False,4.67,0.0,33.1
Closure,94,1,200,3,3,3,1.0,True,False,DETECTED,ASSERTION,True,49.12,30.97,59.9
Closure,95,1,200,3,3,0,0.0,False,False,NOT_DETECTED,,False,1.36,0.0,33.6
Closure,96,1,200,3,3,0,0.0,False,False,NOT_DETECTED,,False,9.06,0.0,38.2
Closure,97,1,200,3,3,0,0.0,False,False,NOT_DETECTED,,False,7.61,4.27,33.2
Closure,98,1,200,3,3,0,0.0,False,False,NOT_DETECTED,,False,15.08,7.23,34.1
Closure,99,1,200,3,3,0,0.0,False,False,NOT_DETECTED,,False,23.53,9.68,34.7
Closure,100,1,200,3,3,0,0.0,False,False,NOT_DETECTED,,False,26.67,10.71,33.7
Closure,101,1,200,3,3,0,0.0,False,False,NOT_DETECTED,,False,71.17,26.09,37.7
Closure,102,1,200,3,3,0,0.0,False,False,NOT_DETECTED,,False,10.63,5.81,33.0
Closure,103,1,200,3,3,0,0.0,False,False,NOT_DETECTED,,False,13.03,8.75,35.6
Closure,104,1,200,3,3,0,0.0,False,False,NOT_DETECTED,,False,43.75,19.35,41.7
Closure,105,1,200,3,3,0,0.0,False,False,NOT_DETECTED,,False,18.88,20.25,46.4
Closure,106,1,200,3,3,0,0.0,False,False,NOT_DETECTED,,False,37.64,22.15,48.3
Closure,107,1,200,3,3,0,0.0,False,False,NOT_DETECTED,,False,59.82,30.0,59.8
Closure,108,1,200,3,3,0,0.0,False,False,NOT_DETECTED,,False,9.59,0.0,54.5
Closure,109,1,200,3,3,0,0.0,False,False,NOT_DETECTED,,False,20.78,14.53,60.2
Closure,110,1,200,3,3,3,1.0,True,False,DETECTED,ASSERTION,True,50.78,38.43,122.0
Closure,111,1,200,3,3,0,0.0,False,False,NOT_DETECTED,,False,0.0,0.0,49.7
Closure,112,1,200,3,3,0,0.0,False,False,NOT_DETECTED,,False,0.7,0.43,51.4
Closure,113,1,200,3,3,0,0.0,False,False,NOT_DETECTED,,False,4.79,0.0,49.7
Closure,114,1,200,3,3,0,0.0,False,False,NOT_DETECTED,,False,7.48,0.64,47.6
Closure,115,1,200,3,3,0,0.0,False,False,NOT_DETECTED,,False,1.99,0.0,51.9
Closure,116,1,200,3,3,0,0.0,False,False,NOT_DETECTED,,False,1.94,0.0,52.8
Closure,117,1,200,3,3,0,0.0,False,False,NOT_DETECTED,,False,8.01,0.0,63.4
Closure,118,1,200,3,3,0,0.0,False,False,NOT_DETECTED,,False,1.08,0.0,52.7
Closure,119,1,200,3,3,0,0.0,False,False,NOT_DETECTED,,False,10.55,2.6,53.3
Closure,120,1,200,3,3,0,0.0,False,False,NOT_DETECTED,,False,14.35,5.74,51.9
Closure,121,1,200,3,3,0,0.0,False,False,NOT_DETECTED,,False,7.09,1.25,49.9
Closure,122,1,200,3,3,0,0.0,False,False,NOT_DETECTED,,False,10.63,4.87,49.9
Closure,123,1,200,3,3,0,0.0,False,False,NOT_DETECTED,,False,17.59,13.75,57.1
Closure,124,1,200,3,3,0,0.0,False,False,NOT_DETECTED,,False,8.64,4.41,48.6
Closure,125,1,200,3,3,0,0.0,False,False,NOT_DETECTED,,False,8.11,0.0,55.4
Closure,126,1,200,3,3,0,0.0,False,False,NOT_DETECTED,,False,16.83,18.41,51.2
Closure,127,1,200,3,3,0,0.0,False,False,NOT_DETECTED,,False,8.24,0.0,47.8
Closure,128,1,200,3,3,1,0.33,True,False,FLAKY,ASSERTION,True,17.55,13.92,59.2
Closure,129,1,200,3,3,0,0.0,False,False,NOT_DETECTED,,False,29.73,19.5,50.8
Closure,130,1,200,3,3,0,0.0,False,False,NOT_DETECTED,,False,7.03,3.01,51.3
Closure,131,1,200,3,3,0,0.0,False,False,NOT_DETECTED,,False,42.69,30.18,49.1
Closure,132,1,200,3,3,0,0.0,False,False,NOT_DETECTED,,False,6.11,4.98,49.1
Closure,133,1,200,3,3,0,0.0,False,False,NOT_DETECTED,,False,20.41,15.01,52.2
Closure,134,1,200,3,3,0,0.0,False,False,NOT_DETECTED,,False,2.85,0.0,36.7
Closure,135,1,200,3,3,0,0.0,False,False,NOT_DETECTED,,False,39.03,33.33,58.8
Closure,136,1,200,3,3,0,0.0,False,False,NOT_DETECTED,,False,29.64,12.86,36.4
Closure,137,1,200,3,3,0,0.0,False,False,NOT_DETECTED,,False,36.45,25.77,58.5
Closure,138,1,200,3,3,0,0.0,False,False,NOT_DETECTED,,False,1.98,0.52,37.1
Closure,139,1,200,3,3,0,0.0,False,False,NOT_DETECTED,,False,9.31,4.95,32.5
Closure,140,1,200,3,3,3,1.0,True,False,DETECTED,ASSERTION,True,63.17,46.04,56.0
Closure,141,1,200,3,3,0,0.0,False,False,NOT_DETECTED,,False,40.32,27.37,60.8
Closure,142,1,200,3,3,0,0.0,False,False,NOT_DETECTED,,False,13.58,7.98,42.1
Closure,143,1,200,3,0,0,,False,False,RUNTIME_FAIL,,False,,,
Closure,144,1,200,3,3,0,0.0,False,True,NOT_DETECTED,,False,21.45,12.97,60.7
Closure,145,1,200,3,3,0,0.0,False,False,NOT_DETECTED,,False,17.12,13.52,38.6
Closure,146,1,200,3,3,0,0.0,False,False,NOT_DETECTED,,False,2.28,1.91,52.8
Closure,147,1,200,3,3,0,0.0,False,False,NOT_DETECTED,,False,17.37,8.22,35.9
Closure,148,1,200,3,3,3,1.0,True,False,DETECTED,ASSERTION,True,8.94,4.45,34.9
Closure,149,1,200,3,0,0,,False,False,RUNTIME_FAIL,,False,,,
Closure,150,1,200,3,3,0,0.0,False,False,NOT_DETECTED,,False,1.39,0.0,32.6
Closure,151,1,200,3,3,0,0.0,False,False,NOT_DETECTED,,False,67.37,27.03,39.3
Closure,152,1,200,3,3,0,0.0,False,True,NOT_DETECTED,,False,52.08,38.97,53.0
Closure,153,1,200,3,3,0,0.0,False,False,NOT_DETECTED,,False,13.18,7.54,37.3
Closure,154,1,200,3,3,0,0.0,False,False,NOT_DETECTED,,False,8.11,0.0,53.7
Closure,155,1,200,3,3,0,0.0,False,False,NOT_DETECTED,,False,19.64,7.54,47.6
Closure,156,1,200,3,3,0,0.0,False,False,NOT_DETECTED,,False,7.67,3.28,38.6
Closure,157,1,200,3,3,0,0.0,False,False,NOT_DETECTED,,False,12.7,7.1,48.7
Closure,158,1,200,3,0,0,,False,False,RUNTIME_FAIL,,False,,,
Closure,159,1,200,3,3,0,0.0,False,False,NOT_DETECTED,,False,1.46,0.75,41.8
Closure,160,1,200,3,3,0,0.0,False,False,NOT_DETECTED,,False,59.55,45.21,70.1
Closure,161,1,200,3,3,0,0.0,False,False,NOT_DETECTED,,False,9.58,5.47,47.4
Closure,162,1,200,3,3,0,0.0,False,False,NOT_DETECTED,,False,39.75,19.02,58.1
Closure,163,1,200,3,3,0,0.0,False,False,NOT_DETECTED,,False,20.0,6.53,47.7
Closure,164,1,200,3,3,0,0.0,False,True,NOT_DETECTED,,False,45.33,24.33,76.3
Closure,165,1,200,3,3,0,0.0,False,False,NOT_DETECTED,,False,58.8,27.95,102.7
Closure,166,1,200,3,3,0,0.0,False,False,NOT_DETECTED,,False,68.75,49.11,59.4
Closure,167,1,200,3,3,0,0.0,False,False,NOT_DETECTED,,False,10.59,6.19,86.7
Closure,168,1,200,3,3,0,0.0,False,False,NOT_DETECTED,,False,2.58,0.0,49.4
Closure,169,1,200,3,3,0,0.0,False,True,NOT_DETECTED,,False,40.29,26.87,130.9
Closure,170,1,200,3,3,0,0.0,False,False,NOT_DETECTED,,False,5.49,0.72,47.1
Closure,171,1,200,3,3,0,0.0,False,False,NOT_DETECTED,,False,1.71,0.16,51.8
Closure,172,1,200,3,3,0,0.0,False,False,NOT_DETECTED,,False,2.42,0.0,45.5
Closure,173,1,200,3,3,3,1.0,True,False,DETECTED,ASSERTION,True,15.74,11.76,51.2
Closure,174,1,200,3,3,0,0.0,False,False,NOT_DETECTED,,False,34.03,23.56,73.5
Closure,175,1,200,3,3,0,0.0,False,False,NOT_DETECTED,,False,3.0,0.0,47.9
Closure,176,1,200,3,3,0,0.0,False,False,NOT_DETECTED,,False,0.68,0.41,39.2
Closure,1,2,1000,3,3,0,0.0,False,False,NOT_DETECTED,,False,3.07,0.0,37.6
Closure,2,2,1000,3,3,0,0.0,False,False,NOT_DETECTED,,False,8.76,0.0,50.6
Closure,3,2,1000,3,3,0,0.0,False,False,NOT_DETECTED,,False,5.62,0.76,38.3
Closure,4,2,1000,3,0,0,,False,False,TEST_COMPILE_FAIL_FIXED,,False,,,
Closure,5,2,1000,3,3,0,0.0,False,False,NOT_DETECTED,,False,3.85,0.0,36.6
Closure,6,2,1000,3,3,0,0.0,False,False,NOT_DETECTED,,False,8.24,0.0,68.3
Closure,7,2,1000,3,3,0,0.0,False,False,NOT_DETECTED,,False,2.87,0.0,43.2
Closure,8,2,1000,3,3,0,0.0,False,False,NOT_DETECTED,,False,3.53,0.0,29.4
Closure,9,2,1000,3,3,3,1.0,True,False,DETECTED,ASSERTION,True,29.97,24.6,33.5
Closure,10,2,1000,3,3,1,0.33,True,False,FLAKY,ASSERTION,True,47.31,34.08,139.0
Closure,11,2,1000,3,3,0,0.0,False,False,NOT_DETECTED,,False,8.51,0.0,40.4
Closure,12,2,1000,3,3,3,1.0,True,False,DETECTED,ASSERTION,True,24.18,1.92,34.1
Closure,13,2,1000,3,3,0,0.0,False,False,NOT_DETECTED,,False,30.59,7.5,30.1
Closure,14,2,1000,3,3,0,0.0,False,False,NOT_DETECTED,,False,29.55,24.4,41.5
Closure,15,2,1000,3,3,0,0.0,False,False,NOT_DETECTED,,False,5.42,0.83,30.5
Closure,16,2,1000,3,3,0,0.0,False,False,NOT_DETECTED,,False,24.76,12.1,30.7
Closure,17,2,1000,3,3,0,0.0,False,False,NOT_DETECTED,,False,2.62,0.0,30.8
Closure,18,2,1000,3,3,0,0.0,False,False,NOT_DETECTED,,False,53.37,41.06,98.3
Closure,19,2,1000,3,3,0,0.0,False,False,NOT_DETECTED,,False,2.94,0.0,38.3
Closure,20,2,1000,3,3,0,0.0,False,False,NOT_DETECTED,,False,7.02,6.67,34.3
Closure,21,2,1000,3,3,0,0.0,False,False,NOT_DETECTED,,False,35.71,28.95,32.6
Closure,22,2,1000,3,3,3,1.0,True,False,DETECTED,ASSERTION,True,35.71,28.95,33.1
Closure,23,2,1000,3,3,0,0.0,False,False,NOT_DETECTED,,False,12.43,7.89,30.2
Closure,24,2,1000,3,3,0,0.0,False,False,NOT_DETECTED,,False,27.75,12.96,31.4
Closure,25,2,1000,3,3,0,0.0,False,False,NOT_DETECTED,,False,1.49,0.5,38.7
Closure,26,2,1000,3,3,0,0.0,False,False,NOT_DETECTED,,False,29.09,23.02,33.8
Closure,27,2,1000,3,3,0,0.0,False,False,NOT_DETECTED,,False,62.92,74.45,83.3
Closure,28,2,1000,3,3,3,1.0,True,False,DETECTED,ASSERTION,True,92.31,100.0,29.2
Closure,29,2,1000,3,3,0,0.0,False,False,NOT_DETECTED,,False,3.89,0.0,29.4
Closure,30,2,1000,3,3,3,1.0,True,False,DETECTED,ASSERTION,True,13.15,4.47,41.1
Closure,31,2,1000,3,3,0,0.0,False,False,NOT_DETECTED,,False,52.63,40.95,100.2
Closure,32,2,1000,3,3,0,0.0,False,False,NOT_DETECTED,,False,19.85,13.96,41.4
Closure,33,2,1000,3,3,3,1.0,True,False,DETECTED,ASSERTION,True,71.58,51.47,68.1
Closure,34,2,1000,3,3,0,0.0,False,False,NOT_DETECTED,,False,11.27,9.94,41.9
Closure,35,2,1000,3,3,0,0.0,False,False,NOT_DETECTED,,False,1.46,0.49,37.2
Closure,36,2,1000,3,3,0,0.0,False,False,NOT_DETECTED,,False,7.29,1.28,27.2
Closure,37,2,1000,3,3,0,0.0,False,False,NOT_DETECTED,,False,18.17,10.68,47.2
Closure,38,2,1000,3,3,0,0.0,False,False,NOT_DETECTED,,False,85.12,82.32,48.3
Closure,39,2,1000,3,3,3,1.0,True,False,DETECTED,ASSERTION,True,75.16,53.88,70.8
Closure,40,2,1000,3,3,0,0.0,False,False,NOT_DETECTED,,False,20.76,10.37,30.7
Closure,41,2,1000,3,3,0,0.0,False,False,NOT_DETECTED,,False,10.26,2.82,44.2
Closure,42,2,1000,3,3,0,0.0,False,False,NOT_DETECTED,,False,11.87,6.17,30.3
Closure,43,2,1000,3,3,0,0.0,False,False,NOT_DETECTED,,False,2.71,0.0,32.5
Closure,44,2,1000,3,3,0,0.0,False,False,NOT_DETECTED,,False,84.98,81.77,49.7
Closure,45,2,1000,3,3,0,0.0,False,False,NOT_DETECTED,,False,3.11,0.0,31.1
Closure,46,2,1000,3,3,0,0.0,False,False,NOT_DETECTED,,False,24.49,15.28,45.3
Closure,47,2,1000,3,3,0,0.0,False,False,NOT_DETECTED,,False,5.29,1.2,35.2
Closure,48,2,1000,3,3,0,0.0,False,False,NOT_DETECTED,,False,2.77,0.0,34.1
Closure,49,2,1000,3,3,1,0.33,True,False,FLAKY,ASSERTION,True,12.48,3.18,31.5
Closure,50,2,1000,3,3,0,0.0,False,False,NOT_DETECTED,,False,2.89,1.58,29.6
Closure,51,2,1000,3,3,0,0.0,False,False,NOT_DETECTED,,False,85.63,82.22,48.5
Closure,52,2,1000,3,3,3,1.0,True,False,DETECTED,ASSERTION,True,19.1,14.72,47.5
Closure,53,2,1000,3,3,0,0.0,False,False,NOT_DETECTED,,False,4.09,0.0,28.7
Closure,54,2,1000,3,3,0,0.0,False,True,NOT_DETECTED,,False,19.76,13.58,100.1
Closure,55,2,1000,3,3,0,0.0,False,False,NOT_DETECTED,,False,23.84,14.63,28.1
Closure,56,2,1000,3,3,3,1.0,True,False,DETECTED,ASSERTION,True,86.24,72.67,47.2
Closure,57,2,1000,3,3,0,0.0,False,False,NOT_DETECTED,,False,35.49,16.02,46.4
Closure,58,2,1000,3,3,0,0.0,False,False,NOT_DETECTED,,False,12.62,0.0,36.6
Closure,59,2,1000,3,3,0,0.0,False,False,NOT_DETECTED,,False,59.33,44.58,83.2
Closure,60,2,1000,3,3,0,0.0,False,False,NOT_DETECTED,,False,51.62,37.53,133.0
Closure,61,2,1000,3,3,0,0.0,False,False,NOT_DETECTED,,False,51.59,37.56,131.5
Closure,62,2,1000,3,3,0,0.0,False,False,NOT_DETECTED,,False,33.78,25.0,28.2
Closure,64,2,1000,3,3,0,0.0,False,False,NOT_DETECTED,,False,59.72,45.37,81.4
Closure,65,2,1000,3,3,3,1.0,True,False,DETECTED,ASSERTION,True,19.1,14.34,40.4
Closure,66,2,1000,3,3,0,0.0,False,False,NOT_DETECTED,,False,8.42,0.0,37.1
Closure,67,2,1000,3,3,0,0.0,False,False,NOT_DETECTED,,False,26.8,8.16,28.2
Closure,68,2,1000,3,3,0,0.0,False,False,NOT_DETECTED,,False,19.67,13.81,38.1
Closure,69,2,1000,3,3,0,0.0,False,False,NOT_DETECTED,,False,8.44,0.0,40.3
Closure,70,2,1000,3,3,0,0.0,False,False,NOT_DETECTED,,False,2.75,0.16,29.2
Closure,71,2,1000,3,3,0,0.0,False,False,NOT_DETECTED,,False,8.61,0.0,29.7
Closure,72,2,1000,3,3,0,0.0,False,False,NOT_DETECTED,,False,14.35,1.94,28.0
Closure,73,2,1000,3,3,0,0.0,False,False,NOT_DETECTED,,False,18.43,14.1,41.1
Closure,74,2,1000,3,3,0,0.0,False,False,NOT_DETECTED,,False,11.52,7.53,25.1
Closure,75,2,1000,3,3,3,1.0,True,False,DETECTED,ASSERTION,True,51.83,38.3,124.5
Closure,76,2,1000,3,3,0,0.0,False,False,NOT_DETECTED,,False,5.78,0.0,26.2
Closure,77,2,1000,3,3,3,1.0,True,False,DETECTED,ASSERTION,True,17.05,11.95,39.7
Closure,78,2,1000,3,3,0,0.0,False,False,NOT_DETECTED,,False,11.55,7.93,25.7
Closure,79,2,1000,3,3,0,0.0,False,False,NOT_DETECTED,,False,7.18,0.0,29.9
Closure,80,2,1000,3,3,1,0.33,True,False,FLAKY,ASSERTION,True,51.57,37.99,124.3
Closure,81,2,1000,3,3,0,0.0,False,False,NOT_DETECTED,,False,8.86,3.53,23.6
Closure,82,2,1000,3,3,0,0.0,False,False,NOT_DETECTED,,False,2.25,1.9,91.0
Closure,83,2,1000,3,3,0,0.0,False,False,NOT_DETECTED,,False,66.84,27.03,35.6
Closure,84,2,1000,3,3,0,0.0,False,False,NOT_DETECTED,,False,9.23,3.72,25.9
Closure,85,2,1000,3,3,0,0.0,False,False,NOT_DETECTED,,False,17.12,3.64,28.1
Closure,86,2,1000,3,3,0,0.0,False,False,NOT_DETECTED,,False,51.53,36.94,110.3
Closure,87,2,1000,3,3,0,0.0,False,False,NOT_DETECTED,,False,6.9,4.49,25.5
Closure,88,2,1000,3,3,0,0.0,False,False,NOT_DETECTED,,False,7.3,0.0,26.6
Closure,89,2,1000,3,3,0,0.0,False,False,NOT_DETECTED,,False,10.81,5.67,29.7
Closure,90,2,1000,3,3,0,0.0,False,True,NOT_DETECTED,,False,33.99,24.56,92.5
Closure,91,2,1000,3,3,0,0.0,False,False,NOT_DETECTED,,False,20.69,8.11,24.5
Closure,92,2,1000,3,3,0,0.0,False,False,NOT_DETECTED,,False,4.67,0.0,24.2
Closure,94,2,1000,3,3,3,1.0,True,False,DETECTED,ASSERTION,True,55.78,38.72,107.6
Closure,95,2,1000,3,3,0,0.0,False,False,NOT_DETECTED,,False,1.36,0.0,23.6
Closure,96,2,1000,3,3,0,0.0,False,False,NOT_DETECTED,,False,9.06,0.0,35.5
Closure,97,2,1000,3,3,0,0.0,False,False,NOT_DETECTED,,False,10.43,7.09,22.6
Closure,98,2,1000,3,3,0,0.0,False,False,NOT_DETECTED,,False,16.95,9.32,28.5
Closure,99,2,1000,3,3,0,0.0,False,False,NOT_DETECTED,,False,23.53,9.68,26.0
Closure,100,2,1000,3,3,0,0.0,False,False,NOT_DETECTED,,False,26.67,10.71,26.1
Closure,101,2,1000,3,3,0,0.0,False,False,NOT_DETECTED,,False,71.17,26.09,34.8
Closure,102,2,1000,3,3,0,0.0,False,False,NOT_DETECTED,,False,11.71,7.03,29.0
Closure,103,2,1000,3,3,0,0.0,False,False,NOT_DETECTED,,False,13.64,9.58,34.7
Closure,104,2,1000,3,3,0,0.0,False,False,NOT_DETECTED,,False,43.75,19.35,56.6
Closure,105,2,1000,3,3,0,0.0,False,False,NOT_DETECTED,,False,22.4,26.25,58.9
Closure,106,2,1000,3,3,0,0.0,False,False,NOT_DETECTED,,False,37.69,22.45,54.9
Closure,107,2,1000,3,3,0,0.0,False,False,NOT_DETECTED,,False,59.82,30.0,40.3
Closure,108,2,1000,3,3,0,0.0,False,False,NOT_DETECTED,,False,9.59,0.0,31.6
Closure,109,2,1000,3,3,0,0.0,False,False,NOT_DETECTED,,False,23.28,16.92,46.3
Closure,110,2,1000,3,3,3,1.0,True,False,DETECTED,ASSERTION,True,51.22,40.37,233.8
Closure,111,2,1000,3,3,0,0.0,False,False,NOT_DETECTED,,False,0.0,0.0,29.4
Closure,112,2,1000,3,3,0,0.0,False,False,NOT_DETECTED,,False,0.7,0.43,36.1
Closure,113,2,1000,3,3,0,0.0,False,False,NOT_DETECTED,,False,4.79,0.0,32.9
Closure,114,2,1000,3,3,0,0.0,False,False,NOT_DETECTED,,False,7.48,0.64,29.3
Closure,115,2,1000,3,3,0,0.0,False,False,NOT_DETECTED,,False,1.99,0.0,37.2
Closure,116,2,1000,3,3,0,0.0,False,False,NOT_DETECTED,,False,1.94,0.0,35.9
Closure,117,2,1000,3,3,0,0.0,False,False,NOT_DETECTED,,False,8.01,0.0,65.0
Closure,118,2,1000,3,3,0,0.0,False,False,NOT_DETECTED,,False,1.08,0.0,33.9
Closure,119,2,1000,3,3,0,0.0,False,False,NOT_DETECTED,,False,10.55,2.6,40.6
Closure,120,2,1000,3,3,0,0.0,False,False,NOT_DETECTED,,False,15.95,7.5,32.5
Closure,121,2,1000,3,3,0,0.0,False,False,NOT_DETECTED,,False,7.09,1.25,28.5
Closure,122,2,1000,3,3,0,0.0,False,False,NOT_DETECTED,,False,10.63,4.87,29.2
Closure,123,2,1000,3,3,0,0.0,False,False,NOT_DETECTED,,False,18.72,15.88,42.1
Closure,124,2,1000,3,3,0,0.0,False,False,NOT_DETECTED,,False,8.64,4.41,27.2
Closure,125,2,1000,3,3,0,0.0,False,False,NOT_DETECTED,,False,8.11,0.0,40.7
Closure,126,2,1000,3,3,0,0.0,False,False,NOT_DETECTED,,False,18.85,24.38,30.7
Closure,127,2,1000,3,3,0,0.0,False,False,NOT_DETECTED,,False,8.24,0.0,27.2
Closure,128,2,1000,3,3,3,1.0,True,False,DETECTED,ASSERTION,True,18.7,16.08,42.7
Closure,129,2,1000,3,3,0,0.0,False,False,NOT_DETECTED,,False,29.73,20.76,29.3
Closure,130,2,1000,3,3,0,0.0,False,False,NOT_DETECTED,,False,7.03,3.01,29.3
Closure,131,2,1000,3,3,0,0.0,False,False,NOT_DETECTED,,False,55.56,41.03,29.1
Closure,132,2,1000,3,3,0,0.0,False,False,NOT_DETECTED,,False,7.25,6.59,36.9
Closure,133,2,1000,3,3,0,0.0,False,False,NOT_DETECTED,,False,24.03,18.02,46.6
Closure,134,2,1000,3,3,0,0.0,False,False,NOT_DETECTED,,False,2.85,0.0,29.6
Closure,135,2,1000,3,3,0,0.0,False,False,NOT_DETECTED,,False,43.64,40.12,91.5
Closure,136,2,1000,3,3,0,0.0,False,False,NOT_DETECTED,,False,29.64,12.86,28.0
Closure,137,2,1000,3,3,0,0.0,False,False,NOT_DETECTED,,False,39.61,30.51,102.8
Closure,138,2,1000,3,3,0,0.0,False,False,NOT_DETECTED,,False,1.98,0.52,32.6
Closure,139,2,1000,3,3,0,0.0,False,False,NOT_DETECTED,,False,9.31,4.95,25.1
Closure,140,2,1000,3,3,3,1.0,True,False,DETECTED,ASSERTION,True,63.79,47.27,70.5
Closure,141,2,1000,3,3,0,0.0,False,False,NOT_DETECTED,,False,44.13,32.63,101.7
Closure,142,2,1000,3,3,0,0.0,False,False,NOT_DETECTED,,False,17.31,10.44,37.1
Closure,143,2,1000,3,0,0,,False,False,RUNTIME_FAIL,,False,,,
Closure,144,2,1000,3,3,0,0.0,False,True,NOT_DETECTED,,False,22.04,14.08,110.3
Closure,145,2,1000,3,3,0,0.0,False,False,NOT_DETECTED,,False,18.27,14.66,40.1
Closure,146,2,1000,3,3,0,0.0,False,False,NOT_DETECTED,,False,2.63,2.46,88.9
Closure,147,2,1000,3,3,0,0.0,False,False,NOT_DETECTED,,False,17.37,8.22,30.7
Closure,148,2,1000,3,3,3,1.0,True,False,DETECTED,ASSERTION,True,11.21,6.87,29.0
Closure,149,2,1000,3,0,0,,False,False,RUNTIME_FAIL,,False,,,
Closure,150,2,1000,3,3,0,0.0,False,False,NOT_DETECTED,,False,1.39,0.0,26.1
Closure,151,2,1000,3,3,0,0.0,False,False,NOT_DETECTED,,False,67.37,27.03,37.7
Closure,152,2,1000,3,3,0,0.0,False,True,NOT_DETECTED,,False,53.98,42.49,89.7
Closure,153,2,1000,3,3,0,0.0,False,False,NOT_DETECTED,,False,13.18,7.54,34.2
Closure,154,2,1000,3,3,0,0.0,False,False,NOT_DETECTED,,False,8.11,0.0,72.7
Closure,155,2,1000,3,3,0,0.0,False,False,NOT_DETECTED,,False,20.26,8.43,56.6
Closure,156,2,1000,3,3,0,0.0,False,False,NOT_DETECTED,,False,7.67,3.28,27.8
Closure,157,2,1000,3,3,0,0.0,False,False,NOT_DETECTED,,False,13.19,7.64,49.3
Closure,158,2,1000,3,0,0,,False,False,RUNTIME_FAIL,,False,,,
Closure,159,2,1000,3,3,0,0.0,False,False,NOT_DETECTED,,False,1.46,0.75,31.2
Closure,160,2,1000,3,3,0,0.0,False,False,NOT_DETECTED,,False,59.72,45.62,95.7
Closure,161,2,1000,3,3,0,0.0,False,False,NOT_DETECTED,,False,13.14,8.6,31.5
Closure,162,2,1000,3,3,0,0.0,False,False,NOT_DETECTED,,False,39.75,20.11,64.5
Closure,163,2,1000,3,3,0,0.0,False,False,NOT_DETECTED,,False,20.0,6.53,35.0
Closure,164,2,1000,3,3,0,0.0,False,True,NOT_DETECTED,,False,50.33,29.0,125.4
Closure,165,2,1000,3,3,0,0.0,False,False,NOT_DETECTED,,False,59.91,28.28,156.0
Closure,166,2,1000,3,3,0,0.0,False,False,NOT_DETECTED,,False,69.2,49.47,62.3
Closure,167,2,1000,3,3,0,0.0,False,False,NOT_DETECTED,,False,10.59,6.19,140.7
Closure,168,2,1000,3,3,0,0.0,False,False,NOT_DETECTED,,False,2.58,0.0,30.2
Closure,169,2,1000,3,3,0,0.0,False,True,NOT_DETECTED,,False,41.01,27.67,226.6
Closure,170,2,1000,3,3,0,0.0,False,False,NOT_DETECTED,,False,5.49,0.72,29.6
Closure,171,2,1000,3,3,0,0.0,False,False,NOT_DETECTED,,False,1.71,0.16,42.8
Closure,172,2,1000,3,3,0,0.0,False,False,NOT_DETECTED,,False,2.42,0.0,34.3
Closure,173,2,1000,3,3,3,1.0,True,False,DETECTED,ASSERTION,True,16.85,13.6,45.7
Closure,174,2,1000,3,3,0,0.0,False,False,NOT_DETECTED,,False,39.46,29.44,114.3
Closure,175,2,1000,3,3,0,0.0,False,False,NOT_DETECTED,,False,3.0,0.0,38.6
Closure,176,2,1000,3,3,0,0.0,False,False,NOT_DETECTED,,False,0.68,0.41,38.2
Codec,1,1,200,3,3,0,0.0,False,False,NOT_DETECTED,,False,88.93,79.71,113.5
Codec,2,1,200,3,3,0,0.0,False,False,NOT_DETECTED,,False,93.15,90.32,110.7
Codec,3,1,200,3,3,0,0.0,False,False,NOT_DETECTED,,False,72.41,57.26,101.4
Codec,4,1,200,3,3,3,1.0,True,False,DETECTED,ASSERTION,True,98.27,94.73,114.6
Codec,5,1,200,3,3,0,0.0,False,False,NOT_DETECTED,,False,98.28,94.24,117.4
Codec,6,1,200,3,3,0,0.0,False,False,NOT_DETECTED,,False,95.62,87.78,96.0
Codec,7,1,200,3,3,3,1.0,True,False,DETECTED,ASSERTION,True,98.28,94.24,118.1
Codec,8,1,200,3,3,1,0.33,True,False,FLAKY,ASSERTION,True,97.24,90.82,118.7
Codec,9,1,200,3,3,3,1.0,True,False,DETECTED,ASSERTION,True,96.82,89.39,117.8
Codec,10,1,200,3,3,0,0.0,False,False,NOT_DETECTED,,False,100.0,100.0,102.4
Codec,11,1,200,3,3,3,1.0,True,False,DETECTED,ASSERTION,True,86.61,86.49,113.9
Codec,12,1,200,3,3,0,0.0,False,False,NOT_DETECTED,,False,30.61,33.33,98.9
Codec,13,1,200,3,3,3,1.0,True,False,DETECTED,ASSERTION,True,71.34,56.77,119.2
Codec,14,1,200,3,3,3,1.0,True,False,DETECTED,ASSERTION,True,94.05,90.83,120.1
Codec,15,1,200,3,3,3,1.0,True,False,DETECTED,ASSERTION,True,100.0,94.79,109.8
Codec,16,1,200,3,3,1,0.33,True,False,FLAKY,ASSERTION,True,52.41,68.44,103.4
Codec,17,1,200,3,3,3,1.0,True,False,DETECTED,ASSERTION,True,87.18,85.0,115.9
Codec,18,1,200,3,3,0,0.0,False,False,NOT_DETECTED,,False,87.18,70.83,118.2
Codec,1,2,1000,3,3,0,0.0,False,False,NOT_DETECTED,,False,92.58,86.41,119.5
Codec,2,2,1000,3,3,0,0.0,False,False,NOT_DETECTED,,False,96.26,92.34,120.4
Codec,3,2,1000,3,3,0,0.0,False,False,NOT_DETECTED,,False,80.72,67.18,112.3
Codec,4,2,1000,3,3,3,1.0,True,False,DETECTED,ASSERTION,True,98.27,94.94,127.0
Codec,5,2,1000,3,3,0,0.0,False,False,NOT_DETECTED,,False,98.28,94.44,130.0
Codec,6,2,1000,3,3,2,0.67,True,False,FLAKY,ASSERTION,True,97.37,93.33,100.8
Codec,7,2,1000,3,3,3,1.0,True,False,DETECTED,ASSERTION,True,98.28,94.44,130.7
Codec,8,2,1000,3,3,3,1.0,True,False,DETECTED,ASSERTION,True,97.64,91.57,133.1
Codec,9,2,1000,3,3,3,1.0,True,False,DETECTED,ASSERTION,True,96.82,89.61,129.0
Codec,10,2,1000,3,3,1,0.33,True,False,FLAKY,ASSERTION,True,100.0,100.0,104.5
Codec,11,2,1000,3,3,3,1.0,True,False,DETECTED,ASSERTION,True,86.92,86.49,131.0
Codec,12,2,1000,3,3,0,0.0,False,False,NOT_DETECTED,,False,31.97,35.18,98.8
Codec,13,2,1000,3,3,3,1.0,True,False,DETECTED,ASSERTION,True,78.92,66.04,134.7
Codec,14,2,1000,3,3,3,1.0,True,False,DETECTED,ASSERTION,True,94.26,92.08,138.1
Codec,15,2,1000,3,3,3,1.0,True,False,DETECTED,ASSERTION,True,100.0,94.79,108.0
Codec,16,2,1000,3,3,3,1.0,True,False,DETECTED,ASSERTION,True,53.41,70.67,96.4
Codec,17,2,1000,3,3,3,1.0,True,False,DETECTED,ASSERTION,True,91.45,90.0,132.8
Codec,18,2,1000,3,3,0,0.0,False,False,NOT_DETECTED,,False,91.45,75.0,132.9
Collections,1,1,200,3,3,0,0.0,False,False,NOT_DETECTED,,False,51.89,55.14,39.5
Collections,2,1,200,3,3,0,0.0,False,False,NOT_DETECTED,,False,45.98,36.01,49.1
Collections,3,1,200,3,3,3,1.0,True,False,DETECTED,ASSERTION,True,61.4,55.19,45.1
Collections,4,1,200,3,3,3,1.0,True,False,DETECTED,ASSERTION,True,66.07,54.17,39.3
Collections,5,1,200,3,3,3,1.0,True,False,DETECTED,ASSERTION,True,76.74,75.76,45.5
Collections,6,1,200,3,3,0,0.0,False,False,NOT_DETECTED,,False,51.89,55.14,43.9
Collections,7,1,200,3,3,2,0.67,True,False,FLAKY,ASSERTION,True,47.84,37.14,54.0
Collections,8,1,200,3,3,0,0.0,False,False,NOT_DETECTED,,False,40.45,36.11,37.2
Collections,9,1,200,3,3,0,0.0,False,False,NOT_DETECTED,,False,48.66,37.14,52.4
Collections,10,1,200,3,3,0,0.0,False,False,NOT_DETECTED,,False,63.03,54.17,41.5
Collections,11,1,200,3,3,0,0.0,False,False,NOT_DETECTED,,False,94.59,100.0,36.9
Collections,12,1,200,3,3,0,0.0,False,False,NOT_DETECTED,,False,48.76,37.41,48.3
Collections,13,1,200,3,3,0,0.0,False,False,NOT_DETECTED,,False,48.57,37.14,51.9
Collections,14,1,200,3,3,0,0.0,False,False,NOT_DETECTED,,False,66.67,100.0,36.3
Collections,15,1,200,3,3,0,0.0,False,False,NOT_DETECTED,,False,79.07,75.76,42.3
Collections,16,1,200,3,3,0,0.0,False,False,NOT_DETECTED,,False,77.78,77.78,44.9
Collections,17,1,200,3,3,3,1.0,True,False,DETECTED,ASSERTION,True,93.75,83.33,38.8
Collections,18,1,200,3,3,0,0.0,False,False,NOT_DETECTED,,False,93.75,92.5,44.8
Collections,19,1,200,3,3,0,0.0,False,False,NOT_DETECTED,,False,80.48,79.17,44.5
Collections,20,1,200,3,3,0,0.0,False,False,NOT_DETECTED,,False,69.31,62.77,42.8
Collections,21,1,200,3,3,0,0.0,False,False,NOT_DETECTED,,False,81.04,80.7,47.8
Collections,22,1,200,3,3,0,0.0,False,False,NOT_DETECTED,,False,58.98,49.36,46.5
Collections,23,1,200,3,3,0,0.0,False,False,NOT_DETECTED,,False,8.33,25.0,46.2
Collections,24,1,200,3,3,0,0.0,False,False,NOT_DETECTED,,False,28.57,57.14,37.2
Collections,25,1,200,3,3,0,0.0,False,False,NOT_DETECTED,,False,47.13,34.85,47.2
Collections,26,1,200,3,3,0,0.0,False,False,NOT_DETECTED,,False,94.59,100.0,39.6
Collections,27,1,200,3,3,0,0.0,False,False,NOT_DETECTED,,False,57.69,48.15,42.8
Collections,28,1,200,3,3,0,0.0,False,False,NOT_DETECTED,,False,55.97,45.42,43.5
Collections,1,2,1000,3,3,0,0.0,False,False,NOT_DETECTED,,False,53.24,58.16,40.5
Collections,2,2,1000,3,3,0,0.0,False,False,NOT_DETECTED,,False,49.32,38.57,68.0
Collections,3,2,1000,3,3,3,1.0,True,False,DETECTED,ASSERTION,True,62.41,56.7,59.2
Collections,4,2,1000,3,3,3,1.0,True,False,DETECTED,ASSERTION,True,66.07,54.17,40.6
Collections,5,2,1000,3,3,3,1.0,True,False,DETECTED,ASSERTION,True,76.74,77.27,41.4
Collections,6,2,1000,3,3,0,0.0,False,False,NOT_DETECTED,,False,53.24,58.16,40.7
Collections,7,2,1000,3,3,3,1.0,True,False,DETECTED,ASSERTION,True,49.56,38.81,69.2
Collections,8,2,1000,3,3,0,0.0,False,False,NOT_DETECTED,,False,40.45,36.11,28.4
Collections,9,2,1000,3,3,0,0.0,False,False,NOT_DETECTED,,False,50.38,38.81,68.6
Collections,10,2,1000,3,3,0,0.0,False,False,NOT_DETECTED,,False,63.03,54.17,39.2
Collections,11,2,1000,3,3,0,0.0,False,False,NOT_DETECTED,,False,94.59,100.0,30.3
Collections,12,2,1000,3,3,0,0.0,False,False,NOT_DETECTED,,False,50.48,39.09,67.0
Collections,13,2,1000,3,3,0,0.0,False,False,NOT_DETECTED,,False,50.27,38.81,69.3
Collections,14,2,1000,3,3,2,0.67,True,False,FLAKY,ASSERTION,True,66.67,100.0,24.2
Collections,15,2,1000,3,3,0,0.0,False,False,NOT_DETECTED,,False,79.07,77.27,39.8
Collections,16,2,1000,3,3,0,0.0,False,False,NOT_DETECTED,,False,77.78,79.17,39.2
Collections,17,2,1000,3,3,3,1.0,True,False,DETECTED,ASSERTION,True,93.75,83.33,27.0
Collections,18,2,1000,3,3,0,0.0,False,False,NOT_DETECTED,,False,96.88,99.17,43.8
Collections,19,2,1000,3,3,0,0.0,False,False,NOT_DETECTED,,False,82.88,85.0,45.6
Collections,20,2,1000,3,3,0,0.0,False,False,NOT_DETECTED,,False,76.21,69.91,34.6
Collections,21,2,1000,3,3,0,0.0,False,False,NOT_DETECTED,,False,83.49,86.84,43.7
Collections,22,2,1000,3,3,0,0.0,False,False,NOT_DETECTED,,False,61.54,55.13,47.5
Collections,23,2,1000,3,3,0,0.0,False,False,NOT_DETECTED,,False,8.33,25.0,50.2
Collections,24,2,1000,3,3,0,0.0,False,False,NOT_DETECTED,,False,28.57,57.14,24.1
Collections,25,2,1000,3,3,0,0.0,False,False,NOT_DETECTED,,False,47.44,34.85,42.9
Collections,26,2,1000,3,3,0,0.0,False,False,NOT_DETECTED,,False,94.59,100.0,32.1
Collections,27,2,1000,3,3,0,0.0,False,False,NOT_DETECTED,,False,57.69,48.15,34.5
Collections,28,2,1000,3,3,0,0.0,False,False,NOT_DETECTED,,False,58.89,50.06,44.3
Compress,1,1,200,3,3,3,1.0,True,False,DETECTED,ASSERTION,True,67.88,49.15,28.1
Compress,2,1,200,3,3,0,0.0,False,False,NOT_DETECTED,,False,38.04,26.79,28.2
Compress,3,1,200,3,3,0,0.0,False,False,NOT_DETECTED,,False,45.26,33.33,29.9
Compress,4,1,200,3,3,3,1.0,True,False,DETECTED,ASSERTION,True,49.35,25.3,39.4
Compress,5,1,200,3,3,0,0.0,False,False,NOT_DETECTED,,False,35.98,27.43,29.2
Compress,6,1,200,3,3,0,0.0,False,False,NOT_DETECTED,,False,64.03,46.67,33.0
Compress,7,1,200,3,3,2,0.67,True,False,FLAKY,ASSERTION,True,69.89,73.68,27.8
Compress,8,1,200,3,3,3,1.0,True,False,DETECTED,ASSERTION,True,60.76,60.42,29.0
Compress,9,1,200,3,3,0,0.0,False,False,NOT_DETECTED,,False,43.24,30.95,36.5
Compress,10,1,200,3,3,0,0.0,False,False,NOT_DETECTED,,False,5.63,1.77,36.9
Compress,11,1,200,3,3,3,1.0,True,False,DETECTED,ASSERTION,True,65.71,60.42,33.2
Compress,12,1,200,3,3,0,0.0,False,False,NOT_DETECTED,,False,37.52,27.88,40.1
Compress,13,1,200,3,3,2,0.67,True,False,FLAKY,ASSERTION,True,66.01,51.82,40.8
Compress,14,1,200,3,3,3,1.0,True,False,DETECTED,ASSERTION,True,57.8,58.6,33.6
Compress,15,1,200,3,3,0,0.0,False,False,NOT_DETECTED,,False,67.49,52.73,41.0
Compress,16,1,200,3,3,0,0.0,False,False,NOT_DETECTED,,False,64.79,58.0,31.3
Compress,17,1,200,3,3,0,0.0,False,False,NOT_DETECTED,,False,54.87,50.28,34.2
Compress,18,1,200,3,3,3,1.0,True,False,DETECTED,ASSERTION,True,68.63,48.06,41.2
Compress,19,1,200,3,3,0,0.0,False,False,NOT_DETECTED,,False,57.14,50.0,37.7
Compress,20,1,200,3,3,0,0.0,False,False,NOT_DETECTED,,False,33.49,30.7,34.1
Compress,21,1,200,3,0,0,,False,False,NO_PROPERTY,,False,,,
Compress,22,1,200,3,3,0,0.0,False,False,NOT_DETECTED,,False,3.89,4.53,30.1
Compress,23,1,200,3,3,0,0.0,False,False,NOT_DETECTED,,False,22.55,20.59,33.1
Compress,24,1,200,3,3,0,0.0,False,False,NOT_DETECTED,,False,56.44,52.87,32.8
Compress,25,1,200,3,3,0,0.0,False,False,NOT_DETECTED,,False,19.95,12.03,33.5
Compress,26,1,200,3,3,0,0.0,False,False,NOT_DETECTED,,False,88.37,87.5,48.0
Compress,27,1,200,3,3,0,0.0,False,False,NOT_DETECTED,,False,57.22,53.51,31.3
Compress,28,1,200,3,3,0,0.0,False,False,NOT_DETECTED,,False,44.86,26.61,37.0
Compress,29,1,200,3,3,0,0.0,False,False,NOT_DETECTED,,False,38.74,25.61,66.4
Compress,30,1,200,3,3,0,0.0,False,False,NOT_DETECTED,,False,3.87,4.49,29.4
Compress,31,1,200,3,3,0,0.0,False,False,NOT_DETECTED,,False,57.56,53.51,30.5
Compress,32,1,200,3,3,0,0.0,False,False,NOT_DETECTED,,False,45.66,27.78,39.3
Compress,33,1,200,3,3,0,0.0,False,False,NOT_DETECTED,,False,65.32,57.26,33.5
Compress,34,1,200,3,3,3,1.0,True,False,DETECTED,ASSERTION,True,90.14,78.57,32.7
Compress,35,1,200,3,3,3,1.0,True,False,DETECTED,ASSERTION,True,52.98,51.61,34.2
Compress,36,1,200,3,3,0,0.0,False,False,NOT_DETECTED,,False,1.13,1.31,27.5
Compress,37,1,200,3,3,0,0.0,False,False,NOT_DETECTED,,False,43.98,26.4,35.1
Compress,38,1,200,3,3,0,0.0,False,True,NOT_DETECTED,,False,46.38,35.6,39.5
Compress,39,1,200,3,3,0,0.0,False,False,NOT_DETECTED,,False,70.31,65.08,28.5
Compress,40,1,200,3,3,0,0.0,False,False,NOT_DETECTED,,False,61.82,62.5,26.0
Compress,41,1,200,3,3,3,1.0,True,False,DETECTED,ASSERTION,True,19.71,11.67,31.6
Compress,42,1,200,3,3,0,0.0,False,False,NOT_DETECTED,,False,64.75,46.21,38.1
Compress,43,1,200,3,3,0,0.0,False,False,NOT_DETECTED,,False,34.9,19.67,38.0
Compress,44,1,200,3,3,3,1.0,True,False,DETECTED,ASSERTION,True,14.29,10.0,29.2
Compress,45,1,200,3,3,3,1.0,True,False,DETECTED,ASSERTION,True,53.06,50.92,30.8
Compress,46,1,200,3,3,3,1.0,True,False,DETECTED,ASSERTION,True,85.59,64.63,28.6
Compress,47,1,200,3,3,0,0.0,False,False,NOT_DETECTED,,False,18.81,10.5,28.9
Compress,1,2,1000,3,3,3,1.0,True,False,DETECTED,ASSERTION,True,86.46,64.97,31.7
Compress,2,2,1000,3,3,0,0.0,False,False,NOT_DETECTED,,False,38.77,27.98,30.8
Compress,3,2,1000,3,3,0,0.0,False,False,NOT_DETECTED,,False,45.26,33.33,41.7
Compress,4,2,1000,3,3,3,1.0,True,False,DETECTED,ASSERTION,True,54.78,28.06,71.9
Compress,5,2,1000,3,3,0,0.0,False,False,NOT_DETECTED,,False,35.98,28.12,34.1
Compress,6,2,1000,3,3,0,0.0,False,False,NOT_DETECTED,,False,64.03,47.22,44.9
Compress,7,2,1000,3,3,3,1.0,True,False,DETECTED,ASSERTION,True,80.64,82.46,30.2
Compress,8,2,1000,3,3,3,1.0,True,False,DETECTED,ASSERTION,True,75.11,68.75,31.7
Compress,9,2,1000,3,3,0,0.0,False,False,NOT_DETECTED,,False,43.24,30.95,41.6
Compress,10,2,1000,3,3,0,0.0,False,False,NOT_DETECTED,,False,5.63,1.77,38.7
Compress,11,2,1000,3,3,3,1.0,True,False,DETECTED,ASSERTION,True,65.71,60.42,27.1
Compress,12,2,1000,3,3,0,0.0,False,False,NOT_DETECTED,,False,37.69,28.18,55.7
Compress,13,2,1000,3,3,3,1.0,True,False,DETECTED,ASSERTION,True,66.01,52.43,47.8
Compress,14,2,1000,3,3,3,1.0,True,False,DETECTED,ASSERTION,True,71.63,67.74,34.3
Compress,15,2,1000,3,3,0,0.0,False,False,NOT_DETECTED,,False,67.49,53.34,50.6
Compress,16,2,1000,3,3,0,0.0,False,False,NOT_DETECTED,,False,64.79,58.0,26.0
Compress,17,2,1000,3,3,0,0.0,False,False,NOT_DETECTED,,False,66.11,59.6,34.8
Compress,18,2,1000,3,3,3,1.0,True,False,DETECTED,ASSERTION,True,68.63,48.84,65.4
Compress,19,2,1000,3,3,0,0.0,False,False,NOT_DETECTED,,False,61.9,55.0,38.5
Compress,20,2,1000,3,3,0,0.0,False,False,NOT_DETECTED,,False,34.11,33.04,30.6
Compress,21,2,1000,3,0,0,,False,False,NO_PROPERTY,,False,,,
Compress,22,2,1000,3,3,0,0.0,False,False,NOT_DETECTED,,False,4.29,5.28,28.5
Compress,23,2,1000,3,3,0,0.0,False,False,NOT_DETECTED,,False,22.55,20.59,35.5
Compress,24,2,1000,3,3,0,0.0,False,False,NOT_DETECTED,,False,69.51,66.09,35.8
Compress,25,2,1000,3,3,0,0.0,False,False,NOT_DETECTED,,False,19.95,12.3,40.2
Compress,26,2,1000,3,3,0,0.0,False,False,NOT_DETECTED,,False,88.37,87.5,46.4
Compress,27,2,1000,3,3,0,0.0,False,False,NOT_DETECTED,,False,70.13,66.38,34.9
Compress,28,2,1000,3,3,0,0.0,False,False,NOT_DETECTED,,False,44.86,26.61,56.3
Compress,29,2,1000,3,3,0,0.0,False,False,NOT_DETECTED,,False,40.66,27.03,149.9
Compress,30,2,1000,3,3,0,0.0,False,False,NOT_DETECTED,,False,4.28,5.24,26.7
Compress,31,2,1000,3,3,0,0.0,False,False,NOT_DETECTED,,False,70.54,66.38,34.2
Compress,32,2,1000,3,3,0,0.0,False,False,NOT_DETECTED,,False,45.66,27.78,56.1
Compress,33,2,1000,3,3,0,0.0,False,False,NOT_DETECTED,,False,69.03,58.97,32.5
Compress,34,2,1000,3,3,3,1.0,True,False,DETECTED,ASSERTION,True,93.43,78.57,29.7
Compress,35,2,1000,3,3,3,1.0,True,False,DETECTED,ASSERTION,True,66.27,65.06,33.0
Compress,36,2,1000,3,3,0,0.0,False,False,NOT_DETECTED,,False,1.13,1.31,22.4
Compress,37,2,1000,3,3,0,0.0,False,False,NOT_DETECTED,,False,44.54,27.27,55.1
Compress,38,2,1000,3,3,0,0.0,False,True,NOT_DETECTED,,False,47.26,41.73,67.4
Compress,39,2,1000,3,3,0,0.0,False,False,NOT_DETECTED,,False,71.36,72.22,31.5
Compress,40,2,1000,3,3,0,0.0,False,False,NOT_DETECTED,,False,61.82,62.5,24.7
Compress,41,2,1000,3,3,3,1.0,True,False,DETECTED,ASSERTION,True,19.71,11.92,37.7
Compress,42,2,1000,3,3,0,0.0,False,False,NOT_DETECTED,,False,64.75,46.72,54.5
Compress,43,2,1000,3,3,0,0.0,False,False,NOT_DETECTED,,False,35.03,19.67,52.4
Compress,44,2,1000,3,3,3,1.0,True,False,DETECTED,ASSERTION,True,14.29,10.0,26.5
Compress,45,2,1000,3,3,3,1.0,True,False,DETECTED,ASSERTION,True,63.12,61.73,34.4
Compress,46,2,1000,3,3,3,1.0,True,False,DETECTED,ASSERTION,True,86.72,65.31,29.2
Compress,47,2,1000,3,3,0,0.0,False,False,NOT_DETECTED,,False,18.81,10.73,30.3
Csv,1,1,200,3,3,0,0.0,False,False,NOT_DETECTED,,False,84.68,50.0,76.2
Csv,2,1,200,3,3,2,0.67,True,False,FLAKY,ASSERTION,True,94.67,85.42,84.3
Csv,3,1,200,3,0,0,,False,False,NO_PROPERTY,,False,,,
Csv,4,1,200,3,3,3,1.0,True,False,DETECTED,ASSERTION,True,66.33,57.05,93.8
Csv,5,1,200,3,3,0,0.0,False,False,NOT_DETECTED,,False,87.55,78.81,95.6
Csv,6,1,200,3,3,3,1.0,True,False,DETECTED,ASSERTION,True,91.66,91.67,99.4
Csv,7,1,200,3,3,0,0.0,False,False,NOT_DETECTED,,False,67.0,60.26,95.4
Csv,8,1,200,3,3,3,1.0,True,False,DETECTED,ASSERTION,True,83.71,62.14,99.8
Csv,9,1,200,3,3,3,1.0,True,False,DETECTED,ASSERTION,True,92.11,91.67,99.0
Csv,10,1,200,3,3,0,0.0,False,False,NOT_DETECTED,,False,34.78,20.0,85.3
Csv,11,1,200,3,3,0,0.0,False,False,NOT_DETECTED,,False,48.89,25.27,88.8
Csv,12,1,200,3,3,0,0.0,False,False,NOT_DETECTED,,False,85.87,72.14,99.6
Csv,13,1,200,3,3,0,0.0,False,False,NOT_DETECTED,,False,63.99,49.66,103.3
Csv,14,1,200,3,3,0,0.0,False,False,NOT_DETECTED,,False,64.51,50.55,102.5
Csv,15,1,200,3,3,0,0.0,False,False,NOT_DETECTED,,False,67.77,52.87,103.2
Csv,16,1,200,3,3,3,1.0,True,False,DETECTED,ASSERTION,True,49.59,28.92,95.8
Csv,1,2,1000,3,3,0,0.0,False,False,NOT_DETECTED,,False,90.09,62.82,93.3
Csv,2,2,1000,3,3,3,1.0,True,False,DETECTED,ASSERTION,True,100.0,100.0,123.9
Csv,3,2,1000,3,0,0,,False,False,NO_PROPERTY,,False,,,
Csv,4,2,1000,3,3,3,1.0,True,False,DETECTED,ASSERTION,True,71.72,63.46,116.3
Csv,5,2,1000,3,3,0,0.0,False,False,NOT_DETECTED,,False,89.45,81.64,125.4
Csv,6,2,1000,3,3,3,1.0,True,False,DETECTED,ASSERTION,True,97.22,100.0,129.4
Csv,7,2,1000,3,3,0,0.0,False,False,NOT_DETECTED,,False,71.57,65.38,123.5
Csv,8,2,1000,3,3,3,1.0,True,False,DETECTED,ASSERTION,True,83.71,62.14,127.1
Csv,9,2,1000,3,3,3,1.0,True,False,DETECTED,ASSERTION,True,97.37,100.0,129.1
Csv,10,2,1000,3,3,0,0.0,False,False,NOT_DETECTED,,False,34.78,20.0,114.5
Csv,11,2,1000,3,3,0,0.0,False,False,NOT_DETECTED,,False,49.52,25.81,104.4
Csv,12,2,1000,3,3,0,0.0,False,False,NOT_DETECTED,,False,86.41,72.86,128.9
Csv,13,2,1000,3,3,0,0.0,False,False,NOT_DETECTED,,False,63.99,49.66,142.1
Csv,14,2,1000,3,3,0,0.0,False,False,NOT_DETECTED,,False,64.51,50.55,141.4
Csv,15,2,1000,3,3,0,0.0,False,False,NOT_DETECTED,,False,67.77,52.87,141.3
Csv,16,2,1000,3,3,3,1.0,True,False,DETECTED,ASSERTION,True,50.68,30.88,117.6
Gson,1,1,200,3,3,0,0.0,False,False,NOT_DETECTED,,False,0.0,0.0,102.2
Gson,2,1,200,3,3,0,0.0,False,False,NOT_DETECTED,,False,21.24,0.0,108.7
Gson,3,1,200,3,3,3,1.0,True,False,DETECTED,ASSERTION,True,39.36,38.89,115.1
Gson,4,1,200,3,3,3,1.0,True,False,DETECTED,ASSERTION,True,58.68,47.64,126.8
Gson,5,1,200,3,3,0,0.0,False,False,NOT_DETECTED,,False,26.49,13.19,115.4
Gson,6,1,200,3,3,0,0.0,False,False,NOT_DETECTED,,False,28.57,12.5,121.7
Gson,7,1,200,3,3,0,0.0,False,False,NOT_DETECTED,,False,54.84,46.05,124.6
Gson,8,1,200,3,3,0,0.0,False,False,NOT_DETECTED,,False,20.0,0.0,103.5
Gson,9,1,200,3,3,0,0.0,False,False,NOT_DETECTED,,False,39.39,20.88,126.2
Gson,10,1,200,3,3,0,0.0,False,False,NOT_DETECTED,,False,29.91,25.0,117.4
Gson,11,1,200,3,3,0,0.0,False,False,NOT_DETECTED,,False,23.09,0.0,116.2
Gson,12,1,200,3,3,0,0.0,False,False,NOT_DETECTED,,False,18.82,13.33,114.6
Gson,13,1,200,3,3,2,0.67,True,False,FLAKY,ASSERTION,True,53.52,46.04,123.5
Gson,14,1,200,3,3,0,0.0,False,False,NOT_DETECTED,,False,,,121.8
Gson,15,1,200,3,3,0,0.0,False,False,NOT_DETECTED,,False,72.73,57.29,124.6
Gson,16,1,200,3,3,0,0.0,False,False,NOT_DETECTED,,False,,,121.6
Gson,17,1,200,3,3,1,0.33,True,False,FLAKY,ASSERTION,True,25.92,20.83,119.6
Gson,18,1,200,3,3,0,0.0,False,False,NOT_DETECTED,,False,,,121.8
Gson,1,2,1000,3,3,0,0.0,False,False,NOT_DETECTED,,False,0.0,0.0,73.7
Gson,2,2,1000,3,3,0,0.0,False,False,NOT_DETECTED,,False,21.24,0.0,81.1
Gson,3,2,1000,3,3,3,1.0,True,False,DETECTED,ASSERTION,True,39.36,38.89,92.5
Gson,4,2,1000,3,3,3,1.0,True,False,DETECTED,ASSERTION,True,63.74,53.07,108.8
Gson,5,2,1000,3,3,0,0.0,False,False,NOT_DETECTED,,False,26.49,13.19,93.3
Gson,6,2,1000,3,3,0,0.0,False,False,NOT_DETECTED,,False,28.57,12.5,95.7
Gson,7,2,1000,3,3,0,0.0,False,False,NOT_DETECTED,,False,61.39,52.55,104.3
Gson,8,2,1000,3,3,0,0.0,False,False,NOT_DETECTED,,False,20.0,0.0,73.9
Gson,9,2,1000,3,3,0,0.0,False,False,NOT_DETECTED,,False,39.39,20.88,106.0
Gson,10,2,1000,3,3,0,0.0,False,False,NOT_DETECTED,,False,29.91,25.0,91.5
Gson,11,2,1000,3,3,0,0.0,False,False,NOT_DETECTED,,False,23.09,0.0,83.2
Gson,12,2,1000,3,3,0,0.0,False,False,NOT_DETECTED,,False,18.82,13.33,78.4
Gson,13,2,1000,3,3,3,1.0,True,False,DETECTED,ASSERTION,True,59.92,52.53,102.1
Gson,14,2,1000,3,3,0,0.0,False,False,NOT_DETECTED,,False,,,92.8
Gson,15,2,1000,3,3,0,0.0,False,False,NOT_DETECTED,,False,72.73,57.29,103.3
Gson,16,2,1000,3,3,0,0.0,False,False,NOT_DETECTED,,False,,,88.5
Gson,17,2,1000,3,3,1,0.33,True,False,FLAKY,ASSERTION,True,53.09,31.25,94.4
Gson,18,2,1000,3,3,0,0.0,False,False,NOT_DETECTED,,False,,,91.3
JacksonCore,1,1,200,3,3,3,1.0,True,False,DETECTED,ASSERTION,True,67.66,60.6,161.6
JacksonCore,2,1,200,3,3,3,1.0,True,False,DETECTED,ASSERTION,True,40.86,40.53,237.9
JacksonCore,3,1,200,3,3,3,1.0,True,False,DETECTED,ASSERTION,True,37.73,38.09,208.5
JacksonCore,4,1,200,3,3,0,0.0,False,False,NOT_DETECTED,,False,52.65,35.82,268.9
JacksonCore,5,1,200,3,3,3,1.0,True,False,DETECTED,ASSERTION,True,88.89,78.49,151.5
JacksonCore,6,1,200,3,3,0,0.0,False,False,NOT_DETECTED,,False,89.51,79.52,152.1
JacksonCore,7,1,200,3,3,2,0.67,True,False,FLAKY,ASSERTION,True,90.61,74.51,143.9
JacksonCore,8,1,200,3,3,0,0.0,False,False,NOT_DETECTED,,False,53.51,35.71,275.0
JacksonCore,9,1,200,3,3,0,0.0,False,False,NOT_DETECTED,,False,41.02,37.99,358.2
JacksonCore,10,1,200,3,3,0,0.0,False,True,NOT_DETECTED,,False,34.05,15.79,159.8
JacksonCore,11,1,200,3,3,0,0.0,False,True,NOT_DETECTED,,False,33.9,15.67,157.2
JacksonCore,12,1,200,3,3,0,0.0,False,False,NOT_DETECTED,,False,39.54,37.34,334.8
JacksonCore,13,1,200,3,3,0,0.0,False,False,NOT_DETECTED,,False,85.71,78.57,192.4
JacksonCore,14,1,200,3,3,3,1.0,True,False,DETECTED,ASSERTION,True,73.53,90.91,228.7
JacksonCore,15,1,200,3,3,0,0.0,False,False,NOT_DETECTED,,False,8.99,7.06,161.2
JacksonCore,16,1,200,3,3,3,1.0,True,False,DETECTED,ASSERTION,True,5.26,7.69,132.8
JacksonCore,17,1,200,3,3,3,1.0,True,False,DETECTED,ASSERTION,True,43.42,40.42,315.5
JacksonCore,18,1,200,3,3,0,0.0,False,False,NOT_DETECTED,,False,45.2,40.42,389.6
JacksonCore,19,1,200,3,3,0,0.0,False,False,NOT_DETECTED,,False,39.59,37.45,337.0
JacksonCore,20,1,200,3,3,3,1.0,True,False,DETECTED,ASSERTION,True,45.86,25.74,176.6
JacksonCore,21,1,200,3,3,0,0.0,False,False,NOT_DETECTED,,False,9.59,7.38,138.1
JacksonCore,22,1,200,3,3,0,0.0,False,False,NOT_DETECTED,,False,9.54,7.07,139.7
JacksonCore,23,1,200,3,3,0,0.0,False,False,NOT_DETECTED,,False,65.42,62.7,138.4
JacksonCore,24,1,200,3,3,3,1.0,True,False,DETECTED,ASSERTION,True,39.3,27.82,231.6
JacksonCore,25,1,200,3,3,0,0.0,False,False,NOT_DETECTED,,False,42.7,38.34,191.8
JacksonCore,26,1,200,3,3,0,0.0,False,False,NOT_DETECTED,,False,11.25,4.91,163.2
JacksonCore,1,2,1000,3,3,3,1.0,True,False,DETECTED,ASSERTION,True,68.81,64.19,206.4
JacksonCore,2,2,1000,3,3,3,1.0,True,False,DETECTED,ASSERTION,True,46.45,47.09,380.7
JacksonCore,3,2,1000,3,3,3,1.0,True,False,DETECTED,ASSERTION,True,43.86,45.44,332.1
JacksonCore,4,2,1000,3,3,0,0.0,False,False,NOT_DETECTED,,False,52.65,35.82,385.3
JacksonCore,5,2,1000,3,3,3,1.0,True,False,DETECTED,ASSERTION,True,92.07,82.26,155.9
JacksonCore,6,2,1000,3,3,0,0.0,False,False,NOT_DETECTED,,False,92.51,84.29,171.2
JacksonCore,7,2,1000,3,3,3,1.0,True,False,DETECTED,ASSERTION,True,91.55,76.47,142.3
JacksonCore,8,2,1000,3,3,0,0.0,False,False,NOT_DETECTED,,False,53.51,35.71,392.4
JacksonCore,9,2,1000,3,3,0,0.0,False,False,NOT_DETECTED,,False,46.71,44.86,720.7
JacksonCore,10,2,1000,3,3,0,0.0,False,True,NOT_DETECTED,,False,34.05,15.79,171.6
JacksonCore,11,2,1000,3,3,0,0.0,False,True,NOT_DETECTED,,False,33.9,15.67,173.7
JacksonCore,12,2,1000,3,3,0,0.0,False,False,NOT_DETECTED,,False,45.69,44.73,528.1
JacksonCore,13,2,1000,3,3,0,0.0,False,False,NOT_DETECTED,,False,85.71,78.57,231.1
JacksonCore,14,2,1000,3,3,3,1.0,True,False,DETECTED,ASSERTION,True,73.53,96.97,341.9
JacksonCore,15,2,1000,3,3,0,0.0,False,False,NOT_DETECTED,,False,8.99,7.06,165.7
JacksonCore,16,2,1000,3,3,3,1.0,True,False,DETECTED,ASSERTION,True,5.26,7.69,98.5
JacksonCore,17,2,1000,3,3,3,1.0,True,False,DETECTED,ASSERTION,True,48.04,43.68,494.4
JacksonCore,18,2,1000,3,3,0,0.0,False,False,NOT_DETECTED,,False,47.83,42.89,703.6
JacksonCore,19,2,1000,3,3,0,0.0,False,False,NOT_DETECTED,,False,45.69,44.75,653.2
JacksonCore,20,2,1000,3,3,3,1.0,True,False,DETECTED,ASSERTION,True,46.37,25.74,366.0
JacksonCore,21,2,1000,3,3,0,0.0,False,False,NOT_DETECTED,,False,9.59,7.38,154.8
JacksonCore,22,2,1000,3,3,0,0.0,False,False,NOT_DETECTED,,False,9.54,7.07,149.7
JacksonCore,23,2,1000,3,3,0,0.0,False,False,NOT_DETECTED,,False,65.42,63.49,155.7
JacksonCore,24,2,1000,3,3,3,1.0,True,False,DETECTED,ASSERTION,True,39.41,28.22,535.6
JacksonCore,25,2,1000,3,3,0,0.0,False,False,NOT_DETECTED,,False,48.34,45.51,375.9
JacksonCore,26,2,1000,3,3,0,0.0,False,False,NOT_DETECTED,,False,11.6,5.19,300.6
JacksonDatabind,1,1,200,3,3,0,0.0,False,False,NOT_DETECTED,,False,2.04,0.0,53.9
JacksonDatabind,2,1,200,3,3,3,1.0,True,False,DETECTED,ASSERTION,True,38.33,25.97,55.9
JacksonDatabind,3,1,200,3,3,0,0.0,False,False,NOT_DETECTED,,False,13.11,0.0,38.5
JacksonDatabind,4,1,200,3,3,0,0.0,False,False,NOT_DETECTED,,False,11.94,0.0,38.6
JacksonDatabind,5,1,200,3,3,0,0.0,False,False,NOT_DETECTED,,False,73.57,59.49,59.8
JacksonDatabind,6,1,200,3,3,2,0.67,True,False,FLAKY,ASSERTION,True,90.53,83.97,55.0
JacksonDatabind,7,1,200,3,3,0,0.0,False,False,NOT_DETECTED,,False,37.84,25.48,59.6
JacksonDatabind,8,1,200,3,3,0,0.0,False,False,NOT_DETECTED,,False,54.47,23.61,54.6
JacksonDatabind,9,1,200,3,3,0,0.0,False,False,NOT_DETECTED,,False,53.33,66.67,48.8
JacksonDatabind,10,1,200,3,3,0,0.0,False,False,NOT_DETECTED,,False,8.65,5.42,59.6
JacksonDatabind,11,1,200,3,3,0,0.0,False,False,NOT_DETECTED,,False,55.62,48.99,62.1
JacksonDatabind,12,1,200,3,3,0,0.0,False,False,NOT_DETECTED,,False,2.3,0.0,54.8
JacksonDatabind,13,1,200,3,3,0,0.0,False,False,NOT_DETECTED,,False,14.07,1.39,58.0
JacksonDatabind,14,1,200,3,3,0,0.0,False,False,NOT_DETECTED,,False,47.22,24.67,99.1
JacksonDatabind,15,1,200,3,3,0,0.0,False,False,NOT_DETECTED,,False,11.54,6.35,76.4
JacksonDatabind,16,1,200,3,3,0,0.0,False,False,NOT_DETECTED,,False,40.0,27.78,47.3
JacksonDatabind,17,1,200,3,3,0,0.0,False,False,NOT_DETECTED,,False,60.05,42.19,87.5
JacksonDatabind,18,1,200,3,3,0,0.0,False,False,NOT_DETECTED,,False,31.52,12.73,48.0
JacksonDatabind,19,1,200,3,3,0,0.0,False,False,NOT_DETECTED,,False,51.29,42.24,58.4
JacksonDatabind,20,1,200,3,3,0,0.0,False,False,NOT_DETECTED,,False,69.73,58.33,63.8
JacksonDatabind,21,1,200,3,3,0,0.0,False,False,NOT_DETECTED,,False,15.54,10.98,54.6
JacksonDatabind,22,1,200,3,3,0,0.0,False,False,NOT_DETECTED,,False,12.02,5.62,65.8
JacksonDatabind,23,1,200,3,3,0,0.0,False,False,NOT_DETECTED,,False,46.75,22.73,45.4
JacksonDatabind,24,1,200,3,3,0,0.0,False,False,NOT_DETECTED,,False,73.74,50.0,56.6
JacksonDatabind,25,1,200,3,3,0,0.0,False,False,NOT_DETECTED,,False,13.87,8.22,71.3
JacksonDatabind,26,1,200,3,3,0,0.0,False,False,NOT_DETECTED,,False,52.43,21.62,64.1
JacksonDatabind,27,1,200,3,3,0,0.0,False,False,NOT_DETECTED,,False,0.0,0.0,53.5
JacksonDatabind,28,1,200,3,3,0,0.0,False,False,NOT_DETECTED,,False,25.93,13.33,41.7
JacksonDatabind,29,1,200,3,3,0,0.0,False,False,NOT_DETECTED,,False,26.94,17.68,50.9
JacksonDatabind,30,1,200,3,3,0,0.0,False,False,NOT_DETECTED,,False,45.28,30.63,104.5
JacksonDatabind,31,1,200,3,3,0,0.0,False,False,NOT_DETECTED,,False,38.91,25.9,58.0
JacksonDatabind,32,1,200,3,3,0,0.0,False,False,NOT_DETECTED,,False,9.13,4.11,47.4
JacksonDatabind,33,1,200,3,3,0,0.0,False,False,NOT_DETECTED,,False,13.51,9.57,55.5
JacksonDatabind,34,1,200,3,3,0,0.0,False,False,NOT_DETECTED,,False,35.71,37.5,48.9
JacksonDatabind,35,1,200,3,3,0,0.0,False,False,NOT_DETECTED,,False,16.67,5.56,50.2
JacksonDatabind,36,1,200,3,3,0,0.0,False,False,NOT_DETECTED,,False,84.42,82.34,52.8
JacksonDatabind,37,1,200,3,3,0,0.0,False,False,NOT_DETECTED,,False,78.79,68.75,53.1
JacksonDatabind,38,1,200,3,3,0,0.0,False,False,NOT_DETECTED,,False,50.0,55.56,58.6
JacksonDatabind,39,1,200,3,3,0,0.0,False,False,NOT_DETECTED,,False,15.38,0.0,42.4
JacksonDatabind,40,1,200,3,3,0,0.0,False,False,NOT_DETECTED,,False,8.49,4.41,44.4
JacksonDatabind,41,1,200,3,3,0,0.0,False,False,NOT_DETECTED,,False,66.47,52.07,60.6
JacksonDatabind,42,1,200,3,3,0,0.0,False,False,NOT_DETECTED,,False,13.39,14.81,43.8
JacksonDatabind,43,1,200,3,3,0,0.0,False,False,NOT_DETECTED,,False,54.84,16.67,50.0
JacksonDatabind,44,1,200,3,3,3,1.0,True,False,DETECTED,ASSERTION,True,81.11,74.0,52.0
JacksonDatabind,45,1,200,3,3,0,0.0,False,False,NOT_DETECTED,,False,43.9,28.95,47.3
JacksonDatabind,46,1,200,3,3,0,0.0,False,False,NOT_DETECTED,,False,0.0,0.0,53.8
JacksonDatabind,47,1,200,3,3,0,0.0,False,False,NOT_DETECTED,,False,41.4,8.33,66.3
JacksonDatabind,48,1,200,3,3,0,0.0,False,False,NOT_DETECTED,,False,79.59,66.03,87.3
JacksonDatabind,49,1,200,3,3,0,0.0,False,False,NOT_DETECTED,,False,36.36,14.29,45.2
JacksonDatabind,50,1,200,3,3,0,0.0,False,False,NOT_DETECTED,,False,0.0,0.0,52.8
JacksonDatabind,51,1,200,3,3,0,0.0,False,False,NOT_DETECTED,,False,47.3,27.78,45.6
JacksonDatabind,52,1,200,3,3,0,0.0,False,False,NOT_DETECTED,,False,5.4,2.2,66.6
JacksonDatabind,53,1,200,3,3,0,0.0,False,False,NOT_DETECTED,,False,68.42,54.47,65.0
JacksonDatabind,54,1,200,3,3,0,0.0,False,False,NOT_DETECTED,,False,5.21,0.0,49.5
JacksonDatabind,55,1,200,3,3,0,0.0,False,False,NOT_DETECTED,,False,30.99,51.28,48.6
JacksonDatabind,56,1,200,3,3,0,0.0,False,False,NOT_DETECTED,,False,12.82,13.79,45.6
JacksonDatabind,57,1,200,3,3,3,1.0,True,False,DETECTED,ASSERTION,True,50.38,26.5,112.7
JacksonDatabind,58,1,200,3,3,0,0.0,False,False,NOT_DETECTED,,False,8.05,5.5,55.5
JacksonDatabind,59,1,200,3,3,0,0.0,False,False,NOT_DETECTED,,False,47.47,36.86,85.4
JacksonDatabind,60,1,200,3,3,0,0.0,False,False,NOT_DETECTED,,False,0.0,0.0,43.8
JacksonDatabind,61,1,200,3,3,3,1.0,True,False,DETECTED,ASSERTION,True,48.17,31.15,90.2
JacksonDatabind,62,1,200,3,3,0,0.0,False,False,NOT_DETECTED,,False,22.79,20.27,44.8
JacksonDatabind,63,1,200,3,3,0,0.0,False,False,NOT_DETECTED,,False,46.4,19.57,49.6
JacksonDatabind,64,1,200,3,3,0,0.0,False,False,NOT_DETECTED,,False,4.59,0.0,47.8
JacksonDatabind,66,1,200,3,3,0,0.0,False,False,NOT_DETECTED,,False,36.04,39.3,45.6
JacksonDatabind,67,1,200,3,3,0,0.0,False,False,NOT_DETECTED,,False,11.01,7.85,67.2
JacksonDatabind,68,1,200,3,3,0,0.0,False,False,NOT_DETECTED,,False,0.17,0.0,65.4
JacksonDatabind,69,1,200,3,3,0,0.0,False,False,NOT_DETECTED,,False,4.72,0.0,47.7
JacksonDatabind,70,1,200,3,3,0,0.0,False,False,NOT_DETECTED,,False,41.59,31.4,50.2
JacksonDatabind,71,1,200,3,3,0,0.0,False,False,NOT_DETECTED,,False,36.91,39.52,50.1
JacksonDatabind,72,1,200,3,3,0,0.0,False,False,NOT_DETECTED,,False,0.0,0.0,53.5
JacksonDatabind,73,1,200,3,3,3,1.0,True,False,DETECTED,ASSERTION,True,25.35,15.0,90.2
JacksonDatabind,74,1,200,3,3,0,0.0,False,False,NOT_DETECTED,,False,15.38,2.63,51.6
JacksonDatabind,75,1,200,3,3,0,0.0,False,False,NOT_DETECTED,,False,0.0,0.0,47.5
JacksonDatabind,76,1,200,3,3,0,0.0,False,False,NOT_DETECTED,,False,0.0,0.0,59.6
JacksonDatabind,77,1,200,3,3,0,0.0,False,False,NOT_DETECTED,,False,7.83,5.34,54.9
JacksonDatabind,78,1,200,3,3,0,0.0,False,False,NOT_DETECTED,,False,11.86,7.55,53.1
JacksonDatabind,79,1,200,3,3,0,0.0,False,False,NOT_DETECTED,,False,13.24,7.65,62.8
JacksonDatabind,80,1,200,3,3,0,0.0,False,False,NOT_DETECTED,,False,30.16,27.24,50.3
JacksonDatabind,81,1,200,3,3,0,0.0,False,False,NOT_DETECTED,,False,9.09,5.37,55.3
JacksonDatabind,82,1,200,3,3,0,0.0,False,False,NOT_DETECTED,,False,12.11,7.55,54.7
JacksonDatabind,83,1,200,3,3,0,0.0,False,False,NOT_DETECTED,,False,13.22,15.12,45.0
JacksonDatabind,84,1,200,3,3,0,0.0,False,False,NOT_DETECTED,,False,72.73,43.75,49.8
JacksonDatabind,85,1,200,3,3,0,0.0,False,False,NOT_DETECTED,,False,29.03,20.37,48.7
JacksonDatabind,86,1,200,3,3,0,0.0,False,False,NOT_DETECTED,,False,72.73,43.75,53.5
JacksonDatabind,87,1,200,3,3,0,0.0,False,True,NOT_DETECTED,,False,87.19,84.07,54.2
JacksonDatabind,88,1,200,3,3,0,0.0,False,False,NOT_DETECTED,,False,33.33,28.57,50.1
JacksonDatabind,90,1,200,3,3,0,0.0,False,False,NOT_DETECTED,,False,53.57,41.94,74.8
JacksonDatabind,91,1,200,3,3,0,0.0,False,False,NOT_DETECTED,,False,6.59,0.79,46.6
JacksonDatabind,92,1,200,3,3,0,0.0,False,False,NOT_DETECTED,,False,12.89,5.39,56.8
JacksonDatabind,93,1,200,3,3,0,0.0,False,False,NOT_DETECTED,,False,63.89,0.0,46.1
JacksonDatabind,94,1,200,3,3,0,0.0,False,False,NOT_DETECTED,,False,55.26,0.0,42.6
JacksonDatabind,95,1,200,3,3,0,0.0,False,False,NOT_DETECTED,,False,57.52,45.02,68.5
JacksonDatabind,96,1,200,3,3,0,0.0,False,False,NOT_DETECTED,,False,9.43,5.21,66.6
JacksonDatabind,97,1,200,3,3,0,0.0,False,False,NOT_DETECTED,,False,78.05,79.41,48.8
JacksonDatabind,98,1,200,3,3,0,0.0,False,False,NOT_DETECTED,,False,21.6,9.57,51.9
JacksonDatabind,99,1,200,3,3,0,0.0,False,False,NOT_DETECTED,,False,2.86,3.57,53.9
JacksonDatabind,100,1,200,3,3,0,0.0,False,False,NOT_DETECTED,,False,1.69,0.0,49.4
JacksonDatabind,101,1,200,3,3,0,0.0,False,False,NOT_DETECTED,,False,0.0,0.0,57.4
JacksonDatabind,102,1,200,3,3,3,1.0,True,False,DETECTED,ASSERTION,True,20.29,18.0,47.1
JacksonDatabind,103,1,200,3,3,0,0.0,False,False,NOT_DETECTED,,False,23.37,19.16,176.1
JacksonDatabind,104,1,200,3,3,0,0.0,False,True,NOT_DETECTED,,False,77.11,74.3,55.2
JacksonDatabind,105,1,200,3,3,0,0.0,False,False,NOT_DETECTED,,False,33.33,27.78,43.6
JacksonDatabind,106,1,200,3,3,0,0.0,False,False,NOT_DETECTED,,False,1.61,0.0,45.7
JacksonDatabind,107,1,200,3,3,0,0.0,False,False,NOT_DETECTED,,False,44.74,18.75,52.1
JacksonDatabind,108,1,200,3,3,0,0.0,False,False,NOT_DETECTED,,False,50.3,34.59,111.9
JacksonDatabind,109,1,200,3,3,0,0.0,False,False,NOT_DETECTED,,False,38.94,28.85,46.1
JacksonDatabind,110,1,200,3,3,0,0.0,False,False,NOT_DETECTED,,False,20.69,0.0,41.2
JacksonDatabind,111,1,200,3,3,3,1.0,True,False,DETECTED,ASSERTION,True,21.14,13.21,69.9
JacksonDatabind,112,1,200,3,3,0,0.0,False,False,NOT_DETECTED,,False,18.89,13.33,33.8
JacksonDatabind,1,2,1000,3,3,0,0.0,False,False,NOT_DETECTED,,False,2.04,0.0,64.3
JacksonDatabind,2,2,1000,3,3,3,1.0,True,False,DETECTED,ASSERTION,True,38.6,26.08,50.2
JacksonDatabind,3,2,1000,3,3,0,0.0,False,False,NOT_DETECTED,,False,13.11,0.0,22.2
JacksonDatabind,4,2,1000,3,3,0,0.0,False,False,NOT_DETECTED,,False,11.94,0.0,22.4
JacksonDatabind,5,2,1000,3,3,0,0.0,False,False,NOT_DETECTED,,False,73.57,59.49,56.8
JacksonDatabind,6,2,1000,3,3,3,1.0,True,False,DETECTED,ASSERTION,True,94.03,91.82,36.8
JacksonDatabind,7,2,1000,3,3,0,0.0,False,False,NOT_DETECTED,,False,38.1,25.59,54.0
JacksonDatabind,8,2,1000,3,3,0,0.0,False,False,NOT_DETECTED,,False,54.47,23.61,46.6
JacksonDatabind,9,2,1000,3,3,0,0.0,False,False,NOT_DETECTED,,False,53.33,66.67,27.9
JacksonDatabind,10,2,1000,3,3,0,0.0,False,False,NOT_DETECTED,,False,9.12,5.81,51.0
JacksonDatabind,11,2,1000,3,3,0,0.0,False,False,NOT_DETECTED,,False,55.62,48.99,64.0
JacksonDatabind,12,2,1000,3,3,0,0.0,False,False,NOT_DETECTED,,False,2.3,0.0,46.7
JacksonDatabind,13,2,1000,3,3,0,0.0,False,False,NOT_DETECTED,,False,14.07,1.39,46.0
JacksonDatabind,14,2,1000,3,3,0,0.0,False,False,NOT_DETECTED,,False,49.83,28.79,161.6
JacksonDatabind,15,2,1000,3,3,0,0.0,False,False,NOT_DETECTED,,False,11.71,6.48,98.6
JacksonDatabind,16,2,1000,3,3,0,0.0,False,False,NOT_DETECTED,,False,40.0,27.78,28.8
JacksonDatabind,17,2,1000,3,3,0,0.0,False,False,NOT_DETECTED,,False,60.58,42.71,109.4
JacksonDatabind,18,2,1000,3,3,0,0.0,False,False,NOT_DETECTED,,False,31.52,12.73,35.5
JacksonDatabind,19,2,1000,3,3,0,0.0,False,False,NOT_DETECTED,,False,51.29,42.24,57.2
JacksonDatabind,20,2,1000,3,3,0,0.0,False,False,NOT_DETECTED,,False,72.07,61.51,72.9
JacksonDatabind,21,2,1000,3,3,0,0.0,False,False,NOT_DETECTED,,False,15.54,10.98,41.0
JacksonDatabind,22,2,1000,3,3,0,0.0,False,False,NOT_DETECTED,,False,12.33,5.85,78.3
JacksonDatabind,23,2,1000,3,3,0,0.0,False,False,NOT_DETECTED,,False,46.75,22.73,25.7
JacksonDatabind,24,2,1000,3,3,0,0.0,False,False,NOT_DETECTED,,False,78.79,58.33,54.0
JacksonDatabind,25,2,1000,3,3,0,0.0,False,False,NOT_DETECTED,,False,14.22,8.66,87.2
JacksonDatabind,26,2,1000,3,3,0,0.0,False,False,NOT_DETECTED,,False,52.68,22.52,74.8
JacksonDatabind,27,2,1000,3,3,0,0.0,False,False,NOT_DETECTED,,False,0.0,0.0,43.9
JacksonDatabind,28,2,1000,3,3,0,0.0,False,False,NOT_DETECTED,,False,25.93,13.33,22.1
JacksonDatabind,29,2,1000,3,3,0,0.0,False,False,NOT_DETECTED,,False,27.62,20.71,38.4
JacksonDatabind,30,2,1000,3,3,0,0.0,False,False,NOT_DETECTED,,False,45.53,30.88,150.4
JacksonDatabind,31,2,1000,3,3,0,0.0,False,False,NOT_DETECTED,,False,38.96,26.0,51.0
JacksonDatabind,32,2,1000,3,3,0,0.0,False,False,NOT_DETECTED,,False,9.13,4.11,34.1
JacksonDatabind,33,2,1000,3,3,0,0.0,False,False,NOT_DETECTED,,False,13.51,9.57,43.8
JacksonDatabind,34,2,1000,3,3,0,0.0,False,False,NOT_DETECTED,,False,35.71,37.5,26.7
JacksonDatabind,35,2,1000,3,3,0,0.0,False,False,NOT_DETECTED,,False,16.67,5.56,32.9
JacksonDatabind,36,2,1000,3,3,0,0.0,False,False,NOT_DETECTED,,False,89.61,89.8,38.1
JacksonDatabind,37,2,1000,3,3,0,0.0,False,False,NOT_DETECTED,,False,78.79,68.75,42.4
JacksonDatabind,38,2,1000,3,3,0,0.0,False,False,NOT_DETECTED,,False,50.0,55.56,58.5
JacksonDatabind,39,2,1000,3,3,0,0.0,False,False,NOT_DETECTED,,False,15.38,0.0,22.4
JacksonDatabind,40,2,1000,3,3,0,0.0,False,False,NOT_DETECTED,,False,8.49,4.41,24.8
JacksonDatabind,41,2,1000,3,3,0,0.0,False,False,NOT_DETECTED,,False,66.47,52.07,67.7
JacksonDatabind,42,2,1000,3,3,0,0.0,False,False,NOT_DETECTED,,False,13.39,14.81,26.2
JacksonDatabind,43,2,1000,3,3,0,0.0,False,False,NOT_DETECTED,,False,54.84,16.67,41.8
JacksonDatabind,44,2,1000,3,3,3,1.0,True,False,DETECTED,ASSERTION,True,81.11,74.0,43.0
JacksonDatabind,45,2,1000,3,3,0,0.0,False,False,NOT_DETECTED,,False,43.9,28.95,28.7
JacksonDatabind,46,2,1000,3,3,0,0.0,False,False,NOT_DETECTED,,False,0.0,0.0,40.5
JacksonDatabind,47,2,1000,3,3,0,0.0,False,False,NOT_DETECTED,,False,41.4,8.33,76.5
JacksonDatabind,48,2,1000,3,3,0,0.0,False,False,NOT_DETECTED,,False,79.65,66.03,140.0
JacksonDatabind,49,2,1000,3,3,0,0.0,False,False,NOT_DETECTED,,False,36.36,14.29,27.0
JacksonDatabind,50,2,1000,3,3,0,0.0,False,False,NOT_DETECTED,,False,0.0,0.0,49.6
JacksonDatabind,51,2,1000,3,3,0,0.0,False,False,NOT_DETECTED,,False,47.3,27.78,35.2
JacksonDatabind,52,2,1000,3,3,0,0.0,False,False,NOT_DETECTED,,False,5.44,2.35,85.0
JacksonDatabind,53,2,1000,3,3,0,0.0,False,False,NOT_DETECTED,,False,68.42,54.47,68.1
JacksonDatabind,54,2,1000,3,3,0,0.0,False,False,NOT_DETECTED,,False,5.21,0.0,30.3
JacksonDatabind,55,2,1000,3,3,0,0.0,False,False,NOT_DETECTED,,False,30.99,51.28,25.9
JacksonDatabind,56,2,1000,3,3,0,0.0,False,False,NOT_DETECTED,,False,12.82,13.79,23.7
JacksonDatabind,57,2,1000,3,3,3,1.0,True,False,DETECTED,ASSERTION,True,51.94,32.27,200.6
JacksonDatabind,58,2,1000,3,3,0,0.0,False,False,NOT_DETECTED,,False,8.26,5.83,43.1
JacksonDatabind,59,2,1000,3,3,0,0.0,False,False,NOT_DETECTED,,False,47.47,36.86,147.4
JacksonDatabind,60,2,1000,3,3,0,0.0,False,False,NOT_DETECTED,,False,0.0,0.0,32.4
JacksonDatabind,61,2,1000,3,3,3,1.0,True,False,DETECTED,ASSERTION,True,48.58,31.56,121.1
JacksonDatabind,62,2,1000,3,3,0,0.0,False,False,NOT_DETECTED,,False,22.79,20.27,31.4
JacksonDatabind,63,2,1000,3,3,0,0.0,False,False,NOT_DETECTED,,False,46.4,19.57,42.9
JacksonDatabind,64,2,1000,3,3,0,0.0,False,False,NOT_DETECTED,,False,4.59,0.0,32.2
JacksonDatabind,66,2,1000,3,3,0,0.0,False,False,NOT_DETECTED,,False,38.75,43.51,28.5
JacksonDatabind,67,2,1000,3,3,0,0.0,False,False,NOT_DETECTED,,False,11.85,8.82,82.7
JacksonDatabind,68,2,1000,3,3,0,0.0,False,False,NOT_DETECTED,,False,0.17,0.0,80.7
JacksonDatabind,69,2,1000,3,3,0,0.0,False,False,NOT_DETECTED,,False,4.72,0.0,36.0
JacksonDatabind,70,2,1000,3,3,0,0.0,False,False,NOT_DETECTED,,False,41.59,31.64,42.6
JacksonDatabind,71,2,1000,3,3,0,0.0,False,False,NOT_DETECTED,,False,39.6,43.64,31.0
JacksonDatabind,72,2,1000,3,3,0,0.0,False,False,NOT_DETECTED,,False,0.0,0.0,40.8
JacksonDatabind,73,2,1000,3,3,3,1.0,True,False,DETECTED,ASSERTION,True,25.35,15.0,163.7
JacksonDatabind,74,2,1000,3,3,0,0.0,False,False,NOT_DETECTED,,False,15.38,2.63,32.2
JacksonDatabind,75,2,1000,3,3,0,0.0,False,False,NOT_DETECTED,,False,0.0,0.0,35.9
JacksonDatabind,76,2,1000,3,3,0,0.0,False,False,NOT_DETECTED,,False,0.0,0.0,58.5
JacksonDatabind,77,2,1000,3,3,0,0.0,False,False,NOT_DETECTED,,False,8.03,5.67,45.8
JacksonDatabind,78,2,1000,3,3,0,0.0,False,False,NOT_DETECTED,,False,12.05,7.86,44.4
JacksonDatabind,79,2,1000,3,3,0,0.0,False,False,NOT_DETECTED,,False,13.24,7.65,59.3
JacksonDatabind,80,2,1000,3,3,0,0.0,False,False,NOT_DETECTED,,False,30.16,28.05,34.2
JacksonDatabind,81,2,1000,3,3,0,0.0,False,False,NOT_DETECTED,,False,9.09,5.37,43.5
JacksonDatabind,82,2,1000,3,3,0,0.0,False,False,NOT_DETECTED,,False,12.3,7.86,47.6
JacksonDatabind,83,2,1000,3,3,0,0.0,False,False,NOT_DETECTED,,False,13.22,15.12,26.8
JacksonDatabind,84,2,1000,3,3,0,0.0,False,False,NOT_DETECTED,,False,72.73,43.75,40.9
JacksonDatabind,85,2,1000,3,3,0,0.0,False,False,NOT_DETECTED,,False,29.03,20.37,29.6
JacksonDatabind,86,2,1000,3,3,0,0.0,False,False,NOT_DETECTED,,False,72.73,43.75,43.6
JacksonDatabind,87,2,1000,3,3,0,0.0,False,True,NOT_DETECTED,,False,92.28,91.42,43.4
JacksonDatabind,88,2,1000,3,3,0,0.0,False,False,NOT_DETECTED,,False,33.33,28.57,37.9
JacksonDatabind,90,2,1000,3,3,0,0.0,False,False,NOT_DETECTED,,False,53.57,41.94,117.5
JacksonDatabind,91,2,1000,3,3,0,0.0,False,False,NOT_DETECTED,,False,6.59,0.79,26.1
JacksonDatabind,92,2,1000,3,3,0,0.0,False,False,NOT_DETECTED,,False,13.08,5.72,52.3
JacksonDatabind,93,2,1000,3,3,0,0.0,False,False,NOT_DETECTED,,False,63.89,0.0,25.8
JacksonDatabind,94,2,1000,3,3,0,0.0,False,False,NOT_DETECTED,,False,55.26,0.0,25.3
JacksonDatabind,95,2,1000,3,3,0,0.0,False,False,NOT_DETECTED,,False,57.52,45.02,111.9
JacksonDatabind,96,2,1000,3,3,0,0.0,False,False,NOT_DETECTED,,False,11.04,7.65,94.9
JacksonDatabind,97,2,1000,3,3,0,0.0,False,False,NOT_DETECTED,,False,78.05,79.41,41.2
JacksonDatabind,98,2,1000,3,3,0,0.0,False,False,NOT_DETECTED,,False,21.76,10.28,42.1
JacksonDatabind,99,2,1000,3,3,0,0.0,False,False,NOT_DETECTED,,False,2.86,3.57,48.6
JacksonDatabind,100,2,1000,3,3,0,0.0,False,False,NOT_DETECTED,,False,1.69,0.0,32.7
JacksonDatabind,101,2,1000,3,3,0,0.0,False,False,NOT_DETECTED,,False,0.0,0.0,56.5
JacksonDatabind,102,2,1000,3,3,3,1.0,True,False,DETECTED,ASSERTION,True,20.29,18.0,29.6
JacksonDatabind,103,2,1000,3,3,0,0.0,False,False,NOT_DETECTED,,False,24.05,20.46,330.9
JacksonDatabind,104,2,1000,3,3,0,0.0,False,True,NOT_DETECTED,,False,79.58,76.59,48.7
JacksonDatabind,105,2,1000,3,3,0,0.0,False,False,NOT_DETECTED,,False,33.33,27.78,26.4
JacksonDatabind,106,2,1000,3,3,0,0.0,False,False,NOT_DETECTED,,False,1.61,0.0,33.0
JacksonDatabind,107,2,1000,3,3,0,0.0,False,False,NOT_DETECTED,,False,44.74,18.75,40.1
JacksonDatabind,108,2,1000,3,3,0,0.0,False,False,NOT_DETECTED,,False,51.71,39.6,172.6
JacksonDatabind,109,2,1000,3,3,0,0.0,False,False,NOT_DETECTED,,False,38.94,28.85,27.9
JacksonDatabind,110,2,1000,3,3,0,0.0,False,False,NOT_DETECTED,,False,20.69,0.0,24.4
JacksonDatabind,111,2,1000,3,3,3,1.0,True,False,DETECTED,ASSERTION,True,21.14,13.21,94.2
JacksonDatabind,112,2,1000,3,3,0,0.0,False,False,NOT_DETECTED,,False,18.89,13.33,27.0
JacksonXml,1,1,200,3,3,0,0.0,False,False,NOT_DETECTED,,False,3.06,0.0,55.7
JacksonXml,2,1,200,3,3,0,0.0,False,False,NOT_DETECTED,,False,1.6,0.0,40.3
JacksonXml,3,1,200,3,3,0,0.0,False,False,NOT_DETECTED,,False,3.09,0.0,55.7
JacksonXml,4,1,200,3,3,3,1.0,True,False,DETECTED,ASSERTION,True,18.03,15.0,41.4
JacksonXml,5,1,200,3,3,0,0.0,False,False,NOT_DETECTED,,False,26.04,16.67,41.8
JacksonXml,6,1,200,3,3,0,0.0,False,False,NOT_DETECTED,,False,3.02,0.0,60.5
JacksonXml,1,2,1000,3,3,0,0.0,False,False,NOT_DETECTED,,False,3.06,0.0,99.4
JacksonXml,2,2,1000,3,3,0,0.0,False,False,NOT_DETECTED,,False,1.6,0.0,50.0
JacksonXml,3,2,1000,3,3,0,0.0,False,False,NOT_DETECTED,,False,3.09,0.0,99.4
JacksonXml,4,2,1000,3,3,3,1.0,True,False,DETECTED,ASSERTION,True,18.03,15.0,50.7
JacksonXml,5,2,1000,3,3,0,0.0,False,False,NOT_DETECTED,,False,26.04,16.67,52.3
JacksonXml,6,2,1000,3,3,0,0.0,False,False,NOT_DETECTED,,False,3.02,0.0,118.7
Jsoup,1,1,200,3,3,0,0.0,False,False,NOT_DETECTED,,False,82.61,66.67,28.3
Jsoup,2,1,200,3,3,0,0.0,False,False,NOT_DETECTED,,False,38.85,27.91,26.3
Jsoup,3,1,200,3,3,0,0.0,False,False,NOT_DETECTED,,False,71.36,42.21,42.0
Jsoup,4,1,200,3,3,0,0.0,False,False,NOT_DETECTED,,False,99.3,53.85,25.2
Jsoup,5,1,200,3,3,0,0.0,False,False,NOT_DETECTED,,False,40.27,27.31,25.8
Jsoup,6,1,200,3,3,0,0.0,False,False,NOT_DETECTED,,False,99.3,53.85,25.2
Jsoup,7,1,200,3,3,0,0.0,False,False,NOT_DETECTED,,False,68.75,55.56,28.1
Jsoup,8,1,200,3,3,3,1.0,True,False,DETECTED,ASSERTION,True,66.43,64.29,34.7
Jsoup,9,1,200,3,3,0,0.0,False,False,NOT_DETECTED,,False,99.31,53.85,29.0
Jsoup,10,1,200,3,3,0,0.0,False,False,NOT_DETECTED,,False,66.45,66.0,40.6
Jsoup,11,1,200,3,3,0,0.0,False,False,NOT_DETECTED,,False,44.8,32.58,31.7
Jsoup,12,1,200,3,3,0,0.0,False,False,NOT_DETECTED,,False,50.59,39.05,32.4
Jsoup,13,1,200,3,3,0,0.0,False,False,NOT_DETECTED,,False,53.3,47.14,46.5
Jsoup,14,1,200,3,3,0,0.0,False,False,NOT_DETECTED,,False,19.38,11.21,38.7
Jsoup,15,1,200,3,0,0,,False,False,NO_PROPERTY,,False,,,
Jsoup,16,1,200,3,3,3,1.0,True,False,DETECTED,ASSERTION,True,100.0,100.0,33.1
Jsoup,17,1,200,3,0,0,,False,False,NO_PROPERTY,,False,,,
Jsoup,18,1,200,3,3,3,1.0,True,False,DETECTED,ASSERTION,True,100.0,98.37,35.0
Jsoup,19,1,200,3,3,0,0.0,False,False,NOT_DETECTED,,False,82.33,41.36,32.3
Jsoup,20,1,200,3,3,0,0.0,False,False,NOT_DETECTED,,False,34.09,29.17,29.6
Jsoup,21,1,200,3,3,2,0.67,True,False,FLAKY,ASSERTION,True,55.21,47.92,27.9
Jsoup,22,1,200,3,3,3,1.0,True,False,DETECTED,ASSERTION,True,63.02,50.46,84.5
Jsoup,23,1,200,3,3,0,0.0,False,False,NOT_DETECTED,,False,74.67,69.44,44.4
Jsoup,24,1,200,3,0,0,,False,False,NO_PROPERTY,,False,,,
Jsoup,25,1,200,3,3,0,0.0,False,False,NOT_DETECTED,,False,100.0,66.07,34.0
Jsoup,26,1,200,3,3,3,1.0,True,False,DETECTED,ASSERTION,True,34.0,25.0,28.7
Jsoup,27,1,200,3,3,0,0.0,False,False,NOT_DETECTED,,False,31.91,25.0,30.5
Jsoup,28,1,200,3,3,3,1.0,True,False,DETECTED,ASSERTION,True,77.83,56.67,42.0
Jsoup,29,1,200,3,3,0,0.0,False,False,NOT_DETECTED,,False,65.22,55.56,33.2
Jsoup,30,1,200,3,3,3,1.0,True,False,DETECTED,ASSERTION,True,50.85,40.0,32.8
Jsoup,31,1,200,3,3,0,0.0,False,False,NOT_DETECTED,,False,15.29,3.12,39.2
Jsoup,32,1,200,3,3,0,0.0,False,False,NOT_DETECTED,,False,69.54,40.0,60.3
Jsoup,33,1,200,3,3,0,0.0,False,False,NOT_DETECTED,,False,38.92,23.83,46.2
Jsoup,34,1,200,3,3,3,1.0,True,False,DETECTED,ASSERTION,True,100.0,98.23,39.9
Jsoup,35,1,200,3,0,0,,False,False,NO_PROPERTY,,False,,,
Jsoup,36,1,200,3,3,0,0.0,False,False,NOT_DETECTED,,False,34.29,32.61,33.5
Jsoup,37,1,200,3,3,0,0.0,False,False,NOT_DETECTED,,False,71.24,40.26,57.5
Jsoup,38,1,200,3,0,0,,False,False,NO_PROPERTY,,False,,,
Jsoup,39,1,200,3,3,0,0.0,False,False,NOT_DETECTED,,False,32.43,32.61,31.8
Jsoup,40,1,200,3,3,3,1.0,True,False,DETECTED,ASSERTION,True,100.0,100.0,31.3
Jsoup,41,1,200,3,3,0,0.0,False,False,NOT_DETECTED,,False,69.54,37.79,58.2
Jsoup,42,1,200,3,3,0,0.0,False,False,NOT_DETECTED,,False,34.15,10.71,34.1
Jsoup,43,1,200,3,3,0,0.0,False,False,NOT_DETECTED,,False,69.11,36.78,58.9
Jsoup,44,1,200,3,3,0,0.0,False,False,NOT_DETECTED,,False,88.89,70.0,36.3
Jsoup,45,1,200,3,3,0,0.0,False,False,NOT_DETECTED,,False,42.76,24.83,43.8
Jsoup,46,1,200,3,3,0,0.0,False,False,NOT_DETECTED,,False,83.77,66.04,33.2
Jsoup,47,1,200,3,3,0,0.0,False,False,NOT_DETECTED,,False,83.77,64.85,33.5
Jsoup,48,1,200,3,3,0,0.0,False,False,NOT_DETECTED,,False,7.04,0.57,31.5
Jsoup,49,1,200,3,3,3,1.0,True,False,DETECTED,ASSERTION,True,63.91,51.96,49.4
Jsoup,50,1,200,3,3,3,1.0,True,True,DETECTED,ASSERTION,True,35.48,22.37,33.9
Jsoup,51,1,200,3,3,3,1.0,True,False,DETECTED,ASSERTION,True,96.75,93.09,39.8
Jsoup,52,1,200,3,3,3,1.0,True,True,DETECTED,ASSERTION,True,39.71,20.58,38.3
Jsoup,53,1,200,3,3,0,0.0,False,False,NOT_DETECTED,,False,96.55,87.57,40.2
Jsoup,54,1,200,3,3,0,0.0,False,False,NOT_DETECTED,,False,63.89,39.29,34.8
Jsoup,55,1,200,3,0,0,,False,False,NO_PROPERTY,,False,,,
Jsoup,56,1,200,3,3,0,0.0,False,False,NOT_DETECTED,,False,11.66,3.63,37.4
Jsoup,57,1,200,3,3,0,0.0,False,False,NOT_DETECTED,,False,48.41,30.26,36.4
Jsoup,58,1,200,3,3,3,1.0,True,False,DETECTED,ASSERTION,True,82.83,57.89,40.9
Jsoup,59,1,200,3,3,0,0.0,False,False,NOT_DETECTED,,False,33.76,30.43,31.0
Jsoup,60,1,200,3,3,3,1.0,True,False,DETECTED,ASSERTION,True,67.93,66.15,42.1
Jsoup,61,1,200,3,3,0,0.0,False,False,NOT_DETECTED,,False,66.76,32.79,59.5
Jsoup,62,1,200,3,0,0,,False,False,NO_PROPERTY,,False,,,
Jsoup,63,1,200,3,3,0,0.0,False,False,NOT_DETECTED,,False,41.95,23.22,55.7
Jsoup,64,1,200,3,0,0,,False,False,NO_PROPERTY,,False,,,
Jsoup,65,1,200,3,3,0,0.0,False,False,NOT_DETECTED,,False,14.73,5.97,49.7
Jsoup,66,1,200,3,3,0,0.0,False,False,NOT_DETECTED,,False,70.61,37.91,63.3
Jsoup,67,1,200,3,3,0,0.0,False,False,NOT_DETECTED,,False,35.17,18.83,49.0
Jsoup,68,1,200,3,3,0,0.0,False,False,NOT_DETECTED,,False,35.44,18.83,48.2
Jsoup,69,1,200,3,3,0,0.0,False,False,NOT_DETECTED,,False,33.33,10.71,36.0
Jsoup,70,1,200,3,3,0,0.0,False,False,NOT_DETECTED,,False,70.87,39.0,62.9
Jsoup,71,1,200,3,3,0,0.0,False,False,NOT_DETECTED,,False,30.5,26.25,32.9
Jsoup,72,1,200,3,3,3,1.0,True,False,DETECTED,ASSERTION,True,95.65,93.33,42.6
Jsoup,73,1,200,3,3,0,0.0,False,False,NOT_DETECTED,,False,64.86,39.29,34.6
Jsoup,74,1,200,3,3,0,0.0,False,False,NOT_DETECTED,,False,85.1,77.91,38.0
Jsoup,75,1,200,3,3,0,0.0,False,False,NOT_DETECTED,,False,59.04,41.03,38.5
Jsoup,76,1,200,3,0,0,,False,False,NO_PROPERTY,,False,,,
Jsoup,77,1,200,3,3,0,0.0,False,False,NOT_DETECTED,,False,43.14,17.2,35.8
Jsoup,78,1,200,3,3,0,0.0,False,True,NOT_DETECTED,,False,54.13,39.77,37.9
Jsoup,79,1,200,3,3,3,1.0,True,False,DETECTED,ASSERTION,True,100.0,92.86,39.3
Jsoup,80,1,200,3,3,0,0.0,False,False,NOT_DETECTED,,False,42.51,16.16,34.9
Jsoup,81,1,200,3,3,0,0.0,False,True,NOT_DETECTED,,False,54.24,37.76,37.2
Jsoup,82,1,200,3,3,0,0.0,False,True,NOT_DETECTED,,False,55.75,37.76,36.6
Jsoup,83,1,200,3,3,2,0.67,True,False,FLAKY,ASSERTION,True,16.03,35.69,40.7
Jsoup,84,1,200,3,3,0,0.0,False,False,NOT_DETECTED,,False,64.94,40.62,35.2
Jsoup,85,1,200,3,3,3,1.0,True,False,DETECTED,ASSERTION,True,89.23,67.33,38.8
Jsoup,86,1,200,3,3,3,1.0,True,False,DETECTED,ASSERTION,True,100.0,70.0,38.6
Jsoup,87,1,200,3,3,1,0.33,True,False,FLAKY,ASSERTION,True,34.43,18.88,79.1
Jsoup,88,1,200,3,3,3,1.0,True,False,DETECTED,ASSERTION,True,89.23,67.33,41.4
Jsoup,89,1,200,3,3,3,1.0,True,False,DETECTED,ASSERTION,True,89.39,69.33,40.5
Jsoup,90,1,200,3,3,3,1.0,True,False,DETECTED,ASSERTION,True,35.76,17.8,43.2
Jsoup,91,1,200,3,3,0,0.0,False,False,NOT_DETECTED,,False,93.54,93.6,39.6
Jsoup,92,1,200,3,3,0,0.0,False,False,NOT_DETECTED,,False,48.91,28.63,42.1
Jsoup,93,1,200,3,3,0,0.0,False,False,NOT_DETECTED,,False,32.56,10.0,26.9
Jsoup,1,2,1000,3,3,0,0.0,False,False,NOT_DETECTED,,False,82.61,66.67,32.6
Jsoup,2,2,1000,3,3,0,0.0,False,False,NOT_DETECTED,,False,47.85,36.05,25.3
Jsoup,3,2,1000,3,3,0,0.0,False,False,NOT_DETECTED,,False,72.52,44.96,87.6
Jsoup,4,2,1000,3,3,3,1.0,True,False,DETECTED,ASSERTION,True,99.54,61.54,24.5
Jsoup,5,2,1000,3,3,0,0.0,False,False,NOT_DETECTED,,False,49.13,35.11,28.5
Jsoup,6,2,1000,3,3,0,0.0,False,False,NOT_DETECTED,,False,99.54,61.54,27.6
Jsoup,7,2,1000,3,3,0,0.0,False,False,NOT_DETECTED,,False,68.75,55.56,34.2
Jsoup,8,2,1000,3,3,3,1.0,True,False,DETECTED,ASSERTION,True,66.43,64.29,45.6
Jsoup,9,2,1000,3,3,0,0.0,False,False,NOT_DETECTED,,False,99.55,61.54,26.1
Jsoup,10,2,1000,3,3,0,0.0,False,False,NOT_DETECTED,,False,66.45,66.0,56.6
Jsoup,11,2,1000,3,3,0,0.0,False,False,NOT_DETECTED,,False,48.62,35.61,26.4
Jsoup,12,2,1000,3,3,0,0.0,False,False,NOT_DETECTED,,False,54.39,42.14,30.6
Jsoup,13,2,1000,3,3,0,0.0,False,False,NOT_DETECTED,,False,53.3,47.14,70.0
Jsoup,14,2,1000,3,3,0,0.0,False,False,NOT_DETECTED,,False,20.47,13.59,42.5
Jsoup,15,2,1000,3,0,0,,False,False,NO_PROPERTY,,False,,,
Jsoup,16,2,1000,3,3,3,1.0,True,False,DETECTED,ASSERTION,True,100.0,100.0,27.2
Jsoup,17,2,1000,3,0,0,,False,False,NO_PROPERTY,,False,,,
Jsoup,18,2,1000,3,3,3,1.0,True,False,DETECTED,ASSERTION,True,100.0,100.0,41.1
Jsoup,19,2,1000,3,3,0,0.0,False,False,NOT_DETECTED,,False,84.56,46.3,33.3
Jsoup,20,2,1000,3,3,0,0.0,False,False,NOT_DETECTED,,False,34.09,29.17,29.4
Jsoup,21,2,1000,3,3,3,1.0,True,False,DETECTED,ASSERTION,True,59.9,51.04,22.7
Jsoup,22,2,1000,3,3,3,1.0,True,False,DETECTED,ASSERTION,True,63.36,51.15,190.0
Jsoup,23,2,1000,3,3,0,0.0,False,False,NOT_DETECTED,,False,76.28,73.61,60.4
Jsoup,24,2,1000,3,0,0,,False,False,NO_PROPERTY,,False,,,
Jsoup,25,2,1000,3,3,0,0.0,False,False,NOT_DETECTED,,False,100.0,69.05,35.3
Jsoup,26,2,1000,3,3,3,1.0,True,False,DETECTED,ASSERTION,True,34.0,25.0,25.0
Jsoup,27,2,1000,3,3,0,0.0,False,False,NOT_DETECTED,,False,31.91,25.0,27.4
Jsoup,28,2,1000,3,3,3,1.0,True,False,DETECTED,ASSERTION,True,79.79,61.0,53.3
Jsoup,29,2,1000,3,3,0,0.0,False,False,NOT_DETECTED,,False,65.22,55.56,35.7
Jsoup,30,2,1000,3,3,3,1.0,True,False,DETECTED,ASSERTION,True,50.85,40.0,26.1
Jsoup,31,2,1000,3,3,0,0.0,False,False,NOT_DETECTED,,False,15.29,3.12,35.2
Jsoup,32,2,1000,3,3,0,0.0,False,False,NOT_DETECTED,,False,69.54,40.71,96.2
Jsoup,33,2,1000,3,3,0,0.0,False,False,NOT_DETECTED,,False,39.09,24.5,56.0
Jsoup,34,2,1000,3,3,3,1.0,True,False,DETECTED,ASSERTION,True,100.0,100.0,40.0
Jsoup,35,2,1000,3,0,0,,False,False,NO_PROPERTY,,False,,,
Jsoup,36,2,1000,3,3,0,0.0,False,False,NOT_DETECTED,,False,34.29,32.61,28.3
Jsoup,37,2,1000,3,3,0,0.0,False,False,NOT_DETECTED,,False,71.24,41.56,100.1
Jsoup,38,2,1000,3,0,0,,False,False,NO_PROPERTY,,False,,,
Jsoup,39,2,1000,3,3,0,0.0,False,False,NOT_DETECTED,,False,32.43,32.61,28.0
Jsoup,40,2,1000,3,3,3,1.0,True,False,DETECTED,ASSERTION,True,100.0,100.0,25.2
Jsoup,41,2,1000,3,3,0,0.0,False,False,NOT_DETECTED,,False,69.54,38.95,100.2
Jsoup,42,2,1000,3,3,0,0.0,False,False,NOT_DETECTED,,False,43.9,10.71,31.0
Jsoup,43,2,1000,3,3,0,0.0,False,False,NOT_DETECTED,,False,69.11,37.93,100.6
Jsoup,44,2,1000,3,3,0,0.0,False,False,NOT_DETECTED,,False,88.89,70.0,33.0
Jsoup,45,2,1000,3,3,0,0.0,False,False,NOT_DETECTED,,False,42.93,25.5,56.3
Jsoup,46,2,1000,3,3,0,0.0,False,False,NOT_DETECTED,,False,86.67,74.21,28.7
Jsoup,47,2,1000,3,3,0,0.0,False,False,NOT_DETECTED,,False,86.67,72.73,30.0
Jsoup,48,2,1000,3,3,0,0.0,False,False,NOT_DETECTED,,False,8.74,0.57,24.7
Jsoup,49,2,1000,3,3,3,1.0,True,False,DETECTED,ASSERTION,True,63.91,51.96,77.1
Jsoup,50,2,1000,3,3,3,1.0,True,True,DETECTED,ASSERTION,True,35.48,22.37,30.0
Jsoup,51,2,1000,3,3,3,1.0,True,False,DETECTED,ASSERTION,True,97.61,96.46,47.7
Jsoup,52,2,1000,3,3,3,1.0,True,True,DETECTED,ASSERTION,True,39.71,20.58,37.9
Jsoup,53,2,1000,3,3,0,0.0,False,False,NOT_DETECTED,,False,98.52,92.37,47.1
Jsoup,54,2,1000,3,3,0,0.0,False,False,NOT_DETECTED,,False,63.89,39.29,29.1
Jsoup,55,2,1000,3,0,0,,False,False,NO_PROPERTY,,False,,,
Jsoup,56,2,1000,3,3,0,0.0,False,False,NOT_DETECTED,,False,12.34,4.03,36.0
Jsoup,57,2,1000,3,3,0,0.0,False,False,NOT_DETECTED,,False,48.41,30.26,35.3
Jsoup,58,2,1000,3,3,3,1.0,True,False,DETECTED,ASSERTION,True,88.81,65.79,50.2
Jsoup,59,2,1000,3,3,0,0.0,False,False,NOT_DETECTED,,False,33.76,30.43,24.6
Jsoup,60,2,1000,3,3,3,1.0,True,False,DETECTED,ASSERTION,True,70.46,69.49,48.2
Jsoup,61,2,1000,3,3,0,0.0,False,False,NOT_DETECTED,,False,67.14,33.88,97.3
Jsoup,62,2,1000,3,0,0,,False,False,NO_PROPERTY,,False,,,
Jsoup,63,2,1000,3,3,0,0.0,False,False,NOT_DETECTED,,False,46.63,28.16,76.6
Jsoup,64,2,1000,3,0,0,,False,False,NO_PROPERTY,,False,,,
Jsoup,65,2,1000,3,3,0,0.0,False,False,NOT_DETECTED,,False,18.44,9.04,54.5
Jsoup,66,2,1000,3,3,0,0.0,False,False,NOT_DETECTED,,False,71.12,38.89,107.1
Jsoup,67,2,1000,3,3,0,0.0,False,False,NOT_DETECTED,,False,38.92,21.83,57.5
Jsoup,68,2,1000,3,3,0,0.0,False,False,NOT_DETECTED,,False,39.23,21.83,56.0
Jsoup,69,2,1000,3,3,0,0.0,False,False,NOT_DETECTED,,False,38.1,10.71,30.0
Jsoup,70,2,1000,3,3,0,0.0,False,False,NOT_DETECTED,,False,71.38,39.97,116.9
Jsoup,71,2,1000,3,3,0,0.0,False,False,NOT_DETECTED,,False,32.59,27.69,24.3
Jsoup,72,2,1000,3,3,3,1.0,True,False,DETECTED,ASSERTION,True,97.1,96.0,49.8
Jsoup,73,2,1000,3,3,0,0.0,False,False,NOT_DETECTED,,False,64.86,39.29,28.2
Jsoup,74,2,1000,3,3,0,0.0,False,False,NOT_DETECTED,,False,94.12,85.27,39.9
Jsoup,75,2,1000,3,3,0,0.0,False,False,NOT_DETECTED,,False,59.04,41.03,35.8
Jsoup,76,2,1000,3,0,0,,False,False,NO_PROPERTY,,False,,,
Jsoup,77,2,1000,3,3,0,0.0,False,False,NOT_DETECTED,,False,47.06,19.35,31.9
Jsoup,78,2,1000,3,3,0,0.0,False,True,NOT_DETECTED,,False,54.44,41.29,33.1
Jsoup,79,2,1000,3,3,3,1.0,True,False,DETECTED,ASSERTION,True,100.0,92.86,40.9
Jsoup,80,2,1000,3,3,0,0.0,False,False,NOT_DETECTED,,False,46.38,18.18,32.1
Jsoup,81,2,1000,3,3,0,0.0,False,True,NOT_DETECTED,,False,54.8,39.46,33.7
Jsoup,82,2,1000,3,3,0,0.0,False,True,NOT_DETECTED,,False,56.34,39.46,33.7
Jsoup,83,2,1000,3,3,3,1.0,True,False,DETECTED,ASSERTION,True,16.27,36.69,55.1
Jsoup,84,2,1000,3,3,0,0.0,False,False,NOT_DETECTED,,False,64.94,40.62,30.6
Jsoup,85,2,1000,3,3,3,1.0,True,False,DETECTED,ASSERTION,True,89.23,68.0,40.3
Jsoup,86,2,1000,3,3,3,1.0,True,False,DETECTED,ASSERTION,True,100.0,70.0,36.6
Jsoup,87,2,1000,3,3,2,0.67,True,False,FLAKY,ASSERTION,True,35.05,19.66,134.8
Jsoup,88,2,1000,3,3,3,1.0,True,False,DETECTED,ASSERTION,True,89.23,68.0,43.2
Jsoup,89,2,1000,3,3,3,1.0,True,False,DETECTED,ASSERTION,True,89.39,70.0,43.5
Jsoup,90,2,1000,3,3,3,1.0,True,False,DETECTED,ASSERTION,True,38.64,18.36,44.1
Jsoup,91,2,1000,3,3,0,0.0,False,False,NOT_DETECTED,,False,94.7,94.95,47.3
Jsoup,92,2,1000,3,3,0,0.0,False,False,NOT_DETECTED,,False,49.57,29.24,64.2
Jsoup,93,2,1000,3,3,0,0.0,False,False,NOT_DETECTED,,False,37.21,10.0,29.2
JxPath,1,1,200,3,3,0,0.0,False,True,NOT_DETECTED,,False,25.57,16.55,162.1
JxPath,2,1,200,3,3,0,0.0,False,False,NOT_DETECTED,,False,44.19,43.75,119.7
JxPath,3,1,200,3,3,0,0.0,False,False,NOT_DETECTED,,False,75.5,64.71,145.3
JxPath,4,1,200,3,3,0,0.0,False,True,NOT_DETECTED,,False,25.45,16.79,164.9
JxPath,5,1,200,3,3,0,0.0,False,False,NOT_DETECTED,,False,69.83,46.92,159.5
JxPath,6,1,200,3,3,0,0.0,False,False,NOT_DETECTED,,False,25.16,22.22,121.2
JxPath,7,1,200,3,3,0,0.0,False,False,NOT_DETECTED,,False,28.57,0.0,115.0
JxPath,8,1,200,3,3,0,0.0,False,False,NOT_DETECTED,,False,9.3,0.0,110.0
JxPath,9,1,200,3,3,3,1.0,True,False,DETECTED,ASSERTION,True,45.59,31.77,122.8
JxPath,10,1,200,3,3,0,0.0,False,False,NOT_DETECTED,,False,9.3,0.0,106.2
JxPath,11,1,200,3,3,0,0.0,False,False,NOT_DETECTED,,False,14.29,4.26,131.4
JxPath,12,1,200,3,3,0,0.0,False,False,NOT_DETECTED,,False,22.56,13.92,151.7
JxPath,13,1,200,3,3,3,1.0,True,False,DETECTED,ASSERTION,True,27.49,17.78,153.6
JxPath,14,1,200,3,3,0,0.0,False,False,NOT_DETECTED,,False,29.73,29.16,139.2
JxPath,15,1,200,3,3,0,0.0,False,False,NOT_DETECTED,,False,65.0,42.86,116.9
JxPath,16,1,200,3,3,0,0.0,False,True,NOT_DETECTED,,False,27.25,18.9,165.6
JxPath,17,1,200,3,3,0,0.0,False,False,NOT_DETECTED,,False,15.45,4.65,130.2
JxPath,18,1,200,3,3,0,0.0,False,False,NOT_DETECTED,,False,68.57,45.0,110.6
JxPath,19,1,200,3,3,0,0.0,False,False,NOT_DETECTED,,False,23.2,15.48,165.2
JxPath,20,1,200,3,3,0,0.0,False,False,NOT_DETECTED,,False,8.16,0.0,65.2
JxPath,21,1,200,3,3,0,0.0,False,False,NOT_DETECTED,,False,60.56,42.59,70.8
JxPath,22,1,200,3,3,0,0.0,False,False,NOT_DETECTED,,False,19.78,12.56,70.6
JxPath,1,2,1000,3,3,0,0.0,False,True,NOT_DETECTED,,False,26.13,16.84,194.5
JxPath,2,2,1000,3,3,0,0.0,False,False,NOT_DETECTED,,False,44.19,43.75,98.8
JxPath,3,2,1000,3,3,0,0.0,False,False,NOT_DETECTED,,False,77.11,67.65,143.6
JxPath,4,2,1000,3,3,0,0.0,False,True,NOT_DETECTED,,False,26.03,17.08,192.4
JxPath,5,2,1000,3,3,0,0.0,False,False,NOT_DETECTED,,False,69.83,46.92,185.2
JxPath,6,2,1000,3,3,0,0.0,False,False,NOT_DETECTED,,False,26.42,23.74,97.0
JxPath,7,2,1000,3,3,0,0.0,False,False,NOT_DETECTED,,False,28.57,0.0,84.4
JxPath,8,2,1000,3,3,0,0.0,False,False,NOT_DETECTED,,False,9.3,0.0,80.0
JxPath,9,2,1000,3,3,3,1.0,True,False,DETECTED,ASSERTION,True,45.59,35.94,98.3
JxPath,10,2,1000,3,3,0,0.0,False,False,NOT_DETECTED,,False,9.3,0.0,80.3
JxPath,11,2,1000,3,3,0,0.0,False,False,NOT_DETECTED,,False,14.29,4.26,115.8
JxPath,12,2,1000,3,3,0,0.0,False,False,NOT_DETECTED,,False,23.2,14.17,159.0
JxPath,13,2,1000,3,3,3,1.0,True,False,DETECTED,ASSERTION,True,28.04,17.99,164.9
JxPath,14,2,1000,3,3,0,0.0,False,False,NOT_DETECTED,,False,31.39,31.99,132.3
JxPath,15,2,1000,3,3,0,0.0,False,False,NOT_DETECTED,,False,65.0,42.86,88.7
JxPath,16,2,1000,3,3,0,0.0,False,True,NOT_DETECTED,,False,27.64,19.12,195.6
JxPath,17,2,1000,3,3,0,0.0,False,False,NOT_DETECTED,,False,15.45,4.65,117.1
JxPath,18,2,1000,3,3,0,0.0,False,False,NOT_DETECTED,,False,68.57,45.0,84.0
JxPath,19,2,1000,3,3,0,0.0,False,False,NOT_DETECTED,,False,23.43,15.65,196.6
JxPath,20,2,1000,3,3,0,0.0,False,False,NOT_DETECTED,,False,8.16,0.0,60.8
JxPath,21,2,1000,3,3,0,0.0,False,False,NOT_DETECTED,,False,60.56,42.59,110.9
JxPath,22,2,1000,3,3,0,0.0,False,False,NOT_DETECTED,,False,19.78,12.56,110.3
Lang,1,1,200,3,3,3,1.0,True,False,DETECTED,ASSERTION,True,95.88,84.0,171.2
Lang,3,1,200,3,3,3,1.0,True,False,DETECTED,ASSERTION,True,95.82,84.52,171.4
Lang,4,1,200,3,3,3,1.0,True,False,DETECTED,ASSERTION,True,97.33,97.62,192.7
Lang,5,1,200,3,3,0,0.0,False,False,NOT_DETECTED,,False,70.14,59.05,131.3
Lang,6,1,200,3,3,0,0.0,False,False,NOT_DETECTED,,False,93.33,100.0,198.7
Lang,7,1,200,3,3,1,0.33,True,False,FLAKY,ASSERTION,True,95.62,85.7,223.6
Lang,8,1,200,3,3,1,0.33,True,False,FLAKY,ASSERTION,True,77.45,72.45,205.8
Lang,9,1,200,3,3,3,1.0,True,False,DETECTED,ASSERTION,True,81.51,74.93,200.2
Lang,10,1,200,3,3,3,1.0,True,False,DETECTED,ASSERTION,True,85.05,76.97,210.3
Lang,11,1,200,3,3,3,1.0,True,True,DETECTED,ASSERTION,True,88.51,91.67,211.0
Lang,12,1,200,3,3,3,1.0,True,True,DETECTED,ASSERTION,True,89.29,92.59,223.0
Lang,13,1,200,3,3,0,0.0,False,False,NOT_DETECTED,,False,30.14,50.0,171.8
Lang,14,1,200,3,3,0,0.0,False,False,NOT_DETECTED,,False,91.54,88.96,508.1
Lang,15,1,200,3,3,0,0.0,False,False,NOT_DETECTED,,False,11.71,9.93,169.7
Lang,16,1,200,3,3,3,1.0,True,False,DETECTED,ASSERTION,True,95.56,85.55,215.0
Lang,17,1,200,3,3,0,0.0,False,False,NOT_DETECTED,,False,93.33,100.0,177.4
Lang,19,1,200,3,3,0,0.0,False,False,NOT_DETECTED,,False,12.5,2.63,164.1
Lang,20,1,200,3,3,3,1.0,True,False,DETECTED,ASSERTION,True,91.5,89.4,509.1
Lang,21,1,200,3,3,0,0.0,False,False,NOT_DETECTED,,False,88.05,80.28,227.0
Lang,22,1,200,3,3,1,0.33,True,False,FLAKY,ASSERTION,True,91.34,85.37,198.0
Lang,23,1,200,3,3,0,0.0,False,False,NOT_DETECTED,,False,43.6,28.53,182.2
Lang,24,1,200,3,3,2,0.67,True,False,FLAKY,ASSERTION,True,95.74,85.75,207.3
Lang,26,1,200,3,3,0,0.0,False,False,NOT_DETECTED,,False,85.59,80.55,220.8
Lang,27,1,200,3,3,3,1.0,True,False,DETECTED,ASSERTION,True,95.74,85.86,214.7
Lang,28,1,200,3,3,0,0.0,False,False,NOT_DETECTED,,False,12.0,6.25,169.9
Lang,29,1,200,3,3,3,1.0,True,False,DETECTED,ASSERTION,True,93.62,68.57,183.2
Lang,30,1,200,3,3,2,0.67,True,False,FLAKY,ASSERTION,True,91.29,89.08,461.8
Lang,31,1,200,3,3,0,0.0,False,False,NOT_DETECTED,,False,93.44,91.76,459.3
Lang,32,1,200,3,3,1,0.33,True,True,FLAKY,ASSERTION,True,91.34,84.72,205.5
Lang,33,1,200,3,3,3,1.0,True,False,DETECTED,ASSERTION,True,70.4,61.56,188.1
Lang,34,1,200,3,3,0,0.0,False,True,NOT_DETECTED,,False,89.95,76.61,263.5
Lang,35,1,200,3,3,2,0.67,True,False,FLAKY,ASSERTION,True,88.94,86.23,370.8
Lang,36,1,200,3,3,2,0.67,True,False,FLAKY,ASSERTION,True,95.72,85.99,197.4
Lang,37,1,200,3,3,0,0.0,False,False,NOT_DETECTED,,False,89.8,86.97,371.1
Lang,38,1,200,3,3,0,0.0,False,False,NOT_DETECTED,,False,85.59,80.55,218.5
Lang,39,1,200,3,3,0,0.0,False,False,NOT_DETECTED,,False,93.29,91.87,450.8
Lang,40,1,200,3,3,0,0.0,False,False,NOT_DETECTED,,False,95.19,92.21,398.7
Lang,41,1,200,3,3,3,1.0,True,False,DETECTED,ASSERTION,True,70.4,61.21,183.5
Lang,42,1,200,3,3,2,0.67,True,False,FLAKY,ASSERTION,True,43.71,35.79,173.1
Lang,43,1,200,3,3,3,1.0,True,False,DETECTED,ASSERTION,True,39.92,23.9,199.1
Lang,44,1,200,3,3,1,0.33,True,False,FLAKY,ASSERTION,True,92.54,79.09,174.2
Lang,45,1,200,3,3,3,1.0,True,False,DETECTED,ASSERTION,True,95.95,98.4,179.8
Lang,46,1,200,3,3,3,1.0,True,False,DETECTED,ASSERTION,True,68.17,77.98,181.8
Lang,47,1,200,3,3,3,1.0,True,False,DETECTED,ASSERTION,True,87.48,84.81,291.9
Lang,49,1,200,3,3,1,0.33,True,False,FLAKY,ASSERTION,True,90.17,85.46,188.9
Lang,50,1,200,3,3,0,0.0,False,False,NOT_DETECTED,,False,85.59,80.55,203.7
Lang,51,1,200,3,3,0,0.0,False,False,NOT_DETECTED,,False,82.17,70.13,175.8
Lang,52,1,200,3,3,3,1.0,True,False,DETECTED,ASSERTION,True,64.23,74.12,168.1
Lang,53,1,200,3,3,2,0.67,True,False,FLAKY,ASSERTION,True,85.1,78.09,169.5
Lang,54,1,200,3,3,0,0.0,False,False,NOT_DETECTED,,False,82.3,69.7,152.6
Lang,55,1,200,3,3,1,0.33,True,False,FLAKY,ASSERTION,True,60.34,50.0,139.7
Lang,56,1,200,3,3,0,0.0,False,False,NOT_DETECTED,,False,85.65,80.89,173.4
Lang,57,1,200,3,3,0,0.0,False,False,NOT_DETECTED,,False,83.97,71.35,137.7
Lang,58,1,200,3,3,2,0.67,True,False,FLAKY,ASSERTION,True,95.31,86.51,151.1
Lang,59,1,200,3,3,3,1.0,True,False,DETECTED,ASSERTION,True,86.94,84.41,169.8
Lang,60,1,200,3,3,3,1.0,True,False,DETECTED,ASSERTION,True,86.94,84.41,164.0
Lang,61,1,200,3,3,0,0.0,False,False,NOT_DETECTED,,False,87.19,85.34,156.2
Lang,62,1,200,3,3,0,0.0,False,False,NOT_DETECTED,,False,37.38,28.72,118.5
Lang,63,1,200,3,3,3,1.0,True,False,DETECTED,ASSERTION,True,92.75,87.47,119.8
Lang,64,1,200,3,3,0,0.0,False,False,NOT_DETECTED,,False,6.06,7.14,97.6
Lang,65,1,200,3,3,2,0.67,True,False,FLAKY,ASSERTION,True,85.1,78.09,104.2
Lang,1,2,1000,3,3,3,1.0,True,False,DETECTED,ASSERTION,True,97.8,91.24,216.0
Lang,3,2,1000,3,3,3,1.0,True,False,DETECTED,ASSERTION,True,97.78,91.22,223.4
Lang,4,2,1000,3,3,3,1.0,True,False,DETECTED,ASSERTION,True,97.33,100.0,122.3
Lang,5,2,1000,3,3,0,0.0,False,False,NOT_DETECTED,,False,81.25,74.29,131.1
Lang,6,2,1000,3,3,1,0.33,True,False,FLAKY,ASSERTION,True,93.33,100.0,144.6
Lang,7,2,1000,3,3,1,0.33,True,False,FLAKY,ASSERTION,True,97.8,91.99,211.9
Lang,8,2,1000,3,3,3,1.0,True,True,DETECTED,ASSERTION,True,86.64,80.44,217.5
Lang,9,2,1000,3,3,3,1.0,True,False,DETECTED,ASSERTION,True,84.18,77.6,190.8
Lang,10,2,1000,3,3,3,1.0,True,False,DETECTED,ASSERTION,True,86.28,78.05,206.4
Lang,11,2,1000,3,3,3,1.0,True,True,DETECTED,ASSERTION,True,89.08,92.26,197.0
Lang,12,2,1000,3,3,3,1.0,True,True,DETECTED,ASSERTION,True,88.1,91.36,194.5
Lang,13,2,1000,3,3,0,0.0,False,False,NOT_DETECTED,,False,30.14,50.0,127.2
Lang,14,2,1000,3,3,0,0.0,False,False,NOT_DETECTED,,False,93.94,92.52,752.8
Lang,15,2,1000,3,3,0,0.0,False,False,NOT_DETECTED,,False,11.71,9.93,138.1
Lang,16,2,1000,3,3,3,1.0,True,False,DETECTED,ASSERTION,True,97.78,91.9,223.2
Lang,17,2,1000,3,3,1,0.33,True,False,FLAKY,ASSERTION,True,93.33,100.0,142.1
Lang,19,2,1000,3,3,0,0.0,False,False,NOT_DETECTED,,False,12.5,2.63,118.9
Lang,20,2,1000,3,3,3,1.0,True,False,DETECTED,ASSERTION,True,93.86,92.98,549.6
Lang,21,2,1000,3,3,0,0.0,False,False,NOT_DETECTED,,False,88.89,81.81,224.8
Lang,22,2,1000,3,3,3,1.0,True,False,DETECTED,ASSERTION,True,94.9,90.82,216.0
Lang,23,2,1000,3,3,0,0.0,False,False,NOT_DETECTED,,False,52.97,38.74,190.7
Lang,24,2,1000,3,3,3,1.0,True,False,DETECTED,ASSERTION,True,97.78,92.09,223.9
Lang,26,2,1000,3,3,0,0.0,False,False,NOT_DETECTED,,False,88.82,82.89,268.9
Lang,27,2,1000,3,3,3,1.0,True,False,DETECTED,ASSERTION,True,97.78,92.04,240.2
Lang,28,2,1000,3,3,0,0.0,False,False,NOT_DETECTED,,False,12.0,6.25,130.2
Lang,29,2,1000,3,3,3,1.0,True,False,DETECTED,ASSERTION,True,93.62,69.05,171.9
Lang,30,2,1000,3,3,3,1.0,True,False,DETECTED,ASSERTION,True,93.65,92.55,737.9
Lang,31,2,1000,3,3,0,0.0,False,False,NOT_DETECTED,,False,95.88,95.32,725.2
Lang,32,2,1000,3,3,1,0.33,True,True,FLAKY,ASSERTION,True,91.34,84.72,230.1
Lang,33,2,1000,3,3,3,1.0,True,False,DETECTED,ASSERTION,True,70.63,62.16,190.7
Lang,34,2,1000,3,3,0,0.0,False,True,NOT_DETECTED,,False,90.14,76.76,343.2
Lang,35,2,1000,3,3,3,1.0,True,False,DETECTED,ASSERTION,True,89.11,89.04,645.0
Lang,36,2,1000,3,3,3,1.0,True,False,DETECTED,ASSERTION,True,97.77,92.04,231.5
Lang,37,2,1000,3,3,0,0.0,False,False,NOT_DETECTED,,False,89.97,89.87,638.0
Lang,38,2,1000,3,3,0,0.0,False,False,NOT_DETECTED,,False,88.82,82.89,273.5
Lang,39,2,1000,3,3,3,1.0,True,False,DETECTED,ASSERTION,True,95.83,95.57,585.4
Lang,40,2,1000,3,3,0,0.0,False,False,NOT_DETECTED,,False,97.61,95.57,673.4
Lang,41,2,1000,3,3,3,1.0,True,False,DETECTED,ASSERTION,True,70.63,61.82,191.0
Lang,42,2,1000,3,3,3,1.0,True,False,DETECTED,ASSERTION,True,49.53,42.65,175.5
Lang,43,2,1000,3,3,3,1.0,True,False,DETECTED,ASSERTION,True,50.3,35.35,251.0
Lang,44,2,1000,3,3,2,0.67,True,False,FLAKY,ASSERTION,True,96.0,88.03,177.3
Lang,45,2,1000,3,3,3,1.0,True,False,DETECTED,ASSERTION,True,97.14,99.36,171.7
Lang,46,2,1000,3,3,3,1.0,True,False,DETECTED,ASSERTION,True,72.07,81.96,193.5
Lang,47,2,1000,3,3,3,1.0,True,True,DETECTED,ASSERTION,True,90.95,89.32,581.2
Lang,49,2,1000,3,3,3,1.0,True,False,DETECTED,ASSERTION,True,93.64,90.78,211.8
Lang,50,2,1000,3,3,0,0.0,False,False,NOT_DETECTED,,False,88.82,82.89,271.0
Lang,51,2,1000,3,3,0,0.0,False,False,NOT_DETECTED,,False,92.05,79.72,193.9
Lang,52,2,1000,3,3,3,1.0,True,False,DETECTED,ASSERTION,True,69.1,79.21,191.8
Lang,53,2,1000,3,3,3,1.0,True,False,DETECTED,ASSERTION,True,86.02,80.19,204.6
Lang,54,2,1000,3,3,0,0.0,False,False,NOT_DETECTED,,False,88.89,78.79,162.3
Lang,55,2,1000,3,3,0,0.0,False,True,NOT_DETECTED,,False,60.34,50.0,133.3
Lang,56,2,1000,3,3,0,0.0,False,False,NOT_DETECTED,,False,88.87,83.19,294.3
Lang,57,2,1000,3,3,0,0.0,False,False,NOT_DETECTED,,False,89.87,79.69,160.3
Lang,58,2,1000,3,3,3,1.0,True,False,DETECTED,ASSERTION,True,97.77,92.46,255.6
Lang,59,2,1000,3,3,3,1.0,True,False,DETECTED,ASSERTION,True,90.75,89.37,362.9
Lang,60,2,1000,3,3,3,1.0,True,False,DETECTED,ASSERTION,True,90.75,89.37,219.4
Lang,61,2,1000,3,3,0,0.0,False,False,NOT_DETECTED,,False,90.8,89.87,316.9
Lang,62,2,1000,3,3,0,0.0,False,False,NOT_DETECTED,,False,49.39,41.49,178.9
Lang,63,2,1000,3,3,3,1.0,True,False,DETECTED,ASSERTION,True,93.03,88.47,183.3
Lang,64,2,1000,3,3,0,0.0,False,False,NOT_DETECTED,,False,6.06,7.14,155.2
Lang,65,2,1000,3,3,3,1.0,True,False,DETECTED,ASSERTION,True,85.87,80.0,177.9
Math,1,1,200,3,3,3,1.0,True,False,DETECTED,ASSERTION,True,97.19,95.17,131.1
Math,2,1,200,3,3,3,1.0,True,False,DETECTED,ASSERTION,True,100.0,96.15,61.4
Math,3,1,200,3,3,3,1.0,True,False,DETECTED,ASSERTION,True,96.44,94.68,72.3
Math,4,1,200,3,3,3,1.0,True,False,DETECTED,ASSERTION,True,50.38,10.42,64.9
Math,5,1,200,3,2,2,1.0,True,False,DETECTED,ASSERTION,True,99.56,97.06,159.7
Math,6,1,200,3,3,3,1.0,True,False,DETECTED,ASSERTION,True,12.27,4.94,77.9
Math,7,1,200,3,3,1,0.33,True,True,FLAKY,ASSERTION,True,31.78,8.62,548.6
Math,8,1,200,3,3,0,0.0,False,False,NOT_DETECTED,,False,17.5,4.17,65.9
Math,9,1,200,3,3,3,1.0,True,False,DETECTED,ASSERTION,True,90.58,47.92,76.4
Math,10,1,200,3,0,0,,False,False,RUNTIME_FAIL,,False,,,
Math,11,1,200,3,3,0,0.0,False,False,NOT_DETECTED,,False,45.2,50.0,77.4
Math,12,1,200,3,3,0,0.0,False,True,NOT_DETECTED,,False,82.64,69.05,74.6
Math,13,1,200,3,3,3,1.0,True,False,DETECTED,ASSERTION,True,40.7,22.73,77.1
Math,14,1,200,3,3,3,1.0,True,False,DETECTED,ASSERTION,True,33.33,18.75,84.2
Math,15,1,200,3,3,0,0.0,False,True,NOT_DETECTED,,False,94.51,88.01,97.3
Math,16,1,200,3,3,0,0.0,False,True,NOT_DETECTED,,False,94.51,88.01,94.1
Math,17,1,200,3,3,0,0.0,False,True,NOT_DETECTED,,False,43.21,35.76,2214.1
Math,18,1,200,3,3,0,0.0,False,False,NOT_DETECTED,,False,6.08,0.72,73.7
Math,19,1,200,3,3,0,0.0,False,False,NOT_DETECTED,,False,6.1,0.72,48.0
Math,20,1,200,3,3,0,0.0,False,False,NOT_DETECTED,,False,6.21,0.74,45.0
Math,21,1,200,3,3,0,0.0,False,False,NOT_DETECTED,,False,1.82,0.0,40.8
Math,22,1,200,3,3,3,1.0,True,True,DETECTED,ASSERTION,True,100.0,95.45,54.6
Math,23,1,200,3,3,0,0.0,False,False,NOT_DETECTED,,False,20.97,8.11,47.5
Math,24,1,200,3,3,0,0.0,False,False,NOT_DETECTED,,False,21.67,8.11,46.6
Math,25,1,200,3,3,0,0.0,False,False,NOT_DETECTED,,False,6.25,3.33,46.7
Math,26,1,200,3,3,3,1.0,True,False,DETECTED,ASSERTION,True,97.98,93.62,53.8
Math,27,1,200,3,3,3,1.0,True,False,DETECTED,ASSERTION,True,97.98,93.62,54.5
Math,28,1,200,3,3,0,0.0,False,False,NOT_DETECTED,,False,42.39,25.64,49.8
Math,29,1,200,3,3,0,0.0,False,False,NOT_DETECTED,,False,70.13,57.64,71.3
Math,30,1,200,3,3,0,0.0,False,True,NOT_DETECTED,,False,100.0,100.0,49.7
Math,31,1,200,3,0,0,,False,False,NO_PROPERTY,,False,,,
Math,32,1,200,3,3,3,1.0,True,False,DETECTED,ASSERTION,True,90.42,83.34,49.0
Math,33,1,200,3,3,0,0.0,False,True,NOT_DETECTED,,False,92.43,91.13,58.4
Math,34,1,200,3,3,3,1.0,True,False,DETECTED,ASSERTION,True,84.0,75.76,50.8
Math,35,1,200,3,3,3,1.0,True,False,DETECTED,ASSERTION,True,94.74,83.33,49.0
Math,36,1,200,3,3,0,0.0,False,False,NOT_DETECTED,,False,96.51,96.53,129.9
Math,37,1,200,3,3,3,1.0,True,False,DETECTED,ASSERTION,True,99.56,97.26,108.8
Math,38,1,200,3,3,0,0.0,False,False,NOT_DETECTED,,False,0.58,0.0,55.1
Math,39,1,200,3,3,0,0.0,False,False,NOT_DETECTED,,False,27.68,0.0,59.2
Math,40,1,200,3,3,0,0.0,False,False,NOT_DETECTED,,False,21.21,9.09,50.8
Math,41,1,200,3,3,0,0.0,False,False,NOT_DETECTED,,False,94.59,73.91,51.3
Math,42,1,200,3,3,0,0.0,False,True,NOT_DETECTED,,False,92.43,91.13,60.3
Math,43,1,200,3,3,0,0.0,False,False,NOT_DETECTED,,False,90.1,55.17,59.3
Math,44,1,200,3,2,0,0.0,False,True,NOT_DETECTED,,False,30.33,6.52,491.4
Math,45,1,200,3,3,3,1.0,True,True,DETECTED,ASSERTION,True,49.33,30.56,294.9
Math,46,1,200,3,3,3,1.0,True,False,DETECTED,ASSERTION,True,99.5,96.99,108.6
Math,47,1,200,3,2,2,1.0,True,False,DETECTED,ASSERTION,True,99.5,95.95,91.4
Math,48,1,200,3,3,0,0.0,False,False,NOT_DETECTED,,False,20.83,0.0,38.9
Math,49,1,200,3,3,2,0.67,True,False,FLAKY,ASSERTION,True,79.34,71.49,63.8
Math,50,1,200,3,3,0,0.0,False,False,NOT_DETECTED,,False,21.13,0.0,40.3
Math,51,1,200,3,3,0,0.0,False,False,NOT_DETECTED,,False,20.0,0.0,43.6
Math,52,1,200,3,3,0,0.0,False,False,NOT_DETECTED,,False,45.84,33.88,69.3
Math,53,1,200,3,2,1,0.5,True,False,FLAKY,ASSERTION,True,97.96,95.76,146.6
Math,54,1,200,3,3,0,0.0,False,True,NOT_DETECTED,,False,42.84,36.52,2063.2
Math,55,1,200,3,3,3,1.0,True,False,DETECTED,ASSERTION,True,94.95,78.0,86.8
Math,56,1,200,3,3,3,1.0,True,False,DETECTED,ASSERTION,True,79.41,75.0,41.2
Math,57,1,200,3,3,0,0.0,False,False,NOT_DETECTED,,False,10.92,0.0,35.9
Math,58,1,200,3,3,0,0.0,False,False,NOT_DETECTED,,False,9.38,3.45,36.9
Math,59,1,200,3,3,3,1.0,True,True,DETECTED,ASSERTION,True,96.64,89.02,43.3
Math,60,1,200,3,3,3,1.0,True,True,DETECTED,ASSERTION,True,99.22,98.15,47.0
Math,61,1,200,3,3,3,1.0,True,True,DETECTED,ASSERTION,True,99.02,94.44,48.1
Math,62,1,200,3,3,0,0.0,False,False,NOT_DETECTED,,False,36.96,18.75,38.4
Math,63,1,200,3,3,1,0.33,True,False,FLAKY,ASSERTION,True,94.03,91.78,170.7
Math,64,1,200,3,3,0,0.0,False,False,NOT_DETECTED,,False,9.86,0.0,51.8
Math,65,1,200,3,3,0,0.0,False,False,NOT_DETECTED,,False,36.96,17.86,45.9
Math,66,1,200,3,3,3,1.0,True,False,DETECTED,ASSERTION,True,20.62,7.14,43.7
Math,67,1,200,3,3,0,0.0,False,False,NOT_DETECTED,,False,30.11,11.76,46.0
Math,68,1,200,3,3,0,0.0,False,False,NOT_DETECTED,,False,8.85,0.0,35.3
Math,69,1,200,3,3,0,0.0,False,False,NOT_DETECTED,,False,59.11,56.67,39.6
Math,70,1,200,3,3,0,0.0,False,False,NOT_DETECTED,,False,30.43,16.67,36.9
Math,71,1,200,3,3,0,0.0,False,False,NOT_DETECTED,,False,18.63,0.0,41.6
Math,72,1,200,3,3,0,0.0,False,False,NOT_DETECTED,,False,6.54,0.0,38.0
Math,73,1,200,3,3,0,0.0,False,False,NOT_DETECTED,,False,6.54,0.0,39.4
Math,74,1,200,3,3,0,0.0,False,False,NOT_DETECTED,,False,25.0,0.0,41.5
Math,75,1,200,3,3,0,0.0,False,False,NOT_DETECTED,,False,84.21,68.75,41.5
Math,76,1,200,3,3,0,0.0,False,False,NOT_DETECTED,,False,0.74,0.0,37.6
Math,77,1,200,3,3,3,1.0,True,False,DETECTED,ASSERTION,True,75.99,70.83,118.9
Math,78,1,200,3,3,0,0.0,False,False,NOT_DETECTED,,False,24.74,3.33,38.2
Math,79,1,200,3,3,3,1.0,True,False,DETECTED,ASSERTION,True,95.04,92.81,165.1
Math,80,1,200,3,3,2,0.67,True,False,FLAKY,ASSERTION,True,51.99,37.44,49.9
Math,81,1,200,3,3,0,0.0,False,False,NOT_DETECTED,,False,51.48,37.6,50.3
Math,82,1,200,3,3,0,0.0,False,False,NOT_DETECTED,,False,60.56,56.48,39.3
Math,83,1,200,3,3,0,0.0,False,True,NOT_DETECTED,,False,94.41,92.2,45.5
Math,84,1,200,3,3,0,0.0,False,False,NOT_DETECTED,,False,21.95,0.0,36.7
Math,85,1,200,3,3,0,0.0,False,False,NOT_DETECTED,,False,14.29,9.09,36.4
Math,86,1,200,3,3,0,0.0,False,False,NOT_DETECTED,,False,0.87,0.0,36.4
Math,87,1,200,3,3,3,1.0,True,True,DETECTED,ASSERTION,True,93.86,89.85,44.7
Math,88,1,200,3,3,0,0.0,False,True,NOT_DETECTED,,False,91.45,87.04,45.9
Math,89,1,200,3,3,3,1.0,True,False,DETECTED,ASSERTION,True,85.32,70.59,40.7
Math,90,1,200,3,3,0,0.0,False,False,NOT_DETECTED,,False,85.05,68.75,40.1
Math,91,1,200,3,3,0,0.0,False,False,NOT_DETECTED,,False,96.3,92.22,41.8
Math,92,1,200,3,3,3,1.0,True,False,DETECTED,ASSERTION,True,94.71,92.94,112.8
Math,93,1,200,3,3,3,1.0,True,False,DETECTED,ASSERTION,True,94.76,91.78,284.4
Math,94,1,200,3,3,2,0.67,True,True,FLAKY,ASSERTION,True,94.62,91.71,338.6
Math,95,1,200,3,3,3,1.0,True,False,DETECTED,ASSERTION,True,96.88,91.67,35.1
Math,96,1,200,3,3,0,0.0,False,False,NOT_DETECTED,,False,97.18,94.12,40.0
Math,97,1,200,3,3,0,0.0,False,False,NOT_DETECTED,,False,0.0,0.0,41.7
Math,98,1,200,3,3,3,1.0,True,False,DETECTED,ASSERTION,True,52.69,51.57,184.5
Math,99,1,200,3,3,1,0.33,True,False,FLAKY,ASSERTION,True,93.26,92.42,120.4
Math,100,1,200,3,3,0,0.0,False,False,NOT_DETECTED,,False,23.29,13.64,46.4
Math,101,1,200,3,3,0,0.0,False,False,NOT_DETECTED,,False,85.65,82.74,45.5
Math,102,1,200,3,3,2,0.67,True,False,FLAKY,ASSERTION,True,68.82,65.58,45.6
Math,103,1,200,3,3,3,1.0,True,False,DETECTED,ASSERTION,True,96.9,92.59,66.9
Math,104,1,200,3,3,3,1.0,True,False,DETECTED,ASSERTION,True,100.0,100.0,76.9
Math,105,1,200,3,3,0,0.0,False,False,NOT_DETECTED,,False,84.51,66.67,40.2
Math,106,1,200,3,3,0,0.0,False,False,NOT_DETECTED,,False,19.05,10.53,32.8
Math,1,2,1000,3,2,2,1.0,True,False,DETECTED,ASSERTION,True,97.42,96.5,378.6
Math,2,2,1000,3,3,3,1.0,True,False,DETECTED,ASSERTION,True,100.0,96.15,40.9
Math,3,2,1000,3,3,3,1.0,True,False,DETECTED,ASSERTION,True,96.68,96.5,73.5
Math,4,2,1000,3,3,3,1.0,True,False,DETECTED,ASSERTION,True,53.03,11.11,49.6
Math,5,2,1000,3,3,3,1.0,True,False,DETECTED,ASSERTION,True,99.26,97.65,126.0
Math,6,2,1000,3,3,3,1.0,True,False,DETECTED,ASSERTION,True,12.27,4.94,70.7
Math,7,2,1000,3,3,0,0.0,False,True,NOT_DETECTED,,False,31.78,8.62,602.3
Math,8,2,1000,3,3,0,0.0,False,False,NOT_DETECTED,,False,17.5,4.17,48.3
Math,9,2,1000,3,3,3,1.0,True,False,DETECTED,ASSERTION,True,91.3,50.0,86.4
Math,10,2,1000,3,0,0,,False,False,RUNTIME_FAIL,,False,,,
Math,11,2,1000,3,3,1,0.33,True,True,FLAKY,ASSERTION,True,81.36,82.14,69.8
Math,12,2,1000,3,3,1,0.33,True,True,FLAKY,ASSERTION,True,82.64,69.05,78.1
Math,13,2,1000,3,3,3,1.0,True,False,DETECTED,ASSERTION,True,40.7,22.73,80.9
Math,14,2,1000,3,3,3,1.0,True,False,DETECTED,ASSERTION,True,33.33,18.75,64.6
Math,15,2,1000,3,3,0,0.0,False,True,NOT_DETECTED,,False,96.54,91.64,96.9
Math,16,2,1000,3,3,0,0.0,False,True,NOT_DETECTED,,False,96.54,91.64,98.3
Math,17,2,1000,3,0,0,,False,False,TIMEOUT_FIXED,,False,,,
Math,18,2,1000,3,3,0,0.0,False,False,NOT_DETECTED,,False,6.08,0.72,64.1
Math,19,2,1000,3,3,0,0.0,False,False,NOT_DETECTED,,False,6.1,0.72,62.4
Math,20,2,1000,3,3,0,0.0,False,False,NOT_DETECTED,,False,6.21,0.74,51.3
Math,21,2,1000,3,3,0,0.0,False,False,NOT_DETECTED,,False,1.82,0.0,30.0
Math,22,2,1000,3,3,3,1.0,True,True,DETECTED,ASSERTION,True,100.0,95.45,65.7
Math,23,2,1000,3,3,0,0.0,False,False,NOT_DETECTED,,False,20.97,8.11,29.2
Math,24,2,1000,3,3,0,0.0,False,False,NOT_DETECTED,,False,21.67,8.11,29.5
Math,25,2,1000,3,3,0,0.0,False,False,NOT_DETECTED,,False,6.25,3.33,30.9
Math,26,2,1000,3,2,2,1.0,True,False,DETECTED,ASSERTION,True,98.35,95.74,217.0
Math,27,2,1000,3,2,2,1.0,True,False,DETECTED,ASSERTION,True,98.35,95.74,382.0
Math,28,2,1000,3,3,0,0.0,False,False,NOT_DETECTED,,False,46.5,30.77,27.0
Math,29,2,1000,3,3,0,0.0,False,False,NOT_DETECTED,,False,72.17,64.35,96.6
Math,30,2,1000,3,3,1,0.33,True,True,FLAKY,ASSERTION,True,100.0,100.0,30.0
Math,31,2,1000,3,0,0,,False,False,NO_PROPERTY,,False,,,
Math,32,2,1000,3,3,3,1.0,True,False,DETECTED,ASSERTION,True,92.01,84.56,26.3
Math,33,2,1000,3,3,0,0.0,False,True,NOT_DETECTED,,False,94.78,93.28,53.9
Math,34,2,1000,3,3,3,1.0,True,False,DETECTED,ASSERTION,True,92.0,86.36,40.4
Math,35,2,1000,3,3,3,1.0,True,False,DETECTED,ASSERTION,True,100.0,100.0,24.1
Math,36,2,1000,3,3,0,0.0,False,False,NOT_DETECTED,,False,96.65,96.88,139.7
Math,37,2,1000,3,2,2,1.0,True,False,DETECTED,ASSERTION,True,99.12,97.65,139.3
Math,38,2,1000,3,3,0,0.0,False,False,NOT_DETECTED,,False,0.58,0.0,36.5
Math,39,2,1000,3,3,0,0.0,False,False,NOT_DETECTED,,False,27.68,0.0,44.1
Math,40,2,1000,3,3,0,0.0,False,False,NOT_DETECTED,,False,21.21,9.09,35.7
Math,41,2,1000,3,3,0,0.0,False,False,NOT_DETECTED,,False,95.5,76.09,42.0
Math,42,2,1000,3,3,0,0.0,False,True,NOT_DETECTED,,False,94.78,93.28,60.5
Math,43,2,1000,3,3,0,0.0,False,False,NOT_DETECTED,,False,90.1,55.17,32.3
Math,44,2,1000,3,3,0,0.0,False,True,NOT_DETECTED,,False,31.15,6.52,440.7
Math,45,2,1000,3,3,3,1.0,True,False,DETECTED,ASSERTION,True,44.67,27.78,317.6
Math,46,2,1000,3,2,2,1.0,True,False,DETECTED,ASSERTION,True,98.5,96.88,108.6
Math,47,2,1000,3,3,3,1.0,True,False,DETECTED,ASSERTION,True,99.5,96.17,144.0
Math,48,2,1000,3,3,0,0.0,False,False,NOT_DETECTED,,False,20.83,0.0,44.7
Math,49,2,1000,3,3,3,1.0,True,False,DETECTED,ASSERTION,True,80.59,76.32,160.6
Math,50,2,1000,3,3,0,0.0,False,False,NOT_DETECTED,,False,21.13,0.0,37.1
Math,51,2,1000,3,3,0,0.0,False,False,NOT_DETECTED,,False,20.0,0.0,31.7
Math,52,2,1000,3,3,0,0.0,False,False,NOT_DETECTED,,False,46.47,36.07,80.0
Math,53,2,1000,3,2,2,1.0,True,False,DETECTED,ASSERTION,True,98.84,97.04,79.0
Math,54,2,1000,3,0,0,,False,False,TIMEOUT_FIXED,,False,,,
Math,55,2,1000,3,3,3,1.0,True,False,DETECTED,ASSERTION,True,99.49,91.33,123.5
Math,56,2,1000,3,3,3,1.0,True,False,DETECTED,ASSERTION,True,79.41,75.0,41.5
Math,57,2,1000,3,3,0,0.0,False,False,NOT_DETECTED,,False,10.92,0.0,27.7
Math,58,2,1000,3,3,0,0.0,False,False,NOT_DETECTED,,False,9.38,3.45,26.6
Math,59,2,1000,3,3,3,1.0,True,True,DETECTED,ASSERTION,True,97.85,91.19,48.8
Math,60,2,1000,3,3,3,1.0,True,True,DETECTED,ASSERTION,True,99.22,98.15,49.3
Math,61,2,1000,3,3,3,1.0,True,True,DETECTED,ASSERTION,True,99.02,97.22,77.6
Math,62,2,1000,3,3,0,0.0,False,False,NOT_DETECTED,,False,36.96,18.75,48.4
Math,63,2,1000,3,3,3,1.0,True,False,DETECTED,ASSERTION,True,95.27,93.4,209.2
Math,64,2,1000,3,3,0,0.0,False,False,NOT_DETECTED,,False,9.86,0.0,42.3
Math,65,2,1000,3,3,0,0.0,False,False,NOT_DETECTED,,False,36.96,17.86,43.9
Math,66,2,1000,3,3,3,1.0,True,False,DETECTED,ASSERTION,True,20.62,7.14,37.5
Math,67,2,1000,3,3,0,0.0,False,False,NOT_DETECTED,,False,30.11,11.76,56.7
Math,68,2,1000,3,3,0,0.0,False,False,NOT_DETECTED,,False,8.85,0.0,39.5
Math,69,2,1000,3,3,0,0.0,False,False,NOT_DETECTED,,False,68.89,68.89,47.4
Math,70,2,1000,3,3,0,0.0,False,False,NOT_DETECTED,,False,30.43,16.67,43.6
Math,71,2,1000,3,3,0,0.0,False,False,NOT_DETECTED,,False,18.63,0.0,42.2
Math,72,2,1000,3,3,0,0.0,False,False,NOT_DETECTED,,False,6.54,0.0,35.0
Math,73,2,1000,3,3,0,0.0,False,False,NOT_DETECTED,,False,6.54,0.0,35.5
Math,74,2,1000,3,3,0,0.0,False,False,NOT_DETECTED,,False,25.0,0.0,38.0
Math,75,2,1000,3,3,0,0.0,False,False,NOT_DETECTED,,False,84.21,68.75,48.2
Math,76,2,1000,3,3,0,0.0,False,False,NOT_DETECTED,,False,0.74,0.0,38.4
Math,77,2,1000,3,3,3,1.0,True,False,DETECTED,ASSERTION,True,76.75,73.21,466.5
Math,78,2,1000,3,3,0,0.0,False,False,NOT_DETECTED,,False,24.74,3.33,45.7
Math,79,2,1000,3,3,3,1.0,True,False,DETECTED,ASSERTION,True,96.64,94.56,199.5
Math,80,2,1000,3,3,3,1.0,True,False,DETECTED,ASSERTION,True,62.37,48.39,50.8
Math,81,2,1000,3,3,0,0.0,False,False,NOT_DETECTED,,False,62.76,48.39,52.6
Math,82,2,1000,3,3,0,0.0,False,False,NOT_DETECTED,,False,73.89,71.3,44.3
Math,83,2,1000,3,3,0,0.0,False,True,NOT_DETECTED,,False,95.27,93.62,56.9
Math,84,2,1000,3,3,0,0.0,False,False,NOT_DETECTED,,False,21.95,0.0,26.3
Math,85,2,1000,3,3,0,0.0,False,False,NOT_DETECTED,,False,14.29,9.09,30.7
Math,86,2,1000,3,3,0,0.0,False,False,NOT_DETECTED,,False,0.87,0.0,29.6
Math,87,2,1000,3,3,3,1.0,True,True,DETECTED,ASSERTION,True,94.96,93.12,46.5
Math,88,2,1000,3,3,0,0.0,False,True,NOT_DETECTED,,False,94.52,91.11,52.3
Math,89,2,1000,3,3,3,1.0,True,False,DETECTED,ASSERTION,True,85.32,70.59,38.5
Math,90,2,1000,3,3,0,0.0,False,False,NOT_DETECTED,,False,85.05,68.75,40.4
Math,91,2,1000,3,3,1,0.33,True,False,FLAKY,ASSERTION,True,98.77,96.3,43.9
Math,92,2,1000,3,3,3,1.0,True,False,DETECTED,ASSERTION,True,96.38,94.77,151.0
Math,93,2,1000,3,3,3,1.0,True,False,DETECTED,ASSERTION,True,96.22,93.57,409.5
Math,94,2,1000,3,3,3,1.0,True,False,DETECTED,ASSERTION,True,96.11,93.4,449.2
Math,95,2,1000,3,3,3,1.0,True,False,DETECTED,ASSERTION,True,98.96,97.22,39.7
Math,96,2,1000,3,3,0,0.0,False,False,NOT_DETECTED,,False,97.89,95.1,51.3
Math,97,2,1000,3,3,0,0.0,False,False,NOT_DETECTED,,False,0.0,0.0,30.6
Math,98,2,1000,3,1,1,1.0,True,True,DETECTED,ASSERTION,True,84.53,83.94,1362.3
Math,99,2,1000,3,3,3,1.0,True,False,DETECTED,ASSERTION,True,95.35,94.58,138.7
Math,100,2,1000,3,3,0,0.0,False,False,NOT_DETECTED,,False,23.29,13.64,43.0
Math,101,2,1000,3,3,3,1.0,True,False,DETECTED,ASSERTION,True,93.29,92.26,48.6
Math,102,2,1000,3,3,3,1.0,True,False,DETECTED,ASSERTION,True,80.64,74.64,60.2
Math,103,2,1000,3,3,3,1.0,True,False,DETECTED,ASSERTION,True,96.9,92.59,71.5
Math,104,2,1000,3,3,3,1.0,True,False,DETECTED,ASSERTION,True,100.0,100.0,87.2
Math,105,2,1000,3,3,0,0.0,False,False,NOT_DETECTED,,False,84.51,66.67,39.4
Math,106,2,1000,3,3,0,0.0,False,False,NOT_DETECTED,,False,19.05,10.53,40.4
Mockito,1,1,200,3,3,0,0.0,False,False,NOT_DETECTED,,False,14.49,5.0,130.1
Mockito,2,1,200,3,3,3,1.0,True,False,DETECTED,ASSERTION,True,92.31,66.67,126.4
Mockito,3,1,200,3,3,0,0.0,False,False,NOT_DETECTED,,False,14.29,5.36,128.9
Mockito,4,1,200,3,3,0,0.0,False,False,NOT_DETECTED,,False,50.94,25.0,134.1
Mockito,5,1,200,3,3,0,0.0,False,False,NOT_DETECTED,,False,50.0,41.67,129.4
Mockito,6,1,200,3,3,0,0.0,False,False,NOT_DETECTED,,False,98.18,,133.3
Mockito,7,1,200,3,3,0,0.0,False,False,NOT_DETECTED,,False,0.0,0.0,127.4
Mockito,8,1,200,3,3,0,0.0,False,False,NOT_DETECTED,,False,0.0,0.0,127.7
Mockito,9,1,200,3,3,0,0.0,False,False,NOT_DETECTED,,False,25.0,0.0,123.6
Mockito,10,1,200,3,3,0,0.0,False,False,NOT_DETECTED,,False,4.65,0.0,126.6
Mockito,11,1,200,3,0,0,,False,False,NO_PROPERTY,,False,,,
Mockito,12,1,200,3,0,0,,False,False,NO_PROPERTY,,False,,,
Mockito,13,1,200,3,3,0,0.0,False,False,NOT_DETECTED,,False,41.46,12.5,50.7
Mockito,14,1,200,3,3,0,0.0,False,True,NOT_DETECTED,,False,50.15,56.48,55.8
Mockito,15,1,200,3,0,0,,False,False,NO_PROPERTY,,False,,,
Mockito,16,1,200,3,3,3,1.0,True,True,DETECTED,ASSERTION,True,67.95,85.71,58.0
Mockito,17,1,200,3,3,0,0.0,False,True,NOT_DETECTED,,False,71.88,62.5,52.3
Mockito,18,1,200,3,3,0,0.0,False,False,NOT_DETECTED,,False,47.83,45.0,121.9
Mockito,19,1,200,3,0,0,,False,False,NO_PROPERTY,,False,,,
Mockito,20,1,200,3,3,0,0.0,False,False,NOT_DETECTED,,False,29.27,20.0,118.5
Mockito,21,1,200,3,3,0,0.0,False,False,NOT_DETECTED,,False,100.0,100.0,119.2
Mockito,22,1,200,3,3,0,0.0,False,False,NOT_DETECTED,,False,51.11,37.18,84.2
Mockito,23,1,200,3,3,0,0.0,False,False,NOT_DETECTED,,False,4.88,0.0,83.9
Mockito,24,1,200,3,3,0,0.0,False,False,NOT_DETECTED,,False,47.73,44.74,79.7
Mockito,25,1,200,3,3,0,0.0,False,False,NOT_DETECTED,,False,9.38,0.0,55.3
Mockito,26,1,200,3,3,0,0.0,False,False,NOT_DETECTED,,False,97.22,100.0,55.3
Mockito,27,1,200,3,3,0,0.0,False,True,NOT_DETECTED,,False,68.29,50.0,47.4
Mockito,28,1,200,3,3,0,0.0,False,False,NOT_DETECTED,,False,19.35,10.0,42.8
Mockito,29,1,200,3,3,3,1.0,True,False,DETECTED,ASSERTION,True,93.33,83.33,40.4
Mockito,30,1,200,3,3,0,0.0,False,False,NOT_DETECTED,,False,54.95,35.71,45.0
Mockito,31,1,200,3,3,0,0.0,False,False,NOT_DETECTED,,False,10.53,0.0,35.7
Mockito,32,1,200,3,3,0,0.0,False,False,NOT_DETECTED,,False,20.0,25.0,35.7
Mockito,33,1,200,3,3,0,0.0,False,False,NOT_DETECTED,,False,18.87,8.73,38.8
Mockito,34,1,200,3,3,0,0.0,False,False,NOT_DETECTED,,False,18.42,6.67,39.0
Mockito,35,1,200,3,3,3,1.0,True,False,DETECTED,ASSERTION,True,98.04,,38.8
Mockito,36,1,200,3,3,0,0.0,False,False,NOT_DETECTED,,False,5.56,0.0,40.7
Mockito,37,1,200,3,3,0,0.0,False,False,NOT_DETECTED,,False,21.88,13.33,29.8
Mockito,38,1,200,3,3,0,0.0,False,False,NOT_DETECTED,,False,38.89,21.43,26.8
Mockito,1,2,1000,3,3,0,0.0,False,False,NOT_DETECTED,,False,14.49,5.0,74.3
Mockito,2,2,1000,3,3,3,1.0,True,False,DETECTED,ASSERTION,True,92.31,66.67,62.2
Mockito,3,2,1000,3,3,0,0.0,False,False,NOT_DETECTED,,False,14.29,5.36,74.8
Mockito,4,2,1000,3,3,0,0.0,False,False,NOT_DETECTED,,False,50.94,25.0,87.7
Mockito,5,2,1000,3,3,0,0.0,False,False,NOT_DETECTED,,False,50.0,41.67,66.0
Mockito,6,2,1000,3,3,0,0.0,False,False,NOT_DETECTED,,False,98.18,,72.0
Mockito,7,2,1000,3,3,0,0.0,False,False,NOT_DETECTED,,False,0.0,0.0,60.5
Mockito,8,2,1000,3,3,0,0.0,False,False,NOT_DETECTED,,False,0.0,0.0,60.4
Mockito,9,2,1000,3,3,0,0.0,False,False,NOT_DETECTED,,False,25.0,0.0,60.2
Mockito,10,2,1000,3,3,0,0.0,False,False,NOT_DETECTED,,False,4.65,0.0,63.7
Mockito,11,2,1000,3,0,0,,False,False,NO_PROPERTY,,False,,,
Mockito,12,2,1000,3,0,0,,False,False,NO_PROPERTY,,False,,,
Mockito,13,2,1000,3,3,0,0.0,False,False,NOT_DETECTED,,False,41.46,12.5,39.6
Mockito,14,2,1000,3,3,0,0.0,False,False,NOT_DETECTED,,False,51.4,61.11,50.0
Mockito,15,2,1000,3,0,0,,False,False,NO_PROPERTY,,False,,,
Mockito,16,2,1000,3,3,1,0.33,True,True,FLAKY,ASSERTION,True,66.34,85.71,55.1
Mockito,17,2,1000,3,3,0,0.0,False,True,NOT_DETECTED,,False,71.88,62.5,44.2
Mockito,18,2,1000,3,3,0,0.0,False,False,NOT_DETECTED,,False,47.83,45.0,59.4
Mockito,19,2,1000,3,0,0,,False,False,NO_PROPERTY,,False,,,
Mockito,20,2,1000,3,3,0,0.0,False,False,NOT_DETECTED,,False,29.27,20.0,63.6
Mockito,21,2,1000,3,3,0,0.0,False,False,NOT_DETECTED,,False,100.0,100.0,61.6
Mockito,22,2,1000,3,3,0,0.0,False,False,NOT_DETECTED,,False,53.33,38.46,49.2
Mockito,23,2,1000,3,3,0,0.0,False,False,NOT_DETECTED,,False,4.88,0.0,43.8
Mockito,24,2,1000,3,3,0,0.0,False,False,NOT_DETECTED,,False,47.73,44.74,39.8
Mockito,25,2,1000,3,3,0,0.0,False,False,NOT_DETECTED,,False,9.38,0.0,40.5
Mockito,26,2,1000,3,3,0,0.0,False,False,NOT_DETECTED,,False,97.22,100.0,36.3
Mockito,27,2,1000,3,3,0,0.0,False,True,NOT_DETECTED,,False,68.29,50.0,39.7
Mockito,28,2,1000,3,3,0,0.0,False,False,NOT_DETECTED,,False,19.35,10.0,34.3
Mockito,29,2,1000,3,3,3,1.0,True,False,DETECTED,ASSERTION,True,93.33,87.5,33.4
Mockito,30,2,1000,3,3,0,0.0,False,False,NOT_DETECTED,,False,54.95,35.71,51.6
Mockito,31,2,1000,3,3,0,0.0,False,False,NOT_DETECTED,,False,10.53,0.0,30.3
Mockito,32,2,1000,3,3,0,0.0,False,False,NOT_DETECTED,,False,20.0,25.0,32.3
Mockito,33,2,1000,3,3,0,0.0,False,False,NOT_DETECTED,,False,18.87,9.52,48.5
Mockito,34,2,1000,3,3,0,0.0,False,False,NOT_DETECTED,,False,18.42,6.67,43.9
Mockito,35,2,1000,3,3,3,1.0,True,False,DETECTED,ASSERTION,True,98.04,,43.1
Mockito,36,2,1000,3,3,0,0.0,False,False,NOT_DETECTED,,False,5.56,0.0,50.6
Mockito,37,2,1000,3,3,0,0.0,False,False,NOT_DETECTED,,False,21.88,13.33,28.4
Mockito,38,2,1000,3,3,0,0.0,False,False,NOT_DETECTED,,False,38.89,21.43,27.3
Time,1,1,200,3,3,3,1.0,True,False,DETECTED,ASSERTION,True,80.7,69.94,314.2
Time,2,1,200,3,3,3,1.0,True,False,DETECTED,ASSERTION,True,81.78,71.47,303.8
Time,3,1,200,3,3,0,0.0,False,True,NOT_DETECTED,,False,66.4,41.8,313.9
Time,4,1,200,3,3,3,1.0,True,False,DETECTED,ASSERTION,True,81.56,73.9,186.0
Time,5,1,200,3,3,3,1.0,True,False,DETECTED,ASSERTION,True,84.84,73.44,324.8
Time,6,1,200,3,3,1,0.33,True,False,FLAKY,ASSERTION,True,52.42,29.3,299.6
Time,7,1,200,3,3,0,0.0,False,False,NOT_DETECTED,,False,34.13,22.73,290.5
Time,8,1,200,3,3,3,1.0,True,False,DETECTED,ASSERTION,True,75.35,63.01,292.9
Time,9,1,200,3,3,3,1.0,True,False,DETECTED,ASSERTION,True,75.21,62.17,308.5
Time,10,1,200,3,3,0,0.0,False,False,NOT_DETECTED,,False,61.43,43.48,276.2
Time,11,1,200,3,3,0,0.0,False,False,NOT_DETECTED,,False,11.93,9.84,268.3
Time,12,1,200,3,3,0,0.0,False,True,NOT_DETECTED,,False,80.96,66.94,361.4
Time,13,1,200,3,3,0,0.0,False,False,NOT_DETECTED,,False,23.89,10.04,296.8
Time,14,1,200,3,3,0,0.0,False,False,NOT_DETECTED,,False,0.0,0.0,287.6
Time,15,1,200,3,3,0,0.0,False,False,NOT_DETECTED,,False,92.44,86.57,283.6
Time,16,1,200,3,3,0,0.0,False,False,NOT_DETECTED,,False,34.13,22.73,304.4
Time,17,1,200,3,3,0,0.0,False,False,NOT_DETECTED,,False,75.07,60.39,171.0
Time,18,1,200,3,3,0,0.0,False,False,NOT_DETECTED,,False,54.32,30.59,305.1
Time,19,1,200,3,3,0,0.0,False,False,NOT_DETECTED,,False,76.97,64.61,309.8
Time,20,1,200,3,3,0,0.0,False,False,NOT_DETECTED,,False,25.88,18.71,154.3
Time,22,1,200,3,3,0,0.0,False,False,NOT_DETECTED,,False,46.02,32.18,123.3
Time,23,1,200,3,3,0,0.0,False,False,NOT_DETECTED,,False,76.97,64.61,108.6
Time,24,1,200,3,3,0,0.0,False,False,NOT_DETECTED,,False,60.69,28.57,98.6
Time,25,1,200,3,3,0,0.0,False,False,NOT_DETECTED,,False,76.79,64.35,96.0
Time,26,1,200,3,3,0,0.0,False,False,NOT_DETECTED,,False,58.41,48.07,95.5
Time,27,1,200,3,3,0,0.0,False,False,NOT_DETECTED,,False,23.99,10.22,84.7
Time,1,2,1000,3,3,3,1.0,True,True,DETECTED,ASSERTION,True,81.47,71.58,61.5
Time,2,2,1000,3,3,3,1.0,True,True,DETECTED,ASSERTION,True,82.56,73.16,60.9
Time,3,2,1000,3,3,0,0.0,False,True,NOT_DETECTED,,False,70.43,43.39,53.7
Time,4,2,1000,3,3,3,1.0,True,True,DETECTED,ASSERTION,True,82.48,76.1,49.8
Time,5,2,1000,3,3,3,1.0,True,False,DETECTED,ASSERTION,True,85.99,73.44,82.6
Time,6,2,1000,3,3,3,1.0,True,False,DETECTED,ASSERTION,True,53.03,30.77,49.8
Time,7,2,1000,3,3,0,0.0,False,False,NOT_DETECTED,,False,34.46,24.24,47.1
Time,8,2,1000,3,3,3,1.0,True,False,DETECTED,ASSERTION,True,76.56,64.11,48.6
Time,9,2,1000,3,3,3,1.0,True,False,DETECTED,ASSERTION,True,76.43,63.29,45.3
Time,10,2,1000,3,3,0,0.0,False,False,NOT_DETECTED,,False,61.43,43.48,43.3
Time,11,2,1000,3,3,0,0.0,False,False,NOT_DETECTED,,False,13.89,11.05,36.9
Time,12,2,1000,3,3,0,0.0,False,True,NOT_DETECTED,,False,81.46,67.62,144.0
Time,13,2,1000,3,3,0,0.0,False,False,NOT_DETECTED,,False,23.89,10.04,39.4
Time,14,2,1000,3,3,0,0.0,False,False,NOT_DETECTED,,False,0.0,0.0,41.9
Time,15,2,1000,3,3,0,0.0,False,False,NOT_DETECTED,,False,93.33,87.5,39.6
Time,16,2,1000,3,3,0,0.0,False,False,NOT_DETECTED,,False,34.46,24.24,46.4
Time,17,2,1000,3,3,0,0.0,False,False,NOT_DETECTED,,False,76.3,61.57,50.1
Time,18,2,1000,3,3,0,0.0,False,False,NOT_DETECTED,,False,54.99,32.28,50.2
Time,19,2,1000,3,3,0,0.0,False,False,NOT_DETECTED,,False,78.23,65.84,50.4
Time,20,2,1000,3,3,0,0.0,False,False,NOT_DETECTED,,False,29.09,22.23,98.4
Time,22,2,1000,3,3,0,0.0,False,False,NOT_DETECTED,,False,46.02,33.33,47.3
Time,23,2,1000,3,3,0,0.0,False,False,NOT_DETECTED,,False,78.23,65.84,46.5
Time,24,2,1000,3,3,0,0.0,False,False,NOT_DETECTED,,False,60.69,28.57,39.7
Time,25,2,1000,3,3,0,0.0,False,False,NOT_DETECTED,,False,78.07,65.61,50.5
Time,26,2,1000,3,3,0,0.0,False,False,NOT_DETECTED,,False,58.93,48.49,51.0
Time,27,2,1000,3,3,0,0.0,False,False,NOT_DETECTED,,False,23.99,10.22,38.4
