tool,project,bug_id,target_class,prompt_has_hint,test_files,compile_status_fixed,compile_status_buggy,tests_run_fixed,tests_failed_fixed,tests_run_buggy,tests_failed_buggy,detecting_tests,fault_detected,line_coverage_percent,branch_coverage_percent,total_time,error_type,error_message
Gemini,Chart,11,org.jfree.chart.util.ShapeUtilities,True,1,COMPILE_FAIL,,,,,,,False,,,8.1,TEST_COMPILE_FAIL," find symbol         Line2D l = ShapeUtilities.createLine(new Rectangle2D.Double(0, 0, 10, 10), RectangleAnchor.TOP_LEFT, RectangleAnchor.BOTTOM_RIGHT);                                  ^   symbol:   method createLine(Double,RectangleAnchor,RectangleAnchor)   location: class ShapeUtilities 3 errors "
Gemini,Chart,13,org.jfree.chart.block.BorderArrangement,True,1,COMPILE_FAIL,,,,,,,False,,,8.3,TEST_COMPILE_FAIL,lse(boolean)   location: class BorderArrangementTest /workspace/Gemini/TestCode/Chart_13b/BorderArrangementTest.java:228: error: clone() has protected access in Object         BorderArrangement ba2 = (BorderArrangement) ba1.clone();                                                        ^ 24 errors 
Gemini,Chart,15,org.jfree.chart.plot.PiePlot,True,1,COMPILE_FAIL,,,,,,,False,,,8.3,TEST_COMPILE_FAIL,"PiePlotTest.java:215: error: incompatible types: ChartRenderingInfo cannot be converted to PlotRenderingInfo         plot.draw(g2, area, null, null, info);                                         ^ Note: Some messages have been simplified; recompile with -Xdiags:verbose to get full output 19 errors "
Gemini,Chart,14,org.jfree.chart.plot.CategoryPlot;org.jfree.chart.plot.XYPlot,True,1,COMPILE_FAIL,,,,,,,False,,,8.5,TEST_COMPILE_FAIL,location: variable plot of type CategoryPlot Note: /workspace/Gemini/TestCode/Chart_14b/CategoryPlotTest.java uses or overrides a deprecated API. Note: Recompile with -Xlint:deprecation for details. Note: Some messages have been simplified; recompile with -Xdiags:verbose to get full output 7 errors 
Gemini,Chart,12,org.jfree.chart.plot.MultiplePiePlot,True,1,COMPILE_FAIL,,,,,,,False,,,8.6,TEST_COMPILE_FAIL,space/Gemini/TestCode/Chart_12b/MultiplePiePlotTest.java:134: error: cannot find symbol         assertTrue(plot1.getDataSet().equals(clone.getDataSet()));                                                   ^   symbol:   method getDataSet()   location: variable clone of type MultiplePiePlot 11 errors 
Gemini,Chart,17,org.jfree.data.time.TimeSeries,True,1,COMPILE_FAIL,,,,,,,False,,,8.0,TEST_COMPILE_FAIL,"pace/Gemini/TestCode/Chart_17b/TimeSeriesTest.java:133: error: incompatible types: long cannot be converted to Date         series.add(new Millisecond(3L), 3.0);                                    ^ Note: Some messages have been simplified; recompile with -Xdiags:verbose to get full output 5 errors "
Gemini,Chart,18,org.jfree.data.DefaultKeyedValues;org.jfree.data.DefaultKeyedValues2D,True,1,COMPILE_FAIL,,,,,,,False,,,8.0,TEST_COMPILE_FAIL,.ASCENDING);                                              ^ /workspace/Gemini/TestCode/Chart_18b/DefaultKeyedValuesTest.java:217: error: package org.jfree.util does not exist         keyedValues.sortByKeys(org.jfree.util.SortOrder.DESCENDING);                                              ^ 4 errors 
Gemini,Chart,16,org.jfree.data.category.DefaultIntervalCategoryDataset,True,1,COMPILE_FAIL,,,,,,,False,,,8.2,TEST_COMPILE_FAIL,"tTest.java:300: error: cannot find symbol         assertFalse(dataset1.equals(""Some String""));         ^   symbol:   method assertFalse(boolean)   location: class DefaultIntervalCategoryDatasetTest Note: Some messages have been simplified; recompile with -Xdiags:verbose to get full output 14 errors "
Gemini,Chart,10,org.jfree.chart.imagemap.StandardToolTipTagFragmentGenerator,True,1,SUCCESS,SUCCESS,4,1,4,1,,False,100.0,,16.4,,
Gemini,Chart,19,org.jfree.chart.plot.CategoryPlot,True,1,COMPILE_FAIL,,,,,,,False,,,8.0,TEST_COMPILE_FAIL,"lotTest.java:204: error: cannot find symbol         plot.setInsets(new RectangleInsets(5, 5, 5, 5));                            ^   symbol:   class RectangleInsets   location: class CategoryPlotTest Note: Some messages have been simplified; recompile with -Xdiags:verbose to get full output 7 errors "
Gemini,Chart,22,org.jfree.data.KeyedObjects2D,True,1,COMPILE_FAIL,,,,,,,False,,,7.6,TEST_COMPILE_FAIL,/workspace/Gemini/TestCode/Chart_22b/KeyedObjects2DTest.java:192: error: cannot find symbol         table.clear();              ^   symbol:   method clear()   location: variable table of type KeyedObjects2D 1 error 
Gemini,Chart,21,org.jfree.data.statistics.DefaultBoxAndWhiskerCategoryDataset,True,1,COMPILE_FAIL,,,,,,,False,,,7.7,TEST_COMPILE_FAIL,aultBoxAndWhiskerCategoryDataset(10);                                                             ^   required: no arguments   found: int   reason: actual and formal argument lists differ in length Note: Some messages have been simplified; recompile with -Xdiags:verbose to get full output 17 errors 
Gemini,Chart,20,org.jfree.chart.plot.ValueMarker,True,1,SUCCESS,SUCCESS,5,1,5,2,org.jfree.chart.plot.ValueMarkerTest#testConstructorsAndGetters,True,95.45,87.5,16.1,,
Gemini,Chart,2,org.jfree.data.general.DatasetUtilities,False,1,COMPILE_FAIL,,,,,,,False,,,8.5,TEST_COMPILE_FAIL,"t(null, int.valueOf(0));                                                     ^ /workspace/Gemini/TestCode/Chart_2b/DatasetUtilitiesTest.java:36: error: ')' expected         DatasetUtilities.createPieDataset(null, int.valueOf(0));                                                            ^ 2 errors "
Gemini,Chart,26,org.jfree.chart.axis.Axis,True,1,COMPILE_FAIL,,,,,,,False,,,9.1,TEST_COMPILE_FAIL," getAxisLabel()   location: variable deserialized of type ConcreteAxis /workspace/Gemini/TestCode/Chart_26b/AxisTest.java:507: error: cannot find symbol                     RectangleEdge.BOTTOM, g2, info);                     ^   symbol:   variable RectangleEdge   location: class AxisTest 22 errors "
Gemini,Chart,24,org.jfree.chart.renderer.GrayPaintScale,True,1,SUCCESS,SUCCESS,12,1,12,3,org.jfree.chart.renderer.GrayPaintScaleTest#testGetPaintBelowLowerBound;org.jfree.chart.renderer.GrayPaintScaleTest#testGetPaintAboveUpperBound,True,100.0,100.0,16.7,,
Gemini,Chart,3,org.jfree.data.time.TimeSeries,False,1,COMPILE_FAIL,,,,,,,False,,,8.9,TEST_COMPILE_FAIL,"mini/TestCode/Chart_3b/TimeSeriesTest.java:235: error: double cannot be dereferenced         assertEquals(30.0, series.getMaxY().doubleValue(), 0.0001);                                            ^ Note: Some messages have been simplified; recompile with -Xdiags:verbose to get full output 11 errors "
Gemini,Chart,23,org.jfree.chart.renderer.category.MinMaxCategoryRenderer,True,1,SUCCESS,SUCCESS,8,2,8,3,org.jfree.chart.renderer.category.MinMaxCategoryRendererTest#testEqualsAndHashCode,True,71.79,58.93,18.0,,
Gemini,Chart,25,org.jfree.chart.renderer.category.StatisticalBarRenderer,True,1,SUCCESS,SUCCESS,9,1,9,2,org.jfree.chart.renderer.category.StatisticalBarRendererTest#testDrawItemNullMeanOrStdDev,True,69.78,41.11,17.9,,
Gemini,Chart,4,org.jfree.chart.plot.XYPlot,False,1,COMPILE_FAIL,,,,,,,False,,,7.6,TEST_COMPILE_FAIL,": error: cannot find symbol         assertEquals(1, plot.resolveRangeAxes(1).size());                             ^   symbol:   method resolveRangeAxes(int)   location: variable plot of type XYPlot Note: Some messages have been simplified; recompile with -Xdiags:verbose to get full output 10 errors "
Gemini,Chart,5,org.jfree.data.xy.XYSeries,False,1,COMPILE_FAIL,,,,,,,False,,,7.4,TEST_COMPILE_FAIL,s.getDataItem(null);                            ^ Note: /workspace/Gemini/TestCode/Chart_5b/XYSeriesTest.java uses or overrides a deprecated API. Note: Recompile with -Xlint:deprecation for details. Note: Some messages have been simplified; recompile with -Xdiags:verbose to get full output 4 errors 
Gemini,Chart,7,org.jfree.data.time.TimePeriodValues,True,1,COMPILE_FAIL,,,,,,,False,,,7.4,TEST_COMPILE_FAIL,"7b/TimePeriodValuesTest.java:111: error: method delete in class TimePeriodValues cannot be applied to given types;         tpv.delete(1); // delete p2 (which was at index 1, max start)            ^   required: int,int   found: int   reason: actual and formal argument lists differ in length 5 errors "
Gemini,Chart,8,org.jfree.data.time.Week,False,1,COMPILE_FAIL,,,,,,,False,,,7.3,TEST_COMPILE_FAIL,"     Week w54 = new Week(2023, 54);         ^   symbol:   class Week   location: class WeekTest /workspace/Gemini/TestCode/Chart_8b/WeekTest.java:98: error: cannot find symbol         Week w54 = new Week(2023, 54);                        ^   symbol:   class Week   location: class WeekTest 37 errors "
Gemini,Chart,9,org.jfree.data.time.TimeSeries,False,1,COMPILE_FAIL,,,,,,,False,,,7.6,TEST_COMPILE_FAIL,toValuesArray();                                     ^   symbol:   method toValuesArray()   location: variable timeSeries of type TimeSeries Note: /workspace/Gemini/TestCode/Chart_9b/TimeSeriesTest.java uses unchecked or unsafe operations. Note: Recompile with -Xlint:unchecked for details. 4 errors 
Gemini,Cli,10,org.apache.commons.cli.Parser,True,1,COMPILE_FAIL,,,,,,,False,,,7.2,TEST_COMPILE_FAIL,""", false, ""req"");                ^   symbol:   method addRequiredOption(String,String,boolean,String)   location: variable options of type Options Note: /workspace/Gemini/TestCode/Cli_10b/ParserTest.java uses unchecked or unsafe operations. Note: Recompile with -Xlint:unchecked for details. 1 error "
Gemini,Cli,11,org.apache.commons.cli.HelpFormatter,True,1,COMPILE_FAIL,,,,,,,False,,,7.3,TEST_COMPILE_FAIL,find symbol         assertNull(formatter.removeLeadingSpaces(null));                             ^   symbol:   method removeLeadingSpaces(<null>)   location: variable formatter of type HelpFormatter Note: Some messages have been simplified; recompile with -Xdiags:verbose to get full output 9 errors 
Gemini,Chart,6,org.jfree.chart.util.ShapeList,True,1,SUCCESS,SUCCESS,6,0,6,0,,False,47.06,43.75,15.1,,
Gemini,Cli,12,org.apache.commons.cli.GnuParser,True,1,COMPILE_FAIL,,,,,,,False,,,7.3,TEST_COMPILE_FAIL,"i_12b/GnuParserTest.java:147: error: incompatible types: boolean cannot be converted to String[]         CommandLine cl = parser.parse(options, true);                                                ^ Note: Some messages have been simplified; recompile with -Xdiags:verbose to get full output 1 error "
Gemini,Cli,13,org.apache.commons.cli2.WriteableCommandLine;org.apache.commons.cli2.commandline.WriteableCommandLineImpl;org.apache.commons.cli2.option.ArgumentImpl,True,1,COMPILE_FAIL,,,,,,,False,,,6.9,TEST_COMPILE_FAIL,/workspace/Gemini/TestCode/Cli_13b/WriteableCommandLineTest.java:82: error: invalid method declaration; return type required         public inturrences(CommandLine commandLine) {                ^ 1 error 
Gemini,Cli,14,org.apache.commons.cli2.option.GroupImpl,True,1,COMPILE_FAIL,,,,,,,False,,,7.2,TEST_COMPILE_FAIL,ing)   location: variable group of type GroupImpl Note: /workspace/Gemini/TestCode/Cli_14b/GroupImplTest.java uses unchecked or unsafe operations. Note: Recompile with -Xlint:unchecked for details. Note: Some messages have been simplified; recompile with -Xdiags:verbose to get full output 21 errors 
Gemini,Cli,15,org.apache.commons.cli2.commandline.WriteableCommandLineImpl,True,1,COMPILE_FAIL,,,,,,,False,,,6.9,TEST_COMPILE_FAIL,                                 ^ Note: /workspace/Gemini/TestCode/Cli_15b/WriteableCommandLineImplTest.java uses unchecked or unsafe operations. Note: Recompile with -Xlint:unchecked for details. Note: Some messages have been simplified; recompile with -Xdiags:verbose to get full output 15 errors 
Gemini,Cli,16,org.apache.commons.cli2.Option;org.apache.commons.cli2.commandline.WriteableCommandLineImpl;org.apache.commons.cli2.option.GroupImpl;org.apache.commons.cli2.option.OptionImpl,True,1,COMPILE_FAIL,,,,,,,False,,,6.8,TEST_COMPILE_FAIL,/workspace/Gemini/TestCode/Cli_16b/OptionTest.java:42: error: invalid method declaration; return type required         public booleanisRequired() {                ^ 1 error 
Gemini,Cli,21,org.apache.commons.cli2.WriteableCommandLine;org.apache.commons.cli2.commandline.WriteableCommandLineImpl;org.apache.commons.cli2.option.GroupImpl,True,1,COMPILE_FAIL,,,,,,,False,,,7.5,TEST_COMPILE_FAIL,/workspace/Gemini/TestCode/Cli_21b/WriteableCommandLineTest.java:56: error: <identifier> expected         public void                     ^ /workspace/Gemini/TestCode/Cli_21b/WriteableCommandLineTest.java:143: error: <identifier> expected         public void                     ^ 2 errors 
Gemini,Cli,17,org.apache.commons.cli.PosixParser,True,1,SUCCESS,SUCCESS,16,2,16,2,,False,79.41,71.43,14.5,,
Gemini,Cli,19,org.apache.commons.cli.PosixParser,True,1,SUCCESS,SUCCESS,19,0,19,0,,False,84.38,76.19,14.2,,
Gemini,Cli,18,org.apache.commons.cli.PosixParser,True,1,SUCCESS,SUCCESS,19,2,19,2,,False,83.08,73.81,14.5,,
Gemini,Cli,20,org.apache.commons.cli.PosixParser,True,1,SUCCESS,SUCCESS,18,5,18,5,,False,86.76,81.25,14.3,,
Gemini,Cli,23,org.apache.commons.cli.HelpFormatter,True,1,COMPILE_FAIL,,,,,,,False,,,7.3,TEST_COMPILE_FAIL,                                             ^ Note: /workspace/Gemini/TestCode/Cli_23b/HelpFormatterTest.java uses unchecked or unsafe operations. Note: Recompile with -Xlint:unchecked for details. Note: Some messages have been simplified; recompile with -Xdiags:verbose to get full output 9 errors 
Gemini,Cli,22,org.apache.commons.cli.PosixParser,True,1,SUCCESS,SUCCESS,21,0,21,1,org.apache.commons.cli.PosixParserTest#testUnrecognizedLongOption,True,89.83,84.09,14.8,,
Gemini,Cli,24,org.apache.commons.cli.HelpFormatter,True,1,COMPILE_FAIL,,,,,,,False,,,7.2,TEST_COMPILE_FAIL,"or: cannot find symbol         String padded = formatter.rpad(""test"", 10);                                  ^   symbol:   method rpad(String,int)   location: variable formatter of type HelpFormatter Note: Some messages have been simplified; recompile with -Xdiags:verbose to get full output 3 errors "
Gemini,Cli,25,org.apache.commons.cli.HelpFormatter,True,1,COMPILE_FAIL,,,,,,,False,,,7.3,TEST_COMPILE_FAIL,ymbol         String result = HelpFormatter.removeLeadingWhitespace(padded);                                      ^   symbol:   method removeLeadingWhitespace(String)   location: class HelpFormatter Note: Some messages have been simplified; recompile with -Xdiags:verbose to get full output 6 errors 
Gemini,Cli,26,org.apache.commons.cli.OptionBuilder,True,1,COMPILE_FAIL,,,,,,,False,,,7.2,TEST_COMPILE_FAIL, optionalArg()   location: variable option of type Option /workspace/Gemini/TestCode/Cli_26b/OptionBuilderTest.java:95: error: cannot find symbol         assertTrue(option.optionalArg());                          ^   symbol:   method optionalArg()   location: variable option of type Option 3 errors 
Gemini,Cli,28,org.apache.commons.cli.Parser,True,1,COMPILE_FAIL,,,,,,,False,,,7.5,TEST_COMPILE_FAIL,   parser.setProperties(props);               ^   symbol:   method setProperties(Properties)   location: variable parser of type ConcreteParser Note: /workspace/Gemini/TestCode/Cli_28b/ParserTest.java uses or overrides a deprecated API. Note: Recompile with -Xlint:deprecation for details. 10 errors 
Gemini,Cli,2,org.apache.commons.cli.PosixParser,False,1,COMPILE_FAIL,,,,,,,False,,,7.9,TEST_COMPILE_FAIL,", e.getOption());                                 ^   symbol:   method getOption()   location: variable e of type UnrecognizedOptionException Note: /workspace/Gemini/TestCode/Cli_2b/PosixParserTest.java uses unchecked or unsafe operations. Note: Recompile with -Xlint:unchecked for details. 2 errors "
Gemini,Cli,30,org.apache.commons.cli.DefaultParser;org.apache.commons.cli.Parser,True,1,COMPILE_FAIL,,,,,,,False,,,7.9,TEST_COMPILE_FAIL,"builder(String)   location: class Option /workspace/Gemini/TestCode/Cli_30b/DefaultParserTest.java:217: error: cannot find symbol         opts.addOption(Option.builder(""req"").required(true).build());                              ^   symbol:   method builder(String)   location: class Option 3 errors "
Gemini,Cli,31,org.apache.commons.cli.HelpFormatter;org.apache.commons.cli.Option;org.apache.commons.cli.OptionBuilder,True,1,COMPILE_FAIL,,,,,,,False,,,7.7,TEST_COMPILE_FAIL,/workspace/Gemini/TestCode/Cli_31b/HelpFormatterTest.java:139: error: cannot find symbol         Comparator<Option> comp = formatter.getOptionComparator();         ^   symbol:   class Comparator   location: class HelpFormatterTest 1 error 
Gemini,Cli,27,org.apache.commons.cli.OptionGroup,True,1,SUCCESS,SUCCESS,8,0,8,0,,False,94.12,91.67,14.4,,
Gemini,Cli,29,org.apache.commons.cli.Util,True,1,SUCCESS,SUCCESS,15,2,15,4,org.apache.commons.cli.UtilTest#testStripLeadingAndTrailingQuotesOnlyLeadingQuote;org.apache.commons.cli.UtilTest#testStripLeadingAndTrailingQuotesSingleQuoteChar;org.apache.commons.cli.UtilTest#testStripLeadingAndTrailingQuotesOnlyTrailingQuote,True,91.67,100.0,15.2,,
Gemini,Cli,32,org.apache.commons.cli.HelpFormatter,True,1,COMPILE_FAIL,,,,,,,False,,,8.3,TEST_COMPILE_FAIL,                                         ^ /workspace/Gemini/TestCode/Cli_32b/HelpFormatterTest.java:202: error: OptionComparator has private access in HelpFormatter         Comparator<Option> comp = new HelpFormatter.OptionComparator();                                                    ^ 5 errors 
Gemini,Cli,33,org.apache.commons.cli.HelpFormatter,True,1,COMPILE_FAIL,,,,,,,False,,,8.6,TEST_COMPILE_FAIL,tion: variable formatter of type HelpFormatter Note: /workspace/Gemini/TestCode/Cli_33b/HelpFormatterTest.java uses unchecked or unsafe operations. Note: Recompile with -Xlint:unchecked for details. Note: Some messages have been simplified; recompile with -Xdiags:verbose to get full output 4 errors 
Gemini,Cli,34,org.apache.commons.cli.Option;org.apache.commons.cli.OptionBuilder,True,1,COMPILE_FAIL,,,,,,,False,,,8.7,TEST_COMPILE_FAIL,mbol         assertTrue(option.hasValues());                          ^   symbol:   method hasValues()   location: variable option of type Option Note: /workspace/Gemini/TestCode/Cli_34b/OptionTest.java uses or overrides a deprecated API. Note: Recompile with -Xlint:deprecation for details. 1 error 
Gemini,Cli,35,org.apache.commons.cli.Options,True,1,COMPILE_FAIL,,,,,,,False,,,8.8,TEST_COMPILE_FAIL, location: variable options of type Options /workspace/Gemini/TestCode/Cli_35b/OptionsTest.java:31: error: cannot find symbol         assertTrue(options.hasOptionGroup(optB));                           ^   symbol:   method hasOptionGroup(Option)   location: variable options of type Options 2 errors 
Gemini,Cli,37,org.apache.commons.cli.DefaultParser,True,1,COMPILE_FAIL,,,,,,,False,,,11.0,TEST_COMPILE_FAIL,"rg()   location: class Builder /workspace/Gemini/TestCode/Cli_37b/DefaultParserTest.java:248: error: cannot find symbol         Option opt = Option.builder(""o"").hasOptionalArg().build();                                         ^   symbol:   method hasOptionalArg()   location: class Builder 2 errors "
Gemini,Cli,36,org.apache.commons.cli.OptionGroup;org.apache.commons.cli.Options,True,1,SUCCESS,SUCCESS,10,6,10,6,,False,32.98,30.56,19.4,,
Gemini,Cli,39,org.apache.commons.cli.TypeHandler,True,1,COMPILE_FAIL,,,,,,,False,,,11.1,TEST_COMPILE_FAIL,"/workspace/Gemini/TestCode/Cli_39b/TypeHandlerTest.java:17: error: incompatible types: Object cannot be converted to String         String result = TypeHandler.createValue(""hello"", String.class);                                                ^ 1 error "
Gemini,Cli,3,org.apache.commons.cli.TypeHandler,False,1,COMPILE_FAIL,,,,,,,False,,,11.2,TEST_COMPILE_FAIL," ^   symbol:   variable TypeHandler   location: class TypeHandlerTest /workspace/Gemini/TestCode/Cli_3b/TypeHandlerTest.java:101: error: cannot find symbol         TypeHandler.convert(Object.class, new Object());         ^   symbol:   variable TypeHandler   location: class TypeHandlerTest 26 errors "
Gemini,Cli,38,org.apache.commons.cli.DefaultParser,True,1,SUCCESS,SUCCESS,22,1,22,1,,False,69.95,51.22,21.3,,
Gemini,Cli,4,org.apache.commons.cli.Parser,False,1,COMPILE_FAIL,,,,,,,False,,,10.7,TEST_COMPILE_FAIL,"variable parser of type Parser /workspace/Gemini/TestCode/Cli_4b/ParserTest.java:107: error: cannot find symbol         assertSame(required, parser.getRequiredOptions());                                    ^   symbol:   method getRequiredOptions()   location: variable parser of type Parser 4 errors "
Gemini,Cli,40,org.apache.commons.cli.TypeHandler,True,1,SUCCESS,SUCCESS,16,3,16,3,,False,53.33,35.0,21.0,,
Gemini,Cli,8,org.apache.commons.cli.HelpFormatter,False,1,COMPILE_FAIL,,,,,,,False,,,10.7,TEST_COMPILE_FAIL, type HelpFormatter /workspace/Gemini/TestCode/Cli_8b/HelpFormatterTest.java:230: error: cannot find symbol         assertNotNull(formatter.getOptionComparator());                                ^   symbol:   method getOptionComparator()   location: variable formatter of type HelpFormatter 9 errors 
Gemini,Closure,100,com.google.javascript.jscomp.CheckGlobalThis,True,1,COMPILE_FAIL,,,,,,,False,,,11.0,TEST_COMPILE_FAIL,/workspace/Gemini/TestCode/Closure_100b/CheckGlobalThisTest.java:40: error: <identifier> expected         compiler.-1 = CheckLevel.OFF;                  ^ 1 error 
Gemini,Cli,9,org.apache.commons.cli.Parser,False,1,COMPILE_FAIL,,,,,,,False,,,11.4,TEST_COMPILE_FAIL,"iable e of type UnrecognizedOptionException /workspace/Gemini/TestCode/Cli_9b/ParserTest.java:119: error: cannot find symbol             assertEquals(opt, e.getOption());                                ^   symbol:   method getOption()   location: variable e of type MissingArgumentException 3 errors "
Gemini,Cli,5,org.apache.commons.cli.Util,False,1,SUCCESS,SUCCESS,2,0,2,0,,False,0.0,0.0,20.8,,
Gemini,Cli,7,org.apache.commons.cli2.builder.PatternBuilder,True,1,SUCCESS,SUCCESS,13,6,13,6,,False,86.76,74.07,20.9,,
Gemini,Closure,101,com.google.javascript.jscomp.CommandLineRunner,True,1,COMPILE_FAIL,,,,,,,False,,,11.2,TEST_COMPILE_FAIL,est.java:53: error: cannot find symbol         assertNotNull(runner.getOptions());                             ^   symbol:   method getOptions()   location: variable runner of type CommandLineRunner Note: Some messages have been simplified; recompile with -Xdiags:verbose to get full output 4 errors 
Gemini,Closure,102,com.google.javascript.jscomp.Normalize,True,1,COMPILE_FAIL,,,,,,,False,,,11.6,TEST_COMPILE_FAIL,": cannot find symbol         Normalize.PropagateConstantAnnotations propagate = new Normalize.PropagateConstantAnnotations(compiler, script);                                                                         ^   symbol:   class PropagateConstantAnnotations   location: class Normalize 8 errors "
Gemini,Closure,103,com.google.javascript.jscomp.ControlFlowAnalysis;com.google.javascript.jscomp.DisambiguateProperties,True,1,COMPILE_FAIL,,,,,,,False,,,13.1,TEST_COMPILE_FAIL,"ind symbol         assertTrue(ControlFlowAnalysis.isStraddling(root, root));                                       ^   symbol:   method isStraddling(Node,Node)   location: class ControlFlowAnalysis Note: Some messages have been simplified; recompile with -Xdiags:verbose to get full output 26 errors "
Gemini,Closure,104,com.google.javascript.rhino.jstype.UnionType,True,1,COMPILE_FAIL,,,,,,,False,,,13.0,TEST_COMPILE_FAIL,pe restricted = unionType.getRestrictedTypeGivenNonNull();                                      ^   symbol:   method getRestrictedTypeGivenNonNull()   location: variable unionType of type UnionType Note: Some messages have been simplified; recompile with -Xdiags:verbose to get full output 12 errors 
Gemini,Closure,106,com.google.javascript.jscomp.GlobalNamespace;com.google.javascript.rhino.JSDocInfoBuilder,True,1,COMPILE_FAIL,,,,,,,False,,,13.2,TEST_COMPILE_FAIL,ini/TestCode/Closure_106b/GlobalNamespaceTest.java:85: error: cannot find symbol         for (GlobalNamespace.Name name : namespace.getNameNames()) {                                                   ^   symbol:   method getNameNames()   location: variable namespace of type GlobalNamespace 6 errors 
Gemini,Closure,108,com.google.javascript.jscomp.ScopedAliases,True,1,COMPILE_FAIL,,,,,,,False,,,21.7,TEST_COMPILE_FAIL,"32: error: ';' expected         CompilerPass scopedAliases = new ScopedAliases(compiler, symbolTable, CompilerOptions.Alias Transformation.valueOf(""WRITE""));                                                                                                                                    ^ 3 errors "
Gemini,Closure,105,com.google.javascript.jscomp.FoldConstants,True,1,SUCCESS,SUCCESS,10,9,10,9,,False,13.38,13.94,32.2,,
Gemini,Closure,10,com.google.javascript.jscomp.NodeUtil,True,1,COMPILE_FAIL,,,,,,,False,,,24.7,TEST_COMPILE_FAIL,   ^   symbol:   method isAssignment(Node)   location: class NodeUtil /workspace/Gemini/TestCode/Closure_10b/NodeUtilTest.java:106: error: cannot find symbol         assertTrue(NodeUtil.isVar(varNode));                            ^   symbol:   method isVar(Node)   location: class NodeUtil 16 errors 
Gemini,Closure,110,com.google.javascript.jscomp.ScopedAliases;com.google.javascript.rhino.Node,True,1,COMPILE_FAIL,,,,,,,False,,,24.1,TEST_COMPILE_FAIL,"Test.java:32: error: ';' expected         ScopedAliases scopedAliases = new ScopedAliases(abstractCompiler, table, CompilerOptions.Alias Transformation.IDENTITY);                                                                                                                               ^ 3 errors "
Gemini,Closure,109,com.google.javascript.jscomp.parsing.JsDocInfoParser,True,1,COMPILE_FAIL,,,,,,,False,,,26.4,TEST_COMPILE_FAIL," /workspace/Gemini/TestCode/Closure_109b/JsDocInfoParserTest.java:499: error: cannot find symbol             return new EvaluatorException(message, sourceName, line, lineSource, lineOffset);                        ^   symbol:   class EvaluatorException   location: class DummyErrorReporter 56 errors "
Gemini,Closure,107,com.google.javascript.jscomp.CommandLineRunner,True,1,SUCCESS,SUCCESS,5,1,5,1,,False,62.27,31.43,41.9,,
Gemini,Closure,111,com.google.javascript.jscomp.type.ClosureReverseAbstractInterpreter,True,1,COMPILE_FAIL,,,,,,,False,,,24.3,TEST_COMPILE_FAIL,AbstractInterpreterTest.java:98: error: cannot find symbol         assertNull(interpreter.getRestrictedFirstChildFlag(callNode));                               ^   symbol:   method getRestrictedFirstChildFlag(Node)   location: variable interpreter of type ClosureReverseAbstractInterpreter 21 errors 
Gemini,Closure,112,com.google.javascript.jscomp.TypeInference,True,1,COMPILE_FAIL,,,,,,,False,,,22.7,TEST_COMPILE_FAIL,ion: class TypeInferenceTest /workspace/Gemini/TestCode/Closure_112b/TypeInferenceTest.java:85: error: cannot find symbol         FlowScope flowScope = FlowScope.createEntryFlowScope(scope);                               ^   symbol:   variable FlowScope   location: class TypeInferenceTest 21 errors 
Gemini,Closure,113,com.google.javascript.jscomp.ProcessClosurePrimitives,True,1,COMPILE_FAIL,,,,,,,False,,,21.4,TEST_COMPILE_FAIL,tivesTest.java:77: error: cannot find symbol         Node script = new Node(Token.SCRIPT);                                ^   symbol:   variable Token   location: class ProcessClosurePrimitivesTest Note: Some messages have been simplified; recompile with -Xdiags:verbose to get full output 10 errors 
Gemini,Closure,114,com.google.javascript.jscomp.NameAnalyzer,True,1,COMPILE_FAIL,,,,,,,False,,,22.1,TEST_COMPILE_FAIL,"ocation: class Node /workspace/Gemini/TestCode/Closure_114b/NameAnalyzerTest.java:56: error: cannot find symbol         Node assignNode = new Node(Token.ASSIGN, nameNode, Node.newNumber(42));                                    ^   symbol:   variable Token   location: class NameAnalyzerTest 5 errors "
Gemini,Closure,115,com.google.javascript.jscomp.FunctionInjector,True,1,COMPILE_FAIL,,,,,,,False,,,21.9,TEST_COMPILE_FAIL,/workspace/Gemini/TestCode/Closure_115b/FunctionInjectorTest.java:43: error: '(' expected     public void testDoesHave కాల్স() {                              ^ 1 error 
Gemini,Closure,116,com.google.javascript.jscomp.FunctionInjector,True,1,COMPILE_FAIL,,,,,,,False,,,21.9,TEST_COMPILE_FAIL," /workspace/Gemini/TestCode/Closure_116b/FunctionInjectorTest.java:91: error: cannot find symbol             injector.canInline(null, null, null, false);                     ^   symbol:   method canInline(<null>,<null>,<null>,boolean)   location: variable injector of type FunctionInjector 19 errors "
Gemini,Closure,117,com.google.javascript.jscomp.TypeValidator,True,1,COMPILE_FAIL,,,,,,,False,,,21.5,TEST_COMPILE_FAIL,"mini/TestCode/Closure_117b/TypeValidatorTest.java:93: error: cannot find symbol         assertTrue(typeValidator.areTypesEquivalent(null, null));                                 ^   symbol:   method areTypesEquivalent(<null>,<null>)   location: variable typeValidator of type TypeValidator 23 errors "
Gemini,Closure,118,com.google.javascript.jscomp.DisambiguateProperties,True,1,COMPILE_FAIL,,,,,,,False,,,20.0,TEST_COMPILE_FAIL,Gemini/TestCode/Closure_118b/DisambiguatePropertiesTest.java:165: error: cannot find symbol                 DisambiguateProperties.forNativeTypes(compilerInstance);                                       ^   symbol:   method forNativeTypes(Compiler)   location: class DisambiguateProperties 24 errors 
Gemini,Closure,119,com.google.javascript.jscomp.GlobalNamespace,True,1,COMPILE_FAIL,,,,,,,False,,,19.7,TEST_COMPILE_FAIL,rations()   location: variable x of type Name /workspace/Gemini/TestCode/Closure_119b/GlobalNamespaceTest.java:176: error: cannot find symbol             Ref ref = x.getDeclarations().get(0);                        ^   symbol:   method getDeclarations()   location: variable x of type Name 59 errors 
Gemini,Closure,11,com.google.javascript.jscomp.TypeCheck,True,1,COMPILE_FAIL,,,,,,,False,,,18.8,TEST_COMPILE_FAIL,"rkspace/Gemini/TestCode/Closure_11b/TypeCheckTest.java:71: error: incompatible types: JSTypeRegistry cannot be converted to ReverseAbstractInterpreter                 typeRegistry,                 ^ Note: Some messages have been simplified; recompile with -Xdiags:verbose to get full output 7 errors "
Gemini,Closure,120,com.google.javascript.jscomp.ReferenceCollectingCallback,True,1,COMPILE_FAIL,,,,,,,False,,,19.0,TEST_COMPILE_FAIL,t.java:82: error: incompatible types: Compiler cannot be converted to CompilerOptions     compiler.setPassConfig(new DefaultPassConfig(compiler));                                                  ^ Note: Some messages have been simplified; recompile with -Xdiags:verbose to get full output 18 errors 
Gemini,Closure,121,com.google.javascript.jscomp.InlineVariables,True,1,COMPILE_FAIL,,,,,,,False,,,18.7,TEST_COMPILE_FAIL,/workspace/Gemini/TestCode/Closure_121b/InlineVariablesTest.java:26: error: cannot find symbol         Node root = Node.newBlock();                         ^   symbol:   method newBlock()   location: class Node 1 error 
Gemini,Closure,122,com.google.javascript.jscomp.parsing.IRFactory,True,1,COMPILE_FAIL,,,,,,,False,,,20.8,TEST_COMPILE_FAIL,_122b/IRFactoryTest.java:92: error: method does not override or implement a method from a supertype         @Override         ^ /workspace/Gemini/TestCode/Closure_122b/IRFactoryTest.java:97: error: method does not override or implement a method from a supertype         @Override         ^ 12 errors 
Gemini,Closure,123,com.google.javascript.jscomp.CodeGenerator,True,1,COMPILE_FAIL,,,,,,,False,,,21.3,TEST_COMPILE_FAIL,"ava:37: error: method jsString in class CodeGenerator cannot be applied to given types;         assertNotNull(CodeGenerator.jsString(""hello\nworld""));                                    ^   required: String,boolean   found: String   reason: actual and formal argument lists differ in length 2 errors "
Gemini,Closure,124,com.google.javascript.jscomp.ExploitAssigns,True,1,COMPILE_FAIL,,,,,,,False,,,22.2,TEST_COMPILE_FAIL,"actual and formal argument lists differ in length /workspace/Gemini/TestCode/Closure_124b/ExploitAssignsTest.java:84: error: cannot find symbol         exploit.process(null, root);                ^   symbol:   method process(<null>,Node)   location: variable exploit of type ExploitAssigns 10 errors "
Gemini,Closure,125,com.google.javascript.jscomp.TypeCheck,True,1,COMPILE_FAIL,,,,,,,False,,,22.2,TEST_COMPILE_FAIL,"87: error: cannot find symbol             tc.exitScope(new NodeTraversal(abstractCompiler, tc));               ^   symbol:   method exitScope(NodeTraversal)   location: variable tc of type TypeCheck Note: Some messages have been simplified; recompile with -Xdiags:verbose to get full output 8 errors "
Gemini,Closure,126,com.google.javascript.jscomp.MinimizeExitPoints,True,1,COMPILE_FAIL,,,,,,,False,,,23.2,TEST_COMPILE_FAIL,"n: class Node /workspace/Gemini/TestCode/Closure_126b/MinimizeExitPointsTest.java:129: error: cannot find symbol         Node finallyBlock = Node.newBlock(new Node(Token.RETURN, Node.newNumber(1)));                                 ^   symbol:   method newBlock(Node)   location: class Node 16 errors "
Gemini,Closure,127,com.google.javascript.jscomp.UnreachableCodeElimination,True,1,COMPILE_FAIL,,,,,,,False,,,22.7,TEST_COMPILE_FAIL,minationTest.java:89: error: cannot find symbol             uce.exitScope(t);                ^   symbol:   method exitScope(NodeTraversal)   location: variable uce of type UnreachableCodeElimination Note: Some messages have been simplified; recompile with -Xdiags:verbose to get full output 2 errors 
Gemini,Closure,128,com.google.javascript.jscomp.CodeGenerator,True,1,COMPILE_FAIL,,,,,,,False,,,21.1,TEST_COMPILE_FAIL,"/workspace/Gemini/TestCode/Closure_128b/CodeGeneratorTest.java:32: error: cannot find symbol         assertEquals(""abc"", CodeGenerator.identifier(""abc""));                                          ^   symbol:   method identifier(String)   location: class CodeGenerator 1 error "
Gemini,Closure,129,com.google.javascript.jscomp.PrepareAst,True,1,COMPILE_FAIL,,,,,,,False,,,21.9,TEST_COMPILE_FAIL,"  location: class PrepareAstTest /workspace/Gemini/TestCode/Closure_129b/PrepareAstTest.java:91: error: cannot find symbol         Assert.assertEquals(Token.FUNCTION, root.getFirstChild().getType());                             ^   symbol:   variable Token   location: class PrepareAstTest 18 errors "
Gemini,Closure,12,com.google.javascript.jscomp.MaybeReachingVariableUse,True,1,COMPILE_FAIL,,,,,,,False,,,19.8,TEST_COMPILE_FAIL,"Graph<Node> /workspace/Gemini/TestCode/Closure_12b/MaybeReachingVariableUseTest.java:113: error: cannot find symbol         for (GraphNode<Node, ControlFlowGraph.Branch> node : cfg.getGraphNodes()) {              ^   symbol:   class GraphNode   location: class MaybeReachingVariableUseTest 23 errors "
Gemini,Closure,130,com.google.javascript.jscomp.CollapseProperties,True,1,COMPILE_FAIL,,,,,,,False,,,20.9,TEST_COMPILE_FAIL,"is not applicable       (argument mismatch; String cannot be converted to Node)     constructor Node.Node(int,Node[]) is not applicable       (argument mismatch; String cannot be converted to Node[]) Note: Some messages have been simplified; recompile with -Xdiags:verbose to get full output 1 error "
Gemini,Closure,131,com.google.javascript.rhino.TokenStream,True,1,COMPILE_FAIL,,,,,,,False,,,20.9,TEST_COMPILE_FAIL,a(char)   location: class TokenStream /workspace/Gemini/TestCode/Closure_131b/TokenStreamTest.java:95: error: cannot find symbol         assertFalse(TokenStream.isIdentifierData('.'));                                ^   symbol:   method isIdentifierData(char)   location: class TokenStream 31 errors 
Gemini,Closure,132,com.google.javascript.jscomp.PeepholeSubstituteAlternateSyntax,True,1,COMPILE_FAIL,,,,,,,False,,,20.9,TEST_COMPILE_FAIL,"re_132b/PeepholeSubstituteAlternateSyntaxTest.java:64: error: cannot find symbol         Node tryNode = new Node(Token.TRY, tryBlock, Node.new_node(Token.BLOCK), finallyBlock);                                                          ^   symbol:   method new_node(int)   location: class Node 1 error "
Gemini,Closure,134,com.google.javascript.jscomp.AmbiguateProperties;com.google.javascript.jscomp.TypedScopeCreator,True,1,COMPILE_FAIL,,,,,,,False,,,12.1,TEST_COMPILE_FAIL,"/Gemini/TestCode/Closure_134b/AmbiguatePropertiesTest.java:53: error: cannot find symbol         Map<String, String> map = ambiguate.getPropertyMap();                                            ^   symbol:   method getPropertyMap()   location: variable ambiguate of type AmbiguateProperties 6 errors "
Gemini,Closure,133,com.google.javascript.jscomp.parsing.JsDocInfoParser,True,1,COMPILE_FAIL,,,,,,,False,,,19.1,TEST_COMPILE_FAIL,/workspace/Gemini/TestCode/Closure_133b/JsDocInfoParserTest.java:5: error: cannot find symbol import com.google.javascript.rhino.ScriptOrFnNode;                                   ^   symbol:   class ScriptOrFnNode   location: package com.google.javascript.rhino 1 error 
Gemini,Closure,135,com.google.javascript.jscomp.DevirtualizePrototypeMethods;com.google.javascript.rhino.jstype.FunctionType,True,1,COMPILE_FAIL,,,,,,,False,,,11.6,TEST_COMPILE_FAIL,"workspace/Gemini/TestCode/Closure_135b/DevirtualizePrototypeMethodsTest.java:90: error: cannot find symbol         root.addChildToBack(new Node(Token.EXPR_RESULT, assign));                                      ^   symbol:   variable Token   location: class DevirtualizePrototypeMethodsTest 31 errors "
Gemini,Closure,136,com.google.javascript.jscomp.MethodCompilerPass;com.google.javascript.jscomp.RenameVars,True,1,COMPILE_FAIL,,,,,,,False,,,11.0,TEST_COMPILE_FAIL,sTest /workspace/Gemini/TestCode/Closure_136b/MethodCompilerPassTest.java:58: error: cannot find symbol         assertNull(pass.getGlobalFunctionDeclarations());                        ^   symbol:   method getGlobalFunctionDeclarations()   location: variable pass of type MethodCompilerPass 7 errors 
Gemini,Closure,137,com.google.javascript.jscomp.MakeDeclaredNamesUnique;com.google.javascript.jscomp.NodeUtil;com.google.javascript.jscomp.Normalize,True,1,COMPILE_FAIL,,,,,,,False,,,10.8,TEST_COMPILE_FAIL,e)   location: variable renamer of type ContextualRenamer /workspace/Gemini/TestCode/Closure_137b/MakeDeclaredNamesUniqueTest.java:74: error: cannot find symbol         renamer.popScope();                ^   symbol:   method popScope()   location: variable renamer of type ContextualRenamer 8 errors 
Gemini,Closure,138,com.google.javascript.jscomp.ClosureReverseAbstractInterpreter;com.google.javascript.jscomp.TypeInference,True,1,COMPILE_FAIL,,,,,,,False,,,11.3,TEST_COMPILE_FAIL,"mbol         FlowScope resultFalse = interpreter.getRestrictedByFalseParameterType(callNode, scope);                                            ^   symbol:   method getRestrictedByFalseParameterType(Node,FlowScope)   location: variable interpreter of type ClosureReverseAbstractInterpreter 32 errors "
Gemini,Closure,139,com.google.javascript.jscomp.Normalize,True,1,COMPILE_FAIL,,,,,,,False,,,10.9,TEST_COMPILE_FAIL,Code/Closure_139b/NormalizeTest.java:52: error: cannot find symbol         Normalize.DuplicateConstCheck dupCheck = new Normalize.DuplicateConstCheck(compiler);                                                               ^   symbol:   class DuplicateConstCheck   location: class Normalize 3 errors 
Gemini,Closure,141,com.google.javascript.jscomp.NodeUtil;com.google.javascript.jscomp.PureFunctionIdentifier,True,1,COMPILE_FAIL,,,,,,,False,,,11.3,TEST_COMPILE_FAIL,xpression(Node)   location: class NodeUtil /workspace/Gemini/TestCode/Closure_141b/NodeUtilTest.java:133: error: cannot find symbol         assertNull(NodeUtil.getRootOfExpression(null));                            ^   symbol:   method getRootOfExpression(<null>)   location: class NodeUtil 2 errors 
Gemini,Closure,142,com.google.javascript.jscomp.CoalesceVariableNames;com.google.javascript.jscomp.parsing.JsDocInfoParser,True,1,COMPILE_FAIL,,,,,,,False,,,11.5,TEST_COMPILE_FAIL,         ^   symbol:   variable Token   location: class CoalesceVariableNamesTest /workspace/Gemini/TestCode/Closure_142b/CoalesceVariableNamesTest.java:98: error: incompatible types: void cannot be converted to Node         Node root = compiler.parse();                                   ^ 3 errors 
Gemini,Closure,13,com.google.javascript.jscomp.PeepholeOptimizationsPass,True,1,COMPILE_FAIL,,,,,,,False,,,17.1,TEST_COMPILE_FAIL,"imizationsPass /workspace/Gemini/TestCode/Closure_13b/PeepholeOptimizationsPassTest.java:105: error: cannot find symbol         Node root = new Node(Token.BLOCK, Node.newNumber(1.0));                              ^   symbol:   variable Token   location: class PeepholeOptimizationsPassTest 12 errors "
Gemini,Closure,143,com.google.javascript.jscomp.AbstractCommandLineRunner;com.google.javascript.jscomp.RemoveConstantExpressions,True,1,COMPILE_FAIL,,,,,,,False,,,12.9,TEST_COMPILE_FAIL,est.java:45: error: method does not override or implement a method from a supertype         @Override         ^ /workspace/Gemini/TestCode/Closure_143b/AbstractCommandLineRunnerTest.java:51: error: method does not override or implement a method from a supertype         @Override         ^ 10 errors 
Gemini,Closure,144,com.google.javascript.jscomp.FunctionTypeBuilder;com.google.javascript.jscomp.TypedScopeCreator;com.google.javascript.rhino.jstype.FunctionBuilder;com.google.javascript.rhino.jstype.FunctionType,True,1,COMPILE_FAIL,,,,,,,False,,,12.9,TEST_COMPILE_FAIL,"type FunctionTypeBuilder /workspace/Gemini/TestCode/Closure_144b/FunctionTypeBuilderTest.java:90: error: cannot find symbol                 .setSourceFileName(""file.js"")                 ^   symbol:   method setSourceFileName(String)   location: variable builder of type FunctionTypeBuilder 20 errors "
Gemini,Closure,145,com.google.javascript.jscomp.CodeGenerator,True,1,COMPILE_FAIL,,,,,,,False,,,13.0,TEST_COMPILE_FAIL,"ator /workspace/Gemini/TestCode/Closure_145b/CodeGeneratorTest.java:31: error: cannot find symbol             boolean isInvalid = CodeGenerator.isIdentifier(""123invalid"");                                              ^   symbol:   method isIdentifier(String)   location: class CodeGenerator 4 errors "
Gemini,Closure,146,com.google.javascript.rhino.jstype.JSType,True,1,COMPILE_FAIL,,,,,,,False,,,12.0,TEST_COMPILE_FAIL, JSType /workspace/Gemini/TestCode/Closure_146b/JSTypeTest.java:171: error: cannot find symbol         JSType.clearCaches();               ^   symbol:   method clearCaches()   location: class JSType Note: Some messages have been simplified; recompile with -Xdiags:verbose to get full output 5 errors 
Gemini,Closure,140,com.google.javascript.jscomp.Compiler,True,1,SUCCESS,SUCCESS,4,0,4,0,,False,32.56,21.31,26.3,,
Gemini,Closure,147,com.google.javascript.jscomp.CheckGlobalThis;com.google.javascript.jscomp.RuntimeTypeCheck,True,1,COMPILE_FAIL,,,,,,,False,,,11.3,TEST_COMPILE_FAIL,Node   reason: actual and formal argument lists differ in length /workspace/Gemini/TestCode/Closure_147b/CheckGlobalThisTest.java:148: error: cannot find symbol             child.setParent(node);                  ^   symbol:   method setParent(Node)   location: variable child of type Node 18 errors 
Gemini,Closure,148,com.google.javascript.jscomp.PeepholeFoldConstants;com.google.javascript.jscomp.SourceMap,True,1,COMPILE_FAIL,,,,,,,False,,,10.8,TEST_COMPILE_FAIL,"   location: variable foldConstants of type PeepholeFoldConstants /workspace/Gemini/TestCode/Closure_148b/PeepholeFoldConstantsTest.java:139: error: cannot find symbol         Node left = Node.newName(""x"");                         ^   symbol:   method newName(String)   location: class Node 2 errors "
Gemini,Closure,149,com.google.javascript.jscomp.AbstractCommandLineRunner;com.google.javascript.jscomp.CommandLineRunner;com.google.javascript.jscomp.Compiler;com.google.javascript.jscomp.CompilerOptions,True,1,COMPILE_FAIL,,,,,,,False,,,11.4,TEST_COMPILE_FAIL,ineRunner /workspace/Gemini/TestCode/Closure_149b/AbstractCommandLineRunnerTest.java:89: error: cannot find symbol         assertNotNull(runner.createDefineFlag());                             ^   symbol:   method createDefineFlag()   location: variable runner of type TestCommandLineRunner 3 errors 
Gemini,Closure,151,com.google.javascript.jscomp.CommandLineRunner,True,1,COMPILE_FAIL,,,,,,,False,,,11.0,TEST_COMPILE_FAIL,/workspace/Gemini/TestCode/Closure_151b/CommandLineRunnerTest.java:19: error: cannot find symbol             runner.shouldRun();                   ^   symbol:   method shouldRun()   location: variable runner of type CommandLineRunner 1 error 
Gemini,Closure,150,com.google.javascript.jscomp.TypedScopeCreator,True,1,COMPILE_FAIL,,,,,,,False,,,11.3,TEST_COMPILE_FAIL,        ^   symbol:   variable PARAM_LIST   location: class Token /workspace/Gemini/TestCode/Closure_150b/TypedScopeCreatorTest.java:71: error: cannot find symbol         keyGet.setType(Token.GETTER_DEF);                             ^   symbol:   variable GETTER_DEF   location: class Token 4 errors 
Gemini,Closure,152,com.google.javascript.rhino.jstype.FunctionType,True,1,COMPILE_FAIL,,,,,,,False,,,11.4,TEST_COMPILE_FAIL,"find symbol         assertEquals(arrowType, fnType.getCallSignature());                                       ^   symbol:   method getCallSignature()   location: variable fnType of type FunctionType Note: Some messages have been simplified; recompile with -Xdiags:verbose to get full output 9 errors "
Gemini,Closure,14,com.google.javascript.jscomp.ControlFlowAnalysis,True,1,COMPILE_FAIL,,,,,,,False,,,16.0,TEST_COMPILE_FAIL,"lysis cannot be applied to given types;         ControlFlowAnalysis cfa = new ControlFlowAnalysis(compiler, true);                                   ^   required: AbstractCompiler,boolean,boolean   found: AbstractCompiler,boolean   reason: actual and formal argument lists differ in length 12 errors "
Gemini,Closure,153,com.google.javascript.jscomp.Normalize;com.google.javascript.jscomp.SyntacticScopeCreator,True,1,COMPILE_FAIL,,,,,,,False,,,13.1,TEST_COMPILE_FAIL, location: variable normalizeStatements of type NormalizeStatements /workspace/Gemini/TestCode/Closure_153b/NormalizeTest.java:43: error: cannot find symbol         Node root = new Node(Token.SCRIPT);                              ^   symbol:   variable Token   location: class NormalizeTest 7 errors 
Gemini,Closure,155,com.google.javascript.jscomp.InlineVariables;com.google.javascript.jscomp.ReferenceCollectingCallback;com.google.javascript.jscomp.Scope,True,1,COMPILE_FAIL,,,,,,,False,,,11.6,TEST_COMPILE_FAIL,                     ^   symbol:   variable Token   location: class InlineVariablesTest /workspace/Gemini/TestCode/Closure_155b/InlineVariablesTest.java:92: error: incompatible types: void cannot be converted to Node         Node root = compiler.parse();                                   ^ 3 errors 
Gemini,Closure,156,com.google.javascript.jscomp.CollapseProperties,True,1,COMPILE_FAIL,,,,,,,False,,,11.8,TEST_COMPILE_FAIL,tion: variable compiler of type Compiler /workspace/Gemini/TestCode/Closure_156b/CollapsePropertiesTest.java:70: error: cannot find symbol         Node emptyRoot = new Node(Token.BLOCK);                                   ^   symbol:   variable Token   location: class CollapsePropertiesTest 7 errors 
Gemini,Closure,157,com.google.javascript.jscomp.CodeGenerator;com.google.javascript.jscomp.parsing.IRFactory;com.google.javascript.jscomp.RenamePrototypes,True,1,COMPILE_FAIL,,,,,,,False,,,11.8,TEST_COMPILE_FAIL,"location: class CodeGenerator /workspace/Gemini/TestCode/Closure_157b/CodeGeneratorTest.java:24: error: cannot find symbol         assertFalse(CodeGenerator.isSimpleName(""foo bar""));                                  ^   symbol:   method isSimpleName(String)   location: class CodeGenerator 11 errors "
Gemini,Closure,158,com.google.javascript.jscomp.AbstractCommandLineRunner;com.google.javascript.jscomp.CommandLineRunner;com.google.javascript.jscomp.DiagnosticGroups,True,1,COMPILE_FAIL,,,,,,,False,,,12.2,TEST_COMPILE_FAIL,"         ^   required: no arguments   found: List<String>   reason: actual and formal argument lists differ in length   where A,B are type-variables:     A extends Compiler declared in class AbstractCommandLineRunner     B extends CompilerOptions declared in class AbstractCommandLineRunner 8 errors "
Gemini,Closure,159,com.google.javascript.jscomp.InlineFunctions,True,1,COMPILE_FAIL,,,,,,,False,,,12.3,TEST_COMPILE_FAIL,od from a supertype             @Override             ^ /workspace/Gemini/TestCode/Closure_159b/InlineFunctionsTest.java:87: error: cannot find symbol         Node root = new Node(Token.BLOCK);                              ^   symbol:   variable Token   location: class InlineFunctionsTest 14 errors 
Gemini,Closure,154,com.google.javascript.jscomp.TypeCheck;com.google.javascript.jscomp.TypeValidator,True,1,SUCCESS,SUCCESS,2,1,2,1,,False,0.0,0.0,25.5,,
Gemini,Closure,160,com.google.javascript.jscomp.Compiler,True,1,COMPILE_FAIL,,,,,,,False,,,16.0,TEST_COMPILE_FAIL,"gs()   location: variable compiler of type Compiler /workspace/Gemini/TestCode/Closure_160b/CompilerTest.java:88: error: getSourceFileByName(String) has private access in Compiler         Assert.assertNull(compiler.getSourceFileByName(""nonexistent.js""));                                   ^ 6 errors "
Gemini,Closure,15,com.google.javascript.jscomp.FlowSensitiveInlineVariables,True,1,COMPILE_FAIL,,,,,,,False,,,19.5,TEST_COMPILE_FAIL,"SensitiveInlineVariablesTest /workspace/Gemini/TestCode/Closure_15b/FlowSensitiveInlineVariablesTest.java:102: error: cannot find symbol         assertEquals(Token.SCRIPT, root.getType());                      ^   symbol:   variable Token   location: class FlowSensitiveInlineVariablesTest 16 errors "
Gemini,Closure,161,com.google.javascript.jscomp.PeepholeFoldConstants,True,1,COMPILE_FAIL,,,,,,,False,,,19.7,TEST_COMPILE_FAIL,"_161b/PeepholeFoldConstantsTest.java:217: error: cannot find symbol         Node not = Node.news(Token.NOT, child);                        ^   symbol:   method news(int,Node)   location: class Node Note: Some messages have been simplified; recompile with -Xdiags:verbose to get full output 18 errors "
Gemini,Closure,162,com.google.javascript.jscomp.Scope;com.google.javascript.jscomp.ScopedAliases,True,1,COMPILE_FAIL,,,,,,,False,,,19.5,TEST_COMPILE_FAIL,"nverted to Scope)     constructor Scope.Scope(Node,AbstractCompiler) is not applicable       (argument mismatch; Scope cannot be converted to AbstractCompiler)     constructor Scope.Scope(Node,ObjectType) is not applicable       (argument mismatch; Scope cannot be converted to ObjectType) 32 errors "
Gemini,Closure,163,com.google.javascript.jscomp.AnalyzePrototypeProperties;com.google.javascript.jscomp.CrossModuleMethodMotion,True,1,COMPILE_FAIL,,,,,,,False,,,19.1,TEST_COMPILE_FAIL,d symbol         Collection<AnalyzePrototypeProperties.NameInfo> nameInfos = analyzer.getNameInfoForTest();                                                                             ^   symbol:   method getNameInfoForTest()   location: variable analyzer of type AnalyzePrototypeProperties 6 errors 
Gemini,Closure,164,com.google.javascript.rhino.jstype.ArrowType,True,1,COMPILE_FAIL,,,,,,,False,,,19.1,TEST_COMPILE_FAIL,Node()   location: variable arrow of type ArrowType /workspace/Gemini/TestCode/Closure_164b/ArrowTypeTest.java:54: error: cannot find symbol         assertNull(arrow.getReturnType());                         ^   symbol:   method getReturnType()   location: variable arrow of type ArrowType 25 errors 
Gemini,Closure,165,com.google.javascript.rhino.jstype.JSTypeRegistry;com.google.javascript.rhino.jstype.ObjectType;com.google.javascript.rhino.jstype.RecordType;com.google.javascript.rhino.jstype.RecordTypeBuilder,True,1,COMPILE_FAIL,,,,,,,False,,,16.0,TEST_COMPILE_FAIL,2: error: cannot find symbol         int id = registry.getLastGenerationId();                          ^   symbol:   method getLastGenerationId()   location: variable registry of type JSTypeRegistry Note: Some messages have been simplified; recompile with -Xdiags:verbose to get full output 5 errors 
Gemini,Closure,166,com.google.javascript.rhino.jstype.PrototypeObjectType,True,1,COMPILE_FAIL,,,,,,,False,,,15.3,TEST_COMPILE_FAIL,"ObjectType cannot be applied to given types;         prototypeObjectType.defineDeclaredProperty(""someProp"", stringType, false, null);                            ^   required: String,JSType,Node   found: String,JSType,boolean,<null>   reason: actual and formal argument lists differ in length 1 error "
Gemini,Closure,167,com.google.javascript.jscomp.type.SemanticReverseAbstractInterpreter;com.google.javascript.rhino.jstype.JSType,True,1,COMPILE_FAIL,,,,,,,False,,,14.9,TEST_COMPILE_FAIL,"/workspace/Gemini/TestCode/Closure_167b/SemanticReverseAbstractInterpreterTest.java:39: error: invalid method declaration; return type required             public voidinferQualifiedName(Node n, JSType type) {}                    ^ 1 error "
Gemini,Closure,168,com.google.javascript.jscomp.TypedScopeCreator,True,1,COMPILE_FAIL,,,,,,,False,,,15.1,TEST_COMPILE_FAIL,workspace/Gemini/TestCode/Closure_168b/TypedScopeCreatorTest.java:57: error: cannot find symbol         CodingConvention convention = new DefaultCodingConvention();                                           ^   symbol:   class DefaultCodingConvention   location: class TypedScopeCreatorTest 3 errors 
Gemini,Closure,169,com.google.javascript.rhino.jstype.ArrowType;com.google.javascript.rhino.jstype.EquivalenceMethod;com.google.javascript.rhino.jstype.FunctionType;com.google.javascript.rhino.jstype.JSType;com.google.javascript.rhino.jstype.RecordType;com.google.javascript.rhino.jstype.UnionType,True,1,COMPILE_FAIL,,,,,,,False,,,15.2,TEST_COMPILE_FAIL,ypeTest.java:78: error: cannot find symbol         assertNotNull(arrow.getReturnType());                            ^   symbol:   method getReturnType()   location: variable arrow of type ArrowType Note: Some messages have been simplified; recompile with -Xdiags:verbose to get full output 34 errors 
Gemini,Closure,16,com.google.javascript.jscomp.ScopedAliases,True,1,COMPILE_FAIL,,,,,,,False,,,15.9,TEST_COMPILE_FAIL,  location: interface AliasTransformationHandler /workspace/Gemini/TestCode/Closure_16b/ScopedAliasesTest.java:59: error: cannot find symbol         Node scriptRoot = new Node(Token.SCRIPT);                                    ^   symbol:   variable Token   location: class ScopedAliasesTest 5 errors 
Gemini,Closure,170,com.google.javascript.jscomp.FlowSensitiveInlineVariables,True,1,COMPILE_FAIL,,,,,,,False,,,16.0,TEST_COMPILE_FAIL,"error: cannot find symbol         Node expr = new Node(Token.EXPR_RESULT, new Node(Token.CALL, Node.newString(""foo""), Node.newString(""i"").cloneTree()));                                                          ^   symbol:   variable Token   location: class FlowSensitiveInlineVariablesTest 21 errors "
Gemini,Closure,171,com.google.javascript.jscomp.TypeInference;com.google.javascript.jscomp.TypedScopeCreator,True,1,COMPILE_FAIL,,,,,,,False,,,15.9,TEST_COMPILE_FAIL,"able MapBasedFlowScope   location: class TypeInferenceTest /workspace/Gemini/TestCode/Closure_171b/TypeInferenceTest.java:80: error: cannot find symbol         FlowScope merged = typeInference.jetMax(first, second);         ^   symbol:   class FlowScope   location: class TypeInferenceTest 20 errors "
Gemini,Closure,172,com.google.javascript.jscomp.TypedScopeCreator,True,1,COMPILE_FAIL,,,,,,,False,,,16.0,TEST_COMPILE_FAIL,"/workspace/Gemini/TestCode/Closure_172b/TypedScopeCreatorTest.java:80: error: cannot find symbol         Var fVar = scope.getVar(""f"");         ^   symbol:   class Var   location: class TypedScopeCreatorTest 1 error "
Gemini,Closure,173,com.google.javascript.jscomp.CodeGenerator;com.google.javascript.jscomp.PeepholeSubstituteAlternateSyntax,True,1,COMPILE_FAIL,,,,,,,False,,,15.9,TEST_COMPILE_FAIL,"est.java:12: error: constructor CodeGenerator in class CodeGenerator cannot be applied to given types;         assertNotNull(new CodeGenerator(null));                       ^   required: CodeConsumer,CompilerOptions   found: <null>   reason: actual and formal argument lists differ in length 1 error "
Gemini,Closure,174,com.google.javascript.jscomp.JsAst;com.google.javascript.jscomp.NodeUtil;com.google.javascript.jscomp.ScopedAliases,True,1,COMPILE_FAIL,,,,,,,False,,,15.5,TEST_COMPILE_FAIL,/workspace/Gemini/TestCode/Closure_174b/JsAstTest.java:71: error: cannot find symbol         jsAst.reorder();              ^   symbol:   method reorder()   location: variable jsAst of type JsAst 1 error 
Gemini,Closure,175,com.google.javascript.jscomp.FunctionInjector,True,1,COMPILE_FAIL,,,,,,,False,,,14.7,TEST_COMPILE_FAIL,"nInjectorTest.java:51: error: cannot find symbol         boolean result = functionInjector.canInline(                                          ^   symbol:   method canInline(Node,<null>,Set<String>,InliningMode,boolean,boolean)   location: variable functionInjector of type FunctionInjector 2 errors "
Gemini,Closure,176,com.google.javascript.jscomp.TypeInference,True,1,COMPILE_FAIL,,,,,,,False,,,14.5,TEST_COMPILE_FAIL,reateLhsScope(Node)   location: class Scope /workspace/Gemini/TestCode/Closure_176b/TypeInferenceTest.java:28: error: cannot find symbol         flowScope = FlowScope.createEntryFlowScope(globalScope);                     ^   symbol:   variable FlowScope   location: class TypeInferenceTest 3 errors 
Gemini,Closure,17,com.google.javascript.jscomp.TypedScopeCreator,True,1,COMPILE_FAIL,,,,,,,False,,,14.4,TEST_COMPILE_FAIL,atorTest.java:72: error: incompatible types: Node cannot be converted to SourceFile         compiler.parse(script); // Mock parsing state if needed or let creator handle AST                        ^ Note: Some messages have been simplified; recompile with -Xdiags:verbose to get full output 3 errors 
Gemini,Closure,18,com.google.javascript.jscomp.Compiler,True,1,COMPILE_FAIL,,,,,,,False,,,15.0,TEST_COMPILE_FAIL,"matter(SourceExcerptProvider) is not applicable       (actual and formal argument lists differ in length)     constructor LightweightMessageFormatter.LightweightMessageFormatter(SourceExcerptProvider,SourceExcerpt) is not applicable       (actual and formal argument lists differ in length) 4 errors "
Gemini,Closure,19,com.google.javascript.jscomp.type.ChainableReverseAbstractInterpreter,True,1,COMPILE_FAIL,,,,,,,False,,,15.0,TEST_COMPILE_FAIL," cannot find symbol         FlowScope restricted = interpreter.restricter(nameNode, scope, type, true);                                           ^   symbol:   method restricter(Node,FlowScope,JSType,boolean)   location: variable interpreter of type TestChainableReverseAbstractInterpreter 22 errors "
Gemini,Closure,20,com.google.javascript.jscomp.PeepholeSubstituteAlternateSyntax,True,1,COMPILE_FAIL,,,,,,,False,,,15.1,TEST_COMPILE_FAIL,"iler of type AbstractCompiler /workspace/Gemini/TestCode/Closure_20b/PeepholeSubstituteAlternateSyntaxTest.java:34: error: cannot find symbol         Node key = Node.newString(Token.GETTER, ""foo"");                                        ^   symbol:   variable GETTER   location: class Token 2 errors "
Gemini,Closure,21,com.google.javascript.jscomp.CheckSideEffects,True,1,COMPILE_FAIL,,,,,,,False,,,15.6,TEST_COMPILE_FAIL,"method newN(int,Node,int,int)   location: class Node /workspace/Gemini/TestCode/Closure_21b/CheckSideEffectsTest.java:108: error: cannot find symbol         Node script = Node.newN(Token.SCRIPT, 0, 0);                           ^   symbol:   method newN(int,int,int)   location: class Node 17 errors "
Gemini,Closure,22,com.google.javascript.jscomp.CheckSideEffects,True,1,COMPILE_FAIL,,,,,,,False,,,15.7,TEST_COMPILE_FAIL,ariable OBJECTlit   location: class Token /workspace/Gemini/TestCode/Closure_22b/CheckSideEffectsTest.java:183: error: cannot find symbol         assertFalse(compiler.getErrors().isEmpty());                                         ^   symbol:   method isEmpty()   location: class JSError[] 14 errors 
Gemini,Closure,23,com.google.javascript.jscomp.PeepholeFoldConstants,True,1,COMPILE_FAIL,,,,,,,False,,,16.8,TEST_COMPILE_FAIL,"ymbol:   method newTrue()   location: class Node /workspace/Gemini/TestCode/Closure_23b/PeepholeFoldConstantsTest.java:223: error: cannot find symbol         Node rshh = new Node(Token.RSHH, left, right);                                   ^   symbol:   variable RSHH   location: class Token 5 errors "
Gemini,Closure,24,com.google.javascript.jscomp.ScopedAliases,True,1,COMPILE_FAIL,,,,,,,False,,,15.3,TEST_COMPILE_FAIL,"dAliasesTest.java:32: error: ';' expected         ScopedAliases scopedAliases = new ScopedAliases(compiler, symbolTable, CompilerOptions.Alias Transformation.REMOVE);                                                                                                                           ^ 3 errors "
Gemini,Closure,25,com.google.javascript.jscomp.TypeInference,True,1,COMPILE_FAIL,,,,,,,False,,,15.6,TEST_COMPILE_FAIL,"ce/Gemini/TestCode/Closure_25b/TypeInferenceTest.java:49: error: cannot find symbol         Scope ofs = syntacticScope.createChildBlockScope(n, null);                                   ^   symbol:   method createChildBlockScope(Node,<null>)   location: variable syntacticScope of type Scope 5 errors "
Gemini,Closure,26,com.google.javascript.jscomp.ProcessCommonJSModules,True,1,COMPILE_FAIL,,,,,,,False,,,15.4,TEST_COMPILE_FAIL,Code/Closure_26b/ProcessCommonJSModulesTest.java:99: error: cannot find symbol         Callback callback = processor.getBrowserifyModulePass();                                      ^   symbol:   method getBrowserifyModulePass()   location: variable processor of type ProcessCommonJSModules 11 errors 
Gemini,Closure,27,com.google.javascript.rhino.IR,True,1,COMPILE_FAIL,,,,,,,False,,,14.8,TEST_COMPILE_FAIL,"Type());                                                            ^ /workspace/Gemini/TestCode/Closure_27b/IRTest.java:208: error: ';' expected         assertEquals(Token.INC, IR.inc(lhs, Token.POST _INC).getType());                                                                       ^ 4 errors "
Gemini,Closure,28,com.google.javascript.jscomp.InlineCostEstimator,True,1,COMPILE_FAIL,,,,,,,False,,,15.2,TEST_COMPILE_FAIL,/workspace/Gemini/TestCode/Closure_28b/InlineCostEstimatorTest.java:38: error: InlineCostEstimator() has private access in InlineCostEstimator         InlineCostEstimator estimator = new InlineCostEstimator();                                         ^ 1 error 
Gemini,Closure,29,com.google.javascript.jscomp.InlineObjectLiterals,True,1,COMPILE_FAIL,,,,,,,False,,,15.4,TEST_COMPILE_FAIL,"ation: class InlineObjectLiteralsTest /workspace/Gemini/TestCode/Closure_29b/InlineObjectLiteralsTest.java:50: error: cannot find symbol         Node varNode = new Node(Token.VAR, name);                                 ^   symbol:   variable Token   location: class InlineObjectLiteralsTest 7 errors "
Gemini,Closure,2,com.google.javascript.jscomp.TypeCheck,False,1,COMPILE_FAIL,,,,,,,False,,,15.4,TEST_COMPILE_FAIL,   ^   symbol:   class TypeCheck   location: class TypeCheckTest /workspace/Gemini/TestCode/Closure_2b/TypeCheckTest.java:17: error: cannot find symbol         TypeCheck checker = new TypeCheck();                                 ^   symbol:   class TypeCheck   location: class TypeCheckTest 5 errors 
Gemini,Closure,30,com.google.javascript.jscomp.FlowSensitiveInlineVariables;com.google.javascript.jscomp.MustBeReachingVariableDef,True,1,COMPILE_FAIL,,,,,,,False,,,15.3,TEST_COMPILE_FAIL,owSensitiveInlineVariablesTest /workspace/Gemini/TestCode/Closure_30b/FlowSensitiveInlineVariablesTest.java:104: error: cannot find symbol         Node root = new Node(Token.BLOCK);                              ^   symbol:   variable Token   location: class FlowSensitiveInlineVariablesTest 8 errors 
Gemini,Closure,31,com.google.javascript.jscomp.Compiler,True,1,COMPILE_FAIL,,,,,,,False,,,15.6,TEST_COMPILE_FAIL, method getReleaseDate()   location: class Compiler /workspace/Gemini/TestCode/Closure_31b/CompilerTest.java:175: error: cannot find symbol         assertNotNull(Compiler.getReleaseVersion());                               ^   symbol:   method getReleaseVersion()   location: class Compiler 9 errors 
Gemini,Closure,32,com.google.javascript.jscomp.parsing.JsDocInfoParser,True,1,COMPILE_FAIL,,,,,,,False,,,15.4,TEST_COMPILE_FAIL,"g)   location: class TokenStream /workspace/Gemini/TestCode/Closure_32b/JsDocInfoParserTest.java:31: error: cannot find symbol         assertFalse(TokenStream.isIdentifier(""123invalid""));                                ^   symbol:   method isIdentifier(String)   location: class TokenStream 3 errors "
Gemini,Closure,33,com.google.javascript.rhino.jstype.PrototypeObjectType,True,1,COMPILE_FAIL,,,,,,,False,,,15.3,TEST_COMPILE_FAIL,/Gemini/TestCode/Closure_33b/PrototypeObjectTypeTest.java:114: error: cannot find symbol         assertFalse(prototypeObjectType.isStructural());                                        ^   symbol:   method isStructural()   location: variable prototypeObjectType of type PrototypeObjectType 11 errors 
Gemini,Closure,35,com.google.javascript.jscomp.TypeInference,True,1,COMPILE_FAIL,,,,,,,False,,,15.4,TEST_COMPILE_FAIL,"e Token   location: class TypeInferenceTest /workspace/Gemini/TestCode/Closure_35b/TypeInferenceTest.java:68: error: cannot find symbol         Node nameNode = new Node(Token.NAME, ""someVar"");                                  ^   symbol:   variable Token   location: class TypeInferenceTest 6 errors "
Gemini,Closure,34,com.google.javascript.jscomp.CodeGenerator;com.google.javascript.jscomp.CodePrinter,True,1,COMPILE_FAIL,,,,,,,False,,,15.7,TEST_COMPILE_FAIL,ntext   location: class CodeGeneratorTest /workspace/Gemini/TestCode/Closure_34b/CodeGeneratorTest.java:66: error: cannot find symbol     CodeContext context = CodeContext.START_OF_EXPRESSION;                           ^   symbol:   variable CodeContext   location: class CodeGeneratorTest 15 errors 
Gemini,Closure,36,com.google.javascript.jscomp.InlineVariables,True,1,COMPILE_FAIL,,,,,,,False,,,15.5,TEST_COMPILE_FAIL,.java:97: error: incompatible types: SourceFile cannot be converted to JSSourceFile         Node root = compiler.parse(input.getSourceFile());                                                       ^ Note: Some messages have been simplified; recompile with -Xdiags:verbose to get full output 2 errors 
Gemini,Closure,37,com.google.javascript.jscomp.NodeTraversal;com.google.javascript.jscomp.parsing.IRFactory,True,1,COMPILE_FAIL,,,,,,,False,,,15.6,TEST_COMPILE_FAIL,"node2);                                 ^   symbol:   method getClosestCommonEnclosingNode(Node,Node)   location: class NodeTraversal Note: /workspace/Gemini/TestCode/Closure_37b/NodeTraversalTest.java uses or overrides a deprecated API. Note: Recompile with -Xlint:deprecation for details. 5 errors "
Gemini,Closure,39,com.google.javascript.rhino.jstype.PrototypeObjectType,True,1,COMPILE_FAIL,,,,,,,False,,,15.5,TEST_COMPILE_FAIL,"ypeTest.java:149: error: cannot find symbol         PrototypeObjectType proto = registry.createPrototypeObjectType(                                             ^   symbol:   method createPrototypeObjectType(String,<null>,<null>,boolean)   location: variable registry of type JSTypeRegistry 18 errors "
Gemini,Closure,3,com.google.javascript.jscomp.FlowSensitiveInlineVariables,False,1,COMPILE_FAIL,,,,,,,False,,,15.5,TEST_COMPILE_FAIL,ion: class FlowSensitiveInlineVariablesTest /workspace/Gemini/TestCode/Closure_3b/FlowSensitiveInlineVariablesTest.java:76: error: cannot find symbol             new Node(Token.EXPR_RESULT)                      ^   symbol:   variable Token   location: class FlowSensitiveInlineVariablesTest 9 errors 
Gemini,Closure,40,com.google.javascript.jscomp.NameAnalyzer,True,1,COMPILE_FAIL,,,,,,,False,,,15.9,TEST_COMPILE_FAIL,"ion: class NameAnalyzerTest /workspace/Gemini/TestCode/Closure_40b/NameAnalyzerTest.java:89: error: cannot find symbol         script.addChildToBack(new Node(Token.EXPR_RESULT, assign));                                        ^   symbol:   variable Token   location: class NameAnalyzerTest 20 errors "
Gemini,Closure,41,com.google.javascript.jscomp.FunctionTypeBuilder,True,1,COMPILE_FAIL,,,,,,,False,,,15.4,TEST_COMPILE_FAIL,"symbol                 .setFunctionName(Node.newString(""chainedFn""), fnNode)                 ^   symbol:   method setFunctionName(Node,Node)   location: variable builder of type FunctionTypeBuilder Note: Some messages have been simplified; recompile with -Xdiags:verbose to get full output 22 errors "
Gemini,Closure,42,com.google.javascript.jscomp.parsing.IRFactory,True,1,COMPILE_FAIL,,,,,,,False,,,15.2,TEST_COMPILE_FAIL,"FactoryTest.java:85: error: method transform in class IRFactory cannot be applied to given types;         IRFactory.transform(null, ""code"", config, null);                  ^   required: AstNode   found: <null>,String,Config,<null>   reason: actual and formal argument lists differ in length 4 errors "
Gemini,Closure,38,com.google.javascript.jscomp.CodeConsumer,True,1,SUCCESS,SUCCESS,8,0,8,0,,False,27.68,39.39,27.4,,
Gemini,Closure,46,com.google.javascript.rhino.jstype.RecordType,True,1,COMPILE_FAIL,,,,,,,False,,,14.4,TEST_COMPILE_FAIL,"le types: Map<String,JSType> cannot be converted to Map<String,RecordProperty>         RecordType record2 = new RecordType(registry, props2);                                                       ^ Note: Some messages have been simplified; recompile with -Xdiags:verbose to get full output 14 errors "
Gemini,Closure,47,com.google.debugging.sourcemap.SourceMapConsumerV3;com.google.javascript.jscomp.SourceMap,True,1,COMPILE_FAIL,,,,,,,False,,,14.5,TEST_COMPILE_FAIL,"rV3 /workspace/Gemini/TestCode/Closure_47b/SourceMapConsumerV3Test.java:180: error: cannot find symbol         assertNotNull(consumer.mappingForLine(1, 3));                               ^   symbol:   method mappingForLine(int,int)   location: variable consumer of type SourceMapConsumerV3 14 errors "
Gemini,Closure,48,com.google.javascript.jscomp.TypedScopeCreator,True,1,COMPILE_FAIL,,,,,,,False,,,14.7,TEST_COMPILE_FAIL,"String cannot be converted to CodingConvention         scopeCreator = new TypedScopeCreator(abstractCompiler, ""myCodingConvention"");                                                                ^ Note: Some messages have been simplified; recompile with -Xdiags:verbose to get full output 25 errors "
Gemini,Closure,43,com.google.javascript.jscomp.TypedScopeCreator,True,1,SUCCESS,SUCCESS,5,5,5,5,,False,13.55,2.72,27.5,,
Gemini,Closure,44,com.google.javascript.jscomp.CodeConsumer,True,1,SUCCESS,SUCCESS,4,0,4,0,,False,3.6,0.0,26.1,,
Gemini,Closure,45,com.google.javascript.jscomp.RemoveUnusedVars,True,1,SUCCESS,SUCCESS,2,2,2,2,,False,0.0,0.0,26.7,,
Gemini,Closure,49,com.google.javascript.jscomp.MakeDeclaredNamesUnique,True,1,COMPILE_FAIL,,,,,,,False,,,14.4,TEST_COMPILE_FAIL,e.getAnnotatedFunctionNamesPass(compiler);                                                     ^   symbol:   method getAnnotatedFunctionNamesPass(Compiler)   location: class MakeDeclaredNamesUnique Note: Some messages have been simplified; recompile with -Xdiags:verbose to get full output 20 errors 
Gemini,Closure,4,com.google.javascript.rhino.jstype.NamedType,False,1,COMPILE_FAIL,,,,,,,False,,,14.4,TEST_COMPILE_FAIL,aClass   location: class NamedTypeTest /workspace/Gemini/TestCode/Closure_4b/NamedTypeTest.java:104: error: cannot find symbol         DefaultJavaClass type2 = new DefaultJavaClass();                                      ^   symbol:   class DefaultJavaClass   location: class NamedTypeTest 32 errors 
Gemini,Closure,50,com.google.javascript.jscomp.PeepholeReplaceKnownMethods,True,1,COMPILE_FAIL,,,,,,,False,,,14.6,TEST_COMPILE_FAIL,"oleReplaceKnownMethodsTest.java:69: error: cannot find symbol         Node arrayLit = Node.newArrayLit(                             ^   symbol:   method newArrayLit(Node,Node)   location: class Node Note: Some messages have been simplified; recompile with -Xdiags:verbose to get full output 6 errors "
Gemini,Closure,52,com.google.javascript.jscomp.CodeGenerator,True,1,COMPILE_FAIL,,,,,,,False,,,14.7,TEST_COMPILE_FAIL,"/Gemini/TestCode/Closure_52b/CodeGeneratorTest.java:50: error: cannot find symbol         boolean isInvalidIdentifier = CodeGenerator.isIdentifier(""invalid-ident"");                                                    ^   symbol:   method isIdentifier(String)   location: class CodeGenerator 13 errors "
Gemini,Closure,53,com.google.javascript.jscomp.InlineObjectLiterals,True,1,COMPILE_FAIL,,,,,,,False,,,15.1,TEST_COMPILE_FAIL,le compiler of type Compiler /workspace/Gemini/TestCode/Closure_53b/InlineObjectLiteralsTest.java:75: error: cannot find symbol             compiler.getPreconditionCheckPass()                     ^   symbol:   method getPreconditionCheckPass()   location: variable compiler of type Compiler 5 errors 
Gemini,Closure,55,com.google.javascript.jscomp.FunctionRewriter,True,1,COMPILE_FAIL,,,,,,,False,,,15.2,TEST_COMPILE_FAIL,"nction(Compiler,int)   location: class FunctionRewriter /workspace/Gemini/TestCode/Closure_55b/FunctionRewriterTest.java:46: error: cannot find symbol         Node root = new Node(Token.BLOCK);                              ^   symbol:   variable Token   location: class FunctionRewriterTest 7 errors "
Gemini,Closure,56,com.google.javascript.jscomp.SourceFile,True,1,COMPILE_FAIL,,,,,,,False,,,15.3,TEST_COMPILE_FAIL,"m cannot be converted to String         SourceFile sourceFile = SourceFile.fromInputStream(""streamFile.js"", is, charset);                                                                             ^ Note: Some messages have been simplified; recompile with -Xdiags:verbose to get full output 1 error "
Gemini,Closure,51,com.google.javascript.jscomp.CodeConsumer,True,1,SUCCESS,SUCCESS,11,1,11,1,,False,30.28,41.67,27.1,,
Gemini,Closure,57,com.google.javascript.jscomp.ClosureCodingConvention,True,1,COMPILE_FAIL,,,,,,,False,,,15.9,TEST_COMPILE_FAIL,      assertNull(convention.describeFunctionName(node));                              ^   symbol:   method describeFunctionName(Node)   location: variable convention of type ClosureCodingConvention Note: Some messages have been simplified; recompile with -Xdiags:verbose to get full output 12 errors 
Gemini,Closure,58,com.google.javascript.jscomp.LiveVariablesAnalysis,True,1,COMPILE_FAIL,,,,,,,False,,,16.6,TEST_COMPILE_FAIL,"iveVariablesAnalysisTest /workspace/Gemini/TestCode/Closure_58b/LiveVariablesAnalysisTest.java:122: error: cannot find symbol         Node func = new Node(Token.FUNCTION, name, lp, body);                              ^   symbol:   variable Token   location: class LiveVariablesAnalysisTest 43 errors "
Gemini,Closure,54,com.google.javascript.jscomp.TypedScopeCreator;com.google.javascript.rhino.jstype.FunctionType,True,1,SUCCESS,SUCCESS,3,1,3,1,,False,12.59,3.82,29.2,,
Gemini,Closure,59,com.google.javascript.jscomp.Compiler,True,1,COMPILE_FAIL,,,,,,,False,,,16.4,TEST_COMPILE_FAIL,"rmal argument lists differ in length)     method Compiler.compile(JSSourceFile[],JSModule[],CompilerOptions) is not applicable       (actual and formal argument lists differ in length)     method Compiler.compile() is not applicable       (actual and formal argument lists differ in length) 2 errors "
Gemini,Closure,5,com.google.javascript.jscomp.InlineObjectLiterals,False,1,COMPILE_FAIL,,,,,,,False,,,16.3,TEST_COMPILE_FAIL,"ation: class InlineObjectLiteralsTest /workspace/Gemini/TestCode/Closure_5b/InlineObjectLiteralsTest.java:71: error: cannot find symbol         Node varNode = new Node(Token.VAR, nameA);                                 ^   symbol:   variable Token   location: class InlineObjectLiteralsTest 7 errors "
Gemini,Closure,60,com.google.javascript.jscomp.NodeUtil,True,1,COMPILE_FAIL,,,,,,,False,,,16.6,TEST_COMPILE_FAIL,"ocation: class Token /workspace/Gemini/TestCode/Closure_60b/NodeUtilTest.java:234: error: cannot find symbol         assertEquals(-1, NodeUtil.getImpureParameterIndex(funcNode));                                  ^   symbol:   method getImpureParameterIndex(Node)   location: class NodeUtil 25 errors "
Gemini,Closure,61,com.google.javascript.jscomp.NodeUtil,True,1,COMPILE_FAIL,,,,,,,False,,,15.9,TEST_COMPILE_FAIL,"is not applicable       (argument mismatch; String cannot be converted to Node)     constructor Node.Node(int,Node[]) is not applicable       (argument mismatch; String cannot be converted to Node[]) Note: Some messages have been simplified; recompile with -Xdiags:verbose to get full output 1 error "
Gemini,Closure,62,com.google.javascript.jscomp.LightweightMessageFormatter,True,1,COMPILE_FAIL,,,,,,,False,,,14.7,TEST_COMPILE_FAIL,"/workspace/Gemini/TestCode/Closure_62b/LightweightMessageFormatterTest.java:27: error: invalid method declaration; return type required       public StringgetSource(String sourceName, int lineNumber) {              ^ 1 error "
Gemini,Closure,65,com.google.javascript.jscomp.CodeGenerator,True,1,COMPILE_FAIL,,,,,,,False,,,11.7,TEST_COMPILE_FAIL,/workspace/Gemini/TestCode/Closure_65b/CodeGeneratorTest.java:8: error: annotation type not applicable to this kind of declaration     @Test     ^ 1 error 
Gemini,Closure,66,com.google.javascript.jscomp.TypeCheck,True,1,COMPILE_FAIL,,,,,,,False,,,11.7,TEST_COMPILE_FAIL,"eCheckTest.java:71: error: getSourceFileByName(String) has private access in Compiler         typeCheck.process(compiler.getSourceFileByName(""testVar""), script);                                   ^ Note: Some messages have been simplified; recompile with -Xdiags:verbose to get full output 11 errors "
Gemini,Closure,67,com.google.javascript.jscomp.AnalyzePrototypeProperties,True,1,COMPILE_FAIL,,,,,,,False,,,11.6,TEST_COMPILE_FAIL,teralDefinitionNodeTraversalCallback(compiler);                                               ^   symbol:   class LiteralDefinitionNodeTraversalCallback   location: class AnalyzePrototypeProperties Note: Some messages have been simplified; recompile with -Xdiags:verbose to get full output 14 errors 
Gemini,Closure,68,com.google.javascript.jscomp.parsing.JsDocInfoParser,True,1,COMPILE_FAIL,,,,,,,False,,,11.5,TEST_COMPILE_FAIL,e         @Override         ^ /workspace/Gemini/TestCode/Closure_68b/JsDocInfoParserTest.java:395: error: method does not override or implement a method from a supertype         @Override         ^ Note: Some messages have been simplified; recompile with -Xdiags:verbose to get full output 46 errors 
Gemini,Closure,69,com.google.javascript.jscomp.TypeCheck,True,1,COMPILE_FAIL,,,,,,,False,,,11.5,TEST_COMPILE_FAIL,ariable Token   location: class TypeCheckTest /workspace/Gemini/TestCode/Closure_69b/TypeCheckTest.java:98: error: cannot find symbol         Scope scope = typeCheck.getScope();                                ^   symbol:   method getScope()   location: variable typeCheck of type TypeCheck 10 errors 
Gemini,Closure,64,com.google.javascript.jscomp.Compiler,True,1,SUCCESS,SUCCESS,3,2,3,2,,False,10.61,3.4,24.9,,
Gemini,Closure,70,com.google.javascript.jscomp.TypedScopeCreator,True,1,COMPILE_FAIL,,,,,,,False,,,11.6,TEST_COMPILE_FAIL,"s not applicable       (argument mismatch; String cannot be converted to Node)     constructor Node.Node(int,Node[]) is not applicable       (argument mismatch; String cannot be converted to Node[]) Note: Some messages have been simplified; recompile with -Xdiags:verbose to get full output 3 errors "
Gemini,Closure,71,com.google.javascript.jscomp.CheckAccessControls,True,1,COMPILE_FAIL,,,,,,,False,,,11.4,TEST_COMPILE_FAIL,"s not applicable       (argument mismatch; String cannot be converted to Node)     constructor Node.Node(int,Node[]) is not applicable       (argument mismatch; String cannot be converted to Node[]) Note: Some messages have been simplified; recompile with -Xdiags:verbose to get full output 5 errors "
Gemini,Closure,6,com.google.javascript.jscomp.TypeValidator,True,1,COMPILE_FAIL,,,,,,,False,,,14.4,TEST_COMPILE_FAIL,e/Closure_6b/TypeValidatorTest.java:111: error: cannot find symbol         JSType voidType = typeRegistry.getNativeType(JSTypeRegistry.DataTypes.VOID_TYPE);                                                                    ^   symbol:   variable DataTypes   location: class JSTypeRegistry 16 errors 
Gemini,Closure,72,com.google.javascript.jscomp.FunctionToBlockMutator;com.google.javascript.jscomp.RenameLabels,True,1,COMPILE_FAIL,,,,,,,False,,,10.3,TEST_COMPILE_FAIL,/workspace/Gemini/TestCode/Closure_72b/FunctionToBlockMutatorTest.java:75: error: '(' expected     public void testMake LabelReferences() {                          ^ 1 error 
Gemini,Closure,73,com.google.javascript.jscomp.CodeGenerator,True,1,COMPILE_FAIL,,,,,,,False,,,10.8,TEST_COMPILE_FAIL,deGeneratorTest /workspace/Gemini/TestCode/Closure_73b/CodeGeneratorTest.java:45: error: cannot find symbol         Node nodeTrue = Node.newNumber(1); // placeholder or actual boolean node if available                         ^   symbol:   variable Node   location: class CodeGeneratorTest 17 errors 
Gemini,Closure,74,com.google.javascript.jscomp.PeepholeFoldConstants,True,1,COMPILE_FAIL,,,,,,,False,,,10.6,TEST_COMPILE_FAIL,pholeFoldConstantsTest.java:20: error: incompatible types: AbstractCompiler cannot be converted to NodeTraversal         foldConstants.beginTraversal(compiler);                                      ^ Note: Some messages have been simplified; recompile with -Xdiags:verbose to get full output 1 error 
Gemini,Closure,75,com.google.javascript.jscomp.NodeUtil,True,1,COMPILE_FAIL,,,,,,,False,,,10.3,TEST_COMPILE_FAIL,ion: class NodeUtil /workspace/Gemini/TestCode/Closure_75b/NodeUtilTest.java:78: error: cannot find symbol         assertTrue(NodeUtil.isImmutableValue(Node.newBoolean(true)));                                                  ^   symbol:   method newBoolean(boolean)   location: class Node 16 errors 
Gemini,Closure,77,com.google.javascript.jscomp.CodeGenerator,True,1,COMPILE_FAIL,,,,,,,False,,,10.3,TEST_COMPILE_FAIL,  location: class CodeGenerator /workspace/Gemini/TestCode/Closure_77b/CodeGeneratorTest.java:51: error: cannot find symbol         assertFalse(CodeGenerator.isJSIdentifier(null));                                  ^   symbol:   method isJSIdentifier(<null>)   location: class CodeGenerator 13 errors 
Gemini,Closure,78,com.google.javascript.jscomp.PeepholeFoldConstants,True,1,COMPILE_FAIL,,,,,,,False,,,11.9,TEST_COMPILE_FAIL,"space/Gemini/TestCode/Closure_78b/PeepholeFoldConstantsTest.java:262: error: cannot find symbol         Node parentOr = new Node(Token.OR, Node.newTrue(), Node.newFalse());                                                                ^   symbol:   method newFalse()   location: class Node 5 errors "
Gemini,Closure,79,com.google.javascript.jscomp.Normalize;com.google.javascript.jscomp.VarCheck,True,1,COMPILE_FAIL,,,,,,,False,,,12.6,TEST_COMPILE_FAIL,gth /workspace/Gemini/TestCode/Closure_79b/NormalizeTest.java:81: error: cannot find symbol         ScopeCreator scopeCreator = Normalize.createScopeCreator(compiler);                                              ^   symbol:   method createScopeCreator(Compiler)   location: class Normalize 6 errors 
Gemini,Closure,80,com.google.javascript.jscomp.NodeUtil,True,1,COMPILE_FAIL,,,,,,,False,,,14.1,TEST_COMPILE_FAIL,240: error: cannot find symbol         assertNotNull(NodeUtil.getBestLValueOwner(assignNode));                               ^   symbol:   method getBestLValueOwner(Node)   location: class NodeUtil Note: Some messages have been simplified; recompile with -Xdiags:verbose to get full output 32 errors 
Gemini,Closure,7,com.google.javascript.jscomp.type.ChainableReverseAbstractInterpreter,True,1,COMPILE_FAIL,,,,,,,False,,,17.4,TEST_COMPILE_FAIL,"erpreter.setScopes(node, scope, scope);                    ^   symbol:   method setScopes(Node,FlowScope,FlowScope)   location: variable interpreter of type DummyChainableReverseAbstractInterpreter Note: Some messages have been simplified; recompile with -Xdiags:verbose to get full output 20 errors "
Gemini,Closure,76,com.google.javascript.jscomp.DeadAssignmentsElimination,True,1,SUCCESS,SUCCESS,4,2,4,2,,False,8.09,0.76,24.8,,
Gemini,Closure,81,com.google.javascript.jscomp.parsing.IRFactory,True,1,COMPILE_FAIL,,,,,,,False,,,14.2,TEST_COMPILE_FAIL,  class FunctionNode   location: class IRFactoryTest /workspace/Gemini/TestCode/Closure_81b/IRFactoryTest.java:66: error: cannot find symbol         FunctionNode fnNode = new FunctionNode();                                   ^   symbol:   class FunctionNode   location: class IRFactoryTest 18 errors 
Gemini,Closure,82,com.google.javascript.rhino.jstype.JSType,True,1,COMPILE_FAIL,,,,,,,False,,,13.0,TEST_COMPILE_FAIL,meterizedType()   location: variable type of type JSType /workspace/Gemini/TestCode/Closure_82b/JSTypeTest.java:50: error: cannot find symbol         assertFalse(type.isReferenceType());                         ^   symbol:   method isReferenceType()   location: variable type of type JSType 7 errors 
Gemini,Closure,84,com.google.javascript.jscomp.parsing.IRFactory,True,1,COMPILE_FAIL,,,,,,,False,,,11.9,TEST_COMPILE_FAIL,"l:   class Parser   location: class IRFactoryTest /workspace/Gemini/TestCode/Closure_84b/IRFactoryTest.java:159: error: cannot find symbol         Parser parser = new Parser(environment, errorReporter);                             ^   symbol:   class Parser   location: class IRFactoryTest 34 errors "
Gemini,Closure,85,com.google.javascript.jscomp.UnreachableCodeElimination,True,1,COMPILE_FAIL,,,,,,,False,,,11.6,TEST_COMPILE_FAIL,"nationTest.java:127: error: cannot find symbol         NodeTraversal t = new NodeTraversal(compiler, elimination.new EliminationPass(cfa));                                                                       ^   symbol:   class EliminationPass   location: class UnreachableCodeElimination 4 errors "
Gemini,Closure,86,com.google.javascript.jscomp.NodeUtil,True,1,COMPILE_FAIL,,,,,,,False,,,12.2,TEST_COMPILE_FAIL,java:218: error: cannot find symbol         boolean localNew = NodeUtil.isLocalValue(callNode);                                    ^   symbol:   method isLocalValue(Node)   location: class NodeUtil Note: Some messages have been simplified; recompile with -Xdiags:verbose to get full output 12 errors 
Gemini,Closure,87,com.google.javascript.jscomp.PeepholeSubstituteAlternateSyntax,True,1,COMPILE_FAIL,,,,,,,False,,,12.3,TEST_COMPILE_FAIL,"de) is not applicable       (argument mismatch; int cannot be converted to Node)     constructor Node.Node(int,Node[]) is not applicable       (argument mismatch; int cannot be converted to Node[]) Note: Some messages have been simplified; recompile with -Xdiags:verbose to get full output 22 errors "
Gemini,Closure,83,com.google.javascript.jscomp.CommandLineRunner,True,1,SUCCESS,SUCCESS,8,0,8,0,,False,76.02,48.65,26.1,,
Gemini,Closure,90,com.google.javascript.jscomp.FunctionTypeBuilder;com.google.javascript.rhino.jstype.FunctionType,True,1,COMPILE_FAIL,,,,,,,False,,,11.3,TEST_COMPILE_FAIL,= builder.withReceiverType(objectType);                                                    ^   symbol:   method withReceiverType(ObjectType)   location: variable builder of type FunctionTypeBuilder Note: Some messages have been simplified; recompile with -Xdiags:verbose to get full output 11 errors 
Gemini,Closure,91,com.google.javascript.jscomp.CheckGlobalThis,True,1,COMPILE_FAIL,,,,,,,False,,,11.2,TEST_COMPILE_FAIL,"error: cannot find symbol         Node func = new Node(Token.FUNCTION, Node.newString(Token.NAME, """"), new Node(Token.PARAM_LIST), funcBody);                                                                                            ^   symbol:   variable PARAM_LIST   location: class Token 3 errors "
Gemini,Closure,8,com.google.javascript.jscomp.CollapseVariableDeclarations,False,1,COMPILE_FAIL,,,,,,,False,,,17.0,TEST_COMPILE_FAIL,"eDeclarationsTest /workspace/Gemini/TestCode/Closure_8b/CollapseVariableDeclarationsTest.java:81: error: cannot find symbol         Node varNode = new Node(Token.VAR, nameNode);                                 ^   symbol:   variable Token   location: class CollapseVariableDeclarationsTest 44 errors "
Gemini,Closure,88,com.google.javascript.jscomp.DeadAssignmentsElimination,True,1,SUCCESS,SUCCESS,4,1,4,1,,False,7.3,0.96,26.2,,
Gemini,Closure,92,com.google.javascript.jscomp.ProcessClosurePrimitives,True,1,COMPILE_FAIL,,,,,,,False,,,11.4,TEST_COMPILE_FAIL,"rocessClosurePrimitivesTest /workspace/Gemini/TestCode/Closure_92b/ProcessClosurePrimitivesTest.java:144: error: cannot find symbol         Node root = new Node(Token.BLOCK, callNode);                              ^   symbol:   variable Token   location: class ProcessClosurePrimitivesTest 24 errors "
Gemini,Closure,94,com.google.javascript.jscomp.NodeUtil,True,1,COMPILE_FAIL,,,,,,,False,,,11.5,TEST_COMPILE_FAIL,            ^   symbol:   method isLoop(Node)   location: class NodeUtil /workspace/Gemini/TestCode/Closure_94b/NodeUtilTest.java:160: error: cannot find symbol         assertTrue(NodeUtil.isLoop(dom));                            ^   symbol:   method isLoop(Node)   location: class NodeUtil 7 errors 
Gemini,Closure,95,com.google.javascript.jscomp.TypedScopeCreator,True,1,COMPILE_FAIL,,,,,,,False,,,11.3,TEST_COMPILE_FAIL,"eatorTest.java:129: error: incompatible types: int cannot be converted to String             Node.newString(Token.GETPROP, Node.newString(Token.THIS, ""this""), ""x""),                                 ^ Note: Some messages have been simplified; recompile with -Xdiags:verbose to get full output 3 errors "
Gemini,Closure,89,com.google.javascript.jscomp.CollapseProperties;com.google.javascript.jscomp.GlobalNamespace,True,1,SUCCESS,SUCCESS,2,1,2,1,,False,10.25,4.59,28.1,,
Gemini,Closure,96,com.google.javascript.jscomp.TypeCheck,True,1,COMPILE_FAIL,,,,,,,False,,,10.8,TEST_COMPILE_FAIL,kTest.java:104: error: cannot find symbol         Scope scope = typeCheck.getScope();                                ^   symbol:   method getScope()   location: variable typeCheck of type TypeCheck Note: Some messages have been simplified; recompile with -Xdiags:verbose to get full output 14 errors 
Gemini,Closure,97,com.google.javascript.jscomp.PeepholeFoldConstants,True,1,COMPILE_FAIL,,,,,,,False,,,10.9,TEST_COMPILE_FAIL,                     ^   symbol:   method newFalse()   location: class Node /workspace/Gemini/TestCode/Closure_97b/PeepholeFoldConstantsTest.java:229: error: cannot find symbol         Node cond = Node.newTrue();                         ^   symbol:   method newTrue()   location: class Node 6 errors 
Gemini,Closure,98,com.google.javascript.jscomp.ReferenceCollectingCallback,True,1,COMPILE_FAIL,,,,,,,False,,,10.7,TEST_COMPILE_FAIL,/workspace/Gemini/TestCode/Closure_98b/ReferenceCollectingCallbackTest.java:28: error: cannot find symbol         assertNotNull(ReferenceCollectingCallback.logger);                                                  ^   symbol:   variable logger   location: class ReferenceCollectingCallback 1 error 
Gemini,Closure,99,com.google.javascript.jscomp.CheckGlobalThis,True,1,COMPILE_FAIL,,,,,,,False,,,10.7,TEST_COMPILE_FAIL,"    ^   symbol:   class JSDocInfo   location: class CheckGlobalThisTest /workspace/Gemini/TestCode/Closure_99b/CheckGlobalThisTest.java:140: error: level has private access in CheckGlobalThis         assertEquals(CheckLevel.ERROR, check.level);                                             ^ 3 errors "
Gemini,Codec,10,org.apache.commons.codec.language.Caverphone,True,1,COMPILE_FAIL,,,,,,,False,,,10.3,TEST_COMPILE_FAIL,"/workspace/Gemini/TestCode/Codec_10b/CaverphoneTest.java:23: error: unreported exception EncoderException; must be caught or declared to be thrown         Object encodedObj = caverphone.encode((Object) ""David"");                                              ^ 1 error "
Gemini,Closure,9,com.google.javascript.jscomp.ProcessCommonJSModules,False,1,COMPILE_FAIL,,,,,,,False,,,15.7,TEST_COMPILE_FAIL,"losure_9b/ProcessCommonJSModulesTest.java:120: error: cannot find symbol         assertEquals(""dir/file"", processor.getModuleId(""dir/file.js""));                                           ^   symbol:   method getModuleId(String)   location: variable processor of type ProcessCommonJSModules 26 errors "
Gemini,Codec,13,org.apache.commons.codec.binary.CharSequenceUtils;org.apache.commons.codec.binary.StringUtils;org.apache.commons.codec.language.DoubleMetaphone,True,1,SUCCESS,COMPILE_FAIL,,,,,,False,,,11.4,TEST_COMPILE_FAIL_BUGGY,"uenceUtilsTest /workspace/Gemini/TestCode/Codec_13b/CharSequenceUtilsTest.java:83: error: cannot find symbol         assertFalse(CharSequenceUtils.regionMatches(cs, false, 0, ""Te"", 0, 3));                     ^   symbol:   variable CharSequenceUtils   location: class CharSequenceUtilsTest 19 errors "
Gemini,Codec,14,org.apache.commons.codec.language.bm.Lang;org.apache.commons.codec.language.bm.PhoneticEngine;org.apache.commons.codec.language.bm.Rule;src.main.resources.org.apache.commons.codec.language.bm.ash_lang.txt;src.main.resources.org.apache.commons.codec.language.bm.gen_lang.txt;src.main.resources.org.apache.commons.codec.language.bm.sep_lang.txt,True,1,COMPILE_FAIL,,,,,,,False,,,9.9,TEST_COMPILE_FAIL," formal argument lists differ in length /workspace/Gemini/TestCode/Codec_14b/LangTest.java:44: error: cannot find symbol         assertTrue(lang.guessLanguages(""smith"").length() > 0);                                                ^   symbol:   method length()   location: class LanguageSet 7 errors "
Gemini,Codec,15,org.apache.commons.codec.language.Soundex,True,1,COMPILE_FAIL,,,,,,,False,,,9.6,TEST_COMPILE_FAIL,"NGLISH_MAPPING_STRING.length(), Soundex.US_ENGLISH_MAPPING.length);                                                                         ^ Note: /workspace/Gemini/TestCode/Codec_15b/SoundexTest.java uses or overrides a deprecated API. Note: Recompile with -Xlint:deprecation for details. 6 errors "
Gemini,Codec,11,org.apache.commons.codec.net.QuotedPrintableCodec,True,1,SUCCESS,SUCCESS,21,5,21,3,,False,80.37,66.22,19.6,,
Gemini,Codec,12,org.apache.commons.codec.binary.BaseNCodecInputStream,True,1,SUCCESS,SUCCESS,10,2,10,2,,False,87.76,75.0,19.4,,
Gemini,Codec,17,org.apache.commons.codec.binary.StringUtils,True,1,COMPILE_FAIL,,,,,,,False,,,9.5,TEST_COMPILE_FAIL,"incompatible types: Charset cannot be converted to String         String str = StringUtils.newString(null, StandardCharsets.UTF_8);                                                                  ^ Note: Some messages have been simplified; recompile with -Xdiags:verbose to get full output 2 errors "
Gemini,Codec,18,org.apache.commons.codec.binary.StringUtils,True,1,COMPILE_FAIL,,,,,,,False,,,9.7,TEST_COMPILE_FAIL,"   (argument mismatch; ByteBuffer cannot be converted to byte[])     method StringUtils.newString(byte[],String) is not applicable       (argument mismatch; ByteBuffer cannot be converted to byte[]) Note: Some messages have been simplified; recompile with -Xdiags:verbose to get full output 4 errors "
Gemini,Codec,2,org.apache.commons.codec.binary.Base64,False,1,COMPILE_FAIL,,,,,,,False,,,9.6,TEST_COMPILE_FAIL,se64 = new Base64();         ^   symbol:   class Base64   location: class Base64Test /workspace/Gemini/TestCode/Codec_2b/Base64Test.java:152: error: cannot find symbol         Base64 base64 = new Base64();                             ^   symbol:   class Base64   location: class Base64Test 49 errors 
Gemini,Codec,3,org.apache.commons.codec.language.DoubleMetaphone,False,1,COMPILE_FAIL,,,,,,,False,,,9.8,TEST_COMPILE_FAIL,"ubleMetaphone /workspace/Gemini/TestCode/Codec_3b/DoubleMetaphoneTest.java:38: error: cannot find symbol         assertFalse(metaphone.isEqual(""Smith"", ""Jones""));                              ^   symbol:   method isEqual(String,String)   location: variable metaphone of type DoubleMetaphone 7 errors "
Gemini,Codec,16,org.apache.commons.codec.binary.Base32,True,1,SUCCESS,SUCCESS,9,0,9,0,,False,67.47,56.0,18.9,,
Gemini,Codec,4,org.apache.commons.codec.binary.Base64,False,1,COMPILE_FAIL,,,,,,,False,,,9.6,TEST_COMPILE_FAIL,Base64 b64 = new Base64();         ^   symbol:   class Base64   location: class Base64Test /workspace/Gemini/TestCode/Codec_4b/Base64Test.java:101: error: cannot find symbol         Base64 b64 = new Base64();                          ^   symbol:   class Base64   location: class Base64Test 23 errors 
Gemini,Codec,5,org.apache.commons.codec.binary.Base64,False,1,COMPILE_FAIL,,,,,,,False,,,9.5,TEST_COMPILE_FAIL,"          ^   symbol:   variable Base64   location: class Base64Test /workspace/Gemini/TestCode/Codec_5b/Base64Test.java:162: error: cannot find symbol         assertNotNull(Base64.encode(""Test"".getBytes()));                       ^   symbol:   variable Base64   location: class Base64Test 45 errors "
Gemini,Codec,7,org.apache.commons.codec.binary.Base64,True,1,COMPILE_FAIL,,,,,,,False,,,8.9,TEST_COMPILE_FAIL,"                                              ^ /workspace/Gemini/TestCode/Codec_7b/Base64Test.java:95: error: ';' expected         Assert.assertArrayEquals(new byte[0], Base 64.decodeBase64("""".getBytes()));                                                                                  ^ 2 errors "
Gemini,Codec,8,org.apache.commons.codec.binary.Base64;org.apache.commons.codec.binary.Base64InputStream,False,1,COMPILE_FAIL,,,,,,,False,,,9.4,TEST_COMPILE_FAIL,                  ^   symbol:   variable Base64   location: class Base64Test /workspace/Gemini/TestCode/Codec_8b/Base64Test.java:150: error: cannot find symbol         byte[] decStr = Base64.decode(encStr);                         ^   symbol:   variable Base64   location: class Base64Test 41 errors 
Gemini,Codec,9,org.apache.commons.codec.binary.Base64,False,1,COMPILE_FAIL,,,,,,,False,,,9.5,TEST_COMPILE_FAIL,             ^   symbol:   variable Base64   location: class Base64Test /workspace/Gemini/TestCode/Codec_9b/Base64Test.java:137: error: cannot find symbol             byte[] dec = Base64.decodeBase64(enc);                          ^   symbol:   variable Base64   location: class Base64Test 41 errors 
Gemini,Collections,10,org.apache.commons.collections.map.MultiValueMap,True,1,COMPILE_FAIL,,,,,,,False,,,9.6,TEST_COMPILE_FAIL,"ltiValueMapTest.java:244: error: cannot find symbol         MultiValueMap mvMapWithFactory = MultiValueMap.multiValueMap(normalMap, factory);                                                       ^   symbol:   method multiValueMap(Map<Object,Object>,Factory)   location: class MultiValueMap 2 errors "
Gemini,Collections,11,org.apache.commons.collections.keyvalue.MultiKey,True,1,COMPILE_FAIL,,,,,,,False,,,9.8,TEST_COMPILE_FAIL,iKey<String>) ois.readObject();                 ^ /workspace/Gemini/TestCode/Collections_11b/MultiKeyTest.java:131: error: type MultiKey does not take parameters         MultiKey<String> deserialized = (MultiKey<String>) ois.readObject();                                                  ^ 32 errors 
Gemini,Codec,6,org.apache.commons.codec.binary.Base64InputStream,False,1,SUCCESS,SUCCESS,14,7,14,7,,False,97.37,86.67,18.5,,
Gemini,Collections,12,org.apache.commons.collections.ExtendedProperties,True,1,COMPILE_FAIL,,,,,,,False,,,9.2,TEST_COMPILE_FAIL,/workspace/Gemini/TestCode/Collections_12b/ExtendedPropertiesTest.java:137: error: <identifier> expected     printList:              ^ 1 error 
Gemini,Collections,13,org.apache.commons.collections.ExtendedProperties,True,1,COMPILE_FAIL,,,,,,,False,,,9.7,TEST_COMPILE_FAIL,st.java:241: error: cannot find symbol         assertNotNull(props.getBasePath());                            ^   symbol:   method getBasePath()   location: variable props of type ExtendedProperties Note: Some messages have been simplified; recompile with -Xdiags:verbose to get full output 6 errors 
Gemini,Collections,15,org.apache.commons.collections.list.SetUniqueList,True,1,COMPILE_FAIL,,,,,,,False,,,9.9,TEST_COMPILE_FAIL,ueList.decorate(new ArrayList<>());                      ^ /workspace/Gemini/TestCode/Collections_15b/SetUniqueListTest.java:262: error: type SetUniqueList does not take parameters         SetUniqueList<String> uniqueList = SetUniqueList.decorate(new ArrayList<>());                      ^ 20 errors 
Gemini,Collections,16,org.apache.commons.collections.list.SetUniqueList,True,1,COMPILE_FAIL,,,,,,,False,,,9.6,TEST_COMPILE_FAIL,tUniqueList<String> sul = SetUniqueList.decorate(list);                      ^ /workspace/Gemini/TestCode/Collections_16b/SetUniqueListTest.java:243: error: type SetUniqueList does not take parameters         SetUniqueList<String> sul = SetUniqueList.decorate(list);                      ^ 13 errors 
Gemini,Collections,17,org.apache.commons.collections.functors.EqualPredicate,True,1,COMPILE_FAIL,,,,,,,False,,,9.6,TEST_COMPILE_FAIL,                                                   ^   symbol:   class Equator   location: package org.apache.commons.collections Note: /workspace/Gemini/TestCode/Collections_17b/EqualPredicateTest.java uses unchecked or unsafe operations. Note: Recompile with -Xlint:unchecked for details. 4 errors 
Gemini,Collections,18,org.apache.commons.collections.set.ListOrderedSet,True,1,COMPILE_FAIL,,,,,,,False,,,9.7,TEST_COMPILE_FAIL,"ubList(1, 3);                               ^   symbol:   method subList(int,int)   location: variable los of type ListOrderedSet Note: /workspace/Gemini/TestCode/Collections_18b/ListOrderedSetTest.java uses unchecked or unsafe operations. Note: Recompile with -Xlint:unchecked for details. 4 errors "
Gemini,Collections,19,org.apache.commons.collections.list.SetUniqueList,True,1,COMPILE_FAIL,,,,,,,False,,,9.7,TEST_COMPILE_FAIL,TestCode/Collections_19b/SetUniqueListTest.java:280: error: cannot find symbol         SetUniqueList<String> setUniqueList = SetUniqueList.decorate(list);                                                            ^   symbol:   method decorate(List<String>)   location: class SetUniqueList 19 errors 
Gemini,Collections,14,org.apache.commons.collections.map.CaseInsensitiveMap,True,1,SUCCESS,SUCCESS,6,0,6,0,,False,71.43,100.0,19.0,,
Gemini,Collections,21,org.apache.commons.collections4.list.SetUniqueList,True,1,COMPILE_FAIL,,,,,,,False,,,9.8,TEST_COMPILE_FAIL,"  found: List<String>,<null>   reason: cannot infer type-variable(s) E#1     (actual and formal argument lists differ in length)   where E#1,E#2 are type-variables:     E#1 extends Object declared in method <E#1>setUniqueList(List<E#1>)     E#2 extends Object declared in class SetUniqueList 1 error "
Gemini,Collections,22,org.apache.commons.collections4.map.ListOrderedMap,True,1,COMPILE_FAIL,,,,,,,False,,,9.6,TEST_COMPILE_FAIL,"on   location: class ListOrderedMapTest /workspace/Gemini/TestCode/Collections_22b/ListOrderedMapTest.java:311: error: cannot find symbol         OrderedMapIterator<String, String> iter = map.mapIterator();         ^   symbol:   class OrderedMapIterator   location: class ListOrderedMapTest 2 errors "
Gemini,Collections,23,org.apache.commons.collections4.trie.UnmodifiableTrie,True,1,COMPILE_FAIL,,,,,,,False,,,9.5,TEST_COMPILE_FAIL,"                     ^ /workspace/Gemini/TestCode/Collections_23b/UnmodifiableTrieTest.java:33: error: cannot find symbol         Trie<String, String> wrappedAgain = UnmodifiableTrie.unmodifiableTrie(unmodifiableTrie);         ^   symbol:   class Trie   location: class UnmodifiableTrieTest 4 errors "
Gemini,Collections,24,org.apache.commons.collections4.collection.UnmodifiableBoundedCollection,True,1,COMPILE_FAIL,,,,,,,False,,,9.9,TEST_COMPILE_FAIL,   method remainingCapacity()   location: variable wrapped of type UnmodifiableBoundedCollection<String> /workspace/Gemini/TestCode/Collections_24b/UnmodifiableBoundedCollectionTest.java:149: error: method does not override or implement a method from a supertype         @Override         ^ 2 errors 
Gemini,Collections,25,org.apache.commons.collections4.IteratorUtils,True,1,COMPILE_FAIL,,,,,,,False,,,10.1,TEST_COMPILE_FAIL,"y""});                                                 ^   symbol:   method listIterator(String[])   location: class IteratorUtils Note: /workspace/Gemini/TestCode/Collections_25b/IteratorUtilsTest.java uses unchecked or unsafe operations. Note: Recompile with -Xlint:unchecked for details. 24 errors "
Gemini,Collections,20,org.apache.commons.collections.list.TreeList,True,1,SUCCESS,SUCCESS,24,1,24,1,,False,82.41,70.13,19.7,,
Gemini,Collections,26,org.apache.commons.collections4.keyvalue.MultiKey,True,1,COMPILE_FAIL,,,,,,,False,,,9.8,TEST_COMPILE_FAIL,Gemini/TestCode/Collections_26b/MultiKeyTest.java:49: error: incompatible types: Object[] cannot be converted to String[]         new MultiKey<String>((Object[]) null);                              ^ Note: Some messages have been simplified; recompile with -Xdiags:verbose to get full output 1 error 
Gemini,Collections,27,org.apache.commons.collections4.map.MultiValueMap,True,1,COMPILE_FAIL,,,,,,,False,,,10.0,TEST_COMPILE_FAIL,de/Collections_27b/MultiValueMapTest.java uses or overrides a deprecated API. Note: Recompile with -Xlint:deprecation for details. Note: /workspace/Gemini/TestCode/Collections_27b/MultiValueMapTest.java uses unchecked or unsafe operations. Note: Recompile with -Xlint:unchecked for details. 8 errors 
Gemini,Collections,28,org.apache.commons.collections4.trie.AbstractPatriciaTrie,True,1,COMPILE_FAIL,,,,,,,False,,,9.8,TEST_COMPILE_FAIL,"   ^   reason: cannot infer type-variable(s) K,V     (argument mismatch; StringKeyAnalyzer cannot be converted to KeyAnalyzer<? super K>)   where K,V are type-variables:     K extends Object declared in class ConcretePatriciaTrie     V extends Object declared in class ConcretePatriciaTrie 13 errors "
Gemini,Collections,2,org.apache.commons.collections.ExtendedProperties,False,1,COMPILE_FAIL,,,,,,,False,,,9.7,TEST_COMPILE_FAIL,tiesTest /workspace/Gemini/TestCode/Collections_2b/ExtendedPropertiesTest.java:208: error: cannot find symbol         ExtendedProperties props = new ExtendedProperties();                                        ^   symbol:   class ExtendedProperties   location: class ExtendedPropertiesTest 33 errors 
Gemini,Collections,3,org.apache.commons.collections.CollectionUtils,False,1,COMPILE_FAIL,,,,,,,False,,,10.0,TEST_COMPILE_FAIL,ariable CollectionUtils   location: class CollectionUtilsTest /workspace/Gemini/TestCode/Collections_3b/CollectionUtilsTest.java:379: error: cannot find symbol         CollectionUtils.reverseArray(array);         ^   symbol:   variable CollectionUtils   location: class CollectionUtilsTest 72 errors 
Gemini,Collections,4,org.apache.commons.collections.map.MultiValueMap,False,1,COMPILE_FAIL,,,,,,,False,,,9.8,TEST_COMPILE_FAIL,"pTest /workspace/Gemini/TestCode/Collections_4b/MultiValueMapTest.java:98: error: cannot find symbol         MultiValueMap<String, String> other = new MultiValueMap<>();                                                   ^   symbol:   class MultiValueMap   location: class MultiValueMapTest 12 errors "
Gemini,Collections,5,org.apache.commons.collections.list.SetUniqueList,False,1,COMPILE_FAIL,,,,,,,False,,,9.9,TEST_COMPILE_FAIL,mini/TestCode/Collections_5b/SetUniqueListTest.java:226: error: cannot find symbol         SetUniqueList<String> uniqueList = SetUniqueList.setUniqueList(new ArrayList<>());                                            ^   symbol:   variable SetUniqueList   location: class SetUniqueListTest 31 errors 
Gemini,Collections,7,org.apache.commons.collections.ExtendedProperties,True,1,COMPILE_FAIL,,,,,,,False,,,10.0,TEST_COMPILE_FAIL,"e, ""Header"");                    ^ Note: /workspace/Gemini/TestCode/Collections_7b/ExtendedPropertiesTest.java uses unchecked or unsafe operations. Note: Recompile with -Xlint:unchecked for details. Note: Some messages have been simplified; recompile with -Xdiags:verbose to get full output 8 errors "
Gemini,Collections,8,org.apache.commons.collections.buffer.UnboundedFifoBuffer,False,1,COMPILE_FAIL,,,,,,,False,,,10.0,TEST_COMPILE_FAIL,foBufferTest.java:94: error: cannot find symbol         } catch (BufferUnderflowException e) {                  ^   symbol:   class BufferUnderflowException   location: class UnboundedFifoBufferTest Note: Some messages have been simplified; recompile with -Xdiags:verbose to get full output 4 errors 
Gemini,Collections,9,org.apache.commons.collections.ExtendedProperties,False,1,COMPILE_FAIL,,,,,,,False,,,10.0,TEST_COMPILE_FAIL,tiesTest /workspace/Gemini/TestCode/Collections_9b/ExtendedPropertiesTest.java:197: error: cannot find symbol         ExtendedProperties props = new ExtendedProperties();                                        ^   symbol:   class ExtendedProperties   location: class ExtendedPropertiesTest 29 errors 
Gemini,Compress,10,org.apache.commons.compress.archivers.zip.ZipFile,True,1,COMPILE_FAIL,,,,,,,False,,,9.8,TEST_COMPILE_FAIL,/workspace/Gemini/TestCode/Compress_10b/ZipFileTest.java:61: error: Alternatives in a multi-catch statement cannot be related by subclassing         } catch (ZipException | IOException e) {                                 ^   Alternative ZipException is a subclass of alternative IOException 1 error 
Gemini,Compress,11,org.apache.commons.compress.archivers.ArchiveStreamFactory,True,1,COMPILE_FAIL,,,,,,,False,,,9.7,TEST_COMPILE_FAIL,"rkspace/Gemini/TestCode/Compress_11b/ArchiveStreamFactoryTest.java:26: error: cannot find symbol         assertEquals(""UTF-8"", factory.getEntryEncoding());                                      ^   symbol:   method getEntryEncoding()   location: variable factory of type ArchiveStreamFactory 3 errors "
Gemini,Collections,6,org.apache.commons.collections.map.Flat3Map,True,1,SUCCESS,SUCCESS,17,1,17,2,org.apache.commons.collections.map.Flat3MapTest#testRemoveVariations,True,56.48,46.01,20.2,,
Gemini,Compress,12,org.apache.commons.compress.archivers.tar.TarArchiveInputStream,True,1,COMPILE_FAIL,,,,,,,False,,,9.6,TEST_COMPILE_FAIL,String> headers = tais.parsePaxHeader(in);                                           ^   symbol:   method parsePaxHeader(ByteArrayInputStream)   location: variable tais of type TarArchiveInputStream Note: Some messages have been simplified; recompile with -Xdiags:verbose to get full output 5 errors 
Gemini,Compress,13,org.apache.commons.compress.archivers.zip.ZipArchiveEntry,True,1,COMPILE_FAIL,,,,,,,False,,,9.6,TEST_COMPILE_FAIL,tion: class ZipArchiveEntryTest /workspace/Gemini/TestCode/Compress_13b/ZipArchiveEntryTest.java:118: error: cannot find symbol         entry.removeExtraField(ZipShortField.HEADER_ID);                                ^   symbol:   variable ZipShortField   location: class ZipArchiveEntryTest 6 errors 
Gemini,Compress,14,org.apache.commons.compress.archivers.tar.TarUtils,True,1,COMPILE_FAIL,,,,,,,False,,,9.4,TEST_COMPILE_FAIL,/workspace/Gemini/TestCode/Compress_14b/TarUtilsTest.java:107: error: cannot find symbol         assertTrue(sum >= 0);         ^   symbol:   method assertTrue(boolean)   location: class TarUtilsTest 1 error 
Gemini,Compress,15,org.apache.commons.compress.archivers.zip.ZipArchiveEntry,True,1,COMPILE_FAIL,,,,,,,False,,,9.3,TEST_COMPILE_FAIL,"pe ZipArchiveEntry /workspace/Gemini/TestCode/Compress_15b/ZipArchiveEntryTest.java:189: error: cannot find symbol         assertEquals(5, entry.getDiskNumberStart());                              ^   symbol:   method getDiskNumberStart()   location: variable entry of type ZipArchiveEntry 12 errors "
Gemini,Compress,16,org.apache.commons.compress.archivers.ArchiveStreamFactory,True,1,COMPILE_FAIL,,,,,,,False,,,9.6,TEST_COMPILE_FAIL,actoryTest /workspace/Gemini/TestCode/Compress_16b/ArchiveStreamFactoryTest.java:138: error: cannot find symbol         assertTrue(ais instanceof CpioArchiveInputStream);                                   ^   symbol:   class CpioArchiveInputStream   location: class ArchiveStreamFactoryTest 9 errors 
Gemini,Compress,17,org.apache.commons.compress.archivers.tar.TarUtils,True,1,COMPILE_FAIL,,,,,,,False,,,9.6,TEST_COMPILE_FAIL,"[],int)   location: class TarUtils /workspace/Gemini/TestCode/Compress_17b/TarUtilsTest.java:118: error: cannot find symbol         int len2 = TarUtils.formatBoolean(false, buf, 0);                            ^   symbol:   method formatBoolean(boolean,byte[],int)   location: class TarUtils 2 errors "
Gemini,Compress,18,org.apache.commons.compress.archivers.tar.TarArchiveOutputStream,True,1,COMPILE_FAIL,,,,,,,False,,,9.5,TEST_COMPILE_FAIL,"s in class TarArchiveOutputStream cannot be applied to given types;         tos.writePaxHeaders(entry, ""PaxHeader"", headers);            ^   required: String,Map<String,String>   found: TarArchiveEntry,String,HashMap<String,String>   reason: actual and formal argument lists differ in length 1 error "
Gemini,Compress,19,org.apache.commons.compress.archivers.zip.Zip64ExtendedInformationExtraField,True,1,COMPILE_FAIL,,,,,,,False,,,9.5,TEST_COMPILE_FAIL,"                  ^ /workspace/Gemini/TestCode/Compress_19b/Zip64ExtendedInformationExtraFieldTest.java:181: error: unreported exception ZipException; must be caught or declared to be thrown         field2.parseFromLocalFileData(data, 0, data.length);                                      ^ 6 errors "
Gemini,Compress,20,org.apache.commons.compress.archivers.cpio.CpioArchiveInputStream,True,1,COMPILE_FAIL,,,,,,,False,,,9.2,TEST_COMPILE_FAIL,           CpioArchiveEntry entry = cpio.getNextCpioEntry();                                          ^   symbol:   method getNextCpioEntry()   location: variable cpio of type CpioArchiveInputStream Note: Some messages have been simplified; recompile with -Xdiags:verbose to get full output 2 errors 
Gemini,Compress,21,org.apache.commons.compress.archivers.sevenz.SevenZOutputFile,True,1,COMPILE_FAIL,,,,,,,False,,,9.2,TEST_COMPILE_FAIL,ion: class SevenZOutputFileTest /workspace/Gemini/TestCode/Compress_21b/SevenZOutputFileTest.java:105: error: cannot find symbol             new SevenZMethodConfiguration(SevenZMethod.COPY)                 ^   symbol:   class SevenZMethodConfiguration   location: class SevenZOutputFileTest 2 errors 
Gemini,Compress,23,org.apache.commons.compress.archivers.sevenz.Coders,True,1,COMPILE_FAIL,,,,,,,False,,,9.1,TEST_COMPILE_FAIL," method addDecoder in class Coders cannot be applied to given types;             Coders.addDecoder(""test"", in, 10, coder, null);                   ^   required: InputStream,Coder,byte[]   found: String,InputStream,int,Coder,<null>   reason: actual and formal argument lists differ in length 6 errors "
Gemini,Compress,24,org.apache.commons.compress.archivers.tar.TarUtils,True,1,COMPILE_FAIL,,,,,,,False,,,9.1,TEST_COMPILE_FAIL,"atBoolean(boolean,byte[],int)   location: class TarUtils /workspace/Gemini/TestCode/Compress_24b/TarUtilsTest.java:119: error: cannot find symbol         TarUtils.formatBoolean(false, buf, 0);                 ^   symbol:   method formatBoolean(boolean,byte[],int)   location: class TarUtils 4 errors "
Gemini,Compress,27,org.apache.commons.compress.archivers.tar.TarUtils,True,1,COMPILE_FAIL,,,,,,,False,,,9.1,TEST_COMPILE_FAIL,"an,byte[],int,int)   location: class TarUtils /workspace/Gemini/TestCode/Compress_27b/TarUtilsTest.java:121: error: cannot find symbol         TarUtils.formatBooleanFA(false, buf, 0, 1);                 ^   symbol:   method formatBooleanFA(boolean,byte[],int,int)   location: class TarUtils 3 errors "
Gemini,Compress,22,org.apache.commons.compress.compressors.bzip2.BZip2CompressorInputStream,True,1,SUCCESS,SUCCESS,7,2,7,2,,False,7.36,7.17,18.1,,
Gemini,Compress,28,org.apache.commons.compress.archivers.tar.TarArchiveInputStream,True,1,COMPILE_FAIL,,,,,,,False,,,9.2,TEST_COMPILE_FAIL,  location: class TarArchiveInputStreamTest /workspace/Gemini/TestCode/Compress_28b/TarArchiveInputStreamTest.java:110: error: cannot find symbol             assertFalse(tais.markSupported());             ^   symbol:   method assertFalse(boolean)   location: class TarArchiveInputStreamTest 4 errors 
Gemini,Compress,29,org.apache.commons.compress.archivers.ArchiveStreamFactory;org.apache.commons.compress.archivers.cpio.CpioArchiveInputStream;org.apache.commons.compress.archivers.cpio.CpioArchiveOutputStream;org.apache.commons.compress.archivers.dump.DumpArchiveInputStream;org.apache.commons.compress.archivers.tar.TarArchiveInputStream;org.apache.commons.compress.archivers.tar.TarArchiveOutputStream;org.apache.commons.compress.archivers.zip.ZipArchiveInputStream,True,1,COMPILE_FAIL,,,,,,,False,,,9.2,TEST_COMPILE_FAIL,tNull(factory.getEntryEncoding());         ^   symbol:   method assertNull(String)   location: class ArchiveStreamFactoryTest Note: /workspace/Gemini/TestCode/Compress_29b/ArchiveStreamFactoryTest.java uses or overrides a deprecated API. Note: Recompile with -Xlint:deprecation for details. 6 errors 
Gemini,Compress,25,org.apache.commons.compress.archivers.zip.ZipArchiveInputStream,True,1,SUCCESS,SUCCESS,11,2,11,2,,False,16.71,10.32,18.1,,
Gemini,Compress,31,org.apache.commons.compress.archivers.tar.TarUtils,True,1,COMPILE_FAIL,,,,,,,False,,,8.4,TEST_COMPILE_FAIL,"n: class TarUtils /workspace/Gemini/TestCode/Compress_31b/TarUtilsTest.java:124: error: cannot find symbol         TarUtils.formatCheckOctalChecksumBytes(sum, buffer, 148, 8);                 ^   symbol:   method formatCheckOctalChecksumBytes(long,byte[],int,int)   location: class TarUtils 4 errors "
Gemini,Compress,2,org.apache.commons.compress.archivers.ar.ArArchiveInputStream,False,1,SUCCESS,SUCCESS,6,4,6,4,,False,82.61,69.64,17.2,,
Gemini,Compress,30,org.apache.commons.compress.compressors.bzip2.BZip2CompressorInputStream,True,1,SUCCESS,SUCCESS,6,2,6,2,,False,10.59,8.61,17.2,,
Gemini,Compress,34,org.apache.commons.compress.archivers.zip.X7875_NewUnix,True,1,COMPILE_FAIL,,,,,,,False,,,8.5,TEST_COMPILE_FAIL,/workspace/Gemini/TestCode/Compress_34b/X7875_NewUnixTest.java:120: error: unreported exception CloneNotSupportedException; must be caught or declared to be thrown         Object cloneObj = x7875.clone();                                      ^ 1 error 
Gemini,Compress,32,org.apache.commons.compress.archivers.tar.TarArchiveInputStream,True,1,SUCCESS,SUCCESS,9,1,9,1,,False,26.94,15.08,17.0,,
Gemini,Compress,33,org.apache.commons.compress.compressors.CompressorStreamFactory;org.apache.commons.compress.compressors.deflate.DeflateCompressorInputStream,True,1,SUCCESS,SUCCESS,16,0,16,0,,False,55.56,52.56,17.2,,
Gemini,Compress,35,org.apache.commons.compress.archivers.tar.TarUtils,True,1,COMPILE_FAIL,,,,,,,False,,,8.2,TEST_COMPILE_FAIL,"Encoding(<null>)   location: class TarUtils /workspace/Gemini/TestCode/Compress_35b/TarUtilsTest.java:138: error: cannot find symbol         assertNotNull(TarUtils.getZipEncoding(""UTF-8""));                               ^   symbol:   method getZipEncoding(String)   location: class TarUtils 2 errors "
Gemini,Compress,36,org.apache.commons.compress.archivers.sevenz.SevenZFile,True,1,COMPILE_FAIL,,,,,,,False,,,8.6,TEST_COMPILE_FAIL,"mini/TestCode/Compress_36b/SevenZFileTest.java:33: error: incompatible types: String cannot be converted to byte[]         new SevenZFile(nonExistent, ""UTF-8"");                                     ^ Note: Some messages have been simplified; recompile with -Xdiags:verbose to get full output 2 errors "
Gemini,Compress,37,org.apache.commons.compress.archivers.tar.TarArchiveInputStream,True,1,COMPILE_FAIL,,,,,,,False,,,8.5,TEST_COMPILE_FAIL," /workspace/Gemini/TestCode/Compress_37b/TarArchiveInputStreamTest.java:185: error: cannot find symbol             assertEquals(0, tais.getCurrentRecordNum());                                 ^   symbol:   method getCurrentRecordNum()   location: variable tais of type TarArchiveInputStream 4 errors "
Gemini,Compress,38,org.apache.commons.compress.archivers.tar.TarArchiveEntry,True,1,COMPILE_FAIL,,,,,,,False,,,8.6,TEST_COMPILE_FAIL,                              ^   required: no arguments   found: File   reason: actual and formal argument lists differ in length Note: /workspace/Gemini/TestCode/Compress_38b/TarArchiveEntryTest.java uses or overrides a deprecated API. Note: Recompile with -Xlint:deprecation for details. 4 errors 
Gemini,Compress,3,org.apache.commons.compress.archivers.tar.TarArchiveOutputStream,False,1,COMPILE_FAIL,,,,,,,False,,,8.8,TEST_COMPILE_FAIL,"String cannot be converted to int         TarArchiveOutputStream customTos = new TarArchiveOutputStream(baos, ""UTF-8"");                                                                             ^ Note: Some messages have been simplified; recompile with -Xdiags:verbose to get full output 25 errors "
Gemini,Compress,41,org.apache.commons.compress.archivers.zip.ZipArchiveInputStream,True,1,COMPILE_FAIL,,,,,,,False,,,9.0,TEST_COMPILE_FAIL,/Compress_41b/ZipArchiveInputStreamTest.java:14: error: cannot find symbol         byte[] signature = ZipArchiveInputStream.getBytes(ZipArchiveOutputStream.LFH_SIG);                                                 ^   symbol:   method getBytes(byte[])   location: class ZipArchiveInputStream 1 error 
Gemini,Compress,42,org.apache.commons.compress.archivers.zip.UnixStat;org.apache.commons.compress.archivers.zip.ZipArchiveEntry,True,1,COMPILE_FAIL,,,,,,,False,,,9.2,TEST_COMPILE_FAIL,"ymbol:   variable WRS_MASK   location: interface UnixStat /workspace/Gemini/TestCode/Compress_42b/UnixStatTest.java:20: error: cannot find symbol         assertEquals(0100, UnixStat.XRS_MASK);                                    ^   symbol:   variable XRS_MASK   location: interface UnixStat 3 errors "
Gemini,Compress,39,org.apache.commons.compress.utils.ArchiveUtils,True,1,SUCCESS,SUCCESS,11,4,11,4,,False,62.5,64.29,17.9,,
Gemini,Compress,43,org.apache.commons.compress.archivers.zip.ZipArchiveOutputStream,True,1,COMPILE_FAIL,,,,,,,False,,,9.1,TEST_COMPILE_FAIL,"/workspace/Gemini/TestCode/Compress_43b/ZipArchiveOutputStreamTest.java:32: error: incompatible types: ArchiveEntry cannot be converted to ZipArchiveEntry         ZipArchiveEntry entry = zos.createArchiveEntry(dummyFile, ""test.txt"");                                                       ^ 1 error "
Gemini,Compress,40,org.apache.commons.compress.utils.BitInputStream,True,1,SUCCESS,SUCCESS,9,1,9,1,,False,61.82,66.67,17.9,,
Gemini,Compress,45,org.apache.commons.compress.archivers.tar.TarUtils,True,1,COMPILE_FAIL,,,,,,,False,,,9.5,TEST_COMPILE_FAIL,"oolean(boolean,byte[],int)   location: class TarUtils /workspace/Gemini/TestCode/Compress_45b/TarUtilsTest.java:156: error: cannot find symbol         TarUtils.formatBoolean(false, buffer, 0);                 ^   symbol:   method formatBoolean(boolean,byte[],int)   location: class TarUtils 3 errors "
Gemini,Compress,46,org.apache.commons.compress.archivers.zip.X5455_ExtendedTimestamp,True,1,COMPILE_FAIL,,,,,,,False,,,9.7,TEST_COMPILE_FAIL,e/Gemini/TestCode/Compress_46b/X5455_ExtendedTimestampTest.java:215: error: incompatible types: long cannot be converted to ZipLong         x5455.setModifyTime(1000L);                             ^ Note: Some messages have been simplified; recompile with -Xdiags:verbose to get full output 26 errors 
Gemini,Compress,4,org.apache.commons.compress.archivers.cpio.CpioArchiveOutputStream;org.apache.commons.compress.archivers.tar.TarArchiveOutputStream;org.apache.commons.compress.archivers.zip.ZipArchiveOutputStream;org.apache.commons.compress.changes.ChangeSetPerformer,False,1,COMPILE_FAIL,,,,,,,False,,,9.7,TEST_COMPILE_FAIL,"(argument mismatch; short cannot be converted to String)     constructor CpioArchiveEntry.CpioArchiveEntry(File,String) is not applicable       (argument mismatch; short cannot be converted to File) Note: Some messages have been simplified; recompile with -Xdiags:verbose to get full output 6 errors "
Gemini,Compress,44,org.apache.commons.compress.utils.ChecksumCalculatingInputStream,True,1,SUCCESS,SUCCESS,8,3,8,5,org.apache.commons.compress.utils.ChecksumCalculatingInputStreamTest#testNullChecksumConstructor;org.apache.commons.compress.utils.ChecksumCalculatingInputStreamTest#testNullStreamConstructor,True,95.24,90.0,18.6,,
Gemini,Compress,5,org.apache.commons.compress.archivers.zip.ZipArchiveInputStream,False,1,COMPILE_FAIL,,,,,,,False,,,9.1,TEST_COMPILE_FAIL,"ngth) /workspace/Gemini/TestCode/Compress_5b/ZipArchiveInputStreamTest.java:194: error: cannot find symbol             assertEquals(""UTF-8"", zais.getEncoding());                                       ^   symbol:   method getEncoding()   location: variable zais of type ZipArchiveInputStream 2 errors "
Gemini,Compress,6,org.apache.commons.compress.archivers.zip.ZipArchiveEntry,True,1,COMPILE_FAIL,,,,,,,False,,,8.9,TEST_COMPILE_FAIL,ipArchiveEntry /workspace/Gemini/TestCode/Compress_6b/ZipArchiveEntryTest.java:129: error: cannot find symbol         assertNotNull(entry.getCentralDirectoryData());                            ^   symbol:   method getCentralDirectoryData()   location: variable entry of type ZipArchiveEntry 8 errors 
Gemini,Compress,47,org.apache.commons.compress.archivers.zip.ZipArchiveInputStream,True,1,SUCCESS,SUCCESS,6,1,6,1,,False,12.84,6.23,18.5,,
Gemini,Compress,7,org.apache.commons.compress.archivers.tar.TarUtils,True,1,COMPILE_FAIL,,,,,,,False,,,8.3,TEST_COMPILE_FAIL,va:85: error: invalid method declaration; return type required     public testFormatLongOctalBytes() {            ^ /workspace/Gemini/TestCode/Compress_7b/TarUtilsTest.java:94: error: invalid method declaration; return type required     public testFormatCheckSumOctalBytes() {            ^ 10 errors 
Gemini,Compress,8,org.apache.commons.compress.archivers.tar.TarUtils,False,1,COMPILE_FAIL,,,,,,,False,,,8.8,TEST_COMPILE_FAIL,"te[],int,int)   location: class TarUtils /workspace/Gemini/TestCode/Compress_8b/TarUtilsTest.java:113: error: cannot find symbol         boolean result = TarUtils.verifyCheckSum(header);                                  ^   symbol:   method verifyCheckSum(byte[])   location: class TarUtils 5 errors "
Gemini,Compress,9,org.apache.commons.compress.archivers.tar.TarArchiveOutputStream,False,1,COMPILE_FAIL,,,,,,,False,,,9.2,TEST_COMPILE_FAIL,java:193: error: incompatible types: possible lossy conversion from long to int         entry.setGroupId(Long.MAX_VALUE); // Too large for standard 8-byte octal field                              ^ Note: Some messages have been simplified; recompile with -Xdiags:verbose to get full output 16 errors 
Gemini,Csv,10,org.apache.commons.csv.CSVPrinter,True,1,COMPILE_FAIL,,,,,,,False,,,9.5,TEST_COMPILE_FAIL,er in length) /workspace/Gemini/TestCode/Csv_10b/CSVPrinterTest.java:153: error: cannot find symbol         CSVFormat format = CSVFormat.DEFAULT.withTrim(true);                                             ^   symbol:   method withTrim(boolean)   location: variable DEFAULT of type CSVFormat 5 errors 
Gemini,Csv,11,org.apache.commons.csv.CSVParser,True,1,COMPILE_FAIL,,,,,,,False,,,9.4,TEST_COMPILE_FAIL,"Col1"", ""Col2"", ""Col3"").withCommentMarker('#');                                                                                ^   symbol:   method withCommentMarker(char)   location: class CSVFormat Note: Some messages have been simplified; recompile with -Xdiags:verbose to get full output 4 errors "
Gemini,Csv,12,org.apache.commons.csv.CSVFormat,True,1,COMPILE_FAIL,,,,,,,False,,,9.2,TEST_COMPILE_FAIL,type CSVFormat /workspace/Gemini/TestCode/Csv_12b/CSVFormatTest.java:258: error: cannot find symbol         CSVFormat f6 = CSVFormat.DEFAULT.withQuoteChar('\'');                                         ^   symbol:   method withQuoteChar(char)   location: variable DEFAULT of type CSVFormat 31 errors 
Gemini,Csv,14,org.apache.commons.csv.CSVFormat,True,1,COMPILE_FAIL,,,,,,,False,,,8.6,TEST_COMPILE_FAIL,/workspace/Gemini/TestCode/Csv_14b/CSVFormatTest.java:84: error: illegal start of expression         const:         ^ 1 error 
Gemini,Csv,15,org.apache.commons.csv.CSVFormat,True,1,COMPILE_FAIL,,,,,,,False,,,9.2,TEST_COMPILE_FAIL, CSVFormat         assertTrue(CSVFormat.isLineBreak('\r'));                             ^ /workspace/Gemini/TestCode/Csv_15b/CSVFormatTest.java:103: error: isLineBreak(Character) has private access in CSVFormat         assertFalse(CSVFormat.isLineBreak('a'));                              ^ 6 errors 
Gemini,Csv,16,org.apache.commons.csv.CSVParser,True,1,COMPILE_FAIL,,,,,,,False,,,9.5,TEST_COMPILE_FAIL,/workspace/Gemini/TestCode/Csv_16b/CSVParserTest.java:223: error: cannot find symbol         List<String> headerNames = parser.getHeaderNames();                                          ^   symbol:   method getHeaderNames()   location: variable parser of type CSVParser 1 error 
Gemini,Csv,2,org.apache.commons.csv.CSVRecord,False,1,COMPILE_FAIL,,,,,,,False,,,9.2,TEST_COMPILE_FAIL,"va:199: error: cannot find symbol         Map<String, String> map = record.toMap();                                         ^   symbol:   method toMap()   location: variable record of type CSVRecord Note: Some messages have been simplified; recompile with -Xdiags:verbose to get full output 5 errors "
Gemini,Csv,13,org.apache.commons.csv.CSVFormat;org.apache.commons.csv.CSVPrinter,True,1,SUCCESS,SUCCESS,28,3,28,3,,False,54.66,44.86,17.7,,
Gemini,Csv,3,org.apache.commons.csv.Lexer,False,1,COMPILE_FAIL,,,,,,,False,,,9.1,TEST_COMPILE_FAIL,"line comment\n var x = 1;"");     ^   symbol:   class Node   location: class LexerTest /workspace/Gemini/TestCode/Csv_3b/LexerTest.java:150: error: cannot find symbol     Node root = parse(""/* This is a block comment */ var x = 1;"");     ^   symbol:   class Node   location: class LexerTest 35 errors "
Gemini,Csv,4,org.apache.commons.csv.CSVParser,False,1,COMPILE_FAIL,,,,,,,False,,,8.2,TEST_COMPILE_FAIL," ? 0 : 0).size());                                                          ^ /workspace/Gemini/TestCode/Csv_4b/CSVParserTest.java:158: error: ';' expected         assertEquals(3, records.get(0.size() == 2 ? 0 : 0).size());                                                                  ^ 4 errors "
Gemini,Csv,5,org.apache.commons.csv.CSVPrinter,False,1,COMPILE_FAIL,,,,,,,False,,,8.7,TEST_COMPILE_FAIL,workspace/Gemini/TestCode/Csv_5b/CSVPrinterTest.java:148: error: cannot find symbol         CSVFormat format = CSVFormat.DEFAULT.withEscape('\\').withQuote(null);                                                              ^   symbol:   method withQuote(<null>)   location: class CSVFormat 2 errors 
Gemini,Csv,7,org.apache.commons.csv.CSVParser,True,1,COMPILE_FAIL,,,,,,,False,,,8.9,TEST_COMPILE_FAIL,"or: incompatible types: File cannot be converted to URL         CSVParser parser = CSVParser.parse(tempFile, Charset.defaultCharset(), CSVFormat.DEFAULT);                                            ^ Note: Some messages have been simplified; recompile with -Xdiags:verbose to get full output 1 error "
Gemini,Csv,8,org.apache.commons.csv.CSVFormat,False,1,COMPILE_FAIL,,,,,,,False,,,9.1,TEST_COMPILE_FAIL,"iable format of type CSVFormat /workspace/Gemini/TestCode/Csv_8b/CSVFormatTest.java:142: error: cannot find symbol         CSVFormat.DEFAULT.print(""a"", sw, true);                          ^   symbol:   method print(String,StringWriter,boolean)   location: variable DEFAULT of type CSVFormat 7 errors "
Gemini,Csv,9,org.apache.commons.csv.CSVRecord,False,1,COMPILE_FAIL,,,,,,,False,,,9.2,TEST_COMPILE_FAIL,/workspace/Gemini/TestCode/Csv_9b/CSVRecordTest.java:170: error: toList() has private access in CSVRecord         final List<String> list = record.toList();                                         ^ 1 error 
Gemini,Gson,10,com.google.gson.internal.bind.ReflectiveTypeAdapterFactory,True,1,COMPILE_FAIL,,,,,,,False,,,9.8,TEST_COMPILE_FAIL,"         List<String> fieldNames = ReflectiveTypeAdapterFactory.getFieldNames(gson.fieldNamingStrategy(), field);                                                               ^   required: Field   found: FieldNamingStrategy,Field   reason: actual and formal argument lists differ in length 3 errors "
Gemini,Csv,6,org.apache.commons.csv.CSVRecord,True,1,SUCCESS,SUCCESS,15,2,15,2,,False,86.11,40.0,18.2,,
Gemini,Gson,14,com.google.gson.internal.$Gson$Types,True,1,COMPILE_FAIL,,,,,,,False,,,10.3,TEST_COMPILE_FAIL,rkspace/Gemini/TestCode/Gson_14b/$Gson$TypesTest.java:217: error: cannot find symbol         GenericArrayType gat = $Gson$Types.newGenericArrayType(String.class);                                           ^   symbol:   method newGenericArrayType(Class<String>)   location: class $Gson$Types 7 errors 
Gemini,Gson,11,com.google.gson.internal.bind.TypeAdapters,True,1,SUCCESS,SUCCESS,19,1,19,1,,False,65.66,48.98,21.3,,
Gemini,Gson,12,com.google.gson.internal.bind.JsonTreeReader,True,1,SUCCESS,SUCCESS,17,4,17,4,,False,81.18,73.33,20.1,,
Gemini,Gson,13,com.google.gson.stream.JsonReader,True,1,SUCCESS,SUCCESS,18,4,18,4,,False,64.66,50.61,19.8,,
Gemini,Gson,16,com.google.gson.internal.$Gson$Types,True,1,COMPILE_FAIL,,,,,,,False,,,9.6,TEST_COMPILE_FAIL,ss $Gson$Types /workspace/Gemini/TestCode/Gson_16b/$Gson$TypesTest.java:208: error: cannot find symbol     GenericArrayType gat3 = $Gson$Types.newArrayType(Integer.class);                                        ^   symbol:   method newArrayType(Class<Integer>)   location: class $Gson$Types 8 errors 
Gemini,Gson,15,com.google.gson.stream.JsonWriter,True,1,SUCCESS,SUCCESS,18,6,18,7,com.google.gson.stream.JsonWriterTest#testLenientSetting,True,81.82,63.54,19.4,,
Gemini,Gson,17,com.google.gson.DefaultDateTypeAdapter,True,1,COMPILE_FAIL,,,,,,,False,,,8.9,TEST_COMPILE_FAIL,mat cannot be converted to Class<? extends Date>         DefaultDateTypeAdapter adapter = new DefaultDateTypeAdapter(dateFormat);                                                                     ^ Note: Some messages have been simplified; recompile with -Xdiags:verbose to get full output 1 error 
Gemini,Gson,18,com.google.gson.internal.$Gson$Types,True,1,COMPILE_FAIL,,,,,,,False,,,8.6,TEST_COMPILE_FAIL,"/workspace/Gemini/TestCode/Gson_18b/$Gson$TypesTest.java:23: error: ';' expected     Parameterized Type type = $Gson$Types.newParameterizedTypeWithOwner(null, Map.class, String.class, String.class);                       ^ 1 error "
Gemini,Gson,2,com.google.gson.internal.bind.TypeAdapters,False,1,COMPILE_FAIL,,,,,,,False,,,9.8,TEST_COMPILE_FAIL,"ter<String>   reason: inference variable TT has incompatible bounds     equality constraints: Object     lower bounds: String,Object   where TT is a type-variable:     TT extends Object declared in method <TT>newFactoryForMultipleTypes(Class<TT>,Class<? extends TT>,TypeAdapter<? super TT>) 3 errors "
Gemini,Gson,5,com.google.gson.internal.bind.util.ISO8601Utils,False,1,COMPILE_FAIL,,,,,,,False,,,9.2,TEST_COMPILE_FAIL,"variable ISO8601Utils   location: class ISO8601UtilsTest /workspace/Gemini/TestCode/Gson_5b/ISO8601UtilsTest.java:137: error: cannot find symbol         ISO8601Utils.parse(null, new java.text.ParsePosition(0));         ^   symbol:   variable ISO8601Utils   location: class ISO8601UtilsTest 16 errors "
Gemini,Gson,6,com.google.gson.internal.bind.JsonAdapterAnnotationTypeAdapterFactory,True,1,COMPILE_FAIL,,,,,,,False,,,9.4,TEST_COMPILE_FAIL,"apterAnnotationTypeAdapterFactoryTest.java:60: error: incompatible types: DummyTypeAdapter cannot be converted to TypeAdapter<T>             return new DummyTypeAdapter();                    ^   where T is a type-variable:     T extends Object declared in method <T>create(Gson,TypeToken<T>) 1 error "
Gemini,Gson,4,com.google.gson.stream.JsonReader;com.google.gson.stream.JsonWriter,False,1,SUCCESS,SUCCESS,11,1,11,1,,False,38.47,31.48,18.2,,
Gemini,Gson,3,com.google.gson.internal.ConstructorConstructor,False,1,SUCCESS,SUCCESS,10,1,10,1,,False,64.89,66.67,18.8,,
Gemini,Gson,9,com.google.gson.internal.bind.JsonTreeWriter;com.google.gson.internal.bind.TypeAdapters;com.google.gson.stream.JsonWriter,False,1,COMPILE_FAIL,,,,,,,False,,,9.3,TEST_COMPILE_FAIL,"/workspace/Gemini/TestCode/Gson_9b/JsonTreeWriterTest.java:161: error: cannot find symbol         assertEquals(3, obj.size());                            ^   symbol:   method size()   location: variable obj of type JsonObject 1 error "
Gemini,Gson,7,com.google.gson.stream.JsonReader,True,1,SUCCESS,SUCCESS,18,5,18,5,,False,65.12,53.67,18.2,,
Gemini,JacksonCore,11,com.fasterxml.jackson.core.sym.ByteQuadsCanonicalizer,True,1,COMPILE_FAIL,,,,,,,False,,,9.5,TEST_COMPILE_FAIL,lizerTest.java:101: error: incompatible types: boolean cannot be converted to int         ByteQuadsCanonicalizer child = root.makeChild(true);                                                       ^ Note: Some messages have been simplified; recompile with -Xdiags:verbose to get full output 2 errors 
Gemini,Gson,8,com.google.gson.internal.UnsafeAllocator,False,1,SUCCESS,SUCCESS,4,1,4,1,,False,37.5,75.0,17.9,,
Gemini,JacksonCore,12,com.fasterxml.jackson.core.json.ReaderBasedJsonParser;com.fasterxml.jackson.core.json.UTF8StreamJsonParser,True,1,COMPILE_FAIL,,,,,,,False,,,9.7,TEST_COMPILE_FAIL,    method JsonParser.releaseBuffered(OutputStream) is not applicable       (argument mismatch; StringReader cannot be converted to OutputStream)     method ReaderBasedJsonParser.releaseBuffered(Writer) is not applicable       (argument mismatch; StringReader cannot be converted to Writer) 2 errors 
Gemini,JacksonCore,13,com.fasterxml.jackson.core.json.JsonGeneratorImpl,True,1,COMPILE_FAIL,,,,,,,False,,,9.6,TEST_COMPILE_FAIL,"e.TextNode.valueOf(""hello"");                                                                                                ^ Note: /workspace/Gemini/TestCode/JacksonCore_13b/JsonGeneratorImplTest.java uses or overrides a deprecated API. Note: Recompile with -Xlint:deprecation for details. 5 errors "
Gemini,JacksonCore,10,com.fasterxml.jackson.core.sym.ByteQuadsCanonicalizer,True,1,SUCCESS,SUCCESS,8,7,8,7,,False,30.19,7.89,18.4,,
Gemini,JacksonCore,14,com.fasterxml.jackson.core.io.IOContext,True,1,COMPILE_FAIL,,,,,,,False,,,9.2,TEST_COMPILE_FAIL,"Code/JacksonCore_14b/IOContextTest.java:109: error: cannot find symbol         assertSame(customRecycler, customContext.getAllocationTracker());                                                 ^   symbol:   method getAllocationTracker()   location: variable customContext of type IOContext 12 errors "
Gemini,JacksonCore,15,com.fasterxml.jackson.core.filter.FilteringParserDelegate,True,1,COMPILE_FAIL,,,,,,,False,,,9.7,TEST_COMPILE_FAIL,elegate.getNonEmptyChildFilter(filter));                                  ^   symbol:   method getNonEmptyChildFilter(TokenFilter)   location: variable parserDelegate of type FilteringParserDelegate Note: Some messages have been simplified; recompile with -Xdiags:verbose to get full output 7 errors 
Gemini,JacksonCore,16,com.fasterxml.jackson.core.util.JsonParserSequence,True,1,COMPILE_FAIL,,,,,,,False,,,9.4,TEST_COMPILE_FAIL,enceTest.java:35: error: method does not override or implement a method from a supertype         @Override         ^ /workspace/Gemini/TestCode/JacksonCore_16b/JsonParserSequenceTest.java:38: error: method does not override or implement a method from a supertype         @Override         ^ 4 errors 
Gemini,JacksonCore,17,com.fasterxml.jackson.core.json.UTF8JsonGenerator,True,1,COMPILE_FAIL,,,,,,,False,,,9.6,TEST_COMPILE_FAIL,ce/Gemini/TestCode/JacksonCore_17b/UTF8JsonGeneratorTest.java:53: error: cannot find symbol         assertNotNull(generator.getStreamWriteConstraints());                                ^   symbol:   method getStreamWriteConstraints()   location: variable generator of type UTF8JsonGenerator 5 errors 
Gemini,JacksonCore,18,com.fasterxml.jackson.core.base.GeneratorBase;com.fasterxml.jackson.core.json.UTF8JsonGenerator;com.fasterxml.jackson.core.json.WriterBasedJsonGenerator,True,1,COMPILE_FAIL,,,,,,,False,,,9.8,TEST_COMPILE_FAIL,method unknownVersion()   location: class VersionUtil /workspace/Gemini/TestCode/JacksonCore_18b/GeneratorBaseTest.java:310: error: method does not override or implement a method from a supertype         @Override public boolean NebenTextCharactersAreCopyable() { return false; }         ^ 13 errors 
Gemini,JacksonCore,20,com.fasterxml.jackson.core.JsonGenerator,True,1,COMPILE_FAIL,,,,,,,False,,,9.6,TEST_COMPILE_FAIL,mal argument lists differ in length) Note: /workspace/Gemini/TestCode/JacksonCore_20b/JsonGeneratorTest.java uses or overrides a deprecated API. Note: Recompile with -Xlint:deprecation for details. Note: Some messages have been simplified; recompile with -Xdiags:verbose to get full output 19 errors 
Gemini,JacksonCore,21,com.fasterxml.jackson.core.filter.FilteringParserDelegate,True,1,COMPILE_FAIL,,,,,,,False,,,9.9,TEST_COMPILE_FAIL,"FilteringParserDelegate /workspace/Gemini/TestCode/JacksonCore_21b/FilteringParserDelegateTest.java:199: error: cannot find symbol         TokenFilter filter = new NameFilter(""a"");                                  ^   symbol:   class NameFilter   location: class FilteringParserDelegateTest 9 errors "
Gemini,JacksonCore,22,com.fasterxml.jackson.core.filter.FilteringParserDelegate,True,1,COMPILE_FAIL,,,,,,,False,,,9.8,TEST_COMPILE_FAIL,ingParserDelegate /workspace/Gemini/TestCode/JacksonCore_22b/FilteringParserDelegateTest.java:131: error: cannot find symbol             if (delegate.hasTokenId(JsonToken.ID_STRING)) {                                              ^   symbol:   variable ID_STRING   location: class JsonToken 2 errors 
Gemini,JacksonCore,23,com.fasterxml.jackson.core.util.DefaultPrettyPrinter,True,1,COMPILE_FAIL,,,,,,,False,,,10.0,TEST_COMPILE_FAIL,stCode/JacksonCore_23b/DefaultPrettyPrinterTest.java:269: error: cannot find symbol         DefaultIndenter.NopIndenter nop = DefaultIndenter.NopIndenter.instance;                                                          ^   symbol:   variable NopIndenter   location: class DefaultIndenter 10 errors 
Gemini,JacksonCore,19,com.fasterxml.jackson.core.json.ReaderBasedJsonParser;com.fasterxml.jackson.core.json.UTF8StreamJsonParser,True,1,SUCCESS,SUCCESS,11,11,11,11,,False,10.53,8.55,19.3,,
Gemini,JacksonCore,24,com.fasterxml.jackson.core.base.ParserBase;com.fasterxml.jackson.core.base.ParserMinimalBase,True,1,COMPILE_FAIL,,,,,,,False,,,9.5,TEST_COMPILE_FAIL,r: ConcreteParserBase is not abstract and does not override abstract method getTextOffset() in ParserMinimalBase     private static class ConcreteParserBase extends ParserBase {                    ^ Note: Some messages have been simplified; recompile with -Xdiags:verbose to get full output 7 errors 
Gemini,Compress,26,org.apache.commons.compress.utils.IOUtils,True,1,SUCCESS,SUCCESS,0,0,,,,False,,,190.5,TIMEOUT_FIXED,fixed run exceeded 180s
Gemini,JacksonCore,25,com.fasterxml.jackson.core.json.ReaderBasedJsonParser,True,1,COMPILE_FAIL,,,,,,,False,,,9.8,TEST_COMPILE_FAIL,/workspace/Gemini/TestCode/JacksonCore_25b/ReaderBasedJsonParserTest.java:232: error: cannot find symbol         assertNotNull(parser.getTextStream());                             ^   symbol:   method getTextStream()   location: variable parser of type ReaderBasedJsonParser 1 error 
Gemini,JacksonCore,2,com.fasterxml.jackson.core.json.ReaderBasedJsonParser;com.fasterxml.jackson.core.json.UTF8StreamJsonParser,False,1,COMPILE_FAIL,,,,,,,False,,,10.2,TEST_COMPILE_FAIL,TestCode/JacksonCore_2b/ReaderBasedJsonParserTest.java:226: error: DEFAULT_PARSER_FEATURE_FLAGS has protected access in JsonFactory         int features = JsonFactory.DEFAULT_PARSER_FEATURE_FLAGS | JsonParser.Feature.ALLOW_UNQUOTED_FIELD_NAMES.getMask();                                   ^ 4 errors 
Gemini,JacksonCore,3,com.fasterxml.jackson.core.json.UTF8StreamJsonParser,False,1,COMPILE_FAIL,,,,,,,False,,,10.3,TEST_COMPILE_FAIL,mJsonParserTest.java:263: error: cannot find symbol         int parseFeatures = JsonParser.Feature.ALLOW_COMMENTS.collectViaDefaults();                                                              ^   symbol:   method collectViaDefaults()   location: variable ALLOW_COMMENTS of type Feature 6 errors 
Gemini,JacksonCore,4,com.fasterxml.jackson.core.util.TextBuffer,False,1,COMPILE_FAIL,,,,,,,False,,,10.6,TEST_COMPILE_FAIL,l:   class TextBuffer   location: class TextBufferTest /workspace/Gemini/TestCode/JacksonCore_4b/TextBufferTest.java:121: error: cannot find symbol         TextBuffer buffer = new TextBuffer();                                 ^   symbol:   class TextBuffer   location: class TextBufferTest 28 errors 
Gemini,JacksonCore,5,com.fasterxml.jackson.core.JsonPointer,False,1,COMPILE_FAIL,,,,,,,False,,,10.5,TEST_COMPILE_FAIL,"   class JexlExpressionFactory   location: class JsonPointerTest /workspace/Gemini/TestCode/JacksonCore_5b/JsonPointerTest.java:19: error: cannot find symbol         Expression expr = factory.createExpression(""foo"");         ^   symbol:   class Expression   location: class JsonPointerTest 10 errors "
Gemini,JacksonCore,6,com.fasterxml.jackson.core.JsonPointer,True,1,COMPILE_FAIL,,,,,,,False,,,10.6,TEST_COMPILE_FAIL,"variable empty of type JsonPointer /workspace/Gemini/TestCode/JacksonCore_6b/JsonPointerTest.java:124: error: cannot find symbol         assertSame(empty, empty.append(null));                                ^   symbol:   method append(<null>)   location: variable empty of type JsonPointer 13 errors "
Gemini,JacksonCore,26,com.fasterxml.jackson.core.json.async.NonBlockingJsonParser,True,1,SUCCESS,SUCCESS,11,3,11,3,,False,22.6,18.09,20.8,,
Gemini,JacksonCore,7,com.fasterxml.jackson.core.json.JsonWriteContext,True,1,COMPILE_FAIL,,,,,,,False,,,10.4,TEST_COMPILE_FAIL,extTest.java:126: error: reference to rootDetector is ambiguous         DupDetector dupDetector = DupDetector.rootDetector(null);                                              ^   both method rootDetector(JsonParser) in DupDetector and method rootDetector(JsonGenerator) in DupDetector match 7 errors 
Gemini,JacksonCore,8,com.fasterxml.jackson.core.util.TextBuffer,False,1,COMPILE_FAIL,,,,,,,False,,,10.5,TEST_COMPILE_FAIL,"mbol:   class TextBuffer   location: class TextBufferTest /workspace/Gemini/TestCode/JacksonCore_8b/TextBufferTest.java:184: error: cannot find symbol         TextBuffer tb = new TextBuffer(""abc"");                             ^   symbol:   class TextBuffer   location: class TextBufferTest 48 errors "
Gemini,JacksonCore,9,com.fasterxml.jackson.core.base.ParserMinimalBase;com.fasterxml.jackson.core.json.ReaderBasedJsonParser;com.fasterxml.jackson.core.json.UTF8StreamJsonParser,False,1,COMPILE_FAIL,,,,,,,False,,,10.1,TEST_COMPILE_FAIL,inimalBaseTest /workspace/Gemini/TestCode/JacksonCore_9b/ParserMinimalBaseTest.java:16: error: cannot find symbol         ParserMinimalBase parser = new ParserMinimalBase();                                        ^   symbol:   class ParserMinimalBase   location: class ParserMinimalBaseTest 4 errors 
Gemini,JacksonDatabind,100,com.fasterxml.jackson.databind.node.TreeTraversingParser,True,1,COMPILE_FAIL,,,,,,,False,,,12.0,TEST_COMPILE_FAIL,)   location: variable parser of type TreeTraversingParser /workspace/Gemini/TestCode/JacksonDatabind_100b/TreeTraversingParserTest.java:328: error: cannot find symbol         JsonNode node = NullNode.instance;         ^   symbol:   class JsonNode   location: class TreeTraversingParserTest 2 errors 
Gemini,JacksonDatabind,101,com.fasterxml.jackson.databind.deser.BeanDeserializer,True,1,COMPILE_FAIL,,,,,,,False,,,11.7,TEST_COMPILE_FAIL,                            ^ Note: /workspace/Gemini/TestCode/JacksonDatabind_101b/BeanDeserializerTest.java uses or overrides a deprecated API. Note: Recompile with -Xlint:deprecation for details. Note: Some messages have been simplified; recompile with -Xdiags:verbose to get full output 8 errors 
Gemini,JacksonDatabind,102,com.fasterxml.jackson.databind.ser.std.DateTimeSerializerBase,True,1,COMPILE_FAIL,,,,,,,False,,,12.1,TEST_COMPILE_FAIL,"onstructor Std.Std(PropertyName,JavaType,PropertyName,Annotations,AnnotatedMember,PropertyMetadata) is not applicable       (actual and formal argument lists differ in length)     constructor Std.Std(Std,JavaType) is not applicable       (actual and formal argument lists differ in length) 11 errors "
Gemini,JacksonDatabind,103,com.fasterxml.jackson.databind.DatabindContext;com.fasterxml.jackson.databind.DeserializationContext;com.fasterxml.jackson.databind.JsonMappingException;com.fasterxml.jackson.databind.SerializerProvider;com.fasterxml.jackson.databind.deser.BasicDeserializerFactory;com.fasterxml.jackson.databind.deser.BeanDeserializerFactory;com.fasterxml.jackson.databind.deser.DeserializerCache;com.fasterxml.jackson.databind.deser.SettableAnyProperty;com.fasterxml.jackson.databind.deser.SettableBeanProperty;com.fasterxml.jackson.databind.deser.std.StdDeserializer;com.fasterxml.jackson.databind.deser.std.StdKeyDeserializer;com.fasterxml.jackson.databind.deser.std.StdValueInstantiator;com.fasterxml.jackson.databind.introspect.BasicBeanDescription;com.fasterxml.jackson.databind.ser.DefaultSerializerProvider;com.fasterxml.jackson.databind.ser.PropertyBuilder;com.fasterxml.jackson.databind.util.ClassUtil,True,1,COMPILE_FAIL,,,,,,,False,,,10.7,TEST_COMPILE_FAIL,"                                  ^ /workspace/Gemini/TestCode/JacksonDatabind_103b/DatabindContextTest.java:147: error: ';' expected         assertNotNull(context.findCoercionFrom Blank_Empty(null, null, null));                                                                             ^ 2 errors "
Gemini,JacksonDatabind,104,com.fasterxml.jackson.databind.util.StdDateFormat,True,1,COMPILE_FAIL,,,,,,,False,,,11.8,TEST_COMPILE_FAIL,"teFormat.padInt(sb, 123);                      ^   symbol:   method padInt(StringBuffer,int)   location: class StdDateFormat Note: /workspace/Gemini/TestCode/JacksonDatabind_104b/StdDateFormatTest.java uses or overrides a deprecated API. Note: Recompile with -Xlint:deprecation for details. 2 errors "
Gemini,JacksonDatabind,106,com.fasterxml.jackson.databind.node.TreeTraversingParser,True,1,COMPILE_FAIL,,,,,,,False,,,12.1,TEST_COMPILE_FAIL,"Parser /workspace/Gemini/TestCode/JacksonDatabind_106b/TreeTraversingParserTest.java:263: error: cannot find symbol         assertEquals(4, parser.getTokenLength());                               ^   symbol:   method getTokenLength()   location: variable parser of type TreeTraversingParser 7 errors "
Gemini,JacksonDatabind,107,com.fasterxml.jackson.databind.jsontype.impl.TypeDeserializerBase,True,1,COMPILE_FAIL,,,,,,,False,,,12.1,TEST_COMPILE_FAIL,"107: error: cannot find symbol         assertNotNull(des._deserializeTypedUsingDefaultImpl(null, ctxt, null));                          ^   symbol:   method _deserializeTypedUsingDefaultImpl(<null>,DeserializationContext,<null>)   location: variable des of type ConcreteTypeDeserializerBase 2 errors "
Gemini,JacksonDatabind,108,com.fasterxml.jackson.databind.ObjectReader,True,1,COMPILE_FAIL,,,,,,,False,,,12.3,TEST_COMPILE_FAIL,"nd symbol         assertNotNull(objectReader.getAttribute(""test""));                                   ^   symbol:   method getAttribute(String)   location: variable objectReader of type ObjectReader Note: Some messages have been simplified; recompile with -Xdiags:verbose to get full output 7 errors "
Gemini,JacksonDatabind,109,com.fasterxml.jackson.databind.ser.std.NumberSerializer;com.fasterxml.jackson.databind.ser.std.NumberSerializers,True,1,COMPILE_FAIL,,,,,,,False,,,12.1,TEST_COMPILE_FAIL, location: class MapperConfig Note: /workspace/Gemini/TestCode/JacksonDatabind_109b/NumberSerializerTest.java uses or overrides a deprecated API. Note: Recompile with -Xlint:deprecation for details. Note: Some messages have been simplified; recompile with -Xdiags:verbose to get full output 4 errors 
Gemini,JacksonDatabind,10,com.fasterxml.jackson.databind.ser.AnyGetterWriter;com.fasterxml.jackson.databind.ser.BeanSerializerFactory,True,1,COMPILE_FAIL,,,,,,,False,,,12.0,TEST_COMPILE_FAIL,"Method cannot be converted to AnnotatedMember         AnyGetterWriter writer = new AnyGetterWriter(property, getter, mapSerializer);                                                                ^ Note: Some messages have been simplified; recompile with -Xdiags:verbose to get full output 12 errors "
Gemini,JacksonDatabind,105,com.fasterxml.jackson.databind.deser.std.JdkDeserializers,True,1,SUCCESS,SUCCESS,4,0,4,0,,False,71.43,66.67,24.5,,
Gemini,JacksonDatabind,111,com.fasterxml.jackson.databind.deser.CreatorProperty;com.fasterxml.jackson.databind.deser.impl.FieldProperty;com.fasterxml.jackson.databind.deser.impl.MethodProperty;com.fasterxml.jackson.databind.deser.impl.ObjectIdReferenceProperty;com.fasterxml.jackson.databind.deser.impl.ObjectIdValueProperty;com.fasterxml.jackson.databind.deser.impl.SetterlessProperty;com.fasterxml.jackson.databind.deser.std.AtomicReferenceDeserializer,True,1,COMPILE_FAIL,,,,,,,False,,,10.8,TEST_COMPILE_FAIL,IRED;                                                         ^ /workspace/Gemini/TestCode/JacksonDatabind_111b/CreatorPropertyTest.java:37: error: not a statement         PropertyMetadata metadata = PropertyMetadata.STD _REQUIRED;                                                          ^ 2 errors 
Gemini,JacksonDatabind,112,com.fasterxml.jackson.databind.deser.std.StringCollectionDeserializer,True,1,COMPILE_FAIL,,,,,,,False,,,11.4,TEST_COMPILE_FAIL,"constructor Std.Std(PropertyName,JavaType,PropertyName,Annotations,AnnotatedMember,PropertyMetadata) is not applicable       (actual and formal argument lists differ in length)     constructor Std.Std(Std,JavaType) is not applicable       (actual and formal argument lists differ in length) 5 errors "
Gemini,JacksonDatabind,11,com.fasterxml.jackson.databind.type.TypeFactory,True,1,COMPILE_FAIL,,,,,,,False,,,11.4,TEST_COMPILE_FAIL," ^   symbol:   method constructGeneralizedType(JavaType,Class<Collection>)   location: variable typeFactory of type TypeFactory Note: /workspace/Gemini/TestCode/JacksonDatabind_11b/TypeFactoryTest.java uses or overrides a deprecated API. Note: Recompile with -Xlint:deprecation for details. 3 errors "
Gemini,JacksonDatabind,12,com.fasterxml.jackson.databind.deser.std.MapDeserializer,True,1,COMPILE_FAIL,,,,,,,False,,,11.6,TEST_COMPILE_FAIL,"                    ^   required: String,String   found: String   reason: actual and formal argument lists differ in length Note: /workspace/Gemini/TestCode/JacksonDatabind_12b/MapDeserializerTest.java uses unchecked or unsafe operations. Note: Recompile with -Xlint:unchecked for details. 10 errors "
Gemini,JacksonDatabind,13,com.fasterxml.jackson.databind.deser.DefaultDeserializationContext;com.fasterxml.jackson.databind.deser.impl.ObjectIdValueProperty,True,1,COMPILE_FAIL,,,,,,,False,,,11.4,TEST_COMPILE_FAIL," be applied to given types;         DefaultDeserializationContext copy = impl.createInstance();                                                  ^   required: DeserializationConfig,JsonParser,InjectableValues   found: no arguments   reason: actual and formal argument lists differ in length 8 errors "
Gemini,JacksonDatabind,14,com.fasterxml.jackson.databind.ObjectReader,True,1,COMPILE_FAIL,,,,,,,False,,,10.6,TEST_COMPILE_FAIL,"NotNull(dfReaders.with(\""UTF-8\""));                                             ^ /workspace/Gemini/TestCode/JacksonDatabind_14b/ObjectReaderTest.java:151: error: unclosed string literal         Assert.assertNotNull(dfReaders.with(\""UTF-8\""));                                              ^ 2 errors "
Gemini,JacksonDatabind,110,com.fasterxml.jackson.databind.deser.impl.JavaUtilCollectionsDeserializers,True,1,SUCCESS,SUCCESS,3,0,3,0,,False,48.28,33.33,25.1,,
Gemini,JacksonDatabind,15,com.fasterxml.jackson.databind.JavaType;com.fasterxml.jackson.databind.ser.BeanSerializerFactory;com.fasterxml.jackson.databind.ser.std.BeanSerializerBase;com.fasterxml.jackson.databind.ser.std.StdDelegatingSerializer;com.fasterxml.jackson.databind.ser.std.StdSerializer,True,1,COMPILE_FAIL,,,,,,,False,,,11.7,TEST_COMPILE_FAIL, variable type of type DummyJavaType /workspace/Gemini/TestCode/JacksonDatabind_15b/JavaTypeTest.java:130: error: cannot find symbol         assertFalse(type.hasAbstractTypes());                         ^   symbol:   method hasAbstractTypes()   location: variable type of type DummyJavaType 7 errors 
Gemini,JacksonDatabind,16,com.fasterxml.jackson.databind.introspect.AnnotationMap,True,1,COMPILE_FAIL,,,,,,,False,,,11.7,TEST_COMPILE_FAIL,cksonDatabind_16b/AnnotationMapTest.java:239: error: cannot find symbol         Annotation removedNonExistent = map.remove(DummyAnnotation2.class);                                            ^   symbol:   method remove(Class<DummyAnnotation2>)   location: variable map of type AnnotationMap 2 errors 
Gemini,JacksonDatabind,17,com.fasterxml.jackson.databind.ObjectMapper,True,1,COMPILE_FAIL,,,,,,,False,,,11.2,TEST_COMPILE_FAIL,ni/TestCode/JacksonDatabind_17b/ObjectMapperTest.java:110: error: cannot find symbol         assertNotNull(objectMapper.configOverride(Object.class));                                   ^   symbol:   method configOverride(Class<Object>)   location: variable objectMapper of type ObjectMapper 4 errors 
Gemini,JacksonDatabind,18,com.fasterxml.jackson.databind.MappingIterator,True,1,COMPILE_FAIL,,,,,,,False,,,10.0,TEST_COMPILE_FAIL,  return tokens.[++index];                               ^ /workspace/Gemini/TestCode/JacksonDatabind_18b/MappingIteratorTest.java:49: error: invalid method declaration; return type required         @Override public JsonTokengetLastClearedToken() { return null; }                          ^ 2 errors 
Gemini,JacksonDatabind,19,com.fasterxml.jackson.databind.type.TypeFactory,True,1,COMPILE_FAIL,,,,,,,False,,,10.9,TEST_COMPILE_FAIL,"e(JavaType type, Type jdkType, TypeBindings bindings, TypeFactory typeFactory) {                    ^   symbol: class JavaType Note: /workspace/Gemini/TestCode/JacksonDatabind_19b/TypeFactoryTest.java uses or overrides a deprecated API. Note: Recompile with -Xlint:deprecation for details. 18 errors "
Gemini,JacksonDatabind,20,com.fasterxml.jackson.databind.node.ObjectNode,True,1,COMPILE_FAIL,,,,,,,False,,,10.6,TEST_COMPILE_FAIL,"cksonDatabind_20b/ObjectNodeTest.java:187: error: cannot find symbol         JsonNode second = objectNode.putIfAbsent(""key"", TextNode.valueOf(""second""));                                     ^   symbol:   method putIfAbsent(String,TextNode)   location: variable objectNode of type ObjectNode 5 errors "
Gemini,JacksonDatabind,21,com.fasterxml.jackson.databind.introspect.JacksonAnnotationIntrospector,True,1,COMPILE_FAIL,,,,,,,False,,,11.2,TEST_COMPILE_FAIL,"s(Object.class, null, null));                                ^   symbol:   method findEnumValues(Class<Object>,<null>,<null>)   location: variable introspector of type JacksonAnnotationIntrospector Note: Some messages have been simplified; recompile with -Xdiags:verbose to get full output 21 errors "
Gemini,JacksonDatabind,22,com.fasterxml.jackson.databind.ser.BasicSerializerFactory;com.fasterxml.jackson.databind.ser.BeanSerializerFactory,True,1,COMPILE_FAIL,,,,,,,False,,,11.2,TEST_COMPILE_FAIL,"vider             JsonSerializer<?> ser = serializerFactory.findSerializerByPrimaryType(config, type, null, null);                                                                                   ^ Note: Some messages have been simplified; recompile with -Xdiags:verbose to get full output 6 errors "
Gemini,JacksonDatabind,23,com.fasterxml.jackson.databind.ser.std.NumberSerializers,True,1,COMPILE_FAIL,,,,,,,False,,,11.9,TEST_COMPILE_FAIL,ion: class NumberSerializersTest /workspace/Gemini/TestCode/JacksonDatabind_23b/NumberSerializersTest.java:99: error: cannot find symbol         ObjectMapper mapper = new JsonMapper();                                   ^   symbol:   class JsonMapper   location: class NumberSerializersTest 11 errors 
Gemini,JacksonDatabind,24,com.fasterxml.jackson.databind.cfg.BaseSettings,True,1,COMPILE_FAIL,,,,,,,False,,,12.8,TEST_COMPILE_FAIL,tegyInstance(                           ^   return type Object is not compatible with PropertyNamingStrategy /workspace/Gemini/TestCode/JacksonDatabind_24b/BaseSettingsTest.java:304: error: method does not override or implement a method from a supertype             @Override             ^ 30 errors 
Gemini,JacksonDatabind,25,com.fasterxml.jackson.databind.deser.BasicDeserializerFactory;com.fasterxml.jackson.databind.deser.DeserializerCache;com.fasterxml.jackson.databind.jsontype.impl.TypeDeserializerBase;com.fasterxml.jackson.databind.module.SimpleAbstractTypeResolver,True,1,COMPILE_FAIL,,,,,,,False,,,13.3,TEST_COMPILE_FAIL,"types: JavaType cannot be converted to CollectionType             factory.createCollectionDeserializer(null, type, config.introspect(type));                                                        ^ Note: Some messages have been simplified; recompile with -Xdiags:verbose to get full output 11 errors "
Gemini,JacksonDatabind,26,com.fasterxml.jackson.databind.ser.BeanPropertyWriter,True,1,COMPILE_FAIL,,,,,,,False,,,13.5,TEST_COMPILE_FAIL,"i/TestCode/JacksonDatabind_26b/BeanPropertyWriterTest.java:123: error: cannot find symbol             public void optionalProperty(String name, JsonFormatVisitable handler, JavaType propertyType) {}                                                       ^   symbol: class JsonFormatVisitable 6 errors "
Gemini,JacksonDatabind,27,com.fasterxml.jackson.databind.deser.BeanDeserializer,True,1,COMPILE_FAIL,,,,,,,False,,,13.1,TEST_COMPILE_FAIL,"bol             JsonDeserializer<Object> unwrapped = deserializer.unwrappingDeserializer(NameTransformer.simple(""pre_""));                                                                                                     ^   symbol:   method simple(String)   location: class NameTransformer 1 error "
Gemini,JacksonDatabind,28,com.fasterxml.jackson.databind.deser.std.JsonNodeDeserializer,True,1,COMPILE_FAIL,,,,,,,False,,,12.8,TEST_COMPILE_FAIL,               ^   where CAP#1 is a fresh type-variable:     CAP#1 extends JsonNode from capture of ? extends JsonNode Note: /workspace/Gemini/TestCode/JacksonDatabind_28b/JsonNodeDeserializerTest.java uses or overrides a deprecated API. Note: Recompile with -Xlint:deprecation for details. 3 errors 
Gemini,JacksonDatabind,29,com.fasterxml.jackson.databind.deser.impl.ExternalTypeHandler,True,1,COMPILE_FAIL,,,,,,,False,,,12.4,TEST_COMPILE_FAIL,est.java:73: error: method build in class Builder cannot be applied to given types;         ExternalTypeHandler handler = builder.build(null);                                              ^   required: no arguments   found: <null>   reason: actual and formal argument lists differ in length 5 errors 
Gemini,JacksonDatabind,2,com.fasterxml.jackson.databind.util.TokenBuffer,False,1,COMPILE_FAIL,,,,,,,False,,,12.8,TEST_COMPILE_FAIL,ormal argument lists differ in length /workspace/Gemini/TestCode/JacksonDatabind_2b/TokenBufferTest.java:261: error: cannot find symbol         assertNotNull(jp.getSourceLocation());                         ^   symbol:   method getSourceLocation()   location: variable jp of type JsonParser 5 errors 
Gemini,JacksonDatabind,30,com.fasterxml.jackson.databind.ObjectMapper;com.fasterxml.jackson.databind.util.TokenBuffer,True,1,COMPILE_FAIL,,,,,,,False,,,12.7,TEST_COMPILE_FAIL,                 ^   symbol:   method configOverride(Class<SimpleBean>)   location: variable objectMapper of type ObjectMapper Note: /workspace/Gemini/TestCode/JacksonDatabind_30b/ObjectMapperTest.java uses or overrides a deprecated API. Note: Recompile with -Xlint:deprecation for details. 2 errors 
Gemini,JacksonDatabind,31,com.fasterxml.jackson.databind.util.TokenBuffer,True,1,COMPILE_FAIL,,,,,,,False,,,12.3,TEST_COMPILE_FAIL,"rror: incompatible types: DeserializationContext cannot be converted to JsonParser         Integer val = tokenBuffer.deserialize(ctxt, Integer.class);                                               ^ Note: Some messages have been simplified; recompile with -Xdiags:verbose to get full output 5 errors "
Gemini,JacksonDatabind,32,com.fasterxml.jackson.databind.deser.std.UntypedObjectDeserializer,True,1,COMPILE_FAIL,,,,,,,False,,,12.4,TEST_COMPILE_FAIL,                     ^ Note: /workspace/Gemini/TestCode/JacksonDatabind_32b/UntypedObjectDeserializerTest.java uses or overrides a deprecated API. Note: Recompile with -Xlint:deprecation for details. Note: Some messages have been simplified; recompile with -Xdiags:verbose to get full output 1 error 
Gemini,JacksonDatabind,33,com.fasterxml.jackson.databind.introspect.JacksonAnnotationIntrospector,True,1,COMPILE_FAIL,,,,,,,False,,,12.3,TEST_COMPILE_FAIL,"od findObjectIdRefInfo(<null>,<null>)   location: variable introspector of type JacksonAnnotationIntrospector Note: /workspace/Gemini/TestCode/JacksonDatabind_33b/JacksonAnnotationIntrospectorTest.java uses or overrides a deprecated API. Note: Recompile with -Xlint:deprecation for details. 2 errors "
Gemini,JacksonDatabind,34,com.fasterxml.jackson.databind.ser.std.NumberSerializer,True,1,COMPILE_FAIL,,,,,,,False,,,12.1,TEST_COMPILE_FAIL," find symbol         ContextualSerializer contextual = numberSerializer.createContextual(provider, null);                                                           ^   symbol:   method createContextual(SerializerProvider,<null>)   location: variable numberSerializer of type NumberSerializer 1 error "
Gemini,JacksonDatabind,35,com.fasterxml.jackson.databind.jsontype.impl.AsWrapperTypeDeserializer,True,1,COMPILE_FAIL,,,,,,,False,,,11.5,TEST_COMPILE_FAIL,"erTest.java:64: error: incompatible types: JavaType cannot be converted to Class<?>                 baseType, idRes, ""typeProp"", false, baseType                                                     ^ Note: Some messages have been simplified; recompile with -Xdiags:verbose to get full output 7 errors "
Gemini,JacksonDatabind,36,com.fasterxml.jackson.databind.util.StdDateFormat,True,1,COMPILE_FAIL,,,,,,,False,,,11.5,TEST_COMPILE_FAIL,/workspace/Gemini/TestCode/JacksonDatabind_36b/StdDateFormatTest.java:36: error: cannot find symbol         assertNotNull(StdDateFormat.DATE_FORMAT_STR_ZONED_DATE_TIME);                                    ^   symbol:   variable DATE_FORMAT_STR_ZONED_DATE_TIME   location: class StdDateFormat 1 error 
Gemini,JacksonDatabind,37,com.fasterxml.jackson.databind.type.SimpleType,True,1,COMPILE_FAIL,,,,,,,False,,,11.5,TEST_COMPILE_FAIL,;                                     ^   symbol:   method constructUnparameterized(Class<String>)   location: class SimpleType Note: /workspace/Gemini/TestCode/JacksonDatabind_37b/SimpleTypeTest.java uses or overrides a deprecated API. Note: Recompile with -Xlint:deprecation for details. 14 errors 
Gemini,JacksonDatabind,39,com.fasterxml.jackson.databind.deser.std.NullifyingDeserializer,True,1,COMPILE_FAIL,,,,,,,False,,,11.4,TEST_COMPILE_FAIL,"        JsonDeserializer<?> contextual = deserializer.createContextual(ctxt, (BeanProperty) null);                                                      ^   symbol:   method createContextual(DeserializationContext,BeanProperty)   location: variable deserializer of type NullifyingDeserializer 1 error "
Gemini,JacksonDatabind,38,com.fasterxml.jackson.databind.type.CollectionType;com.fasterxml.jackson.databind.type.MapType;com.fasterxml.jackson.databind.type.SimpleType,True,1,COMPILE_FAIL,,,,,,,False,,,11.6,TEST_COMPILE_FAIL,   CollectionType modified = collType.withContentType(elemType2);                                                           ^ Note: /workspace/Gemini/TestCode/JacksonDatabind_38b/CollectionTypeTest.java uses or overrides a deprecated API. Note: Recompile with -Xlint:deprecation for details. 1 error 
Gemini,JacksonDatabind,3,com.fasterxml.jackson.databind.deser.std.StringArrayDeserializer,False,1,COMPILE_FAIL,,,,,,,False,,,10.7,TEST_COMPILE_FAIL,"/workspace/Gemini/TestCode/JacksonDatabind_3b/StringArrayDeserializerTest.java:19: error: illegal start of type     public(String[] args) {} // Just to ensure compilation/syntax sanity if needed, but standard JUnit follows:           ^ 1 error "
Gemini,JacksonDatabind,40,com.fasterxml.jackson.databind.deser.std.NumberDeserializers,True,1,COMPILE_FAIL,,,,,,,False,,,12.0,TEST_COMPILE_FAIL,                      ^ /workspace/Gemini/TestCode/JacksonDatabind_40b/NumberDeserializersTest.java:165: error: unreported exception JsonMappingException; must be caught or declared to be thrown         Object nullVal = deser.getNullValue(null);                                            ^ 6 errors 
Gemini,JacksonDatabind,41,com.fasterxml.jackson.databind.type.TypeFactory,True,1,COMPILE_FAIL,,,,,,,False,,,12.0,TEST_COMPILE_FAIL,"        ^   symbol:   method resolveMemberType(Class<String>,TypeBindings)   location: variable typeFactory of type TypeFactory Note: /workspace/Gemini/TestCode/JacksonDatabind_41b/TypeFactoryTest.java uses or overrides a deprecated API. Note: Recompile with -Xlint:deprecation for details. 2 errors "
Gemini,JacksonDatabind,42,com.fasterxml.jackson.databind.deser.std.FromStringDeserializer,True,1,COMPILE_FAIL,,,,,,,False,,,12.0,TEST_COMPILE_FAIL,lizerTest.java:52: error: method does not override or implement a method from a supertype         @Override         ^ Note: /workspace/Gemini/TestCode/JacksonDatabind_42b/FromStringDeserializerTest.java uses or overrides a deprecated API. Note: Recompile with -Xlint:deprecation for details. 1 error 
Gemini,JacksonDatabind,44,com.fasterxml.jackson.databind.type.SimpleType,True,1,COMPILE_FAIL,,,,,,,False,,,11.5,TEST_COMPILE_FAIL,"/workspace/Gemini/TestCode/JacksonDatabind_44b/SimpleTypeTest.java:59: error: cannot find symbol         JavaType modified = type.withHandlers(h1, h2);                                 ^   symbol:   method withHandlers(Object,Object)   location: variable type of type SimpleType 1 error "
Gemini,JacksonDatabind,43,com.fasterxml.jackson.databind.deser.impl.ObjectIdValueProperty,True,1,COMPILE_FAIL,,,,,,,False,,,11.8,TEST_COMPILE_FAIL,"licable       (argument mismatch; ObjectIdInfo cannot be converted to ObjectIdValueProperty)     constructor ObjectIdValueProperty.ObjectIdValueProperty(ObjectIdValueProperty,PropertyName) is not applicable       (argument mismatch; ObjectIdInfo cannot be converted to ObjectIdValueProperty) 1 error "
Gemini,JacksonDatabind,45,com.fasterxml.jackson.databind.ser.std.DateTimeSerializerBase,True,1,COMPILE_FAIL,,,,,,,False,,,12.1,TEST_COMPILE_FAIL,mbol:   method _useTimestamp(SerializerProvider)   location: variable serializer of type ConcreteDateTimeSerializer Note: /workspace/Gemini/TestCode/JacksonDatabind_45b/DateTimeSerializerBaseTest.java uses or overrides a deprecated API. Note: Recompile with -Xlint:deprecation for details. 35 errors 
Gemini,JacksonDatabind,46,com.fasterxml.jackson.databind.type.ReferenceType,True,1,COMPILE_FAIL,,,,,,,False,,,11.7,TEST_COMPILE_FAIL,"           (TypeBindings) bindings,                                ^ /workspace/Gemini/TestCode/JacksonDatabind_46b/ReferenceTypeTest.java:170: error: incompatible types: JavaType cannot be converted to TypeBindings                 (TypeBindings) bindings,                                ^ 16 errors "
Gemini,JacksonDatabind,47,com.fasterxml.jackson.databind.AnnotationIntrospector,True,1,COMPILE_FAIL,,,,,,,False,,,12.0,TEST_COMPILE_FAIL,dbrowableIgnoredForSerialization(null);                                       ^   symbol:   method findbrowableIgnoredForSerialization(<null>)   location: variable ai of type AnnotationIntrospector Note: Some messages have been simplified; recompile with -Xdiags:verbose to get full output 26 errors 
Gemini,JacksonDatabind,48,com.fasterxml.jackson.databind.DeserializationConfig;com.fasterxml.jackson.databind.SerializationConfig,True,1,COMPILE_FAIL,,,,,,,False,,,12.2,TEST_COMPILE_FAIL,.MIME;                             ^   symbol:   variable Base64Variants   location: class DeserializationConfigTest Note: /workspace/Gemini/TestCode/JacksonDatabind_48b/DeserializationConfigTest.java uses or overrides a deprecated API. Note: Recompile with -Xlint:deprecation for details. 18 errors 
Gemini,JacksonDatabind,4,com.fasterxml.jackson.databind.deser.std.StringArrayDeserializer,False,1,COMPILE_FAIL,,,,,,,False,,,10.9,TEST_COMPILE_FAIL,/workspace/Gemini/TestCode/JacksonDatabind_4b/StringArrayDeserializerTest.java:17: error: invalid method declaration; return type required     publictestDeserializeStandardArray() throws Exception {     ^ 1 error 
Gemini,JacksonDatabind,49,com.fasterxml.jackson.databind.ser.impl.WritableObjectId,True,1,COMPILE_FAIL,,,,,,,False,,,12.5,TEST_COMPILE_FAIL,"9b/WritableObjectIdTest.java:310: error: incompatible types: TypeSerializer cannot be converted to ObjectIdWriter         wid.writeAsId(jg, provider, typeSer);                                     ^ Note: Some messages have been simplified; recompile with -Xdiags:verbose to get full output 17 errors "
Gemini,JacksonDatabind,50,com.fasterxml.jackson.databind.deser.BeanDeserializer,True,1,COMPILE_FAIL,,,,,,,False,,,12.6,TEST_COMPILE_FAIL,zerTest.java:58: error: cannot find symbol         BeanDeserializer withId = (BeanDeserializer) deserializer.withBeanId(null);                                                                  ^   symbol:   method withBeanId(<null>)   location: variable deserializer of type BeanDeserializer 3 errors 
Gemini,JacksonDatabind,51,com.fasterxml.jackson.databind.jsontype.impl.TypeDeserializerBase,True,1,COMPILE_FAIL,,,,,,,False,,,13.0,TEST_COMPILE_FAIL,"tract method deserializeTypedFromAny(JsonParser,DeserializationContext) in TypeDeserializer     private static class ConcreteTypeDeserializerBase extends TypeDeserializerBase {                    ^ Note: Some messages have been simplified; recompile with -Xdiags:verbose to get full output 10 errors "
Gemini,JacksonDatabind,52,com.fasterxml.jackson.databind.deser.BeanDeserializerBase;com.fasterxml.jackson.databind.deser.impl.ExternalTypeHandler,True,1,COMPILE_FAIL,,,,,,,False,,,13.3,TEST_COMPILE_FAIL,                 ^   symbol:   method getDeserializerProvider()   location: variable objectMapper of type ObjectMapper Note: /workspace/Gemini/TestCode/JacksonDatabind_52b/BeanDeserializerBaseTest.java uses or overrides a deprecated API. Note: Recompile with -Xlint:deprecation for details. 9 errors 
Gemini,JacksonDatabind,53,com.fasterxml.jackson.databind.type.TypeBindings;com.fasterxml.jackson.databind.type.TypeFactory,True,1,COMPILE_FAIL,,,,,,,False,,,12.7,TEST_COMPILE_FAIL, JavaType   location: class TypeBindingsTest /workspace/Gemini/TestCode/JacksonDatabind_53b/TypeBindingsTest.java:120: error: cannot find symbol             JavaType resolved = tb.findBoundType(vars[0].getName());             ^   symbol:   class JavaType   location: class TypeBindingsTest 17 errors 
Gemini,JacksonDatabind,54,com.fasterxml.jackson.databind.ser.PropertyBuilder,True,1,COMPILE_FAIL,,,,,,,False,,,13.1,TEST_COMPILE_FAIL,"                                           ^   required: SerializerProvider,BeanPropertyDefinition,JavaType,JsonSerializer<?>,TypeSerializer,TypeSerializer,AnnotatedMember,boolean   found: <null>,<null>,<null>,boolean,<null>,<null>   reason: actual and formal argument lists differ in length 1 error "
Gemini,JacksonDatabind,55,com.fasterxml.jackson.databind.ser.std.StdKeySerializers,True,1,COMPILE_FAIL,,,,,,,False,,,13.1,TEST_COMPILE_FAIL,"ed to given types;         StdKeySerializers.EnumKeySerializer serializer = new StdKeySerializers.EnumKeySerializer(null);                                                          ^   required: Class<?>,EnumValues   found: <null>   reason: actual and formal argument lists differ in length 11 errors "
Gemini,JacksonDatabind,56,com.fasterxml.jackson.databind.deser.std.FromStringDeserializer,True,1,COMPILE_FAIL,,,,,,,False,,,12.6,TEST_COMPILE_FAIL,ted to FromStringDeserializer<UUID>         FromStringDeserializer<UUID> uuidDeser = (FromStringDeserializer<UUID>) FromStringDeserializer.findDeserializer(UUID.class);                                                                                                                        ^ 11 errors 
Gemini,JacksonDatabind,57,com.fasterxml.jackson.databind.ObjectReader,True,1,COMPILE_FAIL,,,,,,,False,,,12.3,TEST_COMPILE_FAIL,_57b/ObjectReaderTest.java:106: error: cannot find symbol         DataFormatReaders dfReaders = reader.withFormatReaders(new ObjectReader[0]);                                             ^   symbol:   method withFormatReaders(ObjectReader[])   location: variable reader of type ObjectReader 3 errors 
Gemini,JacksonDatabind,58,com.fasterxml.jackson.databind.deser.BeanDeserializerFactory,True,1,COMPILE_FAIL,,,,,,,False,,,12.1,TEST_COMPILE_FAIL,"error: cannot find symbol         BeanDeserializerBuilder builder = factory.builderFor(ctxt, beanDesc);                                                  ^   symbol:   method builderFor(DeserializationContext,BasicBeanDescription)   location: variable factory of type BeanDeserializerFactory 2 errors "
Gemini,JacksonDatabind,59,com.fasterxml.jackson.databind.JavaType;com.fasterxml.jackson.databind.type.CollectionLikeType;com.fasterxml.jackson.databind.type.MapLikeType;com.fasterxml.jackson.databind.type.TypeFactory,True,1,COMPILE_FAIL,,,,,,,False,,,12.1,TEST_COMPILE_FAIL,"ce/Gemini/TestCode/JacksonDatabind_59b/JavaTypeTest.java:139: error: cannot find symbol         JavaType bypassed = type.withHandlers(valueHandler, typeHandler);                                 ^   symbol:   method withHandlers(Object,Object)   location: variable type of type DummyJavaType 7 errors "
Gemini,JacksonDatabind,5,com.fasterxml.jackson.databind.introspect.AnnotatedClass,False,1,COMPILE_FAIL,,,,,,,False,,,11.7,TEST_COMPILE_FAIL,nDatabind_5b/AnnotatedClassTest.java:97: error: cannot find symbol         AnnotatedClass<DummyAnnotatedClass> ac = new AnnotatedClass<>(DummyAnnotatedClass.class);                                                      ^   symbol:   class AnnotatedClass   location: class AnnotatedClassTest 22 errors 
Gemini,JacksonDatabind,61,com.fasterxml.jackson.databind.ObjectMapper;com.fasterxml.jackson.databind.jsontype.impl.StdTypeResolverBuilder,True,1,COMPILE_FAIL,,,,,,,False,,,10.7,TEST_COMPILE_FAIL," node.get(""name""].asText());                                                ^ /workspace/Gemini/TestCode/JacksonDatabind_61b/ObjectMapperTest.java:174: error: ';' expected         assertEquals(""Jackson"", node.get(""name""].asText());                                                          ^ 2 errors "
Gemini,JacksonDatabind,60,com.fasterxml.jackson.databind.ser.std.JsonValueSerializer,True,1,COMPILE_FAIL,,,,,,,False,,,11.7,TEST_COMPILE_FAIL,est /workspace/Gemini/TestCode/JacksonDatabind_60b/JsonValueSerializerTest.java:98: error: cannot find symbol                 .introspect(JavaType.fromClass(SampleValue.class))                                     ^   symbol:   method fromClass(Class<SampleValue>)   location: class JavaType 9 errors 
Gemini,JacksonDatabind,62,com.fasterxml.jackson.databind.deser.std.CollectionDeserializer,True,1,COMPILE_FAIL,,,,,,,False,,,11.7,TEST_COMPILE_FAIL,"argument lists differ in length)     constructor Std.Std(String,JavaType,PropertyName,Annotations,AnnotatedMember,boolean) is not applicable       (actual and formal argument lists differ in length) Note: Some messages have been simplified; recompile with -Xdiags:verbose to get full output 5 errors "
Gemini,JacksonDatabind,63,com.fasterxml.jackson.databind.JsonMappingException,True,1,COMPILE_FAIL,,,,,,,False,,,11.5,TEST_COMPILE_FAIL, type JsonMappingException Note: /workspace/Gemini/TestCode/JacksonDatabind_63b/JsonMappingExceptionTest.java uses or overrides a deprecated API. Note: Recompile with -Xlint:deprecation for details. Note: Some messages have been simplified; recompile with -Xdiags:verbose to get full output 6 errors 
Gemini,JacksonDatabind,64,com.fasterxml.jackson.databind.ser.PropertyBuilder,True,1,COMPILE_FAIL,,,,,,,False,,,11.4,TEST_COMPILE_FAIL,workspace/Gemini/TestCode/JacksonDatabind_64b/PropertyBuilderTest.java:24: error: cannot find symbol         assertNotNull(builder.getAnnotationIntrospector());                              ^   symbol:   method getAnnotationIntrospector()   location: variable builder of type PropertyBuilder 1 error 
Gemini,JacksonDatabind,66,com.fasterxml.jackson.databind.deser.std.StdKeyDeserializer,True,1,COMPILE_FAIL,,,,,,,False,,,11.4,TEST_COMPILE_FAIL,erializerTest.java:78: error: cannot find symbol         JsonDeserializer<?> deser = mapper.findNonContextualValueDeserializer(type);                                           ^   symbol:   method findNonContextualValueDeserializer(JavaType)   location: variable mapper of type ObjectMapper 3 errors 
Gemini,JacksonDatabind,67,com.fasterxml.jackson.databind.deser.BasicDeserializerFactory,True,1,COMPILE_FAIL,,,,,,,False,,,11.3,TEST_COMPILE_FAIL,"cannot find symbol         JsonDeserializer<?> deser = factory.findStdDeserializer(ctxt, type, null);                                            ^   symbol:   method findStdDeserializer(DeserializationContext,JavaType,<null>)   location: variable factory of type ConcreteDeserializerFactory 2 errors "
Gemini,JacksonDatabind,68,com.fasterxml.jackson.databind.deser.BeanDeserializerBase,True,1,COMPILE_FAIL,,,,,,,False,,,11.3,TEST_COMPILE_FAIL,                         ^   symbol:   method getInjectables()   location: variable base of type DummyBeanDeserializer Note: /workspace/Gemini/TestCode/JacksonDatabind_68b/BeanDeserializerBaseTest.java uses or overrides a deprecated API. Note: Recompile with -Xlint:deprecation for details. 5 errors 
Gemini,JacksonDatabind,69,com.fasterxml.jackson.databind.deser.impl.CreatorCollector,True,1,COMPILE_FAIL,,,,,,,False,,,10.9,TEST_COMPILE_FAIL,symbol         Assert.assertNull(collector.stdCreatorBeanType());                                    ^   symbol:   method stdCreatorBeanType()   location: variable collector of type CreatorCollector Note: Some messages have been simplified; recompile with -Xdiags:verbose to get full output 2 errors 
Gemini,JacksonDatabind,6,com.fasterxml.jackson.databind.util.StdDateFormat,True,1,COMPILE_FAIL,,,,,,,False,,,10.4,TEST_COMPILE_FAIL,"orkspace/Gemini/TestCode/JacksonDatabind_6b/StdDateFormatTest.java:52: error: incompatible types: DateFormat cannot be converted to StdDateFormat         StdDateFormat rfcInstance = StdDateFormat.getRFC1123Format(tz, loc);                                                                   ^ 3 errors "
Gemini,JacksonDatabind,71,com.fasterxml.jackson.databind.deser.std.StdKeyDeserializer,True,1,COMPILE_FAIL,,,,,,,False,,,9.7,TEST_COMPILE_FAIL,"                             ^ /workspace/Gemini/TestCode/JacksonDatabind_71b/StdKeyDeserializerTest.java:157: error: ';' expected         assertEquals(123456tag, desc.deserializeKey(""123456"", ctxt)); // wait, syntax typo                                                                    ^ 3 errors "
Gemini,JacksonDatabind,70,com.fasterxml.jackson.databind.deser.impl.BeanPropertyMap,True,1,COMPILE_FAIL,,,,,,,False,,,10.8,TEST_COMPILE_FAIL,ation: class BeanPropertyMapTest /workspace/Gemini/TestCode/JacksonDatabind_70b/BeanPropertyMapTest.java:133: error: cannot find symbol         List<SettableBeanProperty> props = new ArrayList<>();              ^   symbol:   class SettableBeanProperty   location: class BeanPropertyMapTest 22 errors 
Gemini,JacksonDatabind,73,com.fasterxml.jackson.databind.introspect.POJOPropertiesCollector;com.fasterxml.jackson.databind.introspect.POJOPropertyBuilder,True,1,COMPILE_FAIL,,,,,,,False,,,10.6,TEST_COMPILE_FAIL,"  config, true, type, ac, SerializationConfig.Feature.WRAP_ROOT_VALUE                                                            ^   symbol:   variable Feature   location: class SerializationConfig Note: Some messages have been simplified; recompile with -Xdiags:verbose to get full output 17 errors "
Gemini,JacksonDatabind,75,com.fasterxml.jackson.databind.ser.std.EnumSerializer,True,1,COMPILE_FAIL,,,,,,,False,,,11.0,TEST_COMPILE_FAIL,"alizer.createContextual(provider, property);                                                                      ^   where CAP#1 is a fresh type-variable:     CAP#1 extends Object from capture of ? Note: Some messages have been simplified; recompile with -Xdiags:verbose to get full output 5 errors "
Gemini,JacksonDatabind,76,com.fasterxml.jackson.databind.deser.BuilderBasedDeserializer,True,1,COMPILE_FAIL,,,,,,,False,,,11.2,TEST_COMPILE_FAIL,"er in length)     constructor BuilderBasedDeserializer.BuilderBasedDeserializer(BuilderBasedDeserializer,BeanPropertyMap) is not applicable       (actual and formal argument lists differ in length) Note: Some messages have been simplified; recompile with -Xdiags:verbose to get full output 11 errors "
Gemini,JacksonDatabind,77,com.fasterxml.jackson.databind.deser.BeanDeserializerFactory,True,1,COMPILE_FAIL,,,,,,,False,,,11.1,TEST_COMPILE_FAIL,"error: cannot find symbol         BeanDeserializerBuilder builder = factory.builderFor(ctxt, beanDesc);                                                  ^   symbol:   method builderFor(DeserializationContext,BasicBeanDescription)   location: variable factory of type BeanDeserializerFactory 2 errors "
Gemini,JacksonDatabind,72,com.fasterxml.jackson.databind.deser.impl.InnerClassProperty,True,1,SUCCESS,SUCCESS,2,0,2,0,,False,0.0,0.0,22.0,,
Gemini,JacksonDatabind,78,com.fasterxml.jackson.databind.deser.BeanDeserializerFactory,True,1,COMPILE_FAIL,,,,,,,False,,,10.9,TEST_COMPILE_FAIL,"erializerFactoryTest.java:70: error: cannot find symbol         assertTrue(BeanDeserializerFactory.DeserializerImpl.class.getName().startsWith(""com.fasterxml"") || true);                                           ^   symbol:   class DeserializerImpl   location: class BeanDeserializerFactory 3 errors "
Gemini,JacksonDatabind,74,com.fasterxml.jackson.databind.jsontype.impl.AsPropertyTypeDeserializer,True,1,SUCCESS,SUCCESS,4,3,4,3,,False,29.23,18.42,23.4,,
Gemini,JacksonDatabind,79,com.fasterxml.jackson.databind.introspect.JacksonAnnotationIntrospector;com.fasterxml.jackson.databind.introspect.ObjectIdInfo;com.fasterxml.jackson.databind.ser.std.BeanSerializerBase,True,1,COMPILE_FAIL,,,,,,,False,,,11.0,TEST_COMPILE_FAIL,rom capture of ? Note: /workspace/Gemini/TestCode/JacksonDatabind_79b/JacksonAnnotationIntrospectorTest.java uses or overrides a deprecated API. Note: Recompile with -Xlint:deprecation for details. Note: Some messages have been simplified; recompile with -Xdiags:verbose to get full output 16 errors 
Gemini,JacksonDatabind,7,com.fasterxml.jackson.databind.util.TokenBuffer,True,1,COMPILE_FAIL,,,,,,,False,,,9.8,TEST_COMPILE_FAIL,/workspace/Gemini/TestCode/JacksonDatabind_7b/TokenBufferTest.java:220: error: invalid method declaration; return type required         public booleanisEnabled(Feature f) { return false; }                ^ 1 error 
Gemini,JacksonDatabind,80,com.fasterxml.jackson.databind.jsontype.impl.StdSubtypeResolver,True,1,COMPILE_FAIL,,,,,,,False,,,10.6,TEST_COMPILE_FAIL,"                                          ^   symbol:   method collectAndResolveSubtypesByProperty(SerializationConfig,AnnotatedClass,<null>)   location: variable resolver of type StdSubtypeResolver Note: Some messages have been simplified; recompile with -Xdiags:verbose to get full output 5 errors "
Gemini,JacksonDatabind,81,com.fasterxml.jackson.databind.introspect.JacksonAnnotationIntrospector,True,1,COMPILE_FAIL,,,,,,,False,,,10.5,TEST_COMPILE_FAIL,"                ^   symbol:   method construct(<null>,Method,<null>,<null>)   location: class AnnotatedMethod Note: /workspace/Gemini/TestCode/JacksonDatabind_81b/JacksonAnnotationIntrospectorTest.java uses or overrides a deprecated API. Note: Recompile with -Xlint:deprecation for details. 8 errors "
Gemini,JacksonDatabind,82,com.fasterxml.jackson.databind.deser.BeanDeserializerFactory,True,1,COMPILE_FAIL,,,,,,,False,,,10.6,TEST_COMPILE_FAIL,ni/TestCode/JacksonDatabind_82b/BeanDeserializerFactoryTest.java:84: error: cannot find symbol         BeanDescription beanDesc = ctxt.introspect(type);                                        ^   symbol:   method introspect(JavaType)   location: variable ctxt of type DeserializationContext 6 errors 
Gemini,JacksonDatabind,83,com.fasterxml.jackson.databind.deser.std.FromStringDeserializer,True,1,COMPILE_FAIL,,,,,,,False,,,10.3,TEST_COMPILE_FAIL, not override or implement a method from a supertype         @Override         ^ /workspace/Gemini/TestCode/JacksonDatabind_83b/FromStringDeserializerTest.java:50: error: cannot find symbol             return super._shouldUnwrap();                         ^   symbol: method _shouldUnwrap() 2 errors 
Gemini,JacksonDatabind,84,com.fasterxml.jackson.databind.type.ResolvedRecursiveType,True,1,COMPILE_FAIL,,,,,,,False,,,10.2,TEST_COMPILE_FAIL,"ype /workspace/Gemini/TestCode/JacksonDatabind_84b/ResolvedRecursiveTypeTest.java:87: error: cannot find symbol         assertEquals(type, type.refersTo(intType));                                ^   symbol:   method refersTo(JavaType)   location: variable type of type ResolvedRecursiveType 2 errors "
Gemini,JacksonDatabind,85,com.fasterxml.jackson.databind.ser.std.DateTimeSerializerBase,True,1,COMPILE_FAIL,,,,,,,False,,,10.4,TEST_COMPILE_FAIL,error: cannot find symbol         private final JsonMapper mapper = new JsonMapper();                                               ^   symbol:   class JsonMapper   location: class ObjectMapperStub Note: Some messages have been simplified; recompile with -Xdiags:verbose to get full output 12 errors 
Gemini,JacksonDatabind,87,com.fasterxml.jackson.databind.util.StdDateFormat,True,1,COMPILE_FAIL,,,,,,,False,,,10.4,TEST_COMPILE_FAIL,                                    ^   symbol:   method getLocale()   location: variable stdDateFormat of type StdDateFormat Note: /workspace/Gemini/TestCode/JacksonDatabind_87b/StdDateFormatTest.java uses or overrides a deprecated API. Note: Recompile with -Xlint:deprecation for details. 2 errors 
Gemini,JacksonDatabind,88,com.fasterxml.jackson.databind.jsontype.impl.ClassNameIdResolver,True,1,COMPILE_FAIL,,,,,,,False,,,10.3,TEST_COMPILE_FAIL," ^ /workspace/Gemini/TestCode/JacksonDatabind_88b/ClassNameIdResolverTest.java:112: error: unreported exception IOException; must be caught or declared to be thrown         JavaType res = resolver.typeFromId(null, java.util.Date.class.getName());                                           ^ 3 errors "
Gemini,JacksonDatabind,8,com.fasterxml.jackson.databind.deser.impl.CreatorCollector,False,1,COMPILE_FAIL,,,,,,,False,,,10.8,TEST_COMPILE_FAIL,lectorTest /workspace/Gemini/TestCode/JacksonDatabind_8b/CreatorCollectorTest.java:24: error: cannot find symbol         CreatorCollector collector = new CreatorCollector();                                          ^   symbol:   class CreatorCollector   location: class CreatorCollectorTest 7 errors 
Gemini,JacksonDatabind,90,com.fasterxml.jackson.databind.deser.ValueInstantiator;com.fasterxml.jackson.databind.deser.std.StdValueInstantiator,True,1,COMPILE_FAIL,,,,,,,False,,,11.3,TEST_COMPILE_FAIL,"d_90b/ValueInstantiatorTest.java:132: error: cannot find symbol         assertNull(inst.createProcessedProperties(null, null, null, null));                        ^   symbol:   method createProcessedProperties(<null>,<null>,<null>,<null>)   location: variable inst of type ValueInstantiator 5 errors "
Gemini,JacksonDatabind,86,com.fasterxml.jackson.databind.type.ResolvedRecursiveType,True,1,SUCCESS,SUCCESS,2,1,2,1,,False,24.24,6.25,21.9,,
Gemini,JacksonDatabind,93,com.fasterxml.jackson.databind.jsontype.impl.SubTypeValidator,True,1,COMPILE_FAIL,,,,,,,False,,,11.0,TEST_COMPILE_FAIL,"ubType in class SubTypeValidator cannot be applied to given types;                 validator.validateSubType(null, type, null);                          ^   required: DeserializationContext,JavaType   found: <null>,JavaType,<null>   reason: actual and formal argument lists differ in length 3 errors "
Gemini,JacksonDatabind,92,com.fasterxml.jackson.databind.deser.BeanDeserializerFactory,True,1,COMPILE_FAIL,,,,,,,False,,,11.2,TEST_COMPILE_FAIL,st /workspace/Gemini/TestCode/JacksonDatabind_92b/BeanDeserializerFactoryTest.java:120: error: cannot find symbol         DeserializationConfig config = objectMapper.getDeserializationConfig();         ^   symbol:   class DeserializationConfig   location: class BeanDeserializerFactoryTest 23 errors 
Gemini,JacksonDatabind,94,com.fasterxml.jackson.databind.jsontype.impl.SubTypeValidator,True,1,COMPILE_FAIL,,,,,,,False,,,10.9,TEST_COMPILE_FAIL,");                                  ^ /workspace/Gemini/TestCode/JacksonDatabind_94b/SubTypeValidatorTest.java:98: error: unreported exception JsonMappingException; must be caught or declared to be thrown         validator.validateSubType(ctxt, collType);                                  ^ 7 errors "
Gemini,JacksonDatabind,95,com.fasterxml.jackson.databind.type.TypeFactory;com.fasterxml.jackson.databind.type.TypeParser,True,1,COMPILE_FAIL,,,,,,,False,,,10.8,TEST_COMPILE_FAIL,                             ^   symbol:   method cachedSerializersCount()   location: variable typeFactory of type TypeFactory Note: /workspace/Gemini/TestCode/JacksonDatabind_95b/TypeFactoryTest.java uses or overrides a deprecated API. Note: Recompile with -Xlint:deprecation for details. 4 errors 
Gemini,JacksonDatabind,96,com.fasterxml.jackson.databind.deser.BasicDeserializerFactory,True,1,COMPILE_FAIL,,,,,,,False,,,10.9,TEST_COMPILE_FAIL,ava:71: error: method does not override or implement a method from a supertype         @Override         ^ /workspace/Gemini/TestCode/JacksonDatabind_96b/BasicDeserializerFactoryTest.java:76: error: method does not override or implement a method from a supertype         @Override         ^ 5 errors 
Gemini,JacksonDatabind,91,com.fasterxml.jackson.databind.deser.DeserializerCache,True,1,SUCCESS,SUCCESS,7,4,7,4,,False,17.96,16.67,24.0,,
Gemini,JacksonDatabind,98,com.fasterxml.jackson.databind.deser.impl.ExternalTypeHandler,True,1,COMPILE_FAIL,,,,,,,False,,,10.7,TEST_COMPILE_FAIL,"nd symbol         JsonParser p = objectMapper.createParser(""{}"");                                    ^   symbol:   method createParser(String)   location: variable objectMapper of type ObjectMapper Note: Some messages have been simplified; recompile with -Xdiags:verbose to get full output 14 errors "
Gemini,JacksonDatabind,97,com.fasterxml.jackson.databind.node.POJONode,True,1,COMPILE_FAIL,,,,,,,False,,,10.8,TEST_COMPILE_FAIL,"Node /workspace/Gemini/TestCode/JacksonDatabind_97b/POJONodeTest.java:54: error: cannot find symbol         Assert.assertEquals(""Hello World"", node.getPojoValue());                                                ^   symbol:   method getPojoValue()   location: variable node of type POJONode 2 errors "
Gemini,JacksonDatabind,99,com.fasterxml.jackson.databind.type.ReferenceType,True,1,COMPILE_FAIL,,,,,,,False,,,10.7,TEST_COMPILE_FAIL,                               ^ Note: /workspace/Gemini/TestCode/JacksonDatabind_99b/ReferenceTypeTest.java uses or overrides a deprecated API. Note: Recompile with -Xlint:deprecation for details. Note: Some messages have been simplified; recompile with -Xdiags:verbose to get full output 11 errors 
Gemini,JacksonDatabind,9,com.fasterxml.jackson.databind.ser.std.StdKeySerializer,False,1,COMPILE_FAIL,,,,,,,False,,,10.3,TEST_COMPILE_FAIL,ini/TestCode/JacksonDatabind_9b/StdKeySerializerTest.java:37: error: cannot find symbol         JsonSerializer<Object> serializer = StdKeySerializer.getDefault();                                                             ^   symbol:   method getDefault()   location: class StdKeySerializer 1 error 
Gemini,JacksonXml,3,com.fasterxml.jackson.dataformat.xml.deser.FromXmlParser,False,1,COMPILE_FAIL,,,,,,,False,,,9.7,TEST_COMPILE_FAIL,ser   location: class FromXmlParserTest /workspace/Gemini/TestCode/JacksonXml_3b/FromXmlParserTest.java:33: error: cannot find symbol         FromXmlParser parser = new FromXmlParser();                                    ^   symbol:   class FromXmlParser   location: class FromXmlParserTest 6 errors 
Gemini,JacksonXml,2,com.fasterxml.jackson.dataformat.xml.deser.XmlTokenStream,False,1,COMPILE_FAIL,,,,,,,False,,,10.1,TEST_COMPILE_FAIL,"Test /workspace/Gemini/TestCode/JacksonXml_2b/XmlTokenStreamTest.java:123: error: cannot find symbol         XmlTokenStream stream = new XmlTokenStream(new StringReader(""<root/>""));                                     ^   symbol:   class XmlTokenStream   location: class XmlTokenStreamTest 33 errors "
Gemini,JacksonXml,4,com.fasterxml.jackson.dataformat.xml.ser.XmlSerializerProvider,False,1,COMPILE_FAIL,,,,,,,False,,,9.7,TEST_COMPILE_FAIL,.java:62: error: cannot inherit from final SerializationConfig         return new SerializationConfig(                    ^ Note: /workspace/Gemini/TestCode/JacksonXml_4b/XmlSerializerProviderTest.java uses or overrides a deprecated API. Note: Recompile with -Xlint:deprecation for details. 5 errors 
Gemini,JacksonXml,5,com.fasterxml.jackson.dataformat.xml.ser.XmlSerializerProvider,False,1,COMPILE_FAIL,,,,,,,False,,,9.8,TEST_COMPILE_FAIL,"ind symbol         Object result = provider._rootNameFromIntrospected(serializationConfig, beanDesc, qname);                                 ^   symbol:   method _rootNameFromIntrospected(SerializationConfig,BeanDescription,QName)   location: variable provider of type XmlSerializerProvider 6 errors "
Gemini,JacksonXml,6,com.fasterxml.jackson.dataformat.xml.ser.ToXmlGenerator,True,1,COMPILE_FAIL,,,,,,,False,,,9.6,TEST_COMPILE_FAIL,r(String)   location: variable mapper of type ObjectMapper /workspace/Gemini/TestCode/JacksonXml_6b/ToXmlGeneratorTest.java:241: error: cannot find symbol         gen.setNextIsRoot(true);            ^   symbol:   method setNextIsRoot(boolean)   location: variable gen of type ToXmlGenerator 6 errors 
Gemini,Jsoup,10,org.jsoup.nodes.Node,True,1,COMPILE_FAIL,,,,,,,False,,,9.2,TEST_COMPILE_FAIL,"   location: variable child2 of type Element /workspace/Gemini/TestCode/Jsoup_10b/NodeTest.java:114: error: cannot find symbol         Element el = new Element(Tag.valueOf(""div""), ""http://example.com"");                                  ^   symbol:   variable Tag   location: class NodeTest 21 errors "
Gemini,Jsoup,13,org.jsoup.nodes.Node,True,1,COMPILE_FAIL,,,,,,,False,,,9.0,TEST_COMPILE_FAIL,"ize()   location: variable parent of type Element /workspace/Gemini/TestCode/Jsoup_13b/NodeTest.java:95: error: cannot find symbol         assertEquals(0, parent.childNodeSize());                               ^   symbol:   method childNodeSize()   location: variable parent of type Element 6 errors "
Gemini,Jsoup,14,org.jsoup.parser.Tokeniser;org.jsoup.parser.TokeniserState,True,1,COMPILE_FAIL,,,,,,,False,,,9.1,TEST_COMPILE_FAIL,": incompatible types: int cannot be converted to String         assertEquals(""t"", tokeniser.tagPending.attributes.get(0).getValue());                                                               ^ Note: Some messages have been simplified; recompile with -Xdiags:verbose to get full output 30 errors "
Gemini,Jsoup,15,org.jsoup.parser.TreeBuilderState,True,1,COMPILE_FAIL,,,,,,,False,,,10.2,TEST_COMPILE_FAIL,"nd: no arguments   reason: actual and formal argument lists differ in length /workspace/Gemini/TestCode/Jsoup_15b/TreeBuilderStateTest.java:680: error: cannot find symbol         space.data(""   "");              ^   symbol:   method data(String)   location: variable space of type Character 54 errors "
Gemini,Jsoup,11,org.jsoup.select.Selector,True,1,SUCCESS,SUCCESS,17,2,17,2,,False,66.51,57.58,18.7,,
Gemini,Jsoup,12,org.jsoup.select.Selector,True,1,SUCCESS,SUCCESS,5,0,5,0,,False,44.3,33.57,18.6,,
Gemini,Jsoup,18,org.jsoup.parser.CharacterReader,True,1,COMPILE_FAIL,,,,,,,False,,,9.7,TEST_COMPILE_FAIL,"haracterReader /workspace/Gemini/TestCode/Jsoup_18b/CharacterReaderTest.java:171: error: cannot find symbol         assertFalse(reader.rangeEquals(10, 3, ""abc""));                           ^   symbol:   method rangeEquals(int,int,String)   location: variable reader of type CharacterReader 16 errors "
Gemini,Jsoup,17,org.jsoup.parser.TreeBuilderState,True,1,COMPILE_FAIL,,,,,,,False,,,10.0,TEST_COMPILE_FAIL,"t find symbol         tb.initialiseParse(""<select><option></option></select>"", ""http://example.com"", new ParseErrorList(0));                                                                                            ^   symbol:   class ParseErrorList   location: class TreeBuilderStateTest 32 errors "
Gemini,Jsoup,16,org.jsoup.nodes.DocumentType,True,1,SUCCESS,SUCCESS,7,1,7,2,org.jsoup.nodes.DocumentTypeTest#testOuterHtmlGenerationWithPublicAndSystemIds,True,100.0,100.0,19.1,,
Gemini,Jsoup,19,org.jsoup.safety.Whitelist,True,1,COMPILE_FAIL,,,,,,,False,,,9.5,TEST_COMPILE_FAIL,"ethod addTag(String)   location: variable whitelist of type Whitelist /workspace/Gemini/TestCode/Jsoup_19b/WhitelistTest.java:403: error: cannot find symbol         whitelist.addTag(""a"");                  ^   symbol:   method addTag(String)   location: variable whitelist of type Whitelist 37 errors "
Gemini,Jsoup,20,org.jsoup.helper.DataUtil,True,1,COMPILE_FAIL,,,,,,,False,,,9.1,TEST_COMPILE_FAIL," parseCharset(String)   location: class DataUtil /workspace/Gemini/TestCode/Jsoup_20b/DataUtilTest.java:91: error: cannot find symbol             DataUtil.parseCharset(""charset=gb2312; charset=utf-8"");                     ^   symbol:   method parseCharset(String)   location: class DataUtil 9 errors "
Gemini,Jsoup,21,org.jsoup.select.CombiningEvaluator;org.jsoup.select.QueryParser,True,1,COMPILE_FAIL,,,,,,,False,,,9.2,TEST_COMPILE_FAIL,/workspace/Gemini/TestCode/Jsoup_21b/CombiningEvaluatorTest.java:61: error: cannot find symbol         Evaluator rightMost = or2.rightMostEvaluator();                                  ^   symbol:   method rightMostEvaluator()   location: variable or2 of type Or 1 error 
Gemini,Jsoup,23,org.jsoup.parser.CharacterReader;org.jsoup.parser.Tokeniser,True,1,COMPILE_FAIL,,,,,,,False,,,9.2,TEST_COMPILE_FAIL,"of type CharacterReader /workspace/Gemini/TestCode/Jsoup_23b/CharacterReaderTest.java:211: error: cannot find symbol         assertFalse(emptyReader.contains(""a""));                                ^   symbol:   method contains(String)   location: variable emptyReader of type CharacterReader 8 errors "
Gemini,Jsoup,22,org.jsoup.nodes.Element;org.jsoup.nodes.Node;org.jsoup.select.Elements,True,1,COMPILE_FAIL,,,,,,,False,,,9.3,TEST_COMPILE_FAIL,"   symbol:   variable Tag   location: class ElementTest /workspace/Gemini/TestCode/Jsoup_22b/ElementTest.java:240: error: cannot find symbol         Element el = new Element(Tag.valueOf(""span""), """");                                  ^   symbol:   variable Tag   location: class ElementTest 31 errors "
Gemini,Jsoup,24,org.jsoup.parser.TokeniserState,True,1,COMPILE_FAIL,,,,,,,False,,,8.3,TEST_COMPILE_FAIL,"     r = new CharacterReader(""'""), t = new Tokeniser(r);                                     ^ /workspace/Gemini/TestCode/Jsoup_24b/TokeniserStateTest.java:508: error: ';' expected         r = new CharacterReader(""\u0000""), t = new Tokeniser(r);                                          ^ 100 errors "
Gemini,Jsoup,25,org.jsoup.parser.Tag,True,1,COMPILE_FAIL,,,,,,,False,,,8.6,TEST_COMPILE_FAIL,eservedWhitespace()   location: variable tag of type Tag /workspace/Gemini/TestCode/Jsoup_25b/TagTest.java:118: error: cannot find symbol         assertTrue(pre.isPreservedWhitespace());                       ^   symbol:   method isPreservedWhitespace()   location: variable pre of type Tag 5 errors 
Gemini,Jsoup,26,org.jsoup.safety.Cleaner,True,1,COMPILE_FAIL,,,,,,,False,,,8.5,TEST_COMPILE_FAIL,riable cleaner of type Cleaner /workspace/Gemini/TestCode/Jsoup_26b/CleanerTest.java:80: error: cannot find symbol         assertFalse(cleaner.isValidBodyHtml(invalidHtml));                            ^   symbol:   method isValidBodyHtml(String)   location: variable cleaner of type Cleaner 5 errors 
Gemini,Jsoup,27,org.jsoup.helper.DataUtil,True,1,COMPILE_FAIL,,,,,,,False,,,8.8,TEST_COMPILE_FAIL,"er         org.jsoup.nodes.Document doc = DataUtil.parseByteData(in, null, ""http://example.com"", org.jsoup.parser.Parser.xmlParser());                                                               ^ Note: Some messages have been simplified; recompile with -Xdiags:verbose to get full output 3 errors "
Gemini,Jsoup,28,org.jsoup.nodes.Entities;org.jsoup.parser.Parser;org.jsoup.parser.Tokeniser,True,1,COMPILE_FAIL,,,,,,,False,,,8.6,TEST_COMPILE_FAIL,"error: cannot find symbol         assertEquals(""abc123"", Entities.escape(""abc123"", Document.OutputSettings.Syntax.html, Entities.EscapeMode.base));                                                                                 ^   symbol:   variable Syntax   location: class OutputSettings 5 errors "
Gemini,Jsoup,29,org.jsoup.nodes.Document,True,1,COMPILE_FAIL,,,,,,,False,,,8.7,TEST_COMPILE_FAIL,"ion(Connection)   location: variable doc of type Document /workspace/Gemini/TestCode/Jsoup_29b/DocumentTest.java:98: error: cannot find symbol         assertSame(conn, doc.connection());                             ^   symbol:   method connection()   location: variable doc of type Document 9 errors "
Gemini,Jsoup,2,org.jsoup.parser.Parser,False,1,COMPILE_FAIL,,,,,,,False,,,9.1,TEST_COMPILE_FAIL,new Options();         ^   symbol:   class Options   location: class ParserTest /workspace/Gemini/TestCode/Jsoup_2b/ParserTest.java:55: error: cannot find symbol         Options options = new Options();                               ^   symbol:   class Options   location: class ParserTest 15 errors 
Gemini,Jsoup,30,org.jsoup.safety.Cleaner,True,1,COMPILE_FAIL,,,,,,,False,,,9.5,TEST_COMPILE_FAIL,symbol:   method parse(String)   location: class Document /workspace/Gemini/TestCode/Jsoup_30b/CleanerTest.java:115: error: cannot find symbol         Document dirtyDoc = Document.parse(html);                                     ^   symbol:   method parse(String)   location: class Document 9 errors 
Gemini,Jsoup,31,org.jsoup.parser.Token;org.jsoup.parser.TokeniserState;org.jsoup.parser.XmlTreeBuilder,True,1,COMPILE_FAIL,,,,,,,False,,,9.5,TEST_COMPILE_FAIL,"not applicable       (argument mismatch; char[] cannot be converted to char) /workspace/Gemini/TestCode/Jsoup_31b/TokenTest.java:217: error: cannot find symbol         tag.setAttrName(""attrNew"");            ^   symbol:   method setAttrName(String)   location: variable tag of type StartTag 25 errors "
Gemini,Jsoup,32,org.jsoup.nodes.Element,True,1,COMPILE_FAIL,,,,,,,False,,,9.6,TEST_COMPILE_FAIL,/ElementTest.java:259: error: cannot find symbol         Element shallow = el.shallowClone();                             ^   symbol:   method shallowClone()   location: variable el of type Element Note: Some messages have been simplified; recompile with -Xdiags:verbose to get full output 10 errors 
Gemini,Jsoup,33,org.jsoup.parser.HtmlTreeBuilder,True,1,COMPILE_FAIL,,,,,,,False,,,9.3,TEST_COMPILE_FAIL,Jsoup_33b/HtmlTreeBuilderTest.java:108: error: cannot find symbol         Document doc = Jsoup.parse(html);                        ^   symbol:   variable Jsoup   location: class HtmlTreeBuilderTest Note: Some messages have been simplified; recompile with -Xdiags:verbose to get full output 13 errors 
Gemini,Jsoup,34,org.jsoup.parser.CharacterReader,True,1,COMPILE_FAIL,,,,,,,False,,,9.4,TEST_COMPILE_FAIL,"ini/TestCode/Jsoup_34b/CharacterReaderTest.java:239: error: cannot find symbol         String s3 = CharacterReader.cacheString(cache, new char[]{'d', 'e'}, 0, 2);                                    ^   symbol:   method cacheString(String[],char[],int,int)   location: class CharacterReader 16 errors "
Gemini,Jsoup,35,org.jsoup.parser.HtmlTreeBuilderState,True,1,COMPILE_FAIL,,,,,,,False,,,9.1,TEST_COMPILE_FAIL,"t cannot be applied to given types;         tb.initialiseParse(""<table><tr><td></td></tr></table>"", """", new ParseErrorList(1));                                                                     ^   required: int,int   found: int   reason: actual and formal argument lists differ in length 9 errors "
Gemini,Jsoup,36,org.jsoup.helper.DataUtil,True,1,COMPILE_FAIL,,,,,,,False,,,9.0,TEST_COMPILE_FAIL,"seCharset(String)   location: class DataUtil /workspace/Gemini/TestCode/Jsoup_36b/DataUtilTest.java:51: error: cannot find symbol         assertEquals(""UTF-8"", DataUtil.DEFAULT_CHARSET);                                       ^   symbol:   variable DEFAULT_CHARSET   location: class DataUtil 4 errors "
Gemini,Jsoup,37,org.jsoup.nodes.Element,True,1,COMPILE_FAIL,,,,,,,False,,,9.6,TEST_COMPILE_FAIL,"thod formData()   location: variable form of type Element /workspace/Gemini/TestCode/Jsoup_37b/ElementTest.java:175: error: cannot find symbol         Element el = new Element(Tag.valueOf(""br""), """");                                  ^   symbol:   variable Tag   location: class ElementTest 17 errors "
Gemini,Jsoup,38,org.jsoup.parser.HtmlTreeBuilderState,True,1,COMPILE_FAIL,,,,,,,False,,,9.5,TEST_COMPILE_FAIL,"BuilderStateTest.java:120: error: cannot find symbol         commentToken.comment(""after"");                     ^   symbol:   method comment(String)   location: variable commentToken of type Comment Note: Some messages have been simplified; recompile with -Xdiags:verbose to get full output 7 errors "
Gemini,Jsoup,39,org.jsoup.helper.DataUtil,True,1,COMPILE_FAIL,,,,,,,False,,,9.9,TEST_COMPILE_FAIL,"on: class DataUtil /workspace/Gemini/TestCode/Jsoup_39b/DataUtilTest.java:134: error: cannot find symbol         assertNull(DataUtil.parseCharsetFromBOM(emptyBuffer, ""UTF-8""));                            ^   symbol:   method parseCharsetFromBOM(ByteBuffer,String)   location: class DataUtil 4 errors "
Gemini,Jsoup,3,org.jsoup.nodes.Element;org.jsoup.parser.Parser;org.jsoup.parser.Tag,False,1,COMPILE_FAIL,,,,,,,False,,,9.8,TEST_COMPILE_FAIL,"ent(""div"");                          ^     constructor Element.Element(Tag,String,Attributes) is not applicable       (actual and formal argument lists differ in length)     constructor Element.Element(Tag,String) is not applicable       (actual and formal argument lists differ in length) 33 errors "
Gemini,Jsoup,40,org.jsoup.nodes.DocumentType,True,1,COMPILE_FAIL,,,,,,,False,,,9.7,TEST_COMPILE_FAIL,"er in length) /workspace/Gemini/TestCode/Jsoup_40b/DocumentTypeTest.java:82: error: cannot find symbol         docType.tail(accum, 0, new Document.OutputSettings());                ^   symbol:   method tail(StringBuilder,int,OutputSettings)   location: variable docType of type DocumentType 8 errors "
Gemini,Jsoup,41,org.jsoup.nodes.Element,True,1,COMPILE_FAIL,,,,,,,False,,,10.4,TEST_COMPILE_FAIL,"ElementTest.java:280: error: cannot find symbol         Element div = new Element(Tag.valueOf(""div""), """");                                   ^   symbol:   variable Tag   location: class ElementTest Note: Some messages have been simplified; recompile with -Xdiags:verbose to get full output 28 errors "
Gemini,Jsoup,42,org.jsoup.nodes.FormElement,True,1,COMPILE_FAIL,,,,,,,False,,,9.6,TEST_COMPILE_FAIL,lForm());                                                              ^     method Connection.url(URL) is not applicable       (actual and formal argument lists differ in length)     method Connection.url(String) is not applicable       (actual and formal argument lists differ in length) 21 errors 
Gemini,Jsoup,43,org.jsoup.nodes.Element,True,1,COMPILE_FAIL,,,,,,,False,,,9.9,TEST_COMPILE_FAIL,"formal argument lists differ in length /workspace/Gemini/TestCode/Jsoup_43b/ElementTest.java:545: error: cannot find symbol         Element el = new Element(Tag.valueOf(""div""), ""http://example.com"");                                  ^   symbol:   variable Tag   location: class ElementTest 97 errors "
Gemini,Jsoup,44,org.jsoup.parser.TreeBuilder,True,1,COMPILE_FAIL,,,,,,,False,,,9.3,TEST_COMPILE_FAIL,"Document doc = tb.runParser();                                    ^ /workspace/Gemini/TestCode/Jsoup_44b/TreeBuilderTest.java:120: error: cannot find symbol         comment.comment = ""test comment"";                ^   symbol:   variable comment   location: variable comment of type Comment 12 errors "
Gemini,Jsoup,45,org.jsoup.parser.HtmlTreeBuilder,True,1,COMPILE_FAIL,,,,,,,False,,,9.4,TEST_COMPILE_FAIL,Jsoup_45b/HtmlTreeBuilderTest.java:128: error: cannot find symbol         Document doc = Jsoup.parse(html);                        ^   symbol:   variable Jsoup   location: class HtmlTreeBuilderTest Note: Some messages have been simplified; recompile with -Xdiags:verbose to get full output 12 errors 
Gemini,Jsoup,46,org.jsoup.nodes.Entities,True,1,COMPILE_FAIL,,,,,,,False,,,9.6,TEST_COMPILE_FAIL,"ot be converted to OutputSettings         String escaped = Entities.escape(supp, Document.OutputSettings.Syntax.html);                                                                              ^ Note: Some messages have been simplified; recompile with -Xdiags:verbose to get full output 13 errors "
Gemini,Jsoup,47,org.jsoup.nodes.Entities,True,1,COMPILE_FAIL,,,,,,,False,,,9.4,TEST_COMPILE_FAIL,"    method Entities.escape(String,OutputSettings) is not applicable       (actual and formal argument lists differ in length)     method Entities.escape(StringBuilder,String,OutputSettings,boolean,boolean,boolean) is not applicable       (actual and formal argument lists differ in length) 12 errors "
Gemini,Jsoup,48,org.jsoup.helper.HttpConnection,True,1,COMPILE_FAIL,,,,,,,False,,,9.8,TEST_COMPILE_FAIL,und: String   reason: actual and formal argument lists differ in length /workspace/Gemini/TestCode/Jsoup_48b/HttpConnectionTest.java:175: error: Request() has private access in Request         HttpConnection.Request req = new HttpConnection.Request();                                      ^ 5 errors 
Gemini,Jsoup,4,org.jsoup.nodes.Entities,False,1,COMPILE_FAIL,,,,,,,False,,,9.3,TEST_COMPILE_FAIL,VA;         ^   symbol:   class Entities   location: class EntitiesTest /workspace/Gemini/TestCode/Jsoup_4b/EntitiesTest.java:95: error: cannot find symbol         Entities entities = Entities.JAVA;                             ^   symbol:   variable Entities   location: class EntitiesTest 24 errors 
Gemini,Jsoup,49,org.jsoup.nodes.Node,True,1,COMPILE_FAIL,,,,,,,False,,,9.6,TEST_COMPILE_FAIL,"                          ^   symbol:   variable Tag   location: class NodeTest /workspace/Gemini/TestCode/Jsoup_49b/NodeTest.java:149: error: incompatible types: Element cannot be converted to String         String wrapResult = el.wrap(""<div></div>"");                                    ^ 18 errors "
Gemini,Jsoup,50,org.jsoup.helper.DataUtil,True,1,COMPILE_FAIL,,,,,,,False,,,9.2,TEST_COMPILE_FAIL,"sCharsetSupport() {            ^ /workspace/Gemini/TestCode/Jsoup_50b/DataUtilTest.java:107: error: class, interface, or enum expected         assertTrue(supported);         ^ /workspace/Gemini/TestCode/Jsoup_50b/DataUtilTest.java:108: error: class, interface, or enum expected     }     ^ 24 errors "
Gemini,Jsoup,51,org.jsoup.parser.CharacterReader,True,1,COMPILE_FAIL,,,,,,,False,,,9.7,TEST_COMPILE_FAIL,"der of type CharacterReader /workspace/Gemini/TestCode/Jsoup_51b/CharacterReaderTest.java:158: error: cannot find symbol         assertEquals(123, reader.consumeDigit());                                 ^   symbol:   method consumeDigit()   location: variable reader of type CharacterReader 4 errors "
Gemini,Jsoup,52,org.jsoup.helper.DataUtil;org.jsoup.nodes.XmlDeclaration;org.jsoup.parser.XmlTreeBuilder,True,1,COMPILE_FAIL,,,,,,,False,,,9.7,TEST_COMPILE_FAIL,"Charset(String)   location: class DataUtil /workspace/Gemini/TestCode/Jsoup_52b/DataUtilTest.java:65: error: cannot find symbol         String res = DataUtil.parseCharset(""charset=<invalid>"");                              ^   symbol:   method parseCharset(String)   location: class DataUtil 5 errors "
Gemini,Jsoup,53,org.jsoup.parser.TokenQueue,True,1,COMPILE_FAIL,,,,,,,False,,,10.0,TEST_COMPILE_FAIL,sumeNormalizedWord()   location: variable tq of type TokenQueue /workspace/Gemini/TestCode/Jsoup_53b/TokenQueueTest.java:239: error: cannot find symbol         assertTrue(tq.matchesStart());                      ^   symbol:   method matchesStart()   location: variable tq of type TokenQueue 5 errors 
Gemini,Jsoup,54,org.jsoup.helper.W3CDom,True,1,COMPILE_FAIL,,,,,,,False,,,9.9,TEST_COMPILE_FAIL,"m.asString(w3cDoc);                               ^ /workspace/Gemini/TestCode/Jsoup_54b/W3CDomTest.java:102: error: non-static method convert(org.jsoup.nodes.Document,org.w3c.dom.Document) cannot be referenced from a static context         W3CDom.convert(jsoupDoc, w3cDoc);               ^ 2 errors "
Gemini,Jsoup,55,org.jsoup.parser.TokeniserState,True,1,COMPILE_FAIL,,,,,,,False,,,9.9,TEST_COMPILE_FAIL,                         ^     reason: no instance(s) of type variable(s) E exist so that ArrayList<E> conforms to int   where E is a type-variable:     E extends Object declared in class ArrayList Note: Some messages have been simplified; recompile with -Xdiags:verbose to get full output 19 errors 
Gemini,Jsoup,56,org.jsoup.nodes.DocumentType;org.jsoup.parser.HtmlTreeBuilderState;org.jsoup.parser.Token;org.jsoup.parser.TokeniserState;org.jsoup.parser.XmlTreeBuilder,True,1,COMPILE_FAIL,,,,,,,False,,,9.8,TEST_COMPILE_FAIL," docType.outerHtmlHead(accum, 0, out);                              ^ /workspace/Gemini/TestCode/Jsoup_56b/DocumentTypeTest.java:73: error: unreported exception IOException; must be caught or declared to be thrown         docType.outerHtmlHead(accum, 0, out);                              ^ 4 errors "
Gemini,Jsoup,58,org.jsoup.Jsoup;org.jsoup.parser.Parser;org.jsoup.safety.Cleaner,True,1,COMPILE_FAIL,,,,,,,False,,,9.2,TEST_COMPILE_FAIL,"ace/Gemini/TestCode/Jsoup_58b/JsoupTest.java:144: error: incompatible types: File cannot be converted to String             Jsoup.parse(new File(""non-existent-file.html""));                         ^ Note: Some messages have been simplified; recompile with -Xdiags:verbose to get full output 2 errors "
Gemini,Jsoup,59,org.jsoup.parser.Token,True,1,COMPILE_FAIL,,,,,,,False,,,8.8,TEST_COMPILE_FAIL,"                    ^   symbol:   variable name   location: variable t of type StartTag /workspace/Gemini/TestCode/Jsoup_59b/TokenTest.java:78: error: cannot find symbol         t.comment.append(""some comment"");          ^   symbol:   variable comment   location: variable t of type Comment 9 errors "
Gemini,Jsoup,5,org.jsoup.parser.Parser,False,1,COMPILE_FAIL,,,,,,,False,,,9.1,TEST_COMPILE_FAIL,"options, null);             ^   symbol:   class CommandLine   location: class ParserTest /workspace/Gemini/TestCode/Jsoup_5b/ParserTest.java:148: error: cannot find symbol         } catch (ParseException e) {                  ^   symbol:   class ParseException   location: class ParserTest 60 errors "
Gemini,Jsoup,60,org.jsoup.parser.TokenQueue;org.jsoup.select.QueryParser,True,1,COMPILE_FAIL,,,,,,,False,,,9.0,TEST_COMPILE_FAIL,     ^ /workspace/Gemini/TestCode/Jsoup_60b/TokenQueueTest.java:163: error: cannot find symbol         tq.rStrip();           ^   symbol:   method rStrip()   location: variable tq of type TokenQueue Note: Some messages have been simplified; recompile with -Xdiags:verbose to get full output 3 errors 
Gemini,Jsoup,57,org.jsoup.nodes.Attributes,True,1,SUCCESS,SUCCESS,8,1,8,2,org.jsoup.nodes.AttributesTest#testRemoveIgnoreCase,True,72.22,68.42,18.2,,
Gemini,Jsoup,62,org.jsoup.parser.HtmlTreeBuilderState,True,1,COMPILE_FAIL,,,,,,,False,,,8.9,TEST_COMPILE_FAIL," TreeBuilder cannot be applied to given types;         tb.initialiseParse(""<html></html>"", """", ParseErrorList.noTracking());           ^   required: String,String,ParseErrorList,ParseSettings   found: String,String,ParseErrorList   reason: actual and formal argument lists differ in length 12 errors "
Gemini,Jsoup,63,org.jsoup.parser.HtmlTreeBuilder;org.jsoup.parser.Tokeniser,True,1,COMPILE_FAIL,,,,,,,False,,,8.8,TEST_COMPILE_FAIL,and formal argument lists differ in length /workspace/Gemini/TestCode/Jsoup_63b/HtmlTreeBuilderTest.java:119: error: cannot find symbol         assertNotNull(tb.getCurrentNode());                         ^   symbol:   method getCurrentNode()   location: variable tb of type HtmlTreeBuilder 13 errors 
Gemini,Jsoup,64,org.jsoup.parser.HtmlTreeBuilderState,True,1,COMPILE_FAIL,,,,,,,False,,,8.6,TEST_COMPILE_FAIL,"79: error: constructor Character in class Character cannot be applied to given types;         Token.Character charToken = new Token.Character(""hello"");                                     ^   required: no arguments   found: String   reason: actual and formal argument lists differ in length 9 errors "
Gemini,Jsoup,65,org.jsoup.parser.HtmlTreeBuilder;org.jsoup.parser.HtmlTreeBuilderState,True,1,COMPILE_FAIL,,,,,,,False,,,8.7,TEST_COMPILE_FAIL,  symbol:   class Document   location: class HtmlTreeBuilderTest /workspace/Gemini/TestCode/Jsoup_65b/HtmlTreeBuilderTest.java:116: error: cannot find symbol         Document doc = Jsoup.parse(html);                        ^   symbol:   variable Jsoup   location: class HtmlTreeBuilderTest 23 errors 
Gemini,Jsoup,61,org.jsoup.nodes.Element,True,1,SUCCESS,SUCCESS,11,2,11,2,,False,47.29,35.33,18.4,,
Gemini,Jsoup,66,org.jsoup.nodes.Element,True,1,COMPILE_FAIL,,,,,,,False,,,8.6,TEST_COMPILE_FAIL,d elementWithTag(String)   location: variable p of type Element /workspace/Gemini/TestCode/Jsoup_66b/ElementTest.java:134: error: cannot find symbol         List<String> data = p.dataList();                              ^   symbol:   method dataList()   location: variable p of type Element 4 errors 
Gemini,Jsoup,67,org.jsoup.parser.HtmlTreeBuilder,True,1,COMPILE_FAIL,,,,,,,False,,,8.4,TEST_COMPILE_FAIL,"be applied to given types;         Document doc = tb.parse(new StringReader(""<div>Test</div>""), ""http://example.com"");                          ^   required: Reader,String,ParseErrorList,ParseSettings   found: StringReader,String   reason: actual and formal argument lists differ in length 21 errors "
Gemini,Jsoup,68,org.jsoup.parser.HtmlTreeBuilder,True,1,COMPILE_FAIL,,,,,,,False,,,8.6,TEST_COMPILE_FAIL,"ass HtmlTreeBuilder cannot be applied to given types;         tb.initialiseParse(""<div><p><span>Text</span></p></div>"", """", parser);           ^   required: Reader,String,ParseErrorList,ParseSettings   found: String,String,Parser   reason: actual and formal argument lists differ in length 19 errors "
Gemini,Jsoup,6,org.jsoup.nodes.Entities,True,1,COMPILE_FAIL,,,,,,,False,,,8.4,TEST_COMPILE_FAIL,variable Syntax   location: class Document.OutputSettings /workspace/Gemini/TestCode/Jsoup_6b/EntitiesTest.java:85: error: cannot find symbol         assertNotNull(Entities.EscapeMode.xhtml);                                          ^   symbol:   variable xhtml   location: class EscapeMode 4 errors 
Gemini,Jsoup,69,org.jsoup.nodes.FormElement,True,1,COMPILE_FAIL,,,,,,,False,,,8.7,TEST_COMPILE_FAIL,"t /workspace/Gemini/TestCode/Jsoup_69b/FormElementTest.java:33: error: cannot find symbol         Element input = new Element(Tag.valueOf(""input""), """").attr(""name"", ""foo"").attr(""value"", ""bar"");                                     ^   symbol:   variable Tag   location: class FormElementTest 2 errors "
Gemini,Jsoup,71,org.jsoup.nodes.PseudoTextElement;org.jsoup.select.Evaluator;org.jsoup.select.QueryParser,True,1,COMPILE_FAIL,,,,,,,False,,,9.5,TEST_COMPILE_FAIL,"/workspace/Gemini/TestCode/Jsoup_71b/PseudoTextElementTest.java:30: error: unreported exception IOException; must be caught or declared to be thrown         element.outerHtmlHead(accum, 0, new Document.OutputSettings());                              ^ 1 error "
Gemini,Jsoup,72,org.jsoup.parser.CharacterReader,True,1,COMPILE_FAIL,,,,,,,False,,,9.5,TEST_COMPILE_FAIL,contains(char)   location: variable reader of type CharacterReader /workspace/Gemini/TestCode/Jsoup_72b/CharacterReaderTest.java:148: error: cannot find symbol         reader.destroyMark();               ^   symbol:   method destroyMark()   location: variable reader of type CharacterReader 8 errors 
Gemini,Jsoup,73,org.jsoup.helper.W3CDom,True,1,COMPILE_FAIL,,,,,,,False,,,9.6,TEST_COMPILE_FAIL,"                                             ^   required: org.jsoup.nodes.Document,org.w3c.dom.Document   found: org.jsoup.nodes.Document   reason: actual and formal argument lists differ in length Note: Some messages have been simplified; recompile with -Xdiags:verbose to get full output 7 errors "
Gemini,Jsoup,74,org.jsoup.helper.StringUtil,True,1,COMPILE_FAIL,,,,,,,False,,,9.7,TEST_COMPILE_FAIL,".java:126: error: cannot find symbol         StringUtil.appendUrl(new URL(""http://example.com""), sb);                   ^   symbol:   method appendUrl(URL,StringBuilder)   location: class StringUtil Note: Some messages have been simplified; recompile with -Xdiags:verbose to get full output 8 errors "
Gemini,Jsoup,75,org.jsoup.nodes.Attributes,True,1,COMPILE_FAIL,,,,,,,False,,,9.6,TEST_COMPILE_FAIL, method isEmpty()   location: variable attributes of type Attributes /workspace/Gemini/TestCode/Jsoup_75b/AttributesTest.java:194: error: cannot find symbol         attributes.normalise();                   ^   symbol:   method normalise()   location: variable attributes of type Attributes 4 errors 
Gemini,Jsoup,70,org.jsoup.nodes.Element,True,1,SUCCESS,SUCCESS,6,0,6,0,,False,19.19,11.17,18.4,,
Gemini,Jsoup,76,org.jsoup.parser.HtmlTreeBuilderState,True,1,COMPILE_FAIL,,,,,,,False,,,9.6,TEST_COMPILE_FAIL,"ed to given types;         tb.initialiseParse(""<html><head></head><body><math></math></body></html>"", ""http://example.com"", parser);           ^   required: Reader,String,ParseErrorList,ParseSettings   found: String,String,Parser   reason: actual and formal argument lists differ in length 23 errors "
Gemini,Jsoup,77,org.jsoup.parser.XmlTreeBuilder,True,1,COMPILE_FAIL,,,,,,,False,,,9.4,TEST_COMPILE_FAIL,"w StringReader(""<ROOT><MixedCase>Text</MixedCase></ROOT>""), """", new ParseErrorList(0), settings);                                                                                                  ^   required: int,int   found: int   reason: actual and formal argument lists differ in length 27 errors "
Gemini,Jsoup,78,org.jsoup.helper.DataUtil,True,1,COMPILE_FAIL,,,,,,,False,,,9.1,TEST_COMPILE_FAIL,"ss DataUtil /workspace/Gemini/TestCode/Jsoup_78b/DataUtilTest.java:75: error: cannot find symbol             Document doc = DataUtil.parse(in, ""UTF-8"", ""http://example.com"");                                    ^   symbol:   method parse(InputStream,String,String)   location: class DataUtil 4 errors "
Gemini,Jsoup,7,org.jsoup.nodes.Document,True,1,COMPILE_FAIL,,,,,,,False,,,8.9,TEST_COMPILE_FAIL,"on(Connection)   location: variable doc of type Document /workspace/Gemini/TestCode/Jsoup_7b/DocumentTest.java:114: error: cannot find symbol         assertSame(conn, doc.connection());                             ^   symbol:   method connection()   location: variable doc of type Document 23 errors "
Gemini,Jsoup,79,org.jsoup.nodes.LeafNode,True,1,COMPILE_FAIL,,,,,,,False,,,9.2,TEST_COMPILE_FAIL,verride or implement a method from a supertype         @Override         ^ /workspace/Gemini/TestCode/Jsoup_79b/LeafNodeTest.java:70: error: cannot find symbol         node.ensureChildNode();             ^   symbol:   method ensureChildNode()   location: variable node of type DummyLeafNode 5 errors 
Gemini,Jsoup,80,org.jsoup.parser.XmlTreeBuilder,True,1,COMPILE_FAIL,,,,,,,False,,,9.5,TEST_COMPILE_FAIL, length /workspace/Gemini/TestCode/Jsoup_80b/XmlTreeBuilderTest.java:214: error: popStackToClose(EndTag) has private access in XmlTreeBuilder         builder.popStackToClose(endA);                ^ Note: Some messages have been simplified; recompile with -Xdiags:verbose to get full output 17 errors 
Gemini,Jsoup,81,org.jsoup.helper.DataUtil,True,1,COMPILE_FAIL,,,,,,,False,,,9.6,TEST_COMPILE_FAIL,ss DataUtil /workspace/Gemini/TestCode/Jsoup_81b/DataUtilTest.java:89: error: cannot find symbol             String charset = DataUtil.parseCharsetFromContentType(null);                                      ^   symbol:   method parseCharsetFromContentType(<null>)   location: class DataUtil 7 errors 
Gemini,Jsoup,82,org.jsoup.helper.DataUtil,True,1,COMPILE_FAIL,,,,,,,False,,,9.6,TEST_COMPILE_FAIL,"teArrayInputStream,String,String,Parser)   location: class DataUtil /workspace/Gemini/TestCode/Jsoup_82b/DataUtilTest.java:129: error: cannot find symbol         assertNotNull(DataUtil.utf8Charset);                               ^   symbol:   variable utf8Charset   location: class DataUtil 9 errors "
Gemini,Jsoup,84,org.jsoup.helper.W3CDom,True,1,COMPILE_FAIL,,,,,,,False,,,9.5,TEST_COMPILE_FAIL,        ^   symbol:   class JsoupToW3c   location: class W3CDom /workspace/Gemini/TestCode/Jsoup_84b/W3CDomTest.java:114: error: non-static method asString(Document) cannot be referenced from a static context         String output = W3CDom.asString(w3cDoc);                               ^ 10 errors 
Gemini,Jsoup,83,org.jsoup.parser.CharacterReader;org.jsoup.parser.TokeniserState,True,1,COMPILE_FAIL,,,,,,,False,,,9.7,TEST_COMPILE_FAIL,"ace/Gemini/TestCode/Jsoup_83b/CharacterReaderTest.java:98: error: cannot find symbol         assertEquals('b', reader.consumeAny(chars)); // Wait, 'b' is not in chars                                 ^   symbol:   method consumeAny(char[])   location: variable reader of type CharacterReader 8 errors "
Gemini,Jsoup,85,org.jsoup.nodes.Attribute,True,1,COMPILE_FAIL,,,,,,,False,,,9.6,TEST_COMPILE_FAIL,"le types: void cannot be converted to String         String oldKey = attribute.setKey(""  key2  "");                                         ^ Note: /workspace/Gemini/TestCode/Jsoup_85b/AttributeTest.java uses or overrides a deprecated API. Note: Recompile with -Xlint:deprecation for details. 1 error "
Gemini,Jsoup,86,org.jsoup.nodes.Comment,True,1,COMPILE_FAIL,,,,,,,False,,,9.4,TEST_COMPILE_FAIL,/workspace/Gemini/TestCode/Jsoup_86b/CommentTest.java:84: error: incompatible types: Node cannot be converted to Comment         Comment clone = comment.clone();                                      ^ 1 error 
Gemini,Jsoup,87,org.jsoup.nodes.Element;org.jsoup.parser.HtmlTreeBuilder;org.jsoup.parser.HtmlTreeBuilderState;org.jsoup.parser.Tag,True,1,COMPILE_FAIL,,,,,,,False,,,9.7,TEST_COMPILE_FAIL,"ment cannot be applied to given types;         Element child2 = new Element(""span"").id(""p2"").classNames(java.util.Collections.singleton(""c2""));                                             ^   required: no arguments   found: String   reason: actual and formal argument lists differ in length 2 errors "
Gemini,Jsoup,88,org.jsoup.nodes.Attribute,True,1,COMPILE_FAIL,,,,,,,False,,,9.5,TEST_COMPILE_FAIL,bute(out));                         ^   symbol:   method shouldPreserveAttribute(OutputSettings)   location: variable attr of type Attribute Note: /workspace/Gemini/TestCode/Jsoup_88b/AttributeTest.java uses or overrides a deprecated API. Note: Recompile with -Xlint:deprecation for details. 1 error 
Gemini,Jsoup,8,org.jsoup.nodes.Node,False,1,COMPILE_FAIL,,,,,,,False,,,9.2,TEST_COMPILE_FAIL,nd symbol         Node node = new Node();         ^   symbol:   class Node   location: class NodeTest /workspace/Gemini/TestCode/Jsoup_8b/NodeTest.java:99: error: cannot find symbol         Node node = new Node();                         ^   symbol:   class Node   location: class NodeTest 24 errors 
Gemini,Jsoup,89,org.jsoup.nodes.Attribute,True,1,COMPILE_FAIL,,,,,,,False,,,9.5,TEST_COMPILE_FAIL, /workspace/Gemini/TestCode/Jsoup_89b/AttributeTest.java:84: error: cannot find symbol         assertFalse(nonBool.shouldBeBoolean(new Document.OutputSettings()));                            ^   symbol:   method shouldBeBoolean(OutputSettings)   location: variable nonBool of type Attribute 2 errors 
Gemini,Jsoup,90,org.jsoup.helper.HttpConnection,True,1,COMPILE_FAIL,,,,,,,False,,,9.7,TEST_COMPILE_FAIL,"pace/Gemini/TestCode/Jsoup_90b/HttpConnectionTest.java:206: error: method contentType in class Response cannot be applied to given types;         res.contentType(""text/html"");            ^   required: no arguments   found: String   reason: actual and formal argument lists differ in length 25 errors "
Gemini,Jsoup,92,org.jsoup.nodes.Attributes;org.jsoup.parser.HtmlTreeBuilder;org.jsoup.parser.ParseSettings;org.jsoup.parser.Token;org.jsoup.parser.XmlTreeBuilder,True,1,COMPILE_FAIL,,,,,,,False,,,9.5,TEST_COMPILE_FAIL,"ibutes /workspace/Gemini/TestCode/Jsoup_92b/AttributesTest.java:140: error: cannot find symbol         assertEquals(""testVal"", attributes.userData(""testKey""));                                           ^   symbol:   method userData(String)   location: variable attributes of type Attributes 3 errors "
Gemini,Jsoup,93,org.jsoup.nodes.FormElement,True,1,COMPILE_FAIL,,,,,,,False,,,9.4,TEST_COMPILE_FAIL,"/workspace/Gemini/TestCode/Jsoup_93b/FormElementTest.java:117: error: cannot find symbol         Element input = new Element(Tag.valueOf(""input""), """").attr(""name"", ""test"").attr(""value"", ""val"");                                     ^   symbol:   variable Tag   location: class FormElementTest 2 errors "
Gemini,Jsoup,9,org.jsoup.nodes.Entities,False,1,COMPILE_FAIL,,,,,,,False,,,9.2,TEST_COMPILE_FAIL,XML;         ^   symbol:   class Entities   location: class EntitiesTest /workspace/Gemini/TestCode/Jsoup_9b/EntitiesTest.java:53: error: cannot find symbol         Entities entities = Entities.XML;                             ^   symbol:   variable Entities   location: class EntitiesTest 12 errors 
Gemini,JxPath,10,org.apache.commons.jxpath.ri.compiler.CoreOperationRelationalExpression,True,1,COMPILE_FAIL,,,,,,,False,,,9.6,TEST_COMPILE_FAIL,"given types;         EvalContext context = new InitialContext(new RootContext(null, null, null));                                                  ^   required: JXPathContextReferenceImpl,NodePointer   found: <null>,<null>,<null>   reason: actual and formal argument lists differ in length 15 errors "
Gemini,Jsoup,91,org.jsoup.UncheckedIOException;org.jsoup.parser.CharacterReader,True,1,SUCCESS,SUCCESS,3,0,3,0,,False,0.0,0.0,18.2,,
Gemini,JxPath,12,org.apache.commons.jxpath.ri.model.dom.DOMNodePointer,True,1,COMPILE_FAIL,,,,,,,False,,,9.1,TEST_COMPILE_FAIL,"OMNodePointerTest.java:64: error: ')' expected         assertEquals(0, p 1.compareTo(p1));                          ^ /workspace/Gemini/TestCode/JxPath_12b/DOMNodePointerTest.java:64: error: ';' expected         assertEquals(0, p 1.compareTo(p1));                                          ^ 2 errors "
Gemini,JxPath,13,org.apache.commons.jxpath.ri.NamespaceResolver;org.apache.commons.jxpath.ri.model.dom.DOMNodePointer,True,1,COMPILE_FAIL,,,,,,,False,,,9.5,TEST_COMPILE_FAIL,         @Override         ^ /workspace/Gemini/TestCode/JxPath_13b/NamespaceResolverTest.java:148: error: method does not override or implement a method from a supertype         @Override         ^ Note: Some messages have been simplified; recompile with -Xdiags:verbose to get full output 13 errors 
Gemini,JxPath,14,org.apache.commons.jxpath.ri.compiler.CoreFunction,True,1,COMPILE_FAIL,,,,,,,False,,,10.0,TEST_COMPILE_FAIL,"reFunction.FUNCTION_COUNT, new Expression[] { new Constant(""test"") });                                                           ^   symbol:   variable FUNCTION_COUNT   location: class CoreFunction Note: Some messages have been simplified; recompile with -Xdiags:verbose to get full output 88 errors "
Gemini,JxPath,15,org.apache.commons.jxpath.ri.axes.UnionContext,True,1,COMPILE_FAIL,,,,,,,False,,,9.6,TEST_COMPILE_FAIL,"e.commons.jxpath.ri.axes.UnionContextTest$1> is not abstract and does not override abstract method nextNode() in EvalContext         EvalContext rootContext = new InitialContext(new EvalContext(null, null) {                                                                                  ^ 2 errors "
Gemini,JxPath,11,org.apache.commons.jxpath.ri.model.dom.DOMAttributeIterator;org.apache.commons.jxpath.ri.model.jdom.JDOMAttributeIterator,True,1,SUCCESS,SUCCESS,12,4,12,4,,False,41.18,37.23,19.4,,
Gemini,JxPath,16,org.apache.commons.jxpath.ri.model.dom.DOMNodePointer;org.apache.commons.jxpath.ri.model.jdom.JDOMNodePointer,True,1,COMPILE_FAIL,,,,,,,False,,,9.7,TEST_COMPILE_FAIL,ists differ in length /workspace/Gemini/TestCode/JxPath_16b/DOMNodePointerTest.java:152: error: cannot find symbol         assertNotNull(rootPointer.getAxiomType());                                  ^   symbol:   method getAxiomType()   location: variable rootPointer of type DOMNodePointer 6 errors 
Gemini,JxPath,18,org.apache.commons.jxpath.ri.axes.AttributeContext,True,1,COMPILE_FAIL,,,,,,,False,,,9.0,TEST_COMPILE_FAIL,"EvalContext cannot be applied to given types;         EvalContext baseContext = new InitialContext(new EvalContext(null, null) {                                                      ^   required: EvalContext   found: <null>,<null>   reason: actual and formal argument lists differ in length 2 errors "
Gemini,JxPath,19,org.apache.commons.jxpath.ri.model.dom.DOMNodePointer;org.apache.commons.jxpath.ri.model.jdom.JDOMNodePointer,True,1,COMPILE_FAIL,,,,,,,False,,,9.0,TEST_COMPILE_FAIL,"kspace/Gemini/TestCode/JxPath_19b/DOMNodePointerTest.java:172: error: cannot find symbol         nodePointer.registerNamespace(""testPrefix"", ""http://test.com"");                    ^   symbol:   method registerNamespace(String,String)   location: variable nodePointer of type DOMNodePointer 15 errors "
Gemini,JxPath,20,org.apache.commons.jxpath.ri.compiler.CoreOperationRelationalExpression,True,1,COMPILE_FAIL,,,,,,,False,,,9.1,TEST_COMPILE_FAIL,oreOperationRelationalExpressionTest.java:169: error: incompatible types: Object cannot be converted to boolean         assertTrue(op.computeValue(rootContext));                                   ^ Note: Some messages have been simplified; recompile with -Xdiags:verbose to get full output 16 errors 
Gemini,JxPath,21,org.apache.commons.jxpath.ri.model.beans.PropertyPointer,True,1,COMPILE_FAIL,,,,,,,False,,,9.1,TEST_COMPILE_FAIL,rtyPointerTest.java:104: error: method does not override or implement a method from a supertype         @Override         ^ /workspace/Gemini/TestCode/JxPath_21b/PropertyPointerTest.java:109: error: method does not override or implement a method from a supertype         @Override         ^ 4 errors 
Gemini,JxPath,22,org.apache.commons.jxpath.ri.model.dom.DOMNodePointer,True,1,COMPILE_FAIL,,,,,,,False,,,9.2,TEST_COMPILE_FAIL,"DOMNodePointerTest.java:234: error: incompatible types: QName cannot be converted to NodeTest         assertFalse(nullNodePtr.testNode(new QName(""test"")));                                          ^ Note: Some messages have been simplified; recompile with -Xdiags:verbose to get full output 7 errors "
Gemini,JxPath,17,org.apache.commons.jxpath.ri.model.dom.DOMAttributeIterator;org.apache.commons.jxpath.ri.model.jdom.JDOMAttributeIterator,True,1,SUCCESS,SUCCESS,6,3,6,3,,False,40.91,39.53,19.2,,
Gemini,JxPath,2,org.apache.commons.jxpath.ri.compiler.Expression,False,1,COMPILE_FAIL,,,,,,,False,,,9.5,TEST_COMPILE_FAIL,/workspace/Gemini/TestCode/JxPath_2b/ExpressionTest.java:60: error: ';' expected         parser pChar Stream = new parser((CharStream) null);                     ^ 1 error 
Gemini,JxPath,3,org.apache.commons.jxpath.ri.model.beans.NullPropertyPointer,False,1,COMPILE_FAIL,,,,,,,False,,,9.8,TEST_COMPILE_FAIL,"Gemini/TestCode/JxPath_3b/NullPropertyPointerTest.java:79: error: cannot find symbol         NullPropertyPointer pointer = new NullPropertyPointer(null, ""someName"");                                           ^   symbol:   class NullPropertyPointer   location: class NullPropertyPointerTest 20 errors "
Gemini,JxPath,4,org.apache.commons.jxpath.ri.model.dom.DOMNodePointer;org.apache.commons.jxpath.ri.model.jdom.JDOMNodePointer,False,1,COMPILE_FAIL,,,,,,,False,,,10.0,TEST_COMPILE_FAIL,"interTest.java:253: error: cannot find symbol         assertTrue(DOMNodePointer.testNode(cdata, new NodeTypeTest(NodePointer.NODE_TYPE_TEXT)));                                                                               ^   symbol:   variable NODE_TYPE_TEXT   location: class NodePointer 11 errors "
Gemini,JxPath,5,org.apache.commons.jxpath.ri.model.NodePointer,False,1,COMPILE_FAIL,,,,,,,False,,,9.8,TEST_COMPILE_FAIL,"  assertTrue(NodePointer.testNode(parent, null));                               ^   required: NodeTest   found: ConcreteNodePointer,<null>   reason: actual and formal argument lists differ in length Note: Some messages have been simplified; recompile with -Xdiags:verbose to get full output 9 errors "
Gemini,JxPath,6,org.apache.commons.jxpath.ri.compiler.CoreOperationCompare,True,1,COMPILE_FAIL,,,,,,,False,,,9.7,TEST_COMPILE_FAIL," method contains(Iterator,Object) cannot be referenced from a static context         assertFalse(CoreOperationCompare.contains(emptyList.iterator(), null));                                         ^ Note: Some messages have been simplified; recompile with -Xdiags:verbose to get full output 6 errors "
Gemini,JxPath,7,org.apache.commons.jxpath.ri.compiler.CoreOperationGreaterThan;org.apache.commons.jxpath.ri.compiler.CoreOperationGreaterThanOrEqual;org.apache.commons.jxpath.ri.compiler.CoreOperationLessThan;org.apache.commons.jxpath.ri.compiler.CoreOperationLessThanOrEqual;org.apache.commons.jxpath.ri.compiler.CoreOperationRelationalExpression,True,1,COMPILE_FAIL,,,,,,,False,,,9.3,TEST_COMPILE_FAIL,"ed to JXPathContextReferenceImpl         RootContext rootContext = new RootContext(context, NodePointer.newNodePointer(null, new Object(), null));                                                   ^ Note: Some messages have been simplified; recompile with -Xdiags:verbose to get full output 2 errors "
Gemini,JxPath,8,org.apache.commons.jxpath.ri.compiler.CoreOperationRelationalExpression,False,1,COMPILE_FAIL,,,,,,,False,,,9.5,TEST_COMPILE_FAIL,"rationRelationalExpressionTest.java:123: error: cannot find symbol         VariableReference var = new VariableReference(new QName(""nonExistentVar""));                                                           ^   symbol:   class QName   location: class CoreOperationRelationalExpressionTest 3 errors "
Gemini,Lang,10,org.apache.commons.lang3.time.FastDateParser,True,1,COMPILE_FAIL,,,,,,,False,,,9.2,TEST_COMPILE_FAIL,"e applied to given types;         final FastDateParser fdp = new FastDateParser(""yy-MM-dd"", GMT, US, definedCenturyStart);                                    ^   required: String,TimeZone,Locale   found: String,TimeZone,Locale,Date   reason: actual and formal argument lists differ in length 1 error "
Gemini,Lang,14,org.apache.commons.lang3.StringUtils,True,1,COMPILE_FAIL,,,,,,,False,,,10.0,TEST_COMPILE_FAIL,"ing)   location: class StringUtils /workspace/Gemini/TestCode/Lang_14b/StringUtilsTest.java:137: error: cannot find symbol         assertTrue(StringUtils.isNoneEmpty(""foo"", ""bar""));                               ^   symbol:   method isNoneEmpty(String,String)   location: class StringUtils 20 errors "
Gemini,JxPath,9,org.apache.commons.jxpath.ri.compiler.CoreOperationCompare;org.apache.commons.jxpath.ri.compiler.CoreOperationEqual;org.apache.commons.jxpath.ri.compiler.CoreOperationNotEqual,False,1,SUCCESS,SUCCESS,9,6,9,6,,False,19.12,0.0,18.9,,
Gemini,Lang,11,org.apache.commons.lang3.RandomStringUtils,True,1,SUCCESS,SUCCESS,10,0,10,0,,False,93.1,94.64,18.6,,
Gemini,Lang,15,org.apache.commons.lang3.reflect.TypeUtils,True,1,COMPILE_FAIL,,,,,,,False,,,10.0,TEST_COMPILE_FAIL,"n: class TypeUtils /workspace/Gemini/TestCode/Lang_15b/TypeUtilsTest.java:477: error: cannot find symbol         assertSame(String.class, TypeUtils.wrap(String.class).getType());                                           ^   symbol:   method wrap(Class<String>)   location: class TypeUtils 12 errors "
Gemini,Lang,13,org.apache.commons.lang3.SerializationUtils,True,1,SUCCESS,SUCCESS,21,0,21,1,,False,83.56,87.5,19.0,,
Gemini,Lang,19,org.apache.commons.lang3.text.translate.NumericEntityUnescaper,True,1,COMPILE_FAIL,,,,,,,False,,,8.8,TEST_COMPILE_FAIL, cannot find symbol         NumericEntityUnescaper neu = new NumericEntityUnescaper(NumericEntityUnescaper.OPTION.semiColonOptional);                                                                                       ^   symbol:   variable OPTION   location: class NumericEntityUnescaper 4 errors 
Gemini,Lang,1,org.apache.commons.lang3.math.NumberUtils,False,1,COMPILE_FAIL,,,,,,,False,,,9.1,TEST_COMPILE_FAIL,"hod isParsable(String)   location: class NumberUtils /workspace/Gemini/TestCode/Lang_1b/NumberUtilsTest.java:716: error: cannot find symbol         assertTrue(NumberUtils.isParsable(""-0""));                               ^   symbol:   method isParsable(String)   location: class NumberUtils 20 errors "
Gemini,Lang,16,org.apache.commons.lang3.math.NumberUtils,True,1,SUCCESS,SUCCESS,87,4,87,4,,False,90.93,75.97,18.3,,
Gemini,Lang,17,org.apache.commons.lang3.text.translate.CharSequenceTranslator,True,1,SUCCESS,SUCCESS,12,1,12,3,org.apache.commons.lang3.text.translate.CharSequenceTranslatorTest#testTranslateSurrogatePairNoOp;org.apache.commons.lang3.text.translate.CharSequenceTranslatorTest#testTranslateSurrogatePairMultiple,True,100.0,100.0,18.0,,
Gemini,Lang,21,org.apache.commons.lang3.time.DateUtils,True,1,COMPILE_FAIL,,,,,,,False,,,9.0,TEST_COMPILE_FAIL,"null, parsePatterns, true);                      ^ /workspace/Gemini/TestCode/Lang_21b/DateUtilsTest.java:218: error: parseDateWithLeniency(String,String[],boolean) has private access in DateUtils             DateUtils.parseDateWithLeniency(""2020-02-30"", null, true);                      ^ 2 errors "
Gemini,Lang,22,org.apache.commons.lang3.math.Fraction,True,1,SUCCESS,SUCCESS,0,0,,,,False,,,12.3,RUNTIME_FAIL,no test results on fixed
Gemini,Lang,20,org.apache.commons.lang3.StringUtils,True,1,SUCCESS,SUCCESS,13,0,13,0,,False,17.64,14.32,18.2,,
Gemini,Lang,23,org.apache.commons.lang3.text.ExtendedMessageFormat,True,1,COMPILE_FAIL,,,,,,,False,,,9.1,TEST_COMPILE_FAIL,"istryAlt.put(""other"", new LowerCaseFormatFactory());                                  ^   where CAP#1 is a fresh type-variable:     CAP#1 extends FormatFactory from capture of ? extends FormatFactory Note: Some messages have been simplified; recompile with -Xdiags:verbose to get full output 1 error "
Gemini,Lang,28,org.apache.commons.lang3.text.translate.NumericEntityUnescaper,True,1,COMPILE_FAIL,,,,,,,False,,,8.7,TEST_COMPILE_FAIL,ind symbol             NumericEntityUnescaper neu = new NumericEntityUnescaper(NumericEntityUnescaper.OPTION.errorIfNoSemiColon);                                                                                           ^   symbol:   variable OPTION   location: class NumericEntityUnescaper 2 errors 
Gemini,Lang,29,org.apache.commons.lang3.SystemUtils,True,1,COMPILE_FAIL,,,,,,,False,,,8.8,TEST_COMPILE_FAIL,OS_OPEN_BSD   location: class SystemUtils /workspace/Gemini/TestCode/Lang_29b/SystemUtilsTest.java:209: error: cannot find symbol                 assertTrue(SystemUtils.IS_OS_NET_BSD);                                       ^   symbol:   variable IS_OS_NET_BSD   location: class SystemUtils 38 errors 
Gemini,Lang,24,org.apache.commons.lang3.math.NumberUtils,True,1,SUCCESS,SUCCESS,60,6,60,6,,False,83.51,69.27,18.2,,
Gemini,Lang,26,org.apache.commons.lang3.time.FastDateFormat,True,1,SUCCESS,SUCCESS,19,3,19,4,org.apache.commons.lang3.time.FastDateFormatTest#testLang645,True,82.37,71.49,18.3,,
Gemini,Lang,27,org.apache.commons.lang3.math.NumberUtils,True,1,SUCCESS,SUCCESS,75,8,75,9,org.apache.commons.lang3.math.NumberUtilsTest#testCreateNumberEdgeCasesAndFaultDetection,True,86.44,71.91,18.0,,
Gemini,Lang,30,org.apache.commons.lang3.StringUtils,True,1,COMPILE_FAIL,,,,,,,False,,,9.2,TEST_COMPILE_FAIL,"tringUtils /workspace/Gemini/TestCode/Lang_30b/StringUtilsTest.java:365: error: cannot find symbol         assertEquals(""abc"", StringUtils.defaultIfBlank(""abc"", ""NULL""));                                        ^   symbol:   method defaultIfBlank(String,String)   location: class StringUtils 4 errors "
Gemini,Lang,31,org.apache.commons.lang3.StringUtils,True,1,COMPILE_FAIL,,,,,,,False,,,9.2,TEST_COMPILE_FAIL,"tringUtils /workspace/Gemini/TestCode/Lang_31b/StringUtilsTest.java:288: error: cannot find symbol         assertEquals(""abc"", StringUtils.defaultIfBlank(""abc"", ""NULL""));                                        ^   symbol:   method defaultIfBlank(String,String)   location: class StringUtils 8 errors "
Gemini,Lang,32,org.apache.commons.lang3.builder.HashCodeBuilder,True,1,COMPILE_FAIL,,,,,,,False,,,9.1,TEST_COMPILE_FAIL,".valueOf(builder.toHashCode()), builder.build());                                                                    ^   symbol:   method build()   location: variable builder of type HashCodeBuilder Note: Some messages have been simplified; recompile with -Xdiags:verbose to get full output 3 errors "
Gemini,Lang,33,org.apache.commons.lang3.ClassUtils,True,1,COMPILE_FAIL,,,,,,,False,,,9.1,TEST_COMPILE_FAIL,"ssignable(Class<?>,Class<?>) is not applicable       (argument mismatch; Class<?>[] cannot be converted to Class<?>)   where CAP#1 is a fresh type-variable:     CAP#1 extends Object from capture of ? Note: Some messages have been simplified; recompile with -Xdiags:verbose to get full output 1 error "
Gemini,Lang,35,org.apache.commons.lang3.ArrayUtils,True,1,COMPILE_FAIL,,,,,,,False,,,9.2,TEST_COMPILE_FAIL," location: class ArrayUtils /workspace/Gemini/TestCode/Lang_35b/ArrayUtilsTest.java:596: error: cannot find symbol         assertSame(original, ArrayUtils.nullToEmpty(original));                                        ^   symbol:   method nullToEmpty(String[])   location: class ArrayUtils 15 errors "
Gemini,Lang,37,org.apache.commons.lang3.ArrayUtils,True,1,COMPILE_FAIL,,,,,,,False,,,9.3,TEST_COMPILE_FAIL,"hCode in class Object cannot be applied to given types;         assertEquals(Arrays.hashCode(array), ArrayUtils.hashCode(array));                                                        ^   required: no arguments   found: String[]   reason: actual and formal argument lists differ in length 12 errors "
Gemini,Lang,38,org.apache.commons.lang3.time.FastDateFormat,True,1,COMPILE_FAIL,,,,,,,False,,,9.0,TEST_COMPILE_FAIL,/workspace/Gemini/TestCode/Lang_38b/FastDateFormatTest.java:275: error: exception ParseException is never thrown in body of corresponding try statement         } catch (ParseException | UnsupportedOperationException expected) {           ^ 1 error 
Gemini,Lang,34,org.apache.commons.lang3.builder.ToStringStyle,True,1,SUCCESS,SUCCESS,19,3,19,8,org.apache.commons.lang3.builder.ToStringStyleTest#testArrayReflectionObjectCycleRegistryCleanup;org.apache.commons.lang3.builder.ToStringStyleTest#testReflectionObjectCycleRegistryCleanup;org.apache.commons.lang3.builder.ToStringStyleTest#testRegistryNullHandling;org.apache.commons.lang3.builder.ToStringStyleTest#testRegistryMultipleObjects;org.apache.commons.lang3.builder.ToStringStyleTest#testRegistryCleanedUp,True,92.02,79.36,18.0,,
Gemini,Lang,39,org.apache.commons.lang3.StringUtils,True,1,COMPILE_FAIL,,,,,,,False,,,8.7,TEST_COMPILE_FAIL,"bol         assertEquals(""abc"", StringUtils.defaultIfBlank(""abc"", ""default""));                                        ^   symbol:   method defaultIfBlank(String,String)   location: class StringUtils Note: Some messages have been simplified; recompile with -Xdiags:verbose to get full output 5 errors "
Gemini,Lang,36,org.apache.commons.lang3.math.NumberUtils,True,1,SUCCESS,SUCCESS,28,8,28,8,,False,78.34,59.38,17.6,,
Gemini,Lang,40,org.apache.commons.lang.StringUtils,True,1,COMPILE_FAIL,,,,,,,False,,,8.2,TEST_COMPILE_FAIL,"ingUtils /workspace/Gemini/TestCode/Lang_40b/StringUtilsTest.java:150: error: cannot find symbol         assertEquals(1, StringUtils.indexOfIgnoreCase(""aabaabaa"", ""AB""));                                    ^   symbol:   method indexOfIgnoreCase(String,String)   location: class StringUtils 11 errors "
Gemini,Lang,42,org.apache.commons.lang.Entities,True,1,COMPILE_FAIL,,,,,,,False,,,8.8,TEST_COMPILE_FAIL,/workspace/Gemini/TestCode/Lang_42b/EntitiesTest.java:201: error: MapIntMap is abstract; cannot be instantiated         Entities.MapIntMap mapInt = new Entities.MapIntMap();                                     ^ 1 error 
Gemini,Lang,44,org.apache.commons.lang.NumberUtils,True,1,COMPILE_FAIL,,,,,,,False,,,8.5,TEST_COMPILE_FAIL,"/workspace/Gemini/TestCode/Lang_44b/NumberUtilsTest.java:121: error: floating point number too small         assertEquals(Float.valueOf(1.1E-70f), NumberUtils.createNumber(""1.1E-70F""));                                    ^ 1 error "
Gemini,Lang,3,org.apache.commons.lang3.math.NumberUtils,False,1,SUCCESS,SUCCESS,91,15,91,15,,False,86.13,64.79,17.8,,
Gemini,Lang,41,org.apache.commons.lang.ClassUtils,True,1,SUCCESS,SUCCESS,21,3,21,8,org.apache.commons.lang.ClassUtilsTest#test_getPackageName_String;org.apache.commons.lang.ClassUtilsTest#test_getShortClassName_Class;org.apache.commons.lang.ClassUtilsTest#test_getShortClassName_Object;org.apache.commons.lang.ClassUtilsTest#test_getPackageName_Class;org.apache.commons.lang.ClassUtilsTest#test_getPackageName_Object,True,77.27,69.09,17.9,,
Gemini,Lang,45,org.apache.commons.lang.WordUtils,True,1,COMPILE_FAIL,,,,,,,False,,,9.1,TEST_COMPILE_FAIL,/workspace/Gemini/TestCode/Lang_45b/WordUtilsTest.java:26: error: cannot find symbol         assertFalse(Modifier.isFinal(WordUtils.class.getModifiers()));         ^   symbol:   method assertFalse(boolean)   location: class WordUtilsTest 1 error 
Gemini,Lang,46,org.apache.commons.lang.StringEscapeUtils,True,1,COMPILE_FAIL,,,,,,,False,,,9.4,TEST_COMPILE_FAIL,"/workspace/Gemini/TestCode/Lang_46b/StringEscapeUtilsTest.java:244: error: cannot find symbol         assertEquals(""&unknown;"", StringEscapeXml(""&unknown;""));                                   ^   symbol:   method StringEscapeXml(String)   location: class StringEscapeUtilsTest 1 error "
Gemini,Lang,47,org.apache.commons.lang.text.StrBuilder,True,1,COMPILE_FAIL,,,,,,,False,,,9.5,TEST_COMPILE_FAIL,"pplicable       (argument mismatch; String cannot be converted to int)     method StrBuilder.appendSeparator(char,int) is not applicable       (argument mismatch; String cannot be converted to char) Note: Some messages have been simplified; recompile with -Xdiags:verbose to get full output 2 errors "
Gemini,Lang,50,org.apache.commons.lang.time.FastDateFormat,True,1,COMPILE_FAIL,,,,,,,False,,,10.4,TEST_COMPILE_FAIL,"of type FastDateFormat /workspace/Gemini/TestCode/Lang_50b/FastDateFormatTest.java:101: error: cannot find symbol         fdf.parse(""2008-01-01"", new ParsePosition(0), cal);            ^   symbol:   method parse(String,ParsePosition,Calendar)   location: variable fdf of type FastDateFormat 2 errors "
Gemini,Lang,51,org.apache.commons.lang.BooleanUtils,True,1,COMPILE_FAIL,,,,,,,False,,,10.5,TEST_COMPILE_FAIL,ce/Gemini/TestCode/Lang_51b/BooleanUtilsTest.java:218: error: incompatible types: <null> cannot be converted to boolean             BooleanUtils.toInteger(null);                                    ^ Note: Some messages have been simplified; recompile with -Xdiags:verbose to get full output 9 errors 
Gemini,Lang,49,org.apache.commons.lang.math.Fraction,True,1,SUCCESS,SUCCESS,20,1,20,1,,False,77.7,61.7,19.5,,
Gemini,Lang,4,org.apache.commons.lang3.text.translate.LookupTranslator,False,1,SUCCESS,SUCCESS,13,0,13,1,org.apache.commons.lang3.text.translate.LookupTranslatorTest#testLookupWithNonStringCharSequence,True,100.0,100.0,19.2,,
Gemini,Lang,53,org.apache.commons.lang.time.DateUtils,True,1,COMPILE_FAIL,,,,,,,False,,,8.9,TEST_COMPILE_FAIL,": error: cannot find symbol             DateUtils.getFragmentInMilliseconds(cal, 9999);                      ^   symbol:   method getFragmentInMilliseconds(Calendar,int)   location: class DateUtils Note: Some messages have been simplified; recompile with -Xdiags:verbose to get full output 50 errors "
Gemini,Lang,54,org.apache.commons.lang.LocaleUtils,True,1,COMPILE_FAIL,,,,,,,False,,,8.5,TEST_COMPILE_FAIL, or just use public API                                        ^   symbol:   method localeList_forTest(Locale)   location: class LocaleUtils Note: /workspace/Gemini/TestCode/Lang_54b/LocaleUtilsTest.java uses unchecked or unsafe operations. Note: Recompile with -Xlint:unchecked for details. 1 error 
Gemini,Lang,52,org.apache.commons.lang.StringEscapeUtils,True,1,SUCCESS,SUCCESS,12,3,12,4,org.apache.commons.lang.StringEscapeUtilsTest#testEscapeJavaScriptWriter,True,50.0,50.59,17.5,,
Gemini,Lang,58,org.apache.commons.lang.math.NumberUtils,True,1,COMPILE_FAIL,,,,,,,False,,,8.2,TEST_COMPILE_FAIL,"t(""10"", (short) 5));                                             ^   symbol:   method toShort(String,short)   location: class NumberUtils Note: /workspace/Gemini/TestCode/Lang_58b/NumberUtilsTest.java uses or overrides a deprecated API. Note: Recompile with -Xlint:deprecation for details. 12 errors "
Gemini,Lang,56,org.apache.commons.lang.time.FastDateFormat,True,1,SUCCESS,SUCCESS,17,5,17,7,org.apache.commons.lang.time.FastDateFormatTest#testLang303;org.apache.commons.lang.time.FastDateFormatTest#testSerializationAllPatterns,True,94.86,86.64,17.2,,
Gemini,Lang,43,org.apache.commons.lang.text.ExtendedMessageFormat,True,1,SUCCESS,SUCCESS,22,7,22,8,,False,91.02,76.77,58.8,,
Gemini,Lang,57,org.apache.commons.lang.LocaleUtils,True,1,SUCCESS,SUCCESS,11,1,11,11,org.apache.commons.lang.LocaleUtilsTest#testToLocale_2Part;org.apache.commons.lang.LocaleUtilsTest#testAvailableLocaleList;org.apache.commons.lang.LocaleUtilsTest#testConstructor;org.apache.commons.lang.LocaleUtilsTest#testToLocale_3Part;org.apache.commons.lang.LocaleUtilsTest#testLocaleLookupList_Locale;org.apache.commons.lang.LocaleUtilsTest#testIsAvailableLocale;org.apache.commons.lang.LocaleUtilsTest#testLanguagesByCountry;org.apache.commons.lang.LocaleUtilsTest#testToLocale_1Part;org.apache.commons.lang.LocaleUtilsTest#testAvailableLocaleSet;org.apache.commons.lang.LocaleUtilsTest#testCountriesByLanguage,True,100.0,95.31,16.8,,
Gemini,Lang,55,org.apache.commons.lang.time.StopWatch,True,1,SUCCESS,SUCCESS,6,1,6,2,org.apache.commons.lang.time.StopWatchTest#testLang315,True,96.55,92.86,26.7,,
Gemini,Lang,59,org.apache.commons.lang.text.StrBuilder,True,1,COMPILE_FAIL,,,,,,,False,,,8.3,TEST_COMPILE_FAIL,"  location: variable sb of type StrBuilder /workspace/Gemini/TestCode/Lang_59b/StrBuilderTest.java:371: error: cannot find symbol         CharSequence cs = sb.subSequence(0, 5);                             ^   symbol:   method subSequence(int,int)   location: variable sb of type StrBuilder 9 errors "
Gemini,Lang,60,org.apache.commons.lang.text.StrBuilder,True,1,COMPILE_FAIL,,,,,,,False,,,9.1,TEST_COMPILE_FAIL,": variable sb of type StrBuilder /workspace/Gemini/TestCode/Lang_60b/StrBuilderTest.java:703: error: cannot find symbol         assertEquals(""hello"", sb.subSequence(0, 5));                                 ^   symbol:   method subSequence(int,int)   location: variable sb of type StrBuilder 23 errors "
Gemini,Lang,61,org.apache.commons.lang.text.StrBuilder,True,1,COMPILE_FAIL,,,,,,,False,,,9.6,TEST_COMPILE_FAIL,"lder()   location: variable sb of type StrBuilder /workspace/Gemini/TestCode/Lang_61b/StrBuilderTest.java:718: error: cannot find symbol         assertNotSame(sb, sb.toStrBuilder());                             ^   symbol:   method toStrBuilder()   location: variable sb of type StrBuilder 33 errors "
Gemini,Lang,62,org.apache.commons.lang.Entities,True,1,COMPILE_FAIL,,,,,,,False,,,10.4,TEST_COMPILE_FAIL,/workspace/Gemini/TestCode/Lang_62b/EntitiesTest.java:261: error: MapIntMap is abstract; cannot be instantiated         Entities.MapIntMap map = new Entities.MapIntMap();                                  ^ 1 error 
Gemini,Lang,5,org.apache.commons.lang3.LocaleUtils,False,1,SUCCESS,SUCCESS,20,3,20,4,org.apache.commons.lang3.LocaleUtilsTest#testToLocale_CountryOnlyOrCountryAndVariant,True,96.88,95.71,18.9,,
Gemini,Lang,63,org.apache.commons.lang.time.DurationFormatUtils,True,1,SUCCESS,SUCCESS,13,5,13,5,,False,89.12,81.95,20.4,,
Gemini,Lang,64,org.apache.commons.lang.enums.ValuedEnum,True,1,SUCCESS,SUCCESS,18,2,18,3,org.apache.commons.lang.enums.ValuedEnumTest#testCompareTo_otherEnumType,True,72.73,85.71,20.5,,
Gemini,Lang,65,org.apache.commons.lang.time.DateUtils,True,1,SUCCESS,SUCCESS,24,7,24,8,org.apache.commons.lang.time.DateUtilsTest#testTruncateLang59,True,86.64,66.86,21.3,,
Gemini,Lang,6,org.apache.commons.lang3.text.translate.CharSequenceTranslator,True,1,SUCCESS,SUCCESS,13,1,13,2,org.apache.commons.lang3.text.translate.CharSequenceTranslatorTest#testTranslateSurrogatePairAtEndOfString,True,100.0,100.0,20.9,,
Gemini,Lang,8,org.apache.commons.lang3.time.FastDatePrinter,False,1,COMPILE_FAIL,,,,,,,False,,,10.7,TEST_COMPILE_FAIL,"      (argument mismatch; long cannot be converted to Date)     method FastDatePrinter.format(Calendar,StringBuffer) is not applicable       (argument mismatch; long cannot be converted to Calendar) Note: Some messages have been simplified; recompile with -Xdiags:verbose to get full output 3 errors "
Gemini,Lang,7,org.apache.commons.lang3.math.NumberUtils,True,1,SUCCESS,SUCCESS,92,11,92,14,org.apache.commons.lang3.math.NumberUtilsTest#testCreateNumberLeadingHyphensHash;org.apache.commons.lang3.math.NumberUtilsTest#testCreateNumberLeadingHyphens;org.apache.commons.lang3.math.NumberUtilsTest#testCreateNumberLeadingHyphensHex,True,89.21,72.4,21.1,,
Gemini,Lang,9,org.apache.commons.lang3.time.FastDateParser,False,1,COMPILE_FAIL,,,,,,,False,,,10.1,TEST_COMPILE_FAIL,"ateParser cannot be applied to given types;         final FastDateParser fdpLocOnly = new FastDateParser(""yyyy-MM-dd"", GERMANY);                                           ^   required: String,TimeZone,Locale   found: String,Locale   reason: actual and formal argument lists differ in length 8 errors "
Gemini,Math,100,org.apache.commons.math.estimation.AbstractEstimator,True,1,COMPILE_FAIL,,,,,,,False,,,17.8,TEST_COMPILE_FAIL,thod getChiSquare in class AbstractEstimator cannot be applied to given types;             double chiSquare = estimator.getChiSquare();                                         ^   required: EstimationProblem   found: no arguments   reason: actual and formal argument lists differ in length 10 errors 
Gemini,Lang,12,org.apache.commons.lang3.RandomStringUtils,True,1,SUCCESS,SUCCESS,0,0,,,,False,,,191.0,TIMEOUT_FIXED,fixed run exceeded 180s
Gemini,Math,102,org.apache.commons.math.stat.inference.ChiSquareTestImpl,True,1,COMPILE_FAIL,,,,,,,False,,,17.7,TEST_COMPILE_FAIL,"tCode/Math_102b/ChiSquareTestImplTest.java:270: error: cannot find symbol         testImpl.chiSquareTestDataSetsCompared(sample1, sample2, 1.0);                 ^   symbol:   method chiSquareTestDataSetsCompared(long[],long[],double)   location: variable testImpl of type ChiSquareTestImpl 13 errors "
Gemini,Math,101,org.apache.commons.math.complex.ComplexFormat,True,1,COMPILE_FAIL,,,,,,,False,,,17.9,TEST_COMPILE_FAIL, to ComplexFormat is ambiguous         new ComplexFormat(null);         ^   both constructor ComplexFormat(NumberFormat) in ComplexFormat and constructor ComplexFormat(String) in ComplexFormat match Note: Some messages have been simplified; recompile with -Xdiags:verbose to get full output 3 errors 
Gemini,Math,104,org.apache.commons.math.special.Gamma,True,1,COMPILE_FAIL,,,,,,,False,,,18.6,TEST_COMPILE_FAIL,"   ^ /workspace/Gemini/TestCode/Math_104b/GammaTest.java:94: error: unreported exception MathException; must be caught or declared to be thrown         Assert.assertTrue(Double.isNaN(Gamma.regularizedGammaQ(1.0, Double.NaN)));                                                               ^ 8 errors "
Gemini,Math,105,org.apache.commons.math.stat.regression.SimpleRegression,True,1,COMPILE_FAIL,,,,,,,False,,,19.9,TEST_COMPILE_FAIL,"/workspace/Gemini/TestCode/Math_105b/SimpleRegressionTest.java:59: error: cannot find symbol         regression.removeData(1.0, 2.0);                   ^   symbol:   method removeData(double,double)   location: variable regression of type SimpleRegression 1 error "
Gemini,Math,103,org.apache.commons.math.distribution.NormalDistributionImpl,True,1,SUCCESS,SUCCESS,15,1,15,2,org.apache.commons.math.distribution.NormalDistributionImplTest#testCumulativeProbability,True,90.7,77.78,31.2,,
Gemini,Math,10,org.apache.commons.math3.analysis.differentiation.DSCompiler,True,1,COMPILE_FAIL,,,,,,,False,,,17.9,TEST_COMPILE_FAIL,"iler of type DSCompiler /workspace/Gemini/TestCode/Math_10b/DSCompilerTest.java:177: error: cannot find symbol         compiler.hypot(x, 0, y,  0, result, 0);                 ^   symbol:   method hypot(double[],int,double[],int,double[],int)   location: variable compiler of type DSCompiler 2 errors "
Gemini,Math,11,org.apache.commons.math3.distribution.MultivariateNormalDistribution,True,1,COMPILE_FAIL,,,,,,,False,,,17.9,TEST_COMPILE_FAIL,ace/Gemini/TestCode/Math_11b/MultivariateNormalDistributionTest.java:48: error: cannot find symbol     @Test(expected = NotPositiveDefiniteMatrixException.class)                      ^   symbol:   class NotPositiveDefiniteMatrixException   location: class MultivariateNormalDistributionTest 2 errors 
Gemini,Math,12,org.apache.commons.math3.random.BitsStreamGenerator,True,1,COMPILE_FAIL,,,,,,,False,,,17.9,TEST_COMPILE_FAIL,Code/Math_12b/BitsStreamGeneratorTest.java:127: error: method nextLong in class TestBitsStreamGenerator cannot be applied to given types;         generator.nextLong(-100L);                  ^   required: no arguments   found: long   reason: actual and formal argument lists differ in length 3 errors 
Gemini,Math,106,org.apache.commons.math.fraction.ProperFractionFormat,True,1,SUCCESS,SUCCESS,7,2,7,2,,False,79.37,63.16,32.2,,
Gemini,Math,13,org.apache.commons.math3.optimization.general.AbstractLeastSquaresOptimizer,True,1,COMPILE_FAIL,,,,,,,False,,,17.7,TEST_COMPILE_FAIL,er of type ConcreteOptimizer Note: /workspace/Gemini/TestCode/Math_13b/AbstractLeastSquaresOptimizerTest.java uses or overrides a deprecated API. Note: Recompile with -Xlint:deprecation for details. Note: Some messages have been simplified; recompile with -Xdiags:verbose to get full output 5 errors 
Gemini,Math,14,org.apache.commons.math3.optim.nonlinear.vector.jacobian.AbstractLeastSquaresOptimizer;org.apache.commons.math3.optim.nonlinear.vector.Weight,True,1,COMPILE_FAIL,,,,,,,False,,,17.7,TEST_COMPILE_FAIL,on: variable optimizer of type ConcreteOptimizer /workspace/Gemini/TestCode/Math_14b/AbstractLeastSquaresOptimizerTest.java:82: error: computeJacobian(double[]) has protected access in JacobianMultivariateVectorOptimizer             optimizer.computeJacobian(params);                      ^ 7 errors 
Gemini,Math,17,org.apache.commons.math3.dfp.Dfp,True,1,COMPILE_FAIL,,,,,,,False,,,18.2,TEST_COMPILE_FAIL," ^   symbol:   method power(int)   location: variable a of type Dfp /workspace/Gemini/TestCode/Math_17b/DfpTest.java:120: error: cannot find symbol         Assert.assertEquals(123, a.toInt());                                   ^   symbol:   method toInt()   location: variable a of type Dfp 3 errors "
Gemini,Math,18,org.apache.commons.math3.optimization.direct.CMAESOptimizer,True,1,COMPILE_FAIL,,,,,,,False,,,18.4,TEST_COMPILE_FAIL,zer /workspace/Gemini/TestCode/Math_18b/CMAESOptimizerTest.java:159: error: cannot find symbol         Assert.assertNull(optimizer.getCheckFeasibleCount());                                    ^   symbol:   method getCheckFeasibleCount()   location: variable optimizer of type CMAESOptimizer 5 errors 
Gemini,Math,15,org.apache.commons.math3.util.FastMath,True,1,SUCCESS,SUCCESS,11,0,11,0,,False,26.86,17.79,32.1,,
Gemini,Math,16,org.apache.commons.math3.util.FastMath,True,1,SUCCESS,SUCCESS,13,0,13,0,,False,26.79,18.3,31.9,,
Gemini,Math,20,org.apache.commons.math3.optimization.direct.CMAESOptimizer,True,1,COMPILE_FAIL,,,,,,,False,,,17.7,TEST_COMPILE_FAIL,",RandomGenerator,boolean,ConvergenceChecker<PointValuePair>) is not applicable       (actual and formal argument lists differ in length) Note: /workspace/Gemini/TestCode/Math_20b/CMAESOptimizerTest.java uses or overrides a deprecated API. Note: Recompile with -Xlint:deprecation for details. 1 error "
Gemini,Math,19,org.apache.commons.math3.optimization.direct.CMAESOptimizer,True,1,COMPILE_FAIL,,,,,,,False,,,17.9,TEST_COMPILE_FAIL,",double[]) is not applicable       (actual and formal argument lists differ in length)     method BaseAbstractMultivariateSimpleBoundsOptimizer.optimize(int,MultivariateFunction,GoalType,double[],double[],double[]) is not applicable       (actual and formal argument lists differ in length) 9 errors "
Gemini,Math,21,org.apache.commons.math3.linear.RectangularCholeskyDecomposition,True,1,COMPILE_FAIL,,,,,,,False,,,17.8,TEST_COMPILE_FAIL,/TestCode/Math_21b/RectangularCholeskyDecompositionTest.java:86: error: cannot find symbol         int[] perm = decomposition.getPermutation();                                   ^   symbol:   method getPermutation()   location: variable decomposition of type RectangularCholeskyDecomposition 1 error 
Gemini,Math,23,org.apache.commons.math3.optimization.univariate.BrentOptimizer,True,1,COMPILE_FAIL,,,,,,,False,,,16.8,TEST_COMPILE_FAIL,"t.java:33: error: incompatible types: double cannot be converted to ConvergenceChecker<UnivariatePointValuePair>         new BrentOptimizer(1e-8, 1e-9, 0.0);                                        ^ Note: Some messages have been simplified; recompile with -Xdiags:verbose to get full output 2 errors "
Gemini,Math,24,org.apache.commons.math3.optimization.univariate.BrentOptimizer,True,1,COMPILE_FAIL,,,,,,,False,,,16.8,TEST_COMPILE_FAIL,"annot be converted to ConvergenceChecker<UnivariatePointValuePair>         BrentOptimizer opt2 = new BrentOptimizer(1e-8, 1e-9, 1e-10);                                                              ^ Note: Some messages have been simplified; recompile with -Xdiags:verbose to get full output 2 errors "
Gemini,Math,26,org.apache.commons.math3.fraction.Fraction,True,1,COMPILE_FAIL,,,,,,,False,,,16.7,TEST_COMPILE_FAIL,  ^   symbol:   method pow(int)   location: variable f of type Fraction /workspace/Gemini/TestCode/Math_26b/FractionTest.java:221: error: cannot find symbol         Fraction powNeg = f.pow(-2);                            ^   symbol:   method pow(int)   location: variable f of type Fraction 4 errors 
Gemini,Math,27,org.apache.commons.math3.fraction.Fraction,True,1,COMPILE_FAIL,,,,,,,False,,,16.3,TEST_COMPILE_FAIL,       ^   symbol:   method pow(int)   location: variable f of type Fraction /workspace/Gemini/TestCode/Math_27b/FractionTest.java:173: error: cannot find symbol         Fraction pow0 = f.pow(0);                          ^   symbol:   method pow(int)   location: variable f of type Fraction 3 errors 
Gemini,Math,22,org.apache.commons.math3.distribution.FDistribution;org.apache.commons.math3.distribution.UniformRealDistribution,True,1,SUCCESS,SUCCESS,9,2,9,1,,False,46.51,31.82,29.5,,
Gemini,Math,25,org.apache.commons.math3.optimization.fitting.HarmonicFitter,True,1,SUCCESS,SUCCESS,4,2,4,2,,False,72.92,40.0,29.7,,
Gemini,Math,28,org.apache.commons.math3.optimization.linear.SimplexSolver,True,1,COMPILE_FAIL,,,,,,,False,,,16.1,TEST_COMPILE_FAIL,"Test.java:88: error: incompatible types: possible lossy conversion from double to int         SimplexSolver solver = new SimplexSolver(1, 1e-6);                                                     ^ Note: Some messages have been simplified; recompile with -Xdiags:verbose to get full output 4 errors "
Gemini,Math,29,org.apache.commons.math3.linear.OpenMapRealVector,True,1,COMPILE_FAIL,,,,,,,False,,,16.4,TEST_COMPILE_FAIL,java:258: error: cannot find symbol         RealVector vSqrt = v.mapSubtract(1.0).mapSqrt();                                              ^   symbol:   method mapSqrt()   location: class RealVector Note: Some messages have been simplified; recompile with -Xdiags:verbose to get full output 12 errors 
Gemini,Math,2,org.apache.commons.math3.distribution.HypergeometricDistribution,False,1,COMPILE_FAIL,,,,,,,False,,,16.2,TEST_COMPILE_FAIL,ol         HypergeometricDistribution.Sampler sampler = standardDistribution.createSampler(null);                                                                          ^   symbol:   method createSampler(<null>)   location: variable standardDistribution of type HypergeometricDistribution 8 errors 
Gemini,Math,32,org.apache.commons.math3.geometry.euclidean.twod.PolygonsSet,True,1,COMPILE_FAIL,,,,,,,False,,,15.5,TEST_COMPILE_FAIL,"double,double) is not applicable       (actual and formal argument lists differ in length)     constructor Line.Line(Line) is not applicable       (actual and formal argument lists differ in length) Note: Some messages have been simplified; recompile with -Xdiags:verbose to get full output 8 errors "
Gemini,Math,33,org.apache.commons.math3.optimization.linear.SimplexTableau,True,1,COMPILE_FAIL,,,,,,,False,,,15.6,TEST_COMPILE_FAIL,eau of type SimplexTableau /workspace/Gemini/TestCode/Math_33b/SimplexTableauTest.java:117: error: cannot find symbol         RealVector column = tableau.getColumn(0);                                    ^   symbol:   method getColumn(int)   location: variable tableau of type SimplexTableau 3 errors 
Gemini,Math,34,org.apache.commons.math3.genetics.ListPopulation,True,1,COMPILE_FAIL,,,,,,,False,,,15.7,TEST_COMPILE_FAIL," ConcreteListPopulation /workspace/Gemini/TestCode/Math_34b/ListPopulationTest.java:165: error: cannot find symbol         assertEquals(c2, pop.getBestChromosome());                             ^   symbol:   method getBestChromosome()   location: variable pop of type ConcreteListPopulation 5 errors "
Gemini,Math,35,org.apache.commons.math3.genetics.ElitisticListPopulation,True,1,COMPILE_FAIL,,,,,,,False,,,15.7,TEST_COMPILE_FAIL,estCode/Math_35b/ElitisticListPopulationTest.java:111: error: DummyChromosome is not abstract and does not override abstract method checkValidity(List<Integer>) in AbstractListChromosome     private static class DummyChromosome extends AbstractListChromosome<Integer> {                    ^ 7 errors 
Gemini,Math,30,org.apache.commons.math3.stat.inference.MannWhitneyUTest,True,1,SUCCESS,SUCCESS,12,1,12,1,,False,91.18,100.0,28.0,,
Gemini,Math,31,org.apache.commons.math3.util.ContinuedFraction,True,1,SUCCESS,SUCCESS,4,1,4,1,,False,85.71,81.25,28.3,,
Gemini,Math,36,org.apache.commons.math.fraction.BigFraction,True,1,COMPILE_FAIL,,,,,,,False,,,16.4,TEST_COMPILE_FAIL,/workspace/Gemini/TestCode/Math_36b/BigFractionTest.java:202: error: incompatible types: double cannot be converted to BigFraction         BigFraction powDouble = bf.pow(2.0);                                       ^ 1 error 
Gemini,Math,38,org.apache.commons.math.optimization.direct.BOBYQAOptimizer,True,1,COMPILE_FAIL,,,,,,,False,,,16.0,TEST_COMPILE_FAIL,orkspace/Gemini/TestCode/Math_38b/BOBYQAOptimizerTest.java:103: error: cannot find symbol         MultivariateRealFunction func = new MultivariateRealFunction() {                                             ^   symbol:   class MultivariateRealFunction   location: class BOBYQAOptimizerTest 10 errors 
Gemini,Math,39,org.apache.commons.math.ode.nonstiff.EmbeddedRungeKuttaIntegrator,True,1,COMPILE_FAIL,,,,,,,False,,,15.9,TEST_COMPILE_FAIL,nnot be converted to FirstOrderDifferentialEquations         ExpandableStatefulODE expandable = new ExpandableStatefulODE(ode);                                                                      ^ Note: Some messages have been simplified; recompile with -Xdiags:verbose to get full output 5 errors 
Gemini,Math,3,org.apache.commons.math3.util.MathArrays,False,1,COMPILE_FAIL,,,,,,,False,,,16.5,TEST_COMPILE_FAIL,"verifyValues(<null>,int,int)   location: class MathArrays /workspace/Gemini/TestCode/Math_3b/MathArraysTest.java:270: error: cannot find symbol         MathArrays.verifyValues(values, 0, 0);                   ^   symbol:   method verifyValues(double[],int,int)   location: class MathArrays 21 errors "
Gemini,Math,37,org.apache.commons.math.complex.Complex,True,1,SUCCESS,SUCCESS,27,2,27,2,,False,75.33,60.59,28.9,,
Gemini,Math,41,org.apache.commons.math.stat.descriptive.moment.Variance,True,1,COMPILE_FAIL,,,,,,,False,,,16.0,TEST_COMPILE_FAIL,"ment mismatch; possible lossy conversion from double to int)     method Variance.evaluate(double[],double[],double) is not applicable       (argument mismatch; double cannot be converted to double[]) Note: Some messages have been simplified; recompile with -Xdiags:verbose to get full output 1 error "
Gemini,Math,42,org.apache.commons.math.optimization.linear.SimplexTableau,True,1,COMPILE_FAIL,,,,,,,False,,,15.9,TEST_COMPILE_FAIL,"plexTableauTest.java:118: error: cannot find symbol         SimplexTableau tableau = new SimplexTableau(f, constraints, GoalType.MAXIMIZE, false, 1e-6);                                                                     ^   symbol:   variable GoalType   location: class SimplexTableauTest 15 errors "
Gemini,Math,43,org.apache.commons.math.stat.descriptive.SummaryStatistics,True,1,COMPILE_FAIL,,,,,,,False,,,15.9,TEST_COMPILE_FAIL,"stics /workspace/Gemini/TestCode/Math_43b/SummaryStatisticsTest.java:149: error: cannot find symbol         Assert.assertEquals(3.0, u.getPercentile(50.0), 1e-14);                                   ^   symbol:   method getPercentile(double)   location: variable u of type SummaryStatistics 12 errors "
Gemini,Math,44,org.apache.commons.math.ode.AbstractIntegrator,True,1,COMPILE_FAIL,,,,,,,False,,,15.2,TEST_COMPILE_FAIL,"o given types;         FirstOrderDifferentialEquations wrapped = integrator.computeDerivatives(ode);                                                             ^   required: double,double[],double[]   found: ExpandableStatefulODE   reason: actual and formal argument lists differ in length 6 errors "
Gemini,Math,40,org.apache.commons.math.analysis.solvers.BracketingNthOrderBrentSolver,True,1,SUCCESS,SUCCESS,15,4,15,4,,False,92.42,84.85,28.3,,
Gemini,Math,46,org.apache.commons.math.complex.Complex,True,1,COMPILE_FAIL,,,,,,,False,,,14.9,TEST_COMPILE_FAIL,/workspace/Gemini/TestCode/Math_46b/ComplexTest.java:192: error: cannot find symbol         Complex scale = c.scale(2.0);                          ^   symbol:   method scale(double)   location: variable c of type Complex 1 error 
Gemini,Math,48,org.apache.commons.math.analysis.solvers.BaseSecantSolver,True,1,COMPILE_FAIL,,,,,,,False,,,15.1,TEST_COMPILE_FAIL, error: cannot find symbol         UnivariateFunction f = new UnivariateFunction() {                                    ^   symbol:   class UnivariateFunction   location: class BaseSecantSolverTest Note: Some messages have been simplified; recompile with -Xdiags:verbose to get full output 19 errors 
Gemini,Math,49,org.apache.commons.math.linear.OpenMapRealVector,True,1,COMPILE_FAIL,,,,,,,False,,,15.7,TEST_COMPILE_FAIL,nMapRealVectorTest.java:409: error: cannot find symbol         Iterator<RealVector.Entry> sparseIt = v.sparseIterator();         ^   symbol:   class Iterator   location: class OpenMapRealVectorTest Note: Some messages have been simplified; recompile with -Xdiags:verbose to get full output 63 errors 
Gemini,Math,45,org.apache.commons.math.linear.OpenMapRealMatrix,True,1,SUCCESS,SUCCESS,10,0,10,0,,False,79.0,70.83,27.9,,
Gemini,Math,47,org.apache.commons.math.complex.Complex,True,1,SUCCESS,SUCCESS,24,0,24,1,org.apache.commons.math.complex.ComplexTest#testDivideByZero,True,77.11,66.22,29.3,,
Gemini,Math,4,org.apache.commons.math3.geometry.euclidean.threed.SubLine;org.apache.commons.math3.geometry.euclidean.twod.SubLine,False,1,SUCCESS,SUCCESS,2,0,2,0,,False,0.0,0.0,28.3,,
Gemini,Math,52,org.apache.commons.math.geometry.euclidean.threed.Rotation,True,1,COMPILE_FAIL,,,,,,,False,,,15.5,TEST_COMPILE_FAIL,/workspace/Gemini/TestCode/Math_52b/RotationTest.java:173: error: cannot find symbol         Rotation rev = r.revers();                         ^   symbol:   method revers()   location: variable r of type Rotation 1 error 
Gemini,Math,53,org.apache.commons.math.complex.Complex,True,1,COMPILE_FAIL,,,,,,,False,,,15.2,TEST_COMPILE_FAIL,/Math_53b/ComplexTest.java:157: error: incompatible types: double cannot be converted to Complex         Assert.assertTrue(c1.divide(Double.NaN).isNaN());                                           ^ Note: Some messages have been simplified; recompile with -Xdiags:verbose to get full output 2 errors 
Gemini,Math,50,org.apache.commons.math.analysis.solvers.BaseSecantSolver,True,1,SUCCESS,SUCCESS,8,0,8,0,,False,85.92,58.7,29.7,,
Gemini,Math,54,org.apache.commons.math.dfp.Dfp,True,1,COMPILE_FAIL,,,,,,,False,,,14.8,TEST_COMPILE_FAIL,"thod compareTo(Dfp)   location: variable c of type Dfp /workspace/Gemini/TestCode/Math_54b/DfpTest.java:62: error: cannot find symbol         Assert.assertEquals(5.0, a.abs().toDouble(), 1e-12);                                   ^   symbol:   method abs()   location: variable a of type Dfp 5 errors "
Gemini,Math,51,org.apache.commons.math.analysis.solvers.BaseSecantSolver,True,1,SUCCESS,SUCCESS,9,0,9,0,,False,77.33,54.17,29.3,,
Gemini,Math,55,org.apache.commons.math.geometry.Vector3D,True,1,COMPILE_FAIL,,,,,,,False,,,14.8,TEST_COMPILE_FAIL,"        Vector3D crossInstance = v1.crossProduct(v2);                                    ^   required: Vector3D,Vector3D   found: Vector3D   reason: actual and formal argument lists differ in length Note: Some messages have been simplified; recompile with -Xdiags:verbose to get full output 3 errors "
Gemini,Math,56,org.apache.commons.math.util.MultidimensionalCounter,True,1,COMPILE_FAIL,,,,,,,False,,,14.9,TEST_COMPILE_FAIL,ind symbol         Iterator<MultidimensionalCounter.Entry> iterator = counter.iterator();                                         ^   symbol:   class Entry   location: class MultidimensionalCounter Note: Some messages have been simplified; recompile with -Xdiags:verbose to get full output 12 errors 
Gemini,Math,57,org.apache.commons.math.stat.clustering.KMeansPlusPlusClusterer,True,1,COMPILE_FAIL,,,,,,,False,,,15.6,TEST_COMPILE_FAIL,/workspace/Gemini/TestCode/Math_57b/KMeansPlusPlusClustererTest.java:23: error: cannot find symbol         public DummyClusterable centroidOf(Collection<DummyClusterable> p) {                                            ^   symbol:   class Collection   location: class DummyClusterable 1 error 
Gemini,Math,58,org.apache.commons.math.optimization.fitting.GaussianFitter,True,1,COMPILE_FAIL,,,,,,,False,,,15.5,TEST_COMPILE_FAIL,rkspace/Gemini/TestCode/Math_58b/GaussianFitterTest.java:61: error: cannot find symbol         DifferentiableMultivariateVectorOptimizer optimizer = new LevenbergMarquardtOptimizer();         ^   symbol:   class DifferentiableMultivariateVectorOptimizer   location: class GaussianFitterTest 7 errors 
Gemini,Math,5,org.apache.commons.math3.complex.Complex,False,1,COMPILE_FAIL,,,,,,,False,,,15.9,TEST_COMPILE_FAIL," new Complex(0.0, 0.0);                         ^   symbol:   class Complex   location: class ComplexTest /workspace/Gemini/TestCode/Math_5b/ComplexTest.java:239: error: cannot find symbol         Complex result = c.sin();         ^   symbol:   class Complex   location: class ComplexTest 100 errors "
Gemini,Math,60,org.apache.commons.math.distribution.NormalDistributionImpl,True,1,COMPILE_FAIL,,,,,,,False,,,15.8,TEST_COMPILE_FAIL,tionImpl /workspace/Gemini/TestCode/Math_60b/NormalDistributionImplTest.java:59: error: cannot find symbol         distribution.setStandardDeviation(-2.5);                     ^   symbol:   method setStandardDeviation(double)   location: variable distribution of type NormalDistributionImpl 5 errors 
Gemini,Math,61,org.apache.commons.math.distribution.PoissonDistributionImpl,True,1,COMPILE_FAIL,,,,,,,False,,,15.4,TEST_COMPILE_FAIL,ibutionImpl /workspace/Gemini/TestCode/Math_61b/PoissonDistributionImplTest.java:47: error: cannot find symbol         defaultDistribution.setMean(-0.5);                            ^   symbol:   method setMean(double)   location: variable defaultDistribution of type PoissonDistributionImpl 3 errors 
Gemini,Math,62,org.apache.commons.math.optimization.univariate.MultiStartUnivariateRealOptimizer,True,1,COMPILE_FAIL,,,,,,,False,,,15.0,TEST_COMPILE_FAIL,                       ^ Note: /workspace/Gemini/TestCode/Math_62b/MultiStartUnivariateRealOptimizerTest.java uses unchecked or unsafe operations. Note: Recompile with -Xlint:unchecked for details. Note: Some messages have been simplified; recompile with -Xdiags:verbose to get full output 25 errors 
Gemini,Math,59,org.apache.commons.math.util.FastMath,True,1,SUCCESS,SUCCESS,6,1,6,1,,False,42.53,21.45,28.5,,
Gemini,Math,63,org.apache.commons.math.util.MathUtils,True,1,COMPILE_FAIL,,,,,,,False,,,14.7,TEST_COMPILE_FAIL,"e converted to double[]) /workspace/Gemini/TestCode/Math_63b/MathUtilsTest.java:125: error: cannot find symbol         assertEquals(1.0, MathUtils.reduce(5.0, 2.0, 0.0), 1e-12);                                    ^   symbol:   method reduce(double,double,double)   location: class MathUtils 2 errors "
Gemini,Math,64,org.apache.commons.math.optimization.general.LevenbergMarquardtOptimizer,True,1,COMPILE_FAIL,,,,,,,False,,,14.9,TEST_COMPILE_FAIL,rdtOptimizer /workspace/Gemini/TestCode/Math_64b/LevenbergMarquardtOptimizerTest.java:60: error: cannot find symbol         optimizer.setCoderTolerance(1e-10);                  ^   symbol:   method setCoderTolerance(double)   location: variable optimizer of type LevenbergMarquardtOptimizer 2 errors 
Gemini,Math,65,org.apache.commons.math.optimization.general.AbstractLeastSquaresOptimizer,True,1,COMPILE_FAIL,,,,,,,False,,,14.9,TEST_COMPILE_FAIL, override abstract method value(double[]) in MultivariateVectorialFunction         DifferentiableMultivariateVectorialFunction f = new DifferentiableMultivariateVectorialFunction() {                                                                                                           ^ 3 errors 
Gemini,Math,66,org.apache.commons.math.optimization.univariate.BrentOptimizer,True,1,COMPILE_FAIL,,,,,,,False,,,15.0,TEST_COMPILE_FAIL,cation: package org.apache.commons.math.optimization /workspace/Gemini/TestCode/Math_66b/BrentOptimizerTest.java:73: error: cannot find symbol     @Test(expected = ConvergenceException.class)                      ^   symbol:   class ConvergenceException   location: class BrentOptimizerTest 2 errors 
Gemini,Math,67,org.apache.commons.math.optimization.MultiStartUnivariateRealOptimizer,True,1,COMPILE_FAIL,,,,,,,False,,,15.7,TEST_COMPILE_FAIL,n {                                                  ^   symbol: class FunctionEvaluationException /workspace/Gemini/TestCode/Math_67b/MultiStartUnivariateRealOptimizerTest.java:258: error: method does not override or implement a method from a supertype             @Override             ^ 38 errors 
Gemini,Math,68,org.apache.commons.math.optimization.general.LevenbergMarquardtOptimizer,True,1,COMPILE_FAIL,,,,,,,False,,,15.5,TEST_COMPILE_FAIL, class LevenbergMarquardtOptimizerTest /workspace/Gemini/TestCode/Math_68b/LevenbergMarquardtOptimizerTest.java:90: error: cannot find symbol         assertNotNull(result);         ^   symbol:   method assertNotNull(VectorialPointValuePair)   location: class LevenbergMarquardtOptimizerTest 5 errors 
Gemini,Math,69,org.apache.commons.math.stat.correlation.PearsonsCorrelation,True,1,COMPILE_FAIL,,,,,,,False,,,15.9,TEST_COMPILE_FAIL, type PearsonsCorrelation /workspace/Gemini/TestCode/Math_69b/PearsonsCorrelationTest.java:157: error: cannot find symbol         RealMatrix pValues = corr.getPValues();                                  ^   symbol:   method getPValues()   location: variable corr of type PearsonsCorrelation 7 errors 
Gemini,Math,6,org.apache.commons.math3.optim.BaseOptimizer;org.apache.commons.math3.optim.nonlinear.scalar.gradient.NonLinearConjugateGradientOptimizer;org.apache.commons.math3.optim.nonlinear.scalar.noderiv.CMAESOptimizer;org.apache.commons.math3.optim.nonlinear.scalar.noderiv.PowellOptimizer;org.apache.commons.math3.optim.nonlinear.scalar.noderiv.SimplexOptimizer;org.apache.commons.math3.optim.nonlinear.vector.jacobian.GaussNewtonOptimizer;org.apache.commons.math3.optim.nonlinear.vector.jacobian.LevenbergMarquardtOptimizer,True,1,COMPILE_FAIL,,,,,,,False,,,15.7,TEST_COMPILE_FAIL,orkspace/Gemini/TestCode/Math_6b/BaseOptimizerTest.java:162: error: cannot find symbol         Incrementor iterCount = optimizer.getIterationsCount();                                          ^   symbol:   method getIterationsCount()   location: variable optimizer of type ConcreteOptimizer 7 errors 
Gemini,Math,71,org.apache.commons.math.ode.nonstiff.EmbeddedRungeKuttaIntegrator;org.apache.commons.math.ode.nonstiff.RungeKuttaIntegrator,True,1,COMPILE_FAIL,,,,,,,False,,,14.9,TEST_COMPILE_FAIL,torTest /workspace/Gemini/TestCode/Math_71b/EmbeddedRungeKuttaIntegratorTest.java:111: error: cannot find symbol         FirstOrderDifferentialEquation ode = new SimpleEquation(1);         ^   symbol:   class FirstOrderDifferentialEquation   location: class EmbeddedRungeKuttaIntegratorTest 6 errors 
Gemini,Math,72,org.apache.commons.math.analysis.solvers.BrentSolver,True,1,COMPILE_FAIL,,,,,,,False,,,14.2,TEST_COMPILE_FAIL,"workspace/Gemini/TestCode/Math_72b/BrentSolverTest.java:19: error: cannot find symbol         double result = solver.solve(f, 3.0, 4.0);                               ^   symbol:   method solve(UnivariateRealFunction,double,double)   location: variable solver of type UnivariateRealFunction 4 errors "
Gemini,Math,73,org.apache.commons.math.analysis.solvers.BrentSolver,True,1,COMPILE_FAIL,,,,,,,False,,,14.5,TEST_COMPILE_FAIL,/workspace/Gemini/TestCode/Math_73b/BrentSolverTest.java:4: error: package org.apache.commons.math.exception does not exist import org.apache.commons.math.exception.MaxExceededException;                                         ^ 1 error 
Gemini,Math,74,org.apache.commons.math.ode.nonstiff.EmbeddedRungeKuttaIntegrator,True,1,COMPILE_FAIL,,,,,,,False,,,14.0,TEST_COMPILE_FAIL,rTest.java:145: error: malformed floating point literal         double minStep = 1e-something;                          ^ /workspace/Gemini/TestCode/Math_74b/EmbeddedRungeKuttaIntegratorTest.java:145: error: ';' expected         double minStep = 1e-something;                             ^ 12 errors 
Gemini,Math,70,org.apache.commons.math.analysis.solvers.BisectionSolver,True,1,SUCCESS,SUCCESS,5,1,5,1,,False,95.65,83.33,25.9,,
Gemini,Math,75,org.apache.commons.math.stat.Frequency,True,1,COMPILE_FAIL,,,,,,,False,,,14.1,TEST_COMPILE_FAIL,"ethod getSum()   location: variable f of type Frequency /workspace/Gemini/TestCode/Math_75b/FrequencyTest.java:198: error: cannot find symbol         assertEquals(0, f.getUniqueCount());                          ^   symbol:   method getUniqueCount()   location: variable f of type Frequency 8 errors "
Gemini,Math,77,org.apache.commons.math.linear.ArrayRealVector;org.apache.commons.math.linear.OpenMapRealVector,True,1,COMPILE_FAIL,,,,,,,False,,,15.6,TEST_COMPILE_FAIL,ffer in length) /workspace/Gemini/TestCode/Math_77b/ArrayRealVectorTest.java:448: error: cannot find symbol         double linfDist = v1.getLinfDistance(srv);                             ^   symbol:   method getLinfDistance(SparseRealVector)   location: variable v1 of type ArrayRealVector 10 errors 
Gemini,Math,78,org.apache.commons.math.ode.events.EventState,True,1,COMPILE_FAIL,,,,,,,False,,,16.2,TEST_COMPILE_FAIL,"     (actual and formal argument lists differ in length) /workspace/Gemini/TestCode/Math_78b/EventStateTest.java:214: error: cannot find symbol         state.reinitialize(0.0, y);              ^   symbol:   method reinitialize(double,double[])   location: variable state of type EventState 30 errors "
Gemini,Math,79,org.apache.commons.math.util.MathUtils,True,1,COMPILE_FAIL,,,,,,,False,,,16.7,TEST_COMPILE_FAIL,"tils /workspace/Gemini/TestCode/Math_79b/MathUtilsTest.java:332: error: cannot find symbol         assertTrue(MathUtils.equalsIncludingNaN((double[]) null, (double[]) null));                             ^   symbol:   method equalsIncludingNaN(double[],double[])   location: class MathUtils 12 errors "
Gemini,Math,7,org.apache.commons.math3.ode.AbstractIntegrator,True,1,COMPILE_FAIL,,,,,,,False,,,17.0,TEST_COMPILE_FAIL,s AbstractIntegratorTest /workspace/Gemini/TestCode/Math_7b/AbstractIntegratorTest.java:168: error: cannot find symbol         expandable.setPrimary(new double[]{0.0});                   ^   symbol:   method setPrimary(double[])   location: variable expandable of type ExpandableStatefulODE 9 errors 
Gemini,Math,80,org.apache.commons.math.linear.EigenDecompositionImpl,True,1,COMPILE_FAIL,,,,,,,False,,,17.4,TEST_COMPILE_FAIL,"/workspace/Gemini/TestCode/Math_80b/EigenDecompositionImplTest.java:60: error: cannot find symbol         assertEquals(3.0, ed.getTrace(), 1e-12);                             ^   symbol:   method getTrace()   location: variable ed of type EigenDecompositionImpl 1 error "
Gemini,Math,76,org.apache.commons.math.linear.SingularValueDecompositionImpl,True,1,SUCCESS,SUCCESS,5,2,5,2,,False,85.29,77.59,28.1,,
Gemini,Math,81,org.apache.commons.math.linear.EigenDecompositionImpl,True,1,COMPILE_FAIL,,,,,,,False,,,17.5,TEST_COMPILE_FAIL,"ormer /workspace/Gemini/TestCode/Math_81b/EigenDecompositionImplTest.java:34: error: cannot find symbol                 transformer.getSecondaryDiagonal(),                            ^   symbol:   method getSecondaryDiagonal()   location: variable transformer of type TriDiagonalTransformer 2 errors "
Gemini,Math,83,org.apache.commons.math.optimization.linear.SimplexTableau,True,1,COMPILE_FAIL,,,,,,,False,,,16.9,TEST_COMPILE_FAIL,"plexTableauTest.java:128: error: cannot find symbol         SimplexTableau tableau = new SimplexTableau(f, constraints, GoalType.MAXIMIZE, false, 1e-6);                                                                     ^   symbol:   variable GoalType   location: class SimplexTableauTest 18 errors "
Gemini,Math,84,org.apache.commons.math.optimization.direct.MultiDirectional,True,1,COMPILE_FAIL,,,,,,,False,,,16.5,TEST_COMPILE_FAIL,"ptimization /workspace/Gemini/TestCode/Math_84b/MultiDirectionalTest.java:46: error: cannot find symbol         md.setConvergenceChecker(new SimpleScalarChecker(1e-6, 1e-6));                                      ^   symbol:   class SimpleScalarChecker   location: class MultiDirectionalTest 2 errors "
Gemini,Math,85,org.apache.commons.math.analysis.solvers.UnivariateRealSolverUtils,True,1,COMPILE_FAIL,,,,,,,False,,,16.6,TEST_COMPILE_FAIL,iateRealSolverUtilsTest.java:165: error: cannot find symbol         UnivariateRealSolver solver = UnivariateRealSolverUtils.newDefaultSolver();                                                                ^   symbol:   method newDefaultSolver()   location: class UnivariateRealSolverUtils 5 errors 
Gemini,Math,86,org.apache.commons.math.linear.CholeskyDecompositionImpl,True,1,COMPILE_FAIL,,,,,,,False,,,16.5,TEST_COMPILE_FAIL,lSolver   location: class CholeskyDecompositionImplTest /workspace/Gemini/TestCode/Math_86b/CholeskyDecompositionImplTest.java:118: error: cannot find symbol         RealSolver solver = chol.getSolver();         ^   symbol:   class RealSolver   location: class CholeskyDecompositionImplTest 2 errors 
Gemini,Math,82,org.apache.commons.math.optimization.linear.SimplexSolver,True,1,SUCCESS,SUCCESS,8,1,8,1,,False,96.67,94.44,31.1,,
Gemini,Math,87,org.apache.commons.math.optimization.linear.SimplexTableau,True,1,COMPILE_FAIL,,,,,,,False,,,18.3,TEST_COMPILE_FAIL,e SimplexTableau /workspace/Gemini/TestCode/Math_87b/SimplexTableauTest.java:107: error: cannot find symbol             Assert.assertNotNull(tableau.getTableau());                                         ^   symbol:   method getTableau()   location: variable tableau of type SimplexTableau 20 errors 
Gemini,Math,88,org.apache.commons.math.optimization.linear.SimplexTableau,True,1,COMPILE_FAIL,,,,,,,False,,,18.5,TEST_COMPILE_FAIL,"auTest /workspace/Gemini/TestCode/Math_88b/SimplexTableauTest.java:114: error: cannot find symbol         Assert.assertEquals(2, tableau.getNumConstraints());                                       ^   symbol:   method getNumConstraints()   location: variable tableau of type SimplexTableau 14 errors "
Gemini,Math,90,org.apache.commons.math.stat.Frequency,True,1,COMPILE_FAIL,,,,,,,False,,,19.1,TEST_COMPILE_FAIL,orkspace/Gemini/TestCode/Math_90b/FrequencyTest.java uses or overrides a deprecated API. Note: Recompile with -Xlint:deprecation for details. Note: /workspace/Gemini/TestCode/Math_90b/FrequencyTest.java uses unchecked or unsafe operations. Note: Recompile with -Xlint:unchecked for details. 2 errors 
Gemini,Math,8,org.apache.commons.math3.distribution.DiscreteDistribution,False,1,COMPILE_FAIL,,,,,,,False,,,19.2,TEST_COMPILE_FAIL,"ce/Gemini/TestCode/Math_8b/DiscreteDistributionTest.java:118: error: cannot find symbol         Assert.assertEquals(0, dist.getSupportUpperBound());                                    ^   symbol:   method getSupportUpperBound()   location: variable dist of type DiscreteDistribution<String> 8 errors "
Gemini,Math,91,org.apache.commons.math.fraction.Fraction,True,1,COMPILE_FAIL,,,,,,,False,,,17.5,TEST_COMPILE_FAIL,"/workspace/Gemini/TestCode/Math_91b/FractionTest.java:229: error: cannot find symbol         Assert.assertEquals(50.0, f.percentageValue(), 1e-15);                                    ^   symbol:   method percentageValue()   location: variable f of type Fraction 1 error "
Gemini,Math,92,org.apache.commons.math.util.MathUtils,True,1,COMPILE_FAIL,,,,,,,False,,,18.0,TEST_COMPILE_FAIL,       ^   symbol:   method checkNotNull(Double[])   location: class MathUtils /workspace/Gemini/TestCode/Math_92b/MathUtilsTest.java:360: error: cannot find symbol         MathUtils.checkNotNull(null);                  ^   symbol:   method checkNotNull(<null>)   location: class MathUtils 17 errors 
Gemini,Math,89,org.apache.commons.math.stat.Frequency,True,1,SUCCESS,SUCCESS,11,4,11,5,org.apache.commons.math.stat.FrequencyTest#testAddNotComparable,True,63.3,70.59,31.8,,
Gemini,Math,93,org.apache.commons.math.util.MathUtils,True,1,COMPILE_FAIL,,,,,,,False,,,17.7,TEST_COMPILE_FAIL,tilsTest.java:374: error: cannot inherit from final MathUtils         MathUtils utils = new MathUtils() {};                               ^ Note: /workspace/Gemini/TestCode/Math_93b/MathUtilsTest.java uses or overrides a deprecated API. Note: Recompile with -Xlint:deprecation for details. 14 errors 
Gemini,Math,96,org.apache.commons.math.complex.Complex,True,1,COMPILE_FAIL,,,,,,,False,,,16.1,TEST_COMPILE_FAIL,   location: variable c of type Complex /workspace/Gemini/TestCode/Math_96b/ComplexTest.java:125: error: cannot find symbol         assertTrue(Double.isNaN(cNaN.getArgument()));                                     ^   symbol:   method getArgument()   location: variable cNaN of type Complex 2 errors 
Gemini,Math,98,org.apache.commons.math.linear.BigMatrixImpl;org.apache.commons.math.linear.RealMatrixImpl,True,1,COMPILE_FAIL,,,,,,,False,,,15.5,TEST_COMPILE_FAIL,mal[])   location: variable m of type BigMatrixImpl /workspace/Gemini/TestCode/Math_98b/BigMatrixImplTest.java:178: error: cannot find symbol         BigMatrix augmented = m.cumSum();                                ^   symbol:   method cumSum()   location: variable m of type BigMatrixImpl 11 errors 
Gemini,Math,95,org.apache.commons.math.distribution.FDistributionImpl,True,1,SUCCESS,SUCCESS,13,1,13,2,org.apache.commons.math.distribution.FDistributionImplTest#testInverseCumulativeProbability,True,96.88,91.67,27.3,,
Gemini,Math,94,org.apache.commons.math.util.MathUtils,True,1,SUCCESS,SUCCESS,6,1,6,1,,False,21.52,23.04,27.5,,
Gemini,Math,99,org.apache.commons.math.util.MathUtils,True,1,COMPILE_FAIL,,,,,,,False,,,15.1,TEST_COMPILE_FAIL,"exOf(<null>,double)   location: class MathUtils Note: /workspace/Gemini/TestCode/Math_99b/MathUtilsTest.java uses or overrides a deprecated API. Note: Recompile with -Xlint:deprecation for details. Note: Some messages have been simplified; recompile with -Xdiags:verbose to get full output 21 errors "
Gemini,Math,97,org.apache.commons.math.analysis.BrentSolver,True,1,SUCCESS,SUCCESS,12,1,12,4,org.apache.commons.math.analysis.BrentSolverTest#testRootAlreadyExact;org.apache.commons.math.analysis.BrentSolverTest#testMath97Trigger;org.apache.commons.math.analysis.BrentSolverTest#testEndpointIsRoot,True,89.9,83.33,26.0,,
Gemini,Math,9,org.apache.commons.math3.geometry.euclidean.threed.Line,False,1,COMPILE_FAIL,,,,,,,False,,,14.3,TEST_COMPILE_FAIL, symbol:   class Vector1D   location: class LineTest /workspace/Gemini/TestCode/Math_9b/LineTest.java:84: error: cannot find symbol         double offset = line.getOffset(new Vector1D(5.0));                                            ^   symbol:   class Vector1D   location: class LineTest 62 errors 
Gemini,Mockito,12,org.mockito.internal.util.reflection.GenericMaster,True,1,COMPILE_FAIL,,,,,,,False,,,19.8,TEST_COMPILE_FAIL,cMasterTest.java:100: error: incompatible types: Class<String> cannot be converted to Field         Type type = master.getGenericType(String.class);                                                 ^ Note: Some messages have been simplified; recompile with -Xdiags:verbose to get full output 7 errors 
Gemini,Mockito,13,org.mockito.internal.MockHandler,True,1,COMPILE_FAIL,,,,,,,False,,,21.5,TEST_COMPILE_FAIL,"ockito_13b/MockHandlerTest.java:63: error: incompatible types: Method cannot be converted to MockitoMethod                 Object.class.getMethod(""toString""),                                       ^ Note: Some messages have been simplified; recompile with -Xdiags:verbose to get full output 4 errors "
Gemini,Mockito,14,org.mockito.internal.MockHandler;org.mockito.internal.MockitoCore,True,1,COMPILE_FAIL,,,,,,,False,,,25.0,TEST_COMPILE_FAIL,edValues   location: class MockHandlerTest /workspace/Gemini/TestCode/Mockito_14b/MockHandlerTest.java:49: error: cannot find symbol         mockHandler.setSpy(new Object());                    ^   symbol:   method setSpy(Object)   location: variable mockHandler of type MockHandler<Object> 4 errors 
Gemini,Mockito,15,org.mockito.internal.configuration.injection.FinalMockCandidateFilter,True,1,COMPILE_FAIL,,,,,,,False,,,26.5,TEST_COMPILE_FAIL,"lMockCandidateFilterTest.java:60: error: cannot find symbol         OngoingInjection result = filter.filter(mocks, field, target);                                         ^   symbol:   method filter(Set<Object>,Field,TargetClass)   location: variable filter of type FinalMockCandidateFilter 5 errors "
Gemini,Mockito,16,org.mockito.internal.MockitoCore;org.mockito.Mockito,True,1,COMPILE_FAIL,,,,,,,False,,,26.6,TEST_COMPILE_FAIL,                                    ^   symbol:   method ignoreStubs(List<String>)   location: variable mockitoCore of type MockitoCore Note: /workspace/Gemini/TestCode/Mockito_16b/MockitoCoreTest.java uses unchecked or unsafe operations. Note: Recompile with -Xlint:unchecked for details. 12 errors 
Gemini,Mockito,17,org.mockito.internal.creation.MockSettingsImpl;org.mockito.internal.util.MockUtil,True,1,COMPILE_FAIL,,,,,,,False,,,26.0,TEST_COMPILE_FAIL,ckSettingsImpl /workspace/Gemini/TestCode/Mockito_17b/MockSettingsImplTest.java:183: error: cannot find symbol         assertNotNull(settings.getValidationInfo());                               ^   symbol:   method getValidationInfo()   location: variable settings of type MockSettingsImpl 42 errors 
Gemini,Mockito,10,org.mockito.internal.stubbing.defaultanswers.ReturnsDeepStubs,True,1,COMPILE_FAIL,,,,,,,False,,,85.5,TEST_COMPILE_FAIL,/workspace/Gemini/TestCode/Mockito_10b/ReturnsDeepStubsTest.java:6: error: cannot find symbol import org.mockito.mock.MockSettings;                        ^   symbol:   class MockSettings   location: package org.mockito.mock 1 error 
Gemini,Mockito,11,org.mockito.internal.creation.DelegatingMethod,True,1,SUCCESS,SUCCESS,6,1,6,1,,False,84.21,75.0,98.1,,
Gemini,Mockito,18,org.mockito.internal.stubbing.defaultanswers.ReturnsEmptyValues,True,1,COMPILE_FAIL,,,,,,,False,,,81.3,TEST_COMPILE_FAIL,"   Object compareToRes = returnsEmptyValues.returnValueFor(new DummyInvocation(compareToMethod, new Object[]{new Object()}, mock));                                                                 ^ Note: Some messages have been simplified; recompile with -Xdiags:verbose to get full output 28 errors "
Gemini,Mockito,19,org.mockito.internal.configuration.injection.filter.FinalMockCandidateFilter;org.mockito.internal.configuration.injection.filter.MockCandidateFilter;org.mockito.internal.configuration.injection.filter.NameBasedCandidateFilter;org.mockito.internal.configuration.injection.filter.TypeBasedCandidateFilter;org.mockito.internal.configuration.injection.PropertyAndSetterInjection,True,1,COMPILE_FAIL,,,,,,,False,,,81.3,TEST_COMPILE_FAIL,"java:113: error: cannot find symbol         OngoingInjecter ongoingInjecter = filter.filter(mocks, field, fieldInstance);                                                 ^   symbol:   method filter(List<Object>,Field,SampleClass)   location: variable filter of type FinalMockCandidateFilter 8 errors "
Gemini,Mockito,20,org.mockito.internal.creation.bytebuddy.ByteBuddyMockMaker,True,1,COMPILE_FAIL,,,,,,,False,,,81.4,TEST_COMPILE_FAIL,: type MockHandler does not take parameters         MockHandler<?> handler = mockMaker.getHandler(nonMock);                    ^ Note: /workspace/Gemini/TestCode/Mockito_20b/ByteBuddyMockMakerTest.java uses unchecked or unsafe operations. Note: Recompile with -Xlint:unchecked for details. 22 errors 
Gemini,Mockito,21,org.mockito.internal.creation.instance.ConstructorInstantiator,True,1,COMPILE_FAIL,,,,,,,False,,,89.5,TEST_COMPILE_FAIL,lass ConstructorInstantiator cannot be applied to given types;         ConstructorInstantiator instantiator = new ConstructorInstantiator();                                                ^   required: Object   found: no arguments   reason: actual and formal argument lists differ in length 6 errors 
Gemini,Mockito,23,org.mockito.internal.stubbing.defaultanswers.ReturnsDeepStubs,True,1,COMPILE_FAIL,,,,,,,False,,,53.3,TEST_COMPILE_FAIL,/workspace/Gemini/TestCode/Mockito_23b/ReturnsDeepStubsTest.java:48: error: cannot find symbol         closeable = MockitoAnnotations.openMocks(this);                                       ^   symbol:   method openMocks(ReturnsDeepStubsTest)   location: class MockitoAnnotations 1 error 
Gemini,Mockito,22,org.mockito.internal.matchers.Equality,True,1,SUCCESS,SUCCESS,21,0,21,0,,False,93.33,92.31,66.8,,
Gemini,Mockito,25,org.mockito.internal.stubbing.defaultanswers.ReturnsDeepStubs,True,1,COMPILE_FAIL,,,,,,,False,,,44.7,TEST_COMPILE_FAIL, supertype         @Override         ^ Note: /workspace/Gemini/TestCode/Mockito_25b/ReturnsDeepStubsTest.java uses unchecked or unsafe operations. Note: Recompile with -Xlint:unchecked for details. Note: Some messages have been simplified; recompile with -Xdiags:verbose to get full output 10 errors 
Gemini,Mockito,27,org.mockito.internal.util.MockUtil,True,1,COMPILE_FAIL,,,,,,,False,,,26.7,TEST_COMPILE_FAIL,ilTest.java:73: error: non-static method <T>getMockHandler(T) cannot be referenced from a static context             assertNotNull(MockUtil.getMockHandler(mock));                                   ^   where T is a type-variable:     T extends Object declared in method <T>getMockHandler(T) 13 errors 
Gemini,Mockito,24,org.mockito.internal.stubbing.defaultanswers.ReturnsEmptyValues,True,1,COMPILE_FAIL,,,,,,,False,,,54.2,TEST_COMPILE_FAIL,compatible types: InvocationOnMock cannot be converted to Class<?>         Object result = returnsEmptyValues.returnValueFor(invocation);                                                           ^ Note: Some messages have been simplified; recompile with -Xdiags:verbose to get full output 22 errors 
Gemini,Mockito,26,org.mockito.internal.util.Primitives,True,1,COMPILE_FAIL,,,,,,,False,,,43.1,TEST_COMPILE_FAIL,"mitivesTest.java:38: error: incompatible types: String cannot be converted to Class<?>         assertFalse(Primitives.isPrimitiveWrapper(""test""));                                                   ^ Note: Some messages have been simplified; recompile with -Xdiags:verbose to get full output 9 errors "
Gemini,Mockito,28,org.mockito.internal.configuration.DefaultInjectionEngine,True,1,COMPILE_FAIL,,,,,,,False,,,27.0,TEST_COMPILE_FAIL,"kito_28b/DefaultInjectionEngineTest.java:76: error: cannot find symbol         injectionEngine.injectDependencies(testInstance, mocks);                        ^   symbol:   method injectDependencies(ChildClass,Set<Object>)   location: variable injectionEngine of type DefaultInjectionEngine 4 errors "
Gemini,Mockito,29,org.mockito.internal.matchers.Same,True,1,SUCCESS,SUCCESS,5,1,5,1,,False,86.67,50.0,39.8,,
Gemini,Mockito,30,org.mockito.exceptions.Reporter;org.mockito.internal.stubbing.defaultanswers.ReturnsSmartNulls,True,1,COMPILE_FAIL,,,,,,,False,,,27.2,TEST_COMPILE_FAIL,o_30b/ReporterTest.java:242: error: cannot find symbol         String res = Reporter.join(col);                              ^   symbol:   method join(Collection<String>)   location: class Reporter Note: Some messages have been simplified; recompile with -Xdiags:verbose to get full output 53 errors 
Gemini,Mockito,31,org.mockito.internal.stubbing.defaultanswers.ReturnsSmartNulls,True,1,COMPILE_FAIL,,,,,,,False,,,27.9,TEST_COMPILE_FAIL,tionOnMock invocation = new InvocationOnMock() {                                                              ^ /workspace/Gemini/TestCode/Mockito_31b/ReturnsSmartNullsTest.java:171: error: method does not override or implement a method from a supertype             @Override             ^ 10 errors 
Gemini,Mockito,32,org.mockito.internal.configuration.SpyAnnotationEngine,True,1,COMPILE_FAIL,,,,,,,False,,,27.8,TEST_COMPILE_FAIL,/workspace/Gemini/TestCode/Mockito_32b/SpyAnnotationEngineTest.java:10: error: cannot find symbol import org.mockito.internal.exceptions.Reporter;                                       ^   symbol:   class Reporter   location: package org.mockito.internal.exceptions 1 error 
Gemini,Mockito,33,org.mockito.internal.invocation.InvocationMatcher,True,1,COMPILE_FAIL,,,,,,,False,,,26.5,TEST_COMPILE_FAIL," org.mockito.invocation /workspace/Gemini/TestCode/Mockito_33b/InvocationMatcherTest.java:24: error: incompatible types: Method cannot be converted to MockitoMethod             method,             ^ Note: Some messages have been simplified; recompile with -Xdiags:verbose to get full output 2 errors "
Gemini,Mockito,34,org.mockito.internal.invocation.InvocationMatcher,True,1,COMPILE_FAIL,,,,,,,False,,,25.4,TEST_COMPILE_FAIL,b/InvocationMatcherTest.java:85: error: cannot find symbol         List<InvocationMatcher> matchers = InvocationMatcher.createFrom(invocations);                                                             ^   symbol:   method createFrom(List<Invocation>)   location: class InvocationMatcher 2 errors 
Gemini,Mockito,35,org.mockito.Matchers,True,1,COMPILE_FAIL,,,,,,,False,,,26.0,TEST_COMPILE_FAIL," found: double,double   reason: cannot infer type-variable(s) T     (actual and formal argument lists differ in length)   where T is a type-variable:     T extends Object declared in method <T>eq(T) Note: Some messages have been simplified; recompile with -Xdiags:verbose to get full output 5 errors "
Gemini,Mockito,36,org.mockito.internal.invocation.Invocation,True,1,COMPILE_FAIL,,,,,,,False,,,26.3,TEST_COMPILE_FAIL,"hod         Invocation invocation = new Invocation(new SampleClass(), method, new Object[0], 1, new DummyRealMethod(null, null));                                                                   ^ Note: Some messages have been simplified; recompile with -Xdiags:verbose to get full output 21 errors "
Gemini,Mockito,37,org.mockito.internal.stubbing.answers.AnswersValidator,True,1,COMPILE_FAIL,,,,,,,False,,,26.5,TEST_COMPILE_FAIL,"st.java:124: error: incompatible types: InvocationMatcher cannot be converted to Invocation         validator.validate(genericAnswer, invocationMatcher);                                           ^ Note: Some messages have been simplified; recompile with -Xdiags:verbose to get full output 21 errors "
Gemini,Mockito,38,org.mockito.internal.verification.argumentmatching.ArgumentMatchingTool,True,1,COMPILE_FAIL,,,,,,,False,,,25.5,TEST_COMPILE_FAIL,"error: cannot find symbol             Integer[] suspicious = tool.getSuspiciousMethodMatchingArgs(matchers, args);                                        ^   symbol:   method getSuspiciousMethodMatchingArgs(List<Matcher>,List<Object>)   location: variable tool of type ArgumentMatchingTool 11 errors "
Gemini,Mockito,2,org.mockito.internal.util.Timer,False,1,COMPILE_FAIL,,,,,,,False,,,79.8,TEST_COMPILE_FAIL,t find symbol     private Timer timer;             ^   symbol:   class Timer   location: class TimerTest /workspace/Gemini/TestCode/Mockito_2b/TimerTest.java:14: error: cannot find symbol         timer = new Timer();                     ^   symbol:   class Timer   location: class TimerTest 2 errors 
Gemini,Mockito,3,org.mockito.internal.invocation.InvocationMatcher,False,1,COMPILE_FAIL,,,,,,,False,,,76.9,TEST_COMPILE_FAIL,rTest /workspace/Gemini/TestCode/Mockito_3b/InvocationMatcherTest.java:74: error: cannot find symbol         InvocationMatcher matcher = new InvocationMatcher(invocation);                                         ^   symbol:   class InvocationMatcher   location: class InvocationMatcherTest 14 errors 
Gemini,Mockito,4,org.mockito.exceptions.Reporter,False,1,COMPILE_FAIL,,,,,,,False,,,76.9,TEST_COMPILE_FAIL,         ^   symbol:   class Reporter   location: class ReporterTest /workspace/Gemini/TestCode/Mockito_4b/ReporterTest.java:18: error: cannot find symbol         Reporter reporter = new Reporter();                                 ^   symbol:   class Reporter   location: class ReporterTest 4 errors 
Gemini,Mockito,5,org.mockito.internal.verification.VerificationOverTimeImpl,False,1,COMPILE_FAIL,,,,,,,False,,,84.0,TEST_COMPILE_FAIL,erTimeImplTest /workspace/Gemini/TestCode/Mockito_5b/VerificationOverTimeImplTest.java:28: error: cannot find symbol         verification = new VerificationOverTimeImpl();                            ^   symbol:   class VerificationOverTimeImpl   location: class VerificationOverTimeImplTest 9 errors 
Gemini,Mockito,6,org.mockito.Matchers,True,1,COMPILE_FAIL,,,,,,,False,,,83.3,TEST_COMPILE_FAIL,"/workspace/Gemini/TestCode/Mockito_6b/MatchersTest.java:100: error: reference to assertEquals is ambiguous         assertEquals(Integer.valueOf(5), Matchers.eq(5));         ^   both method assertEquals(long,long) in Assert and method assertEquals(Object,Object) in Assert match 1 error "
Gemini,Time,10,org.joda.time.base.BaseSingleFieldPeriod,True,1,COMPILE_FAIL,,,,,,,False,,,18.4,TEST_COMPILE_FAIL,gleFieldPeriodTest.java:116: error: cannot find symbol         Seconds s = Seconds.standardSeconds(20);                            ^   symbol:   method standardSeconds(int)   location: class Seconds Note: Some messages have been simplified; recompile with -Xdiags:verbose to get full output 7 errors 
Gemini,Mockito,7,org.mockito.internal.util.reflection.GenericMetadataSupport,True,1,COMPILE_FAIL,,,,,,,False,,,83.9,TEST_COMPILE_FAIL,aSupportTest.java:56: error: cannot find symbol         GenericMetadataSupport resolved = support.resolveGenericType(genericReturnType);                                                  ^   symbol:   method resolveGenericType(Type)   location: variable support of type GenericMetadataSupport 1 error 
Gemini,Time,11,org.joda.time.tz.ZoneInfoCompiler,True,1,COMPILE_FAIL,,,,,,,False,,,17.2,TEST_COMPILE_FAIL,"ateTimeZoneBuilder>         Map<String, DateTimeZoneBuilder> result = ZoneInfoCompiler.compile(null, new File[]{tzFile});                                                                           ^ Note: Some messages have been simplified; recompile with -Xdiags:verbose to get full output 16 errors "
Gemini,Mockito,8,org.mockito.internal.util.reflection.GenericMetadataSupport,False,1,COMPILE_FAIL,,,,,,,False,,,82.2,TEST_COMPILE_FAIL,/Mockito_8b/GenericMetadataSupportTest.java:9: error: cannot find symbol     private static class TestMetadataSupport extends GenericMetadataSupport {                                                      ^   symbol:   class GenericMetadataSupport   location: class GenericMetadataSupportTest 1 error 
Gemini,Time,12,org.joda.time.LocalDate;org.joda.time.LocalDateTime,True,1,COMPILE_FAIL,,,,,,,False,,,17.2,TEST_COMPILE_FAIL,"estCode/Time_12b/LocalDateTest.java:396: error: cannot find symbol         LocalDate buddhist = new LocalDate(2007, 10, 27, BuddhistChronology.getInstance());                                                          ^   symbol:   variable BuddhistChronology   location: class LocalDateTest 32 errors "
Gemini,Time,13,org.joda.time.format.PeriodFormatterBuilder,True,1,COMPILE_FAIL,,,,,,,False,,,16.4,TEST_COMPILE_FAIL,erBuilderTest.java:158: error: cannot find symbol         builder.rejectZeroAdded();                ^   symbol:   method rejectZeroAdded()   location: variable builder of type PeriodFormatterBuilder Note: Some messages have been simplified; recompile with -Xdiags:verbose to get full output 2 errors 
Gemini,Time,15,org.joda.time.field.FieldUtils,True,1,COMPILE_FAIL,,,,,,,False,,,15.6,TEST_COMPILE_FAIL,"Field                 org.joda.time.DateTimeFieldType.year(), org.joda.time.DurationFieldType.years());                                                                                              ^ Note: Some messages have been simplified; recompile with -Xdiags:verbose to get full output 7 errors "
Gemini,Time,17,org.joda.time.DateTimeZone,True,1,COMPILE_FAIL,,,,,,,False,,,15.3,TEST_COMPILE_FAIL,"s DateTimeZone cannot be applied to given types;         long resNull = DateTimeZone.getMillisKeepLocal(null, 1000L, null, 2000L);                                    ^   required: DateTimeZone,long   found: <null>,long,<null>,long   reason: actual and formal argument lists differ in length 2 errors "
Gemini,Time,16,org.joda.time.format.DateTimeFormatter,True,1,COMPILE_FAIL,,,,,,,False,,,15.6,TEST_COMPILE_FAIL,"DateTime(int,int,int,int,int,int,int,DateTimeZone) is not applicable       (actual and formal argument lists differ in length)     constructor MutableDateTime.MutableDateTime(int,int,int,int,int,int,int,Chronology) is not applicable       (actual and formal argument lists differ in length) 9 errors "
Gemini,Time,14,org.joda.time.chrono.BasicMonthOfYearDateTimeField,True,1,SUCCESS,SUCCESS,11,2,11,2,,False,57.63,34.62,28.2,,
Gemini,Time,18,org.joda.time.chrono.GJChronology,True,1,COMPILE_FAIL,,,,,,,False,,,15.5,TEST_COMPILE_FAIL," incompatible types: GJChronology cannot be converted to int         LocalDateTime ldt = new LocalDateTime(1582, 1, 1, 0, 0, chrono);                                                                 ^ Note: Some messages have been simplified; recompile with -Xdiags:verbose to get full output 1 error "
Gemini,Time,19,org.joda.time.DateTimeZone,True,1,COMPILE_FAIL,,,,,,,False,,,17.6,TEST_COMPILE_FAIL,"DateTimeZone cannot be applied to given types;         long nullZoneResult = DateTimeZone.getMillisKeepLocal(null, 1000L, null);                                           ^   required: DateTimeZone,long   found: <null>,long,<null>   reason: actual and formal argument lists differ in length 5 errors "
Gemini,Time,20,org.joda.time.format.DateTimeFormatterBuilder,True,1,COMPILE_FAIL,,,,,,,False,,,17.6,TEST_COMPILE_FAIL,"e to append is ambiguous         assertNotNull(builder.append((DateTimePrinter)null, null));                              ^   both method append(DateTimePrinter,DateTimeParser) in DateTimeFormatterBuilder and method append(DateTimePrinter,DateTimeParser[]) in DateTimeFormatterBuilder match 6 errors "
Gemini,Time,22,org.joda.time.base.BasePeriod,True,1,COMPILE_FAIL,,,,,,,False,,,17.6,TEST_COMPILE_FAIL,"""NotAPeriodOrDuration"", PeriodType.standard(), ISOChronology.getInstance());         ^ /workspace/Gemini/TestCode/Time_22b/BasePeriodTest.java:145: error: BasePeriod is abstract; cannot be instantiated         BasePeriod p = new BasePeriod(1, 2, 3, 4, 5, 6, 7, 8);                        ^ 20 errors "
Gemini,Time,23,org.joda.time.DateTimeZone,True,1,COMPILE_FAIL,,,,,,,False,,,17.5,TEST_COMPILE_FAIL,"one cannot be applied to given types;         long nullDefaultZone = DateTimeZone.getMillisKeepLocal(null, 1000L, zone2);                                            ^   required: DateTimeZone,long   found: <null>,long,DateTimeZone   reason: actual and formal argument lists differ in length 4 errors "
Gemini,Time,24,org.joda.time.format.DateTimeParserBucket,True,1,COMPILE_FAIL,,,,,,,False,,,18.0,TEST_COMPILE_FAIL,"Equals(Object,Object) in Assert match Note: /workspace/Gemini/TestCode/Time_24b/DateTimeParserBucketTest.java uses or overrides a deprecated API. Note: Recompile with -Xlint:deprecation for details. Note: Some messages have been simplified; recompile with -Xdiags:verbose to get full output 6 errors "
Gemini,Time,26,org.joda.time.chrono.ZonedChronology;org.joda.time.DateTimeZone;org.joda.time.field.LenientDateTimeField,True,1,COMPILE_FAIL,,,,,,,False,,,17.5,TEST_COMPILE_FAIL,"   method ZonedChronology.getDateTimeMillis(int,int,int,int,int,int,int) is not applicable       (actual and formal argument lists differ in length)     method ZonedChronology.getDateTimeMillis(long,int,int,int,int) is not applicable       (actual and formal argument lists differ in length) 1 error "
Gemini,Time,25,org.joda.time.DateTimeZone,True,1,COMPILE_FAIL,,,,,,,False,,,18.2,TEST_COMPILE_FAIL,"or: cannot find symbol         long adjusted = zone.adjustOffset(0L, true);                             ^   symbol:   method adjustOffset(long,boolean)   location: variable zone of type DateTimeZone Note: Some messages have been simplified; recompile with -Xdiags:verbose to get full output 3 errors "
Gemini,Time,27,org.joda.time.format.PeriodFormatterBuilder,True,1,COMPILE_FAIL,,,,,,,False,,,17.8,TEST_COMPILE_FAIL,/workspace/Gemini/TestCode/Time_27b/PeriodFormatterBuilderTest.java:95: error: cannot find symbol                 .appendMillisOptional()                 ^   symbol:   method appendMillisOptional()   location: class PeriodFormatterBuilder 1 error 
Gemini,Time,2,org.joda.time.field.UnsupportedDurationField;org.joda.time.Partial,False,1,COMPILE_FAIL,,,,,,,False,,,17.8,TEST_COMPILE_FAIL,"ace/Gemini/TestCode/Time_2b/UnsupportedDurationFieldTest.java:114: error: cannot find symbol         unsupportedField.differenceAsLong(100L, 50L);                         ^   symbol:   method differenceAsLong(long,long)   location: variable unsupportedField of type UnsupportedDurationField 2 errors "
Gemini,Time,3,org.joda.time.MutableDateTime,False,1,COMPILE_FAIL,,,,,,,False,,,18.2,TEST_COMPILE_FAIL,st.java:277: error: cannot find symbol         assertNotNull(prop.roundHalfEvenCopy());                           ^   symbol:   method roundHalfEvenCopy()   location: variable prop of type Property Note: Some messages have been simplified; recompile with -Xdiags:verbose to get full output 67 errors 
Gemini,Mockito,9,org.mockito.internal.stubbing.answers.CallsRealMethods,False,1,SUCCESS,SUCCESS,2,2,2,2,,False,100.0,100.0,94.6,,
Gemini,Time,4,org.joda.time.Partial,False,1,COMPILE_FAIL,,,,,,,False,,,16.1,TEST_COMPILE_FAIL,"   symbol:   variable NumberUtils   location: class PartialTest /workspace/Gemini/TestCode/Time_4b/PartialTest.java:140: error: cannot find symbol         assertEquals(0, NumberUtils.compare(1L, 1L));                         ^   symbol:   variable NumberUtils   location: class PartialTest 50 errors "
Gemini,Time,5,org.joda.time.Period,False,1,COMPILE_FAIL,,,,,,,False,,,16.3,TEST_COMPILE_FAIL,"d standardSeconds(int)   location: class Period /workspace/Gemini/TestCode/Time_5b/PeriodTest.java:52: error: cannot find symbol         assertEquals(10, Period.standardMillis(10).getMillis());                                ^   symbol:   method standardMillis(int)   location: class Period 4 errors "
Gemini,Time,6,org.joda.time.chrono.GJChronology,True,1,COMPILE_FAIL,,,,,,,False,,,16.3,TEST_COMPILE_FAIL,"lDate cannot be converted to ReadableInstant         GJChronology chrono = GJChronology.getInstance(zone, new LocalDate(1582, 10, 15));                                                              ^ Note: Some messages have been simplified; recompile with -Xdiags:verbose to get full output 4 errors "
Gemini,Time,7,org.joda.time.format.DateTimeFormatter,True,1,COMPILE_FAIL,,,,,,,False,,,16.4,TEST_COMPILE_FAIL,"eInto in class DateTimeFormatter cannot be applied to given types;         int pos = formatter.parseInto(null, 0L, ""abcd"", 0);                            ^   required: ReadWritableInstant,String,int   found: <null>,long,String,int   reason: actual and formal argument lists differ in length 7 errors "
Gemini,Time,8,org.joda.time.DateTimeZone,False,1,COMPILE_FAIL,,,,,,,False,,,16.5,TEST_COMPILE_FAIL,/workspace/Gemini/TestCode/Time_8b/DateTimeZoneTest.java:204: error: cannot find symbol             DateTimeZone.forOffsetMillis(DateTimeZone.MAX_OFFSET + 1);                                                      ^   symbol:   variable MAX_OFFSET   location: class DateTimeZone 1 error 
Gemini,Time,9,org.joda.time.DateTimeZone,False,1,COMPILE_FAIL,,,,,,,False,,,15.5,TEST_COMPILE_FAIL,/workspace/Gemini/TestCode/Time_9b/DateTimeZoneTest.java:73: error: illegal start of type     public.void testForOffsetHoursMinutesSignsMismatch() {           ^ 1 error 
deepseek,Chart,11,org.jfree.chart.util.ShapeUtilities,True,1,COMPILE_FAIL,,,,,,,False,,,11.9,TEST_COMPILE_FAIL," = ShapeUtilities.createTransformedShape(rect, rotate);                                           ^   symbol:   method createTransformedShape(Shape,AffineTransform)   location: class ShapeUtilities Note: Some messages have been simplified; recompile with -Xdiags:verbose to get full output 35 errors "
deepseek,Chart,12,org.jfree.chart.plot.MultiplePiePlot,True,1,COMPILE_FAIL,,,,,,,False,,,11.9,TEST_COMPILE_FAIL,    ^ /workspace/deepseek/TestCode/Chart_12b/MultiplePiePlotTest.java:362: error: fireDatasetChanged() has protected access in AbstractDataset         dataset.fireDatasetChanged();                ^ Note: Some messages have been simplified; recompile with -Xdiags:verbose to get full output 38 errors 
deepseek,Chart,13,org.jfree.chart.block.BorderArrangement,True,1,COMPILE_FAIL,,,,,,,False,,,11.9,TEST_COMPILE_FAIL,"rangementTest.java:538: error: cannot find symbol             Size2D size = arrangement.arrange(container, g2, null);             ^   symbol:   class Size2D   location: class BorderArrangementTest Note: Some messages have been simplified; recompile with -Xdiags:verbose to get full output 100 errors "
deepseek,Chart,14,org.jfree.chart.plot.CategoryPlot;org.jfree.chart.plot.XYPlot,True,1,COMPILE_FAIL,,,,,,,False,,,10.9,TEST_COMPILE_FAIL,"a:317: error: cannot find symbol         assertEquals(1, plot.getRendererCount());                             ^   symbol:   method getRendererCount()   location: variable plot of type CategoryPlot Note: Some messages have been simplified; recompile with -Xdiags:verbose to get full output 33 errors "
deepseek,Chart,15,org.jfree.chart.plot.PiePlot,True,1,COMPILE_FAIL,,,,,,,False,,,10.5,TEST_COMPILE_FAIL,"est.java:284: error: cannot find symbol             assertEquals(""Value for index "" + i, multiDataset.getValue(i), plot.getValue(i));                                                                                ^   symbol:   method getValue(int)   location: variable plot of type PiePlot 32 errors "
deepseek,Chart,10,org.jfree.chart.imagemap.StandardToolTipTagFragmentGenerator,True,1,SUCCESS,SUCCESS,10,9,10,9,,False,100.0,,22.0,,
deepseek,Chart,17,org.jfree.data.time.TimeSeries,True,1,COMPILE_FAIL,,,,,,,False,,,10.3,TEST_COMPILE_FAIL,iesTest.java:492: error: incompatible types: Number cannot be converted to double         assertTrue(Double.isNaN(series.getValue(new Year(2023))));                                                ^ Note: Some messages have been simplified; recompile with -Xdiags:verbose to get full output 11 errors 
deepseek,Chart,16,org.jfree.data.category.DefaultIntervalCategoryDataset,True,1,COMPILE_FAIL,,,,,,,False,,,10.7,TEST_COMPILE_FAIL,"     (argument mismatch; double cannot be converted to String)     method Assert.assertEquals(String,Object,Object) is not applicable       (argument mismatch; double cannot be converted to String) Note: Some messages have been simplified; recompile with -Xdiags:verbose to get full output 81 errors "
deepseek,Chart,18,org.jfree.data.DefaultKeyedValues;org.jfree.data.DefaultKeyedValues2D,True,1,COMPILE_FAIL,,,,,,,False,,,10.1,TEST_COMPILE_FAIL,cation: class DefaultKeyedValuesTest Note: /workspace/deepseek/TestCode/Chart_18b/DefaultKeyedValuesTest.java uses unchecked or unsafe operations. Note: Recompile with -Xlint:unchecked for details. Note: Some messages have been simplified; recompile with -Xdiags:verbose to get full output 15 errors 
deepseek,Chart,19,org.jfree.chart.plot.CategoryPlot,True,1,COMPILE_FAIL,,,,,,,False,,,10.4,TEST_COMPILE_FAIL," class CategoryPlotTest /workspace/deepseek/TestCode/Chart_19b/CategoryPlotTest.java:359: error: cannot find symbol         assertNotSame(plot.getDomainAxis(), cloned.getDomainAxis());         ^   symbol:   method assertNotSame(CategoryAxis,CategoryAxis)   location: class CategoryPlotTest 17 errors "
deepseek,Chart,20,org.jfree.chart.plot.ValueMarker,True,1,COMPILE_FAIL,,,,,,,False,,,10.6,TEST_COMPILE_FAIL," location: class ValueMarkerTest /workspace/deepseek/TestCode/Chart_20b/ValueMarkerTest.java:351: error: cannot find symbol         assertEquals(TextAnchor.BASELINE_LEFT, marker.getLabelTextAnchor());                      ^   symbol:   variable TextAnchor   location: class ValueMarkerTest 12 errors "
deepseek,Chart,21,org.jfree.data.statistics.DefaultBoxAndWhiskerCategoryDataset,True,1,COMPILE_FAIL,,,,,,,False,,,10.7,TEST_COMPILE_FAIL,space/deepseek/TestCode/Chart_21b/DefaultBoxAndWhiskerCategoryDatasetTest.java:558: error: cannot find symbol         Range r = dataset.getRowBounds(0);                          ^   symbol:   method getRowBounds(int)   location: variable dataset of type DefaultBoxAndWhiskerCategoryDataset 15 errors 
deepseek,Chart,23,org.jfree.chart.renderer.category.MinMaxCategoryRenderer,True,1,COMPILE_FAIL,,,,,,,False,,,11.0,TEST_COMPILE_FAIL,"nderer.drawRangeGridline(g2, plot, plot.getRangeAxis(), 2.0, dataArea, true);                 ^   required: Graphics2D,CategoryPlot,ValueAxis,Rectangle2D,double   found: Graphics2D,CategoryPlot,ValueAxis,double,Rectangle2D,boolean   reason: actual and formal argument lists differ in length 9 errors "
deepseek,Chart,24,org.jfree.chart.renderer.GrayPaintScale,True,1,COMPILE_FAIL,,,,,,,False,,,10.6,TEST_COMPILE_FAIL,"le       (actual and formal argument lists differ in length)     constructor GrayPaintScale.GrayPaintScale(double,double) is not applicable       (actual and formal argument lists differ in length) Note: Some messages have been simplified; recompile with -Xdiags:verbose to get full output 20 errors "
deepseek,Chart,26,org.jfree.chart.axis.Axis,True,1,COMPILE_FAIL,,,,,,,False,,,12.3,TEST_COMPILE_FAIL,Chart_26b/AxisTest.java:687: error: cannot find symbol         assertNull(axis.getCenterAt());                        ^   symbol:   method getCenterAt()   location: variable axis of type NumberAxis Note: Some messages have been simplified; recompile with -Xdiags:verbose to get full output 27 errors 
deepseek,Chart,22,org.jfree.data.KeyedObjects2D,True,1,SUCCESS,SUCCESS,39,11,39,12,org.jfree.data.KeyedObjects2DTest#testRemoveRowByKeyNull,True,75.17,59.46,22.9,,
deepseek,Chart,3,org.jfree.data.time.TimeSeries,False,1,COMPILE_FAIL,,,,,,,False,,,12.3,TEST_COMPILE_FAIL, location: variable series of type TimeSeries Note: /workspace/deepseek/TestCode/Chart_3b/TimeSeriesTest.java uses unchecked or unsafe operations. Note: Recompile with -Xlint:unchecked for details. Note: Some messages have been simplified; recompile with -Xdiags:verbose to get full output 58 errors 
deepseek,Chart,4,org.jfree.chart.plot.XYPlot,False,1,COMPILE_FAIL,,,,,,,False,,,12.9,TEST_COMPILE_FAIL,"pace/deepseek/TestCode/Chart_4b/XYPlotTest.java:877: error: incompatible types: Double cannot be converted to double         plot.zoom(new Rectangle2D.Double(10, 10, 100, 100));                   ^ Note: Some messages have been simplified; recompile with -Xdiags:verbose to get full output 41 errors "
deepseek,Chart,25,org.jfree.chart.renderer.category.StatisticalBarRenderer,True,1,SUCCESS,SUCCESS,15,0,15,6,org.jfree.chart.renderer.category.StatisticalBarRendererTest#testRenderWithLargeValues;org.jfree.chart.renderer.category.StatisticalBarRendererTest#testRenderWithNullMean;org.jfree.chart.renderer.category.StatisticalBarRendererTest#testRenderWithMissingColumnKey;org.jfree.chart.renderer.category.StatisticalBarRendererTest#testRenderWithBothNull;org.jfree.chart.renderer.category.StatisticalBarRendererTest#testRenderWithNullStdDev;org.jfree.chart.renderer.category.StatisticalBarRendererTest#testRenderWithVerySmallValues,True,43.41,24.44,26.0,,
deepseek,Chart,5,org.jfree.data.xy.XYSeries,False,1,COMPILE_FAIL,,,,,,,False,,,11.7,TEST_COMPILE_FAIL,hod getMinY()   location: variable series of type XYSeries /workspace/deepseek/TestCode/Chart_5b/XYSeriesTest.java:560: error: cannot find symbol         double maxY = series.getMaxY();                             ^   symbol:   method getMaxY()   location: variable series of type XYSeries 10 errors 
deepseek,Chart,2,org.jfree.data.general.DatasetUtilities,False,1,SUCCESS,SUCCESS,45,2,45,2,,False,0.0,0.0,24.2,,
deepseek,Chart,6,org.jfree.chart.util.ShapeList,True,1,COMPILE_FAIL,,,,,,,False,,,11.7,TEST_COMPILE_FAIL,de/Chart_6b/ShapeListTest.java:305: error: constructor ShapeList in class ShapeList cannot be applied to given types;         ShapeList sl = new ShapeList(shapes);                        ^   required: no arguments   found: Shape[]   reason: actual and formal argument lists differ in length 3 errors 
deepseek,Chart,7,org.jfree.data.time.TimePeriodValues,True,1,COMPILE_FAIL,,,,,,,False,,,12.0,TEST_COMPILE_FAIL,"     (argument mismatch; double cannot be converted to String)     method Assert.assertEquals(String,Object,Object) is not applicable       (argument mismatch; double cannot be converted to String) Note: Some messages have been simplified; recompile with -Xdiags:verbose to get full output 51 errors "
deepseek,Chart,8,org.jfree.data.time.Week,False,1,SUCCESS,SUCCESS,0,0,,,,False,,,15.3,RUNTIME_FAIL,no test results on fixed
deepseek,Chart,9,org.jfree.data.time.TimeSeries,False,1,COMPILE_FAIL,,,,,,,False,,,11.3,TEST_COMPILE_FAIL,")     method TimeSeries.addOrUpdate(RegularTimePeriod,Number) is not applicable       (actual and formal argument lists differ in length) Note: /workspace/deepseek/TestCode/Chart_9b/TimeSeriesTest.java uses unchecked or unsafe operations. Note: Recompile with -Xlint:unchecked for details. 21 errors "
deepseek,Cli,10,org.apache.commons.cli.Parser,True,1,COMPILE_FAIL,,,,,,,False,,,10.4,TEST_COMPILE_FAIL,"nd formal argument lists differ in length)     method Options.addOption(String,String,boolean,String) is not applicable       (actual and formal argument lists differ in length)     method Options.addOption(Option) is not applicable       (actual and formal argument lists differ in length) 3 errors "
deepseek,Cli,11,org.apache.commons.cli.HelpFormatter,True,1,COMPILE_FAIL,,,,,,,False,,,10.7,TEST_COMPILE_FAIL,t applicable       (actual and formal argument lists differ in length) /workspace/deepseek/TestCode/Cli_11b/HelpFormatterTest.java:880: error: cannot find symbol         opt.setDeprecated(true);            ^   symbol:   method setDeprecated(boolean)   location: variable opt of type Option 12 errors 
deepseek,Cli,12,org.apache.commons.cli.GnuParser,True,1,COMPILE_FAIL,,,,,,,False,,,10.6,TEST_COMPILE_FAIL,"g)   location: class Option /workspace/deepseek/TestCode/Cli_12b/GnuParserTest.java:333: error: cannot find symbol         reqOptions.addOption(Option.builder(""r"").required().hasArg().build());                                    ^   symbol:   method builder(String)   location: class Option 8 errors "
deepseek,Cli,13,org.apache.commons.cli2.WriteableCommandLine;org.apache.commons.cli2.commandline.WriteableCommandLineImpl;org.apache.commons.cli2.option.ArgumentImpl,True,1,COMPILE_FAIL,,,,,,,False,,,10.4,TEST_COMPILE_FAIL,"ace/deepseek/TestCode/Cli_13b/WriteableCommandLineTest.java:300: error: cannot find symbol         Option longOpt = new OptionBuilder().withLongOpt(""long"").withShortOpt('l').create();                              ^   symbol:   class OptionBuilder   location: class WriteableCommandLineTest 11 errors "
deepseek,Cli,14,org.apache.commons.cli2.option.GroupImpl,True,1,COMPILE_FAIL,,,,,,,False,,,10.6,TEST_COMPILE_FAIL,TestCode/Cli_14b/GroupImplTest.java:521: error: method does not override or implement a method from a supertype         @Override         ^ Note: /workspace/deepseek/TestCode/Cli_14b/GroupImplTest.java uses unchecked or unsafe operations. Note: Recompile with -Xlint:unchecked for details. 60 errors 
deepseek,Cli,15,org.apache.commons.cli2.commandline.WriteableCommandLineImpl,True,1,COMPILE_FAIL,,,,,,,False,,,10.8,TEST_COMPILE_FAIL,"ew WriteableCommandLineImpl(null, new ArrayList<Option>());                                                                 ^   symbol:   class Option   location: class WriteableCommandLineImplTest Note: Some messages have been simplified; recompile with -Xdiags:verbose to get full output 79 errors "
deepseek,Cli,16,org.apache.commons.cli2.Option;org.apache.commons.cli2.commandline.WriteableCommandLineImpl;org.apache.commons.cli2.option.GroupImpl;org.apache.commons.cli2.option.OptionImpl,True,1,COMPILE_FAIL,,,,,,,False,,,10.6,TEST_COMPILE_FAIL,"Code/Cli_16b/OptionTest.java:205: error: incompatible types: boolean cannot be converted to Set         option.appendUsage(buffer, true, Collections.emptyMap());                                    ^ Note: Some messages have been simplified; recompile with -Xdiags:verbose to get full output 9 errors "
deepseek,Cli,18,org.apache.commons.cli.PosixParser,True,1,COMPILE_FAIL,,,,,,,False,,,10.4,TEST_COMPILE_FAIL,"   location: class Option /workspace/deepseek/TestCode/Cli_18b/PosixParserTest.java:366: error: cannot find symbol         Option opt = Option.builder(""longopt"").hasArg(true).optionalArg(true).build();                            ^   symbol:   method builder(String)   location: class Option 8 errors "
deepseek,Cli,20,org.apache.commons.cli.PosixParser,True,1,COMPILE_FAIL,,,,,,,False,,,10.4,TEST_COMPILE_FAIL,"CommandLine /workspace/deepseek/TestCode/Cli_20b/PosixParserTest.java:214: error: cannot find symbol         options.addOption(""o"", true, ""optional"").setOptionalArg(true);                                                 ^   symbol:   method setOptionalArg(boolean)   location: class Options 2 errors "
deepseek,Cli,21,org.apache.commons.cli2.WriteableCommandLine;org.apache.commons.cli2.commandline.WriteableCommandLineImpl;org.apache.commons.cli2.option.GroupImpl,True,1,COMPILE_FAIL,,,,,,,False,,,10.7,TEST_COMPILE_FAIL,Builder   location: interface Option Note: /workspace/deepseek/TestCode/Cli_21b/WriteableCommandLineTest.java uses unchecked or unsafe operations. Note: Recompile with -Xlint:unchecked for details. Note: Some messages have been simplified; recompile with -Xdiags:verbose to get full output 36 errors 
deepseek,Cli,22,org.apache.commons.cli.PosixParser,True,1,COMPILE_FAIL,,,,,,,False,,,10.3,TEST_COMPILE_FAIL,"ing)   location: class Option /workspace/deepseek/TestCode/Cli_22b/PosixParserTest.java:291: error: cannot find symbol         Option opt = Option.builder(""opt"").optionalArg(true).hasArg(true).build();                            ^   symbol:   method builder(String)   location: class Option 3 errors "
deepseek,Cli,17,org.apache.commons.cli.PosixParser,True,1,SUCCESS,SUCCESS,41,12,41,12,,False,77.94,71.43,20.4,,
deepseek,Cli,19,org.apache.commons.cli.PosixParser,True,1,SUCCESS,SUCCESS,20,5,20,5,org.apache.commons.cli.PosixParserTest#testUnknownOption,True,70.31,61.9,20.1,,
deepseek,Cli,23,org.apache.commons.cli.HelpFormatter,True,1,COMPILE_FAIL,,,,,,,False,,,10.6,TEST_COMPILE_FAIL,"23b/HelpFormatterTest.java:555: error: incompatible types: PrintWriter cannot be converted to int         formatter.printHelp(printWriter, 80, ""cmd"", """", options, """");                             ^ Note: Some messages have been simplified; recompile with -Xdiags:verbose to get full output 38 errors "
deepseek,Cli,24,org.apache.commons.cli.HelpFormatter,True,1,COMPILE_FAIL,,,,,,,False,,,10.2,TEST_COMPILE_FAIL,"rTest.java:342: error: cannot find symbol         group.addOption(Option.builder(""b"").desc(""B"").build());                               ^   symbol:   method builder(String)   location: class Option Note: Some messages have been simplified; recompile with -Xdiags:verbose to get full output 13 errors "
deepseek,Cli,25,org.apache.commons.cli.HelpFormatter,True,1,COMPILE_FAIL,,,,,,,False,,,10.1,TEST_COMPILE_FAIL,"/HelpFormatterTest.java:317: error: incompatible types: PrintWriter cannot be converted to int         formatter.printHelp(pw, 40, ""cmd"", ""Header"", options, ""Footer"");                             ^ Note: Some messages have been simplified; recompile with -Xdiags:verbose to get full output 16 errors "
deepseek,Cli,26,org.apache.commons.cli.OptionBuilder,True,1,COMPILE_FAIL,,,,,,,False,,,10.1,TEST_COMPILE_FAIL,"ilder.reset();                      ^ /workspace/deepseek/TestCode/Cli_26b/OptionBuilderTest.java:193: error: cannot find symbol         Option opt = OptionBuilder.withArgs(2).create(""da"");                                   ^   symbol:   method withArgs(int)   location: class OptionBuilder 3 errors "
deepseek,Cli,27,org.apache.commons.cli.OptionGroup,True,1,COMPILE_FAIL,,,,,,,False,,,10.1,TEST_COMPILE_FAIL,d exception AlreadySelectedException; must be caught or declared to be thrown         group.setSelected(opt1);                          ^ Note: /workspace/deepseek/TestCode/Cli_27b/OptionGroupTest.java uses unchecked or unsafe operations. Note: Recompile with -Xlint:unchecked for details. 15 errors 
deepseek,Cli,2,org.apache.commons.cli.PosixParser,False,1,COMPILE_FAIL,,,,,,,False,,,11.1,TEST_COMPILE_FAIL,"  location: class PosixParserTest /workspace/deepseek/TestCode/Cli_2b/PosixParserTest.java:215: error: cannot find symbol         assertNotNull(cl.getOptionProperties(""D""));                         ^   symbol:   method getOptionProperties(String)   location: variable cl of type CommandLine 2 errors "
deepseek,Cli,30,org.apache.commons.cli.DefaultParser;org.apache.commons.cli.Parser,True,1,COMPILE_FAIL,,,,,,,False,,,10.9,TEST_COMPILE_FAIL,"bol:   method builder(String)   location: class Option /workspace/deepseek/TestCode/Cli_30b/DefaultParserTest.java:293: error: cannot find symbol         opts.addOption(Option.builder(""y"").build());                              ^   symbol:   method builder(String)   location: class Option 20 errors "
deepseek,Cli,31,org.apache.commons.cli.HelpFormatter;org.apache.commons.cli.Option;org.apache.commons.cli.OptionBuilder,True,1,COMPILE_FAIL,,,,,,,False,,,10.9,TEST_COMPILE_FAIL,"  location: class Option /workspace/deepseek/TestCode/Cli_31b/HelpFormatterTest.java:272: error: cannot find symbol         Option opt = Option.builder().longOpt(""longOnly"").desc(""long only option"").build();                            ^   symbol:   method builder()   location: class Option 2 errors "
deepseek,Cli,32,org.apache.commons.cli.HelpFormatter,True,1,COMPILE_FAIL,,,,,,,False,,,11.0,TEST_COMPILE_FAIL,"/TestCode/Cli_32b/HelpFormatterTest.java:586: error: incompatible types: PrintWriter cannot be converted to String         formatter.printHelp(writer, ""app"", options);                             ^ Note: Some messages have been simplified; recompile with -Xdiags:verbose to get full output 35 errors "
deepseek,Cli,29,org.apache.commons.cli.Util,True,1,SUCCESS,SUCCESS,22,8,22,6,org.apache.commons.cli.UtilTest#testStripLeadingAndTrailingQuotes_MismatchedQuotes,True,100.0,100.0,20.1,,
deepseek,Cli,28,org.apache.commons.cli.Parser,True,1,SUCCESS,SUCCESS,27,5,27,5,,False,75.25,58.82,20.2,,
deepseek,Cli,33,org.apache.commons.cli.HelpFormatter,True,1,COMPILE_FAIL,,,,,,,False,,,9.9,TEST_COMPILE_FAIL,"Cli_33b/HelpFormatterTest.java:510: error: incompatible types: PrintWriter cannot be converted to int         formatter.printHelp(pw, 40, ""prog"", null, options, null);                             ^ Note: Some messages have been simplified; recompile with -Xdiags:verbose to get full output 48 errors "
deepseek,Cli,34,org.apache.commons.cli.Option;org.apache.commons.cli.OptionBuilder,True,1,COMPILE_FAIL,,,,,,,False,,,9.9,TEST_COMPILE_FAIL, /workspace/deepseek/TestCode/Cli_34b/OptionTest.java uses or overrides a deprecated API. Note: Recompile with -Xlint:deprecation for details. Note: /workspace/deepseek/TestCode/Cli_34b/OptionTest.java uses unchecked or unsafe operations. Note: Recompile with -Xlint:unchecked for details. 20 errors 
deepseek,Cli,35,org.apache.commons.cli.Options,True,1,COMPILE_FAIL,,,,,,,False,,,9.7,TEST_COMPILE_FAIL,/workspace/deepseek/TestCode/Cli_35b/OptionsTest.java:163: error: cannot find symbol         options.addOptions(opts);                ^   symbol:   method addOptions(Options)   location: variable options of type Options 1 error 
deepseek,Cli,36,org.apache.commons.cli.OptionGroup;org.apache.commons.cli.Options,True,1,COMPILE_FAIL,,,,,,,False,,,9.8,TEST_COMPILE_FAIL,"/workspace/deepseek/TestCode/Cli_36b/OptionGroupTest.java:22: error: cannot find symbol         assertEquals(opt, group.getOptions().get(0));                                             ^   symbol:   method get(int)   location: interface Collection<Option> 1 error "
deepseek,Cli,39,org.apache.commons.cli.TypeHandler,True,1,COMPILE_FAIL,,,,,,,False,,,10.7,TEST_COMPILE_FAIL,"est"", String[].class);                                ^ /workspace/deepseek/TestCode/Cli_39b/TypeHandlerTest.java:266: error: unreported exception ParseException; must be caught or declared to be thrown         TypeHandler.createValue(null, Boolean.class);                                ^ 36 errors "
deepseek,Cli,38,org.apache.commons.cli.DefaultParser,True,1,SUCCESS,SUCCESS,22,9,22,9,,False,57.51,49.39,20.3,,
deepseek,Cli,37,org.apache.commons.cli.DefaultParser,True,1,SUCCESS,SUCCESS,36,3,36,3,,False,76.44,62.66,20.4,,
deepseek,Cli,3,org.apache.commons.cli.TypeHandler,False,1,SUCCESS,SUCCESS,1,0,1,0,,False,0.0,0.0,20.2,,
deepseek,Cli,4,org.apache.commons.cli.Parser,False,1,SUCCESS,SUCCESS,1,1,1,1,,False,0.0,0.0,19.9,,
deepseek,Cli,7,org.apache.commons.cli2.builder.PatternBuilder,True,1,COMPILE_FAIL,,,,,,,False,,,10.3,TEST_COMPILE_FAIL,reate();         ^   symbol:   class Options   location: class PatternBuilderTest /workspace/deepseek/TestCode/Cli_7b/PatternBuilderTest.java:271: error: cannot find symbol         Options options = builder.create();         ^   symbol:   class Options   location: class PatternBuilderTest 35 errors 
deepseek,Cli,40,org.apache.commons.cli.TypeHandler,True,1,SUCCESS,SUCCESS,64,46,64,46,,False,75.56,90.0,21.6,,
deepseek,Cli,5,org.apache.commons.cli.Util,False,1,SUCCESS,SUCCESS,1,0,1,0,,False,0.0,0.0,19.4,,
deepseek,Closure,100,com.google.javascript.jscomp.CheckGlobalThis,True,1,COMPILE_FAIL,,,,,,,False,,,10.1,TEST_COMPILE_FAIL,"thod isEmpty()   location: class JSError[] /workspace/deepseek/TestCode/Closure_100b/CheckGlobalThisTest.java:212: error: cannot find symbol                  1, compiler.getWarnings().size());                                           ^   symbol:   method size()   location: class JSError[] 9 errors "
deepseek,Closure,102,com.google.javascript.jscomp.Normalize,True,1,COMPILE_FAIL,,,,,,,False,,,10.1,TEST_COMPILE_FAIL,";                                    ^ /workspace/deepseek/TestCode/Closure_102b/NormalizeTest.java:37: error: cannot find symbol     assertEquals(Token.SCRIPT, result.getToken());                                      ^   symbol:   method getToken()   location: variable result of type Node 2 errors "
deepseek,Cli,9,org.apache.commons.cli.Parser,False,1,SUCCESS,SUCCESS,1,0,1,0,,False,0.0,0.0,18.1,,
deepseek,Closure,103,com.google.javascript.jscomp.ControlFlowAnalysis;com.google.javascript.jscomp.DisambiguateProperties,True,1,COMPILE_FAIL,,,,,,,False,,,10.4,TEST_COMPILE_FAIL,"lowAnalysis(compiler, true, false);                               ^   required: AbstractCompiler,boolean   found: Compiler,boolean,boolean   reason: actual and formal argument lists differ in length Note: Some messages have been simplified; recompile with -Xdiags:verbose to get full output 9 errors "
deepseek,Closure,104,com.google.javascript.rhino.jstype.UnionType,True,1,COMPILE_FAIL,,,,,,,False,,,10.5,TEST_COMPILE_FAIL,tCode/Closure_104b/UnionTypeTest.java:170: error: method does not override or implement a method from a supertype     @Override     ^ /workspace/deepseek/TestCode/Closure_104b/UnionTypeTest.java:175: error: method does not override or implement a method from a supertype     @Override     ^ 8 errors 
deepseek,Closure,105,com.google.javascript.jscomp.FoldConstants,True,1,COMPILE_FAIL,,,,,,,False,,,10.4,TEST_COMPILE_FAIL,"ile[],CompilerOptions) is not applicable       (argument mismatch; List<SourceFile> cannot be converted to JSSourceFile[])     method Compiler.init(JSSourceFile[],JSModule[],CompilerOptions) is not applicable       (argument mismatch; List<SourceFile> cannot be converted to JSSourceFile[]) 3 errors "
deepseek,Closure,101,com.google.javascript.jscomp.CommandLineRunner,True,1,SUCCESS,SUCCESS,18,18,18,18,,False,70.55,39.13,21.8,,
deepseek,Closure,106,com.google.javascript.jscomp.GlobalNamespace;com.google.javascript.rhino.JSDocInfoBuilder,True,1,COMPILE_FAIL,,,,,,,False,,,10.6,TEST_COMPILE_FAIL,()   location: variable color of type Name /workspace/deepseek/TestCode/Closure_106b/GlobalNamespaceTest.java:301: error: cannot find symbol             if (name.getFullName().equals(fullName)) {                     ^   symbol:   method getFullName()   location: variable name of type Name 67 errors 
deepseek,Closure,108,com.google.javascript.jscomp.ScopedAliases,True,1,COMPILE_FAIL,,,,,,,False,,,17.4,TEST_COMPILE_FAIL,ns of type CompilerOptions /workspace/deepseek/TestCode/Closure_108b/ScopedAliasesTest.java:35: error: cannot find symbol     options.setProcessClosurePrimitives(true);            ^   symbol:   method setProcessClosurePrimitives(boolean)   location: variable options of type CompilerOptions 2 errors 
deepseek,Closure,109,com.google.javascript.jscomp.parsing.JsDocInfoParser,True,1,COMPILE_FAIL,,,,,,,False,,,17.5,TEST_COMPILE_FAIL,epseek/TestCode/Closure_109b/JsDocInfoParserTest.java:36: error: method parse in class JsDocInfoParser cannot be applied to given types;     return parser.parse(comment);                  ^   required: no arguments   found: String   reason: actual and formal argument lists differ in length 2 errors 
deepseek,Closure,10,com.google.javascript.jscomp.NodeUtil,True,1,COMPILE_FAIL,,,,,,,False,,,18.1,TEST_COMPILE_FAIL,deUtilTest.java:352: error: cannot find symbol         assertFalse(NodeUtil.isNormalBlock(notBlock));                             ^   symbol:   method isNormalBlock(Node)   location: class NodeUtil Note: Some messages have been simplified; recompile with -Xdiags:verbose to get full output 24 errors 
deepseek,Closure,110,com.google.javascript.jscomp.ScopedAliases;com.google.javascript.rhino.Node,True,1,COMPILE_FAIL,,,,,,,False,,,17.1,TEST_COMPILE_FAIL," length /workspace/deepseek/TestCode/Closure_110b/ScopedAliasesTest.java:215: error: incompatible types: Compiler cannot be converted to Node       pass.process(compiler, null);                    ^ Note: Some messages have been simplified; recompile with -Xdiags:verbose to get full output 3 errors "
deepseek,Closure,107,com.google.javascript.jscomp.CommandLineRunner,True,1,SUCCESS,SUCCESS,46,16,46,16,,False,65.64,40.0,32.4,,
deepseek,Closure,111,com.google.javascript.jscomp.type.ClosureReverseAbstractInterpreter,True,1,COMPILE_FAIL,,,,,,,False,,,15.5,TEST_COMPILE_FAIL,"nterpreterTest.java:163: error: cannot find symbol       JSType result = interpreter.restrictByFalseTypeOf(typeofNode, type);                                  ^   symbol:   method restrictByFalseTypeOf(Node,JSType)   location: variable interpreter of type ClosureReverseAbstractInterpreter 15 errors "
deepseek,Closure,112,com.google.javascript.jscomp.TypeInference,True,1,COMPILE_FAIL,,,,,,,False,,,16.0,TEST_COMPILE_FAIL,"non-null)"", typeOfX.isStringType());                                                                                   ^   symbol:   method isStringType()   location: variable typeOfX of type JSType Note: Some messages have been simplified; recompile with -Xdiags:verbose to get full output 8 errors "
deepseek,Closure,113,com.google.javascript.jscomp.ProcessClosurePrimitives,True,1,COMPILE_FAIL,,,,,,,False,,,15.8,TEST_COMPILE_FAIL,argument lists differ in length /workspace/deepseek/TestCode/Closure_113b/ProcessClosurePrimitivesTest.java:161: error: cannot find symbol     assertTrue(externs.similarTree(externsPre));                       ^   symbol:   method similarTree(Node)   location: variable externs of type Node 2 errors 
deepseek,Closure,114,com.google.javascript.jscomp.NameAnalyzer,True,1,COMPILE_FAIL,,,,,,,False,,,16.1,TEST_COMPILE_FAIL," NameAnalyzer cannot be applied to given types;         analyzer.process();                 ^   required: Node,Node   found: no arguments   reason: actual and formal argument lists differ in length Note: Some messages have been simplified; recompile with -Xdiags:verbose to get full output 25 errors "
deepseek,Closure,115,com.google.javascript.jscomp.FunctionInjector,True,1,COMPILE_FAIL,,,,,,,False,,,15.4,TEST_COMPILE_FAIL,"Test.java:162: error: cannot find symbol       injector.inject(parseExpr(""f()""), null);               ^   symbol:   method inject(Node,<null>)   location: variable injector of type FunctionInjector Note: Some messages have been simplified; recompile with -Xdiags:verbose to get full output 20 errors "
deepseek,Closure,116,com.google.javascript.jscomp.FunctionInjector,True,1,COMPILE_FAIL,,,,,,,False,,,15.2,TEST_COMPILE_FAIL,"not be applied to given types;     Node result = injector.inline(callNode, functionNode, FunctionInjector.InliningMode.DIRECT);                           ^   required: Node,String,Node,InliningMode   found: Node,Node,InliningMode   reason: actual and formal argument lists differ in length 16 errors "
deepseek,Closure,117,com.google.javascript.jscomp.TypeValidator,True,1,COMPILE_FAIL,,,,,,,False,,,15.4,TEST_COMPILE_FAIL,"symbol:   method areDefaultTypes(JSType,JSType)   location: class TypeValidator /workspace/deepseek/TestCode/Closure_117b/TypeValidatorTest.java:557: error: getJSType(Node) has private access in TypeValidator     JSType type = validator.getJSType(stringNode);                            ^ 100 errors "
deepseek,Closure,118,com.google.javascript.jscomp.DisambiguateProperties,True,1,COMPILE_FAIL,,,,,,,False,,,15.2,TEST_COMPILE_FAIL,"rted to TypeSystem             DisambiguateProperties pass = new DisambiguateProperties(compiler, true, errorLevels);                                                                                ^ Note: Some messages have been simplified; recompile with -Xdiags:verbose to get full output 3 errors "
deepseek,Closure,119,com.google.javascript.jscomp.GlobalNamespace,True,1,COMPILE_FAIL,,,,,,,False,,,15.1,TEST_COMPILE_FAIL,"le n of type Name /workspace/deepseek/TestCode/Closure_119b/GlobalNamespaceTest.java:151: error: cannot find symbol     Name windowName = namespace.getName(""window"");                                ^   symbol:   method getName(String)   location: variable namespace of type GlobalNamespace 24 errors "
deepseek,Closure,11,com.google.javascript.jscomp.TypeCheck,True,1,COMPILE_FAIL,,,,,,,False,,,15.6,TEST_COMPILE_FAIL,"not applicable       (argument mismatch; double cannot be converted to Node)     constructor Node.Node(int,Node[]) is not applicable       (argument mismatch; double cannot be converted to Node[]) Note: Some messages have been simplified; recompile with -Xdiags:verbose to get full output 100 errors "
deepseek,Closure,120,com.google.javascript.jscomp.ReferenceCollectingCallback,True,1,COMPILE_FAIL,,,,,,,False,,,15.2,TEST_COMPILE_FAIL,ceCollectingCallbackTest.java:226: error: cannot find symbol     assertFalse(refMap.isEmpty());                       ^   symbol:   method isEmpty()   location: variable refMap of type ReferenceMap Note: Some messages have been simplified; recompile with -Xdiags:verbose to get full output 30 errors 
deepseek,Closure,121,com.google.javascript.jscomp.InlineVariables,True,1,COMPILE_FAIL,,,,,,,False,,,15.7,TEST_COMPILE_FAIL,FirstChild(); child != null; child = child.getNext()) {          ^   symbol:   class Node   location: class InlineVariablesTest Note: /workspace/deepseek/TestCode/Closure_121b/InlineVariablesTest.java uses or overrides a deprecated API. Note: Recompile with -Xlint:deprecation for details. 28 errors 
deepseek,Closure,122,com.google.javascript.jscomp.parsing.IRFactory,True,1,COMPILE_FAIL,,,,,,,False,,,15.8,TEST_COMPILE_FAIL,m outside package     Node root = compiler.parseInputs();                         ^ /workspace/deepseek/TestCode/Closure_122b/IRFactoryTest.java:279: error: cannot find symbol     assertTrue(compiler.hasErrors());     ^   symbol:   method assertTrue(boolean)   location: class IRFactoryTest 5 errors 
deepseek,Closure,123,com.google.javascript.jscomp.CodeGenerator,True,1,COMPILE_FAIL,,,,,,,False,,,15.7,TEST_COMPILE_FAIL,"annot find symbol         assertEquals(""--5"", CodeGenerator.generateCode(outerNeg));                                          ^   symbol:   method generateCode(Node)   location: class CodeGenerator Note: Some messages have been simplified; recompile with -Xdiags:verbose to get full output 31 errors "
deepseek,Closure,124,com.google.javascript.jscomp.ExploitAssigns,True,1,COMPILE_FAIL,,,,,,,False,,,15.3,TEST_COMPILE_FAIL,"eason: actual and formal argument lists differ in length /workspace/deepseek/TestCode/Closure_124b/ExploitAssignsTest.java:184: error: cannot find symbol         pass.process(null, root);             ^   symbol:   method process(<null>,Node)   location: variable pass of type ExploitAssigns 7 errors "
deepseek,Closure,125,com.google.javascript.jscomp.TypeCheck,True,1,COMPILE_FAIL,,,,,,,False,,,15.2,TEST_COMPILE_FAIL,">compile(List<T1>,List<T2>,CompilerOptions) Note: /workspace/deepseek/TestCode/Closure_125b/TypeCheckTest.java uses or overrides a deprecated API. Note: Recompile with -Xlint:deprecation for details. Note: Some messages have been simplified; recompile with -Xdiags:verbose to get full output 1 error "
deepseek,Closure,126,com.google.javascript.jscomp.MinimizeExitPoints,True,1,COMPILE_FAIL,,,,,,,False,,,16.8,TEST_COMPILE_FAIL,"riables:     T1 extends SourceFile declared in method <T1,T2>compile(List<T1>,List<T2>,CompilerOptions)     T2 extends SourceFile declared in method <T1,T2>compile(List<T1>,List<T2>,CompilerOptions) Note: Some messages have been simplified; recompile with -Xdiags:verbose to get full output 4 errors "
deepseek,Closure,127,com.google.javascript.jscomp.UnreachableCodeElimination,True,1,COMPILE_FAIL,,,,,,,False,,,15.5,TEST_COMPILE_FAIL,"riables:     T1 extends SourceFile declared in method <T1,T2>compile(List<T1>,List<T2>,CompilerOptions)     T2 extends SourceFile declared in method <T1,T2>compile(List<T1>,List<T2>,CompilerOptions) Note: Some messages have been simplified; recompile with -Xdiags:verbose to get full output 3 errors "
deepseek,Closure,128,com.google.javascript.jscomp.CodeGenerator,True,1,COMPILE_FAIL,,,,,,,False,,,16.1,TEST_COMPILE_FAIL,128b/CodeGeneratorTest.java:385: error: cannot find symbol     inc.setIncrementalFlags(true); // prefix        ^   symbol:   method setIncrementalFlags(boolean)   location: variable inc of type Node Note: Some messages have been simplified; recompile with -Xdiags:verbose to get full output 5 errors 
deepseek,Closure,129,com.google.javascript.jscomp.PrepareAst,True,1,COMPILE_FAIL,,,,,,,False,,,16.7,TEST_COMPILE_FAIL,"riables:     T1 extends SourceFile declared in method <T1,T2>compile(List<T1>,List<T2>,CompilerOptions)     T2 extends SourceFile declared in method <T1,T2>compile(List<T1>,List<T2>,CompilerOptions) Note: Some messages have been simplified; recompile with -Xdiags:verbose to get full output 4 errors "
deepseek,Closure,12,com.google.javascript.jscomp.MaybeReachingVariableUse,True,1,COMPILE_FAIL,,,,,,,False,,,17.4,TEST_COMPILE_FAIL,"ment lists differ in length /workspace/deepseek/TestCode/Closure_12b/MaybeReachingVariableUseTest.java:224: error: cannot find symbol         analysis.apply(null, null);                 ^   symbol:   method apply(<null>,<null>)   location: variable analysis of type MaybeReachingVariableUse 6 errors "
deepseek,Closure,131,com.google.javascript.rhino.TokenStream,True,1,COMPILE_FAIL,,,,,,,False,,,17.3,TEST_COMPILE_FAIL,hod keywordToName(int)   location: class TokenStream /workspace/deepseek/TestCode/Closure_131b/TokenStreamTest.java:102: error: cannot find symbol     assertNull(TokenStream.keywordToName(-1));                           ^   symbol:   method keywordToName(int)   location: class TokenStream 19 errors 
deepseek,Closure,132,com.google.javascript.jscomp.PeepholeSubstituteAlternateSyntax,True,1,COMPILE_FAIL,,,,,,,False,,,18.5,TEST_COMPILE_FAIL,ctor PeepholeSubstituteAlternateSyntax in class PeepholeSubstituteAlternateSyntax cannot be applied to given types;     peephole = new PeepholeSubstituteAlternateSyntax();                ^   required: boolean   found: no arguments   reason: actual and formal argument lists differ in length 4 errors 
deepseek,Closure,134,com.google.javascript.jscomp.AmbiguateProperties;com.google.javascript.jscomp.TypedScopeCreator,True,1,COMPILE_FAIL,,,,,,,False,,,12.2,TEST_COMPILE_FAIL,"/Closure_134b/AmbiguatePropertiesTest.java:220: error: cannot find symbol       Node result = findElementAccess(child, num);       ^   symbol:   class Node   location: class AmbiguatePropertiesTest Note: Some messages have been simplified; recompile with -Xdiags:verbose to get full output 41 errors "
deepseek,Closure,133,com.google.javascript.jscomp.parsing.JsDocInfoParser,True,1,COMPILE_FAIL,,,,,,,False,,,17.5,TEST_COMPILE_FAIL,      ^ /workspace/deepseek/TestCode/Closure_133b/JsDocInfoParserTest.java:41: error: incompatible types: boolean cannot be converted to JSDocInfo     return parser.parse();                        ^ Note: Some messages have been simplified; recompile with -Xdiags:verbose to get full output 3 errors 
deepseek,Closure,135,com.google.javascript.jscomp.DevirtualizePrototypeMethods;com.google.javascript.rhino.jstype.FunctionType,True,1,COMPILE_FAIL,,,,,,,False,,,10.9,TEST_COMPILE_FAIL,"rkspace/deepseek/TestCode/Closure_135b/DevirtualizePrototypeMethodsTest.java:180: error: incompatible types: Compiler cannot be converted to Node     pass.process(compiler, null);                  ^ Note: Some messages have been simplified; recompile with -Xdiags:verbose to get full output 5 errors "
deepseek,Closure,136,com.google.javascript.jscomp.MethodCompilerPass;com.google.javascript.jscomp.RenameVars,True,1,COMPILE_FAIL,,,,,,,False,,,10.2,TEST_COMPILE_FAIL,mpty()   location: class JSError[] /workspace/deepseek/TestCode/Closure_136b/MethodCompilerPassTest.java:232: error: cannot find symbol         assertTrue(compiler.getWarnings().isEmpty());                                          ^   symbol:   method isEmpty()   location: class JSError[] 86 errors 
deepseek,Closure,130,com.google.javascript.jscomp.CollapseProperties,True,1,SUCCESS,SUCCESS,14,2,14,2,,False,54.86,48.5,33.0,,
deepseek,Closure,137,com.google.javascript.jscomp.MakeDeclaredNamesUnique;com.google.javascript.jscomp.NodeUtil;com.google.javascript.jscomp.Normalize,True,1,COMPILE_FAIL,,,,,,,False,,,11.1,TEST_COMPILE_FAIL,"amesUniqueTest.java:146: error: cannot find symbol         pass.process(null, null);             ^   symbol:   method process(<null>,<null>)   location: variable pass of type MakeDeclaredNamesUnique Note: Some messages have been simplified; recompile with -Xdiags:verbose to get full output 6 errors "
deepseek,Closure,138,com.google.javascript.jscomp.ClosureReverseAbstractInterpreter;com.google.javascript.jscomp.TypeInference,True,1,COMPILE_FAIL,,,,,,,False,,,11.2,TEST_COMPILE_FAIL,r: cannot find symbol     assertTrue(inferredType.isStringValueType() || inferredType == registry.getNativeType(JSType.STRING_TYPE));                                                                                                 ^   symbol:   variable STRING_TYPE   location: class JSType 14 errors 
deepseek,Closure,139,com.google.javascript.jscomp.Normalize,True,1,COMPILE_FAIL,,,,,,,False,,,11.1,TEST_COMPILE_FAIL,tCode/Closure_139b/NormalizeTest.java:39: error: incompatible types: Compiler cannot be converted to CodeConsumer     return new CodeGenerator(compiler).generate(root);                              ^ Note: Some messages have been simplified; recompile with -Xdiags:verbose to get full output 1 error 
deepseek,Closure,140,com.google.javascript.jscomp.Compiler,True,1,COMPILE_FAIL,,,,,,,False,,,11.3,TEST_COMPILE_FAIL,"e converted to JSSourceFile[])     method Compiler.compile(JSSourceFile[],JSModule[],CompilerOptions) is not applicable       (argument mismatch; SourceFile[] cannot be converted to JSSourceFile[]) Note: Some messages have been simplified; recompile with -Xdiags:verbose to get full output 20 errors "
deepseek,Closure,141,com.google.javascript.jscomp.NodeUtil;com.google.javascript.jscomp.PureFunctionIdentifier,True,1,COMPILE_FAIL,,,,,,,False,,,10.7,TEST_COMPILE_FAIL," not applicable       (argument mismatch; String cannot be converted to Node)     constructor Node.Node(int,Node[]) is not applicable       (argument mismatch; String cannot be converted to Node[]) Note: Some messages have been simplified; recompile with -Xdiags:verbose to get full output 42 errors "
deepseek,Closure,142,com.google.javascript.jscomp.CoalesceVariableNames;com.google.javascript.jscomp.parsing.JsDocInfoParser,True,1,COMPILE_FAIL,,,,,,,False,,,10.5,TEST_COMPILE_FAIL,"er in length /workspace/deepseek/TestCode/Closure_142b/CoalesceVariableNamesTest.java:26: error: cannot find symbol         pass.process(compiler.getExterns(), compiler.getRoot());                              ^   symbol:   method getExterns()   location: variable compiler of type Compiler 5 errors "
deepseek,Closure,13,com.google.javascript.jscomp.PeepholeOptimizationsPass,True,1,COMPILE_FAIL,,,,,,,False,,,16.5,TEST_COMPILE_FAIL,"r, optimizations);                                          ^   required: AbstractCompiler,AbstractPeepholeOptimization[]   found: Compiler,List<AbstractPeepholeOptimization>   reason: varargs mismatch; List<AbstractPeepholeOptimization> cannot be converted to AbstractPeepholeOptimization 13 errors "
deepseek,Closure,143,com.google.javascript.jscomp.AbstractCommandLineRunner;com.google.javascript.jscomp.RemoveConstantExpressions,True,1,COMPILE_FAIL,,,,,,,False,,,10.3,TEST_COMPILE_FAIL,ected void doRun() throws Exception {                        ^   return type void is not compatible with int /workspace/deepseek/TestCode/Closure_143b/AbstractCommandLineRunnerTest.java:201: error: method does not override or implement a method from a supertype         @Override         ^ 12 errors 
deepseek,Closure,144,com.google.javascript.jscomp.FunctionTypeBuilder;com.google.javascript.jscomp.TypedScopeCreator;com.google.javascript.rhino.jstype.FunctionBuilder;com.google.javascript.rhino.jstype.FunctionType,True,1,COMPILE_FAIL,,,,,,,False,,,9.9,TEST_COMPILE_FAIL,"ould be optional"", type.getParameters().get(0).isOptional());                                                                      ^   symbol:   method get(int)   location: interface Iterable<Node> Note: Some messages have been simplified; recompile with -Xdiags:verbose to get full output 91 errors "
deepseek,Closure,145,com.google.javascript.jscomp.CodeGenerator,True,1,COMPILE_FAIL,,,,,,,False,,,9.8,TEST_COMPILE_FAIL,"de) is not applicable       (actual and formal argument lists differ in length)     method CodeGenerator.add(Node,Context) is not applicable       (actual and formal argument lists differ in length) Note: Some messages have been simplified; recompile with -Xdiags:verbose to get full output 9 errors "
deepseek,Closure,146,com.google.javascript.rhino.jstype.JSType,True,1,COMPILE_FAIL,,,,,,,False,,,9.5,TEST_COMPILE_FAIL,ocation: variable functionType of type JSType /workspace/deepseek/TestCode/Closure_146b/JSTypeTest.java:96: error: cannot find symbol         assertFalse(numberType.isFunction());                               ^   symbol:   method isFunction()   location: variable numberType of type JSType 3 errors 
deepseek,Closure,147,com.google.javascript.jscomp.CheckGlobalThis;com.google.javascript.jscomp.RuntimeTypeCheck,True,1,COMPILE_FAIL,,,,,,,False,,,9.9,TEST_COMPILE_FAIL,"s(compiler.getExternsRoot(), compiler.getJsRoot());                                                                   ^   symbol:   method getJsRoot()   location: variable compiler of type Compiler Note: Some messages have been simplified; recompile with -Xdiags:verbose to get full output 13 errors "
deepseek,Closure,148,com.google.javascript.jscomp.PeepholeFoldConstants;com.google.javascript.jscomp.SourceMap,True,1,COMPILE_FAIL,,,,,,,False,,,10.1,TEST_COMPILE_FAIL,e_148b/PeepholeFoldConstantsTest.java:813: error: cannot find symbol     assertTrue(result.isNumber());                      ^   symbol:   method isNumber()   location: variable result of type Node Note: Some messages have been simplified; recompile with -Xdiags:verbose to get full output 95 errors 
deepseek,Closure,149,com.google.javascript.jscomp.AbstractCommandLineRunner;com.google.javascript.jscomp.CommandLineRunner;com.google.javascript.jscomp.Compiler;com.google.javascript.jscomp.CompilerOptions,True,1,COMPILE_FAIL,,,,,,,False,,,9.9,TEST_COMPILE_FAIL,or implement a method from a supertype         @Override         ^ /workspace/deepseek/TestCode/Closure_149b/AbstractCommandLineRunnerTest.java:30: error: cannot find symbol             return super.shouldCreateSourceMap();                         ^   symbol: method shouldCreateSourceMap() 6 errors 
deepseek,Closure,150,com.google.javascript.jscomp.TypedScopeCreator,True,1,COMPILE_FAIL,,,,,,,False,,,10.3,TEST_COMPILE_FAIL, a supertype     @Override     ^ /workspace/deepseek/TestCode/Closure_150b/TypedScopeCreatorTest.java:188: error: method does not override or implement a method from a supertype     @Override     ^ Note: Some messages have been simplified; recompile with -Xdiags:verbose to get full output 11 errors 
deepseek,Closure,151,com.google.javascript.jscomp.CommandLineRunner,True,1,COMPILE_FAIL,,,,,,,False,,,10.2,TEST_COMPILE_FAIL,/deepseek/TestCode/Closure_151b/CommandLineRunnerTest.java:156: error: cannot find symbol         CommandLineRunner.Options opts = new CommandLineRunner.Options();                                                               ^   symbol:   class Options   location: class CommandLineRunner 17 errors 
deepseek,Closure,152,com.google.javascript.rhino.jstype.FunctionType,True,1,COMPILE_FAIL,,,,,,,False,,,10.5,TEST_COMPILE_FAIL,ion: variable arrayType of type FunctionType /workspace/deepseek/TestCode/Closure_152b/FunctionTypeTest.java:96: error: cannot find symbol         Node parameters = new Node(Token.PARAM_LIST);                                         ^   symbol:   variable PARAM_LIST   location: class Token 9 errors 
deepseek,Closure,14,com.google.javascript.jscomp.ControlFlowAnalysis,True,1,COMPILE_FAIL,,,,,,,False,,,15.6,TEST_COMPILE_FAIL,"kspace/deepseek/TestCode/Closure_14b/ControlFlowAnalysisTest.java:199: error: cannot find symbol       for (DiGraph.DiGraphEdge<Node, ControlFlowAnalysis.Branch> edge :                                                         ^   symbol:   class Branch   location: class ControlFlowAnalysis 13 errors "
deepseek,Closure,153,com.google.javascript.jscomp.Normalize;com.google.javascript.jscomp.SyntacticScopeCreator,True,1,COMPILE_FAIL,,,,,,,False,,,11.7,TEST_COMPILE_FAIL,")   location: variable compiler of type Compiler /workspace/deepseek/TestCode/Closure_153b/NormalizeTest.java:211: error: cannot find symbol     Normalize.normalizeCode(compiler, externs, root);              ^   symbol:   method normalizeCode(Compiler,Node,Node)   location: class Normalize 3 errors "
deepseek,Cli,8,org.apache.commons.cli.HelpFormatter,False,1,SUCCESS,SUCCESS,0,0,,,,False,,,192.5,TIMEOUT_FIXED,fixed run exceeded 180s
deepseek,Closure,154,com.google.javascript.jscomp.TypeCheck;com.google.javascript.jscomp.TypeValidator,True,1,COMPILE_FAIL,,,,,,,False,,,12.1,TEST_COMPILE_FAIL,"reter,JSTypeRegistry,CheckLevel,CheckLevel) is not applicable       (actual and formal argument lists differ in length)     constructor TypeCheck.TypeCheck(AbstractCompiler,ReverseAbstractInterpreter,JSTypeRegistry) is not applicable       (actual and formal argument lists differ in length) 1 error "
deepseek,Closure,155,com.google.javascript.jscomp.InlineVariables;com.google.javascript.jscomp.ReferenceCollectingCallback;com.google.javascript.jscomp.Scope,True,1,COMPILE_FAIL,,,,,,,False,,,12.3,TEST_COMPILE_FAIL,Root()   location: variable compiler of type Compiler /workspace/deepseek/TestCode/Closure_155b/InlineVariablesTest.java:37: error: cannot find symbol         return compiler.getJsRoot();                        ^   symbol:   method getJsRoot()   location: variable compiler of type Compiler 7 errors 
deepseek,Closure,156,com.google.javascript.jscomp.CollapseProperties,True,1,COMPILE_FAIL,,,,,,,False,,,12.5,TEST_COMPILE_FAIL,"l     options.setExterns(ImmutableList.of(SourceFile.fromCode(""externs.js"",            ^   symbol:   method setExterns(ImmutableList<SourceFile>)   location: variable options of type CompilerOptions Note: Some messages have been simplified; recompile with -Xdiags:verbose to get full output 5 errors "
deepseek,Closure,157,com.google.javascript.jscomp.CodeGenerator;com.google.javascript.jscomp.parsing.IRFactory;com.google.javascript.jscomp.RenamePrototypes,True,1,COMPILE_FAIL,,,,,,,False,,,13.4,TEST_COMPILE_FAIL,"_157b/CodeGeneratorTest.java:213: error: cannot find symbol         Node node = IR.ne(IR.number(1), IR.number(2));                     ^   symbol:   variable IR   location: class CodeGeneratorTest Note: Some messages have been simplified; recompile with -Xdiags:verbose to get full output 100 errors "
deepseek,Closure,158,com.google.javascript.jscomp.AbstractCommandLineRunner;com.google.javascript.jscomp.CommandLineRunner;com.google.javascript.jscomp.DiagnosticGroups,True,1,COMPILE_FAIL,,,,,,,False,,,15.1,TEST_COMPILE_FAIL,"1: error: cannot find symbol         assertTrue(""checksOnly flag should be true"", checkRunner.getCommandLineConfig().checksOnly);                                                                 ^   symbol:   method getCommandLineConfig()   location: variable checkRunner of type TestRunner 33 errors "
deepseek,Closure,159,com.google.javascript.jscomp.InlineFunctions,True,1,COMPILE_FAIL,,,,,,,False,,,16.4,TEST_COMPILE_FAIL,"onverted to List<JSSourceFile>)     method Compiler.compile(JSSourceFile[],JSModule[],CompilerOptions) is not applicable       (argument mismatch; SourceFile[] cannot be converted to JSSourceFile[]) Note: Some messages have been simplified; recompile with -Xdiags:verbose to get full output 7 errors "
deepseek,Closure,160,com.google.javascript.jscomp.Compiler,True,1,COMPILE_FAIL,,,,,,,False,,,16.9,TEST_COMPILE_FAIL,"piler.compileForTesting(options, ""// comment\nvar x = 1; /* block */"");                 ^   symbol:   method compileForTesting(CompilerOptions,String)   location: variable compiler of type Compiler Note: Some messages have been simplified; recompile with -Xdiags:verbose to get full output 39 errors "
deepseek,Closure,15,com.google.javascript.jscomp.FlowSensitiveInlineVariables,True,1,COMPILE_FAIL,,,,,,,False,,,21.3,TEST_COMPILE_FAIL,"/workspace/deepseek/TestCode/Closure_15b/FlowSensitiveInlineVariablesTest.java:40: error: cannot find symbol         pass.process(compiler.getExternsRoot(), compiler.getRoot());                              ^   symbol:   method getExternsRoot()   location: variable compiler of type Compiler 1 error "
deepseek,Closure,161,com.google.javascript.jscomp.PeepholeFoldConstants,True,1,COMPILE_FAIL,,,,,,,False,,,21.5,TEST_COMPILE_FAIL,"le result of type Node /workspace/deepseek/TestCode/Closure_161b/PeepholeFoldConstantsTest.java:472: error: cannot find symbol         assertEquals(Token.ADD, result.getToken());                                       ^   symbol:   method getToken()   location: variable result of type Node 53 errors "
deepseek,Closure,162,com.google.javascript.jscomp.Scope;com.google.javascript.jscomp.ScopedAliases,True,1,COMPILE_FAIL,,,,,,,False,,,23.2,TEST_COMPILE_FAIL,"ava:320: error: cannot find symbol     assertEquals(1, localScope.getSymbols().size());                               ^   symbol:   method getSymbols()   location: variable localScope of type Scope Note: Some messages have been simplified; recompile with -Xdiags:verbose to get full output 81 errors "
deepseek,Closure,163,com.google.javascript.jscomp.AnalyzePrototypeProperties;com.google.javascript.jscomp.CrossModuleMethodMotion,True,1,COMPILE_FAIL,,,,,,,False,,,21.3,TEST_COMPILE_FAIL,"perties /workspace/deepseek/TestCode/Closure_163b/AnalyzePrototypePropertiesTest.java:316: error: incompatible types: Node cannot be converted to CompilerInput         CompilerInput input = compiler.parseSyntheticCode(""test"", js);                                                          ^ 63 errors "
deepseek,Closure,164,com.google.javascript.rhino.jstype.ArrowType,True,1,COMPILE_FAIL,,,,,,,False,,,22.8,TEST_COMPILE_FAIL,nType()   location: variable nullAll of type ArrowType /workspace/deepseek/TestCode/Closure_164b/ArrowTypeTest.java:281: error: cannot find symbol     assertFalse(nullAll.isInferred());                        ^   symbol:   method isInferred()   location: variable nullAll of type ArrowType 27 errors 
deepseek,Closure,165,com.google.javascript.rhino.jstype.JSTypeRegistry;com.google.javascript.rhino.jstype.ObjectType;com.google.javascript.rhino.jstype.RecordType;com.google.javascript.rhino.jstype.RecordTypeBuilder,True,1,COMPILE_FAIL,,,,,,,False,,,22.4,TEST_COMPILE_FAIL,"ry.register(null, ""some.name"");                 ^ /workspace/deepseek/TestCode/Closure_165b/JSTypeRegistryTest.java:216: error: register(JSType,String) has private access in JSTypeRegistry         registry.register(registry.getNativeType(JSTypeNative.NUMBER_TYPE), null);                 ^ 16 errors "
deepseek,Closure,166,com.google.javascript.rhino.jstype.PrototypeObjectType,True,1,COMPILE_FAIL,,,,,,,False,,,22.7,TEST_COMPILE_FAIL,estCode/Closure_166b/PrototypeObjectTypeTest.java:90: error: cannot find symbol     JSType undefinedType = registry.getNativeType(JSTypeNative.UNDEFINED_TYPE);                                                               ^   symbol:   variable UNDEFINED_TYPE   location: class JSTypeNative 4 errors 
deepseek,Closure,167,com.google.javascript.jscomp.type.SemanticReverseAbstractInterpreter;com.google.javascript.rhino.jstype.JSType,True,1,COMPILE_FAIL,,,,,,,False,,,21.8,TEST_COMPILE_FAIL,anticReverseAbstractInterpreterTest /workspace/deepseek/TestCode/Closure_167b/SemanticReverseAbstractInterpreterTest.java:212: error: cannot find symbol     Node condition = compileAndGetCondition(code);     ^   symbol:   class Node   location: class SemanticReverseAbstractInterpreterTest 27 errors 
deepseek,Closure,168,com.google.javascript.jscomp.TypedScopeCreator,True,1,COMPILE_FAIL,,,,,,,False,,,22.1,TEST_COMPILE_FAIL,"copeCreatorTest.java:183: error: incompatible types: Node cannot be converted to Scope         Scope scope = creator.createScope(script, externs);                                                   ^ Note: Some messages have been simplified; recompile with -Xdiags:verbose to get full output 3 errors "
deepseek,Closure,169,com.google.javascript.rhino.jstype.ArrowType;com.google.javascript.rhino.jstype.EquivalenceMethod;com.google.javascript.rhino.jstype.FunctionType;com.google.javascript.rhino.jstype.JSType;com.google.javascript.rhino.jstype.RecordType;com.google.javascript.rhino.jstype.UnionType,True,1,COMPILE_FAIL,,,,,,,False,,,21.9,TEST_COMPILE_FAIL,iable bothNull of type ArrowType /workspace/deepseek/TestCode/Closure_169b/ArrowTypeTest.java:141: error: cannot find symbol             assertNull(bothNull.getReturnType());                                ^   symbol:   method getReturnType()   location: variable bothNull of type ArrowType 7 errors 
deepseek,Closure,170,com.google.javascript.jscomp.FlowSensitiveInlineVariables,True,1,COMPILE_FAIL,,,,,,,False,,,21.8,TEST_COMPILE_FAIL,"mpile(JSSourceFile[],JSModule[],CompilerOptions) in Compiler match   where T1,T2 are type-variables:     T1 extends SourceFile declared in method <T1,T2>compile(List<T1>,List<T2>,CompilerOptions)     T2 extends SourceFile declared in method <T1,T2>compile(List<T1>,List<T2>,CompilerOptions) 2 errors "
deepseek,Closure,171,com.google.javascript.jscomp.TypeInference;com.google.javascript.jscomp.TypedScopeCreator,True,1,COMPILE_FAIL,,,,,,,False,,,21.2,TEST_COMPILE_FAIL,/workspace/deepseek/TestCode/Closure_171b/TypeInferenceTest.java:26: error: cannot find symbol     options.setLanguage(LanguageMode.ECMASCRIPT3);            ^   symbol:   method setLanguage(LanguageMode)   location: variable options of type CompilerOptions 1 error 
deepseek,Closure,172,com.google.javascript.jscomp.TypedScopeCreator,True,1,COMPILE_FAIL,,,,,,,False,,,21.6,TEST_COMPILE_FAIL,pedScopeCreatorTest.java:195: error: cannot find symbol     assertTrue(compiler.getErrors().isEmpty());                                    ^   symbol:   method isEmpty()   location: class JSError[] Note: Some messages have been simplified; recompile with -Xdiags:verbose to get full output 25 errors 
deepseek,Closure,173,com.google.javascript.jscomp.CodeGenerator;com.google.javascript.jscomp.PeepholeSubstituteAlternateSyntax,True,1,COMPILE_FAIL,,,,,,,False,,,23.2,TEST_COMPILE_FAIL,"eratorTest.java:433: error: cannot find symbol     Node outer = Node.newCall(Node.newName(""g""), inner);                                   ^   symbol:   method newName(String)   location: class Node Note: Some messages have been simplified; recompile with -Xdiags:verbose to get full output 76 errors "
deepseek,Closure,174,com.google.javascript.jscomp.JsAst;com.google.javascript.jscomp.NodeUtil;com.google.javascript.jscomp.ScopedAliases,True,1,COMPILE_FAIL,,,,,,,False,,,22.4,TEST_COMPILE_FAIL,ariable compiler2 of type AbstractCompiler /workspace/deepseek/TestCode/Closure_174b/JsAstTest.java:334: error: cannot find symbol         boolean changed = ast.isFromChangedFile();                              ^   symbol:   method isFromChangedFile()   location: variable ast of type JsAst 6 errors 
deepseek,Closure,16,com.google.javascript.jscomp.ScopedAliases,True,1,SUCCESS,SUCCESS,38,2,38,2,,False,0.0,0.0,41.6,,
deepseek,Closure,175,com.google.javascript.jscomp.FunctionInjector,True,1,COMPILE_FAIL,,,,,,,False,,,21.0,TEST_COMPILE_FAIL,ionInjector /workspace/deepseek/TestCode/Closure_175b/FunctionInjectorTest.java:309: error: cannot find symbol                 injector.canInlineReturnValue(fn));                         ^   symbol:   method canInlineReturnValue(Node)   location: variable injector of type FunctionInjector 29 errors 
deepseek,Closure,176,com.google.javascript.jscomp.TypeInference,True,1,COMPILE_FAIL,,,,,,,False,,,21.0,TEST_COMPILE_FAIL,"  method inferType(Node,Scope)   location: variable inference of type TypeInference /workspace/deepseek/TestCode/Closure_176b/TypeInferenceTest.java:77: error: cannot find symbol         JSType type = node.getJSType();         ^   symbol:   class JSType   location: class TypeInferenceTest 17 errors "
deepseek,Closure,17,com.google.javascript.jscomp.TypedScopeCreator,True,1,COMPILE_FAIL,,,,,,,False,,,20.8,TEST_COMPILE_FAIL,"class TypedScope   location: class TypedScopeCreatorTest /workspace/deepseek/TestCode/Closure_17b/TypedScopeCreatorTest.java:328: error: cannot find symbol     TypedScope scope = createTypedScope(""var x = alert;"");     ^   symbol:   class TypedScope   location: class TypedScopeCreatorTest 32 errors "
deepseek,Closure,18,com.google.javascript.jscomp.Compiler,True,1,COMPILE_FAIL,,,,,,,False,,,19.9,TEST_COMPILE_FAIL,"ter: '`' ```java   ^ /workspace/deepseek/TestCode/Closure_18b/CompilerTest.java:2: error: class, interface, or enum expected package com.google.javascript.jscomp; ^ /workspace/deepseek/TestCode/Closure_18b/CompilerTest.java:273: error: reached end of file while parsing     @Test          ^ 5 errors "
deepseek,Closure,19,com.google.javascript.jscomp.type.ChainableReverseAbstractInterpreter,True,1,COMPILE_FAIL,,,,,,,False,,,19.5,TEST_COMPILE_FAIL,"hainableReverseAbstractInterpreterTest.java:242: error: cannot find symbol     JSType result = interpreter.caseJSTypeCase(JSTypeCase.OBJECT, objNode);                                                ^   symbol:   variable JSTypeCase   location: class ChainableReverseAbstractInterpreterTest 57 errors "
deepseek,Closure,21,com.google.javascript.jscomp.CheckSideEffects,True,1,COMPILE_FAIL,,,,,,,False,,,20.3,TEST_COMPILE_FAIL,"kSideEffects in class CheckSideEffects cannot be applied to given types;     CheckSideEffects check = new CheckSideEffects(compiler);                              ^   required: AbstractCompiler,CheckLevel,boolean   found: Compiler   reason: actual and formal argument lists differ in length 3 errors "
deepseek,Closure,22,com.google.javascript.jscomp.CheckSideEffects,True,1,COMPILE_FAIL,,,,,,,False,,,20.5,TEST_COMPILE_FAIL,"Warning(String,String)   location: class CheckSideEffectsTest /workspace/deepseek/TestCode/Closure_22b/CheckSideEffectsTest.java:260: error: cannot find symbol     testWarning(""if (x);"", ""if (x);"");     ^   symbol:   method testWarning(String,String)   location: class CheckSideEffectsTest 23 errors "
deepseek,Closure,23,com.google.javascript.jscomp.PeepholeFoldConstants,True,1,COMPILE_FAIL,,,,,,,False,,,21.9,TEST_COMPILE_FAIL,losure_23b/PeepholeFoldConstantsTest.java:21: error: incompatible types: Compiler cannot be converted to boolean     return new PeepholeFoldConstants(compiler);                                      ^ Note: Some messages have been simplified; recompile with -Xdiags:verbose to get full output 1 error 
deepseek,Closure,25,com.google.javascript.jscomp.TypeInference,True,1,COMPILE_FAIL,,,,,,,False,,,21.2,TEST_COMPILE_FAIL,"s TypeInferenceTest /workspace/deepseek/TestCode/Closure_25b/TypeInferenceTest.java:68: error: cannot find symbol     assertTrue(""Expected boolean type"", type.isBoolean());                                             ^   symbol:   method isBoolean()   location: variable type of type JSType 5 errors "
deepseek,Closure,24,com.google.javascript.jscomp.ScopedAliases,True,1,COMPILE_FAIL,,,,,,,False,,,23.3,TEST_COMPILE_FAIL,mbol:   method isEmpty()   location: class JSError[] /workspace/deepseek/TestCode/Closure_24b/ScopedAliasesTest.java:315: error: cannot find symbol     assertTrue(compiler.getErrors().isEmpty());                                    ^   symbol:   method isEmpty()   location: class JSError[] 39 errors 
deepseek,Closure,20,com.google.javascript.jscomp.PeepholeSubstituteAlternateSyntax,True,1,SUCCESS,SUCCESS,20,19,20,19,,False,13.11,8.68,40.4,,
deepseek,Closure,26,com.google.javascript.jscomp.ProcessCommonJSModules,True,1,COMPILE_FAIL,,,,,,,False,,,21.1,TEST_COMPILE_FAIL,"iable script of type Node /workspace/deepseek/TestCode/Closure_26b/ProcessCommonJSModulesTest.java:157: error: cannot find symbol     pass.process(compiler.getExternsRoot(), root);                          ^   symbol:   method getExternsRoot()   location: variable compiler of type Compiler 4 errors "
deepseek,Closure,27,com.google.javascript.rhino.IR,True,1,COMPILE_FAIL,,,,,,,False,,,20.5,TEST_COMPILE_FAIL,"/workspace/deepseek/TestCode/Closure_27b/IRTest.java:279: error: cannot find symbol     Node whileNode = IR.whileNode(cond, body);                        ^   symbol:   method whileNode(Node,Node)   location: class IR 1 error "
deepseek,Closure,28,com.google.javascript.jscomp.InlineCostEstimator,True,1,COMPILE_FAIL,,,,,,,False,,,20.3,TEST_COMPILE_FAIL,"rror: incompatible types: boolean cannot be converted to int         int cost = InlineCostEstimator.getCost(bitwiseNotNode, false);                                                                ^ Note: Some messages have been simplified; recompile with -Xdiags:verbose to get full output 100 errors "
deepseek,Closure,29,com.google.javascript.jscomp.InlineObjectLiterals,True,1,COMPILE_FAIL,,,,,,,False,,,18.9,TEST_COMPILE_FAIL,mbol:   variable COMPUTED_PROP   location: class Token /workspace/deepseek/TestCode/Closure_29b/InlineObjectLiteralsTest.java:428: error: cannot find symbol         Node forIn = new Node(Token.FOR_IN);                                    ^   symbol:   variable FOR_IN   location: class Token 3 errors 
deepseek,Closure,2,com.google.javascript.jscomp.TypeCheck,False,1,COMPILE_FAIL,,,,,,,False,,,19.1,TEST_COMPILE_FAIL,"                  ^   symbol:   variable TypeCheck   location: class TypeCheckTest /workspace/deepseek/TestCode/Closure_2b/TypeCheckTest.java:180: error: cannot find symbol         TypeCheck.isAssignable(null, null);         ^   symbol:   variable TypeCheck   location: class TypeCheckTest 37 errors "
deepseek,Closure,30,com.google.javascript.jscomp.FlowSensitiveInlineVariables;com.google.javascript.jscomp.MustBeReachingVariableDef,True,1,COMPILE_FAIL,,,,,,,False,,,19.2,TEST_COMPILE_FAIL,/workspace/deepseek/TestCode/Closure_30b/FlowSensitiveInlineVariablesTest.java:106: error: illegal character: '\u200b'  ​@Test  ^ /workspace/deepseek/TestCode/Closure_30b/FlowSensitiveInlineVariablesTest.java:106: error: <identifier> expected  ​@Test        ^ 2 errors 
deepseek,Closure,31,com.google.javascript.jscomp.Compiler,True,1,COMPILE_FAIL,,,,,,,False,,,19.9,TEST_COMPILE_FAIL,"eek/TestCode/Closure_31b/CompilerTest.java:128: error: getSourceFileByName(String) has private access in Compiler     assertNull(compiler.getSourceFileByName(""unknown.js""));                        ^ Note: Some messages have been simplified; recompile with -Xdiags:verbose to get full output 6 errors "
deepseek,Closure,33,com.google.javascript.rhino.jstype.PrototypeObjectType,True,1,COMPILE_FAIL,,,,,,,False,,,20.9,TEST_COMPILE_FAIL,               ^ /workspace/deepseek/TestCode/Closure_33b/PrototypeObjectTypeTest.java:217: error: incompatible types: Object cannot be converted to PrototypeObjectType     PrototypeObjectType cloned = prototypeObjectType.clone();                                                           ^ 7 errors 
deepseek,Closure,34,com.google.javascript.jscomp.CodeGenerator;com.google.javascript.jscomp.CodePrinter,True,1,COMPILE_FAIL,,,,,,,False,,,22.9,TEST_COMPILE_FAIL,"esult = codeGenerator.generate(outerAdd, false, false);                                  ^   symbol:   method generate(Node,boolean,boolean)   location: variable codeGenerator of type CodeGenerator Note: Some messages have been simplified; recompile with -Xdiags:verbose to get full output 41 errors "
deepseek,Closure,35,com.google.javascript.jscomp.TypeInference,True,1,COMPILE_FAIL,,,,,,,False,,,22.4,TEST_COMPILE_FAIL,ol       if (left != null && left.getToken() == Token.NAME && varName.equals(left.getString())) {                               ^   symbol:   method getToken()   location: variable left of type Node Note: Some messages have been simplified; recompile with -Xdiags:verbose to get full output 5 errors 
deepseek,Closure,36,com.google.javascript.jscomp.InlineVariables,True,1,COMPILE_FAIL,,,,,,,False,,,23.4,TEST_COMPILE_FAIL,"va:30: error: incompatible types: boolean cannot be converted to Mode     InlineVariables pass = new InlineVariables(compiler, true, true);                                                          ^ Note: Some messages have been simplified; recompile with -Xdiags:verbose to get full output 4 errors "
deepseek,Closure,32,com.google.javascript.jscomp.parsing.JsDocInfoParser,True,1,SUCCESS,SUCCESS,14,14,14,14,,False,0.0,0.0,37.4,,
deepseek,Closure,38,com.google.javascript.jscomp.CodeConsumer,True,1,COMPILE_FAIL,,,,,,,False,,,21.4,TEST_COMPILE_FAIL,ion: variable consumer of type TestCodeConsumer /workspace/deepseek/TestCode/Closure_38b/CodeConsumerTest.java:563: error: cannot find symbol         consumer.maybeInsertSpace();                 ^   symbol:   method maybeInsertSpace()   location: variable consumer of type TestCodeConsumer 18 errors 
deepseek,Closure,39,com.google.javascript.rhino.jstype.PrototypeObjectType,True,1,COMPILE_FAIL,,,,,,,False,,,20.9,TEST_COMPILE_FAIL,est.java:287: error: cannot find symbol         assertTrue(noName.isAnonymous());                          ^   symbol:   method isAnonymous()   location: variable noName of type PrototypeObjectType Note: Some messages have been simplified; recompile with -Xdiags:verbose to get full output 11 errors 
deepseek,Closure,37,com.google.javascript.jscomp.NodeTraversal;com.google.javascript.jscomp.parsing.IRFactory,True,1,SUCCESS,SUCCESS,11,5,11,5,,False,25.69,16.8,40.1,,
deepseek,Closure,41,com.google.javascript.jscomp.FunctionTypeBuilder,True,1,COMPILE_FAIL,,,,,,,False,,,20.5,TEST_COMPILE_FAIL,rable<Node> /workspace/deepseek/TestCode/Closure_41b/FunctionTypeBuilderTest.java:233: error: cannot find symbol     JSType paramType = result.getParameters().get(0).getType();                                              ^   symbol:   method get(int)   location: interface Iterable<Node> 100 errors 
deepseek,Closure,42,com.google.javascript.jscomp.parsing.IRFactory,True,1,COMPILE_FAIL,,,,,,,False,,,20.1,TEST_COMPILE_FAIL,und: <null>   reason: actual and formal argument lists differ in length /workspace/deepseek/TestCode/Closure_42b/IRFactoryTest.java:171: error: cannot find symbol         if (node.getToken() == token) {                 ^   symbol:   method getToken()   location: variable node of type Node 13 errors 
deepseek,Closure,3,com.google.javascript.jscomp.FlowSensitiveInlineVariables,False,1,SUCCESS,SUCCESS,1,0,1,0,,False,0.0,0.0,36.1,,
deepseek,Closure,43,com.google.javascript.jscomp.TypedScopeCreator,True,1,COMPILE_FAIL,,,,,,,False,,,19.5,TEST_COMPILE_FAIL,"r e = scope.getVar(""E"");     ^   symbol:   class Var   location: class TypedScopeCreatorTest /workspace/deepseek/TestCode/Closure_43b/TypedScopeCreatorTest.java:210: error: cannot find symbol     Var o = scope.getVar(""o"");     ^   symbol:   class Var   location: class TypedScopeCreatorTest 9 errors "
deepseek,Closure,40,com.google.javascript.jscomp.NameAnalyzer,True,1,SUCCESS,SUCCESS,14,1,14,1,,False,59.04,50.23,38.2,,
deepseek,Closure,44,com.google.javascript.jscomp.CodeConsumer,True,1,COMPILE_FAIL,,,,,,,False,,,19.2,TEST_COMPILE_FAIL,/workspace/deepseek/TestCode/Closure_44b/CodeConsumerTest.java:22: error: CodeConsumer is abstract; cannot be instantiated         consumer = new CodeConsumer(sb);                    ^ 1 error 
deepseek,Closure,45,com.google.javascript.jscomp.RemoveUnusedVars,True,1,COMPILE_FAIL,,,,,,,False,,,19.4,TEST_COMPILE_FAIL," converted to List<JSSourceFile>)     method Compiler.compile(JSSourceFile[],JSModule[],CompilerOptions) is not applicable       (argument mismatch; SourceFile cannot be converted to JSSourceFile[]) Note: Some messages have been simplified; recompile with -Xdiags:verbose to get full output 6 errors "
deepseek,Closure,46,com.google.javascript.rhino.jstype.RecordType,True,1,COMPILE_FAIL,,,,,,,False,,,19.8,TEST_COMPILE_FAIL,"eTest.java:279: error: cannot find symbol     assertEquals(100, rec.getProperties().size());                          ^   symbol:   method getProperties()   location: variable rec of type RecordType Note: Some messages have been simplified; recompile with -Xdiags:verbose to get full output 9 errors "
deepseek,Closure,48,com.google.javascript.jscomp.TypedScopeCreator,True,1,COMPILE_FAIL,,,,,,,False,,,20.5,TEST_COMPILE_FAIL,"/TestCode/Closure_48b/TypedScopeCreatorTest.java:391: error: cannot find symbol         TypedVar y = getVar(scope, ""y"");         ^   symbol:   class TypedVar   location: class TypedScopeCreatorTest Note: Some messages have been simplified; recompile with -Xdiags:verbose to get full output 49 errors "
deepseek,Closure,49,com.google.javascript.jscomp.MakeDeclaredNamesUnique,True,1,COMPILE_FAIL,,,,,,,False,,,19.3,TEST_COMPILE_FAIL," converted to List<JSSourceFile>)     method Compiler.compile(JSSourceFile[],JSModule[],CompilerOptions) is not applicable       (argument mismatch; SourceFile cannot be converted to JSSourceFile[]) Note: Some messages have been simplified; recompile with -Xdiags:verbose to get full output 3 errors "
deepseek,Closure,4,com.google.javascript.rhino.jstype.NamedType,False,1,COMPILE_FAIL,,,,,,,False,,,19.4,TEST_COMPILE_FAIL,/workspace/deepseek/TestCode/Closure_4b/NamedTypeTest.java:1: error: <identifier> expected package some.package; // Replace with actual package from source              ^ 1 error 
deepseek,Closure,50,com.google.javascript.jscomp.PeepholeReplaceKnownMethods,True,1,COMPILE_FAIL,,,,,,,False,,,19.4,TEST_COMPILE_FAIL,"nverted to List<JSSourceFile>)     method Compiler.compile(JSSourceFile[],JSModule[],CompilerOptions) is not applicable       (argument mismatch; SourceFile[] cannot be converted to JSSourceFile[]) Note: Some messages have been simplified; recompile with -Xdiags:verbose to get full output 84 errors "
deepseek,Closure,47,com.google.debugging.sourcemap.SourceMapConsumerV3;com.google.javascript.jscomp.SourceMap,True,1,SUCCESS,SUCCESS,18,10,18,10,,False,3.9,2.41,35.3,,
deepseek,Closure,51,com.google.javascript.jscomp.CodeConsumer,True,1,COMPILE_FAIL,,,,,,,False,,,19.7,TEST_COMPILE_FAIL,stCode/Closure_51b/CodeConsumerTest.java:319: error: cannot find symbol     assertNotNull(c.getCode());                    ^   symbol:   method getCode()   location: variable c of type CodeConsumer Note: Some messages have been simplified; recompile with -Xdiags:verbose to get full output 22 errors 
deepseek,Closure,52,com.google.javascript.jscomp.CodeGenerator,True,1,COMPILE_FAIL,,,,,,,False,,,20.0,TEST_COMPILE_FAIL,CodeGeneratorTest.java:341: error: cannot find symbol         Node getter = new Node(Token.GETTER_DEF);                                     ^   symbol:   variable GETTER_DEF   location: class Token Note: Some messages have been simplified; recompile with -Xdiags:verbose to get full output 10 errors 
deepseek,Closure,53,com.google.javascript.jscomp.InlineObjectLiterals,True,1,COMPILE_FAIL,,,,,,,False,,,19.2,TEST_COMPILE_FAIL,: variable options of type CompilerOptions /workspace/deepseek/TestCode/Closure_53b/InlineObjectLiteralsTest.java:28: error: cannot find symbol         options.setQuietMode(true);                ^   symbol:   method setQuietMode(boolean)   location: variable options of type CompilerOptions 5 errors 
deepseek,Closure,55,com.google.javascript.jscomp.FunctionRewriter,True,1,COMPILE_FAIL,,,,,,,False,,,19.4,TEST_COMPILE_FAIL,               ^   symbol:   variable BLOCK   location: class Node /workspace/deepseek/TestCode/Closure_55b/FunctionRewriterTest.java:178: error: cannot find symbol     Node script = new Node(Node.SCRIPT);                                ^   symbol:   variable SCRIPT   location: class Node 43 errors 
deepseek,Closure,56,com.google.javascript.jscomp.SourceFile,True,1,COMPILE_FAIL,,,,,,,False,,,19.4,TEST_COMPILE_FAIL,"                                             ^ /workspace/deepseek/TestCode/Closure_56b/SourceFileTest.java:131: error: unreported exception IOException; must be caught or declared to be thrown         assertEquals(""source"", noName.getCode());                                              ^ 5 errors "
deepseek,Closure,57,com.google.javascript.jscomp.ClosureCodingConvention,True,1,COMPILE_FAIL,,,,,,,False,,,19.9,TEST_COMPILE_FAIL," not applicable       (argument mismatch; String cannot be converted to Node)     constructor Node.Node(int,Node[]) is not applicable       (argument mismatch; String cannot be converted to Node[]) Note: Some messages have been simplified; recompile with -Xdiags:verbose to get full output 41 errors "
deepseek,Closure,58,com.google.javascript.jscomp.LiveVariablesAnalysis,True,1,COMPILE_FAIL,,,,,,,False,,,19.5,TEST_COMPILE_FAIL,"ass LiveVariablesAnalysisTest /workspace/deepseek/TestCode/Closure_58b/LiveVariablesAnalysisTest.java:173: error: cannot find symbol     Var x = analysis.getScope().getVar(""x"");                     ^   symbol:   method getScope()   location: variable analysis of type LiveVariablesAnalysis 49 errors "
deepseek,Closure,54,com.google.javascript.jscomp.TypedScopeCreator;com.google.javascript.rhino.jstype.FunctionType,True,1,SUCCESS,SUCCESS,12,2,12,2,,False,46.85,31.33,36.1,,
deepseek,Closure,59,com.google.javascript.jscomp.Compiler,True,1,COMPILE_FAIL,,,,,,,False,,,19.6,TEST_COMPILE_FAIL,not find symbol                 compiler.parseCommandLineOptions(args));                         ^   symbol:   method parseCommandLineOptions(String[])   location: variable compiler of type Compiler Note: Some messages have been simplified; recompile with -Xdiags:verbose to get full output 6 errors 
deepseek,Closure,60,com.google.javascript.jscomp.NodeUtil,True,1,COMPILE_FAIL,,,,,,,False,,,18.8,TEST_COMPILE_FAIL,lTest.java:259: error: cannot find symbol     Node result = NodeUtil.bestVarForUndefNode(null);                           ^   symbol:   method bestVarForUndefNode(<null>)   location: class NodeUtil Note: Some messages have been simplified; recompile with -Xdiags:verbose to get full output 40 errors 
deepseek,Closure,61,com.google.javascript.jscomp.NodeUtil,True,1,COMPILE_FAIL,,,,,,,False,,,18.7,TEST_COMPILE_FAIL,n(Node)   location: class NodeUtil /workspace/deepseek/TestCode/Closure_61b/NodeUtilTest.java:277: error: cannot find symbol     assertFalse(NodeUtil.isNameDeclaration(new Node(Token.ASSIGN)));                         ^   symbol:   method isNameDeclaration(Node)   location: class NodeUtil 29 errors 
deepseek,Closure,65,com.google.javascript.jscomp.CodeGenerator,True,1,COMPILE_FAIL,,,,,,,False,,,14.1,TEST_COMPILE_FAIL,"    String generated = CodeGenerator.generateCode(root, true, false);                                         ^   symbol:   method generateCode(Node,boolean,boolean)   location: class CodeGenerator Note: Some messages have been simplified; recompile with -Xdiags:verbose to get full output 11 errors "
deepseek,Closure,64,com.google.javascript.jscomp.Compiler,True,1,COMPILE_FAIL,,,,,,,False,,,14.3,TEST_COMPILE_FAIL,"l         assertEquals(""One module"", 1, compiler.getModules().length);                                               ^   symbol:   method getModules()   location: variable compiler of type Compiler Note: Some messages have been simplified; recompile with -Xdiags:verbose to get full output 26 errors "
deepseek,Closure,5,com.google.javascript.jscomp.InlineObjectLiterals,False,1,SUCCESS,SUCCESS,1,0,1,0,,False,0.0,0.0,32.9,,
deepseek,Closure,62,com.google.javascript.jscomp.LightweightMessageFormatter,True,1,COMPILE_FAIL,,,,,,,False,,,17.2,TEST_COMPILE_FAIL,eFormatterTest.java:220: error: method does not override or implement a method from a supertype     @Override     ^ /workspace/deepseek/TestCode/Closure_62b/LightweightMessageFormatterTest.java:226: error: method does not override or implement a method from a supertype     @Override     ^ 12 errors 
deepseek,Closure,66,com.google.javascript.jscomp.TypeCheck,True,1,COMPILE_FAIL,,,,,,,False,,,13.5,TEST_COMPILE_FAIL," converted to List<JSSourceFile>)     method Compiler.compile(JSSourceFile[],JSModule[],CompilerOptions) is not applicable       (argument mismatch; SourceFile cannot be converted to JSSourceFile[]) Note: Some messages have been simplified; recompile with -Xdiags:verbose to get full output 2 errors "
deepseek,Closure,67,com.google.javascript.jscomp.AnalyzePrototypeProperties,True,1,COMPILE_FAIL,,,,,,,False,,,13.3,TEST_COMPILE_FAIL,"PrototypeProperties(c);                                    ^   required: AbstractCompiler,JSModuleGraph,boolean,boolean   found: Compiler   reason: actual and formal argument lists differ in length Note: Some messages have been simplified; recompile with -Xdiags:verbose to get full output 12 errors "
deepseek,Closure,68,com.google.javascript.jscomp.parsing.JsDocInfoParser,True,1,COMPILE_FAIL,,,,,,,False,,,13.0,TEST_COMPILE_FAIL,ure_68b/JsDocInfoParserTest.java:188: error: method does not override or implement a method from a supertype     @Override     ^ /workspace/deepseek/TestCode/Closure_68b/JsDocInfoParserTest.java:193: error: method does not override or implement a method from a supertype     @Override     ^ 9 errors 
deepseek,Closure,69,com.google.javascript.jscomp.TypeCheck,True,1,COMPILE_FAIL,,,,,,,False,,,13.0,TEST_COMPILE_FAIL,eckTest.java:335: error: cannot find symbol         assertTrue(compiler.getWarnings().isEmpty());                                          ^   symbol:   method isEmpty()   location: class JSError[] Note: Some messages have been simplified; recompile with -Xdiags:verbose to get full output 46 errors 
deepseek,Closure,70,com.google.javascript.jscomp.TypedScopeCreator,True,1,COMPILE_FAIL,,,,,,,False,,,12.9,TEST_COMPILE_FAIL,pedScopeCreatorTest.java:184: error: cannot find symbol     Scope fn = global.getChildren().get(0);                      ^   symbol:   method getChildren()   location: variable global of type Scope Note: Some messages have been simplified; recompile with -Xdiags:verbose to get full output 10 errors 
deepseek,Closure,6,com.google.javascript.jscomp.TypeValidator,True,1,COMPILE_FAIL,,,,,,,False,,,16.0,TEST_COMPILE_FAIL, location: class TypeValidator /workspace/deepseek/TestCode/Closure_6b/TypeValidatorTest.java:109: error: method does not override or implement a method from a supertype         @Override         ^ Note: Some messages have been simplified; recompile with -Xdiags:verbose to get full output 13 errors 
deepseek,Closure,71,com.google.javascript.jscomp.CheckAccessControls,True,1,COMPILE_FAIL,,,,,,,False,,,12.9,TEST_COMPILE_FAIL,a supertype     @Override     ^ /workspace/deepseek/TestCode/Closure_71b/CheckAccessControlsTest.java:334: error: method does not override or implement a method from a supertype     @Override     ^ Note: Some messages have been simplified; recompile with -Xdiags:verbose to get full output 41 errors 
deepseek,Closure,72,com.google.javascript.jscomp.FunctionToBlockMutator;com.google.javascript.jscomp.RenameLabels,True,1,COMPILE_FAIL,,,,,,,False,,,12.6,TEST_COMPILE_FAIL,"ateCallNode(""fn""), emptyBlock);                             ^   required: String,Node,Node,String,boolean,boolean   found: Node,Node,Node   reason: actual and formal argument lists differ in length Note: Some messages have been simplified; recompile with -Xdiags:verbose to get full output 23 errors "
deepseek,Closure,73,com.google.javascript.jscomp.CodeGenerator,True,1,COMPILE_FAIL,,,,,,,False,,,12.4,TEST_COMPILE_FAIL,cable       (actual and formal argument lists differ in length)     constructor CodeGenerator.CodeGenerator(CodeConsumer) is not applicable       (actual and formal argument lists differ in length) Note: Some messages have been simplified; recompile with -Xdiags:verbose to get full output 20 errors 
deepseek,Closure,74,com.google.javascript.jscomp.PeepholeFoldConstants,True,1,COMPILE_FAIL,,,,,,,False,,,12.7,TEST_COMPILE_FAIL,onstantsTest.java:25: error: constructor PeepholeFoldConstants in class PeepholeFoldConstants cannot be applied to given types;     return new PeepholeFoldConstants(compiler);            ^   required: no arguments   found: Compiler   reason: actual and formal argument lists differ in length 1 error 
deepseek,Closure,75,com.google.javascript.jscomp.NodeUtil,True,1,COMPILE_FAIL,,,,,,,False,,,13.0,TEST_COMPILE_FAIL," not applicable       (argument mismatch; String cannot be converted to Node)     constructor Node.Node(int,Node[]) is not applicable       (argument mismatch; String cannot be converted to Node[]) Note: Some messages have been simplified; recompile with -Xdiags:verbose to get full output 98 errors "
deepseek,Closure,77,com.google.javascript.jscomp.CodeGenerator,True,1,COMPILE_FAIL,,,,,,,False,,,13.5,TEST_COMPILE_FAIL,"nerator /workspace/deepseek/TestCode/Closure_77b/CodeGeneratorTest.java:186: error: cannot find symbol     assertEquals(""const x=1;"", CodeGenerator.generateScript(script));                                             ^   symbol:   method generateScript(Node)   location: class CodeGenerator 4 errors "
deepseek,Closure,78,com.google.javascript.jscomp.PeepholeFoldConstants,True,1,COMPILE_FAIL,,,,,,,False,,,13.7,TEST_COMPILE_FAIL,ure_78b/PeepholeFoldConstantsTest.java:397: error: cannot find symbol     assertTrue(n.getBooleanValue());                 ^   symbol:   method getBooleanValue()   location: variable n of type Node Note: Some messages have been simplified; recompile with -Xdiags:verbose to get full output 55 errors 
deepseek,Closure,79,com.google.javascript.jscomp.Normalize;com.google.javascript.jscomp.VarCheck,True,1,COMPILE_FAIL,,,,,,,False,,,14.0,TEST_COMPILE_FAIL,stCode/Closure_79b/NormalizeTest.java:236: error: method does not override or implement a method from a supertype     @Override     ^ /workspace/deepseek/TestCode/Closure_79b/NormalizeTest.java:239: error: method does not override or implement a method from a supertype     @Override     ^ 94 errors 
deepseek,Closure,80,com.google.javascript.jscomp.NodeUtil,True,1,COMPILE_FAIL,,,,,,,False,,,14.1,TEST_COMPILE_FAIL,/deepseek/TestCode/Closure_80b/NodeUtilTest.java:406: error: cannot find symbol     NodeUtil.isNumberResult(null);             ^   symbol:   method isNumberResult(<null>)   location: class NodeUtil Note: Some messages have been simplified; recompile with -Xdiags:verbose to get full output 31 errors 
deepseek,Closure,7,com.google.javascript.jscomp.type.ChainableReverseAbstractInterpreter,True,1,COMPILE_FAIL,,,,,,,False,,,17.6,TEST_COMPILE_FAIL,"ID_TYPE), emptyScope);                                                                                  ^   symbol:   variable JSTypeNative   location: class ChainableReverseAbstractInterpreterTest Note: Some messages have been simplified; recompile with -Xdiags:verbose to get full output 26 errors "
deepseek,Closure,76,com.google.javascript.jscomp.DeadAssignmentsElimination,True,1,SUCCESS,SUCCESS,19,0,19,0,,False,46.24,34.09,28.4,,
deepseek,Closure,81,com.google.javascript.jscomp.parsing.IRFactory,True,1,COMPILE_FAIL,,,,,,,False,,,13.8,TEST_COMPILE_FAIL,"ss ParserRunner cannot be applied to given types;             return ParserRunner.parse(file, config, null);                                ^   required: String,String,Config,ErrorReporter,Logger   found: SourceFile,Config,<null>   reason: actual and formal argument lists differ in length 10 errors "
deepseek,Closure,82,com.google.javascript.rhino.jstype.JSType,True,1,COMPILE_FAIL,,,,,,,False,,,13.5,TEST_COMPILE_FAIL,n: variable allType of type JSType /workspace/deepseek/TestCode/Closure_82b/JSTypeTest.java:155: error: cannot find symbol         assertFalse(voidType.isSubtypeOf(nullType));                             ^   symbol:   method isSubtypeOf(JSType)   location: variable voidType of type JSType 38 errors 
deepseek,Closure,83,com.google.javascript.jscomp.CommandLineRunner,True,1,COMPILE_FAIL,,,,,,,False,,,13.6,TEST_COMPILE_FAIL,mandLineRunner /workspace/deepseek/TestCode/Closure_83b/CommandLineRunnerTest.java:521: error: cannot find symbol     List<String> inputs = runner.getFlags().jsInputFiles;                                 ^   symbol:   method getFlags()   location: variable runner of type CommandLineRunner 40 errors 
deepseek,Closure,85,com.google.javascript.jscomp.UnreachableCodeElimination,True,1,COMPILE_FAIL,,,,,,,False,,,12.9,TEST_COMPILE_FAIL,": constructor UnreachableCodeElimination in class UnreachableCodeElimination cannot be applied to given types;     return new UnreachableCodeElimination(compiler);            ^   required: AbstractCompiler,boolean   found: Compiler   reason: actual and formal argument lists differ in length 1 error "
deepseek,Closure,86,com.google.javascript.jscomp.NodeUtil,True,1,COMPILE_FAIL,,,,,,,False,,,13.8,TEST_COMPILE_FAIL,686: error: cannot find symbol         assertTrue(NodeUtil.isUnaryOperator(createNode(Token.NOT)));                            ^   symbol:   method isUnaryOperator(Node)   location: class NodeUtil Note: Some messages have been simplified; recompile with -Xdiags:verbose to get full output 100 errors 
deepseek,Closure,87,com.google.javascript.jscomp.PeepholeSubstituteAlternateSyntax,True,1,COMPILE_FAIL,,,,,,,False,,,12.9,TEST_COMPILE_FAIL,"ek/TestCode/Closure_87b/PeepholeSubstituteAlternateSyntaxTest.java:182: error: cannot find symbol         assertTrue(""Precondition: block"", block.isToken(Token.BLOCK));                                                ^   symbol:   method isToken(int)   location: variable block of type Node 27 errors "
deepseek,Closure,89,com.google.javascript.jscomp.CollapseProperties;com.google.javascript.jscomp.GlobalNamespace,True,1,COMPILE_FAIL,,,,,,,False,,,14.0,TEST_COMPILE_FAIL,"perties in class CollapseProperties cannot be applied to given types;     return new CollapseProperties(compiler, collapsePropertiesOnExternTypes);            ^   required: AbstractCompiler,boolean,boolean   found: Compiler,boolean   reason: actual and formal argument lists differ in length 1 error "
deepseek,Closure,84,com.google.javascript.jscomp.parsing.IRFactory,True,1,SUCCESS,SUCCESS,4,4,4,4,,False,0.0,0.0,26.0,,
deepseek,Closure,90,com.google.javascript.jscomp.FunctionTypeBuilder;com.google.javascript.rhino.jstype.FunctionType,True,1,COMPILE_FAIL,,,,,,,False,,,12.2,TEST_COMPILE_FAIL,"der in class FunctionTypeBuilder cannot be applied to given types;         new FunctionTypeBuilder(null, compiler, registry);         ^   required: String,AbstractCompiler,Node,String,Scope   found: <null>,Compiler,JSTypeRegistry   reason: actual and formal argument lists differ in length 40 errors "
deepseek,Closure,91,com.google.javascript.jscomp.CheckGlobalThis,True,1,COMPILE_FAIL,,,,,,,False,,,12.5,TEST_COMPILE_FAIL," converted to List<JSSourceFile>)     method Compiler.compile(JSSourceFile[],JSModule[],CompilerOptions) is not applicable       (argument mismatch; SourceFile cannot be converted to JSSourceFile[]) Note: Some messages have been simplified; recompile with -Xdiags:verbose to get full output 4 errors "
deepseek,Closure,8,com.google.javascript.jscomp.CollapseVariableDeclarations,False,1,COMPILE_FAIL,,,,,,,False,,,18.6,TEST_COMPILE_FAIL,"DeclarationsTest.java:31: error: method setWarningLevel in class CompilerOptions cannot be applied to given types;     options.setWarningLevel(CheckLevel.OFF);            ^   required: DiagnosticGroup,CheckLevel   found: CheckLevel   reason: actual and formal argument lists differ in length 1 error "
deepseek,Closure,88,com.google.javascript.jscomp.DeadAssignmentsElimination,True,1,SUCCESS,SUCCESS,20,6,20,6,,False,58.39,45.19,28.3,,
deepseek,Closure,92,com.google.javascript.jscomp.ProcessClosurePrimitives,True,1,COMPILE_FAIL,,,,,,,False,,,12.5,TEST_COMPILE_FAIL,"t find symbol     assertFalse(compiler.getProvidedNamespaces().contains(""cond""));                         ^   symbol:   method getProvidedNamespaces()   location: variable compiler of type Compiler Note: Some messages have been simplified; recompile with -Xdiags:verbose to get full output 28 errors "
deepseek,Closure,94,com.google.javascript.jscomp.NodeUtil,True,1,COMPILE_FAIL,,,,,,,False,,,12.4,TEST_COMPILE_FAIL,"94b/NodeUtilTest.java:280: error: cannot find symbol         Node key = new Node(Token.STRING_KEY, ""key"");                                  ^   symbol:   variable STRING_KEY   location: class Token Note: Some messages have been simplified; recompile with -Xdiags:verbose to get full output 31 errors "
deepseek,Closure,95,com.google.javascript.jscomp.TypedScopeCreator,True,1,COMPILE_FAIL,,,,,,,False,,,12.1,TEST_COMPILE_FAIL,"Code/Closure_95b/TypedScopeCreatorTest.java:248: error: cannot find symbol         Var myType = globalScope.getVar(""MyType"");         ^   symbol:   class Var   location: class TypedScopeCreatorTest Note: Some messages have been simplified; recompile with -Xdiags:verbose to get full output 22 errors "
deepseek,Closure,96,com.google.javascript.jscomp.TypeCheck,True,1,COMPILE_FAIL,,,,,,,False,,,11.9,TEST_COMPILE_FAIL,"nverted to List<JSSourceFile>)     method Compiler.compile(JSSourceFile[],JSModule[],CompilerOptions) is not applicable       (argument mismatch; SourceFile[] cannot be converted to JSSourceFile[]) Note: Some messages have been simplified; recompile with -Xdiags:verbose to get full output 12 errors "
deepseek,Closure,97,com.google.javascript.jscomp.PeepholeFoldConstants,True,1,COMPILE_FAIL,,,,,,,False,,,11.9,TEST_COMPILE_FAIL," converted to List<JSSourceFile>)     method Compiler.compile(JSSourceFile[],JSModule[],CompilerOptions) is not applicable       (argument mismatch; SourceFile cannot be converted to JSSourceFile[]) Note: Some messages have been simplified; recompile with -Xdiags:verbose to get full output 4 errors "
deepseek,Closure,98,com.google.javascript.jscomp.ReferenceCollectingCallback,True,1,COMPILE_FAIL,,,,,,,False,,,11.7,TEST_COMPILE_FAIL,ingCallbackTest.java:242: error: cannot find symbol     ReferenceMap refMap = compileAndCollectReferences(js);     ^   symbol:   class ReferenceMap   location: class ReferenceCollectingCallbackTest Note: Some messages have been simplified; recompile with -Xdiags:verbose to get full output 31 errors 
deepseek,Closure,99,com.google.javascript.jscomp.CheckGlobalThis,True,1,COMPILE_FAIL,,,,,,,False,,,11.6,TEST_COMPILE_FAIL,"erted to List<JSSourceFile>)     method Compiler.compile(JSSourceFile[],JSModule[],CompilerOptions) is not applicable       (argument mismatch; List<SourceFile> cannot be converted to JSSourceFile[]) Note: Some messages have been simplified; recompile with -Xdiags:verbose to get full output 1 error "
deepseek,Closure,9,com.google.javascript.jscomp.ProcessCommonJSModules,False,1,COMPILE_FAIL,,,,,,,False,,,17.5,TEST_COMPILE_FAIL,"match; String cannot be converted to SourceAst)     constructor CompilerInput.CompilerInput(SourceFile,boolean) is not applicable       (argument mismatch; String cannot be converted to SourceFile) Note: Some messages have been simplified; recompile with -Xdiags:verbose to get full output 28 errors "
deepseek,Codec,13,org.apache.commons.codec.binary.CharSequenceUtils;org.apache.commons.codec.binary.StringUtils;org.apache.commons.codec.language.DoubleMetaphone,True,1,COMPILE_FAIL,,,,,,,False,,,11.5,TEST_COMPILE_FAIL,"ec_13b/CharSequenceUtilsTest.java:209: error: cannot find symbol         assertEquals(-1, CharSequenceUtils.lastIndexOf(cs, nonString(""xyz""), 20));                                           ^   symbol:   method lastIndexOf(CharSequence,CharSequence,int)   location: class CharSequenceUtils 56 errors "
deepseek,Codec,14,org.apache.commons.codec.language.bm.Lang;org.apache.commons.codec.language.bm.PhoneticEngine;org.apache.commons.codec.language.bm.Rule;src.main.resources.org.apache.commons.codec.language.bm.ash_lang.txt;src.main.resources.org.apache.commons.codec.language.bm.gen_lang.txt;src.main.resources.org.apache.commons.codec.language.bm.sep_lang.txt,True,1,COMPILE_FAIL,,,,,,,False,,,11.5,TEST_COMPILE_FAIL,"ass LangTest /workspace/deepseek/TestCode/Codec_14b/LangTest.java:253: error: cannot find symbol         assertFalse(""Bug 14: Empty string should not throw ArrayIndexOutOfBoundsException"", exceptionThrown);         ^   symbol:   method assertFalse(String,boolean)   location: class LangTest 9 errors "
deepseek,Codec,10,org.apache.commons.codec.language.Caverphone,True,1,SUCCESS,SUCCESS,12,7,12,7,,False,94.2,66.67,21.5,,
deepseek,Codec,11,org.apache.commons.codec.net.QuotedPrintableCodec,True,1,SUCCESS,SUCCESS,14,6,14,1,org.apache.commons.codec.net.QuotedPrintableCodecTest#testDecodeQuotedPrintableSoftLineBreak,True,71.03,63.51,21.8,,
deepseek,Codec,12,org.apache.commons.codec.binary.BaseNCodecInputStream,True,1,SUCCESS,SUCCESS,22,12,22,10,,False,87.76,75.0,21.9,,
deepseek,Codec,15,org.apache.commons.codec.language.Soundex,True,1,COMPILE_FAIL,,,,,,,False,,,11.1,TEST_COMPILE_FAIL,"                                   ^ /workspace/deepseek/TestCode/Codec_15b/SoundexTest.java:95: error: unreported exception EncoderException; must be caught or declared to be thrown         assertEquals(3, soundex.difference(""Robert"", ""Rubin""));                                           ^ 2 errors "
deepseek,Codec,16,org.apache.commons.codec.binary.Base32,True,1,COMPILE_FAIL,,,,,,,False,,,11.2,TEST_COMPILE_FAIL,"orkspace/deepseek/TestCode/Codec_16b/Base32Test.java:337: error: unreported exception UnsupportedEncodingException; must be caught or declared to be thrown         byte[] decoded = codec.decode(""   \n\t  "".getBytes(CHARSET_UTF8));                                                           ^ 7 errors "
deepseek,Codec,2,org.apache.commons.codec.binary.Base64,False,1,COMPILE_FAIL,,,,,,,False,,,10.9,TEST_COMPILE_FAIL,ecoded = Base64.decode(encoded);                                    ^ /workspace/deepseek/TestCode/Codec_2b/Base64Test.java:263: error: incompatible types: Object cannot be converted to byte[]             byte[] decoded = Base64.decode(encoded);                                           ^ 55 errors 
deepseek,Codec,5,org.apache.commons.codec.binary.Base64,False,1,COMPILE_FAIL,,,,,,,False,,,10.7,TEST_COMPILE_FAIL,"stCode/Codec_5b/Base64Test.java:249: error: ';' expected Now, output only the code block.                                ^ /workspace/deepseek/TestCode/Codec_5b/Base64Test.java:249: error: reached end of file while parsing Now, output only the code block.                                 ^ 28 errors "
deepseek,Codec,17,org.apache.commons.codec.binary.StringUtils,True,1,SUCCESS,SUCCESS,37,0,37,1,org.apache.commons.codec.binary.StringUtilsTest#testNewStringIso8859_1Null,True,69.23,40.0,22.4,,
deepseek,Codec,18,org.apache.commons.codec.binary.StringUtils,True,1,SUCCESS,SUCCESS,16,2,16,3,org.apache.commons.codec.binary.StringUtilsTest#testEquals,True,87.18,87.5,22.8,,
deepseek,Codec,3,org.apache.commons.codec.language.DoubleMetaphone,False,1,SUCCESS,SUCCESS,26,14,26,14,,False,61.59,46.0,21.8,,
deepseek,Codec,4,org.apache.commons.codec.binary.Base64,False,1,SUCCESS,SUCCESS,23,6,23,8,org.apache.commons.codec.binary.Base64Test#testRFC4648TestVectors;org.apache.commons.codec.binary.Base64Test#testEncodeLengthModThree,True,68.83,58.86,22.2,,
deepseek,Codec,7,org.apache.commons.codec.binary.Base64,True,1,COMPILE_FAIL,,,,,,,False,,,11.8,TEST_COMPILE_FAIL,Code/Codec_7b/Base64Test.java:221: error: reference to decode is ambiguous         codec.decode(null);              ^   both method decode(String) in Base64 and method decode(byte[]) in Base64 match Note: Some messages have been simplified; recompile with -Xdiags:verbose to get full output 7 errors 
deepseek,Codec,8,org.apache.commons.codec.binary.Base64;org.apache.commons.codec.binary.Base64InputStream,False,1,COMPILE_FAIL,,,,,,,False,,,11.4,TEST_COMPILE_FAIL,"/Codec_8b/Base64Test.java:101: error: reference to decode is ambiguous         assertNull(""Decoding null should return null"", base64.decode(null));                                                              ^   both method decode(String) in Base64 and method decode(byte[]) in Base64 match 1 error "
deepseek,Codec,9,org.apache.commons.codec.binary.Base64,False,1,COMPILE_FAIL,,,,,,,False,,,10.6,TEST_COMPILE_FAIL,/workspace/deepseek/TestCode/Codec_9b/Base64Test.java:1: error: <identifier> expected package <package_name>; // Replace with actual package from source        ^ 1 error 
deepseek,Codec,6,org.apache.commons.codec.binary.Base64InputStream,False,1,SUCCESS,SUCCESS,34,5,34,13,org.apache.commons.codec.binary.Base64InputStreamTest#testEncodeChunkedInputSingleByteChunks;org.apache.commons.codec.binary.Base64InputStreamTest#testEncodeEmptyStream;org.apache.commons.codec.binary.Base64InputStreamTest#testDecodeUnpaddedFinalTriplet;org.apache.commons.codec.binary.Base64InputStreamTest#testEncodeThreeBytes;org.apache.commons.codec.binary.Base64InputStreamTest#testDecodeChunkedInputTwoByteChunks;org.apache.commons.codec.binary.Base64InputStreamTest#testEncodeWithLineLengthZeroAndNullSeparator;org.apache.commons.codec.binary.Base64InputStreamTest#testDecodeChunkedInputSingleByteChunks;org.apache.commons.codec.binary.Base64InputStreamTest#testDecodeRandomChunkedInput,True,97.37,90.0,23.0,,
deepseek,Collections,10,org.apache.commons.collections.map.MultiValueMap,True,1,COMPILE_FAIL,,,,,,,False,,,11.8,TEST_COMPILE_FAIL,"pace/deepseek/TestCode/Collections_10b/MultiValueMapTest.java:544: error: type MultiValueMap does not take parameters         MultiValueMap<String, String> deserialized = (MultiValueMap<String, String>) ois.readObject();                                                                    ^ 18 errors "
deepseek,Collections,12,org.apache.commons.collections.ExtendedProperties,True,1,COMPILE_FAIL,,,,,,,False,,,11.5,TEST_COMPILE_FAIL," ""Empty"");                    ^ Note: /workspace/deepseek/TestCode/Collections_12b/ExtendedPropertiesTest.java uses unchecked or unsafe operations. Note: Recompile with -Xlint:unchecked for details. Note: Some messages have been simplified; recompile with -Xdiags:verbose to get full output 4 errors "
deepseek,Collections,13,org.apache.commons.collections.ExtendedProperties,True,1,COMPILE_FAIL,,,,,,,False,,,11.7,TEST_COMPILE_FAIL,                             ^ Note: /workspace/deepseek/TestCode/Collections_13b/ExtendedPropertiesTest.java uses unchecked or unsafe operations. Note: Recompile with -Xlint:unchecked for details. Note: Some messages have been simplified; recompile with -Xdiags:verbose to get full output 14 errors 
deepseek,Collections,14,org.apache.commons.collections.map.CaseInsensitiveMap,True,1,COMPILE_FAIL,,,,,,,False,,,10.9,TEST_COMPILE_FAIL,"       Map.Entry<String, String>> entry = entries.iterator().next();                  ^ /workspace/deepseek/TestCode/Collections_14b/CaseInsensitiveMapTest.java:214: error: ';' expected         Map.Entry<String, String>> entry = entries.iterator().next();                                  ^ 3 errors "
deepseek,Collections,15,org.apache.commons.collections.list.SetUniqueList,True,1,COMPILE_FAIL,,,,,,,False,,,11.9,TEST_COMPILE_FAIL, SetUniqueList.decorate(new ArrayList<String>());                      ^ /workspace/deepseek/TestCode/Collections_15b/SetUniqueListTest.java:482: error: type SetUniqueList does not take parameters         SetUniqueList<String> sul = SetUniqueList.decorate(decorated);                      ^ 3 errors 
deepseek,Collections,16,org.apache.commons.collections.list.SetUniqueList,True,1,COMPILE_FAIL,,,,,,,False,,,11.8,TEST_COMPILE_FAIL,"                                 ^ /workspace/deepseek/TestCode/Collections_16b/SetUniqueListTest.java:29: error: type SetUniqueList does not take parameters         intList = new SetUniqueList<Integer>(new ArrayList<Integer>(), new HashSet<Integer>());                                    ^ 6 errors "
deepseek,Collections,11,org.apache.commons.collections.keyvalue.MultiKey,True,1,SUCCESS,SUCCESS,30,2,30,4,org.apache.commons.collections.keyvalue.MultiKeyTest#testSerializationRoundTrip;org.apache.commons.collections.keyvalue.MultiKeyTest#testSerializationRoundTripWithNullKeys,True,100.0,100.0,23.0,,
deepseek,Collections,17,org.apache.commons.collections.functors.EqualPredicate,True,1,COMPILE_FAIL,,,,,,,False,,,11.3,TEST_COMPILE_FAIL,(null);                                              ^   symbol:   method getInstance(<null>)   location: class EqualPredicate Note: /workspace/deepseek/TestCode/Collections_17b/EqualPredicateTest.java uses unchecked or unsafe operations. Note: Recompile with -Xlint:unchecked for details. 18 errors 
deepseek,Collections,18,org.apache.commons.collections.set.ListOrderedSet,True,1,COMPILE_FAIL,,,,,,,False,,,11.7,TEST_COMPILE_FAIL,"edSetTest.java:426: error: cannot find symbol         multiSet.setValue(3, A);                 ^   symbol:   method setValue(int,String)   location: variable multiSet of type ListOrderedSet<String> Note: Some messages have been simplified; recompile with -Xdiags:verbose to get full output 10 errors "
deepseek,Collections,20,org.apache.commons.collections.list.TreeList,True,1,COMPILE_FAIL,,,,,,,False,,,11.8,TEST_COMPILE_FAIL,5: error: cannot find symbol         multiList.add(E);                       ^   symbol:   variable E   location: class TreeListTest Note: /workspace/deepseek/TestCode/Collections_20b/TreeListTest.java uses unchecked or unsafe operations. Note: Recompile with -Xlint:unchecked for details. 34 errors 
deepseek,Collections,21,org.apache.commons.collections4.list.SetUniqueList,True,1,COMPILE_FAIL,,,,,,,False,,,11.6,TEST_COMPILE_FAIL,"d: ArrayList<String>,<null>   reason: cannot infer type-variable(s) E#1     (actual and formal argument lists differ in length)   where E#1,E#2 are type-variables:     E#1 extends Object declared in method <E#1>setUniqueList(List<E#1>)     E#2 extends Object declared in class SetUniqueList 2 errors "
deepseek,Collections,22,org.apache.commons.collections4.map.ListOrderedMap,True,1,COMPILE_FAIL,,,,,,,False,,,11.8,TEST_COMPILE_FAIL,"workspace/deepseek/TestCode/Collections_22b/ListOrderedMapTest.java:571: error: cannot find symbol         ListIterator<String> lit = map.listIterator();                                       ^   symbol:   method listIterator()   location: variable map of type ListOrderedMap<String,String> 8 errors "
deepseek,Collections,23,org.apache.commons.collections4.trie.UnmodifiableTrie,True,1,COMPILE_FAIL,,,,,,,False,,,11.7,TEST_COMPILE_FAIL,"mbol:   class Trie   location: class UnmodifiableTrieTest /workspace/deepseek/TestCode/Collections_23b/UnmodifiableTrieTest.java:228: error: cannot find symbol         Trie<String, String> other = new PatriciaTrie<>();         ^   symbol:   class Trie   location: class UnmodifiableTrieTest 4 errors "
deepseek,Collections,24,org.apache.commons.collections4.collection.UnmodifiableBoundedCollection,True,1,COMPILE_FAIL,,,,,,,False,,,12.1,TEST_COMPILE_FAIL,.unmodifiableBoundedCollection(bounded);                                                                                                                 ^   where E is a type-variable:     E extends Object declared in method <E>unmodifiableBoundedCollection(BoundedCollection<? extends E>) 18 errors 
deepseek,Collections,19,org.apache.commons.collections.list.SetUniqueList,True,1,SUCCESS,SUCCESS,84,13,84,13,,False,92.79,90.0,24.3,,
deepseek,Collections,25,org.apache.commons.collections4.IteratorUtils,True,1,COMPILE_FAIL,,,,,,,False,,,12.2,TEST_COMPILE_FAIL,yList(Iterator<String>)   location: class IteratorUtils /workspace/deepseek/TestCode/Collections_25b/IteratorUtilsTest.java:543: error: cannot find symbol         IteratorUtils.toArrayList(null);                      ^   symbol:   method toArrayList(<null>)   location: class IteratorUtils 30 errors 
deepseek,Collections,27,org.apache.commons.collections4.map.MultiValueMap,True,1,COMPILE_FAIL,,,,,,,False,,,11.4,TEST_COMPILE_FAIL,/Collections_27b/MultiValueMapTest.java uses or overrides a deprecated API. Note: Recompile with -Xlint:deprecation for details. Note: /workspace/deepseek/TestCode/Collections_27b/MultiValueMapTest.java uses unchecked or unsafe operations. Note: Recompile with -Xlint:unchecked for details. 6 errors 
deepseek,Collections,28,org.apache.commons.collections4.trie.AbstractPatriciaTrie,True,1,COMPILE_FAIL,,,,,,,False,,,11.7,TEST_COMPILE_FAIL,", String> emptyKeyTrie = new PatriciaTrie<>();                     ^ /workspace/deepseek/TestCode/Collections_28b/AbstractPatriciaTrieTest.java:230: error: wrong number of type arguments; required 1         PatriciaTrie<Integer, String> intTrie = new PatriciaTrie<>();                     ^ 5 errors "
deepseek,Collections,2,org.apache.commons.collections.ExtendedProperties,False,1,COMPILE_FAIL,,,,,,,False,,,11.4,TEST_COMPILE_FAIL, /workspace/deepseek/TestCode/Collections_2b/ExtendedPropertiesTest.java:359: error: cannot find symbol         ExtendedProperties clone = (ExtendedProperties) props.clone();                                     ^   symbol:   class ExtendedProperties   location: class ExtendedPropertiesTest 8 errors 
deepseek,Collections,3,org.apache.commons.collections.CollectionUtils,False,1,COMPILE_FAIL,,,,,,,False,,,12.2,TEST_COMPILE_FAIL,"                             ^ /workspace/deepseek/TestCode/Collections_3b/CollectionUtilsTest.java:299: error: incompatible types: void cannot be converted to boolean         boolean changed = CollectionUtils.filter(list, new Predicate() {                                                 ^ 2 errors "
deepseek,Collections,26,org.apache.commons.collections4.keyvalue.MultiKey,True,1,SUCCESS,SUCCESS,17,0,17,0,,False,100.0,100.0,23.3,,
deepseek,Collections,4,org.apache.commons.collections.map.MultiValueMap,False,1,COMPILE_FAIL,,,,,,,False,,,11.7,TEST_COMPILE_FAIL,   symbol:   class MultiValueMap   location: class MultiValueMapTest /workspace/deepseek/TestCode/Collections_4b/MultiValueMapTest.java:21: error: cannot find symbol         map = new MultiValueMap<>();                   ^   symbol:   class MultiValueMap   location: class MultiValueMapTest 2 errors 
deepseek,Collections,5,org.apache.commons.collections.list.SetUniqueList,False,1,COMPILE_FAIL,,,,,,,False,,,12.0,TEST_COMPILE_FAIL,iqueListTest /workspace/deepseek/TestCode/Collections_5b/SetUniqueListTest.java:383: error: cannot find symbol         SetUniqueList<String> sul = SetUniqueList.setUniqueList(base);                                     ^   symbol:   variable SetUniqueList   location: class SetUniqueListTest 9 errors 
deepseek,Collections,6,org.apache.commons.collections.map.Flat3Map,True,1,COMPILE_FAIL,,,,,,,False,,,11.9,TEST_COMPILE_FAIL,"ct, Object>) map.clone();                 ^ /workspace/deepseek/TestCode/Collections_6b/Flat3MapTest.java:343: error: type Flat3Map does not take parameters         Flat3Map<Object, Object> clone = (Flat3Map<Object, Object>) map.clone();                                                   ^ 14 errors "
deepseek,Collections,7,org.apache.commons.collections.ExtendedProperties,True,1,COMPILE_FAIL,,,,,,,False,,,11.5,TEST_COMPILE_FAIL,"                     ^   required: String   found: String,String   reason: actual and formal argument lists differ in length Note: /workspace/deepseek/TestCode/Collections_7b/ExtendedPropertiesTest.java uses unchecked or unsafe operations. Note: Recompile with -Xlint:unchecked for details. 3 errors "
deepseek,Collections,8,org.apache.commons.collections.buffer.UnboundedFifoBuffer,False,1,COMPILE_FAIL,,,,,,,False,,,10.7,TEST_COMPILE_FAIL,/workspace/deepseek/TestCode/Collections_8b/UnboundedFifoBufferTest.java:130: error: ';' expected         buffer.clear());                       ^ 1 error 
deepseek,Collections,9,org.apache.commons.collections.ExtendedProperties,False,1,COMPILE_FAIL,,,,,,,False,,,11.6,TEST_COMPILE_FAIL,opertiesTest /workspace/deepseek/TestCode/Collections_9b/ExtendedPropertiesTest.java:798: error: cannot find symbol         ExtendedProperties p2 = new ExtendedProperties();                                     ^   symbol:   class ExtendedProperties   location: class ExtendedPropertiesTest 16 errors 
deepseek,Compress,10,org.apache.commons.compress.archivers.zip.ZipFile,True,1,COMPILE_FAIL,,,,,,,False,,,11.5,TEST_COMPILE_FAIL,"oseable) /workspace/deepseek/TestCode/Compress_10b/ZipFileTest.java:265: error: cannot find symbol             assertEquals(""Test comment"", zipFile.getComment());                                                 ^   symbol:   method getComment()   location: variable zipFile of type ZipFile 14 errors "
deepseek,Compress,11,org.apache.commons.compress.archivers.ArchiveStreamFactory,True,1,COMPILE_FAIL,,,,,,,False,,,11.2,TEST_COMPILE_FAIL,length /workspace/deepseek/TestCode/Compress_11b/ArchiveStreamFactoryTest.java:257: error: cannot find symbol         assertTrue(aos instanceof DumpArchiveOutputStream);                                   ^   symbol:   class DumpArchiveOutputStream   location: class ArchiveStreamFactoryTest 3 errors 
deepseek,Compress,12,org.apache.commons.compress.archivers.tar.TarArchiveInputStream,True,1,COMPILE_FAIL,,,,,,,False,,,11.6,TEST_COMPILE_FAIL,"mTest.java:299: error: incompatible types: String cannot be converted to int                 new ByteArrayInputStream(new byte[0]), ""UTF-8"");                                                        ^ Note: Some messages have been simplified; recompile with -Xdiags:verbose to get full output 2 errors "
deepseek,Compress,13,org.apache.commons.compress.archivers.zip.ZipArchiveEntry,True,1,COMPILE_FAIL,,,,,,,False,,,11.4,TEST_COMPILE_FAIL,": cannot find symbol         assertEquals(-1, entry.getDiskNumberStart());                               ^   symbol:   method getDiskNumberStart()   location: variable entry of type ZipArchiveEntry Note: Some messages have been simplified; recompile with -Xdiags:verbose to get full output 22 errors "
deepseek,Compress,14,org.apache.commons.compress.archivers.tar.TarUtils,True,1,COMPILE_FAIL,,,,,,,False,,,11.4,TEST_COMPILE_FAIL,"y(int,byte[],int,int)   location: class TarUtils /workspace/deepseek/TestCode/Compress_14b/TarUtilsTest.java:309: error: cannot find symbol         TarUtils.formatLongBinary(0, null, 0, 8);                 ^   symbol:   method formatLongBinary(int,<null>,int,int)   location: class TarUtils 4 errors "
deepseek,Compress,15,org.apache.commons.compress.archivers.zip.ZipArchiveEntry,True,1,COMPILE_FAIL,,,,,,,False,,,11.5,TEST_COMPILE_FAIL,"8: error: incompatible types: possible lossy conversion from int to byte         TestExtraField field = new TestExtraField(new ZipShort(0x4001), new byte[] { 10 }, new byte[] { 1010 });                                                                                                         ^ 1 error "
deepseek,Compress,16,org.apache.commons.compress.archivers.ArchiveStreamFactory,True,1,COMPILE_FAIL,,,,,,,False,,,11.3,TEST_COMPILE_FAIL,n length /workspace/deepseek/TestCode/Compress_16b/ArchiveStreamFactoryTest.java:203: error: cannot find symbol         assertTrue(aos instanceof ZipArchiveOutputStream);                                   ^   symbol:   class ZipArchiveOutputStream   location: class ArchiveStreamFactoryTest 4 errors 
deepseek,Compress,17,org.apache.commons.compress.archivers.tar.TarUtils,True,1,COMPILE_FAIL,,,,,,,False,,,11.6,TEST_COMPILE_FAIL,"ess_17b/TarUtilsTest.java:309: error: method parseBoolean in class TarUtils cannot be applied to given types;         assertFalse(TarUtils.parseBoolean(buffer));                             ^   required: byte[],int   found: byte[]   reason: actual and formal argument lists differ in length 4 errors "
deepseek,Compress,18,org.apache.commons.compress.archivers.tar.TarArchiveOutputStream,True,1,COMPILE_FAIL,,,,,,,False,,,11.1,TEST_COMPILE_FAIL,seek/TestCode/Compress_18b/TarArchiveOutputStreamTest.java:234: error: cannot find symbol         tarOut.setLongFileMode(TarArchiveOutputStream.LONGFILE_FAIL);                                                      ^   symbol:   variable LONGFILE_FAIL   location: class TarArchiveOutputStream 4 errors 
deepseek,Compress,19,org.apache.commons.compress.archivers.zip.Zip64ExtendedInformationExtraField,True,1,COMPILE_FAIL,,,,,,,False,,,11.5,TEST_COMPILE_FAIL,"stCode/Compress_19b/Zip64ExtendedInformationExtraFieldTest.java:513: error: cannot find symbol         assertEquals(0L, field.getDiskStart().getValue());                               ^   symbol:   method getDiskStart()   location: variable field of type Zip64ExtendedInformationExtraField 21 errors "
deepseek,Compress,20,org.apache.commons.compress.archivers.cpio.CpioArchiveInputStream,True,1,COMPILE_FAIL,,,,,,,False,,,11.3,TEST_COMPILE_FAIL,loseEntry() has private access in CpioArchiveInputStream             in.closeEntry();               ^ /workspace/deepseek/TestCode/Compress_20b/CpioArchiveInputStreamTest.java:277: error: closeEntry() has private access in CpioArchiveInputStream             in.closeEntry();               ^ 3 errors 
deepseek,Compress,21,org.apache.commons.compress.archivers.sevenz.SevenZOutputFile,True,1,COMPILE_FAIL,,,,,,,False,,,11.0,TEST_COMPILE_FAIL,ce/deepseek/TestCode/Compress_21b/SevenZOutputFileTest.java:266: error: incompatible types: try-with-resources not applicable to variable type         try (SevenZFile sevenZFile = new SevenZFile(archiveFile)) {                         ^     (SevenZFile cannot be converted to AutoCloseable) 9 errors 
deepseek,Compress,22,org.apache.commons.compress.compressors.bzip2.BZip2CompressorInputStream,True,1,COMPILE_FAIL,,,,,,,False,,,10.8,TEST_COMPILE_FAIL,"am                                           ^ /workspace/deepseek/TestCode/Compress_22b/BZip2CompressorInputStreamTest.java:248: error: incompatible types: possible lossy conversion from int to byte             0x17, 0x72, 0x45, 0x38, 0x50, 0x90                                           ^ 3 errors "
deepseek,Compress,24,org.apache.commons.compress.archivers.tar.TarUtils,True,1,COMPILE_FAIL,,,,,,,False,,,10.9,TEST_COMPILE_FAIL,"rue));                                   ^ /workspace/deepseek/TestCode/Compress_24b/TarUtilsTest.java:269: error: cannot find symbol         TarUtils.formatName(""hello"", buf, 0, buf.length);                 ^   symbol:   method formatName(String,byte[],int,int)   location: class TarUtils 12 errors "
deepseek,Compress,25,org.apache.commons.compress.archivers.zip.ZipArchiveInputStream,True,1,COMPILE_FAIL,,,,,,,False,,,10.8,TEST_COMPILE_FAIL,/workspace/deepseek/TestCode/Compress_25b/ZipArchiveInputStreamTest.java:341: error: cannot find symbol         entry.setUnixMode(0755);              ^   symbol:   method setUnixMode(int)   location: variable entry of type ZipEntry 1 error 
deepseek,Compress,26,org.apache.commons.compress.utils.IOUtils,True,1,COMPILE_FAIL,,,,,,,False,,,10.3,TEST_COMPILE_FAIL,"Code/Compress_26b/IOUtilsTest.java:373: error: method toByteArray in class IOUtils cannot be applied to given types;         IOUtils.toByteArray(bis, 100);                ^   required: InputStream   found: ByteArrayInputStream,int   reason: actual and formal argument lists differ in length 7 errors "
deepseek,Compress,27,org.apache.commons.compress.archivers.tar.TarUtils,True,1,COMPILE_FAIL,,,,,,,False,,,10.1,TEST_COMPILE_FAIL,"pseek/TestCode/Compress_27b/TarUtilsTest.java:123: error: method parseBoolean in class TarUtils cannot be applied to given types;         TarUtils.parseBoolean(new byte[0]);                 ^   required: byte[],int   found: byte[]   reason: actual and formal argument lists differ in length 5 errors "
deepseek,Compress,23,org.apache.commons.compress.archivers.sevenz.Coders,True,1,SUCCESS,SUCCESS,1,0,1,0,,False,0.0,0.0,20.3,,
deepseek,Compress,29,org.apache.commons.compress.archivers.ArchiveStreamFactory;org.apache.commons.compress.archivers.cpio.CpioArchiveInputStream;org.apache.commons.compress.archivers.cpio.CpioArchiveOutputStream;org.apache.commons.compress.archivers.dump.DumpArchiveInputStream;org.apache.commons.compress.archivers.tar.TarArchiveInputStream;org.apache.commons.compress.archivers.tar.TarArchiveOutputStream;org.apache.commons.compress.archivers.zip.ZipArchiveInputStream,True,1,COMPILE_FAIL,,,,,,,False,,,10.2,TEST_COMPILE_FAIL,"tanceof ZipArchiveOutputStream);                           ^   required: String,OutputStream   found: String,ByteArrayOutputStream,String   reason: actual and formal argument lists differ in length Note: Some messages have been simplified; recompile with -Xdiags:verbose to get full output 16 errors "
deepseek,Compress,2,org.apache.commons.compress.archivers.ar.ArArchiveInputStream,False,1,COMPILE_FAIL,,,,,,,False,,,9.5,TEST_COMPILE_FAIL,"/workspace/deepseek/TestCode/Compress_2b/ArArchiveInputStreamTest.java:76: error: illegal escape character         byte[] bad = ""BAD\x0a"".getBytes(""ASCII"");                           ^ 1 error "
deepseek,Compress,32,org.apache.commons.compress.archivers.tar.TarArchiveInputStream,True,1,COMPILE_FAIL,,,,,,,False,,,10.5,TEST_COMPILE_FAIL,"a:202: error: cannot find symbol         TarArchiveEntry linkEntry = new TarArchiveEntry(""shortlink"", TarArchiveConstants.LF_SYMLINK);                                                                      ^   symbol:   variable TarArchiveConstants   location: class TarArchiveInputStreamTest 2 errors "
deepseek,Compress,28,org.apache.commons.compress.archivers.tar.TarArchiveInputStream,True,1,SUCCESS,SUCCESS,32,10,32,10,,False,64.02,41.13,21.6,,
deepseek,Compress,33,org.apache.commons.compress.compressors.CompressorStreamFactory;org.apache.commons.compress.compressors.deflate.DeflateCompressorInputStream,True,1,COMPILE_FAIL,,,,,,,False,,,11.2,TEST_COMPILE_FAIL,l         Set<String> names = factory.getCompressorNames();                                    ^   symbol:   method getCompressorNames()   location: variable factory of type CompressorStreamFactory Note: Some messages have been simplified; recompile with -Xdiags:verbose to get full output 12 errors 
deepseek,Compress,34,org.apache.commons.compress.archivers.zip.X7875_NewUnix,True,1,COMPILE_FAIL,,,,,,,False,,,11.1,TEST_COMPILE_FAIL,"of type X7875_NewUnix /workspace/deepseek/TestCode/Compress_34b/X7875_NewUnixTest.java:360: error: cannot find symbol         assertEquals(888L, parsed.getModifyTime());                                  ^   symbol:   method getModifyTime()   location: variable parsed of type X7875_NewUnix 60 errors "
deepseek,Compress,30,org.apache.commons.compress.compressors.bzip2.BZip2CompressorInputStream,True,1,SUCCESS,SUCCESS,19,3,19,4,org.apache.commons.compress.compressors.bzip2.BZip2CompressorInputStreamTest#testReadZeroBytes,True,16.9,16.48,20.9,,
deepseek,Compress,31,org.apache.commons.compress.archivers.tar.TarUtils,True,1,SUCCESS,SUCCESS,27,9,27,9,,False,44.77,46.49,20.7,,
deepseek,Compress,35,org.apache.commons.compress.archivers.tar.TarUtils,True,1,COMPILE_FAIL,,,,,,,False,,,10.7,TEST_COMPILE_FAIL,", buf, 0, 8, true);                     ^ /workspace/deepseek/TestCode/Compress_35b/TarUtilsTest.java:432: error: parseBinaryLong(byte[],int,int,boolean) has private access in TarUtils             long parsed = TarUtils.parseBinaryLong(buf, 0, 8, true);                                   ^ 17 errors "
deepseek,Compress,37,org.apache.commons.compress.archivers.tar.TarArchiveInputStream,True,1,COMPILE_FAIL,,,,,,,False,,,10.3,TEST_COMPILE_FAIL,                             ^ /workspace/deepseek/TestCode/Compress_37b/TarArchiveInputStreamTest.java:277: error: incompatible types: ArchiveEntry cannot be converted to TarArchiveEntry             TarArchiveEntry e = tin.getNextEntry();                                                 ^ 13 errors 
deepseek,Compress,38,org.apache.commons.compress.archivers.tar.TarArchiveEntry,True,1,COMPILE_FAIL,,,,,,,False,,,10.7,TEST_COMPILE_FAIL,.BLOCK_SIZE];                                              ^   symbol:   variable BLOCK_SIZE   location: interface TarConstants Note: /workspace/deepseek/TestCode/Compress_38b/TarArchiveEntryTest.java uses or overrides a deprecated API. Note: Recompile with -Xlint:deprecation for details. 13 errors 
deepseek,Compress,39,org.apache.commons.compress.utils.ArchiveUtils,True,1,COMPILE_FAIL,,,,,,,False,,,10.4,TEST_COMPILE_FAIL,on: class ArchiveUtils /workspace/deepseek/TestCode/Compress_39b/ArchiveUtilsTest.java:242: error: cannot find symbol         assertTrue(ArchiveUtils.isArchiveSignature(longSig));                                ^   symbol:   method isArchiveSignature(byte[])   location: class ArchiveUtils 10 errors 
deepseek,Compress,3,org.apache.commons.compress.archivers.tar.TarArchiveOutputStream,False,1,COMPILE_FAIL,,,,,,,False,,,10.4,TEST_COMPILE_FAIL,8: error: cannot find symbol         TarArchiveInputStream tin = new TarArchiveInputStream(new ByteArrayInputStream(baos.toByteArray()));                                                                   ^   symbol:   class ByteArrayInputStream   location: class TarArchiveOutputStreamTest 14 errors 
deepseek,Compress,40,org.apache.commons.compress.utils.BitInputStream,True,1,COMPILE_FAIL,,,,,,,False,,,10.5,TEST_COMPILE_FAIL,"/deepseek/TestCode/Compress_40b/BitInputStreamTest.java:168: error: cannot find symbol         BitInputStream bis = createBitInputStream(data, BitOrder.BIG_ENDIAN);                                                         ^   symbol:   variable BitOrder   location: class BitInputStreamTest 20 errors "
deepseek,Compress,36,org.apache.commons.compress.archivers.sevenz.SevenZFile,True,1,SUCCESS,SUCCESS,12,8,12,8,,False,4.52,1.31,21.3,,
deepseek,Compress,41,org.apache.commons.compress.archivers.zip.ZipArchiveInputStream,True,1,COMPILE_FAIL,,,,,,,False,,,10.3,TEST_COMPILE_FAIL,       ZipArchiveEntry entry = zipIn.getNextEntry();                                                   ^ /workspace/deepseek/TestCode/Compress_41b/ZipArchiveInputStreamTest.java:385: error: closeEntry() has private access in ZipArchiveInputStream         zipIn.closeEntry();              ^ 23 errors 
deepseek,Compress,42,org.apache.commons.compress.archivers.zip.UnixStat;org.apache.commons.compress.archivers.zip.ZipArchiveEntry,True,1,COMPILE_FAIL,,,,,,,False,,,10.1,TEST_COMPILE_FAIL,"tMode(String)   location: interface UnixStat /workspace/deepseek/TestCode/Compress_42b/UnixStatTest.java:298: error: cannot find symbol             int mode = UnixStat.getMode(""---s--x--x"");                                ^   symbol:   method getMode(String)   location: interface UnixStat 35 errors "
deepseek,Compress,43,org.apache.commons.compress.archivers.zip.ZipArchiveOutputStream,True,1,COMPILE_FAIL,,,,,,,False,,,10.1,TEST_COMPILE_FAIL,/workspace/deepseek/TestCode/Compress_43b/ZipArchiveOutputStreamTest.java:290: error: 'void' type not allowed here         entry.setGeneralPurposeBit(new GeneralPurposeBit().useUTF8ForNames(true));                                                                           ^ 1 error 
deepseek,Compress,44,org.apache.commons.compress.utils.ChecksumCalculatingInputStream,True,1,COMPILE_FAIL,,,,,,,False,,,9.8,TEST_COMPILE_FAIL,ide         ^ /workspace/deepseek/TestCode/Compress_44b/ChecksumCalculatingInputStreamTest.java:48: error: method does not override or implement a method from a supertype         @Override         ^ Note: Some messages have been simplified; recompile with -Xdiags:verbose to get full output 6 errors 
deepseek,Compress,45,org.apache.commons.compress.archivers.tar.TarUtils,True,1,COMPILE_FAIL,,,,,,,False,,,9.9,TEST_COMPILE_FAIL,"Name(String,byte[],int,int)   location: class TarUtils /workspace/deepseek/TestCode/Compress_45b/TarUtilsTest.java:181: error: cannot find symbol         TarUtils.formatName(""Hi"", buf, 2, 5);                 ^   symbol:   method formatName(String,byte[],int,int)   location: class TarUtils 12 errors "
deepseek,Compress,46,org.apache.commons.compress.archivers.zip.X5455_ExtendedTimestamp,True,1,COMPILE_FAIL,,,,,,,False,,,10.4,TEST_COMPILE_FAIL,pseek/TestCode/Compress_46b/X5455_ExtendedTimestampTest.java:631: error: incompatible types: Date cannot be converted to ZipLong         t2.setModifyTime(new Date(1000));                          ^ Note: Some messages have been simplified; recompile with -Xdiags:verbose to get full output 36 errors 
deepseek,Compress,47,org.apache.commons.compress.archivers.zip.ZipArchiveInputStream,True,1,COMPILE_FAIL,,,,,,,False,,,10.1,TEST_COMPILE_FAIL,e ZipArchiveOutputStream /workspace/deepseek/TestCode/Compress_47b/ZipArchiveInputStreamTest.java:255: error: cannot find symbol         zaos.setUseDataDescriptor(false);             ^   symbol:   method setUseDataDescriptor(boolean)   location: variable zaos of type ZipArchiveOutputStream 2 errors 
deepseek,Compress,4,org.apache.commons.compress.archivers.cpio.CpioArchiveOutputStream;org.apache.commons.compress.archivers.tar.TarArchiveOutputStream;org.apache.commons.compress.archivers.zip.ZipArchiveOutputStream;org.apache.commons.compress.changes.ChangeSetPerformer,False,1,COMPILE_FAIL,,,,,,,False,,,9.7,TEST_COMPILE_FAIL,"     assertThrows(IOException.class, () -> out.closeArchiveEntry());         ^   symbol:   method assertThrows(Class<IOException>,()->out.cl[...]try())   location: class CpioArchiveOutputStreamTest Note: Some messages have been simplified; recompile with -Xdiags:verbose to get full output 19 errors "
deepseek,Compress,5,org.apache.commons.compress.archivers.zip.ZipArchiveInputStream,False,1,COMPILE_FAIL,,,,,,,False,,,9.5,TEST_COMPILE_FAIL,/workspace/deepseek/TestCode/Compress_5b/ZipArchiveInputStreamTest.java:234: error: cannot find symbol         } catch (ZipArchiveException e) {                  ^   symbol:   class ZipArchiveException   location: class ZipArchiveInputStreamTest 1 error 
deepseek,Compress,6,org.apache.commons.compress.archivers.zip.ZipArchiveEntry,True,1,COMPILE_FAIL,,,,,,,False,,,9.6,TEST_COMPILE_FAIL,"cation: class ZipArchiveEntryTest /workspace/deepseek/TestCode/Compress_6b/ZipArchiveEntryTest.java:648: error: cannot find symbol         assertEquals(0, entry.getRawFlag());                              ^   symbol:   method getRawFlag()   location: variable entry of type ZipArchiveEntry 39 errors "
deepseek,Compress,7,org.apache.commons.compress.archivers.tar.TarUtils,True,1,COMPILE_FAIL,,,,,,,False,,,8.9,TEST_COMPILE_FAIL,"                         ^ /workspace/deepseek/TestCode/Compress_7b/TarUtilsTest.java:137: error: ';' expected         assertEquals('8', buf[0]? Actually 7. Let's just check that first character is '7'.                                                                                       ^ 7 errors "
deepseek,Compress,8,org.apache.commons.compress.archivers.tar.TarUtils,False,1,COMPILE_FAIL,,,,,,,False,,,9.3,TEST_COMPILE_FAIL,"Bytes(int,byte[],int,int)   location: class TarUtils /workspace/deepseek/TestCode/Compress_8b/TarUtilsTest.java:589: error: cannot find symbol         TarUtils.parseOctalOrBinary(buf, 0, 0);                 ^   symbol:   method parseOctalOrBinary(byte[],int,int)   location: class TarUtils 20 errors "
deepseek,Compress,9,org.apache.commons.compress.archivers.tar.TarArchiveOutputStream,False,1,COMPILE_FAIL,,,,,,,False,,,9.3,TEST_COMPILE_FAIL,eepseek/TestCode/Compress_9b/TarArchiveOutputStreamTest.java:355: error: cannot find symbol         taos.setLongFileMode(TarArchiveOutputStream.LONGFILE_POSIX);                                                    ^   symbol:   variable LONGFILE_POSIX   location: class TarArchiveOutputStream 2 errors 
deepseek,Csv,10,org.apache.commons.csv.CSVPrinter,True,1,COMPILE_FAIL,,,,,,,False,,,9.7,TEST_COMPILE_FAIL,d getColumnClassName(int) in ResultSetMetaData             return new ResultSetMetaData() {                                            ^ Note: /workspace/deepseek/TestCode/Csv_10b/CSVPrinterTest.java uses or overrides a deprecated API. Note: Recompile with -Xlint:deprecation for details. 100 errors 
deepseek,Csv,11,org.apache.commons.csv.CSVParser,True,1,COMPILE_FAIL,,,,,,,False,,,9.5,TEST_COMPILE_FAIL,/workspace/deepseek/TestCode/Csv_11b/CSVParserTest.java:259: error: cannot find symbol         CSVFormat format = CSVFormat.DEFAULT.withCommentMarker('#');                                             ^   symbol:   method withCommentMarker(char)   location: variable DEFAULT of type CSVFormat 1 error 
deepseek,Csv,12,org.apache.commons.csv.CSVFormat,True,1,COMPILE_FAIL,,,,,,,False,,,9.4,TEST_COMPILE_FAIL,v_12b/CSVFormatTest.java:313: error: validate() has private access in CSVFormat         format.validate();               ^ /workspace/deepseek/TestCode/Csv_12b/CSVFormatTest.java:319: error: validate() has private access in CSVFormat         defaultFormat.validate();                      ^ 4 errors 
deepseek,Csv,13,org.apache.commons.csv.CSVFormat;org.apache.commons.csv.CSVPrinter,True,1,COMPILE_FAIL,,,,,,,False,,,9.5,TEST_COMPILE_FAIL," /workspace/deepseek/TestCode/Csv_13b/CSVFormatTest.java:309: error: cannot find symbol         assertEquals(Character.valueOf('""'), format.getQuoteChar());                                                    ^   symbol:   method getQuoteChar()   location: variable format of type CSVFormat 26 errors "
deepseek,Csv,14,org.apache.commons.csv.CSVFormat,True,1,COMPILE_FAIL,,,,,,,False,,,9.7,TEST_COMPILE_FAIL,sv_14b/CSVFormatTest.java:266: error: validate() has private access in CSVFormat             invalid.validate();                    ^ /workspace/deepseek/TestCode/Csv_14b/CSVFormatTest.java:276: error: validate() has private access in CSVFormat         invalid.validate();                ^ 53 errors 
deepseek,Csv,15,org.apache.commons.csv.CSVFormat,True,1,COMPILE_FAIL,,,,,,,False,,,9.6,TEST_COMPILE_FAIL,ect         CSVFormat clone = format.clone();                                 ^ /workspace/deepseek/TestCode/Csv_15b/CSVFormatTest.java:199: error: incompatible types: Object cannot be converted to CSVFormat         CSVFormat clone = format.clone();                                       ^ 24 errors 
deepseek,Csv,16,org.apache.commons.csv.CSVParser,True,1,COMPILE_FAIL,,,,,,,False,,,9.9,TEST_COMPILE_FAIL,tCode/Csv_16b/CSVParserTest.java:243: error: cannot find symbol         CSVFormat badFormat = CSVFormat.DEFAULT.withQuoteChar(null).withEscapeChar(null);                                                ^   symbol:   method withQuoteChar(<null>)   location: variable DEFAULT of type CSVFormat 2 errors 
deepseek,Csv,2,org.apache.commons.csv.CSVRecord,False,1,COMPILE_FAIL,,,,,,,False,,,9.9,TEST_COMPILE_FAIL,"tual and formal argument lists differ in length /workspace/deepseek/TestCode/Csv_2b/CSVRecordTest.java:208: error: cannot find symbol         Map<String, String> map = rec.toMap();                                      ^   symbol:   method toMap()   location: variable rec of type CSVRecord 19 errors "
deepseek,Csv,3,org.apache.commons.csv.Lexer,False,1,COMPILE_FAIL,,,,,,,False,,,10.2,TEST_COMPILE_FAIL,"();         ^   symbol:   class Token   location: class LexerTest /workspace/deepseek/TestCode/Csv_3b/LexerTest.java:310: error: cannot find symbol         assertEquals(TokenType.OPERATOR, token.getType());                      ^   symbol:   variable TokenType   location: class LexerTest 100 errors "
deepseek,Csv,4,org.apache.commons.csv.CSVParser,False,1,COMPILE_FAIL,,,,,,,False,,,10.1,TEST_COMPILE_FAIL,Parser parser;             ^   symbol:   class CSVParser   location: class CSVParserTest /workspace/deepseek/TestCode/Csv_4b/CSVParserTest.java:22: error: cannot find symbol         parser = new CSVParser();                      ^   symbol:   class CSVParser   location: class CSVParserTest 2 errors 
deepseek,Csv,5,org.apache.commons.csv.CSVPrinter,False,1,COMPILE_FAIL,,,,,,,False,,,10.1,TEST_COMPILE_FAIL,Csv_5b/CSVPrinterTest.java:377: error: cannot find symbol         CSVFormat customFormat = CSVFormat.DEFAULT.withQuoteChar(null).withEscapeChar('\\');                                                                       ^   symbol:   method withEscapeChar(char)   location: class CSVFormat 7 errors 
deepseek,Csv,6,org.apache.commons.csv.CSVRecord,True,1,COMPILE_FAIL,,,,,,,False,,,10.1,TEST_COMPILE_FAIL,/workspace/deepseek/TestCode/Csv_6b/CSVRecordTest.java:237: error: reference to get is ambiguous             recordWithHeaders.get(null);                              ^   both method get(Enum<?>) in CSVRecord and method get(String) in CSVRecord match 1 error 
deepseek,Csv,7,org.apache.commons.csv.CSVParser,True,1,COMPILE_FAIL,,,,,,,False,,,10.3,TEST_COMPILE_FAIL,cannot find symbol         CSVFormat format = CSVFormat.DEFAULT.withTrim();                                             ^   symbol:   method withTrim()   location: variable DEFAULT of type CSVFormat Note: Some messages have been simplified; recompile with -Xdiags:verbose to get full output 6 errors 
deepseek,Csv,8,org.apache.commons.csv.CSVFormat,False,1,COMPILE_FAIL,,,,,,,False,,,10.4,TEST_COMPILE_FAIL, defaultFormat of type CSVFormat /workspace/deepseek/TestCode/Csv_8b/CSVFormatTest.java:576: error: cannot find symbol         defaultFormat.withEscapeChar('\t').validate();                      ^   symbol:   method withEscapeChar(char)   location: variable defaultFormat of type CSVFormat 65 errors 
deepseek,Csv,9,org.apache.commons.csv.CSVRecord,False,1,COMPILE_FAIL,,,,,,,False,,,10.4,TEST_COMPILE_FAIL,"ymbol         assertSame(parser, recordWithHeaders.getParser());                                             ^   symbol:   method getParser()   location: variable recordWithHeaders of type CSVRecord Note: Some messages have been simplified; recompile with -Xdiags:verbose to get full output 7 errors "
deepseek,Gson,11,com.google.gson.internal.bind.TypeAdapters,True,1,COMPILE_FAIL,,,,,,,False,,,10.6,TEST_COMPILE_FAIL,cation: class TypeAdaptersTest /workspace/deepseek/TestCode/Gson_11b/TypeAdaptersTest.java:654: error: cannot find symbol         assertNull(adapter.fromJsonTree(JsonNull.INSTANCE));                                         ^   symbol:   variable JsonNull   location: class TypeAdaptersTest 51 errors 
deepseek,Gson,14,com.google.gson.internal.$Gson$Types,True,1,COMPILE_FAIL,,,,,,,False,,,10.5,TEST_COMPILE_FAIL,class $Gson$Types /workspace/deepseek/TestCode/Gson_14b/$Gson$TypesTest.java:606: error: cannot find symbol         Type result = $Gson$Types.getGenericArrayType(pt);                                  ^   symbol:   method getGenericArrayType(ParameterizedType)   location: class $Gson$Types 31 errors 
deepseek,Gson,10,com.google.gson.internal.bind.ReflectiveTypeAdapterFactory,True,1,SUCCESS,SUCCESS,20,20,20,20,,False,4.27,0.0,20.9,,
deepseek,Gson,16,com.google.gson.internal.$Gson$Types,True,1,COMPILE_FAIL,,,,,,,False,,,10.4,TEST_COMPILE_FAIL,"ava:300: error: method hashCode in class Object cannot be applied to given types;         assertEquals(expected, $Gson$Types.hashCode(w));                                           ^   required: no arguments   found: WildcardType   reason: actual and formal argument lists differ in length 11 errors "
deepseek,Gson,12,com.google.gson.internal.bind.JsonTreeReader,True,1,SUCCESS,SUCCESS,44,6,44,9,com.google.gson.internal.bind.JsonTreeReaderTest#testNextNullAfterSkipValueOnNull;com.google.gson.internal.bind.JsonTreeReaderTest#testSkipValueOnPrimitive;com.google.gson.internal.bind.JsonTreeReaderTest#testSkipValueOnNull,True,82.35,82.22,20.1,,
deepseek,Gson,13,com.google.gson.stream.JsonReader,True,1,SUCCESS,SUCCESS,25,1,25,1,,False,60.56,48.77,19.7,,
deepseek,Gson,17,com.google.gson.DefaultDateTypeAdapter,True,1,COMPILE_FAIL,,,,,,,False,,,9.7,TEST_COMPILE_FAIL,"  constructor DefaultDateTypeAdapter.DefaultDateTypeAdapter(Class<? extends Date>,DateFormat,DateFormat) is not applicable       (argument mismatch; int cannot be converted to Class<? extends Date>) Note: Some messages have been simplified; recompile with -Xdiags:verbose to get full output 3 errors "
deepseek,Gson,15,com.google.gson.stream.JsonWriter,True,1,SUCCESS,SUCCESS,46,18,46,18,,False,80.81,69.79,20.1,,
deepseek,Gson,18,com.google.gson.internal.$Gson$Types,True,1,COMPILE_FAIL,,,,,,,False,,,9.6,TEST_COMPILE_FAIL,"seek/TestCode/Gson_18b/$Gson$TypesTest.java:494: error: cannot find symbol         Type subType = new TypeToken<ArrayList<T>>(){}.getType(); // This won't compile directly, use reflection                                                ^   symbol:   class T   location: class $Gson$TypesTest 6 errors "
deepseek,Gson,4,com.google.gson.stream.JsonReader;com.google.gson.stream.JsonWriter,False,1,COMPILE_FAIL,,,,,,,False,,,9.5,TEST_COMPILE_FAIL, cannot find symbol         reader = new JsonReader();                      ^   symbol:   class JsonReader   location: class JsonReaderTest Note: /workspace/deepseek/TestCode/Gson_4b/JsonReaderTest.java uses unchecked or unsafe operations. Note: Recompile with -Xlint:unchecked for details. 7 errors 
deepseek,Gson,5,com.google.gson.internal.bind.util.ISO8601Utils,False,1,COMPILE_FAIL,,,,,,,False,,,10.5,TEST_COMPILE_FAIL,SO8601Utils   location: class ISO8601UtilsTest /workspace/deepseek/TestCode/Gson_5b/ISO8601UtilsTest.java:809: error: cannot find symbol             ISO8601Utils.format(new Date(base.getTime() + i * 1000));             ^   symbol:   variable ISO8601Utils   location: class ISO8601UtilsTest 90 errors 
deepseek,Gson,6,com.google.gson.internal.bind.JsonAdapterAnnotationTypeAdapterFactory,True,1,COMPILE_FAIL,,,,,,,False,,,10.4,TEST_COMPILE_FAIL,"tions);                    ^   required: Gson,TypeToken<T>   found: Gson,<null>,Annotation[]   reason: cannot infer type-variable(s) T     (actual and formal argument lists differ in length)   where T is a type-variable:     T extends Object declared in method <T>create(Gson,TypeToken<T>) 12 errors "
deepseek,Gson,7,com.google.gson.stream.JsonReader,True,1,COMPILE_FAIL,,,,,,,False,,,10.5,TEST_COMPILE_FAIL,"ble reader of type JsonReader /workspace/deepseek/TestCode/Gson_7b/JsonReaderTest.java:178: error: cannot find symbol         assertEquals(""key"", reader.getCurrentName());                                   ^   symbol:   method getCurrentName()   location: variable reader of type JsonReader 3 errors "
deepseek,Gson,2,com.google.gson.internal.bind.TypeAdapters,False,1,SUCCESS,SUCCESS,1,0,1,0,,False,0.0,0.0,18.6,,
deepseek,Gson,3,com.google.gson.internal.ConstructorConstructor,False,1,SUCCESS,SUCCESS,13,4,13,4,,False,76.6,72.22,20.1,,
deepseek,Gson,8,com.google.gson.internal.UnsafeAllocator,False,1,COMPILE_FAIL,,,,,,,False,,,10.0,TEST_COMPILE_FAIL,torTest /workspace/deepseek/TestCode/Gson_8b/UnsafeAllocatorTest.java:123: error: cannot find symbol         Object instance = UnsafeAllocator.create(SubClassWithSuperConstructor.class);                           ^   symbol:   variable UnsafeAllocator   location: class UnsafeAllocatorTest 16 errors 
deepseek,JacksonCore,10,com.fasterxml.jackson.core.sym.ByteQuadsCanonicalizer,True,1,COMPILE_FAIL,,,,,,,False,,,9.6,TEST_COMPILE_FAIL,"eQuadsCanonicalizerTest.java:260: error: incompatible types: String cannot be converted to int         int[] found = child.findName(name, quads, quads.length);                                      ^ Note: Some messages have been simplified; recompile with -Xdiags:verbose to get full output 4 errors "
deepseek,JacksonCore,11,com.fasterxml.jackson.core.sym.ByteQuadsCanonicalizer,True,1,COMPILE_FAIL,,,,,,,False,,,9.6,TEST_COMPILE_FAIL,"   (argument mismatch; byte[] cannot be converted to int)     method ByteQuadsCanonicalizer.addName(String,int[],int) is not applicable       (argument mismatch; byte[] cannot be converted to int[]) Note: Some messages have been simplified; recompile with -Xdiags:verbose to get full output 7 errors "
deepseek,JacksonCore,13,com.fasterxml.jackson.core.json.JsonGeneratorImpl,True,1,COMPILE_FAIL,,,,,,,False,,,10.2,TEST_COMPILE_FAIL,stCode/JacksonCore_13b/JsonGeneratorImplTest.java:44: error: reference to writeFieldName is ambiguous             generator.writeFieldName(null);                      ^   both method writeFieldName(String) in JsonGenerator and method writeFieldName(SerializableString) in JsonGenerator match 1 error 
deepseek,JacksonCore,14,com.fasterxml.jackson.core.io.IOContext,True,1,COMPILE_FAIL,,,,,,,False,,,10.4,TEST_COMPILE_FAIL,Test.java:313: error: cannot find symbol             context.releaseReadBuffer(buf);                    ^   symbol:   method releaseReadBuffer(byte[])   location: variable context of type IOContext Note: Some messages have been simplified; recompile with -Xdiags:verbose to get full output 37 errors 
deepseek,Gson,9,com.google.gson.internal.bind.JsonTreeWriter;com.google.gson.internal.bind.TypeAdapters;com.google.gson.stream.JsonWriter,False,1,SUCCESS,SUCCESS,43,2,43,3,com.google.gson.internal.bind.JsonTreeWriterTest#testNullBooleanAtRoot,True,33.38,19.71,20.2,,
deepseek,JacksonCore,16,com.fasterxml.jackson.core.util.JsonParserSequence,True,1,COMPILE_FAIL,,,,,,,False,,,10.3,TEST_COMPILE_FAIL,tructor JsonParserSequence in class JsonParserSequence cannot be applied to given types;         JsonParserSequence seq = new JsonParserSequence();                                  ^   required: JsonParser[]   found: no arguments   reason: actual and formal argument lists differ in length 25 errors 
deepseek,JacksonCore,12,com.fasterxml.jackson.core.json.ReaderBasedJsonParser;com.fasterxml.jackson.core.json.UTF8StreamJsonParser,True,1,SUCCESS,SUCCESS,66,10,66,10,,False,13.29,11.99,20.7,,
deepseek,JacksonCore,17,com.fasterxml.jackson.core.json.UTF8JsonGenerator,True,1,COMPILE_FAIL,,,,,,,False,,,9.9,TEST_COMPILE_FAIL,"onCore_17b/UTF8JsonGeneratorTest.java:611: error: method toString in class Object cannot be applied to given types;         String output = os.toString(""UTF-8"");                           ^   required: no arguments   found: String   reason: actual and formal argument lists differ in length 4 errors "
deepseek,JacksonCore,15,com.fasterxml.jackson.core.filter.FilteringParserDelegate,True,1,SUCCESS,SUCCESS,23,19,23,18,,False,38.89,36.43,20.1,,
deepseek,JacksonCore,20,com.fasterxml.jackson.core.JsonGenerator,True,1,COMPILE_FAIL,,,,,,,False,,,10.0,TEST_COMPILE_FAIL,        _wrapIOException(e);             ^   symbol:   method _wrapIOException(IOException)   location: class TestJsonGenerator Note: /workspace/deepseek/TestCode/JacksonCore_20b/JsonGeneratorTest.java uses unchecked or unsafe operations. Note: Recompile with -Xlint:unchecked for details. 51 errors 
deepseek,JacksonCore,18,com.fasterxml.jackson.core.base.GeneratorBase;com.fasterxml.jackson.core.json.UTF8JsonGenerator;com.fasterxml.jackson.core.json.WriterBasedJsonGenerator,True,1,SUCCESS,SUCCESS,12,2,12,2,,False,9.86,6.93,19.5,,
deepseek,JacksonCore,22,com.fasterxml.jackson.core.filter.FilteringParserDelegate,True,1,COMPILE_FAIL,,,,,,,False,,,10.1,TEST_COMPILE_FAIL,t.java:91: error: method does not override or implement a method from a supertype         @Override         ^ /workspace/deepseek/TestCode/JacksonCore_22b/FilteringParserDelegateTest.java:96: error: method does not override or implement a method from a supertype         @Override         ^ 7 errors 
deepseek,JacksonCore,19,com.fasterxml.jackson.core.json.ReaderBasedJsonParser;com.fasterxml.jackson.core.json.UTF8StreamJsonParser,True,1,SUCCESS,SUCCESS,53,6,53,6,,False,13.59,11.91,19.6,,
deepseek,JacksonCore,23,com.fasterxml.jackson.core.util.DefaultPrettyPrinter,True,1,COMPILE_FAIL,,,,,,,False,,,9.5,TEST_COMPILE_FAIL,DefaultPrettyPrinter /workspace/deepseek/TestCode/JacksonCore_23b/DefaultPrettyPrinterTest.java:517: error: cannot find symbol         assertNull(copy.getArrayIndenter());                        ^   symbol:   method getArrayIndenter()   location: variable copy of type DefaultPrettyPrinter 51 errors 
deepseek,JacksonCore,21,com.fasterxml.jackson.core.filter.FilteringParserDelegate,True,1,SUCCESS,SUCCESS,15,5,15,5,,False,47.67,40.22,20.0,,
deepseek,JacksonCore,26,com.fasterxml.jackson.core.json.async.NonBlockingJsonParser,True,1,COMPILE_FAIL,,,,,,,False,,,9.5,TEST_COMPILE_FAIL,"             ^     method JsonReadContext.createRootContext(int,int,DupDetector) is not applicable       (actual and formal argument lists differ in length)     method JsonReadContext.createRootContext(DupDetector) is not applicable       (actual and formal argument lists differ in length) 2 errors "
deepseek,JacksonCore,2,com.fasterxml.jackson.core.json.ReaderBasedJsonParser;com.fasterxml.jackson.core.json.UTF8StreamJsonParser,False,1,COMPILE_FAIL,,,,,,,False,,,9.8,TEST_COMPILE_FAIL,arse(reader);               ^   symbol:   method parse(Reader)   location: variable parser of type ReaderBasedJsonParser Note: /workspace/deepseek/TestCode/JacksonCore_2b/ReaderBasedJsonParserTest.java uses unchecked or unsafe operations. Note: Recompile with -Xlint:unchecked for details. 62 errors 
deepseek,JacksonCore,3,com.fasterxml.jackson.core.json.UTF8StreamJsonParser,False,1,COMPILE_FAIL,,,,,,,False,,,9.9,TEST_COMPILE_FAIL,".java:251: error: incompatible types: JsonParser cannot be converted to JsonToken         assertToken(JsonToken.END_ARRAY, p.skipChildren());                                                        ^ Note: Some messages have been simplified; recompile with -Xdiags:verbose to get full output 2 errors "
deepseek,JacksonCore,24,com.fasterxml.jackson.core.base.ParserBase;com.fasterxml.jackson.core.base.ParserMinimalBase,True,1,SUCCESS,SUCCESS,56,9,56,6,,False,29.89,19.46,19.3,,
deepseek,JacksonCore,4,com.fasterxml.jackson.core.util.TextBuffer,False,1,COMPILE_FAIL,,,,,,,False,,,9.7,TEST_COMPILE_FAIL,             ^   symbol:   class TextBuffer   location: class TextBufferTest /workspace/deepseek/TestCode/JacksonCore_4b/TextBufferTest.java:20: error: cannot find symbol         buffer = new TextBuffer();                      ^   symbol:   class TextBuffer   location: class TextBufferTest 2 errors 
deepseek,JacksonCore,5,com.fasterxml.jackson.core.JsonPointer,False,1,COMPILE_FAIL,,,,,,,False,,,9.8,TEST_COMPILE_FAIL," location: variable p2 of type JsonPointer /workspace/deepseek/TestCode/JacksonCore_5b/JsonPointerTest.java:405: error: cannot find symbol         assertEquals(""/c"", p3.last().toString());                              ^   symbol:   method last()   location: variable p3 of type JsonPointer 17 errors "
deepseek,JacksonCore,25,com.fasterxml.jackson.core.json.ReaderBasedJsonParser,True,1,SUCCESS,SUCCESS,39,7,39,7,,False,26.44,22.05,19.7,,
deepseek,JacksonCore,6,com.fasterxml.jackson.core.JsonPointer,True,1,COMPILE_FAIL,,,,,,,False,,,9.6,TEST_COMPILE_FAIL,t.java:409: error: incompatible types: JsonPointer cannot be converted to boolean         assertFalse(simplePropertyPointer.matchElement(0));                                                       ^ Note: Some messages have been simplified; recompile with -Xdiags:verbose to get full output 18 errors 
deepseek,JacksonCore,7,com.fasterxml.jackson.core.json.JsonWriteContext,True,1,COMPILE_FAIL,,,,,,,False,,,9.6,TEST_COMPILE_FAIL,                               ^ Note: /workspace/deepseek/TestCode/JacksonCore_7b/JsonWriteContextTest.java uses or overrides a deprecated API. Note: Recompile with -Xlint:deprecation for details. Note: Some messages have been simplified; recompile with -Xdiags:verbose to get full output 31 errors 
deepseek,JacksonCore,8,com.fasterxml.jackson.core.util.TextBuffer,False,1,COMPILE_FAIL,,,,,,,False,,,9.5,TEST_COMPILE_FAIL,         ^   symbol:   class TextBuffer   location: class TextBufferTest /workspace/deepseek/TestCode/JacksonCore_8b/TextBufferTest.java:32: error: cannot find symbol         buffer = new TextBuffer(null);                      ^   symbol:   class TextBuffer   location: class TextBufferTest 4 errors 
deepseek,JacksonCore,9,com.fasterxml.jackson.core.base.ParserMinimalBase;com.fasterxml.jackson.core.json.ReaderBasedJsonParser;com.fasterxml.jackson.core.json.UTF8StreamJsonParser,False,1,COMPILE_FAIL,,,,,,,False,,,9.3,TEST_COMPILE_FAIL,imalBase   location: class ParserMinimalBaseTest /workspace/deepseek/TestCode/JacksonCore_9b/ParserMinimalBaseTest.java:15: error: cannot find symbol         parser = new ParserMinimalBase();                      ^   symbol:   class ParserMinimalBase   location: class ParserMinimalBaseTest 2 errors 
deepseek,JacksonDatabind,102,com.fasterxml.jackson.databind.ser.std.DateTimeSerializerBase,True,1,COMPILE_FAIL,,,,,,,False,,,11.5,TEST_COMPILE_FAIL,verride(Date.class).setSerializer(stringSerializer);                                                ^   symbol:   method setSerializer(TestDateTimeSerializer)   location: class MutableConfigOverride Note: Some messages have been simplified; recompile with -Xdiags:verbose to get full output 4 errors 
deepseek,JacksonDatabind,103,com.fasterxml.jackson.databind.DatabindContext;com.fasterxml.jackson.databind.DeserializationContext;com.fasterxml.jackson.databind.JsonMappingException;com.fasterxml.jackson.databind.SerializerProvider;com.fasterxml.jackson.databind.deser.BasicDeserializerFactory;com.fasterxml.jackson.databind.deser.BeanDeserializerFactory;com.fasterxml.jackson.databind.deser.DeserializerCache;com.fasterxml.jackson.databind.deser.SettableAnyProperty;com.fasterxml.jackson.databind.deser.SettableBeanProperty;com.fasterxml.jackson.databind.deser.std.StdDeserializer;com.fasterxml.jackson.databind.deser.std.StdKeyDeserializer;com.fasterxml.jackson.databind.deser.std.StdValueInstantiator;com.fasterxml.jackson.databind.introspect.BasicBeanDescription;com.fasterxml.jackson.databind.ser.DefaultSerializerProvider;com.fasterxml.jackson.databind.ser.PropertyBuilder;com.fasterxml.jackson.databind.util.ClassUtil,True,1,COMPILE_FAIL,,,,,,,False,,,12.1,TEST_COMPILE_FAIL,t.java:422: error: method does not override or implement a method from a supertype         @Override         ^ /workspace/deepseek/TestCode/JacksonDatabind_103b/DatabindContextTest.java:427: error: method does not override or implement a method from a supertype         @Override         ^ 26 errors 
deepseek,JacksonDatabind,104,com.fasterxml.jackson.databind.util.StdDateFormat,True,1,COMPILE_FAIL,,,,,,,False,,,11.7,TEST_COMPILE_FAIL,ace/deepseek/TestCode/JacksonDatabind_104b/StdDateFormatTest.java:359: error: cannot find symbol         DateFormat clone2 = stdDateFormat.getDateFormat();                                          ^   symbol:   method getDateFormat()   location: variable stdDateFormat of type StdDateFormat 5 errors 
deepseek,JacksonDatabind,105,com.fasterxml.jackson.databind.deser.std.JdkDeserializers,True,1,COMPILE_FAIL,,,,,,,False,,,11.9,TEST_COMPILE_FAIL," error: cannot find symbol         JsonDeserializer<?> deser2 = deserializers.findDeserializer(config, type);                                                   ^   symbol:   method findDeserializer(DeserializationConfig,JavaType)   location: variable deserializers of type JdkDeserializers 31 errors "
deepseek,JacksonDatabind,100,com.fasterxml.jackson.databind.node.TreeTraversingParser,True,1,SUCCESS,SUCCESS,16,5,16,5,,False,39.83,37.66,25.1,,
deepseek,JacksonDatabind,106,com.fasterxml.jackson.databind.node.TreeTraversingParser,True,1,COMPILE_FAIL,,,,,,,False,,,11.8,TEST_COMPILE_FAIL,                     ^ Note: /workspace/deepseek/TestCode/JacksonDatabind_106b/TreeTraversingParserTest.java uses or overrides a deprecated API. Note: Recompile with -Xlint:deprecation for details. Note: Some messages have been simplified; recompile with -Xdiags:verbose to get full output 61 errors 
deepseek,JacksonDatabind,101,com.fasterxml.jackson.databind.deser.BeanDeserializer,True,1,SUCCESS,SUCCESS,19,0,19,0,,False,13.61,13.55,26.1,,
deepseek,JacksonDatabind,107,com.fasterxml.jackson.databind.jsontype.impl.TypeDeserializerBase,True,1,COMPILE_FAIL,,,,,,,False,,,11.4,TEST_COMPILE_FAIL,precation for details. Note: /workspace/deepseek/TestCode/JacksonDatabind_107b/TypeDeserializerBaseTest.java uses unchecked or unsafe operations. Note: Recompile with -Xlint:unchecked for details. Note: Some messages have been simplified; recompile with -Xdiags:verbose to get full output 100 errors 
deepseek,JacksonDatabind,108,com.fasterxml.jackson.databind.ObjectReader,True,1,COMPILE_FAIL,,,,,,,False,,,11.8,TEST_COMPILE_FAIL,T#12 extends Object declared in method <T#12>readValue(URL)     T#13 extends Object declared in method <T#13>readValue(JsonNode)     T#14 extends Object declared in method <T#14>readValue(DataInput) Note: Some messages have been simplified; recompile with -Xdiags:verbose to get full output 8 errors 
deepseek,JacksonDatabind,109,com.fasterxml.jackson.databind.ser.std.NumberSerializer;com.fasterxml.jackson.databind.ser.std.NumberSerializers,True,1,COMPILE_FAIL,,,,,,,False,,,11.1,TEST_COMPILE_FAIL,31: error: incompatible types: JsonSerializer<Object> cannot be converted to NumberSerializer         serializer = (NumberSerializer) mapper.getSerializerProvider().findValueSerializer(Number.class);                                                                                           ^ 1 error 
deepseek,JacksonDatabind,111,com.fasterxml.jackson.databind.deser.CreatorProperty;com.fasterxml.jackson.databind.deser.impl.FieldProperty;com.fasterxml.jackson.databind.deser.impl.MethodProperty;com.fasterxml.jackson.databind.deser.impl.ObjectIdReferenceProperty;com.fasterxml.jackson.databind.deser.impl.ObjectIdValueProperty;com.fasterxml.jackson.databind.deser.impl.SetterlessProperty;com.fasterxml.jackson.databind.deser.std.AtomicReferenceDeserializer,True,1,COMPILE_FAIL,,,,,,,False,,,11.2,TEST_COMPILE_FAIL, differ in length) /workspace/deepseek/TestCode/JacksonDatabind_111b/CreatorPropertyTest.java:394: error: method does not override or implement a method from a supertype         @Override         ^ Note: Some messages have been simplified; recompile with -Xdiags:verbose to get full output 16 errors 
deepseek,JacksonDatabind,110,com.fasterxml.jackson.databind.deser.impl.JavaUtilCollectionsDeserializers,True,1,COMPILE_FAIL,,,,,,,False,,,11.3,TEST_COMPILE_FAIL,"erationException.class, () -> result.add(0));         ^   symbol:   method assertThrows(Class<UnsupportedOperationException>,()->result.add(0))   location: class JavaUtilCollectionsDeserializersTest Note: Some messages have been simplified; recompile with -Xdiags:verbose to get full output 9 errors "
deepseek,JacksonDatabind,11,com.fasterxml.jackson.databind.type.TypeFactory,True,1,COMPILE_FAIL,,,,,,,False,,,10.9,TEST_COMPILE_FAIL,   symbol:   class JavaType   location: class TypeFactoryTest /workspace/deepseek/TestCode/JacksonDatabind_11b/TypeFactoryTest.java:718: error: cannot find symbol         JavaType type = tf.constructType(String.class);         ^   symbol:   class JavaType   location: class TypeFactoryTest 79 errors 
deepseek,JacksonDatabind,12,com.fasterxml.jackson.databind.deser.std.MapDeserializer,True,1,COMPILE_FAIL,,,,,,,False,,,11.2,TEST_COMPILE_FAIL,"is not applicable       (actual and formal argument lists differ in length)     constructor MapDeserializer.MapDeserializer(MapDeserializer,KeyDeserializer,JsonDeserializer<Object>,TypeDeserializer,HashSet<String>) is not applicable       (actual and formal argument lists differ in length) 2 errors "
deepseek,JacksonDatabind,13,com.fasterxml.jackson.databind.deser.DefaultDeserializationContext;com.fasterxml.jackson.databind.deser.impl.ObjectIdValueProperty,True,1,COMPILE_FAIL,,,,,,,False,,,11.0,TEST_COMPILE_FAIL,/workspace/deepseek/TestCode/JacksonDatabind_13b/DefaultDeserializationContextTest.java:246: error: cannot find symbol         assertNotNull(created.getCache());                              ^   symbol:   method getCache()   location: variable created of type DefaultDeserializationContext 16 errors 
deepseek,JacksonDatabind,10,com.fasterxml.jackson.databind.ser.AnyGetterWriter;com.fasterxml.jackson.databind.ser.BeanSerializerFactory,True,1,SUCCESS,SUCCESS,9,2,9,2,,False,41.75,25.0,23.7,,
deepseek,JacksonDatabind,14,com.fasterxml.jackson.databind.ObjectReader,True,1,COMPILE_FAIL,,,,,,,False,,,11.8,TEST_COMPILE_FAIL,    T#11 extends Object declared in method <T#11>readValue(File)     T#12 extends Object declared in method <T#12>readValue(URL)     T#13 extends Object declared in method <T#13>readValue(JsonNode) Note: Some messages have been simplified; recompile with -Xdiags:verbose to get full output 66 errors 
deepseek,JacksonDatabind,15,com.fasterxml.jackson.databind.JavaType;com.fasterxml.jackson.databind.ser.BeanSerializerFactory;com.fasterxml.jackson.databind.ser.std.BeanSerializerBase;com.fasterxml.jackson.databind.ser.std.StdDelegatingSerializer;com.fasterxml.jackson.databind.ser.std.StdSerializer,True,1,COMPILE_FAIL,,,,,,,False,,,11.3,TEST_COMPILE_FAIL, location: variable type of type JavaType /workspace/deepseek/TestCode/JacksonDatabind_15b/JavaTypeTest.java:1410: error: cannot find symbol         type._contentValueHandler = new Object();             ^   symbol:   variable _contentValueHandler   location: variable type of type JavaType 73 errors 
deepseek,JacksonDatabind,16,com.fasterxml.jackson.databind.introspect.AnnotationMap,True,1,COMPILE_FAIL,,,,,,,False,,,11.1,TEST_COMPILE_FAIL,"nnotation> cannot be converted to HashMap<Class<? extends Annotation>,Annotation>         AnnotationMap mapWithMap = new AnnotationMap(initial);                                                      ^ Note: Some messages have been simplified; recompile with -Xdiags:verbose to get full output 1 error "
deepseek,JacksonDatabind,112,com.fasterxml.jackson.databind.deser.std.StringCollectionDeserializer,True,1,SUCCESS,SUCCESS,29,2,29,2,,False,64.44,48.33,25.5,,
deepseek,JacksonDatabind,17,com.fasterxml.jackson.databind.ObjectMapper,True,1,COMPILE_FAIL,,,,,,,False,,,11.1,TEST_COMPILE_FAIL,".get(""one""));         ^   both method assertEquals(long,long) in Assert and method assertEquals(Object,Object) in Assert match Note: /workspace/deepseek/TestCode/JacksonDatabind_17b/ObjectMapperTest.java uses unchecked or unsafe operations. Note: Recompile with -Xlint:unchecked for details. 1 error "
deepseek,JacksonDatabind,18,com.fasterxml.jackson.databind.MappingIterator,True,1,COMPILE_FAIL,,,,,,,False,,,10.9,TEST_COMPILE_FAIL,"terator<Integer> it = new MappingIterator<>(Integer.class, parser,                                       ^   reason: cannot infer type-variable(s) T     (actual and formal argument lists differ in length)   where T is a type-variable:     T extends Object declared in class MappingIterator 17 errors "
deepseek,JacksonDatabind,19,com.fasterxml.jackson.databind.type.TypeFactory,True,1,COMPILE_FAIL,,,,,,,False,,,10.8,TEST_COMPILE_FAIL,                       ^   symbol:   method constructFromCanonicalString(String)   location: variable tf of type TypeFactory Note: /workspace/deepseek/TestCode/JacksonDatabind_19b/TypeFactoryTest.java uses or overrides a deprecated API. Note: Recompile with -Xlint:deprecation for details. 35 errors 
deepseek,JacksonDatabind,20,com.fasterxml.jackson.databind.node.ObjectNode,True,1,COMPILE_FAIL,,,,,,,False,,,11.0,TEST_COMPILE_FAIL,;                               ^ Note: /workspace/deepseek/TestCode/JacksonDatabind_20b/ObjectNodeTest.java uses or overrides a deprecated API. Note: Recompile with -Xlint:deprecation for details. Note: Some messages have been simplified; recompile with -Xdiags:verbose to get full output 14 errors 
deepseek,JacksonDatabind,21,com.fasterxml.jackson.databind.introspect.JacksonAnnotationIntrospector,True,1,COMPILE_FAIL,,,,,,,False,,,9.9,TEST_COMPILE_FAIL,/workspace/deepseek/TestCode/JacksonDatabind_21b/JacksonAnnotationIntrospectorTest.java:301: error: enum types must not be local         enum MyEnum {         ^ 1 error 
deepseek,JacksonDatabind,22,com.fasterxml.jackson.databind.ser.BasicSerializerFactory;com.fasterxml.jackson.databind.ser.BeanSerializerFactory,True,1,COMPILE_FAIL,,,,,,,False,,,11.0,TEST_COMPILE_FAIL,     ^ /workspace/deepseek/TestCode/JacksonDatabind_22b/BasicSerializerFactoryTest.java:284: error: BasicSerializerFactory is abstract; cannot be instantiated         BasicSerializerFactory customFactory = new BasicSerializerFactory(config);                                                ^ 2 errors 
deepseek,JacksonDatabind,23,com.fasterxml.jackson.databind.ser.std.NumberSerializers,True,1,COMPILE_FAIL,,,,,,,False,,,11.5,TEST_COMPILE_FAIL,"erializersTest.java:178: error: cannot find symbol         JsonSerializer<?> ser = serializers.findSerializer(prov, type);                                            ^   symbol:   method findSerializer(SerializerProvider,JavaType)   location: variable serializers of type NumberSerializers 13 errors "
deepseek,JacksonDatabind,24,com.fasterxml.jackson.databind.cfg.BaseSettings,True,1,COMPILE_FAIL,,,,,,,False,,,11.6,TEST_COMPILE_FAIL,"t.java:323: error: cannot find symbol         assertEquals(""AppName should be preserved"", ""preserveTest6"", withPNS.getAppName());                                                                             ^   symbol:   method getAppName()   location: variable withPNS of type BaseSettings 68 errors "
deepseek,JacksonDatabind,26,com.fasterxml.jackson.databind.ser.BeanPropertyWriter,True,1,COMPILE_FAIL,,,,,,,False,,,10.4,TEST_COMPILE_FAIL,"abind_26b/BeanPropertyWriterTest.java:2: error: class, interface, or enum expected package com.fasterxml.jackson.databind.ser; ^ /workspace/deepseek/TestCode/JacksonDatabind_26b/BeanPropertyWriterTest.java:247: error: reached end of file while parsing             public                   ^ 5 errors "
deepseek,JacksonDatabind,27,com.fasterxml.jackson.databind.deser.BeanDeserializer,True,1,COMPILE_FAIL,,,,,,,False,,,12.0,TEST_COMPILE_FAIL,:   class JsonUnwrapped   location: class ContainerWithUnwrappedAndExtra /workspace/deepseek/TestCode/JacksonDatabind_27b/BeanDeserializerTest.java:49: error: cannot find symbol         @JsonUnwrapped          ^   symbol:   class JsonUnwrapped   location: class ContainerWithNestedUnwrapped 4 errors 
deepseek,JacksonDatabind,28,com.fasterxml.jackson.databind.deser.std.JsonNodeDeserializer,True,1,COMPILE_FAIL,,,,,,,False,,,12.9,TEST_COMPILE_FAIL,/workspace/deepseek/TestCode/JacksonDatabind_28b/JsonNodeDeserializerTest.java:18: error: instance has private access in JsonNodeDeserializer         deserializer = JsonNodeDeserializer.instance;                                            ^ 1 error 
deepseek,JacksonDatabind,2,com.fasterxml.jackson.databind.util.TokenBuffer,False,1,COMPILE_FAIL,,,,,,,False,,,13.3,TEST_COMPILE_FAIL,lass TokenBuffer   location: class TokenBufferTest /workspace/deepseek/TestCode/JacksonDatabind_2b/TokenBufferTest.java:249: error: cannot find symbol         TokenBuffer b2 = new TokenBuffer();                              ^   symbol:   class TokenBuffer   location: class TokenBufferTest 10 errors 
deepseek,JacksonDatabind,29,com.fasterxml.jackson.databind.deser.impl.ExternalTypeHandler,True,1,COMPILE_FAIL,,,,,,,False,,,13.8,TEST_COMPILE_FAIL,"d = started.handleProperty(p, ctxt);                                  ^   symbol:   method handleProperty(JsonParser,DeserializationContext)   location: variable started of type ExternalTypeHandler Note: Some messages have been simplified; recompile with -Xdiags:verbose to get full output 33 errors "
deepseek,JacksonDatabind,30,com.fasterxml.jackson.databind.ObjectMapper;com.fasterxml.jackson.databind.util.TokenBuffer,True,1,COMPILE_FAIL,,,,,,,False,,,14.1,TEST_COMPILE_FAIL,                                     ^   symbol:   variable CAMEL_CASE_TO_SNAKE_CASE   location: class PropertyNamingStrategy Note: /workspace/deepseek/TestCode/JacksonDatabind_30b/ObjectMapperTest.java uses or overrides a deprecated API. Note: Recompile with -Xlint:deprecation for details. 1 error 
deepseek,JacksonDatabind,25,com.fasterxml.jackson.databind.deser.BasicDeserializerFactory;com.fasterxml.jackson.databind.deser.DeserializerCache;com.fasterxml.jackson.databind.jsontype.impl.TypeDeserializerBase;com.fasterxml.jackson.databind.module.SimpleAbstractTypeResolver,True,1,SUCCESS,SUCCESS,11,1,11,1,,False,31.75,22.08,27.7,,
deepseek,JacksonDatabind,33,com.fasterxml.jackson.databind.introspect.JacksonAnnotationIntrospector,True,1,COMPILE_FAIL,,,,,,,False,,,12.7,TEST_COMPILE_FAIL,"(""findDeserializationType(null) should return null"", introspector.findDeserializationType(null));                                                                                    ^   required: Annotated,JavaType   found: <null>   reason: actual and formal argument lists differ in length 15 errors "
deepseek,JacksonDatabind,34,com.fasterxml.jackson.databind.ser.std.NumberSerializer,True,1,COMPILE_FAIL,,,,,,,False,,,12.7,TEST_COMPILE_FAIL,.java:31: error: constructor NumberSerializer in class NumberSerializer cannot be applied to given types;         serializer = new NumberSerializer();                      ^   required: Class<? extends Number>   found: no arguments   reason: actual and formal argument lists differ in length 1 error 
deepseek,JacksonDatabind,35,com.fasterxml.jackson.databind.jsontype.impl.AsWrapperTypeDeserializer,True,1,COMPILE_FAIL,,,,,,,False,,,12.6,TEST_COMPILE_FAIL,able config of type DeserializationConfig /workspace/deepseek/TestCode/JacksonDatabind_35b/AsWrapperTypeDeserializerTest.java:175: error: cannot find symbol         JsonParser parser = buffer.asParser();         ^   symbol:   class JsonParser   location: class AsWrapperTypeDeserializerTest 3 errors 
deepseek,JacksonDatabind,31,com.fasterxml.jackson.databind.util.TokenBuffer,True,1,SUCCESS,SUCCESS,35,4,35,4,,False,37.46,26.29,28.1,,
deepseek,JacksonDatabind,32,com.fasterxml.jackson.databind.deser.std.UntypedObjectDeserializer,True,1,SUCCESS,SUCCESS,28,6,28,6,,False,28.52,21.92,26.8,,
deepseek,JacksonDatabind,37,com.fasterxml.jackson.databind.type.SimpleType,True,1,COMPILE_FAIL,,,,,,,False,,,11.7,TEST_COMPILE_FAIL, variable stringType of type SimpleType /workspace/deepseek/TestCode/JacksonDatabind_37b/SimpleTypeTest.java:472: error: cannot find symbol             stringType.narrowBy(null);                       ^   symbol:   method narrowBy(<null>)   location: variable stringType of type SimpleType 46 errors 
deepseek,JacksonDatabind,38,com.fasterxml.jackson.databind.type.CollectionType;com.fasterxml.jackson.databind.type.MapType;com.fasterxml.jackson.databind.type.SimpleType,True,1,COMPILE_FAIL,,,,,,,False,,,11.5,TEST_COMPILE_FAIL,t.forceOutput());                       ^   symbol:   method forceOutput()   location: variable ct of type CollectionType Note: /workspace/deepseek/TestCode/JacksonDatabind_38b/CollectionTypeTest.java uses or overrides a deprecated API. Note: Recompile with -Xlint:deprecation for details. 26 errors 
deepseek,JacksonDatabind,39,com.fasterxml.jackson.databind.deser.std.NullifyingDeserializer,True,1,COMPILE_FAIL,,,,,,,False,,,11.1,TEST_COMPILE_FAIL,                                ^   symbol:   method currentToken()   location: variable parser of type JsonParser Note: /workspace/deepseek/TestCode/JacksonDatabind_39b/NullifyingDeserializerTest.java uses or overrides a deprecated API. Note: Recompile with -Xlint:deprecation for details. 2 errors 
deepseek,JacksonDatabind,36,com.fasterxml.jackson.databind.util.StdDateFormat,True,1,SUCCESS,SUCCESS,39,11,39,13,com.fasterxml.jackson.databind.util.StdDateFormatTest#testSetLenientFalse;com.fasterxml.jackson.databind.util.StdDateFormatTest#testSetLenientTrue,True,65.83,47.01,24.8,,
deepseek,JacksonDatabind,40,com.fasterxml.jackson.databind.deser.std.NumberDeserializers,True,1,COMPILE_FAIL,,,,,,,False,,,11.3,TEST_COMPILE_FAIL,"lt = deser.deserialize(p, mapperWithFeature.getDeserializationContext());                                          ^ Note: /workspace/deepseek/TestCode/JacksonDatabind_40b/NumberDeserializersTest.java uses or overrides a deprecated API. Note: Recompile with -Xlint:deprecation for details. 10 errors "
deepseek,JacksonDatabind,42,com.fasterxml.jackson.databind.deser.std.FromStringDeserializer,True,1,COMPILE_FAIL,,,,,,,False,,,11.2,TEST_COMPILE_FAIL,"StringDeserializerTest.java:112: error: unreported exception JsonMappingException; must be caught or declared to be thrown         assertNull(""getNullValue should return null"", deserializer.getNullValue(ctxt));                                                                                ^ 1 error "
deepseek,JacksonDatabind,41,com.fasterxml.jackson.databind.type.TypeFactory,True,1,COMPILE_FAIL,,,,,,,False,,,11.5,TEST_COMPILE_FAIL,onDatabind_41b/TypeFactoryTest.java:642: error: cannot find symbol         TypeVariable<?> tv = gd.getTypeParameters()[0];         ^   symbol:   class TypeVariable   location: class TypeFactoryTest Note: Some messages have been simplified; recompile with -Xdiags:verbose to get full output 27 errors 
deepseek,JacksonDatabind,43,com.fasterxml.jackson.databind.deser.impl.ObjectIdValueProperty,True,1,COMPILE_FAIL,,,,,,,False,,,11.3,TEST_COMPILE_FAIL,ectIdValuePropertyTest.java uses or overrides a deprecated API. Note: Recompile with -Xlint:deprecation for details. Note: /workspace/deepseek/TestCode/JacksonDatabind_43b/ObjectIdValuePropertyTest.java uses unchecked or unsafe operations. Note: Recompile with -Xlint:unchecked for details. 6 errors 
deepseek,JacksonDatabind,44,com.fasterxml.jackson.databind.type.SimpleType,True,1,COMPILE_FAIL,,,,,,,False,,,11.6,TEST_COMPILE_FAIL,"e/JacksonDatabind_44b/SimpleTypeTest.java:231: error: cannot find symbol         JavaType map2 = typeFactory.constructParametricType(Map.class, String.class, Integer.class);                                                             ^   symbol:   class Map   location: class SimpleTypeTest 9 errors "
deepseek,JacksonDatabind,3,com.fasterxml.jackson.databind.deser.std.StringArrayDeserializer,False,1,SUCCESS,SUCCESS,16,1,16,3,com.fasterxml.jackson.databind.deser.std.StringArrayDeserializerTest#testDeserializeArrayOfNulls;com.fasterxml.jackson.databind.deser.std.StringArrayDeserializerTest#testDeserializeWithNulls,True,57.38,50.0,24.4,,
deepseek,JacksonDatabind,45,com.fasterxml.jackson.databind.ser.std.DateTimeSerializerBase,True,1,COMPILE_FAIL,,,,,,,False,,,11.5,TEST_COMPILE_FAIL,   private static class TestableDateSerializer extends DateTimeSerializerBase<Date> {                    ^ /workspace/deepseek/TestCode/JacksonDatabind_45b/DateTimeSerializerBaseTest.java:46: error: method does not override or implement a method from a supertype         @Override         ^ 2 errors 
deepseek,JacksonDatabind,46,com.fasterxml.jackson.databind.type.ReferenceType,True,1,COMPILE_FAIL,,,,,,,False,,,10.8,TEST_COMPILE_FAIL,k/TestCode/JacksonDatabind_46b/ReferenceTypeTest.java:455: error: cannot find symbol         JavaType result = refType.narrowContentsIfNeeded(intType);                                  ^   symbol:   method narrowContentsIfNeeded(JavaType)   location: variable refType of type ReferenceType 62 errors 
deepseek,JacksonDatabind,47,com.fasterxml.jackson.databind.AnnotationIntrospector,True,1,COMPILE_FAIL,,,,,,,False,,,11.0,TEST_COMPILE_FAIL,nnotationIntrospector Note: /workspace/deepseek/TestCode/JacksonDatabind_47b/AnnotationIntrospectorTest.java uses or overrides a deprecated API. Note: Recompile with -Xlint:deprecation for details. Note: Some messages have been simplified; recompile with -Xdiags:verbose to get full output 38 errors 
deepseek,JacksonDatabind,48,com.fasterxml.jackson.databind.DeserializationConfig;com.fasterxml.jackson.databind.SerializationConfig,True,1,COMPILE_FAIL,,,,,,,False,,,11.2,TEST_COMPILE_FAIL,erializationConfigTest Note: /workspace/deepseek/TestCode/JacksonDatabind_48b/DeserializationConfigTest.java uses or overrides a deprecated API. Note: Recompile with -Xlint:deprecation for details. Note: Some messages have been simplified; recompile with -Xdiags:verbose to get full output 22 errors 
deepseek,JacksonDatabind,49,com.fasterxml.jackson.databind.ser.impl.WritableObjectId,True,1,COMPILE_FAIL,,,,,,,False,,,10.4,TEST_COMPILE_FAIL,"IdTest.java:143: error: cannot find symbol         writableObjectId.writeId(jsonGenerator, serializerProvider, alwaysWriter);                         ^   symbol:   method writeId(JsonGenerator,SerializerProvider,ObjectIdWriter)   location: variable writableObjectId of type WritableObjectId 6 errors "
deepseek,JacksonDatabind,4,com.fasterxml.jackson.databind.deser.std.StringArrayDeserializer,False,1,COMPILE_FAIL,,,,,,,False,,,10.3,TEST_COMPILE_FAIL,izerTest /workspace/deepseek/TestCode/JacksonDatabind_4b/StringArrayDeserializerTest.java:17: error: cannot find symbol         deserializer = new StringArrayDeserializer();                            ^   symbol:   class StringArrayDeserializer   location: class StringArrayDeserializerTest 2 errors 
deepseek,JacksonDatabind,51,com.fasterxml.jackson.databind.jsontype.impl.TypeDeserializerBase,True,1,COMPILE_FAIL,,,,,,,False,,,11.1,TEST_COMPILE_FAIL,ype TypeDeserializerBase Note: /workspace/deepseek/TestCode/JacksonDatabind_51b/TypeDeserializerBaseTest.java uses unchecked or unsafe operations. Note: Recompile with -Xlint:unchecked for details. Note: Some messages have been simplified; recompile with -Xdiags:verbose to get full output 44 errors 
deepseek,JacksonDatabind,52,com.fasterxml.jackson.databind.deser.BeanDeserializerBase;com.fasterxml.jackson.databind.deser.impl.ExternalTypeHandler,True,1,COMPILE_FAIL,,,,,,,False,,,10.8,TEST_COMPILE_FAIL,"ava:198: error: cannot find symbol         TestBean result = (TestBean) deserializer.deserialize(ctxt.parserFrom(json), ctxt);                                                                   ^   symbol:   method parserFrom(String)   location: variable ctxt of type DeserializationContext 17 errors "
deepseek,JacksonDatabind,53,com.fasterxml.jackson.databind.type.TypeBindings;com.fasterxml.jackson.databind.type.TypeFactory,True,1,COMPILE_FAIL,,,,,,,False,,,11.1,TEST_COMPILE_FAIL,"; TypeVariable<?>[] cannot be converted to Class<?>)     method TypeBindings.create(Class<?>,JavaType) is not applicable       (argument mismatch; TypeVariable<?>[] cannot be converted to Class<?>) Note: Some messages have been simplified; recompile with -Xdiags:verbose to get full output 78 errors "
deepseek,JacksonDatabind,54,com.fasterxml.jackson.databind.ser.PropertyBuilder,True,1,COMPILE_FAIL,,,,,,,False,,,11.1,TEST_COMPILE_FAIL,ument lists differ in length Note: /workspace/deepseek/TestCode/JacksonDatabind_54b/PropertyBuilderTest.java uses or overrides a deprecated API. Note: Recompile with -Xlint:deprecation for details. Note: Some messages have been simplified; recompile with -Xdiags:verbose to get full output 13 errors 
deepseek,JacksonDatabind,55,com.fasterxml.jackson.databind.ser.std.StdKeySerializers,True,1,COMPILE_FAIL,,,,,,,False,,,11.6,TEST_COMPILE_FAIL,r: cannot find symbol         StdKeySerializers.CalendarKeySerializer serializer = new StdKeySerializers.CalendarKeySerializer();                                                                                   ^   symbol:   class CalendarKeySerializer   location: class StdKeySerializers 18 errors 
deepseek,JacksonDatabind,50,com.fasterxml.jackson.databind.deser.BeanDeserializer,True,1,SUCCESS,SUCCESS,16,2,16,2,,False,3.72,2.95,24.6,,
deepseek,JacksonDatabind,56,com.fasterxml.jackson.databind.deser.std.FromStringDeserializer,True,1,COMPILE_FAIL,,,,,,,False,,,11.8,TEST_COMPILE_FAIL,"ringDeserializerTest.java:588: error: incompatible types: String cannot be converted to JsonParser         assertEquals("""", deser.deserialize("""", ctxt));                                            ^ Note: Some messages have been simplified; recompile with -Xdiags:verbose to get full output 7 errors "
deepseek,JacksonDatabind,57,com.fasterxml.jackson.databind.ObjectReader,True,1,COMPILE_FAIL,,,,,,,False,,,12.0,TEST_COMPILE_FAIL,2 extends Object declared in method <T#12>readValue(URL)     T#13 extends Object declared in method <T#13>readValue(JsonNode) Note: /workspace/deepseek/TestCode/JacksonDatabind_57b/ObjectReaderTest.java uses or overrides a deprecated API. Note: Recompile with -Xlint:deprecation for details. 1 error 
deepseek,JacksonDatabind,58,com.fasterxml.jackson.databind.deser.BeanDeserializerFactory,True,1,COMPILE_FAIL,,,,,,,False,,,12.1,TEST_COMPILE_FAIL,"nDeserializerFactoryTest /workspace/deepseek/TestCode/JacksonDatabind_58b/BeanDeserializerFactoryTest.java:309: error: an enum annotation value must be an enum constant     @JsonTypeInfo(use = Id.NAME, include = As.PROPERTY, property = ""type"")                                              ^ 4 errors "
deepseek,JacksonDatabind,59,com.fasterxml.jackson.databind.JavaType;com.fasterxml.jackson.databind.type.CollectionLikeType;com.fasterxml.jackson.databind.type.MapLikeType;com.fasterxml.jackson.databind.type.TypeFactory,True,1,COMPILE_FAIL,,,,,,,False,,,12.2,TEST_COMPILE_FAIL,variable valueType of type JavaType Note: /workspace/deepseek/TestCode/JacksonDatabind_59b/JavaTypeTest.java uses or overrides a deprecated API. Note: Recompile with -Xlint:deprecation for details. Note: Some messages have been simplified; recompile with -Xdiags:verbose to get full output 76 errors 
deepseek,JacksonDatabind,60,com.fasterxml.jackson.databind.ser.std.JsonValueSerializer,True,1,COMPILE_FAIL,,,,,,,False,,,11.5,TEST_COMPILE_FAIL,/workspace/deepseek/TestCode/JacksonDatabind_60b/JsonValueSerializerTest.java:30: error: annotation type not applicable to this kind of declaration         @JsonValue         ^ 1 error 
deepseek,JacksonDatabind,61,com.fasterxml.jackson.databind.ObjectMapper;com.fasterxml.jackson.databind.jsontype.impl.StdTypeResolverBuilder,True,1,COMPILE_FAIL,,,,,,,False,,,11.5,TEST_COMPILE_FAIL,k/TestCode/JacksonDatabind_61b/ObjectMapperTest.java:132: error: cannot find symbol         PolymorphicTypeValidator ptv = BasicPolymorphicTypeValidator.builder()                                        ^   symbol:   variable BasicPolymorphicTypeValidator   location: class ObjectMapperTest 10 errors 
deepseek,JacksonDatabind,62,com.fasterxml.jackson.databind.deser.std.CollectionDeserializer,True,1,COMPILE_FAIL,,,,,,,False,,,11.7,TEST_COMPILE_FAIL,"/deepseek/TestCode/JacksonDatabind_62b/CollectionDeserializerTest.java:199: error: incompatible types: Collection<Object> cannot be converted to List<String>         List<String> list = (List<String>) deser.deserialize(p, ctxt);                                                             ^ 9 errors "
deepseek,JacksonDatabind,63,com.fasterxml.jackson.databind.JsonMappingException,True,1,COMPILE_FAIL,,,,,,,False,,,10.9,TEST_COMPILE_FAIL,"());         ^   both method assertEquals(long,long) in Assert and method assertEquals(Object,Object) in Assert match Note: /workspace/deepseek/TestCode/JacksonDatabind_63b/JsonMappingExceptionTest.java uses or overrides a deprecated API. Note: Recompile with -Xlint:deprecation for details. 1 error "
deepseek,JacksonDatabind,64,com.fasterxml.jackson.databind.ser.PropertyBuilder,True,1,COMPILE_FAIL,,,,,,,False,,,11.3,TEST_COMPILE_FAIL,"riter(propDef);                                              ^   required: SerializerProvider,BeanPropertyDefinition,JavaType,JsonSerializer<?>,TypeSerializer,TypeSerializer,AnnotatedMember,boolean   found: BeanPropertyDefinition   reason: actual and formal argument lists differ in length 29 errors "
deepseek,JacksonDatabind,5,com.fasterxml.jackson.databind.introspect.AnnotatedClass,False,1,SUCCESS,SUCCESS,1,0,1,0,,False,0.0,0.0,22.0,,
deepseek,JacksonDatabind,66,com.fasterxml.jackson.databind.deser.std.StdKeyDeserializer,True,1,COMPILE_FAIL,,,,,,,False,,,10.6,TEST_COMPILE_FAIL,"eepseek/TestCode/JacksonDatabind_66b/StdKeyDeserializerTest.java:190: error: cannot find symbol         assertSame(StdKeyDeserializer.BOOLEAN_KEY_DESERIALIZER, deser);                                      ^   symbol:   variable BOOLEAN_KEY_DESERIALIZER   location: class StdKeyDeserializer 26 errors "
deepseek,JacksonDatabind,67,com.fasterxml.jackson.databind.deser.BasicDeserializerFactory,True,1,COMPILE_FAIL,,,,,,,False,,,10.3,TEST_COMPILE_FAIL,"gType, null);                                            ^   symbol:   method createDeserializer(DeserializationConfig,JavaType,<null>)   location: variable factory of type BasicDeserializerFactory Note: Some messages have been simplified; recompile with -Xdiags:verbose to get full output 17 errors "
deepseek,JacksonDatabind,6,com.fasterxml.jackson.databind.util.StdDateFormat,True,1,COMPILE_FAIL,,,,,,,False,,,10.1,TEST_COMPILE_FAIL,                                          ^   symbol:   method getLocale()   location: variable sdf of type SimpleDateFormat Note: /workspace/deepseek/TestCode/JacksonDatabind_6b/StdDateFormatTest.java uses or overrides a deprecated API. Note: Recompile with -Xlint:deprecation for details. 2 errors 
deepseek,JacksonDatabind,70,com.fasterxml.jackson.databind.deser.impl.BeanPropertyMap,True,1,COMPILE_FAIL,,,,,,,False,,,10.6,TEST_COMPILE_FAIL,ap of type BeanPropertyMap /workspace/deepseek/TestCode/JacksonDatabind_70b/BeanPropertyMapTest.java:539: error: cannot find symbol         map.add(propC); // structural modification            ^   symbol:   method add(SettableBeanProperty)   location: variable map of type BeanPropertyMap 63 errors 
deepseek,JacksonDatabind,71,com.fasterxml.jackson.databind.deser.std.StdKeyDeserializer,True,1,COMPILE_FAIL,,,,,,,False,,,10.9,TEST_COMPILE_FAIL,"/workspace/deepseek/TestCode/JacksonDatabind_71b/StdKeyDeserializerTest.java:270: error: cannot find symbol         assertEquals(Currency.class, deser.getType());                                           ^   symbol:   method getType()   location: variable deser of type StdKeyDeserializer 10 errors "
deepseek,JacksonDatabind,72,com.fasterxml.jackson.databind.deser.impl.InnerClassProperty,True,1,COMPILE_FAIL,,,,,,,False,,,10.5,TEST_COMPILE_FAIL,meZone)     method ObjectReader.with(Base64Variant) is not applicable       (argument mismatch; OuterClass cannot be converted to Base64Variant)     method ObjectReader.with(ContextAttributes) is not applicable       (argument mismatch; OuterClass cannot be converted to ContextAttributes) 18 errors 
deepseek,JacksonDatabind,68,com.fasterxml.jackson.databind.deser.BeanDeserializerBase,True,1,SUCCESS,SUCCESS,9,6,9,6,,False,18.58,14.63,23.1,,
deepseek,JacksonDatabind,73,com.fasterxml.jackson.databind.introspect.POJOPropertiesCollector;com.fasterxml.jackson.databind.introspect.POJOPropertyBuilder,True,1,COMPILE_FAIL,,,,,,,False,,,10.5,TEST_COMPILE_FAIL,der> props = collector.getProperties();                                                                        ^ Note: /workspace/deepseek/TestCode/JacksonDatabind_73b/POJOPropertiesCollectorTest.java uses or overrides a deprecated API. Note: Recompile with -Xlint:deprecation for details. 10 errors 
deepseek,JacksonDatabind,69,com.fasterxml.jackson.databind.deser.impl.CreatorCollector,True,1,SUCCESS,SUCCESS,13,8,13,8,,False,31.5,11.25,23.2,,
deepseek,JacksonDatabind,74,com.fasterxml.jackson.databind.jsontype.impl.AsPropertyTypeDeserializer,True,1,COMPILE_FAIL,,,,,,,False,,,10.5,TEST_COMPILE_FAIL,         assertTrue(result instanceof Dog);                    ^ /workspace/deepseek/TestCode/JacksonDatabind_74b/AsPropertyTypeDeserializerTest.java:173: error: incompatible types: AnimalWithDefault cannot be converted to Dog         assertTrue(result instanceof Dog);                    ^ 2 errors 
deepseek,JacksonDatabind,75,com.fasterxml.jackson.databind.ser.std.EnumSerializer,True,1,COMPILE_FAIL,,,,,,,False,,,10.4,TEST_COMPILE_FAIL,"erTest.java:178: error: incompatible types: JsonNode cannot be converted to ObjectNode         ObjectNode schema = serializer.getSchema(null, null);                                                 ^ Note: Some messages have been simplified; recompile with -Xdiags:verbose to get full output 6 errors "
deepseek,JacksonDatabind,76,com.fasterxml.jackson.databind.deser.BuilderBasedDeserializer,True,1,COMPILE_FAIL,,,,,,,False,,,10.5,TEST_COMPILE_FAIL,ializerTest.java:147: error: cannot find symbol     @Test(expected = com.fasterxml.jackson.databind.exc.MismatchedInputException.class)                                                        ^   symbol:   class MismatchedInputException   location: package com.fasterxml.jackson.databind.exc 5 errors 
deepseek,JacksonDatabind,79,com.fasterxml.jackson.databind.introspect.JacksonAnnotationIntrospector;com.fasterxml.jackson.databind.introspect.ObjectIdInfo;com.fasterxml.jackson.databind.ser.std.BeanSerializerBase,True,1,COMPILE_FAIL,,,,,,,False,,,10.6,TEST_COMPILE_FAIL,"tion: class JacksonAnnotationIntrospectorTest /workspace/deepseek/TestCode/JacksonDatabind_79b/JacksonAnnotationIntrospectorTest.java:223: error: package ReferenceType does not exist         assertEquals(ReferenceType.Type.BACK_REFERENCE, ref.getType());                                   ^ 9 errors "
deepseek,JacksonDatabind,78,com.fasterxml.jackson.databind.deser.BeanDeserializerFactory,True,1,COMPILE_FAIL,,,,,,,False,,,11.0,TEST_COMPILE_FAIL,"ace/deepseek/TestCode/JacksonDatabind_78b/BeanDeserializerFactoryTest.java:204: error: cannot find symbol         assertSame(other, changed.getFactoryConfig());                                  ^   symbol:   method getFactoryConfig()   location: variable changed of type DeserializerFactory 5 errors "
deepseek,JacksonDatabind,7,com.fasterxml.jackson.databind.util.TokenBuffer,True,1,COMPILE_FAIL,,,,,,,False,,,11.1,TEST_COMPILE_FAIL,tMapper /workspace/deepseek/TestCode/JacksonDatabind_7b/TokenBufferTest.java:925: error: reference to writeString is ambiguous         buffer.writeString(null);               ^   both method writeString(String) in TokenBuffer and method writeString(SerializableString) in TokenBuffer match 18 errors 
deepseek,JacksonDatabind,80,com.fasterxml.jackson.databind.jsontype.impl.StdSubtypeResolver,True,1,COMPILE_FAIL,,,,,,,False,,,10.8,TEST_COMPILE_FAIL,"edMember         Collection<NamedType> subtypes = resolver.collectAndResolveSubtypes(baseType, null, typeFactory, null);                                                                             ^ Note: Some messages have been simplified; recompile with -Xdiags:verbose to get full output 8 errors "
deepseek,JacksonDatabind,81,com.fasterxml.jackson.databind.introspect.JacksonAnnotationIntrospector,True,1,COMPILE_FAIL,,,,,,,False,,,11.3,TEST_COMPILE_FAIL,rializer.class)                        ^   symbol:   method nullUsing()   location: @interface JsonSerialize Note: /workspace/deepseek/TestCode/JacksonDatabind_81b/JacksonAnnotationIntrospectorTest.java uses or overrides a deprecated API. Note: Recompile with -Xlint:deprecation for details. 1 error 
deepseek,JacksonDatabind,82,com.fasterxml.jackson.databind.deser.BeanDeserializerFactory,True,1,COMPILE_FAIL,,,,,,,False,,,11.1,TEST_COMPILE_FAIL, DeserializerFactoryConfig().withDeserializers(deserializers);                                             ^   symbol:   class DeserializerFactoryConfig   location: class BeanDeserializerFactoryTest Note: Some messages have been simplified; recompile with -Xdiags:verbose to get full output 8 errors 
deepseek,JacksonDatabind,83,com.fasterxml.jackson.databind.deser.std.FromStringDeserializer,True,1,COMPILE_FAIL,,,,,,,False,,,11.2,TEST_COMPILE_FAIL,deepseek/TestCode/JacksonDatabind_83b/FromStringDeserializerTest.java:329: error: cannot find symbol         deser = FromStringDeserializer.LocaleDeserializer.instance;                                       ^   symbol:   variable LocaleDeserializer   location: class FromStringDeserializer 27 errors 
deepseek,JacksonDatabind,84,com.fasterxml.jackson.databind.type.ResolvedRecursiveType,True,1,COMPILE_FAIL,,,,,,,False,,,10.7,TEST_COMPILE_FAIL," find symbol         JavaType type = TypeFactory.defaultInstance().constructSpecializedType(baseType, String.class);         ^   symbol:   class JavaType   location: class ResolvedRecursiveTypeTest Note: Some messages have been simplified; recompile with -Xdiags:verbose to get full output 12 errors "
deepseek,JacksonDatabind,77,com.fasterxml.jackson.databind.deser.BeanDeserializerFactory,True,1,SUCCESS,SUCCESS,21,2,21,2,,False,77.71,61.17,25.0,,
deepseek,JacksonDatabind,85,com.fasterxml.jackson.databind.ser.std.DateTimeSerializerBase,True,1,COMPILE_FAIL,,,,,,,False,,,11.2,TEST_COMPILE_FAIL,p(SerializerProvider) Note: /workspace/deepseek/TestCode/JacksonDatabind_85b/DateTimeSerializerBaseTest.java uses or overrides a deprecated API. Note: Recompile with -Xlint:deprecation for details. Note: Some messages have been simplified; recompile with -Xdiags:verbose to get full output 73 errors 
deepseek,JacksonDatabind,86,com.fasterxml.jackson.databind.type.ResolvedRecursiveType,True,1,COMPILE_FAIL,,,,,,,False,,,10.9,TEST_COMPILE_FAIL,RecursiveType narrowedType = (ResolvedRecursiveType) recursiveType.narrowContentsBy(narrowed);                                                                                   ^   symbol:   method narrowContentsBy(JavaType)   location: variable recursiveType of type ResolvedRecursiveType 24 errors 
deepseek,JacksonDatabind,87,com.fasterxml.jackson.databind.util.StdDateFormat,True,1,COMPILE_FAIL,,,,,,,False,,,10.8,TEST_COMPILE_FAIL,/workspace/deepseek/TestCode/JacksonDatabind_87b/StdDateFormatTest.java:576: error: cannot find symbol         DateFormat blueprint = StdDateFormat.getBlueprint();                                             ^   symbol:   method getBlueprint()   location: class StdDateFormat 1 error 
deepseek,JacksonDatabind,88,com.fasterxml.jackson.databind.jsontype.impl.ClassNameIdResolver,True,1,COMPILE_FAIL,,,,,,,False,,,10.7,TEST_COMPILE_FAIL,"jsontype.impl.ClassNameIdResolverTest$InnerClass;"");                                 ^   required: DatabindContext,String   found: String   reason: actual and formal argument lists differ in length Note: Some messages have been simplified; recompile with -Xdiags:verbose to get full output 17 errors "
deepseek,JacksonDatabind,8,com.fasterxml.jackson.databind.deser.impl.CreatorCollector,False,1,COMPILE_FAIL,,,,,,,False,,,10.4,TEST_COMPILE_FAIL,: class CreatorCollectorTest /workspace/deepseek/TestCode/JacksonDatabind_8b/CreatorCollectorTest.java:17: error: cannot find symbol         creatorCollector = new CreatorCollector();                                ^   symbol:   class CreatorCollector   location: class CreatorCollectorTest 2 errors 
deepseek,JacksonDatabind,90,com.fasterxml.jackson.databind.deser.ValueInstantiator;com.fasterxml.jackson.databind.deser.std.StdValueInstantiator,True,1,COMPILE_FAIL,,,,,,,False,,,10.4,TEST_COMPILE_FAIL,"ymbol         instantiator.completeConstruction(null, null);                     ^   symbol:   method completeConstruction(<null>,<null>)   location: variable instantiator of type ValueInstantiator Note: Some messages have been simplified; recompile with -Xdiags:verbose to get full output 13 errors "
deepseek,JacksonDatabind,91,com.fasterxml.jackson.databind.deser.DeserializerCache,True,1,COMPILE_FAIL,,,,,,,False,,,10.6,TEST_COMPILE_FAIL,                         ^ Note: /workspace/deepseek/TestCode/JacksonDatabind_91b/DeserializerCacheTest.java uses or overrides a deprecated API. Note: Recompile with -Xlint:deprecation for details. Note: Some messages have been simplified; recompile with -Xdiags:verbose to get full output 14 errors 
deepseek,JacksonDatabind,92,com.fasterxml.jackson.databind.deser.BeanDeserializerFactory,True,1,COMPILE_FAIL,,,,,,,False,,,11.4,TEST_COMPILE_FAIL,"ksonDatabind_92b/BeanDeserializerFactoryTest.java:466: error: cannot find symbol         assertEquals(1, result.complex.get(""key"").get(0).get(""inner"").intValue());                                                                      ^   symbol:   method intValue()   location: class String 11 errors "
deepseek,JacksonDatabind,93,com.fasterxml.jackson.databind.jsontype.impl.SubTypeValidator,True,1,COMPILE_FAIL,,,,,,,False,,,10.6,TEST_COMPILE_FAIL,"ass SubTypeValidator cannot be applied to given types;         SubTypeValidator.validateSubType(MyDangerousSubclass.class);                         ^   required: DeserializationContext,JavaType   found: Class<MyDangerousSubclass>   reason: actual and formal argument lists differ in length 21 errors "
deepseek,JacksonDatabind,94,com.fasterxml.jackson.databind.jsontype.impl.SubTypeValidator,True,1,COMPILE_FAIL,,,,,,,False,,,10.5,TEST_COMPILE_FAIL,ce/deepseek/TestCode/JacksonDatabind_94b/SubTypeValidatorTest.java:115: error: cannot find symbol         validator.validateBaseType(ProcessBuilder.class);                  ^   symbol:   method validateBaseType(Class<ProcessBuilder>)   location: variable validator of type SubTypeValidator 20 errors 
deepseek,JacksonDatabind,95,com.fasterxml.jackson.databind.type.TypeFactory;com.fasterxml.jackson.databind.type.TypeParser,True,1,COMPILE_FAIL,,,,,,,False,,,10.7,TEST_COMPILE_FAIL,   ^   symbol:   class JavaType   location: class TypeFactoryTest /workspace/deepseek/TestCode/JacksonDatabind_95b/TypeFactoryTest.java:309: error: cannot find symbol         JavaType valueType = type.containedType(1);         ^   symbol:   class JavaType   location: class TypeFactoryTest 39 errors 
deepseek,JacksonDatabind,98,com.fasterxml.jackson.databind.deser.impl.ExternalTypeHandler,True,1,COMPILE_FAIL,,,,,,,False,,,11.0,TEST_COMPILE_FAIL,formal argument lists differ in length /workspace/deepseek/TestCode/JacksonDatabind_98b/ExternalTypeHandlerTest.java:401: error: cannot find symbol         handler.startHandling();                ^   symbol:   method startHandling()   location: variable handler of type ExternalTypeHandler 80 errors 
deepseek,JacksonDatabind,99,com.fasterxml.jackson.databind.type.ReferenceType,True,1,COMPILE_FAIL,,,,,,,False,,,11.1,TEST_COMPILE_FAIL,ype   location: class ReferenceTypeTest /workspace/deepseek/TestCode/JacksonDatabind_99b/ReferenceTypeTest.java:241: error: cannot find symbol         JavaType superType = interfaceType.findSuperType(Iterable.class);         ^   symbol:   class JavaType   location: class ReferenceTypeTest 37 errors 
deepseek,JacksonDatabind,96,com.fasterxml.jackson.databind.deser.BasicDeserializerFactory,True,1,SUCCESS,SUCCESS,23,2,23,2,,False,36.49,25.08,24.7,,
deepseek,JacksonXml,3,com.fasterxml.jackson.dataformat.xml.deser.FromXmlParser,False,1,COMPILE_FAIL,,,,,,,False,,,9.9,TEST_COMPILE_FAIL,symbol:   class FromXmlParser   location: class FromXmlParserTest /workspace/deepseek/TestCode/JacksonXml_3b/FromXmlParserTest.java:20: error: cannot find symbol         parser = new FromXmlParser();                      ^   symbol:   class FromXmlParser   location: class FromXmlParserTest 2 errors 
deepseek,JacksonDatabind,97,com.fasterxml.jackson.databind.node.POJONode,True,1,SUCCESS,SUCCESS,24,4,24,4,,False,51.22,44.12,24.1,,
deepseek,JacksonXml,4,com.fasterxml.jackson.dataformat.xml.ser.XmlSerializerProvider,False,1,COMPILE_FAIL,,,,,,,False,,,9.0,TEST_COMPILE_FAIL,/workspace/deepseek/TestCode/JacksonXml_4b/XmlSerializerProviderTest.java:1: error: <identifier> expected package your.package.here; // Replace with actual package from source              ^ 1 error 
deepseek,JacksonXml,2,com.fasterxml.jackson.dataformat.xml.deser.XmlTokenStream,False,1,SUCCESS,SUCCESS,1,0,1,0,,False,0.0,0.0,19.2,,
deepseek,JacksonDatabind,9,com.fasterxml.jackson.databind.ser.std.StdKeySerializer,False,1,SUCCESS,SUCCESS,17,2,17,2,,False,60.0,66.67,22.8,,
deepseek,JacksonXml,5,com.fasterxml.jackson.dataformat.xml.ser.XmlSerializerProvider,False,1,COMPILE_FAIL,,,,,,,False,,,8.5,TEST_COMPILE_FAIL, generate the test suite without the source code of `XmlSerializerProvider`. Please provide the Java source file for `XmlSerializerProvider`.                                                                                                                                                    ^ 5 errors 
deepseek,Jsoup,10,org.jsoup.nodes.Node,True,1,COMPILE_FAIL,,,,,,,False,,,8.9,TEST_COMPILE_FAIL,") is not applicable       (actual and formal argument lists differ in length)     constructor Element.Element(Tag,String) is not applicable       (actual and formal argument lists differ in length) Note: Some messages have been simplified; recompile with -Xdiags:verbose to get full output 53 errors "
deepseek,JacksonXml,6,com.fasterxml.jackson.dataformat.xml.ser.ToXmlGenerator,True,1,COMPILE_FAIL,,,,,,,False,,,9.4,TEST_COMPILE_FAIL,gBuilder cannot be converted to String)     method ToXmlGenerator.writeString(SerializableString) is not applicable       (argument mismatch; StringBuilder cannot be converted to SerializableString) Note: Some messages have been simplified; recompile with -Xdiags:verbose to get full output 2 errors 
deepseek,Jsoup,12,org.jsoup.select.Selector,True,1,COMPILE_FAIL,,,,,,,False,,,8.9,TEST_COMPILE_FAIL,erable<Element>) is not applicable       (actual and formal argument lists differ in length)     method Selector.select() is not applicable       (actual and formal argument lists differ in length) Note: Some messages have been simplified; recompile with -Xdiags:verbose to get full output 95 errors 
deepseek,Jsoup,13,org.jsoup.nodes.Node,True,1,COMPILE_FAIL,,,,,,,False,,,8.9,TEST_COMPILE_FAIL," unwrap()   location: variable body of type Element /workspace/deepseek/TestCode/Jsoup_13b/NodeTest.java:417: error: cannot find symbol         assertEquals(1, html.childNodeSize());                             ^   symbol:   method childNodeSize()   location: variable html of type Element 20 errors "
deepseek,Jsoup,14,org.jsoup.parser.Tokeniser;org.jsoup.parser.TokeniserState,True,1,COMPILE_FAIL,,,,,,,False,,,9.0,TEST_COMPILE_FAIL,"ariable token of type Token /workspace/deepseek/TestCode/Jsoup_14b/TokeniserTest.java:319: error: cannot find symbol         assertEquals(Token.TokenType.EOF, token.type());                                                ^   symbol:   method type()   location: variable token of type Token 67 errors "
deepseek,Jsoup,15,org.jsoup.parser.TreeBuilderState,True,1,COMPILE_FAIL,,,,,,,False,,,8.9,TEST_COMPILE_FAIL,", state.process(tag));                                                                  ^   required: Token,TreeBuilder   found: StartTag   reason: actual and formal argument lists differ in length Note: Some messages have been simplified; recompile with -Xdiags:verbose to get full output 31 errors "
deepseek,Jsoup,16,org.jsoup.nodes.DocumentType,True,1,COMPILE_FAIL,,,,,,,False,,,8.9,TEST_COMPILE_FAIL,"java:226: error: incompatible types: StringWriter cannot be converted to StringBuilder         dt.outerHtmlHead(sw, 3, new Document("""").outputSettings().indentAmount(2));                          ^ Note: Some messages have been simplified; recompile with -Xdiags:verbose to get full output 13 errors "
deepseek,Jsoup,11,org.jsoup.select.Selector,True,1,SUCCESS,SUCCESS,16,1,16,1,,False,73.85,62.12,17.5,,
deepseek,Jsoup,17,org.jsoup.parser.TreeBuilderState,True,1,COMPILE_FAIL,,,,,,,False,,,8.7,TEST_COMPILE_FAIL,"        ^   symbol:   variable name   location: variable endTag of type EndTag /workspace/deepseek/TestCode/Jsoup_17b/TreeBuilderStateTest.java:261: error: cannot find symbol         endTag.name = ""html"";               ^   symbol:   variable name   location: variable endTag of type EndTag 51 errors "
deepseek,Jsoup,18,org.jsoup.parser.CharacterReader,True,1,COMPILE_FAIL,,,,,,,False,,,8.8,TEST_COMPILE_FAIL,":52: error: incompatible types: StringReader cannot be converted to String         CharacterReader r = new CharacterReader(new StringReader(""xyz""));                                                 ^ Note: Some messages have been simplified; recompile with -Xdiags:verbose to get full output 2 errors "
deepseek,Jsoup,19,org.jsoup.safety.Whitelist,True,1,COMPILE_FAIL,,,,,,,False,,,8.9,TEST_COMPILE_FAIL,"tion: variable w of type Whitelist /workspace/deepseek/TestCode/Jsoup_19b/WhitelistTest.java:194: error: cannot find symbol         w.removeEnforcedAttribute(""missingTag"", ""rel"");          ^   symbol:   method removeEnforcedAttribute(String,String)   location: variable w of type Whitelist 11 errors "
deepseek,Jsoup,20,org.jsoup.helper.DataUtil,True,1,COMPILE_FAIL,,,,,,,False,,,8.9,TEST_COMPILE_FAIL,"st.java:230: error: cannot find symbol         assertEquals(""UTF-8"", doc.charset().name());                                  ^   symbol:   method charset()   location: variable doc of type Document Note: Some messages have been simplified; recompile with -Xdiags:verbose to get full output 23 errors "
deepseek,Jsoup,21,org.jsoup.select.CombiningEvaluator;org.jsoup.select.QueryParser,True,1,COMPILE_FAIL,,,,,,,False,,,9.0,TEST_COMPILE_FAIL,"ateEvaluators(FixedEvaluator)   location: variable or of type Or /workspace/deepseek/TestCode/Jsoup_21b/CombiningEvaluatorTest.java:190: error: cannot find symbol         or.evaluate(element, null);           ^   symbol:   method evaluate(Element,<null>)   location: variable or of type Or 43 errors "
deepseek,Jsoup,22,org.jsoup.nodes.Element;org.jsoup.nodes.Node;org.jsoup.select.Elements,True,1,COMPILE_FAIL,,,,,,,False,,,9.2,TEST_COMPILE_FAIL,"iable p of type Element /workspace/deepseek/TestCode/Jsoup_22b/ElementTest.java:113: error: method id in class Element cannot be applied to given types;         div.id(""main"");            ^   required: no arguments   found: String   reason: actual and formal argument lists differ in length 3 errors "
deepseek,Jsoup,24,org.jsoup.parser.TokeniserState,True,1,COMPILE_FAIL,,,,,,,False,,,9.4,TEST_COMPILE_FAIL,"seek/TestCode/Jsoup_24b/TokeniserStateTest.java:409: error: reader has private access in Tokeniser         TokeniserState.EndTagOpen.read(t, t.reader);                                            ^ Note: Some messages have been simplified; recompile with -Xdiags:verbose to get full output 100 errors "
deepseek,Jsoup,25,org.jsoup.parser.Tag,True,1,COMPILE_FAIL,,,,,,,False,,,9.4,TEST_COMPILE_FAIL,"1: error: cannot find symbol         assertFalse(""unknown tag should not be form submittable"", Tag.valueOf(""unknown"").isFormSubmittable());                                                                                         ^   symbol:   method isFormSubmittable()   location: class Tag 6 errors "
deepseek,Jsoup,27,org.jsoup.helper.DataUtil,True,1,COMPILE_FAIL,,,,,,,False,,,9.6,TEST_COMPILE_FAIL,"/workspace/deepseek/TestCode/Jsoup_27b/DataUtilTest.java:160: error: cannot find symbol         byte[] sjisBytes = ""日本語"".getBytes(Charset.forName(""Shift_JIS""));                                           ^   symbol:   variable Charset   location: class DataUtilTest 1 error "
deepseek,Jsoup,28,org.jsoup.nodes.Entities;org.jsoup.parser.Parser;org.jsoup.parser.Tokeniser,True,1,COMPILE_FAIL,,,,,,,False,,,9.7,TEST_COMPILE_FAIL,"eek/TestCode/Jsoup_28b/EntitiesTest.java:228: error: reference to assertEquals is ambiguous         assertEquals(160, Entities.getCharacterByName(""nbsp"")); // non-breaking space         ^   both method assertEquals(long,long) in Assert and method assertEquals(Object,Object) in Assert match 6 errors "
deepseek,Jsoup,23,org.jsoup.parser.CharacterReader;org.jsoup.parser.Tokeniser,True,1,SUCCESS,SUCCESS,47,5,47,5,,False,19.21,10.71,18.9,,
deepseek,Jsoup,29,org.jsoup.nodes.Document,True,1,COMPILE_FAIL,,,,,,,False,,,9.6,TEST_COMPILE_FAIL,eBuilder);                                                      ^ /workspace/deepseek/TestCode/Jsoup_29b/DocumentTest.java:334: error: cannot find symbol         assertNull(doc.connection());                       ^   symbol:   method connection()   location: variable doc of type Document 17 errors 
deepseek,Jsoup,2,org.jsoup.parser.Parser,False,1,COMPILE_FAIL,,,,,,,False,,,9.6,TEST_COMPILE_FAIL,bol     private Parser parser;             ^   symbol:   class Parser   location: class ParserTest /workspace/deepseek/TestCode/Jsoup_2b/ParserTest.java:19: error: cannot find symbol         parser = new Parser();                      ^   symbol:   class Parser   location: class ParserTest 2 errors 
deepseek,Jsoup,26,org.jsoup.safety.Cleaner,True,1,SUCCESS,SUCCESS,16,7,16,9,org.jsoup.safety.CleanerTest#testCleanDocumentWithFrameset;org.jsoup.safety.CleanerTest#testCleanFramesetWithMixedContent,True,100.0,87.5,19.5,,
deepseek,Jsoup,31,org.jsoup.parser.Token;org.jsoup.parser.TokeniserState;org.jsoup.parser.XmlTreeBuilder,True,1,COMPILE_FAIL,,,,,,,False,,,9.5,TEST_COMPILE_FAIL,  ^   symbol:   method attributes()   location: variable startTag of type StartTag /workspace/deepseek/TestCode/Jsoup_31b/TokenTest.java:748: error: cannot find symbol             doctype.asEOF();                    ^   symbol:   method asEOF()   location: variable doctype of type Doctype 95 errors 
deepseek,Jsoup,32,org.jsoup.nodes.Element,True,1,COMPILE_FAIL,,,,,,,False,,,9.6,TEST_COMPILE_FAIL,"e applied to given types;         p.appendChild(new TextNode(""Hello""));                       ^   required: String,String   found: String   reason: actual and formal argument lists differ in length Note: Some messages have been simplified; recompile with -Xdiags:verbose to get full output 43 errors "
deepseek,Jsoup,33,org.jsoup.parser.HtmlTreeBuilder,True,1,COMPILE_FAIL,,,,,,,False,,,9.3,TEST_COMPILE_FAIL,/workspace/deepseek/TestCode/Jsoup_33b/HtmlTreeBuilderTest.java:52: error: cannot find symbol         assertNotNull(doc.documentType());                          ^   symbol:   method documentType()   location: variable doc of type Document 1 error 
deepseek,Jsoup,30,org.jsoup.safety.Cleaner,True,1,SUCCESS,SUCCESS,21,10,21,10,,False,100.0,95.0,19.2,,
deepseek,Jsoup,37,org.jsoup.nodes.Element,True,1,COMPILE_FAIL,,,,,,,False,,,9.3,TEST_COMPILE_FAIL,"new Element(""p"");                     ^     constructor Element.Element(Tag,String,Attributes) is not applicable       (actual and formal argument lists differ in length)     constructor Element.Element(Tag,String) is not applicable       (actual and formal argument lists differ in length) 2 errors "
deepseek,Jsoup,38,org.jsoup.parser.HtmlTreeBuilderState,True,1,COMPILE_FAIL,,,,,,,False,,,9.4,TEST_COMPILE_FAIL,"tual and formal argument lists differ in length /workspace/deepseek/TestCode/Jsoup_38b/HtmlTreeBuilderStateTest.java:174: error: cannot find symbol         image.name(""image"").attr(""src"", ""test.png"");                            ^   symbol:   method attr(String,String)   location: class Tag 4 errors "
deepseek,Jsoup,34,org.jsoup.parser.CharacterReader,True,1,SUCCESS,SUCCESS,67,14,67,14,,False,82.35,75.76,19.1,,
deepseek,Jsoup,35,org.jsoup.parser.HtmlTreeBuilderState,True,1,SUCCESS,SUCCESS,25,3,25,3,,False,52.5,43.39,19.2,,
deepseek,Jsoup,36,org.jsoup.helper.DataUtil,True,1,SUCCESS,SUCCESS,16,8,16,9,org.jsoup.helper.DataUtilTest#testGetCharsetFromContentType,True,78.57,54.35,19.2,,
deepseek,Jsoup,40,org.jsoup.nodes.DocumentType,True,1,COMPILE_FAIL,,,,,,,False,,,9.2,TEST_COMPILE_FAIL,"tring,String,String   reason: actual and formal argument lists differ in length /workspace/deepseek/TestCode/Jsoup_40b/DocumentTypeTest.java:130: error: cannot find symbol         } catch (IOException e) {                  ^   symbol:   class IOException   location: class DocumentTypeTest 18 errors "
deepseek,Jsoup,41,org.jsoup.nodes.Element,True,1,COMPILE_FAIL,,,,,,,False,,,9.6,TEST_COMPILE_FAIL,"(""div"");                             ^     constructor Element.Element(Tag,String,Attributes) is not applicable       (actual and formal argument lists differ in length)     constructor Element.Element(Tag,String) is not applicable       (actual and formal argument lists differ in length) 49 errors "
deepseek,Jsoup,42,org.jsoup.nodes.FormElement,True,1,COMPILE_FAIL,,,,,,,False,,,9.8,TEST_COMPILE_FAIL,"ment /workspace/deepseek/TestCode/Jsoup_42b/FormElementTest.java:177: error: cannot find symbol         assertEquals(""multipart/form-data"", form.formEnctype());                                                 ^   symbol:   method formEnctype()   location: variable form of type FormElement 10 errors "
deepseek,Jsoup,39,org.jsoup.helper.DataUtil,True,1,SUCCESS,SUCCESS,22,5,22,5,,False,56.76,43.48,19.7,,
deepseek,Jsoup,3,org.jsoup.nodes.Element;org.jsoup.parser.Parser;org.jsoup.parser.Tag,False,1,SUCCESS,SUCCESS,1,0,1,0,,False,0.0,0.0,18.0,,
deepseek,Jsoup,43,org.jsoup.nodes.Element,True,1,COMPILE_FAIL,,,,,,,False,,,9.9,TEST_COMPILE_FAIL,"Element(""div"");                      ^     constructor Element.Element(Tag,String,Attributes) is not applicable       (actual and formal argument lists differ in length)     constructor Element.Element(Tag,String) is not applicable       (actual and formal argument lists differ in length) 51 errors "
deepseek,Jsoup,46,org.jsoup.nodes.Entities,True,1,COMPILE_FAIL,,,,,,,False,,,9.8,TEST_COMPILE_FAIL,EscapeMode)   location: class Entities /workspace/deepseek/TestCode/Jsoup_46b/EntitiesTest.java:246: error: cannot find symbol         Object map = Entities.getMap(Entities.EscapeMode.extended);                              ^   symbol:   method getMap(EscapeMode)   location: class Entities 2 errors 
deepseek,Jsoup,47,org.jsoup.nodes.Entities,True,1,COMPILE_FAIL,,,,,,,False,,,9.7,TEST_COMPILE_FAIL,"Mode /workspace/deepseek/TestCode/Jsoup_47b/EntitiesTest.java:188: error: cannot find symbol         String escaped = Entities.escape(""'\"""", Entities.EscapeMode.xml);                                                                    ^   symbol:   variable xml   location: class EscapeMode 13 errors "
deepseek,Jsoup,44,org.jsoup.parser.TreeBuilder,True,1,SUCCESS,SUCCESS,26,5,26,5,,False,77.78,50.0,20.0,,
deepseek,Jsoup,45,org.jsoup.parser.HtmlTreeBuilder,True,1,SUCCESS,SUCCESS,43,7,43,7,,False,58.4,42.5,19.8,,
deepseek,Jsoup,50,org.jsoup.helper.DataUtil,True,1,COMPILE_FAIL,,,,,,,False,,,8.9,TEST_COMPILE_FAIL,"lass DataUtil /workspace/deepseek/TestCode/Jsoup_50b/DataUtilTest.java:170: error: cannot find symbol         Document doc = DataUtil.parseInputStream(                                ^   symbol:   method parseInputStream(ByteArrayInputStream,<null>,String,Parser)   location: class DataUtil 4 errors "
deepseek,Jsoup,49,org.jsoup.nodes.Node,True,1,SUCCESS,SUCCESS,51,5,51,5,,False,52.61,47.06,18.9,,
deepseek,Jsoup,48,org.jsoup.helper.HttpConnection,True,1,SUCCESS,SUCCESS,10,1,10,1,,False,56.72,50.0,20.2,,
deepseek,Jsoup,4,org.jsoup.nodes.Entities,False,1,SUCCESS,SUCCESS,1,0,1,0,,False,0.0,0.0,17.2,,
deepseek,Jsoup,53,org.jsoup.parser.TokenQueue,True,1,COMPILE_FAIL,,,,,,,False,,,9.6,TEST_COMPILE_FAIL,"location: variable queue of type TokenQueue /workspace/deepseek/TestCode/Jsoup_53b/TokenQueueTest.java:762: error: cannot find symbol         assertEquals(0, queue.removeFirst());                              ^   symbol:   method removeFirst()   location: variable queue of type TokenQueue 17 errors "
deepseek,Jsoup,54,org.jsoup.helper.W3CDom,True,1,COMPILE_FAIL,,,,,,,False,,,9.8,TEST_COMPILE_FAIL,"location: variable w3cDom of type W3CDom /workspace/deepseek/TestCode/Jsoup_54b/W3CDomTest.java:482: error: cannot find symbol         w3cDom.sourceNodes(w3cDoc, String.class);               ^   symbol:   method sourceNodes(Document,Class<String>)   location: variable w3cDom of type W3CDom 6 errors "
deepseek,Jsoup,55,org.jsoup.parser.TokeniserState,True,1,COMPILE_FAIL,,,,,,,False,,,9.8,TEST_COMPILE_FAIL,"workspace/deepseek/TestCode/Jsoup_55b/TokeniserStateTest.java:318: error: cannot find symbol         assertEquals(TokeniserState.ScriptDataLessThanSign, tokeniser.getState());                                    ^   symbol:   variable ScriptDataLessThanSign   location: class TokeniserState 31 errors "
deepseek,Jsoup,51,org.jsoup.parser.CharacterReader,True,1,SUCCESS,SUCCESS,84,11,84,11,,False,78.97,66.49,18.9,,
deepseek,Jsoup,52,org.jsoup.helper.DataUtil;org.jsoup.nodes.XmlDeclaration;org.jsoup.parser.XmlTreeBuilder,True,1,SUCCESS,SUCCESS,14,0,14,0,,False,58.47,49.57,19.2,,
deepseek,Jsoup,56,org.jsoup.nodes.DocumentType;org.jsoup.parser.HtmlTreeBuilderState;org.jsoup.parser.Token;org.jsoup.parser.TokeniserState;org.jsoup.parser.XmlTreeBuilder,True,1,COMPILE_FAIL,,,,,,,False,,,9.4,TEST_COMPILE_FAIL,"ctor DocumentType.DocumentType(String,String,String,String) is not applicable       (actual and formal argument lists differ in length)     constructor DocumentType.DocumentType(String,String,String,String,String) is not applicable       (actual and formal argument lists differ in length) 40 errors "
deepseek,Jsoup,57,org.jsoup.nodes.Attributes,True,1,COMPILE_FAIL,,,,,,,False,,,9.5,TEST_COMPILE_FAIL,ty()   location: variable single of type Attributes /workspace/deepseek/TestCode/Jsoup_57b/AttributesTest.java:111: error: cannot find symbol         assertFalse(multiple.isEmpty());                             ^   symbol:   method isEmpty()   location: variable multiple of type Attributes 5 errors 
deepseek,Jsoup,58,org.jsoup.Jsoup;org.jsoup.parser.Parser;org.jsoup.safety.Cleaner,True,1,COMPILE_FAIL,,,,,,,False,,,9.4,TEST_COMPILE_FAIL,bol:   method serialize(Document)   location: class Jsoup /workspace/deepseek/TestCode/Jsoup_58b/JsoupTest.java:402: error: cannot find symbol         String serialized = Jsoup.serialize(doc);                                  ^   symbol:   method serialize(Document)   location: class Jsoup 5 errors 
deepseek,Jsoup,59,org.jsoup.parser.Token,True,1,COMPILE_FAIL,,,,,,,False,,,9.2,TEST_COMPILE_FAIL,ariable startTag of type StartTag /workspace/deepseek/TestCode/Jsoup_59b/TokenTest.java:374: error: cannot find symbol         assertTrue(startTag.attributes.isEmpty());                                       ^   symbol:   method isEmpty()   location: variable attributes of type Attributes 29 errors 
deepseek,Jsoup,5,org.jsoup.parser.Parser,False,1,COMPILE_FAIL,,,,,,,False,,,9.2,TEST_COMPILE_FAIL,bol     private Parser parser;             ^   symbol:   class Parser   location: class ParserTest /workspace/deepseek/TestCode/Jsoup_5b/ParserTest.java:13: error: cannot find symbol         parser = new Parser();                      ^   symbol:   class Parser   location: class ParserTest 2 errors 
deepseek,Jsoup,60,org.jsoup.parser.TokenQueue;org.jsoup.select.QueryParser,True,1,COMPILE_FAIL,,,,,,,False,,,9.9,TEST_COMPILE_FAIL,/workspace/deepseek/TestCode/Jsoup_60b/TokenQueueTest.java:677: error: method testChompBalancedWithBackslashAndExtraClosingAll() is already defined in class TokenQueueTest     public void testChompBalancedWithBackslashAndExtraClosingAll() {                 ^ 1 error 
deepseek,Jsoup,61,org.jsoup.nodes.Element,True,1,COMPILE_FAIL,,,,,,,False,,,10.0,TEST_COMPILE_FAIL,/Jsoup_61b/ElementTest.java:336: error: cannot find symbol         assertTrue(e.attributes().isEmpty());                                  ^   symbol:   method isEmpty()   location: class Attributes Note: Some messages have been simplified; recompile with -Xdiags:verbose to get full output 15 errors 
deepseek,Jsoup,62,org.jsoup.parser.HtmlTreeBuilderState,True,1,COMPILE_FAIL,,,,,,,False,,,10.1,TEST_COMPILE_FAIL, and formal argument lists differ in length /workspace/deepseek/TestCode/Jsoup_62b/HtmlTreeBuilderStateTest.java:236: error: cannot find symbol         assertNotNull(doc.documentType());                          ^   symbol:   method documentType()   location: variable doc of type Document 66 errors 
deepseek,Jsoup,63,org.jsoup.parser.HtmlTreeBuilder;org.jsoup.parser.Tokeniser,True,1,COMPILE_FAIL,,,,,,,False,,,10.3,TEST_COMPILE_FAIL,"/TestCode/Jsoup_63b/HtmlTreeBuilderTest.java:187: error: cannot find symbol         assertNotNull(""Document should have a doctype"", doc.documentType());                                                            ^   symbol:   method documentType()   location: variable doc of type Document 11 errors "
deepseek,Jsoup,65,org.jsoup.parser.HtmlTreeBuilder;org.jsoup.parser.HtmlTreeBuilderState,True,1,COMPILE_FAIL,,,,,,,False,,,10.4,TEST_COMPILE_FAIL,/workspace/deepseek/TestCode/Jsoup_65b/HtmlTreeBuilderTest.java:283: error: cannot find symbol         builder.reset();                ^   symbol:   method reset()   location: variable builder of type HtmlTreeBuilder 1 error 
deepseek,Jsoup,66,org.jsoup.nodes.Element,True,1,COMPILE_FAIL,,,,,,,False,,,10.8,TEST_COMPILE_FAIL,od asXmlDeclaration()   location: variable c of type Comment /workspace/deepseek/TestCode/Jsoup_66b/ElementTest.java:1394: error: cannot find symbol         assertNull(c.asXmlDeclaration());                     ^   symbol:   method asXmlDeclaration()   location: variable c of type Comment 33 errors 
deepseek,Jsoup,68,org.jsoup.parser.HtmlTreeBuilder,True,1,COMPILE_FAIL,,,,,,,False,,,10.6,TEST_COMPILE_FAIL,"TreeBuilder cannot be applied to given types;         List<Node> nodes = tb.parseFragment(                              ^   required: String,Element,String,ParseErrorList,ParseSettings   found: String,Element,String,ParseErrorList   reason: actual and formal argument lists differ in length 3 errors "
deepseek,Jsoup,64,org.jsoup.parser.HtmlTreeBuilderState,True,1,SUCCESS,SUCCESS,26,5,26,5,,False,51.37,41.3,21.2,,
deepseek,Jsoup,6,org.jsoup.nodes.Entities,True,1,COMPILE_FAIL,,,,,,,False,,,9.9,TEST_COMPILE_FAIL,"t find symbol         assertEquals('\u00bd', Entities.getCharacterByName(""frac12""));                                        ^   symbol:   method getCharacterByName(String)   location: class Entities Note: Some messages have been simplified; recompile with -Xdiags:verbose to get full output 9 errors "
deepseek,Jsoup,70,org.jsoup.nodes.Element,True,1,COMPILE_FAIL,,,,,,,False,,,10.0,TEST_COMPILE_FAIL,"space/deepseek/TestCode/Jsoup_70b/ElementTest.java:500: error: reference to insertChildren is ambiguous         emptyDiv.insertChildren(0, null);                 ^   both method insertChildren(int,Collection<? extends Node>) in Element and method insertChildren(int,Node...) in Element match 1 error "
deepseek,Jsoup,67,org.jsoup.parser.HtmlTreeBuilder,True,1,SUCCESS,SUCCESS,34,2,34,2,,False,66.75,52.0,20.8,,
deepseek,Jsoup,71,org.jsoup.nodes.PseudoTextElement;org.jsoup.select.Evaluator;org.jsoup.select.QueryParser,True,1,COMPILE_FAIL,,,,,,,False,,,9.5,TEST_COMPILE_FAIL,"lueOf(""div""), baseUri);                                        ^   symbol:   variable Tag   location: class PseudoTextElementTest Note: /workspace/deepseek/TestCode/Jsoup_71b/PseudoTextElementTest.java uses or overrides a deprecated API. Note: Recompile with -Xlint:deprecation for details. 8 errors "
deepseek,Jsoup,69,org.jsoup.nodes.FormElement,True,1,SUCCESS,SUCCESS,15,0,15,4,org.jsoup.nodes.FormElementTest#testFormDataExcludesRemovedElement;org.jsoup.nodes.FormElementTest#testRemoveChildKeepsRemainingElements;org.jsoup.nodes.FormElementTest#testRemoveChildRemovesFromElementsUsingNodeRemove;org.jsoup.nodes.FormElementTest#testRemoveChildDirectlyUpdatesElements,True,76.19,67.86,19.6,,
deepseek,Jsoup,72,org.jsoup.parser.CharacterReader,True,1,COMPILE_FAIL,,,,,,,False,,,9.2,TEST_COMPILE_FAIL,"/Jsoup_72b/CharacterReaderTest.java:444: error: cannot find symbol         assertFalse(""Empty char array should not match"", reader.matchAny());                                                                ^   symbol:   method matchAny()   location: variable reader of type CharacterReader 5 errors "
deepseek,Jsoup,74,org.jsoup.helper.StringUtil,True,1,COMPILE_FAIL,,,,,,,False,,,8.9,TEST_COMPILE_FAIL,"estCode/Jsoup_74b/StringUtilTest.java:236: error: reference to resolve is ambiguous         assertEquals(""path"", StringUtil.resolve(null, ""path""));                                        ^   both method resolve(URL,String) in StringUtil and method resolve(String,String) in StringUtil match 2 errors "
deepseek,Jsoup,75,org.jsoup.nodes.Attributes,True,1,COMPILE_FAIL,,,,,,,False,,,8.9,TEST_COMPILE_FAIL,"error: add(String,String) has private access in Attributes         attributes.add(""b"", ""2"");                   ^ /workspace/deepseek/TestCode/Jsoup_75b/AttributesTest.java:393: error: add(String,String) has private access in Attributes         attributes.add(""c"", ""3"");                   ^ 57 errors "
deepseek,Jsoup,77,org.jsoup.parser.XmlTreeBuilder,True,1,COMPILE_FAIL,,,,,,,False,,,8.8,TEST_COMPILE_FAIL,"/workspace/deepseek/TestCode/Jsoup_77b/XmlTreeBuilderTest.java:159: error: reference to parse is ambiguous         builder.parse(null, ""http://example.com"");                ^   both method parse(Reader,String) in XmlTreeBuilder and method parse(String,String) in XmlTreeBuilder match 1 error "
deepseek,Jsoup,78,org.jsoup.helper.DataUtil,True,1,COMPILE_FAIL,,,,,,,False,,,8.6,TEST_COMPILE_FAIL,"et(InputStream,String)   location: class DataUtil /workspace/deepseek/TestCode/Jsoup_78b/DataUtilTest.java:193: error: cannot find symbol         DataUtil.detectCharset(failingStream, UTF_8);                 ^   symbol:   method detectCharset(InputStream,String)   location: class DataUtil 16 errors "
deepseek,Jsoup,73,org.jsoup.helper.W3CDom,True,1,SUCCESS,SUCCESS,15,3,15,3,,False,78.38,78.57,18.7,,
deepseek,Jsoup,79,org.jsoup.nodes.LeafNode,True,1,COMPILE_FAIL,,,,,,,False,,,8.4,TEST_COMPILE_FAIL,"afNodeTest.java:1: error: illegal character: '`' ```java  ^ /workspace/deepseek/TestCode/Jsoup_79b/LeafNodeTest.java:1: error: illegal character: '`' ```java   ^ /workspace/deepseek/TestCode/Jsoup_79b/LeafNodeTest.java:2: error: class, interface, or enum expected package org.jsoup.nodes; ^ 4 errors "
deepseek,Jsoup,7,org.jsoup.nodes.Document,True,1,COMPILE_FAIL,,,,,,,False,,,8.9,TEST_COMPILE_FAIL,"ment()   location: variable doc of type Document /workspace/deepseek/TestCode/Jsoup_7b/DocumentTest.java:273: error: cannot find symbol         assertEquals(baseUri, doc.location());                                  ^   symbol:   method location()   location: variable doc of type Document 26 errors "
deepseek,Jsoup,76,org.jsoup.parser.HtmlTreeBuilderState,True,1,SUCCESS,SUCCESS,38,6,38,6,,False,59.28,51.12,18.7,,
deepseek,Jsoup,80,org.jsoup.parser.XmlTreeBuilder,True,1,COMPILE_FAIL,,,,,,,False,,,9.2,TEST_COMPILE_FAIL,"ariable root of type Element /workspace/deepseek/TestCode/Jsoup_80b/XmlTreeBuilderTest.java:276: error: cannot find symbol         assertEquals(""foo"", ((DocumentType) last).name());                                                  ^   symbol:   method name()   location: class DocumentType 11 errors "
deepseek,Jsoup,81,org.jsoup.helper.DataUtil,True,1,COMPILE_FAIL,,,,,,,False,,,9.3,TEST_COMPILE_FAIL,orkspace/deepseek/TestCode/Jsoup_81b/DataUtilTest.java:194: error: cannot find symbol         byte[] contentBytes = content.getBytes(StandardCharsets.UTF_32BE);                                                                ^   symbol:   variable UTF_32BE   location: class StandardCharsets 2 errors 
deepseek,Jsoup,82,org.jsoup.helper.DataUtil,True,1,COMPILE_FAIL,,,,,,,False,,,9.5,TEST_COMPILE_FAIL,"stCode/Jsoup_82b/DataUtilTest.java:405: error: cannot find symbol         Document doc = DataUtil.parseByteData(data, null, ""http://example.com"", Parser.htmlParser());                                ^   symbol:   method parseByteData(byte[],<null>,String,Parser)   location: class DataUtil 41 errors "
deepseek,Jsoup,83,org.jsoup.parser.CharacterReader;org.jsoup.parser.TokeniserState,True,1,COMPILE_FAIL,,,,,,,False,,,9.4,TEST_COMPILE_FAIL,type CharacterReader /workspace/deepseek/TestCode/Jsoup_83b/CharacterReaderTest.java:518: error: cannot find symbol         String second = reader.consumeAsString(5);                               ^   symbol:   method consumeAsString(int)   location: variable reader of type CharacterReader 6 errors 
deepseek,Jsoup,84,org.jsoup.helper.W3CDom,True,1,COMPILE_FAIL,,,,,,,False,,,9.5,TEST_COMPILE_FAIL,"    ^ /workspace/deepseek/TestCode/Jsoup_84b/W3CDomTest.java:288: error: incompatible types: Element cannot be converted to Document         w3cDom.convert(jsoupDiv, null);                        ^ Note: Some messages have been simplified; recompile with -Xdiags:verbose to get full output 11 errors "
deepseek,Jsoup,86,org.jsoup.nodes.Comment,True,1,COMPILE_FAIL,,,,,,,False,,,9.6,TEST_COMPILE_FAIL,        ^   symbol:   method setData(String)   location: variable cloned of type Comment /workspace/deepseek/TestCode/Jsoup_86b/CommentTest.java:150: error: incompatible types: Node cannot be converted to Comment         Comment cloned = empty.clone();                                     ^ 7 errors 
deepseek,Jsoup,87,org.jsoup.nodes.Element;org.jsoup.parser.HtmlTreeBuilder;org.jsoup.parser.HtmlTreeBuilderState;org.jsoup.parser.Tag,True,1,COMPILE_FAIL,,,,,,,False,,,9.6,TEST_COMPILE_FAIL,"   Element found = p.closest(""body"");                          ^   symbol:   method closest(String)   location: variable p of type Element Note: /workspace/deepseek/TestCode/Jsoup_87b/ElementTest.java uses or overrides a deprecated API. Note: Recompile with -Xlint:deprecation for details. 10 errors "
deepseek,Jsoup,89,org.jsoup.nodes.Attribute,True,1,COMPILE_FAIL,,,,,,,False,,,9.6,TEST_COMPILE_FAIL," differ in length)     method Attribute.html(String,String,Appendable,OutputSettings) is not applicable       (actual and formal argument lists differ in length)     method Attribute.html(Appendable,OutputSettings) is not applicable       (actual and formal argument lists differ in length) 4 errors "
deepseek,Jsoup,8,org.jsoup.nodes.Node,False,1,COMPILE_FAIL,,,,,,,False,,,9.0,TEST_COMPILE_FAIL," the corresponding `NodeTest.java` test suite. Please provide the content of the Java source file (e.g., `Node.java`).                                                                                                                                                                           ^ 7 errors "
deepseek,Jsoup,85,org.jsoup.nodes.Attribute,True,1,SUCCESS,SUCCESS,34,11,34,11,,False,60.0,50.0,19.2,,
deepseek,Jsoup,90,org.jsoup.helper.HttpConnection,True,1,COMPILE_FAIL,,,,,,,False,,,9.4,TEST_COMPILE_FAIL,"onnectionTest.java:139: error: incompatible types: String cannot be converted to URL         String url = conn.encodeUrl(""http://example.com?q=hello   world"");                                     ^ Note: Some messages have been simplified; recompile with -Xdiags:verbose to get full output 19 errors "
deepseek,Jsoup,91,org.jsoup.UncheckedIOException;org.jsoup.parser.CharacterReader,True,1,COMPILE_FAIL,,,,,,,False,,,9.3,TEST_COMPILE_FAIL,Exception is ambiguous         UncheckedIOException unchecked = new UncheckedIOException(null);                                          ^   both constructor UncheckedIOException(IOException) in UncheckedIOException and constructor UncheckedIOException(String) in UncheckedIOException match 3 errors 
deepseek,Jsoup,88,org.jsoup.nodes.Attribute,True,1,SUCCESS,SUCCESS,21,8,21,8,,False,58.46,44.0,19.1,,
deepseek,Jsoup,92,org.jsoup.nodes.Attributes;org.jsoup.parser.HtmlTreeBuilder;org.jsoup.parser.ParseSettings;org.jsoup.parser.Token;org.jsoup.parser.XmlTreeBuilder,True,1,COMPILE_FAIL,,,,,,,False,,,9.2,TEST_COMPILE_FAIL,"seek/TestCode/Jsoup_92b/AttributesTest.java:109: error: incompatible types: Iterator<Attribute> cannot be converted to Iterator<Entry<String,String>>         Iterator<Map.Entry<String, String>> it = attributes.iterator();                                                                     ^ 1 error "
deepseek,Jsoup,93,org.jsoup.nodes.FormElement,True,1,COMPILE_FAIL,,,,,,,False,,,9.5,TEST_COMPILE_FAIL,r: package Connection does not exist         List<Connection.KeyVal> data = f.formData();                        ^ /workspace/deepseek/TestCode/Jsoup_93b/FormElementTest.java:498: error: package Connection does not exist         for (Connection.KeyVal kv : data) {                        ^ 44 errors 
deepseek,Jsoup,9,org.jsoup.nodes.Entities,False,1,COMPILE_FAIL,,,,,,,False,,,9.3,TEST_COMPILE_FAIL,                                                          ^ /workspace/deepseek/TestCode/Jsoup_9b/EntitiesTest.java:488: error: non-static method unescape(String) cannot be referenced from a static context         String result = Entities.unescape(input);                                 ^ 65 errors 
deepseek,JxPath,10,org.apache.commons.jxpath.ri.compiler.CoreOperationRelationalExpression,True,1,COMPILE_FAIL,,,,,,,False,,,9.5,TEST_COMPILE_FAIL," implement a method from a supertype         @Override         ^ /workspace/deepseek/TestCode/JxPath_10b/CoreOperationRelationalExpressionTest.java:24: error: cannot find symbol             return super.compare(left, right);                         ^   symbol: method compare(Object,Object) 5 errors "
deepseek,JxPath,11,org.apache.commons.jxpath.ri.model.dom.DOMAttributeIterator;org.apache.commons.jxpath.ri.model.jdom.JDOMAttributeIterator,True,1,COMPILE_FAIL,,,,,,,False,,,9.4,TEST_COMPILE_FAIL,"va:189: error: cannot find symbol         DOMAttributeIterator iterator = new DOMAttributeIterator(noAttrPointer, new QName(null, ""*""));                                                                                     ^   symbol:   class QName   location: class DOMAttributeIteratorTest 14 errors "
deepseek,JxPath,13,org.apache.commons.jxpath.ri.NamespaceResolver;org.apache.commons.jxpath.ri.model.dom.DOMNodePointer,True,1,COMPILE_FAIL,,,,,,,False,,,9.6,TEST_COMPILE_FAIL,"pace/deepseek/TestCode/JxPath_13b/NamespaceResolverTest.java:220: error: cannot find symbol         resolver.setNamespaceMap(new HashMap<String, String>());                 ^   symbol:   method setNamespaceMap(HashMap<String,String>)   location: variable resolver of type NamespaceResolver 11 errors "
deepseek,JxPath,14,org.apache.commons.jxpath.ri.compiler.CoreFunction,True,1,COMPILE_FAIL,,,,,,,False,,,9.6,TEST_COMPILE_FAIL,"   location: class CoreFunction /workspace/deepseek/TestCode/JxPath_14b/CoreFunctionTest.java:114: error: cannot find symbol         assertEquals(0, CoreFunction.count(new Object[]{}));                                     ^   symbol:   method count(Object[])   location: class CoreFunction 20 errors "
deepseek,JxPath,15,org.apache.commons.jxpath.ri.axes.UnionContext,True,1,COMPILE_FAIL,,,,,,,False,,,9.7,TEST_COMPILE_FAIL,"nContext cannot be applied to given types;         UnionContext innerUnion = new UnionContext(new EvalContext[] { unionCtx, ctx3 });                                   ^   required: EvalContext,EvalContext[]   found: EvalContext[]   reason: actual and formal argument lists differ in length 33 errors "
deepseek,JxPath,16,org.apache.commons.jxpath.ri.model.dom.DOMNodePointer;org.apache.commons.jxpath.ri.model.jdom.JDOMNodePointer,True,1,COMPILE_FAIL,,,,,,,False,,,9.8,TEST_COMPILE_FAIL,"21: error: reference to DOMNodePointer is ambiguous         DOMNodePointer pointer = new DOMNodePointer(null, null);                                  ^   both constructor DOMNodePointer(Node,Locale) in DOMNodePointer and constructor DOMNodePointer(NodePointer,Node) in DOMNodePointer match 36 errors "
deepseek,JxPath,17,org.apache.commons.jxpath.ri.model.dom.DOMAttributeIterator;org.apache.commons.jxpath.ri.model.jdom.JDOMAttributeIterator,True,1,COMPILE_FAIL,,,,,,,False,,,9.6,TEST_COMPILE_FAIL,"ce/deepseek/TestCode/JxPath_17b/DOMAttributeIteratorTest.java:283: error: cannot find symbol         assertNull(""Next should be null"", iterator.next());                                                   ^   symbol:   method next()   location: variable iterator of type DOMAttributeIterator 60 errors "
deepseek,JxPath,12,org.apache.commons.jxpath.ri.model.dom.DOMNodePointer,True,1,SUCCESS,SUCCESS,19,4,19,4,,False,41.44,36.63,19.9,,
deepseek,JxPath,18,org.apache.commons.jxpath.ri.axes.AttributeContext,True,1,COMPILE_FAIL,,,,,,,False,,,9.5,TEST_COMPILE_FAIL,ride or implement a method from a supertype                     @Override                     ^ /workspace/deepseek/TestCode/JxPath_18b/AttributeContextTest.java:479: error: method does not override or implement a method from a supertype                     @Override                     ^ 35 errors 
deepseek,JxPath,19,org.apache.commons.jxpath.ri.model.dom.DOMNodePointer;org.apache.commons.jxpath.ri.model.jdom.JDOMNodePointer,True,1,COMPILE_FAIL,,,,,,,False,,,9.5,TEST_COMPILE_FAIL," DOMNodePointer /workspace/deepseek/TestCode/JxPath_19b/DOMNodePointerTest.java:358: error: non-static method getPointerByID(JXPathContext,String) cannot be referenced from a static context         Pointer p = DOMNodePointer.getPointerByID(ctx, ""myid"");                                   ^ 10 errors "
deepseek,JxPath,20,org.apache.commons.jxpath.ri.compiler.CoreOperationRelationalExpression,True,1,COMPILE_FAIL,,,,,,,False,,,9.7,TEST_COMPILE_FAIL,"perationRelationalExpressionTest.java:297: error: cannot find symbol         eval(createExpr(num, bool, CoreOperationRelationalExpression.LT));                                                                     ^   symbol:   variable LT   location: class CoreOperationRelationalExpression 96 errors "
deepseek,JxPath,21,org.apache.commons.jxpath.ri.model.beans.PropertyPointer,True,1,COMPILE_FAIL,,,,,,,False,,,9.6,TEST_COMPILE_FAIL,"ter, ""0"");                                       ^ /workspace/deepseek/TestCode/JxPath_21b/PropertyPointerTest.java:126: error: PropertyPointer is abstract; cannot be instantiated         PropertyPointer nullParent = new PropertyPointer(null, ""test"");                                      ^ 6 errors "
deepseek,JxPath,22,org.apache.commons.jxpath.ri.model.dom.DOMNodePointer,True,1,COMPILE_FAIL,,,,,,,False,,,9.5,TEST_COMPILE_FAIL,"th /workspace/deepseek/TestCode/JxPath_22b/DOMNodePointerTest.java:421: error: cannot find symbol         assertNull(elemPointer.getAttributeValue(""attr""));                               ^   symbol:   method getAttributeValue(String)   location: variable elemPointer of type DOMNodePointer 12 errors "
deepseek,JxPath,2,org.apache.commons.jxpath.ri.compiler.Expression,False,1,COMPILE_FAIL,,,,,,,False,,,9.8,TEST_COMPILE_FAIL,ion expr;             ^   symbol:   class Expression   location: class ExpressionTest /workspace/deepseek/TestCode/JxPath_2b/ExpressionTest.java:25: error: cannot find symbol         expr = new Expression();                    ^   symbol:   class Expression   location: class ExpressionTest 2 errors 
deepseek,JxPath,3,org.apache.commons.jxpath.ri.model.beans.NullPropertyPointer,False,1,SUCCESS,SUCCESS,0,0,,,,False,,,12.9,RUNTIME_FAIL,no test results on fixed
deepseek,JxPath,6,org.apache.commons.jxpath.ri.compiler.CoreOperationCompare,True,1,COMPILE_FAIL,,,,,,,False,,,9.4,TEST_COMPILE_FAIL,"ath_6b/CoreOperationCompareTest.java:334: error: cannot find symbol         assertTrue(((Boolean) new CoreOperationLessThanOrEqual(a, b).eval()));                                                                     ^   symbol:   method eval()   location: class CoreOperationLessThanOrEqual 50 errors "
deepseek,JxPath,7,org.apache.commons.jxpath.ri.compiler.CoreOperationGreaterThan;org.apache.commons.jxpath.ri.compiler.CoreOperationGreaterThanOrEqual;org.apache.commons.jxpath.ri.compiler.CoreOperationLessThan;org.apache.commons.jxpath.ri.compiler.CoreOperationLessThanOrEqual;org.apache.commons.jxpath.ri.compiler.CoreOperationRelationalExpression,True,1,COMPILE_FAIL,,,,,,,False,,,9.5,TEST_COMPILE_FAIL,"ationGreaterThanTest.java:150: error: cannot find symbol         assertFalse(""Expected false for 0 > 0"", operation.compare(0, 0));                                                          ^   symbol:   method compare(int,int)   location: variable operation of type CoreOperationGreaterThan 14 errors "
deepseek,JxPath,8,org.apache.commons.jxpath.ri.compiler.CoreOperationRelationalExpression,False,1,COMPILE_FAIL,,,,,,,False,,,9.1,TEST_COMPILE_FAIL,/workspace/deepseek/TestCode/JxPath_8b/CoreOperationRelationalExpressionTest.java:1: error: <identifier> expected package some.package;              ^ 1 error 
deepseek,JxPath,4,org.apache.commons.jxpath.ri.model.dom.DOMNodePointer;org.apache.commons.jxpath.ri.model.jdom.JDOMNodePointer,False,1,SUCCESS,SUCCESS,1,1,1,1,,False,0.0,0.0,18.5,,
deepseek,JxPath,5,org.apache.commons.jxpath.ri.model.NodePointer,False,1,SUCCESS,SUCCESS,1,1,1,1,,False,0.0,0.0,18.1,,
deepseek,Lang,13,org.apache.commons.lang3.SerializationUtils,True,1,COMPILE_FAIL,,,,,,,False,,,9.4,TEST_COMPILE_FAIL,                                    ^ Note: /workspace/deepseek/TestCode/Lang_13b/SerializationUtilsTest.java uses or overrides a deprecated API. Note: Recompile with -Xlint:deprecation for details. Note: Some messages have been simplified; recompile with -Xdiags:verbose to get full output 9 errors 
deepseek,JxPath,9,org.apache.commons.jxpath.ri.compiler.CoreOperationCompare;org.apache.commons.jxpath.ri.compiler.CoreOperationEqual;org.apache.commons.jxpath.ri.compiler.CoreOperationNotEqual,False,1,SUCCESS,SUCCESS,1,1,1,1,,False,0.0,0.0,17.9,,
deepseek,Lang,14,org.apache.commons.lang3.StringUtils,True,1,COMPILE_FAIL,,,,,,,False,,,9.3,TEST_COMPILE_FAIL,"lsTest.java:274: error: cannot find symbol         assertEquals(""rotate(abc, 5) should rotate 2 steps"", ""cab"", StringUtils.rotate(""abc"", 5));                                                                                ^   symbol:   method rotate(String,int)   location: class StringUtils 8 errors "
deepseek,Lang,10,org.apache.commons.lang3.time.FastDateParser,True,1,SUCCESS,SUCCESS,35,12,35,13,org.apache.commons.lang3.time.FastDateParserTest#testLANG_831;org.apache.commons.lang3.time.FastDateParserTest#testParseMonthAndDayOfWeekWithExtraSpaces,True,65.07,53.66,18.8,,
deepseek,Lang,15,org.apache.commons.lang3.reflect.TypeUtils,True,1,COMPILE_FAIL,,,,,,,False,,,7.5,TEST_COMPILE_FAIL,"Lang_15b/TypeUtilsTest.java:210: error: getTypeArguments(Class<?>,Class<?>,Map<TypeVariable<?>,Type>) has private access in TypeUtils         Map<TypeVariable<?>, Type> result = TypeUtils.getTypeArguments(Thing.class, This.class, map);                                                      ^ 2 errors "
deepseek,Lang,16,org.apache.commons.lang3.math.NumberUtils,True,1,COMPILE_FAIL,,,,,,,False,,,7.5,TEST_COMPILE_FAIL," location: class NumberUtils /workspace/deepseek/TestCode/Lang_16b/NumberUtilsTest.java:322: error: cannot find symbol         assertEquals(0, NumberUtils.compare((byte) 1, (byte) 1));                                    ^   symbol:   method compare(byte,byte)   location: class NumberUtils 12 errors "
deepseek,Lang,19,org.apache.commons.lang3.text.translate.NumericEntityUnescaper,True,1,COMPILE_FAIL,,,,,,,False,,,7.3,TEST_COMPILE_FAIL,/workspace/deepseek/TestCode/Lang_19b/NumericEntityUnescaperTest.java:4: error: cannot find symbol import static org.junit.Assert.assertThrows; ^   symbol:   static assertThrows   location: class Assert 1 error 
deepseek,Lang,1,org.apache.commons.lang3.math.NumberUtils,False,1,COMPILE_FAIL,,,,,,,False,,,7.9,TEST_COMPILE_FAIL,"Parsable(String)   location: class NumberUtils /workspace/deepseek/TestCode/Lang_1b/NumberUtilsTest.java:431: error: cannot find symbol         assertFalse(NumberUtils.isParsable(""12 3""));                                ^   symbol:   method isParsable(String)   location: class NumberUtils 28 errors "
deepseek,Lang,17,org.apache.commons.lang3.text.translate.CharSequenceTranslator,True,1,SUCCESS,SUCCESS,20,4,20,6,org.apache.commons.lang3.text.translate.CharSequenceTranslatorTest#testTranslateToWriterSupplementaryCharAndAsciiNoOp;org.apache.commons.lang3.text.translate.CharSequenceTranslatorTest#testTranslateSupplementaryCharFollowedByAsciiNoOp,True,83.33,100.0,14.9,,
deepseek,Lang,21,org.apache.commons.lang3.time.DateUtils,True,1,COMPILE_FAIL,,,,,,,False,,,8.0,TEST_COMPILE_FAIL,"     ^ /workspace/deepseek/TestCode/Lang_21b/DateUtilsTest.java:566: error: incompatible types: Calendar cannot be converted to Date         DateUtils.setHours(cal, 20);                            ^ Note: Some messages have been simplified; recompile with -Xdiags:verbose to get full output 5 errors "
deepseek,Lang,22,org.apache.commons.lang3.math.Fraction,True,1,COMPILE_FAIL,,,,,,,False,,,7.8,TEST_COMPILE_FAIL,"hod divide(Fraction)   location: variable half of type Fraction /workspace/deepseek/TestCode/Lang_22b/FractionTest.java:193: error: cannot find symbol         big.divide(Fraction.getFraction(1, 2));            ^   symbol:   method divide(Fraction)   location: variable big of type Fraction 11 errors "
deepseek,Lang,20,org.apache.commons.lang3.StringUtils,True,1,SUCCESS,SUCCESS,45,25,45,25,,False,4.31,2.97,15.5,,
deepseek,Lang,23,org.apache.commons.lang3.text.ExtendedMessageFormat,True,1,COMPILE_FAIL,,,,,,,False,,,8.0,TEST_COMPILE_FAIL,"  (argument mismatch; Map<String,CAP#1> cannot be converted to Map<String,? extends FormatFactory>)   where CAP#1 is a fresh type-variable:     CAP#1 extends Format from capture of ? extends Format Note: Some messages have been simplified; recompile with -Xdiags:verbose to get full output 38 errors "
deepseek,Lang,24,org.apache.commons.lang3.math.NumberUtils,True,1,COMPILE_FAIL,,,,,,,False,,,7.7,TEST_COMPILE_FAIL,"cation: class NumberUtils /workspace/deepseek/TestCode/Lang_24b/NumberUtilsTest.java:449: error: cannot find symbol         assertTrue(NumberUtils.compare(Double.NaN, Double.NaN) == 0);                               ^   symbol:   method compare(double,double)   location: class NumberUtils 20 errors "
deepseek,Lang,26,org.apache.commons.lang3.time.FastDateFormat,True,1,COMPILE_FAIL,,,,,,,False,,,7.6,TEST_COMPILE_FAIL,"matTest.java:321: error: cannot find symbol         Date parsed = fdf.parse(""2009-12-31"");                          ^   symbol:   method parse(String)   location: variable fdf of type FastDateFormat Note: Some messages have been simplified; recompile with -Xdiags:verbose to get full output 6 errors "
deepseek,Lang,29,org.apache.commons.lang3.SystemUtils,True,1,COMPILE_FAIL,,,,,,,False,,,7.4,TEST_COMPILE_FAIL,"                                                           ^ /workspace/deepseek/TestCode/Lang_29b/SystemUtilsTest.java:232: error: toVersionInt(int[]) has private access in SystemUtils         int result = SystemUtils.toVersionInt(new int[]{1000, 0, 0});                                 ^ 28 errors "
deepseek,Lang,30,org.apache.commons.lang3.StringUtils,True,1,COMPILE_FAIL,,,,,,,False,,,7.3,TEST_COMPILE_FAIL," 😀                ^ /workspace/deepseek/TestCode/Lang_30b/StringUtilsTest.java:263: error: variable search is already defined in method testIndexOfAny_SupplementaryChars_CharArray()         char[] search = {'\uD83D', '\uDE01'}; // high surrogate of 😀 and low surrogate of 😁                ^ 2 errors "
deepseek,Lang,27,org.apache.commons.lang3.math.NumberUtils,True,1,SUCCESS,SUCCESS,36,6,36,6,,False,40.16,33.15,14.7,,
deepseek,Lang,28,org.apache.commons.lang3.text.translate.NumericEntityUnescaper,True,1,SUCCESS,SUCCESS,32,11,32,14,org.apache.commons.lang3.text.translate.NumericEntityUnescaperTest#testSupplementaryUnescapingHex;org.apache.commons.lang3.text.translate.NumericEntityUnescaperTest#testMaxCodePoint;org.apache.commons.lang3.text.translate.NumericEntityUnescaperTest#testSupplementaryUnescapingHexLowercaseX;org.apache.commons.lang3.text.translate.NumericEntityUnescaperTest#testSupplementaryUnescapingDecimal,True,100.0,100.0,14.8,,
deepseek,Lang,32,org.apache.commons.lang3.builder.HashCodeBuilder,True,1,COMPILE_FAIL,,,,,,,False,,,7.5,TEST_COMPILE_FAIL," declared in method <T#1>reflectionHashCode(int,int,T#1,boolean,Class<? super T#1>)     T#2 extends Object declared in method <T#2>reflectionHashCode(int,int,T#2,boolean,Class<? super T#2>,String[]) Note: Some messages have been simplified; recompile with -Xdiags:verbose to get full output 5 errors "
deepseek,Lang,33,org.apache.commons.lang3.ClassUtils,True,1,COMPILE_FAIL,,,,,,,False,,,7.5,TEST_COMPILE_FAIL,"seek/TestCode/Lang_33b/ClassUtilsTest.java:107: error: cannot find symbol         assertEquals(""j.l.String"", ClassUtils.getAbbreviatedName(String.class, 3));                                              ^   symbol:   method getAbbreviatedName(Class<String>,int)   location: class ClassUtils 2 errors "
deepseek,Lang,34,org.apache.commons.lang3.builder.ToStringStyle,True,1,COMPILE_FAIL,,,,,,,False,,,7.8,TEST_COMPILE_FAIL,"actual and formal argument lists differ in length)     method ToStringStyle.append(StringBuffer,String,boolean[],Boolean) is not applicable       (actual and formal argument lists differ in length) Note: Some messages have been simplified; recompile with -Xdiags:verbose to get full output 57 errors "
deepseek,Lang,31,org.apache.commons.lang3.StringUtils,True,1,SUCCESS,SUCCESS,65,14,65,14,,False,22.82,21.33,15.1,,
deepseek,Lang,35,org.apache.commons.lang3.ArrayUtils,True,1,COMPILE_FAIL,,,,,,,False,,,7.6,TEST_COMPILE_FAIL,"ring[],String)   location: class ArrayUtils /workspace/deepseek/TestCode/Lang_35b/ArrayUtilsTest.java:518: error: cannot find symbol         int[] result = ArrayUtils.addFirst(array, 1);                                  ^   symbol:   method addFirst(int[],int)   location: class ArrayUtils 20 errors "
deepseek,Lang,37,org.apache.commons.lang3.ArrayUtils,True,1,COMPILE_FAIL,,,,,,,False,,,7.7,TEST_COMPILE_FAIL,"[] cannot be converted to double[])   where T#1,T#2 are type-variables:     T#1 extends Object declared in method <T#1>add(T#1[],T#1)     T#2 extends Object declared in method <T#2>add(T#2[],int,T#2) Note: Some messages have been simplified; recompile with -Xdiags:verbose to get full output 1 error "
deepseek,Lang,38,org.apache.commons.lang3.time.FastDateFormat,True,1,COMPILE_FAIL,,,,,,,False,,,7.6,TEST_COMPILE_FAIL,/workspace/deepseek/TestCode/Lang_38b/FastDateFormatTest.java:147: error: cannot find symbol         Date parsed = fdf.parse(source);                          ^   symbol:   method parse(String)   location: variable fdf of type FastDateFormat 1 error 
deepseek,Lang,39,org.apache.commons.lang3.StringUtils,True,1,COMPILE_FAIL,,,,,,,False,,,7.9,TEST_COMPILE_FAIL,"als(""abc"", StringUtils.replaceOnceIgnoreCase(""abc"", ""d"", ""x""));                                        ^   symbol:   method replaceOnceIgnoreCase(String,String,String)   location: class StringUtils Note: Some messages have been simplified; recompile with -Xdiags:verbose to get full output 50 errors "
deepseek,Lang,36,org.apache.commons.lang3.math.NumberUtils,True,1,SUCCESS,SUCCESS,31,5,31,6,org.apache.commons.lang3.math.NumberUtilsTest#testIsNumberValidDoubleTrailingDot,True,33.42,32.1,15.2,,
deepseek,Lang,3,org.apache.commons.lang3.math.NumberUtils,False,1,COMPILE_FAIL,,,,,,,False,,,7.8,TEST_COMPILE_FAIL,"TestCode/Lang_3b/NumberUtilsTest.java:268: error: cannot find symbol         assertTrue(""compare(10,2) should be positive"", NumberUtils.compare(10, 2) > 0);                                                                   ^   symbol:   method compare(int,int)   location: class NumberUtils 3 errors "
deepseek,Lang,40,org.apache.commons.lang.StringUtils,True,1,COMPILE_FAIL,,,,,,,False,,,7.3,TEST_COMPILE_FAIL,"ava:1: error: illegal character: '`' ```java  ^ /workspace/deepseek/TestCode/Lang_40b/StringUtilsTest.java:1: error: illegal character: '`' ```java   ^ /workspace/deepseek/TestCode/Lang_40b/StringUtilsTest.java:2: error: class, interface, or enum expected package org.apache.commons.lang; ^ 4 errors "
deepseek,Lang,41,org.apache.commons.lang.ClassUtils,True,1,COMPILE_FAIL,,,,,,,False,,,7.7,TEST_COMPILE_FAIL,"tCode/Lang_41b/ClassUtilsTest.java:128: error: cannot find symbol         assertEquals(""j.l.String[]"", ClassUtils.getAbbreviatedName(String[].class, 5));                                                ^   symbol:   method getAbbreviatedName(Class<String[]>,int)   location: class ClassUtils 4 errors "
deepseek,Lang,42,org.apache.commons.lang.Entities,True,1,COMPILE_FAIL,,,,,,,False,,,7.7,TEST_COMPILE_FAIL,"ML40.escape(sw, ""&"");                                           ^ /workspace/deepseek/TestCode/Lang_42b/EntitiesTest.java:242: error: incompatible types: void cannot be converted to int         int count = Entities.HTML40.unescape(sw, ""&amp;"");                                             ^ 4 errors "
deepseek,Lang,45,org.apache.commons.lang.WordUtils,True,1,COMPILE_FAIL,,,,,,,False,,,8.2,TEST_COMPILE_FAIL,"rdUtils /workspace/deepseek/TestCode/Lang_45b/WordUtilsTest.java:526: error: cannot find symbol         assertFalse(WordUtils.containsAllWords(""Hello World"", ""Hello"", """"));                              ^   symbol:   method containsAllWords(String,String,String)   location: class WordUtils 11 errors "
deepseek,Lang,43,org.apache.commons.lang.text.ExtendedMessageFormat,True,1,SUCCESS,SUCCESS,43,11,43,11,,False,54.49,35.35,16.8,,
deepseek,Lang,44,org.apache.commons.lang.NumberUtils,True,1,SUCCESS,SUCCESS,74,21,74,21,,False,64.06,62.27,16.6,,
deepseek,Lang,46,org.apache.commons.lang.StringEscapeUtils,True,1,SUCCESS,SUCCESS,45,9,45,11,org.apache.commons.lang.StringEscapeUtilsTest#testEscapeJavaWithSlash;org.apache.commons.lang.StringEscapeUtilsTest#testEscapeJavaForwardSlashNotEscaped,True,59.01,59.63,16.6,,
deepseek,Lang,49,org.apache.commons.lang.math.Fraction,True,1,COMPILE_FAIL,,,,,,,False,,,8.0,TEST_COMPILE_FAIL,hod divide(Fraction)   location: variable oneHalf of type Fraction /workspace/deepseek/TestCode/Lang_49b/FractionTest.java:262: error: cannot find symbol         oneHalf.divide(zeroFraction);                ^   symbol:   method divide(Fraction)   location: variable oneHalf of type Fraction 7 errors 
deepseek,Lang,4,org.apache.commons.lang3.text.translate.LookupTranslator,False,1,COMPILE_FAIL,,,,,,,False,,,8.1,TEST_COMPILE_FAIL,".translate(""hello"", 0, writer);                             ^ /workspace/deepseek/TestCode/Lang_4b/LookupTranslatorTest.java:349: error: unreported exception IOException; must be caught or declared to be thrown         translator.translate(""test"", 0, writer);                             ^ 35 errors "
deepseek,Lang,47,org.apache.commons.lang.text.StrBuilder,True,1,SUCCESS,SUCCESS,26,5,26,5,,False,13.57,9.68,16.0,,
deepseek,Lang,51,org.apache.commons.lang.BooleanUtils,True,1,COMPILE_FAIL,,,,,,,False,,,7.9,TEST_COMPILE_FAIL,"[])   location: class BooleanUtils /workspace/deepseek/TestCode/Lang_51b/BooleanUtilsTest.java:256: error: cannot find symbol         assertFalse(BooleanUtils.or(new boolean[]{false, false}));                                 ^   symbol:   method or(boolean[])   location: class BooleanUtils 8 errors "
deepseek,Lang,52,org.apache.commons.lang.StringEscapeUtils,True,1,COMPILE_FAIL,,,,,,,False,,,7.7,TEST_COMPILE_FAIL,"/workspace/deepseek/TestCode/Lang_52b/StringEscapeUtilsTest.java:362: error: illegal escape character         String input = ""vertical\vtab"";                                  ^ 1 error "
deepseek,Lang,53,org.apache.commons.lang.time.DateUtils,True,1,COMPILE_FAIL,,,,,,,False,,,8.1,TEST_COMPILE_FAIL,"n DateUtils match /workspace/deepseek/TestCode/Lang_53b/DateUtilsTest.java:296: error: reference to truncate is ambiguous         DateUtils.truncate(null, Calendar.MINUTE);                  ^   both method truncate(Date,int) in DateUtils and method truncate(Calendar,int) in DateUtils match 2 errors "
deepseek,Lang,50,org.apache.commons.lang.time.FastDateFormat,True,1,SUCCESS,SUCCESS,31,6,31,4,,False,66.88,54.82,16.4,,
deepseek,Lang,55,org.apache.commons.lang.time.StopWatch,True,1,COMPILE_FAIL,,,,,,,False,,,7.8,TEST_COMPILE_FAIL,"k/TestCode/Lang_55b/StopWatchTest.java:226: error: cannot find symbol         assertFalse(""Initial state should not be running"", watch.isStarted());                                                                 ^   symbol:   method isStarted()   location: variable watch of type StopWatch 2 errors "
deepseek,Lang,56,org.apache.commons.lang.time.FastDateFormat,True,1,COMPILE_FAIL,,,,,,,False,,,7.6,TEST_COMPILE_FAIL,"l:   method parse(String)   location: variable fdf of type FastDateFormat /workspace/deepseek/TestCode/Lang_56b/FastDateFormatTest.java:214: error: cannot find symbol         fdf.parse(""invalid"");            ^   symbol:   method parse(String)   location: variable fdf of type FastDateFormat 2 errors "
deepseek,Lang,57,org.apache.commons.lang.LocaleUtils,True,1,COMPILE_FAIL,,,,,,,False,,,7.6,TEST_COMPILE_FAIL, assertTrue(countries.contains(Locale.GB));                                             ^   symbol:   variable GB   location: class Locale Note: /workspace/deepseek/TestCode/Lang_57b/LocaleUtilsTest.java uses unchecked or unsafe operations. Note: Recompile with -Xlint:unchecked for details. 1 error 
deepseek,Lang,54,org.apache.commons.lang.LocaleUtils,True,1,SUCCESS,SUCCESS,31,8,31,6,,False,55.56,53.03,15.5,,
deepseek,Lang,59,org.apache.commons.lang.text.StrBuilder,True,1,COMPILE_FAIL,,,,,,,False,,,7.5,TEST_COMPILE_FAIL,le       (argument mismatch; StrBuilder cannot be converted to int)     constructor StrBuilder.StrBuilder(String) is not applicable       (argument mismatch; StrBuilder cannot be converted to String) Note: Some messages have been simplified; recompile with -Xdiags:verbose to get full output 1 error 
deepseek,Lang,5,org.apache.commons.lang3.LocaleUtils,False,1,COMPILE_FAIL,,,,,,,False,,,7.4,TEST_COMPILE_FAIL, LocaleUtils   location: class LocaleUtilsTest /workspace/deepseek/TestCode/Lang_5b/LocaleUtilsTest.java:384: error: cannot find symbol         for (Locale l : LocaleUtils.availableLocaleList()) {                         ^   symbol:   variable LocaleUtils   location: class LocaleUtilsTest 52 errors 
deepseek,Lang,58,org.apache.commons.lang.math.NumberUtils,True,1,SUCCESS,SUCCESS,38,10,38,11,org.apache.commons.lang.math.NumberUtilsTest#testCreateNumber_Lang300,True,33.64,26.43,14.9,,
deepseek,Lang,61,org.apache.commons.lang.text.StrBuilder,True,1,COMPILE_FAIL,,,,,,,False,,,7.5,TEST_COMPILE_FAIL,"b.replace("""", ""x"");           ^     method StrBuilder.replace(int,int,String) is not applicable       (actual and formal argument lists differ in length)     method StrBuilder.replace(StrMatcher,String,int,int,int) is not applicable       (actual and formal argument lists differ in length) 3 errors "
deepseek,Lang,60,org.apache.commons.lang.text.StrBuilder,True,1,SUCCESS,SUCCESS,58,5,58,6,org.apache.commons.lang.text.StrBuilderTest#testContainsCharAfterSetLength,True,31.86,23.71,15.6,,
deepseek,Lang,62,org.apache.commons.lang.Entities,True,1,SUCCESS,SUCCESS,35,3,35,6,org.apache.commons.lang.EntitiesTest#testUnescapeHexEntityOverflow;org.apache.commons.lang.EntitiesTest#testNumberOverflow;org.apache.commons.lang.EntitiesTest#testUnescapeNumericEntityOverflow,True,41.7,40.43,16.1,,
deepseek,Lang,63,org.apache.commons.lang.time.DurationFormatUtils,True,1,SUCCESS,SUCCESS,29,9,29,9,,False,77.82,70.68,16.4,,
deepseek,Lang,65,org.apache.commons.lang.time.DateUtils,True,1,COMPILE_FAIL,,,,,,,False,,,8.4,TEST_COMPILE_FAIL," GregorianCalendar.GregorianCalendar(int,int,int,int,int,int) is not applicable       (actual and formal argument lists differ in length)     constructor GregorianCalendar.GregorianCalendar(TimeZone,Locale,boolean) is not applicable       (actual and formal argument lists differ in length) 7 errors "
deepseek,Lang,64,org.apache.commons.lang.enums.ValuedEnum,True,1,SUCCESS,SUCCESS,24,23,24,23,,False,18.18,14.29,16.8,,
deepseek,Lang,7,org.apache.commons.lang3.math.NumberUtils,True,1,COMPILE_FAIL,,,,,,,False,,,8.7,TEST_COMPILE_FAIL,"BigInteger   location: class NumberUtilsTest /workspace/deepseek/TestCode/Lang_7b/NumberUtilsTest.java:436: error: cannot find symbol         asserEquals(Float.type, NumberUtils.createNumber(""-1.5f"").getClass());                          ^   symbol:   variable type   location: class Float 21 errors "
deepseek,Lang,8,org.apache.commons.lang3.time.FastDatePrinter,False,1,COMPILE_FAIL,,,,,,,False,,,8.7,TEST_COMPILE_FAIL,"eepseek/TestCode/Lang_8b/FastDatePrinterTest.java:300: error: cannot find symbol         FastDatePrinter printer = new FastDatePrinter(""yyyy"", TimeZone.getDefault(), Locale.US);                                       ^   symbol:   class FastDatePrinter   location: class FastDatePrinterTest 48 errors "
deepseek,Lang,9,org.apache.commons.lang3.time.FastDateParser,False,1,COMPILE_FAIL,,,,,,,False,,,9.3,TEST_COMPILE_FAIL,"/workspace/deepseek/TestCode/Lang_9b/FastDateParserTest.java:214: error: unclosed string literal         asseetParseDate(""yyyy-MM-dd"", ""2019-02-29"", 2019-02-29""); // 2019 not leap                                                               ^ 1 error "
deepseek,Lang,6,org.apache.commons.lang3.text.translate.CharSequenceTranslator,True,1,SUCCESS,SUCCESS,14,1,14,1,,False,76.67,100.0,18.2,,
deepseek,Math,100,org.apache.commons.math.estimation.AbstractEstimator,True,1,COMPILE_FAIL,,,,,,,False,,,16.6,TEST_COMPILE_FAIL,de/Math_100b/AbstractEstimatorTest.java:248: error: method estimate in class AbstractEstimator cannot be applied to given types;         estimator.estimate();                  ^   required: EstimationProblem   found: no arguments   reason: actual and formal argument lists differ in length 35 errors 
deepseek,Math,101,org.apache.commons.math.complex.ComplexFormat,True,1,COMPILE_FAIL,,,,,,,False,,,16.6,TEST_COMPILE_FAIL,"Math_101b/ComplexFormatTest.java:289: error: incompatible types: NumberFormat cannot be converted to String         new ComplexFormat(realFormat, imaginaryFormat, null);                           ^ Note: Some messages have been simplified; recompile with -Xdiags:verbose to get full output 11 errors "
deepseek,Math,102,org.apache.commons.math.stat.inference.ChiSquareTestImpl,True,1,COMPILE_FAIL,,,,,,,False,,,15.6,TEST_COMPILE_FAIL,"de/Math_102b/ChiSquareTestImplTest.java:547: error: unreported exception MathException; must be caught or declared to be thrown         boolean result = testImpl.chiSquareTestDataSetsComparison(observed1, observed2, 0.05);                                                                  ^ 55 errors "
deepseek,Math,103,org.apache.commons.math.distribution.NormalDistributionImpl,True,1,COMPILE_FAIL,,,,,,,False,,,15.0,TEST_COMPILE_FAIL,"de/Math_103b/NormalDistributionImplTest.java:52: error: cannot find symbol         assertEquals(0.08065690817304779, dist.density(-1.0), DENSITY_TOL);                                               ^   symbol:   method density(double)   location: variable dist of type NormalDistributionImpl 6 errors "
deepseek,Math,104,org.apache.commons.math.special.Gamma,True,1,COMPILE_FAIL,,,,,,,False,,,14.0,TEST_COMPILE_FAIL,"                                        ^ /workspace/deepseek/TestCode/Math_104b/GammaTest.java:196: error: unreported exception MathException; must be caught or declared to be thrown         double p_a1 = Gamma.regularizedGammaP(a + 1.0, x);                                              ^ 20 errors "
deepseek,Math,105,org.apache.commons.math.stat.regression.SimpleRegression,True,1,COMPILE_FAIL,,,,,,,False,,,13.9,TEST_COMPILE_FAIL, of type SimpleRegression /workspace/deepseek/TestCode/Math_105b/SimpleRegressionTest.java:421: error: cannot find symbol         regression.removeData((double[][]) null);                   ^   symbol:   method removeData(double[][])   location: variable regression of type SimpleRegression 8 errors 
deepseek,Lang,11,org.apache.commons.lang3.RandomStringUtils,True,1,SUCCESS,SUCCESS,0,0,,,,False,,,190.9,TIMEOUT_FIXED,fixed run exceeded 180s
deepseek,Lang,12,org.apache.commons.lang3.RandomStringUtils,True,1,SUCCESS,SUCCESS,0,0,,,,False,,,190.9,TIMEOUT_FIXED,fixed run exceeded 180s
deepseek,Math,11,org.apache.commons.math3.distribution.MultivariateNormalDistribution,True,1,COMPILE_FAIL,,,,,,,False,,,14.1,TEST_COMPILE_FAIL,Code/Math_11b/MultivariateNormalDistributionTest.java:265: error: cannot find symbol             double logDensity = dist2D.logDensity(point);                                       ^   symbol:   method logDensity(double[])   location: variable dist2D of type MultivariateNormalDistribution 10 errors 
deepseek,Math,12,org.apache.commons.math3.random.BitsStreamGenerator,True,1,COMPILE_FAIL,,,,,,,False,,,13.9,TEST_COMPILE_FAIL,e/deepseek/TestCode/Math_12b/BitsStreamGeneratorTest.java:24: error: TestableBitsStreamGenerator is not abstract and does not override abstract method setSeed(long) in BitsStreamGenerator     private static class TestableBitsStreamGenerator extends BitsStreamGenerator {                    ^ 1 error 
deepseek,Math,13,org.apache.commons.math3.optimization.general.AbstractLeastSquaresOptimizer,True,1,COMPILE_FAIL,,,,,,,False,,,13.9,TEST_COMPILE_FAIL,/workspace/deepseek/TestCode/Math_13b/AbstractLeastSquaresOptimizerTest.java:168: error: ';' expected         double expectedA = (2*1*1 + 1*2*2) / (2*1*1 + 1*2*2) = (2+4)/(2+4)=6/6=1.0                                                                                   ^ 1 error 
deepseek,Math,106,org.apache.commons.math.fraction.ProperFractionFormat,True,1,SUCCESS,SUCCESS,72,29,72,30,org.apache.commons.math.fraction.ProperFractionFormatTest#testParseNegativeWholeWithNegativeFraction,True,84.13,73.68,24.5,,
deepseek,Math,10,org.apache.commons.math3.analysis.differentiation.DSCompiler,True,1,SUCCESS,SUCCESS,25,16,25,16,,False,33.94,40.56,24.4,,
deepseek,Math,14,org.apache.commons.math3.optim.nonlinear.vector.jacobian.AbstractLeastSquaresOptimizer;org.apache.commons.math3.optim.nonlinear.vector.Weight,True,1,COMPILE_FAIL,,,,,,,False,,,14.9,TEST_COMPILE_FAIL,"be applied to given types;         optimizer.optimize(                  ^   required: OptimizationData[]   found: Target,Weight,InitialGuess,MultivariateVectorFunction,MultivariateMatrixFunction   reason: varargs mismatch; MultivariateVectorFunction cannot be converted to OptimizationData 47 errors "
deepseek,Math,15,org.apache.commons.math3.util.FastMath,True,1,COMPILE_FAIL,,,,,,,False,,,14.4,TEST_COMPILE_FAIL,"00000000L, FastMath.round(1e20));                                     ^ /workspace/deepseek/TestCode/Math_15b/FastMathTest.java:592: error: integer number too large         assertEquals(""round(-1e20)"", -100000000000000000000L, FastMath.round(-1e20));                                       ^ 2 errors "
deepseek,Math,16,org.apache.commons.math3.util.FastMath,True,1,COMPILE_FAIL,,,,,,,False,,,15.1,TEST_COMPILE_FAIL,/FastMathTest.java:923: error: incompatible types: possible lossy conversion from double to float         assertTrue(Float.isNaN(FastMath.sqrt(-1.0f)));                                             ^ Note: Some messages have been simplified; recompile with -Xdiags:verbose to get full output 5 errors 
deepseek,Math,17,org.apache.commons.math3.dfp.Dfp,True,1,COMPILE_FAIL,,,,,,,False,,,15.1,TEST_COMPILE_FAIL,"s not applicable       (argument mismatch; Dfp cannot be converted to double)     constructor Dfp.Dfp(DfpField,String) is not applicable       (argument mismatch; Dfp cannot be converted to String) Note: Some messages have been simplified; recompile with -Xdiags:verbose to get full output 23 errors "
deepseek,Math,18,org.apache.commons.math3.optimization.direct.CMAESOptimizer,True,1,COMPILE_FAIL,,,,,,,False,,,15.3,TEST_COMPILE_FAIL,"applicable       (actual and formal argument lists differ in length)     constructor CMAESOptimizer.CMAESOptimizer(int,double[],int,double,boolean,int,int,RandomGenerator,boolean,ConvergenceChecker<PointValuePair>) is not applicable       (actual and formal argument lists differ in length) 3 errors "
deepseek,Math,19,org.apache.commons.math3.optimization.direct.CMAESOptimizer,True,1,COMPILE_FAIL,,,,,,,False,,,15.5,TEST_COMPILE_FAIL,"double[]) is not applicable       (actual and formal argument lists differ in length)     method BaseAbstractMultivariateSimpleBoundsOptimizer.optimize(int,MultivariateFunction,GoalType,double[],double[],double[]) is not applicable       (actual and formal argument lists differ in length) 33 errors "
deepseek,Math,20,org.apache.commons.math3.optimization.direct.CMAESOptimizer,True,1,COMPILE_FAIL,,,,,,,False,,,15.4,TEST_COMPILE_FAIL,"olean cannot be converted to RandomGenerator         new CMAESOptimizer(10, sigma, 10000, 1e-12, true, 0, 0, false, random, false);                                                                 ^ Note: Some messages have been simplified; recompile with -Xdiags:verbose to get full output 17 errors "
deepseek,Math,21,org.apache.commons.math3.linear.RectangularCholeskyDecomposition,True,1,COMPILE_FAIL,,,,,,,False,,,15.5,TEST_COMPILE_FAIL,ek/TestCode/Math_21b/RectangularCholeskyDecompositionTest.java:360: error: cannot find symbol         thrown.expect(NotPositiveDefiniteMatrixException.class);                       ^   symbol:   class NotPositiveDefiniteMatrixException   location: class RectangularCholeskyDecompositionTest 6 errors 
deepseek,Math,23,org.apache.commons.math3.optimization.univariate.BrentOptimizer,True,1,COMPILE_FAIL,,,,,,,False,,,15.4,TEST_COMPILE_FAIL,eepseek/TestCode/Math_23b/BrentOptimizerTest.java:237: error: cannot find symbol         UnivariateObjectiveFunction obj = new UnivariateObjectiveFunction(f);                                               ^   symbol:   class UnivariateObjectiveFunction   location: class BrentOptimizerTest 71 errors 
deepseek,Math,24,org.apache.commons.math3.optimization.univariate.BrentOptimizer,True,1,COMPILE_FAIL,,,,,,,False,,,15.1,TEST_COMPILE_FAIL,"pseek/TestCode/Math_24b/BrentOptimizerTest.java:191: error: cannot find symbol         double result = negOptimizer.optimize(100, f, GOAL_TYPE.MINIMIZE, -10, 10, 0);                                                       ^   symbol:   variable GOAL_TYPE   location: class BrentOptimizerTest 14 errors "
deepseek,Math,25,org.apache.commons.math3.optimization.fitting.HarmonicFitter,True,1,COMPILE_FAIL,,,,,,,False,,,15.4,TEST_COMPILE_FAIL,tterTest /workspace/deepseek/TestCode/Math_25b/HarmonicFitterTest.java:294: error: cannot find symbol         WeightedObservedPoints obs = new WeightedObservedPoints();                                          ^   symbol:   class WeightedObservedPoints   location: class HarmonicFitterTest 40 errors 
deepseek,Math,22,org.apache.commons.math3.distribution.FDistribution;org.apache.commons.math3.distribution.UniformRealDistribution,True,1,SUCCESS,SUCCESS,29,11,29,10,,False,60.47,50.0,27.0,,
deepseek,Math,29,org.apache.commons.math3.linear.OpenMapRealVector,True,1,COMPILE_FAIL,,,,,,,False,,,14.3,TEST_COMPILE_FAIL,od isZero()   location: variable v of type OpenMapRealVector /workspace/deepseek/TestCode/Math_29b/OpenMapRealVectorTest.java:564: error: cannot find symbol         assertFalse(v.isZero());                      ^   symbol:   method isZero()   location: variable v of type OpenMapRealVector 20 errors 
deepseek,Math,26,org.apache.commons.math3.fraction.Fraction,True,1,SUCCESS,SUCCESS,68,13,68,13,,False,78.57,67.02,27.2,,
deepseek,Math,27,org.apache.commons.math3.fraction.Fraction,True,1,SUCCESS,SUCCESS,43,2,43,2,,False,57.14,47.87,26.4,,
deepseek,Math,28,org.apache.commons.math3.optimization.linear.SimplexSolver,True,1,SUCCESS,SUCCESS,10,4,10,4,,False,74.07,53.85,26.5,,
deepseek,Math,2,org.apache.commons.math3.distribution.HypergeometricDistribution,False,1,SUCCESS,SUCCESS,47,3,47,3,,False,89.19,84.62,27.5,,
deepseek,Math,31,org.apache.commons.math3.util.ContinuedFraction,True,1,COMPILE_FAIL,,,,,,,False,,,15.0,TEST_COMPILE_FAIL,"rgument lists differ in length)     method ContinuedFraction.evaluate(double,int) is not applicable       (actual and formal argument lists differ in length)     method ContinuedFraction.evaluate(double,double,int) is not applicable       (actual and formal argument lists differ in length) 2 errors "
deepseek,Math,32,org.apache.commons.math3.geometry.euclidean.twod.PolygonsSet,True,1,COMPILE_FAIL,,,,,,,False,,,14.6,TEST_COMPILE_FAIL,ot be converted to Vector2D[]         Vector2D[] vertices = withHole.getVertices();                                                   ^ Note: /workspace/deepseek/TestCode/Math_32b/PolygonsSetTest.java uses or overrides a deprecated API. Note: Recompile with -Xlint:deprecation for details. 22 errors 
deepseek,Math,30,org.apache.commons.math3.stat.inference.MannWhitneyUTest,True,1,SUCCESS,SUCCESS,28,14,28,14,,False,91.18,100.0,27.4,,
deepseek,Math,33,org.apache.commons.math3.optimization.linear.SimplexTableau,True,1,COMPILE_FAIL,,,,,,,False,,,15.2,TEST_COMPILE_FAIL," location: variable tableau of type SimplexTableau /workspace/deepseek/TestCode/Math_33b/SimplexTableauTest.java:298: error: cannot find symbol         tableau.performPivot(0, 0);                ^   symbol:   method performPivot(int,int)   location: variable tableau of type SimplexTableau 24 errors "
deepseek,Math,34,org.apache.commons.math3.genetics.ListPopulation,True,1,COMPILE_FAIL,,,,,,,False,,,15.4,TEST_COMPILE_FAIL,bol         population.clear();                   ^   symbol:   method clear()   location: variable population of type ListPopulation Note: /workspace/deepseek/TestCode/Math_34b/ListPopulationTest.java uses or overrides a deprecated API. Note: Recompile with -Xlint:deprecation for details. 6 errors 
deepseek,Math,37,org.apache.commons.math.complex.Complex,True,1,COMPILE_FAIL,,,,,,,False,,,15.0,TEST_COMPILE_FAIL,"ation: class Complex /workspace/deepseek/TestCode/Math_37b/ComplexTest.java:96: error: cannot find symbol         assertEquals(-Math.PI / 2.0, new Complex(0.0, -1.0).arg(), EPS);                                                            ^   symbol:   method arg()   location: class Complex 4 errors "
deepseek,Math,38,org.apache.commons.math.optimization.direct.BOBYQAOptimizer,True,1,COMPILE_FAIL,,,,,,,False,,,14.7,TEST_COMPILE_FAIL,:   class PointValuePair   location: class BOBYQAOptimizerTest /workspace/deepseek/TestCode/Math_38b/BOBYQAOptimizerTest.java:233: error: cannot find symbol         PointValuePair result = optimizer.optimize(         ^   symbol:   class PointValuePair   location: class BOBYQAOptimizerTest 10 errors 
deepseek,Math,39,org.apache.commons.math.ode.nonstiff.EmbeddedRungeKuttaIntegrator,True,1,COMPILE_FAIL,,,,,,,False,,,14.5,TEST_COMPILE_FAIL,double) in StepHandler     private static class TestStepHandler implements StepHandler {                    ^ /workspace/deepseek/TestCode/Math_39b/EmbeddedRungeKuttaIntegratorTest.java:319: error: method does not override or implement a method from a supertype         @Override         ^ 34 errors 
deepseek,Math,35,org.apache.commons.math3.genetics.ElitisticListPopulation,True,1,SUCCESS,SUCCESS,35,10,35,14,org.apache.commons.math3.genetics.ElitisticListPopulationTest#testConstructorOnlyLimitNegativeElitismRate;org.apache.commons.math3.genetics.ElitisticListPopulationTest#testConstructorWithElitismRateGreaterThanOne;org.apache.commons.math3.genetics.ElitisticListPopulationTest#testConstructorWithNegativeElitismRate;org.apache.commons.math3.genetics.ElitisticListPopulationTest#testConstructorOnlyLimitElitismRateGreaterThanOne,True,100.0,100.0,26.6,,
deepseek,Math,3,org.apache.commons.math3.util.MathArrays,False,1,COMPILE_FAIL,,,,,,,False,,,14.4,TEST_COMPILE_FAIL,"      (cannot infer type-variable(s) T#2         (actual and formal argument lists differ in length))   where T#1,T#2 are type-variables:     T#1 extends Object declared in method <T#1>buildArray(Field<T#1>,int)     T#2 extends Object declared in method <T#2>buildArray(Field<T#2>,int,int) 39 errors "
deepseek,Math,36,org.apache.commons.math.fraction.BigFraction,True,1,SUCCESS,SUCCESS,44,6,44,6,,False,42.26,38.54,27.2,,
deepseek,Math,40,org.apache.commons.math.analysis.solvers.BracketingNthOrderBrentSolver,True,1,COMPILE_FAIL,,,,,,,False,,,13.8,TEST_COMPILE_FAIL,"new BracketingNthOrderBrentSolver(maxEval, absoluteAccuracy, relativeAccuracy, functionValueAccuracy);                                                                                               ^ Note: Some messages have been simplified; recompile with -Xdiags:verbose to get full output 3 errors "
deepseek,Math,41,org.apache.commons.math.stat.descriptive.moment.Variance,True,1,COMPILE_FAIL,,,,,,,False,,,13.9,TEST_COMPILE_FAIL,"/VarianceTest.java:243: error: non-static method evaluate(double[]) cannot be referenced from a static context                      Variance.evaluate(values), DELTA);                              ^ Note: Some messages have been simplified; recompile with -Xdiags:verbose to get full output 28 errors "
deepseek,Math,42,org.apache.commons.math.optimization.linear.SimplexTableau,True,1,COMPILE_FAIL,,,,,,,False,,,14.3,TEST_COMPILE_FAIL,"class SimplexTableauTest /workspace/deepseek/TestCode/Math_42b/SimplexTableauTest.java:198: error: cannot find symbol         PointValuePair solution = solver.optimize(f, constraints, GoalType.MINIMIZE, true);         ^   symbol:   class PointValuePair   location: class SimplexTableauTest 16 errors "
deepseek,Math,44,org.apache.commons.math.ode.AbstractIntegrator,True,1,COMPILE_FAIL,,,,,,,False,,,14.3,TEST_COMPILE_FAIL,ler         integrator.addStepHandler(new StepHandler() {                                                     ^ /workspace/deepseek/TestCode/Math_44b/AbstractIntegratorTest.java:454: error: method does not override or implement a method from a supertype             @Override             ^ 14 errors 
deepseek,Math,45,org.apache.commons.math.linear.OpenMapRealMatrix,True,1,COMPILE_FAIL,,,,,,,False,,,14.2,TEST_COMPILE_FAIL,on   location: class OpenMapRealMatrixTest /workspace/deepseek/TestCode/Math_45b/OpenMapRealMatrixTest.java:451: error: cannot find symbol     @Test(expected = MatrixIndexException.class)                      ^   symbol:   class MatrixIndexException   location: class OpenMapRealMatrixTest 16 errors 
deepseek,Math,47,org.apache.commons.math.complex.Complex,True,1,COMPILE_FAIL,,,,,,,False,,,14.8,TEST_COMPILE_FAIL,"ation: class Complex /workspace/deepseek/TestCode/Math_47b/ComplexTest.java:134: error: cannot find symbol         assertEquals(Complex.INF, Complex.ZERO.reciprocal());                                               ^   symbol:   method reciprocal()   location: variable ZERO of type Complex 3 errors "
deepseek,Math,43,org.apache.commons.math.stat.descriptive.SummaryStatistics,True,1,SUCCESS,SUCCESS,34,9,34,9,,False,39.06,15.52,26.4,,
deepseek,Math,48,org.apache.commons.math.analysis.solvers.BaseSecantSolver,True,1,COMPILE_FAIL,,,,,,,False,,,14.6,TEST_COMPILE_FAIL,                                    ^   symbol:   class UnivariateFunction   location: class BaseSecantSolverTest /workspace/deepseek/TestCode/Math_48b/BaseSecantSolverTest.java:401: error: method does not override or implement a method from a supertype             @Override             ^ 87 errors 
deepseek,Math,46,org.apache.commons.math.complex.Complex,True,1,SUCCESS,SUCCESS,34,1,34,2,org.apache.commons.math.complex.ComplexTest#testDivideSpecialCases,True,64.68,59.03,27.6,,
deepseek,Math,49,org.apache.commons.math.linear.OpenMapRealVector,True,1,SUCCESS,SUCCESS,0,0,,,,False,,,17.8,RUNTIME_FAIL,no test results on fixed
deepseek,Math,50,org.apache.commons.math.analysis.solvers.BaseSecantSolver,True,1,COMPILE_FAIL,,,,,,,False,,,14.2,TEST_COMPILE_FAIL,"cter: '`' ```java  ^ /workspace/deepseek/TestCode/Math_50b/BaseSecantSolverTest.java:1: error: illegal character: '`' ```java   ^ /workspace/deepseek/TestCode/Math_50b/BaseSecantSolverTest.java:2: error: class, interface, or enum expected package org.apache.commons.math.analysis.solvers; ^ 4 errors "
deepseek,Math,51,org.apache.commons.math.analysis.solvers.BaseSecantSolver,True,1,COMPILE_FAIL,,,,,,,False,,,14.6,TEST_COMPILE_FAIL,/workspace/deepseek/TestCode/Math_51b/BaseSecantSolverTest.java:24: error: incompatible types: SecantSolver cannot be converted to BaseSecantSolver         solver = new SecantSolver(EPSILON);                  ^ 1 error 
deepseek,Math,4,org.apache.commons.math3.geometry.euclidean.threed.SubLine;org.apache.commons.math3.geometry.euclidean.twod.SubLine,False,1,SUCCESS,SUCCESS,1,1,1,1,,False,0.0,0.0,26.5,,
deepseek,Math,52,org.apache.commons.math.geometry.euclidean.threed.Rotation,True,1,COMPILE_FAIL,,,,,,,False,,,14.8,TEST_COMPILE_FAIL,ode/Math_52b/RotationTest.java:419: error: method getAngles in class Rotation cannot be applied to given types;         double[] angles = r.getAngles();                            ^   required: RotationOrder   found: no arguments   reason: actual and formal argument lists differ in length 22 errors 
deepseek,Math,53,org.apache.commons.math.complex.Complex,True,1,COMPILE_FAIL,,,,,,,False,,,14.5,TEST_COMPILE_FAIL,"d reciprocal()   location: class Complex /workspace/deepseek/TestCode/Math_53b/ComplexTest.java:200: error: cannot find symbol         assertTrue(new Complex(0.0, 0.0).reciprocal().isNaN());                                         ^   symbol:   method reciprocal()   location: class Complex 6 errors "
deepseek,Math,54,org.apache.commons.math.dfp.Dfp,True,1,COMPILE_FAIL,,,,,,,False,,,14.7,TEST_COMPILE_FAIL,              ^   symbol:   method isNegative()   location: variable res of type Dfp /workspace/deepseek/TestCode/Math_54b/DfpTest.java:443: error: cannot find symbol         assertTrue(res.isZero());                       ^   symbol:   method isZero()   location: variable res of type Dfp 46 errors 
deepseek,Math,56,org.apache.commons.math.util.MultidimensionalCounter,True,1,COMPILE_FAIL,,,,,,,False,,,15.1,TEST_COMPILE_FAIL,k/TestCode/Math_56b/MultidimensionalCounterTest.java:473: error: cannot find symbol                         int[] decoded = counter.decode(encoded);                                                ^   symbol:   method decode(int)   location: variable counter of type MultidimensionalCounter 76 errors 
deepseek,Math,59,org.apache.commons.math.util.FastMath,True,1,COMPILE_FAIL,,,,,,,False,,,15.3,TEST_COMPILE_FAIL,"ymbol         assertEquals(Math.scalb(1.0f, -3), FastMath.scalb(1.0f, -3), 0.0f);                                                    ^   symbol:   method scalb(float,int)   location: class FastMath Note: Some messages have been simplified; recompile with -Xdiags:verbose to get full output 21 errors "
deepseek,Math,55,org.apache.commons.math.geometry.Vector3D,True,1,SUCCESS,SUCCESS,35,1,35,1,,False,56.06,66.0,27.5,,
deepseek,Math,58,org.apache.commons.math.optimization.fitting.GaussianFitter,True,1,SUCCESS,SUCCESS,8,3,8,3,,False,77.08,60.34,27.1,,
deepseek,Math,60,org.apache.commons.math.distribution.NormalDistributionImpl,True,1,COMPILE_FAIL,,,,,,,False,,,14.1,TEST_COMPILE_FAIL,l /workspace/deepseek/TestCode/Math_60b/NormalDistributionImplTest.java:500: error: cannot find symbol         double ld = customNormal.logDensity(7.0);                                 ^   symbol:   method logDensity(double)   location: variable customNormal of type NormalDistributionImpl 15 errors 
deepseek,Math,5,org.apache.commons.math3.complex.Complex,False,1,SUCCESS,SUCCESS,1,0,1,0,,False,0.0,0.0,25.7,,
deepseek,Math,61,org.apache.commons.math.distribution.PoissonDistributionImpl,True,1,COMPILE_FAIL,,,,,,,False,,,13.6,TEST_COMPILE_FAIL,    ^ /workspace/deepseek/TestCode/Math_61b/PoissonDistributionImplTest.java:274: error: unreported exception MathException; must be caught or declared to be thrown             double cur = distribution.cumulativeProbability(x);                                                            ^ 17 errors 
deepseek,Math,62,org.apache.commons.math.optimization.univariate.MultiStartUnivariateRealOptimizer,True,1,COMPILE_FAIL,,,,,,,False,,,14.0,TEST_COMPILE_FAIL,ateRealOptimizerTest.java uses or overrides a deprecated API. Note: Recompile with -Xlint:deprecation for details. Note: /workspace/deepseek/TestCode/Math_62b/MultiStartUnivariateRealOptimizerTest.java uses unchecked or unsafe operations. Note: Recompile with -Xlint:unchecked for details. 32 errors 
deepseek,Math,64,org.apache.commons.math.optimization.general.LevenbergMarquardtOptimizer,True,1,COMPILE_FAIL,,,,,,,False,,,14.2,TEST_COMPILE_FAIL,"optimum = optimizer.optimize(f, target, start);                                                    ^   required: DifferentiableMultivariateVectorialFunction,double[],double[],double[]   found: RosenbrockFunction,double[],double[]   reason: actual and formal argument lists differ in length 17 errors "
deepseek,Math,65,org.apache.commons.math.optimization.general.AbstractLeastSquaresOptimizer,True,1,COMPILE_FAIL,,,,,,,False,,,14.2,TEST_COMPILE_FAIL,er /workspace/deepseek/TestCode/Math_65b/AbstractLeastSquaresOptimizerTest.java:239: error: cannot find symbol         double[] sigma = optimizer.getSigma();                                   ^   symbol:   method getSigma()   location: variable optimizer of type LevenbergMarquardtOptimizer 7 errors 
deepseek,Math,66,org.apache.commons.math.optimization.univariate.BrentOptimizer,True,1,COMPILE_FAIL,,,,,,,False,,,14.5,TEST_COMPILE_FAIL,"        UnivariateRealPointValuePair result = zeroTol.optimize(100, f, GoalType.MINIMIZE, -10.0, 10.0);         ^   symbol:   class UnivariateRealPointValuePair   location: class BrentOptimizerTest Note: Some messages have been simplified; recompile with -Xdiags:verbose to get full output 76 errors "
deepseek,Math,67,org.apache.commons.math.optimization.MultiStartUnivariateRealOptimizer,True,1,COMPILE_FAIL,,,,,,,False,,,14.3,TEST_COMPILE_FAIL,"artUnivariateRealOptimizerTest.java:240: error: cannot find symbol         assertEquals(GoalType.MAXIMIZE, optimizer.getGoalType());                                                  ^   symbol:   method getGoalType()   location: variable optimizer of type MultiStartUnivariateRealOptimizer 42 errors "
deepseek,Math,63,org.apache.commons.math.util.MathUtils,True,1,SUCCESS,SUCCESS,25,4,25,8,org.apache.commons.math.util.MathUtilsTest#testEqualsDoubleArray;org.apache.commons.math.util.MathUtilsTest#testEqualsDoubleExactNaN;org.apache.commons.math.util.MathUtilsTest#testEqualsDoubleArrayEdgeCases;org.apache.commons.math.util.MathUtilsTest#testEqualsDoubleExact,True,34.44,34.79,26.6,,
deepseek,Math,68,org.apache.commons.math.optimization.general.LevenbergMarquardtOptimizer,True,1,COMPILE_FAIL,,,,,,,False,,,13.7,TEST_COMPILE_FAIL,"nreported exception FunctionEvaluationException; must be caught or declared to be thrown             VectorialPointValuePair optimum = optimizer.optimize(f, new double[] {1,1,1,1,1}, start, new double[] {1e-8, 1e-8, 1e-8});                                                                 ^ 13 errors "
deepseek,Math,69,org.apache.commons.math.stat.correlation.PearsonsCorrelation,True,1,COMPILE_FAIL,,,,,,,False,,,13.2,TEST_COMPILE_FAIL,                                ^ /workspace/deepseek/TestCode/Math_69b/PearsonsCorrelationTest.java:339: error: unreported exception MathException; must be caught or declared to be thrown         RealMatrix pv = pc.getCorrelationPValues();                                                 ^ 6 errors 
deepseek,Math,6,org.apache.commons.math3.optim.BaseOptimizer;org.apache.commons.math3.optim.nonlinear.scalar.gradient.NonLinearConjugateGradientOptimizer;org.apache.commons.math3.optim.nonlinear.scalar.noderiv.CMAESOptimizer;org.apache.commons.math3.optim.nonlinear.scalar.noderiv.PowellOptimizer;org.apache.commons.math3.optim.nonlinear.scalar.noderiv.SimplexOptimizer;org.apache.commons.math3.optim.nonlinear.vector.jacobian.GaussNewtonOptimizer;org.apache.commons.math3.optim.nonlinear.vector.jacobian.LevenbergMarquardtOptimizer,True,1,COMPILE_FAIL,,,,,,,False,,,13.1,TEST_COMPILE_FAIL,"ize() {                    ^   symbol: class RealPointValuePair /workspace/deepseek/TestCode/Math_6b/BaseOptimizerTest.java:275: error: cannot find symbol                 return new RealPointValuePair(new double[]{0.0}, 0.0);                            ^   symbol: class RealPointValuePair 52 errors "
deepseek,Math,70,org.apache.commons.math.analysis.solvers.BisectionSolver,True,1,COMPILE_FAIL,,,,,,,False,,,12.6,TEST_COMPILE_FAIL,ss BisectionSolverTest /workspace/deepseek/TestCode/Math_70b/BisectionSolverTest.java:300: error: method does not override or implement a method from a supertype             @Override             ^ Note: Some messages have been simplified; recompile with -Xdiags:verbose to get full output 63 errors 
deepseek,Math,71,org.apache.commons.math.ode.nonstiff.EmbeddedRungeKuttaIntegrator;org.apache.commons.math.ode.nonstiff.RungeKuttaIntegrator,True,1,COMPILE_FAIL,,,,,,,False,,,12.6,TEST_COMPILE_FAIL,est.java:204: error: <anonymous org.apache.commons.math.ode.nonstiff.EmbeddedRungeKuttaIntegratorTest$10> is not abstract and does not override abstract method reset() in StepHandler         integrator.addStepHandler(new StepHandler() {                                                     ^ 2 errors 
deepseek,Math,72,org.apache.commons.math.analysis.solvers.BrentSolver,True,1,COMPILE_FAIL,,,,,,,False,,,13.0,TEST_COMPILE_FAIL,va:165: error: incompatible types: double cannot be converted to UnivariateRealFunction         BrentSolver customSolver = new BrentSolver(1e-12);                                                    ^ Note: Some messages have been simplified; recompile with -Xdiags:verbose to get full output 1 error 
deepseek,Math,73,org.apache.commons.math.analysis.solvers.BrentSolver,True,1,COMPILE_FAIL,,,,,,,False,,,13.5,TEST_COMPILE_FAIL,/workspace/deepseek/TestCode/Math_73b/BrentSolverTest.java:233: error: cannot find symbol         assertTrue(f.getCalls() > 0);                     ^   symbol:   method getCalls()   location: variable f of type MonitoredFunction 1 error 
deepseek,Math,74,org.apache.commons.math.ode.nonstiff.EmbeddedRungeKuttaIntegrator,True,1,COMPILE_FAIL,,,,,,,False,,,14.0,TEST_COMPILE_FAIL, EmbeddedRungeKuttaIntegrator /workspace/deepseek/TestCode/Math_74b/EmbeddedRungeKuttaIntegratorTest.java:213: error: cannot find symbol         integrator.resetState();                   ^   symbol:   method resetState()   location: variable integrator of type EmbeddedRungeKuttaIntegrator 6 errors 
deepseek,Math,76,org.apache.commons.math.linear.SingularValueDecompositionImpl,True,1,COMPILE_FAIL,,,,,,,False,,,15.4,TEST_COMPILE_FAIL,/workspace/deepseek/TestCode/Math_76b/SingularValueDecompositionImplTest.java:195: error: cannot find symbol     @Test(expected = OutOfRangeException.class)                      ^   symbol:   class OutOfRangeException   location: class SingularValueDecompositionImplTest 1 error 
deepseek,Math,77,org.apache.commons.math.linear.ArrayRealVector;org.apache.commons.math.linear.OpenMapRealVector,True,1,COMPILE_FAIL,,,,,,,False,,,15.3,TEST_COMPILE_FAIL,h /workspace/deepseek/TestCode/Math_77b/ArrayRealVectorTest.java:178: error: reference to getLInfDistance is ambiguous         v.getLInfDistance(null);          ^   both method getLInfDistance(double[]) in ArrayRealVector and method getLInfDistance(ArrayRealVector) in ArrayRealVector match 2 errors 
deepseek,Math,78,org.apache.commons.math.ode.events.EventState,True,1,COMPILE_FAIL,,,,,,,False,,,15.2,TEST_COMPILE_FAIL,pertype         @Override         ^ /workspace/deepseek/TestCode/Math_78b/EventStateTest.java:452: error: method does not override or implement a method from a supertype         @Override         ^ Note: Some messages have been simplified; recompile with -Xdiags:verbose to get full output 39 errors 
deepseek,Math,79,org.apache.commons.math.util.MathUtils,True,1,COMPILE_FAIL,,,,,,,False,,,15.1,TEST_COMPILE_FAIL,lse(MathUtils.checkFinite(Double.NaN));                              ^   symbol:   method checkFinite(double)   location: class MathUtils Note: /workspace/deepseek/TestCode/Math_79b/MathUtilsTest.java uses or overrides a deprecated API. Note: Recompile with -Xlint:deprecation for details. 48 errors 
deepseek,Math,75,org.apache.commons.math.stat.Frequency,True,1,SUCCESS,SUCCESS,27,2,27,2,,False,64.66,50.0,26.9,,
deepseek,Math,7,org.apache.commons.math3.ode.AbstractIntegrator,True,1,COMPILE_FAIL,,,,,,,False,,,14.9,TEST_COMPILE_FAIL,nd formal argument lists differ in length /workspace/deepseek/TestCode/Math_7b/AbstractIntegratorTest.java:326: error: cannot find symbol         integrator.resetEvaluations();                   ^   symbol:   method resetEvaluations()   location: variable integrator of type TestIntegrator 16 errors 
deepseek,Math,80,org.apache.commons.math.linear.EigenDecompositionImpl,True,1,COMPILE_FAIL,,,,,,,False,,,14.7,TEST_COMPILE_FAIL,in length) /workspace/deepseek/TestCode/Math_80b/EigenDecompositionImplTest.java:295: error: cannot find symbol         double[] eigenvalues = ed.getEigenvalues();                                  ^   symbol:   method getEigenvalues()   location: variable ed of type EigenDecompositionImpl 26 errors 
deepseek,Math,81,org.apache.commons.math.linear.EigenDecompositionImpl,True,1,COMPILE_FAIL,,,,,,,False,,,14.6,TEST_COMPILE_FAIL,kspace/deepseek/TestCode/Math_81b/EigenDecompositionImplTest.java:359: error: cannot find symbol         RealMatrix sqrt = decomposition.getSquareRoot();                                        ^   symbol:   method getSquareRoot()   location: variable decomposition of type EigenDecomposition 1 error 
deepseek,Math,82,org.apache.commons.math.optimization.linear.SimplexSolver,True,1,COMPILE_FAIL,,,,,,,False,,,14.6,TEST_COMPILE_FAIL,"class SimplexSolverTest /workspace/deepseek/TestCode/Math_82b/SimplexSolverTest.java:242: error: cannot find symbol         solver.optimize(f, constraints, GoalType.MAXIMIZE, true);                                         ^   symbol:   variable GoalType   location: class SimplexSolverTest 24 errors "
deepseek,Math,83,org.apache.commons.math.optimization.linear.SimplexTableau,True,1,COMPILE_FAIL,,,,,,,False,,,14.4,TEST_COMPILE_FAIL,"s SimplexTableauTest /workspace/deepseek/TestCode/Math_83b/SimplexTableauTest.java:219: error: cannot find symbol         new SimplexTableau(f, null, GoalType.MAXIMIZE, true, EPSILON);                                     ^   symbol:   variable GoalType   location: class SimplexTableauTest 28 errors "
deepseek,Math,84,org.apache.commons.math.optimization.direct.MultiDirectional,True,1,COMPILE_FAIL,,,,,,,False,,,13.8,TEST_COMPILE_FAIL,         ^ /workspace/deepseek/TestCode/Math_84b/MultiDirectionalTest.java:139: error: package org.apache.commons.math.exception does not exist     @Test(expected = org.apache.commons.math.exception.MathIllegalArgumentException.class)                                                       ^ 3 errors 
deepseek,Math,85,org.apache.commons.math.analysis.solvers.UnivariateRealSolverUtils,True,1,COMPILE_FAIL,,,,,,,False,,,14.0,TEST_COMPILE_FAIL,/workspace/deepseek/TestCode/Math_85b/UnivariateRealSolverUtilsTest.java:465: error: cannot find symbol         UnivariateFunction multi = new UnivariateRealFunction() {         ^   symbol:   class UnivariateFunction   location: class UnivariateRealSolverUtilsTest 1 error 
deepseek,Math,86,org.apache.commons.math.linear.CholeskyDecompositionImpl,True,1,COMPILE_FAIL,,,,,,,False,,,13.7,TEST_COMPILE_FAIL,Test /workspace/deepseek/TestCode/Math_86b/CholeskyDecompositionImplTest.java:382: error: cannot find symbol         RealMatrix b = new Array2DRowRealMatrix(new double[][] {                            ^   symbol:   class Array2DRowRealMatrix   location: class CholeskyDecompositionImplTest 26 errors 
deepseek,Math,87,org.apache.commons.math.optimization.linear.SimplexTableau,True,1,COMPILE_FAIL,,,,,,,False,,,13.6,TEST_COMPILE_FAIL,of type SimplexTableau /workspace/deepseek/TestCode/Math_87b/SimplexTableauTest.java:260: error: cannot find symbol         int pivotRow = tableau.getPivotRow(pivotCol);                               ^   symbol:   method getPivotRow(int)   location: variable tableau of type SimplexTableau 10 errors 
deepseek,Math,88,org.apache.commons.math.optimization.linear.SimplexTableau,True,1,COMPILE_FAIL,,,,,,,False,,,13.6,TEST_COMPILE_FAIL,nt   reason: actual and formal argument lists differ in length /workspace/deepseek/TestCode/Math_88b/SimplexTableauTest.java:374: error: cannot find symbol         tableauh.dropPhase1();                 ^   symbol:   method dropPhase1()   location: variable tableauh of type SimplexTableau 14 errors 
deepseek,Math,8,org.apache.commons.math3.distribution.DiscreteDistribution,False,1,COMPILE_FAIL,,,,,,,False,,,13.8,TEST_COMPILE_FAIL,();                                ^ Note: /workspace/deepseek/TestCode/Math_8b/DiscreteDistributionTest.java uses unchecked or unsafe operations. Note: Recompile with -Xlint:unchecked for details. Note: Some messages have been simplified; recompile with -Xdiags:verbose to get full output 48 errors 
deepseek,Math,90,org.apache.commons.math.stat.Frequency,True,1,COMPILE_FAIL,,,,,,,False,,,13.6,TEST_COMPILE_FAIL,"   location: variable freq of type Frequency /workspace/deepseek/TestCode/Math_90b/FrequencyTest.java:208: error: cannot find symbol         assertEquals(4, freq.getUniqueCount());                             ^   symbol:   method getUniqueCount()   location: variable freq of type Frequency 6 errors "
deepseek,Math,89,org.apache.commons.math.stat.Frequency,True,1,SUCCESS,SUCCESS,25,7,25,5,,False,77.98,88.24,24.2,,
deepseek,Math,92,org.apache.commons.math.util.MathUtils,True,1,COMPILE_FAIL,,,,,,,False,,,14.4,TEST_COMPILE_FAIL, class MathArithmeticException   location: class MathUtilsTest /workspace/deepseek/TestCode/Math_92b/MathUtilsTest.java:454: error: cannot find symbol         } catch (MathArithmeticException e) {                  ^   symbol:   class MathArithmeticException   location: class MathUtilsTest 38 errors 
deepseek,Math,91,org.apache.commons.math.fraction.Fraction,True,1,SUCCESS,SUCCESS,51,3,51,3,,False,56.17,54.44,23.8,,
deepseek,Math,95,org.apache.commons.math.distribution.FDistributionImpl,True,1,COMPILE_FAIL,,,,,,,False,,,12.8,TEST_COMPILE_FAIL,                            ^ /workspace/deepseek/TestCode/Math_95b/FDistributionImplTest.java:191: error: unreported exception MathException; must be caught or declared to be thrown         double pBack = dist2.cumulativeProbability(x);                                                   ^ 34 errors 
deepseek,Math,96,org.apache.commons.math.complex.Complex,True,1,COMPILE_FAIL,,,,,,,False,,,12.8,TEST_COMPILE_FAIL,ymbol:   method reciprocal()   location: variable zero of type Complex /workspace/deepseek/TestCode/Math_96b/ComplexTest.java:276: error: cannot find symbol         Complex rec = c.reciprocal();                        ^   symbol:   method reciprocal()   location: variable c of type Complex 8 errors 
deepseek,Math,93,org.apache.commons.math.util.MathUtils,True,1,SUCCESS,SUCCESS,65,5,65,5,,False,47.16,43.05,23.3,,
deepseek,Math,94,org.apache.commons.math.util.MathUtils,True,1,SUCCESS,SUCCESS,33,5,33,8,org.apache.commons.math.util.MathUtilsTest#testGcdNegativeMinValue;org.apache.commons.math.util.MathUtilsTest#testGcdPositiveMinValue;org.apache.commons.math.util.MathUtilsTest#testGcdMinValuePositive,True,27.8,25.35,23.1,,
deepseek,Math,97,org.apache.commons.math.analysis.BrentSolver,True,1,COMPILE_FAIL,,,,,,,False,,,12.7,TEST_COMPILE_FAIL,"olverTest.java:230: error: incompatible types: UnivariateRealFunction cannot be converted to double             double result = solver.solve(f, 1.0, 3.0);                                          ^ Note: Some messages have been simplified; recompile with -Xdiags:verbose to get full output 21 errors "
deepseek,Math,98,org.apache.commons.math.linear.BigMatrixImpl;org.apache.commons.math.linear.RealMatrixImpl,True,1,COMPILE_FAIL,,,,,,,False,,,13.0,TEST_COMPILE_FAIL,mpl match /workspace/deepseek/TestCode/Math_98b/BigMatrixImplTest.java:334: error: reference to preMultiply is ambiguous         matrix2x3.preMultiply(null);                  ^   both method preMultiply(BigMatrix) in BigMatrixImpl and method preMultiply(BigDecimal[]) in BigMatrixImpl match 6 errors 
deepseek,Math,9,org.apache.commons.math3.geometry.euclidean.threed.Line,False,1,COMPILE_FAIL,,,,,,,False,,,13.7,TEST_COMPILE_FAIL,"ce/deepseek/TestCode/Math_9b/LineTest.java:478: error: cannot find symbol         Vector2D closest = horizontalLine.closestPoint(new Vector2D(1e10, 1e10));                                          ^   symbol:   method closestPoint(Vector2D)   location: variable horizontalLine of type Line 24 errors "
deepseek,Math,99,org.apache.commons.math.util.MathUtils,True,1,SUCCESS,SUCCESS,10,2,10,2,org.apache.commons.math.util.MathUtilsTest#testLcmOverflowMinValue,True,14.34,12.64,23.0,,
deepseek,Mockito,12,org.mockito.internal.util.reflection.GenericMaster,True,1,COMPILE_FAIL,,,,,,,False,,,20.1,TEST_COMPILE_FAIL,t.java:33: error: '(' expected     private <T> T typeVariableField;                                    ^ /workspace/deepseek/TestCode/Mockito_12b/GenericMasterTest.java:39: error: '(' expected     private <T> List<T> listOfTypeVariableField;                                                ^ 2 errors 
deepseek,Mockito,13,org.mockito.internal.MockHandler,True,1,COMPILE_FAIL,,,,,,,False,,,21.3,TEST_COMPILE_FAIL,ProxyInstance(                          ^ Note: /workspace/deepseek/TestCode/Mockito_13b/MockHandlerTest.java uses unchecked or unsafe operations. Note: Recompile with -Xlint:unchecked for details. Note: Some messages have been simplified; recompile with -Xdiags:verbose to get full output 40 errors 
deepseek,Mockito,14,org.mockito.internal.MockHandler;org.mockito.internal.MockitoCore,True,1,COMPILE_FAIL,,,,,,,False,,,21.7,TEST_COMPILE_FAIL,(String)   location: class MockHandlerTest Note: /workspace/deepseek/TestCode/Mockito_14b/MockHandlerTest.java uses unchecked or unsafe operations. Note: Recompile with -Xlint:unchecked for details. Note: Some messages have been simplified; recompile with -Xdiags:verbose to get full output 9 errors 
deepseek,Math,57,org.apache.commons.math.stat.clustering.KMeansPlusPlusClusterer,True,1,SUCCESS,SUCCESS,0,0,,,,False,,,196.9,TIMEOUT_FIXED,fixed run exceeded 180s
deepseek,Mockito,15,org.mockito.internal.configuration.injection.FinalMockCandidateFilter,True,1,COMPILE_FAIL,,,,,,,False,,,21.8,TEST_COMPILE_FAIL,"a:168: error: cannot find symbol         boolean result = filter.filter(mockCandidate, owner, field, new ArrayList<Object>());                                ^   symbol:   method filter(Object,FieldOwner,Field,ArrayList<Object>)   location: variable filter of type FinalMockCandidateFilter 11 errors "
deepseek,Mockito,16,org.mockito.internal.MockitoCore;org.mockito.Mockito,True,1,COMPILE_FAIL,,,,,,,False,,,20.7,TEST_COMPILE_FAIL,", description(""custom"")).getString();                      ^   symbol:   method description(String)   location: class MockitoCoreTest Note: /workspace/deepseek/TestCode/Mockito_16b/MockitoCoreTest.java uses or overrides a deprecated API. Note: Recompile with -Xlint:deprecation for details. 5 errors "
deepseek,Mockito,10,org.mockito.internal.stubbing.defaultanswers.ReturnsDeepStubs,True,1,COMPILE_FAIL,,,,,,,False,,,61.7,TEST_COMPILE_FAIL,"      ^ /workspace/deepseek/TestCode/Mockito_10b/ReturnsDeepStubsTest.java:172: error: non-static method isMock(Object) cannot be referenced from a static context         assertTrue(""Result should be a mock"", MockUtil.isMock(result));                                                       ^ 9 errors "
deepseek,Mockito,17,org.mockito.internal.creation.MockSettingsImpl;org.mockito.internal.util.MockUtil,True,1,COMPILE_FAIL,,,,,,,False,,,22.4,TEST_COMPILE_FAIL,05: error: method does not override or implement a method from a supertype             @Override             ^ /workspace/deepseek/TestCode/Mockito_17b/MockSettingsImplTest.java:210: error: method does not override or implement a method from a supertype             @Override             ^ 33 errors 
deepseek,Mockito,11,org.mockito.internal.creation.DelegatingMethod,True,1,COMPILE_FAIL,,,,,,,False,,,62.6,TEST_COMPILE_FAIL,"stCode/Mockito_11b/DelegatingMethodTest.java:144: error: cannot find symbol         assertEquals(""equals"", delegatingMethod.getMethod().getName());                                                ^   symbol:   method getMethod()   location: variable delegatingMethod of type DelegatingMethod 3 errors "
deepseek,Mockito,23,org.mockito.internal.stubbing.defaultanswers.ReturnsDeepStubs,True,1,COMPILE_FAIL,,,,,,,False,,,53.5,TEST_COMPILE_FAIL, package org.mockito.junit does not exist import org.mockito.junit.MockitoJUnitRunner;                         ^ /workspace/deepseek/TestCode/Mockito_23b/ReturnsDeepStubsTest.java:23: error: cannot find symbol @RunWith(MockitoJUnitRunner.class)          ^   symbol: class MockitoJUnitRunner 2 errors 
deepseek,Mockito,22,org.mockito.internal.matchers.Equality,True,1,SUCCESS,SUCCESS,38,1,38,1,,False,93.33,92.31,66.9,,
deepseek,Mockito,19,org.mockito.internal.configuration.injection.filter.FinalMockCandidateFilter;org.mockito.internal.configuration.injection.filter.MockCandidateFilter;org.mockito.internal.configuration.injection.filter.NameBasedCandidateFilter;org.mockito.internal.configuration.injection.filter.TypeBasedCandidateFilter;org.mockito.internal.configuration.injection.PropertyAndSetterInjection,True,1,COMPILE_FAIL,,,,,,,False,,,80.3,TEST_COMPILE_FAIL,                           ^ Note: /workspace/deepseek/TestCode/Mockito_19b/FinalMockCandidateFilterTest.java uses unchecked or unsafe operations. Note: Recompile with -Xlint:unchecked for details. Note: Some messages have been simplified; recompile with -Xdiags:verbose to get full output 19 errors 
deepseek,Mockito,20,org.mockito.internal.creation.bytebuddy.ByteBuddyMockMaker,True,1,COMPILE_FAIL,,,,,,,False,,,81.5,TEST_COMPILE_FAIL,tion: class CreationSettings<List> Note: /workspace/deepseek/TestCode/Mockito_20b/ByteBuddyMockMakerTest.java uses unchecked or unsafe operations. Note: Recompile with -Xlint:unchecked for details. Note: Some messages have been simplified; recompile with -Xdiags:verbose to get full output 34 errors 
deepseek,Mockito,18,org.mockito.internal.stubbing.defaultanswers.ReturnsEmptyValues,True,1,SUCCESS,SUCCESS,19,3,19,4,org.mockito.internal.stubbing.defaultanswers.ReturnsEmptyValuesTest#testIterableReturnsEmptyIterable,True,67.39,62.5,95.1,,
deepseek,Mockito,21,org.mockito.internal.creation.instance.ConstructorInstantiator,True,1,COMPILE_FAIL,,,,,,,False,,,81.0,TEST_COMPILE_FAIL,: error: constructor ConstructorInstantiator in class ConstructorInstantiator cannot be applied to given types;         instantiator = new ConstructorInstantiator();                        ^   required: Object   found: no arguments   reason: actual and formal argument lists differ in length 1 error 
deepseek,Mockito,27,org.mockito.internal.util.MockUtil,True,1,COMPILE_FAIL,,,,,,,False,,,28.7,TEST_COMPILE_FAIL,"58: error: incompatible types: MockSettings cannot be converted to MockSettingsImpl         mockUtil.createMock(null, Mockito.withSettings());                                                       ^ Note: Some messages have been simplified; recompile with -Xdiags:verbose to get full output 8 errors "
deepseek,Mockito,28,org.mockito.internal.configuration.DefaultInjectionEngine,True,1,COMPILE_FAIL,,,,,,,False,,,29.0,TEST_COMPILE_FAIL," error: method set in class FieldSetter cannot be applied to given types;         verify(fieldSetterMock, times(1)).set(eq(field1), eq(""valid""));                                          ^   required: Object   found: Field,String   reason: actual and formal argument lists differ in length 57 errors "
deepseek,Mockito,29,org.mockito.internal.matchers.Same,True,1,COMPILE_FAIL,,,,,,,False,,,27.1,TEST_COMPILE_FAIL,a supertype         @Override         ^ /workspace/deepseek/TestCode/Mockito_29b/SameTest.java:152: error: method does not override or implement a method from a supertype         @Override         ^ Note: Some messages have been simplified; recompile with -Xdiags:verbose to get full output 9 errors 
deepseek,Mockito,24,org.mockito.internal.stubbing.defaultanswers.ReturnsEmptyValues,True,1,COMPILE_FAIL,,,,,,,False,,,52.7,TEST_COMPILE_FAIL,"  method OngoingStubbing.thenReturn(Class<CAP#2>,Class<CAP#2>...) is not applicable       (argument mismatch; Class<CAP#1> cannot be converted to Class<CAP#2>)   where CAP#1,CAP#2 are fresh type-variables:     CAP#1 extends Object from capture of ?     CAP#2 extends Object from capture of ? 1 error "
deepseek,Mockito,25,org.mockito.internal.stubbing.defaultanswers.ReturnsDeepStubs,True,1,COMPILE_FAIL,,,,,,,False,,,45.3,TEST_COMPILE_FAIL,Test /workspace/deepseek/TestCode/Mockito_25b/ReturnsDeepStubsTest.java:166: error: cannot find symbol         InvocationOnMock invocation = mock(InvocationOnMock.class);                                            ^   symbol:   class InvocationOnMock   location: class ReturnsDeepStubsTest 21 errors 
deepseek,Mockito,26,org.mockito.internal.util.Primitives,True,1,COMPILE_FAIL,,,,,,,False,,,44.7,TEST_COMPILE_FAIL,"tNull(""Custom class"", Primitives.wrapperOf(getClass()));                                              ^   symbol:   method wrapperOf(Class<CAP#1>)   location: class Primitives   where CAP#1 is a fresh type-variable:     CAP#1 extends PrimitivesTest from capture of ? extends PrimitivesTest 44 errors "
deepseek,Mockito,30,org.mockito.exceptions.Reporter;org.mockito.internal.stubbing.defaultanswers.ReturnsSmartNulls,True,1,COMPILE_FAIL,,,,,,,False,,,28.9,TEST_COMPILE_FAIL,^   symbol:   class MockCreationSettings   location: class ReporterTest /workspace/deepseek/TestCode/Mockito_30b/ReporterTest.java:369: error: cannot find symbol             return new InvocationImpl(                        ^   symbol:   class InvocationImpl   location: class ReporterTest 61 errors 
deepseek,Mockito,31,org.mockito.internal.stubbing.defaultanswers.ReturnsSmartNulls,True,1,COMPILE_FAIL,,,,,,,False,,,28.8,TEST_COMPILE_FAIL,   location: class ReturnsSmartNullsTest /workspace/deepseek/TestCode/Mockito_31b/ReturnsSmartNullsTest.java:210: error: cannot find symbol         } catch (SmartNullPointerException e) {                  ^   symbol:   class SmartNullPointerException   location: class ReturnsSmartNullsTest 9 errors 
deepseek,Mockito,32,org.mockito.internal.configuration.SpyAnnotationEngine,True,1,COMPILE_FAIL,,,,,,,False,,,30.2,TEST_COMPILE_FAIL,"estCode/Mockito_32b/SpyAnnotationEngineTest.java:202: error: non-static method isMock(Object) cannot be referenced from a static context         assertFalse(""Static field should not be spy"", MockUtil.isMock(field.get(null)));                                                               ^ 10 errors "
deepseek,Mockito,34,org.mockito.internal.invocation.InvocationMatcher,True,1,COMPILE_FAIL,,,,,,,False,,,31.0,TEST_COMPILE_FAIL,"deepseek/TestCode/Mockito_34b/InvocationMatcherTest.java:255: error: cannot find symbol         List<org.mockito.Matcher> tooManyMatchers = Arrays.asList(new Equals(""a""), new Equals(""b""), new Equals(""c""));                         ^   symbol:   class Matcher   location: package org.mockito 30 errors "
deepseek,Mockito,33,org.mockito.internal.invocation.InvocationMatcher,True,1,COMPILE_FAIL,,,,,,,False,,,31.7,TEST_COMPILE_FAIL,:   class Matcher   location: class InvocationMatcherTest /workspace/deepseek/TestCode/Mockito_33b/InvocationMatcherTest.java:337: error: cannot find symbol         List<Matcher> matchers = new ArrayList<>();              ^   symbol:   class Matcher   location: class InvocationMatcherTest 12 errors 
deepseek,Mockito,35,org.mockito.Matchers,True,1,COMPILE_FAIL,,,,,,,False,,,29.5,TEST_COMPILE_FAIL,dd(123));                                  ^ Note: /workspace/deepseek/TestCode/Mockito_35b/MatchersTest.java uses unchecked or unsafe operations. Note: Recompile with -Xlint:unchecked for details. Note: Some messages have been simplified; recompile with -Xdiags:verbose to get full output 65 errors 
deepseek,Mockito,36,org.mockito.internal.invocation.Invocation,True,1,COMPILE_FAIL,,,,,,,False,,,28.4,TEST_COMPILE_FAIL,                                 ^   symbol:   method isIgnoredForVerification()   location: variable invocationAdd of type Invocation Note: /workspace/deepseek/TestCode/Mockito_36b/InvocationTest.java uses unchecked or unsafe operations. Note: Recompile with -Xlint:unchecked for details. 14 errors 
deepseek,Mockito,37,org.mockito.internal.stubbing.answers.AnswersValidator,True,1,COMPILE_FAIL,,,,,,,False,,,28.0,TEST_COMPILE_FAIL,"37b/AnswersValidatorTest.java:221: error: incompatible types: InvocationOnMock cannot be converted to Invocation         validator.validate(answer, invocation);                                    ^ Note: Some messages have been simplified; recompile with -Xdiags:verbose to get full output 37 errors "
deepseek,Mockito,38,org.mockito.internal.verification.argumentmatching.ArgumentMatchingTool,True,1,COMPILE_FAIL,,,,,,,False,,,26.3,TEST_COMPILE_FAIL,on: class ArgumentMatchingToolTest /workspace/deepseek/TestCode/Mockito_38b/ArgumentMatchingToolTest.java:160: error: cannot find symbol         List<Matcher> matchers = Collections.singletonList(matcher);              ^   symbol:   class Matcher   location: class ArgumentMatchingToolTest 19 errors 
deepseek,Mockito,2,org.mockito.internal.util.Timer,False,1,COMPILE_FAIL,,,,,,,False,,,80.0,TEST_COMPILE_FAIL,l         Timer t2 = new Timer();         ^   symbol:   class Timer   location: class TimerTest /workspace/deepseek/TestCode/Mockito_2b/TimerTest.java:164: error: cannot find symbol         Timer t2 = new Timer();                        ^   symbol:   class Timer   location: class TimerTest 6 errors 
deepseek,Mockito,3,org.mockito.internal.invocation.InvocationMatcher,False,1,COMPILE_FAIL,,,,,,,False,,,79.4,TEST_COMPILE_FAIL,"nverted to List<Matcher>         InvocationMatcher m = new InvocationMatcher(invocation, createMatchers(""test"", 42));                                                                               ^ Note: Some messages have been simplified; recompile with -Xdiags:verbose to get full output 23 errors "
deepseek,Mockito,4,org.mockito.exceptions.Reporter,False,1,COMPILE_FAIL,,,,,,,False,,,77.4,TEST_COMPILE_FAIL,er reporter;             ^   symbol:   class Reporter   location: class ReporterTest /workspace/deepseek/TestCode/Mockito_4b/ReporterTest.java:18: error: cannot find symbol         reporter = new Reporter();                        ^   symbol:   class Reporter   location: class ReporterTest 2 errors 
deepseek,Mockito,5,org.mockito.internal.verification.VerificationOverTimeImpl,False,1,COMPILE_FAIL,,,,,,,False,,,78.2,TEST_COMPILE_FAIL,tionOverTimeImplTest /workspace/deepseek/TestCode/Mockito_5b/VerificationOverTimeImplTest.java:18: error: cannot find symbol         instance = new VerificationOverTimeImpl();                        ^   symbol:   class VerificationOverTimeImpl   location: class VerificationOverTimeImplTest 2 errors 
deepseek,Mockito,6,org.mockito.Matchers,True,1,COMPILE_FAIL,,,,,,,False,,,78.9,TEST_COMPILE_FAIL,"());                                                         ^ /workspace/deepseek/TestCode/Mockito_6b/MatchersTest.java:346: error: long cannot be dereferenced         assertEquals(123456789L, Matchers.eq(123456789L).longValue());                                                         ^ 17 errors "
deepseek,Mockito,7,org.mockito.internal.util.reflection.GenericMetadataSupport,True,1,COMPILE_FAIL,,,,,,,False,,,81.6,TEST_COMPILE_FAIL,"deepseek/TestCode/Mockito_7b/GenericMetadataSupportTest.java:300: error: cannot find symbol         assertEquals(String[].class, support.getRawType());                                             ^   symbol:   method getRawType()   location: variable support of type GenericMetadataSupport 24 errors "
deepseek,Time,10,org.joda.time.base.BaseSingleFieldPeriod,True,1,COMPILE_FAIL,,,,,,,False,,,20.8,TEST_COMPILE_FAIL,f type TestPeriod /workspace/deepseek/TestCode/Time_10b/BaseSingleFieldPeriodTest.java:192: error: cannot find symbol         Duration dur = days1.toDurationFrom(start);                             ^   symbol:   method toDurationFrom(DateTime)   location: variable days1 of type TestPeriod 28 errors 
deepseek,Mockito,8,org.mockito.internal.util.reflection.GenericMetadataSupport,False,1,COMPILE_FAIL,,,,,,,False,,,82.6,TEST_COMPILE_FAIL,taSupportTest.java:255: error: cannot find symbol         GenericMetadataSupport methodSupport = new GenericMetadataSupport(MethodGenericClass.class);                                                    ^   symbol:   class GenericMetadataSupport   location: class GenericMetadataSupportTest 18 errors 
deepseek,Time,13,org.joda.time.format.PeriodFormatterBuilder,True,1,COMPILE_FAIL,,,,,,,False,,,19.6,TEST_COMPILE_FAIL,"st.java:358: error: incompatible types: String cannot be converted to String[]                 .appendYears().appendSeparator(""-"", ""["", ""]"")                                                          ^ Note: Some messages have been simplified; recompile with -Xdiags:verbose to get full output 1 error "
deepseek,Time,11,org.joda.time.tz.ZoneInfoCompiler,True,1,SUCCESS,SUCCESS,56,39,56,39,,False,13.55,11.92,34.7,,
deepseek,Time,12,org.joda.time.LocalDate;org.joda.time.LocalDateTime,True,1,SUCCESS,SUCCESS,27,0,27,0,,False,9.64,8.2,33.3,,
deepseek,Time,14,org.joda.time.chrono.BasicMonthOfYearDateTimeField,True,1,COMPILE_FAIL,,,,,,,False,,,17.6,TEST_COMPILE_FAIL,"TimeField /workspace/deepseek/TestCode/Time_14b/BasicMonthOfYearDateTimeFieldTest.java:201: error: cannot find symbol         long result = field.addWrap(mdt.getMillis(), -3);                            ^   symbol:   method addWrap(long,int)   location: variable field of type DateTimeField 2 errors "
deepseek,Time,15,org.joda.time.field.FieldUtils,True,1,COMPILE_FAIL,,,,,,,False,,,17.7,TEST_COMPILE_FAIL,"ror: cannot find symbol         FieldUtils.getValueAsLong(5, null, 0, 0L, 0L, 0L);                   ^   symbol:   method getValueAsLong(int,<null>,int,long,long,long)   location: class FieldUtils Note: Some messages have been simplified; recompile with -Xdiags:verbose to get full output 100 errors "
deepseek,Time,16,org.joda.time.format.DateTimeFormatter,True,1,COMPILE_FAIL,,,,,,,False,,,17.5,TEST_COMPILE_FAIL,                                     ^ Note: /workspace/deepseek/TestCode/Time_16b/DateTimeFormatterTest.java uses or overrides a deprecated API. Note: Recompile with -Xlint:deprecation for details. Note: Some messages have been simplified; recompile with -Xdiags:verbose to get full output 8 errors 
deepseek,Time,18,org.joda.time.chrono.GJChronology,True,1,COMPILE_FAIL,,,,,,,False,,,17.4,TEST_COMPILE_FAIL,"e chrono of type GJChronology /workspace/deepseek/TestCode/Time_18b/GJChronologyTest.java:209: error: cannot find symbol         assertEquals(9999, chrono.getYear(millis));                                  ^   symbol:   method getYear(long)   location: variable chrono of type GJChronology 34 errors "
deepseek,Time,19,org.joda.time.DateTimeZone,True,1,COMPILE_FAIL,,,,,,,False,,,17.9,TEST_COMPILE_FAIL,"ng cannot be converted to LocalDateTime         assertTrue(""2013-03-10 02:30 is a gap"", nyc.isLocalDateTimeGap(instantLocal));                                                                        ^ Note: Some messages have been simplified; recompile with -Xdiags:verbose to get full output 1 error "
deepseek,Time,20,org.joda.time.format.DateTimeFormatterBuilder,True,1,COMPILE_FAIL,,,,,,,False,,,19.2,TEST_COMPILE_FAIL,"eTime cannot be converted to ReadablePartial)     method DateTimePrinter.printTo(Writer,ReadablePartial,Locale) is not applicable       (argument mismatch; StringBuffer cannot be converted to Writer) Note: Some messages have been simplified; recompile with -Xdiags:verbose to get full output 1 error "
deepseek,Time,22,org.joda.time.base.BasePeriod,True,1,COMPILE_FAIL,,,,,,,False,,,19.3,TEST_COMPILE_FAIL,      ^ /workspace/deepseek/TestCode/Time_22b/BasePeriodTest.java:237: error: incompatible types: int[] cannot be converted to ReadablePeriod         p.setPeriod(new int[]{5});                     ^ Note: Some messages have been simplified; recompile with -Xdiags:verbose to get full output 8 errors 
deepseek,Time,17,org.joda.time.DateTimeZone,True,1,SUCCESS,SUCCESS,43,9,43,9,,False,39.38,33.53,33.6,,
deepseek,Time,24,org.joda.time.format.DateTimeParserBucket,True,1,COMPILE_FAIL,,,,,,,False,,,18.9,TEST_COMPILE_FAIL,"sertEquals(DEFAULT_YEAR, bucket.getDefaultYear().intValue());                                          ^   symbol:   method getDefaultYear()   location: variable bucket of type DateTimeParserBucket Note: Some messages have been simplified; recompile with -Xdiags:verbose to get full output 32 errors "
deepseek,Mockito,9,org.mockito.internal.stubbing.answers.CallsRealMethods,False,1,SUCCESS,SUCCESS,1,1,1,1,,False,0.0,0.0,93.6,,
deepseek,Time,25,org.joda.time.DateTimeZone,True,1,COMPILE_FAIL,,,,,,,False,,,18.0,TEST_COMPILE_FAIL,"meZone)   location: class DateTimeZoneTest /workspace/deepseek/TestCode/Time_25b/DateTimeZoneTest.java:300: error: cannot find symbol         assertSame(utc, DateTimeZone.forTimeZone(tz));         ^   symbol:   method assertSame(DateTimeZone,DateTimeZone)   location: class DateTimeZoneTest 4 errors "
deepseek,Time,23,org.joda.time.DateTimeZone,True,1,SUCCESS,SUCCESS,31,2,31,2,,False,29.45,25.31,32.3,,
deepseek,Time,4,org.joda.time.Partial,False,1,COMPILE_FAIL,,,,,,,False,,,18.3,TEST_COMPILE_FAIL,"());                      ^   symbol:   variable Fraction   location: class PartialTest /workspace/deepseek/TestCode/Time_4b/PartialTest.java:220: error: cannot find symbol         Fraction f = Fraction.getFraction(3, 4);         ^   symbol:   class Fraction   location: class PartialTest 100 errors "
deepseek,Time,26,org.joda.time.chrono.ZonedChronology;org.joda.time.DateTimeZone;org.joda.time.field.LenientDateTimeField,True,1,SUCCESS,SUCCESS,31,2,31,2,,False,33.68,26.03,31.1,,
deepseek,Time,27,org.joda.time.format.PeriodFormatterBuilder,True,1,SUCCESS,SUCCESS,32,12,32,12,,False,68.26,54.67,30.9,,
deepseek,Time,5,org.joda.time.Period,False,1,COMPILE_FAIL,,,,,,,False,,,17.2,TEST_COMPILE_FAIL,"(start1, end1);         ^   symbol:   class Period   location: class PeriodTest /workspace/deepseek/TestCode/Time_5b/PeriodTest.java:109: error: cannot find symbol         Period p3 = new Period(start1, end1);                         ^   symbol:   class Period   location: class PeriodTest 33 errors "
deepseek,Time,2,org.joda.time.field.UnsupportedDurationField;org.joda.time.Partial,False,1,SUCCESS,SUCCESS,31,20,31,21,org.joda.time.field.UnsupportedDurationFieldTest#testCompareToNull,True,11.33,8.47,31.0,,
deepseek,Time,3,org.joda.time.MutableDateTime,False,1,SUCCESS,SUCCESS,70,13,70,13,,False,33.06,22.22,31.8,,
deepseek,Time,6,org.joda.time.chrono.GJChronology,True,1,COMPILE_FAIL,,,,,,,False,,,15.3,TEST_COMPILE_FAIL,logyTest.java:277: error: cannot find symbol         int maxYear = chrono.getMaxYear();                             ^   symbol:   method getMaxYear()   location: variable chrono of type GJChronology Note: Some messages have been simplified; recompile with -Xdiags:verbose to get full output 9 errors 
deepseek,Time,7,org.joda.time.format.DateTimeFormatter,True,1,COMPILE_FAIL,,,,,,,False,,,15.0,TEST_COMPILE_FAIL,"terTest.java:279: error: incompatible types: DateTimeParserBucket cannot be converted to ReadWritableInstant         int result = fmt.parseInto(bucket, text, 0);                                    ^ Note: Some messages have been simplified; recompile with -Xdiags:verbose to get full output 5 errors "
deepseek,Time,8,org.joda.time.DateTimeZone,False,1,COMPILE_FAIL,,,,,,,False,,,13.7,TEST_COMPILE_FAIL,tion: variable zone1 of type DateTimeZone /workspace/deepseek/TestCode/Time_8b/DateTimeZoneTest.java:300: error: cannot find symbol         assertFalse(zone.hasSameRules(null));                         ^   symbol:   method hasSameRules(<null>)   location: variable zone of type DateTimeZone 3 errors 
deepseek,Time,9,org.joda.time.DateTimeZone,False,1,SUCCESS,SUCCESS,41,5,41,5,,False,37.46,28.09,15.7,,
Gemini,Cli,1,org.apache.commons.cli.CommandLine,False,1,COMPILE_FAIL,,,,,,,False,,,7.5,TEST_COMPILE_FAIL,(String)   location: variable opt of type Option Note: /workspace/Gemini/TestCode/Cli_1b/CommandLineTest.java uses unchecked or unsafe operations. Note: Recompile with -Xlint:unchecked for details. Note: Some messages have been simplified; recompile with -Xdiags:verbose to get full output 30 errors 
Gemini,Chart,1,org.jfree.chart.renderer.category.AbstractCategoryItemRenderer,False,1,COMPILE_FAIL,,,,,,,False,,,10.1,TEST_COMPILE_FAIL,"ererTest.java:545: error: cannot find symbol         renderer.drawAnnotations(g2, dataArea, domainAxis, rangeAxis, Layer.BACKGROUND, info);                                                                       ^   symbol:   variable Layer   location: class AbstractCategoryItemRendererTest 33 errors "
Gemini,Codec,1,org.apache.commons.codec.language.Caverphone;org.apache.commons.codec.language.Metaphone;org.apache.commons.codec.language.SoundexUtils,False,1,SUCCESS,SUCCESS,7,3,7,3,,False,26.56,2.72,13.8,,
Gemini,Collections,1,org.apache.commons.collections.map.Flat3Map,False,1,COMPILE_FAIL,,,,,,,False,,,6.8,TEST_COMPILE_FAIL,"lat3Map   location: class Flat3MapTest /workspace/Gemini/TestCode/Collections_1b/Flat3MapTest.java:646: error: cannot find symbol         Flat3Map<String, String> map = new Flat3Map<>();                                            ^   symbol:   class Flat3Map   location: class Flat3MapTest 49 errors "
Gemini,Compress,1,org.apache.commons.compress.archivers.cpio.CpioArchiveOutputStream,False,1,COMPILE_FAIL,,,,,,,False,,,6.0,TEST_COMPILE_FAIL,"iffer in length)     constructor CpioArchiveEntry.CpioArchiveEntry(String) is not applicable       (actual and formal argument lists differ in length)     constructor CpioArchiveEntry.CpioArchiveEntry(String,long) is not applicable       (actual and formal argument lists differ in length) 27 errors "
Gemini,Csv,1,org.apache.commons.csv.ExtendedBufferedReader,False,1,COMPILE_FAIL,,,,,,,False,,,6.2,TEST_COMPILE_FAIL,"dReader /workspace/Gemini/TestCode/Csv_1b/ExtendedBufferedReaderTest.java:317: error: cannot find symbol             assertEquals(4, br.getCurrentLineNumber());                               ^   symbol:   method getCurrentLineNumber()   location: variable br of type ExtendedBufferedReader 59 errors "
Gemini,Closure,1,com.google.javascript.jscomp.RemoveUnusedVars,False,1,SUCCESS,SUCCESS,23,23,23,23,,False,4.35,0.0,20.1,,
Gemini,Gson,1,com.google.gson.TypeInfoFactory,False,1,SUCCESS,SUCCESS,13,12,13,12,,False,0.0,0.0,11.8,,
Gemini,JacksonXml,1,com.fasterxml.jackson.dataformat.xml.deser.FromXmlParser,False,1,COMPILE_FAIL,,,,,,,False,,,7.0,TEST_COMPILE_FAIL,"lass Feature /workspace/Gemini/TestCode/JacksonXml_1b/FromXmlParserTest.java:374: error: cannot find symbol             assertEquals(""empty"", parser.currentName());                                         ^   symbol:   method currentName()   location: variable parser of type FromXmlParser 34 errors "
Gemini,JacksonDatabind,1,com.fasterxml.jackson.databind.ser.BeanPropertyWriter,False,1,COMPILE_FAIL,,,,,,,False,,,7.5,TEST_COMPILE_FAIL,"types: PropertyName cannot be converted to String                 objectMapper.getSerializationConfig(), af, new PropertyName(""field""));                                                            ^ Note: Some messages have been simplified; recompile with -Xdiags:verbose to get full output 33 errors "
Gemini,JacksonCore,1,com.fasterxml.jackson.core.io.NumberInput;com.fasterxml.jackson.core.util.TextBuffer,False,1,SUCCESS,SUCCESS,28,10,28,10,,False,33.75,44.21,11.8,,
Gemini,Jsoup,1,org.jsoup.nodes.Document,False,1,COMPILE_FAIL,,,,,,,False,,,6.2,TEST_COMPILE_FAIL,    ^   symbol:   variable Syntax   location: class DocumentTest /workspace/Gemini/TestCode/Jsoup_1b/DocumentTest.java:298: error: cannot find symbol         doc.outputSettings().syntax(Syntax.xml);            ^   symbol:   method outputSettings()   location: variable doc of type Document 62 errors 
Gemini,JxPath,1,org.apache.commons.jxpath.ri.model.dom.DOMNodePointer;org.apache.commons.jxpath.ri.model.jdom.JDOMNodePointer,False,1,COMPILE_FAIL,,,,,,,False,,,6.2,TEST_COMPILE_FAIL,"kspace/Gemini/TestCode/JxPath_1b/DOMNodePointerTest.java:393: error: cannot find symbol         assertNull(DOMNodePointer.findEnclosingAttribute(null, ""testAttr""));                                  ^   symbol:   method findEnclosingAttribute(<null>,String)   location: class DOMNodePointer 18 errors "
Gemini,Lang,22,org.apache.commons.lang3.math.Fraction,True,1,SUCCESS,SUCCESS,0,0,,,,False,,,8.0,RUNTIME_FAIL,no test results on fixed
Gemini,Math,1,org.apache.commons.math3.fraction.BigFraction;org.apache.commons.math3.fraction.Fraction,False,1,COMPILE_FAIL,,,,,,,False,,,9.4,TEST_COMPILE_FAIL,"nnot find symbol         BigFraction f = new BigFraction(1, 2);         ^   symbol:   class BigFraction   location: class BigFractionTest Note: /workspace/Gemini/TestCode/Math_1b/BigFractionTest.java uses or overrides a deprecated API. Note: Recompile with -Xlint:deprecation for details. 100 errors "
deepseek,Chart,1,org.jfree.chart.renderer.category.AbstractCategoryItemRenderer,False,1,COMPILE_FAIL,,,,,,,False,,,7.3,TEST_COMPILE_FAIL,"   assertEquals(-1, renderer.getColumnIndex(""Col1""));                                  ^   symbol:   method getColumnIndex(String)   location: variable renderer of type AbstractCategoryItemRenderer Note: Some messages have been simplified; recompile with -Xdiags:verbose to get full output 88 errors "
deepseek,Chart,8,org.jfree.data.time.Week,False,1,SUCCESS,SUCCESS,0,0,,,,False,,,10.2,RUNTIME_FAIL,no test results on fixed
Gemini,Time,1,org.joda.time.field.UnsupportedDurationField;org.joda.time.Partial,False,1,SUCCESS,SUCCESS,21,1,21,0,,False,13.16,7.38,15.0,,
deepseek,Cli,1,org.apache.commons.cli.CommandLine,False,1,COMPILE_FAIL,,,,,,,False,,,5.9,TEST_COMPILE_FAIL,"kspace/deepseek/TestCode/Cli_1b/CommandLineTest.java:129: error: cannot find symbol         commandLine.clearArgs(); // assuming such method exists? Not in standard API, but for coverage                    ^   symbol:   method clearArgs()   location: variable commandLine of type CommandLine 1 error "
deepseek,Collections,1,org.apache.commons.collections.map.Flat3Map,False,1,COMPILE_FAIL,,,,,,,False,,,7.2,TEST_COMPILE_FAIL,"ect, Object>) map.clone();                 ^ /workspace/deepseek/TestCode/Collections_1b/Flat3MapTest.java:299: error: type Flat3Map does not take parameters         Flat3Map<Object, Object> clone = (Flat3Map<Object, Object>) map.clone();                                                   ^ 4 errors "
deepseek,Closure,1,com.google.javascript.jscomp.RemoveUnusedVars,False,1,COMPILE_FAIL,,,,,,,False,,,9.8,TEST_COMPILE_FAIL,location: class RemoveUnusedVarsTest /workspace/deepseek/TestCode/Closure_1b/RemoveUnusedVarsTest.java:11: error: cannot find symbol         removeUnusedVars = new RemoveUnusedVars();                                ^   symbol:   class RemoveUnusedVars   location: class RemoveUnusedVarsTest 2 errors 
deepseek,Compress,1,org.apache.commons.compress.archivers.cpio.CpioArchiveOutputStream,False,1,COMPILE_FAIL,,,,,,,False,,,7.2,TEST_COMPILE_FAIL,"or: incompatible types: short cannot be converted to String             CpioArchiveEntry entry = new CpioArchiveEntry(format, ""aligned"");                                                           ^ Note: Some messages have been simplified; recompile with -Xdiags:verbose to get full output 47 errors "
deepseek,Codec,1,org.apache.commons.codec.language.Caverphone;org.apache.commons.codec.language.Metaphone;org.apache.commons.codec.language.SoundexUtils,False,1,SUCCESS,SUCCESS,53,37,53,37,,False,25.39,2.17,15.1,,
deepseek,Csv,1,org.apache.commons.csv.ExtendedBufferedReader,False,1,COMPILE_FAIL,,,,,,,False,,,7.6,TEST_COMPILE_FAIL,"dBufferedReader /workspace/deepseek/TestCode/Csv_1b/ExtendedBufferedReaderTest.java:320: error: cannot find symbol         assertEquals('x', reader.getLastChar());                                 ^   symbol:   method getLastChar()   location: variable reader of type ExtendedBufferedReader 14 errors "
deepseek,JacksonCore,1,com.fasterxml.jackson.core.io.NumberInput;com.fasterxml.jackson.core.util.TextBuffer,False,1,COMPILE_FAIL,,,,,,,False,,,7.1,TEST_COMPILE_FAIL,"nput   location: class NumberInputTest /workspace/deepseek/TestCode/JacksonCore_1b/NumberInputTest.java:156: error: cannot find symbol         assertEquals(-5, NumberInput.parseNumber(""-0b101""));                          ^   symbol:   variable NumberInput   location: class NumberInputTest 26 errors "
deepseek,JacksonDatabind,1,com.fasterxml.jackson.databind.ser.BeanPropertyWriter,False,1,COMPILE_FAIL,,,,,,,False,,,8.9,TEST_COMPILE_FAIL,"ek/TestCode/JacksonDatabind_1b/BeanPropertyWriterTest.java:366: error: SerializerProviderStub is not abstract and does not override abstract method serializerInstance(Annotated,Object) in SerializerProvider     static class SerializerProviderStub extends SerializerProvider {            ^ 100 errors "
Gemini,Mockito,1,org.mockito.internal.invocation.InvocationMatcher,False,1,COMPILE_FAIL,,,,,,,False,,,42.4,TEST_COMPILE_FAIL,"ject cannot be applied to given types;         when(invocation.toString(any(List.class), any(PrintSettings.class))).thenReturn(""mockedToStringDefault"");                        ^   required: no arguments   found: List,PrintSettings   reason: actual and formal argument lists differ in length 3 errors "
deepseek,Gson,1,com.google.gson.TypeInfoFactory,False,1,SUCCESS,SUCCESS,1,1,1,1,,False,0.0,0.0,13.7,,
deepseek,JxPath,1,org.apache.commons.jxpath.ri.model.dom.DOMNodePointer;org.apache.commons.jxpath.ri.model.jdom.JDOMNodePointer,False,1,COMPILE_FAIL,,,,,,,False,,,7.2,TEST_COMPILE_FAIL,odeNameTest   location: class DOMNodePointerTest /workspace/deepseek/TestCode/JxPath_1b/DOMNodePointerTest.java:614: error: cannot find symbol         NodeIterator iter = rootPointer.attributeIterator(nameTest);         ^   symbol:   class NodeIterator   location: class DOMNodePointerTest 24 errors 
deepseek,JacksonXml,1,com.fasterxml.jackson.dataformat.xml.deser.FromXmlParser,False,1,SUCCESS,SUCCESS,1,1,1,1,,False,0.0,0.0,14.9,,
deepseek,JxPath,3,org.apache.commons.jxpath.ri.model.beans.NullPropertyPointer,False,1,SUCCESS,SUCCESS,0,0,,,,False,,,10.1,RUNTIME_FAIL,no test results on fixed
deepseek,Jsoup,1,org.jsoup.nodes.Document,False,1,SUCCESS,SUCCESS,1,0,1,0,,False,0.0,0.0,13.5,,
deepseek,Math,1,org.apache.commons.math3.fraction.BigFraction;org.apache.commons.math3.fraction.Fraction,False,1,COMPILE_FAIL,,,,,,,False,,,11.2,TEST_COMPILE_FAIL,"/workspace/deepseek/TestCode/Math_1b/BigFractionTest.java:378: error: integer number too large         assertEquals(new BigFraction(3, 2000000000000000000000000000000L), sum);                                         ^ 1 error "
deepseek,Time,1,org.joda.time.field.UnsupportedDurationField;org.joda.time.Partial,False,1,COMPILE_FAIL,,,,,,,False,,,11.0,TEST_COMPILE_FAIL,:150: error: cannot find symbol         DurationField supported = DurationField.millis();                                                ^   symbol:   method millis()   location: class DurationField Note: Some messages have been simplified; recompile with -Xdiags:verbose to get full output 9 errors 
deepseek,Math,49,org.apache.commons.math.linear.OpenMapRealVector,True,1,SUCCESS,SUCCESS,0,0,,,,False,,,14.8,RUNTIME_FAIL,no test results on fixed
deepseek,Mockito,1,org.mockito.internal.invocation.InvocationMatcher,False,1,COMPILE_FAIL,,,,,,,False,,,33.3,TEST_COMPILE_FAIL,rTest.java:273: error: Any() has private access in Any         matchers.add(new Any());                      ^ /workspace/deepseek/TestCode/Mockito_1b/InvocationMatcherTest.java:274: error: Any() has private access in Any         matchers.add(new Any()); // too many                      ^ 13 errors 
