
$ defects4j checkout -p Gson -v 14f -w /work/Gson_14f
Checking out a3001480 to /work/Gson_14f.................................... OK
Init local repository...................................................... OK
Tag post-fix revision...................................................... OK
Apply patch................................................................ OK
Copy generated Ant build file.............................................. OK
Run post-checkout hook..................................................... OK
Initialize fixed program version........................................... OK
Apply patch................................................................ OK
Initialize buggy program version........................................... OK
Diff a3001480:5848096f..................................................... OK
Apply patch................................................................ OK
Tag pre-fix revision....................................................... OK
Check out program version: Gson-14f........................................ OK

[exit=0 timeout=False time=0.5s]

$ defects4j compile -w /work/Gson_14f
Running ant (compile)...................................................... OK
Running ant (compile.tests)................................................ OK

[exit=0 timeout=False time=4.6s]

$ defects4j checkout -p Gson -v 14b -w /work/Gson_14b
Checking out a3001480 to /work/Gson_14b.................................... OK
Init local repository...................................................... OK
Tag post-fix revision...................................................... OK
Apply patch................................................................ OK
Copy generated Ant build file.............................................. OK
Run post-checkout hook..................................................... OK
Initialize fixed program version........................................... OK
Apply patch................................................................ OK
Initialize buggy program version........................................... OK
Diff a3001480:5848096f..................................................... OK
Apply patch................................................................ OK
Tag pre-fix revision....................................................... OK
Check out program version: Gson-14b........................................ OK

[exit=0 timeout=False time=0.4s]

$ defects4j compile -w /work/Gson_14b
Running ant (compile)...................................................... OK
Running ant (compile.tests)................................................ OK

[exit=0 timeout=False time=4.5s]

$ java -Djava.awt.headless=true -cp /opt/defects4j/framework/projects/lib/junit-4.12-hamcrest-1.3.jar:/opt/evosuite/evosuite-1.2.0.jar:/work/Gson_14f/target/classes:/work/Gson_14f/target/test-classes:/opt/defects4j/framework/projects/Gson/lib/com/google/code/findbugs/jsr305/3.0.0/jsr305-3.0.0.jar org.evosuite.EvoSuite -generateSuite -class com.google.gson.internal.$Gson$Types -projectCP /opt/defects4j/framework/projects/lib/junit-4.12-hamcrest-1.3.jar:/work/Gson_14f/target/classes:/work/Gson_14f/target/test-classes:/opt/defects4j/framework/projects/Gson/lib/com/google/code/findbugs/jsr305/3.0.0/jsr305-3.0.0.jar -Dcriterion=LINE:BRANCH:EXCEPTION -Dsearch_budget=60 -seed 1 -Dtest_dir=/work/evo_out/Gson_14f/budget60_seed1/tests -Dreport_dir=/work/evo_out/Gson_14f/budget60_seed1/report
* EvoSuite 1.2.0
* Going to generate test cases for class: com.google.gson.internal.$Gson$Types
* Starting Client-0
* Connecting to master process on port 9922
* Analyzing classpath: 
  - /opt/defects4j/framework/projects/lib/junit-4.12-hamcrest-1.3.jar
  - /work/Gson_14f/target/classes
  - /work/Gson_14f/target/test-classes
  - /opt/defects4j/framework/projects/Gson/lib/com/google/code/findbugs/jsr305/3.0.0/jsr305-3.0.0.jar
[MASTER] 00:16:54.681 [logback-1] WARN  InheritanceTree - Class not in inheritance graph: java.io.ObjectInputFilter
[MASTER] 00:16:54.720 [logback-1] WARN  InheritanceTree - Class not in inheritance graph: java.util.Locale$IsoCountryCode
* Finished analyzing classpath
* Generating tests for class com.google.gson.internal.$Gson$Types
* Test criteria:
  - Line Coverage
  - Branch Coverage
  - Exception
* Setting up search algorithm for whole suite generation
* Total number of test goals: 
  - Line 246
  - Branch 206
  - Exception 0

[Progress:>                             0%] [Cov:>                                  0%]* Using seed 1
* Starting evolution
[MASTER] 00:16:54.844 [logback-1] WARN  TestCluster - Failed to check cache for java.util.HashMap<K, V> : Type points to itself

[Progress:>                             0%] [Cov:=>                                 5%]
[Progress:>                             0%] [Cov:===>                               9%]
[Progress:>                             0%] [Cov:==============>                    42%]
[Progress:>                             0%] [Cov:===============>                   43%]
[Progress:>                             0%] [Cov:==================>                54%]
[Progress:>                             0%] [Cov:====================>              59%]
[Progress:>                             1%] [Cov:==>                                6%]
[Progress:>                             1%] [Cov:====>                              13%]
[Progress:>                             1%] [Cov:================>                  46%]
[Progress:>                             1%] [Cov:==================>                53%]
[Progress:>                             1%] [Cov:===================>               55%]
[Progress:>                             1%] [Cov:====================>              59%]
[Progress:>                             1%] [Cov:====================>              59%]
[Progress:>                             3%] [Cov:=================>                 50%]
[Progress:>                             3%] [Cov:===================>               55%]
[Progress:>                             3%] [Cov:===================>               56%]
[Progress:>                             3%] [Cov:====================>              58%]
[Progress:>                             3%] [Cov:====================>              59%]
[Progress:>                             3%] [Cov:========================>          70%]
[Progress:>                             3%] [Cov:========================>          70%]
[Progress:>                             3%] [Cov:========================>          71%]
[Progress:>                             3%] [Cov:========================>          71%]
[Progress:>                             3%] [Cov:========================>          71%]
[Progress:=>                            5%] [Cov:========================>          71%]
[Progress:=>                            5%] [Cov:========================>          71%]
[Progress:=>                            5%] [Cov:========================>          71%]
[Progress:=>                            5%] [Cov:========================>          71%]
[Progress:=>                            5%] [Cov:========================>          71%]
[Progress:=>                            5%] [Cov:========================>          71%]
[Progress:=>                            6%] [Cov:========================>          71%]
[Progress:=>                            6%] [Cov:========================>          71%]
[Progress:=>                            6%] [Cov:========================>          71%]
[Progress:=>                            6%] [Cov:========================>          71%]
[Progress:=>                            6%] [Cov:========================>          71%]
[Progress:==>                           8%] [Cov:========================>          71%]
[Progress:==>                           8%] [Cov:========================>          71%]
[Progress:==>                           8%] [Cov:========================>          71%]
[Progress:==>                           8%] [Cov:========================>          71%]
[Progress:==>                           8%] [Cov:========================>          71%]
[Progress:==>                           8%] [Cov:========================>          71%]
[Progress:===>                          10%] [Cov:========================>          71%]
[Progress:===>                          10%] [Cov:========================>          71%]
[Progress:===>                          10%] [Cov:========================>          71%]
[Progress:===>                          10%] [Cov:========================>          71%]
[Progress:===>                          10%] [Cov:========================>          71%]
[Progress:===>                          10%] [Cov:========================>          71%]
[Progress:===>                          11%] [Cov:========================>          71%]
[Progress:===>                          11%] [Cov:========================>          71%]
[Progress:===>                          11%] [Cov:========================>          71%]
[Progress:===>                          11%] [Cov:========================>          71%]
[Progress:===>                          11%] [Cov:=========================>         72%]
[Progress:===>                          13%] [Cov:=========================>         72%]
[Progress:===>                          13%] [Cov:=========================>         72%]
[Progress:===>                          13%] [Cov:=========================>         72%]
[Progress:===>                          13%] [Cov:=========================>         72%]
[Progress:===>                          13%] [Cov:=========================>         72%]
[Progress:====>                         15%] [Cov:=========================>         72%]
[Progress:====>                         15%] [Cov:=========================>         72%]
[Progress:====>                         15%] [Cov:=========================>         72%]
[Progress:====>                         15%] [Cov:=========================>         72%]
[Progress:====>                         16%] [Cov:=========================>         72%]
[Progress:====>                         16%] [Cov:=========================>         72%]
[Progress:====>                         16%] [Cov:=========================>         72%]
[Progress:=====>                        18%] [Cov:=========================>         72%]
[Progress:=====>                        18%] [Cov:=========================>         72%]
[Progress:=====>                        18%] [Cov:=========================>         72%]
[Progress:=====>                        18%] [Cov:=========================>         72%]
[Progress:=====>                        18%] [Cov:=========================>         72%]
[Progress:======>                       20%] [Cov:=========================>         72%]
[Progress:======>                       20%] [Cov:=========================>         72%]
[Progress:======>                       20%] [Cov:=========================>         72%]
[Progress:======>                       20%] [Cov:=========================>         72%]
[Progress:======>                       21%] [Cov:=========================>         72%]
[Progress:======>                       21%] [Cov:=========================>         72%]
[Progress:======>                       21%] [Cov:=========================>         72%]
[Progress:======>                       21%] [Cov:=========================>         73%]
[Progress:======>                       23%] [Cov:=========================>         73%]
[Progress:======>                       23%] [Cov:=========================>         73%]
[Progress:======>                       23%] [Cov:=========================>         73%]
[Progress:======>                       23%] [Cov:=========================>         73%]
[Progress:=======>                      25%] [Cov:=========================>         73%]
[Progress:=======>                      25%] [Cov:=========================>         73%]
[Progress:=======>                      25%] [Cov:=========================>         73%]
[Progress:=======>                      25%] [Cov:=========================>         73%]
[Progress:=======>                      25%] [Cov:=========================>         73%]
[Progress:=======>                      26%] [Cov:=========================>         73%]
[Progress:=======>                      26%] [Cov:=========================>         73%]
[Progress:=======>                      26%] [Cov:=========================>         73%]
[Progress:=======>                      26%] [Cov:=========================>         73%]
[Progress:========>                     28%] [Cov:=========================>         73%]
[Progress:========>                     28%] [Cov:=========================>         73%]
[Progress:========>                     28%] [Cov:=========================>         73%]
[Progress:========>                     28%] [Cov:=========================>         73%]
[Progress:========>                     28%] [Cov:=========================>         73%]
[Progress:=========>                    30%] [Cov:=========================>         73%]
[Progress:=========>                    30%] [Cov:=========================>         73%]
[Progress:=========>                    30%] [Cov:=========================>         73%]
[Progress:=========>                    30%] [Cov:=========================>         73%]
[Progress:=========>                    31%] [Cov:=========================>         73%]
[Progress:=========>                    31%] [Cov:=========================>         73%]
[Progress:=========>                    31%] [Cov:=========================>         73%]
[Progress:=========>                    31%] [Cov:=========================>         73%]
[Progress:=========>                    31%] [Cov:=========================>         73%]
[Progress:=========>                    33%] [Cov:=========================>         73%]
[Progress:=========>                    33%] [Cov:=========================>         73%]
[Progress:=========>                    33%] [Cov:=========================>         73%]
[Progress:=========>                    33%] [Cov:=========================>         73%]
[Progress:=========>                    33%] [Cov:=========================>         73%]
[Progress:==========>                   35%] [Cov:=========================>         73%]
[Progress:==========>                   35%] [Cov:=========================>         73%]
[Progress:==========>                   35%] [Cov:=========================>         73%]
[Progress:==========>                   35%] [Cov:=========================>         73%]
[Progress:==========>                   35%] [Cov:=========================>         73%]
[Progress:==========>                   36%] [Cov:=========================>         73%]
[Progress:==========>                   36%] [Cov:=========================>         73%]
[Progress:==========>                   36%] [Cov:=========================>         73%]
[Progress:==========>                   36%] [Cov:=========================>         73%]
[Progress:==========>                   36%] [Cov:=========================>         73%]
[Progress:===========>                  38%] [Cov:=========================>         73%]
[Progress:===========>                  38%] [Cov:=========================>         73%]
[Progress:===========>                  38%] [Cov:=========================>         73%]
[Progress:===========>                  38%] [Cov:=========================>         73%]
[Progress:===========>                  38%] [Cov:=========================>         74%]
[Progress:============>                 40%] [Cov:=========================>         74%]
[Progress:============>                 40%] [Cov:=========================>         74%]
[Progress:============>                 40%] [Cov:=========================>         74%]
[Progress:============>                 40%] [Cov:=========================>         74%]
[Progress:============>                 41%] [Cov:=========================>         74%]
[Progress:============>                 41%] [Cov:=========================>         74%]
[Progress:============>                 41%] [Cov:=========================>         74%]
[Progress:============>                 41%] [Cov:=========================>         74%]
[Progress:============>                 41%] [Cov:=========================>         74%]
[Progress:============>                 43%] [Cov:=========================>         74%]
[Progress:============>                 43%] [Cov:=========================>         74%]
[Progress:============>                 43%] [Cov:=========================>         74%]
[Progress:============>                 43%] [Cov:=========================>         74%]
[Progress:============>                 43%] [Cov:=========================>         74%]
[Progress:=============>                45%] [Cov:=========================>         74%]
[Progress:=============>                45%] [Cov:=========================>         74%]
[Progress:=============>                45%] [Cov:=========================>         74%]
[Progress:=============>                45%] [Cov:=========================>         74%]
[Progress:=============>                45%] [Cov:=========================>         74%]
[Progress:=============>                46%] [Cov:=========================>         74%]
[Progress:=============>                46%] [Cov:=========================>         74%]
[Progress:=============>                46%] [Cov:=========================>         74%]
[Progress:=============>                46%] [Cov:=========================>         74%]
[Progress:=============>                46%] [Cov:=========================>         74%]
[Progress:==============>               48%] [Cov:=========================>         74%]
[Progress:==============>               48%] [Cov:=========================>         74%]
[Progress:==============>               48%] [Cov:=========================>         74%]
[Progress:==============>               48%] [Cov:=========================>         74%]
[Progress:===============>              50%] [Cov:=========================>         74%]
[Progress:===============>              50%] [Cov:=========================>         74%]
[Progress:===============>              50%] [Cov:=========================>         74%]
[Progress:===============>              50%] [Cov:=========================>         74%]
[Progress:===============>              51%] [Cov:=========================>         74%]
[Progress:===============>              51%] [Cov:=========================>         74%]
[Progress:===============>              51%] [Cov:=========================>         74%]
[Progress:===============>              51%] [Cov:=========================>         74%]
[Progress:===============>              53%] [Cov:=========================>         74%]
[Progress:===============>              53%] [Cov:=========================>         74%]
[Progress:===============>              53%] [Cov:=========================>         74%]
[Progress:================>             55%] [Cov:=========================>         74%]
[Progress:================>             55%] [Cov:=========================>         74%]
[Progress:================>             55%] [Cov:=========================>         74%]
[Progress:================>             55%] [Cov:=========================>         74%]
[Progress:================>             55%] [Cov:=========================>         74%]
[Progress:================>             56%] [Cov:=========================>         74%]
[Progress:================>             56%] [Cov:=========================>         74%]
[Progress:================>             56%] [Cov:=========================>         74%]
[Progress:================>             56%] [Cov:=========================>         74%]
[Progress:=================>            58%] [Cov:=========================>         74%]
[Progress:=================>            58%] [Cov:=========================>         74%]
[Progress:=================>            58%] [Cov:==========================>        75%]
[Progress:=================>            58%] [Cov:==========================>        76%]
[Progress:=================>            58%] [Cov:==========================>        76%]
[Progress:==================>           60%] [Cov:==========================>        76%]
[Progress:==================>           60%] [Cov:==========================>        76%]
[Progress:==================>           60%] [Cov:==========================>        76%]
[Progress:==================>           60%] [Cov:==========================>        76%]
[Progress:==================>           61%] [Cov:==========================>        76%]
[Progress:==================>           61%] [Cov:==========================>        76%]
[Progress:==================>           61%] [Cov:==========================>        76%]
[Progress:==================>           61%] [Cov:==========================>        76%]
[Progress:==================>           61%] [Cov:==========================>        76%]
[Progress:==================>           63%] [Cov:==========================>        76%]
[Progress:==================>           63%] [Cov:==========================>        76%]
[Progress:==================>           63%] [Cov:==========================>        76%]
[Progress:==================>           63%] [Cov:==========================>        76%]
[Progress:===================>          65%] [Cov:==========================>        76%]
[Progress:===================>          65%] [Cov:==========================>        76%]
[Progress:===================>          65%] [Cov:==========================>        76%]
[Progress:===================>          65%] [Cov:==========================>        76%]
[Progress:===================>          65%] [Cov:==========================>        76%]
[Progress:===================>          66%] [Cov:==========================>        76%]
[Progress:===================>          66%] [Cov:==========================>        76%]
[Progress:===================>          66%] [Cov:==========================>        76%]
[Progress:===================>          66%] [Cov:==========================>        76%]
[Progress:===================>          66%] [Cov:==========================>        76%]
[Progress:====================>         68%] [Cov:==========================>        76%]
[Progress:====================>         68%] [Cov:==========================>        76%]
[Progress:====================>         68%] [Cov:==========================>        76%]
[Progress:====================>         68%] [Cov:==========================>        76%]
[Progress:=====================>        70%] [Cov:==========================>        76%]
[Progress:=====================>        70%] [Cov:==========================>        76%]
[Progress:=====================>        70%] [Cov:==========================>        76%]
[Progress:=====================>        70%] [Cov:==========================>        76%]
[Progress:=====================>        71%] [Cov:==========================>        76%]
[Progress:=====================>        71%] [Cov:==========================>        76%]
[Progress:=====================>        71%] [Cov:==========================>        76%]
[Progress:=====================>        71%] [Cov:==========================>        76%]
[Progress:=====================>        71%] [Cov:==========================>        76%]
[Progress:=====================>        73%] [Cov:==========================>        76%]
[Progress:=====================>        73%] [Cov:==========================>        76%]
[Progress:=====================>        73%] [Cov:==========================>        76%]
[Progress:=====================>        73%] [Cov:==========================>        76%]
[Progress:======================>       75%] [Cov:==========================>        76%]
[Progress:======================>       75%] [Cov:==========================>        76%]
[Progress:======================>       75%] [Cov:==========================>        76%]
[Progress:======================>       75%] [Cov:==========================>        76%]
[Progress:======================>       76%] [Cov:==========================>        76%]
[Progress:======================>       76%] [Cov:==========================>        76%]
[Progress:======================>       76%] [Cov:==========================>        76%]
[Progress:======================>       76%] [Cov:==========================>        76%]
[Progress:======================>       76%] [Cov:==========================>        76%]
[Progress:=======================>      78%] [Cov:==========================>        76%]
[Progress:=======================>      78%] [Cov:==========================>        76%]
[Progress:=======================>      78%] [Cov:==========================>        76%]
[Progress:=======================>      78%] [Cov:==========================>        76%]
[Progress:========================>     80%] [Cov:==========================>        76%]
[Progress:========================>     80%] [Cov:==========================>        76%]
[Progress:========================>     80%] [Cov:==========================>        76%]
[Progress:========================>     80%] [Cov:==========================>        76%]
[Progress:========================>     80%] [Cov:==========================>        76%]
[Progress:========================>     81%] [Cov:==========================>        76%]
[Progress:========================>     81%] [Cov:==========================>        76%]
[Progress:========================>     81%] [Cov:==========================>        76%]
[Progress:========================>     81%] [Cov:==========================>        77%]
[Progress:========================>     81%] [Cov:==========================>        77%]
[Progress:========================>     83%] [Cov:==========================>        77%]
[Progress:========================>     83%] [Cov:==========================>        77%]
[Progress:========================>     83%] [Cov:==========================>        77%]
[Progress:========================>     83%] [Cov:==========================>        77%]
[Progress:=========================>    85%] [Cov:==========================>        77%]
[Progress:=========================>    85%] [Cov:==========================>        77%]
[Progress:=========================>    85%] [Cov:==========================>        77%]
[Progress:=========================>    85%] [Cov:==========================>        77%]
[Progress:=========================>    85%] [Cov:==========================>        77%]
[Progress:=========================>    86%] [Cov:==========================>        77%]
[Progress:=========================>    86%] [Cov:==========================>        77%]
[Progress:=========================>    86%] [Cov:==========================>        77%]
[Progress:=========================>    86%] [Cov:==========================>        77%]
[Progress:==========================>   88%] [Cov:==========================>        77%]
[Progress:==========================>   88%] [Cov:==========================>        77%]
[Progress:==========================>   88%] [Cov:==========================>        77%]
[Progress:==========================>   88%] [Cov:==========================>        77%]
[Progress:===========================>  90%] [Cov:==========================>        77%]
[Progress:===========================>  90%] [Cov:==========================>        77%]
[Progress:===========================>  90%] [Cov:==========================>        77%]
[Progress:===========================>  90%] [Cov:==========================>        77%]
[Progress:===========================>  90%] [Cov:==========================>        77%]
[Progress:===========================>  91%] [Cov:==========================>        77%]
[Progress:===========================>  91%] [Cov:==========================>        77%]
[Progress:===========================>  91%] [Cov:==========================>        77%]
[Progress:===========================>  91%] [Cov:==========================>        77%]
[Progress:===========================>  93%] [Cov:==========================>        77%]
[Progress:===========================>  93%] [Cov:==========================>        77%]
[Progress:===========================>  93%] [Cov:==========================>        77%]
[Progress:===========================>  93%] [Cov:==========================>        77%]
[Progress:============================> 95%] [Cov:==========================>        77%]
[Progress:============================> 95%] [Cov:==========================>        77%]
[Progress:============================> 95%] [Cov:==========================>        77%]
[Progress:============================> 95%] [Cov:==========================>        77%]
[Progress:============================> 95%] [Cov:==========================>        77%]
[Progress:============================> 96%] [Cov:==========================>        77%]
[Progress:============================> 96%] [Cov:==========================>        77%]
[Progress:============================> 96%] [Cov:==========================>        77%]
[Progress:============================> 96%] [Cov:==========================>        77%]
[Progress:=============================>98%] [Cov:==========================>        77%]
[Progress:=============================>98%] [Cov:==========================>        77%]
[Progress:=============================>98%] [Cov:==========================>        77%]
[Progress:=============================>98%] [Cov:==========================>        77%]
[Progress:==============================100%] [Cov:==========================>        77%]
[Progress:==============================100%] [Cov:==========================>        77%]
[Progress:==============================100%] [Cov:==========================>        77%]
[Progress:==============================100%] [Cov:==========================>        77%]
[Progress:==============================100%] [Cov:==========================>        77%]
[Progress:==============================100%] [Cov:==========================>        77%]
[Progress:==============================100%] [Cov:==========================>        77%]
* Search finished after 61s and 213 generations, 87569 statements, best individual has fitness: 126.05350877192981
* Minimizing test suite
* Going to analyze the coverage criteria
* Coverage analysis for criterion LINE
* Coverage of criterion LINE: 70%
* Total number of goals: 246
* Number of covered goals: 171
* Coverage analysis for criterion BRANCH
* Coverage of criterion BRANCH: 63%
* Total number of goals: 206
* Number of covered goals: 130
* Coverage analysis for criterion EXCEPTION
* Coverage of criterion EXCEPTION: 100%
* Total number of goals: 14
* Number of covered goals: 14
* Generated 39 tests with total length 130
* Resulting test suite's coverage: 78% (average coverage for all fitness functions)
* Generating assertions
* Resulting test suite's mutation score: 26%
* Compiling and checking tests
* Permissions denied during test execution: 
  - java.lang.RuntimePermission: 
         writeFileDescriptor: 1
* Writing tests to file
* Writing JUnit test case '$Gson$Types_ESTest' to /work/evo_out/Gson_14f/budget60_seed1/tests
* Done!

* Computation finished
[MASTER] 00:17:59.110 [logback-2] ERROR JUnitAnalyzer - Compilation failed on compilation units: [SimpleFileObject[/tmp/EvoSuite_0_1790061478888/com/google/gson/internal/$Gson$Types_0_tmp__ESTest.java], SimpleFileObject[/tmp/EvoSuite_0_1790061478888/com/google/gson/internal/$Gson$Types_0_tmp__ESTest_scaffolding.java]]
[MASTER] 00:17:59.110 [logback-2] ERROR JUnitAnalyzer - Classpath: /opt/defects4j/framework/projects/lib/junit-4.12-hamcrest-1.3.jar:/work/Gson_14f/target/classes:/work/Gson_14f/target/test-classes:/opt/defects4j/framework/projects/Gson/lib/com/google/code/findbugs/jsr305/3.0.0/jsr305-3.0.0.jar:/opt/defects4j/framework/projects/lib/junit-4.12-hamcrest-1.3.jar:/opt/evosuite/evosuite-1.2.0.jar:/work/Gson_14f/target/classes:/work/Gson_14f/target/test-classes:/opt/defects4j/framework/projects/Gson/lib/com/google/code/findbugs/jsr305/3.0.0/jsr305-3.0.0.jar:/opt/defects4j/framework/projects/lib/junit-4.12-hamcrest-1.3.jar:/work/Gson_14f/target/classes:/work/Gson_14f/target/test-classes:/opt/defects4j/framework/projects/Gson/lib/com/google/code/findbugs/jsr305/3.0.0/jsr305-3.0.0.jar
[MASTER] 00:17:59.110 [logback-2] ERROR JUnitAnalyzer - evosuiteCP: /opt/defects4j/framework/projects/lib/junit-4.12-hamcrest-1.3.jar:/opt/evosuite/evosuite-1.2.0.jar:/work/Gson_14f/target/classes:/work/Gson_14f/target/test-classes:/opt/defects4j/framework/projects/Gson/lib/com/google/code/findbugs/jsr305/3.0.0/jsr305-3.0.0.jar:/opt/defects4j/framework/projects/lib/junit-4.12-hamcrest-1.3.jar:/work/Gson_14f/target/classes:/work/Gson_14f/target/test-classes:/opt/defects4j/framework/projects/Gson/lib/com/google/code/findbugs/jsr305/3.0.0/jsr305-3.0.0.jar
[MASTER] 00:17:59.112 [logback-2] ERROR JUnitAnalyzer - Diagnostic: illegal start of expression: 23
[MASTER] 00:17:59.112 [logback-2] ERROR JUnitAnalyzer - Diagnostic: illegal start of expression: 24
[MASTER] 00:17:59.112 [logback-2] ERROR JUnitAnalyzer - SimpleFileObject[/tmp/EvoSuite_0_1790061478888/com/google/gson/internal/$Gson$Types_0_tmp__ESTest.java]
1: /*
2:  * This file was automatically generated by EvoSuite
3:  * Tue Sep 22 07:17:58 GMT 2026
4:  */
5: 
6: package com.google.gson.internal;
7: 
8: import org.junit.Test;
9: import static org.junit.Assert.*;
10: import java.lang.reflect.ParameterizedType;
11: import java.lang.reflect.Type;
12: import java.util.Properties;
13: import org.evosuite.runtime.EvoRunner;
14: import org.evosuite.runtime.EvoRunnerParameters;
15: import org.junit.runner.RunWith;
16: 
17: @RunWith(EvoRunner.class) @EvoRunnerParameters(mockJVMNonDeterminism = true, useVFS = true, useVNET = true, resetStaticState = true) 
18: public class $Gson$Types_0_tmp__ESTest extends $Gson$Types_0_tmp__ESTest_scaffolding {
19: 
20:   @Test(timeout = 4000)
21:   public void test0()  throws Throwable  {
22:       Class<Properties> class0 = Properties.class;
23:       Type[] typeArray0 = .Gson.Types.getMapKeyAndValueTypes((Type) null, class0);
24:       ParameterizedType parameterizedType0 = .Gson.Types.newParameterizedTypeWithOwner((Type) null, class0, typeArray0);
25:       assertNotNull(parameterizedType0);
26:   }
27: }
SimpleFileObject[/tmp/EvoSuite_0_1790061478888/com/google/gson/internal/$Gson$Types_0_tmp__ESTest.java]
1: /**
2:  * Scaffolding file used to store all the setups needed to run 
3:  * tests automatically generated by EvoSuite
4:  * Tue Sep 22 07:17:58 GMT 2026
5:  */
6: 
7: package com.google.gson.internal;
8: 
9: import org.evosuite.runtime.annotation.EvoSuiteClassExclude;
10: import org.junit.BeforeClass;
11: import org.junit.Before;
12: import org.junit.After;
13: import org.junit.AfterClass;
14: import org.evosuite.runtime.sandbox.Sandbox;
15: import org.evosuite.runtime.sandbox.Sandbox.SandboxMode;
16: 
17: @EvoSuiteClassExclude
18: public class $Gson$Types_0_tmp__ESTest_scaffolding {
19: 
20:   @org.junit.Rule
21:   public org.evosuite.runtime.vnet.NonFunctionalRequirementRule nfr = new org.evosuite.runtime.vnet.NonFunctionalRequirementRule();
22: 
23:   private static final java.util.Properties defaultProperties = (java.util.Properties) java.lang.System.getProperties().clone(); 
24: 
25:   private org.evosuite.runtime.thread.ThreadStopper threadStopper =  new org.evosuite.runtime.thread.ThreadStopper (org.evosuite.runtime.thread.KillSwitchHandler.getInstance(), 3000);
26: 
27: 
28:   @BeforeClass
29:   public static void initEvoSuiteFramework() { 
30:     org.evosuite.runtime.RuntimeSettings.className = "com.google.gson.internal.$Gson$Types"; 
31:     org.evosuite.runtime.GuiSupport.initialize(); 
32:     org.evosuite.runtime.RuntimeSettings.maxNumberOfThreads = 100; 
33:     org.evosuite.runtime.RuntimeSettings.maxNumberOfIterationsPerLoop = 10000; 
34:     org.evosuite.runtime.RuntimeSettings.mockSystemIn = true; 
35:     org.evosuite.runtime.RuntimeSettings.sandboxMode = org.evosuite.runtime.sandbox.Sandbox.SandboxMode.RECOMMENDED; 
36:     org.evosuite.runtime.sandbox.Sandbox.initializeSecurityManagerForSUT(); 
37:     org.evosuite.runtime.classhandling.JDKClassResetter.init();
38:     setSystemProperties();
39:     initializeClasses();
40:     org.evosuite.runtime.Runtime.getInstance().resetRuntime(); 
41:   } 
42: 
43:   @AfterClass
44:   public static void clearEvoSuiteFramework(){ 
45:     Sandbox.resetDefaultSecurityManager(); 
46:     java.lang.System.setProperties((java.util.Properties) defaultProperties.clone()); 
47:   } 
48: 
49:   @Before
50:   public void initTestCase(){ 
51:     threadStopper.storeCurrentThreads();
52:     threadStopper.startRecordingTime();
53:     org.evosuite.runtime.jvm.ShutdownHookHandler.getInstance().initHandler(); 
54:     org.evosuite.runtime.sandbox.Sandbox.goingToExecuteSUTCode(); 
55:     setSystemProperties(); 
56:     org.evosuite.runtime.GuiSupport.setHeadless(); 
57:     org.evosuite.runtime.Runtime.getInstance().resetRuntime(); 
58:     org.evosuite.runtime.agent.InstrumentingAgent.activate(); 
59:   } 
60: 
61:   @After
62:   public void doneWithTestCase(){ 
63:     threadStopper.killAndJoinClientThreads();
64:     org.evosuite.runtime.jvm.ShutdownHookHandler.getInstance().safeExecuteAddedHooks(); 
65:     org.evosuite.runtime.classhandling.JDKClassResetter.reset(); 
66:     resetClasses(); 
67:     org.evosuite.runtime.sandbox.Sandbox.doneWithExecutingSUTCode(); 
68:     org.evosuite.runtime.agent.InstrumentingAgent.deactivate(); 
69:     org.evosuite.runtime.GuiSupport.restoreHeadlessMode(); 
70:   } 
71: 
72:   public static void setSystemProperties() {
73:  
74:     java.lang.System.setProperties((java.util.Properties) defaultProperties.clone()); 
75:     java.lang.System.setProperty("user.dir", "/work/Gson_14f"); 
76:     java.lang.System.setProperty("java.io.tmpdir", "/tmp"); 
77:   }
78: 
79:   private static void initializeClasses() {
80:     org.evosuite.runtime.classhandling.ClassStateSupport.initializeClasses($Gson$Types_0_tmp__ESTest_scaffolding.class.getClassLoader() ,
81:       "com.google.gson.internal.$Gson$Types",
82:       "com.google.gson.internal.$Gson$Preconditions",
83:       "com.google.gson.internal.$Gson$Types$WildcardTypeImpl",
84:       "com.google.gson.internal.$Gson$Types$ParameterizedTypeImpl",
85:       "com.google.gson.internal.$Gson$Types$GenericArrayTypeImpl"
86:     );
87:   } 
88: 
89:   private static void resetClasses() {
90:     org.evosuite.runtime.classhandling.ClassResetter.getInstance().setClassLoader($Gson$Types_0_tmp__ESTest_scaffolding.class.getClassLoader()); 
91: 
92:     org.evosuite.runtime.classhandling.ClassStateSupport.resetClasses(
93:       "com.google.gson.internal.$Gson$Types",
94:       "com.google.gson.internal.$Gson$Types$ParameterizedTypeImpl",
95:       "com.google.gson.internal.$Gson$Types$GenericArrayTypeImpl",
96:       "com.google.gson.internal.$Gson$Types$WildcardTypeImpl",
97:       "com.google.gson.internal.$Gson$Preconditions"
98:     );
99:   }
100: }

[MASTER] 00:17:59.113 [logback-2] ERROR JUnitAnalyzer - Failed to compile test case:
Class<Properties> class0 = Properties.class;
Type[] typeArray0 = .Gson.Types.getMapKeyAndValueTypes((Type) null, class0);
ParameterizedType parameterizedType0 = .Gson.Types.newParameterizedTypeWithOwner((Type) null, class0, typeArray0);
assertNotNull(parameterizedType0);


[MASTER] 00:17:59.143 [logback-2] ERROR JUnitAnalyzer - Compilation failed on compilation units: [SimpleFileObject[/tmp/EvoSuite_1_1790061479118/com/google/gson/internal/$Gson$Types_1_tmp__ESTest.java], SimpleFileObject[/tmp/EvoSuite_1_1790061479118/com/google/gson/internal/$Gson$Types_1_tmp__ESTest_scaffolding.java]]
[MASTER] 00:17:59.143 [logback-2] ERROR JUnitAnalyzer - Classpath: /opt/defects4j/framework/projects/lib/junit-4.12-hamcrest-1.3.jar:/work/Gson_14f/target/classes:/work/Gson_14f/target/test-classes:/opt/defects4j/framework/projects/Gson/lib/com/google/code/findbugs/jsr305/3.0.0/jsr305-3.0.0.jar:/opt/defects4j/framework/projects/lib/junit-4.12-hamcrest-1.3.jar:/opt/evosuite/evosuite-1.2.0.jar:/work/Gson_14f/target/classes:/work/Gson_14f/target/test-classes:/opt/defects4j/framework/projects/Gson/lib/com/google/code/findbugs/jsr305/3.0.0/jsr305-3.0.0.jar:/opt/defects4j/framework/projects/lib/junit-4.12-hamcrest-1.3.jar:/work/Gson_14f/target/classes:/work/Gson_14f/target/test-classes:/opt/defects4j/framework/projects/Gson/lib/com/google/code/findbugs/jsr305/3.0.0/jsr305-3.0.0.jar
[MASTER] 00:17:59.143 [logback-2] ERROR JUnitAnalyzer - evosuiteCP: /opt/defects4j/framework/projects/lib/junit-4.12-hamcrest-1.3.jar:/opt/evosuite/evosuite-1.2.0.jar:/work/Gson_14f/target/classes:/work/Gson_14f/target/test-classes:/opt/defects4j/framework/projects/Gson/lib/com/google/code/findbugs/jsr305/3.0.0/jsr305-3.0.0.jar:/opt/defects4j/framework/projects/lib/junit-4.12-hamcrest-1.3.jar:/work/Gson_14f/target/classes:/work/Gson_14f/target/test-classes:/opt/defects4j/framework/projects/Gson/lib/com/google/code/findbugs/jsr305/3.0.0/jsr305-3.0.0.jar
[MASTER] 00:17:59.143 [logback-2] ERROR JUnitAnalyzer - Diagnostic: illegal start of expression: 25
[MASTER] 00:17:59.143 [logback-2] ERROR JUnitAnalyzer - Diagnostic: illegal start of expression: 27
[MASTER] 00:17:59.143 [logback-2] ERROR JUnitAnalyzer - Diagnostic: illegal start of expression: 28
[MASTER] 00:17:59.143 [logback-2] ERROR JUnitAnalyzer - Diagnostic: illegal start of expression: 29
[MASTER] 00:17:59.144 [logback-2] ERROR JUnitAnalyzer - SimpleFileObject[/tmp/EvoSuite_1_1790061479118/com/google/gson/internal/$Gson$Types_1_tmp__ESTest.java]
1: /*
2:  * This file was automatically generated by EvoSuite
3:  * Tue Sep 22 07:17:59 GMT 2026
4:  */
5: 
6: package com.google.gson.internal;
7: 
8: import org.junit.Test;
9: import static org.junit.Assert.*;
10: import java.lang.reflect.GenericArrayType;
11: import java.lang.reflect.ParameterizedType;
12: import java.lang.reflect.Type;
13: import java.lang.reflect.WildcardType;
14: import java.util.Properties;
15: import org.evosuite.runtime.EvoRunner;
16: import org.evosuite.runtime.EvoRunnerParameters;
17: import org.junit.runner.RunWith;
18: 
19: @RunWith(EvoRunner.class) @EvoRunnerParameters(mockJVMNonDeterminism = true, useVFS = true, useVNET = true, resetStaticState = true) 
20: public class $Gson$Types_1_tmp__ESTest extends $Gson$Types_1_tmp__ESTest_scaffolding {
21: 
22:   @Test(timeout = 4000)
23:   public void test0()  throws Throwable  {
24:       Type[] typeArray0 = new Type[0];
25:       ParameterizedType parameterizedType0 = .Gson.Types.newParameterizedTypeWithOwner((Type) null, (Type) null, typeArray0);
26:       Class<Properties> class0 = Properties.class;
27:       WildcardType wildcardType0 = .Gson.Types.subtypeOf(parameterizedType0);
28:       GenericArrayType genericArrayType0 = .Gson.Types.arrayOf(wildcardType0);
29:       Type type0 = .Gson.Types.getSupertype(genericArrayType0, class0, class0);
30:       assertNotNull(type0);
31:   }
32: }
SimpleFileObject[/tmp/EvoSuite_1_1790061479118/com/google/gson/internal/$Gson$Types_1_tmp__ESTest.java]
1: /**
2:  * Scaffolding file used to store all the setups needed to run 
3:  * tests automatically generated by EvoSuite
4:  * Tue Sep 22 07:17:59 GMT 2026
5:  */
6: 
7: package com.google.gson.internal;
8: 
9: import org.evosuite.runtime.annotation.EvoSuiteClassExclude;
10: import org.junit.BeforeClass;
11: import org.junit.Before;
12: import org.junit.After;
13: import org.junit.AfterClass;
14: import org.evosuite.runtime.sandbox.Sandbox;
15: import org.evosuite.runtime.sandbox.Sandbox.SandboxMode;
16: 
17: @EvoSuiteClassExclude
18: public class $Gson$Types_1_tmp__ESTest_scaffolding {
19: 
20:   @org.junit.Rule
21:   public org.evosuite.runtime.vnet.NonFunctionalRequirementRule nfr = new org.evosuite.runtime.vnet.NonFunctionalRequirementRule();
22: 
23:   private static final java.util.Properties defaultProperties = (java.util.Properties) java.lang.System.getProperties().clone(); 
24: 
25:   private org.evosuite.runtime.thread.ThreadStopper threadStopper =  new org.evosuite.runtime.thread.ThreadStopper (org.evosuite.runtime.thread.KillSwitchHandler.getInstance(), 3000);
26: 
27: 
28:   @BeforeClass
29:   public static void initEvoSuiteFramework() { 
30:     org.evosuite.runtime.RuntimeSettings.className = "com.google.gson.internal.$Gson$Types"; 
31:     org.evosuite.runtime.GuiSupport.initialize(); 
32:     org.evosuite.runtime.RuntimeSettings.maxNumberOfThreads = 100; 
33:     org.evosuite.runtime.RuntimeSettings.maxNumberOfIterationsPerLoop = 10000; 
34:     org.evosuite.runtime.RuntimeSettings.mockSystemIn = true; 
35:     org.evosuite.runtime.RuntimeSettings.sandboxMode = org.evosuite.runtime.sandbox.Sandbox.SandboxMode.RECOMMENDED; 
36:     org.evosuite.runtime.sandbox.Sandbox.initializeSecurityManagerForSUT(); 
37:     org.evosuite.runtime.classhandling.JDKClassResetter.init();
38:     setSystemProperties();
39:     initializeClasses();
40:     org.evosuite.runtime.Runtime.getInstance().resetRuntime(); 
41:   } 
42: 
43:   @AfterClass
44:   public static void clearEvoSuiteFramework(){ 
45:     Sandbox.resetDefaultSecurityManager(); 
46:     java.lang.System.setProperties((java.util.Properties) defaultProperties.clone()); 
47:   } 
48: 
49:   @Before
50:   public void initTestCase(){ 
51:     threadStopper.storeCurrentThreads();
52:     threadStopper.startRecordingTime();
53:     org.evosuite.runtime.jvm.ShutdownHookHandler.getInstance().initHandler(); 
54:     org.evosuite.runtime.sandbox.Sandbox.goingToExecuteSUTCode(); 
55:     setSystemProperties(); 
56:     org.evosuite.runtime.GuiSupport.setHeadless(); 
57:     org.evosuite.runtime.Runtime.getInstance().resetRuntime(); 
58:     org.evosuite.runtime.agent.InstrumentingAgent.activate(); 
59:   } 
60: 
61:   @After
62:   public void doneWithTestCase(){ 
63:     threadStopper.killAndJoinClientThreads();
64:     org.evosuite.runtime.jvm.ShutdownHookHandler.getInstance().safeExecuteAddedHooks(); 
65:     org.evosuite.runtime.classhandling.JDKClassResetter.reset(); 
66:     resetClasses(); 
67:     org.evosuite.runtime.sandbox.Sandbox.doneWithExecutingSUTCode(); 
68:     org.evosuite.runtime.agent.InstrumentingAgent.deactivate(); 
69:     org.evosuite.runtime.GuiSupport.restoreHeadlessMode(); 
70:   } 
71: 
72:   public static void setSystemProperties() {
73:  
74:     java.lang.System.setProperties((java.util.Properties) defaultProperties.clone()); 
75:     java.lang.System.setProperty("user.dir", "/work/Gson_14f"); 
76:     java.lang.System.setProperty("java.io.tmpdir", "/tmp"); 
77:   }
78: 
79:   private static void initializeClasses() {
80:     org.evosuite.runtime.classhandling.ClassStateSupport.initializeClasses($Gson$Types_1_tmp__ESTest_scaffolding.class.getClassLoader() ,
81:       "com.google.gson.internal.$Gson$Types",
82:       "com.google.gson.internal.$Gson$Preconditions",
83:       "com.google.gson.internal.$Gson$Types$WildcardTypeImpl",
84:       "com.google.gson.internal.$Gson$Types$ParameterizedTypeImpl",
85:       "com.google.gson.internal.$Gson$Types$GenericArrayTypeImpl"
86:     );
87:   } 
88: 
89:   private static void resetClasses() {
90:     org.evosuite.runtime.classhandling.ClassResetter.getInstance().setClassLoader($Gson$Types_1_tmp__ESTest_scaffolding.class.getClassLoader()); 
91: 
92:     org.evosuite.runtime.classhandling.ClassStateSupport.resetClasses(
93:       "com.google.gson.internal.$Gson$Types",
94:       "com.google.gson.internal.$Gson$Types$ParameterizedTypeImpl",
95:       "com.google.gson.internal.$Gson$Types$GenericArrayTypeImpl",
96:       "com.google.gson.internal.$Gson$Types$WildcardTypeImpl",
97:       "com.google.gson.internal.$Gson$Preconditions"
98:     );
99:   }
100: }

[MASTER] 00:17:59.144 [logback-2] ERROR JUnitAnalyzer - Failed to compile test case:
Type[] typeArray0 = new Type[0];
ParameterizedType parameterizedType0 = .Gson.Types.newParameterizedTypeWithOwner((Type) null, (Type) null, typeArray0);
Class<Properties> class0 = Properties.class;
WildcardType wildcardType0 = .Gson.Types.subtypeOf(parameterizedType0);
GenericArrayType genericArrayType0 = .Gson.Types.arrayOf(wildcardType0);
Type type0 = .Gson.Types.getSupertype(genericArrayType0, class0, class0);
assertNotNull(type0);


[MASTER] 00:17:59.166 [logback-2] ERROR JUnitAnalyzer - Compilation failed on compilation units: [SimpleFileObject[/tmp/EvoSuite_2_1790061479145/com/google/gson/internal/$Gson$Types_2_tmp__ESTest.java], SimpleFileObject[/tmp/EvoSuite_2_1790061479145/com/google/gson/internal/$Gson$Types_2_tmp__ESTest_scaffolding.java]]
[MASTER] 00:17:59.166 [logback-2] ERROR JUnitAnalyzer - Classpath: /opt/defects4j/framework/projects/lib/junit-4.12-hamcrest-1.3.jar:/work/Gson_14f/target/classes:/work/Gson_14f/target/test-classes:/opt/defects4j/framework/projects/Gson/lib/com/google/code/findbugs/jsr305/3.0.0/jsr305-3.0.0.jar:/opt/defects4j/framework/projects/lib/junit-4.12-hamcrest-1.3.jar:/opt/evosuite/evosuite-1.2.0.jar:/work/Gson_14f/target/classes:/work/Gson_14f/target/test-classes:/opt/defects4j/framework/projects/Gson/lib/com/google/code/findbugs/jsr305/3.0.0/jsr305-3.0.0.jar:/opt/defects4j/framework/projects/lib/junit-4.12-hamcrest-1.3.jar:/work/Gson_14f/target/classes:/work/Gson_14f/target/test-classes:/opt/defects4j/framework/projects/Gson/lib/com/google/code/findbugs/jsr305/3.0.0/jsr305-3.0.0.jar
[MASTER] 00:17:59.166 [logback-2] ERROR JUnitAnalyzer - evosuiteCP: /opt/defects4j/framework/projects/lib/junit-4.12-hamcrest-1.3.jar:/opt/evosuite/evosuite-1.2.0.jar:/work/Gson_14f/target/classes:/work/Gson_14f/target/test-classes:/opt/defects4j/framework/projects/Gson/lib/com/google/code/findbugs/jsr305/3.0.0/jsr305-3.0.0.jar:/opt/defects4j/framework/projects/lib/junit-4.12-hamcrest-1.3.jar:/work/Gson_14f/target/classes:/work/Gson_14f/target/test-classes:/opt/defects4j/framework/projects/Gson/lib/com/google/code/findbugs/jsr305/3.0.0/jsr305-3.0.0.jar
[MASTER] 00:17:59.166 [logback-2] ERROR JUnitAnalyzer - Diagnostic: illegal start of expression: 23
[MASTER] 00:17:59.166 [logback-2] ERROR JUnitAnalyzer - Diagnostic: illegal start of expression: 24
[MASTER] 00:17:59.167 [logback-2] ERROR JUnitAnalyzer - Diagnostic: illegal start of expression: 25
[MASTER] 00:17:59.167 [logback-2] ERROR JUnitAnalyzer - Diagnostic: illegal start of expression: 26
[MASTER] 00:17:59.167 [logback-2] ERROR JUnitAnalyzer - SimpleFileObject[/tmp/EvoSuite_2_1790061479145/com/google/gson/internal/$Gson$Types_2_tmp__ESTest.java]
1: /*
2:  * This file was automatically generated by EvoSuite
3:  * Tue Sep 22 07:17:59 GMT 2026
4:  */
5: 
6: package com.google.gson.internal;
7: 
8: import org.junit.Test;
9: import static org.junit.Assert.*;
10: import java.lang.reflect.Type;
11: import java.lang.reflect.WildcardType;
12: import java.util.Properties;
13: import org.evosuite.runtime.EvoRunner;
14: import org.evosuite.runtime.EvoRunnerParameters;
15: import org.junit.runner.RunWith;
16: 
17: @RunWith(EvoRunner.class) @EvoRunnerParameters(mockJVMNonDeterminism = true, useVFS = true, useVNET = true, resetStaticState = true) 
18: public class $Gson$Types_2_tmp__ESTest extends $Gson$Types_2_tmp__ESTest_scaffolding {
19: 
20:   @Test(timeout = 4000)
21:   public void test0()  throws Throwable  {
22:       Class<Properties> class0 = Properties.class;
23:       Type type0 = .Gson.Types.resolve((Type) null, class0, class0);
24:       WildcardType wildcardType0 = .Gson.Types.supertypeOf(type0);
25:       WildcardType wildcardType1 = .Gson.Types.subtypeOf(wildcardType0);
26:       boolean boolean0 = .Gson.Types.equals((Type) wildcardType1, (Type) wildcardType0);
27:       assertFalse(boolean0);
28:   }
29: }
SimpleFileObject[/tmp/EvoSuite_2_1790061479145/com/google/gson/internal/$Gson$Types_2_tmp__ESTest.java]
1: /**
2:  * Scaffolding file used to store all the setups needed to run 
3:  * tests automatically generated by EvoSuite
4:  * Tue Sep 22 07:17:59 GMT 2026
5:  */
6: 
7: package com.google.gson.internal;
8: 
9: import org.evosuite.runtime.annotation.EvoSuiteClassExclude;
10: import org.junit.BeforeClass;
11: import org.junit.Before;
12: import org.junit.After;
13: import org.junit.AfterClass;
14: import org.evosuite.runtime.sandbox.Sandbox;
15: import org.evosuite.runtime.sandbox.Sandbox.SandboxMode;
16: 
17: @EvoSuiteClassExclude
18: public class $Gson$Types_2_tmp__ESTest_scaffolding {
19: 
20:   @org.junit.Rule
21:   public org.evosuite.runtime.vnet.NonFunctionalRequirementRule nfr = new org.evosuite.runtime.vnet.NonFunctionalRequirementRule();
22: 
23:   private static final java.util.Properties defaultProperties = (java.util.Properties) java.lang.System.getProperties().clone(); 
24: 
25:   private org.evosuite.runtime.thread.ThreadStopper threadStopper =  new org.evosuite.runtime.thread.ThreadStopper (org.evosuite.runtime.thread.KillSwitchHandler.getInstance(), 3000);
26: 
27: 
28:   @BeforeClass
29:   public static void initEvoSuiteFramework() { 
30:     org.evosuite.runtime.RuntimeSettings.className = "com.google.gson.internal.$Gson$Types"; 
31:     org.evosuite.runtime.GuiSupport.initialize(); 
32:     org.evosuite.runtime.RuntimeSettings.maxNumberOfThreads = 100; 
33:     org.evosuite.runtime.RuntimeSettings.maxNumberOfIterationsPerLoop = 10000; 
34:     org.evosuite.runtime.RuntimeSettings.mockSystemIn = true; 
35:     org.evosuite.runtime.RuntimeSettings.sandboxMode = org.evosuite.runtime.sandbox.Sandbox.SandboxMode.RECOMMENDED; 
36:     org.evosuite.runtime.sandbox.Sandbox.initializeSecurityManagerForSUT(); 
37:     org.evosuite.runtime.classhandling.JDKClassResetter.init();
38:     setSystemProperties();
39:     initializeClasses();
40:     org.evosuite.runtime.Runtime.getInstance().resetRuntime(); 
41:   } 
42: 
43:   @AfterClass
44:   public static void clearEvoSuiteFramework(){ 
45:     Sandbox.resetDefaultSecurityManager(); 
46:     java.lang.System.setProperties((java.util.Properties) defaultProperties.clone()); 
47:   } 
48: 
49:   @Before
50:   public void initTestCase(){ 
51:     threadStopper.storeCurrentThreads();
52:     threadStopper.startRecordingTime();
53:     org.evosuite.runtime.jvm.ShutdownHookHandler.getInstance().initHandler(); 
54:     org.evosuite.runtime.sandbox.Sandbox.goingToExecuteSUTCode(); 
55:     setSystemProperties(); 
56:     org.evosuite.runtime.GuiSupport.setHeadless(); 
57:     org.evosuite.runtime.Runtime.getInstance().resetRuntime(); 
58:     org.evosuite.runtime.agent.InstrumentingAgent.activate(); 
59:   } 
60: 
61:   @After
62:   public void doneWithTestCase(){ 
63:     threadStopper.killAndJoinClientThreads();
64:     org.evosuite.runtime.jvm.ShutdownHookHandler.getInstance().safeExecuteAddedHooks(); 
65:     org.evosuite.runtime.classhandling.JDKClassResetter.reset(); 
66:     resetClasses(); 
67:     org.evosuite.runtime.sandbox.Sandbox.doneWithExecutingSUTCode(); 
68:     org.evosuite.runtime.agent.InstrumentingAgent.deactivate(); 
69:     org.evosuite.runtime.GuiSupport.restoreHeadlessMode(); 
70:   } 
71: 
72:   public static void setSystemProperties() {
73:  
74:     java.lang.System.setProperties((java.util.Properties) defaultProperties.clone()); 
75:     java.lang.System.setProperty("user.dir", "/work/Gson_14f"); 
76:     java.lang.System.setProperty("java.io.tmpdir", "/tmp"); 
77:   }
78: 
79:   private static void initializeClasses() {
80:     org.evosuite.runtime.classhandling.ClassStateSupport.initializeClasses($Gson$Types_2_tmp__ESTest_scaffolding.class.getClassLoader() ,
81:       "com.google.gson.internal.$Gson$Types",
82:       "com.google.gson.internal.$Gson$Preconditions",
83:       "com.google.gson.internal.$Gson$Types$WildcardTypeImpl",
84:       "com.google.gson.internal.$Gson$Types$ParameterizedTypeImpl",
85:       "com.google.gson.internal.$Gson$Types$GenericArrayTypeImpl"
86:     );
87:   } 
88: 
89:   private static void resetClasses() {
90:     org.evosuite.runtime.classhandling.ClassResetter.getInstance().setClassLoader($Gson$Types_2_tmp__ESTest_scaffolding.class.getClassLoader()); 
91: 
92:     org.evosuite.runtime.classhandling.ClassStateSupport.resetClasses(
93:       "com.google.gson.internal.$Gson$Types",
94:       "com.google.gson.internal.$Gson$Types$ParameterizedTypeImpl",
95:       "com.google.gson.internal.$Gson$Types$GenericArrayTypeImpl",
96:       "com.google.gson.internal.$Gson$Types$WildcardTypeImpl",
97:       "com.google.gson.internal.$Gson$Preconditions"
98:     );
99:   }
100: }

[MASTER] 00:17:59.167 [logback-2] ERROR JUnitAnalyzer - Failed to compile test case:
Class<Properties> class0 = Properties.class;
Type type0 = .Gson.Types.resolve((Type) null, class0, class0);
WildcardType wildcardType0 = .Gson.Types.supertypeOf(type0);
WildcardType wildcardType1 = .Gson.Types.subtypeOf(wildcardType0);
boolean boolean0 = .Gson.Types.equals((Type) wildcardType1, (Type) wildcardType0);
assertFalse(boolean0);


[MASTER] 00:17:59.190 [logback-2] ERROR JUnitAnalyzer - Compilation failed on compilation units: [SimpleFileObject[/tmp/EvoSuite_3_1790061479169/com/google/gson/internal/$Gson$Types_3_tmp__ESTest.java], SimpleFileObject[/tmp/EvoSuite_3_1790061479169/com/google/gson/internal/$Gson$Types_3_tmp__ESTest_scaffolding.java]]
[MASTER] 00:17:59.190 [logback-2] ERROR JUnitAnalyzer - Classpath: /opt/defects4j/framework/projects/lib/junit-4.12-hamcrest-1.3.jar:/work/Gson_14f/target/classes:/work/Gson_14f/target/test-classes:/opt/defects4j/framework/projects/Gson/lib/com/google/code/findbugs/jsr305/3.0.0/jsr305-3.0.0.jar:/opt/defects4j/framework/projects/lib/junit-4.12-hamcrest-1.3.jar:/opt/evosuite/evosuite-1.2.0.jar:/work/Gson_14f/target/classes:/work/Gson_14f/target/test-classes:/opt/defects4j/framework/projects/Gson/lib/com/google/code/findbugs/jsr305/3.0.0/jsr305-3.0.0.jar:/opt/defects4j/framework/projects/lib/junit-4.12-hamcrest-1.3.jar:/work/Gson_14f/target/classes:/work/Gson_14f/target/test-classes:/opt/defects4j/framework/projects/Gson/lib/com/google/code/findbugs/jsr305/3.0.0/jsr305-3.0.0.jar
[MASTER] 00:17:59.190 [logback-2] ERROR JUnitAnalyzer - evosuiteCP: /opt/defects4j/framework/projects/lib/junit-4.12-hamcrest-1.3.jar:/opt/evosuite/evosuite-1.2.0.jar:/work/Gson_14f/target/classes:/work/Gson_14f/target/test-classes:/opt/defects4j/framework/projects/Gson/lib/com/google/code/findbugs/jsr305/3.0.0/jsr305-3.0.0.jar:/opt/defects4j/framework/projects/lib/junit-4.12-hamcrest-1.3.jar:/work/Gson_14f/target/classes:/work/Gson_14f/target/test-classes:/opt/defects4j/framework/projects/Gson/lib/com/google/code/findbugs/jsr305/3.0.0/jsr305-3.0.0.jar
[MASTER] 00:17:59.190 [logback-2] ERROR JUnitAnalyzer - Diagnostic: illegal start of expression: 23
[MASTER] 00:17:59.190 [logback-2] ERROR JUnitAnalyzer - Diagnostic: illegal start of expression: 24
[MASTER] 00:17:59.190 [logback-2] ERROR JUnitAnalyzer - Diagnostic: illegal start of expression: 25
[MASTER] 00:17:59.191 [logback-2] ERROR JUnitAnalyzer - SimpleFileObject[/tmp/EvoSuite_3_1790061479169/com/google/gson/internal/$Gson$Types_3_tmp__ESTest.java]
1: /*
2:  * This file was automatically generated by EvoSuite
3:  * Tue Sep 22 07:17:59 GMT 2026
4:  */
5: 
6: package com.google.gson.internal;
7: 
8: import org.junit.Test;
9: import static org.junit.Assert.*;
10: import java.lang.reflect.Type;
11: import java.lang.reflect.WildcardType;
12: import java.util.Properties;
13: import org.evosuite.runtime.EvoRunner;
14: import org.evosuite.runtime.EvoRunnerParameters;
15: import org.junit.runner.RunWith;
16: 
17: @RunWith(EvoRunner.class) @EvoRunnerParameters(mockJVMNonDeterminism = true, useVFS = true, useVNET = true, resetStaticState = true) 
18: public class $Gson$Types_3_tmp__ESTest extends $Gson$Types_3_tmp__ESTest_scaffolding {
19: 
20:   @Test(timeout = 4000)
21:   public void test0()  throws Throwable  {
22:       Class<Properties> class0 = Properties.class;
23:       Type type0 = .Gson.Types.resolve((Type) null, class0, class0);
24:       WildcardType wildcardType0 = .Gson.Types.supertypeOf(type0);
25:       WildcardType wildcardType1 = .Gson.Types.supertypeOf(wildcardType0);
26:       assertNotSame(wildcardType1, wildcardType0);
27:   }
28: }
SimpleFileObject[/tmp/EvoSuite_3_1790061479169/com/google/gson/internal/$Gson$Types_3_tmp__ESTest.java]
1: /**
2:  * Scaffolding file used to store all the setups needed to run 
3:  * tests automatically generated by EvoSuite
4:  * Tue Sep 22 07:17:59 GMT 2026
5:  */
6: 
7: package com.google.gson.internal;
8: 
9: import org.evosuite.runtime.annotation.EvoSuiteClassExclude;
10: import org.junit.BeforeClass;
11: import org.junit.Before;
12: import org.junit.After;
13: import org.junit.AfterClass;
14: import org.evosuite.runtime.sandbox.Sandbox;
15: import org.evosuite.runtime.sandbox.Sandbox.SandboxMode;
16: 
17: @EvoSuiteClassExclude
18: public class $Gson$Types_3_tmp__ESTest_scaffolding {
19: 
20:   @org.junit.Rule
21:   public org.evosuite.runtime.vnet.NonFunctionalRequirementRule nfr = new org.evosuite.runtime.vnet.NonFunctionalRequirementRule();
22: 
23:   private static final java.util.Properties defaultProperties = (java.util.Properties) java.lang.System.getProperties().clone(); 
24: 
25:   private org.evosuite.runtime.thread.ThreadStopper threadStopper =  new org.evosuite.runtime.thread.ThreadStopper (org.evosuite.runtime.thread.KillSwitchHandler.getInstance(), 3000);
26: 
27: 
28:   @BeforeClass
29:   public static void initEvoSuiteFramework() { 
30:     org.evosuite.runtime.RuntimeSettings.className = "com.google.gson.internal.$Gson$Types"; 
31:     org.evosuite.runtime.GuiSupport.initialize(); 
32:     org.evosuite.runtime.RuntimeSettings.maxNumberOfThreads = 100; 
33:     org.evosuite.runtime.RuntimeSettings.maxNumberOfIterationsPerLoop = 10000; 
34:     org.evosuite.runtime.RuntimeSettings.mockSystemIn = true; 
35:     org.evosuite.runtime.RuntimeSettings.sandboxMode = org.evosuite.runtime.sandbox.Sandbox.SandboxMode.RECOMMENDED; 
36:     org.evosuite.runtime.sandbox.Sandbox.initializeSecurityManagerForSUT(); 
37:     org.evosuite.runtime.classhandling.JDKClassResetter.init();
38:     setSystemProperties();
39:     initializeClasses();
40:     org.evosuite.runtime.Runtime.getInstance().resetRuntime(); 
41:   } 
42: 
43:   @AfterClass
44:   public static void clearEvoSuiteFramework(){ 
45:     Sandbox.resetDefaultSecurityManager(); 
46:     java.lang.System.setProperties((java.util.Properties) defaultProperties.clone()); 
47:   } 
48: 
49:   @Before
50:   public void initTestCase(){ 
51:     threadStopper.storeCurrentThreads();
52:     threadStopper.startRecordingTime();
53:     org.evosuite.runtime.jvm.ShutdownHookHandler.getInstance().initHandler(); 
54:     org.evosuite.runtime.sandbox.Sandbox.goingToExecuteSUTCode(); 
55:     setSystemProperties(); 
56:     org.evosuite.runtime.GuiSupport.setHeadless(); 
57:     org.evosuite.runtime.Runtime.getInstance().resetRuntime(); 
58:     org.evosuite.runtime.agent.InstrumentingAgent.activate(); 
59:   } 
60: 
61:   @After
62:   public void doneWithTestCase(){ 
63:     threadStopper.killAndJoinClientThreads();
64:     org.evosuite.runtime.jvm.ShutdownHookHandler.getInstance().safeExecuteAddedHooks(); 
65:     org.evosuite.runtime.classhandling.JDKClassResetter.reset(); 
66:     resetClasses(); 
67:     org.evosuite.runtime.sandbox.Sandbox.doneWithExecutingSUTCode(); 
68:     org.evosuite.runtime.agent.InstrumentingAgent.deactivate(); 
69:     org.evosuite.runtime.GuiSupport.restoreHeadlessMode(); 
70:   } 
71: 
72:   public static void setSystemProperties() {
73:  
74:     java.lang.System.setProperties((java.util.Properties) defaultProperties.clone()); 
75:     java.lang.System.setProperty("user.dir", "/work/Gson_14f"); 
76:     java.lang.System.setProperty("java.io.tmpdir", "/tmp"); 
77:   }
78: 
79:   private static void initializeClasses() {
80:     org.evosuite.runtime.classhandling.ClassStateSupport.initializeClasses($Gson$Types_3_tmp__ESTest_scaffolding.class.getClassLoader() ,
81:       "com.google.gson.internal.$Gson$Types",
82:       "com.google.gson.internal.$Gson$Preconditions",
83:       "com.google.gson.internal.$Gson$Types$WildcardTypeImpl",
84:       "com.google.gson.internal.$Gson$Types$ParameterizedTypeImpl",
85:       "com.google.gson.internal.$Gson$Types$GenericArrayTypeImpl"
86:     );
87:   } 
88: 
89:   private static void resetClasses() {
90:     org.evosuite.runtime.classhandling.ClassResetter.getInstance().setClassLoader($Gson$Types_3_tmp__ESTest_scaffolding.class.getClassLoader()); 
91: 
92:     org.evosuite.runtime.classhandling.ClassStateSupport.resetClasses(
93:       "com.google.gson.internal.$Gson$Types",
94:       "com.google.gson.internal.$Gson$Types$ParameterizedTypeImpl",
95:       "com.google.gson.internal.$Gson$Types$GenericArrayTypeImpl",
96:       "com.google.gson.internal.$Gson$Types$WildcardTypeImpl",
97:       "com.google.gson.internal.$Gson$Preconditions"
98:     );
99:   }
100: }

[MASTER] 00:17:59.191 [logback-2] ERROR JUnitAnalyzer - Failed to compile test case:
Class<Properties> class0 = Properties.class;
Type type0 = .Gson.Types.resolve((Type) null, class0, class0);
WildcardType wildcardType0 = .Gson.Types.supertypeOf(type0);
WildcardType wildcardType1 = .Gson.Types.supertypeOf(wildcardType0);
assertNotSame(wildcardType1, wildcardType0);


[MASTER] 00:17:59.207 [logback-2] ERROR JUnitAnalyzer - Compilation failed on compilation units: [SimpleFileObject[/tmp/EvoSuite_4_1790061479192/com/google/gson/internal/$Gson$Types_4_tmp__ESTest.java], SimpleFileObject[/tmp/EvoSuite_4_1790061479192/com/google/gson/internal/$Gson$Types_4_tmp__ESTest_scaffolding.java]]
[MASTER] 00:17:59.207 [logback-2] ERROR JUnitAnalyzer - Classpath: /opt/defects4j/framework/projects/lib/junit-4.12-hamcrest-1.3.jar:/work/Gson_14f/target/classes:/work/Gson_14f/target/test-classes:/opt/defects4j/framework/projects/Gson/lib/com/google/code/findbugs/jsr305/3.0.0/jsr305-3.0.0.jar:/opt/defects4j/framework/projects/lib/junit-4.12-hamcrest-1.3.jar:/opt/evosuite/evosuite-1.2.0.jar:/work/Gson_14f/target/classes:/work/Gson_14f/target/test-classes:/opt/defects4j/framework/projects/Gson/lib/com/google/code/findbugs/jsr305/3.0.0/jsr305-3.0.0.jar:/opt/defects4j/framework/projects/lib/junit-4.12-hamcrest-1.3.jar:/work/Gson_14f/target/classes:/work/Gson_14f/target/test-classes:/opt/defects4j/framework/projects/Gson/lib/com/google/code/findbugs/jsr305/3.0.0/jsr305-3.0.0.jar
[MASTER] 00:17:59.207 [logback-2] ERROR JUnitAnalyzer - evosuiteCP: /opt/defects4j/framework/projects/lib/junit-4.12-hamcrest-1.3.jar:/opt/evosuite/evosuite-1.2.0.jar:/work/Gson_14f/target/classes:/work/Gson_14f/target/test-classes:/opt/defects4j/framework/projects/Gson/lib/com/google/code/findbugs/jsr305/3.0.0/jsr305-3.0.0.jar:/opt/defects4j/framework/projects/lib/junit-4.12-hamcrest-1.3.jar:/work/Gson_14f/target/classes:/work/Gson_14f/target/test-classes:/opt/defects4j/framework/projects/Gson/lib/com/google/code/findbugs/jsr305/3.0.0/jsr305-3.0.0.jar
[MASTER] 00:17:59.208 [logback-2] ERROR JUnitAnalyzer - Diagnostic: illegal start of expression: 24
[MASTER] 00:17:59.208 [logback-2] ERROR JUnitAnalyzer - Diagnostic: illegal start of expression: 27
[MASTER] 00:17:59.208 [logback-2] ERROR JUnitAnalyzer - Diagnostic: illegal start of expression: 28
[MASTER] 00:17:59.208 [logback-2] ERROR JUnitAnalyzer - SimpleFileObject[/tmp/EvoSuite_4_1790061479192/com/google/gson/internal/$Gson$Types_4_tmp__ESTest.java]
1: /*
2:  * This file was automatically generated by EvoSuite
3:  * Tue Sep 22 07:17:59 GMT 2026
4:  */
5: 
6: package com.google.gson.internal;
7: 
8: import org.junit.Test;
9: import static org.junit.Assert.*;
10: import java.lang.reflect.Type;
11: import java.lang.reflect.WildcardType;
12: import java.util.Properties;
13: import org.evosuite.runtime.EvoRunner;
14: import org.evosuite.runtime.EvoRunnerParameters;
15: import org.junit.runner.RunWith;
16: 
17: @RunWith(EvoRunner.class) @EvoRunnerParameters(mockJVMNonDeterminism = true, useVFS = true, useVNET = true, resetStaticState = true) 
18: public class $Gson$Types_4_tmp__ESTest extends $Gson$Types_4_tmp__ESTest_scaffolding {
19: 
20:   @Test(timeout = 4000)
21:   public void test0()  throws Throwable  {
22:       Class<Properties> class0 = Properties.class;
23:       Class<Object> class1 = Object.class;
24:       Type type0 = .Gson.Types.getGenericSupertype((Type) null, class0, class1);
25:       assertNotNull(type0);
26:       
27:       WildcardType wildcardType0 = .Gson.Types.subtypeOf(type0);
28:       Class<?> class2 = .Gson.Types.getRawType(wildcardType0);
29:       assertEquals("class java.lang.Object", class2.toString());
30:   }
31: }
SimpleFileObject[/tmp/EvoSuite_4_1790061479192/com/google/gson/internal/$Gson$Types_4_tmp__ESTest.java]
1: /**
2:  * Scaffolding file used to store all the setups needed to run 
3:  * tests automatically generated by EvoSuite
4:  * Tue Sep 22 07:17:59 GMT 2026
5:  */
6: 
7: package com.google.gson.internal;
8: 
9: import org.evosuite.runtime.annotation.EvoSuiteClassExclude;
10: import org.junit.BeforeClass;
11: import org.junit.Before;
12: import org.junit.After;
13: import org.junit.AfterClass;
14: import org.evosuite.runtime.sandbox.Sandbox;
15: import org.evosuite.runtime.sandbox.Sandbox.SandboxMode;
16: 
17: @EvoSuiteClassExclude
18: public class $Gson$Types_4_tmp__ESTest_scaffolding {
19: 
20:   @org.junit.Rule
21:   public org.evosuite.runtime.vnet.NonFunctionalRequirementRule nfr = new org.evosuite.runtime.vnet.NonFunctionalRequirementRule();
22: 
23:   private static final java.util.Properties defaultProperties = (java.util.Properties) java.lang.System.getProperties().clone(); 
24: 
25:   private org.evosuite.runtime.thread.ThreadStopper threadStopper =  new org.evosuite.runtime.thread.ThreadStopper (org.evosuite.runtime.thread.KillSwitchHandler.getInstance(), 3000);
26: 
27: 
28:   @BeforeClass
29:   public static void initEvoSuiteFramework() { 
30:     org.evosuite.runtime.RuntimeSettings.className = "com.google.gson.internal.$Gson$Types"; 
31:     org.evosuite.runtime.GuiSupport.initialize(); 
32:     org.evosuite.runtime.RuntimeSettings.maxNumberOfThreads = 100; 
33:     org.evosuite.runtime.RuntimeSettings.maxNumberOfIterationsPerLoop = 10000; 
34:     org.evosuite.runtime.RuntimeSettings.mockSystemIn = true; 
35:     org.evosuite.runtime.RuntimeSettings.sandboxMode = org.evosuite.runtime.sandbox.Sandbox.SandboxMode.RECOMMENDED; 
36:     org.evosuite.runtime.sandbox.Sandbox.initializeSecurityManagerForSUT(); 
37:     org.evosuite.runtime.classhandling.JDKClassResetter.init();
38:     setSystemProperties();
39:     initializeClasses();
40:     org.evosuite.runtime.Runtime.getInstance().resetRuntime(); 
41:   } 
42: 
43:   @AfterClass
44:   public static void clearEvoSuiteFramework(){ 
45:     Sandbox.resetDefaultSecurityManager(); 
46:     java.lang.System.setProperties((java.util.Properties) defaultProperties.clone()); 
47:   } 
48: 
49:   @Before
50:   public void initTestCase(){ 
51:     threadStopper.storeCurrentThreads();
52:     threadStopper.startRecordingTime();
53:     org.evosuite.runtime.jvm.ShutdownHookHandler.getInstance().initHandler(); 
54:     org.evosuite.runtime.sandbox.Sandbox.goingToExecuteSUTCode(); 
55:     setSystemProperties(); 
56:     org.evosuite.runtime.GuiSupport.setHeadless(); 
57:     org.evosuite.runtime.Runtime.getInstance().resetRuntime(); 
58:     org.evosuite.runtime.agent.InstrumentingAgent.activate(); 
59:   } 
60: 
61:   @After
62:   public void doneWithTestCase(){ 
63:     threadStopper.killAndJoinClientThreads();
64:     org.evosuite.runtime.jvm.ShutdownHookHandler.getInstance().safeExecuteAddedHooks(); 
65:     org.evosuite.runtime.classhandling.JDKClassResetter.reset(); 
66:     resetClasses(); 
67:     org.evosuite.runtime.sandbox.Sandbox.doneWithExecutingSUTCode(); 
68:     org.evosuite.runtime.agent.InstrumentingAgent.deactivate(); 
69:     org.evosuite.runtime.GuiSupport.restoreHeadlessMode(); 
70:   } 
71: 
72:   public static void setSystemProperties() {
73:  
74:     java.lang.System.setProperties((java.util.Properties) defaultProperties.clone()); 
75:     java.lang.System.setProperty("user.dir", "/work/Gson_14f"); 
76:     java.lang.System.setProperty("java.io.tmpdir", "/tmp"); 
77:   }
78: 
79:   private static void initializeClasses() {
80:     org.evosuite.runtime.classhandling.ClassStateSupport.initializeClasses($Gson$Types_4_tmp__ESTest_scaffolding.class.getClassLoader() ,
81:       "com.google.gson.internal.$Gson$Types",
82:       "com.google.gson.internal.$Gson$Preconditions",
83:       "com.google.gson.internal.$Gson$Types$WildcardTypeImpl",
84:       "com.google.gson.internal.$Gson$Types$ParameterizedTypeImpl",
85:       "com.google.gson.internal.$Gson$Types$GenericArrayTypeImpl"
86:     );
87:   } 
88: 
89:   private static void resetClasses() {
90:     org.evosuite.runtime.classhandling.ClassResetter.getInstance().setClassLoader($Gson$Types_4_tmp__ESTest_scaffolding.class.getClassLoader()); 
91: 
92:     org.evosuite.runtime.classhandling.ClassStateSupport.resetClasses(
93:       "com.google.gson.internal.$Gson$Types",
94:       "com.google.gson.internal.$Gson$Types$ParameterizedTypeImpl",
95:       "com.google.gson.internal.$Gson$Types$GenericArrayTypeImpl",
96:       "com.google.gson.internal.$Gson$Types$WildcardTypeImpl",
97:       "com.google.gson.internal.$Gson$Preconditions"
98:     );
99:   }
100: }

[MASTER] 00:17:59.208 [logback-2] ERROR JUnitAnalyzer - Failed to compile test case:
Class<Properties> class0 = Properties.class;
Class<Object> class1 = Object.class;
Type type0 = .Gson.Types.getGenericSupertype((Type) null, class0, class1);
assertNotNull(type0);

WildcardType wildcardType0 = .Gson.Types.subtypeOf(type0);
Class<?> class2 = .Gson.Types.getRawType(wildcardType0);
assertEquals("class java.lang.Object", class2.toString());


[MASTER] 00:17:59.230 [logback-2] ERROR JUnitAnalyzer - Compilation failed on compilation units: [SimpleFileObject[/tmp/EvoSuite_5_1790061479209/com/google/gson/internal/$Gson$Types_5_tmp__ESTest.java], SimpleFileObject[/tmp/EvoSuite_5_1790061479209/com/google/gson/internal/$Gson$Types_5_tmp__ESTest_scaffolding.java]]
[MASTER] 00:17:59.230 [logback-2] ERROR JUnitAnalyzer - Classpath: /opt/defects4j/framework/projects/lib/junit-4.12-hamcrest-1.3.jar:/work/Gson_14f/target/classes:/work/Gson_14f/target/test-classes:/opt/defects4j/framework/projects/Gson/lib/com/google/code/findbugs/jsr305/3.0.0/jsr305-3.0.0.jar:/opt/defects4j/framework/projects/lib/junit-4.12-hamcrest-1.3.jar:/opt/evosuite/evosuite-1.2.0.jar:/work/Gson_14f/target/classes:/work/Gson_14f/target/test-classes:/opt/defects4j/framework/projects/Gson/lib/com/google/code/findbugs/jsr305/3.0.0/jsr305-3.0.0.jar:/opt/defects4j/framework/projects/lib/junit-4.12-hamcrest-1.3.jar:/work/Gson_14f/target/classes:/work/Gson_14f/target/test-classes:/opt/defects4j/framework/projects/Gson/lib/com/google/code/findbugs/jsr305/3.0.0/jsr305-3.0.0.jar
[MASTER] 00:17:59.230 [logback-2] ERROR JUnitAnalyzer - evosuiteCP: /opt/defects4j/framework/projects/lib/junit-4.12-hamcrest-1.3.jar:/opt/evosuite/evosuite-1.2.0.jar:/work/Gson_14f/target/classes:/work/Gson_14f/target/test-classes:/opt/defects4j/framework/projects/Gson/lib/com/google/code/findbugs/jsr305/3.0.0/jsr305-3.0.0.jar:/opt/defects4j/framework/projects/lib/junit-4.12-hamcrest-1.3.jar:/work/Gson_14f/target/classes:/work/Gson_14f/target/test-classes:/opt/defects4j/framework/projects/Gson/lib/com/google/code/findbugs/jsr305/3.0.0/jsr305-3.0.0.jar
[MASTER] 00:17:59.230 [logback-2] ERROR JUnitAnalyzer - Diagnostic: illegal start of expression: 22
[MASTER] 00:17:59.231 [logback-2] ERROR JUnitAnalyzer - Diagnostic: illegal start of expression: 25
[MASTER] 00:17:59.231 [logback-2] ERROR JUnitAnalyzer - SimpleFileObject[/tmp/EvoSuite_5_1790061479209/com/google/gson/internal/$Gson$Types_5_tmp__ESTest.java]
1: /*
2:  * This file was automatically generated by EvoSuite
3:  * Tue Sep 22 07:17:59 GMT 2026
4:  */
5: 
6: package com.google.gson.internal;
7: 
8: import org.junit.Test;
9: import static org.junit.Assert.*;
10: import static org.evosuite.runtime.EvoAssertions.*;
11: import java.lang.reflect.GenericArrayType;
12: import java.lang.reflect.Type;
13: import org.evosuite.runtime.EvoRunner;
14: import org.evosuite.runtime.EvoRunnerParameters;
15: import org.junit.runner.RunWith;
16: 
17: @RunWith(EvoRunner.class) @EvoRunnerParameters(mockJVMNonDeterminism = true, useVFS = true, useVNET = true, resetStaticState = true) 
18: public class $Gson$Types_5_tmp__ESTest extends $Gson$Types_5_tmp__ESTest_scaffolding {
19: 
20:   @Test(timeout = 4000)
21:   public void test0()  throws Throwable  {
22:       GenericArrayType genericArrayType0 = .Gson.Types.arrayOf((Type) null);
23:       // Undeclared exception!
24:       try { 
25:         .Gson.Types.getRawType(genericArrayType0);
26:         fail("Expecting exception: IllegalArgumentException");
27:       
28:       } catch(IllegalArgumentException e) {
29:          //
30:          // Expected a Class, ParameterizedType, or GenericArrayType, but <null> is of type null
31:          //
32:          verifyException("com.google.gson.internal.$Gson$Types", e);
33:       }
34:   }
35: }
SimpleFileObject[/tmp/EvoSuite_5_1790061479209/com/google/gson/internal/$Gson$Types_5_tmp__ESTest.java]
1: /**
2:  * Scaffolding file used to store all the setups needed to run 
3:  * tests automatically generated by EvoSuite
4:  * Tue Sep 22 07:17:59 GMT 2026
5:  */
6: 
7: package com.google.gson.internal;
8: 
9: import org.evosuite.runtime.annotation.EvoSuiteClassExclude;
10: import org.junit.BeforeClass;
11: import org.junit.Before;
12: import org.junit.After;
13: import org.junit.AfterClass;
14: import org.evosuite.runtime.sandbox.Sandbox;
15: import org.evosuite.runtime.sandbox.Sandbox.SandboxMode;
16: 
17: @EvoSuiteClassExclude
18: public class $Gson$Types_5_tmp__ESTest_scaffolding {
19: 
20:   @org.junit.Rule
21:   public org.evosuite.runtime.vnet.NonFunctionalRequirementRule nfr = new org.evosuite.runtime.vnet.NonFunctionalRequirementRule();
22: 
23:   private static final java.util.Properties defaultProperties = (java.util.Properties) java.lang.System.getProperties().clone(); 
24: 
25:   private org.evosuite.runtime.thread.ThreadStopper threadStopper =  new org.evosuite.runtime.thread.ThreadStopper (org.evosuite.runtime.thread.KillSwitchHandler.getInstance(), 3000);
26: 
27: 
28:   @BeforeClass
29:   public static void initEvoSuiteFramework() { 
30:     org.evosuite.runtime.RuntimeSettings.className = "com.google.gson.internal.$Gson$Types"; 
31:     org.evosuite.runtime.GuiSupport.initialize(); 
32:     org.evosuite.runtime.RuntimeSettings.maxNumberOfThreads = 100; 
33:     org.evosuite.runtime.RuntimeSettings.maxNumberOfIterationsPerLoop = 10000; 
34:     org.evosuite.runtime.RuntimeSettings.mockSystemIn = true; 
35:     org.evosuite.runtime.RuntimeSettings.sandboxMode = org.evosuite.runtime.sandbox.Sandbox.SandboxMode.RECOMMENDED; 
36:     org.evosuite.runtime.sandbox.Sandbox.initializeSecurityManagerForSUT(); 
37:     org.evosuite.runtime.classhandling.JDKClassResetter.init();
38:     setSystemProperties();
39:     initializeClasses();
40:     org.evosuite.runtime.Runtime.getInstance().resetRuntime(); 
41:   } 
42: 
43:   @AfterClass
44:   public static void clearEvoSuiteFramework(){ 
45:     Sandbox.resetDefaultSecurityManager(); 
46:     java.lang.System.setProperties((java.util.Properties) defaultProperties.clone()); 
47:   } 
48: 
49:   @Before
50:   public void initTestCase(){ 
51:     threadStopper.storeCurrentThreads();
52:     threadStopper.startRecordingTime();
53:     org.evosuite.runtime.jvm.ShutdownHookHandler.getInstance().initHandler(); 
54:     org.evosuite.runtime.sandbox.Sandbox.goingToExecuteSUTCode(); 
55:     setSystemProperties(); 
56:     org.evosuite.runtime.GuiSupport.setHeadless(); 
57:     org.evosuite.runtime.Runtime.getInstance().resetRuntime(); 
58:     org.evosuite.runtime.agent.InstrumentingAgent.activate(); 
59:   } 
60: 
61:   @After
62:   public void doneWithTestCase(){ 
63:     threadStopper.killAndJoinClientThreads();
64:     org.evosuite.runtime.jvm.ShutdownHookHandler.getInstance().safeExecuteAddedHooks(); 
65:     org.evosuite.runtime.classhandling.JDKClassResetter.reset(); 
66:     resetClasses(); 
67:     org.evosuite.runtime.sandbox.Sandbox.doneWithExecutingSUTCode(); 
68:     org.evosuite.runtime.agent.InstrumentingAgent.deactivate(); 
69:     org.evosuite.runtime.GuiSupport.restoreHeadlessMode(); 
70:   } 
71: 
72:   public static void setSystemProperties() {
73:  
74:     java.lang.System.setProperties((java.util.Properties) defaultProperties.clone()); 
75:     java.lang.System.setProperty("user.dir", "/work/Gson_14f"); 
76:     java.lang.System.setProperty("java.io.tmpdir", "/tmp"); 
77:   }
78: 
79:   private static void initializeClasses() {
80:     org.evosuite.runtime.classhandling.ClassStateSupport.initializeClasses($Gson$Types_5_tmp__ESTest_scaffolding.class.getClassLoader() ,
81:       "com.google.gson.internal.$Gson$Types",
82:       "com.google.gson.internal.$Gson$Preconditions",
83:       "com.google.gson.internal.$Gson$Types$WildcardTypeImpl",
84:       "com.google.gson.internal.$Gson$Types$ParameterizedTypeImpl",
85:       "com.google.gson.internal.$Gson$Types$GenericArrayTypeImpl"
86:     );
87:   } 
88: 
89:   private static void resetClasses() {
90:     org.evosuite.runtime.classhandling.ClassResetter.getInstance().setClassLoader($Gson$Types_5_tmp__ESTest_scaffolding.class.getClassLoader()); 
91: 
92:     org.evosuite.runtime.classhandling.ClassStateSupport.resetClasses(
93:       "com.google.gson.internal.$Gson$Types",
94:       "com.google.gson.internal.$Gson$Types$ParameterizedTypeImpl",
95:       "com.google.gson.internal.$Gson$Types$GenericArrayTypeImpl",
96:       "com.google.gson.internal.$Gson$Types$WildcardTypeImpl",
97:       "com.google.gson.internal.$Gson$Preconditions"
98:     );
99:   }
100: }

[MASTER] 00:17:59.231 [logback-2] ERROR JUnitAnalyzer - Failed to compile test case:
GenericArrayType genericArrayType0 = .Gson.Types.arrayOf((Type) null);
.Gson.Types.getRawType(genericArrayType0);

[MASTER] 00:17:59.248 [logback-2] ERROR JUnitAnalyzer - Compilation failed on compilation units: [SimpleFileObject[/tmp/EvoSuite_6_1790061479232/com/google/gson/internal/$Gson$Types_6_tmp__ESTest.java], SimpleFileObject[/tmp/EvoSuite_6_1790061479232/com/google/gson/internal/$Gson$Types_6_tmp__ESTest_scaffolding.java]]
[MASTER] 00:17:59.248 [logback-2] ERROR JUnitAnalyzer - Classpath: /opt/defects4j/framework/projects/lib/junit-4.12-hamcrest-1.3.jar:/work/Gson_14f/target/classes:/work/Gson_14f/target/test-classes:/opt/defects4j/framework/projects/Gson/lib/com/google/code/findbugs/jsr305/3.0.0/jsr305-3.0.0.jar:/opt/defects4j/framework/projects/lib/junit-4.12-hamcrest-1.3.jar:/opt/evosuite/evosuite-1.2.0.jar:/work/Gson_14f/target/classes:/work/Gson_14f/target/test-classes:/opt/defects4j/framework/projects/Gson/lib/com/google/code/findbugs/jsr305/3.0.0/jsr305-3.0.0.jar:/opt/defects4j/framework/projects/lib/junit-4.12-hamcrest-1.3.jar:/work/Gson_14f/target/classes:/work/Gson_14f/target/test-classes:/opt/defects4j/framework/projects/Gson/lib/com/google/code/findbugs/jsr305/3.0.0/jsr305-3.0.0.jar
[MASTER] 00:17:59.248 [logback-2] ERROR JUnitAnalyzer - evosuiteCP: /opt/defects4j/framework/projects/lib/junit-4.12-hamcrest-1.3.jar:/opt/evosuite/evosuite-1.2.0.jar:/work/Gson_14f/target/classes:/work/Gson_14f/target/test-classes:/opt/defects4j/framework/projects/Gson/lib/com/google/code/findbugs/jsr305/3.0.0/jsr305-3.0.0.jar:/opt/defects4j/framework/projects/lib/junit-4.12-hamcrest-1.3.jar:/work/Gson_14f/target/classes:/work/Gson_14f/target/test-classes:/opt/defects4j/framework/projects/Gson/lib/com/google/code/findbugs/jsr305/3.0.0/jsr305-3.0.0.jar
[MASTER] 00:17:59.249 [logback-2] ERROR JUnitAnalyzer - Diagnostic: illegal start of expression: 21
[MASTER] 00:17:59.249 [logback-2] ERROR JUnitAnalyzer - SimpleFileObject[/tmp/EvoSuite_6_1790061479232/com/google/gson/internal/$Gson$Types_6_tmp__ESTest.java]
1: /*
2:  * This file was automatically generated by EvoSuite
3:  * Tue Sep 22 07:17:59 GMT 2026
4:  */
5: 
6: package com.google.gson.internal;
7: 
8: import org.junit.Test;
9: import static org.junit.Assert.*;
10: import java.util.Properties;
11: import org.evosuite.runtime.EvoRunner;
12: import org.evosuite.runtime.EvoRunnerParameters;
13: import org.junit.runner.RunWith;
14: 
15: @RunWith(EvoRunner.class) @EvoRunnerParameters(mockJVMNonDeterminism = true, useVFS = true, useVNET = true, resetStaticState = true) 
16: public class $Gson$Types_6_tmp__ESTest extends $Gson$Types_6_tmp__ESTest_scaffolding {
17: 
18:   @Test(timeout = 4000)
19:   public void test0()  throws Throwable  {
20:       Class<Properties> class0 = Properties.class;
21:       boolean boolean0 = .Gson.Types.equal((Object) null, class0);
22:       assertFalse(boolean0);
23:   }
24: }
SimpleFileObject[/tmp/EvoSuite_6_1790061479232/com/google/gson/internal/$Gson$Types_6_tmp__ESTest.java]
1: /**
2:  * Scaffolding file used to store all the setups needed to run 
3:  * tests automatically generated by EvoSuite
4:  * Tue Sep 22 07:17:59 GMT 2026
5:  */
6: 
7: package com.google.gson.internal;
8: 
9: import org.evosuite.runtime.annotation.EvoSuiteClassExclude;
10: import org.junit.BeforeClass;
11: import org.junit.Before;
12: import org.junit.After;
13: import org.junit.AfterClass;
14: import org.evosuite.runtime.sandbox.Sandbox;
15: import org.evosuite.runtime.sandbox.Sandbox.SandboxMode;
16: 
17: @EvoSuiteClassExclude
18: public class $Gson$Types_6_tmp__ESTest_scaffolding {
19: 
20:   @org.junit.Rule
21:   public org.evosuite.runtime.vnet.NonFunctionalRequirementRule nfr = new org.evosuite.runtime.vnet.NonFunctionalRequirementRule();
22: 
23:   private static final java.util.Properties defaultProperties = (java.util.Properties) java.lang.System.getProperties().clone(); 
24: 
25:   private org.evosuite.runtime.thread.ThreadStopper threadStopper =  new org.evosuite.runtime.thread.ThreadStopper (org.evosuite.runtime.thread.KillSwitchHandler.getInstance(), 3000);
26: 
27: 
28:   @BeforeClass
29:   public static void initEvoSuiteFramework() { 
30:     org.evosuite.runtime.RuntimeSettings.className = "com.google.gson.internal.$Gson$Types"; 
31:     org.evosuite.runtime.GuiSupport.initialize(); 
32:     org.evosuite.runtime.RuntimeSettings.maxNumberOfThreads = 100; 
33:     org.evosuite.runtime.RuntimeSettings.maxNumberOfIterationsPerLoop = 10000; 
34:     org.evosuite.runtime.RuntimeSettings.mockSystemIn = true; 
35:     org.evosuite.runtime.RuntimeSettings.sandboxMode = org.evosuite.runtime.sandbox.Sandbox.SandboxMode.RECOMMENDED; 
36:     org.evosuite.runtime.sandbox.Sandbox.initializeSecurityManagerForSUT(); 
37:     org.evosuite.runtime.classhandling.JDKClassResetter.init();
38:     setSystemProperties();
39:     initializeClasses();
40:     org.evosuite.runtime.Runtime.getInstance().resetRuntime(); 
41:   } 
42: 
43:   @AfterClass
44:   public static void clearEvoSuiteFramework(){ 
45:     Sandbox.resetDefaultSecurityManager(); 
46:     java.lang.System.setProperties((java.util.Properties) defaultProperties.clone()); 
47:   } 
48: 
49:   @Before
50:   public void initTestCase(){ 
51:     threadStopper.storeCurrentThreads();
52:     threadStopper.startRecordingTime();
53:     org.evosuite.runtime.jvm.ShutdownHookHandler.getInstance().initHandler(); 
54:     org.evosuite.runtime.sandbox.Sandbox.goingToExecuteSUTCode(); 
55:     setSystemProperties(); 
56:     org.evosuite.runtime.GuiSupport.setHeadless(); 
57:     org.evosuite.runtime.Runtime.getInstance().resetRuntime(); 
58:     org.evosuite.runtime.agent.InstrumentingAgent.activate(); 
59:   } 
60: 
61:   @After
62:   public void doneWithTestCase(){ 
63:     threadStopper.killAndJoinClientThreads();
64:     org.evosuite.runtime.jvm.ShutdownHookHandler.getInstance().safeExecuteAddedHooks(); 
65:     org.evosuite.runtime.classhandling.JDKClassResetter.reset(); 
66:     resetClasses(); 
67:     org.evosuite.runtime.sandbox.Sandbox.doneWithExecutingSUTCode(); 
68:     org.evosuite.runtime.agent.InstrumentingAgent.deactivate(); 
69:     org.evosuite.runtime.GuiSupport.restoreHeadlessMode(); 
70:   } 
71: 
72:   public static void setSystemProperties() {
73:  
74:     java.lang.System.setProperties((java.util.Properties) defaultProperties.clone()); 
75:     java.lang.System.setProperty("user.dir", "/work/Gson_14f"); 
76:     java.lang.System.setProperty("java.io.tmpdir", "/tmp"); 
77:   }
78: 
79:   private static void initializeClasses() {
80:     org.evosuite.runtime.classhandling.ClassStateSupport.initializeClasses($Gson$Types_6_tmp__ESTest_scaffolding.class.getClassLoader() ,
81:       "com.google.gson.internal.$Gson$Types",
82:       "com.google.gson.internal.$Gson$Preconditions",
83:       "com.google.gson.internal.$Gson$Types$WildcardTypeImpl",
84:       "com.google.gson.internal.$Gson$Types$ParameterizedTypeImpl",
85:       "com.google.gson.internal.$Gson$Types$GenericArrayTypeImpl"
86:     );
87:   } 
88: 
89:   private static void resetClasses() {
90:     org.evosuite.runtime.classhandling.ClassResetter.getInstance().setClassLoader($Gson$Types_6_tmp__ESTest_scaffolding.class.getClassLoader()); 
91: 
92:     org.evosuite.runtime.classhandling.ClassStateSupport.resetClasses(
93:       "com.google.gson.internal.$Gson$Types",
94:       "com.google.gson.internal.$Gson$Types$ParameterizedTypeImpl",
95:       "com.google.gson.internal.$Gson$Types$GenericArrayTypeImpl",
96:       "com.google.gson.internal.$Gson$Types$WildcardTypeImpl",
97:       "com.google.gson.internal.$Gson$Preconditions"
98:     );
99:   }
100: }

[MASTER] 00:17:59.249 [logback-2] ERROR JUnitAnalyzer - Failed to compile test case:
Class<Properties> class0 = Properties.class;
boolean boolean0 = .Gson.Types.equal((Object) null, class0);
assertFalse(boolean0);


[MASTER] 00:17:59.265 [logback-2] ERROR JUnitAnalyzer - Compilation failed on compilation units: [SimpleFileObject[/tmp/EvoSuite_7_1790061479250/com/google/gson/internal/$Gson$Types_7_tmp__ESTest.java], SimpleFileObject[/tmp/EvoSuite_7_1790061479250/com/google/gson/internal/$Gson$Types_7_tmp__ESTest_scaffolding.java]]
[MASTER] 00:17:59.265 [logback-2] ERROR JUnitAnalyzer - Classpath: /opt/defects4j/framework/projects/lib/junit-4.12-hamcrest-1.3.jar:/work/Gson_14f/target/classes:/work/Gson_14f/target/test-classes:/opt/defects4j/framework/projects/Gson/lib/com/google/code/findbugs/jsr305/3.0.0/jsr305-3.0.0.jar:/opt/defects4j/framework/projects/lib/junit-4.12-hamcrest-1.3.jar:/opt/evosuite/evosuite-1.2.0.jar:/work/Gson_14f/target/classes:/work/Gson_14f/target/test-classes:/opt/defects4j/framework/projects/Gson/lib/com/google/code/findbugs/jsr305/3.0.0/jsr305-3.0.0.jar:/opt/defects4j/framework/projects/lib/junit-4.12-hamcrest-1.3.jar:/work/Gson_14f/target/classes:/work/Gson_14f/target/test-classes:/opt/defects4j/framework/projects/Gson/lib/com/google/code/findbugs/jsr305/3.0.0/jsr305-3.0.0.jar
[MASTER] 00:17:59.265 [logback-2] ERROR JUnitAnalyzer - evosuiteCP: /opt/defects4j/framework/projects/lib/junit-4.12-hamcrest-1.3.jar:/opt/evosuite/evosuite-1.2.0.jar:/work/Gson_14f/target/classes:/work/Gson_14f/target/test-classes:/opt/defects4j/framework/projects/Gson/lib/com/google/code/findbugs/jsr305/3.0.0/jsr305-3.0.0.jar:/opt/defects4j/framework/projects/lib/junit-4.12-hamcrest-1.3.jar:/work/Gson_14f/target/classes:/work/Gson_14f/target/test-classes:/opt/defects4j/framework/projects/Gson/lib/com/google/code/findbugs/jsr305/3.0.0/jsr305-3.0.0.jar
[MASTER] 00:17:59.266 [logback-2] ERROR JUnitAnalyzer - Diagnostic: illegal start of expression: 22
[MASTER] 00:17:59.266 [logback-2] ERROR JUnitAnalyzer - SimpleFileObject[/tmp/EvoSuite_7_1790061479250/com/google/gson/internal/$Gson$Types_7_tmp__ESTest.java]
1: /*
2:  * This file was automatically generated by EvoSuite
3:  * Tue Sep 22 07:17:59 GMT 2026
4:  */
5: 
6: package com.google.gson.internal;
7: 
8: import org.junit.Test;
9: import static org.junit.Assert.*;
10: import java.util.Properties;
11: import org.evosuite.runtime.EvoRunner;
12: import org.evosuite.runtime.EvoRunnerParameters;
13: import org.junit.runner.RunWith;
14: 
15: @RunWith(EvoRunner.class) @EvoRunnerParameters(mockJVMNonDeterminism = true, useVFS = true, useVNET = true, resetStaticState = true) 
16: public class $Gson$Types_7_tmp__ESTest extends $Gson$Types_7_tmp__ESTest_scaffolding {
17: 
18:   @Test(timeout = 4000)
19:   public void test0()  throws Throwable  {
20:       Properties properties0 = new Properties();
21:       Properties properties1 = new Properties();
22:       boolean boolean0 = .Gson.Types.equal(properties0, properties1);
23:       assertTrue(boolean0);
24:   }
25: }
SimpleFileObject[/tmp/EvoSuite_7_1790061479250/com/google/gson/internal/$Gson$Types_7_tmp__ESTest.java]
1: /**
2:  * Scaffolding file used to store all the setups needed to run 
3:  * tests automatically generated by EvoSuite
4:  * Tue Sep 22 07:17:59 GMT 2026
5:  */
6: 
7: package com.google.gson.internal;
8: 
9: import org.evosuite.runtime.annotation.EvoSuiteClassExclude;
10: import org.junit.BeforeClass;
11: import org.junit.Before;
12: import org.junit.After;
13: import org.junit.AfterClass;
14: import org.evosuite.runtime.sandbox.Sandbox;
15: import org.evosuite.runtime.sandbox.Sandbox.SandboxMode;
16: 
17: @EvoSuiteClassExclude
18: public class $Gson$Types_7_tmp__ESTest_scaffolding {
19: 
20:   @org.junit.Rule
21:   public org.evosuite.runtime.vnet.NonFunctionalRequirementRule nfr = new org.evosuite.runtime.vnet.NonFunctionalRequirementRule();
22: 
23:   private static final java.util.Properties defaultProperties = (java.util.Properties) java.lang.System.getProperties().clone(); 
24: 
25:   private org.evosuite.runtime.thread.ThreadStopper threadStopper =  new org.evosuite.runtime.thread.ThreadStopper (org.evosuite.runtime.thread.KillSwitchHandler.getInstance(), 3000);
26: 
27: 
28:   @BeforeClass
29:   public static void initEvoSuiteFramework() { 
30:     org.evosuite.runtime.RuntimeSettings.className = "com.google.gson.internal.$Gson$Types"; 
31:     org.evosuite.runtime.GuiSupport.initialize(); 
32:     org.evosuite.runtime.RuntimeSettings.maxNumberOfThreads = 100; 
33:     org.evosuite.runtime.RuntimeSettings.maxNumberOfIterationsPerLoop = 10000; 
34:     org.evosuite.runtime.RuntimeSettings.mockSystemIn = true; 
35:     org.evosuite.runtime.RuntimeSettings.sandboxMode = org.evosuite.runtime.sandbox.Sandbox.SandboxMode.RECOMMENDED; 
36:     org.evosuite.runtime.sandbox.Sandbox.initializeSecurityManagerForSUT(); 
37:     org.evosuite.runtime.classhandling.JDKClassResetter.init();
38:     setSystemProperties();
39:     initializeClasses();
40:     org.evosuite.runtime.Runtime.getInstance().resetRuntime(); 
41:   } 
42: 
43:   @AfterClass
44:   public static void clearEvoSuiteFramework(){ 
45:     Sandbox.resetDefaultSecurityManager(); 
46:     java.lang.System.setProperties((java.util.Properties) defaultProperties.clone()); 
47:   } 
48: 
49:   @Before
50:   public void initTestCase(){ 
51:     threadStopper.storeCurrentThreads();
52:     threadStopper.startRecordingTime();
53:     org.evosuite.runtime.jvm.ShutdownHookHandler.getInstance().initHandler(); 
54:     org.evosuite.runtime.sandbox.Sandbox.goingToExecuteSUTCode(); 
55:     setSystemProperties(); 
56:     org.evosuite.runtime.GuiSupport.setHeadless(); 
57:     org.evosuite.runtime.Runtime.getInstance().resetRuntime(); 
58:     org.evosuite.runtime.agent.InstrumentingAgent.activate(); 
59:   } 
60: 
61:   @After
62:   public void doneWithTestCase(){ 
63:     threadStopper.killAndJoinClientThreads();
64:     org.evosuite.runtime.jvm.ShutdownHookHandler.getInstance().safeExecuteAddedHooks(); 
65:     org.evosuite.runtime.classhandling.JDKClassResetter.reset(); 
66:     resetClasses(); 
67:     org.evosuite.runtime.sandbox.Sandbox.doneWithExecutingSUTCode(); 
68:     org.evosuite.runtime.agent.InstrumentingAgent.deactivate(); 
69:     org.evosuite.runtime.GuiSupport.restoreHeadlessMode(); 
70:   } 
71: 
72:   public static void setSystemProperties() {
73:  
74:     java.lang.System.setProperties((java.util.Properties) defaultProperties.clone()); 
75:     java.lang.System.setProperty("user.dir", "/work/Gson_14f"); 
76:     java.lang.System.setProperty("java.io.tmpdir", "/tmp"); 
77:   }
78: 
79:   private static void initializeClasses() {
80:     org.evosuite.runtime.classhandling.ClassStateSupport.initializeClasses($Gson$Types_7_tmp__ESTest_scaffolding.class.getClassLoader() ,
81:       "com.google.gson.internal.$Gson$Types",
82:       "com.google.gson.internal.$Gson$Preconditions",
83:       "com.google.gson.internal.$Gson$Types$WildcardTypeImpl",
84:       "com.google.gson.internal.$Gson$Types$ParameterizedTypeImpl",
85:       "com.google.gson.internal.$Gson$Types$GenericArrayTypeImpl"
86:     );
87:   } 
88: 
89:   private static void resetClasses() {
90:     org.evosuite.runtime.classhandling.ClassResetter.getInstance().setClassLoader($Gson$Types_7_tmp__ESTest_scaffolding.class.getClassLoader()); 
91: 
92:     org.evosuite.runtime.classhandling.ClassStateSupport.resetClasses(
93:       "com.google.gson.internal.$Gson$Types",
94:       "com.google.gson.internal.$Gson$Types$ParameterizedTypeImpl",
95:       "com.google.gson.internal.$Gson$Types$GenericArrayTypeImpl",
96:       "com.google.gson.internal.$Gson$Types$WildcardTypeImpl",
97:       "com.google.gson.internal.$Gson$Preconditions"
98:     );
99:   }
100: }

[MASTER] 00:17:59.266 [logback-2] ERROR JUnitAnalyzer - Failed to compile test case:
Properties properties0 = new Properties();
Properties properties1 = new Properties();
boolean boolean0 = .Gson.Types.equal(properties0, properties1);
assertTrue(boolean0);


[MASTER] 00:17:59.283 [logback-2] ERROR JUnitAnalyzer - Compilation failed on compilation units: [SimpleFileObject[/tmp/EvoSuite_8_1790061479267/com/google/gson/internal/$Gson$Types_8_tmp__ESTest.java], SimpleFileObject[/tmp/EvoSuite_8_1790061479267/com/google/gson/internal/$Gson$Types_8_tmp__ESTest_scaffolding.java]]
[MASTER] 00:17:59.283 [logback-2] ERROR JUnitAnalyzer - Classpath: /opt/defects4j/framework/projects/lib/junit-4.12-hamcrest-1.3.jar:/work/Gson_14f/target/classes:/work/Gson_14f/target/test-classes:/opt/defects4j/framework/projects/Gson/lib/com/google/code/findbugs/jsr305/3.0.0/jsr305-3.0.0.jar:/opt/defects4j/framework/projects/lib/junit-4.12-hamcrest-1.3.jar:/opt/evosuite/evosuite-1.2.0.jar:/work/Gson_14f/target/classes:/work/Gson_14f/target/test-classes:/opt/defects4j/framework/projects/Gson/lib/com/google/code/findbugs/jsr305/3.0.0/jsr305-3.0.0.jar:/opt/defects4j/framework/projects/lib/junit-4.12-hamcrest-1.3.jar:/work/Gson_14f/target/classes:/work/Gson_14f/target/test-classes:/opt/defects4j/framework/projects/Gson/lib/com/google/code/findbugs/jsr305/3.0.0/jsr305-3.0.0.jar
[MASTER] 00:17:59.283 [logback-2] ERROR JUnitAnalyzer - evosuiteCP: /opt/defects4j/framework/projects/lib/junit-4.12-hamcrest-1.3.jar:/opt/evosuite/evosuite-1.2.0.jar:/work/Gson_14f/target/classes:/work/Gson_14f/target/test-classes:/opt/defects4j/framework/projects/Gson/lib/com/google/code/findbugs/jsr305/3.0.0/jsr305-3.0.0.jar:/opt/defects4j/framework/projects/lib/junit-4.12-hamcrest-1.3.jar:/work/Gson_14f/target/classes:/work/Gson_14f/target/test-classes:/opt/defects4j/framework/projects/Gson/lib/com/google/code/findbugs/jsr305/3.0.0/jsr305-3.0.0.jar
[MASTER] 00:17:59.284 [logback-2] ERROR JUnitAnalyzer - Diagnostic: illegal start of expression: 23
[MASTER] 00:17:59.284 [logback-2] ERROR JUnitAnalyzer - Diagnostic: illegal start of expression: 24
[MASTER] 00:17:59.284 [logback-2] ERROR JUnitAnalyzer - Diagnostic: illegal start of expression: 25
[MASTER] 00:17:59.284 [logback-2] ERROR JUnitAnalyzer - SimpleFileObject[/tmp/EvoSuite_8_1790061479267/com/google/gson/internal/$Gson$Types_8_tmp__ESTest.java]
1: /*
2:  * This file was automatically generated by EvoSuite
3:  * Tue Sep 22 07:17:59 GMT 2026
4:  */
5: 
6: package com.google.gson.internal;
7: 
8: import org.junit.Test;
9: import static org.junit.Assert.*;
10: import java.lang.reflect.Type;
11: import java.lang.reflect.WildcardType;
12: import java.util.Properties;
13: import org.evosuite.runtime.EvoRunner;
14: import org.evosuite.runtime.EvoRunnerParameters;
15: import org.junit.runner.RunWith;
16: 
17: @RunWith(EvoRunner.class) @EvoRunnerParameters(mockJVMNonDeterminism = true, useVFS = true, useVNET = true, resetStaticState = true) 
18: public class $Gson$Types_8_tmp__ESTest extends $Gson$Types_8_tmp__ESTest_scaffolding {
19: 
20:   @Test(timeout = 4000)
21:   public void test0()  throws Throwable  {
22:       Class<Properties> class0 = Properties.class;
23:       Type type0 = .Gson.Types.resolve((Type) null, class0, class0);
24:       WildcardType wildcardType0 = .Gson.Types.supertypeOf(type0);
25:       boolean boolean0 = .Gson.Types.equals((Type) wildcardType0, (Type) class0);
26:       assertFalse(boolean0);
27:   }
28: }
SimpleFileObject[/tmp/EvoSuite_8_1790061479267/com/google/gson/internal/$Gson$Types_8_tmp__ESTest.java]
1: /**
2:  * Scaffolding file used to store all the setups needed to run 
3:  * tests automatically generated by EvoSuite
4:  * Tue Sep 22 07:17:59 GMT 2026
5:  */
6: 
7: package com.google.gson.internal;
8: 
9: import org.evosuite.runtime.annotation.EvoSuiteClassExclude;
10: import org.junit.BeforeClass;
11: import org.junit.Before;
12: import org.junit.After;
13: import org.junit.AfterClass;
14: import org.evosuite.runtime.sandbox.Sandbox;
15: import org.evosuite.runtime.sandbox.Sandbox.SandboxMode;
16: 
17: @EvoSuiteClassExclude
18: public class $Gson$Types_8_tmp__ESTest_scaffolding {
19: 
20:   @org.junit.Rule
21:   public org.evosuite.runtime.vnet.NonFunctionalRequirementRule nfr = new org.evosuite.runtime.vnet.NonFunctionalRequirementRule();
22: 
23:   private static final java.util.Properties defaultProperties = (java.util.Properties) java.lang.System.getProperties().clone(); 
24: 
25:   private org.evosuite.runtime.thread.ThreadStopper threadStopper =  new org.evosuite.runtime.thread.ThreadStopper (org.evosuite.runtime.thread.KillSwitchHandler.getInstance(), 3000);
26: 
27: 
28:   @BeforeClass
29:   public static void initEvoSuiteFramework() { 
30:     org.evosuite.runtime.RuntimeSettings.className = "com.google.gson.internal.$Gson$Types"; 
31:     org.evosuite.runtime.GuiSupport.initialize(); 
32:     org.evosuite.runtime.RuntimeSettings.maxNumberOfThreads = 100; 
33:     org.evosuite.runtime.RuntimeSettings.maxNumberOfIterationsPerLoop = 10000; 
34:     org.evosuite.runtime.RuntimeSettings.mockSystemIn = true; 
35:     org.evosuite.runtime.RuntimeSettings.sandboxMode = org.evosuite.runtime.sandbox.Sandbox.SandboxMode.RECOMMENDED; 
36:     org.evosuite.runtime.sandbox.Sandbox.initializeSecurityManagerForSUT(); 
37:     org.evosuite.runtime.classhandling.JDKClassResetter.init();
38:     setSystemProperties();
39:     initializeClasses();
40:     org.evosuite.runtime.Runtime.getInstance().resetRuntime(); 
41:   } 
42: 
43:   @AfterClass
44:   public static void clearEvoSuiteFramework(){ 
45:     Sandbox.resetDefaultSecurityManager(); 
46:     java.lang.System.setProperties((java.util.Properties) defaultProperties.clone()); 
47:   } 
48: 
49:   @Before
50:   public void initTestCase(){ 
51:     threadStopper.storeCurrentThreads();
52:     threadStopper.startRecordingTime();
53:     org.evosuite.runtime.jvm.ShutdownHookHandler.getInstance().initHandler(); 
54:     org.evosuite.runtime.sandbox.Sandbox.goingToExecuteSUTCode(); 
55:     setSystemProperties(); 
56:     org.evosuite.runtime.GuiSupport.setHeadless(); 
57:     org.evosuite.runtime.Runtime.getInstance().resetRuntime(); 
58:     org.evosuite.runtime.agent.InstrumentingAgent.activate(); 
59:   } 
60: 
61:   @After
62:   public void doneWithTestCase(){ 
63:     threadStopper.killAndJoinClientThreads();
64:     org.evosuite.runtime.jvm.ShutdownHookHandler.getInstance().safeExecuteAddedHooks(); 
65:     org.evosuite.runtime.classhandling.JDKClassResetter.reset(); 
66:     resetClasses(); 
67:     org.evosuite.runtime.sandbox.Sandbox.doneWithExecutingSUTCode(); 
68:     org.evosuite.runtime.agent.InstrumentingAgent.deactivate(); 
69:     org.evosuite.runtime.GuiSupport.restoreHeadlessMode(); 
70:   } 
71: 
72:   public static void setSystemProperties() {
73:  
74:     java.lang.System.setProperties((java.util.Properties) defaultProperties.clone()); 
75:     java.lang.System.setProperty("user.dir", "/work/Gson_14f"); 
76:     java.lang.System.setProperty("java.io.tmpdir", "/tmp"); 
77:   }
78: 
79:   private static void initializeClasses() {
80:     org.evosuite.runtime.classhandling.ClassStateSupport.initializeClasses($Gson$Types_8_tmp__ESTest_scaffolding.class.getClassLoader() ,
81:       "com.google.gson.internal.$Gson$Types",
82:       "com.google.gson.internal.$Gson$Preconditions",
83:       "com.google.gson.internal.$Gson$Types$WildcardTypeImpl",
84:       "com.google.gson.internal.$Gson$Types$ParameterizedTypeImpl",
85:       "com.google.gson.internal.$Gson$Types$GenericArrayTypeImpl"
86:     );
87:   } 
88: 
89:   private static void resetClasses() {
90:     org.evosuite.runtime.classhandling.ClassResetter.getInstance().setClassLoader($Gson$Types_8_tmp__ESTest_scaffolding.class.getClassLoader()); 
91: 
92:     org.evosuite.runtime.classhandling.ClassStateSupport.resetClasses(
93:       "com.google.gson.internal.$Gson$Types",
94:       "com.google.gson.internal.$Gson$Types$ParameterizedTypeImpl",
95:       "com.google.gson.internal.$Gson$Types$GenericArrayTypeImpl",
96:       "com.google.gson.internal.$Gson$Types$WildcardTypeImpl",
97:       "com.google.gson.internal.$Gson$Preconditions"
98:     );
99:   }
100: }

[MASTER] 00:17:59.284 [logback-2] ERROR JUnitAnalyzer - Failed to compile test case:
Class<Properties> class0 = Properties.class;
Type type0 = .Gson.Types.resolve((Type) null, class0, class0);
WildcardType wildcardType0 = .Gson.Types.supertypeOf(type0);
boolean boolean0 = .Gson.Types.equals((Type) wildcardType0, (Type) class0);
assertFalse(boolean0);


[MASTER] 00:17:59.300 [logback-2] ERROR JUnitAnalyzer - Compilation failed on compilation units: [SimpleFileObject[/tmp/EvoSuite_9_1790061479285/com/google/gson/internal/$Gson$Types_9_tmp__ESTest.java], SimpleFileObject[/tmp/EvoSuite_9_1790061479285/com/google/gson/internal/$Gson$Types_9_tmp__ESTest_scaffolding.java]]
[MASTER] 00:17:59.300 [logback-2] ERROR JUnitAnalyzer - Classpath: /opt/defects4j/framework/projects/lib/junit-4.12-hamcrest-1.3.jar:/work/Gson_14f/target/classes:/work/Gson_14f/target/test-classes:/opt/defects4j/framework/projects/Gson/lib/com/google/code/findbugs/jsr305/3.0.0/jsr305-3.0.0.jar:/opt/defects4j/framework/projects/lib/junit-4.12-hamcrest-1.3.jar:/opt/evosuite/evosuite-1.2.0.jar:/work/Gson_14f/target/classes:/work/Gson_14f/target/test-classes:/opt/defects4j/framework/projects/Gson/lib/com/google/code/findbugs/jsr305/3.0.0/jsr305-3.0.0.jar:/opt/defects4j/framework/projects/lib/junit-4.12-hamcrest-1.3.jar:/work/Gson_14f/target/classes:/work/Gson_14f/target/test-classes:/opt/defects4j/framework/projects/Gson/lib/com/google/code/findbugs/jsr305/3.0.0/jsr305-3.0.0.jar
[MASTER] 00:17:59.300 [logback-2] ERROR JUnitAnalyzer - evosuiteCP: /opt/defects4j/framework/projects/lib/junit-4.12-hamcrest-1.3.jar:/opt/evosuite/evosuite-1.2.0.jar:/work/Gson_14f/target/classes:/work/Gson_14f/target/test-classes:/opt/defects4j/framework/projects/Gson/lib/com/google/code/findbugs/jsr305/3.0.0/jsr305-3.0.0.jar:/opt/defects4j/framework/projects/lib/junit-4.12-hamcrest-1.3.jar:/work/Gson_14f/target/classes:/work/Gson_14f/target/test-classes:/opt/defects4j/framework/projects/Gson/lib/com/google/code/findbugs/jsr305/3.0.0/jsr305-3.0.0.jar
[MASTER] 00:17:59.300 [logback-2] ERROR JUnitAnalyzer - Diagnostic: illegal start of expression: 23
[MASTER] 00:17:59.300 [logback-2] ERROR JUnitAnalyzer - Diagnostic: illegal start of expression: 24
[MASTER] 00:17:59.300 [logback-2] ERROR JUnitAnalyzer - SimpleFileObject[/tmp/EvoSuite_9_1790061479285/com/google/gson/internal/$Gson$Types_9_tmp__ESTest.java]
1: /*
2:  * This file was automatically generated by EvoSuite
3:  * Tue Sep 22 07:17:59 GMT 2026
4:  */
5: 
6: package com.google.gson.internal;
7: 
8: import org.junit.Test;
9: import static org.junit.Assert.*;
10: import java.lang.reflect.Type;
11: import java.util.Properties;
12: import org.evosuite.runtime.EvoRunner;
13: import org.evosuite.runtime.EvoRunnerParameters;
14: import org.junit.runner.RunWith;
15: 
16: @RunWith(EvoRunner.class) @EvoRunnerParameters(mockJVMNonDeterminism = true, useVFS = true, useVNET = true, resetStaticState = true) 
17: public class $Gson$Types_9_tmp__ESTest extends $Gson$Types_9_tmp__ESTest_scaffolding {
18: 
19:   @Test(timeout = 4000)
20:   public void test0()  throws Throwable  {
21:       Class<Properties> class0 = Properties.class;
22:       Class<Object> class1 = Object.class;
23:       Type type0 = .Gson.Types.getGenericSupertype((Type) null, class0, class1);
24:       boolean boolean0 = .Gson.Types.equals(type0, (Type) class0);
25:       assertFalse(boolean0);
26:   }
27: }
SimpleFileObject[/tmp/EvoSuite_9_1790061479285/com/google/gson/internal/$Gson$Types_9_tmp__ESTest.java]
1: /**
2:  * Scaffolding file used to store all the setups needed to run 
3:  * tests automatically generated by EvoSuite
4:  * Tue Sep 22 07:17:59 GMT 2026
5:  */
6: 
7: package com.google.gson.internal;
8: 
9: import org.evosuite.runtime.annotation.EvoSuiteClassExclude;
10: import org.junit.BeforeClass;
11: import org.junit.Before;
12: import org.junit.After;
13: import org.junit.AfterClass;
14: import org.evosuite.runtime.sandbox.Sandbox;
15: import org.evosuite.runtime.sandbox.Sandbox.SandboxMode;
16: 
17: @EvoSuiteClassExclude
18: public class $Gson$Types_9_tmp__ESTest_scaffolding {
19: 
20:   @org.junit.Rule
21:   public org.evosuite.runtime.vnet.NonFunctionalRequirementRule nfr = new org.evosuite.runtime.vnet.NonFunctionalRequirementRule();
22: 
23:   private static final java.util.Properties defaultProperties = (java.util.Properties) java.lang.System.getProperties().clone(); 
24: 
25:   private org.evosuite.runtime.thread.ThreadStopper threadStopper =  new org.evosuite.runtime.thread.ThreadStopper (org.evosuite.runtime.thread.KillSwitchHandler.getInstance(), 3000);
26: 
27: 
28:   @BeforeClass
29:   public static void initEvoSuiteFramework() { 
30:     org.evosuite.runtime.RuntimeSettings.className = "com.google.gson.internal.$Gson$Types"; 
31:     org.evosuite.runtime.GuiSupport.initialize(); 
32:     org.evosuite.runtime.RuntimeSettings.maxNumberOfThreads = 100; 
33:     org.evosuite.runtime.RuntimeSettings.maxNumberOfIterationsPerLoop = 10000; 
34:     org.evosuite.runtime.RuntimeSettings.mockSystemIn = true; 
35:     org.evosuite.runtime.RuntimeSettings.sandboxMode = org.evosuite.runtime.sandbox.Sandbox.SandboxMode.RECOMMENDED; 
36:     org.evosuite.runtime.sandbox.Sandbox.initializeSecurityManagerForSUT(); 
37:     org.evosuite.runtime.classhandling.JDKClassResetter.init();
38:     setSystemProperties();
39:     initializeClasses();
40:     org.evosuite.runtime.Runtime.getInstance().resetRuntime(); 
41:   } 
42: 
43:   @AfterClass
44:   public static void clearEvoSuiteFramework(){ 
45:     Sandbox.resetDefaultSecurityManager(); 
46:     java.lang.System.setProperties((java.util.Properties) defaultProperties.clone()); 
47:   } 
48: 
49:   @Before
50:   public void initTestCase(){ 
51:     threadStopper.storeCurrentThreads();
52:     threadStopper.startRecordingTime();
53:     org.evosuite.runtime.jvm.ShutdownHookHandler.getInstance().initHandler(); 
54:     org.evosuite.runtime.sandbox.Sandbox.goingToExecuteSUTCode(); 
55:     setSystemProperties(); 
56:     org.evosuite.runtime.GuiSupport.setHeadless(); 
57:     org.evosuite.runtime.Runtime.getInstance().resetRuntime(); 
58:     org.evosuite.runtime.agent.InstrumentingAgent.activate(); 
59:   } 
60: 
61:   @After
62:   public void doneWithTestCase(){ 
63:     threadStopper.killAndJoinClientThreads();
64:     org.evosuite.runtime.jvm.ShutdownHookHandler.getInstance().safeExecuteAddedHooks(); 
65:     org.evosuite.runtime.classhandling.JDKClassResetter.reset(); 
66:     resetClasses(); 
67:     org.evosuite.runtime.sandbox.Sandbox.doneWithExecutingSUTCode(); 
68:     org.evosuite.runtime.agent.InstrumentingAgent.deactivate(); 
69:     org.evosuite.runtime.GuiSupport.restoreHeadlessMode(); 
70:   } 
71: 
72:   public static void setSystemProperties() {
73:  
74:     java.lang.System.setProperties((java.util.Properties) defaultProperties.clone()); 
75:     java.lang.System.setProperty("user.dir", "/work/Gson_14f"); 
76:     java.lang.System.setProperty("java.io.tmpdir", "/tmp"); 
77:   }
78: 
79:   private static void initializeClasses() {
80:     org.evosuite.runtime.classhandling.ClassStateSupport.initializeClasses($Gson$Types_9_tmp__ESTest_scaffolding.class.getClassLoader() ,
81:       "com.google.gson.internal.$Gson$Types",
82:       "com.google.gson.internal.$Gson$Preconditions",
83:       "com.google.gson.internal.$Gson$Types$WildcardTypeImpl",
84:       "com.google.gson.internal.$Gson$Types$ParameterizedTypeImpl",
85:       "com.google.gson.internal.$Gson$Types$GenericArrayTypeImpl"
86:     );
87:   } 
88: 
89:   private static void resetClasses() {
90:     org.evosuite.runtime.classhandling.ClassResetter.getInstance().setClassLoader($Gson$Types_9_tmp__ESTest_scaffolding.class.getClassLoader()); 
91: 
92:     org.evosuite.runtime.classhandling.ClassStateSupport.resetClasses(
93:       "com.google.gson.internal.$Gson$Types",
94:       "com.google.gson.internal.$Gson$Types$ParameterizedTypeImpl",
95:       "com.google.gson.internal.$Gson$Types$GenericArrayTypeImpl",
96:       "com.google.gson.internal.$Gson$Types$WildcardTypeImpl",
97:       "com.google.gson.internal.$Gson$Preconditions"
98:     );
99:   }
100: }

[MASTER] 00:17:59.301 [logback-2] ERROR JUnitAnalyzer - Failed to compile test case:
Class<Properties> class0 = Properties.class;
Class<Object> class1 = Object.class;
Type type0 = .Gson.Types.getGenericSupertype((Type) null, class0, class1);
boolean boolean0 = .Gson.Types.equals(type0, (Type) class0);
assertFalse(boolean0);


[MASTER] 00:17:59.316 [logback-2] ERROR JUnitAnalyzer - Compilation failed on compilation units: [SimpleFileObject[/tmp/EvoSuite_10_1790061479301/com/google/gson/internal/$Gson$Types_10_tmp__ESTest.java], SimpleFileObject[/tmp/EvoSuite_10_1790061479301/com/google/gson/internal/$Gson$Types_10_tmp__ESTest_scaffolding.java]]
[MASTER] 00:17:59.316 [logback-2] ERROR JUnitAnalyzer - Classpath: /opt/defects4j/framework/projects/lib/junit-4.12-hamcrest-1.3.jar:/work/Gson_14f/target/classes:/work/Gson_14f/target/test-classes:/opt/defects4j/framework/projects/Gson/lib/com/google/code/findbugs/jsr305/3.0.0/jsr305-3.0.0.jar:/opt/defects4j/framework/projects/lib/junit-4.12-hamcrest-1.3.jar:/opt/evosuite/evosuite-1.2.0.jar:/work/Gson_14f/target/classes:/work/Gson_14f/target/test-classes:/opt/defects4j/framework/projects/Gson/lib/com/google/code/findbugs/jsr305/3.0.0/jsr305-3.0.0.jar:/opt/defects4j/framework/projects/lib/junit-4.12-hamcrest-1.3.jar:/work/Gson_14f/target/classes:/work/Gson_14f/target/test-classes:/opt/defects4j/framework/projects/Gson/lib/com/google/code/findbugs/jsr305/3.0.0/jsr305-3.0.0.jar
[MASTER] 00:17:59.316 [logback-2] ERROR JUnitAnalyzer - evosuiteCP: /opt/defects4j/framework/projects/lib/junit-4.12-hamcrest-1.3.jar:/opt/evosuite/evosuite-1.2.0.jar:/work/Gson_14f/target/classes:/work/Gson_14f/target/test-classes:/opt/defects4j/framework/projects/Gson/lib/com/google/code/findbugs/jsr305/3.0.0/jsr305-3.0.0.jar:/opt/defects4j/framework/projects/lib/junit-4.12-hamcrest-1.3.jar:/work/Gson_14f/target/classes:/work/Gson_14f/target/test-classes:/opt/defects4j/framework/projects/Gson/lib/com/google/code/findbugs/jsr305/3.0.0/jsr305-3.0.0.jar
[MASTER] 00:17:59.316 [logback-2] ERROR JUnitAnalyzer - Diagnostic: illegal start of expression: 23
[MASTER] 00:17:59.316 [logback-2] ERROR JUnitAnalyzer - Diagnostic: illegal start of expression: 24
[MASTER] 00:17:59.316 [logback-2] ERROR JUnitAnalyzer - Diagnostic: illegal start of expression: 25
[MASTER] 00:17:59.317 [logback-2] ERROR JUnitAnalyzer - SimpleFileObject[/tmp/EvoSuite_10_1790061479301/com/google/gson/internal/$Gson$Types_10_tmp__ESTest.java]
1: /*
2:  * This file was automatically generated by EvoSuite
3:  * Tue Sep 22 07:17:59 GMT 2026
4:  */
5: 
6: package com.google.gson.internal;
7: 
8: import org.junit.Test;
9: import static org.junit.Assert.*;
10: import java.lang.reflect.ParameterizedType;
11: import java.lang.reflect.Type;
12: import java.lang.reflect.WildcardType;
13: import org.evosuite.runtime.EvoRunner;
14: import org.evosuite.runtime.EvoRunnerParameters;
15: import org.junit.runner.RunWith;
16: 
17: @RunWith(EvoRunner.class) @EvoRunnerParameters(mockJVMNonDeterminism = true, useVFS = true, useVNET = true, resetStaticState = true) 
18: public class $Gson$Types_10_tmp__ESTest extends $Gson$Types_10_tmp__ESTest_scaffolding {
19: 
20:   @Test(timeout = 4000)
21:   public void test0()  throws Throwable  {
22:       Type[] typeArray0 = new Type[0];
23:       ParameterizedType parameterizedType0 = .Gson.Types.newParameterizedTypeWithOwner((Type) null, (Type) null, typeArray0);
24:       WildcardType wildcardType0 = .Gson.Types.subtypeOf(parameterizedType0);
25:       boolean boolean0 = .Gson.Types.equals((Type) parameterizedType0, (Type) wildcardType0);
26:       assertFalse(boolean0);
27:   }
28: }
SimpleFileObject[/tmp/EvoSuite_10_1790061479301/com/google/gson/internal/$Gson$Types_10_tmp__ESTest.java]
1: /**
2:  * Scaffolding file used to store all the setups needed to run 
3:  * tests automatically generated by EvoSuite
4:  * Tue Sep 22 07:17:59 GMT 2026
5:  */
6: 
7: package com.google.gson.internal;
8: 
9: import org.evosuite.runtime.annotation.EvoSuiteClassExclude;
10: import org.junit.BeforeClass;
11: import org.junit.Before;
12: import org.junit.After;
13: import org.junit.AfterClass;
14: import org.evosuite.runtime.sandbox.Sandbox;
15: import org.evosuite.runtime.sandbox.Sandbox.SandboxMode;
16: 
17: @EvoSuiteClassExclude
18: public class $Gson$Types_10_tmp__ESTest_scaffolding {
19: 
20:   @org.junit.Rule
21:   public org.evosuite.runtime.vnet.NonFunctionalRequirementRule nfr = new org.evosuite.runtime.vnet.NonFunctionalRequirementRule();
22: 
23:   private static final java.util.Properties defaultProperties = (java.util.Properties) java.lang.System.getProperties().clone(); 
24: 
25:   private org.evosuite.runtime.thread.ThreadStopper threadStopper =  new org.evosuite.runtime.thread.ThreadStopper (org.evosuite.runtime.thread.KillSwitchHandler.getInstance(), 3000);
26: 
27: 
28:   @BeforeClass
29:   public static void initEvoSuiteFramework() { 
30:     org.evosuite.runtime.RuntimeSettings.className = "com.google.gson.internal.$Gson$Types"; 
31:     org.evosuite.runtime.GuiSupport.initialize(); 
32:     org.evosuite.runtime.RuntimeSettings.maxNumberOfThreads = 100; 
33:     org.evosuite.runtime.RuntimeSettings.maxNumberOfIterationsPerLoop = 10000; 
34:     org.evosuite.runtime.RuntimeSettings.mockSystemIn = true; 
35:     org.evosuite.runtime.RuntimeSettings.sandboxMode = org.evosuite.runtime.sandbox.Sandbox.SandboxMode.RECOMMENDED; 
36:     org.evosuite.runtime.sandbox.Sandbox.initializeSecurityManagerForSUT(); 
37:     org.evosuite.runtime.classhandling.JDKClassResetter.init();
38:     setSystemProperties();
39:     initializeClasses();
40:     org.evosuite.runtime.Runtime.getInstance().resetRuntime(); 
41:   } 
42: 
43:   @AfterClass
44:   public static void clearEvoSuiteFramework(){ 
45:     Sandbox.resetDefaultSecurityManager(); 
46:     java.lang.System.setProperties((java.util.Properties) defaultProperties.clone()); 
47:   } 
48: 
49:   @Before
50:   public void initTestCase(){ 
51:     threadStopper.storeCurrentThreads();
52:     threadStopper.startRecordingTime();
53:     org.evosuite.runtime.jvm.ShutdownHookHandler.getInstance().initHandler(); 
54:     org.evosuite.runtime.sandbox.Sandbox.goingToExecuteSUTCode(); 
55:     setSystemProperties(); 
56:     org.evosuite.runtime.GuiSupport.setHeadless(); 
57:     org.evosuite.runtime.Runtime.getInstance().resetRuntime(); 
58:     org.evosuite.runtime.agent.InstrumentingAgent.activate(); 
59:   } 
60: 
61:   @After
62:   public void doneWithTestCase(){ 
63:     threadStopper.killAndJoinClientThreads();
64:     org.evosuite.runtime.jvm.ShutdownHookHandler.getInstance().safeExecuteAddedHooks(); 
65:     org.evosuite.runtime.classhandling.JDKClassResetter.reset(); 
66:     resetClasses(); 
67:     org.evosuite.runtime.sandbox.Sandbox.doneWithExecutingSUTCode(); 
68:     org.evosuite.runtime.agent.InstrumentingAgent.deactivate(); 
69:     org.evosuite.runtime.GuiSupport.restoreHeadlessMode(); 
70:   } 
71: 
72:   public static void setSystemProperties() {
73:  
74:     java.lang.System.setProperties((java.util.Properties) defaultProperties.clone()); 
75:     java.lang.System.setProperty("user.dir", "/work/Gson_14f"); 
76:     java.lang.System.setProperty("java.io.tmpdir", "/tmp"); 
77:   }
78: 
79:   private static void initializeClasses() {
80:     org.evosuite.runtime.classhandling.ClassStateSupport.initializeClasses($Gson$Types_10_tmp__ESTest_scaffolding.class.getClassLoader() ,
81:       "com.google.gson.internal.$Gson$Types",
82:       "com.google.gson.internal.$Gson$Preconditions",
83:       "com.google.gson.internal.$Gson$Types$WildcardTypeImpl",
84:       "com.google.gson.internal.$Gson$Types$ParameterizedTypeImpl",
85:       "com.google.gson.internal.$Gson$Types$GenericArrayTypeImpl"
86:     );
87:   } 
88: 
89:   private static void resetClasses() {
90:     org.evosuite.runtime.classhandling.ClassResetter.getInstance().setClassLoader($Gson$Types_10_tmp__ESTest_scaffolding.class.getClassLoader()); 
91: 
92:     org.evosuite.runtime.classhandling.ClassStateSupport.resetClasses(
93:       "com.google.gson.internal.$Gson$Types",
94:       "com.google.gson.internal.$Gson$Types$ParameterizedTypeImpl",
95:       "com.google.gson.internal.$Gson$Types$GenericArrayTypeImpl",
96:       "com.google.gson.internal.$Gson$Types$WildcardTypeImpl",
97:       "com.google.gson.internal.$Gson$Preconditions"
98:     );
99:   }
100: }

[MASTER] 00:17:59.317 [logback-2] ERROR JUnitAnalyzer - Failed to compile test case:
Type[] typeArray0 = new Type[0];
ParameterizedType parameterizedType0 = .Gson.Types.newParameterizedTypeWithOwner((Type) null, (Type) null, typeArray0);
WildcardType wildcardType0 = .Gson.Types.subtypeOf(parameterizedType0);
boolean boolean0 = .Gson.Types.equals((Type) parameterizedType0, (Type) wildcardType0);
assertFalse(boolean0);


[MASTER] 00:17:59.334 [logback-2] ERROR JUnitAnalyzer - Compilation failed on compilation units: [SimpleFileObject[/tmp/EvoSuite_11_1790061479318/com/google/gson/internal/$Gson$Types_11_tmp__ESTest.java], SimpleFileObject[/tmp/EvoSuite_11_1790061479318/com/google/gson/internal/$Gson$Types_11_tmp__ESTest_scaffolding.java]]
[MASTER] 00:17:59.334 [logback-2] ERROR JUnitAnalyzer - Classpath: /opt/defects4j/framework/projects/lib/junit-4.12-hamcrest-1.3.jar:/work/Gson_14f/target/classes:/work/Gson_14f/target/test-classes:/opt/defects4j/framework/projects/Gson/lib/com/google/code/findbugs/jsr305/3.0.0/jsr305-3.0.0.jar:/opt/defects4j/framework/projects/lib/junit-4.12-hamcrest-1.3.jar:/opt/evosuite/evosuite-1.2.0.jar:/work/Gson_14f/target/classes:/work/Gson_14f/target/test-classes:/opt/defects4j/framework/projects/Gson/lib/com/google/code/findbugs/jsr305/3.0.0/jsr305-3.0.0.jar:/opt/defects4j/framework/projects/lib/junit-4.12-hamcrest-1.3.jar:/work/Gson_14f/target/classes:/work/Gson_14f/target/test-classes:/opt/defects4j/framework/projects/Gson/lib/com/google/code/findbugs/jsr305/3.0.0/jsr305-3.0.0.jar
[MASTER] 00:17:59.334 [logback-2] ERROR JUnitAnalyzer - evosuiteCP: /opt/defects4j/framework/projects/lib/junit-4.12-hamcrest-1.3.jar:/opt/evosuite/evosuite-1.2.0.jar:/work/Gson_14f/target/classes:/work/Gson_14f/target/test-classes:/opt/defects4j/framework/projects/Gson/lib/com/google/code/findbugs/jsr305/3.0.0/jsr305-3.0.0.jar:/opt/defects4j/framework/projects/lib/junit-4.12-hamcrest-1.3.jar:/work/Gson_14f/target/classes:/work/Gson_14f/target/test-classes:/opt/defects4j/framework/projects/Gson/lib/com/google/code/findbugs/jsr305/3.0.0/jsr305-3.0.0.jar
[MASTER] 00:17:59.335 [logback-2] ERROR JUnitAnalyzer - Diagnostic: illegal start of expression: 24
[MASTER] 00:17:59.335 [logback-2] ERROR JUnitAnalyzer - Diagnostic: illegal start of expression: 25
[MASTER] 00:17:59.335 [logback-2] ERROR JUnitAnalyzer - Diagnostic: illegal start of expression: 26
[MASTER] 00:17:59.335 [logback-2] ERROR JUnitAnalyzer - Diagnostic: illegal start of expression: 29
[MASTER] 00:17:59.335 [logback-2] ERROR JUnitAnalyzer - SimpleFileObject[/tmp/EvoSuite_11_1790061479318/com/google/gson/internal/$Gson$Types_11_tmp__ESTest.java]
1: /*
2:  * This file was automatically generated by EvoSuite
3:  * Tue Sep 22 07:17:59 GMT 2026
4:  */
5: 
6: package com.google.gson.internal;
7: 
8: import org.junit.Test;
9: import static org.junit.Assert.*;
10: import static org.evosuite.runtime.EvoAssertions.*;
11: import java.lang.reflect.ParameterizedType;
12: import java.lang.reflect.Type;
13: import java.lang.reflect.WildcardType;
14: import org.evosuite.runtime.EvoRunner;
15: import org.evosuite.runtime.EvoRunnerParameters;
16: import org.junit.runner.RunWith;
17: 
18: @RunWith(EvoRunner.class) @EvoRunnerParameters(mockJVMNonDeterminism = true, useVFS = true, useVNET = true, resetStaticState = true) 
19: public class $Gson$Types_11_tmp__ESTest extends $Gson$Types_11_tmp__ESTest_scaffolding {
20: 
21:   @Test(timeout = 4000)
22:   public void test0()  throws Throwable  {
23:       Type[] typeArray0 = new Type[0];
24:       ParameterizedType parameterizedType0 = .Gson.Types.newParameterizedTypeWithOwner((Type) null, (Type) null, typeArray0);
25:       WildcardType wildcardType0 = .Gson.Types.subtypeOf(parameterizedType0);
26:       Type type0 = .Gson.Types.canonicalize(wildcardType0);
27:       // Undeclared exception!
28:       try { 
29:         .Gson.Types.equals((Type) wildcardType0, type0);
30:         fail("Expecting exception: NullPointerException");
31:       
32:       } catch(NullPointerException e) {
33:          //
34:          // no message in exception (getMessage() returned null)
35:          //
36:          verifyException("com.google.gson.internal.$Gson$Types", e);
37:       }
38:   }
39: }
SimpleFileObject[/tmp/EvoSuite_11_1790061479318/com/google/gson/internal/$Gson$Types_11_tmp__ESTest.java]
1: /**
2:  * Scaffolding file used to store all the setups needed to run 
3:  * tests automatically generated by EvoSuite
4:  * Tue Sep 22 07:17:59 GMT 2026
5:  */
6: 
7: package com.google.gson.internal;
8: 
9: import org.evosuite.runtime.annotation.EvoSuiteClassExclude;
10: import org.junit.BeforeClass;
11: import org.junit.Before;
12: import org.junit.After;
13: import org.junit.AfterClass;
14: import org.evosuite.runtime.sandbox.Sandbox;
15: import org.evosuite.runtime.sandbox.Sandbox.SandboxMode;
16: 
17: @EvoSuiteClassExclude
18: public class $Gson$Types_11_tmp__ESTest_scaffolding {
19: 
20:   @org.junit.Rule
21:   public org.evosuite.runtime.vnet.NonFunctionalRequirementRule nfr = new org.evosuite.runtime.vnet.NonFunctionalRequirementRule();
22: 
23:   private static final java.util.Properties defaultProperties = (java.util.Properties) java.lang.System.getProperties().clone(); 
24: 
25:   private org.evosuite.runtime.thread.ThreadStopper threadStopper =  new org.evosuite.runtime.thread.ThreadStopper (org.evosuite.runtime.thread.KillSwitchHandler.getInstance(), 3000);
26: 
27: 
28:   @BeforeClass
29:   public static void initEvoSuiteFramework() { 
30:     org.evosuite.runtime.RuntimeSettings.className = "com.google.gson.internal.$Gson$Types"; 
31:     org.evosuite.runtime.GuiSupport.initialize(); 
32:     org.evosuite.runtime.RuntimeSettings.maxNumberOfThreads = 100; 
33:     org.evosuite.runtime.RuntimeSettings.maxNumberOfIterationsPerLoop = 10000; 
34:     org.evosuite.runtime.RuntimeSettings.mockSystemIn = true; 
35:     org.evosuite.runtime.RuntimeSettings.sandboxMode = org.evosuite.runtime.sandbox.Sandbox.SandboxMode.RECOMMENDED; 
36:     org.evosuite.runtime.sandbox.Sandbox.initializeSecurityManagerForSUT(); 
37:     org.evosuite.runtime.classhandling.JDKClassResetter.init();
38:     setSystemProperties();
39:     initializeClasses();
40:     org.evosuite.runtime.Runtime.getInstance().resetRuntime(); 
41:   } 
42: 
43:   @AfterClass
44:   public static void clearEvoSuiteFramework(){ 
45:     Sandbox.resetDefaultSecurityManager(); 
46:     java.lang.System.setProperties((java.util.Properties) defaultProperties.clone()); 
47:   } 
48: 
49:   @Before
50:   public void initTestCase(){ 
51:     threadStopper.storeCurrentThreads();
52:     threadStopper.startRecordingTime();
53:     org.evosuite.runtime.jvm.ShutdownHookHandler.getInstance().initHandler(); 
54:     org.evosuite.runtime.sandbox.Sandbox.goingToExecuteSUTCode(); 
55:     setSystemProperties(); 
56:     org.evosuite.runtime.GuiSupport.setHeadless(); 
57:     org.evosuite.runtime.Runtime.getInstance().resetRuntime(); 
58:     org.evosuite.runtime.agent.InstrumentingAgent.activate(); 
59:   } 
60: 
61:   @After
62:   public void doneWithTestCase(){ 
63:     threadStopper.killAndJoinClientThreads();
64:     org.evosuite.runtime.jvm.ShutdownHookHandler.getInstance().safeExecuteAddedHooks(); 
65:     org.evosuite.runtime.classhandling.JDKClassResetter.reset(); 
66:     resetClasses(); 
67:     org.evosuite.runtime.sandbox.Sandbox.doneWithExecutingSUTCode(); 
68:     org.evosuite.runtime.agent.InstrumentingAgent.deactivate(); 
69:     org.evosuite.runtime.GuiSupport.restoreHeadlessMode(); 
70:   } 
71: 
72:   public static void setSystemProperties() {
73:  
74:     java.lang.System.setProperties((java.util.Properties) defaultProperties.clone()); 
75:     java.lang.System.setProperty("user.dir", "/work/Gson_14f"); 
76:     java.lang.System.setProperty("java.io.tmpdir", "/tmp"); 
77:   }
78: 
79:   private static void initializeClasses() {
80:     org.evosuite.runtime.classhandling.ClassStateSupport.initializeClasses($Gson$Types_11_tmp__ESTest_scaffolding.class.getClassLoader() ,
81:       "com.google.gson.internal.$Gson$Types",
82:       "com.google.gson.internal.$Gson$Preconditions",
83:       "com.google.gson.internal.$Gson$Types$WildcardTypeImpl",
84:       "com.google.gson.internal.$Gson$Types$ParameterizedTypeImpl",
85:       "com.google.gson.internal.$Gson$Types$GenericArrayTypeImpl"
86:     );
87:   } 
88: 
89:   private static void resetClasses() {
90:     org.evosuite.runtime.classhandling.ClassResetter.getInstance().setClassLoader($Gson$Types_11_tmp__ESTest_scaffolding.class.getClassLoader()); 
91: 
92:     org.evosuite.runtime.classhandling.ClassStateSupport.resetClasses(
93:       "com.google.gson.internal.$Gson$Types",
94:       "com.google.gson.internal.$Gson$Types$ParameterizedTypeImpl",
95:       "com.google.gson.internal.$Gson$Types$GenericArrayTypeImpl",
96:       "com.google.gson.internal.$Gson$Types$WildcardTypeImpl",
97:       "com.google.gson.internal.$Gson$Preconditions"
98:     );
99:   }
100: }

[MASTER] 00:17:59.336 [logback-2] ERROR JUnitAnalyzer - Failed to compile test case:
Type[] typeArray0 = new Type[0];
ParameterizedType parameterizedType0 = .Gson.Types.newParameterizedTypeWithOwner((Type) null, (Type) null, typeArray0);
WildcardType wildcardType0 = .Gson.Types.subtypeOf(parameterizedType0);
Type type0 = .Gson.Types.canonicalize(wildcardType0);
.Gson.Types.equals((Type) wildcardType0, type0);

[MASTER] 00:17:59.351 [logback-2] ERROR JUnitAnalyzer - Compilation failed on compilation units: [SimpleFileObject[/tmp/EvoSuite_12_1790061479337/com/google/gson/internal/$Gson$Types_12_tmp__ESTest.java], SimpleFileObject[/tmp/EvoSuite_12_1790061479337/com/google/gson/internal/$Gson$Types_12_tmp__ESTest_scaffolding.java]]
[MASTER] 00:17:59.351 [logback-2] ERROR JUnitAnalyzer - Classpath: /opt/defects4j/framework/projects/lib/junit-4.12-hamcrest-1.3.jar:/work/Gson_14f/target/classes:/work/Gson_14f/target/test-classes:/opt/defects4j/framework/projects/Gson/lib/com/google/code/findbugs/jsr305/3.0.0/jsr305-3.0.0.jar:/opt/defects4j/framework/projects/lib/junit-4.12-hamcrest-1.3.jar:/opt/evosuite/evosuite-1.2.0.jar:/work/Gson_14f/target/classes:/work/Gson_14f/target/test-classes:/opt/defects4j/framework/projects/Gson/lib/com/google/code/findbugs/jsr305/3.0.0/jsr305-3.0.0.jar:/opt/defects4j/framework/projects/lib/junit-4.12-hamcrest-1.3.jar:/work/Gson_14f/target/classes:/work/Gson_14f/target/test-classes:/opt/defects4j/framework/projects/Gson/lib/com/google/code/findbugs/jsr305/3.0.0/jsr305-3.0.0.jar
[MASTER] 00:17:59.351 [logback-2] ERROR JUnitAnalyzer - evosuiteCP: /opt/defects4j/framework/projects/lib/junit-4.12-hamcrest-1.3.jar:/opt/evosuite/evosuite-1.2.0.jar:/work/Gson_14f/target/classes:/work/Gson_14f/target/test-classes:/opt/defects4j/framework/projects/Gson/lib/com/google/code/findbugs/jsr305/3.0.0/jsr305-3.0.0.jar:/opt/defects4j/framework/projects/lib/junit-4.12-hamcrest-1.3.jar:/work/Gson_14f/target/classes:/work/Gson_14f/target/test-classes:/opt/defects4j/framework/projects/Gson/lib/com/google/code/findbugs/jsr305/3.0.0/jsr305-3.0.0.jar
[MASTER] 00:17:59.351 [logback-2] ERROR JUnitAnalyzer - Diagnostic: illegal start of expression: 21
[MASTER] 00:17:59.351 [logback-2] ERROR JUnitAnalyzer - Diagnostic: illegal start of expression: 22
[MASTER] 00:17:59.352 [logback-2] ERROR JUnitAnalyzer - SimpleFileObject[/tmp/EvoSuite_12_1790061479337/com/google/gson/internal/$Gson$Types_12_tmp__ESTest.java]
1: /*
2:  * This file was automatically generated by EvoSuite
3:  * Tue Sep 22 07:17:59 GMT 2026
4:  */
5: 
6: package com.google.gson.internal;
7: 
8: import org.junit.Test;
9: import static org.junit.Assert.*;
10: import java.lang.reflect.GenericArrayType;
11: import java.lang.reflect.Type;
12: import org.evosuite.runtime.EvoRunner;
13: import org.evosuite.runtime.EvoRunnerParameters;
14: import org.junit.runner.RunWith;
15: 
16: @RunWith(EvoRunner.class) @EvoRunnerParameters(mockJVMNonDeterminism = true, useVFS = true, useVNET = true, resetStaticState = true) 
17: public class $Gson$Types_12_tmp__ESTest extends $Gson$Types_12_tmp__ESTest_scaffolding {
18: 
19:   @Test(timeout = 4000)
20:   public void test0()  throws Throwable  {
21:       GenericArrayType genericArrayType0 = .Gson.Types.arrayOf((Type) null);
22:       boolean boolean0 = .Gson.Types.equals((Type) genericArrayType0, (Type) null);
23:       assertFalse(boolean0);
24:   }
25: }
SimpleFileObject[/tmp/EvoSuite_12_1790061479337/com/google/gson/internal/$Gson$Types_12_tmp__ESTest.java]
1: /**
2:  * Scaffolding file used to store all the setups needed to run 
3:  * tests automatically generated by EvoSuite
4:  * Tue Sep 22 07:17:59 GMT 2026
5:  */
6: 
7: package com.google.gson.internal;
8: 
9: import org.evosuite.runtime.annotation.EvoSuiteClassExclude;
10: import org.junit.BeforeClass;
11: import org.junit.Before;
12: import org.junit.After;
13: import org.junit.AfterClass;
14: import org.evosuite.runtime.sandbox.Sandbox;
15: import org.evosuite.runtime.sandbox.Sandbox.SandboxMode;
16: 
17: @EvoSuiteClassExclude
18: public class $Gson$Types_12_tmp__ESTest_scaffolding {
19: 
20:   @org.junit.Rule
21:   public org.evosuite.runtime.vnet.NonFunctionalRequirementRule nfr = new org.evosuite.runtime.vnet.NonFunctionalRequirementRule();
22: 
23:   private static final java.util.Properties defaultProperties = (java.util.Properties) java.lang.System.getProperties().clone(); 
24: 
25:   private org.evosuite.runtime.thread.ThreadStopper threadStopper =  new org.evosuite.runtime.thread.ThreadStopper (org.evosuite.runtime.thread.KillSwitchHandler.getInstance(), 3000);
26: 
27: 
28:   @BeforeClass
29:   public static void initEvoSuiteFramework() { 
30:     org.evosuite.runtime.RuntimeSettings.className = "com.google.gson.internal.$Gson$Types"; 
31:     org.evosuite.runtime.GuiSupport.initialize(); 
32:     org.evosuite.runtime.RuntimeSettings.maxNumberOfThreads = 100; 
33:     org.evosuite.runtime.RuntimeSettings.maxNumberOfIterationsPerLoop = 10000; 
34:     org.evosuite.runtime.RuntimeSettings.mockSystemIn = true; 
35:     org.evosuite.runtime.RuntimeSettings.sandboxMode = org.evosuite.runtime.sandbox.Sandbox.SandboxMode.RECOMMENDED; 
36:     org.evosuite.runtime.sandbox.Sandbox.initializeSecurityManagerForSUT(); 
37:     org.evosuite.runtime.classhandling.JDKClassResetter.init();
38:     setSystemProperties();
39:     initializeClasses();
40:     org.evosuite.runtime.Runtime.getInstance().resetRuntime(); 
41:   } 
42: 
43:   @AfterClass
44:   public static void clearEvoSuiteFramework(){ 
45:     Sandbox.resetDefaultSecurityManager(); 
46:     java.lang.System.setProperties((java.util.Properties) defaultProperties.clone()); 
47:   } 
48: 
49:   @Before
50:   public void initTestCase(){ 
51:     threadStopper.storeCurrentThreads();
52:     threadStopper.startRecordingTime();
53:     org.evosuite.runtime.jvm.ShutdownHookHandler.getInstance().initHandler(); 
54:     org.evosuite.runtime.sandbox.Sandbox.goingToExecuteSUTCode(); 
55:     setSystemProperties(); 
56:     org.evosuite.runtime.GuiSupport.setHeadless(); 
57:     org.evosuite.runtime.Runtime.getInstance().resetRuntime(); 
58:     org.evosuite.runtime.agent.InstrumentingAgent.activate(); 
59:   } 
60: 
61:   @After
62:   public void doneWithTestCase(){ 
63:     threadStopper.killAndJoinClientThreads();
64:     org.evosuite.runtime.jvm.ShutdownHookHandler.getInstance().safeExecuteAddedHooks(); 
65:     org.evosuite.runtime.classhandling.JDKClassResetter.reset(); 
66:     resetClasses(); 
67:     org.evosuite.runtime.sandbox.Sandbox.doneWithExecutingSUTCode(); 
68:     org.evosuite.runtime.agent.InstrumentingAgent.deactivate(); 
69:     org.evosuite.runtime.GuiSupport.restoreHeadlessMode(); 
70:   } 
71: 
72:   public static void setSystemProperties() {
73:  
74:     java.lang.System.setProperties((java.util.Properties) defaultProperties.clone()); 
75:     java.lang.System.setProperty("user.dir", "/work/Gson_14f"); 
76:     java.lang.System.setProperty("java.io.tmpdir", "/tmp"); 
77:   }
78: 
79:   private static void initializeClasses() {
80:     org.evosuite.runtime.classhandling.ClassStateSupport.initializeClasses($Gson$Types_12_tmp__ESTest_scaffolding.class.getClassLoader() ,
81:       "com.google.gson.internal.$Gson$Types",
82:       "com.google.gson.internal.$Gson$Preconditions",
83:       "com.google.gson.internal.$Gson$Types$WildcardTypeImpl",
84:       "com.google.gson.internal.$Gson$Types$ParameterizedTypeImpl",
85:       "com.google.gson.internal.$Gson$Types$GenericArrayTypeImpl"
86:     );
87:   } 
88: 
89:   private static void resetClasses() {
90:     org.evosuite.runtime.classhandling.ClassResetter.getInstance().setClassLoader($Gson$Types_12_tmp__ESTest_scaffolding.class.getClassLoader()); 
91: 
92:     org.evosuite.runtime.classhandling.ClassStateSupport.resetClasses(
93:       "com.google.gson.internal.$Gson$Types",
94:       "com.google.gson.internal.$Gson$Types$ParameterizedTypeImpl",
95:       "com.google.gson.internal.$Gson$Types$GenericArrayTypeImpl",
96:       "com.google.gson.internal.$Gson$Types$WildcardTypeImpl",
97:       "com.google.gson.internal.$Gson$Preconditions"
98:     );
99:   }
100: }

[MASTER] 00:17:59.352 [logback-2] ERROR JUnitAnalyzer - Failed to compile test case:
GenericArrayType genericArrayType0 = .Gson.Types.arrayOf((Type) null);
boolean boolean0 = .Gson.Types.equals((Type) genericArrayType0, (Type) null);
assertFalse(boolean0);


[MASTER] 00:17:59.368 [logback-2] ERROR JUnitAnalyzer - Compilation failed on compilation units: [SimpleFileObject[/tmp/EvoSuite_13_1790061479354/com/google/gson/internal/$Gson$Types_13_tmp__ESTest.java], SimpleFileObject[/tmp/EvoSuite_13_1790061479354/com/google/gson/internal/$Gson$Types_13_tmp__ESTest_scaffolding.java]]
[MASTER] 00:17:59.368 [logback-2] ERROR JUnitAnalyzer - Classpath: /opt/defects4j/framework/projects/lib/junit-4.12-hamcrest-1.3.jar:/work/Gson_14f/target/classes:/work/Gson_14f/target/test-classes:/opt/defects4j/framework/projects/Gson/lib/com/google/code/findbugs/jsr305/3.0.0/jsr305-3.0.0.jar:/opt/defects4j/framework/projects/lib/junit-4.12-hamcrest-1.3.jar:/opt/evosuite/evosuite-1.2.0.jar:/work/Gson_14f/target/classes:/work/Gson_14f/target/test-classes:/opt/defects4j/framework/projects/Gson/lib/com/google/code/findbugs/jsr305/3.0.0/jsr305-3.0.0.jar:/opt/defects4j/framework/projects/lib/junit-4.12-hamcrest-1.3.jar:/work/Gson_14f/target/classes:/work/Gson_14f/target/test-classes:/opt/defects4j/framework/projects/Gson/lib/com/google/code/findbugs/jsr305/3.0.0/jsr305-3.0.0.jar
[MASTER] 00:17:59.368 [logback-2] ERROR JUnitAnalyzer - evosuiteCP: /opt/defects4j/framework/projects/lib/junit-4.12-hamcrest-1.3.jar:/opt/evosuite/evosuite-1.2.0.jar:/work/Gson_14f/target/classes:/work/Gson_14f/target/test-classes:/opt/defects4j/framework/projects/Gson/lib/com/google/code/findbugs/jsr305/3.0.0/jsr305-3.0.0.jar:/opt/defects4j/framework/projects/lib/junit-4.12-hamcrest-1.3.jar:/work/Gson_14f/target/classes:/work/Gson_14f/target/test-classes:/opt/defects4j/framework/projects/Gson/lib/com/google/code/findbugs/jsr305/3.0.0/jsr305-3.0.0.jar
[MASTER] 00:17:59.369 [logback-2] ERROR JUnitAnalyzer - Diagnostic: illegal start of expression: 21
[MASTER] 00:17:59.369 [logback-2] ERROR JUnitAnalyzer - Diagnostic: illegal start of expression: 22
[MASTER] 00:17:59.369 [logback-2] ERROR JUnitAnalyzer - Diagnostic: illegal start of expression: 23
[MASTER] 00:17:59.369 [logback-2] ERROR JUnitAnalyzer - SimpleFileObject[/tmp/EvoSuite_13_1790061479354/com/google/gson/internal/$Gson$Types_13_tmp__ESTest.java]
1: /*
2:  * This file was automatically generated by EvoSuite
3:  * Tue Sep 22 07:17:59 GMT 2026
4:  */
5: 
6: package com.google.gson.internal;
7: 
8: import org.junit.Test;
9: import static org.junit.Assert.*;
10: import java.lang.reflect.GenericArrayType;
11: import java.lang.reflect.Type;
12: import org.evosuite.runtime.EvoRunner;
13: import org.evosuite.runtime.EvoRunnerParameters;
14: import org.junit.runner.RunWith;
15: 
16: @RunWith(EvoRunner.class) @EvoRunnerParameters(mockJVMNonDeterminism = true, useVFS = true, useVNET = true, resetStaticState = true) 
17: public class $Gson$Types_13_tmp__ESTest extends $Gson$Types_13_tmp__ESTest_scaffolding {
18: 
19:   @Test(timeout = 4000)
20:   public void test0()  throws Throwable  {
21:       GenericArrayType genericArrayType0 = .Gson.Types.arrayOf((Type) null);
22:       Type type0 = .Gson.Types.canonicalize(genericArrayType0);
23:       boolean boolean0 = .Gson.Types.equals(type0, (Type) genericArrayType0);
24:       assertTrue(boolean0);
25:   }
26: }
SimpleFileObject[/tmp/EvoSuite_13_1790061479354/com/google/gson/internal/$Gson$Types_13_tmp__ESTest.java]
1: /**
2:  * Scaffolding file used to store all the setups needed to run 
3:  * tests automatically generated by EvoSuite
4:  * Tue Sep 22 07:17:59 GMT 2026
5:  */
6: 
7: package com.google.gson.internal;
8: 
9: import org.evosuite.runtime.annotation.EvoSuiteClassExclude;
10: import org.junit.BeforeClass;
11: import org.junit.Before;
12: import org.junit.After;
13: import org.junit.AfterClass;
14: import org.evosuite.runtime.sandbox.Sandbox;
15: import org.evosuite.runtime.sandbox.Sandbox.SandboxMode;
16: 
17: @EvoSuiteClassExclude
18: public class $Gson$Types_13_tmp__ESTest_scaffolding {
19: 
20:   @org.junit.Rule
21:   public org.evosuite.runtime.vnet.NonFunctionalRequirementRule nfr = new org.evosuite.runtime.vnet.NonFunctionalRequirementRule();
22: 
23:   private static final java.util.Properties defaultProperties = (java.util.Properties) java.lang.System.getProperties().clone(); 
24: 
25:   private org.evosuite.runtime.thread.ThreadStopper threadStopper =  new org.evosuite.runtime.thread.ThreadStopper (org.evosuite.runtime.thread.KillSwitchHandler.getInstance(), 3000);
26: 
27: 
28:   @BeforeClass
29:   public static void initEvoSuiteFramework() { 
30:     org.evosuite.runtime.RuntimeSettings.className = "com.google.gson.internal.$Gson$Types"; 
31:     org.evosuite.runtime.GuiSupport.initialize(); 
32:     org.evosuite.runtime.RuntimeSettings.maxNumberOfThreads = 100; 
33:     org.evosuite.runtime.RuntimeSettings.maxNumberOfIterationsPerLoop = 10000; 
34:     org.evosuite.runtime.RuntimeSettings.mockSystemIn = true; 
35:     org.evosuite.runtime.RuntimeSettings.sandboxMode = org.evosuite.runtime.sandbox.Sandbox.SandboxMode.RECOMMENDED; 
36:     org.evosuite.runtime.sandbox.Sandbox.initializeSecurityManagerForSUT(); 
37:     org.evosuite.runtime.classhandling.JDKClassResetter.init();
38:     setSystemProperties();
39:     initializeClasses();
40:     org.evosuite.runtime.Runtime.getInstance().resetRuntime(); 
41:   } 
42: 
43:   @AfterClass
44:   public static void clearEvoSuiteFramework(){ 
45:     Sandbox.resetDefaultSecurityManager(); 
46:     java.lang.System.setProperties((java.util.Properties) defaultProperties.clone()); 
47:   } 
48: 
49:   @Before
50:   public void initTestCase(){ 
51:     threadStopper.storeCurrentThreads();
52:     threadStopper.startRecordingTime();
53:     org.evosuite.runtime.jvm.ShutdownHookHandler.getInstance().initHandler(); 
54:     org.evosuite.runtime.sandbox.Sandbox.goingToExecuteSUTCode(); 
55:     setSystemProperties(); 
56:     org.evosuite.runtime.GuiSupport.setHeadless(); 
57:     org.evosuite.runtime.Runtime.getInstance().resetRuntime(); 
58:     org.evosuite.runtime.agent.InstrumentingAgent.activate(); 
59:   } 
60: 
61:   @After
62:   public void doneWithTestCase(){ 
63:     threadStopper.killAndJoinClientThreads();
64:     org.evosuite.runtime.jvm.ShutdownHookHandler.getInstance().safeExecuteAddedHooks(); 
65:     org.evosuite.runtime.classhandling.JDKClassResetter.reset(); 
66:     resetClasses(); 
67:     org.evosuite.runtime.sandbox.Sandbox.doneWithExecutingSUTCode(); 
68:     org.evosuite.runtime.agent.InstrumentingAgent.deactivate(); 
69:     org.evosuite.runtime.GuiSupport.restoreHeadlessMode(); 
70:   } 
71: 
72:   public static void setSystemProperties() {
73:  
74:     java.lang.System.setProperties((java.util.Properties) defaultProperties.clone()); 
75:     java.lang.System.setProperty("user.dir", "/work/Gson_14f"); 
76:     java.lang.System.setProperty("java.io.tmpdir", "/tmp"); 
77:   }
78: 
79:   private static void initializeClasses() {
80:     org.evosuite.runtime.classhandling.ClassStateSupport.initializeClasses($Gson$Types_13_tmp__ESTest_scaffolding.class.getClassLoader() ,
81:       "com.google.gson.internal.$Gson$Types",
82:       "com.google.gson.internal.$Gson$Preconditions",
83:       "com.google.gson.internal.$Gson$Types$WildcardTypeImpl",
84:       "com.google.gson.internal.$Gson$Types$ParameterizedTypeImpl",
85:       "com.google.gson.internal.$Gson$Types$GenericArrayTypeImpl"
86:     );
87:   } 
88: 
89:   private static void resetClasses() {
90:     org.evosuite.runtime.classhandling.ClassResetter.getInstance().setClassLoader($Gson$Types_13_tmp__ESTest_scaffolding.class.getClassLoader()); 
91: 
92:     org.evosuite.runtime.classhandling.ClassStateSupport.resetClasses(
93:       "com.google.gson.internal.$Gson$Types",
94:       "com.google.gson.internal.$Gson$Types$ParameterizedTypeImpl",
95:       "com.google.gson.internal.$Gson$Types$GenericArrayTypeImpl",
96:       "com.google.gson.internal.$Gson$Types$WildcardTypeImpl",
97:       "com.google.gson.internal.$Gson$Preconditions"
98:     );
99:   }
100: }

[MASTER] 00:17:59.370 [logback-2] ERROR JUnitAnalyzer - Failed to compile test case:
GenericArrayType genericArrayType0 = .Gson.Types.arrayOf((Type) null);
Type type0 = .Gson.Types.canonicalize(genericArrayType0);
boolean boolean0 = .Gson.Types.equals(type0, (Type) genericArrayType0);
assertTrue(boolean0);


[MASTER] 00:17:59.385 [logback-2] ERROR JUnitAnalyzer - Compilation failed on compilation units: [SimpleFileObject[/tmp/EvoSuite_14_1790061479371/com/google/gson/internal/$Gson$Types_14_tmp__ESTest.java], SimpleFileObject[/tmp/EvoSuite_14_1790061479371/com/google/gson/internal/$Gson$Types_14_tmp__ESTest_scaffolding.java]]
[MASTER] 00:17:59.385 [logback-2] ERROR JUnitAnalyzer - Classpath: /opt/defects4j/framework/projects/lib/junit-4.12-hamcrest-1.3.jar:/work/Gson_14f/target/classes:/work/Gson_14f/target/test-classes:/opt/defects4j/framework/projects/Gson/lib/com/google/code/findbugs/jsr305/3.0.0/jsr305-3.0.0.jar:/opt/defects4j/framework/projects/lib/junit-4.12-hamcrest-1.3.jar:/opt/evosuite/evosuite-1.2.0.jar:/work/Gson_14f/target/classes:/work/Gson_14f/target/test-classes:/opt/defects4j/framework/projects/Gson/lib/com/google/code/findbugs/jsr305/3.0.0/jsr305-3.0.0.jar:/opt/defects4j/framework/projects/lib/junit-4.12-hamcrest-1.3.jar:/work/Gson_14f/target/classes:/work/Gson_14f/target/test-classes:/opt/defects4j/framework/projects/Gson/lib/com/google/code/findbugs/jsr305/3.0.0/jsr305-3.0.0.jar
[MASTER] 00:17:59.385 [logback-2] ERROR JUnitAnalyzer - evosuiteCP: /opt/defects4j/framework/projects/lib/junit-4.12-hamcrest-1.3.jar:/opt/evosuite/evosuite-1.2.0.jar:/work/Gson_14f/target/classes:/work/Gson_14f/target/test-classes:/opt/defects4j/framework/projects/Gson/lib/com/google/code/findbugs/jsr305/3.0.0/jsr305-3.0.0.jar:/opt/defects4j/framework/projects/lib/junit-4.12-hamcrest-1.3.jar:/work/Gson_14f/target/classes:/work/Gson_14f/target/test-classes:/opt/defects4j/framework/projects/Gson/lib/com/google/code/findbugs/jsr305/3.0.0/jsr305-3.0.0.jar
[MASTER] 00:17:59.385 [logback-2] ERROR JUnitAnalyzer - Diagnostic: illegal start of expression: 22
[MASTER] 00:17:59.386 [logback-2] ERROR JUnitAnalyzer - SimpleFileObject[/tmp/EvoSuite_14_1790061479371/com/google/gson/internal/$Gson$Types_14_tmp__ESTest.java]
1: /*
2:  * This file was automatically generated by EvoSuite
3:  * Tue Sep 22 07:17:59 GMT 2026
4:  */
5: 
6: package com.google.gson.internal;
7: 
8: import org.junit.Test;
9: import static org.junit.Assert.*;
10: import java.lang.reflect.Type;
11: import java.util.Properties;
12: import org.evosuite.runtime.EvoRunner;
13: import org.evosuite.runtime.EvoRunnerParameters;
14: import org.junit.runner.RunWith;
15: 
16: @RunWith(EvoRunner.class) @EvoRunnerParameters(mockJVMNonDeterminism = true, useVFS = true, useVNET = true, resetStaticState = true) 
17: public class $Gson$Types_14_tmp__ESTest extends $Gson$Types_14_tmp__ESTest_scaffolding {
18: 
19:   @Test(timeout = 4000)
20:   public void test0()  throws Throwable  {
21:       Class<Properties> class0 = Properties.class;
22:       boolean boolean0 = .Gson.Types.equals((Type) null, (Type) class0);
23:       assertFalse(boolean0);
24:   }
25: }
SimpleFileObject[/tmp/EvoSuite_14_1790061479371/com/google/gson/internal/$Gson$Types_14_tmp__ESTest.java]
1: /**
2:  * Scaffolding file used to store all the setups needed to run 
3:  * tests automatically generated by EvoSuite
4:  * Tue Sep 22 07:17:59 GMT 2026
5:  */
6: 
7: package com.google.gson.internal;
8: 
9: import org.evosuite.runtime.annotation.EvoSuiteClassExclude;
10: import org.junit.BeforeClass;
11: import org.junit.Before;
12: import org.junit.After;
13: import org.junit.AfterClass;
14: import org.evosuite.runtime.sandbox.Sandbox;
15: import org.evosuite.runtime.sandbox.Sandbox.SandboxMode;
16: 
17: @EvoSuiteClassExclude
18: public class $Gson$Types_14_tmp__ESTest_scaffolding {
19: 
20:   @org.junit.Rule
21:   public org.evosuite.runtime.vnet.NonFunctionalRequirementRule nfr = new org.evosuite.runtime.vnet.NonFunctionalRequirementRule();
22: 
23:   private static final java.util.Properties defaultProperties = (java.util.Properties) java.lang.System.getProperties().clone(); 
24: 
25:   private org.evosuite.runtime.thread.ThreadStopper threadStopper =  new org.evosuite.runtime.thread.ThreadStopper (org.evosuite.runtime.thread.KillSwitchHandler.getInstance(), 3000);
26: 
27: 
28:   @BeforeClass
29:   public static void initEvoSuiteFramework() { 
30:     org.evosuite.runtime.RuntimeSettings.className = "com.google.gson.internal.$Gson$Types"; 
31:     org.evosuite.runtime.GuiSupport.initialize(); 
32:     org.evosuite.runtime.RuntimeSettings.maxNumberOfThreads = 100; 
33:     org.evosuite.runtime.RuntimeSettings.maxNumberOfIterationsPerLoop = 10000; 
34:     org.evosuite.runtime.RuntimeSettings.mockSystemIn = true; 
35:     org.evosuite.runtime.RuntimeSettings.sandboxMode = org.evosuite.runtime.sandbox.Sandbox.SandboxMode.RECOMMENDED; 
36:     org.evosuite.runtime.sandbox.Sandbox.initializeSecurityManagerForSUT(); 
37:     org.evosuite.runtime.classhandling.JDKClassResetter.init();
38:     setSystemProperties();
39:     initializeClasses();
40:     org.evosuite.runtime.Runtime.getInstance().resetRuntime(); 
41:   } 
42: 
43:   @AfterClass
44:   public static void clearEvoSuiteFramework(){ 
45:     Sandbox.resetDefaultSecurityManager(); 
46:     java.lang.System.setProperties((java.util.Properties) defaultProperties.clone()); 
47:   } 
48: 
49:   @Before
50:   public void initTestCase(){ 
51:     threadStopper.storeCurrentThreads();
52:     threadStopper.startRecordingTime();
53:     org.evosuite.runtime.jvm.ShutdownHookHandler.getInstance().initHandler(); 
54:     org.evosuite.runtime.sandbox.Sandbox.goingToExecuteSUTCode(); 
55:     setSystemProperties(); 
56:     org.evosuite.runtime.GuiSupport.setHeadless(); 
57:     org.evosuite.runtime.Runtime.getInstance().resetRuntime(); 
58:     org.evosuite.runtime.agent.InstrumentingAgent.activate(); 
59:   } 
60: 
61:   @After
62:   public void doneWithTestCase(){ 
63:     threadStopper.killAndJoinClientThreads();
64:     org.evosuite.runtime.jvm.ShutdownHookHandler.getInstance().safeExecuteAddedHooks(); 
65:     org.evosuite.runtime.classhandling.JDKClassResetter.reset(); 
66:     resetClasses(); 
67:     org.evosuite.runtime.sandbox.Sandbox.doneWithExecutingSUTCode(); 
68:     org.evosuite.runtime.agent.InstrumentingAgent.deactivate(); 
69:     org.evosuite.runtime.GuiSupport.restoreHeadlessMode(); 
70:   } 
71: 
72:   public static void setSystemProperties() {
73:  
74:     java.lang.System.setProperties((java.util.Properties) defaultProperties.clone()); 
75:     java.lang.System.setProperty("user.dir", "/work/Gson_14f"); 
76:     java.lang.System.setProperty("java.io.tmpdir", "/tmp"); 
77:   }
78: 
79:   private static void initializeClasses() {
80:     org.evosuite.runtime.classhandling.ClassStateSupport.initializeClasses($Gson$Types_14_tmp__ESTest_scaffolding.class.getClassLoader() ,
81:       "com.google.gson.internal.$Gson$Types",
82:       "com.google.gson.internal.$Gson$Preconditions",
83:       "com.google.gson.internal.$Gson$Types$WildcardTypeImpl",
84:       "com.google.gson.internal.$Gson$Types$ParameterizedTypeImpl",
85:       "com.google.gson.internal.$Gson$Types$GenericArrayTypeImpl"
86:     );
87:   } 
88: 
89:   private static void resetClasses() {
90:     org.evosuite.runtime.classhandling.ClassResetter.getInstance().setClassLoader($Gson$Types_14_tmp__ESTest_scaffolding.class.getClassLoader()); 
91: 
92:     org.evosuite.runtime.classhandling.ClassStateSupport.resetClasses(
93:       "com.google.gson.internal.$Gson$Types",
94:       "com.google.gson.internal.$Gson$Types$ParameterizedTypeImpl",
95:       "com.google.gson.internal.$Gson$Types$GenericArrayTypeImpl",
96:       "com.google.gson.internal.$Gson$Types$WildcardTypeImpl",
97:       "com.google.gson.internal.$Gson$Preconditions"
98:     );
99:   }
100: }

[MASTER] 00:17:59.386 [logback-2] ERROR JUnitAnalyzer - Failed to compile test case:
Class<Properties> class0 = Properties.class;
boolean boolean0 = .Gson.Types.equals((Type) null, (Type) class0);
assertFalse(boolean0);


[MASTER] 00:17:59.406 [logback-2] ERROR JUnitAnalyzer - Compilation failed on compilation units: [SimpleFileObject[/tmp/EvoSuite_15_1790061479388/com/google/gson/internal/$Gson$Types_15_tmp__ESTest.java], SimpleFileObject[/tmp/EvoSuite_15_1790061479388/com/google/gson/internal/$Gson$Types_15_tmp__ESTest_scaffolding.java]]
[MASTER] 00:17:59.406 [logback-2] ERROR JUnitAnalyzer - Classpath: /opt/defects4j/framework/projects/lib/junit-4.12-hamcrest-1.3.jar:/work/Gson_14f/target/classes:/work/Gson_14f/target/test-classes:/opt/defects4j/framework/projects/Gson/lib/com/google/code/findbugs/jsr305/3.0.0/jsr305-3.0.0.jar:/opt/defects4j/framework/projects/lib/junit-4.12-hamcrest-1.3.jar:/opt/evosuite/evosuite-1.2.0.jar:/work/Gson_14f/target/classes:/work/Gson_14f/target/test-classes:/opt/defects4j/framework/projects/Gson/lib/com/google/code/findbugs/jsr305/3.0.0/jsr305-3.0.0.jar:/opt/defects4j/framework/projects/lib/junit-4.12-hamcrest-1.3.jar:/work/Gson_14f/target/classes:/work/Gson_14f/target/test-classes:/opt/defects4j/framework/projects/Gson/lib/com/google/code/findbugs/jsr305/3.0.0/jsr305-3.0.0.jar
[MASTER] 00:17:59.406 [logback-2] ERROR JUnitAnalyzer - evosuiteCP: /opt/defects4j/framework/projects/lib/junit-4.12-hamcrest-1.3.jar:/opt/evosuite/evosuite-1.2.0.jar:/work/Gson_14f/target/classes:/work/Gson_14f/target/test-classes:/opt/defects4j/framework/projects/Gson/lib/com/google/code/findbugs/jsr305/3.0.0/jsr305-3.0.0.jar:/opt/defects4j/framework/projects/lib/junit-4.12-hamcrest-1.3.jar:/work/Gson_14f/target/classes:/work/Gson_14f/target/test-classes:/opt/defects4j/framework/projects/Gson/lib/com/google/code/findbugs/jsr305/3.0.0/jsr305-3.0.0.jar
[MASTER] 00:17:59.406 [logback-2] ERROR JUnitAnalyzer - Diagnostic: illegal start of expression: 23
[MASTER] 00:17:59.406 [logback-2] ERROR JUnitAnalyzer - Diagnostic: illegal start of expression: 24
[MASTER] 00:17:59.406 [logback-2] ERROR JUnitAnalyzer - Diagnostic: illegal start of expression: 25
[MASTER] 00:17:59.406 [logback-2] ERROR JUnitAnalyzer - SimpleFileObject[/tmp/EvoSuite_15_1790061479388/com/google/gson/internal/$Gson$Types_15_tmp__ESTest.java]
1: /*
2:  * This file was automatically generated by EvoSuite
3:  * Tue Sep 22 07:17:59 GMT 2026
4:  */
5: 
6: package com.google.gson.internal;
7: 
8: import org.junit.Test;
9: import static org.junit.Assert.*;
10: import java.lang.reflect.Type;
11: import java.lang.reflect.WildcardType;
12: import java.util.Properties;
13: import org.evosuite.runtime.EvoRunner;
14: import org.evosuite.runtime.EvoRunnerParameters;
15: import org.junit.runner.RunWith;
16: 
17: @RunWith(EvoRunner.class) @EvoRunnerParameters(mockJVMNonDeterminism = true, useVFS = true, useVNET = true, resetStaticState = true) 
18: public class $Gson$Types_15_tmp__ESTest extends $Gson$Types_15_tmp__ESTest_scaffolding {
19: 
20:   @Test(timeout = 4000)
21:   public void test0()  throws Throwable  {
22:       Class<Properties> class0 = Properties.class;
23:       WildcardType wildcardType0 = .Gson.Types.subtypeOf(class0);
24:       WildcardType wildcardType1 = .Gson.Types.subtypeOf(wildcardType0);
25:       boolean boolean0 = .Gson.Types.equals((Type) wildcardType1, (Type) wildcardType0);
26:       assertTrue(boolean0);
27:   }
28: }
SimpleFileObject[/tmp/EvoSuite_15_1790061479388/com/google/gson/internal/$Gson$Types_15_tmp__ESTest.java]
1: /**
2:  * Scaffolding file used to store all the setups needed to run 
3:  * tests automatically generated by EvoSuite
4:  * Tue Sep 22 07:17:59 GMT 2026
5:  */
6: 
7: package com.google.gson.internal;
8: 
9: import org.evosuite.runtime.annotation.EvoSuiteClassExclude;
10: import org.junit.BeforeClass;
11: import org.junit.Before;
12: import org.junit.After;
13: import org.junit.AfterClass;
14: import org.evosuite.runtime.sandbox.Sandbox;
15: import org.evosuite.runtime.sandbox.Sandbox.SandboxMode;
16: 
17: @EvoSuiteClassExclude
18: public class $Gson$Types_15_tmp__ESTest_scaffolding {
19: 
20:   @org.junit.Rule
21:   public org.evosuite.runtime.vnet.NonFunctionalRequirementRule nfr = new org.evosuite.runtime.vnet.NonFunctionalRequirementRule();
22: 
23:   private static final java.util.Properties defaultProperties = (java.util.Properties) java.lang.System.getProperties().clone(); 
24: 
25:   private org.evosuite.runtime.thread.ThreadStopper threadStopper =  new org.evosuite.runtime.thread.ThreadStopper (org.evosuite.runtime.thread.KillSwitchHandler.getInstance(), 3000);
26: 
27: 
28:   @BeforeClass
29:   public static void initEvoSuiteFramework() { 
30:     org.evosuite.runtime.RuntimeSettings.className = "com.google.gson.internal.$Gson$Types"; 
31:     org.evosuite.runtime.GuiSupport.initialize(); 
32:     org.evosuite.runtime.RuntimeSettings.maxNumberOfThreads = 100; 
33:     org.evosuite.runtime.RuntimeSettings.maxNumberOfIterationsPerLoop = 10000; 
34:     org.evosuite.runtime.RuntimeSettings.mockSystemIn = true; 
35:     org.evosuite.runtime.RuntimeSettings.sandboxMode = org.evosuite.runtime.sandbox.Sandbox.SandboxMode.RECOMMENDED; 
36:     org.evosuite.runtime.sandbox.Sandbox.initializeSecurityManagerForSUT(); 
37:     org.evosuite.runtime.classhandling.JDKClassResetter.init();
38:     setSystemProperties();
39:     initializeClasses();
40:     org.evosuite.runtime.Runtime.getInstance().resetRuntime(); 
41:   } 
42: 
43:   @AfterClass
44:   public static void clearEvoSuiteFramework(){ 
45:     Sandbox.resetDefaultSecurityManager(); 
46:     java.lang.System.setProperties((java.util.Properties) defaultProperties.clone()); 
47:   } 
48: 
49:   @Before
50:   public void initTestCase(){ 
51:     threadStopper.storeCurrentThreads();
52:     threadStopper.startRecordingTime();
53:     org.evosuite.runtime.jvm.ShutdownHookHandler.getInstance().initHandler(); 
54:     org.evosuite.runtime.sandbox.Sandbox.goingToExecuteSUTCode(); 
55:     setSystemProperties(); 
56:     org.evosuite.runtime.GuiSupport.setHeadless(); 
57:     org.evosuite.runtime.Runtime.getInstance().resetRuntime(); 
58:     org.evosuite.runtime.agent.InstrumentingAgent.activate(); 
59:   } 
60: 
61:   @After
62:   public void doneWithTestCase(){ 
63:     threadStopper.killAndJoinClientThreads();
64:     org.evosuite.runtime.jvm.ShutdownHookHandler.getInstance().safeExecuteAddedHooks(); 
65:     org.evosuite.runtime.classhandling.JDKClassResetter.reset(); 
66:     resetClasses(); 
67:     org.evosuite.runtime.sandbox.Sandbox.doneWithExecutingSUTCode(); 
68:     org.evosuite.runtime.agent.InstrumentingAgent.deactivate(); 
69:     org.evosuite.runtime.GuiSupport.restoreHeadlessMode(); 
70:   } 
71: 
72:   public static void setSystemProperties() {
73:  
74:     java.lang.System.setProperties((java.util.Properties) defaultProperties.clone()); 
75:     java.lang.System.setProperty("user.dir", "/work/Gson_14f"); 
76:     java.lang.System.setProperty("java.io.tmpdir", "/tmp"); 
77:   }
78: 
79:   private static void initializeClasses() {
80:     org.evosuite.runtime.classhandling.ClassStateSupport.initializeClasses($Gson$Types_15_tmp__ESTest_scaffolding.class.getClassLoader() ,
81:       "com.google.gson.internal.$Gson$Types",
82:       "com.google.gson.internal.$Gson$Preconditions",
83:       "com.google.gson.internal.$Gson$Types$WildcardTypeImpl",
84:       "com.google.gson.internal.$Gson$Types$ParameterizedTypeImpl",
85:       "com.google.gson.internal.$Gson$Types$GenericArrayTypeImpl"
86:     );
87:   } 
88: 
89:   private static void resetClasses() {
90:     org.evosuite.runtime.classhandling.ClassResetter.getInstance().setClassLoader($Gson$Types_15_tmp__ESTest_scaffolding.class.getClassLoader()); 
91: 
92:     org.evosuite.runtime.classhandling.ClassStateSupport.resetClasses(
93:       "com.google.gson.internal.$Gson$Types",
94:       "com.google.gson.internal.$Gson$Types$ParameterizedTypeImpl",
95:       "com.google.gson.internal.$Gson$Types$GenericArrayTypeImpl",
96:       "com.google.gson.internal.$Gson$Types$WildcardTypeImpl",
97:       "com.google.gson.internal.$Gson$Preconditions"
98:     );
99:   }
100: }

[MASTER] 00:17:59.407 [logback-2] ERROR JUnitAnalyzer - Failed to compile test case:
Class<Properties> class0 = Properties.class;
WildcardType wildcardType0 = .Gson.Types.subtypeOf(class0);
WildcardType wildcardType1 = .Gson.Types.subtypeOf(wildcardType0);
boolean boolean0 = .Gson.Types.equals((Type) wildcardType1, (Type) wildcardType0);
assertTrue(boolean0);


[MASTER] 00:17:59.424 [logback-2] ERROR JUnitAnalyzer - Compilation failed on compilation units: [SimpleFileObject[/tmp/EvoSuite_16_1790061479408/com/google/gson/internal/$Gson$Types_16_tmp__ESTest.java], SimpleFileObject[/tmp/EvoSuite_16_1790061479408/com/google/gson/internal/$Gson$Types_16_tmp__ESTest_scaffolding.java]]
[MASTER] 00:17:59.424 [logback-2] ERROR JUnitAnalyzer - Classpath: /opt/defects4j/framework/projects/lib/junit-4.12-hamcrest-1.3.jar:/work/Gson_14f/target/classes:/work/Gson_14f/target/test-classes:/opt/defects4j/framework/projects/Gson/lib/com/google/code/findbugs/jsr305/3.0.0/jsr305-3.0.0.jar:/opt/defects4j/framework/projects/lib/junit-4.12-hamcrest-1.3.jar:/opt/evosuite/evosuite-1.2.0.jar:/work/Gson_14f/target/classes:/work/Gson_14f/target/test-classes:/opt/defects4j/framework/projects/Gson/lib/com/google/code/findbugs/jsr305/3.0.0/jsr305-3.0.0.jar:/opt/defects4j/framework/projects/lib/junit-4.12-hamcrest-1.3.jar:/work/Gson_14f/target/classes:/work/Gson_14f/target/test-classes:/opt/defects4j/framework/projects/Gson/lib/com/google/code/findbugs/jsr305/3.0.0/jsr305-3.0.0.jar
[MASTER] 00:17:59.424 [logback-2] ERROR JUnitAnalyzer - evosuiteCP: /opt/defects4j/framework/projects/lib/junit-4.12-hamcrest-1.3.jar:/opt/evosuite/evosuite-1.2.0.jar:/work/Gson_14f/target/classes:/work/Gson_14f/target/test-classes:/opt/defects4j/framework/projects/Gson/lib/com/google/code/findbugs/jsr305/3.0.0/jsr305-3.0.0.jar:/opt/defects4j/framework/projects/lib/junit-4.12-hamcrest-1.3.jar:/work/Gson_14f/target/classes:/work/Gson_14f/target/test-classes:/opt/defects4j/framework/projects/Gson/lib/com/google/code/findbugs/jsr305/3.0.0/jsr305-3.0.0.jar
[MASTER] 00:17:59.424 [logback-2] ERROR JUnitAnalyzer - Diagnostic: illegal start of expression: 19
[MASTER] 00:17:59.425 [logback-2] ERROR JUnitAnalyzer - SimpleFileObject[/tmp/EvoSuite_16_1790061479408/com/google/gson/internal/$Gson$Types_16_tmp__ESTest.java]
1: /*
2:  * This file was automatically generated by EvoSuite
3:  * Tue Sep 22 07:17:59 GMT 2026
4:  */
5: 
6: package com.google.gson.internal;
7: 
8: import org.junit.Test;
9: import static org.junit.Assert.*;
10: import org.evosuite.runtime.EvoRunner;
11: import org.evosuite.runtime.EvoRunnerParameters;
12: import org.junit.runner.RunWith;
13: 
14: @RunWith(EvoRunner.class) @EvoRunnerParameters(mockJVMNonDeterminism = true, useVFS = true, useVNET = true, resetStaticState = true) 
15: public class $Gson$Types_16_tmp__ESTest extends $Gson$Types_16_tmp__ESTest_scaffolding {
16: 
17:   @Test(timeout = 4000)
18:   public void test0()  throws Throwable  {
19:       int int0 = .Gson.Types.hashCodeOrZero((Object) null);
20:       assertEquals(0, int0);
21:   }
22: }
SimpleFileObject[/tmp/EvoSuite_16_1790061479408/com/google/gson/internal/$Gson$Types_16_tmp__ESTest.java]
1: /**
2:  * Scaffolding file used to store all the setups needed to run 
3:  * tests automatically generated by EvoSuite
4:  * Tue Sep 22 07:17:59 GMT 2026
5:  */
6: 
7: package com.google.gson.internal;
8: 
9: import org.evosuite.runtime.annotation.EvoSuiteClassExclude;
10: import org.junit.BeforeClass;
11: import org.junit.Before;
12: import org.junit.After;
13: import org.junit.AfterClass;
14: import org.evosuite.runtime.sandbox.Sandbox;
15: import org.evosuite.runtime.sandbox.Sandbox.SandboxMode;
16: 
17: @EvoSuiteClassExclude
18: public class $Gson$Types_16_tmp__ESTest_scaffolding {
19: 
20:   @org.junit.Rule
21:   public org.evosuite.runtime.vnet.NonFunctionalRequirementRule nfr = new org.evosuite.runtime.vnet.NonFunctionalRequirementRule();
22: 
23:   private static final java.util.Properties defaultProperties = (java.util.Properties) java.lang.System.getProperties().clone(); 
24: 
25:   private org.evosuite.runtime.thread.ThreadStopper threadStopper =  new org.evosuite.runtime.thread.ThreadStopper (org.evosuite.runtime.thread.KillSwitchHandler.getInstance(), 3000);
26: 
27: 
28:   @BeforeClass
29:   public static void initEvoSuiteFramework() { 
30:     org.evosuite.runtime.RuntimeSettings.className = "com.google.gson.internal.$Gson$Types"; 
31:     org.evosuite.runtime.GuiSupport.initialize(); 
32:     org.evosuite.runtime.RuntimeSettings.maxNumberOfThreads = 100; 
33:     org.evosuite.runtime.RuntimeSettings.maxNumberOfIterationsPerLoop = 10000; 
34:     org.evosuite.runtime.RuntimeSettings.mockSystemIn = true; 
35:     org.evosuite.runtime.RuntimeSettings.sandboxMode = org.evosuite.runtime.sandbox.Sandbox.SandboxMode.RECOMMENDED; 
36:     org.evosuite.runtime.sandbox.Sandbox.initializeSecurityManagerForSUT(); 
37:     org.evosuite.runtime.classhandling.JDKClassResetter.init();
38:     setSystemProperties();
39:     initializeClasses();
40:     org.evosuite.runtime.Runtime.getInstance().resetRuntime(); 
41:   } 
42: 
43:   @AfterClass
44:   public static void clearEvoSuiteFramework(){ 
45:     Sandbox.resetDefaultSecurityManager(); 
46:     java.lang.System.setProperties((java.util.Properties) defaultProperties.clone()); 
47:   } 
48: 
49:   @Before
50:   public void initTestCase(){ 
51:     threadStopper.storeCurrentThreads();
52:     threadStopper.startRecordingTime();
53:     org.evosuite.runtime.jvm.ShutdownHookHandler.getInstance().initHandler(); 
54:     org.evosuite.runtime.sandbox.Sandbox.goingToExecuteSUTCode(); 
55:     setSystemProperties(); 
56:     org.evosuite.runtime.GuiSupport.setHeadless(); 
57:     org.evosuite.runtime.Runtime.getInstance().resetRuntime(); 
58:     org.evosuite.runtime.agent.InstrumentingAgent.activate(); 
59:   } 
60: 
61:   @After
62:   public void doneWithTestCase(){ 
63:     threadStopper.killAndJoinClientThreads();
64:     org.evosuite.runtime.jvm.ShutdownHookHandler.getInstance().safeExecuteAddedHooks(); 
65:     org.evosuite.runtime.classhandling.JDKClassResetter.reset(); 
66:     resetClasses(); 
67:     org.evosuite.runtime.sandbox.Sandbox.doneWithExecutingSUTCode(); 
68:     org.evosuite.runtime.agent.InstrumentingAgent.deactivate(); 
69:     org.evosuite.runtime.GuiSupport.restoreHeadlessMode(); 
70:   } 
71: 
72:   public static void setSystemProperties() {
73:  
74:     java.lang.System.setProperties((java.util.Properties) defaultProperties.clone()); 
75:     java.lang.System.setProperty("user.dir", "/work/Gson_14f"); 
76:     java.lang.System.setProperty("java.io.tmpdir", "/tmp"); 
77:   }
78: 
79:   private static void initializeClasses() {
80:     org.evosuite.runtime.classhandling.ClassStateSupport.initializeClasses($Gson$Types_16_tmp__ESTest_scaffolding.class.getClassLoader() ,
81:       "com.google.gson.internal.$Gson$Types",
82:       "com.google.gson.internal.$Gson$Preconditions",
83:       "com.google.gson.internal.$Gson$Types$WildcardTypeImpl",
84:       "com.google.gson.internal.$Gson$Types$ParameterizedTypeImpl",
85:       "com.google.gson.internal.$Gson$Types$GenericArrayTypeImpl"
86:     );
87:   } 
88: 
89:   private static void resetClasses() {
90:     org.evosuite.runtime.classhandling.ClassResetter.getInstance().setClassLoader($Gson$Types_16_tmp__ESTest_scaffolding.class.getClassLoader()); 
91: 
92:     org.evosuite.runtime.classhandling.ClassStateSupport.resetClasses(
93:       "com.google.gson.internal.$Gson$Types",
94:       "com.google.gson.internal.$Gson$Types$ParameterizedTypeImpl",
95:       "com.google.gson.internal.$Gson$Types$GenericArrayTypeImpl",
96:       "com.google.gson.internal.$Gson$Types$WildcardTypeImpl",
97:       "com.google.gson.internal.$Gson$Preconditions"
98:     );
99:   }
100: }

[MASTER] 00:17:59.425 [logback-2] ERROR JUnitAnalyzer - Failed to compile test case:
int int0 = .Gson.Types.hashCodeOrZero((Object) null);
assertEquals(0, int0);


[MASTER] 00:17:59.445 [logback-2] ERROR JUnitAnalyzer - Compilation failed on compilation units: [SimpleFileObject[/tmp/EvoSuite_17_1790061479426/com/google/gson/internal/$Gson$Types_17_tmp__ESTest.java], SimpleFileObject[/tmp/EvoSuite_17_1790061479426/com/google/gson/internal/$Gson$Types_17_tmp__ESTest_scaffolding.java]]
[MASTER] 00:17:59.445 [logback-2] ERROR JUnitAnalyzer - Classpath: /opt/defects4j/framework/projects/lib/junit-4.12-hamcrest-1.3.jar:/work/Gson_14f/target/classes:/work/Gson_14f/target/test-classes:/opt/defects4j/framework/projects/Gson/lib/com/google/code/findbugs/jsr305/3.0.0/jsr305-3.0.0.jar:/opt/defects4j/framework/projects/lib/junit-4.12-hamcrest-1.3.jar:/opt/evosuite/evosuite-1.2.0.jar:/work/Gson_14f/target/classes:/work/Gson_14f/target/test-classes:/opt/defects4j/framework/projects/Gson/lib/com/google/code/findbugs/jsr305/3.0.0/jsr305-3.0.0.jar:/opt/defects4j/framework/projects/lib/junit-4.12-hamcrest-1.3.jar:/work/Gson_14f/target/classes:/work/Gson_14f/target/test-classes:/opt/defects4j/framework/projects/Gson/lib/com/google/code/findbugs/jsr305/3.0.0/jsr305-3.0.0.jar
[MASTER] 00:17:59.445 [logback-2] ERROR JUnitAnalyzer - evosuiteCP: /opt/defects4j/framework/projects/lib/junit-4.12-hamcrest-1.3.jar:/opt/evosuite/evosuite-1.2.0.jar:/work/Gson_14f/target/classes:/work/Gson_14f/target/test-classes:/opt/defects4j/framework/projects/Gson/lib/com/google/code/findbugs/jsr305/3.0.0/jsr305-3.0.0.jar:/opt/defects4j/framework/projects/lib/junit-4.12-hamcrest-1.3.jar:/work/Gson_14f/target/classes:/work/Gson_14f/target/test-classes:/opt/defects4j/framework/projects/Gson/lib/com/google/code/findbugs/jsr305/3.0.0/jsr305-3.0.0.jar
[MASTER] 00:17:59.446 [logback-2] ERROR JUnitAnalyzer - Diagnostic: illegal start of expression: 24
[MASTER] 00:17:59.446 [logback-2] ERROR JUnitAnalyzer - SimpleFileObject[/tmp/EvoSuite_17_1790061479426/com/google/gson/internal/$Gson$Types_17_tmp__ESTest.java]
1: /*
2:  * This file was automatically generated by EvoSuite
3:  * Tue Sep 22 07:17:59 GMT 2026
4:  */
5: 
6: package com.google.gson.internal;
7: 
8: import org.junit.Test;
9: import static org.junit.Assert.*;
10: import java.lang.reflect.Type;
11: import java.util.Properties;
12: import org.evosuite.runtime.EvoRunner;
13: import org.evosuite.runtime.EvoRunnerParameters;
14: import org.junit.runner.RunWith;
15: 
16: @RunWith(EvoRunner.class) @EvoRunnerParameters(mockJVMNonDeterminism = true, useVFS = true, useVNET = true, resetStaticState = true) 
17: public class $Gson$Types_17_tmp__ESTest extends $Gson$Types_17_tmp__ESTest_scaffolding {
18: 
19:   @Test(timeout = 4000)
20:   public void test0()  throws Throwable  {
21:       Class<Properties> class0 = Properties.class;
22:       Class<Object> class1 = Object.class;
23:       Class class2 = (Class).Gson.Types.getGenericSupertype((Type) null, class0, class1);
24:       int int0 = .Gson.Types.hashCodeOrZero(class2);
25:       assertEquals("class java.lang.Object", class2.toString());
26:       assertEquals(1, int0);
27:   }
28: }
SimpleFileObject[/tmp/EvoSuite_17_1790061479426/com/google/gson/internal/$Gson$Types_17_tmp__ESTest.java]
1: /**
2:  * Scaffolding file used to store all the setups needed to run 
3:  * tests automatically generated by EvoSuite
4:  * Tue Sep 22 07:17:59 GMT 2026
5:  */
6: 
7: package com.google.gson.internal;
8: 
9: import org.evosuite.runtime.annotation.EvoSuiteClassExclude;
10: import org.junit.BeforeClass;
11: import org.junit.Before;
12: import org.junit.After;
13: import org.junit.AfterClass;
14: import org.evosuite.runtime.sandbox.Sandbox;
15: import org.evosuite.runtime.sandbox.Sandbox.SandboxMode;
16: 
17: @EvoSuiteClassExclude
18: public class $Gson$Types_17_tmp__ESTest_scaffolding {
19: 
20:   @org.junit.Rule
21:   public org.evosuite.runtime.vnet.NonFunctionalRequirementRule nfr = new org.evosuite.runtime.vnet.NonFunctionalRequirementRule();
22: 
23:   private static final java.util.Properties defaultProperties = (java.util.Properties) java.lang.System.getProperties().clone(); 
24: 
25:   private org.evosuite.runtime.thread.ThreadStopper threadStopper =  new org.evosuite.runtime.thread.ThreadStopper (org.evosuite.runtime.thread.KillSwitchHandler.getInstance(), 3000);
26: 
27: 
28:   @BeforeClass
29:   public static void initEvoSuiteFramework() { 
30:     org.evosuite.runtime.RuntimeSettings.className = "com.google.gson.internal.$Gson$Types"; 
31:     org.evosuite.runtime.GuiSupport.initialize(); 
32:     org.evosuite.runtime.RuntimeSettings.maxNumberOfThreads = 100; 
33:     org.evosuite.runtime.RuntimeSettings.maxNumberOfIterationsPerLoop = 10000; 
34:     org.evosuite.runtime.RuntimeSettings.mockSystemIn = true; 
35:     org.evosuite.runtime.RuntimeSettings.sandboxMode = org.evosuite.runtime.sandbox.Sandbox.SandboxMode.RECOMMENDED; 
36:     org.evosuite.runtime.sandbox.Sandbox.initializeSecurityManagerForSUT(); 
37:     org.evosuite.runtime.classhandling.JDKClassResetter.init();
38:     setSystemProperties();
39:     initializeClasses();
40:     org.evosuite.runtime.Runtime.getInstance().resetRuntime(); 
41:   } 
42: 
43:   @AfterClass
44:   public static void clearEvoSuiteFramework(){ 
45:     Sandbox.resetDefaultSecurityManager(); 
46:     java.lang.System.setProperties((java.util.Properties) defaultProperties.clone()); 
47:   } 
48: 
49:   @Before
50:   public void initTestCase(){ 
51:     threadStopper.storeCurrentThreads();
52:     threadStopper.startRecordingTime();
53:     org.evosuite.runtime.jvm.ShutdownHookHandler.getInstance().initHandler(); 
54:     org.evosuite.runtime.sandbox.Sandbox.goingToExecuteSUTCode(); 
55:     setSystemProperties(); 
56:     org.evosuite.runtime.GuiSupport.setHeadless(); 
57:     org.evosuite.runtime.Runtime.getInstance().resetRuntime(); 
58:     org.evosuite.runtime.agent.InstrumentingAgent.activate(); 
59:   } 
60: 
61:   @After
62:   public void doneWithTestCase(){ 
63:     threadStopper.killAndJoinClientThreads();
64:     org.evosuite.runtime.jvm.ShutdownHookHandler.getInstance().safeExecuteAddedHooks(); 
65:     org.evosuite.runtime.classhandling.JDKClassResetter.reset(); 
66:     resetClasses(); 
67:     org.evosuite.runtime.sandbox.Sandbox.doneWithExecutingSUTCode(); 
68:     org.evosuite.runtime.agent.InstrumentingAgent.deactivate(); 
69:     org.evosuite.runtime.GuiSupport.restoreHeadlessMode(); 
70:   } 
71: 
72:   public static void setSystemProperties() {
73:  
74:     java.lang.System.setProperties((java.util.Properties) defaultProperties.clone()); 
75:     java.lang.System.setProperty("user.dir", "/work/Gson_14f"); 
76:     java.lang.System.setProperty("java.io.tmpdir", "/tmp"); 
77:   }
78: 
79:   private static void initializeClasses() {
80:     org.evosuite.runtime.classhandling.ClassStateSupport.initializeClasses($Gson$Types_17_tmp__ESTest_scaffolding.class.getClassLoader() ,
81:       "com.google.gson.internal.$Gson$Types",
82:       "com.google.gson.internal.$Gson$Preconditions",
83:       "com.google.gson.internal.$Gson$Types$WildcardTypeImpl",
84:       "com.google.gson.internal.$Gson$Types$ParameterizedTypeImpl",
85:       "com.google.gson.internal.$Gson$Types$GenericArrayTypeImpl"
86:     );
87:   } 
88: 
89:   private static void resetClasses() {
90:     org.evosuite.runtime.classhandling.ClassResetter.getInstance().setClassLoader($Gson$Types_17_tmp__ESTest_scaffolding.class.getClassLoader()); 
91: 
92:     org.evosuite.runtime.classhandling.ClassStateSupport.resetClasses(
93:       "com.google.gson.internal.$Gson$Types",
94:       "com.google.gson.internal.$Gson$Types$ParameterizedTypeImpl",
95:       "com.google.gson.internal.$Gson$Types$GenericArrayTypeImpl",
96:       "com.google.gson.internal.$Gson$Types$WildcardTypeImpl",
97:       "com.google.gson.internal.$Gson$Preconditions"
98:     );
99:   }
100: }

[MASTER] 00:17:59.446 [logback-2] ERROR JUnitAnalyzer - Failed to compile test case:
Class<Properties> class0 = Properties.class;
Class<Object> class1 = Object.class;
Class class2 = (Class).Gson.Types.getGenericSupertype((Type) null, class0, class1);
int int0 = .Gson.Types.hashCodeOrZero(class2);
assertEquals("class java.lang.Object", class2.toString());
assertEquals(1, int0);


[MASTER] 00:17:59.465 [logback-2] ERROR JUnitAnalyzer - Compilation failed on compilation units: [SimpleFileObject[/tmp/EvoSuite_18_1790061479447/com/google/gson/internal/$Gson$Types_18_tmp__ESTest.java], SimpleFileObject[/tmp/EvoSuite_18_1790061479447/com/google/gson/internal/$Gson$Types_18_tmp__ESTest_scaffolding.java]]
[MASTER] 00:17:59.465 [logback-2] ERROR JUnitAnalyzer - Classpath: /opt/defects4j/framework/projects/lib/junit-4.12-hamcrest-1.3.jar:/work/Gson_14f/target/classes:/work/Gson_14f/target/test-classes:/opt/defects4j/framework/projects/Gson/lib/com/google/code/findbugs/jsr305/3.0.0/jsr305-3.0.0.jar:/opt/defects4j/framework/projects/lib/junit-4.12-hamcrest-1.3.jar:/opt/evosuite/evosuite-1.2.0.jar:/work/Gson_14f/target/classes:/work/Gson_14f/target/test-classes:/opt/defects4j/framework/projects/Gson/lib/com/google/code/findbugs/jsr305/3.0.0/jsr305-3.0.0.jar:/opt/defects4j/framework/projects/lib/junit-4.12-hamcrest-1.3.jar:/work/Gson_14f/target/classes:/work/Gson_14f/target/test-classes:/opt/defects4j/framework/projects/Gson/lib/com/google/code/findbugs/jsr305/3.0.0/jsr305-3.0.0.jar
[MASTER] 00:17:59.465 [logback-2] ERROR JUnitAnalyzer - evosuiteCP: /opt/defects4j/framework/projects/lib/junit-4.12-hamcrest-1.3.jar:/opt/evosuite/evosuite-1.2.0.jar:/work/Gson_14f/target/classes:/work/Gson_14f/target/test-classes:/opt/defects4j/framework/projects/Gson/lib/com/google/code/findbugs/jsr305/3.0.0/jsr305-3.0.0.jar:/opt/defects4j/framework/projects/lib/junit-4.12-hamcrest-1.3.jar:/work/Gson_14f/target/classes:/work/Gson_14f/target/test-classes:/opt/defects4j/framework/projects/Gson/lib/com/google/code/findbugs/jsr305/3.0.0/jsr305-3.0.0.jar
[MASTER] 00:17:59.465 [logback-2] ERROR JUnitAnalyzer - Diagnostic: illegal start of expression: 22
[MASTER] 00:17:59.466 [logback-2] ERROR JUnitAnalyzer - Diagnostic: illegal start of expression: 23
[MASTER] 00:17:59.466 [logback-2] ERROR JUnitAnalyzer - SimpleFileObject[/tmp/EvoSuite_18_1790061479447/com/google/gson/internal/$Gson$Types_18_tmp__ESTest.java]
1: /*
2:  * This file was automatically generated by EvoSuite
3:  * Tue Sep 22 07:17:59 GMT 2026
4:  */
5: 
6: package com.google.gson.internal;
7: 
8: import org.junit.Test;
9: import static org.junit.Assert.*;
10: import java.lang.reflect.Type;
11: import java.util.Properties;
12: import org.evosuite.runtime.EvoRunner;
13: import org.evosuite.runtime.EvoRunnerParameters;
14: import org.junit.runner.RunWith;
15: 
16: @RunWith(EvoRunner.class) @EvoRunnerParameters(mockJVMNonDeterminism = true, useVFS = true, useVNET = true, resetStaticState = true) 
17: public class $Gson$Types_18_tmp__ESTest extends $Gson$Types_18_tmp__ESTest_scaffolding {
18: 
19:   @Test(timeout = 4000)
20:   public void test0()  throws Throwable  {
21:       Class<Properties> class0 = Properties.class;
22:       Type type0 = .Gson.Types.resolve((Type) null, class0, class0);
23:       String string0 = .Gson.Types.typeToString(type0);
24:       assertEquals("java.util.Properties", string0);
25:   }
26: }
SimpleFileObject[/tmp/EvoSuite_18_1790061479447/com/google/gson/internal/$Gson$Types_18_tmp__ESTest.java]
1: /**
2:  * Scaffolding file used to store all the setups needed to run 
3:  * tests automatically generated by EvoSuite
4:  * Tue Sep 22 07:17:59 GMT 2026
5:  */
6: 
7: package com.google.gson.internal;
8: 
9: import org.evosuite.runtime.annotation.EvoSuiteClassExclude;
10: import org.junit.BeforeClass;
11: import org.junit.Before;
12: import org.junit.After;
13: import org.junit.AfterClass;
14: import org.evosuite.runtime.sandbox.Sandbox;
15: import org.evosuite.runtime.sandbox.Sandbox.SandboxMode;
16: 
17: @EvoSuiteClassExclude
18: public class $Gson$Types_18_tmp__ESTest_scaffolding {
19: 
20:   @org.junit.Rule
21:   public org.evosuite.runtime.vnet.NonFunctionalRequirementRule nfr = new org.evosuite.runtime.vnet.NonFunctionalRequirementRule();
22: 
23:   private static final java.util.Properties defaultProperties = (java.util.Properties) java.lang.System.getProperties().clone(); 
24: 
25:   private org.evosuite.runtime.thread.ThreadStopper threadStopper =  new org.evosuite.runtime.thread.ThreadStopper (org.evosuite.runtime.thread.KillSwitchHandler.getInstance(), 3000);
26: 
27: 
28:   @BeforeClass
29:   public static void initEvoSuiteFramework() { 
30:     org.evosuite.runtime.RuntimeSettings.className = "com.google.gson.internal.$Gson$Types"; 
31:     org.evosuite.runtime.GuiSupport.initialize(); 
32:     org.evosuite.runtime.RuntimeSettings.maxNumberOfThreads = 100; 
33:     org.evosuite.runtime.RuntimeSettings.maxNumberOfIterationsPerLoop = 10000; 
34:     org.evosuite.runtime.RuntimeSettings.mockSystemIn = true; 
35:     org.evosuite.runtime.RuntimeSettings.sandboxMode = org.evosuite.runtime.sandbox.Sandbox.SandboxMode.RECOMMENDED; 
36:     org.evosuite.runtime.sandbox.Sandbox.initializeSecurityManagerForSUT(); 
37:     org.evosuite.runtime.classhandling.JDKClassResetter.init();
38:     setSystemProperties();
39:     initializeClasses();
40:     org.evosuite.runtime.Runtime.getInstance().resetRuntime(); 
41:   } 
42: 
43:   @AfterClass
44:   public static void clearEvoSuiteFramework(){ 
45:     Sandbox.resetDefaultSecurityManager(); 
46:     java.lang.System.setProperties((java.util.Properties) defaultProperties.clone()); 
47:   } 
48: 
49:   @Before
50:   public void initTestCase(){ 
51:     threadStopper.storeCurrentThreads();
52:     threadStopper.startRecordingTime();
53:     org.evosuite.runtime.jvm.ShutdownHookHandler.getInstance().initHandler(); 
54:     org.evosuite.runtime.sandbox.Sandbox.goingToExecuteSUTCode(); 
55:     setSystemProperties(); 
56:     org.evosuite.runtime.GuiSupport.setHeadless(); 
57:     org.evosuite.runtime.Runtime.getInstance().resetRuntime(); 
58:     org.evosuite.runtime.agent.InstrumentingAgent.activate(); 
59:   } 
60: 
61:   @After
62:   public void doneWithTestCase(){ 
63:     threadStopper.killAndJoinClientThreads();
64:     org.evosuite.runtime.jvm.ShutdownHookHandler.getInstance().safeExecuteAddedHooks(); 
65:     org.evosuite.runtime.classhandling.JDKClassResetter.reset(); 
66:     resetClasses(); 
67:     org.evosuite.runtime.sandbox.Sandbox.doneWithExecutingSUTCode(); 
68:     org.evosuite.runtime.agent.InstrumentingAgent.deactivate(); 
69:     org.evosuite.runtime.GuiSupport.restoreHeadlessMode(); 
70:   } 
71: 
72:   public static void setSystemProperties() {
73:  
74:     java.lang.System.setProperties((java.util.Properties) defaultProperties.clone()); 
75:     java.lang.System.setProperty("user.dir", "/work/Gson_14f"); 
76:     java.lang.System.setProperty("java.io.tmpdir", "/tmp"); 
77:   }
78: 
79:   private static void initializeClasses() {
80:     org.evosuite.runtime.classhandling.ClassStateSupport.initializeClasses($Gson$Types_18_tmp__ESTest_scaffolding.class.getClassLoader() ,
81:       "com.google.gson.internal.$Gson$Types",
82:       "com.google.gson.internal.$Gson$Preconditions",
83:       "com.google.gson.internal.$Gson$Types$WildcardTypeImpl",
84:       "com.google.gson.internal.$Gson$Types$ParameterizedTypeImpl",
85:       "com.google.gson.internal.$Gson$Types$GenericArrayTypeImpl"
86:     );
87:   } 
88: 
89:   private static void resetClasses() {
90:     org.evosuite.runtime.classhandling.ClassResetter.getInstance().setClassLoader($Gson$Types_18_tmp__ESTest_scaffolding.class.getClassLoader()); 
91: 
92:     org.evosuite.runtime.classhandling.ClassStateSupport.resetClasses(
93:       "com.google.gson.internal.$Gson$Types",
94:       "com.google.gson.internal.$Gson$Types$ParameterizedTypeImpl",
95:       "com.google.gson.internal.$Gson$Types$GenericArrayTypeImpl",
96:       "com.google.gson.internal.$Gson$Types$WildcardTypeImpl",
97:       "com.google.gson.internal.$Gson$Preconditions"
98:     );
99:   }
100: }

[MASTER] 00:17:59.466 [logback-2] ERROR JUnitAnalyzer - Failed to compile test case:
Class<Properties> class0 = Properties.class;
Type type0 = .Gson.Types.resolve((Type) null, class0, class0);
String string0 = .Gson.Types.typeToString(type0);
assertEquals("java.util.Properties", string0);


[MASTER] 00:17:59.484 [logback-2] ERROR JUnitAnalyzer - Compilation failed on compilation units: [SimpleFileObject[/tmp/EvoSuite_19_1790061479467/com/google/gson/internal/$Gson$Types_19_tmp__ESTest.java], SimpleFileObject[/tmp/EvoSuite_19_1790061479467/com/google/gson/internal/$Gson$Types_19_tmp__ESTest_scaffolding.java]]
[MASTER] 00:17:59.484 [logback-2] ERROR JUnitAnalyzer - Classpath: /opt/defects4j/framework/projects/lib/junit-4.12-hamcrest-1.3.jar:/work/Gson_14f/target/classes:/work/Gson_14f/target/test-classes:/opt/defects4j/framework/projects/Gson/lib/com/google/code/findbugs/jsr305/3.0.0/jsr305-3.0.0.jar:/opt/defects4j/framework/projects/lib/junit-4.12-hamcrest-1.3.jar:/opt/evosuite/evosuite-1.2.0.jar:/work/Gson_14f/target/classes:/work/Gson_14f/target/test-classes:/opt/defects4j/framework/projects/Gson/lib/com/google/code/findbugs/jsr305/3.0.0/jsr305-3.0.0.jar:/opt/defects4j/framework/projects/lib/junit-4.12-hamcrest-1.3.jar:/work/Gson_14f/target/classes:/work/Gson_14f/target/test-classes:/opt/defects4j/framework/projects/Gson/lib/com/google/code/findbugs/jsr305/3.0.0/jsr305-3.0.0.jar
[MASTER] 00:17:59.484 [logback-2] ERROR JUnitAnalyzer - evosuiteCP: /opt/defects4j/framework/projects/lib/junit-4.12-hamcrest-1.3.jar:/opt/evosuite/evosuite-1.2.0.jar:/work/Gson_14f/target/classes:/work/Gson_14f/target/test-classes:/opt/defects4j/framework/projects/Gson/lib/com/google/code/findbugs/jsr305/3.0.0/jsr305-3.0.0.jar:/opt/defects4j/framework/projects/lib/junit-4.12-hamcrest-1.3.jar:/work/Gson_14f/target/classes:/work/Gson_14f/target/test-classes:/opt/defects4j/framework/projects/Gson/lib/com/google/code/findbugs/jsr305/3.0.0/jsr305-3.0.0.jar
[MASTER] 00:17:59.484 [logback-2] ERROR JUnitAnalyzer - Diagnostic: illegal start of expression: 24
[MASTER] 00:17:59.485 [logback-2] ERROR JUnitAnalyzer - SimpleFileObject[/tmp/EvoSuite_19_1790061479467/com/google/gson/internal/$Gson$Types_19_tmp__ESTest.java]
1: /*
2:  * This file was automatically generated by EvoSuite
3:  * Tue Sep 22 07:17:59 GMT 2026
4:  */
5: 
6: package com.google.gson.internal;
7: 
8: import org.junit.Test;
9: import static org.junit.Assert.*;
10: import java.io.DataInputStream;
11: import java.lang.reflect.Type;
12: import java.util.Properties;
13: import org.evosuite.runtime.EvoRunner;
14: import org.evosuite.runtime.EvoRunnerParameters;
15: import org.junit.runner.RunWith;
16: 
17: @RunWith(EvoRunner.class) @EvoRunnerParameters(mockJVMNonDeterminism = true, useVFS = true, useVNET = true, resetStaticState = true) 
18: public class $Gson$Types_19_tmp__ESTest extends $Gson$Types_19_tmp__ESTest_scaffolding {
19: 
20:   @Test(timeout = 4000)
21:   public void test0()  throws Throwable  {
22:       Class<Properties> class0 = Properties.class;
23:       Class<DataInputStream> class1 = DataInputStream.class;
24:       Type type0 = .Gson.Types.canonicalize(class0);
25:       Class class2 = (Class).Gson.Types.getGenericSupertype(type0, class1, class0);
26:       assertEquals("class java.util.Properties", class2.toString());
27:   }
28: }
SimpleFileObject[/tmp/EvoSuite_19_1790061479467/com/google/gson/internal/$Gson$Types_19_tmp__ESTest.java]
1: /**
2:  * Scaffolding file used to store all the setups needed to run 
3:  * tests automatically generated by EvoSuite
4:  * Tue Sep 22 07:17:59 GMT 2026
5:  */
6: 
7: package com.google.gson.internal;
8: 
9: import org.evosuite.runtime.annotation.EvoSuiteClassExclude;
10: import org.junit.BeforeClass;
11: import org.junit.Before;
12: import org.junit.After;
13: import org.junit.AfterClass;
14: import org.evosuite.runtime.sandbox.Sandbox;
15: import org.evosuite.runtime.sandbox.Sandbox.SandboxMode;
16: 
17: @EvoSuiteClassExclude
18: public class $Gson$Types_19_tmp__ESTest_scaffolding {
19: 
20:   @org.junit.Rule
21:   public org.evosuite.runtime.vnet.NonFunctionalRequirementRule nfr = new org.evosuite.runtime.vnet.NonFunctionalRequirementRule();
22: 
23:   private static final java.util.Properties defaultProperties = (java.util.Properties) java.lang.System.getProperties().clone(); 
24: 
25:   private org.evosuite.runtime.thread.ThreadStopper threadStopper =  new org.evosuite.runtime.thread.ThreadStopper (org.evosuite.runtime.thread.KillSwitchHandler.getInstance(), 3000);
26: 
27: 
28:   @BeforeClass
29:   public static void initEvoSuiteFramework() { 
30:     org.evosuite.runtime.RuntimeSettings.className = "com.google.gson.internal.$Gson$Types"; 
31:     org.evosuite.runtime.GuiSupport.initialize(); 
32:     org.evosuite.runtime.RuntimeSettings.maxNumberOfThreads = 100; 
33:     org.evosuite.runtime.RuntimeSettings.maxNumberOfIterationsPerLoop = 10000; 
34:     org.evosuite.runtime.RuntimeSettings.mockSystemIn = true; 
35:     org.evosuite.runtime.RuntimeSettings.sandboxMode = org.evosuite.runtime.sandbox.Sandbox.SandboxMode.RECOMMENDED; 
36:     org.evosuite.runtime.sandbox.Sandbox.initializeSecurityManagerForSUT(); 
37:     org.evosuite.runtime.classhandling.JDKClassResetter.init();
38:     setSystemProperties();
39:     initializeClasses();
40:     org.evosuite.runtime.Runtime.getInstance().resetRuntime(); 
41:   } 
42: 
43:   @AfterClass
44:   public static void clearEvoSuiteFramework(){ 
45:     Sandbox.resetDefaultSecurityManager(); 
46:     java.lang.System.setProperties((java.util.Properties) defaultProperties.clone()); 
47:   } 
48: 
49:   @Before
50:   public void initTestCase(){ 
51:     threadStopper.storeCurrentThreads();
52:     threadStopper.startRecordingTime();
53:     org.evosuite.runtime.jvm.ShutdownHookHandler.getInstance().initHandler(); 
54:     org.evosuite.runtime.sandbox.Sandbox.goingToExecuteSUTCode(); 
55:     setSystemProperties(); 
56:     org.evosuite.runtime.GuiSupport.setHeadless(); 
57:     org.evosuite.runtime.Runtime.getInstance().resetRuntime(); 
58:     org.evosuite.runtime.agent.InstrumentingAgent.activate(); 
59:   } 
60: 
61:   @After
62:   public void doneWithTestCase(){ 
63:     threadStopper.killAndJoinClientThreads();
64:     org.evosuite.runtime.jvm.ShutdownHookHandler.getInstance().safeExecuteAddedHooks(); 
65:     org.evosuite.runtime.classhandling.JDKClassResetter.reset(); 
66:     resetClasses(); 
67:     org.evosuite.runtime.sandbox.Sandbox.doneWithExecutingSUTCode(); 
68:     org.evosuite.runtime.agent.InstrumentingAgent.deactivate(); 
69:     org.evosuite.runtime.GuiSupport.restoreHeadlessMode(); 
70:   } 
71: 
72:   public static void setSystemProperties() {
73:  
74:     java.lang.System.setProperties((java.util.Properties) defaultProperties.clone()); 
75:     java.lang.System.setProperty("user.dir", "/work/Gson_14f"); 
76:     java.lang.System.setProperty("java.io.tmpdir", "/tmp"); 
77:   }
78: 
79:   private static void initializeClasses() {
80:     org.evosuite.runtime.classhandling.ClassStateSupport.initializeClasses($Gson$Types_19_tmp__ESTest_scaffolding.class.getClassLoader() ,
81:       "com.google.gson.internal.$Gson$Types",
82:       "com.google.gson.internal.$Gson$Preconditions",
83:       "com.google.gson.internal.$Gson$Types$WildcardTypeImpl",
84:       "com.google.gson.internal.$Gson$Types$ParameterizedTypeImpl",
85:       "com.google.gson.internal.$Gson$Types$GenericArrayTypeImpl"
86:     );
87:   } 
88: 
89:   private static void resetClasses() {
90:     org.evosuite.runtime.classhandling.ClassResetter.getInstance().setClassLoader($Gson$Types_19_tmp__ESTest_scaffolding.class.getClassLoader()); 
91: 
92:     org.evosuite.runtime.classhandling.ClassStateSupport.resetClasses(
93:       "com.google.gson.internal.$Gson$Types",
94:       "com.google.gson.internal.$Gson$Types$ParameterizedTypeImpl",
95:       "com.google.gson.internal.$Gson$Types$GenericArrayTypeImpl",
96:       "com.google.gson.internal.$Gson$Types$WildcardTypeImpl",
97:       "com.google.gson.internal.$Gson$Preconditions"
98:     );
99:   }
100: }

[MASTER] 00:17:59.485 [logback-2] ERROR JUnitAnalyzer - Failed to compile test case:
Class<Properties> class0 = Properties.class;
Class<DataInputStream> class1 = DataInputStream.class;
Type type0 = .Gson.Types.canonicalize(class0);
Class class2 = (Class).Gson.Types.getGenericSupertype(type0, class1, class0);
assertEquals("class java.util.Properties", class2.toString());


[MASTER] 00:17:59.504 [logback-2] ERROR JUnitAnalyzer - Compilation failed on compilation units: [SimpleFileObject[/tmp/EvoSuite_20_1790061479486/com/google/gson/internal/$Gson$Types_20_tmp__ESTest.java], SimpleFileObject[/tmp/EvoSuite_20_1790061479486/com/google/gson/internal/$Gson$Types_20_tmp__ESTest_scaffolding.java]]
[MASTER] 00:17:59.504 [logback-2] ERROR JUnitAnalyzer - Classpath: /opt/defects4j/framework/projects/lib/junit-4.12-hamcrest-1.3.jar:/work/Gson_14f/target/classes:/work/Gson_14f/target/test-classes:/opt/defects4j/framework/projects/Gson/lib/com/google/code/findbugs/jsr305/3.0.0/jsr305-3.0.0.jar:/opt/defects4j/framework/projects/lib/junit-4.12-hamcrest-1.3.jar:/opt/evosuite/evosuite-1.2.0.jar:/work/Gson_14f/target/classes:/work/Gson_14f/target/test-classes:/opt/defects4j/framework/projects/Gson/lib/com/google/code/findbugs/jsr305/3.0.0/jsr305-3.0.0.jar:/opt/defects4j/framework/projects/lib/junit-4.12-hamcrest-1.3.jar:/work/Gson_14f/target/classes:/work/Gson_14f/target/test-classes:/opt/defects4j/framework/projects/Gson/lib/com/google/code/findbugs/jsr305/3.0.0/jsr305-3.0.0.jar
[MASTER] 00:17:59.504 [logback-2] ERROR JUnitAnalyzer - evosuiteCP: /opt/defects4j/framework/projects/lib/junit-4.12-hamcrest-1.3.jar:/opt/evosuite/evosuite-1.2.0.jar:/work/Gson_14f/target/classes:/work/Gson_14f/target/test-classes:/opt/defects4j/framework/projects/Gson/lib/com/google/code/findbugs/jsr305/3.0.0/jsr305-3.0.0.jar:/opt/defects4j/framework/projects/lib/junit-4.12-hamcrest-1.3.jar:/work/Gson_14f/target/classes:/work/Gson_14f/target/test-classes:/opt/defects4j/framework/projects/Gson/lib/com/google/code/findbugs/jsr305/3.0.0/jsr305-3.0.0.jar
[MASTER] 00:17:59.504 [logback-2] ERROR JUnitAnalyzer - Diagnostic: illegal start of expression: 22
[MASTER] 00:17:59.504 [logback-2] ERROR JUnitAnalyzer - SimpleFileObject[/tmp/EvoSuite_20_1790061479486/com/google/gson/internal/$Gson$Types_20_tmp__ESTest.java]
1: /*
2:  * This file was automatically generated by EvoSuite
3:  * Tue Sep 22 07:17:59 GMT 2026
4:  */
5: 
6: package com.google.gson.internal;
7: 
8: import org.junit.Test;
9: import static org.junit.Assert.*;
10: import java.lang.reflect.GenericArrayType;
11: import java.util.Properties;
12: import org.evosuite.runtime.EvoRunner;
13: import org.evosuite.runtime.EvoRunnerParameters;
14: import org.junit.runner.RunWith;
15: 
16: @RunWith(EvoRunner.class) @EvoRunnerParameters(mockJVMNonDeterminism = true, useVFS = true, useVNET = true, resetStaticState = true) 
17: public class $Gson$Types_20_tmp__ESTest extends $Gson$Types_20_tmp__ESTest_scaffolding {
18: 
19:   @Test(timeout = 4000)
20:   public void test0()  throws Throwable  {
21:       Class<Properties> class0 = Properties.class;
22:       GenericArrayType genericArrayType0 = .Gson.Types.arrayOf(class0);
23:       Class class1 = (Class).Gson.Types.getArrayComponentType(genericArrayType0);
24:       assertFalse(class1.isInterface());
25:   }
26: }
SimpleFileObject[/tmp/EvoSuite_20_1790061479486/com/google/gson/internal/$Gson$Types_20_tmp__ESTest.java]
1: /**
2:  * Scaffolding file used to store all the setups needed to run 
3:  * tests automatically generated by EvoSuite
4:  * Tue Sep 22 07:17:59 GMT 2026
5:  */
6: 
7: package com.google.gson.internal;
8: 
9: import org.evosuite.runtime.annotation.EvoSuiteClassExclude;
10: import org.junit.BeforeClass;
11: import org.junit.Before;
12: import org.junit.After;
13: import org.junit.AfterClass;
14: import org.evosuite.runtime.sandbox.Sandbox;
15: import org.evosuite.runtime.sandbox.Sandbox.SandboxMode;
16: 
17: @EvoSuiteClassExclude
18: public class $Gson$Types_20_tmp__ESTest_scaffolding {
19: 
20:   @org.junit.Rule
21:   public org.evosuite.runtime.vnet.NonFunctionalRequirementRule nfr = new org.evosuite.runtime.vnet.NonFunctionalRequirementRule();
22: 
23:   private static final java.util.Properties defaultProperties = (java.util.Properties) java.lang.System.getProperties().clone(); 
24: 
25:   private org.evosuite.runtime.thread.ThreadStopper threadStopper =  new org.evosuite.runtime.thread.ThreadStopper (org.evosuite.runtime.thread.KillSwitchHandler.getInstance(), 3000);
26: 
27: 
28:   @BeforeClass
29:   public static void initEvoSuiteFramework() { 
30:     org.evosuite.runtime.RuntimeSettings.className = "com.google.gson.internal.$Gson$Types"; 
31:     org.evosuite.runtime.GuiSupport.initialize(); 
32:     org.evosuite.runtime.RuntimeSettings.maxNumberOfThreads = 100; 
33:     org.evosuite.runtime.RuntimeSettings.maxNumberOfIterationsPerLoop = 10000; 
34:     org.evosuite.runtime.RuntimeSettings.mockSystemIn = true; 
35:     org.evosuite.runtime.RuntimeSettings.sandboxMode = org.evosuite.runtime.sandbox.Sandbox.SandboxMode.RECOMMENDED; 
36:     org.evosuite.runtime.sandbox.Sandbox.initializeSecurityManagerForSUT(); 
37:     org.evosuite.runtime.classhandling.JDKClassResetter.init();
38:     setSystemProperties();
39:     initializeClasses();
40:     org.evosuite.runtime.Runtime.getInstance().resetRuntime(); 
41:   } 
42: 
43:   @AfterClass
44:   public static void clearEvoSuiteFramework(){ 
45:     Sandbox.resetDefaultSecurityManager(); 
46:     java.lang.System.setProperties((java.util.Properties) defaultProperties.clone()); 
47:   } 
48: 
49:   @Before
50:   public void initTestCase(){ 
51:     threadStopper.storeCurrentThreads();
52:     threadStopper.startRecordingTime();
53:     org.evosuite.runtime.jvm.ShutdownHookHandler.getInstance().initHandler(); 
54:     org.evosuite.runtime.sandbox.Sandbox.goingToExecuteSUTCode(); 
55:     setSystemProperties(); 
56:     org.evosuite.runtime.GuiSupport.setHeadless(); 
57:     org.evosuite.runtime.Runtime.getInstance().resetRuntime(); 
58:     org.evosuite.runtime.agent.InstrumentingAgent.activate(); 
59:   } 
60: 
61:   @After
62:   public void doneWithTestCase(){ 
63:     threadStopper.killAndJoinClientThreads();
64:     org.evosuite.runtime.jvm.ShutdownHookHandler.getInstance().safeExecuteAddedHooks(); 
65:     org.evosuite.runtime.classhandling.JDKClassResetter.reset(); 
66:     resetClasses(); 
67:     org.evosuite.runtime.sandbox.Sandbox.doneWithExecutingSUTCode(); 
68:     org.evosuite.runtime.agent.InstrumentingAgent.deactivate(); 
69:     org.evosuite.runtime.GuiSupport.restoreHeadlessMode(); 
70:   } 
71: 
72:   public static void setSystemProperties() {
73:  
74:     java.lang.System.setProperties((java.util.Properties) defaultProperties.clone()); 
75:     java.lang.System.setProperty("user.dir", "/work/Gson_14f"); 
76:     java.lang.System.setProperty("java.io.tmpdir", "/tmp"); 
77:   }
78: 
79:   private static void initializeClasses() {
80:     org.evosuite.runtime.classhandling.ClassStateSupport.initializeClasses($Gson$Types_20_tmp__ESTest_scaffolding.class.getClassLoader() ,
81:       "com.google.gson.internal.$Gson$Types",
82:       "com.google.gson.internal.$Gson$Preconditions",
83:       "com.google.gson.internal.$Gson$Types$WildcardTypeImpl",
84:       "com.google.gson.internal.$Gson$Types$ParameterizedTypeImpl",
85:       "com.google.gson.internal.$Gson$Types$GenericArrayTypeImpl"
86:     );
87:   } 
88: 
89:   private static void resetClasses() {
90:     org.evosuite.runtime.classhandling.ClassResetter.getInstance().setClassLoader($Gson$Types_20_tmp__ESTest_scaffolding.class.getClassLoader()); 
91: 
92:     org.evosuite.runtime.classhandling.ClassStateSupport.resetClasses(
93:       "com.google.gson.internal.$Gson$Types",
94:       "com.google.gson.internal.$Gson$Types$ParameterizedTypeImpl",
95:       "com.google.gson.internal.$Gson$Types$GenericArrayTypeImpl",
96:       "com.google.gson.internal.$Gson$Types$WildcardTypeImpl",
97:       "com.google.gson.internal.$Gson$Preconditions"
98:     );
99:   }
100: }

[MASTER] 00:17:59.505 [logback-2] ERROR JUnitAnalyzer - Failed to compile test case:
Class<Properties> class0 = Properties.class;
GenericArrayType genericArrayType0 = .Gson.Types.arrayOf(class0);
Class class1 = (Class).Gson.Types.getArrayComponentType(genericArrayType0);
assertFalse(class1.isInterface());


[MASTER] 00:17:59.524 [logback-2] ERROR JUnitAnalyzer - Compilation failed on compilation units: [SimpleFileObject[/tmp/EvoSuite_21_1790061479506/com/google/gson/internal/$Gson$Types_21_tmp__ESTest.java], SimpleFileObject[/tmp/EvoSuite_21_1790061479506/com/google/gson/internal/$Gson$Types_21_tmp__ESTest_scaffolding.java]]
[MASTER] 00:17:59.524 [logback-2] ERROR JUnitAnalyzer - Classpath: /opt/defects4j/framework/projects/lib/junit-4.12-hamcrest-1.3.jar:/work/Gson_14f/target/classes:/work/Gson_14f/target/test-classes:/opt/defects4j/framework/projects/Gson/lib/com/google/code/findbugs/jsr305/3.0.0/jsr305-3.0.0.jar:/opt/defects4j/framework/projects/lib/junit-4.12-hamcrest-1.3.jar:/opt/evosuite/evosuite-1.2.0.jar:/work/Gson_14f/target/classes:/work/Gson_14f/target/test-classes:/opt/defects4j/framework/projects/Gson/lib/com/google/code/findbugs/jsr305/3.0.0/jsr305-3.0.0.jar:/opt/defects4j/framework/projects/lib/junit-4.12-hamcrest-1.3.jar:/work/Gson_14f/target/classes:/work/Gson_14f/target/test-classes:/opt/defects4j/framework/projects/Gson/lib/com/google/code/findbugs/jsr305/3.0.0/jsr305-3.0.0.jar
[MASTER] 00:17:59.524 [logback-2] ERROR JUnitAnalyzer - evosuiteCP: /opt/defects4j/framework/projects/lib/junit-4.12-hamcrest-1.3.jar:/opt/evosuite/evosuite-1.2.0.jar:/work/Gson_14f/target/classes:/work/Gson_14f/target/test-classes:/opt/defects4j/framework/projects/Gson/lib/com/google/code/findbugs/jsr305/3.0.0/jsr305-3.0.0.jar:/opt/defects4j/framework/projects/lib/junit-4.12-hamcrest-1.3.jar:/work/Gson_14f/target/classes:/work/Gson_14f/target/test-classes:/opt/defects4j/framework/projects/Gson/lib/com/google/code/findbugs/jsr305/3.0.0/jsr305-3.0.0.jar
[MASTER] 00:17:59.524 [logback-2] ERROR JUnitAnalyzer - Diagnostic: illegal start of expression: 24
[MASTER] 00:17:59.524 [logback-2] ERROR JUnitAnalyzer - Diagnostic: illegal start of expression: 25
[MASTER] 00:17:59.524 [logback-2] ERROR JUnitAnalyzer - Diagnostic: illegal start of expression: 26
[MASTER] 00:17:59.525 [logback-2] ERROR JUnitAnalyzer - SimpleFileObject[/tmp/EvoSuite_21_1790061479506/com/google/gson/internal/$Gson$Types_21_tmp__ESTest.java]
1: /*
2:  * This file was automatically generated by EvoSuite
3:  * Tue Sep 22 07:17:59 GMT 2026
4:  */
5: 
6: package com.google.gson.internal;
7: 
8: import org.junit.Test;
9: import static org.junit.Assert.*;
10: import java.lang.reflect.ParameterizedType;
11: import java.lang.reflect.Type;
12: import java.util.Properties;
13: import org.evosuite.runtime.EvoRunner;
14: import org.evosuite.runtime.EvoRunnerParameters;
15: import org.junit.runner.RunWith;
16: 
17: @RunWith(EvoRunner.class) @EvoRunnerParameters(mockJVMNonDeterminism = true, useVFS = true, useVNET = true, resetStaticState = true) 
18: public class $Gson$Types_21_tmp__ESTest extends $Gson$Types_21_tmp__ESTest_scaffolding {
19: 
20:   @Test(timeout = 4000)
21:   public void test0()  throws Throwable  {
22:       Class<Object> class0 = Object.class;
23:       Class<Properties> class1 = Properties.class;
24:       Type[] typeArray0 = .Gson.Types.getMapKeyAndValueTypes(class1, class0);
25:       ParameterizedType parameterizedType0 = .Gson.Types.newParameterizedTypeWithOwner(class1, class1, typeArray0);
26:       Type type0 = .Gson.Types.resolve(class0, class1, parameterizedType0);
27:       assertNotNull(type0);
28:   }
29: }
SimpleFileObject[/tmp/EvoSuite_21_1790061479506/com/google/gson/internal/$Gson$Types_21_tmp__ESTest.java]
1: /**
2:  * Scaffolding file used to store all the setups needed to run 
3:  * tests automatically generated by EvoSuite
4:  * Tue Sep 22 07:17:59 GMT 2026
5:  */
6: 
7: package com.google.gson.internal;
8: 
9: import org.evosuite.runtime.annotation.EvoSuiteClassExclude;
10: import org.junit.BeforeClass;
11: import org.junit.Before;
12: import org.junit.After;
13: import org.junit.AfterClass;
14: import org.evosuite.runtime.sandbox.Sandbox;
15: import org.evosuite.runtime.sandbox.Sandbox.SandboxMode;
16: 
17: @EvoSuiteClassExclude
18: public class $Gson$Types_21_tmp__ESTest_scaffolding {
19: 
20:   @org.junit.Rule
21:   public org.evosuite.runtime.vnet.NonFunctionalRequirementRule nfr = new org.evosuite.runtime.vnet.NonFunctionalRequirementRule();
22: 
23:   private static final java.util.Properties defaultProperties = (java.util.Properties) java.lang.System.getProperties().clone(); 
24: 
25:   private org.evosuite.runtime.thread.ThreadStopper threadStopper =  new org.evosuite.runtime.thread.ThreadStopper (org.evosuite.runtime.thread.KillSwitchHandler.getInstance(), 3000);
26: 
27: 
28:   @BeforeClass
29:   public static void initEvoSuiteFramework() { 
30:     org.evosuite.runtime.RuntimeSettings.className = "com.google.gson.internal.$Gson$Types"; 
31:     org.evosuite.runtime.GuiSupport.initialize(); 
32:     org.evosuite.runtime.RuntimeSettings.maxNumberOfThreads = 100; 
33:     org.evosuite.runtime.RuntimeSettings.maxNumberOfIterationsPerLoop = 10000; 
34:     org.evosuite.runtime.RuntimeSettings.mockSystemIn = true; 
35:     org.evosuite.runtime.RuntimeSettings.sandboxMode = org.evosuite.runtime.sandbox.Sandbox.SandboxMode.RECOMMENDED; 
36:     org.evosuite.runtime.sandbox.Sandbox.initializeSecurityManagerForSUT(); 
37:     org.evosuite.runtime.classhandling.JDKClassResetter.init();
38:     setSystemProperties();
39:     initializeClasses();
40:     org.evosuite.runtime.Runtime.getInstance().resetRuntime(); 
41:   } 
42: 
43:   @AfterClass
44:   public static void clearEvoSuiteFramework(){ 
45:     Sandbox.resetDefaultSecurityManager(); 
46:     java.lang.System.setProperties((java.util.Properties) defaultProperties.clone()); 
47:   } 
48: 
49:   @Before
50:   public void initTestCase(){ 
51:     threadStopper.storeCurrentThreads();
52:     threadStopper.startRecordingTime();
53:     org.evosuite.runtime.jvm.ShutdownHookHandler.getInstance().initHandler(); 
54:     org.evosuite.runtime.sandbox.Sandbox.goingToExecuteSUTCode(); 
55:     setSystemProperties(); 
56:     org.evosuite.runtime.GuiSupport.setHeadless(); 
57:     org.evosuite.runtime.Runtime.getInstance().resetRuntime(); 
58:     org.evosuite.runtime.agent.InstrumentingAgent.activate(); 
59:   } 
60: 
61:   @After
62:   public void doneWithTestCase(){ 
63:     threadStopper.killAndJoinClientThreads();
64:     org.evosuite.runtime.jvm.ShutdownHookHandler.getInstance().safeExecuteAddedHooks(); 
65:     org.evosuite.runtime.classhandling.JDKClassResetter.reset(); 
66:     resetClasses(); 
67:     org.evosuite.runtime.sandbox.Sandbox.doneWithExecutingSUTCode(); 
68:     org.evosuite.runtime.agent.InstrumentingAgent.deactivate(); 
69:     org.evosuite.runtime.GuiSupport.restoreHeadlessMode(); 
70:   } 
71: 
72:   public static void setSystemProperties() {
73:  
74:     java.lang.System.setProperties((java.util.Properties) defaultProperties.clone()); 
75:     java.lang.System.setProperty("user.dir", "/work/Gson_14f"); 
76:     java.lang.System.setProperty("java.io.tmpdir", "/tmp"); 
77:   }
78: 
79:   private static void initializeClasses() {
80:     org.evosuite.runtime.classhandling.ClassStateSupport.initializeClasses($Gson$Types_21_tmp__ESTest_scaffolding.class.getClassLoader() ,
81:       "com.google.gson.internal.$Gson$Types",
82:       "com.google.gson.internal.$Gson$Preconditions",
83:       "com.google.gson.internal.$Gson$Types$WildcardTypeImpl",
84:       "com.google.gson.internal.$Gson$Types$ParameterizedTypeImpl",
85:       "com.google.gson.internal.$Gson$Types$GenericArrayTypeImpl"
86:     );
87:   } 
88: 
89:   private static void resetClasses() {
90:     org.evosuite.runtime.classhandling.ClassResetter.getInstance().setClassLoader($Gson$Types_21_tmp__ESTest_scaffolding.class.getClassLoader()); 
91: 
92:     org.evosuite.runtime.classhandling.ClassStateSupport.resetClasses(
93:       "com.google.gson.internal.$Gson$Types",
94:       "com.google.gson.internal.$Gson$Types$ParameterizedTypeImpl",
95:       "com.google.gson.internal.$Gson$Types$GenericArrayTypeImpl",
96:       "com.google.gson.internal.$Gson$Types$WildcardTypeImpl",
97:       "com.google.gson.internal.$Gson$Preconditions"
98:     );
99:   }
100: }

[MASTER] 00:17:59.525 [logback-2] ERROR JUnitAnalyzer - Failed to compile test case:
Class<Object> class0 = Object.class;
Class<Properties> class1 = Properties.class;
Type[] typeArray0 = .Gson.Types.getMapKeyAndValueTypes(class1, class0);
ParameterizedType parameterizedType0 = .Gson.Types.newParameterizedTypeWithOwner(class1, class1, typeArray0);
Type type0 = .Gson.Types.resolve(class0, class1, parameterizedType0);
assertNotNull(type0);


[MASTER] 00:17:59.544 [logback-2] ERROR JUnitAnalyzer - Compilation failed on compilation units: [SimpleFileObject[/tmp/EvoSuite_22_1790061479526/com/google/gson/internal/$Gson$Types_22_tmp__ESTest.java], SimpleFileObject[/tmp/EvoSuite_22_1790061479526/com/google/gson/internal/$Gson$Types_22_tmp__ESTest_scaffolding.java]]
[MASTER] 00:17:59.544 [logback-2] ERROR JUnitAnalyzer - Classpath: /opt/defects4j/framework/projects/lib/junit-4.12-hamcrest-1.3.jar:/work/Gson_14f/target/classes:/work/Gson_14f/target/test-classes:/opt/defects4j/framework/projects/Gson/lib/com/google/code/findbugs/jsr305/3.0.0/jsr305-3.0.0.jar:/opt/defects4j/framework/projects/lib/junit-4.12-hamcrest-1.3.jar:/opt/evosuite/evosuite-1.2.0.jar:/work/Gson_14f/target/classes:/work/Gson_14f/target/test-classes:/opt/defects4j/framework/projects/Gson/lib/com/google/code/findbugs/jsr305/3.0.0/jsr305-3.0.0.jar:/opt/defects4j/framework/projects/lib/junit-4.12-hamcrest-1.3.jar:/work/Gson_14f/target/classes:/work/Gson_14f/target/test-classes:/opt/defects4j/framework/projects/Gson/lib/com/google/code/findbugs/jsr305/3.0.0/jsr305-3.0.0.jar
[MASTER] 00:17:59.544 [logback-2] ERROR JUnitAnalyzer - evosuiteCP: /opt/defects4j/framework/projects/lib/junit-4.12-hamcrest-1.3.jar:/opt/evosuite/evosuite-1.2.0.jar:/work/Gson_14f/target/classes:/work/Gson_14f/target/test-classes:/opt/defects4j/framework/projects/Gson/lib/com/google/code/findbugs/jsr305/3.0.0/jsr305-3.0.0.jar:/opt/defects4j/framework/projects/lib/junit-4.12-hamcrest-1.3.jar:/work/Gson_14f/target/classes:/work/Gson_14f/target/test-classes:/opt/defects4j/framework/projects/Gson/lib/com/google/code/findbugs/jsr305/3.0.0/jsr305-3.0.0.jar
[MASTER] 00:17:59.545 [logback-2] ERROR JUnitAnalyzer - Diagnostic: illegal start of expression: 23
[MASTER] 00:17:59.545 [logback-2] ERROR JUnitAnalyzer - Diagnostic: illegal start of expression: 24
[MASTER] 00:17:59.545 [logback-2] ERROR JUnitAnalyzer - Diagnostic: illegal start of expression: 25
[MASTER] 00:17:59.546 [logback-2] ERROR JUnitAnalyzer - SimpleFileObject[/tmp/EvoSuite_22_1790061479526/com/google/gson/internal/$Gson$Types_22_tmp__ESTest.java]
1: /*
2:  * This file was automatically generated by EvoSuite
3:  * Tue Sep 22 07:17:59 GMT 2026
4:  */
5: 
6: package com.google.gson.internal;
7: 
8: import org.junit.Test;
9: import static org.junit.Assert.*;
10: import java.lang.reflect.Type;
11: import java.lang.reflect.WildcardType;
12: import java.util.Properties;
13: import org.evosuite.runtime.EvoRunner;
14: import org.evosuite.runtime.EvoRunnerParameters;
15: import org.junit.runner.RunWith;
16: 
17: @RunWith(EvoRunner.class) @EvoRunnerParameters(mockJVMNonDeterminism = true, useVFS = true, useVNET = true, resetStaticState = true) 
18: public class $Gson$Types_22_tmp__ESTest extends $Gson$Types_22_tmp__ESTest_scaffolding {
19: 
20:   @Test(timeout = 4000)
21:   public void test0()  throws Throwable  {
22:       Class<Properties> class0 = Properties.class;
23:       Type type0 = .Gson.Types.resolve((Type) null, class0, class0);
24:       WildcardType wildcardType0 = .Gson.Types.supertypeOf(type0);
25:       Type type1 = .Gson.Types.resolve((Type) null, class0, wildcardType0);
26:       assertNotNull(type1);
27:   }
28: }
SimpleFileObject[/tmp/EvoSuite_22_1790061479526/com/google/gson/internal/$Gson$Types_22_tmp__ESTest.java]
1: /**
2:  * Scaffolding file used to store all the setups needed to run 
3:  * tests automatically generated by EvoSuite
4:  * Tue Sep 22 07:17:59 GMT 2026
5:  */
6: 
7: package com.google.gson.internal;
8: 
9: import org.evosuite.runtime.annotation.EvoSuiteClassExclude;
10: import org.junit.BeforeClass;
11: import org.junit.Before;
12: import org.junit.After;
13: import org.junit.AfterClass;
14: import org.evosuite.runtime.sandbox.Sandbox;
15: import org.evosuite.runtime.sandbox.Sandbox.SandboxMode;
16: 
17: @EvoSuiteClassExclude
18: public class $Gson$Types_22_tmp__ESTest_scaffolding {
19: 
20:   @org.junit.Rule
21:   public org.evosuite.runtime.vnet.NonFunctionalRequirementRule nfr = new org.evosuite.runtime.vnet.NonFunctionalRequirementRule();
22: 
23:   private static final java.util.Properties defaultProperties = (java.util.Properties) java.lang.System.getProperties().clone(); 
24: 
25:   private org.evosuite.runtime.thread.ThreadStopper threadStopper =  new org.evosuite.runtime.thread.ThreadStopper (org.evosuite.runtime.thread.KillSwitchHandler.getInstance(), 3000);
26: 
27: 
28:   @BeforeClass
29:   public static void initEvoSuiteFramework() { 
30:     org.evosuite.runtime.RuntimeSettings.className = "com.google.gson.internal.$Gson$Types"; 
31:     org.evosuite.runtime.GuiSupport.initialize(); 
32:     org.evosuite.runtime.RuntimeSettings.maxNumberOfThreads = 100; 
33:     org.evosuite.runtime.RuntimeSettings.maxNumberOfIterationsPerLoop = 10000; 
34:     org.evosuite.runtime.RuntimeSettings.mockSystemIn = true; 
35:     org.evosuite.runtime.RuntimeSettings.sandboxMode = org.evosuite.runtime.sandbox.Sandbox.SandboxMode.RECOMMENDED; 
36:     org.evosuite.runtime.sandbox.Sandbox.initializeSecurityManagerForSUT(); 
37:     org.evosuite.runtime.classhandling.JDKClassResetter.init();
38:     setSystemProperties();
39:     initializeClasses();
40:     org.evosuite.runtime.Runtime.getInstance().resetRuntime(); 
41:   } 
42: 
43:   @AfterClass
44:   public static void clearEvoSuiteFramework(){ 
45:     Sandbox.resetDefaultSecurityManager(); 
46:     java.lang.System.setProperties((java.util.Properties) defaultProperties.clone()); 
47:   } 
48: 
49:   @Before
50:   public void initTestCase(){ 
51:     threadStopper.storeCurrentThreads();
52:     threadStopper.startRecordingTime();
53:     org.evosuite.runtime.jvm.ShutdownHookHandler.getInstance().initHandler(); 
54:     org.evosuite.runtime.sandbox.Sandbox.goingToExecuteSUTCode(); 
55:     setSystemProperties(); 
56:     org.evosuite.runtime.GuiSupport.setHeadless(); 
57:     org.evosuite.runtime.Runtime.getInstance().resetRuntime(); 
58:     org.evosuite.runtime.agent.InstrumentingAgent.activate(); 
59:   } 
60: 
61:   @After
62:   public void doneWithTestCase(){ 
63:     threadStopper.killAndJoinClientThreads();
64:     org.evosuite.runtime.jvm.ShutdownHookHandler.getInstance().safeExecuteAddedHooks(); 
65:     org.evosuite.runtime.classhandling.JDKClassResetter.reset(); 
66:     resetClasses(); 
67:     org.evosuite.runtime.sandbox.Sandbox.doneWithExecutingSUTCode(); 
68:     org.evosuite.runtime.agent.InstrumentingAgent.deactivate(); 
69:     org.evosuite.runtime.GuiSupport.restoreHeadlessMode(); 
70:   } 
71: 
72:   public static void setSystemProperties() {
73:  
74:     java.lang.System.setProperties((java.util.Properties) defaultProperties.clone()); 
75:     java.lang.System.setProperty("user.dir", "/work/Gson_14f"); 
76:     java.lang.System.setProperty("java.io.tmpdir", "/tmp"); 
77:   }
78: 
79:   private static void initializeClasses() {
80:     org.evosuite.runtime.classhandling.ClassStateSupport.initializeClasses($Gson$Types_22_tmp__ESTest_scaffolding.class.getClassLoader() ,
81:       "com.google.gson.internal.$Gson$Types",
82:       "com.google.gson.internal.$Gson$Preconditions",
83:       "com.google.gson.internal.$Gson$Types$WildcardTypeImpl",
84:       "com.google.gson.internal.$Gson$Types$ParameterizedTypeImpl",
85:       "com.google.gson.internal.$Gson$Types$GenericArrayTypeImpl"
86:     );
87:   } 
88: 
89:   private static void resetClasses() {
90:     org.evosuite.runtime.classhandling.ClassResetter.getInstance().setClassLoader($Gson$Types_22_tmp__ESTest_scaffolding.class.getClassLoader()); 
91: 
92:     org.evosuite.runtime.classhandling.ClassStateSupport.resetClasses(
93:       "com.google.gson.internal.$Gson$Types",
94:       "com.google.gson.internal.$Gson$Types$ParameterizedTypeImpl",
95:       "com.google.gson.internal.$Gson$Types$GenericArrayTypeImpl",
96:       "com.google.gson.internal.$Gson$Types$WildcardTypeImpl",
97:       "com.google.gson.internal.$Gson$Preconditions"
98:     );
99:   }
100: }

[MASTER] 00:17:59.546 [logback-2] ERROR JUnitAnalyzer - Failed to compile test case:
Class<Properties> class0 = Properties.class;
Type type0 = .Gson.Types.resolve((Type) null, class0, class0);
WildcardType wildcardType0 = .Gson.Types.supertypeOf(type0);
Type type1 = .Gson.Types.resolve((Type) null, class0, wildcardType0);
assertNotNull(type1);


[MASTER] 00:17:59.566 [logback-2] ERROR JUnitAnalyzer - Compilation failed on compilation units: [SimpleFileObject[/tmp/EvoSuite_23_1790061479547/com/google/gson/internal/$Gson$Types_23_tmp__ESTest.java], SimpleFileObject[/tmp/EvoSuite_23_1790061479547/com/google/gson/internal/$Gson$Types_23_tmp__ESTest_scaffolding.java]]
[MASTER] 00:17:59.566 [logback-2] ERROR JUnitAnalyzer - Classpath: /opt/defects4j/framework/projects/lib/junit-4.12-hamcrest-1.3.jar:/work/Gson_14f/target/classes:/work/Gson_14f/target/test-classes:/opt/defects4j/framework/projects/Gson/lib/com/google/code/findbugs/jsr305/3.0.0/jsr305-3.0.0.jar:/opt/defects4j/framework/projects/lib/junit-4.12-hamcrest-1.3.jar:/opt/evosuite/evosuite-1.2.0.jar:/work/Gson_14f/target/classes:/work/Gson_14f/target/test-classes:/opt/defects4j/framework/projects/Gson/lib/com/google/code/findbugs/jsr305/3.0.0/jsr305-3.0.0.jar:/opt/defects4j/framework/projects/lib/junit-4.12-hamcrest-1.3.jar:/work/Gson_14f/target/classes:/work/Gson_14f/target/test-classes:/opt/defects4j/framework/projects/Gson/lib/com/google/code/findbugs/jsr305/3.0.0/jsr305-3.0.0.jar
[MASTER] 00:17:59.566 [logback-2] ERROR JUnitAnalyzer - evosuiteCP: /opt/defects4j/framework/projects/lib/junit-4.12-hamcrest-1.3.jar:/opt/evosuite/evosuite-1.2.0.jar:/work/Gson_14f/target/classes:/work/Gson_14f/target/test-classes:/opt/defects4j/framework/projects/Gson/lib/com/google/code/findbugs/jsr305/3.0.0/jsr305-3.0.0.jar:/opt/defects4j/framework/projects/lib/junit-4.12-hamcrest-1.3.jar:/work/Gson_14f/target/classes:/work/Gson_14f/target/test-classes:/opt/defects4j/framework/projects/Gson/lib/com/google/code/findbugs/jsr305/3.0.0/jsr305-3.0.0.jar
[MASTER] 00:17:59.566 [logback-2] ERROR JUnitAnalyzer - Diagnostic: illegal start of expression: 22
[MASTER] 00:17:59.567 [logback-2] ERROR JUnitAnalyzer - Diagnostic: illegal start of expression: 23
[MASTER] 00:17:59.567 [logback-2] ERROR JUnitAnalyzer - SimpleFileObject[/tmp/EvoSuite_23_1790061479547/com/google/gson/internal/$Gson$Types_23_tmp__ESTest.java]
1: /*
2:  * This file was automatically generated by EvoSuite
3:  * Tue Sep 22 07:17:59 GMT 2026
4:  */
5: 
6: package com.google.gson.internal;
7: 
8: import org.junit.Test;
9: import static org.junit.Assert.*;
10: import java.lang.reflect.ParameterizedType;
11: import java.lang.reflect.Type;
12: import org.evosuite.runtime.EvoRunner;
13: import org.evosuite.runtime.EvoRunnerParameters;
14: import org.junit.runner.RunWith;
15: 
16: @RunWith(EvoRunner.class) @EvoRunnerParameters(mockJVMNonDeterminism = true, useVFS = true, useVNET = true, resetStaticState = true) 
17: public class $Gson$Types_23_tmp__ESTest extends $Gson$Types_23_tmp__ESTest_scaffolding {
18: 
19:   @Test(timeout = 4000)
20:   public void test0()  throws Throwable  {
21:       Type[] typeArray0 = new Type[0];
22:       ParameterizedType parameterizedType0 = .Gson.Types.newParameterizedTypeWithOwner((Type) null, (Type) null, typeArray0);
23:       boolean boolean0 = .Gson.Types.equal(parameterizedType0, "com.google.gson.internal.$Gson$Types$GenericArrayTypeImpl@0000000007");
24:       assertFalse(boolean0);
25:   }
26: }
SimpleFileObject[/tmp/EvoSuite_23_1790061479547/com/google/gson/internal/$Gson$Types_23_tmp__ESTest.java]
1: /**
2:  * Scaffolding file used to store all the setups needed to run 
3:  * tests automatically generated by EvoSuite
4:  * Tue Sep 22 07:17:59 GMT 2026
5:  */
6: 
7: package com.google.gson.internal;
8: 
9: import org.evosuite.runtime.annotation.EvoSuiteClassExclude;
10: import org.junit.BeforeClass;
11: import org.junit.Before;
12: import org.junit.After;
13: import org.junit.AfterClass;
14: import org.evosuite.runtime.sandbox.Sandbox;
15: import org.evosuite.runtime.sandbox.Sandbox.SandboxMode;
16: 
17: @EvoSuiteClassExclude
18: public class $Gson$Types_23_tmp__ESTest_scaffolding {
19: 
20:   @org.junit.Rule
21:   public org.evosuite.runtime.vnet.NonFunctionalRequirementRule nfr = new org.evosuite.runtime.vnet.NonFunctionalRequirementRule();
22: 
23:   private static final java.util.Properties defaultProperties = (java.util.Properties) java.lang.System.getProperties().clone(); 
24: 
25:   private org.evosuite.runtime.thread.ThreadStopper threadStopper =  new org.evosuite.runtime.thread.ThreadStopper (org.evosuite.runtime.thread.KillSwitchHandler.getInstance(), 3000);
26: 
27: 
28:   @BeforeClass
29:   public static void initEvoSuiteFramework() { 
30:     org.evosuite.runtime.RuntimeSettings.className = "com.google.gson.internal.$Gson$Types"; 
31:     org.evosuite.runtime.GuiSupport.initialize(); 
32:     org.evosuite.runtime.RuntimeSettings.maxNumberOfThreads = 100; 
33:     org.evosuite.runtime.RuntimeSettings.maxNumberOfIterationsPerLoop = 10000; 
34:     org.evosuite.runtime.RuntimeSettings.mockSystemIn = true; 
35:     org.evosuite.runtime.RuntimeSettings.sandboxMode = org.evosuite.runtime.sandbox.Sandbox.SandboxMode.RECOMMENDED; 
36:     org.evosuite.runtime.sandbox.Sandbox.initializeSecurityManagerForSUT(); 
37:     org.evosuite.runtime.classhandling.JDKClassResetter.init();
38:     setSystemProperties();
39:     initializeClasses();
40:     org.evosuite.runtime.Runtime.getInstance().resetRuntime(); 
41:   } 
42: 
43:   @AfterClass
44:   public static void clearEvoSuiteFramework(){ 
45:     Sandbox.resetDefaultSecurityManager(); 
46:     java.lang.System.setProperties((java.util.Properties) defaultProperties.clone()); 
47:   } 
48: 
49:   @Before
50:   public void initTestCase(){ 
51:     threadStopper.storeCurrentThreads();
52:     threadStopper.startRecordingTime();
53:     org.evosuite.runtime.jvm.ShutdownHookHandler.getInstance().initHandler(); 
54:     org.evosuite.runtime.sandbox.Sandbox.goingToExecuteSUTCode(); 
55:     setSystemProperties(); 
56:     org.evosuite.runtime.GuiSupport.setHeadless(); 
57:     org.evosuite.runtime.Runtime.getInstance().resetRuntime(); 
58:     org.evosuite.runtime.agent.InstrumentingAgent.activate(); 
59:   } 
60: 
61:   @After
62:   public void doneWithTestCase(){ 
63:     threadStopper.killAndJoinClientThreads();
64:     org.evosuite.runtime.jvm.ShutdownHookHandler.getInstance().safeExecuteAddedHooks(); 
65:     org.evosuite.runtime.classhandling.JDKClassResetter.reset(); 
66:     resetClasses(); 
67:     org.evosuite.runtime.sandbox.Sandbox.doneWithExecutingSUTCode(); 
68:     org.evosuite.runtime.agent.InstrumentingAgent.deactivate(); 
69:     org.evosuite.runtime.GuiSupport.restoreHeadlessMode(); 
70:   } 
71: 
72:   public static void setSystemProperties() {
73:  
74:     java.lang.System.setProperties((java.util.Properties) defaultProperties.clone()); 
75:     java.lang.System.setProperty("user.dir", "/work/Gson_14f"); 
76:     java.lang.System.setProperty("java.io.tmpdir", "/tmp"); 
77:   }
78: 
79:   private static void initializeClasses() {
80:     org.evosuite.runtime.classhandling.ClassStateSupport.initializeClasses($Gson$Types_23_tmp__ESTest_scaffolding.class.getClassLoader() ,
81:       "com.google.gson.internal.$Gson$Types",
82:       "com.google.gson.internal.$Gson$Preconditions",
83:       "com.google.gson.internal.$Gson$Types$WildcardTypeImpl",
84:       "com.google.gson.internal.$Gson$Types$ParameterizedTypeImpl",
85:       "com.google.gson.internal.$Gson$Types$GenericArrayTypeImpl"
86:     );
87:   } 
88: 
89:   private static void resetClasses() {
90:     org.evosuite.runtime.classhandling.ClassResetter.getInstance().setClassLoader($Gson$Types_23_tmp__ESTest_scaffolding.class.getClassLoader()); 
91: 
92:     org.evosuite.runtime.classhandling.ClassStateSupport.resetClasses(
93:       "com.google.gson.internal.$Gson$Types",
94:       "com.google.gson.internal.$Gson$Types$ParameterizedTypeImpl",
95:       "com.google.gson.internal.$Gson$Types$GenericArrayTypeImpl",
96:       "com.google.gson.internal.$Gson$Types$WildcardTypeImpl",
97:       "com.google.gson.internal.$Gson$Preconditions"
98:     );
99:   }
100: }

[MASTER] 00:17:59.567 [logback-2] ERROR JUnitAnalyzer - Failed to compile test case:
Type[] typeArray0 = new Type[0];
ParameterizedType parameterizedType0 = .Gson.Types.newParameterizedTypeWithOwner((Type) null, (Type) null, typeArray0);
boolean boolean0 = .Gson.Types.equal(parameterizedType0, "com.google.gson.internal.$Gson$Types$GenericArrayTypeImpl@0000000007");
assertFalse(boolean0);


[MASTER] 00:17:59.587 [logback-2] ERROR JUnitAnalyzer - Compilation failed on compilation units: [SimpleFileObject[/tmp/EvoSuite_24_1790061479568/com/google/gson/internal/$Gson$Types_24_tmp__ESTest.java], SimpleFileObject[/tmp/EvoSuite_24_1790061479568/com/google/gson/internal/$Gson$Types_24_tmp__ESTest_scaffolding.java]]
[MASTER] 00:17:59.587 [logback-2] ERROR JUnitAnalyzer - Classpath: /opt/defects4j/framework/projects/lib/junit-4.12-hamcrest-1.3.jar:/work/Gson_14f/target/classes:/work/Gson_14f/target/test-classes:/opt/defects4j/framework/projects/Gson/lib/com/google/code/findbugs/jsr305/3.0.0/jsr305-3.0.0.jar:/opt/defects4j/framework/projects/lib/junit-4.12-hamcrest-1.3.jar:/opt/evosuite/evosuite-1.2.0.jar:/work/Gson_14f/target/classes:/work/Gson_14f/target/test-classes:/opt/defects4j/framework/projects/Gson/lib/com/google/code/findbugs/jsr305/3.0.0/jsr305-3.0.0.jar:/opt/defects4j/framework/projects/lib/junit-4.12-hamcrest-1.3.jar:/work/Gson_14f/target/classes:/work/Gson_14f/target/test-classes:/opt/defects4j/framework/projects/Gson/lib/com/google/code/findbugs/jsr305/3.0.0/jsr305-3.0.0.jar
[MASTER] 00:17:59.587 [logback-2] ERROR JUnitAnalyzer - evosuiteCP: /opt/defects4j/framework/projects/lib/junit-4.12-hamcrest-1.3.jar:/opt/evosuite/evosuite-1.2.0.jar:/work/Gson_14f/target/classes:/work/Gson_14f/target/test-classes:/opt/defects4j/framework/projects/Gson/lib/com/google/code/findbugs/jsr305/3.0.0/jsr305-3.0.0.jar:/opt/defects4j/framework/projects/lib/junit-4.12-hamcrest-1.3.jar:/work/Gson_14f/target/classes:/work/Gson_14f/target/test-classes:/opt/defects4j/framework/projects/Gson/lib/com/google/code/findbugs/jsr305/3.0.0/jsr305-3.0.0.jar
[MASTER] 00:17:59.587 [logback-2] ERROR JUnitAnalyzer - Diagnostic: illegal start of expression: 24
[MASTER] 00:17:59.587 [logback-2] ERROR JUnitAnalyzer - Diagnostic: illegal start of expression: 25
[MASTER] 00:17:59.587 [logback-2] ERROR JUnitAnalyzer - Diagnostic: illegal start of expression: 26
[MASTER] 00:17:59.587 [logback-2] ERROR JUnitAnalyzer - Diagnostic: illegal start of expression: 27
[MASTER] 00:17:59.588 [logback-2] ERROR JUnitAnalyzer - SimpleFileObject[/tmp/EvoSuite_24_1790061479568/com/google/gson/internal/$Gson$Types_24_tmp__ESTest.java]
1: /*
2:  * This file was automatically generated by EvoSuite
3:  * Tue Sep 22 07:17:59 GMT 2026
4:  */
5: 
6: package com.google.gson.internal;
7: 
8: import org.junit.Test;
9: import static org.junit.Assert.*;
10: import java.lang.reflect.GenericArrayType;
11: import java.lang.reflect.ParameterizedType;
12: import java.lang.reflect.Type;
13: import java.lang.reflect.WildcardType;
14: import org.evosuite.runtime.EvoRunner;
15: import org.evosuite.runtime.EvoRunnerParameters;
16: import org.junit.runner.RunWith;
17: 
18: @RunWith(EvoRunner.class) @EvoRunnerParameters(mockJVMNonDeterminism = true, useVFS = true, useVNET = true, resetStaticState = true) 
19: public class $Gson$Types_24_tmp__ESTest extends $Gson$Types_24_tmp__ESTest_scaffolding {
20: 
21:   @Test(timeout = 4000)
22:   public void test0()  throws Throwable  {
23:       Type[] typeArray0 = new Type[0];
24:       ParameterizedType parameterizedType0 = .Gson.Types.newParameterizedTypeWithOwner((Type) null, (Type) null, typeArray0);
25:       WildcardType wildcardType0 = .Gson.Types.subtypeOf(parameterizedType0);
26:       GenericArrayType genericArrayType0 = .Gson.Types.arrayOf(wildcardType0);
27:       boolean boolean0 = .Gson.Types.equal(genericArrayType0, (Object) null);
28:       assertFalse(boolean0);
29:   }
30: }
SimpleFileObject[/tmp/EvoSuite_24_1790061479568/com/google/gson/internal/$Gson$Types_24_tmp__ESTest.java]
1: /**
2:  * Scaffolding file used to store all the setups needed to run 
3:  * tests automatically generated by EvoSuite
4:  * Tue Sep 22 07:17:59 GMT 2026
5:  */
6: 
7: package com.google.gson.internal;
8: 
9: import org.evosuite.runtime.annotation.EvoSuiteClassExclude;
10: import org.junit.BeforeClass;
11: import org.junit.Before;
12: import org.junit.After;
13: import org.junit.AfterClass;
14: import org.evosuite.runtime.sandbox.Sandbox;
15: import org.evosuite.runtime.sandbox.Sandbox.SandboxMode;
16: 
17: @EvoSuiteClassExclude
18: public class $Gson$Types_24_tmp__ESTest_scaffolding {
19: 
20:   @org.junit.Rule
21:   public org.evosuite.runtime.vnet.NonFunctionalRequirementRule nfr = new org.evosuite.runtime.vnet.NonFunctionalRequirementRule();
22: 
23:   private static final java.util.Properties defaultProperties = (java.util.Properties) java.lang.System.getProperties().clone(); 
24: 
25:   private org.evosuite.runtime.thread.ThreadStopper threadStopper =  new org.evosuite.runtime.thread.ThreadStopper (org.evosuite.runtime.thread.KillSwitchHandler.getInstance(), 3000);
26: 
27: 
28:   @BeforeClass
29:   public static void initEvoSuiteFramework() { 
30:     org.evosuite.runtime.RuntimeSettings.className = "com.google.gson.internal.$Gson$Types"; 
31:     org.evosuite.runtime.GuiSupport.initialize(); 
32:     org.evosuite.runtime.RuntimeSettings.maxNumberOfThreads = 100; 
33:     org.evosuite.runtime.RuntimeSettings.maxNumberOfIterationsPerLoop = 10000; 
34:     org.evosuite.runtime.RuntimeSettings.mockSystemIn = true; 
35:     org.evosuite.runtime.RuntimeSettings.sandboxMode = org.evosuite.runtime.sandbox.Sandbox.SandboxMode.RECOMMENDED; 
36:     org.evosuite.runtime.sandbox.Sandbox.initializeSecurityManagerForSUT(); 
37:     org.evosuite.runtime.classhandling.JDKClassResetter.init();
38:     setSystemProperties();
39:     initializeClasses();
40:     org.evosuite.runtime.Runtime.getInstance().resetRuntime(); 
41:   } 
42: 
43:   @AfterClass
44:   public static void clearEvoSuiteFramework(){ 
45:     Sandbox.resetDefaultSecurityManager(); 
46:     java.lang.System.setProperties((java.util.Properties) defaultProperties.clone()); 
47:   } 
48: 
49:   @Before
50:   public void initTestCase(){ 
51:     threadStopper.storeCurrentThreads();
52:     threadStopper.startRecordingTime();
53:     org.evosuite.runtime.jvm.ShutdownHookHandler.getInstance().initHandler(); 
54:     org.evosuite.runtime.sandbox.Sandbox.goingToExecuteSUTCode(); 
55:     setSystemProperties(); 
56:     org.evosuite.runtime.GuiSupport.setHeadless(); 
57:     org.evosuite.runtime.Runtime.getInstance().resetRuntime(); 
58:     org.evosuite.runtime.agent.InstrumentingAgent.activate(); 
59:   } 
60: 
61:   @After
62:   public void doneWithTestCase(){ 
63:     threadStopper.killAndJoinClientThreads();
64:     org.evosuite.runtime.jvm.ShutdownHookHandler.getInstance().safeExecuteAddedHooks(); 
65:     org.evosuite.runtime.classhandling.JDKClassResetter.reset(); 
66:     resetClasses(); 
67:     org.evosuite.runtime.sandbox.Sandbox.doneWithExecutingSUTCode(); 
68:     org.evosuite.runtime.agent.InstrumentingAgent.deactivate(); 
69:     org.evosuite.runtime.GuiSupport.restoreHeadlessMode(); 
70:   } 
71: 
72:   public static void setSystemProperties() {
73:  
74:     java.lang.System.setProperties((java.util.Properties) defaultProperties.clone()); 
75:     java.lang.System.setProperty("user.dir", "/work/Gson_14f"); 
76:     java.lang.System.setProperty("java.io.tmpdir", "/tmp"); 
77:   }
78: 
79:   private static void initializeClasses() {
80:     org.evosuite.runtime.classhandling.ClassStateSupport.initializeClasses($Gson$Types_24_tmp__ESTest_scaffolding.class.getClassLoader() ,
81:       "com.google.gson.internal.$Gson$Types",
82:       "com.google.gson.internal.$Gson$Preconditions",
83:       "com.google.gson.internal.$Gson$Types$WildcardTypeImpl",
84:       "com.google.gson.internal.$Gson$Types$ParameterizedTypeImpl",
85:       "com.google.gson.internal.$Gson$Types$GenericArrayTypeImpl"
86:     );
87:   } 
88: 
89:   private static void resetClasses() {
90:     org.evosuite.runtime.classhandling.ClassResetter.getInstance().setClassLoader($Gson$Types_24_tmp__ESTest_scaffolding.class.getClassLoader()); 
91: 
92:     org.evosuite.runtime.classhandling.ClassStateSupport.resetClasses(
93:       "com.google.gson.internal.$Gson$Types",
94:       "com.google.gson.internal.$Gson$Types$ParameterizedTypeImpl",
95:       "com.google.gson.internal.$Gson$Types$GenericArrayTypeImpl",
96:       "com.google.gson.internal.$Gson$Types$WildcardTypeImpl",
97:       "com.google.gson.internal.$Gson$Preconditions"
98:     );
99:   }
100: }

[MASTER] 00:17:59.588 [logback-2] ERROR JUnitAnalyzer - Failed to compile test case:
Type[] typeArray0 = new Type[0];
ParameterizedType parameterizedType0 = .Gson.Types.newParameterizedTypeWithOwner((Type) null, (Type) null, typeArray0);
WildcardType wildcardType0 = .Gson.Types.subtypeOf(parameterizedType0);
GenericArrayType genericArrayType0 = .Gson.Types.arrayOf(wildcardType0);
boolean boolean0 = .Gson.Types.equal(genericArrayType0, (Object) null);
assertFalse(boolean0);


[MASTER] 00:17:59.606 [logback-2] ERROR JUnitAnalyzer - Compilation failed on compilation units: [SimpleFileObject[/tmp/EvoSuite_25_1790061479589/com/google/gson/internal/$Gson$Types_25_tmp__ESTest.java], SimpleFileObject[/tmp/EvoSuite_25_1790061479589/com/google/gson/internal/$Gson$Types_25_tmp__ESTest_scaffolding.java]]
[MASTER] 00:17:59.606 [logback-2] ERROR JUnitAnalyzer - Classpath: /opt/defects4j/framework/projects/lib/junit-4.12-hamcrest-1.3.jar:/work/Gson_14f/target/classes:/work/Gson_14f/target/test-classes:/opt/defects4j/framework/projects/Gson/lib/com/google/code/findbugs/jsr305/3.0.0/jsr305-3.0.0.jar:/opt/defects4j/framework/projects/lib/junit-4.12-hamcrest-1.3.jar:/opt/evosuite/evosuite-1.2.0.jar:/work/Gson_14f/target/classes:/work/Gson_14f/target/test-classes:/opt/defects4j/framework/projects/Gson/lib/com/google/code/findbugs/jsr305/3.0.0/jsr305-3.0.0.jar:/opt/defects4j/framework/projects/lib/junit-4.12-hamcrest-1.3.jar:/work/Gson_14f/target/classes:/work/Gson_14f/target/test-classes:/opt/defects4j/framework/projects/Gson/lib/com/google/code/findbugs/jsr305/3.0.0/jsr305-3.0.0.jar
[MASTER] 00:17:59.606 [logback-2] ERROR JUnitAnalyzer - evosuiteCP: /opt/defects4j/framework/projects/lib/junit-4.12-hamcrest-1.3.jar:/opt/evosuite/evosuite-1.2.0.jar:/work/Gson_14f/target/classes:/work/Gson_14f/target/test-classes:/opt/defects4j/framework/projects/Gson/lib/com/google/code/findbugs/jsr305/3.0.0/jsr305-3.0.0.jar:/opt/defects4j/framework/projects/lib/junit-4.12-hamcrest-1.3.jar:/work/Gson_14f/target/classes:/work/Gson_14f/target/test-classes:/opt/defects4j/framework/projects/Gson/lib/com/google/code/findbugs/jsr305/3.0.0/jsr305-3.0.0.jar
[MASTER] 00:17:59.606 [logback-2] ERROR JUnitAnalyzer - Diagnostic: illegal start of expression: 23
[MASTER] 00:17:59.606 [logback-2] ERROR JUnitAnalyzer - Diagnostic: illegal start of expression: 24
[MASTER] 00:17:59.606 [logback-2] ERROR JUnitAnalyzer - Diagnostic: illegal start of expression: 25
[MASTER] 00:17:59.607 [logback-2] ERROR JUnitAnalyzer - SimpleFileObject[/tmp/EvoSuite_25_1790061479589/com/google/gson/internal/$Gson$Types_25_tmp__ESTest.java]
1: /*
2:  * This file was automatically generated by EvoSuite
3:  * Tue Sep 22 07:17:59 GMT 2026
4:  */
5: 
6: package com.google.gson.internal;
7: 
8: import org.junit.Test;
9: import static org.junit.Assert.*;
10: import java.lang.reflect.Type;
11: import java.lang.reflect.WildcardType;
12: import java.util.Properties;
13: import org.evosuite.runtime.EvoRunner;
14: import org.evosuite.runtime.EvoRunnerParameters;
15: import org.junit.runner.RunWith;
16: 
17: @RunWith(EvoRunner.class) @EvoRunnerParameters(mockJVMNonDeterminism = true, useVFS = true, useVNET = true, resetStaticState = true) 
18: public class $Gson$Types_25_tmp__ESTest extends $Gson$Types_25_tmp__ESTest_scaffolding {
19: 
20:   @Test(timeout = 4000)
21:   public void test0()  throws Throwable  {
22:       Class<Properties> class0 = Properties.class;
23:       Type type0 = .Gson.Types.resolve((Type) null, class0, class0);
24:       WildcardType wildcardType0 = .Gson.Types.supertypeOf(type0);
25:       boolean boolean0 = .Gson.Types.equal(wildcardType0, class0);
26:       assertFalse(boolean0);
27:   }
28: }
SimpleFileObject[/tmp/EvoSuite_25_1790061479589/com/google/gson/internal/$Gson$Types_25_tmp__ESTest.java]
1: /**
2:  * Scaffolding file used to store all the setups needed to run 
3:  * tests automatically generated by EvoSuite
4:  * Tue Sep 22 07:17:59 GMT 2026
5:  */
6: 
7: package com.google.gson.internal;
8: 
9: import org.evosuite.runtime.annotation.EvoSuiteClassExclude;
10: import org.junit.BeforeClass;
11: import org.junit.Before;
12: import org.junit.After;
13: import org.junit.AfterClass;
14: import org.evosuite.runtime.sandbox.Sandbox;
15: import org.evosuite.runtime.sandbox.Sandbox.SandboxMode;
16: 
17: @EvoSuiteClassExclude
18: public class $Gson$Types_25_tmp__ESTest_scaffolding {
19: 
20:   @org.junit.Rule
21:   public org.evosuite.runtime.vnet.NonFunctionalRequirementRule nfr = new org.evosuite.runtime.vnet.NonFunctionalRequirementRule();
22: 
23:   private static final java.util.Properties defaultProperties = (java.util.Properties) java.lang.System.getProperties().clone(); 
24: 
25:   private org.evosuite.runtime.thread.ThreadStopper threadStopper =  new org.evosuite.runtime.thread.ThreadStopper (org.evosuite.runtime.thread.KillSwitchHandler.getInstance(), 3000);
26: 
27: 
28:   @BeforeClass
29:   public static void initEvoSuiteFramework() { 
30:     org.evosuite.runtime.RuntimeSettings.className = "com.google.gson.internal.$Gson$Types"; 
31:     org.evosuite.runtime.GuiSupport.initialize(); 
32:     org.evosuite.runtime.RuntimeSettings.maxNumberOfThreads = 100; 
33:     org.evosuite.runtime.RuntimeSettings.maxNumberOfIterationsPerLoop = 10000; 
34:     org.evosuite.runtime.RuntimeSettings.mockSystemIn = true; 
35:     org.evosuite.runtime.RuntimeSettings.sandboxMode = org.evosuite.runtime.sandbox.Sandbox.SandboxMode.RECOMMENDED; 
36:     org.evosuite.runtime.sandbox.Sandbox.initializeSecurityManagerForSUT(); 
37:     org.evosuite.runtime.classhandling.JDKClassResetter.init();
38:     setSystemProperties();
39:     initializeClasses();
40:     org.evosuite.runtime.Runtime.getInstance().resetRuntime(); 
41:   } 
42: 
43:   @AfterClass
44:   public static void clearEvoSuiteFramework(){ 
45:     Sandbox.resetDefaultSecurityManager(); 
46:     java.lang.System.setProperties((java.util.Properties) defaultProperties.clone()); 
47:   } 
48: 
49:   @Before
50:   public void initTestCase(){ 
51:     threadStopper.storeCurrentThreads();
52:     threadStopper.startRecordingTime();
53:     org.evosuite.runtime.jvm.ShutdownHookHandler.getInstance().initHandler(); 
54:     org.evosuite.runtime.sandbox.Sandbox.goingToExecuteSUTCode(); 
55:     setSystemProperties(); 
56:     org.evosuite.runtime.GuiSupport.setHeadless(); 
57:     org.evosuite.runtime.Runtime.getInstance().resetRuntime(); 
58:     org.evosuite.runtime.agent.InstrumentingAgent.activate(); 
59:   } 
60: 
61:   @After
62:   public void doneWithTestCase(){ 
63:     threadStopper.killAndJoinClientThreads();
64:     org.evosuite.runtime.jvm.ShutdownHookHandler.getInstance().safeExecuteAddedHooks(); 
65:     org.evosuite.runtime.classhandling.JDKClassResetter.reset(); 
66:     resetClasses(); 
67:     org.evosuite.runtime.sandbox.Sandbox.doneWithExecutingSUTCode(); 
68:     org.evosuite.runtime.agent.InstrumentingAgent.deactivate(); 
69:     org.evosuite.runtime.GuiSupport.restoreHeadlessMode(); 
70:   } 
71: 
72:   public static void setSystemProperties() {
73:  
74:     java.lang.System.setProperties((java.util.Properties) defaultProperties.clone()); 
75:     java.lang.System.setProperty("user.dir", "/work/Gson_14f"); 
76:     java.lang.System.setProperty("java.io.tmpdir", "/tmp"); 
77:   }
78: 
79:   private static void initializeClasses() {
80:     org.evosuite.runtime.classhandling.ClassStateSupport.initializeClasses($Gson$Types_25_tmp__ESTest_scaffolding.class.getClassLoader() ,
81:       "com.google.gson.internal.$Gson$Types",
82:       "com.google.gson.internal.$Gson$Preconditions",
83:       "com.google.gson.internal.$Gson$Types$WildcardTypeImpl",
84:       "com.google.gson.internal.$Gson$Types$ParameterizedTypeImpl",
85:       "com.google.gson.internal.$Gson$Types$GenericArrayTypeImpl"
86:     );
87:   } 
88: 
89:   private static void resetClasses() {
90:     org.evosuite.runtime.classhandling.ClassResetter.getInstance().setClassLoader($Gson$Types_25_tmp__ESTest_scaffolding.class.getClassLoader()); 
91: 
92:     org.evosuite.runtime.classhandling.ClassStateSupport.resetClasses(
93:       "com.google.gson.internal.$Gson$Types",
94:       "com.google.gson.internal.$Gson$Types$ParameterizedTypeImpl",
95:       "com.google.gson.internal.$Gson$Types$GenericArrayTypeImpl",
96:       "com.google.gson.internal.$Gson$Types$WildcardTypeImpl",
97:       "com.google.gson.internal.$Gson$Preconditions"
98:     );
99:   }
100: }

[MASTER] 00:17:59.607 [logback-2] ERROR JUnitAnalyzer - Failed to compile test case:
Class<Properties> class0 = Properties.class;
Type type0 = .Gson.Types.resolve((Type) null, class0, class0);
WildcardType wildcardType0 = .Gson.Types.supertypeOf(type0);
boolean boolean0 = .Gson.Types.equal(wildcardType0, class0);
assertFalse(boolean0);


[MASTER] 00:17:59.624 [logback-2] ERROR JUnitAnalyzer - Compilation failed on compilation units: [SimpleFileObject[/tmp/EvoSuite_26_1790061479609/com/google/gson/internal/$Gson$Types_26_tmp__ESTest.java], SimpleFileObject[/tmp/EvoSuite_26_1790061479609/com/google/gson/internal/$Gson$Types_26_tmp__ESTest_scaffolding.java]]
[MASTER] 00:17:59.624 [logback-2] ERROR JUnitAnalyzer - Classpath: /opt/defects4j/framework/projects/lib/junit-4.12-hamcrest-1.3.jar:/work/Gson_14f/target/classes:/work/Gson_14f/target/test-classes:/opt/defects4j/framework/projects/Gson/lib/com/google/code/findbugs/jsr305/3.0.0/jsr305-3.0.0.jar:/opt/defects4j/framework/projects/lib/junit-4.12-hamcrest-1.3.jar:/opt/evosuite/evosuite-1.2.0.jar:/work/Gson_14f/target/classes:/work/Gson_14f/target/test-classes:/opt/defects4j/framework/projects/Gson/lib/com/google/code/findbugs/jsr305/3.0.0/jsr305-3.0.0.jar:/opt/defects4j/framework/projects/lib/junit-4.12-hamcrest-1.3.jar:/work/Gson_14f/target/classes:/work/Gson_14f/target/test-classes:/opt/defects4j/framework/projects/Gson/lib/com/google/code/findbugs/jsr305/3.0.0/jsr305-3.0.0.jar
[MASTER] 00:17:59.624 [logback-2] ERROR JUnitAnalyzer - evosuiteCP: /opt/defects4j/framework/projects/lib/junit-4.12-hamcrest-1.3.jar:/opt/evosuite/evosuite-1.2.0.jar:/work/Gson_14f/target/classes:/work/Gson_14f/target/test-classes:/opt/defects4j/framework/projects/Gson/lib/com/google/code/findbugs/jsr305/3.0.0/jsr305-3.0.0.jar:/opt/defects4j/framework/projects/lib/junit-4.12-hamcrest-1.3.jar:/work/Gson_14f/target/classes:/work/Gson_14f/target/test-classes:/opt/defects4j/framework/projects/Gson/lib/com/google/code/findbugs/jsr305/3.0.0/jsr305-3.0.0.jar
[MASTER] 00:17:59.625 [logback-2] ERROR JUnitAnalyzer - Diagnostic: illegal start of expression: 23
[MASTER] 00:17:59.625 [logback-2] ERROR JUnitAnalyzer - Diagnostic: illegal start of expression: 26
[MASTER] 00:17:59.625 [logback-2] ERROR JUnitAnalyzer - SimpleFileObject[/tmp/EvoSuite_26_1790061479609/com/google/gson/internal/$Gson$Types_26_tmp__ESTest.java]
1: /*
2:  * This file was automatically generated by EvoSuite
3:  * Tue Sep 22 07:17:59 GMT 2026
4:  */
5: 
6: package com.google.gson.internal;
7: 
8: import org.junit.Test;
9: import static org.junit.Assert.*;
10: import static org.evosuite.runtime.EvoAssertions.*;
11: import java.lang.reflect.ParameterizedType;
12: import java.lang.reflect.Type;
13: import org.evosuite.runtime.EvoRunner;
14: import org.evosuite.runtime.EvoRunnerParameters;
15: import org.junit.runner.RunWith;
16: 
17: @RunWith(EvoRunner.class) @EvoRunnerParameters(mockJVMNonDeterminism = true, useVFS = true, useVNET = true, resetStaticState = true) 
18: public class $Gson$Types_26_tmp__ESTest extends $Gson$Types_26_tmp__ESTest_scaffolding {
19: 
20:   @Test(timeout = 4000)
21:   public void test0()  throws Throwable  {
22:       Type[] typeArray0 = new Type[0];
23:       ParameterizedType parameterizedType0 = .Gson.Types.newParameterizedTypeWithOwner((Type) null, (Type) null, typeArray0);
24:       // Undeclared exception!
25:       try { 
26:         .Gson.Types.getArrayComponentType(parameterizedType0);
27:         fail("Expecting exception: ClassCastException");
28:       
29:       } catch(ClassCastException e) {
30:          //
31:          // class com.google.gson.internal.$Gson$Types$ParameterizedTypeImpl cannot be cast to class java.lang.Class (com.google.gson.internal.$Gson$Types$ParameterizedTypeImpl is in unnamed module of loader org.evosuite.instrumentation.InstrumentingClassLoader @75511db6; java.lang.Class is in module java.base of loader 'bootstrap')
32:          //
33:          verifyException("com.google.gson.internal.$Gson$Types", e);
34:       }
35:   }
36: }
SimpleFileObject[/tmp/EvoSuite_26_1790061479609/com/google/gson/internal/$Gson$Types_26_tmp__ESTest.java]
1: /**
2:  * Scaffolding file used to store all the setups needed to run 
3:  * tests automatically generated by EvoSuite
4:  * Tue Sep 22 07:17:59 GMT 2026
5:  */
6: 
7: package com.google.gson.internal;
8: 
9: import org.evosuite.runtime.annotation.EvoSuiteClassExclude;
10: import org.junit.BeforeClass;
11: import org.junit.Before;
12: import org.junit.After;
13: import org.junit.AfterClass;
14: import org.evosuite.runtime.sandbox.Sandbox;
15: import org.evosuite.runtime.sandbox.Sandbox.SandboxMode;
16: 
17: @EvoSuiteClassExclude
18: public class $Gson$Types_26_tmp__ESTest_scaffolding {
19: 
20:   @org.junit.Rule
21:   public org.evosuite.runtime.vnet.NonFunctionalRequirementRule nfr = new org.evosuite.runtime.vnet.NonFunctionalRequirementRule();
22: 
23:   private static final java.util.Properties defaultProperties = (java.util.Properties) java.lang.System.getProperties().clone(); 
24: 
25:   private org.evosuite.runtime.thread.ThreadStopper threadStopper =  new org.evosuite.runtime.thread.ThreadStopper (org.evosuite.runtime.thread.KillSwitchHandler.getInstance(), 3000);
26: 
27: 
28:   @BeforeClass
29:   public static void initEvoSuiteFramework() { 
30:     org.evosuite.runtime.RuntimeSettings.className = "com.google.gson.internal.$Gson$Types"; 
31:     org.evosuite.runtime.GuiSupport.initialize(); 
32:     org.evosuite.runtime.RuntimeSettings.maxNumberOfThreads = 100; 
33:     org.evosuite.runtime.RuntimeSettings.maxNumberOfIterationsPerLoop = 10000; 
34:     org.evosuite.runtime.RuntimeSettings.mockSystemIn = true; 
35:     org.evosuite.runtime.RuntimeSettings.sandboxMode = org.evosuite.runtime.sandbox.Sandbox.SandboxMode.RECOMMENDED; 
36:     org.evosuite.runtime.sandbox.Sandbox.initializeSecurityManagerForSUT(); 
37:     org.evosuite.runtime.classhandling.JDKClassResetter.init();
38:     setSystemProperties();
39:     initializeClasses();
40:     org.evosuite.runtime.Runtime.getInstance().resetRuntime(); 
41:   } 
42: 
43:   @AfterClass
44:   public static void clearEvoSuiteFramework(){ 
45:     Sandbox.resetDefaultSecurityManager(); 
46:     java.lang.System.setProperties((java.util.Properties) defaultProperties.clone()); 
47:   } 
48: 
49:   @Before
50:   public void initTestCase(){ 
51:     threadStopper.storeCurrentThreads();
52:     threadStopper.startRecordingTime();
53:     org.evosuite.runtime.jvm.ShutdownHookHandler.getInstance().initHandler(); 
54:     org.evosuite.runtime.sandbox.Sandbox.goingToExecuteSUTCode(); 
55:     setSystemProperties(); 
56:     org.evosuite.runtime.GuiSupport.setHeadless(); 
57:     org.evosuite.runtime.Runtime.getInstance().resetRuntime(); 
58:     org.evosuite.runtime.agent.InstrumentingAgent.activate(); 
59:   } 
60: 
61:   @After
62:   public void doneWithTestCase(){ 
63:     threadStopper.killAndJoinClientThreads();
64:     org.evosuite.runtime.jvm.ShutdownHookHandler.getInstance().safeExecuteAddedHooks(); 
65:     org.evosuite.runtime.classhandling.JDKClassResetter.reset(); 
66:     resetClasses(); 
67:     org.evosuite.runtime.sandbox.Sandbox.doneWithExecutingSUTCode(); 
68:     org.evosuite.runtime.agent.InstrumentingAgent.deactivate(); 
69:     org.evosuite.runtime.GuiSupport.restoreHeadlessMode(); 
70:   } 
71: 
72:   public static void setSystemProperties() {
73:  
74:     java.lang.System.setProperties((java.util.Properties) defaultProperties.clone()); 
75:     java.lang.System.setProperty("user.dir", "/work/Gson_14f"); 
76:     java.lang.System.setProperty("java.io.tmpdir", "/tmp"); 
77:   }
78: 
79:   private static void initializeClasses() {
80:     org.evosuite.runtime.classhandling.ClassStateSupport.initializeClasses($Gson$Types_26_tmp__ESTest_scaffolding.class.getClassLoader() ,
81:       "com.google.gson.internal.$Gson$Types",
82:       "com.google.gson.internal.$Gson$Preconditions",
83:       "com.google.gson.internal.$Gson$Types$WildcardTypeImpl",
84:       "com.google.gson.internal.$Gson$Types$ParameterizedTypeImpl",
85:       "com.google.gson.internal.$Gson$Types$GenericArrayTypeImpl"
86:     );
87:   } 
88: 
89:   private static void resetClasses() {
90:     org.evosuite.runtime.classhandling.ClassResetter.getInstance().setClassLoader($Gson$Types_26_tmp__ESTest_scaffolding.class.getClassLoader()); 
91: 
92:     org.evosuite.runtime.classhandling.ClassStateSupport.resetClasses(
93:       "com.google.gson.internal.$Gson$Types",
94:       "com.google.gson.internal.$Gson$Types$ParameterizedTypeImpl",
95:       "com.google.gson.internal.$Gson$Types$GenericArrayTypeImpl",
96:       "com.google.gson.internal.$Gson$Types$WildcardTypeImpl",
97:       "com.google.gson.internal.$Gson$Preconditions"
98:     );
99:   }
100: }

[MASTER] 00:17:59.625 [logback-2] ERROR JUnitAnalyzer - Failed to compile test case:
Type[] typeArray0 = new Type[0];
ParameterizedType parameterizedType0 = .Gson.Types.newParameterizedTypeWithOwner((Type) null, (Type) null, typeArray0);
.Gson.Types.getArrayComponentType(parameterizedType0);

[MASTER] 00:17:59.642 [logback-2] ERROR JUnitAnalyzer - Compilation failed on compilation units: [SimpleFileObject[/tmp/EvoSuite_27_1790061479627/com/google/gson/internal/$Gson$Types_27_tmp__ESTest.java], SimpleFileObject[/tmp/EvoSuite_27_1790061479627/com/google/gson/internal/$Gson$Types_27_tmp__ESTest_scaffolding.java]]
[MASTER] 00:17:59.642 [logback-2] ERROR JUnitAnalyzer - Classpath: /opt/defects4j/framework/projects/lib/junit-4.12-hamcrest-1.3.jar:/work/Gson_14f/target/classes:/work/Gson_14f/target/test-classes:/opt/defects4j/framework/projects/Gson/lib/com/google/code/findbugs/jsr305/3.0.0/jsr305-3.0.0.jar:/opt/defects4j/framework/projects/lib/junit-4.12-hamcrest-1.3.jar:/opt/evosuite/evosuite-1.2.0.jar:/work/Gson_14f/target/classes:/work/Gson_14f/target/test-classes:/opt/defects4j/framework/projects/Gson/lib/com/google/code/findbugs/jsr305/3.0.0/jsr305-3.0.0.jar:/opt/defects4j/framework/projects/lib/junit-4.12-hamcrest-1.3.jar:/work/Gson_14f/target/classes:/work/Gson_14f/target/test-classes:/opt/defects4j/framework/projects/Gson/lib/com/google/code/findbugs/jsr305/3.0.0/jsr305-3.0.0.jar
[MASTER] 00:17:59.642 [logback-2] ERROR JUnitAnalyzer - evosuiteCP: /opt/defects4j/framework/projects/lib/junit-4.12-hamcrest-1.3.jar:/opt/evosuite/evosuite-1.2.0.jar:/work/Gson_14f/target/classes:/work/Gson_14f/target/test-classes:/opt/defects4j/framework/projects/Gson/lib/com/google/code/findbugs/jsr305/3.0.0/jsr305-3.0.0.jar:/opt/defects4j/framework/projects/lib/junit-4.12-hamcrest-1.3.jar:/work/Gson_14f/target/classes:/work/Gson_14f/target/test-classes:/opt/defects4j/framework/projects/Gson/lib/com/google/code/findbugs/jsr305/3.0.0/jsr305-3.0.0.jar
[MASTER] 00:17:59.642 [logback-2] ERROR JUnitAnalyzer - Diagnostic: illegal start of expression: 23
[MASTER] 00:17:59.642 [logback-2] ERROR JUnitAnalyzer - SimpleFileObject[/tmp/EvoSuite_27_1790061479627/com/google/gson/internal/$Gson$Types_27_tmp__ESTest.java]
1: /*
2:  * This file was automatically generated by EvoSuite
3:  * Tue Sep 22 07:17:59 GMT 2026
4:  */
5: 
6: package com.google.gson.internal;
7: 
8: import org.junit.Test;
9: import static org.junit.Assert.*;
10: import static org.evosuite.runtime.EvoAssertions.*;
11: import java.lang.reflect.Type;
12: import org.evosuite.runtime.EvoRunner;
13: import org.evosuite.runtime.EvoRunnerParameters;
14: import org.junit.runner.RunWith;
15: 
16: @RunWith(EvoRunner.class) @EvoRunnerParameters(mockJVMNonDeterminism = true, useVFS = true, useVNET = true, resetStaticState = true) 
17: public class $Gson$Types_27_tmp__ESTest extends $Gson$Types_27_tmp__ESTest_scaffolding {
18: 
19:   @Test(timeout = 4000)
20:   public void test0()  throws Throwable  {
21:       // Undeclared exception!
22:       try { 
23:         .Gson.Types.getArrayComponentType((Type) null);
24:         fail("Expecting exception: NullPointerException");
25:       
26:       } catch(NullPointerException e) {
27:          //
28:          // no message in exception (getMessage() returned null)
29:          //
30:          verifyException("com.google.gson.internal.$Gson$Types", e);
31:       }
32:   }
33: }
SimpleFileObject[/tmp/EvoSuite_27_1790061479627/com/google/gson/internal/$Gson$Types_27_tmp__ESTest.java]
1: /**
2:  * Scaffolding file used to store all the setups needed to run 
3:  * tests automatically generated by EvoSuite
4:  * Tue Sep 22 07:17:59 GMT 2026
5:  */
6: 
7: package com.google.gson.internal;
8: 
9: import org.evosuite.runtime.annotation.EvoSuiteClassExclude;
10: import org.junit.BeforeClass;
11: import org.junit.Before;
12: import org.junit.After;
13: import org.junit.AfterClass;
14: import org.evosuite.runtime.sandbox.Sandbox;
15: import org.evosuite.runtime.sandbox.Sandbox.SandboxMode;
16: 
17: @EvoSuiteClassExclude
18: public class $Gson$Types_27_tmp__ESTest_scaffolding {
19: 
20:   @org.junit.Rule
21:   public org.evosuite.runtime.vnet.NonFunctionalRequirementRule nfr = new org.evosuite.runtime.vnet.NonFunctionalRequirementRule();
22: 
23:   private static final java.util.Properties defaultProperties = (java.util.Properties) java.lang.System.getProperties().clone(); 
24: 
25:   private org.evosuite.runtime.thread.ThreadStopper threadStopper =  new org.evosuite.runtime.thread.ThreadStopper (org.evosuite.runtime.thread.KillSwitchHandler.getInstance(), 3000);
26: 
27: 
28:   @BeforeClass
29:   public static void initEvoSuiteFramework() { 
30:     org.evosuite.runtime.RuntimeSettings.className = "com.google.gson.internal.$Gson$Types"; 
31:     org.evosuite.runtime.GuiSupport.initialize(); 
32:     org.evosuite.runtime.RuntimeSettings.maxNumberOfThreads = 100; 
33:     org.evosuite.runtime.RuntimeSettings.maxNumberOfIterationsPerLoop = 10000; 
34:     org.evosuite.runtime.RuntimeSettings.mockSystemIn = true; 
35:     org.evosuite.runtime.RuntimeSettings.sandboxMode = org.evosuite.runtime.sandbox.Sandbox.SandboxMode.RECOMMENDED; 
36:     org.evosuite.runtime.sandbox.Sandbox.initializeSecurityManagerForSUT(); 
37:     org.evosuite.runtime.classhandling.JDKClassResetter.init();
38:     setSystemProperties();
39:     initializeClasses();
40:     org.evosuite.runtime.Runtime.getInstance().resetRuntime(); 
41:   } 
42: 
43:   @AfterClass
44:   public static void clearEvoSuiteFramework(){ 
45:     Sandbox.resetDefaultSecurityManager(); 
46:     java.lang.System.setProperties((java.util.Properties) defaultProperties.clone()); 
47:   } 
48: 
49:   @Before
50:   public void initTestCase(){ 
51:     threadStopper.storeCurrentThreads();
52:     threadStopper.startRecordingTime();
53:     org.evosuite.runtime.jvm.ShutdownHookHandler.getInstance().initHandler(); 
54:     org.evosuite.runtime.sandbox.Sandbox.goingToExecuteSUTCode(); 
55:     setSystemProperties(); 
56:     org.evosuite.runtime.GuiSupport.setHeadless(); 
57:     org.evosuite.runtime.Runtime.getInstance().resetRuntime(); 
58:     org.evosuite.runtime.agent.InstrumentingAgent.activate(); 
59:   } 
60: 
61:   @After
62:   public void doneWithTestCase(){ 
63:     threadStopper.killAndJoinClientThreads();
64:     org.evosuite.runtime.jvm.ShutdownHookHandler.getInstance().safeExecuteAddedHooks(); 
65:     org.evosuite.runtime.classhandling.JDKClassResetter.reset(); 
66:     resetClasses(); 
67:     org.evosuite.runtime.sandbox.Sandbox.doneWithExecutingSUTCode(); 
68:     org.evosuite.runtime.agent.InstrumentingAgent.deactivate(); 
69:     org.evosuite.runtime.GuiSupport.restoreHeadlessMode(); 
70:   } 
71: 
72:   public static void setSystemProperties() {
73:  
74:     java.lang.System.setProperties((java.util.Properties) defaultProperties.clone()); 
75:     java.lang.System.setProperty("user.dir", "/work/Gson_14f"); 
76:     java.lang.System.setProperty("java.io.tmpdir", "/tmp"); 
77:   }
78: 
79:   private static void initializeClasses() {
80:     org.evosuite.runtime.classhandling.ClassStateSupport.initializeClasses($Gson$Types_27_tmp__ESTest_scaffolding.class.getClassLoader() ,
81:       "com.google.gson.internal.$Gson$Types",
82:       "com.google.gson.internal.$Gson$Preconditions",
83:       "com.google.gson.internal.$Gson$Types$WildcardTypeImpl",
84:       "com.google.gson.internal.$Gson$Types$ParameterizedTypeImpl",
85:       "com.google.gson.internal.$Gson$Types$GenericArrayTypeImpl"
86:     );
87:   } 
88: 
89:   private static void resetClasses() {
90:     org.evosuite.runtime.classhandling.ClassResetter.getInstance().setClassLoader($Gson$Types_27_tmp__ESTest_scaffolding.class.getClassLoader()); 
91: 
92:     org.evosuite.runtime.classhandling.ClassStateSupport.resetClasses(
93:       "com.google.gson.internal.$Gson$Types",
94:       "com.google.gson.internal.$Gson$Types$ParameterizedTypeImpl",
95:       "com.google.gson.internal.$Gson$Types$GenericArrayTypeImpl",
96:       "com.google.gson.internal.$Gson$Types$WildcardTypeImpl",
97:       "com.google.gson.internal.$Gson$Preconditions"
98:     );
99:   }
100: }

[MASTER] 00:17:59.643 [logback-2] ERROR JUnitAnalyzer - Failed to compile test case:
.Gson.Types.getArrayComponentType((Type) null);

[MASTER] 00:17:59.661 [logback-2] ERROR JUnitAnalyzer - Compilation failed on compilation units: [SimpleFileObject[/tmp/EvoSuite_28_1790061479644/com/google/gson/internal/$Gson$Types_28_tmp__ESTest.java], SimpleFileObject[/tmp/EvoSuite_28_1790061479644/com/google/gson/internal/$Gson$Types_28_tmp__ESTest_scaffolding.java]]
[MASTER] 00:17:59.661 [logback-2] ERROR JUnitAnalyzer - Classpath: /opt/defects4j/framework/projects/lib/junit-4.12-hamcrest-1.3.jar:/work/Gson_14f/target/classes:/work/Gson_14f/target/test-classes:/opt/defects4j/framework/projects/Gson/lib/com/google/code/findbugs/jsr305/3.0.0/jsr305-3.0.0.jar:/opt/defects4j/framework/projects/lib/junit-4.12-hamcrest-1.3.jar:/opt/evosuite/evosuite-1.2.0.jar:/work/Gson_14f/target/classes:/work/Gson_14f/target/test-classes:/opt/defects4j/framework/projects/Gson/lib/com/google/code/findbugs/jsr305/3.0.0/jsr305-3.0.0.jar:/opt/defects4j/framework/projects/lib/junit-4.12-hamcrest-1.3.jar:/work/Gson_14f/target/classes:/work/Gson_14f/target/test-classes:/opt/defects4j/framework/projects/Gson/lib/com/google/code/findbugs/jsr305/3.0.0/jsr305-3.0.0.jar
[MASTER] 00:17:59.661 [logback-2] ERROR JUnitAnalyzer - evosuiteCP: /opt/defects4j/framework/projects/lib/junit-4.12-hamcrest-1.3.jar:/opt/evosuite/evosuite-1.2.0.jar:/work/Gson_14f/target/classes:/work/Gson_14f/target/test-classes:/opt/defects4j/framework/projects/Gson/lib/com/google/code/findbugs/jsr305/3.0.0/jsr305-3.0.0.jar:/opt/defects4j/framework/projects/lib/junit-4.12-hamcrest-1.3.jar:/work/Gson_14f/target/classes:/work/Gson_14f/target/test-classes:/opt/defects4j/framework/projects/Gson/lib/com/google/code/findbugs/jsr305/3.0.0/jsr305-3.0.0.jar
[MASTER] 00:17:59.661 [logback-2] ERROR JUnitAnalyzer - Diagnostic: illegal start of expression: 25
[MASTER] 00:17:59.661 [logback-2] ERROR JUnitAnalyzer - Diagnostic: illegal start of expression: 26
[MASTER] 00:17:59.661 [logback-2] ERROR JUnitAnalyzer - Diagnostic: illegal start of expression: 29
[MASTER] 00:17:59.662 [logback-2] ERROR JUnitAnalyzer - SimpleFileObject[/tmp/EvoSuite_28_1790061479644/com/google/gson/internal/$Gson$Types_28_tmp__ESTest.java]
1: /*
2:  * This file was automatically generated by EvoSuite
3:  * Tue Sep 22 07:17:59 GMT 2026
4:  */
5: 
6: package com.google.gson.internal;
7: 
8: import org.junit.Test;
9: import static org.junit.Assert.*;
10: import static org.evosuite.runtime.EvoAssertions.*;
11: import java.lang.reflect.Type;
12: import java.lang.reflect.WildcardType;
13: import java.util.Properties;
14: import org.evosuite.runtime.EvoRunner;
15: import org.evosuite.runtime.EvoRunnerParameters;
16: import org.junit.runner.RunWith;
17: 
18: @RunWith(EvoRunner.class) @EvoRunnerParameters(mockJVMNonDeterminism = true, useVFS = true, useVNET = true, resetStaticState = true) 
19: public class $Gson$Types_28_tmp__ESTest extends $Gson$Types_28_tmp__ESTest_scaffolding {
20: 
21:   @Test(timeout = 4000)
22:   public void test0()  throws Throwable  {
23:       Class<Properties> class0 = Properties.class;
24:       Class<Object> class1 = Object.class;
25:       Type type0 = .Gson.Types.getGenericSupertype((Type) null, class0, class1);
26:       WildcardType wildcardType0 = .Gson.Types.subtypeOf(type0);
27:       // Undeclared exception!
28:       try { 
29:         .Gson.Types.getCollectionElementType(wildcardType0, class1);
30:         fail("Expecting exception: IllegalArgumentException");
31:       
32:       } catch(IllegalArgumentException e) {
33:          //
34:          // no message in exception (getMessage() returned null)
35:          //
36:          verifyException("com.google.gson.internal.$Gson$Preconditions", e);
37:       }
38:   }
39: }
SimpleFileObject[/tmp/EvoSuite_28_1790061479644/com/google/gson/internal/$Gson$Types_28_tmp__ESTest.java]
1: /**
2:  * Scaffolding file used to store all the setups needed to run 
3:  * tests automatically generated by EvoSuite
4:  * Tue Sep 22 07:17:59 GMT 2026
5:  */
6: 
7: package com.google.gson.internal;
8: 
9: import org.evosuite.runtime.annotation.EvoSuiteClassExclude;
10: import org.junit.BeforeClass;
11: import org.junit.Before;
12: import org.junit.After;
13: import org.junit.AfterClass;
14: import org.evosuite.runtime.sandbox.Sandbox;
15: import org.evosuite.runtime.sandbox.Sandbox.SandboxMode;
16: 
17: @EvoSuiteClassExclude
18: public class $Gson$Types_28_tmp__ESTest_scaffolding {
19: 
20:   @org.junit.Rule
21:   public org.evosuite.runtime.vnet.NonFunctionalRequirementRule nfr = new org.evosuite.runtime.vnet.NonFunctionalRequirementRule();
22: 
23:   private static final java.util.Properties defaultProperties = (java.util.Properties) java.lang.System.getProperties().clone(); 
24: 
25:   private org.evosuite.runtime.thread.ThreadStopper threadStopper =  new org.evosuite.runtime.thread.ThreadStopper (org.evosuite.runtime.thread.KillSwitchHandler.getInstance(), 3000);
26: 
27: 
28:   @BeforeClass
29:   public static void initEvoSuiteFramework() { 
30:     org.evosuite.runtime.RuntimeSettings.className = "com.google.gson.internal.$Gson$Types"; 
31:     org.evosuite.runtime.GuiSupport.initialize(); 
32:     org.evosuite.runtime.RuntimeSettings.maxNumberOfThreads = 100; 
33:     org.evosuite.runtime.RuntimeSettings.maxNumberOfIterationsPerLoop = 10000; 
34:     org.evosuite.runtime.RuntimeSettings.mockSystemIn = true; 
35:     org.evosuite.runtime.RuntimeSettings.sandboxMode = org.evosuite.runtime.sandbox.Sandbox.SandboxMode.RECOMMENDED; 
36:     org.evosuite.runtime.sandbox.Sandbox.initializeSecurityManagerForSUT(); 
37:     org.evosuite.runtime.classhandling.JDKClassResetter.init();
38:     setSystemProperties();
39:     initializeClasses();
40:     org.evosuite.runtime.Runtime.getInstance().resetRuntime(); 
41:   } 
42: 
43:   @AfterClass
44:   public static void clearEvoSuiteFramework(){ 
45:     Sandbox.resetDefaultSecurityManager(); 
46:     java.lang.System.setProperties((java.util.Properties) defaultProperties.clone()); 
47:   } 
48: 
49:   @Before
50:   public void initTestCase(){ 
51:     threadStopper.storeCurrentThreads();
52:     threadStopper.startRecordingTime();
53:     org.evosuite.runtime.jvm.ShutdownHookHandler.getInstance().initHandler(); 
54:     org.evosuite.runtime.sandbox.Sandbox.goingToExecuteSUTCode(); 
55:     setSystemProperties(); 
56:     org.evosuite.runtime.GuiSupport.setHeadless(); 
57:     org.evosuite.runtime.Runtime.getInstance().resetRuntime(); 
58:     org.evosuite.runtime.agent.InstrumentingAgent.activate(); 
59:   } 
60: 
61:   @After
62:   public void doneWithTestCase(){ 
63:     threadStopper.killAndJoinClientThreads();
64:     org.evosuite.runtime.jvm.ShutdownHookHandler.getInstance().safeExecuteAddedHooks(); 
65:     org.evosuite.runtime.classhandling.JDKClassResetter.reset(); 
66:     resetClasses(); 
67:     org.evosuite.runtime.sandbox.Sandbox.doneWithExecutingSUTCode(); 
68:     org.evosuite.runtime.agent.InstrumentingAgent.deactivate(); 
69:     org.evosuite.runtime.GuiSupport.restoreHeadlessMode(); 
70:   } 
71: 
72:   public static void setSystemProperties() {
73:  
74:     java.lang.System.setProperties((java.util.Properties) defaultProperties.clone()); 
75:     java.lang.System.setProperty("user.dir", "/work/Gson_14f"); 
76:     java.lang.System.setProperty("java.io.tmpdir", "/tmp"); 
77:   }
78: 
79:   private static void initializeClasses() {
80:     org.evosuite.runtime.classhandling.ClassStateSupport.initializeClasses($Gson$Types_28_tmp__ESTest_scaffolding.class.getClassLoader() ,
81:       "com.google.gson.internal.$Gson$Types",
82:       "com.google.gson.internal.$Gson$Preconditions",
83:       "com.google.gson.internal.$Gson$Types$WildcardTypeImpl",
84:       "com.google.gson.internal.$Gson$Types$ParameterizedTypeImpl",
85:       "com.google.gson.internal.$Gson$Types$GenericArrayTypeImpl"
86:     );
87:   } 
88: 
89:   private static void resetClasses() {
90:     org.evosuite.runtime.classhandling.ClassResetter.getInstance().setClassLoader($Gson$Types_28_tmp__ESTest_scaffolding.class.getClassLoader()); 
91: 
92:     org.evosuite.runtime.classhandling.ClassStateSupport.resetClasses(
93:       "com.google.gson.internal.$Gson$Types",
94:       "com.google.gson.internal.$Gson$Types$ParameterizedTypeImpl",
95:       "com.google.gson.internal.$Gson$Types$GenericArrayTypeImpl",
96:       "com.google.gson.internal.$Gson$Types$WildcardTypeImpl",
97:       "com.google.gson.internal.$Gson$Preconditions"
98:     );
99:   }
100: }

[MASTER] 00:17:59.662 [logback-2] ERROR JUnitAnalyzer - Failed to compile test case:
Class<Properties> class0 = Properties.class;
Class<Object> class1 = Object.class;
Type type0 = .Gson.Types.getGenericSupertype((Type) null, class0, class1);
WildcardType wildcardType0 = .Gson.Types.subtypeOf(type0);
.Gson.Types.getCollectionElementType(wildcardType0, class1);

[MASTER] 00:17:59.679 [logback-2] ERROR JUnitAnalyzer - Compilation failed on compilation units: [SimpleFileObject[/tmp/EvoSuite_29_1790061479664/com/google/gson/internal/$Gson$Types_29_tmp__ESTest.java], SimpleFileObject[/tmp/EvoSuite_29_1790061479664/com/google/gson/internal/$Gson$Types_29_tmp__ESTest_scaffolding.java]]
[MASTER] 00:17:59.679 [logback-2] ERROR JUnitAnalyzer - Classpath: /opt/defects4j/framework/projects/lib/junit-4.12-hamcrest-1.3.jar:/work/Gson_14f/target/classes:/work/Gson_14f/target/test-classes:/opt/defects4j/framework/projects/Gson/lib/com/google/code/findbugs/jsr305/3.0.0/jsr305-3.0.0.jar:/opt/defects4j/framework/projects/lib/junit-4.12-hamcrest-1.3.jar:/opt/evosuite/evosuite-1.2.0.jar:/work/Gson_14f/target/classes:/work/Gson_14f/target/test-classes:/opt/defects4j/framework/projects/Gson/lib/com/google/code/findbugs/jsr305/3.0.0/jsr305-3.0.0.jar:/opt/defects4j/framework/projects/lib/junit-4.12-hamcrest-1.3.jar:/work/Gson_14f/target/classes:/work/Gson_14f/target/test-classes:/opt/defects4j/framework/projects/Gson/lib/com/google/code/findbugs/jsr305/3.0.0/jsr305-3.0.0.jar
[MASTER] 00:17:59.680 [logback-2] ERROR JUnitAnalyzer - evosuiteCP: /opt/defects4j/framework/projects/lib/junit-4.12-hamcrest-1.3.jar:/opt/evosuite/evosuite-1.2.0.jar:/work/Gson_14f/target/classes:/work/Gson_14f/target/test-classes:/opt/defects4j/framework/projects/Gson/lib/com/google/code/findbugs/jsr305/3.0.0/jsr305-3.0.0.jar:/opt/defects4j/framework/projects/lib/junit-4.12-hamcrest-1.3.jar:/work/Gson_14f/target/classes:/work/Gson_14f/target/test-classes:/opt/defects4j/framework/projects/Gson/lib/com/google/code/findbugs/jsr305/3.0.0/jsr305-3.0.0.jar
[MASTER] 00:17:59.680 [logback-2] ERROR JUnitAnalyzer - Diagnostic: illegal start of expression: 24
[MASTER] 00:17:59.680 [logback-2] ERROR JUnitAnalyzer - SimpleFileObject[/tmp/EvoSuite_29_1790061479664/com/google/gson/internal/$Gson$Types_29_tmp__ESTest.java]
1: /*
2:  * This file was automatically generated by EvoSuite
3:  * Tue Sep 22 07:17:59 GMT 2026
4:  */
5: 
6: package com.google.gson.internal;
7: 
8: import org.junit.Test;
9: import static org.junit.Assert.*;
10: import static org.evosuite.runtime.EvoAssertions.*;
11: import java.util.Properties;
12: import org.evosuite.runtime.EvoRunner;
13: import org.evosuite.runtime.EvoRunnerParameters;
14: import org.junit.runner.RunWith;
15: 
16: @RunWith(EvoRunner.class) @EvoRunnerParameters(mockJVMNonDeterminism = true, useVFS = true, useVNET = true, resetStaticState = true) 
17: public class $Gson$Types_29_tmp__ESTest extends $Gson$Types_29_tmp__ESTest_scaffolding {
18: 
19:   @Test(timeout = 4000)
20:   public void test0()  throws Throwable  {
21:       Class<Properties> class0 = Properties.class;
22:       // Undeclared exception!
23:       try { 
24:         .Gson.Types.getCollectionElementType(class0, (Class<?>) null);
25:         fail("Expecting exception: NullPointerException");
26:       
27:       } catch(NullPointerException e) {
28:       }
29:   }
30: }
SimpleFileObject[/tmp/EvoSuite_29_1790061479664/com/google/gson/internal/$Gson$Types_29_tmp__ESTest.java]
1: /**
2:  * Scaffolding file used to store all the setups needed to run 
3:  * tests automatically generated by EvoSuite
4:  * Tue Sep 22 07:17:59 GMT 2026
5:  */
6: 
7: package com.google.gson.internal;
8: 
9: import org.evosuite.runtime.annotation.EvoSuiteClassExclude;
10: import org.junit.BeforeClass;
11: import org.junit.Before;
12: import org.junit.After;
13: import org.junit.AfterClass;
14: import org.evosuite.runtime.sandbox.Sandbox;
15: import org.evosuite.runtime.sandbox.Sandbox.SandboxMode;
16: 
17: @EvoSuiteClassExclude
18: public class $Gson$Types_29_tmp__ESTest_scaffolding {
19: 
20:   @org.junit.Rule
21:   public org.evosuite.runtime.vnet.NonFunctionalRequirementRule nfr = new org.evosuite.runtime.vnet.NonFunctionalRequirementRule();
22: 
23:   private static final java.util.Properties defaultProperties = (java.util.Properties) java.lang.System.getProperties().clone(); 
24: 
25:   private org.evosuite.runtime.thread.ThreadStopper threadStopper =  new org.evosuite.runtime.thread.ThreadStopper (org.evosuite.runtime.thread.KillSwitchHandler.getInstance(), 3000);
26: 
27: 
28:   @BeforeClass
29:   public static void initEvoSuiteFramework() { 
30:     org.evosuite.runtime.RuntimeSettings.className = "com.google.gson.internal.$Gson$Types"; 
31:     org.evosuite.runtime.GuiSupport.initialize(); 
32:     org.evosuite.runtime.RuntimeSettings.maxNumberOfThreads = 100; 
33:     org.evosuite.runtime.RuntimeSettings.maxNumberOfIterationsPerLoop = 10000; 
34:     org.evosuite.runtime.RuntimeSettings.mockSystemIn = true; 
35:     org.evosuite.runtime.RuntimeSettings.sandboxMode = org.evosuite.runtime.sandbox.Sandbox.SandboxMode.RECOMMENDED; 
36:     org.evosuite.runtime.sandbox.Sandbox.initializeSecurityManagerForSUT(); 
37:     org.evosuite.runtime.classhandling.JDKClassResetter.init();
38:     setSystemProperties();
39:     initializeClasses();
40:     org.evosuite.runtime.Runtime.getInstance().resetRuntime(); 
41:   } 
42: 
43:   @AfterClass
44:   public static void clearEvoSuiteFramework(){ 
45:     Sandbox.resetDefaultSecurityManager(); 
46:     java.lang.System.setProperties((java.util.Properties) defaultProperties.clone()); 
47:   } 
48: 
49:   @Before
50:   public void initTestCase(){ 
51:     threadStopper.storeCurrentThreads();
52:     threadStopper.startRecordingTime();
53:     org.evosuite.runtime.jvm.ShutdownHookHandler.getInstance().initHandler(); 
54:     org.evosuite.runtime.sandbox.Sandbox.goingToExecuteSUTCode(); 
55:     setSystemProperties(); 
56:     org.evosuite.runtime.GuiSupport.setHeadless(); 
57:     org.evosuite.runtime.Runtime.getInstance().resetRuntime(); 
58:     org.evosuite.runtime.agent.InstrumentingAgent.activate(); 
59:   } 
60: 
61:   @After
62:   public void doneWithTestCase(){ 
63:     threadStopper.killAndJoinClientThreads();
64:     org.evosuite.runtime.jvm.ShutdownHookHandler.getInstance().safeExecuteAddedHooks(); 
65:     org.evosuite.runtime.classhandling.JDKClassResetter.reset(); 
66:     resetClasses(); 
67:     org.evosuite.runtime.sandbox.Sandbox.doneWithExecutingSUTCode(); 
68:     org.evosuite.runtime.agent.InstrumentingAgent.deactivate(); 
69:     org.evosuite.runtime.GuiSupport.restoreHeadlessMode(); 
70:   } 
71: 
72:   public static void setSystemProperties() {
73:  
74:     java.lang.System.setProperties((java.util.Properties) defaultProperties.clone()); 
75:     java.lang.System.setProperty("user.dir", "/work/Gson_14f"); 
76:     java.lang.System.setProperty("java.io.tmpdir", "/tmp"); 
77:   }
78: 
79:   private static void initializeClasses() {
80:     org.evosuite.runtime.classhandling.ClassStateSupport.initializeClasses($Gson$Types_29_tmp__ESTest_scaffolding.class.getClassLoader() ,
81:       "com.google.gson.internal.$Gson$Types",
82:       "com.google.gson.internal.$Gson$Preconditions",
83:       "com.google.gson.internal.$Gson$Types$WildcardTypeImpl",
84:       "com.google.gson.internal.$Gson$Types$ParameterizedTypeImpl",
85:       "com.google.gson.internal.$Gson$Types$GenericArrayTypeImpl"
86:     );
87:   } 
88: 
89:   private static void resetClasses() {
90:     org.evosuite.runtime.classhandling.ClassResetter.getInstance().setClassLoader($Gson$Types_29_tmp__ESTest_scaffolding.class.getClassLoader()); 
91: 
92:     org.evosuite.runtime.classhandling.ClassStateSupport.resetClasses(
93:       "com.google.gson.internal.$Gson$Types",
94:       "com.google.gson.internal.$Gson$Types$ParameterizedTypeImpl",
95:       "com.google.gson.internal.$Gson$Types$GenericArrayTypeImpl",
96:       "com.google.gson.internal.$Gson$Types$WildcardTypeImpl",
97:       "com.google.gson.internal.$Gson$Preconditions"
98:     );
99:   }
100: }

[MASTER] 00:17:59.680 [logback-2] ERROR JUnitAnalyzer - Failed to compile test case:
Class<Properties> class0 = Properties.class;
.Gson.Types.getCollectionElementType(class0, (Class<?>) null);

[MASTER] 00:17:59.696 [logback-2] ERROR JUnitAnalyzer - Compilation failed on compilation units: [SimpleFileObject[/tmp/EvoSuite_30_1790061479681/com/google/gson/internal/$Gson$Types_30_tmp__ESTest.java], SimpleFileObject[/tmp/EvoSuite_30_1790061479681/com/google/gson/internal/$Gson$Types_30_tmp__ESTest_scaffolding.java]]
[MASTER] 00:17:59.696 [logback-2] ERROR JUnitAnalyzer - Classpath: /opt/defects4j/framework/projects/lib/junit-4.12-hamcrest-1.3.jar:/work/Gson_14f/target/classes:/work/Gson_14f/target/test-classes:/opt/defects4j/framework/projects/Gson/lib/com/google/code/findbugs/jsr305/3.0.0/jsr305-3.0.0.jar:/opt/defects4j/framework/projects/lib/junit-4.12-hamcrest-1.3.jar:/opt/evosuite/evosuite-1.2.0.jar:/work/Gson_14f/target/classes:/work/Gson_14f/target/test-classes:/opt/defects4j/framework/projects/Gson/lib/com/google/code/findbugs/jsr305/3.0.0/jsr305-3.0.0.jar:/opt/defects4j/framework/projects/lib/junit-4.12-hamcrest-1.3.jar:/work/Gson_14f/target/classes:/work/Gson_14f/target/test-classes:/opt/defects4j/framework/projects/Gson/lib/com/google/code/findbugs/jsr305/3.0.0/jsr305-3.0.0.jar
[MASTER] 00:17:59.696 [logback-2] ERROR JUnitAnalyzer - evosuiteCP: /opt/defects4j/framework/projects/lib/junit-4.12-hamcrest-1.3.jar:/opt/evosuite/evosuite-1.2.0.jar:/work/Gson_14f/target/classes:/work/Gson_14f/target/test-classes:/opt/defects4j/framework/projects/Gson/lib/com/google/code/findbugs/jsr305/3.0.0/jsr305-3.0.0.jar:/opt/defects4j/framework/projects/lib/junit-4.12-hamcrest-1.3.jar:/work/Gson_14f/target/classes:/work/Gson_14f/target/test-classes:/opt/defects4j/framework/projects/Gson/lib/com/google/code/findbugs/jsr305/3.0.0/jsr305-3.0.0.jar
[MASTER] 00:17:59.696 [logback-2] ERROR JUnitAnalyzer - Diagnostic: illegal start of expression: 25
[MASTER] 00:17:59.697 [logback-2] ERROR JUnitAnalyzer - SimpleFileObject[/tmp/EvoSuite_30_1790061479681/com/google/gson/internal/$Gson$Types_30_tmp__ESTest.java]
1: /*
2:  * This file was automatically generated by EvoSuite
3:  * Tue Sep 22 07:17:59 GMT 2026
4:  */
5: 
6: package com.google.gson.internal;
7: 
8: import org.junit.Test;
9: import static org.junit.Assert.*;
10: import static org.evosuite.runtime.EvoAssertions.*;
11: import java.lang.reflect.Type;
12: import java.util.Properties;
13: import org.evosuite.runtime.EvoRunner;
14: import org.evosuite.runtime.EvoRunnerParameters;
15: import org.junit.runner.RunWith;
16: 
17: @RunWith(EvoRunner.class) @EvoRunnerParameters(mockJVMNonDeterminism = true, useVFS = true, useVNET = true, resetStaticState = true) 
18: public class $Gson$Types_30_tmp__ESTest extends $Gson$Types_30_tmp__ESTest_scaffolding {
19: 
20:   @Test(timeout = 4000)
21:   public void test0()  throws Throwable  {
22:       Class<Properties> class0 = Properties.class;
23:       // Undeclared exception!
24:       try { 
25:         .Gson.Types.getGenericSupertype((Type) null, class0, (Class<?>) null);
26:         fail("Expecting exception: NullPointerException");
27:       
28:       } catch(NullPointerException e) {
29:          //
30:          // no message in exception (getMessage() returned null)
31:          //
32:          verifyException("com.google.gson.internal.$Gson$Types", e);
33:       }
34:   }
35: }
SimpleFileObject[/tmp/EvoSuite_30_1790061479681/com/google/gson/internal/$Gson$Types_30_tmp__ESTest.java]
1: /**
2:  * Scaffolding file used to store all the setups needed to run 
3:  * tests automatically generated by EvoSuite
4:  * Tue Sep 22 07:17:59 GMT 2026
5:  */
6: 
7: package com.google.gson.internal;
8: 
9: import org.evosuite.runtime.annotation.EvoSuiteClassExclude;
10: import org.junit.BeforeClass;
11: import org.junit.Before;
12: import org.junit.After;
13: import org.junit.AfterClass;
14: import org.evosuite.runtime.sandbox.Sandbox;
15: import org.evosuite.runtime.sandbox.Sandbox.SandboxMode;
16: 
17: @EvoSuiteClassExclude
18: public class $Gson$Types_30_tmp__ESTest_scaffolding {
19: 
20:   @org.junit.Rule
21:   public org.evosuite.runtime.vnet.NonFunctionalRequirementRule nfr = new org.evosuite.runtime.vnet.NonFunctionalRequirementRule();
22: 
23:   private static final java.util.Properties defaultProperties = (java.util.Properties) java.lang.System.getProperties().clone(); 
24: 
25:   private org.evosuite.runtime.thread.ThreadStopper threadStopper =  new org.evosuite.runtime.thread.ThreadStopper (org.evosuite.runtime.thread.KillSwitchHandler.getInstance(), 3000);
26: 
27: 
28:   @BeforeClass
29:   public static void initEvoSuiteFramework() { 
30:     org.evosuite.runtime.RuntimeSettings.className = "com.google.gson.internal.$Gson$Types"; 
31:     org.evosuite.runtime.GuiSupport.initialize(); 
32:     org.evosuite.runtime.RuntimeSettings.maxNumberOfThreads = 100; 
33:     org.evosuite.runtime.RuntimeSettings.maxNumberOfIterationsPerLoop = 10000; 
34:     org.evosuite.runtime.RuntimeSettings.mockSystemIn = true; 
35:     org.evosuite.runtime.RuntimeSettings.sandboxMode = org.evosuite.runtime.sandbox.Sandbox.SandboxMode.RECOMMENDED; 
36:     org.evosuite.runtime.sandbox.Sandbox.initializeSecurityManagerForSUT(); 
37:     org.evosuite.runtime.classhandling.JDKClassResetter.init();
38:     setSystemProperties();
39:     initializeClasses();
40:     org.evosuite.runtime.Runtime.getInstance().resetRuntime(); 
41:   } 
42: 
43:   @AfterClass
44:   public static void clearEvoSuiteFramework(){ 
45:     Sandbox.resetDefaultSecurityManager(); 
46:     java.lang.System.setProperties((java.util.Properties) defaultProperties.clone()); 
47:   } 
48: 
49:   @Before
50:   public void initTestCase(){ 
51:     threadStopper.storeCurrentThreads();
52:     threadStopper.startRecordingTime();
53:     org.evosuite.runtime.jvm.ShutdownHookHandler.getInstance().initHandler(); 
54:     org.evosuite.runtime.sandbox.Sandbox.goingToExecuteSUTCode(); 
55:     setSystemProperties(); 
56:     org.evosuite.runtime.GuiSupport.setHeadless(); 
57:     org.evosuite.runtime.Runtime.getInstance().resetRuntime(); 
58:     org.evosuite.runtime.agent.InstrumentingAgent.activate(); 
59:   } 
60: 
61:   @After
62:   public void doneWithTestCase(){ 
63:     threadStopper.killAndJoinClientThreads();
64:     org.evosuite.runtime.jvm.ShutdownHookHandler.getInstance().safeExecuteAddedHooks(); 
65:     org.evosuite.runtime.classhandling.JDKClassResetter.reset(); 
66:     resetClasses(); 
67:     org.evosuite.runtime.sandbox.Sandbox.doneWithExecutingSUTCode(); 
68:     org.evosuite.runtime.agent.InstrumentingAgent.deactivate(); 
69:     org.evosuite.runtime.GuiSupport.restoreHeadlessMode(); 
70:   } 
71: 
72:   public static void setSystemProperties() {
73:  
74:     java.lang.System.setProperties((java.util.Properties) defaultProperties.clone()); 
75:     java.lang.System.setProperty("user.dir", "/work/Gson_14f"); 
76:     java.lang.System.setProperty("java.io.tmpdir", "/tmp"); 
77:   }
78: 
79:   private static void initializeClasses() {
80:     org.evosuite.runtime.classhandling.ClassStateSupport.initializeClasses($Gson$Types_30_tmp__ESTest_scaffolding.class.getClassLoader() ,
81:       "com.google.gson.internal.$Gson$Types",
82:       "com.google.gson.internal.$Gson$Preconditions",
83:       "com.google.gson.internal.$Gson$Types$WildcardTypeImpl",
84:       "com.google.gson.internal.$Gson$Types$ParameterizedTypeImpl",
85:       "com.google.gson.internal.$Gson$Types$GenericArrayTypeImpl"
86:     );
87:   } 
88: 
89:   private static void resetClasses() {
90:     org.evosuite.runtime.classhandling.ClassResetter.getInstance().setClassLoader($Gson$Types_30_tmp__ESTest_scaffolding.class.getClassLoader()); 
91: 
92:     org.evosuite.runtime.classhandling.ClassStateSupport.resetClasses(
93:       "com.google.gson.internal.$Gson$Types",
94:       "com.google.gson.internal.$Gson$Types$ParameterizedTypeImpl",
95:       "com.google.gson.internal.$Gson$Types$GenericArrayTypeImpl",
96:       "com.google.gson.internal.$Gson$Types$WildcardTypeImpl",
97:       "com.google.gson.internal.$Gson$Preconditions"
98:     );
99:   }
100: }

[MASTER] 00:17:59.697 [logback-2] ERROR JUnitAnalyzer - Failed to compile test case:
Class<Properties> class0 = Properties.class;
.Gson.Types.getGenericSupertype((Type) null, class0, (Class<?>) null);

[MASTER] 00:17:59.712 [logback-2] ERROR JUnitAnalyzer - Compilation failed on compilation units: [SimpleFileObject[/tmp/EvoSuite_31_1790061479697/com/google/gson/internal/$Gson$Types_31_tmp__ESTest.java], SimpleFileObject[/tmp/EvoSuite_31_1790061479697/com/google/gson/internal/$Gson$Types_31_tmp__ESTest_scaffolding.java]]
[MASTER] 00:17:59.712 [logback-2] ERROR JUnitAnalyzer - Classpath: /opt/defects4j/framework/projects/lib/junit-4.12-hamcrest-1.3.jar:/work/Gson_14f/target/classes:/work/Gson_14f/target/test-classes:/opt/defects4j/framework/projects/Gson/lib/com/google/code/findbugs/jsr305/3.0.0/jsr305-3.0.0.jar:/opt/defects4j/framework/projects/lib/junit-4.12-hamcrest-1.3.jar:/opt/evosuite/evosuite-1.2.0.jar:/work/Gson_14f/target/classes:/work/Gson_14f/target/test-classes:/opt/defects4j/framework/projects/Gson/lib/com/google/code/findbugs/jsr305/3.0.0/jsr305-3.0.0.jar:/opt/defects4j/framework/projects/lib/junit-4.12-hamcrest-1.3.jar:/work/Gson_14f/target/classes:/work/Gson_14f/target/test-classes:/opt/defects4j/framework/projects/Gson/lib/com/google/code/findbugs/jsr305/3.0.0/jsr305-3.0.0.jar
[MASTER] 00:17:59.712 [logback-2] ERROR JUnitAnalyzer - evosuiteCP: /opt/defects4j/framework/projects/lib/junit-4.12-hamcrest-1.3.jar:/opt/evosuite/evosuite-1.2.0.jar:/work/Gson_14f/target/classes:/work/Gson_14f/target/test-classes:/opt/defects4j/framework/projects/Gson/lib/com/google/code/findbugs/jsr305/3.0.0/jsr305-3.0.0.jar:/opt/defects4j/framework/projects/lib/junit-4.12-hamcrest-1.3.jar:/work/Gson_14f/target/classes:/work/Gson_14f/target/test-classes:/opt/defects4j/framework/projects/Gson/lib/com/google/code/findbugs/jsr305/3.0.0/jsr305-3.0.0.jar
[MASTER] 00:17:59.713 [logback-2] ERROR JUnitAnalyzer - Diagnostic: illegal start of expression: 24
[MASTER] 00:17:59.713 [logback-2] ERROR JUnitAnalyzer - SimpleFileObject[/tmp/EvoSuite_31_1790061479697/com/google/gson/internal/$Gson$Types_31_tmp__ESTest.java]
1: /*
2:  * This file was automatically generated by EvoSuite
3:  * Tue Sep 22 07:17:59 GMT 2026
4:  */
5: 
6: package com.google.gson.internal;
7: 
8: import org.junit.Test;
9: import static org.junit.Assert.*;
10: import static org.evosuite.runtime.EvoAssertions.*;
11: import java.lang.reflect.Type;
12: import org.evosuite.runtime.EvoRunner;
13: import org.evosuite.runtime.EvoRunnerParameters;
14: import org.junit.runner.RunWith;
15: 
16: @RunWith(EvoRunner.class) @EvoRunnerParameters(mockJVMNonDeterminism = true, useVFS = true, useVNET = true, resetStaticState = true) 
17: public class $Gson$Types_31_tmp__ESTest extends $Gson$Types_31_tmp__ESTest_scaffolding {
18: 
19:   @Test(timeout = 4000)
20:   public void test0()  throws Throwable  {
21:       Class<Object> class0 = Object.class;
22:       // Undeclared exception!
23:       try { 
24:         .Gson.Types.getMapKeyAndValueTypes((Type) null, class0);
25:         fail("Expecting exception: IllegalArgumentException");
26:       
27:       } catch(IllegalArgumentException e) {
28:          //
29:          // no message in exception (getMessage() returned null)
30:          //
31:          verifyException("com.google.gson.internal.$Gson$Preconditions", e);
32:       }
33:   }
34: }
SimpleFileObject[/tmp/EvoSuite_31_1790061479697/com/google/gson/internal/$Gson$Types_31_tmp__ESTest.java]
1: /**
2:  * Scaffolding file used to store all the setups needed to run 
3:  * tests automatically generated by EvoSuite
4:  * Tue Sep 22 07:17:59 GMT 2026
5:  */
6: 
7: package com.google.gson.internal;
8: 
9: import org.evosuite.runtime.annotation.EvoSuiteClassExclude;
10: import org.junit.BeforeClass;
11: import org.junit.Before;
12: import org.junit.After;
13: import org.junit.AfterClass;
14: import org.evosuite.runtime.sandbox.Sandbox;
15: import org.evosuite.runtime.sandbox.Sandbox.SandboxMode;
16: 
17: @EvoSuiteClassExclude
18: public class $Gson$Types_31_tmp__ESTest_scaffolding {
19: 
20:   @org.junit.Rule
21:   public org.evosuite.runtime.vnet.NonFunctionalRequirementRule nfr = new org.evosuite.runtime.vnet.NonFunctionalRequirementRule();
22: 
23:   private static final java.util.Properties defaultProperties = (java.util.Properties) java.lang.System.getProperties().clone(); 
24: 
25:   private org.evosuite.runtime.thread.ThreadStopper threadStopper =  new org.evosuite.runtime.thread.ThreadStopper (org.evosuite.runtime.thread.KillSwitchHandler.getInstance(), 3000);
26: 
27: 
28:   @BeforeClass
29:   public static void initEvoSuiteFramework() { 
30:     org.evosuite.runtime.RuntimeSettings.className = "com.google.gson.internal.$Gson$Types"; 
31:     org.evosuite.runtime.GuiSupport.initialize(); 
32:     org.evosuite.runtime.RuntimeSettings.maxNumberOfThreads = 100; 
33:     org.evosuite.runtime.RuntimeSettings.maxNumberOfIterationsPerLoop = 10000; 
34:     org.evosuite.runtime.RuntimeSettings.mockSystemIn = true; 
35:     org.evosuite.runtime.RuntimeSettings.sandboxMode = org.evosuite.runtime.sandbox.Sandbox.SandboxMode.RECOMMENDED; 
36:     org.evosuite.runtime.sandbox.Sandbox.initializeSecurityManagerForSUT(); 
37:     org.evosuite.runtime.classhandling.JDKClassResetter.init();
38:     setSystemProperties();
39:     initializeClasses();
40:     org.evosuite.runtime.Runtime.getInstance().resetRuntime(); 
41:   } 
42: 
43:   @AfterClass
44:   public static void clearEvoSuiteFramework(){ 
45:     Sandbox.resetDefaultSecurityManager(); 
46:     java.lang.System.setProperties((java.util.Properties) defaultProperties.clone()); 
47:   } 
48: 
49:   @Before
50:   public void initTestCase(){ 
51:     threadStopper.storeCurrentThreads();
52:     threadStopper.startRecordingTime();
53:     org.evosuite.runtime.jvm.ShutdownHookHandler.getInstance().initHandler(); 
54:     org.evosuite.runtime.sandbox.Sandbox.goingToExecuteSUTCode(); 
55:     setSystemProperties(); 
56:     org.evosuite.runtime.GuiSupport.setHeadless(); 
57:     org.evosuite.runtime.Runtime.getInstance().resetRuntime(); 
58:     org.evosuite.runtime.agent.InstrumentingAgent.activate(); 
59:   } 
60: 
61:   @After
62:   public void doneWithTestCase(){ 
63:     threadStopper.killAndJoinClientThreads();
64:     org.evosuite.runtime.jvm.ShutdownHookHandler.getInstance().safeExecuteAddedHooks(); 
65:     org.evosuite.runtime.classhandling.JDKClassResetter.reset(); 
66:     resetClasses(); 
67:     org.evosuite.runtime.sandbox.Sandbox.doneWithExecutingSUTCode(); 
68:     org.evosuite.runtime.agent.InstrumentingAgent.deactivate(); 
69:     org.evosuite.runtime.GuiSupport.restoreHeadlessMode(); 
70:   } 
71: 
72:   public static void setSystemProperties() {
73:  
74:     java.lang.System.setProperties((java.util.Properties) defaultProperties.clone()); 
75:     java.lang.System.setProperty("user.dir", "/work/Gson_14f"); 
76:     java.lang.System.setProperty("java.io.tmpdir", "/tmp"); 
77:   }
78: 
79:   private static void initializeClasses() {
80:     org.evosuite.runtime.classhandling.ClassStateSupport.initializeClasses($Gson$Types_31_tmp__ESTest_scaffolding.class.getClassLoader() ,
81:       "com.google.gson.internal.$Gson$Types",
82:       "com.google.gson.internal.$Gson$Preconditions",
83:       "com.google.gson.internal.$Gson$Types$WildcardTypeImpl",
84:       "com.google.gson.internal.$Gson$Types$ParameterizedTypeImpl",
85:       "com.google.gson.internal.$Gson$Types$GenericArrayTypeImpl"
86:     );
87:   } 
88: 
89:   private static void resetClasses() {
90:     org.evosuite.runtime.classhandling.ClassResetter.getInstance().setClassLoader($Gson$Types_31_tmp__ESTest_scaffolding.class.getClassLoader()); 
91: 
92:     org.evosuite.runtime.classhandling.ClassStateSupport.resetClasses(
93:       "com.google.gson.internal.$Gson$Types",
94:       "com.google.gson.internal.$Gson$Types$ParameterizedTypeImpl",
95:       "com.google.gson.internal.$Gson$Types$GenericArrayTypeImpl",
96:       "com.google.gson.internal.$Gson$Types$WildcardTypeImpl",
97:       "com.google.gson.internal.$Gson$Preconditions"
98:     );
99:   }
100: }

[MASTER] 00:17:59.713 [logback-2] ERROR JUnitAnalyzer - Failed to compile test case:
Class<Object> class0 = Object.class;
.Gson.Types.getMapKeyAndValueTypes((Type) null, class0);

[MASTER] 00:17:59.726 [logback-2] ERROR JUnitAnalyzer - Compilation failed on compilation units: [SimpleFileObject[/tmp/EvoSuite_32_1790061479714/com/google/gson/internal/$Gson$Types_32_tmp__ESTest.java], SimpleFileObject[/tmp/EvoSuite_32_1790061479714/com/google/gson/internal/$Gson$Types_32_tmp__ESTest_scaffolding.java]]
[MASTER] 00:17:59.726 [logback-2] ERROR JUnitAnalyzer - Classpath: /opt/defects4j/framework/projects/lib/junit-4.12-hamcrest-1.3.jar:/work/Gson_14f/target/classes:/work/Gson_14f/target/test-classes:/opt/defects4j/framework/projects/Gson/lib/com/google/code/findbugs/jsr305/3.0.0/jsr305-3.0.0.jar:/opt/defects4j/framework/projects/lib/junit-4.12-hamcrest-1.3.jar:/opt/evosuite/evosuite-1.2.0.jar:/work/Gson_14f/target/classes:/work/Gson_14f/target/test-classes:/opt/defects4j/framework/projects/Gson/lib/com/google/code/findbugs/jsr305/3.0.0/jsr305-3.0.0.jar:/opt/defects4j/framework/projects/lib/junit-4.12-hamcrest-1.3.jar:/work/Gson_14f/target/classes:/work/Gson_14f/target/test-classes:/opt/defects4j/framework/projects/Gson/lib/com/google/code/findbugs/jsr305/3.0.0/jsr305-3.0.0.jar
[MASTER] 00:17:59.726 [logback-2] ERROR JUnitAnalyzer - evosuiteCP: /opt/defects4j/framework/projects/lib/junit-4.12-hamcrest-1.3.jar:/opt/evosuite/evosuite-1.2.0.jar:/work/Gson_14f/target/classes:/work/Gson_14f/target/test-classes:/opt/defects4j/framework/projects/Gson/lib/com/google/code/findbugs/jsr305/3.0.0/jsr305-3.0.0.jar:/opt/defects4j/framework/projects/lib/junit-4.12-hamcrest-1.3.jar:/work/Gson_14f/target/classes:/work/Gson_14f/target/test-classes:/opt/defects4j/framework/projects/Gson/lib/com/google/code/findbugs/jsr305/3.0.0/jsr305-3.0.0.jar
[MASTER] 00:17:59.726 [logback-2] ERROR JUnitAnalyzer - Diagnostic: illegal start of expression: 24
[MASTER] 00:17:59.726 [logback-2] ERROR JUnitAnalyzer - Diagnostic: illegal start of expression: 27
[MASTER] 00:17:59.726 [logback-2] ERROR JUnitAnalyzer - SimpleFileObject[/tmp/EvoSuite_32_1790061479714/com/google/gson/internal/$Gson$Types_32_tmp__ESTest.java]
1: /*
2:  * This file was automatically generated by EvoSuite
3:  * Tue Sep 22 07:17:59 GMT 2026
4:  */
5: 
6: package com.google.gson.internal;
7: 
8: import org.junit.Test;
9: import static org.junit.Assert.*;
10: import static org.evosuite.runtime.EvoAssertions.*;
11: import java.lang.reflect.Type;
12: import java.util.Properties;
13: import org.evosuite.runtime.EvoRunner;
14: import org.evosuite.runtime.EvoRunnerParameters;
15: import org.junit.runner.RunWith;
16: 
17: @RunWith(EvoRunner.class) @EvoRunnerParameters(mockJVMNonDeterminism = true, useVFS = true, useVNET = true, resetStaticState = true) 
18: public class $Gson$Types_32_tmp__ESTest extends $Gson$Types_32_tmp__ESTest_scaffolding {
19: 
20:   @Test(timeout = 4000)
21:   public void test0()  throws Throwable  {
22:       Class<Properties> class0 = Properties.class;
23:       Class<Object> class1 = Object.class;
24:       Type type0 = .Gson.Types.getGenericSupertype((Type) null, class0, class1);
25:       // Undeclared exception!
26:       try { 
27:         .Gson.Types.getSupertype(type0, class1, class0);
28:         fail("Expecting exception: IllegalArgumentException");
29:       
30:       } catch(IllegalArgumentException e) {
31:          //
32:          // no message in exception (getMessage() returned null)
33:          //
34:          verifyException("com.google.gson.internal.$Gson$Preconditions", e);
35:       }
36:   }
37: }
SimpleFileObject[/tmp/EvoSuite_32_1790061479714/com/google/gson/internal/$Gson$Types_32_tmp__ESTest.java]
1: /**
2:  * Scaffolding file used to store all the setups needed to run 
3:  * tests automatically generated by EvoSuite
4:  * Tue Sep 22 07:17:59 GMT 2026
5:  */
6: 
7: package com.google.gson.internal;
8: 
9: import org.evosuite.runtime.annotation.EvoSuiteClassExclude;
10: import org.junit.BeforeClass;
11: import org.junit.Before;
12: import org.junit.After;
13: import org.junit.AfterClass;
14: import org.evosuite.runtime.sandbox.Sandbox;
15: import org.evosuite.runtime.sandbox.Sandbox.SandboxMode;
16: 
17: @EvoSuiteClassExclude
18: public class $Gson$Types_32_tmp__ESTest_scaffolding {
19: 
20:   @org.junit.Rule
21:   public org.evosuite.runtime.vnet.NonFunctionalRequirementRule nfr = new org.evosuite.runtime.vnet.NonFunctionalRequirementRule();
22: 
23:   private static final java.util.Properties defaultProperties = (java.util.Properties) java.lang.System.getProperties().clone(); 
24: 
25:   private org.evosuite.runtime.thread.ThreadStopper threadStopper =  new org.evosuite.runtime.thread.ThreadStopper (org.evosuite.runtime.thread.KillSwitchHandler.getInstance(), 3000);
26: 
27: 
28:   @BeforeClass
29:   public static void initEvoSuiteFramework() { 
30:     org.evosuite.runtime.RuntimeSettings.className = "com.google.gson.internal.$Gson$Types"; 
31:     org.evosuite.runtime.GuiSupport.initialize(); 
32:     org.evosuite.runtime.RuntimeSettings.maxNumberOfThreads = 100; 
33:     org.evosuite.runtime.RuntimeSettings.maxNumberOfIterationsPerLoop = 10000; 
34:     org.evosuite.runtime.RuntimeSettings.mockSystemIn = true; 
35:     org.evosuite.runtime.RuntimeSettings.sandboxMode = org.evosuite.runtime.sandbox.Sandbox.SandboxMode.RECOMMENDED; 
36:     org.evosuite.runtime.sandbox.Sandbox.initializeSecurityManagerForSUT(); 
37:     org.evosuite.runtime.classhandling.JDKClassResetter.init();
38:     setSystemProperties();
39:     initializeClasses();
40:     org.evosuite.runtime.Runtime.getInstance().resetRuntime(); 
41:   } 
42: 
43:   @AfterClass
44:   public static void clearEvoSuiteFramework(){ 
45:     Sandbox.resetDefaultSecurityManager(); 
46:     java.lang.System.setProperties((java.util.Properties) defaultProperties.clone()); 
47:   } 
48: 
49:   @Before
50:   public void initTestCase(){ 
51:     threadStopper.storeCurrentThreads();
52:     threadStopper.startRecordingTime();
53:     org.evosuite.runtime.jvm.ShutdownHookHandler.getInstance().initHandler(); 
54:     org.evosuite.runtime.sandbox.Sandbox.goingToExecuteSUTCode(); 
55:     setSystemProperties(); 
56:     org.evosuite.runtime.GuiSupport.setHeadless(); 
57:     org.evosuite.runtime.Runtime.getInstance().resetRuntime(); 
58:     org.evosuite.runtime.agent.InstrumentingAgent.activate(); 
59:   } 
60: 
61:   @After
62:   public void doneWithTestCase(){ 
63:     threadStopper.killAndJoinClientThreads();
64:     org.evosuite.runtime.jvm.ShutdownHookHandler.getInstance().safeExecuteAddedHooks(); 
65:     org.evosuite.runtime.classhandling.JDKClassResetter.reset(); 
66:     resetClasses(); 
67:     org.evosuite.runtime.sandbox.Sandbox.doneWithExecutingSUTCode(); 
68:     org.evosuite.runtime.agent.InstrumentingAgent.deactivate(); 
69:     org.evosuite.runtime.GuiSupport.restoreHeadlessMode(); 
70:   } 
71: 
72:   public static void setSystemProperties() {
73:  
74:     java.lang.System.setProperties((java.util.Properties) defaultProperties.clone()); 
75:     java.lang.System.setProperty("user.dir", "/work/Gson_14f"); 
76:     java.lang.System.setProperty("java.io.tmpdir", "/tmp"); 
77:   }
78: 
79:   private static void initializeClasses() {
80:     org.evosuite.runtime.classhandling.ClassStateSupport.initializeClasses($Gson$Types_32_tmp__ESTest_scaffolding.class.getClassLoader() ,
81:       "com.google.gson.internal.$Gson$Types",
82:       "com.google.gson.internal.$Gson$Preconditions",
83:       "com.google.gson.internal.$Gson$Types$WildcardTypeImpl",
84:       "com.google.gson.internal.$Gson$Types$ParameterizedTypeImpl",
85:       "com.google.gson.internal.$Gson$Types$GenericArrayTypeImpl"
86:     );
87:   } 
88: 
89:   private static void resetClasses() {
90:     org.evosuite.runtime.classhandling.ClassResetter.getInstance().setClassLoader($Gson$Types_32_tmp__ESTest_scaffolding.class.getClassLoader()); 
91: 
92:     org.evosuite.runtime.classhandling.ClassStateSupport.resetClasses(
93:       "com.google.gson.internal.$Gson$Types",
94:       "com.google.gson.internal.$Gson$Types$ParameterizedTypeImpl",
95:       "com.google.gson.internal.$Gson$Types$GenericArrayTypeImpl",
96:       "com.google.gson.internal.$Gson$Types$WildcardTypeImpl",
97:       "com.google.gson.internal.$Gson$Preconditions"
98:     );
99:   }
100: }

[MASTER] 00:17:59.726 [logback-2] ERROR JUnitAnalyzer - Failed to compile test case:
Class<Properties> class0 = Properties.class;
Class<Object> class1 = Object.class;
Type type0 = .Gson.Types.getGenericSupertype((Type) null, class0, class1);
.Gson.Types.getSupertype(type0, class1, class0);

[MASTER] 00:17:59.741 [logback-2] ERROR JUnitAnalyzer - Compilation failed on compilation units: [SimpleFileObject[/tmp/EvoSuite_33_1790061479727/com/google/gson/internal/$Gson$Types_33_tmp__ESTest.java], SimpleFileObject[/tmp/EvoSuite_33_1790061479727/com/google/gson/internal/$Gson$Types_33_tmp__ESTest_scaffolding.java]]
[MASTER] 00:17:59.741 [logback-2] ERROR JUnitAnalyzer - Classpath: /opt/defects4j/framework/projects/lib/junit-4.12-hamcrest-1.3.jar:/work/Gson_14f/target/classes:/work/Gson_14f/target/test-classes:/opt/defects4j/framework/projects/Gson/lib/com/google/code/findbugs/jsr305/3.0.0/jsr305-3.0.0.jar:/opt/defects4j/framework/projects/lib/junit-4.12-hamcrest-1.3.jar:/opt/evosuite/evosuite-1.2.0.jar:/work/Gson_14f/target/classes:/work/Gson_14f/target/test-classes:/opt/defects4j/framework/projects/Gson/lib/com/google/code/findbugs/jsr305/3.0.0/jsr305-3.0.0.jar:/opt/defects4j/framework/projects/lib/junit-4.12-hamcrest-1.3.jar:/work/Gson_14f/target/classes:/work/Gson_14f/target/test-classes:/opt/defects4j/framework/projects/Gson/lib/com/google/code/findbugs/jsr305/3.0.0/jsr305-3.0.0.jar
[MASTER] 00:17:59.741 [logback-2] ERROR JUnitAnalyzer - evosuiteCP: /opt/defects4j/framework/projects/lib/junit-4.12-hamcrest-1.3.jar:/opt/evosuite/evosuite-1.2.0.jar:/work/Gson_14f/target/classes:/work/Gson_14f/target/test-classes:/opt/defects4j/framework/projects/Gson/lib/com/google/code/findbugs/jsr305/3.0.0/jsr305-3.0.0.jar:/opt/defects4j/framework/projects/lib/junit-4.12-hamcrest-1.3.jar:/work/Gson_14f/target/classes:/work/Gson_14f/target/test-classes:/opt/defects4j/framework/projects/Gson/lib/com/google/code/findbugs/jsr305/3.0.0/jsr305-3.0.0.jar
[MASTER] 00:17:59.741 [logback-2] ERROR JUnitAnalyzer - Diagnostic: illegal start of expression: 24
[MASTER] 00:17:59.741 [logback-2] ERROR JUnitAnalyzer - SimpleFileObject[/tmp/EvoSuite_33_1790061479727/com/google/gson/internal/$Gson$Types_33_tmp__ESTest.java]
1: /*
2:  * This file was automatically generated by EvoSuite
3:  * Tue Sep 22 07:17:59 GMT 2026
4:  */
5: 
6: package com.google.gson.internal;
7: 
8: import org.junit.Test;
9: import static org.junit.Assert.*;
10: import static org.evosuite.runtime.EvoAssertions.*;
11: import java.lang.reflect.Type;
12: import org.evosuite.runtime.EvoRunner;
13: import org.evosuite.runtime.EvoRunnerParameters;
14: import org.junit.runner.RunWith;
15: 
16: @RunWith(EvoRunner.class) @EvoRunnerParameters(mockJVMNonDeterminism = true, useVFS = true, useVNET = true, resetStaticState = true) 
17: public class $Gson$Types_33_tmp__ESTest extends $Gson$Types_33_tmp__ESTest_scaffolding {
18: 
19:   @Test(timeout = 4000)
20:   public void test0()  throws Throwable  {
21:       Type[] typeArray0 = new Type[7];
22:       // Undeclared exception!
23:       try { 
24:         .Gson.Types.newParameterizedTypeWithOwner((Type) null, (Type) null, typeArray0);
25:         fail("Expecting exception: NullPointerException");
26:       
27:       } catch(NullPointerException e) {
28:          //
29:          // no message in exception (getMessage() returned null)
30:          //
31:          verifyException("com.google.gson.internal.$Gson$Preconditions", e);
32:       }
33:   }
34: }
SimpleFileObject[/tmp/EvoSuite_33_1790061479727/com/google/gson/internal/$Gson$Types_33_tmp__ESTest.java]
1: /**
2:  * Scaffolding file used to store all the setups needed to run 
3:  * tests automatically generated by EvoSuite
4:  * Tue Sep 22 07:17:59 GMT 2026
5:  */
6: 
7: package com.google.gson.internal;
8: 
9: import org.evosuite.runtime.annotation.EvoSuiteClassExclude;
10: import org.junit.BeforeClass;
11: import org.junit.Before;
12: import org.junit.After;
13: import org.junit.AfterClass;
14: import org.evosuite.runtime.sandbox.Sandbox;
15: import org.evosuite.runtime.sandbox.Sandbox.SandboxMode;
16: 
17: @EvoSuiteClassExclude
18: public class $Gson$Types_33_tmp__ESTest_scaffolding {
19: 
20:   @org.junit.Rule
21:   public org.evosuite.runtime.vnet.NonFunctionalRequirementRule nfr = new org.evosuite.runtime.vnet.NonFunctionalRequirementRule();
22: 
23:   private static final java.util.Properties defaultProperties = (java.util.Properties) java.lang.System.getProperties().clone(); 
24: 
25:   private org.evosuite.runtime.thread.ThreadStopper threadStopper =  new org.evosuite.runtime.thread.ThreadStopper (org.evosuite.runtime.thread.KillSwitchHandler.getInstance(), 3000);
26: 
27: 
28:   @BeforeClass
29:   public static void initEvoSuiteFramework() { 
30:     org.evosuite.runtime.RuntimeSettings.className = "com.google.gson.internal.$Gson$Types"; 
31:     org.evosuite.runtime.GuiSupport.initialize(); 
32:     org.evosuite.runtime.RuntimeSettings.maxNumberOfThreads = 100; 
33:     org.evosuite.runtime.RuntimeSettings.maxNumberOfIterationsPerLoop = 10000; 
34:     org.evosuite.runtime.RuntimeSettings.mockSystemIn = true; 
35:     org.evosuite.runtime.RuntimeSettings.sandboxMode = org.evosuite.runtime.sandbox.Sandbox.SandboxMode.RECOMMENDED; 
36:     org.evosuite.runtime.sandbox.Sandbox.initializeSecurityManagerForSUT(); 
37:     org.evosuite.runtime.classhandling.JDKClassResetter.init();
38:     setSystemProperties();
39:     initializeClasses();
40:     org.evosuite.runtime.Runtime.getInstance().resetRuntime(); 
41:   } 
42: 
43:   @AfterClass
44:   public static void clearEvoSuiteFramework(){ 
45:     Sandbox.resetDefaultSecurityManager(); 
46:     java.lang.System.setProperties((java.util.Properties) defaultProperties.clone()); 
47:   } 
48: 
49:   @Before
50:   public void initTestCase(){ 
51:     threadStopper.storeCurrentThreads();
52:     threadStopper.startRecordingTime();
53:     org.evosuite.runtime.jvm.ShutdownHookHandler.getInstance().initHandler(); 
54:     org.evosuite.runtime.sandbox.Sandbox.goingToExecuteSUTCode(); 
55:     setSystemProperties(); 
56:     org.evosuite.runtime.GuiSupport.setHeadless(); 
57:     org.evosuite.runtime.Runtime.getInstance().resetRuntime(); 
58:     org.evosuite.runtime.agent.InstrumentingAgent.activate(); 
59:   } 
60: 
61:   @After
62:   public void doneWithTestCase(){ 
63:     threadStopper.killAndJoinClientThreads();
64:     org.evosuite.runtime.jvm.ShutdownHookHandler.getInstance().safeExecuteAddedHooks(); 
65:     org.evosuite.runtime.classhandling.JDKClassResetter.reset(); 
66:     resetClasses(); 
67:     org.evosuite.runtime.sandbox.Sandbox.doneWithExecutingSUTCode(); 
68:     org.evosuite.runtime.agent.InstrumentingAgent.deactivate(); 
69:     org.evosuite.runtime.GuiSupport.restoreHeadlessMode(); 
70:   } 
71: 
72:   public static void setSystemProperties() {
73:  
74:     java.lang.System.setProperties((java.util.Properties) defaultProperties.clone()); 
75:     java.lang.System.setProperty("user.dir", "/work/Gson_14f"); 
76:     java.lang.System.setProperty("java.io.tmpdir", "/tmp"); 
77:   }
78: 
79:   private static void initializeClasses() {
80:     org.evosuite.runtime.classhandling.ClassStateSupport.initializeClasses($Gson$Types_33_tmp__ESTest_scaffolding.class.getClassLoader() ,
81:       "com.google.gson.internal.$Gson$Types",
82:       "com.google.gson.internal.$Gson$Preconditions",
83:       "com.google.gson.internal.$Gson$Types$WildcardTypeImpl",
84:       "com.google.gson.internal.$Gson$Types$ParameterizedTypeImpl",
85:       "com.google.gson.internal.$Gson$Types$GenericArrayTypeImpl"
86:     );
87:   } 
88: 
89:   private static void resetClasses() {
90:     org.evosuite.runtime.classhandling.ClassResetter.getInstance().setClassLoader($Gson$Types_33_tmp__ESTest_scaffolding.class.getClassLoader()); 
91: 
92:     org.evosuite.runtime.classhandling.ClassStateSupport.resetClasses(
93:       "com.google.gson.internal.$Gson$Types",
94:       "com.google.gson.internal.$Gson$Types$ParameterizedTypeImpl",
95:       "com.google.gson.internal.$Gson$Types$GenericArrayTypeImpl",
96:       "com.google.gson.internal.$Gson$Types$WildcardTypeImpl",
97:       "com.google.gson.internal.$Gson$Preconditions"
98:     );
99:   }
100: }

[MASTER] 00:17:59.741 [logback-2] ERROR JUnitAnalyzer - Failed to compile test case:
Type[] typeArray0 = new Type[7];
.Gson.Types.newParameterizedTypeWithOwner((Type) null, (Type) null, typeArray0);

[MASTER] 00:17:59.755 [logback-2] ERROR JUnitAnalyzer - Compilation failed on compilation units: [SimpleFileObject[/tmp/EvoSuite_34_1790061479742/com/google/gson/internal/$Gson$Types_34_tmp__ESTest.java], SimpleFileObject[/tmp/EvoSuite_34_1790061479742/com/google/gson/internal/$Gson$Types_34_tmp__ESTest_scaffolding.java]]
[MASTER] 00:17:59.755 [logback-2] ERROR JUnitAnalyzer - Classpath: /opt/defects4j/framework/projects/lib/junit-4.12-hamcrest-1.3.jar:/work/Gson_14f/target/classes:/work/Gson_14f/target/test-classes:/opt/defects4j/framework/projects/Gson/lib/com/google/code/findbugs/jsr305/3.0.0/jsr305-3.0.0.jar:/opt/defects4j/framework/projects/lib/junit-4.12-hamcrest-1.3.jar:/opt/evosuite/evosuite-1.2.0.jar:/work/Gson_14f/target/classes:/work/Gson_14f/target/test-classes:/opt/defects4j/framework/projects/Gson/lib/com/google/code/findbugs/jsr305/3.0.0/jsr305-3.0.0.jar:/opt/defects4j/framework/projects/lib/junit-4.12-hamcrest-1.3.jar:/work/Gson_14f/target/classes:/work/Gson_14f/target/test-classes:/opt/defects4j/framework/projects/Gson/lib/com/google/code/findbugs/jsr305/3.0.0/jsr305-3.0.0.jar
[MASTER] 00:17:59.755 [logback-2] ERROR JUnitAnalyzer - evosuiteCP: /opt/defects4j/framework/projects/lib/junit-4.12-hamcrest-1.3.jar:/opt/evosuite/evosuite-1.2.0.jar:/work/Gson_14f/target/classes:/work/Gson_14f/target/test-classes:/opt/defects4j/framework/projects/Gson/lib/com/google/code/findbugs/jsr305/3.0.0/jsr305-3.0.0.jar:/opt/defects4j/framework/projects/lib/junit-4.12-hamcrest-1.3.jar:/work/Gson_14f/target/classes:/work/Gson_14f/target/test-classes:/opt/defects4j/framework/projects/Gson/lib/com/google/code/findbugs/jsr305/3.0.0/jsr305-3.0.0.jar
[MASTER] 00:17:59.755 [logback-2] ERROR JUnitAnalyzer - Diagnostic: illegal start of expression: 24
[MASTER] 00:17:59.755 [logback-2] ERROR JUnitAnalyzer - Diagnostic: illegal start of expression: 27
[MASTER] 00:17:59.755 [logback-2] ERROR JUnitAnalyzer - SimpleFileObject[/tmp/EvoSuite_34_1790061479742/com/google/gson/internal/$Gson$Types_34_tmp__ESTest.java]
1: /*
2:  * This file was automatically generated by EvoSuite
3:  * Tue Sep 22 07:17:59 GMT 2026
4:  */
5: 
6: package com.google.gson.internal;
7: 
8: import org.junit.Test;
9: import static org.junit.Assert.*;
10: import static org.evosuite.runtime.EvoAssertions.*;
11: import java.lang.reflect.Type;
12: import java.util.Properties;
13: import org.evosuite.runtime.EvoRunner;
14: import org.evosuite.runtime.EvoRunnerParameters;
15: import org.junit.runner.RunWith;
16: 
17: @RunWith(EvoRunner.class) @EvoRunnerParameters(mockJVMNonDeterminism = true, useVFS = true, useVNET = true, resetStaticState = true) 
18: public class $Gson$Types_34_tmp__ESTest extends $Gson$Types_34_tmp__ESTest_scaffolding {
19: 
20:   @Test(timeout = 4000)
21:   public void test0()  throws Throwable  {
22:       Class<Properties> class0 = Properties.class;
23:       Class<Object> class1 = Object.class;
24:       Type type0 = .Gson.Types.getGenericSupertype((Type) null, class0, class1);
25:       // Undeclared exception!
26:       try { 
27:         .Gson.Types.newParameterizedTypeWithOwner(type0, type0, (Type[]) null);
28:         fail("Expecting exception: NullPointerException");
29:       
30:       } catch(NullPointerException e) {
31:          //
32:          // no message in exception (getMessage() returned null)
33:          //
34:          verifyException("com.google.gson.internal.$Gson$Types$ParameterizedTypeImpl", e);
35:       }
36:   }
37: }
SimpleFileObject[/tmp/EvoSuite_34_1790061479742/com/google/gson/internal/$Gson$Types_34_tmp__ESTest.java]
1: /**
2:  * Scaffolding file used to store all the setups needed to run 
3:  * tests automatically generated by EvoSuite
4:  * Tue Sep 22 07:17:59 GMT 2026
5:  */
6: 
7: package com.google.gson.internal;
8: 
9: import org.evosuite.runtime.annotation.EvoSuiteClassExclude;
10: import org.junit.BeforeClass;
11: import org.junit.Before;
12: import org.junit.After;
13: import org.junit.AfterClass;
14: import org.evosuite.runtime.sandbox.Sandbox;
15: import org.evosuite.runtime.sandbox.Sandbox.SandboxMode;
16: 
17: @EvoSuiteClassExclude
18: public class $Gson$Types_34_tmp__ESTest_scaffolding {
19: 
20:   @org.junit.Rule
21:   public org.evosuite.runtime.vnet.NonFunctionalRequirementRule nfr = new org.evosuite.runtime.vnet.NonFunctionalRequirementRule();
22: 
23:   private static final java.util.Properties defaultProperties = (java.util.Properties) java.lang.System.getProperties().clone(); 
24: 
25:   private org.evosuite.runtime.thread.ThreadStopper threadStopper =  new org.evosuite.runtime.thread.ThreadStopper (org.evosuite.runtime.thread.KillSwitchHandler.getInstance(), 3000);
26: 
27: 
28:   @BeforeClass
29:   public static void initEvoSuiteFramework() { 
30:     org.evosuite.runtime.RuntimeSettings.className = "com.google.gson.internal.$Gson$Types"; 
31:     org.evosuite.runtime.GuiSupport.initialize(); 
32:     org.evosuite.runtime.RuntimeSettings.maxNumberOfThreads = 100; 
33:     org.evosuite.runtime.RuntimeSettings.maxNumberOfIterationsPerLoop = 10000; 
34:     org.evosuite.runtime.RuntimeSettings.mockSystemIn = true; 
35:     org.evosuite.runtime.RuntimeSettings.sandboxMode = org.evosuite.runtime.sandbox.Sandbox.SandboxMode.RECOMMENDED; 
36:     org.evosuite.runtime.sandbox.Sandbox.initializeSecurityManagerForSUT(); 
37:     org.evosuite.runtime.classhandling.JDKClassResetter.init();
38:     setSystemProperties();
39:     initializeClasses();
40:     org.evosuite.runtime.Runtime.getInstance().resetRuntime(); 
41:   } 
42: 
43:   @AfterClass
44:   public static void clearEvoSuiteFramework(){ 
45:     Sandbox.resetDefaultSecurityManager(); 
46:     java.lang.System.setProperties((java.util.Properties) defaultProperties.clone()); 
47:   } 
48: 
49:   @Before
50:   public void initTestCase(){ 
51:     threadStopper.storeCurrentThreads();
52:     threadStopper.startRecordingTime();
53:     org.evosuite.runtime.jvm.ShutdownHookHandler.getInstance().initHandler(); 
54:     org.evosuite.runtime.sandbox.Sandbox.goingToExecuteSUTCode(); 
55:     setSystemProperties(); 
56:     org.evosuite.runtime.GuiSupport.setHeadless(); 
57:     org.evosuite.runtime.Runtime.getInstance().resetRuntime(); 
58:     org.evosuite.runtime.agent.InstrumentingAgent.activate(); 
59:   } 
60: 
61:   @After
62:   public void doneWithTestCase(){ 
63:     threadStopper.killAndJoinClientThreads();
64:     org.evosuite.runtime.jvm.ShutdownHookHandler.getInstance().safeExecuteAddedHooks(); 
65:     org.evosuite.runtime.classhandling.JDKClassResetter.reset(); 
66:     resetClasses(); 
67:     org.evosuite.runtime.sandbox.Sandbox.doneWithExecutingSUTCode(); 
68:     org.evosuite.runtime.agent.InstrumentingAgent.deactivate(); 
69:     org.evosuite.runtime.GuiSupport.restoreHeadlessMode(); 
70:   } 
71: 
72:   public static void setSystemProperties() {
73:  
74:     java.lang.System.setProperties((java.util.Properties) defaultProperties.clone()); 
75:     java.lang.System.setProperty("user.dir", "/work/Gson_14f"); 
76:     java.lang.System.setProperty("java.io.tmpdir", "/tmp"); 
77:   }
78: 
79:   private static void initializeClasses() {
80:     org.evosuite.runtime.classhandling.ClassStateSupport.initializeClasses($Gson$Types_34_tmp__ESTest_scaffolding.class.getClassLoader() ,
81:       "com.google.gson.internal.$Gson$Types",
82:       "com.google.gson.internal.$Gson$Preconditions",
83:       "com.google.gson.internal.$Gson$Types$WildcardTypeImpl",
84:       "com.google.gson.internal.$Gson$Types$ParameterizedTypeImpl",
85:       "com.google.gson.internal.$Gson$Types$GenericArrayTypeImpl"
86:     );
87:   } 
88: 
89:   private static void resetClasses() {
90:     org.evosuite.runtime.classhandling.ClassResetter.getInstance().setClassLoader($Gson$Types_34_tmp__ESTest_scaffolding.class.getClassLoader()); 
91: 
92:     org.evosuite.runtime.classhandling.ClassStateSupport.resetClasses(
93:       "com.google.gson.internal.$Gson$Types",
94:       "com.google.gson.internal.$Gson$Types$ParameterizedTypeImpl",
95:       "com.google.gson.internal.$Gson$Types$GenericArrayTypeImpl",
96:       "com.google.gson.internal.$Gson$Types$WildcardTypeImpl",
97:       "com.google.gson.internal.$Gson$Preconditions"
98:     );
99:   }
100: }

[MASTER] 00:17:59.756 [logback-2] ERROR JUnitAnalyzer - Failed to compile test case:
Class<Properties> class0 = Properties.class;
Class<Object> class1 = Object.class;
Type type0 = .Gson.Types.getGenericSupertype((Type) null, class0, class1);
.Gson.Types.newParameterizedTypeWithOwner(type0, type0, (Type[]) null);

[MASTER] 00:17:59.767 [logback-2] ERROR JUnitAnalyzer - Compilation failed on compilation units: [SimpleFileObject[/tmp/EvoSuite_35_1790061479756/com/google/gson/internal/$Gson$Types_35_tmp__ESTest.java], SimpleFileObject[/tmp/EvoSuite_35_1790061479756/com/google/gson/internal/$Gson$Types_35_tmp__ESTest_scaffolding.java]]
[MASTER] 00:17:59.767 [logback-2] ERROR JUnitAnalyzer - Classpath: /opt/defects4j/framework/projects/lib/junit-4.12-hamcrest-1.3.jar:/work/Gson_14f/target/classes:/work/Gson_14f/target/test-classes:/opt/defects4j/framework/projects/Gson/lib/com/google/code/findbugs/jsr305/3.0.0/jsr305-3.0.0.jar:/opt/defects4j/framework/projects/lib/junit-4.12-hamcrest-1.3.jar:/opt/evosuite/evosuite-1.2.0.jar:/work/Gson_14f/target/classes:/work/Gson_14f/target/test-classes:/opt/defects4j/framework/projects/Gson/lib/com/google/code/findbugs/jsr305/3.0.0/jsr305-3.0.0.jar:/opt/defects4j/framework/projects/lib/junit-4.12-hamcrest-1.3.jar:/work/Gson_14f/target/classes:/work/Gson_14f/target/test-classes:/opt/defects4j/framework/projects/Gson/lib/com/google/code/findbugs/jsr305/3.0.0/jsr305-3.0.0.jar
[MASTER] 00:17:59.767 [logback-2] ERROR JUnitAnalyzer - evosuiteCP: /opt/defects4j/framework/projects/lib/junit-4.12-hamcrest-1.3.jar:/opt/evosuite/evosuite-1.2.0.jar:/work/Gson_14f/target/classes:/work/Gson_14f/target/test-classes:/opt/defects4j/framework/projects/Gson/lib/com/google/code/findbugs/jsr305/3.0.0/jsr305-3.0.0.jar:/opt/defects4j/framework/projects/lib/junit-4.12-hamcrest-1.3.jar:/work/Gson_14f/target/classes:/work/Gson_14f/target/test-classes:/opt/defects4j/framework/projects/Gson/lib/com/google/code/findbugs/jsr305/3.0.0/jsr305-3.0.0.jar
[MASTER] 00:17:59.767 [logback-2] ERROR JUnitAnalyzer - Diagnostic: illegal start of expression: 23
[MASTER] 00:17:59.767 [logback-2] ERROR JUnitAnalyzer - SimpleFileObject[/tmp/EvoSuite_35_1790061479756/com/google/gson/internal/$Gson$Types_35_tmp__ESTest.java]
1: /*
2:  * This file was automatically generated by EvoSuite
3:  * Tue Sep 22 07:17:59 GMT 2026
4:  */
5: 
6: package com.google.gson.internal;
7: 
8: import org.junit.Test;
9: import static org.junit.Assert.*;
10: import static org.evosuite.runtime.EvoAssertions.*;
11: import java.lang.reflect.Type;
12: import org.evosuite.runtime.EvoRunner;
13: import org.evosuite.runtime.EvoRunnerParameters;
14: import org.junit.runner.RunWith;
15: 
16: @RunWith(EvoRunner.class) @EvoRunnerParameters(mockJVMNonDeterminism = true, useVFS = true, useVNET = true, resetStaticState = true) 
17: public class $Gson$Types_35_tmp__ESTest extends $Gson$Types_35_tmp__ESTest_scaffolding {
18: 
19:   @Test(timeout = 4000)
20:   public void test0()  throws Throwable  {
21:       // Undeclared exception!
22:       try { 
23:         .Gson.Types.subtypeOf((Type) null);
24:         fail("Expecting exception: NullPointerException");
25:       
26:       } catch(NullPointerException e) {
27:          //
28:          // no message in exception (getMessage() returned null)
29:          //
30:          verifyException("com.google.gson.internal.$Gson$Preconditions", e);
31:       }
32:   }
33: }
SimpleFileObject[/tmp/EvoSuite_35_1790061479756/com/google/gson/internal/$Gson$Types_35_tmp__ESTest.java]
1: /**
2:  * Scaffolding file used to store all the setups needed to run 
3:  * tests automatically generated by EvoSuite
4:  * Tue Sep 22 07:17:59 GMT 2026
5:  */
6: 
7: package com.google.gson.internal;
8: 
9: import org.evosuite.runtime.annotation.EvoSuiteClassExclude;
10: import org.junit.BeforeClass;
11: import org.junit.Before;
12: import org.junit.After;
13: import org.junit.AfterClass;
14: import org.evosuite.runtime.sandbox.Sandbox;
15: import org.evosuite.runtime.sandbox.Sandbox.SandboxMode;
16: 
17: @EvoSuiteClassExclude
18: public class $Gson$Types_35_tmp__ESTest_scaffolding {
19: 
20:   @org.junit.Rule
21:   public org.evosuite.runtime.vnet.NonFunctionalRequirementRule nfr = new org.evosuite.runtime.vnet.NonFunctionalRequirementRule();
22: 
23:   private static final java.util.Properties defaultProperties = (java.util.Properties) java.lang.System.getProperties().clone(); 
24: 
25:   private org.evosuite.runtime.thread.ThreadStopper threadStopper =  new org.evosuite.runtime.thread.ThreadStopper (org.evosuite.runtime.thread.KillSwitchHandler.getInstance(), 3000);
26: 
27: 
28:   @BeforeClass
29:   public static void initEvoSuiteFramework() { 
30:     org.evosuite.runtime.RuntimeSettings.className = "com.google.gson.internal.$Gson$Types"; 
31:     org.evosuite.runtime.GuiSupport.initialize(); 
32:     org.evosuite.runtime.RuntimeSettings.maxNumberOfThreads = 100; 
33:     org.evosuite.runtime.RuntimeSettings.maxNumberOfIterationsPerLoop = 10000; 
34:     org.evosuite.runtime.RuntimeSettings.mockSystemIn = true; 
35:     org.evosuite.runtime.RuntimeSettings.sandboxMode = org.evosuite.runtime.sandbox.Sandbox.SandboxMode.RECOMMENDED; 
36:     org.evosuite.runtime.sandbox.Sandbox.initializeSecurityManagerForSUT(); 
37:     org.evosuite.runtime.classhandling.JDKClassResetter.init();
38:     setSystemProperties();
39:     initializeClasses();
40:     org.evosuite.runtime.Runtime.getInstance().resetRuntime(); 
41:   } 
42: 
43:   @AfterClass
44:   public static void clearEvoSuiteFramework(){ 
45:     Sandbox.resetDefaultSecurityManager(); 
46:     java.lang.System.setProperties((java.util.Properties) defaultProperties.clone()); 
47:   } 
48: 
49:   @Before
50:   public void initTestCase(){ 
51:     threadStopper.storeCurrentThreads();
52:     threadStopper.startRecordingTime();
53:     org.evosuite.runtime.jvm.ShutdownHookHandler.getInstance().initHandler(); 
54:     org.evosuite.runtime.sandbox.Sandbox.goingToExecuteSUTCode(); 
55:     setSystemProperties(); 
56:     org.evosuite.runtime.GuiSupport.setHeadless(); 
57:     org.evosuite.runtime.Runtime.getInstance().resetRuntime(); 
58:     org.evosuite.runtime.agent.InstrumentingAgent.activate(); 
59:   } 
60: 
61:   @After
62:   public void doneWithTestCase(){ 
63:     threadStopper.killAndJoinClientThreads();
64:     org.evosuite.runtime.jvm.ShutdownHookHandler.getInstance().safeExecuteAddedHooks(); 
65:     org.evosuite.runtime.classhandling.JDKClassResetter.reset(); 
66:     resetClasses(); 
67:     org.evosuite.runtime.sandbox.Sandbox.doneWithExecutingSUTCode(); 
68:     org.evosuite.runtime.agent.InstrumentingAgent.deactivate(); 
69:     org.evosuite.runtime.GuiSupport.restoreHeadlessMode(); 
70:   } 
71: 
72:   public static void setSystemProperties() {
73:  
74:     java.lang.System.setProperties((java.util.Properties) defaultProperties.clone()); 
75:     java.lang.System.setProperty("user.dir", "/work/Gson_14f"); 
76:     java.lang.System.setProperty("java.io.tmpdir", "/tmp"); 
77:   }
78: 
79:   private static void initializeClasses() {
80:     org.evosuite.runtime.classhandling.ClassStateSupport.initializeClasses($Gson$Types_35_tmp__ESTest_scaffolding.class.getClassLoader() ,
81:       "com.google.gson.internal.$Gson$Types",
82:       "com.google.gson.internal.$Gson$Preconditions",
83:       "com.google.gson.internal.$Gson$Types$WildcardTypeImpl",
84:       "com.google.gson.internal.$Gson$Types$ParameterizedTypeImpl",
85:       "com.google.gson.internal.$Gson$Types$GenericArrayTypeImpl"
86:     );
87:   } 
88: 
89:   private static void resetClasses() {
90:     org.evosuite.runtime.classhandling.ClassResetter.getInstance().setClassLoader($Gson$Types_35_tmp__ESTest_scaffolding.class.getClassLoader()); 
91: 
92:     org.evosuite.runtime.classhandling.ClassStateSupport.resetClasses(
93:       "com.google.gson.internal.$Gson$Types",
94:       "com.google.gson.internal.$Gson$Types$ParameterizedTypeImpl",
95:       "com.google.gson.internal.$Gson$Types$GenericArrayTypeImpl",
96:       "com.google.gson.internal.$Gson$Types$WildcardTypeImpl",
97:       "com.google.gson.internal.$Gson$Preconditions"
98:     );
99:   }
100: }

[MASTER] 00:17:59.768 [logback-2] ERROR JUnitAnalyzer - Failed to compile test case:
.Gson.Types.subtypeOf((Type) null);

[MASTER] 00:17:59.780 [logback-2] ERROR JUnitAnalyzer - Compilation failed on compilation units: [SimpleFileObject[/tmp/EvoSuite_36_1790061479768/com/google/gson/internal/$Gson$Types_36_tmp__ESTest.java], SimpleFileObject[/tmp/EvoSuite_36_1790061479768/com/google/gson/internal/$Gson$Types_36_tmp__ESTest_scaffolding.java]]
[MASTER] 00:17:59.780 [logback-2] ERROR JUnitAnalyzer - Classpath: /opt/defects4j/framework/projects/lib/junit-4.12-hamcrest-1.3.jar:/work/Gson_14f/target/classes:/work/Gson_14f/target/test-classes:/opt/defects4j/framework/projects/Gson/lib/com/google/code/findbugs/jsr305/3.0.0/jsr305-3.0.0.jar:/opt/defects4j/framework/projects/lib/junit-4.12-hamcrest-1.3.jar:/opt/evosuite/evosuite-1.2.0.jar:/work/Gson_14f/target/classes:/work/Gson_14f/target/test-classes:/opt/defects4j/framework/projects/Gson/lib/com/google/code/findbugs/jsr305/3.0.0/jsr305-3.0.0.jar:/opt/defects4j/framework/projects/lib/junit-4.12-hamcrest-1.3.jar:/work/Gson_14f/target/classes:/work/Gson_14f/target/test-classes:/opt/defects4j/framework/projects/Gson/lib/com/google/code/findbugs/jsr305/3.0.0/jsr305-3.0.0.jar
[MASTER] 00:17:59.780 [logback-2] ERROR JUnitAnalyzer - evosuiteCP: /opt/defects4j/framework/projects/lib/junit-4.12-hamcrest-1.3.jar:/opt/evosuite/evosuite-1.2.0.jar:/work/Gson_14f/target/classes:/work/Gson_14f/target/test-classes:/opt/defects4j/framework/projects/Gson/lib/com/google/code/findbugs/jsr305/3.0.0/jsr305-3.0.0.jar:/opt/defects4j/framework/projects/lib/junit-4.12-hamcrest-1.3.jar:/work/Gson_14f/target/classes:/work/Gson_14f/target/test-classes:/opt/defects4j/framework/projects/Gson/lib/com/google/code/findbugs/jsr305/3.0.0/jsr305-3.0.0.jar
[MASTER] 00:17:59.781 [logback-2] ERROR JUnitAnalyzer - Diagnostic: illegal start of expression: 23
[MASTER] 00:17:59.781 [logback-2] ERROR JUnitAnalyzer - Diagnostic: illegal start of expression: 24
[MASTER] 00:17:59.781 [logback-2] ERROR JUnitAnalyzer - Diagnostic: illegal start of expression: 27
[MASTER] 00:17:59.781 [logback-2] ERROR JUnitAnalyzer - SimpleFileObject[/tmp/EvoSuite_36_1790061479768/com/google/gson/internal/$Gson$Types_36_tmp__ESTest.java]
1: /*
2:  * This file was automatically generated by EvoSuite
3:  * Tue Sep 22 07:17:59 GMT 2026
4:  */
5: 
6: package com.google.gson.internal;
7: 
8: import org.junit.Test;
9: import static org.junit.Assert.*;
10: import static org.evosuite.runtime.EvoAssertions.*;
11: import java.lang.reflect.Type;
12: import java.util.Properties;
13: import org.evosuite.runtime.EvoRunner;
14: import org.evosuite.runtime.EvoRunnerParameters;
15: import org.junit.runner.RunWith;
16: 
17: @RunWith(EvoRunner.class) @EvoRunnerParameters(mockJVMNonDeterminism = true, useVFS = true, useVNET = true, resetStaticState = true) 
18: public class $Gson$Types_36_tmp__ESTest extends $Gson$Types_36_tmp__ESTest_scaffolding {
19: 
20:   @Test(timeout = 4000)
21:   public void test0()  throws Throwable  {
22:       Class<Properties> class0 = Properties.class;
23:       Type type0 = .Gson.Types.resolve((Type) null, class0, class0);
24:       Type type1 = .Gson.Types.getArrayComponentType(type0);
25:       // Undeclared exception!
26:       try { 
27:         .Gson.Types.supertypeOf(type1);
28:         fail("Expecting exception: NullPointerException");
29:       
30:       } catch(NullPointerException e) {
31:          //
32:          // no message in exception (getMessage() returned null)
33:          //
34:          verifyException("com.google.gson.internal.$Gson$Preconditions", e);
35:       }
36:   }
37: }
SimpleFileObject[/tmp/EvoSuite_36_1790061479768/com/google/gson/internal/$Gson$Types_36_tmp__ESTest.java]
1: /**
2:  * Scaffolding file used to store all the setups needed to run 
3:  * tests automatically generated by EvoSuite
4:  * Tue Sep 22 07:17:59 GMT 2026
5:  */
6: 
7: package com.google.gson.internal;
8: 
9: import org.evosuite.runtime.annotation.EvoSuiteClassExclude;
10: import org.junit.BeforeClass;
11: import org.junit.Before;
12: import org.junit.After;
13: import org.junit.AfterClass;
14: import org.evosuite.runtime.sandbox.Sandbox;
15: import org.evosuite.runtime.sandbox.Sandbox.SandboxMode;
16: 
17: @EvoSuiteClassExclude
18: public class $Gson$Types_36_tmp__ESTest_scaffolding {
19: 
20:   @org.junit.Rule
21:   public org.evosuite.runtime.vnet.NonFunctionalRequirementRule nfr = new org.evosuite.runtime.vnet.NonFunctionalRequirementRule();
22: 
23:   private static final java.util.Properties defaultProperties = (java.util.Properties) java.lang.System.getProperties().clone(); 
24: 
25:   private org.evosuite.runtime.thread.ThreadStopper threadStopper =  new org.evosuite.runtime.thread.ThreadStopper (org.evosuite.runtime.thread.KillSwitchHandler.getInstance(), 3000);
26: 
27: 
28:   @BeforeClass
29:   public static void initEvoSuiteFramework() { 
30:     org.evosuite.runtime.RuntimeSettings.className = "com.google.gson.internal.$Gson$Types"; 
31:     org.evosuite.runtime.GuiSupport.initialize(); 
32:     org.evosuite.runtime.RuntimeSettings.maxNumberOfThreads = 100; 
33:     org.evosuite.runtime.RuntimeSettings.maxNumberOfIterationsPerLoop = 10000; 
34:     org.evosuite.runtime.RuntimeSettings.mockSystemIn = true; 
35:     org.evosuite.runtime.RuntimeSettings.sandboxMode = org.evosuite.runtime.sandbox.Sandbox.SandboxMode.RECOMMENDED; 
36:     org.evosuite.runtime.sandbox.Sandbox.initializeSecurityManagerForSUT(); 
37:     org.evosuite.runtime.classhandling.JDKClassResetter.init();
38:     setSystemProperties();
39:     initializeClasses();
40:     org.evosuite.runtime.Runtime.getInstance().resetRuntime(); 
41:   } 
42: 
43:   @AfterClass
44:   public static void clearEvoSuiteFramework(){ 
45:     Sandbox.resetDefaultSecurityManager(); 
46:     java.lang.System.setProperties((java.util.Properties) defaultProperties.clone()); 
47:   } 
48: 
49:   @Before
50:   public void initTestCase(){ 
51:     threadStopper.storeCurrentThreads();
52:     threadStopper.startRecordingTime();
53:     org.evosuite.runtime.jvm.ShutdownHookHandler.getInstance().initHandler(); 
54:     org.evosuite.runtime.sandbox.Sandbox.goingToExecuteSUTCode(); 
55:     setSystemProperties(); 
56:     org.evosuite.runtime.GuiSupport.setHeadless(); 
57:     org.evosuite.runtime.Runtime.getInstance().resetRuntime(); 
58:     org.evosuite.runtime.agent.InstrumentingAgent.activate(); 
59:   } 
60: 
61:   @After
62:   public void doneWithTestCase(){ 
63:     threadStopper.killAndJoinClientThreads();
64:     org.evosuite.runtime.jvm.ShutdownHookHandler.getInstance().safeExecuteAddedHooks(); 
65:     org.evosuite.runtime.classhandling.JDKClassResetter.reset(); 
66:     resetClasses(); 
67:     org.evosuite.runtime.sandbox.Sandbox.doneWithExecutingSUTCode(); 
68:     org.evosuite.runtime.agent.InstrumentingAgent.deactivate(); 
69:     org.evosuite.runtime.GuiSupport.restoreHeadlessMode(); 
70:   } 
71: 
72:   public static void setSystemProperties() {
73:  
74:     java.lang.System.setProperties((java.util.Properties) defaultProperties.clone()); 
75:     java.lang.System.setProperty("user.dir", "/work/Gson_14f"); 
76:     java.lang.System.setProperty("java.io.tmpdir", "/tmp"); 
77:   }
78: 
79:   private static void initializeClasses() {
80:     org.evosuite.runtime.classhandling.ClassStateSupport.initializeClasses($Gson$Types_36_tmp__ESTest_scaffolding.class.getClassLoader() ,
81:       "com.google.gson.internal.$Gson$Types",
82:       "com.google.gson.internal.$Gson$Preconditions",
83:       "com.google.gson.internal.$Gson$Types$WildcardTypeImpl",
84:       "com.google.gson.internal.$Gson$Types$ParameterizedTypeImpl",
85:       "com.google.gson.internal.$Gson$Types$GenericArrayTypeImpl"
86:     );
87:   } 
88: 
89:   private static void resetClasses() {
90:     org.evosuite.runtime.classhandling.ClassResetter.getInstance().setClassLoader($Gson$Types_36_tmp__ESTest_scaffolding.class.getClassLoader()); 
91: 
92:     org.evosuite.runtime.classhandling.ClassStateSupport.resetClasses(
93:       "com.google.gson.internal.$Gson$Types",
94:       "com.google.gson.internal.$Gson$Types$ParameterizedTypeImpl",
95:       "com.google.gson.internal.$Gson$Types$GenericArrayTypeImpl",
96:       "com.google.gson.internal.$Gson$Types$WildcardTypeImpl",
97:       "com.google.gson.internal.$Gson$Preconditions"
98:     );
99:   }
100: }

[MASTER] 00:17:59.781 [logback-2] ERROR JUnitAnalyzer - Failed to compile test case:
Class<Properties> class0 = Properties.class;
Type type0 = .Gson.Types.resolve((Type) null, class0, class0);
Type type1 = .Gson.Types.getArrayComponentType(type0);
.Gson.Types.supertypeOf(type1);

[MASTER] 00:17:59.792 [logback-2] ERROR JUnitAnalyzer - Compilation failed on compilation units: [SimpleFileObject[/tmp/EvoSuite_37_1790061479782/com/google/gson/internal/$Gson$Types_37_tmp__ESTest.java], SimpleFileObject[/tmp/EvoSuite_37_1790061479782/com/google/gson/internal/$Gson$Types_37_tmp__ESTest_scaffolding.java]]
[MASTER] 00:17:59.792 [logback-2] ERROR JUnitAnalyzer - Classpath: /opt/defects4j/framework/projects/lib/junit-4.12-hamcrest-1.3.jar:/work/Gson_14f/target/classes:/work/Gson_14f/target/test-classes:/opt/defects4j/framework/projects/Gson/lib/com/google/code/findbugs/jsr305/3.0.0/jsr305-3.0.0.jar:/opt/defects4j/framework/projects/lib/junit-4.12-hamcrest-1.3.jar:/opt/evosuite/evosuite-1.2.0.jar:/work/Gson_14f/target/classes:/work/Gson_14f/target/test-classes:/opt/defects4j/framework/projects/Gson/lib/com/google/code/findbugs/jsr305/3.0.0/jsr305-3.0.0.jar:/opt/defects4j/framework/projects/lib/junit-4.12-hamcrest-1.3.jar:/work/Gson_14f/target/classes:/work/Gson_14f/target/test-classes:/opt/defects4j/framework/projects/Gson/lib/com/google/code/findbugs/jsr305/3.0.0/jsr305-3.0.0.jar
[MASTER] 00:17:59.792 [logback-2] ERROR JUnitAnalyzer - evosuiteCP: /opt/defects4j/framework/projects/lib/junit-4.12-hamcrest-1.3.jar:/opt/evosuite/evosuite-1.2.0.jar:/work/Gson_14f/target/classes:/work/Gson_14f/target/test-classes:/opt/defects4j/framework/projects/Gson/lib/com/google/code/findbugs/jsr305/3.0.0/jsr305-3.0.0.jar:/opt/defects4j/framework/projects/lib/junit-4.12-hamcrest-1.3.jar:/work/Gson_14f/target/classes:/work/Gson_14f/target/test-classes:/opt/defects4j/framework/projects/Gson/lib/com/google/code/findbugs/jsr305/3.0.0/jsr305-3.0.0.jar
[MASTER] 00:17:59.792 [logback-2] ERROR JUnitAnalyzer - Diagnostic: illegal start of expression: 23
[MASTER] 00:17:59.793 [logback-2] ERROR JUnitAnalyzer - SimpleFileObject[/tmp/EvoSuite_37_1790061479782/com/google/gson/internal/$Gson$Types_37_tmp__ESTest.java]
1: /*
2:  * This file was automatically generated by EvoSuite
3:  * Tue Sep 22 07:17:59 GMT 2026
4:  */
5: 
6: package com.google.gson.internal;
7: 
8: import org.junit.Test;
9: import static org.junit.Assert.*;
10: import static org.evosuite.runtime.EvoAssertions.*;
11: import java.lang.reflect.Type;
12: import org.evosuite.runtime.EvoRunner;
13: import org.evosuite.runtime.EvoRunnerParameters;
14: import org.junit.runner.RunWith;
15: 
16: @RunWith(EvoRunner.class) @EvoRunnerParameters(mockJVMNonDeterminism = true, useVFS = true, useVNET = true, resetStaticState = true) 
17: public class $Gson$Types_37_tmp__ESTest extends $Gson$Types_37_tmp__ESTest_scaffolding {
18: 
19:   @Test(timeout = 4000)
20:   public void test0()  throws Throwable  {
21:       // Undeclared exception!
22:       try { 
23:         .Gson.Types.typeToString((Type) null);
24:         fail("Expecting exception: NullPointerException");
25:       
26:       } catch(NullPointerException e) {
27:          //
28:          // no message in exception (getMessage() returned null)
29:          //
30:          verifyException("org.evosuite.runtime.System", e);
31:       }
32:   }
33: }
SimpleFileObject[/tmp/EvoSuite_37_1790061479782/com/google/gson/internal/$Gson$Types_37_tmp__ESTest.java]
1: /**
2:  * Scaffolding file used to store all the setups needed to run 
3:  * tests automatically generated by EvoSuite
4:  * Tue Sep 22 07:17:59 GMT 2026
5:  */
6: 
7: package com.google.gson.internal;
8: 
9: import org.evosuite.runtime.annotation.EvoSuiteClassExclude;
10: import org.junit.BeforeClass;
11: import org.junit.Before;
12: import org.junit.After;
13: import org.junit.AfterClass;
14: import org.evosuite.runtime.sandbox.Sandbox;
15: import org.evosuite.runtime.sandbox.Sandbox.SandboxMode;
16: 
17: @EvoSuiteClassExclude
18: public class $Gson$Types_37_tmp__ESTest_scaffolding {
19: 
20:   @org.junit.Rule
21:   public org.evosuite.runtime.vnet.NonFunctionalRequirementRule nfr = new org.evosuite.runtime.vnet.NonFunctionalRequirementRule();
22: 
23:   private static final java.util.Properties defaultProperties = (java.util.Properties) java.lang.System.getProperties().clone(); 
24: 
25:   private org.evosuite.runtime.thread.ThreadStopper threadStopper =  new org.evosuite.runtime.thread.ThreadStopper (org.evosuite.runtime.thread.KillSwitchHandler.getInstance(), 3000);
26: 
27: 
28:   @BeforeClass
29:   public static void initEvoSuiteFramework() { 
30:     org.evosuite.runtime.RuntimeSettings.className = "com.google.gson.internal.$Gson$Types"; 
31:     org.evosuite.runtime.GuiSupport.initialize(); 
32:     org.evosuite.runtime.RuntimeSettings.maxNumberOfThreads = 100; 
33:     org.evosuite.runtime.RuntimeSettings.maxNumberOfIterationsPerLoop = 10000; 
34:     org.evosuite.runtime.RuntimeSettings.mockSystemIn = true; 
35:     org.evosuite.runtime.RuntimeSettings.sandboxMode = org.evosuite.runtime.sandbox.Sandbox.SandboxMode.RECOMMENDED; 
36:     org.evosuite.runtime.sandbox.Sandbox.initializeSecurityManagerForSUT(); 
37:     org.evosuite.runtime.classhandling.JDKClassResetter.init();
38:     setSystemProperties();
39:     initializeClasses();
40:     org.evosuite.runtime.Runtime.getInstance().resetRuntime(); 
41:   } 
42: 
43:   @AfterClass
44:   public static void clearEvoSuiteFramework(){ 
45:     Sandbox.resetDefaultSecurityManager(); 
46:     java.lang.System.setProperties((java.util.Properties) defaultProperties.clone()); 
47:   } 
48: 
49:   @Before
50:   public void initTestCase(){ 
51:     threadStopper.storeCurrentThreads();
52:     threadStopper.startRecordingTime();
53:     org.evosuite.runtime.jvm.ShutdownHookHandler.getInstance().initHandler(); 
54:     org.evosuite.runtime.sandbox.Sandbox.goingToExecuteSUTCode(); 
55:     setSystemProperties(); 
56:     org.evosuite.runtime.GuiSupport.setHeadless(); 
57:     org.evosuite.runtime.Runtime.getInstance().resetRuntime(); 
58:     org.evosuite.runtime.agent.InstrumentingAgent.activate(); 
59:   } 
60: 
61:   @After
62:   public void doneWithTestCase(){ 
63:     threadStopper.killAndJoinClientThreads();
64:     org.evosuite.runtime.jvm.ShutdownHookHandler.getInstance().safeExecuteAddedHooks(); 
65:     org.evosuite.runtime.classhandling.JDKClassResetter.reset(); 
66:     resetClasses(); 
67:     org.evosuite.runtime.sandbox.Sandbox.doneWithExecutingSUTCode(); 
68:     org.evosuite.runtime.agent.InstrumentingAgent.deactivate(); 
69:     org.evosuite.runtime.GuiSupport.restoreHeadlessMode(); 
70:   } 
71: 
72:   public static void setSystemProperties() {
73:  
74:     java.lang.System.setProperties((java.util.Properties) defaultProperties.clone()); 
75:     java.lang.System.setProperty("user.dir", "/work/Gson_14f"); 
76:     java.lang.System.setProperty("java.io.tmpdir", "/tmp"); 
77:   }
78: 
79:   private static void initializeClasses() {
80:     org.evosuite.runtime.classhandling.ClassStateSupport.initializeClasses($Gson$Types_37_tmp__ESTest_scaffolding.class.getClassLoader() ,
81:       "com.google.gson.internal.$Gson$Types",
82:       "com.google.gson.internal.$Gson$Preconditions",
83:       "com.google.gson.internal.$Gson$Types$WildcardTypeImpl",
84:       "com.google.gson.internal.$Gson$Types$ParameterizedTypeImpl",
85:       "com.google.gson.internal.$Gson$Types$GenericArrayTypeImpl"
86:     );
87:   } 
88: 
89:   private static void resetClasses() {
90:     org.evosuite.runtime.classhandling.ClassResetter.getInstance().setClassLoader($Gson$Types_37_tmp__ESTest_scaffolding.class.getClassLoader()); 
91: 
92:     org.evosuite.runtime.classhandling.ClassStateSupport.resetClasses(
93:       "com.google.gson.internal.$Gson$Types",
94:       "com.google.gson.internal.$Gson$Types$ParameterizedTypeImpl",
95:       "com.google.gson.internal.$Gson$Types$GenericArrayTypeImpl",
96:       "com.google.gson.internal.$Gson$Types$WildcardTypeImpl",
97:       "com.google.gson.internal.$Gson$Preconditions"
98:     );
99:   }
100: }

[MASTER] 00:17:59.793 [logback-2] ERROR JUnitAnalyzer - Failed to compile test case:
.Gson.Types.typeToString((Type) null);

[MASTER] 00:17:59.804 [logback-2] ERROR JUnitAnalyzer - Compilation failed on compilation units: [SimpleFileObject[/tmp/EvoSuite_38_1790061479794/com/google/gson/internal/$Gson$Types_38_tmp__ESTest.java], SimpleFileObject[/tmp/EvoSuite_38_1790061479794/com/google/gson/internal/$Gson$Types_38_tmp__ESTest_scaffolding.java]]
[MASTER] 00:17:59.804 [logback-2] ERROR JUnitAnalyzer - Classpath: /opt/defects4j/framework/projects/lib/junit-4.12-hamcrest-1.3.jar:/work/Gson_14f/target/classes:/work/Gson_14f/target/test-classes:/opt/defects4j/framework/projects/Gson/lib/com/google/code/findbugs/jsr305/3.0.0/jsr305-3.0.0.jar:/opt/defects4j/framework/projects/lib/junit-4.12-hamcrest-1.3.jar:/opt/evosuite/evosuite-1.2.0.jar:/work/Gson_14f/target/classes:/work/Gson_14f/target/test-classes:/opt/defects4j/framework/projects/Gson/lib/com/google/code/findbugs/jsr305/3.0.0/jsr305-3.0.0.jar:/opt/defects4j/framework/projects/lib/junit-4.12-hamcrest-1.3.jar:/work/Gson_14f/target/classes:/work/Gson_14f/target/test-classes:/opt/defects4j/framework/projects/Gson/lib/com/google/code/findbugs/jsr305/3.0.0/jsr305-3.0.0.jar
[MASTER] 00:17:59.804 [logback-2] ERROR JUnitAnalyzer - evosuiteCP: /opt/defects4j/framework/projects/lib/junit-4.12-hamcrest-1.3.jar:/opt/evosuite/evosuite-1.2.0.jar:/work/Gson_14f/target/classes:/work/Gson_14f/target/test-classes:/opt/defects4j/framework/projects/Gson/lib/com/google/code/findbugs/jsr305/3.0.0/jsr305-3.0.0.jar:/opt/defects4j/framework/projects/lib/junit-4.12-hamcrest-1.3.jar:/work/Gson_14f/target/classes:/work/Gson_14f/target/test-classes:/opt/defects4j/framework/projects/Gson/lib/com/google/code/findbugs/jsr305/3.0.0/jsr305-3.0.0.jar
[MASTER] 00:17:59.804 [logback-2] ERROR JUnitAnalyzer - Diagnostic: illegal start of expression: 23
[MASTER] 00:17:59.804 [logback-2] ERROR JUnitAnalyzer - Diagnostic: illegal start of expression: 25
[MASTER] 00:17:59.804 [logback-2] ERROR JUnitAnalyzer - Diagnostic: illegal start of expression: 26
[MASTER] 00:17:59.804 [logback-2] ERROR JUnitAnalyzer - SimpleFileObject[/tmp/EvoSuite_38_1790061479794/com/google/gson/internal/$Gson$Types_38_tmp__ESTest.java]
1: /*
2:  * This file was automatically generated by EvoSuite
3:  * Tue Sep 22 07:17:59 GMT 2026
4:  */
5: 
6: package com.google.gson.internal;
7: 
8: import org.junit.Test;
9: import static org.junit.Assert.*;
10: import java.lang.reflect.ParameterizedType;
11: import java.lang.reflect.Type;
12: import java.util.Properties;
13: import org.evosuite.runtime.EvoRunner;
14: import org.evosuite.runtime.EvoRunnerParameters;
15: import org.junit.runner.RunWith;
16: 
17: @RunWith(EvoRunner.class) @EvoRunnerParameters(mockJVMNonDeterminism = true, useVFS = true, useVNET = true, resetStaticState = true) 
18: public class $Gson$Types_38_tmp__ESTest extends $Gson$Types_38_tmp__ESTest_scaffolding {
19: 
20:   @Test(timeout = 4000)
21:   public void test0()  throws Throwable  {
22:       Type[] typeArray0 = new Type[0];
23:       ParameterizedType parameterizedType0 = .Gson.Types.newParameterizedTypeWithOwner((Type) null, (Type) null, typeArray0);
24:       Class<Properties> class0 = Properties.class;
25:       ParameterizedType parameterizedType1 = .Gson.Types.newParameterizedTypeWithOwner(parameterizedType0, class0, typeArray0);
26:       Class<?> class1 = .Gson.Types.getRawType(parameterizedType1);
27:       assertEquals("class java.util.Properties", class1.toString());
28:   }
29: }
SimpleFileObject[/tmp/EvoSuite_38_1790061479794/com/google/gson/internal/$Gson$Types_38_tmp__ESTest.java]
1: /**
2:  * Scaffolding file used to store all the setups needed to run 
3:  * tests automatically generated by EvoSuite
4:  * Tue Sep 22 07:17:59 GMT 2026
5:  */
6: 
7: package com.google.gson.internal;
8: 
9: import org.evosuite.runtime.annotation.EvoSuiteClassExclude;
10: import org.junit.BeforeClass;
11: import org.junit.Before;
12: import org.junit.After;
13: import org.junit.AfterClass;
14: import org.evosuite.runtime.sandbox.Sandbox;
15: import org.evosuite.runtime.sandbox.Sandbox.SandboxMode;
16: 
17: @EvoSuiteClassExclude
18: public class $Gson$Types_38_tmp__ESTest_scaffolding {
19: 
20:   @org.junit.Rule
21:   public org.evosuite.runtime.vnet.NonFunctionalRequirementRule nfr = new org.evosuite.runtime.vnet.NonFunctionalRequirementRule();
22: 
23:   private static final java.util.Properties defaultProperties = (java.util.Properties) java.lang.System.getProperties().clone(); 
24: 
25:   private org.evosuite.runtime.thread.ThreadStopper threadStopper =  new org.evosuite.runtime.thread.ThreadStopper (org.evosuite.runtime.thread.KillSwitchHandler.getInstance(), 3000);
26: 
27: 
28:   @BeforeClass
29:   public static void initEvoSuiteFramework() { 
30:     org.evosuite.runtime.RuntimeSettings.className = "com.google.gson.internal.$Gson$Types"; 
31:     org.evosuite.runtime.GuiSupport.initialize(); 
32:     org.evosuite.runtime.RuntimeSettings.maxNumberOfThreads = 100; 
33:     org.evosuite.runtime.RuntimeSettings.maxNumberOfIterationsPerLoop = 10000; 
34:     org.evosuite.runtime.RuntimeSettings.mockSystemIn = true; 
35:     org.evosuite.runtime.RuntimeSettings.sandboxMode = org.evosuite.runtime.sandbox.Sandbox.SandboxMode.RECOMMENDED; 
36:     org.evosuite.runtime.sandbox.Sandbox.initializeSecurityManagerForSUT(); 
37:     org.evosuite.runtime.classhandling.JDKClassResetter.init();
38:     setSystemProperties();
39:     initializeClasses();
40:     org.evosuite.runtime.Runtime.getInstance().resetRuntime(); 
41:   } 
42: 
43:   @AfterClass
44:   public static void clearEvoSuiteFramework(){ 
45:     Sandbox.resetDefaultSecurityManager(); 
46:     java.lang.System.setProperties((java.util.Properties) defaultProperties.clone()); 
47:   } 
48: 
49:   @Before
50:   public void initTestCase(){ 
51:     threadStopper.storeCurrentThreads();
52:     threadStopper.startRecordingTime();
53:     org.evosuite.runtime.jvm.ShutdownHookHandler.getInstance().initHandler(); 
54:     org.evosuite.runtime.sandbox.Sandbox.goingToExecuteSUTCode(); 
55:     setSystemProperties(); 
56:     org.evosuite.runtime.GuiSupport.setHeadless(); 
57:     org.evosuite.runtime.Runtime.getInstance().resetRuntime(); 
58:     org.evosuite.runtime.agent.InstrumentingAgent.activate(); 
59:   } 
60: 
61:   @After
62:   public void doneWithTestCase(){ 
63:     threadStopper.killAndJoinClientThreads();
64:     org.evosuite.runtime.jvm.ShutdownHookHandler.getInstance().safeExecuteAddedHooks(); 
65:     org.evosuite.runtime.classhandling.JDKClassResetter.reset(); 
66:     resetClasses(); 
67:     org.evosuite.runtime.sandbox.Sandbox.doneWithExecutingSUTCode(); 
68:     org.evosuite.runtime.agent.InstrumentingAgent.deactivate(); 
69:     org.evosuite.runtime.GuiSupport.restoreHeadlessMode(); 
70:   } 
71: 
72:   public static void setSystemProperties() {
73:  
74:     java.lang.System.setProperties((java.util.Properties) defaultProperties.clone()); 
75:     java.lang.System.setProperty("user.dir", "/work/Gson_14f"); 
76:     java.lang.System.setProperty("java.io.tmpdir", "/tmp"); 
77:   }
78: 
79:   private static void initializeClasses() {
80:     org.evosuite.runtime.classhandling.ClassStateSupport.initializeClasses($Gson$Types_38_tmp__ESTest_scaffolding.class.getClassLoader() ,
81:       "com.google.gson.internal.$Gson$Types",
82:       "com.google.gson.internal.$Gson$Preconditions",
83:       "com.google.gson.internal.$Gson$Types$WildcardTypeImpl",
84:       "com.google.gson.internal.$Gson$Types$ParameterizedTypeImpl",
85:       "com.google.gson.internal.$Gson$Types$GenericArrayTypeImpl"
86:     );
87:   } 
88: 
89:   private static void resetClasses() {
90:     org.evosuite.runtime.classhandling.ClassResetter.getInstance().setClassLoader($Gson$Types_38_tmp__ESTest_scaffolding.class.getClassLoader()); 
91: 
92:     org.evosuite.runtime.classhandling.ClassStateSupport.resetClasses(
93:       "com.google.gson.internal.$Gson$Types",
94:       "com.google.gson.internal.$Gson$Types$ParameterizedTypeImpl",
95:       "com.google.gson.internal.$Gson$Types$GenericArrayTypeImpl",
96:       "com.google.gson.internal.$Gson$Types$WildcardTypeImpl",
97:       "com.google.gson.internal.$Gson$Preconditions"
98:     );
99:   }
100: }

[MASTER] 00:17:59.805 [logback-2] ERROR JUnitAnalyzer - Failed to compile test case:
Type[] typeArray0 = new Type[0];
ParameterizedType parameterizedType0 = .Gson.Types.newParameterizedTypeWithOwner((Type) null, (Type) null, typeArray0);
Class<Properties> class0 = Properties.class;
ParameterizedType parameterizedType1 = .Gson.Types.newParameterizedTypeWithOwner(parameterizedType0, class0, typeArray0);
Class<?> class1 = .Gson.Types.getRawType(parameterizedType1);
assertEquals("class java.util.Properties", class1.toString());



[exit=0 timeout=False time=67.5s]

$ javac -nowarn -cp /work/Gson_14f/target/classes:/opt/defects4j/framework/projects/lib/junit-4.12-hamcrest-1.3.jar:/work/Gson_14f/target/classes:/work/Gson_14f/target/test-classes:/opt/defects4j/framework/projects/Gson/lib/com/google/code/findbugs/jsr305/3.0.0/jsr305-3.0.0.jar:/opt/evosuite/evosuite-standalone-runtime-1.2.0.jar -d /work/evo_out/Gson_14f/budget60_seed1/classes /work/evo_out/Gson_14f/budget60_seed1/tests/com/google/gson/internal/$Gson$Types_ESTest.java /work/evo_out/Gson_14f/budget60_seed1/tests/com/google/gson/internal/$Gson$Types_ESTest_scaffolding.java

[exit=0 timeout=False time=0.5s]

$ java -jar /opt/jacoco/lib/jacococli.jar instrument /work/Gson_14f/target/classes --dest /work/evo_out/Gson_14f/budget60_seed1/instrumented
[INFO] 177 classes instrumented to /work/evo_out/Gson_14f/budget60_seed1/instrumented.

[exit=0 timeout=False time=0.3s]

$ java -Djacoco-agent.destfile=/workspace/EvoSuite/Result_Round1/Gson_14/budget60_seed1/jacoco.exec -cp /work/evo_out/Gson_14f/budget60_seed1/instrumented:/work/evo_out/Gson_14f/budget60_seed1/classes:/opt/defects4j/framework/projects/lib/junit-4.12-hamcrest-1.3.jar:/work/Gson_14f/target/classes:/work/Gson_14f/target/test-classes:/opt/defects4j/framework/projects/Gson/lib/com/google/code/findbugs/jsr305/3.0.0/jsr305-3.0.0.jar:/opt/evosuite/evosuite-standalone-runtime-1.2.0.jar:/opt/jacoco/lib/jacocoagent.jar org.junit.runner.JUnitCore com.google.gson.internal.$Gson$Types_ESTest
JUnit version 4.12
.
Time: 0.002

OK (1 test)

SLF4J: Failed to load class "org.slf4j.impl.StaticLoggerBinder".
SLF4J: Defaulting to no-operation (NOP) logger implementation
SLF4J: See http://www.slf4j.org/codes.html#StaticLoggerBinder for further details.

[exit=0 timeout=False time=0.2s]

$ java -cp /work/evo_out/Gson_14f/budget60_seed1/classes:/opt/defects4j/framework/projects/lib/junit-4.12-hamcrest-1.3.jar:/work/Gson_14b/target/classes:/work/Gson_14b/target/test-classes:/opt/defects4j/framework/projects/Gson/lib/com/google/code/findbugs/jsr305/3.0.0/jsr305-3.0.0.jar:/opt/evosuite/evosuite-standalone-runtime-1.2.0.jar org.junit.runner.JUnitCore com.google.gson.internal.$Gson$Types_ESTest
JUnit version 4.12
.
Time: 0.002

OK (1 test)

SLF4J: Failed to load class "org.slf4j.impl.StaticLoggerBinder".
SLF4J: Defaulting to no-operation (NOP) logger implementation
SLF4J: See http://www.slf4j.org/codes.html#StaticLoggerBinder for further details.

[exit=0 timeout=False time=0.2s]
