
$ defects4j checkout -p Jsoup -v 29f -w /work/Jsoup_29f
Checking out 05ae9786 to /work/Jsoup_29f................................... OK
Init local repository...................................................... OK
Tag post-fix revision...................................................... OK
Copy generated Ant build file.............................................. OK
Run post-checkout hook..................................................... OK
Excluding broken/flaky tests............................................... OK
Backing up build file: /work/Jsoup_29f/maven-build.xml..................... OK
Initialize fixed program version........................................... OK
Apply patch................................................................ OK
Initialize buggy program version........................................... OK
Diff 05ae9786:59fb5117..................................................... OK
Apply patch................................................................ OK
Tag pre-fix revision....................................................... OK
Check out program version: Jsoup-29f....................................... OK

[exit=0 timeout=False time=1.4s]

$ defects4j compile -w /work/Jsoup_29f
Running ant (compile)...................................................... OK
Running ant (compile.tests)................................................ OK

[exit=0 timeout=False time=4.1s]

$ defects4j checkout -p Jsoup -v 29b -w /work/Jsoup_29b
Checking out 05ae9786 to /work/Jsoup_29b................................... OK
Init local repository...................................................... OK
Tag post-fix revision...................................................... OK
Copy generated Ant build file.............................................. OK
Run post-checkout hook..................................................... OK
Excluding broken/flaky tests............................................... OK
Backing up build file: /work/Jsoup_29b/maven-build.xml..................... OK
Initialize fixed program version........................................... OK
Apply patch................................................................ OK
Initialize buggy program version........................................... OK
Diff 05ae9786:59fb5117..................................................... OK
Apply patch................................................................ OK
Tag pre-fix revision....................................................... OK
Check out program version: Jsoup-29b....................................... OK

[exit=0 timeout=False time=1.4s]

$ defects4j compile -w /work/Jsoup_29b
Running ant (compile)...................................................... OK
Running ant (compile.tests)................................................ OK

[exit=0 timeout=False time=4.0s]

$ java -Djava.awt.headless=true -cp /opt/defects4j/framework/projects/lib/junit-4.12-hamcrest-1.3.jar:/opt/evosuite/evosuite-1.2.0.jar:/work/Jsoup_29f/target/classes:/work/Jsoup_29f/target/test-classes:/opt/defects4j/framework/projects/Jsoup/lib/com/google/code/gson/gson/2.7/gson-2.7.jar:/opt/defects4j/framework/projects/Jsoup/lib/commons-lang/commons-lang/2.4/commons-lang-2.4.jar:/opt/defects4j/framework/projects/Jsoup/lib/javax/servlet/javax.servlet-api/3.1.0/javax.servlet-api-3.1.0.jar:/opt/defects4j/framework/projects/Jsoup/lib/org/eclipse/jetty/jetty-http/9.2.22.v20170606/jetty-http-9.2.22.v20170606.jar:/opt/defects4j/framework/projects/Jsoup/lib/org/eclipse/jetty/jetty-http/9.2.26.v20180806/jetty-http-9.2.26.v20180806.jar:/opt/defects4j/framework/projects/Jsoup/lib/org/eclipse/jetty/jetty-http/9.2.28.v20190418/jetty-http-9.2.28.v20190418.jar:/opt/defects4j/framework/projects/Jsoup/lib/org/eclipse/jetty/jetty-io/9.2.22.v20170606/jetty-io-9.2.22.v20170606.jar:/opt/defects4j/framework/projects/Jsoup/lib/org/eclipse/jetty/jetty-io/9.2.26.v20180806/jetty-io-9.2.26.v20180806.jar:/opt/defects4j/framework/projects/Jsoup/lib/org/eclipse/jetty/jetty-io/9.2.28.v20190418/jetty-io-9.2.28.v20190418.jar:/opt/defects4j/framework/projects/Jsoup/lib/org/eclipse/jetty/jetty-security/9.2.22.v20170606/jetty-security-9.2.22.v20170606.jar:/opt/defects4j/framework/projects/Jsoup/lib/org/eclipse/jetty/jetty-security/9.2.26.v20180806/jetty-security-9.2.26.v20180806.jar:/opt/defects4j/framework/projects/Jsoup/lib/org/eclipse/jetty/jetty-security/9.2.28.v20190418/jetty-security-9.2.28.v20190418.jar:/opt/defects4j/framework/projects/Jsoup/lib/org/eclipse/jetty/jetty-server/9.2.22.v20170606/jetty-server-9.2.22.v20170606.jar:/opt/defects4j/framework/projects/Jsoup/lib/org/eclipse/jetty/jetty-server/9.2.26.v20180806/jetty-server-9.2.26.v20180806.jar:/opt/defects4j/framework/projects/Jsoup/lib/org/eclipse/jetty/jetty-server/9.2.28.v20190418/jetty-server-9.2.28.v20190418.jar:/opt/defects4j/framework/projects/Jsoup/lib/org/eclipse/jetty/jetty-servlet/9.2.22.v20170606/jetty-servlet-9.2.22.v20170606.jar:/opt/defects4j/framework/projects/Jsoup/lib/org/eclipse/jetty/jetty-servlet/9.2.26.v20180806/jetty-servlet-9.2.26.v20180806.jar:/opt/defects4j/framework/projects/Jsoup/lib/org/eclipse/jetty/jetty-servlet/9.2.28.v20190418/jetty-servlet-9.2.28.v20190418.jar:/opt/defects4j/framework/projects/Jsoup/lib/org/eclipse/jetty/jetty-util/9.2.22.v20170606/jetty-util-9.2.22.v20170606.jar:/opt/defects4j/framework/projects/Jsoup/lib/org/eclipse/jetty/jetty-util/9.2.26.v20180806/jetty-util-9.2.26.v20180806.jar:/opt/defects4j/framework/projects/Jsoup/lib/org/eclipse/jetty/jetty-util/9.2.28.v20190418/jetty-util-9.2.28.v20190418.jar org.evosuite.EvoSuite -generateSuite -class org.jsoup.nodes.Document -projectCP /opt/defects4j/framework/projects/lib/junit-4.12-hamcrest-1.3.jar:/work/Jsoup_29f/target/classes:/work/Jsoup_29f/target/test-classes:/opt/defects4j/framework/projects/Jsoup/lib/com/google/code/gson/gson/2.7/gson-2.7.jar:/opt/defects4j/framework/projects/Jsoup/lib/commons-lang/commons-lang/2.4/commons-lang-2.4.jar:/opt/defects4j/framework/projects/Jsoup/lib/javax/servlet/javax.servlet-api/3.1.0/javax.servlet-api-3.1.0.jar:/opt/defects4j/framework/projects/Jsoup/lib/org/eclipse/jetty/jetty-http/9.2.22.v20170606/jetty-http-9.2.22.v20170606.jar:/opt/defects4j/framework/projects/Jsoup/lib/org/eclipse/jetty/jetty-http/9.2.26.v20180806/jetty-http-9.2.26.v20180806.jar:/opt/defects4j/framework/projects/Jsoup/lib/org/eclipse/jetty/jetty-http/9.2.28.v20190418/jetty-http-9.2.28.v20190418.jar:/opt/defects4j/framework/projects/Jsoup/lib/org/eclipse/jetty/jetty-io/9.2.22.v20170606/jetty-io-9.2.22.v20170606.jar:/opt/defects4j/framework/projects/Jsoup/lib/org/eclipse/jetty/jetty-io/9.2.26.v20180806/jetty-io-9.2.26.v20180806.jar:/opt/defects4j/framework/projects/Jsoup/lib/org/eclipse/jetty/jetty-io/9.2.28.v20190418/jetty-io-9.2.28.v20190418.jar:/opt/defects4j/framework/projects/Jsoup/lib/org/eclipse/jetty/jetty-security/9.2.22.v20170606/jetty-security-9.2.22.v20170606.jar:/opt/defects4j/framework/projects/Jsoup/lib/org/eclipse/jetty/jetty-security/9.2.26.v20180806/jetty-security-9.2.26.v20180806.jar:/opt/defects4j/framework/projects/Jsoup/lib/org/eclipse/jetty/jetty-security/9.2.28.v20190418/jetty-security-9.2.28.v20190418.jar:/opt/defects4j/framework/projects/Jsoup/lib/org/eclipse/jetty/jetty-server/9.2.22.v20170606/jetty-server-9.2.22.v20170606.jar:/opt/defects4j/framework/projects/Jsoup/lib/org/eclipse/jetty/jetty-server/9.2.26.v20180806/jetty-server-9.2.26.v20180806.jar:/opt/defects4j/framework/projects/Jsoup/lib/org/eclipse/jetty/jetty-server/9.2.28.v20190418/jetty-server-9.2.28.v20190418.jar:/opt/defects4j/framework/projects/Jsoup/lib/org/eclipse/jetty/jetty-servlet/9.2.22.v20170606/jetty-servlet-9.2.22.v20170606.jar:/opt/defects4j/framework/projects/Jsoup/lib/org/eclipse/jetty/jetty-servlet/9.2.26.v20180806/jetty-servlet-9.2.26.v20180806.jar:/opt/defects4j/framework/projects/Jsoup/lib/org/eclipse/jetty/jetty-servlet/9.2.28.v20190418/jetty-servlet-9.2.28.v20190418.jar:/opt/defects4j/framework/projects/Jsoup/lib/org/eclipse/jetty/jetty-util/9.2.22.v20170606/jetty-util-9.2.22.v20170606.jar:/opt/defects4j/framework/projects/Jsoup/lib/org/eclipse/jetty/jetty-util/9.2.26.v20180806/jetty-util-9.2.26.v20180806.jar:/opt/defects4j/framework/projects/Jsoup/lib/org/eclipse/jetty/jetty-util/9.2.28.v20190418/jetty-util-9.2.28.v20190418.jar -Dcriterion=LINE:BRANCH:EXCEPTION -Dsearch_budget=60 -seed 1 -Dtest_dir=/work/evo_out/Jsoup_29f/budget60_seed1/tests -Dreport_dir=/work/evo_out/Jsoup_29f/budget60_seed1/report
* EvoSuite 1.2.0
* Going to generate test cases for class: org.jsoup.nodes.Document
* Starting Client-0
* Connecting to master process on port 9922
* Analyzing classpath: 
  - /opt/defects4j/framework/projects/lib/junit-4.12-hamcrest-1.3.jar
  - /work/Jsoup_29f/target/classes
  - /work/Jsoup_29f/target/test-classes
  - /opt/defects4j/framework/projects/Jsoup/lib/com/google/code/gson/gson/2.7/gson-2.7.jar
  - /opt/defects4j/framework/projects/Jsoup/lib/commons-lang/commons-lang/2.4/commons-lang-2.4.jar
  - /opt/defects4j/framework/projects/Jsoup/lib/javax/servlet/javax.servlet-api/3.1.0/javax.servlet-api-3.1.0.jar
  - /opt/defects4j/framework/projects/Jsoup/lib/org/eclipse/jetty/jetty-http/9.2.22.v20170606/jetty-http-9.2.22.v20170606.jar
  - /opt/defects4j/framework/projects/Jsoup/lib/org/eclipse/jetty/jetty-http/9.2.26.v20180806/jetty-http-9.2.26.v20180806.jar
  - /opt/defects4j/framework/projects/Jsoup/lib/org/eclipse/jetty/jetty-http/9.2.28.v20190418/jetty-http-9.2.28.v20190418.jar
  - /opt/defects4j/framework/projects/Jsoup/lib/org/eclipse/jetty/jetty-io/9.2.22.v20170606/jetty-io-9.2.22.v20170606.jar
  - /opt/defects4j/framework/projects/Jsoup/lib/org/eclipse/jetty/jetty-io/9.2.26.v20180806/jetty-io-9.2.26.v20180806.jar
  - /opt/defects4j/framework/projects/Jsoup/lib/org/eclipse/jetty/jetty-io/9.2.28.v20190418/jetty-io-9.2.28.v20190418.jar
  - /opt/defects4j/framework/projects/Jsoup/lib/org/eclipse/jetty/jetty-security/9.2.22.v20170606/jetty-security-9.2.22.v20170606.jar
  - /opt/defects4j/framework/projects/Jsoup/lib/org/eclipse/jetty/jetty-security/9.2.26.v20180806/jetty-security-9.2.26.v20180806.jar
  - /opt/defects4j/framework/projects/Jsoup/lib/org/eclipse/jetty/jetty-security/9.2.28.v20190418/jetty-security-9.2.28.v20190418.jar
  - /opt/defects4j/framework/projects/Jsoup/lib/org/eclipse/jetty/jetty-server/9.2.22.v20170606/jetty-server-9.2.22.v20170606.jar
  - /opt/defects4j/framework/projects/Jsoup/lib/org/eclipse/jetty/jetty-server/9.2.26.v20180806/jetty-server-9.2.26.v20180806.jar
  - /opt/defects4j/framework/projects/Jsoup/lib/org/eclipse/jetty/jetty-server/9.2.28.v20190418/jetty-server-9.2.28.v20190418.jar
  - /opt/defects4j/framework/projects/Jsoup/lib/org/eclipse/jetty/jetty-servlet/9.2.22.v20170606/jetty-servlet-9.2.22.v20170606.jar
  - /opt/defects4j/framework/projects/Jsoup/lib/org/eclipse/jetty/jetty-servlet/9.2.26.v20180806/jetty-servlet-9.2.26.v20180806.jar
  - /opt/defects4j/framework/projects/Jsoup/lib/org/eclipse/jetty/jetty-servlet/9.2.28.v20190418/jetty-servlet-9.2.28.v20190418.jar
  - /opt/defects4j/framework/projects/Jsoup/lib/org/eclipse/jetty/jetty-util/9.2.22.v20170606/jetty-util-9.2.22.v20170606.jar
  - /opt/defects4j/framework/projects/Jsoup/lib/org/eclipse/jetty/jetty-util/9.2.26.v20180806/jetty-util-9.2.26.v20180806.jar
  - /opt/defects4j/framework/projects/Jsoup/lib/org/eclipse/jetty/jetty-util/9.2.28.v20190418/jetty-util-9.2.28.v20190418.jar
[MASTER] 20:13:06.058 [logback-1] WARN  InheritanceTree - Class not in inheritance graph: java.util.Locale$IsoCountryCode
* Finished analyzing classpath
* Generating tests for class org.jsoup.nodes.Document
* Test criteria:
  - Line Coverage
  - Branch Coverage
  - Exception
* Setting up search algorithm for whole suite generation
* Total number of test goals: 
  - Line 113
  - Branch 60
  - Exception 0

[Progress:>                             0%] [Cov:>                                  0%]* Using seed 1
* Starting evolution

[Progress:>                             0%] [Cov:=======>                           20%]
[Progress:>                             0%] [Cov:============>                      36%]
[Progress:>                             0%] [Cov:========================>          70%]
[Progress:>                             0%] [Cov:=========================>         74%]
[Progress:>                             1%] [Cov:=======>                           22%]
[Progress:>                             1%] [Cov:=============>                     39%]
[Progress:>                             1%] [Cov:=========================>         73%]
[Progress:>                             1%] [Cov:==========================>        77%]
[Progress:>                             1%] [Cov:===========================>       78%]
[Progress:>                             3%] [Cov:========================>          70%]
[Progress:>                             3%] [Cov:=========================>         73%]
[Progress:>                             3%] [Cov:============================>      81%]
[Progress:>                             3%] [Cov:============================>      81%]
[Progress:>                             3%] [Cov:============================>      82%]
[Progress:>                             3%] [Cov:===============================>   90%]
[Progress:>                             3%] [Cov:===============================>   90%]
[Progress:=>                            5%] [Cov:===============================>   90%]
[Progress:=>                            5%] [Cov:===============================>   90%]
[Progress:=>                            5%] [Cov:===============================>   90%]
[Progress:=>                            5%] [Cov:===============================>   90%]
[Progress:=>                            5%] [Cov:===============================>   91%]
[Progress:=>                            5%] [Cov:===============================>   91%]
[Progress:=>                            5%] [Cov:===============================>   91%]
[Progress:=>                            5%] [Cov:===============================>   91%]
[Progress:=>                            5%] [Cov:================================>  92%]
[Progress:=>                            5%] [Cov:================================>  92%]
[Progress:=>                            6%] [Cov:================================>  92%]
[Progress:=>                            6%] [Cov:================================>  92%]
[Progress:=>                            6%] [Cov:================================>  92%]
[Progress:=>                            6%] [Cov:================================>  92%]
[Progress:=>                            6%] [Cov:================================>  92%]
[Progress:=>                            6%] [Cov:================================>  92%]
[Progress:=>                            6%] [Cov:================================>  92%]
[Progress:=>                            6%] [Cov:================================>  92%]
[Progress:=>                            6%] [Cov:================================>  92%]
[Progress:==>                           8%] [Cov:================================>  92%]
[Progress:==>                           8%] [Cov:================================>  92%]
[Progress:==>                           8%] [Cov:================================>  92%]
[Progress:==>                           8%] [Cov:================================>  92%]
[Progress:==>                           8%] [Cov:================================>  92%]
[Progress:==>                           8%] [Cov:================================>  92%]
[Progress:==>                           8%] [Cov:================================>  92%]
[Progress:==>                           8%] [Cov:================================>  92%]
[Progress:==>                           8%] [Cov:================================>  92%]
[Progress:==>                           8%] [Cov:================================>  92%]
[Progress:==>                           8%] [Cov:================================>  92%]
[Progress:===>                          10%] [Cov:================================>  92%]
[Progress:===>                          10%] [Cov:================================>  92%]
[Progress:===>                          10%] [Cov:================================>  92%]
[Progress:===>                          10%] [Cov:================================>  92%]
[Progress:===>                          10%] [Cov:================================>  92%]
[Progress:===>                          10%] [Cov:================================>  92%]
[Progress:===>                          10%] [Cov:================================>  92%]
[Progress:===>                          10%] [Cov:================================>  92%]
[Progress:===>                          10%] [Cov:================================>  92%]
[Progress:===>                          10%] [Cov:================================>  92%]
[Progress:===>                          10%] [Cov:================================>  92%]
[Progress:===>                          10%] [Cov:================================>  92%]
[Progress:===>                          11%] [Cov:================================>  92%]
[Progress:===>                          11%] [Cov:================================>  92%]
[Progress:===>                          11%] [Cov:================================>  92%]
[Progress:===>                          11%] [Cov:================================>  92%]
[Progress:===>                          11%] [Cov:================================>  92%]
[Progress:===>                          11%] [Cov:================================>  92%]
[Progress:===>                          11%] [Cov:================================>  92%]
[Progress:===>                          11%] [Cov:================================>  92%]
[Progress:===>                          11%] [Cov:================================>  92%]
[Progress:===>                          11%] [Cov:================================>  92%]
[Progress:===>                          11%] [Cov:================================>  92%]
[Progress:===>                          11%] [Cov:================================>  92%]
[Progress:===>                          11%] [Cov:================================>  92%]
[Progress:===>                          13%] [Cov:================================>  92%]
[Progress:===>                          13%] [Cov:================================>  92%]
[Progress:===>                          13%] [Cov:================================>  92%]
[Progress:===>                          13%] [Cov:================================>  92%]
[Progress:===>                          13%] [Cov:================================>  92%]
[Progress:===>                          13%] [Cov:================================>  92%]
[Progress:===>                          13%] [Cov:================================>  92%]
[Progress:===>                          13%] [Cov:================================>  92%]
[Progress:===>                          13%] [Cov:================================>  92%]
[Progress:===>                          13%] [Cov:================================>  92%]
[Progress:===>                          13%] [Cov:================================>  92%]
[Progress:===>                          13%] [Cov:================================>  92%]
[Progress:===>                          13%] [Cov:================================>  92%]
[Progress:===>                          13%] [Cov:================================>  92%]
[Progress:===>                          13%] [Cov:================================>  92%]
[Progress:====>                         15%] [Cov:================================>  92%]
[Progress:====>                         15%] [Cov:================================>  92%]
[Progress:====>                         15%] [Cov:================================>  92%]
[Progress:====>                         15%] [Cov:================================>  92%]
[Progress:====>                         15%] [Cov:================================>  92%]
[Progress:====>                         15%] [Cov:================================>  92%]
[Progress:====>                         15%] [Cov:================================>  92%]
[Progress:====>                         15%] [Cov:================================>  92%]
[Progress:====>                         15%] [Cov:================================>  92%]
[Progress:====>                         15%] [Cov:================================>  92%]
[Progress:====>                         15%] [Cov:================================>  92%]
[Progress:====>                         15%] [Cov:================================>  92%]
[Progress:====>                         16%] [Cov:================================>  92%]
[Progress:====>                         16%] [Cov:================================>  92%]
[Progress:====>                         16%] [Cov:================================>  92%]
[Progress:====>                         16%] [Cov:================================>  92%]
[Progress:====>                         16%] [Cov:================================>  92%]
[Progress:====>                         16%] [Cov:================================>  92%]
[Progress:====>                         16%] [Cov:================================>  92%]
[Progress:====>                         16%] [Cov:================================>  92%]
[Progress:====>                         16%] [Cov:================================>  92%]
[Progress:====>                         16%] [Cov:================================>  92%]
[Progress:====>                         16%] [Cov:================================>  92%]
[Progress:====>                         16%] [Cov:================================>  92%]
[Progress:====>                         16%] [Cov:================================>  92%]
[Progress:====>                         16%] [Cov:================================>  92%]
[Progress:=====>                        18%] [Cov:================================>  92%]
[Progress:=====>                        18%] [Cov:================================>  92%]
[Progress:=====>                        18%] [Cov:================================>  92%]
[Progress:=====>                        18%] [Cov:================================>  92%]
[Progress:=====>                        18%] [Cov:================================>  92%]
[Progress:=====>                        18%] [Cov:================================>  92%]
[Progress:=====>                        18%] [Cov:================================>  92%]
[Progress:=====>                        18%] [Cov:================================>  92%]
[Progress:=====>                        18%] [Cov:================================>  92%]
[Progress:=====>                        18%] [Cov:================================>  92%]
[Progress:=====>                        18%] [Cov:================================>  92%]
[Progress:=====>                        18%] [Cov:================================>  92%]
[Progress:=====>                        18%] [Cov:================================>  92%]
[Progress:=====>                        18%] [Cov:================================>  92%]
[Progress:======>                       20%] [Cov:================================>  92%]
[Progress:======>                       20%] [Cov:================================>  92%]
[Progress:======>                       20%] [Cov:================================>  92%]
[Progress:======>                       20%] [Cov:================================>  92%]
[Progress:======>                       20%] [Cov:================================>  92%]
[Progress:======>                       20%] [Cov:================================>  92%]
[Progress:======>                       20%] [Cov:================================>  92%]
[Progress:======>                       20%] [Cov:================================>  92%]
[Progress:======>                       20%] [Cov:================================>  92%]
[Progress:======>                       20%] [Cov:================================>  92%]
[Progress:======>                       20%] [Cov:================================>  92%]
[Progress:======>                       20%] [Cov:================================>  92%]
[Progress:======>                       20%] [Cov:================================>  92%]
[Progress:======>                       20%] [Cov:================================>  92%]
[Progress:======>                       20%] [Cov:================================>  92%]
[Progress:======>                       21%] [Cov:================================>  92%]
[Progress:======>                       21%] [Cov:================================>  92%]
[Progress:======>                       21%] [Cov:================================>  92%]
[Progress:======>                       21%] [Cov:================================>  92%]
[Progress:======>                       21%] [Cov:================================>  92%]
[Progress:======>                       21%] [Cov:================================>  92%]
[Progress:======>                       21%] [Cov:================================>  92%]
[Progress:======>                       21%] [Cov:================================>  92%]
[Progress:======>                       21%] [Cov:================================>  92%]
[Progress:======>                       21%] [Cov:================================>  92%]
[Progress:======>                       21%] [Cov:================================>  92%]
[Progress:======>                       21%] [Cov:================================>  92%]
[Progress:======>                       21%] [Cov:================================>  92%]
[Progress:======>                       21%] [Cov:================================>  92%]
[Progress:======>                       23%] [Cov:================================>  92%]
[Progress:======>                       23%] [Cov:================================>  92%]
[Progress:======>                       23%] [Cov:================================>  92%]
[Progress:======>                       23%] [Cov:================================>  92%]
[Progress:======>                       23%] [Cov:================================>  92%]
[Progress:======>                       23%] [Cov:================================>  92%]
[Progress:======>                       23%] [Cov:================================>  92%]
[Progress:======>                       23%] [Cov:================================>  92%]
[Progress:======>                       23%] [Cov:================================>  92%]
[Progress:======>                       23%] [Cov:================================>  92%]
[Progress:======>                       23%] [Cov:================================>  92%]
[Progress:======>                       23%] [Cov:================================>  92%]
[Progress:======>                       23%] [Cov:================================>  92%]
[Progress:======>                       23%] [Cov:================================>  92%]
[Progress:=======>                      25%] [Cov:================================>  92%]
[Progress:=======>                      25%] [Cov:================================>  92%]
[Progress:=======>                      25%] [Cov:================================>  92%]
[Progress:=======>                      25%] [Cov:================================>  92%]
[Progress:=======>                      25%] [Cov:================================>  92%]
[Progress:=======>                      25%] [Cov:================================>  92%]
[Progress:=======>                      25%] [Cov:================================>  92%]
[Progress:=======>                      25%] [Cov:================================>  92%]
[Progress:=======>                      25%] [Cov:================================>  92%]
[Progress:=======>                      25%] [Cov:================================>  92%]
[Progress:=======>                      25%] [Cov:================================>  92%]
[Progress:=======>                      25%] [Cov:================================>  92%]
[Progress:=======>                      25%] [Cov:================================>  92%]
[Progress:=======>                      25%] [Cov:================================>  92%]
[Progress:=======>                      25%] [Cov:================================>  92%]
[Progress:=======>                      25%] [Cov:================================>  92%]
[Progress:=======>                      25%] [Cov:================================>  92%]
[Progress:=======>                      26%] [Cov:================================>  92%]
[Progress:=======>                      26%] [Cov:================================>  92%]
[Progress:=======>                      26%] [Cov:================================>  92%]
[Progress:=======>                      26%] [Cov:================================>  92%]
[Progress:=======>                      26%] [Cov:================================>  92%]
[Progress:=======>                      26%] [Cov:================================>  92%]
[Progress:=======>                      26%] [Cov:================================>  92%]
[Progress:=======>                      26%] [Cov:================================>  92%]
[Progress:=======>                      26%] [Cov:================================>  92%]
[Progress:=======>                      26%] [Cov:================================>  92%]
[Progress:=======>                      26%] [Cov:================================>  92%]
[Progress:=======>                      26%] [Cov:================================>  92%]
[Progress:=======>                      26%] [Cov:================================>  92%]
[Progress:=======>                      26%] [Cov:================================>  92%]
[Progress:=======>                      26%] [Cov:================================>  92%]
[Progress:=======>                      26%] [Cov:================================>  92%]
[Progress:=======>                      26%] [Cov:================================>  92%]
[Progress:=======>                      26%] [Cov:================================>  92%]
[Progress:========>                     28%] [Cov:================================>  92%]
[Progress:========>                     28%] [Cov:================================>  92%]
[Progress:========>                     28%] [Cov:================================>  92%]
[Progress:========>                     28%] [Cov:================================>  92%]
[Progress:========>                     28%] [Cov:================================>  92%]
[Progress:========>                     28%] [Cov:================================>  92%]
[Progress:========>                     28%] [Cov:================================>  92%]
[Progress:========>                     28%] [Cov:================================>  92%]
[Progress:========>                     28%] [Cov:================================>  92%]
[Progress:========>                     28%] [Cov:================================>  92%]
[Progress:========>                     28%] [Cov:================================>  92%]
[Progress:========>                     28%] [Cov:================================>  92%]
[Progress:========>                     28%] [Cov:================================>  92%]
[Progress:========>                     28%] [Cov:================================>  92%]
[Progress:========>                     28%] [Cov:================================>  92%]
[Progress:========>                     28%] [Cov:================================>  92%]
[Progress:========>                     28%] [Cov:================================>  92%]
[Progress:========>                     28%] [Cov:================================>  92%]
[Progress:=========>                    30%] [Cov:================================>  92%]
[Progress:=========>                    30%] [Cov:================================>  92%]
[Progress:=========>                    30%] [Cov:================================>  92%]
[Progress:=========>                    30%] [Cov:================================>  92%]
[Progress:=========>                    30%] [Cov:================================>  92%]
[Progress:=========>                    30%] [Cov:================================>  92%]
[Progress:=========>                    30%] [Cov:================================>  92%]
[Progress:=========>                    30%] [Cov:================================>  92%]
[Progress:=========>                    30%] [Cov:================================>  92%]
[Progress:=========>                    30%] [Cov:================================>  92%]
[Progress:=========>                    30%] [Cov:================================>  92%]
[Progress:=========>                    30%] [Cov:================================>  92%]
[Progress:=========>                    30%] [Cov:================================>  92%]
[Progress:=========>                    30%] [Cov:================================>  92%]
[Progress:=========>                    30%] [Cov:================================>  92%]
[Progress:=========>                    30%] [Cov:================================>  92%]
[Progress:=========>                    30%] [Cov:================================>  92%]
[Progress:=========>                    30%] [Cov:================================>  92%]
[Progress:=========>                    30%] [Cov:================================>  92%]
[Progress:=========>                    31%] [Cov:================================>  92%]
[Progress:=========>                    31%] [Cov:================================>  92%]
[Progress:=========>                    31%] [Cov:================================>  92%]
[Progress:=========>                    31%] [Cov:================================>  92%]
[Progress:=========>                    31%] [Cov:================================>  92%]
[Progress:=========>                    31%] [Cov:================================>  92%]
[Progress:=========>                    31%] [Cov:================================>  92%]
[Progress:=========>                    31%] [Cov:================================>  92%]
[Progress:=========>                    31%] [Cov:================================>  92%]
[Progress:=========>                    31%] [Cov:================================>  92%]
[Progress:=========>                    31%] [Cov:================================>  92%]
[Progress:=========>                    31%] [Cov:================================>  92%]
[Progress:=========>                    31%] [Cov:================================>  92%]
[Progress:=========>                    31%] [Cov:================================>  92%]
[Progress:=========>                    31%] [Cov:================================>  92%]
[Progress:=========>                    31%] [Cov:================================>  92%]
[Progress:=========>                    31%] [Cov:================================>  92%]
[Progress:=========>                    31%] [Cov:================================>  92%]
[Progress:=========>                    31%] [Cov:================================>  92%]
[Progress:=========>                    31%] [Cov:================================>  92%]
[Progress:=========>                    33%] [Cov:================================>  92%]
[Progress:=========>                    33%] [Cov:================================>  92%]
[Progress:=========>                    33%] [Cov:================================>  92%]
[Progress:=========>                    33%] [Cov:================================>  92%]
[Progress:=========>                    33%] [Cov:================================>  92%]
[Progress:=========>                    33%] [Cov:================================>  92%]
[Progress:=========>                    33%] [Cov:================================>  92%]
[Progress:=========>                    33%] [Cov:================================>  92%]
[Progress:=========>                    33%] [Cov:================================>  92%]
[Progress:=========>                    33%] [Cov:================================>  92%]
[Progress:=========>                    33%] [Cov:================================>  92%]
[Progress:=========>                    33%] [Cov:================================>  92%]
[Progress:=========>                    33%] [Cov:================================>  92%]
[Progress:=========>                    33%] [Cov:================================>  92%]
[Progress:=========>                    33%] [Cov:================================>  92%]
[Progress:=========>                    33%] [Cov:================================>  92%]
[Progress:=========>                    33%] [Cov:================================>  92%]
[Progress:=========>                    33%] [Cov:================================>  92%]
[Progress:=========>                    33%] [Cov:================================>  92%]
[Progress:=========>                    33%] [Cov:================================>  92%]
[Progress:=========>                    33%] [Cov:================================>  92%]
[Progress:==========>                   35%] [Cov:================================>  92%]
[Progress:==========>                   35%] [Cov:================================>  92%]
[Progress:==========>                   35%] [Cov:================================>  92%]
[Progress:==========>                   35%] [Cov:================================>  92%]
[Progress:==========>                   35%] [Cov:================================>  92%]
[Progress:==========>                   35%] [Cov:================================>  92%]
[Progress:==========>                   35%] [Cov:================================>  92%]
[Progress:==========>                   35%] [Cov:================================>  92%]
[Progress:==========>                   35%] [Cov:================================>  92%]
[Progress:==========>                   35%] [Cov:================================>  92%]
[Progress:==========>                   35%] [Cov:================================>  92%]
[Progress:==========>                   35%] [Cov:================================>  92%]
[Progress:==========>                   35%] [Cov:================================>  92%]
[Progress:==========>                   35%] [Cov:================================>  92%]
[Progress:==========>                   35%] [Cov:================================>  92%]
[Progress:==========>                   35%] [Cov:================================>  92%]
[Progress:==========>                   35%] [Cov:================================>  92%]
[Progress:==========>                   35%] [Cov:================================>  92%]
[Progress:==========>                   35%] [Cov:================================>  92%]
[Progress:==========>                   35%] [Cov:================================>  92%]
[Progress:==========>                   35%] [Cov:================================>  92%]
[Progress:==========>                   36%] [Cov:================================>  92%]
[Progress:==========>                   36%] [Cov:================================>  92%]
[Progress:==========>                   36%] [Cov:================================>  92%]
[Progress:==========>                   36%] [Cov:================================>  92%]
[Progress:==========>                   36%] [Cov:================================>  92%]
[Progress:==========>                   36%] [Cov:================================>  92%]
[Progress:==========>                   36%] [Cov:================================>  92%]
[Progress:==========>                   36%] [Cov:================================>  92%]
[Progress:==========>                   36%] [Cov:================================>  92%]
[Progress:==========>                   36%] [Cov:================================>  92%]
[Progress:==========>                   36%] [Cov:================================>  92%]
[Progress:==========>                   36%] [Cov:================================>  92%]
[Progress:==========>                   36%] [Cov:================================>  92%]
[Progress:==========>                   36%] [Cov:================================>  92%]
[Progress:==========>                   36%] [Cov:================================>  92%]
[Progress:==========>                   36%] [Cov:================================>  92%]
[Progress:==========>                   36%] [Cov:================================>  92%]
[Progress:==========>                   36%] [Cov:================================>  92%]
[Progress:==========>                   36%] [Cov:================================>  92%]
[Progress:==========>                   36%] [Cov:================================>  92%]
[Progress:==========>                   36%] [Cov:================================>  92%]
[Progress:===========>                  38%] [Cov:================================>  92%]
[Progress:===========>                  38%] [Cov:================================>  92%]
[Progress:===========>                  38%] [Cov:================================>  92%]
[Progress:===========>                  38%] [Cov:================================>  92%]
[Progress:===========>                  38%] [Cov:================================>  92%]
[Progress:===========>                  38%] [Cov:================================>  92%]
[Progress:===========>                  38%] [Cov:================================>  92%]
[Progress:===========>                  38%] [Cov:================================>  92%]
[Progress:===========>                  38%] [Cov:================================>  92%]
[Progress:===========>                  38%] [Cov:================================>  92%]
[Progress:===========>                  38%] [Cov:================================>  92%]
[Progress:===========>                  38%] [Cov:================================>  92%]
[Progress:===========>                  38%] [Cov:================================>  92%]
[Progress:===========>                  38%] [Cov:================================>  92%]
[Progress:===========>                  38%] [Cov:================================>  92%]
[Progress:===========>                  38%] [Cov:================================>  92%]
[Progress:===========>                  38%] [Cov:================================>  92%]
[Progress:===========>                  38%] [Cov:================================>  92%]
[Progress:===========>                  38%] [Cov:================================>  92%]
[Progress:===========>                  38%] [Cov:================================>  92%]
[Progress:===========>                  38%] [Cov:================================>  92%]
[Progress:============>                 40%] [Cov:================================>  92%]
[Progress:============>                 40%] [Cov:================================>  92%]
[Progress:============>                 40%] [Cov:================================>  92%]
[Progress:============>                 40%] [Cov:================================>  92%]
[Progress:============>                 40%] [Cov:================================>  92%]
[Progress:============>                 40%] [Cov:================================>  92%]
[Progress:============>                 40%] [Cov:================================>  92%]
[Progress:============>                 40%] [Cov:================================>  92%]
[Progress:============>                 40%] [Cov:================================>  92%]
[Progress:============>                 40%] [Cov:================================>  92%]
[Progress:============>                 40%] [Cov:================================>  92%]
[Progress:============>                 40%] [Cov:================================>  92%]
[Progress:============>                 40%] [Cov:================================>  92%]
[Progress:============>                 40%] [Cov:================================>  92%]
[Progress:============>                 40%] [Cov:================================>  92%]
[Progress:============>                 40%] [Cov:================================>  92%]
[Progress:============>                 40%] [Cov:================================>  92%]
[Progress:============>                 40%] [Cov:================================>  92%]
[Progress:============>                 40%] [Cov:================================>  92%]
[Progress:============>                 40%] [Cov:================================>  92%]
[Progress:============>                 41%] [Cov:================================>  92%]
[Progress:============>                 41%] [Cov:================================>  92%]
[Progress:============>                 41%] [Cov:================================>  92%]
[Progress:============>                 41%] [Cov:================================>  92%]
[Progress:============>                 41%] [Cov:================================>  92%]
[Progress:============>                 41%] [Cov:================================>  92%]
[Progress:============>                 41%] [Cov:================================>  92%]
[Progress:============>                 41%] [Cov:================================>  92%]
[Progress:============>                 41%] [Cov:================================>  92%]
[Progress:============>                 41%] [Cov:================================>  92%]
[Progress:============>                 41%] [Cov:================================>  92%]
[Progress:============>                 41%] [Cov:================================>  92%]
[Progress:============>                 41%] [Cov:================================>  92%]
[Progress:============>                 41%] [Cov:================================>  92%]
[Progress:============>                 41%] [Cov:================================>  92%]
[Progress:============>                 41%] [Cov:================================>  92%]
[Progress:============>                 41%] [Cov:================================>  92%]
[Progress:============>                 41%] [Cov:================================>  92%]
[Progress:============>                 41%] [Cov:================================>  92%]
[Progress:============>                 41%] [Cov:================================>  92%]
[Progress:============>                 43%] [Cov:================================>  92%]
[Progress:============>                 43%] [Cov:================================>  92%]
[Progress:============>                 43%] [Cov:================================>  92%]
[Progress:============>                 43%] [Cov:================================>  92%]
[Progress:============>                 43%] [Cov:================================>  92%]
[Progress:============>                 43%] [Cov:================================>  92%]
[Progress:============>                 43%] [Cov:================================>  92%]
[Progress:============>                 43%] [Cov:================================>  92%]
[Progress:============>                 43%] [Cov:================================>  92%]
[Progress:============>                 43%] [Cov:================================>  92%]
[Progress:============>                 43%] [Cov:================================>  92%]
[Progress:============>                 43%] [Cov:================================>  92%]
[Progress:============>                 43%] [Cov:================================>  92%]
[Progress:============>                 43%] [Cov:================================>  92%]
[Progress:============>                 43%] [Cov:================================>  92%]
[Progress:============>                 43%] [Cov:================================>  92%]
[Progress:============>                 43%] [Cov:================================>  92%]
[Progress:============>                 43%] [Cov:================================>  92%]
[Progress:============>                 43%] [Cov:================================>  92%]
[Progress:============>                 43%] [Cov:================================>  92%]
[Progress:============>                 43%] [Cov:================================>  92%]
[Progress:============>                 43%] [Cov:================================>  92%]
[Progress:============>                 43%] [Cov:================================>  92%]
[Progress:=============>                45%] [Cov:================================>  92%]
[Progress:=============>                45%] [Cov:================================>  92%]
[Progress:=============>                45%] [Cov:================================>  92%]
[Progress:=============>                45%] [Cov:================================>  92%]
[Progress:=============>                45%] [Cov:================================>  92%]
[Progress:=============>                45%] [Cov:================================>  92%]
[Progress:=============>                45%] [Cov:================================>  92%]
[Progress:=============>                45%] [Cov:================================>  92%]
[Progress:=============>                45%] [Cov:================================>  92%]
[Progress:=============>                45%] [Cov:================================>  92%]
[Progress:=============>                45%] [Cov:================================>  92%]
[Progress:=============>                45%] [Cov:================================>  92%]
[Progress:=============>                45%] [Cov:================================>  92%]
[Progress:=============>                45%] [Cov:================================>  92%]
[Progress:=============>                45%] [Cov:================================>  92%]
[Progress:=============>                45%] [Cov:================================>  92%]
[Progress:=============>                45%] [Cov:================================>  92%]
[Progress:=============>                45%] [Cov:================================>  92%]
[Progress:=============>                45%] [Cov:================================>  92%]
[Progress:=============>                45%] [Cov:================================>  92%]
[Progress:=============>                45%] [Cov:================================>  92%]
[Progress:=============>                46%] [Cov:================================>  92%]
[Progress:=============>                46%] [Cov:================================>  92%]
[Progress:=============>                46%] [Cov:================================>  92%]
[Progress:=============>                46%] [Cov:================================>  92%]
[Progress:=============>                46%] [Cov:================================>  92%]
[Progress:=============>                46%] [Cov:================================>  92%]
[Progress:=============>                46%] [Cov:================================>  92%]
[Progress:=============>                46%] [Cov:================================>  92%]
[Progress:=============>                46%] [Cov:================================>  92%]
[Progress:=============>                46%] [Cov:================================>  92%]
[Progress:=============>                46%] [Cov:================================>  92%]
[Progress:=============>                46%] [Cov:================================>  92%]
[Progress:=============>                46%] [Cov:================================>  92%]
[Progress:=============>                46%] [Cov:================================>  92%]
[Progress:=============>                46%] [Cov:================================>  92%]
[Progress:=============>                46%] [Cov:================================>  92%]
[Progress:=============>                46%] [Cov:================================>  92%]
[Progress:=============>                46%] [Cov:================================>  92%]
[Progress:=============>                46%] [Cov:================================>  92%]
[Progress:=============>                46%] [Cov:================================>  92%]
[Progress:=============>                46%] [Cov:================================>  92%]
[Progress:==============>               48%] [Cov:================================>  92%]
[Progress:==============>               48%] [Cov:================================>  92%]
[Progress:==============>               48%] [Cov:================================>  92%]
[Progress:==============>               48%] [Cov:================================>  92%]
[Progress:==============>               48%] [Cov:================================>  92%]
[Progress:==============>               48%] [Cov:================================>  92%]
[Progress:==============>               48%] [Cov:================================>  92%]
[Progress:==============>               48%] [Cov:================================>  92%]
[Progress:==============>               48%] [Cov:================================>  92%]
[Progress:==============>               48%] [Cov:================================>  92%]
[Progress:==============>               48%] [Cov:================================>  92%]
[Progress:==============>               48%] [Cov:================================>  92%]
[Progress:==============>               48%] [Cov:================================>  92%]
[Progress:==============>               48%] [Cov:================================>  92%]
[Progress:==============>               48%] [Cov:================================>  92%]
[Progress:==============>               48%] [Cov:================================>  92%]
[Progress:==============>               48%] [Cov:================================>  92%]
[Progress:==============>               48%] [Cov:================================>  92%]
[Progress:==============>               48%] [Cov:================================>  92%]
[Progress:==============>               48%] [Cov:================================>  92%]
[Progress:==============>               48%] [Cov:================================>  92%]
[Progress:==============>               48%] [Cov:================================>  92%]
[Progress:===============>              50%] [Cov:================================>  92%]
[Progress:===============>              50%] [Cov:================================>  92%]
[Progress:===============>              50%] [Cov:================================>  92%]
[Progress:===============>              50%] [Cov:================================>  92%]
[Progress:===============>              50%] [Cov:================================>  92%]
[Progress:===============>              50%] [Cov:================================>  92%]
[Progress:===============>              50%] [Cov:================================>  92%]
[Progress:===============>              50%] [Cov:================================>  92%]
[Progress:===============>              50%] [Cov:================================>  92%]
[Progress:===============>              50%] [Cov:================================>  92%]
[Progress:===============>              50%] [Cov:================================>  92%]
[Progress:===============>              50%] [Cov:================================>  92%]
[Progress:===============>              50%] [Cov:================================>  92%]
[Progress:===============>              50%] [Cov:================================>  92%]
[Progress:===============>              50%] [Cov:================================>  92%]
[Progress:===============>              50%] [Cov:================================>  92%]
[Progress:===============>              50%] [Cov:================================>  92%]
[Progress:===============>              50%] [Cov:================================>  92%]
[Progress:===============>              50%] [Cov:================================>  92%]
[Progress:===============>              50%] [Cov:================================>  92%]
[Progress:===============>              50%] [Cov:================================>  92%]
[Progress:===============>              50%] [Cov:================================>  92%]
[Progress:===============>              51%] [Cov:================================>  92%]
[Progress:===============>              51%] [Cov:================================>  92%]
[Progress:===============>              51%] [Cov:================================>  92%]
[Progress:===============>              51%] [Cov:================================>  92%]
[Progress:===============>              51%] [Cov:================================>  92%]
[Progress:===============>              51%] [Cov:================================>  92%]
[Progress:===============>              51%] [Cov:================================>  92%]
[Progress:===============>              51%] [Cov:================================>  92%]
[Progress:===============>              51%] [Cov:================================>  92%]
[Progress:===============>              51%] [Cov:================================>  92%]
[Progress:===============>              51%] [Cov:================================>  92%]
[Progress:===============>              51%] [Cov:================================>  92%]
[Progress:===============>              51%] [Cov:================================>  92%]
[Progress:===============>              51%] [Cov:================================>  92%]
[Progress:===============>              51%] [Cov:================================>  92%]
[Progress:===============>              51%] [Cov:================================>  92%]
[Progress:===============>              51%] [Cov:================================>  92%]
[Progress:===============>              51%] [Cov:================================>  92%]
[Progress:===============>              51%] [Cov:================================>  92%]
[Progress:===============>              51%] [Cov:================================>  92%]
[Progress:===============>              51%] [Cov:================================>  92%]
[Progress:===============>              53%] [Cov:================================>  92%]
[Progress:===============>              53%] [Cov:================================>  92%]
[Progress:===============>              53%] [Cov:================================>  92%]
[Progress:===============>              53%] [Cov:================================>  92%]
[Progress:===============>              53%] [Cov:================================>  92%]
[Progress:===============>              53%] [Cov:================================>  92%]
[Progress:===============>              53%] [Cov:================================>  92%]
[Progress:===============>              53%] [Cov:================================>  92%]
[Progress:===============>              53%] [Cov:================================>  92%]
[Progress:===============>              53%] [Cov:================================>  92%]
[Progress:===============>              53%] [Cov:================================>  92%]
[Progress:===============>              53%] [Cov:================================>  92%]
[Progress:===============>              53%] [Cov:================================>  92%]
[Progress:===============>              53%] [Cov:================================>  92%]
[Progress:===============>              53%] [Cov:================================>  92%]
[Progress:===============>              53%] [Cov:================================>  92%]
[Progress:===============>              53%] [Cov:================================>  92%]
[Progress:===============>              53%] [Cov:================================>  92%]
[Progress:===============>              53%] [Cov:================================>  92%]
[Progress:===============>              53%] [Cov:================================>  92%]
[Progress:===============>              53%] [Cov:================================>  92%]
[Progress:===============>              53%] [Cov:================================>  92%]
[Progress:================>             55%] [Cov:================================>  92%]
[Progress:================>             55%] [Cov:================================>  92%]
[Progress:================>             55%] [Cov:================================>  92%]
[Progress:================>             55%] [Cov:================================>  92%]
[Progress:================>             55%] [Cov:================================>  92%]
[Progress:================>             55%] [Cov:================================>  92%]
[Progress:================>             55%] [Cov:================================>  92%]
[Progress:================>             55%] [Cov:================================>  92%]
[Progress:================>             55%] [Cov:================================>  92%]
[Progress:================>             55%] [Cov:================================>  92%]
[Progress:================>             55%] [Cov:================================>  92%]
[Progress:================>             55%] [Cov:================================>  92%]
[Progress:================>             55%] [Cov:================================>  92%]
[Progress:================>             55%] [Cov:================================>  92%]
[Progress:================>             55%] [Cov:================================>  92%]
[Progress:================>             55%] [Cov:================================>  92%]
[Progress:================>             55%] [Cov:================================>  92%]
[Progress:================>             55%] [Cov:================================>  92%]
[Progress:================>             55%] [Cov:================================>  92%]
[Progress:================>             55%] [Cov:================================>  92%]
[Progress:================>             55%] [Cov:================================>  92%]
[Progress:================>             55%] [Cov:================================>  92%]
[Progress:================>             56%] [Cov:================================>  92%]
[Progress:================>             56%] [Cov:================================>  92%]
[Progress:================>             56%] [Cov:================================>  92%]
[Progress:================>             56%] [Cov:================================>  92%]
[Progress:================>             56%] [Cov:================================>  92%]
[Progress:================>             56%] [Cov:================================>  92%]
[Progress:================>             56%] [Cov:================================>  92%]
[Progress:================>             56%] [Cov:================================>  92%]
[Progress:================>             56%] [Cov:================================>  92%]
[Progress:================>             56%] [Cov:================================>  92%]
[Progress:================>             56%] [Cov:================================>  92%]
[Progress:================>             56%] [Cov:================================>  92%]
[Progress:================>             56%] [Cov:================================>  92%]
[Progress:================>             56%] [Cov:================================>  92%]
[Progress:================>             56%] [Cov:================================>  92%]
[Progress:================>             56%] [Cov:================================>  92%]
[Progress:================>             56%] [Cov:================================>  92%]
[Progress:================>             56%] [Cov:================================>  92%]
[Progress:================>             56%] [Cov:================================>  92%]
[Progress:================>             56%] [Cov:================================>  92%]
[Progress:================>             56%] [Cov:================================>  92%]
[Progress:=================>            58%] [Cov:================================>  92%]
[Progress:=================>            58%] [Cov:================================>  92%]
[Progress:=================>            58%] [Cov:================================>  92%]
[Progress:=================>            58%] [Cov:================================>  92%]
[Progress:=================>            58%] [Cov:================================>  92%]
[Progress:=================>            58%] [Cov:================================>  92%]
[Progress:=================>            58%] [Cov:================================>  92%]
[Progress:=================>            58%] [Cov:================================>  92%]
[Progress:=================>            58%] [Cov:================================>  92%]
[Progress:=================>            58%] [Cov:================================>  92%]
[Progress:=================>            58%] [Cov:================================>  92%]
[Progress:=================>            58%] [Cov:================================>  92%]
[Progress:=================>            58%] [Cov:================================>  92%]
[Progress:=================>            58%] [Cov:================================>  92%]
[Progress:=================>            58%] [Cov:================================>  92%]
[Progress:=================>            58%] [Cov:================================>  92%]
[Progress:=================>            58%] [Cov:================================>  92%]
[Progress:=================>            58%] [Cov:================================>  92%]
[Progress:=================>            58%] [Cov:================================>  92%]
[Progress:=================>            58%] [Cov:================================>  92%]
[Progress:=================>            58%] [Cov:================================>  92%]
[Progress:=================>            58%] [Cov:================================>  92%]
[Progress:=================>            58%] [Cov:================================>  92%]
[Progress:=================>            58%] [Cov:================================>  92%]
[Progress:==================>           60%] [Cov:================================>  92%]
[Progress:==================>           60%] [Cov:================================>  92%]
[Progress:==================>           60%] [Cov:================================>  92%]
[Progress:==================>           60%] [Cov:================================>  92%]
[Progress:==================>           60%] [Cov:================================>  92%]
[Progress:==================>           60%] [Cov:================================>  92%]
[Progress:==================>           60%] [Cov:================================>  92%]
[Progress:==================>           60%] [Cov:================================>  92%]
[Progress:==================>           60%] [Cov:================================>  92%]
[Progress:==================>           60%] [Cov:================================>  92%]
[Progress:==================>           60%] [Cov:================================>  92%]
[Progress:==================>           60%] [Cov:================================>  92%]
[Progress:==================>           60%] [Cov:================================>  92%]
[Progress:==================>           60%] [Cov:================================>  92%]
[Progress:==================>           60%] [Cov:================================>  92%]
[Progress:==================>           60%] [Cov:================================>  92%]
[Progress:==================>           60%] [Cov:================================>  92%]
[Progress:==================>           60%] [Cov:================================>  92%]
[Progress:==================>           60%] [Cov:================================>  92%]
[Progress:==================>           60%] [Cov:================================>  92%]
[Progress:==================>           60%] [Cov:================================>  92%]
[Progress:==================>           60%] [Cov:================================>  92%]
[Progress:==================>           60%] [Cov:================================>  92%]
[Progress:==================>           61%] [Cov:================================>  92%]
[Progress:==================>           61%] [Cov:================================>  92%]
[Progress:==================>           61%] [Cov:================================>  92%]
[Progress:==================>           61%] [Cov:================================>  92%]
[Progress:==================>           61%] [Cov:================================>  92%]
[Progress:==================>           61%] [Cov:================================>  92%]
[Progress:==================>           61%] [Cov:================================>  92%]
[Progress:==================>           61%] [Cov:================================>  92%]
[Progress:==================>           61%] [Cov:================================>  92%]
[Progress:==================>           61%] [Cov:================================>  92%]
[Progress:==================>           61%] [Cov:================================>  92%]
[Progress:==================>           61%] [Cov:================================>  92%]
[Progress:==================>           61%] [Cov:================================>  92%]
[Progress:==================>           61%] [Cov:================================>  92%]
[Progress:==================>           61%] [Cov:================================>  92%]
[Progress:==================>           61%] [Cov:================================>  92%]
[Progress:==================>           61%] [Cov:================================>  92%]
[Progress:==================>           61%] [Cov:================================>  92%]
[Progress:==================>           61%] [Cov:================================>  92%]
[Progress:==================>           63%] [Cov:================================>  92%]
[Progress:==================>           63%] [Cov:================================>  92%]
[Progress:==================>           63%] [Cov:================================>  92%]
[Progress:==================>           63%] [Cov:================================>  92%]
[Progress:==================>           63%] [Cov:================================>  92%]
[Progress:==================>           63%] [Cov:================================>  92%]
[Progress:==================>           63%] [Cov:================================>  92%]
[Progress:==================>           63%] [Cov:================================>  92%]
[Progress:==================>           63%] [Cov:================================>  92%]
[Progress:==================>           63%] [Cov:================================>  92%]
[Progress:==================>           63%] [Cov:================================>  92%]
[Progress:==================>           63%] [Cov:================================>  92%]
[Progress:==================>           63%] [Cov:================================>  92%]
[Progress:==================>           63%] [Cov:================================>  92%]
[Progress:==================>           63%] [Cov:================================>  92%]
[Progress:==================>           63%] [Cov:================================>  92%]
[Progress:==================>           63%] [Cov:================================>  92%]
[Progress:==================>           63%] [Cov:================================>  92%]
[Progress:==================>           63%] [Cov:================================>  92%]
[Progress:==================>           63%] [Cov:================================>  92%]
[Progress:==================>           63%] [Cov:================================>  92%]
[Progress:==================>           63%] [Cov:================================>  92%]
[Progress:==================>           63%] [Cov:================================>  92%]
[Progress:===================>          65%] [Cov:================================>  92%]
[Progress:===================>          65%] [Cov:================================>  92%]
[Progress:===================>          65%] [Cov:================================>  92%]
[Progress:===================>          65%] [Cov:================================>  92%]
[Progress:===================>          65%] [Cov:================================>  92%]
[Progress:===================>          65%] [Cov:================================>  92%]
[Progress:===================>          65%] [Cov:================================>  92%]
[Progress:===================>          65%] [Cov:================================>  92%]
[Progress:===================>          65%] [Cov:================================>  92%]
[Progress:===================>          65%] [Cov:================================>  92%]
[Progress:===================>          65%] [Cov:================================>  92%]
[Progress:===================>          65%] [Cov:================================>  92%]
[Progress:===================>          65%] [Cov:================================>  92%]
[Progress:===================>          65%] [Cov:================================>  92%]
[Progress:===================>          65%] [Cov:================================>  92%]
[Progress:===================>          65%] [Cov:================================>  92%]
[Progress:===================>          65%] [Cov:================================>  92%]
[Progress:===================>          65%] [Cov:================================>  92%]
[Progress:===================>          65%] [Cov:================================>  92%]
[Progress:===================>          65%] [Cov:================================>  92%]
[Progress:===================>          65%] [Cov:================================>  92%]
[Progress:===================>          65%] [Cov:================================>  92%]
[Progress:===================>          66%] [Cov:================================>  92%]
[Progress:===================>          66%] [Cov:================================>  92%]
[Progress:===================>          66%] [Cov:================================>  92%]
[Progress:===================>          66%] [Cov:================================>  92%]
[Progress:===================>          66%] [Cov:================================>  92%]
[Progress:===================>          66%] [Cov:================================>  92%]
[Progress:===================>          66%] [Cov:================================>  92%]
[Progress:===================>          66%] [Cov:================================>  92%]
[Progress:===================>          66%] [Cov:================================>  92%]
[Progress:===================>          66%] [Cov:================================>  92%]
[Progress:===================>          66%] [Cov:================================>  92%]
[Progress:===================>          66%] [Cov:================================>  92%]
[Progress:===================>          66%] [Cov:================================>  92%]
[Progress:===================>          66%] [Cov:================================>  92%]
[Progress:===================>          66%] [Cov:================================>  92%]
[Progress:===================>          66%] [Cov:================================>  92%]
[Progress:===================>          66%] [Cov:================================>  92%]
[Progress:===================>          66%] [Cov:================================>  92%]
[Progress:===================>          66%] [Cov:================================>  92%]
[Progress:===================>          66%] [Cov:================================>  92%]
[Progress:===================>          66%] [Cov:================================>  92%]
[Progress:===================>          66%] [Cov:================================>  92%]
[Progress:====================>         68%] [Cov:================================>  92%]
[Progress:====================>         68%] [Cov:================================>  92%]
[Progress:====================>         68%] [Cov:================================>  92%]
[Progress:====================>         68%] [Cov:================================>  92%]
[Progress:====================>         68%] [Cov:================================>  92%]
[Progress:====================>         68%] [Cov:================================>  92%]
[Progress:====================>         68%] [Cov:================================>  92%]
[Progress:====================>         68%] [Cov:================================>  92%]
[Progress:====================>         68%] [Cov:================================>  92%]
[Progress:====================>         68%] [Cov:================================>  92%]
[Progress:====================>         68%] [Cov:================================>  92%]
[Progress:====================>         68%] [Cov:================================>  92%]
[Progress:====================>         68%] [Cov:================================>  92%]
[Progress:====================>         68%] [Cov:================================>  92%]
[Progress:====================>         68%] [Cov:================================>  92%]
[Progress:====================>         68%] [Cov:================================>  92%]
[Progress:====================>         68%] [Cov:================================>  92%]
[Progress:====================>         68%] [Cov:================================>  92%]
[Progress:====================>         68%] [Cov:================================>  92%]
[Progress:====================>         68%] [Cov:================================>  92%]
[Progress:====================>         68%] [Cov:================================>  92%]
[Progress:=====================>        70%] [Cov:================================>  92%]
[Progress:=====================>        70%] [Cov:================================>  92%]
[Progress:=====================>        70%] [Cov:================================>  92%]
[Progress:=====================>        70%] [Cov:================================>  92%]
[Progress:=====================>        70%] [Cov:================================>  92%]
[Progress:=====================>        70%] [Cov:================================>  92%]
[Progress:=====================>        70%] [Cov:================================>  92%]
[Progress:=====================>        70%] [Cov:================================>  92%]
[Progress:=====================>        70%] [Cov:================================>  92%]
[Progress:=====================>        70%] [Cov:================================>  92%]
[Progress:=====================>        70%] [Cov:================================>  92%]
[Progress:=====================>        70%] [Cov:================================>  92%]
[Progress:=====================>        70%] [Cov:================================>  92%]
[Progress:=====================>        70%] [Cov:================================>  92%]
[Progress:=====================>        70%] [Cov:================================>  92%]
[Progress:=====================>        70%] [Cov:================================>  92%]
[Progress:=====================>        70%] [Cov:================================>  92%]
[Progress:=====================>        70%] [Cov:================================>  92%]
[Progress:=====================>        70%] [Cov:================================>  92%]
[Progress:=====================>        70%] [Cov:================================>  92%]
[Progress:=====================>        70%] [Cov:================================>  92%]
[Progress:=====================>        70%] [Cov:================================>  92%]
[Progress:=====================>        70%] [Cov:================================>  92%]
[Progress:=====================>        71%] [Cov:================================>  92%]
[Progress:=====================>        71%] [Cov:================================>  92%]
[Progress:=====================>        71%] [Cov:================================>  92%]
[Progress:=====================>        71%] [Cov:================================>  92%]
[Progress:=====================>        71%] [Cov:================================>  92%]
[Progress:=====================>        71%] [Cov:================================>  92%]
[Progress:=====================>        71%] [Cov:================================>  92%]
[Progress:=====================>        71%] [Cov:================================>  92%]
[Progress:=====================>        71%] [Cov:================================>  92%]
[Progress:=====================>        71%] [Cov:================================>  92%]
[Progress:=====================>        71%] [Cov:================================>  92%]
[Progress:=====================>        71%] [Cov:================================>  92%]
[Progress:=====================>        71%] [Cov:================================>  92%]
[Progress:=====================>        71%] [Cov:================================>  92%]
[Progress:=====================>        71%] [Cov:================================>  92%]
[Progress:=====================>        71%] [Cov:================================>  92%]
[Progress:=====================>        71%] [Cov:================================>  92%]
[Progress:=====================>        71%] [Cov:================================>  92%]
[Progress:=====================>        71%] [Cov:================================>  92%]
[Progress:=====================>        71%] [Cov:================================>  92%]
[Progress:=====================>        73%] [Cov:================================>  92%]
[Progress:=====================>        73%] [Cov:================================>  92%]
[Progress:=====================>        73%] [Cov:================================>  92%]
[Progress:=====================>        73%] [Cov:================================>  92%]
[Progress:=====================>        73%] [Cov:================================>  92%]
[Progress:=====================>        73%] [Cov:================================>  92%]
[Progress:=====================>        73%] [Cov:================================>  92%]
[Progress:=====================>        73%] [Cov:================================>  92%]
[Progress:=====================>        73%] [Cov:================================>  92%]
[Progress:=====================>        73%] [Cov:================================>  92%]
[Progress:=====================>        73%] [Cov:================================>  92%]
[Progress:=====================>        73%] [Cov:================================>  92%]
[Progress:=====================>        73%] [Cov:================================>  92%]
[Progress:=====================>        73%] [Cov:================================>  92%]
[Progress:=====================>        73%] [Cov:================================>  92%]
[Progress:=====================>        73%] [Cov:================================>  92%]
[Progress:=====================>        73%] [Cov:================================>  92%]
[Progress:=====================>        73%] [Cov:================================>  92%]
[Progress:=====================>        73%] [Cov:================================>  92%]
[Progress:=====================>        73%] [Cov:================================>  92%]
[Progress:=====================>        73%] [Cov:================================>  92%]
[Progress:=====================>        73%] [Cov:================================>  92%]
[Progress:=====================>        73%] [Cov:================================>  92%]
[Progress:=====================>        73%] [Cov:================================>  92%]
[Progress:======================>       75%] [Cov:================================>  92%]
[Progress:======================>       75%] [Cov:================================>  92%]
[Progress:======================>       75%] [Cov:================================>  92%]
[Progress:======================>       75%] [Cov:================================>  92%]
[Progress:======================>       75%] [Cov:================================>  92%]
[Progress:======================>       75%] [Cov:================================>  92%]
[Progress:======================>       75%] [Cov:================================>  92%]
[Progress:======================>       75%] [Cov:================================>  92%]
[Progress:======================>       75%] [Cov:================================>  92%]
[Progress:======================>       75%] [Cov:================================>  92%]
[Progress:======================>       75%] [Cov:================================>  92%]
[Progress:======================>       75%] [Cov:================================>  92%]
[Progress:======================>       75%] [Cov:================================>  92%]
[Progress:======================>       75%] [Cov:================================>  92%]
[Progress:======================>       75%] [Cov:================================>  92%]
[Progress:======================>       75%] [Cov:================================>  92%]
[Progress:======================>       75%] [Cov:================================>  92%]
[Progress:======================>       75%] [Cov:================================>  92%]
[Progress:======================>       75%] [Cov:================================>  92%]
[Progress:======================>       75%] [Cov:================================>  92%]
[Progress:======================>       75%] [Cov:================================>  92%]
[Progress:======================>       75%] [Cov:================================>  92%]
[Progress:======================>       75%] [Cov:================================>  92%]
[Progress:======================>       76%] [Cov:================================>  92%]
[Progress:======================>       76%] [Cov:================================>  92%]
[Progress:======================>       76%] [Cov:================================>  92%]
[Progress:======================>       76%] [Cov:================================>  92%]
[Progress:======================>       76%] [Cov:================================>  92%]
[Progress:======================>       76%] [Cov:================================>  92%]
[Progress:======================>       76%] [Cov:================================>  92%]
[Progress:======================>       76%] [Cov:================================>  92%]
[Progress:======================>       76%] [Cov:================================>  92%]
[Progress:======================>       76%] [Cov:================================>  92%]
[Progress:======================>       76%] [Cov:================================>  92%]
[Progress:======================>       76%] [Cov:================================>  92%]
[Progress:======================>       76%] [Cov:================================>  92%]
[Progress:======================>       76%] [Cov:================================>  92%]
[Progress:======================>       76%] [Cov:================================>  92%]
[Progress:======================>       76%] [Cov:================================>  92%]
[Progress:======================>       76%] [Cov:================================>  92%]
[Progress:======================>       76%] [Cov:================================>  92%]
[Progress:======================>       76%] [Cov:================================>  92%]
[Progress:======================>       76%] [Cov:================================>  92%]
[Progress:======================>       76%] [Cov:================================>  92%]
[Progress:======================>       76%] [Cov:================================>  92%]
[Progress:=======================>      78%] [Cov:================================>  92%]
[Progress:=======================>      78%] [Cov:================================>  92%]
[Progress:=======================>      78%] [Cov:================================>  92%]
[Progress:=======================>      78%] [Cov:================================>  92%]
[Progress:=======================>      78%] [Cov:================================>  92%]
[Progress:=======================>      78%] [Cov:================================>  92%]
[Progress:=======================>      78%] [Cov:================================>  92%]
[Progress:=======================>      78%] [Cov:================================>  92%]
[Progress:=======================>      78%] [Cov:================================>  92%]
[Progress:=======================>      78%] [Cov:================================>  92%]
[Progress:=======================>      78%] [Cov:================================>  92%]
[Progress:=======================>      78%] [Cov:================================>  92%]
[Progress:=======================>      78%] [Cov:================================>  92%]
[Progress:=======================>      78%] [Cov:================================>  92%]
[Progress:=======================>      78%] [Cov:================================>  92%]
[Progress:=======================>      78%] [Cov:================================>  92%]
[Progress:=======================>      78%] [Cov:================================>  92%]
[Progress:========================>     80%] [Cov:================================>  92%]
[Progress:========================>     80%] [Cov:================================>  92%]
[Progress:========================>     80%] [Cov:================================>  92%]
[Progress:========================>     80%] [Cov:================================>  92%]
[Progress:========================>     80%] [Cov:================================>  92%]
[Progress:========================>     80%] [Cov:================================>  92%]
[Progress:========================>     80%] [Cov:================================>  92%]
[Progress:========================>     80%] [Cov:================================>  92%]
[Progress:========================>     80%] [Cov:================================>  92%]
[Progress:========================>     80%] [Cov:================================>  92%]
[Progress:========================>     80%] [Cov:================================>  92%]
[Progress:========================>     80%] [Cov:================================>  92%]
[Progress:========================>     80%] [Cov:================================>  92%]
[Progress:========================>     80%] [Cov:================================>  92%]
[Progress:========================>     80%] [Cov:================================>  92%]
[Progress:========================>     80%] [Cov:================================>  92%]
[Progress:========================>     80%] [Cov:================================>  92%]
[Progress:========================>     80%] [Cov:================================>  92%]
[Progress:========================>     80%] [Cov:================================>  92%]
[Progress:========================>     80%] [Cov:================================>  92%]
[Progress:========================>     80%] [Cov:================================>  92%]
[Progress:========================>     81%] [Cov:================================>  92%]
[Progress:========================>     81%] [Cov:================================>  92%]
[Progress:========================>     81%] [Cov:================================>  92%]
[Progress:========================>     81%] [Cov:================================>  92%]
[Progress:========================>     81%] [Cov:================================>  92%]
[Progress:========================>     81%] [Cov:================================>  92%]
[Progress:========================>     81%] [Cov:================================>  92%]
[Progress:========================>     81%] [Cov:================================>  92%]
[Progress:========================>     81%] [Cov:================================>  92%]
[Progress:========================>     81%] [Cov:================================>  92%]
[Progress:========================>     81%] [Cov:================================>  92%]
[Progress:========================>     81%] [Cov:================================>  92%]
[Progress:========================>     81%] [Cov:================================>  92%]
[Progress:========================>     81%] [Cov:================================>  92%]
[Progress:========================>     81%] [Cov:================================>  92%]
[Progress:========================>     81%] [Cov:================================>  92%]
[Progress:========================>     81%] [Cov:================================>  92%]
[Progress:========================>     81%] [Cov:================================>  92%]
[Progress:========================>     81%] [Cov:================================>  92%]
[Progress:========================>     81%] [Cov:================================>  92%]
[Progress:========================>     81%] [Cov:================================>  92%]
[Progress:========================>     83%] [Cov:================================>  92%]
[Progress:========================>     83%] [Cov:================================>  92%]
[Progress:========================>     83%] [Cov:================================>  92%]
[Progress:========================>     83%] [Cov:================================>  92%]
[Progress:========================>     83%] [Cov:================================>  92%]
[Progress:========================>     83%] [Cov:================================>  92%]
[Progress:========================>     83%] [Cov:================================>  92%]
[Progress:========================>     83%] [Cov:================================>  92%]
[Progress:========================>     83%] [Cov:================================>  92%]
[Progress:========================>     83%] [Cov:================================>  92%]
[Progress:========================>     83%] [Cov:================================>  92%]
[Progress:========================>     83%] [Cov:================================>  92%]
[Progress:========================>     83%] [Cov:================================>  92%]
[Progress:========================>     83%] [Cov:================================>  92%]
[Progress:========================>     83%] [Cov:================================>  92%]
[Progress:========================>     83%] [Cov:================================>  92%]
[Progress:========================>     83%] [Cov:================================>  92%]
[Progress:========================>     83%] [Cov:================================>  92%]
[Progress:========================>     83%] [Cov:================================>  92%]
[Progress:========================>     83%] [Cov:================================>  92%]
[Progress:========================>     83%] [Cov:================================>  92%]
[Progress:========================>     83%] [Cov:================================>  92%]
[Progress:=========================>    85%] [Cov:================================>  92%]
[Progress:=========================>    85%] [Cov:================================>  92%]
[Progress:=========================>    85%] [Cov:================================>  92%]
[Progress:=========================>    85%] [Cov:================================>  92%]
[Progress:=========================>    85%] [Cov:================================>  92%]
[Progress:=========================>    85%] [Cov:================================>  92%]
[Progress:=========================>    85%] [Cov:================================>  92%]
[Progress:=========================>    85%] [Cov:================================>  92%]
[Progress:=========================>    85%] [Cov:================================>  92%]
[Progress:=========================>    85%] [Cov:================================>  92%]
[Progress:=========================>    85%] [Cov:================================>  92%]
[Progress:=========================>    85%] [Cov:================================>  92%]
[Progress:=========================>    85%] [Cov:================================>  92%]
[Progress:=========================>    85%] [Cov:================================>  92%]
[Progress:=========================>    85%] [Cov:================================>  92%]
[Progress:=========================>    85%] [Cov:================================>  92%]
[Progress:=========================>    85%] [Cov:================================>  92%]
[Progress:=========================>    85%] [Cov:================================>  92%]
[Progress:=========================>    85%] [Cov:================================>  92%]
[Progress:=========================>    85%] [Cov:================================>  92%]
[Progress:=========================>    85%] [Cov:================================>  92%]
[Progress:=========================>    85%] [Cov:================================>  92%]
[Progress:=========================>    86%] [Cov:================================>  92%]
[Progress:=========================>    86%] [Cov:================================>  92%]
[Progress:=========================>    86%] [Cov:================================>  92%]
[Progress:=========================>    86%] [Cov:================================>  92%]
[Progress:=========================>    86%] [Cov:================================>  92%]
[Progress:=========================>    86%] [Cov:================================>  92%]
[Progress:=========================>    86%] [Cov:================================>  92%]
[Progress:=========================>    86%] [Cov:================================>  92%]
[Progress:=========================>    86%] [Cov:================================>  92%]
[Progress:=========================>    86%] [Cov:================================>  92%]
[Progress:=========================>    86%] [Cov:================================>  92%]
[Progress:=========================>    86%] [Cov:================================>  92%]
[Progress:=========================>    86%] [Cov:================================>  92%]
[Progress:=========================>    86%] [Cov:================================>  92%]
[Progress:=========================>    86%] [Cov:================================>  92%]
[Progress:=========================>    86%] [Cov:================================>  92%]
[Progress:=========================>    86%] [Cov:================================>  92%]
[Progress:=========================>    86%] [Cov:================================>  92%]
[Progress:=========================>    86%] [Cov:================================>  92%]
[Progress:=========================>    86%] [Cov:================================>  92%]
[Progress:=========================>    86%] [Cov:================================>  92%]
[Progress:=========================>    86%] [Cov:================================>  92%]
[Progress:=========================>    86%] [Cov:================================>  92%]
[Progress:=========================>    86%] [Cov:================================>  92%]
[Progress:==========================>   88%] [Cov:================================>  92%]
[Progress:==========================>   88%] [Cov:================================>  92%]
[Progress:==========================>   88%] [Cov:================================>  92%]
[Progress:==========================>   88%] [Cov:================================>  92%]
[Progress:==========================>   88%] [Cov:================================>  92%]
[Progress:==========================>   88%] [Cov:================================>  92%]
[Progress:==========================>   88%] [Cov:================================>  92%]
[Progress:==========================>   88%] [Cov:================================>  92%]
[Progress:==========================>   88%] [Cov:================================>  92%]
[Progress:==========================>   88%] [Cov:================================>  92%]
[Progress:==========================>   88%] [Cov:================================>  92%]
[Progress:==========================>   88%] [Cov:================================>  92%]
[Progress:==========================>   88%] [Cov:================================>  92%]
[Progress:==========================>   88%] [Cov:================================>  92%]
[Progress:==========================>   88%] [Cov:================================>  92%]
[Progress:==========================>   88%] [Cov:================================>  92%]
[Progress:==========================>   88%] [Cov:================================>  92%]
[Progress:==========================>   88%] [Cov:================================>  92%]
[Progress:==========================>   88%] [Cov:================================>  92%]
[Progress:==========================>   88%] [Cov:================================>  92%]
[Progress:==========================>   88%] [Cov:================================>  92%]
[Progress:==========================>   88%] [Cov:================================>  92%]
[Progress:===========================>  90%] [Cov:================================>  92%]
[Progress:===========================>  90%] [Cov:================================>  92%]
[Progress:===========================>  90%] [Cov:================================>  92%]
[Progress:===========================>  90%] [Cov:================================>  92%]
[Progress:===========================>  90%] [Cov:================================>  92%]
[Progress:===========================>  90%] [Cov:================================>  92%]
[Progress:===========================>  90%] [Cov:================================>  92%]
[Progress:===========================>  90%] [Cov:================================>  92%]
[Progress:===========================>  90%] [Cov:================================>  92%]
[Progress:===========================>  90%] [Cov:================================>  92%]
[Progress:===========================>  90%] [Cov:================================>  92%]
[Progress:===========================>  90%] [Cov:================================>  92%]
[Progress:===========================>  90%] [Cov:================================>  92%]
[Progress:===========================>  90%] [Cov:================================>  92%]
[Progress:===========================>  90%] [Cov:================================>  92%]
[Progress:===========================>  90%] [Cov:================================>  92%]
[Progress:===========================>  90%] [Cov:================================>  92%]
[Progress:===========================>  90%] [Cov:================================>  92%]
[Progress:===========================>  90%] [Cov:================================>  92%]
[Progress:===========================>  90%] [Cov:================================>  92%]
[Progress:===========================>  90%] [Cov:================================>  92%]
[Progress:===========================>  90%] [Cov:================================>  92%]
[Progress:===========================>  91%] [Cov:================================>  92%]
[Progress:===========================>  91%] [Cov:================================>  92%]
[Progress:===========================>  91%] [Cov:================================>  92%]
[Progress:===========================>  91%] [Cov:================================>  92%]
[Progress:===========================>  91%] [Cov:================================>  92%]
[Progress:===========================>  91%] [Cov:================================>  92%]
[Progress:===========================>  91%] [Cov:================================>  92%]
[Progress:===========================>  91%] [Cov:================================>  92%]
[Progress:===========================>  91%] [Cov:================================>  92%]
[Progress:===========================>  91%] [Cov:================================>  92%]
[Progress:===========================>  91%] [Cov:================================>  92%]
[Progress:===========================>  91%] [Cov:================================>  92%]
[Progress:===========================>  91%] [Cov:================================>  92%]
[Progress:===========================>  91%] [Cov:================================>  92%]
[Progress:===========================>  91%] [Cov:================================>  92%]
[Progress:===========================>  91%] [Cov:================================>  92%]
[Progress:===========================>  91%] [Cov:================================>  92%]
[Progress:===========================>  91%] [Cov:================================>  92%]
[Progress:===========================>  91%] [Cov:================================>  92%]
[Progress:===========================>  91%] [Cov:================================>  92%]
[Progress:===========================>  91%] [Cov:================================>  92%]
[Progress:===========================>  91%] [Cov:================================>  92%]
[Progress:===========================>  93%] [Cov:================================>  92%]
[Progress:===========================>  93%] [Cov:================================>  92%]
[Progress:===========================>  93%] [Cov:================================>  92%]
[Progress:===========================>  93%] [Cov:================================>  92%]
[Progress:===========================>  93%] [Cov:================================>  92%]
[Progress:===========================>  93%] [Cov:================================>  92%]
[Progress:===========================>  93%] [Cov:================================>  92%]
[Progress:===========================>  93%] [Cov:================================>  92%]
[Progress:===========================>  93%] [Cov:================================>  92%]
[Progress:===========================>  93%] [Cov:================================>  92%]
[Progress:===========================>  93%] [Cov:================================>  92%]
[Progress:===========================>  93%] [Cov:================================>  92%]
[Progress:===========================>  93%] [Cov:================================>  92%]
[Progress:===========================>  93%] [Cov:================================>  92%]
[Progress:===========================>  93%] [Cov:================================>  92%]
[Progress:===========================>  93%] [Cov:================================>  92%]
[Progress:===========================>  93%] [Cov:================================>  92%]
[Progress:===========================>  93%] [Cov:================================>  92%]
[Progress:===========================>  93%] [Cov:================================>  92%]
[Progress:===========================>  93%] [Cov:================================>  92%]
[Progress:============================> 95%] [Cov:================================>  92%]
[Progress:============================> 95%] [Cov:================================>  92%]
[Progress:============================> 95%] [Cov:================================>  92%]
[Progress:============================> 95%] [Cov:================================>  92%]
[Progress:============================> 95%] [Cov:================================>  92%]
[Progress:============================> 95%] [Cov:================================>  92%]
[Progress:============================> 95%] [Cov:================================>  92%]
[Progress:============================> 95%] [Cov:================================>  92%]
[Progress:============================> 95%] [Cov:================================>  92%]
[Progress:============================> 95%] [Cov:================================>  92%]
[Progress:============================> 95%] [Cov:================================>  92%]
[Progress:============================> 95%] [Cov:================================>  92%]
[Progress:============================> 95%] [Cov:================================>  92%]
[Progress:============================> 95%] [Cov:================================>  92%]
[Progress:============================> 95%] [Cov:================================>  92%]
[Progress:============================> 95%] [Cov:================================>  92%]
[Progress:============================> 95%] [Cov:================================>  92%]
[Progress:============================> 95%] [Cov:================================>  92%]
[Progress:============================> 95%] [Cov:================================>  92%]
[Progress:============================> 95%] [Cov:================================>  92%]
[Progress:============================> 95%] [Cov:================================>  92%]
[Progress:============================> 95%] [Cov:================================>  92%]
[Progress:============================> 96%] [Cov:================================>  92%]
[Progress:============================> 96%] [Cov:================================>  92%]
[Progress:============================> 96%] [Cov:================================>  92%]
[Progress:============================> 96%] [Cov:================================>  92%]
[Progress:============================> 96%] [Cov:================================>  92%]
[Progress:============================> 96%] [Cov:================================>  92%]
[Progress:============================> 96%] [Cov:================================>  92%]
[Progress:============================> 96%] [Cov:================================>  92%]
[Progress:============================> 96%] [Cov:================================>  92%]
[Progress:============================> 96%] [Cov:================================>  92%]
[Progress:============================> 96%] [Cov:================================>  92%]
[Progress:============================> 96%] [Cov:================================>  92%]
[Progress:============================> 96%] [Cov:================================>  92%]
[Progress:============================> 96%] [Cov:================================>  92%]
[Progress:============================> 96%] [Cov:================================>  92%]
[Progress:============================> 96%] [Cov:================================>  92%]
[Progress:============================> 96%] [Cov:================================>  92%]
[Progress:============================> 96%] [Cov:================================>  92%]
[Progress:============================> 96%] [Cov:================================>  92%]
[Progress:============================> 96%] [Cov:================================>  92%]
[Progress:=============================>98%] [Cov:================================>  92%]
[Progress:=============================>98%] [Cov:================================>  92%]
[Progress:=============================>98%] [Cov:================================>  92%]
[Progress:=============================>98%] [Cov:================================>  92%]
[Progress:=============================>98%] [Cov:================================>  92%]
[Progress:=============================>98%] [Cov:================================>  92%]
[Progress:=============================>98%] [Cov:================================>  92%]
[Progress:=============================>98%] [Cov:================================>  92%]
[Progress:=============================>98%] [Cov:================================>  92%]
[Progress:=============================>98%] [Cov:================================>  92%]
[Progress:=============================>98%] [Cov:================================>  92%]
[Progress:=============================>98%] [Cov:================================>  92%]
[Progress:=============================>98%] [Cov:================================>  92%]
[Progress:=============================>98%] [Cov:================================>  92%]
[Progress:=============================>98%] [Cov:================================>  92%]
[Progress:=============================>98%] [Cov:================================>  92%]
[Progress:=============================>98%] [Cov:================================>  92%]
[Progress:=============================>98%] [Cov:================================>  92%]
[Progress:=============================>98%] [Cov:================================>  92%]
[Progress:=============================>98%] [Cov:================================>  92%]
[Progress:=============================>98%] [Cov:================================>  92%]
[Progress:=============================>98%] [Cov:================================>  92%]
[Progress:=============================>98%] [Cov:================================>  92%]
[Progress:==============================100%] [Cov:================================>  92%]
[Progress:==============================100%] [Cov:================================>  92%]
[Progress:==============================100%] [Cov:================================>  92%]
[Progress:==============================100%] [Cov:================================>  92%]
[Progress:==============================100%] [Cov:================================>  92%]
[Progress:==============================100%] [Cov:================================>  92%]
[Progress:==============================100%] [Cov:================================>  92%]
[Progress:==============================100%] [Cov:================================>  92%]
[Progress:==============================100%] [Cov:================================>  92%]
[Progress:==============================100%] [Cov:================================>  92%]
[Progress:==============================100%] [Cov:================================>  92%]
[Progress:==============================100%] [Cov:================================>  92%]
[Progress:==============================100%] [Cov:================================>  92%]
[Progress:==============================100%] [Cov:================================>  92%]
[Progress:==============================100%] [Cov:================================>  92%]
[Progress:==============================100%] [Cov:================================>  92%]
[Progress:==============================100%] [Cov:================================>  92%]
[Progress:==============================100%] [Cov:================================>  92%]
[Progress:==============================100%] [Cov:================================>  92%]
[Progress:==============================100%] [Cov:================================>  92%]
[Progress:==============================100%] [Cov:================================>  92%]
[Progress:==============================100%] [Cov:================================>  92%]
[Progress:==============================100%] [Cov:================================>  92%]
* Search finished after 61s and 1073 generations, 161574 statements, best individual has fitness: 12.969298245614036
* Minimizing test suite
* Going to analyze the coverage criteria
* Coverage analysis for criterion LINE
* Coverage of criterion LINE: 90%
* Total number of goals: 113
* Number of covered goals: 102
* Coverage analysis for criterion BRANCH
* Coverage of criterion BRANCH: 87%
* Total number of goals: 60
* Number of covered goals: 52
* Coverage analysis for criterion EXCEPTION
* Coverage of criterion EXCEPTION: 94%
* Total number of goals: 18
* Number of covered goals: 17
* Generated 34 tests with total length 96
* Resulting test suite's coverage: 92% (average coverage for all fitness functions)
* Generating assertions
* Resulting test suite's mutation score: 55%
* Compiling and checking tests
* Writing tests to file
* Writing JUnit test case 'Document_ESTest' to /work/evo_out/Jsoup_29f/budget60_seed1/tests
* Done!

* Computation finished

[exit=0 timeout=False time=77.2s]

$ javac -nowarn -cp /work/Jsoup_29f/target/classes:/opt/defects4j/framework/projects/lib/junit-4.12-hamcrest-1.3.jar:/work/Jsoup_29f/target/classes:/work/Jsoup_29f/target/test-classes:/opt/defects4j/framework/projects/Jsoup/lib/com/google/code/gson/gson/2.7/gson-2.7.jar:/opt/defects4j/framework/projects/Jsoup/lib/commons-lang/commons-lang/2.4/commons-lang-2.4.jar:/opt/defects4j/framework/projects/Jsoup/lib/javax/servlet/javax.servlet-api/3.1.0/javax.servlet-api-3.1.0.jar:/opt/defects4j/framework/projects/Jsoup/lib/org/eclipse/jetty/jetty-http/9.2.22.v20170606/jetty-http-9.2.22.v20170606.jar:/opt/defects4j/framework/projects/Jsoup/lib/org/eclipse/jetty/jetty-http/9.2.26.v20180806/jetty-http-9.2.26.v20180806.jar:/opt/defects4j/framework/projects/Jsoup/lib/org/eclipse/jetty/jetty-http/9.2.28.v20190418/jetty-http-9.2.28.v20190418.jar:/opt/defects4j/framework/projects/Jsoup/lib/org/eclipse/jetty/jetty-io/9.2.22.v20170606/jetty-io-9.2.22.v20170606.jar:/opt/defects4j/framework/projects/Jsoup/lib/org/eclipse/jetty/jetty-io/9.2.26.v20180806/jetty-io-9.2.26.v20180806.jar:/opt/defects4j/framework/projects/Jsoup/lib/org/eclipse/jetty/jetty-io/9.2.28.v20190418/jetty-io-9.2.28.v20190418.jar:/opt/defects4j/framework/projects/Jsoup/lib/org/eclipse/jetty/jetty-security/9.2.22.v20170606/jetty-security-9.2.22.v20170606.jar:/opt/defects4j/framework/projects/Jsoup/lib/org/eclipse/jetty/jetty-security/9.2.26.v20180806/jetty-security-9.2.26.v20180806.jar:/opt/defects4j/framework/projects/Jsoup/lib/org/eclipse/jetty/jetty-security/9.2.28.v20190418/jetty-security-9.2.28.v20190418.jar:/opt/defects4j/framework/projects/Jsoup/lib/org/eclipse/jetty/jetty-server/9.2.22.v20170606/jetty-server-9.2.22.v20170606.jar:/opt/defects4j/framework/projects/Jsoup/lib/org/eclipse/jetty/jetty-server/9.2.26.v20180806/jetty-server-9.2.26.v20180806.jar:/opt/defects4j/framework/projects/Jsoup/lib/org/eclipse/jetty/jetty-server/9.2.28.v20190418/jetty-server-9.2.28.v20190418.jar:/opt/defects4j/framework/projects/Jsoup/lib/org/eclipse/jetty/jetty-servlet/9.2.22.v20170606/jetty-servlet-9.2.22.v20170606.jar:/opt/defects4j/framework/projects/Jsoup/lib/org/eclipse/jetty/jetty-servlet/9.2.26.v20180806/jetty-servlet-9.2.26.v20180806.jar:/opt/defects4j/framework/projects/Jsoup/lib/org/eclipse/jetty/jetty-servlet/9.2.28.v20190418/jetty-servlet-9.2.28.v20190418.jar:/opt/defects4j/framework/projects/Jsoup/lib/org/eclipse/jetty/jetty-util/9.2.22.v20170606/jetty-util-9.2.22.v20170606.jar:/opt/defects4j/framework/projects/Jsoup/lib/org/eclipse/jetty/jetty-util/9.2.26.v20180806/jetty-util-9.2.26.v20180806.jar:/opt/defects4j/framework/projects/Jsoup/lib/org/eclipse/jetty/jetty-util/9.2.28.v20190418/jetty-util-9.2.28.v20190418.jar:/opt/evosuite/evosuite-standalone-runtime-1.2.0.jar -d /work/evo_out/Jsoup_29f/budget60_seed1/classes /work/evo_out/Jsoup_29f/budget60_seed1/tests/org/jsoup/nodes/Document_ESTest.java /work/evo_out/Jsoup_29f/budget60_seed1/tests/org/jsoup/nodes/Document_ESTest_scaffolding.java

[exit=0 timeout=False time=0.8s]

$ java -jar /opt/jacoco/lib/jacococli.jar instrument /work/Jsoup_29f/target/classes --dest /work/evo_out/Jsoup_29f/budget60_seed1/instrumented
[INFO] 212 classes instrumented to /work/evo_out/Jsoup_29f/budget60_seed1/instrumented.

[exit=0 timeout=False time=0.4s]

$ java -Djacoco-agent.destfile=/workspace/EvoSuite/Result_Round1/Jsoup_29/budget60_seed1/jacoco.exec -cp /work/evo_out/Jsoup_29f/budget60_seed1/instrumented:/work/evo_out/Jsoup_29f/budget60_seed1/classes:/opt/defects4j/framework/projects/lib/junit-4.12-hamcrest-1.3.jar:/work/Jsoup_29f/target/classes:/work/Jsoup_29f/target/test-classes:/opt/defects4j/framework/projects/Jsoup/lib/com/google/code/gson/gson/2.7/gson-2.7.jar:/opt/defects4j/framework/projects/Jsoup/lib/commons-lang/commons-lang/2.4/commons-lang-2.4.jar:/opt/defects4j/framework/projects/Jsoup/lib/javax/servlet/javax.servlet-api/3.1.0/javax.servlet-api-3.1.0.jar:/opt/defects4j/framework/projects/Jsoup/lib/org/eclipse/jetty/jetty-http/9.2.22.v20170606/jetty-http-9.2.22.v20170606.jar:/opt/defects4j/framework/projects/Jsoup/lib/org/eclipse/jetty/jetty-http/9.2.26.v20180806/jetty-http-9.2.26.v20180806.jar:/opt/defects4j/framework/projects/Jsoup/lib/org/eclipse/jetty/jetty-http/9.2.28.v20190418/jetty-http-9.2.28.v20190418.jar:/opt/defects4j/framework/projects/Jsoup/lib/org/eclipse/jetty/jetty-io/9.2.22.v20170606/jetty-io-9.2.22.v20170606.jar:/opt/defects4j/framework/projects/Jsoup/lib/org/eclipse/jetty/jetty-io/9.2.26.v20180806/jetty-io-9.2.26.v20180806.jar:/opt/defects4j/framework/projects/Jsoup/lib/org/eclipse/jetty/jetty-io/9.2.28.v20190418/jetty-io-9.2.28.v20190418.jar:/opt/defects4j/framework/projects/Jsoup/lib/org/eclipse/jetty/jetty-security/9.2.22.v20170606/jetty-security-9.2.22.v20170606.jar:/opt/defects4j/framework/projects/Jsoup/lib/org/eclipse/jetty/jetty-security/9.2.26.v20180806/jetty-security-9.2.26.v20180806.jar:/opt/defects4j/framework/projects/Jsoup/lib/org/eclipse/jetty/jetty-security/9.2.28.v20190418/jetty-security-9.2.28.v20190418.jar:/opt/defects4j/framework/projects/Jsoup/lib/org/eclipse/jetty/jetty-server/9.2.22.v20170606/jetty-server-9.2.22.v20170606.jar:/opt/defects4j/framework/projects/Jsoup/lib/org/eclipse/jetty/jetty-server/9.2.26.v20180806/jetty-server-9.2.26.v20180806.jar:/opt/defects4j/framework/projects/Jsoup/lib/org/eclipse/jetty/jetty-server/9.2.28.v20190418/jetty-server-9.2.28.v20190418.jar:/opt/defects4j/framework/projects/Jsoup/lib/org/eclipse/jetty/jetty-servlet/9.2.22.v20170606/jetty-servlet-9.2.22.v20170606.jar:/opt/defects4j/framework/projects/Jsoup/lib/org/eclipse/jetty/jetty-servlet/9.2.26.v20180806/jetty-servlet-9.2.26.v20180806.jar:/opt/defects4j/framework/projects/Jsoup/lib/org/eclipse/jetty/jetty-servlet/9.2.28.v20190418/jetty-servlet-9.2.28.v20190418.jar:/opt/defects4j/framework/projects/Jsoup/lib/org/eclipse/jetty/jetty-util/9.2.22.v20170606/jetty-util-9.2.22.v20170606.jar:/opt/defects4j/framework/projects/Jsoup/lib/org/eclipse/jetty/jetty-util/9.2.26.v20180806/jetty-util-9.2.26.v20180806.jar:/opt/defects4j/framework/projects/Jsoup/lib/org/eclipse/jetty/jetty-util/9.2.28.v20190418/jetty-util-9.2.28.v20190418.jar:/opt/evosuite/evosuite-standalone-runtime-1.2.0.jar:/opt/jacoco/lib/jacocoagent.jar org.junit.runner.JUnitCore org.jsoup.nodes.Document_ESTest
JUnit version 4.12
..................................
Time: 0.848

OK (34 tests)

SLF4J: Failed to load class "org.slf4j.impl.StaticLoggerBinder".
SLF4J: Defaulting to no-operation (NOP) logger implementation
SLF4J: See http://www.slf4j.org/codes.html#StaticLoggerBinder for further details.
WARNING: An illegal reflective access operation has occurred
WARNING: Illegal reflective access by org.evosuite.runtime.GuiSupport (file:/opt/evosuite/evosuite-standalone-runtime-1.2.0.jar) to field java.awt.GraphicsEnvironment.headless
WARNING: Please consider reporting this to the maintainers of org.evosuite.runtime.GuiSupport
WARNING: Use --illegal-access=warn to enable warnings of further illegal reflective access operations
WARNING: All illegal access operations will be denied in a future release

[exit=0 timeout=False time=1.8s]

$ java -jar /opt/jacoco/lib/jacococli.jar report /workspace/EvoSuite/Result_Round1/Jsoup_29/budget60_seed1/jacoco.exec --classfiles /work/Jsoup_29f/target/classes --csv /workspace/EvoSuite/Result_Round1/Jsoup_29/budget60_seed1/jacoco.csv
[INFO] Loading execution data file /workspace/EvoSuite/Result_Round1/Jsoup_29/budget60_seed1/jacoco.exec.
[INFO] Analyzing 193 classes.

[exit=0 timeout=False time=0.4s]

$ java -cp /work/evo_out/Jsoup_29f/budget60_seed1/classes:/opt/defects4j/framework/projects/lib/junit-4.12-hamcrest-1.3.jar:/work/Jsoup_29b/target/classes:/work/Jsoup_29b/target/test-classes:/opt/defects4j/framework/projects/Jsoup/lib/com/google/code/gson/gson/2.7/gson-2.7.jar:/opt/defects4j/framework/projects/Jsoup/lib/commons-lang/commons-lang/2.4/commons-lang-2.4.jar:/opt/defects4j/framework/projects/Jsoup/lib/javax/servlet/javax.servlet-api/3.1.0/javax.servlet-api-3.1.0.jar:/opt/defects4j/framework/projects/Jsoup/lib/org/eclipse/jetty/jetty-http/9.2.22.v20170606/jetty-http-9.2.22.v20170606.jar:/opt/defects4j/framework/projects/Jsoup/lib/org/eclipse/jetty/jetty-http/9.2.26.v20180806/jetty-http-9.2.26.v20180806.jar:/opt/defects4j/framework/projects/Jsoup/lib/org/eclipse/jetty/jetty-http/9.2.28.v20190418/jetty-http-9.2.28.v20190418.jar:/opt/defects4j/framework/projects/Jsoup/lib/org/eclipse/jetty/jetty-io/9.2.22.v20170606/jetty-io-9.2.22.v20170606.jar:/opt/defects4j/framework/projects/Jsoup/lib/org/eclipse/jetty/jetty-io/9.2.26.v20180806/jetty-io-9.2.26.v20180806.jar:/opt/defects4j/framework/projects/Jsoup/lib/org/eclipse/jetty/jetty-io/9.2.28.v20190418/jetty-io-9.2.28.v20190418.jar:/opt/defects4j/framework/projects/Jsoup/lib/org/eclipse/jetty/jetty-security/9.2.22.v20170606/jetty-security-9.2.22.v20170606.jar:/opt/defects4j/framework/projects/Jsoup/lib/org/eclipse/jetty/jetty-security/9.2.26.v20180806/jetty-security-9.2.26.v20180806.jar:/opt/defects4j/framework/projects/Jsoup/lib/org/eclipse/jetty/jetty-security/9.2.28.v20190418/jetty-security-9.2.28.v20190418.jar:/opt/defects4j/framework/projects/Jsoup/lib/org/eclipse/jetty/jetty-server/9.2.22.v20170606/jetty-server-9.2.22.v20170606.jar:/opt/defects4j/framework/projects/Jsoup/lib/org/eclipse/jetty/jetty-server/9.2.26.v20180806/jetty-server-9.2.26.v20180806.jar:/opt/defects4j/framework/projects/Jsoup/lib/org/eclipse/jetty/jetty-server/9.2.28.v20190418/jetty-server-9.2.28.v20190418.jar:/opt/defects4j/framework/projects/Jsoup/lib/org/eclipse/jetty/jetty-servlet/9.2.22.v20170606/jetty-servlet-9.2.22.v20170606.jar:/opt/defects4j/framework/projects/Jsoup/lib/org/eclipse/jetty/jetty-servlet/9.2.26.v20180806/jetty-servlet-9.2.26.v20180806.jar:/opt/defects4j/framework/projects/Jsoup/lib/org/eclipse/jetty/jetty-servlet/9.2.28.v20190418/jetty-servlet-9.2.28.v20190418.jar:/opt/defects4j/framework/projects/Jsoup/lib/org/eclipse/jetty/jetty-util/9.2.22.v20170606/jetty-util-9.2.22.v20170606.jar:/opt/defects4j/framework/projects/Jsoup/lib/org/eclipse/jetty/jetty-util/9.2.26.v20180806/jetty-util-9.2.26.v20180806.jar:/opt/defects4j/framework/projects/Jsoup/lib/org/eclipse/jetty/jetty-util/9.2.28.v20190418/jetty-util-9.2.28.v20190418.jar:/opt/evosuite/evosuite-standalone-runtime-1.2.0.jar org.junit.runner.JUnitCore org.jsoup.nodes.Document_ESTest
JUnit version 4.12
..................................
Time: 0.82

OK (34 tests)

SLF4J: Failed to load class "org.slf4j.impl.StaticLoggerBinder".
SLF4J: Defaulting to no-operation (NOP) logger implementation
SLF4J: See http://www.slf4j.org/codes.html#StaticLoggerBinder for further details.
WARNING: An illegal reflective access operation has occurred
WARNING: Illegal reflective access by org.evosuite.runtime.GuiSupport (file:/opt/evosuite/evosuite-standalone-runtime-1.2.0.jar) to field java.awt.GraphicsEnvironment.headless
WARNING: Please consider reporting this to the maintainers of org.evosuite.runtime.GuiSupport
WARNING: Use --illegal-access=warn to enable warnings of further illegal reflective access operations
WARNING: All illegal access operations will be denied in a future release

[exit=0 timeout=False time=1.2s]
