
$ defects4j compile -w /work/Gson_1f
Running ant (compile)...................................................... OK
Running ant (compile.tests)................................................ OK

[exit=0 timeout=False time=2.2s]

$ defects4j compile -w /work/Gson_1b
Running ant (compile)...................................................... OK
Running ant (compile.tests)................................................ OK

[exit=0 timeout=False time=2.2s]

$ java -Djava.awt.headless=true -cp /opt/defects4j/framework/projects/lib/junit-4.12-hamcrest-1.3.jar:/opt/evosuite/evosuite-1.2.0.jar:/work/Gson_1f/target/classes:/work/Gson_1f/target/test-classes:/opt/defects4j/framework/projects/Gson/lib/com/google/code/findbugs/jsr305/3.0.0/jsr305-3.0.0.jar org.evosuite.EvoSuite -generateSuite -class com.google.gson.TypeInfoFactory -projectCP /opt/defects4j/framework/projects/lib/junit-4.12-hamcrest-1.3.jar:/work/Gson_1f/target/classes:/work/Gson_1f/target/test-classes:/opt/defects4j/framework/projects/Gson/lib/com/google/code/findbugs/jsr305/3.0.0/jsr305-3.0.0.jar -Dcriterion=LINE:BRANCH:EXCEPTION -Dsearch_budget=120 -seed 1 -Dtest_dir=/work/evo_out/Gson_1f/budget120_seed1/tests -Dreport_dir=/work/evo_out/Gson_1f/budget120_seed1/report
* EvoSuite 1.2.0
* Going to generate test cases for class: com.google.gson.TypeInfoFactory
* Starting Client-0
* Connecting to master process on port 9922
* Analyzing classpath: 
  - /opt/defects4j/framework/projects/lib/junit-4.12-hamcrest-1.3.jar
  - /work/Gson_1f/target/classes
  - /work/Gson_1f/target/test-classes
  - /opt/defects4j/framework/projects/Gson/lib/com/google/code/findbugs/jsr305/3.0.0/jsr305-3.0.0.jar
* Finished analyzing classpath
* Generating tests for class com.google.gson.TypeInfoFactory
* Test criteria:
  - Line Coverage
  - Branch Coverage
  - Exception
* Setting up search algorithm for whole suite generation
* Total number of test goals: 
  - Line 79
  - Branch 46

[Progress:>                             0%] [Cov:>                                  0%]  - Exception 0
* Using seed 1
* Starting evolution

[Progress:>                             1%] [Cov:>                                  0%]
[Progress:>                             1%] [Cov:>                                  1%]
[Progress:>                             1%] [Cov:===========>                       34%]
[Progress:>                             1%] [Cov:============>                      36%]
[Progress:>                             2%] [Cov:>                                  0%]
[Progress:>                             2%] [Cov:>                                  1%]
[Progress:>                             2%] [Cov:===========>                       34%]
[Progress:>                             2%] [Cov:============>                      36%]
[Progress:>                             2%] [Cov:============>                      36%]
[Progress:>                             2%] [Cov:============>                      36%]
[Progress:>                             2%] [Cov:============>                      36%]
[Progress:>                             3%] [Cov:============>                      36%]
[Progress:>                             3%] [Cov:============>                      36%]
[Progress:>                             3%] [Cov:============>                      36%]
[Progress:>                             3%] [Cov:============>                      36%]
[Progress:>                             3%] [Cov:============>                      36%]
[Progress:>                             3%] [Cov:============>                      36%]
[Progress:=>                            4%] [Cov:============>                      36%]
[Progress:=>                            4%] [Cov:============>                      36%]
[Progress:=>                            4%] [Cov:============>                      36%]
[Progress:=>                            4%] [Cov:============>                      36%]
[Progress:=>                            4%] [Cov:============>                      36%]
[Progress:=>                            4%] [Cov:============>                      36%]
[Progress:=>                            4%] [Cov:============>                      36%]
[Progress:=>                            4%] [Cov:============>                      36%]
[Progress:=>                            4%] [Cov:============>                      36%]
[Progress:=>                            4%] [Cov:============>                      36%]
[Progress:=>                            4%] [Cov:============>                      36%]
[Progress:=>                            4%] [Cov:============>                      36%]
[Progress:=>                            4%] [Cov:============>                      36%]
[Progress:=>                            4%] [Cov:============>                      36%]
[Progress:=>                            4%] [Cov:============>                      36%]
[Progress:=>                            5%] [Cov:============>                      36%]
[Progress:=>                            5%] [Cov:============>                      36%]
[Progress:=>                            5%] [Cov:============>                      36%]
[Progress:=>                            5%] [Cov:============>                      36%]
[Progress:=>                            5%] [Cov:============>                      36%]
[Progress:=>                            5%] [Cov:============>                      36%]
[Progress:=>                            5%] [Cov:============>                      36%]
[Progress:=>                            5%] [Cov:============>                      36%]
[Progress:=>                            5%] [Cov:============>                      36%]
[Progress:=>                            5%] [Cov:============>                      36%]
[Progress:=>                            5%] [Cov:============>                      36%]
[Progress:=>                            5%] [Cov:============>                      36%]
[Progress:=>                            5%] [Cov:============>                      36%]
[Progress:=>                            5%] [Cov:============>                      36%]
[Progress:=>                            5%] [Cov:============>                      36%]
[Progress:=>                            5%] [Cov:============>                      36%]
[Progress:=>                            5%] [Cov:============>                      36%]
[Progress:=>                            5%] [Cov:============>                      36%]
[Progress:=>                            5%] [Cov:============>                      36%]
[Progress:=>                            5%] [Cov:============>                      36%]
[Progress:=>                            5%] [Cov:============>                      36%]
[Progress:=>                            5%] [Cov:============>                      36%]
[Progress:=>                            5%] [Cov:============>                      36%]
[Progress:=>                            5%] [Cov:============>                      36%]
[Progress:=>                            5%] [Cov:============>                      36%]
[Progress:=>                            5%] [Cov:============>                      36%]
[Progress:=>                            5%] [Cov:============>                      36%]
[Progress:=>                            5%] [Cov:============>                      36%]
[Progress:=>                            5%] [Cov:============>                      36%]
[Progress:=>                            5%] [Cov:============>                      36%]
[Progress:=>                            5%] [Cov:============>                      36%]
[Progress:=>                            5%] [Cov:============>                      36%]
[Progress:=>                            5%] [Cov:============>                      36%]
[Progress:=>                            5%] [Cov:============>                      36%]
[Progress:=>                            5%] [Cov:============>                      36%]
[Progress:=>                            5%] [Cov:============>                      36%]
[Progress:=>                            5%] [Cov:============>                      36%]
[Progress:=>                            5%] [Cov:============>                      36%]
[Progress:=>                            5%] [Cov:============>                      36%]
[Progress:=>                            5%] [Cov:============>                      36%]
[Progress:=>                            5%] [Cov:============>                      36%]
[Progress:=>                            5%] [Cov:============>                      36%]
[Progress:=>                            5%] [Cov:============>                      36%]
[Progress:=>                            6%] [Cov:============>                      36%]
[Progress:=>                            6%] [Cov:============>                      36%]
[Progress:=>                            6%] [Cov:============>                      36%]
[Progress:=>                            6%] [Cov:============>                      36%]
[Progress:=>                            6%] [Cov:============>                      36%]
[Progress:=>                            6%] [Cov:============>                      36%]
[Progress:=>                            6%] [Cov:============>                      36%]
[Progress:=>                            6%] [Cov:============>                      36%]
[Progress:=>                            6%] [Cov:============>                      36%]
[Progress:=>                            6%] [Cov:============>                      36%]
[Progress:=>                            6%] [Cov:============>                      36%]
[Progress:=>                            6%] [Cov:============>                      36%]
[Progress:=>                            6%] [Cov:============>                      36%]
[Progress:=>                            6%] [Cov:============>                      36%]
[Progress:=>                            6%] [Cov:============>                      36%]
[Progress:=>                            6%] [Cov:============>                      36%]
[Progress:=>                            6%] [Cov:============>                      36%]
[Progress:=>                            6%] [Cov:============>                      36%]
[Progress:=>                            6%] [Cov:============>                      36%]
[Progress:=>                            6%] [Cov:============>                      36%]
[Progress:==>                           7%] [Cov:============>                      36%]
[Progress:==>                           7%] [Cov:============>                      36%]
[Progress:==>                           7%] [Cov:============>                      36%]
[Progress:==>                           7%] [Cov:============>                      36%]
[Progress:==>                           7%] [Cov:============>                      36%]
[Progress:==>                           7%] [Cov:============>                      36%]
[Progress:==>                           7%] [Cov:============>                      36%]
[Progress:==>                           7%] [Cov:============>                      36%]
[Progress:==>                           7%] [Cov:============>                      36%]
[Progress:==>                           7%] [Cov:============>                      36%]
[Progress:==>                           7%] [Cov:============>                      36%]
[Progress:==>                           7%] [Cov:============>                      36%]
[Progress:==>                           7%] [Cov:============>                      36%]
[Progress:==>                           7%] [Cov:============>                      36%]
[Progress:==>                           7%] [Cov:============>                      36%]
[Progress:==>                           7%] [Cov:============>                      36%]
[Progress:==>                           7%] [Cov:============>                      36%]
[Progress:==>                           7%] [Cov:============>                      36%]
[Progress:==>                           7%] [Cov:============>                      36%]
[Progress:==>                           7%] [Cov:============>                      36%]
[Progress:==>                           7%] [Cov:============>                      36%]
[Progress:==>                           7%] [Cov:============>                      36%]
[Progress:==>                           8%] [Cov:============>                      36%]
[Progress:==>                           8%] [Cov:============>                      36%]
[Progress:==>                           8%] [Cov:============>                      36%]
[Progress:==>                           8%] [Cov:============>                      36%]
[Progress:==>                           8%] [Cov:============>                      36%]
[Progress:==>                           8%] [Cov:============>                      36%]
[Progress:==>                           8%] [Cov:============>                      36%]
[Progress:==>                           8%] [Cov:============>                      36%]
[Progress:==>                           8%] [Cov:============>                      36%]
[Progress:==>                           8%] [Cov:============>                      36%]
[Progress:==>                           8%] [Cov:============>                      36%]
[Progress:==>                           8%] [Cov:============>                      36%]
[Progress:==>                           8%] [Cov:============>                      36%]
[Progress:==>                           8%] [Cov:============>                      36%]
[Progress:==>                           8%] [Cov:============>                      36%]
[Progress:==>                           8%] [Cov:============>                      36%]
[Progress:==>                           8%] [Cov:============>                      36%]
[Progress:==>                           8%] [Cov:============>                      36%]
[Progress:==>                           8%] [Cov:============>                      36%]
[Progress:==>                           8%] [Cov:============>                      36%]
[Progress:==>                           9%] [Cov:============>                      36%]
[Progress:==>                           9%] [Cov:============>                      36%]
[Progress:==>                           9%] [Cov:============>                      36%]
[Progress:==>                           9%] [Cov:============>                      36%]
[Progress:==>                           9%] [Cov:============>                      36%]
[Progress:==>                           9%] [Cov:============>                      36%]
[Progress:==>                           9%] [Cov:============>                      36%]
[Progress:==>                           9%] [Cov:============>                      36%]
[Progress:==>                           9%] [Cov:============>                      36%]
[Progress:==>                           9%] [Cov:============>                      36%]
[Progress:==>                           9%] [Cov:============>                      36%]
[Progress:==>                           9%] [Cov:============>                      36%]
[Progress:==>                           9%] [Cov:============>                      36%]
[Progress:==>                           9%] [Cov:============>                      36%]
[Progress:==>                           9%] [Cov:============>                      36%]
[Progress:==>                           9%] [Cov:============>                      36%]
[Progress:==>                           9%] [Cov:============>                      36%]
[Progress:==>                           9%] [Cov:============>                      36%]
[Progress:==>                           9%] [Cov:============>                      36%]
[Progress:==>                           9%] [Cov:============>                      36%]
[Progress:==>                           9%] [Cov:============>                      36%]
[Progress:==>                           9%] [Cov:============>                      36%]
[Progress:==>                           9%] [Cov:============>                      36%]
[Progress:==>                           9%] [Cov:============>                      36%]
[Progress:===>                          10%] [Cov:============>                      36%]
[Progress:===>                          10%] [Cov:============>                      36%]
[Progress:===>                          10%] [Cov:============>                      36%]
[Progress:===>                          10%] [Cov:============>                      36%]
[Progress:===>                          10%] [Cov:============>                      36%]
[Progress:===>                          10%] [Cov:============>                      36%]
[Progress:===>                          10%] [Cov:============>                      36%]
[Progress:===>                          10%] [Cov:============>                      36%]
[Progress:===>                          10%] [Cov:============>                      36%]
[Progress:===>                          10%] [Cov:============>                      36%]
[Progress:===>                          10%] [Cov:============>                      36%]
[Progress:===>                          10%] [Cov:============>                      36%]
[Progress:===>                          10%] [Cov:============>                      36%]
[Progress:===>                          10%] [Cov:============>                      36%]
[Progress:===>                          10%] [Cov:============>                      36%]
[Progress:===>                          10%] [Cov:============>                      36%]
[Progress:===>                          10%] [Cov:============>                      36%]
[Progress:===>                          10%] [Cov:============>                      36%]
[Progress:===>                          10%] [Cov:============>                      36%]
[Progress:===>                          10%] [Cov:============>                      36%]
[Progress:===>                          10%] [Cov:============>                      36%]
[Progress:===>                          10%] [Cov:============>                      36%]
[Progress:===>                          10%] [Cov:============>                      36%]
[Progress:===>                          10%] [Cov:============>                      36%]
[Progress:===>                          10%] [Cov:============>                      36%]
[Progress:===>                          10%] [Cov:============>                      36%]
[Progress:===>                          10%] [Cov:============>                      36%]
[Progress:===>                          10%] [Cov:============>                      36%]
[Progress:===>                          10%] [Cov:============>                      36%]
[Progress:===>                          10%] [Cov:============>                      36%]
[Progress:===>                          10%] [Cov:============>                      36%]
[Progress:===>                          10%] [Cov:============>                      36%]
[Progress:===>                          10%] [Cov:============>                      36%]
[Progress:===>                          10%] [Cov:============>                      36%]
[Progress:===>                          10%] [Cov:============>                      36%]
[Progress:===>                          10%] [Cov:============>                      36%]
[Progress:===>                          10%] [Cov:============>                      36%]
[Progress:===>                          10%] [Cov:============>                      36%]
[Progress:===>                          10%] [Cov:============>                      36%]
[Progress:===>                          10%] [Cov:============>                      36%]
[Progress:===>                          10%] [Cov:============>                      36%]
[Progress:===>                          10%] [Cov:============>                      36%]
[Progress:===>                          10%] [Cov:============>                      36%]
[Progress:===>                          10%] [Cov:============>                      36%]
[Progress:===>                          10%] [Cov:============>                      36%]
[Progress:===>                          10%] [Cov:============>                      36%]
[Progress:===>                          10%] [Cov:============>                      36%]
[Progress:===>                          10%] [Cov:============>                      36%]
[Progress:===>                          10%] [Cov:============>                      36%]
[Progress:===>                          10%] [Cov:============>                      36%]
[Progress:===>                          10%] [Cov:============>                      36%]
[Progress:===>                          10%] [Cov:============>                      36%]
[Progress:===>                          11%] [Cov:============>                      36%]
[Progress:===>                          11%] [Cov:============>                      36%]
[Progress:===>                          11%] [Cov:============>                      36%]
[Progress:===>                          11%] [Cov:============>                      36%]
[Progress:===>                          11%] [Cov:============>                      36%]
[Progress:===>                          11%] [Cov:============>                      36%]
[Progress:===>                          11%] [Cov:============>                      36%]
[Progress:===>                          11%] [Cov:============>                      36%]
[Progress:===>                          11%] [Cov:============>                      36%]
[Progress:===>                          11%] [Cov:============>                      36%]
[Progress:===>                          11%] [Cov:============>                      36%]
[Progress:===>                          11%] [Cov:============>                      36%]
[Progress:===>                          11%] [Cov:============>                      36%]
[Progress:===>                          11%] [Cov:============>                      36%]
[Progress:===>                          11%] [Cov:============>                      36%]
[Progress:===>                          11%] [Cov:============>                      36%]
[Progress:===>                          11%] [Cov:============>                      36%]
[Progress:===>                          11%] [Cov:============>                      36%]
[Progress:===>                          11%] [Cov:============>                      36%]
[Progress:===>                          11%] [Cov:============>                      36%]
[Progress:===>                          11%] [Cov:============>                      36%]
[Progress:===>                          11%] [Cov:============>                      36%]
[Progress:===>                          11%] [Cov:============>                      36%]
[Progress:===>                          11%] [Cov:============>                      36%]
[Progress:===>                          11%] [Cov:============>                      36%]
[Progress:===>                          12%] [Cov:============>                      36%]
[Progress:===>                          12%] [Cov:============>                      36%]
[Progress:===>                          12%] [Cov:============>                      36%]
[Progress:===>                          12%] [Cov:============>                      36%]
[Progress:===>                          12%] [Cov:============>                      36%]
[Progress:===>                          12%] [Cov:============>                      36%]
[Progress:===>                          12%] [Cov:============>                      36%]
[Progress:===>                          12%] [Cov:============>                      36%]
[Progress:===>                          12%] [Cov:============>                      36%]
[Progress:===>                          12%] [Cov:============>                      36%]
[Progress:===>                          12%] [Cov:============>                      36%]
[Progress:===>                          12%] [Cov:============>                      36%]
[Progress:===>                          12%] [Cov:============>                      36%]
[Progress:===>                          12%] [Cov:============>                      36%]
[Progress:===>                          12%] [Cov:============>                      36%]
[Progress:===>                          12%] [Cov:============>                      36%]
[Progress:===>                          12%] [Cov:============>                      36%]
[Progress:===>                          12%] [Cov:============>                      36%]
[Progress:===>                          12%] [Cov:============>                      36%]
[Progress:===>                          12%] [Cov:============>                      36%]
[Progress:===>                          12%] [Cov:============>                      36%]
[Progress:===>                          12%] [Cov:============>                      36%]
[Progress:===>                          13%] [Cov:============>                      36%]
[Progress:===>                          13%] [Cov:============>                      36%]
[Progress:===>                          13%] [Cov:============>                      36%]
[Progress:===>                          13%] [Cov:============>                      36%]
[Progress:===>                          13%] [Cov:============>                      36%]
[Progress:===>                          13%] [Cov:============>                      36%]
[Progress:===>                          13%] [Cov:============>                      36%]
[Progress:===>                          13%] [Cov:============>                      36%]
[Progress:===>                          13%] [Cov:============>                      36%]
[Progress:===>                          13%] [Cov:============>                      36%]
[Progress:===>                          13%] [Cov:============>                      36%]
[Progress:===>                          13%] [Cov:============>                      36%]
[Progress:===>                          13%] [Cov:============>                      36%]
[Progress:===>                          13%] [Cov:============>                      36%]
[Progress:===>                          13%] [Cov:============>                      36%]
[Progress:===>                          13%] [Cov:============>                      36%]
[Progress:===>                          13%] [Cov:============>                      36%]
[Progress:===>                          13%] [Cov:============>                      36%]
[Progress:===>                          13%] [Cov:============>                      36%]
[Progress:===>                          13%] [Cov:============>                      36%]
[Progress:===>                          13%] [Cov:============>                      36%]
[Progress:===>                          13%] [Cov:============>                      36%]
[Progress:===>                          13%] [Cov:============>                      36%]
[Progress:===>                          13%] [Cov:============>                      36%]
[Progress:===>                          13%] [Cov:============>                      36%]
[Progress:===>                          13%] [Cov:============>                      36%]
[Progress:===>                          13%] [Cov:============>                      36%]
[Progress:====>                         14%] [Cov:============>                      36%]
[Progress:====>                         14%] [Cov:============>                      36%]
[Progress:====>                         14%] [Cov:============>                      36%]
[Progress:====>                         14%] [Cov:============>                      36%]
[Progress:====>                         14%] [Cov:============>                      36%]
[Progress:====>                         14%] [Cov:============>                      36%]
[Progress:====>                         14%] [Cov:============>                      36%]
[Progress:====>                         14%] [Cov:============>                      36%]
[Progress:====>                         14%] [Cov:============>                      36%]
[Progress:====>                         14%] [Cov:============>                      36%]
[Progress:====>                         14%] [Cov:============>                      36%]
[Progress:====>                         14%] [Cov:============>                      36%]
[Progress:====>                         14%] [Cov:============>                      36%]
[Progress:====>                         14%] [Cov:============>                      36%]
[Progress:====>                         14%] [Cov:============>                      36%]
[Progress:====>                         14%] [Cov:============>                      36%]
[Progress:====>                         14%] [Cov:============>                      36%]
[Progress:====>                         14%] [Cov:============>                      36%]
[Progress:====>                         14%] [Cov:============>                      36%]
[Progress:====>                         14%] [Cov:============>                      36%]
[Progress:====>                         14%] [Cov:============>                      36%]
[Progress:====>                         14%] [Cov:============>                      36%]
[Progress:====>                         14%] [Cov:============>                      36%]
[Progress:====>                         14%] [Cov:============>                      36%]
[Progress:====>                         14%] [Cov:============>                      36%]
[Progress:====>                         14%] [Cov:============>                      36%]
[Progress:====>                         14%] [Cov:============>                      36%]
[Progress:====>                         14%] [Cov:============>                      36%]
[Progress:====>                         14%] [Cov:============>                      36%]
[Progress:====>                         14%] [Cov:============>                      36%]
[Progress:====>                         14%] [Cov:============>                      36%]
[Progress:====>                         15%] [Cov:============>                      36%]
[Progress:====>                         15%] [Cov:============>                      36%]
[Progress:====>                         15%] [Cov:============>                      36%]
[Progress:====>                         15%] [Cov:============>                      36%]
[Progress:====>                         15%] [Cov:============>                      36%]
[Progress:====>                         15%] [Cov:============>                      36%]
[Progress:====>                         15%] [Cov:============>                      36%]
[Progress:====>                         15%] [Cov:============>                      36%]
[Progress:====>                         15%] [Cov:============>                      36%]
[Progress:====>                         15%] [Cov:============>                      36%]
[Progress:====>                         15%] [Cov:============>                      36%]
[Progress:====>                         15%] [Cov:============>                      36%]
[Progress:====>                         15%] [Cov:============>                      36%]
[Progress:====>                         15%] [Cov:============>                      36%]
[Progress:====>                         15%] [Cov:============>                      36%]
[Progress:====>                         15%] [Cov:============>                      36%]
[Progress:====>                         15%] [Cov:============>                      36%]
[Progress:====>                         15%] [Cov:============>                      36%]
[Progress:====>                         15%] [Cov:============>                      36%]
[Progress:====>                         15%] [Cov:============>                      36%]
[Progress:====>                         15%] [Cov:============>                      36%]
[Progress:====>                         15%] [Cov:============>                      36%]
[Progress:====>                         15%] [Cov:============>                      36%]
[Progress:====>                         15%] [Cov:============>                      36%]
[Progress:====>                         15%] [Cov:============>                      36%]
[Progress:====>                         15%] [Cov:============>                      36%]
[Progress:====>                         15%] [Cov:============>                      36%]
[Progress:====>                         15%] [Cov:============>                      36%]
[Progress:====>                         15%] [Cov:============>                      36%]
[Progress:====>                         15%] [Cov:============>                      36%]
[Progress:====>                         15%] [Cov:============>                      36%]
[Progress:====>                         15%] [Cov:============>                      36%]
[Progress:====>                         15%] [Cov:============>                      36%]
[Progress:====>                         15%] [Cov:============>                      36%]
[Progress:====>                         15%] [Cov:============>                      36%]
[Progress:====>                         15%] [Cov:============>                      36%]
[Progress:====>                         15%] [Cov:============>                      36%]
[Progress:====>                         15%] [Cov:============>                      36%]
[Progress:====>                         15%] [Cov:============>                      36%]
[Progress:====>                         15%] [Cov:============>                      36%]
[Progress:====>                         15%] [Cov:============>                      36%]
[Progress:====>                         15%] [Cov:============>                      36%]
[Progress:====>                         15%] [Cov:============>                      36%]
[Progress:====>                         15%] [Cov:============>                      36%]
[Progress:====>                         15%] [Cov:============>                      36%]
[Progress:====>                         15%] [Cov:============>                      36%]
[Progress:====>                         15%] [Cov:============>                      36%]
[Progress:====>                         15%] [Cov:============>                      36%]
[Progress:====>                         15%] [Cov:============>                      36%]
[Progress:====>                         15%] [Cov:============>                      36%]
[Progress:====>                         15%] [Cov:============>                      36%]
[Progress:====>                         16%] [Cov:============>                      36%]
[Progress:====>                         16%] [Cov:============>                      36%]
[Progress:====>                         16%] [Cov:============>                      36%]
[Progress:====>                         16%] [Cov:============>                      36%]
[Progress:====>                         16%] [Cov:============>                      36%]
[Progress:====>                         16%] [Cov:============>                      36%]
[Progress:====>                         16%] [Cov:============>                      36%]
[Progress:====>                         16%] [Cov:============>                      36%]
[Progress:====>                         16%] [Cov:============>                      36%]
[Progress:====>                         16%] [Cov:============>                      36%]
[Progress:====>                         16%] [Cov:============>                      36%]
[Progress:====>                         16%] [Cov:============>                      36%]
[Progress:====>                         16%] [Cov:============>                      36%]
[Progress:====>                         16%] [Cov:============>                      36%]
[Progress:====>                         16%] [Cov:============>                      36%]
[Progress:====>                         16%] [Cov:============>                      36%]
[Progress:====>                         16%] [Cov:============>                      36%]
[Progress:====>                         16%] [Cov:============>                      36%]
[Progress:====>                         16%] [Cov:============>                      36%]
[Progress:====>                         16%] [Cov:============>                      36%]
[Progress:====>                         16%] [Cov:============>                      36%]
[Progress:====>                         16%] [Cov:============>                      36%]
[Progress:====>                         16%] [Cov:============>                      36%]
[Progress:====>                         16%] [Cov:============>                      36%]
[Progress:====>                         16%] [Cov:============>                      36%]
[Progress:====>                         16%] [Cov:============>                      36%]
[Progress:====>                         16%] [Cov:============>                      36%]
[Progress:====>                         16%] [Cov:============>                      36%]
[Progress:=====>                        17%] [Cov:============>                      36%]
[Progress:=====>                        17%] [Cov:============>                      36%]
[Progress:=====>                        17%] [Cov:============>                      36%]
[Progress:=====>                        17%] [Cov:============>                      36%]
[Progress:=====>                        17%] [Cov:============>                      36%]
[Progress:=====>                        17%] [Cov:============>                      36%]
[Progress:=====>                        17%] [Cov:============>                      36%]
[Progress:=====>                        17%] [Cov:============>                      36%]
[Progress:=====>                        17%] [Cov:============>                      36%]
[Progress:=====>                        17%] [Cov:============>                      36%]
[Progress:=====>                        17%] [Cov:============>                      36%]
[Progress:=====>                        17%] [Cov:============>                      36%]
[Progress:=====>                        17%] [Cov:============>                      36%]
[Progress:=====>                        17%] [Cov:============>                      36%]
[Progress:=====>                        17%] [Cov:============>                      36%]
[Progress:=====>                        17%] [Cov:============>                      36%]
[Progress:=====>                        17%] [Cov:============>                      36%]
[Progress:=====>                        17%] [Cov:============>                      36%]
[Progress:=====>                        17%] [Cov:============>                      36%]
[Progress:=====>                        17%] [Cov:============>                      36%]
[Progress:=====>                        17%] [Cov:============>                      36%]
[Progress:=====>                        17%] [Cov:============>                      36%]
[Progress:=====>                        17%] [Cov:============>                      36%]
[Progress:=====>                        17%] [Cov:============>                      36%]
[Progress:=====>                        17%] [Cov:============>                      36%]
[Progress:=====>                        17%] [Cov:============>                      36%]
[Progress:=====>                        18%] [Cov:============>                      36%]
[Progress:=====>                        18%] [Cov:============>                      36%]
[Progress:=====>                        18%] [Cov:============>                      36%]
[Progress:=====>                        18%] [Cov:============>                      36%]
[Progress:=====>                        18%] [Cov:============>                      36%]
[Progress:=====>                        18%] [Cov:============>                      36%]
[Progress:=====>                        18%] [Cov:============>                      36%]
[Progress:=====>                        18%] [Cov:============>                      36%]
[Progress:=====>                        18%] [Cov:============>                      36%]
[Progress:=====>                        18%] [Cov:============>                      36%]
[Progress:=====>                        18%] [Cov:============>                      36%]
[Progress:=====>                        18%] [Cov:============>                      36%]
[Progress:=====>                        18%] [Cov:============>                      36%]
[Progress:=====>                        18%] [Cov:============>                      36%]
[Progress:=====>                        18%] [Cov:============>                      36%]
[Progress:=====>                        18%] [Cov:============>                      36%]
[Progress:=====>                        18%] [Cov:============>                      36%]
[Progress:=====>                        18%] [Cov:============>                      36%]
[Progress:=====>                        18%] [Cov:============>                      36%]
[Progress:=====>                        18%] [Cov:============>                      36%]
[Progress:=====>                        18%] [Cov:============>                      36%]
[Progress:=====>                        18%] [Cov:============>                      36%]
[Progress:=====>                        18%] [Cov:============>                      36%]
[Progress:=====>                        18%] [Cov:============>                      36%]
[Progress:=====>                        18%] [Cov:============>                      36%]
[Progress:=====>                        18%] [Cov:============>                      36%]
[Progress:=====>                        18%] [Cov:============>                      36%]
[Progress:=====>                        18%] [Cov:============>                      36%]
[Progress:=====>                        18%] [Cov:============>                      36%]
[Progress:=====>                        18%] [Cov:============>                      36%]
[Progress:=====>                        19%] [Cov:============>                      36%]
[Progress:=====>                        19%] [Cov:============>                      36%]
[Progress:=====>                        19%] [Cov:============>                      36%]
[Progress:=====>                        19%] [Cov:============>                      36%]
[Progress:=====>                        19%] [Cov:============>                      36%]
[Progress:=====>                        19%] [Cov:============>                      36%]
[Progress:=====>                        19%] [Cov:============>                      36%]
[Progress:=====>                        19%] [Cov:============>                      36%]
[Progress:=====>                        19%] [Cov:============>                      36%]
[Progress:=====>                        19%] [Cov:============>                      36%]
[Progress:=====>                        19%] [Cov:============>                      36%]
[Progress:=====>                        19%] [Cov:============>                      36%]
[Progress:=====>                        19%] [Cov:============>                      36%]
[Progress:=====>                        19%] [Cov:============>                      36%]
[Progress:=====>                        19%] [Cov:============>                      36%]
[Progress:=====>                        19%] [Cov:============>                      36%]
[Progress:=====>                        19%] [Cov:============>                      36%]
[Progress:=====>                        19%] [Cov:============>                      36%]
[Progress:=====>                        19%] [Cov:============>                      36%]
[Progress:=====>                        19%] [Cov:============>                      36%]
[Progress:=====>                        19%] [Cov:============>                      36%]
[Progress:=====>                        19%] [Cov:============>                      36%]
[Progress:=====>                        19%] [Cov:============>                      36%]
[Progress:=====>                        19%] [Cov:============>                      36%]
[Progress:=====>                        19%] [Cov:============>                      36%]
[Progress:=====>                        19%] [Cov:============>                      36%]
[Progress:=====>                        19%] [Cov:============>                      36%]
[Progress:=====>                        19%] [Cov:============>                      36%]
[Progress:=====>                        19%] [Cov:============>                      36%]
[Progress:=====>                        19%] [Cov:============>                      36%]
[Progress:=====>                        19%] [Cov:============>                      36%]
[Progress:=====>                        19%] [Cov:============>                      36%]
[Progress:=====>                        19%] [Cov:============>                      36%]
[Progress:======>                       20%] [Cov:============>                      36%]
[Progress:======>                       20%] [Cov:============>                      36%]
[Progress:======>                       20%] [Cov:============>                      36%]
[Progress:======>                       20%] [Cov:============>                      36%]
[Progress:======>                       20%] [Cov:============>                      36%]
[Progress:======>                       20%] [Cov:============>                      36%]
[Progress:======>                       20%] [Cov:============>                      36%]
[Progress:======>                       20%] [Cov:============>                      36%]
[Progress:======>                       20%] [Cov:============>                      36%]
[Progress:======>                       20%] [Cov:============>                      36%]
[Progress:======>                       20%] [Cov:============>                      36%]
[Progress:======>                       20%] [Cov:============>                      36%]
[Progress:======>                       20%] [Cov:============>                      36%]
[Progress:======>                       20%] [Cov:============>                      36%]
[Progress:======>                       20%] [Cov:============>                      36%]
[Progress:======>                       20%] [Cov:============>                      36%]
[Progress:======>                       20%] [Cov:============>                      36%]
[Progress:======>                       20%] [Cov:============>                      36%]
[Progress:======>                       20%] [Cov:============>                      36%]
[Progress:======>                       20%] [Cov:============>                      36%]
[Progress:======>                       20%] [Cov:============>                      36%]
[Progress:======>                       20%] [Cov:============>                      36%]
[Progress:======>                       20%] [Cov:============>                      36%]
[Progress:======>                       20%] [Cov:============>                      36%]
[Progress:======>                       20%] [Cov:============>                      36%]
[Progress:======>                       20%] [Cov:============>                      36%]
[Progress:======>                       20%] [Cov:============>                      36%]
[Progress:======>                       20%] [Cov:============>                      36%]
[Progress:======>                       20%] [Cov:============>                      36%]
[Progress:======>                       20%] [Cov:============>                      36%]
[Progress:======>                       20%] [Cov:============>                      36%]
[Progress:======>                       20%] [Cov:============>                      36%]
[Progress:======>                       20%] [Cov:============>                      36%]
[Progress:======>                       20%] [Cov:============>                      36%]
[Progress:======>                       20%] [Cov:============>                      36%]
[Progress:======>                       20%] [Cov:============>                      36%]
[Progress:======>                       20%] [Cov:============>                      36%]
[Progress:======>                       20%] [Cov:============>                      36%]
[Progress:======>                       20%] [Cov:============>                      36%]
[Progress:======>                       20%] [Cov:============>                      36%]
[Progress:======>                       20%] [Cov:============>                      36%]
[Progress:======>                       20%] [Cov:============>                      36%]
[Progress:======>                       20%] [Cov:============>                      36%]
[Progress:======>                       20%] [Cov:============>                      36%]
[Progress:======>                       20%] [Cov:============>                      36%]
[Progress:======>                       20%] [Cov:============>                      36%]
[Progress:======>                       20%] [Cov:============>                      36%]
[Progress:======>                       20%] [Cov:============>                      36%]
[Progress:======>                       20%] [Cov:============>                      36%]
[Progress:======>                       20%] [Cov:============>                      36%]
[Progress:======>                       20%] [Cov:============>                      36%]
[Progress:======>                       20%] [Cov:============>                      36%]
[Progress:======>                       20%] [Cov:============>                      36%]
[Progress:======>                       20%] [Cov:============>                      36%]
[Progress:======>                       20%] [Cov:============>                      36%]
[Progress:======>                       20%] [Cov:============>                      36%]
[Progress:======>                       20%] [Cov:============>                      36%]
[Progress:======>                       21%] [Cov:============>                      36%]
[Progress:======>                       21%] [Cov:============>                      36%]
[Progress:======>                       21%] [Cov:============>                      36%]
[Progress:======>                       21%] [Cov:============>                      36%]
[Progress:======>                       21%] [Cov:============>                      36%]
[Progress:======>                       21%] [Cov:============>                      36%]
[Progress:======>                       21%] [Cov:============>                      36%]
[Progress:======>                       21%] [Cov:============>                      36%]
[Progress:======>                       21%] [Cov:============>                      36%]
[Progress:======>                       21%] [Cov:============>                      36%]
[Progress:======>                       21%] [Cov:============>                      36%]
[Progress:======>                       21%] [Cov:============>                      36%]
[Progress:======>                       21%] [Cov:============>                      36%]
[Progress:======>                       21%] [Cov:============>                      36%]
[Progress:======>                       21%] [Cov:============>                      36%]
[Progress:======>                       21%] [Cov:============>                      36%]
[Progress:======>                       21%] [Cov:============>                      36%]
[Progress:======>                       21%] [Cov:============>                      36%]
[Progress:======>                       21%] [Cov:============>                      36%]
[Progress:======>                       21%] [Cov:============>                      36%]
[Progress:======>                       21%] [Cov:============>                      36%]
[Progress:======>                       21%] [Cov:============>                      36%]
[Progress:======>                       21%] [Cov:============>                      36%]
[Progress:======>                       21%] [Cov:============>                      36%]
[Progress:======>                       21%] [Cov:============>                      36%]
[Progress:======>                       21%] [Cov:============>                      36%]
[Progress:======>                       21%] [Cov:============>                      36%]
[Progress:======>                       21%] [Cov:============>                      36%]
[Progress:======>                       21%] [Cov:============>                      36%]
[Progress:======>                       22%] [Cov:============>                      36%]
[Progress:======>                       22%] [Cov:============>                      36%]
[Progress:======>                       22%] [Cov:============>                      36%]
[Progress:======>                       22%] [Cov:============>                      36%]
[Progress:======>                       22%] [Cov:============>                      36%]
[Progress:======>                       22%] [Cov:============>                      36%]
[Progress:======>                       22%] [Cov:============>                      36%]
[Progress:======>                       22%] [Cov:============>                      36%]
[Progress:======>                       22%] [Cov:============>                      36%]
[Progress:======>                       22%] [Cov:============>                      36%]
[Progress:======>                       22%] [Cov:============>                      36%]
[Progress:======>                       22%] [Cov:============>                      36%]
[Progress:======>                       22%] [Cov:============>                      36%]
[Progress:======>                       22%] [Cov:============>                      36%]
[Progress:======>                       22%] [Cov:============>                      36%]
[Progress:======>                       22%] [Cov:============>                      36%]
[Progress:======>                       22%] [Cov:============>                      36%]
[Progress:======>                       22%] [Cov:============>                      36%]
[Progress:======>                       22%] [Cov:============>                      36%]
[Progress:======>                       22%] [Cov:============>                      36%]
[Progress:======>                       22%] [Cov:============>                      36%]
[Progress:======>                       22%] [Cov:============>                      36%]
[Progress:======>                       22%] [Cov:============>                      36%]
[Progress:======>                       22%] [Cov:============>                      36%]
[Progress:======>                       22%] [Cov:============>                      36%]
[Progress:======>                       22%] [Cov:============>                      36%]
[Progress:======>                       22%] [Cov:============>                      36%]
[Progress:======>                       22%] [Cov:============>                      36%]
[Progress:======>                       22%] [Cov:============>                      36%]
[Progress:======>                       22%] [Cov:============>                      36%]
[Progress:======>                       22%] [Cov:============>                      36%]
[Progress:======>                       22%] [Cov:============>                      36%]
[Progress:======>                       22%] [Cov:============>                      36%]
[Progress:======>                       23%] [Cov:============>                      36%]
[Progress:======>                       23%] [Cov:============>                      36%]
[Progress:======>                       23%] [Cov:============>                      36%]
[Progress:======>                       23%] [Cov:============>                      36%]
[Progress:======>                       23%] [Cov:============>                      36%]
[Progress:======>                       23%] [Cov:============>                      36%]
[Progress:======>                       23%] [Cov:============>                      36%]
[Progress:======>                       23%] [Cov:============>                      36%]
[Progress:======>                       23%] [Cov:============>                      36%]
[Progress:======>                       23%] [Cov:============>                      36%]
[Progress:======>                       23%] [Cov:============>                      36%]
[Progress:======>                       23%] [Cov:============>                      36%]
[Progress:======>                       23%] [Cov:============>                      36%]
[Progress:======>                       23%] [Cov:============>                      36%]
[Progress:======>                       23%] [Cov:============>                      36%]
[Progress:======>                       23%] [Cov:============>                      36%]
[Progress:======>                       23%] [Cov:============>                      36%]
[Progress:======>                       23%] [Cov:============>                      36%]
[Progress:======>                       23%] [Cov:============>                      36%]
[Progress:======>                       23%] [Cov:============>                      36%]
[Progress:======>                       23%] [Cov:============>                      36%]
[Progress:======>                       23%] [Cov:============>                      36%]
[Progress:======>                       23%] [Cov:============>                      36%]
[Progress:======>                       23%] [Cov:============>                      36%]
[Progress:======>                       23%] [Cov:============>                      36%]
[Progress:======>                       23%] [Cov:============>                      36%]
[Progress:======>                       23%] [Cov:============>                      36%]
[Progress:======>                       23%] [Cov:============>                      36%]
[Progress:======>                       23%] [Cov:============>                      36%]
[Progress:======>                       23%] [Cov:============>                      36%]
[Progress:=======>                      24%] [Cov:============>                      36%]
[Progress:=======>                      24%] [Cov:============>                      36%]
[Progress:=======>                      24%] [Cov:============>                      36%]
[Progress:=======>                      24%] [Cov:============>                      36%]
[Progress:=======>                      24%] [Cov:============>                      36%]
[Progress:=======>                      24%] [Cov:============>                      36%]
[Progress:=======>                      24%] [Cov:============>                      36%]
[Progress:=======>                      24%] [Cov:============>                      36%]
[Progress:=======>                      24%] [Cov:============>                      36%]
[Progress:=======>                      24%] [Cov:============>                      36%]
[Progress:=======>                      24%] [Cov:============>                      36%]
[Progress:=======>                      24%] [Cov:============>                      36%]
[Progress:=======>                      24%] [Cov:============>                      36%]
[Progress:=======>                      24%] [Cov:============>                      36%]
[Progress:=======>                      24%] [Cov:============>                      36%]
[Progress:=======>                      24%] [Cov:============>                      36%]
[Progress:=======>                      24%] [Cov:============>                      36%]
[Progress:=======>                      24%] [Cov:============>                      36%]
[Progress:=======>                      24%] [Cov:============>                      36%]
[Progress:=======>                      24%] [Cov:============>                      36%]
[Progress:=======>                      24%] [Cov:============>                      36%]
[Progress:=======>                      24%] [Cov:============>                      36%]
[Progress:=======>                      24%] [Cov:============>                      36%]
[Progress:=======>                      24%] [Cov:============>                      36%]
[Progress:=======>                      24%] [Cov:============>                      36%]
[Progress:=======>                      24%] [Cov:============>                      36%]
[Progress:=======>                      24%] [Cov:============>                      36%]
[Progress:=======>                      24%] [Cov:============>                      36%]
[Progress:=======>                      24%] [Cov:============>                      36%]
[Progress:=======>                      24%] [Cov:============>                      36%]
[Progress:=======>                      24%] [Cov:============>                      36%]
[Progress:=======>                      24%] [Cov:============>                      36%]
[Progress:=======>                      24%] [Cov:============>                      36%]
[Progress:=======>                      24%] [Cov:============>                      36%]
[Progress:=======>                      25%] [Cov:============>                      36%]
[Progress:=======>                      25%] [Cov:============>                      36%]
[Progress:=======>                      25%] [Cov:============>                      36%]
[Progress:=======>                      25%] [Cov:============>                      36%]
[Progress:=======>                      25%] [Cov:============>                      36%]
[Progress:=======>                      25%] [Cov:============>                      36%]
[Progress:=======>                      25%] [Cov:============>                      36%]
[Progress:=======>                      25%] [Cov:============>                      36%]
[Progress:=======>                      25%] [Cov:============>                      36%]
[Progress:=======>                      25%] [Cov:============>                      36%]
[Progress:=======>                      25%] [Cov:============>                      36%]
[Progress:=======>                      25%] [Cov:============>                      36%]
[Progress:=======>                      25%] [Cov:============>                      36%]
[Progress:=======>                      25%] [Cov:============>                      36%]
[Progress:=======>                      25%] [Cov:============>                      36%]
[Progress:=======>                      25%] [Cov:============>                      36%]
[Progress:=======>                      25%] [Cov:============>                      36%]
[Progress:=======>                      25%] [Cov:============>                      36%]
[Progress:=======>                      25%] [Cov:============>                      36%]
[Progress:=======>                      25%] [Cov:============>                      36%]
[Progress:=======>                      25%] [Cov:============>                      36%]
[Progress:=======>                      25%] [Cov:============>                      36%]
[Progress:=======>                      25%] [Cov:============>                      36%]
[Progress:=======>                      25%] [Cov:============>                      36%]
[Progress:=======>                      25%] [Cov:============>                      36%]
[Progress:=======>                      25%] [Cov:============>                      36%]
[Progress:=======>                      25%] [Cov:============>                      36%]
[Progress:=======>                      25%] [Cov:============>                      36%]
[Progress:=======>                      25%] [Cov:============>                      36%]
[Progress:=======>                      25%] [Cov:============>                      36%]
[Progress:=======>                      25%] [Cov:============>                      36%]
[Progress:=======>                      25%] [Cov:============>                      36%]
[Progress:=======>                      25%] [Cov:============>                      36%]
[Progress:=======>                      25%] [Cov:============>                      36%]
[Progress:=======>                      25%] [Cov:============>                      36%]
[Progress:=======>                      25%] [Cov:============>                      36%]
[Progress:=======>                      25%] [Cov:============>                      36%]
[Progress:=======>                      25%] [Cov:============>                      36%]
[Progress:=======>                      25%] [Cov:============>                      36%]
[Progress:=======>                      25%] [Cov:============>                      36%]
[Progress:=======>                      25%] [Cov:============>                      36%]
[Progress:=======>                      25%] [Cov:============>                      36%]
[Progress:=======>                      25%] [Cov:============>                      36%]
[Progress:=======>                      25%] [Cov:============>                      36%]
[Progress:=======>                      25%] [Cov:============>                      36%]
[Progress:=======>                      25%] [Cov:============>                      36%]
[Progress:=======>                      25%] [Cov:============>                      36%]
[Progress:=======>                      25%] [Cov:============>                      36%]
[Progress:=======>                      25%] [Cov:============>                      36%]
[Progress:=======>                      25%] [Cov:============>                      36%]
[Progress:=======>                      25%] [Cov:============>                      36%]
[Progress:=======>                      25%] [Cov:============>                      36%]
[Progress:=======>                      25%] [Cov:============>                      36%]
[Progress:=======>                      25%] [Cov:============>                      36%]
[Progress:=======>                      25%] [Cov:============>                      36%]
[Progress:=======>                      25%] [Cov:============>                      36%]
[Progress:=======>                      25%] [Cov:============>                      36%]
[Progress:=======>                      25%] [Cov:============>                      36%]
[Progress:=======>                      25%] [Cov:============>                      36%]
[Progress:=======>                      25%] [Cov:============>                      36%]
[Progress:=======>                      25%] [Cov:============>                      36%]
[Progress:=======>                      25%] [Cov:============>                      36%]
[Progress:=======>                      25%] [Cov:============>                      36%]
[Progress:=======>                      26%] [Cov:============>                      36%]
[Progress:=======>                      26%] [Cov:============>                      36%]
[Progress:=======>                      26%] [Cov:============>                      36%]
[Progress:=======>                      26%] [Cov:============>                      36%]
[Progress:=======>                      26%] [Cov:============>                      36%]
[Progress:=======>                      26%] [Cov:============>                      36%]
[Progress:=======>                      26%] [Cov:============>                      36%]
[Progress:=======>                      26%] [Cov:============>                      36%]
[Progress:=======>                      26%] [Cov:============>                      36%]
[Progress:=======>                      26%] [Cov:============>                      36%]
[Progress:=======>                      26%] [Cov:============>                      36%]
[Progress:=======>                      26%] [Cov:============>                      36%]
[Progress:=======>                      26%] [Cov:============>                      36%]
[Progress:=======>                      26%] [Cov:============>                      36%]
[Progress:=======>                      26%] [Cov:============>                      36%]
[Progress:=======>                      26%] [Cov:============>                      36%]
[Progress:=======>                      26%] [Cov:============>                      36%]
[Progress:=======>                      26%] [Cov:============>                      36%]
[Progress:=======>                      26%] [Cov:============>                      36%]
[Progress:=======>                      26%] [Cov:============>                      36%]
[Progress:=======>                      26%] [Cov:============>                      36%]
[Progress:=======>                      26%] [Cov:============>                      36%]
[Progress:=======>                      26%] [Cov:============>                      36%]
[Progress:=======>                      26%] [Cov:============>                      36%]
[Progress:=======>                      26%] [Cov:============>                      36%]
[Progress:=======>                      26%] [Cov:============>                      36%]
[Progress:========>                     27%] [Cov:============>                      36%]
[Progress:========>                     27%] [Cov:============>                      36%]
[Progress:========>                     27%] [Cov:============>                      36%]
[Progress:========>                     27%] [Cov:============>                      36%]
[Progress:========>                     27%] [Cov:============>                      36%]
[Progress:========>                     27%] [Cov:============>                      36%]
[Progress:========>                     27%] [Cov:============>                      36%]
[Progress:========>                     27%] [Cov:============>                      36%]
[Progress:========>                     27%] [Cov:============>                      36%]
[Progress:========>                     27%] [Cov:============>                      36%]
[Progress:========>                     27%] [Cov:============>                      36%]
[Progress:========>                     27%] [Cov:============>                      36%]
[Progress:========>                     27%] [Cov:============>                      36%]
[Progress:========>                     27%] [Cov:============>                      36%]
[Progress:========>                     27%] [Cov:============>                      36%]
[Progress:========>                     27%] [Cov:============>                      36%]
[Progress:========>                     27%] [Cov:============>                      36%]
[Progress:========>                     27%] [Cov:============>                      36%]
[Progress:========>                     27%] [Cov:============>                      36%]
[Progress:========>                     27%] [Cov:============>                      36%]
[Progress:========>                     27%] [Cov:============>                      36%]
[Progress:========>                     27%] [Cov:============>                      36%]
[Progress:========>                     27%] [Cov:============>                      36%]
[Progress:========>                     27%] [Cov:============>                      36%]
[Progress:========>                     27%] [Cov:============>                      36%]
[Progress:========>                     27%] [Cov:============>                      36%]
[Progress:========>                     27%] [Cov:============>                      36%]
[Progress:========>                     27%] [Cov:============>                      36%]
[Progress:========>                     27%] [Cov:============>                      36%]
[Progress:========>                     27%] [Cov:============>                      36%]
[Progress:========>                     27%] [Cov:============>                      36%]
[Progress:========>                     28%] [Cov:============>                      36%]
[Progress:========>                     28%] [Cov:============>                      36%]
[Progress:========>                     28%] [Cov:============>                      36%]
[Progress:========>                     28%] [Cov:============>                      36%]
[Progress:========>                     28%] [Cov:============>                      36%]
[Progress:========>                     28%] [Cov:============>                      36%]
[Progress:========>                     28%] [Cov:============>                      36%]
[Progress:========>                     28%] [Cov:============>                      36%]
[Progress:========>                     28%] [Cov:============>                      36%]
[Progress:========>                     28%] [Cov:============>                      36%]
[Progress:========>                     28%] [Cov:============>                      36%]
[Progress:========>                     28%] [Cov:============>                      36%]
[Progress:========>                     28%] [Cov:============>                      36%]
[Progress:========>                     28%] [Cov:============>                      36%]
[Progress:========>                     28%] [Cov:============>                      36%]
[Progress:========>                     28%] [Cov:============>                      36%]
[Progress:========>                     28%] [Cov:============>                      36%]
[Progress:========>                     28%] [Cov:============>                      36%]
[Progress:========>                     28%] [Cov:============>                      36%]
[Progress:========>                     28%] [Cov:============>                      36%]
[Progress:========>                     28%] [Cov:============>                      36%]
[Progress:========>                     28%] [Cov:============>                      36%]
[Progress:========>                     28%] [Cov:============>                      36%]
[Progress:========>                     28%] [Cov:============>                      36%]
[Progress:========>                     28%] [Cov:============>                      36%]
[Progress:========>                     28%] [Cov:============>                      36%]
[Progress:========>                     28%] [Cov:============>                      36%]
[Progress:========>                     28%] [Cov:============>                      36%]
[Progress:========>                     28%] [Cov:============>                      36%]
[Progress:========>                     29%] [Cov:============>                      36%]
[Progress:========>                     29%] [Cov:============>                      36%]
[Progress:========>                     29%] [Cov:============>                      36%]
[Progress:========>                     29%] [Cov:============>                      36%]
[Progress:========>                     29%] [Cov:============>                      36%]
[Progress:========>                     29%] [Cov:============>                      36%]
[Progress:========>                     29%] [Cov:============>                      36%]
[Progress:========>                     29%] [Cov:============>                      36%]
[Progress:========>                     29%] [Cov:============>                      36%]
[Progress:========>                     29%] [Cov:============>                      36%]
[Progress:========>                     29%] [Cov:============>                      36%]
[Progress:========>                     29%] [Cov:============>                      36%]
[Progress:========>                     29%] [Cov:============>                      36%]
[Progress:========>                     29%] [Cov:============>                      36%]
[Progress:========>                     29%] [Cov:============>                      36%]
[Progress:========>                     29%] [Cov:============>                      36%]
[Progress:========>                     29%] [Cov:============>                      36%]
[Progress:========>                     29%] [Cov:============>                      36%]
[Progress:========>                     29%] [Cov:============>                      36%]
[Progress:========>                     29%] [Cov:============>                      36%]
[Progress:========>                     29%] [Cov:============>                      36%]
[Progress:========>                     29%] [Cov:============>                      36%]
[Progress:========>                     29%] [Cov:============>                      36%]
[Progress:========>                     29%] [Cov:============>                      36%]
[Progress:========>                     29%] [Cov:============>                      36%]
[Progress:========>                     29%] [Cov:============>                      36%]
[Progress:========>                     29%] [Cov:============>                      36%]
[Progress:========>                     29%] [Cov:============>                      36%]
[Progress:========>                     29%] [Cov:============>                      36%]
[Progress:========>                     29%] [Cov:============>                      36%]
[Progress:========>                     29%] [Cov:============>                      36%]
[Progress:========>                     29%] [Cov:============>                      36%]
[Progress:========>                     29%] [Cov:============>                      36%]
[Progress:========>                     29%] [Cov:============>                      36%]
[Progress:========>                     29%] [Cov:============>                      36%]
[Progress:=========>                    30%] [Cov:============>                      36%]
[Progress:=========>                    30%] [Cov:============>                      36%]
[Progress:=========>                    30%] [Cov:============>                      36%]
[Progress:=========>                    30%] [Cov:============>                      36%]
[Progress:=========>                    30%] [Cov:============>                      36%]
[Progress:=========>                    30%] [Cov:============>                      36%]
[Progress:=========>                    30%] [Cov:============>                      36%]
[Progress:=========>                    30%] [Cov:============>                      36%]
[Progress:=========>                    30%] [Cov:============>                      36%]
[Progress:=========>                    30%] [Cov:============>                      36%]
[Progress:=========>                    30%] [Cov:============>                      36%]
[Progress:=========>                    30%] [Cov:============>                      36%]
[Progress:=========>                    30%] [Cov:============>                      36%]
[Progress:=========>                    30%] [Cov:============>                      36%]
[Progress:=========>                    30%] [Cov:============>                      36%]
[Progress:=========>                    30%] [Cov:============>                      36%]
[Progress:=========>                    30%] [Cov:============>                      36%]
[Progress:=========>                    30%] [Cov:============>                      36%]
[Progress:=========>                    30%] [Cov:============>                      36%]
[Progress:=========>                    30%] [Cov:============>                      36%]
[Progress:=========>                    30%] [Cov:============>                      36%]
[Progress:=========>                    30%] [Cov:============>                      36%]
[Progress:=========>                    30%] [Cov:============>                      36%]
[Progress:=========>                    30%] [Cov:============>                      36%]
[Progress:=========>                    30%] [Cov:============>                      36%]
[Progress:=========>                    30%] [Cov:============>                      36%]
[Progress:=========>                    30%] [Cov:============>                      36%]
[Progress:=========>                    30%] [Cov:============>                      36%]
[Progress:=========>                    30%] [Cov:============>                      36%]
[Progress:=========>                    30%] [Cov:============>                      36%]
[Progress:=========>                    30%] [Cov:============>                      36%]
[Progress:=========>                    30%] [Cov:============>                      36%]
[Progress:=========>                    30%] [Cov:============>                      36%]
[Progress:=========>                    30%] [Cov:============>                      36%]
[Progress:=========>                    30%] [Cov:============>                      36%]
[Progress:=========>                    30%] [Cov:============>                      36%]
[Progress:=========>                    30%] [Cov:============>                      36%]
[Progress:=========>                    30%] [Cov:============>                      36%]
[Progress:=========>                    30%] [Cov:============>                      36%]
[Progress:=========>                    30%] [Cov:============>                      36%]
[Progress:=========>                    30%] [Cov:============>                      36%]
[Progress:=========>                    30%] [Cov:============>                      36%]
[Progress:=========>                    30%] [Cov:============>                      36%]
[Progress:=========>                    30%] [Cov:============>                      36%]
[Progress:=========>                    30%] [Cov:============>                      36%]
[Progress:=========>                    30%] [Cov:============>                      36%]
[Progress:=========>                    30%] [Cov:============>                      36%]
[Progress:=========>                    30%] [Cov:============>                      36%]
[Progress:=========>                    30%] [Cov:============>                      36%]
[Progress:=========>                    30%] [Cov:============>                      36%]
[Progress:=========>                    30%] [Cov:============>                      36%]
[Progress:=========>                    30%] [Cov:============>                      36%]
[Progress:=========>                    30%] [Cov:============>                      36%]
[Progress:=========>                    30%] [Cov:============>                      36%]
[Progress:=========>                    30%] [Cov:============>                      36%]
[Progress:=========>                    30%] [Cov:============>                      36%]
[Progress:=========>                    30%] [Cov:============>                      36%]
[Progress:=========>                    30%] [Cov:============>                      36%]
[Progress:=========>                    30%] [Cov:============>                      36%]
[Progress:=========>                    30%] [Cov:============>                      36%]
[Progress:=========>                    30%] [Cov:============>                      36%]
[Progress:=========>                    30%] [Cov:============>                      36%]
[Progress:=========>                    30%] [Cov:============>                      36%]
[Progress:=========>                    31%] [Cov:============>                      36%]
[Progress:=========>                    31%] [Cov:============>                      36%]
[Progress:=========>                    31%] [Cov:============>                      36%]
[Progress:=========>                    31%] [Cov:============>                      36%]
[Progress:=========>                    31%] [Cov:============>                      36%]
[Progress:=========>                    31%] [Cov:============>                      36%]
[Progress:=========>                    31%] [Cov:============>                      36%]
[Progress:=========>                    31%] [Cov:============>                      36%]
[Progress:=========>                    31%] [Cov:============>                      36%]
[Progress:=========>                    31%] [Cov:============>                      36%]
[Progress:=========>                    31%] [Cov:============>                      36%]
[Progress:=========>                    31%] [Cov:============>                      36%]
[Progress:=========>                    31%] [Cov:============>                      36%]
[Progress:=========>                    31%] [Cov:============>                      36%]
[Progress:=========>                    31%] [Cov:============>                      36%]
[Progress:=========>                    31%] [Cov:============>                      36%]
[Progress:=========>                    31%] [Cov:============>                      36%]
[Progress:=========>                    31%] [Cov:============>                      36%]
[Progress:=========>                    31%] [Cov:============>                      36%]
[Progress:=========>                    31%] [Cov:============>                      36%]
[Progress:=========>                    31%] [Cov:============>                      36%]
[Progress:=========>                    31%] [Cov:============>                      36%]
[Progress:=========>                    31%] [Cov:============>                      36%]
[Progress:=========>                    31%] [Cov:============>                      36%]
[Progress:=========>                    31%] [Cov:============>                      36%]
[Progress:=========>                    31%] [Cov:============>                      36%]
[Progress:=========>                    31%] [Cov:============>                      36%]
[Progress:=========>                    31%] [Cov:============>                      36%]
[Progress:=========>                    31%] [Cov:============>                      36%]
[Progress:=========>                    31%] [Cov:============>                      36%]
[Progress:=========>                    32%] [Cov:============>                      36%]
[Progress:=========>                    32%] [Cov:============>                      36%]
[Progress:=========>                    32%] [Cov:============>                      36%]
[Progress:=========>                    32%] [Cov:============>                      36%]
[Progress:=========>                    32%] [Cov:============>                      36%]
[Progress:=========>                    32%] [Cov:============>                      36%]
[Progress:=========>                    32%] [Cov:============>                      36%]
[Progress:=========>                    32%] [Cov:============>                      36%]
[Progress:=========>                    32%] [Cov:============>                      36%]
[Progress:=========>                    32%] [Cov:============>                      36%]
[Progress:=========>                    32%] [Cov:============>                      36%]
[Progress:=========>                    32%] [Cov:============>                      36%]
[Progress:=========>                    32%] [Cov:============>                      36%]
[Progress:=========>                    32%] [Cov:============>                      36%]
[Progress:=========>                    32%] [Cov:============>                      36%]
[Progress:=========>                    32%] [Cov:============>                      36%]
[Progress:=========>                    32%] [Cov:============>                      36%]
[Progress:=========>                    32%] [Cov:============>                      36%]
[Progress:=========>                    32%] [Cov:============>                      36%]
[Progress:=========>                    32%] [Cov:============>                      36%]
[Progress:=========>                    32%] [Cov:============>                      36%]
[Progress:=========>                    32%] [Cov:============>                      36%]
[Progress:=========>                    32%] [Cov:============>                      36%]
[Progress:=========>                    32%] [Cov:============>                      36%]
[Progress:=========>                    32%] [Cov:============>                      36%]
[Progress:=========>                    32%] [Cov:============>                      36%]
[Progress:=========>                    32%] [Cov:============>                      36%]
[Progress:=========>                    32%] [Cov:============>                      36%]
[Progress:=========>                    32%] [Cov:============>                      36%]
[Progress:=========>                    32%] [Cov:============>                      36%]
[Progress:=========>                    33%] [Cov:============>                      36%]
[Progress:=========>                    33%] [Cov:============>                      36%]
[Progress:=========>                    33%] [Cov:============>                      36%]
[Progress:=========>                    33%] [Cov:============>                      36%]
[Progress:=========>                    33%] [Cov:============>                      36%]
[Progress:=========>                    33%] [Cov:============>                      36%]
[Progress:=========>                    33%] [Cov:============>                      36%]
[Progress:=========>                    33%] [Cov:============>                      36%]
[Progress:=========>                    33%] [Cov:============>                      36%]
[Progress:=========>                    33%] [Cov:============>                      36%]
[Progress:=========>                    33%] [Cov:============>                      36%]
[Progress:=========>                    33%] [Cov:============>                      36%]
[Progress:=========>                    33%] [Cov:============>                      36%]
[Progress:=========>                    33%] [Cov:============>                      36%]
[Progress:=========>                    33%] [Cov:============>                      36%]
[Progress:=========>                    33%] [Cov:============>                      36%]
[Progress:=========>                    33%] [Cov:============>                      36%]
[Progress:=========>                    33%] [Cov:============>                      36%]
[Progress:=========>                    33%] [Cov:============>                      36%]
[Progress:=========>                    33%] [Cov:============>                      36%]
[Progress:=========>                    33%] [Cov:============>                      36%]
[Progress:=========>                    33%] [Cov:============>                      36%]
[Progress:=========>                    33%] [Cov:============>                      36%]
[Progress:=========>                    33%] [Cov:============>                      36%]
[Progress:=========>                    33%] [Cov:============>                      36%]
[Progress:=========>                    33%] [Cov:============>                      36%]
[Progress:=========>                    33%] [Cov:============>                      36%]
[Progress:=========>                    33%] [Cov:============>                      36%]
[Progress:=========>                    33%] [Cov:============>                      36%]
[Progress:=========>                    33%] [Cov:============>                      36%]
[Progress:=========>                    33%] [Cov:============>                      36%]
[Progress:=========>                    33%] [Cov:============>                      36%]
[Progress:=========>                    33%] [Cov:============>                      36%]
[Progress:=========>                    33%] [Cov:============>                      36%]
[Progress:=========>                    33%] [Cov:============>                      36%]
[Progress:=========>                    33%] [Cov:============>                      36%]
[Progress:=========>                    33%] [Cov:============>                      36%]
[Progress:=========>                    33%] [Cov:============>                      36%]
[Progress:=========>                    33%] [Cov:============>                      36%]
[Progress:=========>                    33%] [Cov:============>                      36%]
[Progress:=========>                    33%] [Cov:============>                      36%]
[Progress:=========>                    33%] [Cov:============>                      36%]
[Progress:=========>                    33%] [Cov:============>                      36%]
[Progress:=========>                    33%] [Cov:============>                      36%]
[Progress:=========>                    33%] [Cov:============>                      36%]
[Progress:=========>                    33%] [Cov:============>                      36%]
[Progress:=========>                    33%] [Cov:============>                      36%]
[Progress:=========>                    33%] [Cov:============>                      36%]
[Progress:=========>                    33%] [Cov:============>                      36%]
[Progress:=========>                    33%] [Cov:============>                      36%]
[Progress:=========>                    33%] [Cov:============>                      36%]
[Progress:=========>                    33%] [Cov:============>                      36%]
[Progress:==========>                   34%] [Cov:============>                      36%]
[Progress:==========>                   34%] [Cov:============>                      36%]
[Progress:==========>                   34%] [Cov:============>                      36%]
[Progress:==========>                   34%] [Cov:============>                      36%]
[Progress:==========>                   34%] [Cov:============>                      36%]
[Progress:==========>                   34%] [Cov:============>                      36%]
[Progress:==========>                   34%] [Cov:============>                      36%]
[Progress:==========>                   34%] [Cov:============>                      36%]
[Progress:==========>                   34%] [Cov:============>                      36%]
[Progress:==========>                   34%] [Cov:============>                      36%]
[Progress:==========>                   34%] [Cov:============>                      36%]
[Progress:==========>                   34%] [Cov:============>                      36%]
[Progress:==========>                   34%] [Cov:============>                      36%]
[Progress:==========>                   34%] [Cov:============>                      36%]
[Progress:==========>                   34%] [Cov:============>                      36%]
[Progress:==========>                   34%] [Cov:============>                      36%]
[Progress:==========>                   34%] [Cov:============>                      36%]
[Progress:==========>                   34%] [Cov:============>                      36%]
[Progress:==========>                   34%] [Cov:============>                      36%]
[Progress:==========>                   34%] [Cov:============>                      36%]
[Progress:==========>                   34%] [Cov:============>                      36%]
[Progress:==========>                   34%] [Cov:============>                      36%]
[Progress:==========>                   34%] [Cov:============>                      36%]
[Progress:==========>                   34%] [Cov:============>                      36%]
[Progress:==========>                   34%] [Cov:============>                      36%]
[Progress:==========>                   34%] [Cov:============>                      36%]
[Progress:==========>                   34%] [Cov:============>                      36%]
[Progress:==========>                   34%] [Cov:============>                      36%]
[Progress:==========>                   34%] [Cov:============>                      36%]
[Progress:==========>                   34%] [Cov:============>                      36%]
[Progress:==========>                   34%] [Cov:============>                      36%]
[Progress:==========>                   34%] [Cov:============>                      36%]
[Progress:==========>                   34%] [Cov:============>                      36%]
[Progress:==========>                   34%] [Cov:============>                      36%]
[Progress:==========>                   34%] [Cov:============>                      36%]
[Progress:==========>                   34%] [Cov:============>                      36%]
[Progress:==========>                   34%] [Cov:============>                      36%]
[Progress:==========>                   34%] [Cov:============>                      36%]
[Progress:==========>                   34%] [Cov:============>                      36%]
[Progress:==========>                   34%] [Cov:============>                      36%]
[Progress:==========>                   34%] [Cov:============>                      36%]
[Progress:==========>                   34%] [Cov:============>                      36%]
[Progress:==========>                   34%] [Cov:============>                      36%]
[Progress:==========>                   34%] [Cov:============>                      36%]
[Progress:==========>                   34%] [Cov:============>                      36%]
[Progress:==========>                   34%] [Cov:============>                      36%]
[Progress:==========>                   34%] [Cov:============>                      36%]
[Progress:==========>                   34%] [Cov:============>                      36%]
[Progress:==========>                   34%] [Cov:============>                      36%]
[Progress:==========>                   34%] [Cov:============>                      36%]
[Progress:==========>                   34%] [Cov:============>                      36%]
[Progress:==========>                   34%] [Cov:============>                      36%]
[Progress:==========>                   34%] [Cov:============>                      36%]
[Progress:==========>                   34%] [Cov:============>                      36%]
[Progress:==========>                   34%] [Cov:============>                      36%]
[Progress:==========>                   35%] [Cov:============>                      36%]
[Progress:==========>                   35%] [Cov:============>                      36%]
[Progress:==========>                   35%] [Cov:============>                      36%]
[Progress:==========>                   35%] [Cov:============>                      36%]
[Progress:==========>                   35%] [Cov:============>                      36%]
[Progress:==========>                   35%] [Cov:============>                      36%]
[Progress:==========>                   35%] [Cov:============>                      36%]
[Progress:==========>                   35%] [Cov:============>                      36%]
[Progress:==========>                   35%] [Cov:============>                      36%]
[Progress:==========>                   35%] [Cov:============>                      36%]
[Progress:==========>                   35%] [Cov:============>                      36%]
[Progress:==========>                   35%] [Cov:============>                      36%]
[Progress:==========>                   35%] [Cov:============>                      36%]
[Progress:==========>                   35%] [Cov:============>                      36%]
[Progress:==========>                   35%] [Cov:============>                      36%]
[Progress:==========>                   35%] [Cov:============>                      36%]
[Progress:==========>                   35%] [Cov:============>                      36%]
[Progress:==========>                   35%] [Cov:============>                      36%]
[Progress:==========>                   35%] [Cov:============>                      36%]
[Progress:==========>                   35%] [Cov:============>                      36%]
[Progress:==========>                   35%] [Cov:============>                      36%]
[Progress:==========>                   35%] [Cov:============>                      36%]
[Progress:==========>                   35%] [Cov:============>                      36%]
[Progress:==========>                   35%] [Cov:============>                      36%]
[Progress:==========>                   35%] [Cov:============>                      36%]
[Progress:==========>                   35%] [Cov:============>                      36%]
[Progress:==========>                   35%] [Cov:============>                      36%]
[Progress:==========>                   35%] [Cov:============>                      36%]
[Progress:==========>                   35%] [Cov:============>                      36%]
[Progress:==========>                   35%] [Cov:============>                      36%]
[Progress:==========>                   35%] [Cov:============>                      36%]
[Progress:==========>                   35%] [Cov:============>                      36%]
[Progress:==========>                   35%] [Cov:============>                      36%]
[Progress:==========>                   35%] [Cov:============>                      36%]
[Progress:==========>                   35%] [Cov:============>                      36%]
[Progress:==========>                   35%] [Cov:============>                      36%]
[Progress:==========>                   35%] [Cov:============>                      36%]
[Progress:==========>                   35%] [Cov:============>                      36%]
[Progress:==========>                   35%] [Cov:============>                      36%]
[Progress:==========>                   35%] [Cov:============>                      36%]
[Progress:==========>                   35%] [Cov:============>                      36%]
[Progress:==========>                   35%] [Cov:============>                      36%]
[Progress:==========>                   35%] [Cov:============>                      36%]
[Progress:==========>                   35%] [Cov:============>                      36%]
[Progress:==========>                   35%] [Cov:============>                      36%]
[Progress:==========>                   35%] [Cov:============>                      36%]
[Progress:==========>                   35%] [Cov:============>                      36%]
[Progress:==========>                   35%] [Cov:============>                      36%]
[Progress:==========>                   35%] [Cov:============>                      36%]
[Progress:==========>                   35%] [Cov:============>                      36%]
[Progress:==========>                   35%] [Cov:============>                      36%]
[Progress:==========>                   35%] [Cov:============>                      36%]
[Progress:==========>                   35%] [Cov:============>                      36%]
[Progress:==========>                   35%] [Cov:============>                      36%]
[Progress:==========>                   35%] [Cov:============>                      36%]
[Progress:==========>                   35%] [Cov:============>                      36%]
[Progress:==========>                   35%] [Cov:============>                      36%]
[Progress:==========>                   35%] [Cov:============>                      36%]
[Progress:==========>                   35%] [Cov:============>                      36%]
[Progress:==========>                   35%] [Cov:============>                      36%]
[Progress:==========>                   35%] [Cov:============>                      36%]
[Progress:==========>                   35%] [Cov:============>                      36%]
[Progress:==========>                   35%] [Cov:============>                      36%]
[Progress:==========>                   35%] [Cov:============>                      36%]
[Progress:==========>                   35%] [Cov:============>                      36%]
[Progress:==========>                   35%] [Cov:============>                      36%]
[Progress:==========>                   35%] [Cov:============>                      36%]
[Progress:==========>                   35%] [Cov:============>                      36%]
[Progress:==========>                   35%] [Cov:============>                      36%]
[Progress:==========>                   35%] [Cov:============>                      36%]
[Progress:==========>                   35%] [Cov:============>                      36%]
[Progress:==========>                   35%] [Cov:============>                      36%]
[Progress:==========>                   35%] [Cov:============>                      36%]
[Progress:==========>                   35%] [Cov:============>                      36%]
[Progress:==========>                   35%] [Cov:============>                      36%]
[Progress:==========>                   35%] [Cov:============>                      36%]
[Progress:==========>                   35%] [Cov:============>                      36%]
[Progress:==========>                   35%] [Cov:============>                      36%]
[Progress:==========>                   35%] [Cov:============>                      36%]
[Progress:==========>                   35%] [Cov:============>                      36%]
[Progress:==========>                   35%] [Cov:============>                      36%]
[Progress:==========>                   35%] [Cov:============>                      36%]
[Progress:==========>                   35%] [Cov:============>                      36%]
[Progress:==========>                   35%] [Cov:============>                      36%]
[Progress:==========>                   35%] [Cov:============>                      36%]
[Progress:==========>                   35%] [Cov:============>                      36%]
[Progress:==========>                   35%] [Cov:============>                      36%]
[Progress:==========>                   35%] [Cov:============>                      36%]
[Progress:==========>                   35%] [Cov:============>                      36%]
[Progress:==========>                   35%] [Cov:============>                      36%]
[Progress:==========>                   35%] [Cov:============>                      36%]
[Progress:==========>                   35%] [Cov:============>                      36%]
[Progress:==========>                   35%] [Cov:============>                      36%]
[Progress:==========>                   35%] [Cov:============>                      36%]
[Progress:==========>                   35%] [Cov:============>                      36%]
[Progress:==========>                   35%] [Cov:============>                      36%]
[Progress:==========>                   35%] [Cov:============>                      36%]
[Progress:==========>                   35%] [Cov:============>                      36%]
[Progress:==========>                   35%] [Cov:============>                      36%]
[Progress:==========>                   35%] [Cov:============>                      36%]
[Progress:==========>                   35%] [Cov:============>                      36%]
[Progress:==========>                   35%] [Cov:============>                      36%]
[Progress:==========>                   35%] [Cov:============>                      36%]
[Progress:==========>                   35%] [Cov:============>                      36%]
[Progress:==========>                   35%] [Cov:============>                      36%]
[Progress:==========>                   36%] [Cov:============>                      36%]
[Progress:==========>                   36%] [Cov:============>                      36%]
[Progress:==========>                   36%] [Cov:============>                      36%]
[Progress:==========>                   36%] [Cov:============>                      36%]
[Progress:==========>                   36%] [Cov:============>                      36%]
[Progress:==========>                   36%] [Cov:============>                      36%]
[Progress:==========>                   36%] [Cov:============>                      36%]
[Progress:==========>                   36%] [Cov:============>                      36%]
[Progress:==========>                   36%] [Cov:============>                      36%]
[Progress:==========>                   36%] [Cov:============>                      36%]
[Progress:==========>                   36%] [Cov:============>                      36%]
[Progress:==========>                   36%] [Cov:============>                      36%]
[Progress:==========>                   36%] [Cov:============>                      36%]
[Progress:==========>                   36%] [Cov:============>                      36%]
[Progress:==========>                   36%] [Cov:============>                      36%]
[Progress:==========>                   36%] [Cov:============>                      36%]
[Progress:==========>                   36%] [Cov:============>                      36%]
[Progress:==========>                   36%] [Cov:============>                      36%]
[Progress:==========>                   36%] [Cov:============>                      36%]
[Progress:==========>                   36%] [Cov:============>                      36%]
[Progress:==========>                   36%] [Cov:============>                      36%]
[Progress:==========>                   36%] [Cov:============>                      36%]
[Progress:==========>                   36%] [Cov:============>                      36%]
[Progress:==========>                   36%] [Cov:============>                      36%]
[Progress:==========>                   36%] [Cov:============>                      36%]
[Progress:==========>                   36%] [Cov:============>                      36%]
[Progress:==========>                   36%] [Cov:============>                      36%]
[Progress:==========>                   36%] [Cov:============>                      36%]
[Progress:==========>                   36%] [Cov:============>                      36%]
[Progress:==========>                   36%] [Cov:============>                      36%]
[Progress:==========>                   36%] [Cov:============>                      36%]
[Progress:==========>                   36%] [Cov:============>                      36%]
[Progress:==========>                   36%] [Cov:============>                      36%]
[Progress:==========>                   36%] [Cov:============>                      36%]
[Progress:==========>                   36%] [Cov:============>                      36%]
[Progress:==========>                   36%] [Cov:============>                      36%]
[Progress:==========>                   36%] [Cov:============>                      36%]
[Progress:==========>                   36%] [Cov:============>                      36%]
[Progress:==========>                   36%] [Cov:============>                      36%]
[Progress:==========>                   36%] [Cov:============>                      36%]
[Progress:==========>                   36%] [Cov:============>                      36%]
[Progress:==========>                   36%] [Cov:============>                      36%]
[Progress:==========>                   36%] [Cov:============>                      36%]
[Progress:==========>                   36%] [Cov:============>                      36%]
[Progress:==========>                   36%] [Cov:============>                      36%]
[Progress:==========>                   36%] [Cov:============>                      36%]
[Progress:==========>                   36%] [Cov:============>                      36%]
[Progress:==========>                   36%] [Cov:============>                      36%]
[Progress:==========>                   36%] [Cov:============>                      36%]
[Progress:==========>                   36%] [Cov:============>                      36%]
[Progress:==========>                   36%] [Cov:============>                      36%]
[Progress:==========>                   36%] [Cov:============>                      36%]
[Progress:==========>                   36%] [Cov:============>                      36%]
[Progress:==========>                   36%] [Cov:============>                      36%]
[Progress:==========>                   36%] [Cov:============>                      36%]
[Progress:==========>                   36%] [Cov:============>                      36%]
[Progress:===========>                  37%] [Cov:============>                      36%]
[Progress:===========>                  37%] [Cov:============>                      36%]
[Progress:===========>                  37%] [Cov:============>                      36%]
[Progress:===========>                  37%] [Cov:============>                      36%]
[Progress:===========>                  37%] [Cov:============>                      36%]
[Progress:===========>                  37%] [Cov:============>                      36%]
[Progress:===========>                  37%] [Cov:============>                      36%]
[Progress:===========>                  37%] [Cov:============>                      36%]
[Progress:===========>                  37%] [Cov:============>                      36%]
[Progress:===========>                  37%] [Cov:============>                      36%]
[Progress:===========>                  37%] [Cov:============>                      36%]
[Progress:===========>                  37%] [Cov:============>                      36%]
[Progress:===========>                  37%] [Cov:============>                      36%]
[Progress:===========>                  37%] [Cov:============>                      36%]
[Progress:===========>                  37%] [Cov:============>                      36%]
[Progress:===========>                  37%] [Cov:============>                      36%]
[Progress:===========>                  37%] [Cov:============>                      36%]
[Progress:===========>                  37%] [Cov:============>                      36%]
[Progress:===========>                  37%] [Cov:============>                      36%]
[Progress:===========>                  37%] [Cov:============>                      36%]
[Progress:===========>                  37%] [Cov:============>                      36%]
[Progress:===========>                  37%] [Cov:============>                      36%]
[Progress:===========>                  37%] [Cov:============>                      36%]
[Progress:===========>                  37%] [Cov:============>                      36%]
[Progress:===========>                  37%] [Cov:============>                      36%]
[Progress:===========>                  37%] [Cov:============>                      36%]
[Progress:===========>                  37%] [Cov:============>                      36%]
[Progress:===========>                  37%] [Cov:============>                      36%]
[Progress:===========>                  37%] [Cov:============>                      36%]
[Progress:===========>                  37%] [Cov:============>                      36%]
[Progress:===========>                  37%] [Cov:============>                      36%]
[Progress:===========>                  37%] [Cov:============>                      36%]
[Progress:===========>                  37%] [Cov:============>                      36%]
[Progress:===========>                  37%] [Cov:============>                      36%]
[Progress:===========>                  37%] [Cov:============>                      36%]
[Progress:===========>                  37%] [Cov:============>                      36%]
[Progress:===========>                  37%] [Cov:============>                      36%]
[Progress:===========>                  37%] [Cov:============>                      36%]
[Progress:===========>                  37%] [Cov:============>                      36%]
[Progress:===========>                  37%] [Cov:============>                      36%]
[Progress:===========>                  37%] [Cov:============>                      36%]
[Progress:===========>                  37%] [Cov:============>                      36%]
[Progress:===========>                  37%] [Cov:============>                      36%]
[Progress:===========>                  37%] [Cov:============>                      36%]
[Progress:===========>                  37%] [Cov:============>                      36%]
[Progress:===========>                  37%] [Cov:============>                      36%]
[Progress:===========>                  37%] [Cov:============>                      36%]
[Progress:===========>                  37%] [Cov:============>                      36%]
[Progress:===========>                  37%] [Cov:============>                      36%]
[Progress:===========>                  37%] [Cov:============>                      36%]
[Progress:===========>                  37%] [Cov:============>                      36%]
[Progress:===========>                  37%] [Cov:============>                      36%]
[Progress:===========>                  37%] [Cov:============>                      36%]
[Progress:===========>                  37%] [Cov:============>                      36%]
[Progress:===========>                  37%] [Cov:============>                      36%]
[Progress:===========>                  38%] [Cov:============>                      36%]
[Progress:===========>                  38%] [Cov:============>                      36%]
[Progress:===========>                  38%] [Cov:============>                      36%]
[Progress:===========>                  38%] [Cov:============>                      36%]
[Progress:===========>                  38%] [Cov:============>                      36%]
[Progress:===========>                  38%] [Cov:============>                      36%]
[Progress:===========>                  38%] [Cov:============>                      36%]
[Progress:===========>                  38%] [Cov:============>                      36%]
[Progress:===========>                  38%] [Cov:============>                      36%]
[Progress:===========>                  38%] [Cov:============>                      36%]
[Progress:===========>                  38%] [Cov:============>                      36%]
[Progress:===========>                  38%] [Cov:============>                      36%]
[Progress:===========>                  38%] [Cov:============>                      36%]
[Progress:===========>                  38%] [Cov:============>                      36%]
[Progress:===========>                  38%] [Cov:============>                      36%]
[Progress:===========>                  38%] [Cov:============>                      36%]
[Progress:===========>                  38%] [Cov:============>                      36%]
[Progress:===========>                  38%] [Cov:============>                      36%]
[Progress:===========>                  38%] [Cov:============>                      36%]
[Progress:===========>                  38%] [Cov:============>                      36%]
[Progress:===========>                  38%] [Cov:============>                      36%]
[Progress:===========>                  38%] [Cov:============>                      36%]
[Progress:===========>                  38%] [Cov:============>                      36%]
[Progress:===========>                  38%] [Cov:============>                      36%]
[Progress:===========>                  38%] [Cov:============>                      36%]
[Progress:===========>                  38%] [Cov:============>                      36%]
[Progress:===========>                  38%] [Cov:============>                      36%]
[Progress:===========>                  38%] [Cov:============>                      36%]
[Progress:===========>                  38%] [Cov:============>                      36%]
[Progress:===========>                  38%] [Cov:============>                      36%]
[Progress:===========>                  38%] [Cov:============>                      36%]
[Progress:===========>                  38%] [Cov:============>                      36%]
[Progress:===========>                  38%] [Cov:============>                      36%]
[Progress:===========>                  38%] [Cov:============>                      36%]
[Progress:===========>                  38%] [Cov:============>                      36%]
[Progress:===========>                  38%] [Cov:============>                      36%]
[Progress:===========>                  38%] [Cov:============>                      36%]
[Progress:===========>                  38%] [Cov:============>                      36%]
[Progress:===========>                  38%] [Cov:============>                      36%]
[Progress:===========>                  38%] [Cov:============>                      36%]
[Progress:===========>                  38%] [Cov:============>                      36%]
[Progress:===========>                  38%] [Cov:============>                      36%]
[Progress:===========>                  38%] [Cov:============>                      36%]
[Progress:===========>                  38%] [Cov:============>                      36%]
[Progress:===========>                  38%] [Cov:============>                      36%]
[Progress:===========>                  38%] [Cov:============>                      36%]
[Progress:===========>                  38%] [Cov:============>                      36%]
[Progress:===========>                  38%] [Cov:============>                      36%]
[Progress:===========>                  38%] [Cov:============>                      36%]
[Progress:===========>                  38%] [Cov:============>                      36%]
[Progress:===========>                  38%] [Cov:============>                      36%]
[Progress:===========>                  38%] [Cov:============>                      36%]
[Progress:===========>                  38%] [Cov:============>                      36%]
[Progress:===========>                  38%] [Cov:============>                      36%]
[Progress:===========>                  38%] [Cov:============>                      36%]
[Progress:===========>                  38%] [Cov:============>                      36%]
[Progress:===========>                  38%] [Cov:============>                      36%]
[Progress:===========>                  38%] [Cov:============>                      36%]
[Progress:===========>                  38%] [Cov:============>                      36%]
[Progress:===========>                  39%] [Cov:============>                      36%]
[Progress:===========>                  39%] [Cov:============>                      36%]
[Progress:===========>                  39%] [Cov:============>                      36%]
[Progress:===========>                  39%] [Cov:============>                      36%]
[Progress:===========>                  39%] [Cov:============>                      36%]
[Progress:===========>                  39%] [Cov:============>                      36%]
[Progress:===========>                  39%] [Cov:============>                      36%]
[Progress:===========>                  39%] [Cov:============>                      36%]
[Progress:===========>                  39%] [Cov:============>                      36%]
[Progress:===========>                  39%] [Cov:============>                      36%]
[Progress:===========>                  39%] [Cov:============>                      36%]
[Progress:===========>                  39%] [Cov:============>                      36%]
[Progress:===========>                  39%] [Cov:============>                      36%]
[Progress:===========>                  39%] [Cov:============>                      36%]
[Progress:===========>                  39%] [Cov:============>                      36%]
[Progress:===========>                  39%] [Cov:============>                      36%]
[Progress:===========>                  39%] [Cov:============>                      36%]
[Progress:===========>                  39%] [Cov:============>                      36%]
[Progress:===========>                  39%] [Cov:============>                      36%]
[Progress:===========>                  39%] [Cov:============>                      36%]
[Progress:===========>                  39%] [Cov:============>                      36%]
[Progress:===========>                  39%] [Cov:============>                      36%]
[Progress:===========>                  39%] [Cov:============>                      36%]
[Progress:===========>                  39%] [Cov:============>                      36%]
[Progress:===========>                  39%] [Cov:============>                      36%]
[Progress:===========>                  39%] [Cov:============>                      36%]
[Progress:===========>                  39%] [Cov:============>                      36%]
[Progress:===========>                  39%] [Cov:============>                      36%]
[Progress:===========>                  39%] [Cov:============>                      36%]
[Progress:===========>                  39%] [Cov:============>                      36%]
[Progress:===========>                  39%] [Cov:============>                      36%]
[Progress:===========>                  39%] [Cov:============>                      36%]
[Progress:===========>                  39%] [Cov:============>                      36%]
[Progress:===========>                  39%] [Cov:============>                      36%]
[Progress:===========>                  39%] [Cov:============>                      36%]
[Progress:===========>                  39%] [Cov:============>                      36%]
[Progress:===========>                  39%] [Cov:============>                      36%]
[Progress:===========>                  39%] [Cov:============>                      36%]
[Progress:===========>                  39%] [Cov:============>                      36%]
[Progress:===========>                  39%] [Cov:============>                      36%]
[Progress:===========>                  39%] [Cov:============>                      36%]
[Progress:===========>                  39%] [Cov:============>                      36%]
[Progress:===========>                  39%] [Cov:============>                      36%]
[Progress:===========>                  39%] [Cov:============>                      36%]
[Progress:===========>                  39%] [Cov:============>                      36%]
[Progress:===========>                  39%] [Cov:============>                      36%]
[Progress:===========>                  39%] [Cov:============>                      36%]
[Progress:===========>                  39%] [Cov:============>                      36%]
[Progress:===========>                  39%] [Cov:============>                      36%]
[Progress:===========>                  39%] [Cov:============>                      36%]
[Progress:===========>                  39%] [Cov:============>                      36%]
[Progress:===========>                  39%] [Cov:============>                      36%]
[Progress:===========>                  39%] [Cov:============>                      36%]
[Progress:===========>                  39%] [Cov:============>                      36%]
[Progress:===========>                  39%] [Cov:============>                      36%]
[Progress:===========>                  39%] [Cov:============>                      36%]
[Progress:===========>                  39%] [Cov:============>                      36%]
[Progress:============>                 40%] [Cov:============>                      36%]
[Progress:============>                 40%] [Cov:============>                      36%]
[Progress:============>                 40%] [Cov:============>                      36%]
[Progress:============>                 40%] [Cov:============>                      36%]
[Progress:============>                 40%] [Cov:============>                      36%]
[Progress:============>                 40%] [Cov:============>                      36%]
[Progress:============>                 40%] [Cov:============>                      36%]
[Progress:============>                 40%] [Cov:============>                      36%]
[Progress:============>                 40%] [Cov:============>                      36%]
[Progress:============>                 40%] [Cov:============>                      36%]
[Progress:============>                 40%] [Cov:============>                      36%]
[Progress:============>                 40%] [Cov:============>                      36%]
[Progress:============>                 40%] [Cov:============>                      36%]
[Progress:============>                 40%] [Cov:============>                      36%]
[Progress:============>                 40%] [Cov:============>                      36%]
[Progress:============>                 40%] [Cov:============>                      36%]
[Progress:============>                 40%] [Cov:============>                      36%]
[Progress:============>                 40%] [Cov:============>                      36%]
[Progress:============>                 40%] [Cov:============>                      36%]
[Progress:============>                 40%] [Cov:============>                      36%]
[Progress:============>                 40%] [Cov:============>                      36%]
[Progress:============>                 40%] [Cov:============>                      36%]
[Progress:============>                 40%] [Cov:============>                      36%]
[Progress:============>                 40%] [Cov:============>                      36%]
[Progress:============>                 40%] [Cov:============>                      36%]
[Progress:============>                 40%] [Cov:============>                      36%]
[Progress:============>                 40%] [Cov:============>                      36%]
[Progress:============>                 40%] [Cov:============>                      36%]
[Progress:============>                 40%] [Cov:============>                      36%]
[Progress:============>                 40%] [Cov:============>                      36%]
[Progress:============>                 40%] [Cov:============>                      36%]
[Progress:============>                 40%] [Cov:============>                      36%]
[Progress:============>                 40%] [Cov:============>                      36%]
[Progress:============>                 40%] [Cov:============>                      36%]
[Progress:============>                 40%] [Cov:============>                      36%]
[Progress:============>                 40%] [Cov:============>                      36%]
[Progress:============>                 40%] [Cov:============>                      36%]
[Progress:============>                 40%] [Cov:============>                      36%]
[Progress:============>                 40%] [Cov:============>                      36%]
[Progress:============>                 40%] [Cov:============>                      36%]
[Progress:============>                 40%] [Cov:============>                      36%]
[Progress:============>                 40%] [Cov:============>                      36%]
[Progress:============>                 40%] [Cov:============>                      36%]
[Progress:============>                 40%] [Cov:============>                      36%]
[Progress:============>                 40%] [Cov:============>                      36%]
[Progress:============>                 40%] [Cov:============>                      36%]
[Progress:============>                 40%] [Cov:============>                      36%]
[Progress:============>                 40%] [Cov:============>                      36%]
[Progress:============>                 40%] [Cov:============>                      36%]
[Progress:============>                 40%] [Cov:============>                      36%]
[Progress:============>                 40%] [Cov:============>                      36%]
[Progress:============>                 40%] [Cov:============>                      36%]
[Progress:============>                 40%] [Cov:============>                      36%]
[Progress:============>                 40%] [Cov:============>                      36%]
[Progress:============>                 40%] [Cov:============>                      36%]
[Progress:============>                 40%] [Cov:============>                      36%]
[Progress:============>                 40%] [Cov:============>                      36%]
[Progress:============>                 40%] [Cov:============>                      36%]
[Progress:============>                 40%] [Cov:============>                      36%]
[Progress:============>                 40%] [Cov:============>                      36%]
[Progress:============>                 40%] [Cov:============>                      36%]
[Progress:============>                 40%] [Cov:============>                      36%]
[Progress:============>                 40%] [Cov:============>                      36%]
[Progress:============>                 40%] [Cov:============>                      36%]
[Progress:============>                 40%] [Cov:============>                      36%]
[Progress:============>                 40%] [Cov:============>                      36%]
[Progress:============>                 40%] [Cov:============>                      36%]
[Progress:============>                 40%] [Cov:============>                      36%]
[Progress:============>                 40%] [Cov:============>                      36%]
[Progress:============>                 40%] [Cov:============>                      36%]
[Progress:============>                 40%] [Cov:============>                      36%]
[Progress:============>                 40%] [Cov:============>                      36%]
[Progress:============>                 40%] [Cov:============>                      36%]
[Progress:============>                 40%] [Cov:============>                      36%]
[Progress:============>                 40%] [Cov:============>                      36%]
[Progress:============>                 40%] [Cov:============>                      36%]
[Progress:============>                 40%] [Cov:============>                      36%]
[Progress:============>                 40%] [Cov:============>                      36%]
[Progress:============>                 40%] [Cov:============>                      36%]
[Progress:============>                 40%] [Cov:============>                      36%]
[Progress:============>                 40%] [Cov:============>                      36%]
[Progress:============>                 40%] [Cov:============>                      36%]
[Progress:============>                 40%] [Cov:============>                      36%]
[Progress:============>                 40%] [Cov:============>                      36%]
[Progress:============>                 40%] [Cov:============>                      36%]
[Progress:============>                 40%] [Cov:============>                      36%]
[Progress:============>                 40%] [Cov:============>                      36%]
[Progress:============>                 40%] [Cov:============>                      36%]
[Progress:============>                 40%] [Cov:============>                      36%]
[Progress:============>                 40%] [Cov:============>                      36%]
[Progress:============>                 40%] [Cov:============>                      36%]
[Progress:============>                 40%] [Cov:============>                      36%]
[Progress:============>                 40%] [Cov:============>                      36%]
[Progress:============>                 40%] [Cov:============>                      36%]
[Progress:============>                 40%] [Cov:============>                      36%]
[Progress:============>                 40%] [Cov:============>                      36%]
[Progress:============>                 40%] [Cov:============>                      36%]
[Progress:============>                 40%] [Cov:============>                      36%]
[Progress:============>                 40%] [Cov:============>                      36%]
[Progress:============>                 40%] [Cov:============>                      36%]
[Progress:============>                 40%] [Cov:============>                      36%]
[Progress:============>                 40%] [Cov:============>                      36%]
[Progress:============>                 40%] [Cov:============>                      36%]
[Progress:============>                 40%] [Cov:============>                      36%]
[Progress:============>                 40%] [Cov:============>                      36%]
[Progress:============>                 40%] [Cov:============>                      36%]
[Progress:============>                 40%] [Cov:============>                      36%]
[Progress:============>                 40%] [Cov:============>                      36%]
[Progress:============>                 40%] [Cov:============>                      36%]
[Progress:============>                 40%] [Cov:============>                      36%]
[Progress:============>                 40%] [Cov:============>                      36%]
[Progress:============>                 40%] [Cov:============>                      36%]
[Progress:============>                 40%] [Cov:============>                      36%]
[Progress:============>                 40%] [Cov:============>                      36%]
[Progress:============>                 40%] [Cov:============>                      36%]
[Progress:============>                 41%] [Cov:============>                      36%]
[Progress:============>                 41%] [Cov:============>                      36%]
[Progress:============>                 41%] [Cov:============>                      36%]
[Progress:============>                 41%] [Cov:============>                      36%]
[Progress:============>                 41%] [Cov:============>                      36%]
[Progress:============>                 41%] [Cov:============>                      36%]
[Progress:============>                 41%] [Cov:============>                      36%]
[Progress:============>                 41%] [Cov:============>                      36%]
[Progress:============>                 41%] [Cov:============>                      36%]
[Progress:============>                 41%] [Cov:============>                      36%]
[Progress:============>                 41%] [Cov:============>                      36%]
[Progress:============>                 41%] [Cov:============>                      36%]
[Progress:============>                 41%] [Cov:============>                      36%]
[Progress:============>                 41%] [Cov:============>                      36%]
[Progress:============>                 41%] [Cov:============>                      36%]
[Progress:============>                 41%] [Cov:============>                      36%]
[Progress:============>                 41%] [Cov:============>                      36%]
[Progress:============>                 41%] [Cov:============>                      36%]
[Progress:============>                 41%] [Cov:============>                      36%]
[Progress:============>                 41%] [Cov:============>                      36%]
[Progress:============>                 41%] [Cov:============>                      36%]
[Progress:============>                 41%] [Cov:============>                      36%]
[Progress:============>                 41%] [Cov:============>                      36%]
[Progress:============>                 41%] [Cov:============>                      36%]
[Progress:============>                 41%] [Cov:============>                      36%]
[Progress:============>                 41%] [Cov:============>                      36%]
[Progress:============>                 41%] [Cov:============>                      36%]
[Progress:============>                 41%] [Cov:============>                      36%]
[Progress:============>                 41%] [Cov:============>                      36%]
[Progress:============>                 41%] [Cov:============>                      36%]
[Progress:============>                 41%] [Cov:============>                      36%]
[Progress:============>                 41%] [Cov:============>                      36%]
[Progress:============>                 41%] [Cov:============>                      36%]
[Progress:============>                 41%] [Cov:============>                      36%]
[Progress:============>                 41%] [Cov:============>                      36%]
[Progress:============>                 41%] [Cov:============>                      36%]
[Progress:============>                 41%] [Cov:============>                      36%]
[Progress:============>                 41%] [Cov:============>                      36%]
[Progress:============>                 41%] [Cov:============>                      36%]
[Progress:============>                 41%] [Cov:============>                      36%]
[Progress:============>                 41%] [Cov:============>                      36%]
[Progress:============>                 41%] [Cov:============>                      36%]
[Progress:============>                 41%] [Cov:============>                      36%]
[Progress:============>                 41%] [Cov:============>                      36%]
[Progress:============>                 41%] [Cov:============>                      36%]
[Progress:============>                 41%] [Cov:============>                      36%]
[Progress:============>                 41%] [Cov:============>                      36%]
[Progress:============>                 41%] [Cov:============>                      36%]
[Progress:============>                 41%] [Cov:============>                      36%]
[Progress:============>                 41%] [Cov:============>                      36%]
[Progress:============>                 41%] [Cov:============>                      36%]
[Progress:============>                 41%] [Cov:============>                      36%]
[Progress:============>                 41%] [Cov:============>                      36%]
[Progress:============>                 41%] [Cov:============>                      36%]
[Progress:============>                 41%] [Cov:============>                      36%]
[Progress:============>                 42%] [Cov:============>                      36%]
[Progress:============>                 42%] [Cov:============>                      36%]
[Progress:============>                 42%] [Cov:============>                      36%]
[Progress:============>                 42%] [Cov:============>                      36%]
[Progress:============>                 42%] [Cov:============>                      36%]
[Progress:============>                 42%] [Cov:============>                      36%]
[Progress:============>                 42%] [Cov:============>                      36%]
[Progress:============>                 42%] [Cov:============>                      36%]
[Progress:============>                 42%] [Cov:============>                      36%]
[Progress:============>                 42%] [Cov:============>                      36%]
[Progress:============>                 42%] [Cov:============>                      36%]
[Progress:============>                 42%] [Cov:============>                      36%]
[Progress:============>                 42%] [Cov:============>                      36%]
[Progress:============>                 42%] [Cov:============>                      36%]
[Progress:============>                 42%] [Cov:============>                      36%]
[Progress:============>                 42%] [Cov:============>                      36%]
[Progress:============>                 42%] [Cov:============>                      36%]
[Progress:============>                 42%] [Cov:============>                      36%]
[Progress:============>                 42%] [Cov:============>                      36%]
[Progress:============>                 42%] [Cov:============>                      36%]
[Progress:============>                 42%] [Cov:============>                      36%]
[Progress:============>                 42%] [Cov:============>                      36%]
[Progress:============>                 42%] [Cov:============>                      36%]
[Progress:============>                 42%] [Cov:============>                      36%]
[Progress:============>                 42%] [Cov:============>                      36%]
[Progress:============>                 42%] [Cov:============>                      36%]
[Progress:============>                 42%] [Cov:============>                      36%]
[Progress:============>                 42%] [Cov:============>                      36%]
[Progress:============>                 42%] [Cov:============>                      36%]
[Progress:============>                 42%] [Cov:============>                      36%]
[Progress:============>                 42%] [Cov:============>                      36%]
[Progress:============>                 42%] [Cov:============>                      36%]
[Progress:============>                 42%] [Cov:============>                      36%]
[Progress:============>                 42%] [Cov:============>                      36%]
[Progress:============>                 42%] [Cov:============>                      36%]
[Progress:============>                 42%] [Cov:============>                      36%]
[Progress:============>                 42%] [Cov:============>                      36%]
[Progress:============>                 42%] [Cov:============>                      36%]
[Progress:============>                 42%] [Cov:============>                      36%]
[Progress:============>                 42%] [Cov:============>                      36%]
[Progress:============>                 42%] [Cov:============>                      36%]
[Progress:============>                 42%] [Cov:============>                      36%]
[Progress:============>                 42%] [Cov:============>                      36%]
[Progress:============>                 42%] [Cov:============>                      36%]
[Progress:============>                 42%] [Cov:============>                      36%]
[Progress:============>                 42%] [Cov:============>                      36%]
[Progress:============>                 42%] [Cov:============>                      36%]
[Progress:============>                 42%] [Cov:============>                      36%]
[Progress:============>                 42%] [Cov:============>                      36%]
[Progress:============>                 42%] [Cov:============>                      36%]
[Progress:============>                 42%] [Cov:============>                      36%]
[Progress:============>                 42%] [Cov:============>                      36%]
[Progress:============>                 42%] [Cov:============>                      36%]
[Progress:============>                 42%] [Cov:============>                      36%]
[Progress:============>                 42%] [Cov:============>                      36%]
[Progress:============>                 42%] [Cov:============>                      36%]
[Progress:============>                 42%] [Cov:============>                      36%]
[Progress:============>                 43%] [Cov:============>                      36%]
[Progress:============>                 43%] [Cov:============>                      36%]
[Progress:============>                 43%] [Cov:============>                      36%]
[Progress:============>                 43%] [Cov:============>                      36%]
[Progress:============>                 43%] [Cov:============>                      36%]
[Progress:============>                 43%] [Cov:============>                      36%]
[Progress:============>                 43%] [Cov:============>                      36%]
[Progress:============>                 43%] [Cov:============>                      36%]
[Progress:============>                 43%] [Cov:============>                      36%]
[Progress:============>                 43%] [Cov:============>                      36%]
[Progress:============>                 43%] [Cov:============>                      36%]
[Progress:============>                 43%] [Cov:============>                      36%]
[Progress:============>                 43%] [Cov:============>                      36%]
[Progress:============>                 43%] [Cov:============>                      36%]
[Progress:============>                 43%] [Cov:============>                      36%]
[Progress:============>                 43%] [Cov:============>                      36%]
[Progress:============>                 43%] [Cov:============>                      36%]
[Progress:============>                 43%] [Cov:============>                      36%]
[Progress:============>                 43%] [Cov:============>                      36%]
[Progress:============>                 43%] [Cov:============>                      36%]
[Progress:============>                 43%] [Cov:============>                      36%]
[Progress:============>                 43%] [Cov:============>                      36%]
[Progress:============>                 43%] [Cov:============>                      36%]
[Progress:============>                 43%] [Cov:============>                      36%]
[Progress:============>                 43%] [Cov:============>                      36%]
[Progress:============>                 43%] [Cov:============>                      36%]
[Progress:============>                 43%] [Cov:============>                      36%]
[Progress:============>                 43%] [Cov:============>                      36%]
[Progress:============>                 43%] [Cov:============>                      36%]
[Progress:============>                 43%] [Cov:============>                      36%]
[Progress:============>                 43%] [Cov:============>                      36%]
[Progress:============>                 43%] [Cov:============>                      36%]
[Progress:============>                 43%] [Cov:============>                      36%]
[Progress:============>                 43%] [Cov:============>                      36%]
[Progress:============>                 43%] [Cov:============>                      36%]
[Progress:============>                 43%] [Cov:============>                      36%]
[Progress:============>                 43%] [Cov:============>                      36%]
[Progress:============>                 43%] [Cov:============>                      36%]
[Progress:============>                 43%] [Cov:============>                      36%]
[Progress:============>                 43%] [Cov:============>                      36%]
[Progress:============>                 43%] [Cov:============>                      36%]
[Progress:============>                 43%] [Cov:============>                      36%]
[Progress:============>                 43%] [Cov:============>                      36%]
[Progress:============>                 43%] [Cov:============>                      36%]
[Progress:============>                 43%] [Cov:============>                      36%]
[Progress:============>                 43%] [Cov:============>                      36%]
[Progress:============>                 43%] [Cov:============>                      36%]
[Progress:============>                 43%] [Cov:============>                      36%]
[Progress:============>                 43%] [Cov:============>                      36%]
[Progress:============>                 43%] [Cov:============>                      36%]
[Progress:============>                 43%] [Cov:============>                      36%]
[Progress:============>                 43%] [Cov:============>                      36%]
[Progress:============>                 43%] [Cov:============>                      36%]
[Progress:============>                 43%] [Cov:============>                      36%]
[Progress:============>                 43%] [Cov:============>                      36%]
[Progress:=============>                44%] [Cov:============>                      36%]
[Progress:=============>                44%] [Cov:============>                      36%]
[Progress:=============>                44%] [Cov:============>                      36%]
[Progress:=============>                44%] [Cov:============>                      36%]
[Progress:=============>                44%] [Cov:============>                      36%]
[Progress:=============>                44%] [Cov:============>                      36%]
[Progress:=============>                44%] [Cov:============>                      36%]
[Progress:=============>                44%] [Cov:============>                      36%]
[Progress:=============>                44%] [Cov:============>                      36%]
[Progress:=============>                44%] [Cov:============>                      36%]
[Progress:=============>                44%] [Cov:============>                      36%]
[Progress:=============>                44%] [Cov:============>                      36%]
[Progress:=============>                44%] [Cov:============>                      36%]
[Progress:=============>                44%] [Cov:============>                      36%]
[Progress:=============>                44%] [Cov:============>                      36%]
[Progress:=============>                44%] [Cov:============>                      36%]
[Progress:=============>                44%] [Cov:============>                      36%]
[Progress:=============>                44%] [Cov:============>                      36%]
[Progress:=============>                44%] [Cov:============>                      36%]
[Progress:=============>                44%] [Cov:============>                      36%]
[Progress:=============>                44%] [Cov:============>                      36%]
[Progress:=============>                44%] [Cov:============>                      36%]
[Progress:=============>                44%] [Cov:============>                      36%]
[Progress:=============>                44%] [Cov:============>                      36%]
[Progress:=============>                44%] [Cov:============>                      36%]
[Progress:=============>                44%] [Cov:============>                      36%]
[Progress:=============>                44%] [Cov:============>                      36%]
[Progress:=============>                44%] [Cov:============>                      36%]
[Progress:=============>                44%] [Cov:============>                      36%]
[Progress:=============>                44%] [Cov:============>                      36%]
[Progress:=============>                44%] [Cov:============>                      36%]
[Progress:=============>                44%] [Cov:============>                      36%]
[Progress:=============>                44%] [Cov:============>                      36%]
[Progress:=============>                44%] [Cov:============>                      36%]
[Progress:=============>                44%] [Cov:============>                      36%]
[Progress:=============>                44%] [Cov:============>                      36%]
[Progress:=============>                44%] [Cov:============>                      36%]
[Progress:=============>                44%] [Cov:============>                      36%]
[Progress:=============>                44%] [Cov:============>                      36%]
[Progress:=============>                44%] [Cov:============>                      36%]
[Progress:=============>                44%] [Cov:============>                      36%]
[Progress:=============>                44%] [Cov:============>                      36%]
[Progress:=============>                44%] [Cov:============>                      36%]
[Progress:=============>                44%] [Cov:============>                      36%]
[Progress:=============>                44%] [Cov:============>                      36%]
[Progress:=============>                44%] [Cov:============>                      36%]
[Progress:=============>                44%] [Cov:============>                      36%]
[Progress:=============>                44%] [Cov:============>                      36%]
[Progress:=============>                44%] [Cov:============>                      36%]
[Progress:=============>                44%] [Cov:============>                      36%]
[Progress:=============>                44%] [Cov:============>                      36%]
[Progress:=============>                44%] [Cov:============>                      36%]
[Progress:=============>                44%] [Cov:============>                      36%]
[Progress:=============>                44%] [Cov:============>                      36%]
[Progress:=============>                44%] [Cov:============>                      36%]
[Progress:=============>                45%] [Cov:============>                      36%]
[Progress:=============>                45%] [Cov:============>                      36%]
[Progress:=============>                45%] [Cov:============>                      36%]
[Progress:=============>                45%] [Cov:============>                      36%]
[Progress:=============>                45%] [Cov:============>                      36%]
[Progress:=============>                45%] [Cov:============>                      36%]
[Progress:=============>                45%] [Cov:============>                      36%]
[Progress:=============>                45%] [Cov:============>                      36%]
[Progress:=============>                45%] [Cov:============>                      36%]
[Progress:=============>                45%] [Cov:============>                      36%]
[Progress:=============>                45%] [Cov:============>                      36%]
[Progress:=============>                45%] [Cov:============>                      36%]
[Progress:=============>                45%] [Cov:============>                      36%]
[Progress:=============>                45%] [Cov:============>                      36%]
[Progress:=============>                45%] [Cov:============>                      36%]
[Progress:=============>                45%] [Cov:============>                      36%]
[Progress:=============>                45%] [Cov:============>                      36%]
[Progress:=============>                45%] [Cov:============>                      36%]
[Progress:=============>                45%] [Cov:============>                      36%]
[Progress:=============>                45%] [Cov:============>                      36%]
[Progress:=============>                45%] [Cov:============>                      36%]
[Progress:=============>                45%] [Cov:============>                      36%]
[Progress:=============>                45%] [Cov:============>                      36%]
[Progress:=============>                45%] [Cov:============>                      36%]
[Progress:=============>                45%] [Cov:============>                      36%]
[Progress:=============>                45%] [Cov:============>                      36%]
[Progress:=============>                45%] [Cov:============>                      36%]
[Progress:=============>                45%] [Cov:============>                      36%]
[Progress:=============>                45%] [Cov:============>                      36%]
[Progress:=============>                45%] [Cov:============>                      36%]
[Progress:=============>                45%] [Cov:============>                      36%]
[Progress:=============>                45%] [Cov:============>                      36%]
[Progress:=============>                45%] [Cov:============>                      36%]
[Progress:=============>                45%] [Cov:============>                      36%]
[Progress:=============>                45%] [Cov:============>                      36%]
[Progress:=============>                45%] [Cov:============>                      36%]
[Progress:=============>                45%] [Cov:============>                      36%]
[Progress:=============>                45%] [Cov:============>                      36%]
[Progress:=============>                45%] [Cov:============>                      36%]
[Progress:=============>                45%] [Cov:============>                      36%]
[Progress:=============>                45%] [Cov:============>                      36%]
[Progress:=============>                45%] [Cov:============>                      36%]
[Progress:=============>                45%] [Cov:============>                      36%]
[Progress:=============>                45%] [Cov:============>                      36%]
[Progress:=============>                45%] [Cov:============>                      36%]
[Progress:=============>                45%] [Cov:============>                      36%]
[Progress:=============>                45%] [Cov:============>                      36%]
[Progress:=============>                45%] [Cov:============>                      36%]
[Progress:=============>                45%] [Cov:============>                      36%]
[Progress:=============>                45%] [Cov:============>                      36%]
[Progress:=============>                45%] [Cov:============>                      36%]
[Progress:=============>                45%] [Cov:============>                      36%]
[Progress:=============>                45%] [Cov:============>                      36%]
[Progress:=============>                45%] [Cov:============>                      36%]
[Progress:=============>                45%] [Cov:============>                      36%]
[Progress:=============>                45%] [Cov:============>                      36%]
[Progress:=============>                45%] [Cov:============>                      36%]
[Progress:=============>                45%] [Cov:============>                      36%]
[Progress:=============>                45%] [Cov:============>                      36%]
[Progress:=============>                45%] [Cov:============>                      36%]
[Progress:=============>                45%] [Cov:============>                      36%]
[Progress:=============>                45%] [Cov:============>                      36%]
[Progress:=============>                45%] [Cov:============>                      36%]
[Progress:=============>                45%] [Cov:============>                      36%]
[Progress:=============>                45%] [Cov:============>                      36%]
[Progress:=============>                45%] [Cov:============>                      36%]
[Progress:=============>                45%] [Cov:============>                      36%]
[Progress:=============>                45%] [Cov:============>                      36%]
[Progress:=============>                45%] [Cov:============>                      36%]
[Progress:=============>                45%] [Cov:============>                      36%]
[Progress:=============>                45%] [Cov:============>                      36%]
[Progress:=============>                45%] [Cov:============>                      36%]
[Progress:=============>                45%] [Cov:============>                      36%]
[Progress:=============>                45%] [Cov:============>                      36%]
[Progress:=============>                45%] [Cov:============>                      36%]
[Progress:=============>                45%] [Cov:============>                      36%]
[Progress:=============>                45%] [Cov:============>                      36%]
[Progress:=============>                45%] [Cov:============>                      36%]
[Progress:=============>                45%] [Cov:============>                      36%]
[Progress:=============>                45%] [Cov:============>                      36%]
[Progress:=============>                45%] [Cov:============>                      36%]
[Progress:=============>                45%] [Cov:============>                      36%]
[Progress:=============>                45%] [Cov:============>                      36%]
[Progress:=============>                45%] [Cov:============>                      36%]
[Progress:=============>                45%] [Cov:============>                      36%]
[Progress:=============>                45%] [Cov:============>                      36%]
[Progress:=============>                45%] [Cov:============>                      36%]
[Progress:=============>                45%] [Cov:============>                      36%]
[Progress:=============>                45%] [Cov:============>                      36%]
[Progress:=============>                45%] [Cov:============>                      36%]
[Progress:=============>                45%] [Cov:============>                      36%]
[Progress:=============>                45%] [Cov:============>                      36%]
[Progress:=============>                45%] [Cov:============>                      36%]
[Progress:=============>                45%] [Cov:============>                      36%]
[Progress:=============>                45%] [Cov:============>                      36%]
[Progress:=============>                45%] [Cov:============>                      36%]
[Progress:=============>                45%] [Cov:============>                      36%]
[Progress:=============>                45%] [Cov:============>                      36%]
[Progress:=============>                45%] [Cov:============>                      36%]
[Progress:=============>                45%] [Cov:============>                      36%]
[Progress:=============>                45%] [Cov:============>                      36%]
[Progress:=============>                45%] [Cov:============>                      36%]
[Progress:=============>                45%] [Cov:============>                      36%]
[Progress:=============>                45%] [Cov:============>                      36%]
[Progress:=============>                45%] [Cov:============>                      36%]
[Progress:=============>                45%] [Cov:============>                      36%]
[Progress:=============>                45%] [Cov:============>                      36%]
[Progress:=============>                45%] [Cov:============>                      36%]
[Progress:=============>                45%] [Cov:============>                      36%]
[Progress:=============>                45%] [Cov:============>                      36%]
[Progress:=============>                45%] [Cov:============>                      36%]
[Progress:=============>                45%] [Cov:============>                      36%]
[Progress:=============>                46%] [Cov:============>                      36%]
[Progress:=============>                46%] [Cov:============>                      36%]
[Progress:=============>                46%] [Cov:============>                      36%]
[Progress:=============>                46%] [Cov:============>                      36%]
[Progress:=============>                46%] [Cov:============>                      36%]
[Progress:=============>                46%] [Cov:============>                      36%]
[Progress:=============>                46%] [Cov:============>                      36%]
[Progress:=============>                46%] [Cov:============>                      36%]
[Progress:=============>                46%] [Cov:============>                      36%]
[Progress:=============>                46%] [Cov:============>                      36%]
[Progress:=============>                46%] [Cov:============>                      36%]
[Progress:=============>                46%] [Cov:============>                      36%]
[Progress:=============>                46%] [Cov:============>                      36%]
[Progress:=============>                46%] [Cov:============>                      36%]
[Progress:=============>                46%] [Cov:============>                      36%]
[Progress:=============>                46%] [Cov:============>                      36%]
[Progress:=============>                46%] [Cov:============>                      36%]
[Progress:=============>                46%] [Cov:============>                      36%]
[Progress:=============>                46%] [Cov:============>                      36%]
[Progress:=============>                46%] [Cov:============>                      36%]
[Progress:=============>                46%] [Cov:============>                      36%]
[Progress:=============>                46%] [Cov:============>                      36%]
[Progress:=============>                46%] [Cov:============>                      36%]
[Progress:=============>                46%] [Cov:============>                      36%]
[Progress:=============>                46%] [Cov:============>                      36%]
[Progress:=============>                46%] [Cov:============>                      36%]
[Progress:=============>                46%] [Cov:============>                      36%]
[Progress:=============>                46%] [Cov:============>                      36%]
[Progress:=============>                46%] [Cov:============>                      36%]
[Progress:=============>                46%] [Cov:============>                      36%]
[Progress:=============>                46%] [Cov:============>                      36%]
[Progress:=============>                46%] [Cov:============>                      36%]
[Progress:=============>                46%] [Cov:============>                      36%]
[Progress:=============>                46%] [Cov:============>                      36%]
[Progress:=============>                46%] [Cov:============>                      36%]
[Progress:=============>                46%] [Cov:============>                      36%]
[Progress:=============>                46%] [Cov:============>                      36%]
[Progress:=============>                46%] [Cov:============>                      36%]
[Progress:=============>                46%] [Cov:============>                      36%]
[Progress:=============>                46%] [Cov:============>                      36%]
[Progress:=============>                46%] [Cov:============>                      36%]
[Progress:=============>                46%] [Cov:============>                      36%]
[Progress:=============>                46%] [Cov:============>                      36%]
[Progress:=============>                46%] [Cov:============>                      36%]
[Progress:=============>                46%] [Cov:============>                      36%]
[Progress:=============>                46%] [Cov:============>                      36%]
[Progress:=============>                46%] [Cov:============>                      36%]
[Progress:=============>                46%] [Cov:============>                      36%]
[Progress:=============>                46%] [Cov:============>                      36%]
[Progress:=============>                46%] [Cov:============>                      36%]
[Progress:=============>                46%] [Cov:============>                      36%]
[Progress:=============>                46%] [Cov:============>                      36%]
[Progress:=============>                46%] [Cov:============>                      36%]
[Progress:=============>                46%] [Cov:============>                      36%]
[Progress:=============>                46%] [Cov:============>                      36%]
[Progress:=============>                46%] [Cov:============>                      36%]
[Progress:=============>                46%] [Cov:============>                      36%]
[Progress:==============>               47%] [Cov:============>                      36%]
[Progress:==============>               47%] [Cov:============>                      36%]
[Progress:==============>               47%] [Cov:============>                      36%]
[Progress:==============>               47%] [Cov:============>                      36%]
[Progress:==============>               47%] [Cov:============>                      36%]
[Progress:==============>               47%] [Cov:============>                      36%]
[Progress:==============>               47%] [Cov:============>                      36%]
[Progress:==============>               47%] [Cov:============>                      36%]
[Progress:==============>               47%] [Cov:============>                      36%]
[Progress:==============>               47%] [Cov:============>                      36%]
[Progress:==============>               47%] [Cov:============>                      36%]
[Progress:==============>               47%] [Cov:============>                      36%]
[Progress:==============>               47%] [Cov:============>                      36%]
[Progress:==============>               47%] [Cov:============>                      36%]
[Progress:==============>               47%] [Cov:============>                      36%]
[Progress:==============>               47%] [Cov:============>                      36%]
[Progress:==============>               47%] [Cov:============>                      36%]
[Progress:==============>               47%] [Cov:============>                      36%]
[Progress:==============>               47%] [Cov:============>                      36%]
[Progress:==============>               47%] [Cov:============>                      36%]
[Progress:==============>               47%] [Cov:============>                      36%]
[Progress:==============>               47%] [Cov:============>                      36%]
[Progress:==============>               47%] [Cov:============>                      36%]
[Progress:==============>               47%] [Cov:============>                      36%]
[Progress:==============>               47%] [Cov:============>                      36%]
[Progress:==============>               47%] [Cov:============>                      36%]
[Progress:==============>               47%] [Cov:============>                      36%]
[Progress:==============>               47%] [Cov:============>                      36%]
[Progress:==============>               47%] [Cov:============>                      36%]
[Progress:==============>               47%] [Cov:============>                      36%]
[Progress:==============>               47%] [Cov:============>                      36%]
[Progress:==============>               47%] [Cov:============>                      36%]
[Progress:==============>               47%] [Cov:============>                      36%]
[Progress:==============>               47%] [Cov:============>                      36%]
[Progress:==============>               47%] [Cov:============>                      36%]
[Progress:==============>               47%] [Cov:============>                      36%]
[Progress:==============>               47%] [Cov:============>                      36%]
[Progress:==============>               47%] [Cov:============>                      36%]
[Progress:==============>               47%] [Cov:============>                      36%]
[Progress:==============>               47%] [Cov:============>                      36%]
[Progress:==============>               47%] [Cov:============>                      36%]
[Progress:==============>               47%] [Cov:============>                      36%]
[Progress:==============>               47%] [Cov:============>                      36%]
[Progress:==============>               47%] [Cov:============>                      36%]
[Progress:==============>               47%] [Cov:============>                      36%]
[Progress:==============>               47%] [Cov:============>                      36%]
[Progress:==============>               47%] [Cov:============>                      36%]
[Progress:==============>               47%] [Cov:============>                      36%]
[Progress:==============>               47%] [Cov:============>                      36%]
[Progress:==============>               47%] [Cov:============>                      36%]
[Progress:==============>               47%] [Cov:============>                      36%]
[Progress:==============>               47%] [Cov:============>                      36%]
[Progress:==============>               47%] [Cov:============>                      36%]
[Progress:==============>               47%] [Cov:============>                      36%]
[Progress:==============>               47%] [Cov:============>                      36%]
[Progress:==============>               47%] [Cov:============>                      36%]
[Progress:==============>               48%] [Cov:============>                      36%]
[Progress:==============>               48%] [Cov:============>                      36%]
[Progress:==============>               48%] [Cov:============>                      36%]
[Progress:==============>               48%] [Cov:============>                      36%]
[Progress:==============>               48%] [Cov:============>                      36%]
[Progress:==============>               48%] [Cov:============>                      36%]
[Progress:==============>               48%] [Cov:============>                      36%]
[Progress:==============>               48%] [Cov:============>                      36%]
[Progress:==============>               48%] [Cov:============>                      36%]
[Progress:==============>               48%] [Cov:============>                      36%]
[Progress:==============>               48%] [Cov:============>                      36%]
[Progress:==============>               48%] [Cov:============>                      36%]
[Progress:==============>               48%] [Cov:============>                      36%]
[Progress:==============>               48%] [Cov:============>                      36%]
[Progress:==============>               48%] [Cov:============>                      36%]
[Progress:==============>               48%] [Cov:============>                      36%]
[Progress:==============>               48%] [Cov:============>                      36%]
[Progress:==============>               48%] [Cov:============>                      36%]
[Progress:==============>               48%] [Cov:============>                      36%]
[Progress:==============>               48%] [Cov:============>                      36%]
[Progress:==============>               48%] [Cov:============>                      36%]
[Progress:==============>               48%] [Cov:============>                      36%]
[Progress:==============>               48%] [Cov:============>                      36%]
[Progress:==============>               48%] [Cov:============>                      36%]
[Progress:==============>               48%] [Cov:============>                      36%]
[Progress:==============>               48%] [Cov:============>                      36%]
[Progress:==============>               48%] [Cov:============>                      36%]
[Progress:==============>               48%] [Cov:============>                      36%]
[Progress:==============>               48%] [Cov:============>                      36%]
[Progress:==============>               48%] [Cov:============>                      36%]
[Progress:==============>               48%] [Cov:============>                      36%]
[Progress:==============>               48%] [Cov:============>                      36%]
[Progress:==============>               48%] [Cov:============>                      36%]
[Progress:==============>               48%] [Cov:============>                      36%]
[Progress:==============>               48%] [Cov:============>                      36%]
[Progress:==============>               48%] [Cov:============>                      36%]
[Progress:==============>               48%] [Cov:============>                      36%]
[Progress:==============>               48%] [Cov:============>                      36%]
[Progress:==============>               48%] [Cov:============>                      36%]
[Progress:==============>               48%] [Cov:============>                      36%]
[Progress:==============>               48%] [Cov:============>                      36%]
[Progress:==============>               48%] [Cov:============>                      36%]
[Progress:==============>               48%] [Cov:============>                      36%]
[Progress:==============>               48%] [Cov:============>                      36%]
[Progress:==============>               48%] [Cov:============>                      36%]
[Progress:==============>               48%] [Cov:============>                      36%]
[Progress:==============>               48%] [Cov:============>                      36%]
[Progress:==============>               48%] [Cov:============>                      36%]
[Progress:==============>               48%] [Cov:============>                      36%]
[Progress:==============>               48%] [Cov:============>                      36%]
[Progress:==============>               48%] [Cov:============>                      36%]
[Progress:==============>               48%] [Cov:============>                      36%]
[Progress:==============>               48%] [Cov:============>                      36%]
[Progress:==============>               48%] [Cov:============>                      36%]
[Progress:==============>               48%] [Cov:============>                      36%]
[Progress:==============>               48%] [Cov:============>                      36%]
[Progress:==============>               49%] [Cov:============>                      36%]
[Progress:==============>               49%] [Cov:============>                      36%]
[Progress:==============>               49%] [Cov:============>                      36%]
[Progress:==============>               49%] [Cov:============>                      36%]
[Progress:==============>               49%] [Cov:============>                      36%]
[Progress:==============>               49%] [Cov:============>                      36%]
[Progress:==============>               49%] [Cov:============>                      36%]
[Progress:==============>               49%] [Cov:============>                      36%]
[Progress:==============>               49%] [Cov:============>                      36%]
[Progress:==============>               49%] [Cov:============>                      36%]
[Progress:==============>               49%] [Cov:============>                      36%]
[Progress:==============>               49%] [Cov:============>                      36%]
[Progress:==============>               49%] [Cov:============>                      36%]
[Progress:==============>               49%] [Cov:============>                      36%]
[Progress:==============>               49%] [Cov:============>                      36%]
[Progress:==============>               49%] [Cov:============>                      36%]
[Progress:==============>               49%] [Cov:============>                      36%]
[Progress:==============>               49%] [Cov:============>                      36%]
[Progress:==============>               49%] [Cov:============>                      36%]
[Progress:==============>               49%] [Cov:============>                      36%]
[Progress:==============>               49%] [Cov:============>                      36%]
[Progress:==============>               49%] [Cov:============>                      36%]
[Progress:==============>               49%] [Cov:============>                      36%]
[Progress:==============>               49%] [Cov:============>                      36%]
[Progress:==============>               49%] [Cov:============>                      36%]
[Progress:==============>               49%] [Cov:============>                      36%]
[Progress:==============>               49%] [Cov:============>                      36%]
[Progress:==============>               49%] [Cov:============>                      36%]
[Progress:==============>               49%] [Cov:============>                      36%]
[Progress:==============>               49%] [Cov:============>                      36%]
[Progress:==============>               49%] [Cov:============>                      36%]
[Progress:==============>               49%] [Cov:============>                      36%]
[Progress:==============>               49%] [Cov:============>                      36%]
[Progress:==============>               49%] [Cov:============>                      36%]
[Progress:==============>               49%] [Cov:============>                      36%]
[Progress:==============>               49%] [Cov:============>                      36%]
[Progress:==============>               49%] [Cov:============>                      36%]
[Progress:==============>               49%] [Cov:============>                      36%]
[Progress:==============>               49%] [Cov:============>                      36%]
[Progress:==============>               49%] [Cov:============>                      36%]
[Progress:==============>               49%] [Cov:============>                      36%]
[Progress:==============>               49%] [Cov:============>                      36%]
[Progress:==============>               49%] [Cov:============>                      36%]
[Progress:==============>               49%] [Cov:============>                      36%]
[Progress:==============>               49%] [Cov:============>                      36%]
[Progress:==============>               49%] [Cov:============>                      36%]
[Progress:==============>               49%] [Cov:============>                      36%]
[Progress:==============>               49%] [Cov:============>                      36%]
[Progress:==============>               49%] [Cov:============>                      36%]
[Progress:==============>               49%] [Cov:============>                      36%]
[Progress:==============>               49%] [Cov:============>                      36%]
[Progress:==============>               49%] [Cov:============>                      36%]
[Progress:==============>               49%] [Cov:============>                      36%]
[Progress:==============>               49%] [Cov:============>                      36%]
[Progress:==============>               49%] [Cov:============>                      36%]
[Progress:==============>               49%] [Cov:============>                      36%]
[Progress:===============>              50%] [Cov:============>                      36%]
[Progress:===============>              50%] [Cov:============>                      36%]
[Progress:===============>              50%] [Cov:============>                      36%]
[Progress:===============>              50%] [Cov:============>                      36%]
[Progress:===============>              50%] [Cov:============>                      36%]
[Progress:===============>              50%] [Cov:============>                      36%]
[Progress:===============>              50%] [Cov:============>                      36%]
[Progress:===============>              50%] [Cov:============>                      36%]
[Progress:===============>              50%] [Cov:============>                      36%]
[Progress:===============>              50%] [Cov:============>                      36%]
[Progress:===============>              50%] [Cov:============>                      36%]
[Progress:===============>              50%] [Cov:============>                      36%]
[Progress:===============>              50%] [Cov:============>                      36%]
[Progress:===============>              50%] [Cov:============>                      36%]
[Progress:===============>              50%] [Cov:============>                      36%]
[Progress:===============>              50%] [Cov:============>                      36%]
[Progress:===============>              50%] [Cov:============>                      36%]
[Progress:===============>              50%] [Cov:============>                      36%]
[Progress:===============>              50%] [Cov:============>                      36%]
[Progress:===============>              50%] [Cov:============>                      36%]
[Progress:===============>              50%] [Cov:============>                      36%]
[Progress:===============>              50%] [Cov:============>                      36%]
[Progress:===============>              50%] [Cov:============>                      36%]
[Progress:===============>              50%] [Cov:============>                      36%]
[Progress:===============>              50%] [Cov:============>                      36%]
[Progress:===============>              50%] [Cov:============>                      36%]
[Progress:===============>              50%] [Cov:============>                      36%]
[Progress:===============>              50%] [Cov:============>                      36%]
[Progress:===============>              50%] [Cov:============>                      36%]
[Progress:===============>              50%] [Cov:============>                      36%]
[Progress:===============>              50%] [Cov:============>                      36%]
[Progress:===============>              50%] [Cov:============>                      36%]
[Progress:===============>              50%] [Cov:============>                      36%]
[Progress:===============>              50%] [Cov:============>                      36%]
[Progress:===============>              50%] [Cov:============>                      36%]
[Progress:===============>              50%] [Cov:============>                      36%]
[Progress:===============>              50%] [Cov:============>                      36%]
[Progress:===============>              50%] [Cov:============>                      36%]
[Progress:===============>              50%] [Cov:============>                      36%]
[Progress:===============>              50%] [Cov:============>                      36%]
[Progress:===============>              50%] [Cov:============>                      36%]
[Progress:===============>              50%] [Cov:============>                      36%]
[Progress:===============>              50%] [Cov:============>                      36%]
[Progress:===============>              50%] [Cov:============>                      36%]
[Progress:===============>              50%] [Cov:============>                      36%]
[Progress:===============>              50%] [Cov:============>                      36%]
[Progress:===============>              50%] [Cov:============>                      36%]
[Progress:===============>              50%] [Cov:============>                      36%]
[Progress:===============>              50%] [Cov:============>                      36%]
[Progress:===============>              50%] [Cov:============>                      36%]
[Progress:===============>              50%] [Cov:============>                      36%]
[Progress:===============>              50%] [Cov:============>                      36%]
[Progress:===============>              50%] [Cov:============>                      36%]
[Progress:===============>              50%] [Cov:============>                      36%]
[Progress:===============>              50%] [Cov:============>                      36%]
[Progress:===============>              50%] [Cov:============>                      36%]
[Progress:===============>              50%] [Cov:============>                      36%]
[Progress:===============>              50%] [Cov:============>                      36%]
[Progress:===============>              50%] [Cov:============>                      36%]
[Progress:===============>              50%] [Cov:============>                      36%]
[Progress:===============>              50%] [Cov:============>                      36%]
[Progress:===============>              50%] [Cov:============>                      36%]
[Progress:===============>              50%] [Cov:============>                      36%]
[Progress:===============>              50%] [Cov:============>                      36%]
[Progress:===============>              50%] [Cov:============>                      36%]
[Progress:===============>              50%] [Cov:============>                      36%]
[Progress:===============>              50%] [Cov:============>                      36%]
[Progress:===============>              50%] [Cov:============>                      36%]
[Progress:===============>              50%] [Cov:============>                      36%]
[Progress:===============>              50%] [Cov:============>                      36%]
[Progress:===============>              50%] [Cov:============>                      36%]
[Progress:===============>              50%] [Cov:============>                      36%]
[Progress:===============>              50%] [Cov:============>                      36%]
[Progress:===============>              50%] [Cov:============>                      36%]
[Progress:===============>              50%] [Cov:============>                      36%]
[Progress:===============>              50%] [Cov:============>                      36%]
[Progress:===============>              50%] [Cov:============>                      36%]
[Progress:===============>              50%] [Cov:============>                      36%]
[Progress:===============>              50%] [Cov:============>                      36%]
[Progress:===============>              50%] [Cov:============>                      36%]
[Progress:===============>              50%] [Cov:============>                      36%]
[Progress:===============>              50%] [Cov:============>                      36%]
[Progress:===============>              50%] [Cov:============>                      36%]
[Progress:===============>              50%] [Cov:============>                      36%]
[Progress:===============>              50%] [Cov:============>                      36%]
[Progress:===============>              50%] [Cov:============>                      36%]
[Progress:===============>              50%] [Cov:============>                      36%]
[Progress:===============>              50%] [Cov:============>                      36%]
[Progress:===============>              50%] [Cov:============>                      36%]
[Progress:===============>              50%] [Cov:============>                      36%]
[Progress:===============>              50%] [Cov:============>                      36%]
[Progress:===============>              50%] [Cov:============>                      36%]
[Progress:===============>              50%] [Cov:============>                      36%]
[Progress:===============>              50%] [Cov:============>                      36%]
[Progress:===============>              50%] [Cov:============>                      36%]
[Progress:===============>              50%] [Cov:============>                      36%]
[Progress:===============>              50%] [Cov:============>                      36%]
[Progress:===============>              50%] [Cov:============>                      36%]
[Progress:===============>              50%] [Cov:============>                      36%]
[Progress:===============>              50%] [Cov:============>                      36%]
[Progress:===============>              50%] [Cov:============>                      36%]
[Progress:===============>              50%] [Cov:============>                      36%]
[Progress:===============>              50%] [Cov:============>                      36%]
[Progress:===============>              50%] [Cov:============>                      36%]
[Progress:===============>              50%] [Cov:============>                      36%]
[Progress:===============>              50%] [Cov:============>                      36%]
[Progress:===============>              50%] [Cov:============>                      36%]
[Progress:===============>              50%] [Cov:============>                      36%]
[Progress:===============>              50%] [Cov:============>                      36%]
[Progress:===============>              50%] [Cov:============>                      36%]
[Progress:===============>              50%] [Cov:============>                      36%]
[Progress:===============>              50%] [Cov:============>                      36%]
[Progress:===============>              50%] [Cov:============>                      36%]
[Progress:===============>              50%] [Cov:============>                      36%]
[Progress:===============>              51%] [Cov:============>                      36%]
[Progress:===============>              51%] [Cov:============>                      36%]
[Progress:===============>              51%] [Cov:============>                      36%]
[Progress:===============>              51%] [Cov:============>                      36%]
[Progress:===============>              51%] [Cov:============>                      36%]
[Progress:===============>              51%] [Cov:============>                      36%]
[Progress:===============>              51%] [Cov:============>                      36%]
[Progress:===============>              51%] [Cov:============>                      36%]
[Progress:===============>              51%] [Cov:============>                      36%]
[Progress:===============>              51%] [Cov:============>                      36%]
[Progress:===============>              51%] [Cov:============>                      36%]
[Progress:===============>              51%] [Cov:============>                      36%]
[Progress:===============>              51%] [Cov:============>                      36%]
[Progress:===============>              51%] [Cov:============>                      36%]
[Progress:===============>              51%] [Cov:============>                      36%]
[Progress:===============>              51%] [Cov:============>                      36%]
[Progress:===============>              51%] [Cov:============>                      36%]
[Progress:===============>              51%] [Cov:============>                      36%]
[Progress:===============>              51%] [Cov:============>                      36%]
[Progress:===============>              51%] [Cov:============>                      36%]
[Progress:===============>              51%] [Cov:============>                      36%]
[Progress:===============>              51%] [Cov:============>                      36%]
[Progress:===============>              51%] [Cov:============>                      36%]
[Progress:===============>              51%] [Cov:============>                      36%]
[Progress:===============>              51%] [Cov:============>                      36%]
[Progress:===============>              51%] [Cov:============>                      36%]
[Progress:===============>              51%] [Cov:============>                      36%]
[Progress:===============>              51%] [Cov:============>                      36%]
[Progress:===============>              51%] [Cov:============>                      36%]
[Progress:===============>              51%] [Cov:============>                      36%]
[Progress:===============>              51%] [Cov:============>                      36%]
[Progress:===============>              51%] [Cov:============>                      36%]
[Progress:===============>              51%] [Cov:============>                      36%]
[Progress:===============>              51%] [Cov:============>                      36%]
[Progress:===============>              51%] [Cov:============>                      36%]
[Progress:===============>              51%] [Cov:============>                      36%]
[Progress:===============>              51%] [Cov:============>                      36%]
[Progress:===============>              51%] [Cov:============>                      36%]
[Progress:===============>              51%] [Cov:============>                      36%]
[Progress:===============>              51%] [Cov:============>                      36%]
[Progress:===============>              51%] [Cov:============>                      36%]
[Progress:===============>              51%] [Cov:============>                      36%]
[Progress:===============>              51%] [Cov:============>                      36%]
[Progress:===============>              51%] [Cov:============>                      36%]
[Progress:===============>              51%] [Cov:============>                      36%]
[Progress:===============>              51%] [Cov:============>                      36%]
[Progress:===============>              51%] [Cov:============>                      36%]
[Progress:===============>              51%] [Cov:============>                      36%]
[Progress:===============>              51%] [Cov:============>                      36%]
[Progress:===============>              51%] [Cov:============>                      36%]
[Progress:===============>              51%] [Cov:============>                      36%]
[Progress:===============>              51%] [Cov:============>                      36%]
[Progress:===============>              51%] [Cov:============>                      36%]
[Progress:===============>              51%] [Cov:============>                      36%]
[Progress:===============>              51%] [Cov:============>                      36%]
[Progress:===============>              51%] [Cov:============>                      36%]
[Progress:===============>              52%] [Cov:============>                      36%]
[Progress:===============>              52%] [Cov:============>                      36%]
[Progress:===============>              52%] [Cov:============>                      36%]
[Progress:===============>              52%] [Cov:============>                      36%]
[Progress:===============>              52%] [Cov:============>                      36%]
[Progress:===============>              52%] [Cov:============>                      36%]
[Progress:===============>              52%] [Cov:============>                      36%]
[Progress:===============>              52%] [Cov:============>                      36%]
[Progress:===============>              52%] [Cov:============>                      36%]
[Progress:===============>              52%] [Cov:============>                      36%]
[Progress:===============>              52%] [Cov:============>                      36%]
[Progress:===============>              52%] [Cov:============>                      36%]
[Progress:===============>              52%] [Cov:============>                      36%]
[Progress:===============>              52%] [Cov:============>                      36%]
[Progress:===============>              52%] [Cov:============>                      36%]
[Progress:===============>              52%] [Cov:============>                      36%]
[Progress:===============>              52%] [Cov:============>                      36%]
[Progress:===============>              52%] [Cov:============>                      36%]
[Progress:===============>              52%] [Cov:============>                      36%]
[Progress:===============>              52%] [Cov:============>                      36%]
[Progress:===============>              52%] [Cov:============>                      36%]
[Progress:===============>              52%] [Cov:============>                      36%]
[Progress:===============>              52%] [Cov:============>                      36%]
[Progress:===============>              52%] [Cov:============>                      36%]
[Progress:===============>              52%] [Cov:============>                      36%]
[Progress:===============>              52%] [Cov:============>                      36%]
[Progress:===============>              52%] [Cov:============>                      36%]
[Progress:===============>              52%] [Cov:============>                      36%]
[Progress:===============>              52%] [Cov:============>                      36%]
[Progress:===============>              52%] [Cov:============>                      36%]
[Progress:===============>              52%] [Cov:============>                      36%]
[Progress:===============>              52%] [Cov:============>                      36%]
[Progress:===============>              52%] [Cov:============>                      36%]
[Progress:===============>              52%] [Cov:============>                      36%]
[Progress:===============>              52%] [Cov:============>                      36%]
[Progress:===============>              52%] [Cov:============>                      36%]
[Progress:===============>              52%] [Cov:============>                      36%]
[Progress:===============>              52%] [Cov:============>                      36%]
[Progress:===============>              52%] [Cov:============>                      36%]
[Progress:===============>              52%] [Cov:============>                      36%]
[Progress:===============>              52%] [Cov:============>                      36%]
[Progress:===============>              52%] [Cov:============>                      36%]
[Progress:===============>              52%] [Cov:============>                      36%]
[Progress:===============>              52%] [Cov:============>                      36%]
[Progress:===============>              52%] [Cov:============>                      36%]
[Progress:===============>              52%] [Cov:============>                      36%]
[Progress:===============>              52%] [Cov:============>                      36%]
[Progress:===============>              52%] [Cov:============>                      36%]
[Progress:===============>              52%] [Cov:============>                      36%]
[Progress:===============>              52%] [Cov:============>                      36%]
[Progress:===============>              52%] [Cov:============>                      36%]
[Progress:===============>              52%] [Cov:============>                      36%]
[Progress:===============>              52%] [Cov:============>                      36%]
[Progress:===============>              52%] [Cov:============>                      36%]
[Progress:===============>              52%] [Cov:============>                      36%]
[Progress:===============>              52%] [Cov:============>                      36%]
[Progress:===============>              53%] [Cov:============>                      36%]
[Progress:===============>              53%] [Cov:============>                      36%]
[Progress:===============>              53%] [Cov:============>                      36%]
[Progress:===============>              53%] [Cov:============>                      36%]
[Progress:===============>              53%] [Cov:============>                      36%]
[Progress:===============>              53%] [Cov:============>                      36%]
[Progress:===============>              53%] [Cov:============>                      36%]
[Progress:===============>              53%] [Cov:============>                      36%]
[Progress:===============>              53%] [Cov:============>                      36%]
[Progress:===============>              53%] [Cov:============>                      36%]
[Progress:===============>              53%] [Cov:============>                      36%]
[Progress:===============>              53%] [Cov:============>                      36%]
[Progress:===============>              53%] [Cov:============>                      36%]
[Progress:===============>              53%] [Cov:============>                      36%]
[Progress:===============>              53%] [Cov:============>                      36%]
[Progress:===============>              53%] [Cov:============>                      36%]
[Progress:===============>              53%] [Cov:============>                      36%]
[Progress:===============>              53%] [Cov:============>                      36%]
[Progress:===============>              53%] [Cov:============>                      36%]
[Progress:===============>              53%] [Cov:============>                      36%]
[Progress:===============>              53%] [Cov:============>                      36%]
[Progress:===============>              53%] [Cov:============>                      36%]
[Progress:===============>              53%] [Cov:============>                      36%]
[Progress:===============>              53%] [Cov:============>                      36%]
[Progress:===============>              53%] [Cov:============>                      36%]
[Progress:===============>              53%] [Cov:============>                      36%]
[Progress:===============>              53%] [Cov:============>                      36%]
[Progress:===============>              53%] [Cov:============>                      36%]
[Progress:===============>              53%] [Cov:============>                      36%]
[Progress:===============>              53%] [Cov:============>                      36%]
[Progress:===============>              53%] [Cov:============>                      36%]
[Progress:===============>              53%] [Cov:============>                      36%]
[Progress:===============>              53%] [Cov:============>                      36%]
[Progress:===============>              53%] [Cov:============>                      36%]
[Progress:===============>              53%] [Cov:============>                      36%]
[Progress:===============>              53%] [Cov:============>                      36%]
[Progress:===============>              53%] [Cov:============>                      36%]
[Progress:===============>              53%] [Cov:============>                      36%]
[Progress:===============>              53%] [Cov:============>                      36%]
[Progress:===============>              53%] [Cov:============>                      36%]
[Progress:===============>              53%] [Cov:============>                      36%]
[Progress:===============>              53%] [Cov:============>                      36%]
[Progress:===============>              53%] [Cov:============>                      36%]
[Progress:===============>              53%] [Cov:============>                      36%]
[Progress:===============>              53%] [Cov:============>                      36%]
[Progress:===============>              53%] [Cov:============>                      36%]
[Progress:===============>              53%] [Cov:============>                      36%]
[Progress:===============>              53%] [Cov:============>                      36%]
[Progress:===============>              53%] [Cov:============>                      36%]
[Progress:===============>              53%] [Cov:============>                      36%]
[Progress:===============>              53%] [Cov:============>                      36%]
[Progress:================>             54%] [Cov:============>                      36%]
[Progress:================>             54%] [Cov:============>                      36%]
[Progress:================>             54%] [Cov:============>                      36%]
[Progress:================>             54%] [Cov:============>                      36%]
[Progress:================>             54%] [Cov:============>                      36%]
[Progress:================>             54%] [Cov:============>                      36%]
[Progress:================>             54%] [Cov:============>                      36%]
[Progress:================>             54%] [Cov:============>                      36%]
[Progress:================>             54%] [Cov:============>                      36%]
[Progress:================>             54%] [Cov:============>                      36%]
[Progress:================>             54%] [Cov:============>                      36%]
[Progress:================>             54%] [Cov:============>                      36%]
[Progress:================>             54%] [Cov:============>                      36%]
[Progress:================>             54%] [Cov:============>                      36%]
[Progress:================>             54%] [Cov:============>                      36%]
[Progress:================>             54%] [Cov:============>                      36%]
[Progress:================>             54%] [Cov:============>                      36%]
[Progress:================>             54%] [Cov:============>                      36%]
[Progress:================>             54%] [Cov:============>                      36%]
[Progress:================>             54%] [Cov:============>                      36%]
[Progress:================>             54%] [Cov:============>                      36%]
[Progress:================>             54%] [Cov:============>                      36%]
[Progress:================>             54%] [Cov:============>                      36%]
[Progress:================>             54%] [Cov:============>                      36%]
[Progress:================>             54%] [Cov:============>                      36%]
[Progress:================>             54%] [Cov:============>                      36%]
[Progress:================>             54%] [Cov:============>                      36%]
[Progress:================>             54%] [Cov:============>                      36%]
[Progress:================>             54%] [Cov:============>                      36%]
[Progress:================>             54%] [Cov:============>                      36%]
[Progress:================>             54%] [Cov:============>                      36%]
[Progress:================>             54%] [Cov:============>                      36%]
[Progress:================>             54%] [Cov:============>                      36%]
[Progress:================>             54%] [Cov:============>                      36%]
[Progress:================>             54%] [Cov:============>                      36%]
[Progress:================>             54%] [Cov:============>                      36%]
[Progress:================>             54%] [Cov:============>                      36%]
[Progress:================>             54%] [Cov:============>                      36%]
[Progress:================>             54%] [Cov:============>                      36%]
[Progress:================>             54%] [Cov:============>                      36%]
[Progress:================>             54%] [Cov:============>                      36%]
[Progress:================>             54%] [Cov:============>                      36%]
[Progress:================>             54%] [Cov:============>                      36%]
[Progress:================>             54%] [Cov:============>                      36%]
[Progress:================>             54%] [Cov:============>                      36%]
[Progress:================>             54%] [Cov:============>                      36%]
[Progress:================>             54%] [Cov:============>                      36%]
[Progress:================>             54%] [Cov:============>                      36%]
[Progress:================>             54%] [Cov:============>                      36%]
[Progress:================>             54%] [Cov:============>                      36%]
[Progress:================>             54%] [Cov:============>                      36%]
[Progress:================>             54%] [Cov:============>                      36%]
[Progress:================>             54%] [Cov:============>                      36%]
[Progress:================>             54%] [Cov:============>                      36%]
[Progress:================>             54%] [Cov:============>                      36%]
[Progress:================>             54%] [Cov:============>                      36%]
[Progress:================>             54%] [Cov:============>                      36%]
[Progress:================>             54%] [Cov:============>                      36%]
[Progress:================>             55%] [Cov:============>                      36%]
[Progress:================>             55%] [Cov:============>                      36%]
[Progress:================>             55%] [Cov:============>                      36%]
[Progress:================>             55%] [Cov:============>                      36%]
[Progress:================>             55%] [Cov:============>                      36%]
[Progress:================>             55%] [Cov:============>                      36%]
[Progress:================>             55%] [Cov:============>                      36%]
[Progress:================>             55%] [Cov:============>                      36%]
[Progress:================>             55%] [Cov:============>                      36%]
[Progress:================>             55%] [Cov:============>                      36%]
[Progress:================>             55%] [Cov:============>                      36%]
[Progress:================>             55%] [Cov:============>                      36%]
[Progress:================>             55%] [Cov:============>                      36%]
[Progress:================>             55%] [Cov:============>                      36%]
[Progress:================>             55%] [Cov:============>                      36%]
[Progress:================>             55%] [Cov:============>                      36%]
[Progress:================>             55%] [Cov:============>                      36%]
[Progress:================>             55%] [Cov:============>                      36%]
[Progress:================>             55%] [Cov:============>                      36%]
[Progress:================>             55%] [Cov:============>                      36%]
[Progress:================>             55%] [Cov:============>                      36%]
[Progress:================>             55%] [Cov:============>                      36%]
[Progress:================>             55%] [Cov:============>                      36%]
[Progress:================>             55%] [Cov:============>                      36%]
[Progress:================>             55%] [Cov:============>                      36%]
[Progress:================>             55%] [Cov:============>                      36%]
[Progress:================>             55%] [Cov:============>                      36%]
[Progress:================>             55%] [Cov:============>                      36%]
[Progress:================>             55%] [Cov:============>                      36%]
[Progress:================>             55%] [Cov:============>                      36%]
[Progress:================>             55%] [Cov:============>                      36%]
[Progress:================>             55%] [Cov:============>                      36%]
[Progress:================>             55%] [Cov:============>                      36%]
[Progress:================>             55%] [Cov:============>                      36%]
[Progress:================>             55%] [Cov:============>                      36%]
[Progress:================>             55%] [Cov:============>                      36%]
[Progress:================>             55%] [Cov:============>                      36%]
[Progress:================>             55%] [Cov:============>                      36%]
[Progress:================>             55%] [Cov:============>                      36%]
[Progress:================>             55%] [Cov:============>                      36%]
[Progress:================>             55%] [Cov:============>                      36%]
[Progress:================>             55%] [Cov:============>                      36%]
[Progress:================>             55%] [Cov:============>                      36%]
[Progress:================>             55%] [Cov:============>                      36%]
[Progress:================>             55%] [Cov:============>                      36%]
[Progress:================>             55%] [Cov:============>                      36%]
[Progress:================>             55%] [Cov:============>                      36%]
[Progress:================>             55%] [Cov:============>                      36%]
[Progress:================>             55%] [Cov:============>                      36%]
[Progress:================>             55%] [Cov:============>                      36%]
[Progress:================>             55%] [Cov:============>                      36%]
[Progress:================>             55%] [Cov:============>                      36%]
[Progress:================>             55%] [Cov:============>                      36%]
[Progress:================>             55%] [Cov:============>                      36%]
[Progress:================>             55%] [Cov:============>                      36%]
[Progress:================>             55%] [Cov:============>                      36%]
[Progress:================>             55%] [Cov:============>                      36%]
[Progress:================>             55%] [Cov:============>                      36%]
[Progress:================>             55%] [Cov:============>                      36%]
[Progress:================>             55%] [Cov:============>                      36%]
[Progress:================>             55%] [Cov:============>                      36%]
[Progress:================>             55%] [Cov:============>                      36%]
[Progress:================>             55%] [Cov:============>                      36%]
[Progress:================>             55%] [Cov:============>                      36%]
[Progress:================>             55%] [Cov:============>                      36%]
[Progress:================>             55%] [Cov:============>                      36%]
[Progress:================>             55%] [Cov:============>                      36%]
[Progress:================>             55%] [Cov:============>                      36%]
[Progress:================>             55%] [Cov:============>                      36%]
[Progress:================>             55%] [Cov:============>                      36%]
[Progress:================>             55%] [Cov:============>                      36%]
[Progress:================>             55%] [Cov:============>                      36%]
[Progress:================>             55%] [Cov:============>                      36%]
[Progress:================>             55%] [Cov:============>                      36%]
[Progress:================>             55%] [Cov:============>                      36%]
[Progress:================>             55%] [Cov:============>                      36%]
[Progress:================>             55%] [Cov:============>                      36%]
[Progress:================>             55%] [Cov:============>                      36%]
[Progress:================>             55%] [Cov:============>                      36%]
[Progress:================>             55%] [Cov:============>                      36%]
[Progress:================>             55%] [Cov:============>                      36%]
[Progress:================>             55%] [Cov:============>                      36%]
[Progress:================>             55%] [Cov:============>                      36%]
[Progress:================>             55%] [Cov:============>                      36%]
[Progress:================>             55%] [Cov:============>                      36%]
[Progress:================>             55%] [Cov:============>                      36%]
[Progress:================>             55%] [Cov:============>                      36%]
[Progress:================>             55%] [Cov:============>                      36%]
[Progress:================>             55%] [Cov:============>                      36%]
[Progress:================>             55%] [Cov:============>                      36%]
[Progress:================>             55%] [Cov:============>                      36%]
[Progress:================>             55%] [Cov:============>                      36%]
[Progress:================>             55%] [Cov:============>                      36%]
[Progress:================>             55%] [Cov:============>                      36%]
[Progress:================>             55%] [Cov:============>                      36%]
[Progress:================>             55%] [Cov:============>                      36%]
[Progress:================>             55%] [Cov:============>                      36%]
[Progress:================>             55%] [Cov:============>                      36%]
[Progress:================>             55%] [Cov:============>                      36%]
[Progress:================>             55%] [Cov:============>                      36%]
[Progress:================>             55%] [Cov:============>                      36%]
[Progress:================>             55%] [Cov:============>                      36%]
[Progress:================>             55%] [Cov:============>                      36%]
[Progress:================>             55%] [Cov:============>                      36%]
[Progress:================>             55%] [Cov:============>                      36%]
[Progress:================>             55%] [Cov:============>                      36%]
[Progress:================>             55%] [Cov:============>                      36%]
[Progress:================>             55%] [Cov:============>                      36%]
[Progress:================>             55%] [Cov:============>                      36%]
[Progress:================>             56%] [Cov:============>                      36%]
[Progress:================>             56%] [Cov:============>                      36%]
[Progress:================>             56%] [Cov:============>                      36%]
[Progress:================>             56%] [Cov:============>                      36%]
[Progress:================>             56%] [Cov:============>                      36%]
[Progress:================>             56%] [Cov:============>                      36%]
[Progress:================>             56%] [Cov:============>                      36%]
[Progress:================>             56%] [Cov:============>                      36%]
[Progress:================>             56%] [Cov:============>                      36%]
[Progress:================>             56%] [Cov:============>                      36%]
[Progress:================>             56%] [Cov:============>                      36%]
[Progress:================>             56%] [Cov:============>                      36%]
[Progress:================>             56%] [Cov:============>                      36%]
[Progress:================>             56%] [Cov:============>                      36%]
[Progress:================>             56%] [Cov:============>                      36%]
[Progress:================>             56%] [Cov:============>                      36%]
[Progress:================>             56%] [Cov:============>                      36%]
[Progress:================>             56%] [Cov:============>                      36%]
[Progress:================>             56%] [Cov:============>                      36%]
[Progress:================>             56%] [Cov:============>                      36%]
[Progress:================>             56%] [Cov:============>                      36%]
[Progress:================>             56%] [Cov:============>                      36%]
[Progress:================>             56%] [Cov:============>                      36%]
[Progress:================>             56%] [Cov:============>                      36%]
[Progress:================>             56%] [Cov:============>                      36%]
[Progress:================>             56%] [Cov:============>                      36%]
[Progress:================>             56%] [Cov:============>                      36%]
[Progress:================>             56%] [Cov:============>                      36%]
[Progress:================>             56%] [Cov:============>                      36%]
[Progress:================>             56%] [Cov:============>                      36%]
[Progress:================>             56%] [Cov:============>                      36%]
[Progress:================>             56%] [Cov:============>                      36%]
[Progress:================>             56%] [Cov:============>                      36%]
[Progress:================>             56%] [Cov:============>                      36%]
[Progress:================>             56%] [Cov:============>                      36%]
[Progress:================>             56%] [Cov:============>                      36%]
[Progress:================>             56%] [Cov:============>                      36%]
[Progress:================>             56%] [Cov:============>                      36%]
[Progress:================>             56%] [Cov:============>                      36%]
[Progress:================>             56%] [Cov:============>                      36%]
[Progress:================>             56%] [Cov:============>                      36%]
[Progress:================>             56%] [Cov:============>                      36%]
[Progress:================>             56%] [Cov:============>                      36%]
[Progress:================>             56%] [Cov:============>                      36%]
[Progress:================>             56%] [Cov:============>                      36%]
[Progress:================>             56%] [Cov:============>                      36%]
[Progress:================>             56%] [Cov:============>                      36%]
[Progress:================>             56%] [Cov:============>                      36%]
[Progress:================>             56%] [Cov:============>                      36%]
[Progress:================>             56%] [Cov:============>                      36%]
[Progress:================>             56%] [Cov:============>                      36%]
[Progress:================>             56%] [Cov:============>                      36%]
[Progress:================>             56%] [Cov:============>                      36%]
[Progress:================>             56%] [Cov:============>                      36%]
[Progress:=================>            57%] [Cov:============>                      36%]
[Progress:=================>            57%] [Cov:============>                      36%]
[Progress:=================>            57%] [Cov:============>                      36%]
[Progress:=================>            57%] [Cov:============>                      36%]
[Progress:=================>            57%] [Cov:============>                      36%]
[Progress:=================>            57%] [Cov:============>                      36%]
[Progress:=================>            57%] [Cov:============>                      36%]
[Progress:=================>            57%] [Cov:============>                      36%]
[Progress:=================>            57%] [Cov:============>                      36%]
[Progress:=================>            57%] [Cov:============>                      36%]
[Progress:=================>            57%] [Cov:============>                      36%]
[Progress:=================>            57%] [Cov:============>                      36%]
[Progress:=================>            57%] [Cov:============>                      36%]
[Progress:=================>            57%] [Cov:============>                      36%]
[Progress:=================>            57%] [Cov:============>                      36%]
[Progress:=================>            57%] [Cov:============>                      36%]
[Progress:=================>            57%] [Cov:============>                      36%]
[Progress:=================>            57%] [Cov:============>                      36%]
[Progress:=================>            57%] [Cov:============>                      36%]
[Progress:=================>            57%] [Cov:============>                      36%]
[Progress:=================>            57%] [Cov:============>                      36%]
[Progress:=================>            57%] [Cov:============>                      36%]
[Progress:=================>            57%] [Cov:============>                      36%]
[Progress:=================>            57%] [Cov:============>                      36%]
[Progress:=================>            57%] [Cov:============>                      36%]
[Progress:=================>            57%] [Cov:============>                      36%]
[Progress:=================>            57%] [Cov:============>                      36%]
[Progress:=================>            57%] [Cov:============>                      36%]
[Progress:=================>            57%] [Cov:============>                      36%]
[Progress:=================>            57%] [Cov:============>                      36%]
[Progress:=================>            57%] [Cov:============>                      36%]
[Progress:=================>            57%] [Cov:============>                      36%]
[Progress:=================>            57%] [Cov:============>                      36%]
[Progress:=================>            57%] [Cov:============>                      36%]
[Progress:=================>            57%] [Cov:============>                      36%]
[Progress:=================>            57%] [Cov:============>                      36%]
[Progress:=================>            57%] [Cov:============>                      36%]
[Progress:=================>            57%] [Cov:============>                      36%]
[Progress:=================>            57%] [Cov:============>                      36%]
[Progress:=================>            57%] [Cov:============>                      36%]
[Progress:=================>            57%] [Cov:============>                      36%]
[Progress:=================>            57%] [Cov:============>                      36%]
[Progress:=================>            57%] [Cov:============>                      36%]
[Progress:=================>            57%] [Cov:============>                      36%]
[Progress:=================>            57%] [Cov:============>                      36%]
[Progress:=================>            57%] [Cov:============>                      36%]
[Progress:=================>            57%] [Cov:============>                      36%]
[Progress:=================>            57%] [Cov:============>                      36%]
[Progress:=================>            57%] [Cov:============>                      36%]
[Progress:=================>            57%] [Cov:============>                      36%]
[Progress:=================>            57%] [Cov:============>                      36%]
[Progress:=================>            57%] [Cov:============>                      36%]
[Progress:=================>            57%] [Cov:============>                      36%]
[Progress:=================>            57%] [Cov:============>                      36%]
[Progress:=================>            57%] [Cov:============>                      36%]
[Progress:=================>            57%] [Cov:============>                      36%]
[Progress:=================>            58%] [Cov:============>                      36%]
[Progress:=================>            58%] [Cov:============>                      36%]
[Progress:=================>            58%] [Cov:============>                      36%]
[Progress:=================>            58%] [Cov:============>                      36%]
[Progress:=================>            58%] [Cov:============>                      36%]
[Progress:=================>            58%] [Cov:============>                      36%]
[Progress:=================>            58%] [Cov:============>                      36%]
[Progress:=================>            58%] [Cov:============>                      36%]
[Progress:=================>            58%] [Cov:============>                      36%]
[Progress:=================>            58%] [Cov:============>                      36%]
[Progress:=================>            58%] [Cov:============>                      36%]
[Progress:=================>            58%] [Cov:============>                      36%]
[Progress:=================>            58%] [Cov:============>                      36%]
[Progress:=================>            58%] [Cov:============>                      36%]
[Progress:=================>            58%] [Cov:============>                      36%]
[Progress:=================>            58%] [Cov:============>                      36%]
[Progress:=================>            58%] [Cov:============>                      36%]
[Progress:=================>            58%] [Cov:============>                      36%]
[Progress:=================>            58%] [Cov:============>                      36%]
[Progress:=================>            58%] [Cov:============>                      36%]
[Progress:=================>            58%] [Cov:============>                      36%]
[Progress:=================>            58%] [Cov:============>                      36%]
[Progress:=================>            58%] [Cov:============>                      36%]
[Progress:=================>            58%] [Cov:============>                      36%]
[Progress:=================>            58%] [Cov:============>                      36%]
[Progress:=================>            58%] [Cov:============>                      36%]
[Progress:=================>            58%] [Cov:============>                      36%]
[Progress:=================>            58%] [Cov:============>                      36%]
[Progress:=================>            58%] [Cov:============>                      36%]
[Progress:=================>            58%] [Cov:============>                      36%]
[Progress:=================>            58%] [Cov:============>                      36%]
[Progress:=================>            58%] [Cov:============>                      36%]
[Progress:=================>            58%] [Cov:============>                      36%]
[Progress:=================>            58%] [Cov:============>                      36%]
[Progress:=================>            58%] [Cov:============>                      36%]
[Progress:=================>            58%] [Cov:============>                      36%]
[Progress:=================>            58%] [Cov:============>                      36%]
[Progress:=================>            58%] [Cov:============>                      36%]
[Progress:=================>            58%] [Cov:============>                      36%]
[Progress:=================>            58%] [Cov:============>                      36%]
[Progress:=================>            58%] [Cov:============>                      36%]
[Progress:=================>            58%] [Cov:============>                      36%]
[Progress:=================>            58%] [Cov:============>                      36%]
[Progress:=================>            58%] [Cov:============>                      36%]
[Progress:=================>            58%] [Cov:============>                      36%]
[Progress:=================>            58%] [Cov:============>                      36%]
[Progress:=================>            58%] [Cov:============>                      36%]
[Progress:=================>            58%] [Cov:============>                      36%]
[Progress:=================>            58%] [Cov:============>                      36%]
[Progress:=================>            58%] [Cov:============>                      36%]
[Progress:=================>            58%] [Cov:============>                      36%]
[Progress:=================>            58%] [Cov:============>                      36%]
[Progress:=================>            58%] [Cov:============>                      36%]
[Progress:=================>            58%] [Cov:============>                      36%]
[Progress:=================>            59%] [Cov:============>                      36%]
[Progress:=================>            59%] [Cov:============>                      36%]
[Progress:=================>            59%] [Cov:============>                      36%]
[Progress:=================>            59%] [Cov:============>                      36%]
[Progress:=================>            59%] [Cov:============>                      36%]
[Progress:=================>            59%] [Cov:============>                      36%]
[Progress:=================>            59%] [Cov:============>                      36%]
[Progress:=================>            59%] [Cov:============>                      36%]
[Progress:=================>            59%] [Cov:============>                      36%]
[Progress:=================>            59%] [Cov:============>                      36%]
[Progress:=================>            59%] [Cov:============>                      36%]
[Progress:=================>            59%] [Cov:============>                      36%]
[Progress:=================>            59%] [Cov:============>                      36%]
[Progress:=================>            59%] [Cov:============>                      36%]
[Progress:=================>            59%] [Cov:============>                      36%]
[Progress:=================>            59%] [Cov:============>                      36%]
[Progress:=================>            59%] [Cov:============>                      36%]
[Progress:=================>            59%] [Cov:============>                      36%]
[Progress:=================>            59%] [Cov:============>                      36%]
[Progress:=================>            59%] [Cov:============>                      36%]
[Progress:=================>            59%] [Cov:============>                      36%]
[Progress:=================>            59%] [Cov:============>                      36%]
[Progress:=================>            59%] [Cov:============>                      36%]
[Progress:=================>            59%] [Cov:============>                      36%]
[Progress:=================>            59%] [Cov:============>                      36%]
[Progress:=================>            59%] [Cov:============>                      36%]
[Progress:=================>            59%] [Cov:============>                      36%]
[Progress:=================>            59%] [Cov:============>                      36%]
[Progress:=================>            59%] [Cov:============>                      36%]
[Progress:=================>            59%] [Cov:============>                      36%]
[Progress:=================>            59%] [Cov:============>                      36%]
[Progress:=================>            59%] [Cov:============>                      36%]
[Progress:=================>            59%] [Cov:============>                      36%]
[Progress:=================>            59%] [Cov:============>                      36%]
[Progress:=================>            59%] [Cov:============>                      36%]
[Progress:=================>            59%] [Cov:============>                      36%]
[Progress:=================>            59%] [Cov:============>                      36%]
[Progress:=================>            59%] [Cov:============>                      36%]
[Progress:=================>            59%] [Cov:============>                      36%]
[Progress:=================>            59%] [Cov:============>                      36%]
[Progress:=================>            59%] [Cov:============>                      36%]
[Progress:=================>            59%] [Cov:============>                      36%]
[Progress:=================>            59%] [Cov:============>                      36%]
[Progress:=================>            59%] [Cov:============>                      36%]
[Progress:=================>            59%] [Cov:============>                      36%]
[Progress:=================>            59%] [Cov:============>                      36%]
[Progress:=================>            59%] [Cov:============>                      36%]
[Progress:=================>            59%] [Cov:============>                      36%]
[Progress:=================>            59%] [Cov:============>                      36%]
[Progress:=================>            59%] [Cov:============>                      36%]
[Progress:=================>            59%] [Cov:============>                      36%]
[Progress:=================>            59%] [Cov:============>                      36%]
[Progress:=================>            59%] [Cov:============>                      36%]
[Progress:=================>            59%] [Cov:============>                      36%]
[Progress:=================>            59%] [Cov:============>                      36%]
[Progress:=================>            59%] [Cov:============>                      36%]
[Progress:==================>           60%] [Cov:============>                      36%]
[Progress:==================>           60%] [Cov:============>                      36%]
[Progress:==================>           60%] [Cov:============>                      36%]
[Progress:==================>           60%] [Cov:============>                      36%]
[Progress:==================>           60%] [Cov:============>                      36%]
[Progress:==================>           60%] [Cov:============>                      36%]
[Progress:==================>           60%] [Cov:============>                      36%]
[Progress:==================>           60%] [Cov:============>                      36%]
[Progress:==================>           60%] [Cov:============>                      36%]
[Progress:==================>           60%] [Cov:============>                      36%]
[Progress:==================>           60%] [Cov:============>                      36%]
[Progress:==================>           60%] [Cov:============>                      36%]
[Progress:==================>           60%] [Cov:============>                      36%]
[Progress:==================>           60%] [Cov:============>                      36%]
[Progress:==================>           60%] [Cov:============>                      36%]
[Progress:==================>           60%] [Cov:============>                      36%]
[Progress:==================>           60%] [Cov:============>                      36%]
[Progress:==================>           60%] [Cov:============>                      36%]
[Progress:==================>           60%] [Cov:============>                      36%]
[Progress:==================>           60%] [Cov:============>                      36%]
[Progress:==================>           60%] [Cov:============>                      36%]
[Progress:==================>           60%] [Cov:============>                      36%]
[Progress:==================>           60%] [Cov:============>                      36%]
[Progress:==================>           60%] [Cov:============>                      36%]
[Progress:==================>           60%] [Cov:============>                      36%]
[Progress:==================>           60%] [Cov:============>                      36%]
[Progress:==================>           60%] [Cov:============>                      36%]
[Progress:==================>           60%] [Cov:============>                      36%]
[Progress:==================>           60%] [Cov:============>                      36%]
[Progress:==================>           60%] [Cov:============>                      36%]
[Progress:==================>           60%] [Cov:============>                      36%]
[Progress:==================>           60%] [Cov:============>                      36%]
[Progress:==================>           60%] [Cov:============>                      36%]
[Progress:==================>           60%] [Cov:============>                      36%]
[Progress:==================>           60%] [Cov:============>                      36%]
[Progress:==================>           60%] [Cov:============>                      36%]
[Progress:==================>           60%] [Cov:============>                      36%]
[Progress:==================>           60%] [Cov:============>                      36%]
[Progress:==================>           60%] [Cov:============>                      36%]
[Progress:==================>           60%] [Cov:============>                      36%]
[Progress:==================>           60%] [Cov:============>                      36%]
[Progress:==================>           60%] [Cov:============>                      36%]
[Progress:==================>           60%] [Cov:============>                      36%]
[Progress:==================>           60%] [Cov:============>                      36%]
[Progress:==================>           60%] [Cov:============>                      36%]
[Progress:==================>           60%] [Cov:============>                      36%]
[Progress:==================>           60%] [Cov:============>                      36%]
[Progress:==================>           60%] [Cov:============>                      36%]
[Progress:==================>           60%] [Cov:============>                      36%]
[Progress:==================>           60%] [Cov:============>                      36%]
[Progress:==================>           60%] [Cov:============>                      36%]
[Progress:==================>           60%] [Cov:============>                      36%]
[Progress:==================>           60%] [Cov:============>                      36%]
[Progress:==================>           60%] [Cov:============>                      36%]
[Progress:==================>           60%] [Cov:============>                      36%]
[Progress:==================>           60%] [Cov:============>                      36%]
[Progress:==================>           60%] [Cov:============>                      36%]
[Progress:==================>           60%] [Cov:============>                      36%]
[Progress:==================>           60%] [Cov:============>                      36%]
[Progress:==================>           60%] [Cov:============>                      36%]
[Progress:==================>           60%] [Cov:============>                      36%]
[Progress:==================>           60%] [Cov:============>                      36%]
[Progress:==================>           60%] [Cov:============>                      36%]
[Progress:==================>           60%] [Cov:============>                      36%]
[Progress:==================>           60%] [Cov:============>                      36%]
[Progress:==================>           60%] [Cov:============>                      36%]
[Progress:==================>           60%] [Cov:============>                      36%]
[Progress:==================>           60%] [Cov:============>                      36%]
[Progress:==================>           60%] [Cov:============>                      36%]
[Progress:==================>           60%] [Cov:============>                      36%]
[Progress:==================>           60%] [Cov:============>                      36%]
[Progress:==================>           60%] [Cov:============>                      36%]
[Progress:==================>           60%] [Cov:============>                      36%]
[Progress:==================>           60%] [Cov:============>                      36%]
[Progress:==================>           60%] [Cov:============>                      36%]
[Progress:==================>           60%] [Cov:============>                      36%]
[Progress:==================>           60%] [Cov:============>                      36%]
[Progress:==================>           60%] [Cov:============>                      36%]
[Progress:==================>           60%] [Cov:============>                      36%]
[Progress:==================>           60%] [Cov:============>                      36%]
[Progress:==================>           60%] [Cov:============>                      36%]
[Progress:==================>           60%] [Cov:============>                      36%]
[Progress:==================>           60%] [Cov:============>                      36%]
[Progress:==================>           60%] [Cov:============>                      36%]
[Progress:==================>           60%] [Cov:============>                      36%]
[Progress:==================>           60%] [Cov:============>                      36%]
[Progress:==================>           60%] [Cov:============>                      36%]
[Progress:==================>           60%] [Cov:============>                      36%]
[Progress:==================>           60%] [Cov:============>                      36%]
[Progress:==================>           60%] [Cov:============>                      36%]
[Progress:==================>           60%] [Cov:============>                      36%]
[Progress:==================>           60%] [Cov:============>                      36%]
[Progress:==================>           60%] [Cov:============>                      36%]
[Progress:==================>           60%] [Cov:============>                      36%]
[Progress:==================>           60%] [Cov:============>                      36%]
[Progress:==================>           60%] [Cov:============>                      36%]
[Progress:==================>           60%] [Cov:============>                      36%]
[Progress:==================>           60%] [Cov:============>                      36%]
[Progress:==================>           60%] [Cov:============>                      36%]
[Progress:==================>           60%] [Cov:============>                      36%]
[Progress:==================>           60%] [Cov:============>                      36%]
[Progress:==================>           60%] [Cov:============>                      36%]
[Progress:==================>           60%] [Cov:============>                      36%]
[Progress:==================>           60%] [Cov:============>                      36%]
[Progress:==================>           60%] [Cov:============>                      36%]
[Progress:==================>           60%] [Cov:============>                      36%]
[Progress:==================>           60%] [Cov:============>                      36%]
[Progress:==================>           60%] [Cov:============>                      36%]
[Progress:==================>           60%] [Cov:============>                      36%]
[Progress:==================>           60%] [Cov:============>                      36%]
[Progress:==================>           60%] [Cov:============>                      36%]
[Progress:==================>           60%] [Cov:============>                      36%]
[Progress:==================>           60%] [Cov:============>                      36%]
[Progress:==================>           60%] [Cov:============>                      36%]
[Progress:==================>           60%] [Cov:============>                      36%]
[Progress:==================>           60%] [Cov:============>                      36%]
[Progress:==================>           61%] [Cov:============>                      36%]
[Progress:==================>           61%] [Cov:============>                      36%]
[Progress:==================>           61%] [Cov:============>                      36%]
[Progress:==================>           61%] [Cov:============>                      36%]
[Progress:==================>           61%] [Cov:============>                      36%]
[Progress:==================>           61%] [Cov:============>                      36%]
[Progress:==================>           61%] [Cov:============>                      36%]
[Progress:==================>           61%] [Cov:============>                      36%]
[Progress:==================>           61%] [Cov:============>                      36%]
[Progress:==================>           61%] [Cov:============>                      36%]
[Progress:==================>           61%] [Cov:============>                      36%]
[Progress:==================>           61%] [Cov:============>                      36%]
[Progress:==================>           61%] [Cov:============>                      36%]
[Progress:==================>           61%] [Cov:============>                      36%]
[Progress:==================>           61%] [Cov:============>                      36%]
[Progress:==================>           61%] [Cov:============>                      36%]
[Progress:==================>           61%] [Cov:============>                      36%]
[Progress:==================>           61%] [Cov:============>                      36%]
[Progress:==================>           61%] [Cov:============>                      36%]
[Progress:==================>           61%] [Cov:============>                      36%]
[Progress:==================>           61%] [Cov:============>                      36%]
[Progress:==================>           61%] [Cov:============>                      36%]
[Progress:==================>           61%] [Cov:============>                      36%]
[Progress:==================>           61%] [Cov:============>                      36%]
[Progress:==================>           61%] [Cov:============>                      36%]
[Progress:==================>           61%] [Cov:============>                      36%]
[Progress:==================>           61%] [Cov:============>                      36%]
[Progress:==================>           61%] [Cov:============>                      36%]
[Progress:==================>           61%] [Cov:============>                      36%]
[Progress:==================>           61%] [Cov:============>                      36%]
[Progress:==================>           61%] [Cov:============>                      36%]
[Progress:==================>           61%] [Cov:============>                      36%]
[Progress:==================>           61%] [Cov:============>                      36%]
[Progress:==================>           61%] [Cov:============>                      36%]
[Progress:==================>           61%] [Cov:============>                      36%]
[Progress:==================>           61%] [Cov:============>                      36%]
[Progress:==================>           61%] [Cov:============>                      36%]
[Progress:==================>           61%] [Cov:============>                      36%]
[Progress:==================>           61%] [Cov:============>                      36%]
[Progress:==================>           61%] [Cov:============>                      36%]
[Progress:==================>           61%] [Cov:============>                      36%]
[Progress:==================>           61%] [Cov:============>                      36%]
[Progress:==================>           61%] [Cov:============>                      36%]
[Progress:==================>           61%] [Cov:============>                      36%]
[Progress:==================>           61%] [Cov:============>                      36%]
[Progress:==================>           61%] [Cov:============>                      36%]
[Progress:==================>           61%] [Cov:============>                      36%]
[Progress:==================>           61%] [Cov:============>                      36%]
[Progress:==================>           61%] [Cov:============>                      36%]
[Progress:==================>           61%] [Cov:============>                      36%]
[Progress:==================>           61%] [Cov:============>                      36%]
[Progress:==================>           61%] [Cov:============>                      36%]
[Progress:==================>           61%] [Cov:============>                      36%]
[Progress:==================>           61%] [Cov:============>                      36%]
[Progress:==================>           61%] [Cov:============>                      36%]
[Progress:==================>           61%] [Cov:============>                      36%]
[Progress:==================>           61%] [Cov:============>                      36%]
[Progress:==================>           61%] [Cov:============>                      36%]
[Progress:==================>           61%] [Cov:============>                      36%]
[Progress:==================>           62%] [Cov:============>                      36%]
[Progress:==================>           62%] [Cov:============>                      36%]
[Progress:==================>           62%] [Cov:============>                      36%]
[Progress:==================>           62%] [Cov:============>                      36%]
[Progress:==================>           62%] [Cov:============>                      36%]
[Progress:==================>           62%] [Cov:============>                      36%]
[Progress:==================>           62%] [Cov:============>                      36%]
[Progress:==================>           62%] [Cov:============>                      36%]
[Progress:==================>           62%] [Cov:============>                      36%]
[Progress:==================>           62%] [Cov:============>                      36%]
[Progress:==================>           62%] [Cov:============>                      36%]
[Progress:==================>           62%] [Cov:============>                      36%]
[Progress:==================>           62%] [Cov:============>                      36%]
[Progress:==================>           62%] [Cov:============>                      36%]
[Progress:==================>           62%] [Cov:============>                      36%]
[Progress:==================>           62%] [Cov:============>                      36%]
[Progress:==================>           62%] [Cov:============>                      36%]
[Progress:==================>           62%] [Cov:============>                      36%]
[Progress:==================>           62%] [Cov:============>                      36%]
[Progress:==================>           62%] [Cov:============>                      36%]
[Progress:==================>           62%] [Cov:============>                      36%]
[Progress:==================>           62%] [Cov:============>                      36%]
[Progress:==================>           62%] [Cov:============>                      36%]
[Progress:==================>           62%] [Cov:============>                      36%]
[Progress:==================>           62%] [Cov:============>                      36%]
[Progress:==================>           62%] [Cov:============>                      36%]
[Progress:==================>           62%] [Cov:============>                      36%]
[Progress:==================>           62%] [Cov:============>                      36%]
[Progress:==================>           62%] [Cov:============>                      36%]
[Progress:==================>           62%] [Cov:============>                      36%]
[Progress:==================>           62%] [Cov:============>                      36%]
[Progress:==================>           62%] [Cov:============>                      36%]
[Progress:==================>           62%] [Cov:============>                      36%]
[Progress:==================>           62%] [Cov:============>                      36%]
[Progress:==================>           62%] [Cov:============>                      36%]
[Progress:==================>           62%] [Cov:============>                      36%]
[Progress:==================>           62%] [Cov:============>                      36%]
[Progress:==================>           62%] [Cov:============>                      36%]
[Progress:==================>           62%] [Cov:============>                      36%]
[Progress:==================>           62%] [Cov:============>                      36%]
[Progress:==================>           62%] [Cov:============>                      36%]
[Progress:==================>           62%] [Cov:============>                      36%]
[Progress:==================>           62%] [Cov:============>                      36%]
[Progress:==================>           62%] [Cov:============>                      36%]
[Progress:==================>           62%] [Cov:============>                      36%]
[Progress:==================>           62%] [Cov:============>                      36%]
[Progress:==================>           62%] [Cov:============>                      36%]
[Progress:==================>           62%] [Cov:============>                      36%]
[Progress:==================>           62%] [Cov:============>                      36%]
[Progress:==================>           62%] [Cov:============>                      36%]
[Progress:==================>           62%] [Cov:============>                      36%]
[Progress:==================>           62%] [Cov:============>                      36%]
[Progress:==================>           62%] [Cov:============>                      36%]
[Progress:==================>           62%] [Cov:============>                      36%]
[Progress:==================>           62%] [Cov:============>                      36%]
[Progress:==================>           62%] [Cov:============>                      36%]
[Progress:==================>           62%] [Cov:============>                      36%]
[Progress:==================>           63%] [Cov:============>                      36%]
[Progress:==================>           63%] [Cov:============>                      36%]
[Progress:==================>           63%] [Cov:============>                      36%]
[Progress:==================>           63%] [Cov:============>                      36%]
[Progress:==================>           63%] [Cov:============>                      36%]
[Progress:==================>           63%] [Cov:============>                      36%]
[Progress:==================>           63%] [Cov:============>                      36%]
[Progress:==================>           63%] [Cov:============>                      36%]
[Progress:==================>           63%] [Cov:============>                      36%]
[Progress:==================>           63%] [Cov:============>                      36%]
[Progress:==================>           63%] [Cov:============>                      36%]
[Progress:==================>           63%] [Cov:============>                      36%]
[Progress:==================>           63%] [Cov:============>                      36%]
[Progress:==================>           63%] [Cov:============>                      36%]
[Progress:==================>           63%] [Cov:============>                      36%]
[Progress:==================>           63%] [Cov:============>                      36%]
[Progress:==================>           63%] [Cov:============>                      36%]
[Progress:==================>           63%] [Cov:============>                      36%]
[Progress:==================>           63%] [Cov:============>                      36%]
[Progress:==================>           63%] [Cov:============>                      36%]
[Progress:==================>           63%] [Cov:============>                      36%]
[Progress:==================>           63%] [Cov:============>                      36%]
[Progress:==================>           63%] [Cov:============>                      36%]
[Progress:==================>           63%] [Cov:============>                      36%]
[Progress:==================>           63%] [Cov:============>                      36%]
[Progress:==================>           63%] [Cov:============>                      36%]
[Progress:==================>           63%] [Cov:============>                      36%]
[Progress:==================>           63%] [Cov:============>                      36%]
[Progress:==================>           63%] [Cov:============>                      36%]
[Progress:==================>           63%] [Cov:============>                      36%]
[Progress:==================>           63%] [Cov:============>                      36%]
[Progress:==================>           63%] [Cov:============>                      36%]
[Progress:==================>           63%] [Cov:============>                      36%]
[Progress:==================>           63%] [Cov:============>                      36%]
[Progress:==================>           63%] [Cov:============>                      36%]
[Progress:==================>           63%] [Cov:============>                      36%]
[Progress:==================>           63%] [Cov:============>                      36%]
[Progress:==================>           63%] [Cov:============>                      36%]
[Progress:==================>           63%] [Cov:============>                      36%]
[Progress:==================>           63%] [Cov:============>                      36%]
[Progress:==================>           63%] [Cov:============>                      36%]
[Progress:==================>           63%] [Cov:============>                      36%]
[Progress:==================>           63%] [Cov:============>                      36%]
[Progress:==================>           63%] [Cov:============>                      36%]
[Progress:==================>           63%] [Cov:============>                      36%]
[Progress:==================>           63%] [Cov:============>                      36%]
[Progress:==================>           63%] [Cov:============>                      36%]
[Progress:==================>           63%] [Cov:============>                      36%]
[Progress:==================>           63%] [Cov:============>                      36%]
[Progress:==================>           63%] [Cov:============>                      36%]
[Progress:==================>           63%] [Cov:============>                      36%]
[Progress:===================>          64%] [Cov:============>                      36%]
[Progress:===================>          64%] [Cov:============>                      36%]
[Progress:===================>          64%] [Cov:============>                      36%]
[Progress:===================>          64%] [Cov:============>                      36%]
[Progress:===================>          64%] [Cov:============>                      36%]
[Progress:===================>          64%] [Cov:============>                      36%]
[Progress:===================>          64%] [Cov:============>                      36%]
[Progress:===================>          64%] [Cov:============>                      36%]
[Progress:===================>          64%] [Cov:============>                      36%]
[Progress:===================>          64%] [Cov:============>                      36%]
[Progress:===================>          64%] [Cov:============>                      36%]
[Progress:===================>          64%] [Cov:============>                      36%]
[Progress:===================>          64%] [Cov:============>                      36%]
[Progress:===================>          64%] [Cov:============>                      36%]
[Progress:===================>          64%] [Cov:============>                      36%]
[Progress:===================>          64%] [Cov:============>                      36%]
[Progress:===================>          64%] [Cov:============>                      36%]
[Progress:===================>          64%] [Cov:============>                      36%]
[Progress:===================>          64%] [Cov:============>                      36%]
[Progress:===================>          64%] [Cov:============>                      36%]
[Progress:===================>          64%] [Cov:============>                      36%]
[Progress:===================>          64%] [Cov:============>                      36%]
[Progress:===================>          64%] [Cov:============>                      36%]
[Progress:===================>          64%] [Cov:============>                      36%]
[Progress:===================>          64%] [Cov:============>                      36%]
[Progress:===================>          64%] [Cov:============>                      36%]
[Progress:===================>          64%] [Cov:============>                      36%]
[Progress:===================>          64%] [Cov:============>                      36%]
[Progress:===================>          64%] [Cov:============>                      36%]
[Progress:===================>          64%] [Cov:============>                      36%]
[Progress:===================>          64%] [Cov:============>                      36%]
[Progress:===================>          64%] [Cov:============>                      36%]
[Progress:===================>          64%] [Cov:============>                      36%]
[Progress:===================>          64%] [Cov:============>                      36%]
[Progress:===================>          64%] [Cov:============>                      36%]
[Progress:===================>          64%] [Cov:============>                      36%]
[Progress:===================>          64%] [Cov:============>                      36%]
[Progress:===================>          64%] [Cov:============>                      36%]
[Progress:===================>          64%] [Cov:============>                      36%]
[Progress:===================>          64%] [Cov:============>                      36%]
[Progress:===================>          64%] [Cov:============>                      36%]
[Progress:===================>          64%] [Cov:============>                      36%]
[Progress:===================>          64%] [Cov:============>                      36%]
[Progress:===================>          64%] [Cov:============>                      36%]
[Progress:===================>          64%] [Cov:============>                      36%]
[Progress:===================>          64%] [Cov:============>                      36%]
[Progress:===================>          64%] [Cov:============>                      36%]
[Progress:===================>          64%] [Cov:============>                      36%]
[Progress:===================>          64%] [Cov:============>                      36%]
[Progress:===================>          64%] [Cov:============>                      36%]
[Progress:===================>          64%] [Cov:============>                      36%]
[Progress:===================>          64%] [Cov:============>                      36%]
[Progress:===================>          64%] [Cov:============>                      36%]
[Progress:===================>          64%] [Cov:============>                      36%]
[Progress:===================>          65%] [Cov:============>                      36%]
[Progress:===================>          65%] [Cov:============>                      36%]
[Progress:===================>          65%] [Cov:============>                      36%]
[Progress:===================>          65%] [Cov:============>                      36%]
[Progress:===================>          65%] [Cov:============>                      36%]
[Progress:===================>          65%] [Cov:============>                      36%]
[Progress:===================>          65%] [Cov:============>                      36%]
[Progress:===================>          65%] [Cov:============>                      36%]
[Progress:===================>          65%] [Cov:============>                      36%]
[Progress:===================>          65%] [Cov:============>                      36%]
[Progress:===================>          65%] [Cov:============>                      36%]
[Progress:===================>          65%] [Cov:============>                      36%]
[Progress:===================>          65%] [Cov:============>                      36%]
[Progress:===================>          65%] [Cov:============>                      36%]
[Progress:===================>          65%] [Cov:============>                      36%]
[Progress:===================>          65%] [Cov:============>                      36%]
[Progress:===================>          65%] [Cov:============>                      36%]
[Progress:===================>          65%] [Cov:============>                      36%]
[Progress:===================>          65%] [Cov:============>                      36%]
[Progress:===================>          65%] [Cov:============>                      36%]
[Progress:===================>          65%] [Cov:============>                      36%]
[Progress:===================>          65%] [Cov:============>                      36%]
[Progress:===================>          65%] [Cov:============>                      36%]
[Progress:===================>          65%] [Cov:============>                      36%]
[Progress:===================>          65%] [Cov:============>                      36%]
[Progress:===================>          65%] [Cov:============>                      36%]
[Progress:===================>          65%] [Cov:============>                      36%]
[Progress:===================>          65%] [Cov:============>                      36%]
[Progress:===================>          65%] [Cov:============>                      36%]
[Progress:===================>          65%] [Cov:============>                      36%]
[Progress:===================>          65%] [Cov:============>                      36%]
[Progress:===================>          65%] [Cov:============>                      36%]
[Progress:===================>          65%] [Cov:============>                      36%]
[Progress:===================>          65%] [Cov:============>                      36%]
[Progress:===================>          65%] [Cov:============>                      36%]
[Progress:===================>          65%] [Cov:============>                      36%]
[Progress:===================>          65%] [Cov:============>                      36%]
[Progress:===================>          65%] [Cov:============>                      36%]
[Progress:===================>          65%] [Cov:============>                      36%]
[Progress:===================>          65%] [Cov:============>                      36%]
[Progress:===================>          65%] [Cov:============>                      36%]
[Progress:===================>          65%] [Cov:============>                      36%]
[Progress:===================>          65%] [Cov:============>                      36%]
[Progress:===================>          65%] [Cov:============>                      36%]
[Progress:===================>          65%] [Cov:============>                      36%]
[Progress:===================>          65%] [Cov:============>                      36%]
[Progress:===================>          65%] [Cov:============>                      36%]
[Progress:===================>          65%] [Cov:============>                      36%]
[Progress:===================>          65%] [Cov:============>                      36%]
[Progress:===================>          65%] [Cov:============>                      36%]
[Progress:===================>          65%] [Cov:============>                      36%]
[Progress:===================>          65%] [Cov:============>                      36%]
[Progress:===================>          65%] [Cov:============>                      36%]
[Progress:===================>          65%] [Cov:============>                      36%]
[Progress:===================>          65%] [Cov:============>                      36%]
[Progress:===================>          65%] [Cov:============>                      36%]
[Progress:===================>          65%] [Cov:============>                      36%]
[Progress:===================>          65%] [Cov:============>                      36%]
[Progress:===================>          65%] [Cov:============>                      36%]
[Progress:===================>          65%] [Cov:============>                      36%]
[Progress:===================>          65%] [Cov:============>                      36%]
[Progress:===================>          65%] [Cov:============>                      36%]
[Progress:===================>          65%] [Cov:============>                      36%]
[Progress:===================>          65%] [Cov:============>                      36%]
[Progress:===================>          65%] [Cov:============>                      36%]
[Progress:===================>          65%] [Cov:============>                      36%]
[Progress:===================>          65%] [Cov:============>                      36%]
[Progress:===================>          65%] [Cov:============>                      36%]
[Progress:===================>          65%] [Cov:============>                      36%]
[Progress:===================>          65%] [Cov:============>                      36%]
[Progress:===================>          65%] [Cov:============>                      36%]
[Progress:===================>          65%] [Cov:============>                      36%]
[Progress:===================>          65%] [Cov:============>                      36%]
[Progress:===================>          65%] [Cov:============>                      36%]
[Progress:===================>          65%] [Cov:============>                      36%]
[Progress:===================>          65%] [Cov:============>                      36%]
[Progress:===================>          65%] [Cov:============>                      36%]
[Progress:===================>          65%] [Cov:============>                      36%]
[Progress:===================>          65%] [Cov:============>                      36%]
[Progress:===================>          65%] [Cov:============>                      36%]
[Progress:===================>          65%] [Cov:============>                      36%]
[Progress:===================>          65%] [Cov:============>                      36%]
[Progress:===================>          65%] [Cov:============>                      36%]
[Progress:===================>          65%] [Cov:============>                      36%]
[Progress:===================>          65%] [Cov:============>                      36%]
[Progress:===================>          65%] [Cov:============>                      36%]
[Progress:===================>          65%] [Cov:============>                      36%]
[Progress:===================>          65%] [Cov:============>                      36%]
[Progress:===================>          65%] [Cov:============>                      36%]
[Progress:===================>          65%] [Cov:============>                      36%]
[Progress:===================>          65%] [Cov:============>                      36%]
[Progress:===================>          65%] [Cov:============>                      36%]
[Progress:===================>          65%] [Cov:============>                      36%]
[Progress:===================>          65%] [Cov:============>                      36%]
[Progress:===================>          65%] [Cov:============>                      36%]
[Progress:===================>          65%] [Cov:============>                      36%]
[Progress:===================>          65%] [Cov:============>                      36%]
[Progress:===================>          65%] [Cov:============>                      36%]
[Progress:===================>          65%] [Cov:============>                      36%]
[Progress:===================>          65%] [Cov:============>                      36%]
[Progress:===================>          65%] [Cov:============>                      36%]
[Progress:===================>          65%] [Cov:============>                      36%]
[Progress:===================>          65%] [Cov:============>                      36%]
[Progress:===================>          65%] [Cov:============>                      36%]
[Progress:===================>          65%] [Cov:============>                      36%]
[Progress:===================>          65%] [Cov:============>                      36%]
[Progress:===================>          65%] [Cov:============>                      36%]
[Progress:===================>          65%] [Cov:============>                      36%]
[Progress:===================>          65%] [Cov:============>                      36%]
[Progress:===================>          65%] [Cov:============>                      36%]
[Progress:===================>          65%] [Cov:============>                      36%]
[Progress:===================>          65%] [Cov:============>                      36%]
[Progress:===================>          66%] [Cov:============>                      36%]
[Progress:===================>          66%] [Cov:============>                      36%]
[Progress:===================>          66%] [Cov:============>                      36%]
[Progress:===================>          66%] [Cov:============>                      36%]
[Progress:===================>          66%] [Cov:============>                      36%]
[Progress:===================>          66%] [Cov:============>                      36%]
[Progress:===================>          66%] [Cov:============>                      36%]
[Progress:===================>          66%] [Cov:============>                      36%]
[Progress:===================>          66%] [Cov:============>                      36%]
[Progress:===================>          66%] [Cov:============>                      36%]
[Progress:===================>          66%] [Cov:============>                      36%]
[Progress:===================>          66%] [Cov:============>                      36%]
[Progress:===================>          66%] [Cov:============>                      36%]
[Progress:===================>          66%] [Cov:============>                      36%]
[Progress:===================>          66%] [Cov:============>                      36%]
[Progress:===================>          66%] [Cov:============>                      36%]
[Progress:===================>          66%] [Cov:============>                      36%]
[Progress:===================>          66%] [Cov:============>                      36%]
[Progress:===================>          66%] [Cov:============>                      36%]
[Progress:===================>          66%] [Cov:============>                      36%]
[Progress:===================>          66%] [Cov:============>                      36%]
[Progress:===================>          66%] [Cov:============>                      36%]
[Progress:===================>          66%] [Cov:============>                      36%]
[Progress:===================>          66%] [Cov:============>                      36%]
[Progress:===================>          66%] [Cov:============>                      36%]
[Progress:===================>          66%] [Cov:============>                      36%]
[Progress:===================>          66%] [Cov:============>                      36%]
[Progress:===================>          66%] [Cov:============>                      36%]
[Progress:===================>          66%] [Cov:============>                      36%]
[Progress:===================>          66%] [Cov:============>                      36%]
[Progress:===================>          66%] [Cov:============>                      36%]
[Progress:===================>          66%] [Cov:============>                      36%]
[Progress:===================>          66%] [Cov:============>                      36%]
[Progress:===================>          66%] [Cov:============>                      36%]
[Progress:===================>          66%] [Cov:============>                      36%]
[Progress:===================>          66%] [Cov:============>                      36%]
[Progress:===================>          66%] [Cov:============>                      36%]
[Progress:===================>          66%] [Cov:============>                      36%]
[Progress:===================>          66%] [Cov:============>                      36%]
[Progress:===================>          66%] [Cov:============>                      36%]
[Progress:===================>          66%] [Cov:============>                      36%]
[Progress:===================>          66%] [Cov:============>                      36%]
[Progress:===================>          66%] [Cov:============>                      36%]
[Progress:===================>          66%] [Cov:============>                      36%]
[Progress:===================>          66%] [Cov:============>                      36%]
[Progress:===================>          66%] [Cov:============>                      36%]
[Progress:===================>          66%] [Cov:============>                      36%]
[Progress:===================>          66%] [Cov:============>                      36%]
[Progress:===================>          66%] [Cov:============>                      36%]
[Progress:===================>          66%] [Cov:============>                      36%]
[Progress:===================>          66%] [Cov:============>                      36%]
[Progress:===================>          66%] [Cov:============>                      36%]
[Progress:===================>          66%] [Cov:============>                      36%]
[Progress:===================>          66%] [Cov:============>                      36%]
[Progress:===================>          66%] [Cov:============>                      36%]
[Progress:===================>          66%] [Cov:============>                      36%]
[Progress:===================>          66%] [Cov:============>                      36%]
[Progress:===================>          66%] [Cov:============>                      36%]
[Progress:====================>         67%] [Cov:============>                      36%]
[Progress:====================>         67%] [Cov:============>                      36%]
[Progress:====================>         67%] [Cov:============>                      36%]
[Progress:====================>         67%] [Cov:============>                      36%]
[Progress:====================>         67%] [Cov:============>                      36%]
[Progress:====================>         67%] [Cov:============>                      36%]
[Progress:====================>         67%] [Cov:============>                      36%]
[Progress:====================>         67%] [Cov:============>                      36%]
[Progress:====================>         67%] [Cov:============>                      36%]
[Progress:====================>         67%] [Cov:============>                      36%]
[Progress:====================>         67%] [Cov:============>                      36%]
[Progress:====================>         67%] [Cov:============>                      36%]
[Progress:====================>         67%] [Cov:============>                      36%]
[Progress:====================>         67%] [Cov:============>                      36%]
[Progress:====================>         67%] [Cov:============>                      36%]
[Progress:====================>         67%] [Cov:============>                      36%]
[Progress:====================>         67%] [Cov:============>                      36%]
[Progress:====================>         67%] [Cov:============>                      36%]
[Progress:====================>         67%] [Cov:============>                      36%]
[Progress:====================>         67%] [Cov:============>                      36%]
[Progress:====================>         67%] [Cov:============>                      36%]
[Progress:====================>         67%] [Cov:============>                      36%]
[Progress:====================>         67%] [Cov:============>                      36%]
[Progress:====================>         67%] [Cov:============>                      36%]
[Progress:====================>         67%] [Cov:============>                      36%]
[Progress:====================>         67%] [Cov:============>                      36%]
[Progress:====================>         67%] [Cov:============>                      36%]
[Progress:====================>         67%] [Cov:============>                      36%]
[Progress:====================>         67%] [Cov:============>                      36%]
[Progress:====================>         67%] [Cov:============>                      36%]
[Progress:====================>         67%] [Cov:============>                      36%]
[Progress:====================>         67%] [Cov:============>                      36%]
[Progress:====================>         67%] [Cov:============>                      36%]
[Progress:====================>         67%] [Cov:============>                      36%]
[Progress:====================>         67%] [Cov:============>                      36%]
[Progress:====================>         67%] [Cov:============>                      36%]
[Progress:====================>         67%] [Cov:============>                      36%]
[Progress:====================>         67%] [Cov:============>                      36%]
[Progress:====================>         67%] [Cov:============>                      36%]
[Progress:====================>         67%] [Cov:============>                      36%]
[Progress:====================>         67%] [Cov:============>                      36%]
[Progress:====================>         67%] [Cov:============>                      36%]
[Progress:====================>         67%] [Cov:============>                      36%]
[Progress:====================>         67%] [Cov:============>                      36%]
[Progress:====================>         67%] [Cov:============>                      36%]
[Progress:====================>         67%] [Cov:============>                      36%]
[Progress:====================>         67%] [Cov:============>                      36%]
[Progress:====================>         67%] [Cov:============>                      36%]
[Progress:====================>         67%] [Cov:============>                      36%]
[Progress:====================>         67%] [Cov:============>                      36%]
[Progress:====================>         67%] [Cov:============>                      36%]
[Progress:====================>         67%] [Cov:============>                      36%]
[Progress:====================>         67%] [Cov:============>                      36%]
[Progress:====================>         68%] [Cov:============>                      36%]
[Progress:====================>         68%] [Cov:============>                      36%]
[Progress:====================>         68%] [Cov:============>                      36%]
[Progress:====================>         68%] [Cov:============>                      36%]
[Progress:====================>         68%] [Cov:============>                      36%]
[Progress:====================>         68%] [Cov:============>                      36%]
[Progress:====================>         68%] [Cov:============>                      36%]
[Progress:====================>         68%] [Cov:============>                      36%]
[Progress:====================>         68%] [Cov:============>                      36%]
[Progress:====================>         68%] [Cov:============>                      36%]
[Progress:====================>         68%] [Cov:============>                      36%]
[Progress:====================>         68%] [Cov:============>                      36%]
[Progress:====================>         68%] [Cov:============>                      36%]
[Progress:====================>         68%] [Cov:============>                      36%]
[Progress:====================>         68%] [Cov:============>                      36%]
[Progress:====================>         68%] [Cov:============>                      36%]
[Progress:====================>         68%] [Cov:============>                      36%]
[Progress:====================>         68%] [Cov:============>                      36%]
[Progress:====================>         68%] [Cov:============>                      36%]
[Progress:====================>         68%] [Cov:============>                      36%]
[Progress:====================>         68%] [Cov:============>                      36%]
[Progress:====================>         68%] [Cov:============>                      36%]
[Progress:====================>         68%] [Cov:============>                      36%]
[Progress:====================>         68%] [Cov:============>                      36%]
[Progress:====================>         68%] [Cov:============>                      36%]
[Progress:====================>         68%] [Cov:============>                      36%]
[Progress:====================>         68%] [Cov:============>                      36%]
[Progress:====================>         68%] [Cov:============>                      36%]
[Progress:====================>         68%] [Cov:============>                      36%]
[Progress:====================>         68%] [Cov:============>                      36%]
[Progress:====================>         68%] [Cov:============>                      36%]
[Progress:====================>         68%] [Cov:============>                      36%]
[Progress:====================>         68%] [Cov:============>                      36%]
[Progress:====================>         68%] [Cov:============>                      36%]
[Progress:====================>         68%] [Cov:============>                      36%]
[Progress:====================>         68%] [Cov:============>                      36%]
[Progress:====================>         68%] [Cov:============>                      36%]
[Progress:====================>         68%] [Cov:============>                      36%]
[Progress:====================>         68%] [Cov:============>                      36%]
[Progress:====================>         68%] [Cov:============>                      36%]
[Progress:====================>         68%] [Cov:============>                      36%]
[Progress:====================>         68%] [Cov:============>                      36%]
[Progress:====================>         68%] [Cov:============>                      36%]
[Progress:====================>         68%] [Cov:============>                      36%]
[Progress:====================>         68%] [Cov:============>                      36%]
[Progress:====================>         68%] [Cov:============>                      36%]
[Progress:====================>         68%] [Cov:============>                      36%]
[Progress:====================>         68%] [Cov:============>                      36%]
[Progress:====================>         68%] [Cov:============>                      36%]
[Progress:====================>         68%] [Cov:============>                      36%]
[Progress:====================>         68%] [Cov:============>                      36%]
[Progress:====================>         68%] [Cov:============>                      36%]
[Progress:====================>         68%] [Cov:============>                      36%]
[Progress:====================>         68%] [Cov:============>                      36%]
[Progress:====================>         68%] [Cov:============>                      36%]
[Progress:====================>         68%] [Cov:============>                      36%]
[Progress:====================>         68%] [Cov:============>                      36%]
[Progress:====================>         68%] [Cov:============>                      36%]
[Progress:====================>         68%] [Cov:============>                      36%]
[Progress:====================>         69%] [Cov:============>                      36%]
[Progress:====================>         69%] [Cov:============>                      36%]
[Progress:====================>         69%] [Cov:============>                      36%]
[Progress:====================>         69%] [Cov:============>                      36%]
[Progress:====================>         69%] [Cov:============>                      36%]
[Progress:====================>         69%] [Cov:============>                      36%]
[Progress:====================>         69%] [Cov:============>                      36%]
[Progress:====================>         69%] [Cov:============>                      36%]
[Progress:====================>         69%] [Cov:============>                      36%]
[Progress:====================>         69%] [Cov:============>                      36%]
[Progress:====================>         69%] [Cov:============>                      36%]
[Progress:====================>         69%] [Cov:============>                      36%]
[Progress:====================>         69%] [Cov:============>                      36%]
[Progress:====================>         69%] [Cov:============>                      36%]
[Progress:====================>         69%] [Cov:============>                      36%]
[Progress:====================>         69%] [Cov:============>                      36%]
[Progress:====================>         69%] [Cov:============>                      36%]
[Progress:====================>         69%] [Cov:============>                      36%]
[Progress:====================>         69%] [Cov:============>                      36%]
[Progress:====================>         69%] [Cov:============>                      36%]
[Progress:====================>         69%] [Cov:============>                      36%]
[Progress:====================>         69%] [Cov:============>                      36%]
[Progress:====================>         69%] [Cov:============>                      36%]
[Progress:====================>         69%] [Cov:============>                      36%]
[Progress:====================>         69%] [Cov:============>                      36%]
[Progress:====================>         69%] [Cov:============>                      36%]
[Progress:====================>         69%] [Cov:============>                      36%]
[Progress:====================>         69%] [Cov:============>                      36%]
[Progress:====================>         69%] [Cov:============>                      36%]
[Progress:====================>         69%] [Cov:============>                      36%]
[Progress:====================>         69%] [Cov:============>                      36%]
[Progress:====================>         69%] [Cov:============>                      36%]
[Progress:====================>         69%] [Cov:============>                      36%]
[Progress:====================>         69%] [Cov:============>                      36%]
[Progress:====================>         69%] [Cov:============>                      36%]
[Progress:====================>         69%] [Cov:============>                      36%]
[Progress:====================>         69%] [Cov:============>                      36%]
[Progress:====================>         69%] [Cov:============>                      36%]
[Progress:====================>         69%] [Cov:============>                      36%]
[Progress:====================>         69%] [Cov:============>                      36%]
[Progress:====================>         69%] [Cov:============>                      36%]
[Progress:====================>         69%] [Cov:============>                      36%]
[Progress:====================>         69%] [Cov:============>                      36%]
[Progress:====================>         69%] [Cov:============>                      36%]
[Progress:====================>         69%] [Cov:============>                      36%]
[Progress:====================>         69%] [Cov:============>                      36%]
[Progress:====================>         69%] [Cov:============>                      36%]
[Progress:====================>         69%] [Cov:============>                      36%]
[Progress:====================>         69%] [Cov:============>                      36%]
[Progress:====================>         69%] [Cov:============>                      36%]
[Progress:====================>         69%] [Cov:============>                      36%]
[Progress:====================>         69%] [Cov:============>                      36%]
[Progress:====================>         69%] [Cov:============>                      36%]
[Progress:====================>         69%] [Cov:============>                      36%]
[Progress:====================>         69%] [Cov:============>                      36%]
[Progress:====================>         69%] [Cov:============>                      36%]
[Progress:====================>         69%] [Cov:============>                      36%]
[Progress:====================>         69%] [Cov:============>                      36%]
[Progress:=====================>        70%] [Cov:============>                      36%]
[Progress:=====================>        70%] [Cov:============>                      36%]
[Progress:=====================>        70%] [Cov:============>                      36%]
[Progress:=====================>        70%] [Cov:============>                      36%]
[Progress:=====================>        70%] [Cov:============>                      36%]
[Progress:=====================>        70%] [Cov:============>                      36%]
[Progress:=====================>        70%] [Cov:============>                      36%]
[Progress:=====================>        70%] [Cov:============>                      36%]
[Progress:=====================>        70%] [Cov:============>                      36%]
[Progress:=====================>        70%] [Cov:============>                      36%]
[Progress:=====================>        70%] [Cov:============>                      36%]
[Progress:=====================>        70%] [Cov:============>                      36%]
[Progress:=====================>        70%] [Cov:============>                      36%]
[Progress:=====================>        70%] [Cov:============>                      36%]
[Progress:=====================>        70%] [Cov:============>                      36%]
[Progress:=====================>        70%] [Cov:============>                      36%]
[Progress:=====================>        70%] [Cov:============>                      36%]
[Progress:=====================>        70%] [Cov:============>                      36%]
[Progress:=====================>        70%] [Cov:============>                      36%]
[Progress:=====================>        70%] [Cov:============>                      36%]
[Progress:=====================>        70%] [Cov:============>                      36%]
[Progress:=====================>        70%] [Cov:============>                      36%]
[Progress:=====================>        70%] [Cov:============>                      36%]
[Progress:=====================>        70%] [Cov:============>                      36%]
[Progress:=====================>        70%] [Cov:============>                      36%]
[Progress:=====================>        70%] [Cov:============>                      36%]
[Progress:=====================>        70%] [Cov:============>                      36%]
[Progress:=====================>        70%] [Cov:============>                      36%]
[Progress:=====================>        70%] [Cov:============>                      36%]
[Progress:=====================>        70%] [Cov:============>                      36%]
[Progress:=====================>        70%] [Cov:============>                      36%]
[Progress:=====================>        70%] [Cov:============>                      36%]
[Progress:=====================>        70%] [Cov:============>                      36%]
[Progress:=====================>        70%] [Cov:============>                      36%]
[Progress:=====================>        70%] [Cov:============>                      36%]
[Progress:=====================>        70%] [Cov:============>                      36%]
[Progress:=====================>        70%] [Cov:============>                      36%]
[Progress:=====================>        70%] [Cov:============>                      36%]
[Progress:=====================>        70%] [Cov:============>                      36%]
[Progress:=====================>        70%] [Cov:============>                      36%]
[Progress:=====================>        70%] [Cov:============>                      36%]
[Progress:=====================>        70%] [Cov:============>                      36%]
[Progress:=====================>        70%] [Cov:============>                      36%]
[Progress:=====================>        70%] [Cov:============>                      36%]
[Progress:=====================>        70%] [Cov:============>                      36%]
[Progress:=====================>        70%] [Cov:============>                      36%]
[Progress:=====================>        70%] [Cov:============>                      36%]
[Progress:=====================>        70%] [Cov:============>                      36%]
[Progress:=====================>        70%] [Cov:============>                      36%]
[Progress:=====================>        70%] [Cov:============>                      36%]
[Progress:=====================>        70%] [Cov:============>                      36%]
[Progress:=====================>        70%] [Cov:============>                      36%]
[Progress:=====================>        70%] [Cov:============>                      36%]
[Progress:=====================>        70%] [Cov:============>                      36%]
[Progress:=====================>        70%] [Cov:============>                      36%]
[Progress:=====================>        70%] [Cov:============>                      36%]
[Progress:=====================>        70%] [Cov:============>                      36%]
[Progress:=====================>        70%] [Cov:============>                      36%]
[Progress:=====================>        70%] [Cov:============>                      36%]
[Progress:=====================>        70%] [Cov:============>                      36%]
[Progress:=====================>        70%] [Cov:============>                      36%]
[Progress:=====================>        70%] [Cov:============>                      36%]
[Progress:=====================>        70%] [Cov:============>                      36%]
[Progress:=====================>        70%] [Cov:============>                      36%]
[Progress:=====================>        70%] [Cov:============>                      36%]
[Progress:=====================>        70%] [Cov:============>                      36%]
[Progress:=====================>        70%] [Cov:============>                      36%]
[Progress:=====================>        70%] [Cov:============>                      36%]
[Progress:=====================>        70%] [Cov:============>                      36%]
[Progress:=====================>        70%] [Cov:============>                      36%]
[Progress:=====================>        70%] [Cov:============>                      36%]
[Progress:=====================>        70%] [Cov:============>                      36%]
[Progress:=====================>        70%] [Cov:============>                      36%]
[Progress:=====================>        70%] [Cov:============>                      36%]
[Progress:=====================>        70%] [Cov:============>                      36%]
[Progress:=====================>        70%] [Cov:============>                      36%]
[Progress:=====================>        70%] [Cov:============>                      36%]
[Progress:=====================>        70%] [Cov:============>                      36%]
[Progress:=====================>        70%] [Cov:============>                      36%]
[Progress:=====================>        70%] [Cov:============>                      36%]
[Progress:=====================>        70%] [Cov:============>                      36%]
[Progress:=====================>        70%] [Cov:============>                      36%]
[Progress:=====================>        70%] [Cov:============>                      36%]
[Progress:=====================>        70%] [Cov:============>                      36%]
[Progress:=====================>        70%] [Cov:============>                      36%]
[Progress:=====================>        70%] [Cov:============>                      36%]
[Progress:=====================>        70%] [Cov:============>                      36%]
[Progress:=====================>        70%] [Cov:============>                      36%]
[Progress:=====================>        70%] [Cov:============>                      36%]
[Progress:=====================>        70%] [Cov:============>                      36%]
[Progress:=====================>        70%] [Cov:============>                      36%]
[Progress:=====================>        70%] [Cov:============>                      36%]
[Progress:=====================>        70%] [Cov:============>                      36%]
[Progress:=====================>        70%] [Cov:============>                      36%]
[Progress:=====================>        70%] [Cov:============>                      36%]
[Progress:=====================>        70%] [Cov:============>                      36%]
[Progress:=====================>        70%] [Cov:============>                      36%]
[Progress:=====================>        70%] [Cov:============>                      36%]
[Progress:=====================>        70%] [Cov:============>                      36%]
[Progress:=====================>        70%] [Cov:============>                      36%]
[Progress:=====================>        70%] [Cov:============>                      36%]
[Progress:=====================>        70%] [Cov:============>                      36%]
[Progress:=====================>        70%] [Cov:============>                      36%]
[Progress:=====================>        70%] [Cov:============>                      36%]
[Progress:=====================>        70%] [Cov:============>                      36%]
[Progress:=====================>        70%] [Cov:============>                      36%]
[Progress:=====================>        70%] [Cov:============>                      36%]
[Progress:=====================>        70%] [Cov:============>                      36%]
[Progress:=====================>        70%] [Cov:============>                      36%]
[Progress:=====================>        70%] [Cov:============>                      36%]
[Progress:=====================>        70%] [Cov:============>                      36%]
[Progress:=====================>        70%] [Cov:============>                      36%]
[Progress:=====================>        70%] [Cov:============>                      36%]
[Progress:=====================>        70%] [Cov:============>                      36%]
[Progress:=====================>        70%] [Cov:============>                      36%]
[Progress:=====================>        70%] [Cov:============>                      36%]
[Progress:=====================>        70%] [Cov:============>                      36%]
[Progress:=====================>        70%] [Cov:============>                      36%]
[Progress:=====================>        70%] [Cov:============>                      36%]
[Progress:=====================>        71%] [Cov:============>                      36%]
[Progress:=====================>        71%] [Cov:============>                      36%]
[Progress:=====================>        71%] [Cov:============>                      36%]
[Progress:=====================>        71%] [Cov:============>                      36%]
[Progress:=====================>        71%] [Cov:============>                      36%]
[Progress:=====================>        71%] [Cov:============>                      36%]
[Progress:=====================>        71%] [Cov:============>                      36%]
[Progress:=====================>        71%] [Cov:============>                      36%]
[Progress:=====================>        71%] [Cov:============>                      36%]
[Progress:=====================>        71%] [Cov:============>                      36%]
[Progress:=====================>        71%] [Cov:============>                      36%]
[Progress:=====================>        71%] [Cov:============>                      36%]
[Progress:=====================>        71%] [Cov:============>                      36%]
[Progress:=====================>        71%] [Cov:============>                      36%]
[Progress:=====================>        71%] [Cov:============>                      36%]
[Progress:=====================>        71%] [Cov:============>                      36%]
[Progress:=====================>        71%] [Cov:============>                      36%]
[Progress:=====================>        71%] [Cov:============>                      36%]
[Progress:=====================>        71%] [Cov:============>                      36%]
[Progress:=====================>        71%] [Cov:============>                      36%]
[Progress:=====================>        71%] [Cov:============>                      36%]
[Progress:=====================>        71%] [Cov:============>                      36%]
[Progress:=====================>        71%] [Cov:============>                      36%]
[Progress:=====================>        71%] [Cov:============>                      36%]
[Progress:=====================>        71%] [Cov:============>                      36%]
[Progress:=====================>        71%] [Cov:============>                      36%]
[Progress:=====================>        71%] [Cov:============>                      36%]
[Progress:=====================>        71%] [Cov:============>                      36%]
[Progress:=====================>        71%] [Cov:============>                      36%]
[Progress:=====================>        71%] [Cov:============>                      36%]
[Progress:=====================>        71%] [Cov:============>                      36%]
[Progress:=====================>        71%] [Cov:============>                      36%]
[Progress:=====================>        71%] [Cov:============>                      36%]
[Progress:=====================>        71%] [Cov:============>                      36%]
[Progress:=====================>        71%] [Cov:============>                      36%]
[Progress:=====================>        71%] [Cov:============>                      36%]
[Progress:=====================>        71%] [Cov:============>                      36%]
[Progress:=====================>        71%] [Cov:============>                      36%]
[Progress:=====================>        71%] [Cov:============>                      36%]
[Progress:=====================>        71%] [Cov:============>                      36%]
[Progress:=====================>        71%] [Cov:============>                      36%]
[Progress:=====================>        71%] [Cov:============>                      36%]
[Progress:=====================>        71%] [Cov:============>                      36%]
[Progress:=====================>        71%] [Cov:============>                      36%]
[Progress:=====================>        71%] [Cov:============>                      36%]
[Progress:=====================>        71%] [Cov:============>                      36%]
[Progress:=====================>        71%] [Cov:============>                      36%]
[Progress:=====================>        71%] [Cov:============>                      36%]
[Progress:=====================>        71%] [Cov:============>                      36%]
[Progress:=====================>        71%] [Cov:============>                      36%]
[Progress:=====================>        72%] [Cov:============>                      36%]
[Progress:=====================>        72%] [Cov:============>                      36%]
[Progress:=====================>        72%] [Cov:============>                      36%]
[Progress:=====================>        72%] [Cov:============>                      36%]
[Progress:=====================>        72%] [Cov:============>                      36%]
[Progress:=====================>        72%] [Cov:============>                      36%]
[Progress:=====================>        72%] [Cov:============>                      36%]
[Progress:=====================>        72%] [Cov:============>                      36%]
[Progress:=====================>        72%] [Cov:============>                      36%]
[Progress:=====================>        72%] [Cov:============>                      36%]
[Progress:=====================>        72%] [Cov:============>                      36%]
[Progress:=====================>        72%] [Cov:============>                      36%]
[Progress:=====================>        72%] [Cov:============>                      36%]
[Progress:=====================>        72%] [Cov:============>                      36%]
[Progress:=====================>        72%] [Cov:============>                      36%]
[Progress:=====================>        72%] [Cov:============>                      36%]
[Progress:=====================>        72%] [Cov:============>                      36%]
[Progress:=====================>        72%] [Cov:============>                      36%]
[Progress:=====================>        72%] [Cov:============>                      36%]
[Progress:=====================>        72%] [Cov:============>                      36%]
[Progress:=====================>        72%] [Cov:============>                      36%]
[Progress:=====================>        72%] [Cov:============>                      36%]
[Progress:=====================>        72%] [Cov:============>                      36%]
[Progress:=====================>        72%] [Cov:============>                      36%]
[Progress:=====================>        72%] [Cov:============>                      36%]
[Progress:=====================>        72%] [Cov:============>                      36%]
[Progress:=====================>        72%] [Cov:============>                      36%]
[Progress:=====================>        72%] [Cov:============>                      36%]
[Progress:=====================>        72%] [Cov:============>                      36%]
[Progress:=====================>        72%] [Cov:============>                      36%]
[Progress:=====================>        72%] [Cov:============>                      36%]
[Progress:=====================>        72%] [Cov:============>                      36%]
[Progress:=====================>        73%] [Cov:============>                      36%]
[Progress:=====================>        73%] [Cov:============>                      36%]
[Progress:=====================>        73%] [Cov:============>                      36%]
[Progress:=====================>        73%] [Cov:============>                      36%]
[Progress:=====================>        73%] [Cov:============>                      36%]
[Progress:=====================>        73%] [Cov:============>                      36%]
[Progress:=====================>        73%] [Cov:============>                      36%]
[Progress:=====================>        73%] [Cov:============>                      36%]
[Progress:=====================>        73%] [Cov:============>                      36%]
[Progress:=====================>        73%] [Cov:============>                      36%]
[Progress:=====================>        73%] [Cov:============>                      36%]
[Progress:=====================>        73%] [Cov:============>                      36%]
[Progress:=====================>        73%] [Cov:============>                      36%]
[Progress:=====================>        73%] [Cov:============>                      36%]
[Progress:=====================>        73%] [Cov:============>                      36%]
[Progress:=====================>        73%] [Cov:============>                      36%]
[Progress:=====================>        73%] [Cov:============>                      36%]
[Progress:=====================>        73%] [Cov:============>                      36%]
[Progress:=====================>        73%] [Cov:============>                      36%]
[Progress:=====================>        73%] [Cov:============>                      36%]
[Progress:=====================>        73%] [Cov:============>                      36%]
[Progress:=====================>        73%] [Cov:============>                      36%]
[Progress:=====================>        73%] [Cov:============>                      36%]
[Progress:=====================>        73%] [Cov:============>                      36%]
[Progress:=====================>        73%] [Cov:============>                      36%]
[Progress:=====================>        73%] [Cov:============>                      36%]
[Progress:=====================>        73%] [Cov:============>                      36%]
[Progress:=====================>        73%] [Cov:============>                      36%]
[Progress:=====================>        73%] [Cov:============>                      36%]
[Progress:=====================>        73%] [Cov:============>                      36%]
[Progress:=====================>        73%] [Cov:============>                      36%]
[Progress:=====================>        73%] [Cov:============>                      36%]
[Progress:=====================>        73%] [Cov:============>                      36%]
[Progress:=====================>        73%] [Cov:============>                      36%]
[Progress:=====================>        73%] [Cov:============>                      36%]
[Progress:=====================>        73%] [Cov:============>                      36%]
[Progress:=====================>        73%] [Cov:============>                      36%]
[Progress:=====================>        73%] [Cov:============>                      36%]
[Progress:=====================>        73%] [Cov:============>                      36%]
[Progress:=====================>        73%] [Cov:============>                      36%]
[Progress:=====================>        73%] [Cov:============>                      36%]
[Progress:=====================>        73%] [Cov:============>                      36%]
[Progress:=====================>        73%] [Cov:============>                      36%]
[Progress:=====================>        73%] [Cov:============>                      36%]
[Progress:=====================>        73%] [Cov:============>                      36%]
[Progress:======================>       74%] [Cov:============>                      36%]
[Progress:======================>       74%] [Cov:============>                      36%]
[Progress:======================>       74%] [Cov:============>                      36%]
[Progress:======================>       74%] [Cov:============>                      36%]
[Progress:======================>       74%] [Cov:============>                      36%]
[Progress:======================>       74%] [Cov:============>                      36%]
[Progress:======================>       74%] [Cov:============>                      36%]
[Progress:======================>       74%] [Cov:============>                      36%]
[Progress:======================>       74%] [Cov:============>                      36%]
[Progress:======================>       74%] [Cov:============>                      36%]
[Progress:======================>       74%] [Cov:============>                      36%]
[Progress:======================>       74%] [Cov:============>                      36%]
[Progress:======================>       74%] [Cov:============>                      36%]
[Progress:======================>       74%] [Cov:============>                      36%]
[Progress:======================>       74%] [Cov:============>                      36%]
[Progress:======================>       74%] [Cov:============>                      36%]
[Progress:======================>       74%] [Cov:============>                      36%]
[Progress:======================>       74%] [Cov:============>                      36%]
[Progress:======================>       74%] [Cov:============>                      36%]
[Progress:======================>       74%] [Cov:============>                      36%]
[Progress:======================>       74%] [Cov:============>                      36%]
[Progress:======================>       74%] [Cov:============>                      36%]
[Progress:======================>       74%] [Cov:============>                      36%]
[Progress:======================>       74%] [Cov:============>                      36%]
[Progress:======================>       74%] [Cov:============>                      36%]
[Progress:======================>       74%] [Cov:============>                      36%]
[Progress:======================>       74%] [Cov:============>                      36%]
[Progress:======================>       74%] [Cov:============>                      36%]
[Progress:======================>       74%] [Cov:============>                      36%]
[Progress:======================>       74%] [Cov:============>                      36%]
[Progress:======================>       74%] [Cov:============>                      36%]
[Progress:======================>       74%] [Cov:============>                      36%]
[Progress:======================>       74%] [Cov:============>                      36%]
[Progress:======================>       74%] [Cov:============>                      36%]
[Progress:======================>       74%] [Cov:============>                      36%]
[Progress:======================>       74%] [Cov:============>                      36%]
[Progress:======================>       74%] [Cov:============>                      36%]
[Progress:======================>       74%] [Cov:============>                      36%]
[Progress:======================>       74%] [Cov:============>                      36%]
[Progress:======================>       74%] [Cov:============>                      36%]
[Progress:======================>       74%] [Cov:============>                      36%]
[Progress:======================>       74%] [Cov:============>                      36%]
[Progress:======================>       74%] [Cov:============>                      36%]
[Progress:======================>       74%] [Cov:============>                      36%]
[Progress:======================>       74%] [Cov:============>                      36%]
[Progress:======================>       74%] [Cov:============>                      36%]
[Progress:======================>       74%] [Cov:============>                      36%]
[Progress:======================>       74%] [Cov:============>                      36%]
[Progress:======================>       74%] [Cov:============>                      36%]
[Progress:======================>       75%] [Cov:============>                      36%]
[Progress:======================>       75%] [Cov:============>                      36%]
[Progress:======================>       75%] [Cov:============>                      36%]
[Progress:======================>       75%] [Cov:============>                      36%]
[Progress:======================>       75%] [Cov:============>                      36%]
[Progress:======================>       75%] [Cov:============>                      36%]
[Progress:======================>       75%] [Cov:============>                      36%]
[Progress:======================>       75%] [Cov:============>                      36%]
[Progress:======================>       75%] [Cov:============>                      36%]
[Progress:======================>       75%] [Cov:============>                      36%]
[Progress:======================>       75%] [Cov:============>                      36%]
[Progress:======================>       75%] [Cov:============>                      36%]
[Progress:======================>       75%] [Cov:============>                      36%]
[Progress:======================>       75%] [Cov:============>                      36%]
[Progress:======================>       75%] [Cov:============>                      36%]
[Progress:======================>       75%] [Cov:============>                      36%]
[Progress:======================>       75%] [Cov:============>                      36%]
[Progress:======================>       75%] [Cov:============>                      36%]
[Progress:======================>       75%] [Cov:============>                      36%]
[Progress:======================>       75%] [Cov:============>                      36%]
[Progress:======================>       75%] [Cov:============>                      36%]
[Progress:======================>       75%] [Cov:============>                      36%]
[Progress:======================>       75%] [Cov:============>                      36%]
[Progress:======================>       75%] [Cov:============>                      36%]
[Progress:======================>       75%] [Cov:============>                      36%]
[Progress:======================>       75%] [Cov:============>                      36%]
[Progress:======================>       75%] [Cov:============>                      36%]
[Progress:======================>       75%] [Cov:============>                      36%]
[Progress:======================>       75%] [Cov:============>                      36%]
[Progress:======================>       75%] [Cov:============>                      36%]
[Progress:======================>       75%] [Cov:============>                      36%]
[Progress:======================>       75%] [Cov:============>                      36%]
[Progress:======================>       75%] [Cov:============>                      36%]
[Progress:======================>       75%] [Cov:============>                      36%]
[Progress:======================>       75%] [Cov:============>                      36%]
[Progress:======================>       75%] [Cov:============>                      36%]
[Progress:======================>       75%] [Cov:============>                      36%]
[Progress:======================>       75%] [Cov:============>                      36%]
[Progress:======================>       75%] [Cov:============>                      36%]
[Progress:======================>       75%] [Cov:============>                      36%]
[Progress:======================>       75%] [Cov:============>                      36%]
[Progress:======================>       75%] [Cov:============>                      36%]
[Progress:======================>       75%] [Cov:============>                      36%]
[Progress:======================>       75%] [Cov:============>                      36%]
[Progress:======================>       75%] [Cov:============>                      36%]
[Progress:======================>       75%] [Cov:============>                      36%]
[Progress:======================>       75%] [Cov:============>                      36%]
[Progress:======================>       75%] [Cov:============>                      36%]
[Progress:======================>       75%] [Cov:============>                      36%]
[Progress:======================>       75%] [Cov:============>                      36%]
[Progress:======================>       75%] [Cov:============>                      36%]
[Progress:======================>       75%] [Cov:============>                      36%]
[Progress:======================>       75%] [Cov:============>                      36%]
[Progress:======================>       75%] [Cov:============>                      36%]
[Progress:======================>       75%] [Cov:============>                      36%]
[Progress:======================>       75%] [Cov:============>                      36%]
[Progress:======================>       75%] [Cov:============>                      36%]
[Progress:======================>       75%] [Cov:============>                      36%]
[Progress:======================>       75%] [Cov:============>                      36%]
[Progress:======================>       75%] [Cov:============>                      36%]
[Progress:======================>       75%] [Cov:============>                      36%]
[Progress:======================>       75%] [Cov:============>                      36%]
[Progress:======================>       75%] [Cov:============>                      36%]
[Progress:======================>       75%] [Cov:============>                      36%]
[Progress:======================>       75%] [Cov:============>                      36%]
[Progress:======================>       75%] [Cov:============>                      36%]
[Progress:======================>       75%] [Cov:============>                      36%]
[Progress:======================>       75%] [Cov:============>                      36%]
[Progress:======================>       75%] [Cov:============>                      36%]
[Progress:======================>       75%] [Cov:============>                      36%]
[Progress:======================>       75%] [Cov:============>                      36%]
[Progress:======================>       75%] [Cov:============>                      36%]
[Progress:======================>       75%] [Cov:============>                      36%]
[Progress:======================>       75%] [Cov:============>                      36%]
[Progress:======================>       75%] [Cov:============>                      36%]
[Progress:======================>       75%] [Cov:============>                      36%]
[Progress:======================>       75%] [Cov:============>                      36%]
[Progress:======================>       75%] [Cov:============>                      36%]
[Progress:======================>       75%] [Cov:============>                      36%]
[Progress:======================>       75%] [Cov:============>                      36%]
[Progress:======================>       75%] [Cov:============>                      36%]
[Progress:======================>       75%] [Cov:============>                      36%]
[Progress:======================>       75%] [Cov:============>                      36%]
[Progress:======================>       75%] [Cov:============>                      36%]
[Progress:======================>       75%] [Cov:============>                      36%]
[Progress:======================>       75%] [Cov:============>                      36%]
[Progress:======================>       75%] [Cov:============>                      36%]
[Progress:======================>       75%] [Cov:============>                      36%]
[Progress:======================>       75%] [Cov:============>                      36%]
[Progress:======================>       75%] [Cov:============>                      36%]
[Progress:======================>       75%] [Cov:============>                      36%]
[Progress:======================>       75%] [Cov:============>                      36%]
[Progress:======================>       75%] [Cov:============>                      36%]
[Progress:======================>       75%] [Cov:============>                      36%]
[Progress:======================>       75%] [Cov:============>                      36%]
[Progress:======================>       75%] [Cov:============>                      36%]
[Progress:======================>       75%] [Cov:============>                      36%]
[Progress:======================>       76%] [Cov:============>                      36%]
[Progress:======================>       76%] [Cov:============>                      36%]
[Progress:======================>       76%] [Cov:============>                      36%]
[Progress:======================>       76%] [Cov:============>                      36%]
[Progress:======================>       76%] [Cov:============>                      36%]
[Progress:======================>       76%] [Cov:============>                      36%]
[Progress:======================>       76%] [Cov:============>                      36%]
[Progress:======================>       76%] [Cov:============>                      36%]
[Progress:======================>       76%] [Cov:============>                      36%]
[Progress:======================>       76%] [Cov:============>                      36%]
[Progress:======================>       76%] [Cov:============>                      36%]
[Progress:======================>       76%] [Cov:============>                      36%]
[Progress:======================>       76%] [Cov:============>                      36%]
[Progress:======================>       76%] [Cov:============>                      36%]
[Progress:======================>       76%] [Cov:============>                      36%]
[Progress:======================>       76%] [Cov:============>                      36%]
[Progress:======================>       76%] [Cov:============>                      36%]
[Progress:======================>       76%] [Cov:============>                      36%]
[Progress:======================>       76%] [Cov:============>                      36%]
[Progress:======================>       76%] [Cov:============>                      36%]
[Progress:======================>       76%] [Cov:============>                      36%]
[Progress:======================>       76%] [Cov:============>                      36%]
[Progress:======================>       76%] [Cov:============>                      36%]
[Progress:======================>       76%] [Cov:============>                      36%]
[Progress:======================>       76%] [Cov:============>                      36%]
[Progress:======================>       76%] [Cov:============>                      36%]
[Progress:======================>       76%] [Cov:============>                      36%]
[Progress:======================>       76%] [Cov:============>                      36%]
[Progress:======================>       76%] [Cov:============>                      36%]
[Progress:======================>       76%] [Cov:============>                      36%]
[Progress:======================>       76%] [Cov:============>                      36%]
[Progress:======================>       76%] [Cov:============>                      36%]
[Progress:======================>       76%] [Cov:============>                      36%]
[Progress:======================>       76%] [Cov:============>                      36%]
[Progress:======================>       76%] [Cov:============>                      36%]
[Progress:======================>       76%] [Cov:============>                      36%]
[Progress:======================>       76%] [Cov:============>                      36%]
[Progress:======================>       76%] [Cov:============>                      36%]
[Progress:======================>       76%] [Cov:============>                      36%]
[Progress:======================>       76%] [Cov:============>                      36%]
[Progress:======================>       76%] [Cov:============>                      36%]
[Progress:=======================>      77%] [Cov:============>                      36%]
[Progress:=======================>      77%] [Cov:============>                      36%]
[Progress:=======================>      77%] [Cov:============>                      36%]
[Progress:=======================>      77%] [Cov:============>                      36%]
[Progress:=======================>      77%] [Cov:============>                      36%]
[Progress:=======================>      77%] [Cov:============>                      36%]
[Progress:=======================>      77%] [Cov:============>                      36%]
[Progress:=======================>      77%] [Cov:============>                      36%]
[Progress:=======================>      77%] [Cov:============>                      36%]
[Progress:=======================>      77%] [Cov:============>                      36%]
[Progress:=======================>      77%] [Cov:============>                      36%]
[Progress:=======================>      77%] [Cov:============>                      36%]
[Progress:=======================>      77%] [Cov:============>                      36%]
[Progress:=======================>      77%] [Cov:============>                      36%]
[Progress:=======================>      77%] [Cov:============>                      36%]
[Progress:=======================>      77%] [Cov:============>                      36%]
[Progress:=======================>      77%] [Cov:============>                      36%]
[Progress:=======================>      77%] [Cov:============>                      36%]
[Progress:=======================>      77%] [Cov:============>                      36%]
[Progress:=======================>      77%] [Cov:============>                      36%]
[Progress:=======================>      77%] [Cov:============>                      36%]
[Progress:=======================>      77%] [Cov:============>                      36%]
[Progress:=======================>      77%] [Cov:============>                      36%]
[Progress:=======================>      77%] [Cov:============>                      36%]
[Progress:=======================>      77%] [Cov:============>                      36%]
[Progress:=======================>      77%] [Cov:============>                      36%]
[Progress:=======================>      77%] [Cov:============>                      36%]
[Progress:=======================>      77%] [Cov:============>                      36%]
[Progress:=======================>      77%] [Cov:============>                      36%]
[Progress:=======================>      77%] [Cov:============>                      36%]
[Progress:=======================>      77%] [Cov:============>                      36%]
[Progress:=======================>      77%] [Cov:============>                      36%]
[Progress:=======================>      77%] [Cov:============>                      36%]
[Progress:=======================>      77%] [Cov:============>                      36%]
[Progress:=======================>      77%] [Cov:============>                      36%]
[Progress:=======================>      77%] [Cov:============>                      36%]
[Progress:=======================>      77%] [Cov:============>                      36%]
[Progress:=======================>      77%] [Cov:============>                      36%]
[Progress:=======================>      77%] [Cov:============>                      36%]
[Progress:=======================>      77%] [Cov:============>                      36%]
[Progress:=======================>      77%] [Cov:============>                      36%]
[Progress:=======================>      77%] [Cov:============>                      36%]
[Progress:=======================>      77%] [Cov:============>                      36%]
[Progress:=======================>      77%] [Cov:============>                      36%]
[Progress:=======================>      77%] [Cov:============>                      36%]
[Progress:=======================>      77%] [Cov:============>                      36%]
[Progress:=======================>      77%] [Cov:============>                      36%]
[Progress:=======================>      77%] [Cov:============>                      36%]
[Progress:=======================>      77%] [Cov:============>                      36%]
[Progress:=======================>      77%] [Cov:============>                      36%]
[Progress:=======================>      77%] [Cov:============>                      36%]
[Progress:=======================>      77%] [Cov:============>                      36%]
[Progress:=======================>      77%] [Cov:============>                      36%]
[Progress:=======================>      78%] [Cov:============>                      36%]
[Progress:=======================>      78%] [Cov:============>                      36%]
[Progress:=======================>      78%] [Cov:============>                      36%]
[Progress:=======================>      78%] [Cov:============>                      36%]
[Progress:=======================>      78%] [Cov:============>                      36%]
[Progress:=======================>      78%] [Cov:============>                      36%]
[Progress:=======================>      78%] [Cov:============>                      36%]
[Progress:=======================>      78%] [Cov:============>                      36%]
[Progress:=======================>      78%] [Cov:============>                      36%]
[Progress:=======================>      78%] [Cov:============>                      36%]
[Progress:=======================>      78%] [Cov:============>                      36%]
[Progress:=======================>      78%] [Cov:============>                      36%]
[Progress:=======================>      78%] [Cov:============>                      36%]
[Progress:=======================>      78%] [Cov:============>                      36%]
[Progress:=======================>      78%] [Cov:============>                      36%]
[Progress:=======================>      78%] [Cov:============>                      36%]
[Progress:=======================>      78%] [Cov:============>                      36%]
[Progress:=======================>      78%] [Cov:============>                      36%]
[Progress:=======================>      78%] [Cov:============>                      36%]
[Progress:=======================>      78%] [Cov:============>                      36%]
[Progress:=======================>      78%] [Cov:============>                      36%]
[Progress:=======================>      78%] [Cov:============>                      36%]
[Progress:=======================>      78%] [Cov:============>                      36%]
[Progress:=======================>      78%] [Cov:============>                      36%]
[Progress:=======================>      78%] [Cov:============>                      36%]
[Progress:=======================>      78%] [Cov:============>                      36%]
[Progress:=======================>      78%] [Cov:============>                      36%]
[Progress:=======================>      78%] [Cov:============>                      36%]
[Progress:=======================>      78%] [Cov:============>                      36%]
[Progress:=======================>      78%] [Cov:============>                      36%]
[Progress:=======================>      78%] [Cov:============>                      36%]
[Progress:=======================>      78%] [Cov:============>                      36%]
[Progress:=======================>      78%] [Cov:============>                      36%]
[Progress:=======================>      78%] [Cov:============>                      36%]
[Progress:=======================>      78%] [Cov:============>                      36%]
[Progress:=======================>      78%] [Cov:============>                      36%]
[Progress:=======================>      78%] [Cov:============>                      36%]
[Progress:=======================>      78%] [Cov:============>                      36%]
[Progress:=======================>      78%] [Cov:============>                      36%]
[Progress:=======================>      78%] [Cov:============>                      36%]
[Progress:=======================>      78%] [Cov:============>                      36%]
[Progress:=======================>      78%] [Cov:============>                      36%]
[Progress:=======================>      78%] [Cov:============>                      36%]
[Progress:=======================>      78%] [Cov:============>                      36%]
[Progress:=======================>      78%] [Cov:============>                      36%]
[Progress:=======================>      78%] [Cov:============>                      36%]
[Progress:=======================>      78%] [Cov:============>                      36%]
[Progress:=======================>      78%] [Cov:============>                      36%]
[Progress:=======================>      79%] [Cov:============>                      36%]
[Progress:=======================>      79%] [Cov:============>                      36%]
[Progress:=======================>      79%] [Cov:============>                      36%]
[Progress:=======================>      79%] [Cov:============>                      36%]
[Progress:=======================>      79%] [Cov:============>                      36%]
[Progress:=======================>      79%] [Cov:============>                      36%]
[Progress:=======================>      79%] [Cov:============>                      36%]
[Progress:=======================>      79%] [Cov:============>                      36%]
[Progress:=======================>      79%] [Cov:============>                      36%]
[Progress:=======================>      79%] [Cov:============>                      36%]
[Progress:=======================>      79%] [Cov:============>                      36%]
[Progress:=======================>      79%] [Cov:============>                      36%]
[Progress:=======================>      79%] [Cov:============>                      36%]
[Progress:=======================>      79%] [Cov:============>                      36%]
[Progress:=======================>      79%] [Cov:============>                      36%]
[Progress:=======================>      79%] [Cov:============>                      36%]
[Progress:=======================>      79%] [Cov:============>                      36%]
[Progress:=======================>      79%] [Cov:============>                      36%]
[Progress:=======================>      79%] [Cov:============>                      36%]
[Progress:=======================>      79%] [Cov:============>                      36%]
[Progress:=======================>      79%] [Cov:============>                      36%]
[Progress:=======================>      79%] [Cov:============>                      36%]
[Progress:=======================>      79%] [Cov:============>                      36%]
[Progress:=======================>      79%] [Cov:============>                      36%]
[Progress:=======================>      79%] [Cov:============>                      36%]
[Progress:=======================>      79%] [Cov:============>                      36%]
[Progress:=======================>      79%] [Cov:============>                      36%]
[Progress:=======================>      79%] [Cov:============>                      36%]
[Progress:=======================>      79%] [Cov:============>                      36%]
[Progress:=======================>      79%] [Cov:============>                      36%]
[Progress:=======================>      79%] [Cov:============>                      36%]
[Progress:=======================>      79%] [Cov:============>                      36%]
[Progress:=======================>      79%] [Cov:============>                      36%]
[Progress:=======================>      79%] [Cov:============>                      36%]
[Progress:=======================>      79%] [Cov:============>                      36%]
[Progress:=======================>      79%] [Cov:============>                      36%]
[Progress:=======================>      79%] [Cov:============>                      36%]
[Progress:=======================>      79%] [Cov:============>                      36%]
[Progress:=======================>      79%] [Cov:============>                      36%]
[Progress:=======================>      79%] [Cov:============>                      36%]
[Progress:=======================>      79%] [Cov:============>                      36%]
[Progress:=======================>      79%] [Cov:============>                      36%]
[Progress:=======================>      79%] [Cov:============>                      36%]
[Progress:=======================>      79%] [Cov:============>                      36%]
[Progress:=======================>      79%] [Cov:============>                      36%]
[Progress:=======================>      79%] [Cov:============>                      36%]
[Progress:=======================>      79%] [Cov:============>                      36%]
[Progress:=======================>      79%] [Cov:============>                      36%]
[Progress:========================>     80%] [Cov:============>                      36%]
[Progress:========================>     80%] [Cov:============>                      36%]
[Progress:========================>     80%] [Cov:============>                      36%]
[Progress:========================>     80%] [Cov:============>                      36%]
[Progress:========================>     80%] [Cov:============>                      36%]
[Progress:========================>     80%] [Cov:============>                      36%]
[Progress:========================>     80%] [Cov:============>                      36%]
[Progress:========================>     80%] [Cov:============>                      36%]
[Progress:========================>     80%] [Cov:============>                      36%]
[Progress:========================>     80%] [Cov:============>                      36%]
[Progress:========================>     80%] [Cov:============>                      36%]
[Progress:========================>     80%] [Cov:============>                      36%]
[Progress:========================>     80%] [Cov:============>                      36%]
[Progress:========================>     80%] [Cov:============>                      36%]
[Progress:========================>     80%] [Cov:============>                      36%]
[Progress:========================>     80%] [Cov:============>                      36%]
[Progress:========================>     80%] [Cov:============>                      36%]
[Progress:========================>     80%] [Cov:============>                      36%]
[Progress:========================>     80%] [Cov:============>                      36%]
[Progress:========================>     80%] [Cov:============>                      36%]
[Progress:========================>     80%] [Cov:============>                      36%]
[Progress:========================>     80%] [Cov:============>                      36%]
[Progress:========================>     80%] [Cov:============>                      36%]
[Progress:========================>     80%] [Cov:============>                      36%]
[Progress:========================>     80%] [Cov:============>                      36%]
[Progress:========================>     80%] [Cov:============>                      36%]
[Progress:========================>     80%] [Cov:============>                      36%]
[Progress:========================>     80%] [Cov:============>                      36%]
[Progress:========================>     80%] [Cov:============>                      36%]
[Progress:========================>     80%] [Cov:============>                      36%]
[Progress:========================>     80%] [Cov:============>                      36%]
[Progress:========================>     80%] [Cov:============>                      36%]
[Progress:========================>     80%] [Cov:============>                      36%]
[Progress:========================>     80%] [Cov:============>                      36%]
[Progress:========================>     80%] [Cov:============>                      36%]
[Progress:========================>     80%] [Cov:============>                      36%]
[Progress:========================>     80%] [Cov:============>                      36%]
[Progress:========================>     80%] [Cov:============>                      36%]
[Progress:========================>     80%] [Cov:============>                      36%]
[Progress:========================>     80%] [Cov:============>                      36%]
[Progress:========================>     80%] [Cov:============>                      36%]
[Progress:========================>     80%] [Cov:============>                      36%]
[Progress:========================>     80%] [Cov:============>                      36%]
[Progress:========================>     80%] [Cov:============>                      36%]
[Progress:========================>     80%] [Cov:============>                      36%]
[Progress:========================>     80%] [Cov:============>                      36%]
[Progress:========================>     80%] [Cov:============>                      36%]
[Progress:========================>     80%] [Cov:============>                      36%]
[Progress:========================>     80%] [Cov:============>                      36%]
[Progress:========================>     80%] [Cov:============>                      36%]
[Progress:========================>     80%] [Cov:============>                      36%]
[Progress:========================>     80%] [Cov:============>                      36%]
[Progress:========================>     80%] [Cov:============>                      36%]
[Progress:========================>     80%] [Cov:============>                      36%]
[Progress:========================>     80%] [Cov:============>                      36%]
[Progress:========================>     80%] [Cov:============>                      36%]
[Progress:========================>     80%] [Cov:============>                      36%]
[Progress:========================>     80%] [Cov:============>                      36%]
[Progress:========================>     80%] [Cov:============>                      36%]
[Progress:========================>     80%] [Cov:============>                      36%]
[Progress:========================>     80%] [Cov:============>                      36%]
[Progress:========================>     80%] [Cov:============>                      36%]
[Progress:========================>     80%] [Cov:============>                      36%]
[Progress:========================>     80%] [Cov:============>                      36%]
[Progress:========================>     80%] [Cov:============>                      36%]
[Progress:========================>     80%] [Cov:============>                      36%]
[Progress:========================>     80%] [Cov:============>                      36%]
[Progress:========================>     80%] [Cov:============>                      36%]
[Progress:========================>     80%] [Cov:============>                      36%]
[Progress:========================>     80%] [Cov:============>                      36%]
[Progress:========================>     80%] [Cov:============>                      36%]
[Progress:========================>     80%] [Cov:============>                      36%]
[Progress:========================>     80%] [Cov:============>                      36%]
[Progress:========================>     80%] [Cov:============>                      36%]
[Progress:========================>     80%] [Cov:============>                      36%]
[Progress:========================>     80%] [Cov:============>                      36%]
[Progress:========================>     80%] [Cov:============>                      36%]
[Progress:========================>     80%] [Cov:============>                      36%]
[Progress:========================>     80%] [Cov:============>                      36%]
[Progress:========================>     80%] [Cov:============>                      36%]
[Progress:========================>     80%] [Cov:============>                      36%]
[Progress:========================>     80%] [Cov:============>                      36%]
[Progress:========================>     80%] [Cov:============>                      36%]
[Progress:========================>     80%] [Cov:============>                      36%]
[Progress:========================>     80%] [Cov:============>                      36%]
[Progress:========================>     80%] [Cov:============>                      36%]
[Progress:========================>     80%] [Cov:============>                      36%]
[Progress:========================>     80%] [Cov:============>                      36%]
[Progress:========================>     80%] [Cov:============>                      36%]
[Progress:========================>     80%] [Cov:============>                      36%]
[Progress:========================>     80%] [Cov:============>                      36%]
[Progress:========================>     80%] [Cov:============>                      36%]
[Progress:========================>     80%] [Cov:============>                      36%]
[Progress:========================>     80%] [Cov:============>                      36%]
[Progress:========================>     80%] [Cov:============>                      36%]
[Progress:========================>     80%] [Cov:============>                      36%]
[Progress:========================>     80%] [Cov:============>                      36%]
[Progress:========================>     80%] [Cov:============>                      36%]
[Progress:========================>     80%] [Cov:============>                      36%]
[Progress:========================>     80%] [Cov:============>                      36%]
[Progress:========================>     80%] [Cov:============>                      36%]
[Progress:========================>     80%] [Cov:============>                      36%]
[Progress:========================>     81%] [Cov:============>                      36%]
[Progress:========================>     81%] [Cov:============>                      36%]
[Progress:========================>     81%] [Cov:============>                      36%]
[Progress:========================>     81%] [Cov:============>                      36%]
[Progress:========================>     81%] [Cov:============>                      36%]
[Progress:========================>     81%] [Cov:============>                      36%]
[Progress:========================>     81%] [Cov:============>                      36%]
[Progress:========================>     81%] [Cov:============>                      36%]
[Progress:========================>     81%] [Cov:============>                      36%]
[Progress:========================>     81%] [Cov:============>                      36%]
[Progress:========================>     81%] [Cov:============>                      36%]
[Progress:========================>     81%] [Cov:============>                      36%]
[Progress:========================>     81%] [Cov:============>                      36%]
[Progress:========================>     81%] [Cov:============>                      36%]
[Progress:========================>     81%] [Cov:============>                      36%]
[Progress:========================>     81%] [Cov:============>                      36%]
[Progress:========================>     81%] [Cov:============>                      36%]
[Progress:========================>     81%] [Cov:============>                      36%]
[Progress:========================>     81%] [Cov:============>                      36%]
[Progress:========================>     81%] [Cov:============>                      36%]
[Progress:========================>     81%] [Cov:============>                      36%]
[Progress:========================>     81%] [Cov:============>                      36%]
[Progress:========================>     81%] [Cov:============>                      36%]
[Progress:========================>     81%] [Cov:============>                      36%]
[Progress:========================>     81%] [Cov:============>                      36%]
[Progress:========================>     81%] [Cov:============>                      36%]
[Progress:========================>     81%] [Cov:============>                      36%]
[Progress:========================>     81%] [Cov:============>                      36%]
[Progress:========================>     81%] [Cov:============>                      36%]
[Progress:========================>     81%] [Cov:============>                      36%]
[Progress:========================>     81%] [Cov:============>                      36%]
[Progress:========================>     81%] [Cov:============>                      36%]
[Progress:========================>     81%] [Cov:============>                      36%]
[Progress:========================>     81%] [Cov:============>                      36%]
[Progress:========================>     81%] [Cov:============>                      36%]
[Progress:========================>     81%] [Cov:============>                      36%]
[Progress:========================>     81%] [Cov:============>                      36%]
[Progress:========================>     81%] [Cov:============>                      36%]
[Progress:========================>     81%] [Cov:============>                      36%]
[Progress:========================>     81%] [Cov:============>                      36%]
[Progress:========================>     81%] [Cov:============>                      36%]
[Progress:========================>     81%] [Cov:============>                      36%]
[Progress:========================>     81%] [Cov:============>                      36%]
[Progress:========================>     81%] [Cov:============>                      36%]
[Progress:========================>     81%] [Cov:============>                      36%]
[Progress:========================>     81%] [Cov:============>                      36%]
[Progress:========================>     81%] [Cov:============>                      36%]
[Progress:========================>     81%] [Cov:============>                      36%]
[Progress:========================>     81%] [Cov:============>                      36%]
[Progress:========================>     81%] [Cov:============>                      36%]
[Progress:========================>     81%] [Cov:============>                      36%]
[Progress:========================>     82%] [Cov:============>                      36%]
[Progress:========================>     82%] [Cov:============>                      36%]
[Progress:========================>     82%] [Cov:============>                      36%]
[Progress:========================>     82%] [Cov:============>                      36%]
[Progress:========================>     82%] [Cov:============>                      36%]
[Progress:========================>     82%] [Cov:============>                      36%]
[Progress:========================>     82%] [Cov:============>                      36%]
[Progress:========================>     82%] [Cov:============>                      36%]
[Progress:========================>     82%] [Cov:============>                      36%]
[Progress:========================>     82%] [Cov:============>                      36%]
[Progress:========================>     82%] [Cov:============>                      36%]
[Progress:========================>     82%] [Cov:============>                      36%]
[Progress:========================>     82%] [Cov:============>                      36%]
[Progress:========================>     82%] [Cov:============>                      36%]
[Progress:========================>     82%] [Cov:============>                      36%]
[Progress:========================>     82%] [Cov:============>                      36%]
[Progress:========================>     82%] [Cov:============>                      36%]
[Progress:========================>     82%] [Cov:============>                      36%]
[Progress:========================>     82%] [Cov:============>                      36%]
[Progress:========================>     82%] [Cov:============>                      36%]
[Progress:========================>     82%] [Cov:============>                      36%]
[Progress:========================>     82%] [Cov:============>                      36%]
[Progress:========================>     82%] [Cov:============>                      36%]
[Progress:========================>     82%] [Cov:============>                      36%]
[Progress:========================>     82%] [Cov:============>                      36%]
[Progress:========================>     82%] [Cov:============>                      36%]
[Progress:========================>     82%] [Cov:============>                      36%]
[Progress:========================>     82%] [Cov:============>                      36%]
[Progress:========================>     82%] [Cov:============>                      36%]
[Progress:========================>     82%] [Cov:============>                      36%]
[Progress:========================>     82%] [Cov:============>                      36%]
[Progress:========================>     82%] [Cov:============>                      36%]
[Progress:========================>     82%] [Cov:============>                      36%]
[Progress:========================>     82%] [Cov:============>                      36%]
[Progress:========================>     82%] [Cov:============>                      36%]
[Progress:========================>     82%] [Cov:============>                      36%]
[Progress:========================>     82%] [Cov:============>                      36%]
[Progress:========================>     82%] [Cov:============>                      36%]
[Progress:========================>     82%] [Cov:============>                      36%]
[Progress:========================>     82%] [Cov:============>                      36%]
[Progress:========================>     82%] [Cov:============>                      36%]
[Progress:========================>     82%] [Cov:============>                      36%]
[Progress:========================>     82%] [Cov:============>                      36%]
[Progress:========================>     82%] [Cov:============>                      36%]
[Progress:========================>     82%] [Cov:============>                      36%]
[Progress:========================>     82%] [Cov:============>                      36%]
[Progress:========================>     82%] [Cov:============>                      36%]
[Progress:========================>     82%] [Cov:============>                      36%]
[Progress:========================>     82%] [Cov:============>                      36%]
[Progress:========================>     82%] [Cov:============>                      36%]
[Progress:========================>     82%] [Cov:============>                      36%]
[Progress:========================>     83%] [Cov:============>                      36%]
[Progress:========================>     83%] [Cov:============>                      36%]
[Progress:========================>     83%] [Cov:============>                      36%]
[Progress:========================>     83%] [Cov:============>                      36%]
[Progress:========================>     83%] [Cov:============>                      36%]
[Progress:========================>     83%] [Cov:============>                      36%]
[Progress:========================>     83%] [Cov:============>                      36%]
[Progress:========================>     83%] [Cov:============>                      36%]
[Progress:========================>     83%] [Cov:============>                      36%]
[Progress:========================>     83%] [Cov:============>                      36%]
[Progress:========================>     83%] [Cov:============>                      36%]
[Progress:========================>     83%] [Cov:============>                      36%]
[Progress:========================>     83%] [Cov:============>                      36%]
[Progress:========================>     83%] [Cov:============>                      36%]
[Progress:========================>     83%] [Cov:============>                      36%]
[Progress:========================>     83%] [Cov:============>                      36%]
[Progress:========================>     83%] [Cov:============>                      36%]
[Progress:========================>     83%] [Cov:============>                      36%]
[Progress:========================>     83%] [Cov:============>                      36%]
[Progress:========================>     83%] [Cov:============>                      36%]
[Progress:========================>     83%] [Cov:============>                      36%]
[Progress:========================>     83%] [Cov:============>                      36%]
[Progress:========================>     83%] [Cov:============>                      36%]
[Progress:========================>     83%] [Cov:============>                      36%]
[Progress:========================>     83%] [Cov:============>                      36%]
[Progress:========================>     83%] [Cov:============>                      36%]
[Progress:========================>     83%] [Cov:============>                      36%]
[Progress:========================>     83%] [Cov:============>                      36%]
[Progress:========================>     83%] [Cov:============>                      36%]
[Progress:========================>     83%] [Cov:============>                      36%]
[Progress:========================>     83%] [Cov:============>                      36%]
[Progress:========================>     83%] [Cov:============>                      36%]
[Progress:========================>     83%] [Cov:============>                      36%]
[Progress:========================>     83%] [Cov:============>                      36%]
[Progress:========================>     83%] [Cov:============>                      36%]
[Progress:========================>     83%] [Cov:============>                      36%]
[Progress:========================>     83%] [Cov:============>                      36%]
[Progress:========================>     83%] [Cov:============>                      36%]
[Progress:========================>     83%] [Cov:============>                      36%]
[Progress:========================>     83%] [Cov:============>                      36%]
[Progress:========================>     83%] [Cov:============>                      36%]
[Progress:========================>     83%] [Cov:============>                      36%]
[Progress:========================>     83%] [Cov:============>                      36%]
[Progress:========================>     83%] [Cov:============>                      36%]
[Progress:========================>     83%] [Cov:============>                      36%]
[Progress:========================>     83%] [Cov:============>                      36%]
[Progress:========================>     83%] [Cov:============>                      36%]
[Progress:========================>     83%] [Cov:============>                      36%]
[Progress:========================>     83%] [Cov:============>                      36%]
[Progress:========================>     83%] [Cov:============>                      36%]
[Progress:========================>     83%] [Cov:============>                      36%]
[Progress:========================>     83%] [Cov:============>                      36%]
[Progress:========================>     83%] [Cov:============>                      36%]
[Progress:=========================>    84%] [Cov:============>                      36%]
[Progress:=========================>    84%] [Cov:============>                      36%]
[Progress:=========================>    84%] [Cov:============>                      36%]
[Progress:=========================>    84%] [Cov:============>                      36%]
[Progress:=========================>    84%] [Cov:============>                      36%]
[Progress:=========================>    84%] [Cov:============>                      36%]
[Progress:=========================>    84%] [Cov:============>                      36%]
[Progress:=========================>    84%] [Cov:============>                      36%]
[Progress:=========================>    84%] [Cov:============>                      36%]
[Progress:=========================>    84%] [Cov:============>                      36%]
[Progress:=========================>    84%] [Cov:============>                      36%]
[Progress:=========================>    84%] [Cov:============>                      36%]
[Progress:=========================>    84%] [Cov:============>                      36%]
[Progress:=========================>    84%] [Cov:============>                      36%]
[Progress:=========================>    84%] [Cov:============>                      36%]
[Progress:=========================>    84%] [Cov:============>                      36%]
[Progress:=========================>    84%] [Cov:============>                      36%]
[Progress:=========================>    84%] [Cov:============>                      36%]
[Progress:=========================>    84%] [Cov:============>                      36%]
[Progress:=========================>    84%] [Cov:============>                      36%]
[Progress:=========================>    84%] [Cov:============>                      36%]
[Progress:=========================>    84%] [Cov:============>                      36%]
[Progress:=========================>    84%] [Cov:============>                      36%]
[Progress:=========================>    84%] [Cov:============>                      36%]
[Progress:=========================>    84%] [Cov:============>                      36%]
[Progress:=========================>    84%] [Cov:============>                      36%]
[Progress:=========================>    84%] [Cov:============>                      36%]
[Progress:=========================>    84%] [Cov:============>                      36%]
[Progress:=========================>    84%] [Cov:============>                      36%]
[Progress:=========================>    84%] [Cov:============>                      36%]
[Progress:=========================>    84%] [Cov:============>                      36%]
[Progress:=========================>    84%] [Cov:============>                      36%]
[Progress:=========================>    84%] [Cov:============>                      36%]
[Progress:=========================>    84%] [Cov:============>                      36%]
[Progress:=========================>    84%] [Cov:============>                      36%]
[Progress:=========================>    84%] [Cov:============>                      36%]
[Progress:=========================>    84%] [Cov:============>                      36%]
[Progress:=========================>    84%] [Cov:============>                      36%]
[Progress:=========================>    84%] [Cov:============>                      36%]
[Progress:=========================>    84%] [Cov:============>                      36%]
[Progress:=========================>    84%] [Cov:============>                      36%]
[Progress:=========================>    84%] [Cov:============>                      36%]
[Progress:=========================>    84%] [Cov:============>                      36%]
[Progress:=========================>    84%] [Cov:============>                      36%]
[Progress:=========================>    84%] [Cov:============>                      36%]
[Progress:=========================>    85%] [Cov:============>                      36%]
[Progress:=========================>    85%] [Cov:============>                      36%]
[Progress:=========================>    85%] [Cov:============>                      36%]
[Progress:=========================>    85%] [Cov:============>                      36%]
[Progress:=========================>    85%] [Cov:============>                      36%]
[Progress:=========================>    85%] [Cov:============>                      36%]
[Progress:=========================>    85%] [Cov:============>                      36%]
[Progress:=========================>    85%] [Cov:============>                      36%]
[Progress:=========================>    85%] [Cov:============>                      36%]
[Progress:=========================>    85%] [Cov:============>                      36%]
[Progress:=========================>    85%] [Cov:============>                      36%]
[Progress:=========================>    85%] [Cov:============>                      36%]
[Progress:=========================>    85%] [Cov:============>                      36%]
[Progress:=========================>    85%] [Cov:============>                      36%]
[Progress:=========================>    85%] [Cov:============>                      36%]
[Progress:=========================>    85%] [Cov:============>                      36%]
[Progress:=========================>    85%] [Cov:============>                      36%]
[Progress:=========================>    85%] [Cov:============>                      36%]
[Progress:=========================>    85%] [Cov:============>                      36%]
[Progress:=========================>    85%] [Cov:============>                      36%]
[Progress:=========================>    85%] [Cov:============>                      36%]
[Progress:=========================>    85%] [Cov:============>                      36%]
[Progress:=========================>    85%] [Cov:============>                      36%]
[Progress:=========================>    85%] [Cov:============>                      36%]
[Progress:=========================>    85%] [Cov:============>                      36%]
[Progress:=========================>    85%] [Cov:============>                      36%]
[Progress:=========================>    85%] [Cov:============>                      36%]
[Progress:=========================>    85%] [Cov:============>                      36%]
[Progress:=========================>    85%] [Cov:============>                      36%]
[Progress:=========================>    85%] [Cov:============>                      36%]
[Progress:=========================>    85%] [Cov:============>                      36%]
[Progress:=========================>    85%] [Cov:============>                      36%]
[Progress:=========================>    85%] [Cov:============>                      36%]
[Progress:=========================>    85%] [Cov:============>                      36%]
[Progress:=========================>    85%] [Cov:============>                      36%]
[Progress:=========================>    85%] [Cov:============>                      36%]
[Progress:=========================>    85%] [Cov:============>                      36%]
[Progress:=========================>    85%] [Cov:============>                      36%]
[Progress:=========================>    85%] [Cov:============>                      36%]
[Progress:=========================>    85%] [Cov:============>                      36%]
[Progress:=========================>    85%] [Cov:============>                      36%]
[Progress:=========================>    85%] [Cov:============>                      36%]
[Progress:=========================>    85%] [Cov:============>                      36%]
[Progress:=========================>    85%] [Cov:============>                      36%]
[Progress:=========================>    85%] [Cov:============>                      36%]
[Progress:=========================>    85%] [Cov:============>                      36%]
[Progress:=========================>    85%] [Cov:============>                      36%]
[Progress:=========================>    85%] [Cov:============>                      36%]
[Progress:=========================>    85%] [Cov:============>                      36%]
[Progress:=========================>    85%] [Cov:============>                      36%]
[Progress:=========================>    85%] [Cov:============>                      36%]
[Progress:=========================>    85%] [Cov:============>                      36%]
[Progress:=========================>    85%] [Cov:============>                      36%]
[Progress:=========================>    85%] [Cov:============>                      36%]
[Progress:=========================>    85%] [Cov:============>                      36%]
[Progress:=========================>    85%] [Cov:============>                      36%]
[Progress:=========================>    85%] [Cov:============>                      36%]
[Progress:=========================>    85%] [Cov:============>                      36%]
[Progress:=========================>    85%] [Cov:============>                      36%]
[Progress:=========================>    85%] [Cov:============>                      36%]
[Progress:=========================>    85%] [Cov:============>                      36%]
[Progress:=========================>    85%] [Cov:============>                      36%]
[Progress:=========================>    85%] [Cov:============>                      36%]
[Progress:=========================>    85%] [Cov:============>                      36%]
[Progress:=========================>    85%] [Cov:============>                      36%]
[Progress:=========================>    85%] [Cov:============>                      36%]
[Progress:=========================>    85%] [Cov:============>                      36%]
[Progress:=========================>    85%] [Cov:============>                      36%]
[Progress:=========================>    85%] [Cov:============>                      36%]
[Progress:=========================>    85%] [Cov:============>                      36%]
[Progress:=========================>    85%] [Cov:============>                      36%]
[Progress:=========================>    85%] [Cov:============>                      36%]
[Progress:=========================>    85%] [Cov:============>                      36%]
[Progress:=========================>    85%] [Cov:============>                      36%]
[Progress:=========================>    85%] [Cov:============>                      36%]
[Progress:=========================>    85%] [Cov:============>                      36%]
[Progress:=========================>    85%] [Cov:============>                      36%]
[Progress:=========================>    85%] [Cov:============>                      36%]
[Progress:=========================>    85%] [Cov:============>                      36%]
[Progress:=========================>    85%] [Cov:============>                      36%]
[Progress:=========================>    85%] [Cov:============>                      36%]
[Progress:=========================>    85%] [Cov:============>                      36%]
[Progress:=========================>    85%] [Cov:============>                      36%]
[Progress:=========================>    85%] [Cov:============>                      36%]
[Progress:=========================>    85%] [Cov:============>                      36%]
[Progress:=========================>    86%] [Cov:============>                      36%]
[Progress:=========================>    86%] [Cov:============>                      36%]
[Progress:=========================>    86%] [Cov:============>                      36%]
[Progress:=========================>    86%] [Cov:============>                      36%]
[Progress:=========================>    86%] [Cov:============>                      36%]
[Progress:=========================>    86%] [Cov:============>                      36%]
[Progress:=========================>    86%] [Cov:============>                      36%]
[Progress:=========================>    86%] [Cov:============>                      36%]
[Progress:=========================>    86%] [Cov:============>                      36%]
[Progress:=========================>    86%] [Cov:============>                      36%]
[Progress:=========================>    86%] [Cov:============>                      36%]
[Progress:=========================>    86%] [Cov:============>                      36%]
[Progress:=========================>    86%] [Cov:============>                      36%]
[Progress:=========================>    86%] [Cov:============>                      36%]
[Progress:=========================>    86%] [Cov:============>                      36%]
[Progress:=========================>    86%] [Cov:============>                      36%]
[Progress:=========================>    86%] [Cov:============>                      36%]
[Progress:=========================>    86%] [Cov:============>                      36%]
[Progress:=========================>    86%] [Cov:============>                      36%]
[Progress:=========================>    86%] [Cov:============>                      36%]
[Progress:=========================>    86%] [Cov:============>                      36%]
[Progress:=========================>    86%] [Cov:============>                      36%]
[Progress:=========================>    86%] [Cov:============>                      36%]
[Progress:=========================>    86%] [Cov:============>                      36%]
[Progress:=========================>    86%] [Cov:============>                      36%]
[Progress:=========================>    86%] [Cov:============>                      36%]
[Progress:=========================>    86%] [Cov:============>                      36%]
[Progress:=========================>    86%] [Cov:============>                      36%]
[Progress:=========================>    86%] [Cov:============>                      36%]
[Progress:=========================>    86%] [Cov:============>                      36%]
[Progress:=========================>    86%] [Cov:============>                      36%]
[Progress:=========================>    86%] [Cov:============>                      36%]
[Progress:=========================>    86%] [Cov:============>                      36%]
[Progress:=========================>    86%] [Cov:============>                      36%]
[Progress:=========================>    86%] [Cov:============>                      36%]
[Progress:=========================>    86%] [Cov:============>                      36%]
[Progress:=========================>    86%] [Cov:============>                      36%]
[Progress:=========================>    86%] [Cov:============>                      36%]
[Progress:=========================>    86%] [Cov:============>                      36%]
[Progress:=========================>    86%] [Cov:============>                      36%]
[Progress:=========================>    86%] [Cov:============>                      36%]
[Progress:=========================>    86%] [Cov:============>                      36%]
[Progress:=========================>    86%] [Cov:============>                      36%]
[Progress:=========================>    86%] [Cov:============>                      36%]
[Progress:=========================>    86%] [Cov:============>                      36%]
[Progress:=========================>    86%] [Cov:============>                      36%]
[Progress:=========================>    86%] [Cov:============>                      36%]
[Progress:=========================>    86%] [Cov:============>                      36%]
[Progress:=========================>    86%] [Cov:============>                      36%]
[Progress:=========================>    86%] [Cov:============>                      36%]
[Progress:=========================>    86%] [Cov:============>                      36%]
[Progress:==========================>   87%] [Cov:============>                      36%]
[Progress:==========================>   87%] [Cov:============>                      36%]
[Progress:==========================>   87%] [Cov:============>                      36%]
[Progress:==========================>   87%] [Cov:============>                      36%]
[Progress:==========================>   87%] [Cov:============>                      36%]
[Progress:==========================>   87%] [Cov:============>                      36%]
[Progress:==========================>   87%] [Cov:============>                      36%]
[Progress:==========================>   87%] [Cov:============>                      36%]
[Progress:==========================>   87%] [Cov:============>                      36%]
[Progress:==========================>   87%] [Cov:============>                      36%]
[Progress:==========================>   87%] [Cov:============>                      36%]
[Progress:==========================>   87%] [Cov:============>                      36%]
[Progress:==========================>   87%] [Cov:============>                      36%]
[Progress:==========================>   87%] [Cov:============>                      36%]
[Progress:==========================>   87%] [Cov:============>                      36%]
[Progress:==========================>   87%] [Cov:============>                      36%]
[Progress:==========================>   87%] [Cov:============>                      36%]
[Progress:==========================>   87%] [Cov:============>                      36%]
[Progress:==========================>   87%] [Cov:============>                      36%]
[Progress:==========================>   87%] [Cov:============>                      36%]
[Progress:==========================>   87%] [Cov:============>                      36%]
[Progress:==========================>   87%] [Cov:============>                      36%]
[Progress:==========================>   87%] [Cov:============>                      36%]
[Progress:==========================>   87%] [Cov:============>                      36%]
[Progress:==========================>   87%] [Cov:============>                      36%]
[Progress:==========================>   87%] [Cov:============>                      36%]
[Progress:==========================>   87%] [Cov:============>                      36%]
[Progress:==========================>   87%] [Cov:============>                      36%]
[Progress:==========================>   87%] [Cov:============>                      36%]
[Progress:==========================>   87%] [Cov:============>                      36%]
[Progress:==========================>   87%] [Cov:============>                      36%]
[Progress:==========================>   87%] [Cov:============>                      36%]
[Progress:==========================>   87%] [Cov:============>                      36%]
[Progress:==========================>   87%] [Cov:============>                      36%]
[Progress:==========================>   87%] [Cov:============>                      36%]
[Progress:==========================>   87%] [Cov:============>                      36%]
[Progress:==========================>   87%] [Cov:============>                      36%]
[Progress:==========================>   87%] [Cov:============>                      36%]
[Progress:==========================>   87%] [Cov:============>                      36%]
[Progress:==========================>   87%] [Cov:============>                      36%]
[Progress:==========================>   87%] [Cov:============>                      36%]
[Progress:==========================>   87%] [Cov:============>                      36%]
[Progress:==========================>   87%] [Cov:============>                      36%]
[Progress:==========================>   87%] [Cov:============>                      36%]
[Progress:==========================>   87%] [Cov:============>                      36%]
[Progress:==========================>   87%] [Cov:============>                      36%]
[Progress:==========================>   87%] [Cov:============>                      36%]
[Progress:==========================>   87%] [Cov:============>                      36%]
[Progress:==========================>   88%] [Cov:============>                      36%]
[Progress:==========================>   88%] [Cov:============>                      36%]
[Progress:==========================>   88%] [Cov:============>                      36%]
[Progress:==========================>   88%] [Cov:============>                      36%]
[Progress:==========================>   88%] [Cov:============>                      36%]
[Progress:==========================>   88%] [Cov:============>                      36%]
[Progress:==========================>   88%] [Cov:============>                      36%]
[Progress:==========================>   88%] [Cov:============>                      36%]
[Progress:==========================>   88%] [Cov:============>                      36%]
[Progress:==========================>   88%] [Cov:============>                      36%]
[Progress:==========================>   88%] [Cov:============>                      36%]
[Progress:==========================>   88%] [Cov:============>                      36%]
[Progress:==========================>   88%] [Cov:============>                      36%]
[Progress:==========================>   88%] [Cov:============>                      36%]
[Progress:==========================>   88%] [Cov:============>                      36%]
[Progress:==========================>   88%] [Cov:============>                      36%]
[Progress:==========================>   88%] [Cov:============>                      36%]
[Progress:==========================>   88%] [Cov:============>                      36%]
[Progress:==========================>   88%] [Cov:============>                      36%]
[Progress:==========================>   88%] [Cov:============>                      36%]
[Progress:==========================>   88%] [Cov:============>                      36%]
[Progress:==========================>   88%] [Cov:============>                      36%]
[Progress:==========================>   88%] [Cov:============>                      36%]
[Progress:==========================>   88%] [Cov:============>                      36%]
[Progress:==========================>   88%] [Cov:============>                      36%]
[Progress:==========================>   88%] [Cov:============>                      36%]
[Progress:==========================>   88%] [Cov:============>                      36%]
[Progress:==========================>   88%] [Cov:============>                      36%]
[Progress:==========================>   88%] [Cov:============>                      36%]
[Progress:==========================>   88%] [Cov:============>                      36%]
[Progress:==========================>   88%] [Cov:============>                      36%]
[Progress:==========================>   88%] [Cov:============>                      36%]
[Progress:==========================>   88%] [Cov:============>                      36%]
[Progress:==========================>   88%] [Cov:============>                      36%]
[Progress:==========================>   88%] [Cov:============>                      36%]
[Progress:==========================>   88%] [Cov:============>                      36%]
[Progress:==========================>   88%] [Cov:============>                      36%]
[Progress:==========================>   88%] [Cov:============>                      36%]
[Progress:==========================>   88%] [Cov:============>                      36%]
[Progress:==========================>   88%] [Cov:============>                      36%]
[Progress:==========================>   88%] [Cov:============>                      36%]
[Progress:==========================>   88%] [Cov:============>                      36%]
[Progress:==========================>   88%] [Cov:============>                      36%]
[Progress:==========================>   88%] [Cov:============>                      36%]
[Progress:==========================>   88%] [Cov:============>                      36%]
[Progress:==========================>   88%] [Cov:============>                      36%]
[Progress:==========================>   88%] [Cov:============>                      36%]
[Progress:==========================>   88%] [Cov:============>                      36%]
[Progress:==========================>   89%] [Cov:============>                      36%]
[Progress:==========================>   89%] [Cov:============>                      36%]
[Progress:==========================>   89%] [Cov:============>                      36%]
[Progress:==========================>   89%] [Cov:============>                      36%]
[Progress:==========================>   89%] [Cov:============>                      36%]
[Progress:==========================>   89%] [Cov:============>                      36%]
[Progress:==========================>   89%] [Cov:============>                      36%]
[Progress:==========================>   89%] [Cov:============>                      36%]
[Progress:==========================>   89%] [Cov:============>                      36%]
[Progress:==========================>   89%] [Cov:============>                      36%]
[Progress:==========================>   89%] [Cov:============>                      36%]
[Progress:==========================>   89%] [Cov:============>                      36%]
[Progress:==========================>   89%] [Cov:============>                      36%]
[Progress:==========================>   89%] [Cov:============>                      36%]
[Progress:==========================>   89%] [Cov:============>                      36%]
[Progress:==========================>   89%] [Cov:============>                      36%]
[Progress:==========================>   89%] [Cov:============>                      36%]
[Progress:==========================>   89%] [Cov:============>                      36%]
[Progress:==========================>   89%] [Cov:============>                      36%]
[Progress:==========================>   89%] [Cov:============>                      36%]
[Progress:==========================>   89%] [Cov:============>                      36%]
[Progress:==========================>   89%] [Cov:============>                      36%]
[Progress:==========================>   89%] [Cov:============>                      36%]
[Progress:==========================>   89%] [Cov:============>                      36%]
[Progress:==========================>   89%] [Cov:============>                      36%]
[Progress:==========================>   89%] [Cov:============>                      36%]
[Progress:==========================>   89%] [Cov:============>                      36%]
[Progress:==========================>   89%] [Cov:============>                      36%]
[Progress:==========================>   89%] [Cov:============>                      36%]
[Progress:==========================>   89%] [Cov:============>                      36%]
[Progress:==========================>   89%] [Cov:============>                      36%]
[Progress:==========================>   89%] [Cov:============>                      36%]
[Progress:==========================>   89%] [Cov:============>                      36%]
[Progress:==========================>   89%] [Cov:============>                      36%]
[Progress:==========================>   89%] [Cov:============>                      36%]
[Progress:==========================>   89%] [Cov:============>                      36%]
[Progress:==========================>   89%] [Cov:============>                      36%]
[Progress:==========================>   89%] [Cov:============>                      36%]
[Progress:==========================>   89%] [Cov:============>                      36%]
[Progress:==========================>   89%] [Cov:============>                      36%]
[Progress:==========================>   89%] [Cov:============>                      36%]
[Progress:==========================>   89%] [Cov:============>                      36%]
[Progress:==========================>   89%] [Cov:============>                      36%]
[Progress:==========================>   89%] [Cov:============>                      36%]
[Progress:==========================>   89%] [Cov:============>                      36%]
[Progress:==========================>   89%] [Cov:============>                      36%]
[Progress:==========================>   89%] [Cov:============>                      36%]
[Progress:==========================>   89%] [Cov:============>                      36%]
[Progress:==========================>   89%] [Cov:============>                      36%]
[Progress:===========================>  90%] [Cov:============>                      36%]
[Progress:===========================>  90%] [Cov:============>                      36%]
[Progress:===========================>  90%] [Cov:============>                      36%]
[Progress:===========================>  90%] [Cov:============>                      36%]
[Progress:===========================>  90%] [Cov:============>                      36%]
[Progress:===========================>  90%] [Cov:============>                      36%]
[Progress:===========================>  90%] [Cov:============>                      36%]
[Progress:===========================>  90%] [Cov:============>                      36%]
[Progress:===========================>  90%] [Cov:============>                      36%]
[Progress:===========================>  90%] [Cov:============>                      36%]
[Progress:===========================>  90%] [Cov:============>                      36%]
[Progress:===========================>  90%] [Cov:============>                      36%]
[Progress:===========================>  90%] [Cov:============>                      36%]
[Progress:===========================>  90%] [Cov:============>                      36%]
[Progress:===========================>  90%] [Cov:============>                      36%]
[Progress:===========================>  90%] [Cov:============>                      36%]
[Progress:===========================>  90%] [Cov:============>                      36%]
[Progress:===========================>  90%] [Cov:============>                      36%]
[Progress:===========================>  90%] [Cov:============>                      36%]
[Progress:===========================>  90%] [Cov:============>                      36%]
[Progress:===========================>  90%] [Cov:============>                      36%]
[Progress:===========================>  90%] [Cov:============>                      36%]
[Progress:===========================>  90%] [Cov:============>                      36%]
[Progress:===========================>  90%] [Cov:============>                      36%]
[Progress:===========================>  90%] [Cov:============>                      36%]
[Progress:===========================>  90%] [Cov:============>                      36%]
[Progress:===========================>  90%] [Cov:============>                      36%]
[Progress:===========================>  90%] [Cov:============>                      36%]
[Progress:===========================>  90%] [Cov:============>                      36%]
[Progress:===========================>  90%] [Cov:============>                      36%]
[Progress:===========================>  90%] [Cov:============>                      36%]
[Progress:===========================>  90%] [Cov:============>                      36%]
[Progress:===========================>  90%] [Cov:============>                      36%]
[Progress:===========================>  90%] [Cov:============>                      36%]
[Progress:===========================>  90%] [Cov:============>                      36%]
[Progress:===========================>  90%] [Cov:============>                      36%]
[Progress:===========================>  90%] [Cov:============>                      36%]
[Progress:===========================>  90%] [Cov:============>                      36%]
[Progress:===========================>  90%] [Cov:============>                      36%]
[Progress:===========================>  90%] [Cov:============>                      36%]
[Progress:===========================>  90%] [Cov:============>                      36%]
[Progress:===========================>  90%] [Cov:============>                      36%]
[Progress:===========================>  90%] [Cov:============>                      36%]
[Progress:===========================>  90%] [Cov:============>                      36%]
[Progress:===========================>  90%] [Cov:============>                      36%]
[Progress:===========================>  90%] [Cov:============>                      36%]
[Progress:===========================>  90%] [Cov:============>                      36%]
[Progress:===========================>  90%] [Cov:============>                      36%]
[Progress:===========================>  90%] [Cov:============>                      36%]
[Progress:===========================>  90%] [Cov:============>                      36%]
[Progress:===========================>  90%] [Cov:============>                      36%]
[Progress:===========================>  90%] [Cov:============>                      36%]
[Progress:===========================>  90%] [Cov:============>                      36%]
[Progress:===========================>  90%] [Cov:============>                      36%]
[Progress:===========================>  90%] [Cov:============>                      36%]
[Progress:===========================>  90%] [Cov:============>                      36%]
[Progress:===========================>  90%] [Cov:============>                      36%]
[Progress:===========================>  90%] [Cov:============>                      36%]
[Progress:===========================>  90%] [Cov:============>                      36%]
[Progress:===========================>  90%] [Cov:============>                      36%]
[Progress:===========================>  90%] [Cov:============>                      36%]
[Progress:===========================>  90%] [Cov:============>                      36%]
[Progress:===========================>  90%] [Cov:============>                      36%]
[Progress:===========================>  90%] [Cov:============>                      36%]
[Progress:===========================>  90%] [Cov:============>                      36%]
[Progress:===========================>  90%] [Cov:============>                      36%]
[Progress:===========================>  90%] [Cov:============>                      36%]
[Progress:===========================>  90%] [Cov:============>                      36%]
[Progress:===========================>  90%] [Cov:============>                      36%]
[Progress:===========================>  90%] [Cov:============>                      36%]
[Progress:===========================>  90%] [Cov:============>                      36%]
[Progress:===========================>  90%] [Cov:============>                      36%]
[Progress:===========================>  90%] [Cov:============>                      36%]
[Progress:===========================>  90%] [Cov:============>                      36%]
[Progress:===========================>  90%] [Cov:============>                      36%]
[Progress:===========================>  90%] [Cov:============>                      36%]
[Progress:===========================>  90%] [Cov:============>                      36%]
[Progress:===========================>  90%] [Cov:============>                      36%]
[Progress:===========================>  90%] [Cov:============>                      36%]
[Progress:===========================>  90%] [Cov:============>                      36%]
[Progress:===========================>  90%] [Cov:============>                      36%]
[Progress:===========================>  90%] [Cov:============>                      36%]
[Progress:===========================>  90%] [Cov:============>                      36%]
[Progress:===========================>  90%] [Cov:============>                      36%]
[Progress:===========================>  90%] [Cov:============>                      36%]
[Progress:===========================>  90%] [Cov:============>                      36%]
[Progress:===========================>  90%] [Cov:============>                      36%]
[Progress:===========================>  90%] [Cov:============>                      36%]
[Progress:===========================>  90%] [Cov:============>                      36%]
[Progress:===========================>  90%] [Cov:============>                      36%]
[Progress:===========================>  90%] [Cov:============>                      36%]
[Progress:===========================>  90%] [Cov:============>                      36%]
[Progress:===========================>  90%] [Cov:============>                      36%]
[Progress:===========================>  90%] [Cov:============>                      36%]
[Progress:===========================>  90%] [Cov:============>                      36%]
[Progress:===========================>  90%] [Cov:============>                      36%]
[Progress:===========================>  90%] [Cov:============>                      36%]
[Progress:===========================>  91%] [Cov:============>                      36%]
[Progress:===========================>  91%] [Cov:============>                      36%]
[Progress:===========================>  91%] [Cov:============>                      36%]
[Progress:===========================>  91%] [Cov:============>                      36%]
[Progress:===========================>  91%] [Cov:============>                      36%]
[Progress:===========================>  91%] [Cov:============>                      36%]
[Progress:===========================>  91%] [Cov:============>                      36%]
[Progress:===========================>  91%] [Cov:============>                      36%]
[Progress:===========================>  91%] [Cov:============>                      36%]
[Progress:===========================>  91%] [Cov:============>                      36%]
[Progress:===========================>  91%] [Cov:============>                      36%]
[Progress:===========================>  91%] [Cov:============>                      36%]
[Progress:===========================>  91%] [Cov:============>                      36%]
[Progress:===========================>  91%] [Cov:============>                      36%]
[Progress:===========================>  91%] [Cov:============>                      36%]
[Progress:===========================>  91%] [Cov:============>                      36%]
[Progress:===========================>  91%] [Cov:============>                      36%]
[Progress:===========================>  91%] [Cov:============>                      36%]
[Progress:===========================>  91%] [Cov:============>                      36%]
[Progress:===========================>  91%] [Cov:============>                      36%]
[Progress:===========================>  91%] [Cov:============>                      36%]
[Progress:===========================>  91%] [Cov:============>                      36%]
[Progress:===========================>  91%] [Cov:============>                      36%]
[Progress:===========================>  91%] [Cov:============>                      36%]
[Progress:===========================>  91%] [Cov:============>                      36%]
[Progress:===========================>  91%] [Cov:============>                      36%]
[Progress:===========================>  91%] [Cov:============>                      36%]
[Progress:===========================>  91%] [Cov:============>                      36%]
[Progress:===========================>  91%] [Cov:============>                      36%]
[Progress:===========================>  91%] [Cov:============>                      36%]
[Progress:===========================>  91%] [Cov:============>                      36%]
[Progress:===========================>  91%] [Cov:============>                      36%]
[Progress:===========================>  91%] [Cov:============>                      36%]
[Progress:===========================>  91%] [Cov:============>                      36%]
[Progress:===========================>  91%] [Cov:============>                      36%]
[Progress:===========================>  91%] [Cov:============>                      36%]
[Progress:===========================>  91%] [Cov:============>                      36%]
[Progress:===========================>  91%] [Cov:============>                      36%]
[Progress:===========================>  91%] [Cov:============>                      36%]
[Progress:===========================>  91%] [Cov:============>                      36%]
[Progress:===========================>  91%] [Cov:============>                      36%]
[Progress:===========================>  91%] [Cov:============>                      36%]
[Progress:===========================>  91%] [Cov:============>                      36%]
[Progress:===========================>  91%] [Cov:============>                      36%]
[Progress:===========================>  91%] [Cov:============>                      36%]
[Progress:===========================>  91%] [Cov:============>                      36%]
[Progress:===========================>  91%] [Cov:============>                      36%]
[Progress:===========================>  91%] [Cov:============>                      36%]
[Progress:===========================>  91%] [Cov:============>                      36%]
[Progress:===========================>  91%] [Cov:============>                      36%]
[Progress:===========================>  91%] [Cov:============>                      36%]
[Progress:===========================>  91%] [Cov:============>                      36%]
[Progress:===========================>  92%] [Cov:============>                      36%]
[Progress:===========================>  92%] [Cov:============>                      36%]
[Progress:===========================>  92%] [Cov:============>                      36%]
[Progress:===========================>  92%] [Cov:============>                      36%]
[Progress:===========================>  92%] [Cov:============>                      36%]
[Progress:===========================>  92%] [Cov:============>                      36%]
[Progress:===========================>  92%] [Cov:============>                      36%]
[Progress:===========================>  92%] [Cov:============>                      36%]
[Progress:===========================>  92%] [Cov:============>                      36%]
[Progress:===========================>  92%] [Cov:============>                      36%]
[Progress:===========================>  92%] [Cov:============>                      36%]
[Progress:===========================>  92%] [Cov:============>                      36%]
[Progress:===========================>  92%] [Cov:============>                      36%]
[Progress:===========================>  92%] [Cov:============>                      36%]
[Progress:===========================>  92%] [Cov:============>                      36%]
[Progress:===========================>  92%] [Cov:============>                      36%]
[Progress:===========================>  92%] [Cov:============>                      36%]
[Progress:===========================>  92%] [Cov:============>                      36%]
[Progress:===========================>  92%] [Cov:============>                      36%]
[Progress:===========================>  92%] [Cov:============>                      36%]
[Progress:===========================>  92%] [Cov:============>                      36%]
[Progress:===========================>  92%] [Cov:============>                      36%]
[Progress:===========================>  92%] [Cov:============>                      36%]
[Progress:===========================>  92%] [Cov:============>                      36%]
[Progress:===========================>  92%] [Cov:============>                      36%]
[Progress:===========================>  92%] [Cov:============>                      36%]
[Progress:===========================>  92%] [Cov:============>                      36%]
[Progress:===========================>  92%] [Cov:============>                      36%]
[Progress:===========================>  92%] [Cov:============>                      36%]
[Progress:===========================>  92%] [Cov:============>                      36%]
[Progress:===========================>  92%] [Cov:============>                      36%]
[Progress:===========================>  92%] [Cov:============>                      36%]
[Progress:===========================>  92%] [Cov:============>                      36%]
[Progress:===========================>  92%] [Cov:============>                      36%]
[Progress:===========================>  92%] [Cov:============>                      36%]
[Progress:===========================>  92%] [Cov:============>                      36%]
[Progress:===========================>  92%] [Cov:============>                      36%]
[Progress:===========================>  92%] [Cov:============>                      36%]
[Progress:===========================>  92%] [Cov:============>                      36%]
[Progress:===========================>  92%] [Cov:============>                      36%]
[Progress:===========================>  92%] [Cov:============>                      36%]
[Progress:===========================>  92%] [Cov:============>                      36%]
[Progress:===========================>  92%] [Cov:============>                      36%]
[Progress:===========================>  92%] [Cov:============>                      36%]
[Progress:===========================>  92%] [Cov:============>                      36%]
[Progress:===========================>  92%] [Cov:============>                      36%]
[Progress:===========================>  92%] [Cov:============>                      36%]
[Progress:===========================>  92%] [Cov:============>                      36%]
[Progress:===========================>  92%] [Cov:============>                      36%]
[Progress:===========================>  92%] [Cov:============>                      36%]
[Progress:===========================>  92%] [Cov:============>                      36%]
[Progress:===========================>  92%] [Cov:============>                      36%]
[Progress:===========================>  92%] [Cov:============>                      36%]
[Progress:===========================>  92%] [Cov:============>                      36%]
[Progress:===========================>  92%] [Cov:============>                      36%]
[Progress:===========================>  93%] [Cov:============>                      36%]
[Progress:===========================>  93%] [Cov:============>                      36%]
[Progress:===========================>  93%] [Cov:============>                      36%]
[Progress:===========================>  93%] [Cov:============>                      36%]
[Progress:===========================>  93%] [Cov:============>                      36%]
[Progress:===========================>  93%] [Cov:============>                      36%]
[Progress:===========================>  93%] [Cov:============>                      36%]
[Progress:===========================>  93%] [Cov:============>                      36%]
[Progress:===========================>  93%] [Cov:============>                      36%]
[Progress:===========================>  93%] [Cov:============>                      36%]
[Progress:===========================>  93%] [Cov:============>                      36%]
[Progress:===========================>  93%] [Cov:============>                      36%]
[Progress:===========================>  93%] [Cov:============>                      36%]
[Progress:===========================>  93%] [Cov:============>                      36%]
[Progress:===========================>  93%] [Cov:============>                      36%]
[Progress:===========================>  93%] [Cov:============>                      36%]
[Progress:===========================>  93%] [Cov:============>                      36%]
[Progress:===========================>  93%] [Cov:============>                      36%]
[Progress:===========================>  93%] [Cov:============>                      36%]
[Progress:===========================>  93%] [Cov:============>                      36%]
[Progress:===========================>  93%] [Cov:============>                      36%]
[Progress:===========================>  93%] [Cov:============>                      36%]
[Progress:===========================>  93%] [Cov:============>                      36%]
[Progress:===========================>  93%] [Cov:============>                      36%]
[Progress:===========================>  93%] [Cov:============>                      36%]
[Progress:===========================>  93%] [Cov:============>                      36%]
[Progress:===========================>  93%] [Cov:============>                      36%]
[Progress:===========================>  93%] [Cov:============>                      36%]
[Progress:===========================>  93%] [Cov:============>                      36%]
[Progress:===========================>  93%] [Cov:============>                      36%]
[Progress:===========================>  93%] [Cov:============>                      36%]
[Progress:===========================>  93%] [Cov:============>                      36%]
[Progress:===========================>  93%] [Cov:============>                      36%]
[Progress:===========================>  93%] [Cov:============>                      36%]
[Progress:===========================>  93%] [Cov:============>                      36%]
[Progress:===========================>  93%] [Cov:============>                      36%]
[Progress:===========================>  93%] [Cov:============>                      36%]
[Progress:===========================>  93%] [Cov:============>                      36%]
[Progress:===========================>  93%] [Cov:============>                      36%]
[Progress:===========================>  93%] [Cov:============>                      36%]
[Progress:===========================>  93%] [Cov:============>                      36%]
[Progress:===========================>  93%] [Cov:============>                      36%]
[Progress:===========================>  93%] [Cov:============>                      36%]
[Progress:===========================>  93%] [Cov:============>                      36%]
[Progress:===========================>  93%] [Cov:============>                      36%]
[Progress:===========================>  93%] [Cov:============>                      36%]
[Progress:===========================>  93%] [Cov:============>                      36%]
[Progress:===========================>  93%] [Cov:============>                      36%]
[Progress:===========================>  93%] [Cov:============>                      36%]
[Progress:===========================>  93%] [Cov:============>                      36%]
[Progress:===========================>  93%] [Cov:============>                      36%]
[Progress:===========================>  93%] [Cov:============>                      36%]
[Progress:===========================>  93%] [Cov:============>                      36%]
[Progress:===========================>  93%] [Cov:============>                      36%]
[Progress:===========================>  93%] [Cov:============>                      36%]
[Progress:===========================>  93%] [Cov:============>                      36%]
[Progress:===========================>  93%] [Cov:============>                      36%]
[Progress:===========================>  93%] [Cov:============>                      36%]
[Progress:===========================>  93%] [Cov:============>                      36%]
[Progress:============================> 94%] [Cov:============>                      36%]
[Progress:============================> 94%] [Cov:============>                      36%]
[Progress:============================> 94%] [Cov:============>                      36%]
[Progress:============================> 94%] [Cov:============>                      36%]
[Progress:============================> 94%] [Cov:============>                      36%]
[Progress:============================> 94%] [Cov:============>                      36%]
[Progress:============================> 94%] [Cov:============>                      36%]
[Progress:============================> 94%] [Cov:============>                      36%]
[Progress:============================> 94%] [Cov:============>                      36%]
[Progress:============================> 94%] [Cov:============>                      36%]
[Progress:============================> 94%] [Cov:============>                      36%]
[Progress:============================> 94%] [Cov:============>                      36%]
[Progress:============================> 94%] [Cov:============>                      36%]
[Progress:============================> 94%] [Cov:============>                      36%]
[Progress:============================> 94%] [Cov:============>                      36%]
[Progress:============================> 94%] [Cov:============>                      36%]
[Progress:============================> 94%] [Cov:============>                      36%]
[Progress:============================> 94%] [Cov:============>                      36%]
[Progress:============================> 94%] [Cov:============>                      36%]
[Progress:============================> 94%] [Cov:============>                      36%]
[Progress:============================> 94%] [Cov:============>                      36%]
[Progress:============================> 94%] [Cov:============>                      36%]
[Progress:============================> 94%] [Cov:============>                      36%]
[Progress:============================> 94%] [Cov:============>                      36%]
[Progress:============================> 94%] [Cov:============>                      36%]
[Progress:============================> 94%] [Cov:============>                      36%]
[Progress:============================> 94%] [Cov:============>                      36%]
[Progress:============================> 94%] [Cov:============>                      36%]
[Progress:============================> 94%] [Cov:============>                      36%]
[Progress:============================> 94%] [Cov:============>                      36%]
[Progress:============================> 94%] [Cov:============>                      36%]
[Progress:============================> 94%] [Cov:============>                      36%]
[Progress:============================> 94%] [Cov:============>                      36%]
[Progress:============================> 94%] [Cov:============>                      36%]
[Progress:============================> 94%] [Cov:============>                      36%]
[Progress:============================> 94%] [Cov:============>                      36%]
[Progress:============================> 94%] [Cov:============>                      36%]
[Progress:============================> 94%] [Cov:============>                      36%]
[Progress:============================> 94%] [Cov:============>                      36%]
[Progress:============================> 94%] [Cov:============>                      36%]
[Progress:============================> 94%] [Cov:============>                      36%]
[Progress:============================> 94%] [Cov:============>                      36%]
[Progress:============================> 94%] [Cov:============>                      36%]
[Progress:============================> 94%] [Cov:============>                      36%]
[Progress:============================> 94%] [Cov:============>                      36%]
[Progress:============================> 94%] [Cov:============>                      36%]
[Progress:============================> 94%] [Cov:============>                      36%]
[Progress:============================> 94%] [Cov:============>                      36%]
[Progress:============================> 94%] [Cov:============>                      36%]
[Progress:============================> 94%] [Cov:============>                      36%]
[Progress:============================> 94%] [Cov:============>                      36%]
[Progress:============================> 94%] [Cov:============>                      36%]
[Progress:============================> 94%] [Cov:============>                      36%]
[Progress:============================> 94%] [Cov:============>                      36%]
[Progress:============================> 94%] [Cov:============>                      36%]
[Progress:============================> 94%] [Cov:============>                      36%]
[Progress:============================> 95%] [Cov:============>                      36%]
[Progress:============================> 95%] [Cov:============>                      36%]
[Progress:============================> 95%] [Cov:============>                      36%]
[Progress:============================> 95%] [Cov:============>                      36%]
[Progress:============================> 95%] [Cov:============>                      36%]
[Progress:============================> 95%] [Cov:============>                      36%]
[Progress:============================> 95%] [Cov:============>                      36%]
[Progress:============================> 95%] [Cov:============>                      36%]
[Progress:============================> 95%] [Cov:============>                      36%]
[Progress:============================> 95%] [Cov:============>                      36%]
[Progress:============================> 95%] [Cov:============>                      36%]
[Progress:============================> 95%] [Cov:============>                      36%]
[Progress:============================> 95%] [Cov:============>                      36%]
[Progress:============================> 95%] [Cov:============>                      36%]
[Progress:============================> 95%] [Cov:============>                      36%]
[Progress:============================> 95%] [Cov:============>                      36%]
[Progress:============================> 95%] [Cov:============>                      36%]
[Progress:============================> 95%] [Cov:============>                      36%]
[Progress:============================> 95%] [Cov:============>                      36%]
[Progress:============================> 95%] [Cov:============>                      36%]
[Progress:============================> 95%] [Cov:============>                      36%]
[Progress:============================> 95%] [Cov:============>                      36%]
[Progress:============================> 95%] [Cov:============>                      36%]
[Progress:============================> 95%] [Cov:============>                      36%]
[Progress:============================> 95%] [Cov:============>                      36%]
[Progress:============================> 95%] [Cov:============>                      36%]
[Progress:============================> 95%] [Cov:============>                      36%]
[Progress:============================> 95%] [Cov:============>                      36%]
[Progress:============================> 95%] [Cov:============>                      36%]
[Progress:============================> 95%] [Cov:============>                      36%]
[Progress:============================> 95%] [Cov:============>                      36%]
[Progress:============================> 95%] [Cov:============>                      36%]
[Progress:============================> 95%] [Cov:============>                      36%]
[Progress:============================> 95%] [Cov:============>                      36%]
[Progress:============================> 95%] [Cov:============>                      36%]
[Progress:============================> 95%] [Cov:============>                      36%]
[Progress:============================> 95%] [Cov:============>                      36%]
[Progress:============================> 95%] [Cov:============>                      36%]
[Progress:============================> 95%] [Cov:============>                      36%]
[Progress:============================> 95%] [Cov:============>                      36%]
[Progress:============================> 95%] [Cov:============>                      36%]
[Progress:============================> 95%] [Cov:============>                      36%]
[Progress:============================> 95%] [Cov:============>                      36%]
[Progress:============================> 95%] [Cov:============>                      36%]
[Progress:============================> 95%] [Cov:============>                      36%]
[Progress:============================> 95%] [Cov:============>                      36%]
[Progress:============================> 95%] [Cov:============>                      36%]
[Progress:============================> 95%] [Cov:============>                      36%]
[Progress:============================> 95%] [Cov:============>                      36%]
[Progress:============================> 95%] [Cov:============>                      36%]
[Progress:============================> 95%] [Cov:============>                      36%]
[Progress:============================> 95%] [Cov:============>                      36%]
[Progress:============================> 95%] [Cov:============>                      36%]
[Progress:============================> 95%] [Cov:============>                      36%]
[Progress:============================> 95%] [Cov:============>                      36%]
[Progress:============================> 95%] [Cov:============>                      36%]
[Progress:============================> 95%] [Cov:============>                      36%]
[Progress:============================> 95%] [Cov:============>                      36%]
[Progress:============================> 95%] [Cov:============>                      36%]
[Progress:============================> 95%] [Cov:============>                      36%]
[Progress:============================> 95%] [Cov:============>                      36%]
[Progress:============================> 95%] [Cov:============>                      36%]
[Progress:============================> 95%] [Cov:============>                      36%]
[Progress:============================> 95%] [Cov:============>                      36%]
[Progress:============================> 95%] [Cov:============>                      36%]
[Progress:============================> 95%] [Cov:============>                      36%]
[Progress:============================> 95%] [Cov:============>                      36%]
[Progress:============================> 95%] [Cov:============>                      36%]
[Progress:============================> 95%] [Cov:============>                      36%]
[Progress:============================> 95%] [Cov:============>                      36%]
[Progress:============================> 95%] [Cov:============>                      36%]
[Progress:============================> 95%] [Cov:============>                      36%]
[Progress:============================> 95%] [Cov:============>                      36%]
[Progress:============================> 95%] [Cov:============>                      36%]
[Progress:============================> 95%] [Cov:============>                      36%]
[Progress:============================> 95%] [Cov:============>                      36%]
[Progress:============================> 95%] [Cov:============>                      36%]
[Progress:============================> 95%] [Cov:============>                      36%]
[Progress:============================> 95%] [Cov:============>                      36%]
[Progress:============================> 95%] [Cov:============>                      36%]
[Progress:============================> 95%] [Cov:============>                      36%]
[Progress:============================> 95%] [Cov:============>                      36%]
[Progress:============================> 95%] [Cov:============>                      36%]
[Progress:============================> 95%] [Cov:============>                      36%]
[Progress:============================> 95%] [Cov:============>                      36%]
[Progress:============================> 95%] [Cov:============>                      36%]
[Progress:============================> 95%] [Cov:============>                      36%]
[Progress:============================> 95%] [Cov:============>                      36%]
[Progress:============================> 95%] [Cov:============>                      36%]
[Progress:============================> 95%] [Cov:============>                      36%]
[Progress:============================> 95%] [Cov:============>                      36%]
[Progress:============================> 95%] [Cov:============>                      36%]
[Progress:============================> 95%] [Cov:============>                      36%]
[Progress:============================> 95%] [Cov:============>                      36%]
[Progress:============================> 95%] [Cov:============>                      36%]
[Progress:============================> 95%] [Cov:============>                      36%]
[Progress:============================> 95%] [Cov:============>                      36%]
[Progress:============================> 95%] [Cov:============>                      36%]
[Progress:============================> 95%] [Cov:============>                      36%]
[Progress:============================> 95%] [Cov:============>                      36%]
[Progress:============================> 95%] [Cov:============>                      36%]
[Progress:============================> 95%] [Cov:============>                      36%]
[Progress:============================> 95%] [Cov:============>                      36%]
[Progress:============================> 95%] [Cov:============>                      36%]
[Progress:============================> 95%] [Cov:============>                      36%]
[Progress:============================> 95%] [Cov:============>                      36%]
[Progress:============================> 95%] [Cov:============>                      36%]
[Progress:============================> 95%] [Cov:============>                      36%]
[Progress:============================> 95%] [Cov:============>                      36%]
[Progress:============================> 96%] [Cov:============>                      36%]
[Progress:============================> 96%] [Cov:============>                      36%]
[Progress:============================> 96%] [Cov:============>                      36%]
[Progress:============================> 96%] [Cov:============>                      36%]
[Progress:============================> 96%] [Cov:============>                      36%]
[Progress:============================> 96%] [Cov:============>                      36%]
[Progress:============================> 96%] [Cov:============>                      36%]
[Progress:============================> 96%] [Cov:============>                      36%]
[Progress:============================> 96%] [Cov:============>                      36%]
[Progress:============================> 96%] [Cov:============>                      36%]
[Progress:============================> 96%] [Cov:============>                      36%]
[Progress:============================> 96%] [Cov:============>                      36%]
[Progress:============================> 96%] [Cov:============>                      36%]
[Progress:============================> 96%] [Cov:============>                      36%]
[Progress:============================> 96%] [Cov:============>                      36%]
[Progress:============================> 96%] [Cov:============>                      36%]
[Progress:============================> 96%] [Cov:============>                      36%]
[Progress:============================> 96%] [Cov:============>                      36%]
[Progress:============================> 96%] [Cov:============>                      36%]
[Progress:============================> 96%] [Cov:============>                      36%]
[Progress:============================> 96%] [Cov:============>                      36%]
[Progress:============================> 96%] [Cov:============>                      36%]
[Progress:============================> 96%] [Cov:============>                      36%]
[Progress:============================> 96%] [Cov:============>                      36%]
[Progress:============================> 96%] [Cov:============>                      36%]
[Progress:============================> 96%] [Cov:============>                      36%]
[Progress:============================> 96%] [Cov:============>                      36%]
[Progress:============================> 96%] [Cov:============>                      36%]
[Progress:============================> 96%] [Cov:============>                      36%]
[Progress:============================> 96%] [Cov:============>                      36%]
[Progress:============================> 96%] [Cov:============>                      36%]
[Progress:============================> 96%] [Cov:============>                      36%]
[Progress:============================> 96%] [Cov:============>                      36%]
[Progress:============================> 96%] [Cov:============>                      36%]
[Progress:============================> 96%] [Cov:============>                      36%]
[Progress:============================> 96%] [Cov:============>                      36%]
[Progress:============================> 96%] [Cov:============>                      36%]
[Progress:============================> 96%] [Cov:============>                      36%]
[Progress:============================> 96%] [Cov:============>                      36%]
[Progress:============================> 96%] [Cov:============>                      36%]
[Progress:============================> 96%] [Cov:============>                      36%]
[Progress:============================> 96%] [Cov:============>                      36%]
[Progress:============================> 96%] [Cov:============>                      36%]
[Progress:============================> 96%] [Cov:============>                      36%]
[Progress:============================> 96%] [Cov:============>                      36%]
[Progress:============================> 96%] [Cov:============>                      36%]
[Progress:============================> 96%] [Cov:============>                      36%]
[Progress:============================> 96%] [Cov:============>                      36%]
[Progress:============================> 96%] [Cov:============>                      36%]
[Progress:============================> 96%] [Cov:============>                      36%]
[Progress:============================> 96%] [Cov:============>                      36%]
[Progress:============================> 96%] [Cov:============>                      36%]
[Progress:============================> 96%] [Cov:============>                      36%]
[Progress:============================> 96%] [Cov:============>                      36%]
[Progress:=============================>97%] [Cov:============>                      36%]
[Progress:=============================>97%] [Cov:============>                      36%]
[Progress:=============================>97%] [Cov:============>                      36%]
[Progress:=============================>97%] [Cov:============>                      36%]
[Progress:=============================>97%] [Cov:============>                      36%]
[Progress:=============================>97%] [Cov:============>                      36%]
[Progress:=============================>97%] [Cov:============>                      36%]
[Progress:=============================>97%] [Cov:============>                      36%]
[Progress:=============================>97%] [Cov:============>                      36%]
[Progress:=============================>97%] [Cov:============>                      36%]
[Progress:=============================>97%] [Cov:============>                      36%]
[Progress:=============================>97%] [Cov:============>                      36%]
[Progress:=============================>97%] [Cov:============>                      36%]
[Progress:=============================>97%] [Cov:============>                      36%]
[Progress:=============================>97%] [Cov:============>                      36%]
[Progress:=============================>97%] [Cov:============>                      36%]
[Progress:=============================>97%] [Cov:============>                      36%]
[Progress:=============================>97%] [Cov:============>                      36%]
[Progress:=============================>97%] [Cov:============>                      36%]
[Progress:=============================>97%] [Cov:============>                      36%]
[Progress:=============================>97%] [Cov:============>                      36%]
[Progress:=============================>97%] [Cov:============>                      36%]
[Progress:=============================>97%] [Cov:============>                      36%]
[Progress:=============================>97%] [Cov:============>                      36%]
[Progress:=============================>97%] [Cov:============>                      36%]
[Progress:=============================>97%] [Cov:============>                      36%]
[Progress:=============================>97%] [Cov:============>                      36%]
[Progress:=============================>97%] [Cov:============>                      36%]
[Progress:=============================>97%] [Cov:============>                      36%]
[Progress:=============================>97%] [Cov:============>                      36%]
[Progress:=============================>97%] [Cov:============>                      36%]
[Progress:=============================>97%] [Cov:============>                      36%]
[Progress:=============================>97%] [Cov:============>                      36%]
[Progress:=============================>97%] [Cov:============>                      36%]
[Progress:=============================>97%] [Cov:============>                      36%]
[Progress:=============================>97%] [Cov:============>                      36%]
[Progress:=============================>97%] [Cov:============>                      36%]
[Progress:=============================>97%] [Cov:============>                      36%]
[Progress:=============================>97%] [Cov:============>                      36%]
[Progress:=============================>97%] [Cov:============>                      36%]
[Progress:=============================>97%] [Cov:============>                      36%]
[Progress:=============================>97%] [Cov:============>                      36%]
[Progress:=============================>97%] [Cov:============>                      36%]
[Progress:=============================>97%] [Cov:============>                      36%]
[Progress:=============================>97%] [Cov:============>                      36%]
[Progress:=============================>97%] [Cov:============>                      36%]
[Progress:=============================>97%] [Cov:============>                      36%]
[Progress:=============================>97%] [Cov:============>                      36%]
[Progress:=============================>97%] [Cov:============>                      36%]
[Progress:=============================>97%] [Cov:============>                      36%]
[Progress:=============================>97%] [Cov:============>                      36%]
[Progress:=============================>97%] [Cov:============>                      36%]
[Progress:=============================>98%] [Cov:============>                      36%]
[Progress:=============================>98%] [Cov:============>                      36%]
[Progress:=============================>98%] [Cov:============>                      36%]
[Progress:=============================>98%] [Cov:============>                      36%]
[Progress:=============================>98%] [Cov:============>                      36%]
[Progress:=============================>98%] [Cov:============>                      36%]
[Progress:=============================>98%] [Cov:============>                      36%]
[Progress:=============================>98%] [Cov:============>                      36%]
[Progress:=============================>98%] [Cov:============>                      36%]
[Progress:=============================>98%] [Cov:============>                      36%]
[Progress:=============================>98%] [Cov:============>                      36%]
[Progress:=============================>98%] [Cov:============>                      36%]
[Progress:=============================>98%] [Cov:============>                      36%]
[Progress:=============================>98%] [Cov:============>                      36%]
[Progress:=============================>98%] [Cov:============>                      36%]
[Progress:=============================>98%] [Cov:============>                      36%]
[Progress:=============================>98%] [Cov:============>                      36%]
[Progress:=============================>98%] [Cov:============>                      36%]
[Progress:=============================>98%] [Cov:============>                      36%]
[Progress:=============================>98%] [Cov:============>                      36%]
[Progress:=============================>98%] [Cov:============>                      36%]
[Progress:=============================>98%] [Cov:============>                      36%]
[Progress:=============================>98%] [Cov:============>                      36%]
[Progress:=============================>98%] [Cov:============>                      36%]
[Progress:=============================>98%] [Cov:============>                      36%]
[Progress:=============================>98%] [Cov:============>                      36%]
[Progress:=============================>98%] [Cov:============>                      36%]
[Progress:=============================>98%] [Cov:============>                      36%]
[Progress:=============================>98%] [Cov:============>                      36%]
[Progress:=============================>98%] [Cov:============>                      36%]
[Progress:=============================>98%] [Cov:============>                      36%]
[Progress:=============================>98%] [Cov:============>                      36%]
[Progress:=============================>98%] [Cov:============>                      36%]
[Progress:=============================>98%] [Cov:============>                      36%]
[Progress:=============================>98%] [Cov:============>                      36%]
[Progress:=============================>98%] [Cov:============>                      36%]
[Progress:=============================>98%] [Cov:============>                      36%]
[Progress:=============================>98%] [Cov:============>                      36%]
[Progress:=============================>98%] [Cov:============>                      36%]
[Progress:=============================>98%] [Cov:============>                      36%]
[Progress:=============================>98%] [Cov:============>                      36%]
[Progress:=============================>98%] [Cov:============>                      36%]
[Progress:=============================>98%] [Cov:============>                      36%]
[Progress:=============================>98%] [Cov:============>                      36%]
[Progress:=============================>98%] [Cov:============>                      36%]
[Progress:=============================>98%] [Cov:============>                      36%]
[Progress:=============================>98%] [Cov:============>                      36%]
[Progress:=============================>98%] [Cov:============>                      36%]
[Progress:=============================>98%] [Cov:============>                      36%]
[Progress:=============================>98%] [Cov:============>                      36%]
[Progress:=============================>98%] [Cov:============>                      36%]
[Progress:=============================>98%] [Cov:============>                      36%]
[Progress:=============================>98%] [Cov:============>                      36%]
[Progress:=============================>98%] [Cov:============>                      36%]
[Progress:=============================>98%] [Cov:============>                      36%]
[Progress:=============================>98%] [Cov:============>                      36%]
[Progress:=============================>98%] [Cov:============>                      36%]
[Progress:=============================>98%] [Cov:============>                      36%]
[Progress:=============================>99%] [Cov:============>                      36%]
[Progress:=============================>99%] [Cov:============>                      36%]
[Progress:=============================>99%] [Cov:============>                      36%]
[Progress:=============================>99%] [Cov:============>                      36%]
[Progress:=============================>99%] [Cov:============>                      36%]
[Progress:=============================>99%] [Cov:============>                      36%]
[Progress:=============================>99%] [Cov:============>                      36%]
[Progress:=============================>99%] [Cov:============>                      36%]
[Progress:=============================>99%] [Cov:============>                      36%]
[Progress:=============================>99%] [Cov:============>                      36%]
[Progress:=============================>99%] [Cov:============>                      36%]
[Progress:=============================>99%] [Cov:============>                      36%]
[Progress:=============================>99%] [Cov:============>                      36%]
[Progress:=============================>99%] [Cov:============>                      36%]
[Progress:=============================>99%] [Cov:============>                      36%]
[Progress:=============================>99%] [Cov:============>                      36%]
[Progress:=============================>99%] [Cov:============>                      36%]
[Progress:=============================>99%] [Cov:============>                      36%]
[Progress:=============================>99%] [Cov:============>                      36%]
[Progress:=============================>99%] [Cov:============>                      36%]
[Progress:=============================>99%] [Cov:============>                      36%]
[Progress:=============================>99%] [Cov:============>                      36%]
[Progress:=============================>99%] [Cov:============>                      36%]
[Progress:=============================>99%] [Cov:============>                      36%]
[Progress:=============================>99%] [Cov:============>                      36%]
[Progress:=============================>99%] [Cov:============>                      36%]
[Progress:=============================>99%] [Cov:============>                      36%]
[Progress:=============================>99%] [Cov:============>                      36%]
[Progress:=============================>99%] [Cov:============>                      36%]
[Progress:=============================>99%] [Cov:============>                      36%]
[Progress:=============================>99%] [Cov:============>                      36%]
[Progress:=============================>99%] [Cov:============>                      36%]
[Progress:=============================>99%] [Cov:============>                      36%]
[Progress:=============================>99%] [Cov:============>                      36%]
[Progress:=============================>99%] [Cov:============>                      36%]
[Progress:=============================>99%] [Cov:============>                      36%]
[Progress:=============================>99%] [Cov:============>                      36%]
[Progress:=============================>99%] [Cov:============>                      36%]
[Progress:=============================>99%] [Cov:============>                      36%]
[Progress:=============================>99%] [Cov:============>                      36%]
[Progress:=============================>99%] [Cov:============>                      36%]
[Progress:=============================>99%] [Cov:============>                      36%]
[Progress:=============================>99%] [Cov:============>                      36%]
[Progress:=============================>99%] [Cov:============>                      36%]
[Progress:=============================>99%] [Cov:============>                      36%]
[Progress:=============================>99%] [Cov:============>                      36%]
[Progress:=============================>99%] [Cov:============>                      36%]
[Progress:=============================>99%] [Cov:============>                      36%]
[Progress:=============================>99%] [Cov:============>                      36%]
[Progress:=============================>99%] [Cov:============>                      36%]
[Progress:=============================>99%] [Cov:============>                      36%]
[Progress:=============================>99%] [Cov:============>                      36%]
[Progress:=============================>99%] [Cov:============>                      36%]
[Progress:=============================>99%] [Cov:============>                      36%]
[Progress:=============================>99%] [Cov:============>                      36%]
[Progress:==============================100%] [Cov:============>                      36%]
[Progress:==============================100%] [Cov:============>                      36%]
[Progress:==============================100%] [Cov:============>                      36%]
[Progress:==============================100%] [Cov:============>                      36%]
[Progress:==============================100%] [Cov:============>                      36%]
[Progress:==============================100%] [Cov:============>                      36%]
[Progress:==============================100%] [Cov:============>                      36%]
[Progress:==============================100%] [Cov:============>                      36%]
[Progress:==============================100%] [Cov:============>                      36%]
[Progress:==============================100%] [Cov:============>                      36%]
[Progress:==============================100%] [Cov:============>                      36%]
[Progress:==============================100%] [Cov:============>                      36%]
[Progress:==============================100%] [Cov:============>                      36%]
[Progress:==============================100%] [Cov:============>                      36%]
[Progress:==============================100%] [Cov:============>                      36%]
[Progress:==============================100%] [Cov:============>                      36%]
[Progress:==============================100%] [Cov:============>                      36%]
[Progress:==============================100%] [Cov:============>                      36%]
[Progress:==============================100%] [Cov:============>                      36%]
[Progress:==============================100%] [Cov:============>                      36%]
[Progress:==============================100%] [Cov:============>                      36%]
[Progress:==============================100%] [Cov:============>                      36%]
[Progress:==============================100%] [Cov:============>                      36%]
[Progress:==============================100%] [Cov:============>                      36%]
[Progress:==============================100%] [Cov:============>                      36%]
[Progress:==============================100%] [Cov:============>                      36%]
[Progress:==============================100%] [Cov:============>                      36%]
[Progress:==============================100%] [Cov:============>                      36%]
[Progress:==============================100%] [Cov:============>                      36%]
[Progress:==============================100%] [Cov:============>                      36%]
[Progress:==============================100%] [Cov:============>                      36%]
[Progress:==============================100%] [Cov:============>                      36%]
[Progress:==============================100%] [Cov:============>                      36%]
[Progress:==============================100%] [Cov:============>                      36%]
[Progress:==============================100%] [Cov:============>                      36%]
[Progress:==============================100%] [Cov:============>                      36%]
[Progress:==============================100%] [Cov:============>                      36%]
[Progress:==============================100%] [Cov:============>                      36%]
[Progress:==============================100%] [Cov:============>                      36%]
[Progress:==============================100%] [Cov:============>                      36%]
[Progress:==============================100%] [Cov:============>                      36%]
[Progress:==============================100%] [Cov:============>                      36%]
[Progress:==============================100%] [Cov:============>                      36%]
[Progress:==============================100%] [Cov:============>                      36%]
[Progress:==============================100%] [Cov:============>                      36%]
[Progress:==============================100%] [Cov:============>                      36%]
[Progress:==============================100%] [Cov:============>                      36%]
[Progress:==============================100%] [Cov:============>                      36%]
[Progress:==============================100%] [Cov:============>                      36%]
[Progress:==============================100%] [Cov:============>                      36%]
[Progress:==============================100%] [Cov:============>                      36%]
[Progress:==============================100%] [Cov:============>                      36%]
[Progress:==============================100%] [Cov:============>                      36%]
[Progress:==============================100%] [Cov:============>                      36%]
* Search finished after 121s and 5189 generations, 432460 statements, best individual has fitness: 89.32034632034632
* Minimizing test suite
* Going to analyze the coverage criteria
* Coverage analysis for criterion LINE
* Coverage of criterion LINE: 4%
* Total number of goals: 79
* Number of covered goals: 3
* Coverage analysis for criterion BRANCH
* Coverage of criterion BRANCH: 4%
* Total number of goals: 46
* Number of covered goals: 2
* Coverage analysis for criterion EXCEPTION
* Coverage of criterion EXCEPTION: 100%
* Total number of goals: 2
* Number of covered goals: 2
* Generated 2 tests with total length 9
* Resulting test suite's coverage: 36% (average coverage for all fitness functions)
* Generating assertions
* Resulting test suite's mutation score: 0%
* Compiling and checking tests
* Writing tests to file
* Writing JUnit test case 'TypeInfoFactory_ESTest' to /work/evo_out/Gson_1f/budget120_seed1/tests
* Done!

* Computation finished

[exit=0 timeout=False time=128.0s]

$ javac -nowarn -cp /work/Gson_1f/target/classes:/opt/defects4j/framework/projects/lib/junit-4.12-hamcrest-1.3.jar:/work/Gson_1f/target/classes:/work/Gson_1f/target/test-classes:/opt/defects4j/framework/projects/Gson/lib/com/google/code/findbugs/jsr305/3.0.0/jsr305-3.0.0.jar:/opt/evosuite/evosuite-standalone-runtime-1.2.0.jar -d /work/evo_out/Gson_1f/budget120_seed1/classes /work/evo_out/Gson_1f/budget120_seed1/tests/com/google/gson/TypeInfoFactory_ESTest.java /work/evo_out/Gson_1f/budget120_seed1/tests/com/google/gson/TypeInfoFactory_ESTest_scaffolding.java

[exit=0 timeout=False time=0.6s]

$ java -jar /opt/jacoco/lib/jacococli.jar instrument /work/Gson_1f/target/classes --dest /work/evo_out/Gson_1f/budget120_seed1/instrumented
[INFO] 137 classes instrumented to /work/evo_out/Gson_1f/budget120_seed1/instrumented.

[exit=0 timeout=False time=0.3s]

$ java -Djacoco-agent.destfile=/workspace/EvoSuite/Result_Round2/Gson_1/budget120_seed1/jacoco.exec -cp /work/evo_out/Gson_1f/budget120_seed1/instrumented:/work/evo_out/Gson_1f/budget120_seed1/classes:/opt/defects4j/framework/projects/lib/junit-4.12-hamcrest-1.3.jar:/work/Gson_1f/target/classes:/work/Gson_1f/target/test-classes:/opt/defects4j/framework/projects/Gson/lib/com/google/code/findbugs/jsr305/3.0.0/jsr305-3.0.0.jar:/opt/evosuite/evosuite-standalone-runtime-1.2.0.jar:/opt/jacoco/lib/jacocoagent.jar org.junit.runner.JUnitCore com.google.gson.TypeInfoFactory_ESTest
JUnit version 4.12
..
Time: 0.627

OK (2 tests)

SLF4J: Failed to load class "org.slf4j.impl.StaticLoggerBinder".
SLF4J: Defaulting to no-operation (NOP) logger implementation
SLF4J: See http://www.slf4j.org/codes.html#StaticLoggerBinder for further details.
WARNING: An illegal reflective access operation has occurred
WARNING: Illegal reflective access by org.evosuite.runtime.GuiSupport (file:/opt/evosuite/evosuite-standalone-runtime-1.2.0.jar) to field java.awt.GraphicsEnvironment.headless
WARNING: Please consider reporting this to the maintainers of org.evosuite.runtime.GuiSupport
WARNING: Use --illegal-access=warn to enable warnings of further illegal reflective access operations
WARNING: All illegal access operations will be denied in a future release

[exit=0 timeout=False time=0.8s]

$ java -jar /opt/jacoco/lib/jacococli.jar report /workspace/EvoSuite/Result_Round2/Gson_1/budget120_seed1/jacoco.exec --classfiles /work/Gson_1f/target/classes --csv /workspace/EvoSuite/Result_Round2/Gson_1/budget120_seed1/jacoco.csv
[INFO] Loading execution data file /workspace/EvoSuite/Result_Round2/Gson_1/budget120_seed1/jacoco.exec.
[INFO] Analyzing 109 classes.

[exit=0 timeout=False time=0.3s]

$ java -cp /work/evo_out/Gson_1f/budget120_seed1/classes:/opt/defects4j/framework/projects/lib/junit-4.12-hamcrest-1.3.jar:/work/Gson_1b/target/classes:/work/Gson_1b/target/test-classes:/opt/defects4j/framework/projects/Gson/lib/com/google/code/findbugs/jsr305/3.0.0/jsr305-3.0.0.jar:/opt/evosuite/evosuite-standalone-runtime-1.2.0.jar org.junit.runner.JUnitCore com.google.gson.TypeInfoFactory_ESTest
JUnit version 4.12
..
Time: 0.604

OK (2 tests)

SLF4J: Failed to load class "org.slf4j.impl.StaticLoggerBinder".
SLF4J: Defaulting to no-operation (NOP) logger implementation
SLF4J: See http://www.slf4j.org/codes.html#StaticLoggerBinder for further details.
WARNING: An illegal reflective access operation has occurred
WARNING: Illegal reflective access by org.evosuite.runtime.GuiSupport (file:/opt/evosuite/evosuite-standalone-runtime-1.2.0.jar) to field java.awt.GraphicsEnvironment.headless
WARNING: Please consider reporting this to the maintainers of org.evosuite.runtime.GuiSupport
WARNING: Use --illegal-access=warn to enable warnings of further illegal reflective access operations
WARNING: All illegal access operations will be denied in a future release

[exit=0 timeout=False time=0.8s]
