
$ defects4j checkout -p Math -v 13f -w /work/Math_13f
Checking out 2836a6f9 to /work/Math_13f.................................... OK
Init local repository...................................................... OK
Tag post-fix revision...................................................... OK
Run post-checkout hook..................................................... OK
Excluding broken/flaky tests............................................... OK
Excluding broken/flaky tests............................................... OK
Excluding broken/flaky tests............................................... OK
Initialize fixed program version........................................... OK
Apply patch................................................................ OK
Initialize buggy program version........................................... OK
Diff 2836a6f9:b07ecae3..................................................... OK
Apply patch................................................................ OK
Tag pre-fix revision....................................................... OK
Check out program version: Math-13f........................................ OK

[exit=0 timeout=False time=4.2s]

$ defects4j compile -w /work/Math_13f
Running ant (compile)...................................................... OK
Running ant (compile.tests)................................................ OK

[exit=0 timeout=False time=15.0s]

$ defects4j checkout -p Math -v 13b -w /work/Math_13b
Checking out 2836a6f9 to /work/Math_13b.................................... OK
Init local repository...................................................... OK
Tag post-fix revision...................................................... OK
Run post-checkout hook..................................................... OK
Excluding broken/flaky tests............................................... OK
Excluding broken/flaky tests............................................... OK
Excluding broken/flaky tests............................................... OK
Initialize fixed program version........................................... OK
Apply patch................................................................ OK
Initialize buggy program version........................................... OK
Diff 2836a6f9:b07ecae3..................................................... OK
Apply patch................................................................ OK
Tag pre-fix revision....................................................... OK
Check out program version: Math-13b........................................ OK

[exit=0 timeout=False time=4.2s]

$ defects4j compile -w /work/Math_13b
Running ant (compile)...................................................... OK
Running ant (compile.tests)................................................ OK

[exit=0 timeout=False time=14.4s]

$ java -Djava.awt.headless=true -cp /opt/defects4j/framework/projects/lib/junit-4.12-hamcrest-1.3.jar:/opt/evosuite/evosuite-1.2.0.jar:/work/Math_13f/target/classes:/work/Math_13f/target/test-classes org.evosuite.EvoSuite -generateSuite -class org.apache.commons.math3.optimization.general.AbstractLeastSquaresOptimizer -projectCP /opt/defects4j/framework/projects/lib/junit-4.12-hamcrest-1.3.jar:/work/Math_13f/target/classes:/work/Math_13f/target/test-classes -Dcriterion=LINE:BRANCH:EXCEPTION -Dsearch_budget=60 -seed 1 -Dtest_dir=/work/evo_out/Math_13f/budget60_seed1/tests -Dreport_dir=/work/evo_out/Math_13f/budget60_seed1/report
* EvoSuite 1.2.0
* Going to generate test cases for class: org.apache.commons.math3.optimization.general.AbstractLeastSquaresOptimizer
* Starting Client-0
* Connecting to master process on port 9922
* Analyzing classpath: 
  - /opt/defects4j/framework/projects/lib/junit-4.12-hamcrest-1.3.jar
  - /work/Math_13f/target/classes
  - /work/Math_13f/target/test-classes
* Finished analyzing classpath
* Generating tests for class org.apache.commons.math3.optimization.general.AbstractLeastSquaresOptimizer
* Test criteria:
  - Line Coverage
  - Branch Coverage
  - Exception
* Setting up search algorithm for whole suite generation
* Total number of test goals: 
  - Line 86
  - Branch 39
  - Exception 0

[Progress:>                             0%] [Cov:>                                  0%]* Using seed 1
* Starting evolution

[Progress:>                             0%] [Cov:==>                                6%]
[Progress:>                             0%] [Cov:====>                              14%]
[Progress:>                             0%] [Cov:================>                  48%]
[Progress:>                             0%] [Cov:=================>                 49%]
[Progress:>                             0%] [Cov:=================>                 50%]
[Progress:>                             1%] [Cov:==>                                7%]
[Progress:>                             1%] [Cov:=====>                             17%]
[Progress:>                             1%] [Cov:=================>                 50%]
[Progress:>                             1%] [Cov:=================>                 50%]
[Progress:>                             1%] [Cov:=================>                 51%]
[Progress:>                             1%] [Cov:=====================>             60%]
[Progress:>                             1%] [Cov:=====================>             60%]
[Progress:>                             3%] [Cov:=====================>             60%]
[Progress:>                             3%] [Cov:=====================>             60%]
[Progress:>                             3%] [Cov:=====================>             60%]
[Progress:>                             3%] [Cov:=====================>             60%]
[Progress:>                             3%] [Cov:=====================>             60%]
[Progress:>                             3%] [Cov:=====================>             60%]
[Progress:>                             3%] [Cov:=====================>             60%]
[Progress:>                             3%] [Cov:=====================>             60%]
[Progress:>                             3%] [Cov:=====================>             60%]
[Progress:>                             3%] [Cov:=====================>             60%]
[Progress:=>                            5%] [Cov:=====================>             60%]
[Progress:=>                            5%] [Cov:=====================>             60%]
[Progress:=>                            5%] [Cov:=====================>             60%]
[Progress:=>                            5%] [Cov:=====================>             60%]
[Progress:=>                            5%] [Cov:=====================>             60%]
[Progress:=>                            5%] [Cov:=====================>             60%]
[Progress:=>                            5%] [Cov:=====================>             60%]
[Progress:=>                            5%] [Cov:=====================>             60%]
[Progress:=>                            5%] [Cov:=====================>             60%]
[Progress:=>                            5%] [Cov:=====================>             60%]
[Progress:=>                            5%] [Cov:=====================>             60%]
[Progress:=>                            6%] [Cov:=====================>             60%]
[Progress:=>                            6%] [Cov:=====================>             60%]
[Progress:=>                            6%] [Cov:=====================>             60%]
[Progress:=>                            6%] [Cov:=====================>             60%]
[Progress:=>                            6%] [Cov:=====================>             60%]
[Progress:=>                            6%] [Cov:=====================>             60%]
[Progress:=>                            6%] [Cov:=====================>             60%]
[Progress:=>                            6%] [Cov:=====================>             60%]
[Progress:=>                            6%] [Cov:=====================>             60%]
[Progress:=>                            6%] [Cov:=====================>             60%]
[Progress:=>                            6%] [Cov:=====================>             60%]
[Progress:=>                            6%] [Cov:=====================>             60%]
[Progress:=>                            6%] [Cov:=====================>             60%]
[Progress:=>                            6%] [Cov:=====================>             60%]
[Progress:=>                            6%] [Cov:=====================>             60%]
[Progress:==>                           8%] [Cov:=====================>             60%]
[Progress:==>                           8%] [Cov:=====================>             60%]
[Progress:==>                           8%] [Cov:=====================>             60%]
[Progress:==>                           8%] [Cov:=====================>             60%]
[Progress:==>                           8%] [Cov:=====================>             60%]
[Progress:==>                           8%] [Cov:=====================>             60%]
[Progress:==>                           8%] [Cov:=====================>             60%]
[Progress:==>                           8%] [Cov:=====================>             60%]
[Progress:==>                           8%] [Cov:=====================>             60%]
[Progress:==>                           8%] [Cov:=====================>             60%]
[Progress:==>                           8%] [Cov:=====================>             60%]
[Progress:==>                           8%] [Cov:=====================>             60%]
[Progress:==>                           8%] [Cov:=====================>             60%]
[Progress:==>                           8%] [Cov:=====================>             60%]
[Progress:==>                           8%] [Cov:=====================>             60%]
[Progress:===>                          10%] [Cov:=====================>             60%]
[Progress:===>                          10%] [Cov:=====================>             60%]
[Progress:===>                          10%] [Cov:=====================>             60%]
[Progress:===>                          10%] [Cov:=====================>             60%]
[Progress:===>                          10%] [Cov:=====================>             60%]
[Progress:===>                          10%] [Cov:=====================>             60%]
[Progress:===>                          10%] [Cov:=====================>             60%]
[Progress:===>                          10%] [Cov:=====================>             60%]
[Progress:===>                          10%] [Cov:=====================>             60%]
[Progress:===>                          10%] [Cov:=====================>             60%]
[Progress:===>                          10%] [Cov:=====================>             60%]
[Progress:===>                          10%] [Cov:=====================>             60%]
[Progress:===>                          10%] [Cov:=====================>             60%]
[Progress:===>                          10%] [Cov:=====================>             60%]
[Progress:===>                          10%] [Cov:=====================>             60%]
[Progress:===>                          10%] [Cov:=====================>             60%]
[Progress:===>                          10%] [Cov:=====================>             60%]
[Progress:===>                          11%] [Cov:=====================>             60%]
[Progress:===>                          11%] [Cov:=====================>             60%]
[Progress:===>                          11%] [Cov:=====================>             60%]
[Progress:===>                          11%] [Cov:=====================>             60%]
[Progress:===>                          11%] [Cov:=====================>             60%]
[Progress:===>                          11%] [Cov:=====================>             60%]
[Progress:===>                          11%] [Cov:=====================>             60%]
[Progress:===>                          11%] [Cov:=====================>             60%]
[Progress:===>                          11%] [Cov:=====================>             60%]
[Progress:===>                          11%] [Cov:=====================>             60%]
[Progress:===>                          11%] [Cov:=====================>             60%]
[Progress:===>                          11%] [Cov:=====================>             60%]
[Progress:===>                          11%] [Cov:=====================>             60%]
[Progress:===>                          11%] [Cov:=====================>             60%]
[Progress:===>                          11%] [Cov:=====================>             60%]
[Progress:===>                          11%] [Cov:=====================>             60%]
[Progress:===>                          11%] [Cov:=====================>             60%]
[Progress:===>                          11%] [Cov:=====================>             60%]
[Progress:===>                          13%] [Cov:=====================>             60%]
[Progress:===>                          13%] [Cov:=====================>             60%]
[Progress:===>                          13%] [Cov:=====================>             60%]
[Progress:===>                          13%] [Cov:=====================>             60%]
[Progress:===>                          13%] [Cov:=====================>             60%]
[Progress:===>                          13%] [Cov:=====================>             60%]
[Progress:===>                          13%] [Cov:=====================>             60%]
[Progress:===>                          13%] [Cov:=====================>             60%]
[Progress:===>                          13%] [Cov:=====================>             60%]
[Progress:===>                          13%] [Cov:=====================>             60%]
[Progress:===>                          13%] [Cov:=====================>             60%]
[Progress:===>                          13%] [Cov:=====================>             60%]
[Progress:===>                          13%] [Cov:=====================>             60%]
[Progress:===>                          13%] [Cov:=====================>             60%]
[Progress:===>                          13%] [Cov:=====================>             60%]
[Progress:===>                          13%] [Cov:=====================>             60%]
[Progress:===>                          13%] [Cov:=====================>             60%]
[Progress:===>                          13%] [Cov:=====================>             60%]
[Progress:===>                          13%] [Cov:=====================>             60%]
[Progress:====>                         15%] [Cov:=====================>             60%]
[Progress:====>                         15%] [Cov:=====================>             60%]
[Progress:====>                         15%] [Cov:=====================>             60%]
[Progress:====>                         15%] [Cov:=====================>             60%]
[Progress:====>                         15%] [Cov:=====================>             60%]
[Progress:====>                         15%] [Cov:=====================>             60%]
[Progress:====>                         15%] [Cov:=====================>             60%]
[Progress:====>                         15%] [Cov:=====================>             60%]
[Progress:====>                         15%] [Cov:=====================>             60%]
[Progress:====>                         15%] [Cov:=====================>             60%]
[Progress:====>                         15%] [Cov:=====================>             60%]
[Progress:====>                         15%] [Cov:=====================>             60%]
[Progress:====>                         15%] [Cov:=====================>             60%]
[Progress:====>                         15%] [Cov:=====================>             60%]
[Progress:====>                         15%] [Cov:=====================>             60%]
[Progress:====>                         15%] [Cov:=====================>             60%]
[Progress:====>                         15%] [Cov:=====================>             60%]
[Progress:====>                         15%] [Cov:=====================>             60%]
[Progress:====>                         15%] [Cov:=====================>             60%]
[Progress:====>                         15%] [Cov:=====================>             60%]
[Progress:====>                         16%] [Cov:=====================>             60%]
[Progress:====>                         16%] [Cov:=====================>             60%]
[Progress:====>                         16%] [Cov:=====================>             60%]
[Progress:====>                         16%] [Cov:=====================>             60%]
[Progress:====>                         16%] [Cov:=====================>             60%]
[Progress:====>                         16%] [Cov:=====================>             60%]
[Progress:====>                         16%] [Cov:=====================>             60%]
[Progress:====>                         16%] [Cov:=====================>             60%]
[Progress:====>                         16%] [Cov:=====================>             60%]
[Progress:====>                         16%] [Cov:=====================>             60%]
[Progress:====>                         16%] [Cov:=====================>             60%]
[Progress:====>                         16%] [Cov:=====================>             60%]
[Progress:====>                         16%] [Cov:=====================>             60%]
[Progress:====>                         16%] [Cov:=====================>             60%]
[Progress:====>                         16%] [Cov:=====================>             60%]
[Progress:====>                         16%] [Cov:=====================>             60%]
[Progress:====>                         16%] [Cov:=====================>             60%]
[Progress:====>                         16%] [Cov:=====================>             60%]
[Progress:=====>                        18%] [Cov:=====================>             60%]
[Progress:=====>                        18%] [Cov:=====================>             60%]
[Progress:=====>                        18%] [Cov:=====================>             60%]
[Progress:=====>                        18%] [Cov:=====================>             60%]
[Progress:=====>                        18%] [Cov:=====================>             60%]
[Progress:=====>                        18%] [Cov:=====================>             60%]
[Progress:=====>                        18%] [Cov:=====================>             60%]
[Progress:=====>                        18%] [Cov:=====================>             60%]
[Progress:=====>                        18%] [Cov:=====================>             60%]
[Progress:=====>                        18%] [Cov:=====================>             60%]
[Progress:=====>                        18%] [Cov:=====================>             60%]
[Progress:=====>                        18%] [Cov:=====================>             60%]
[Progress:=====>                        18%] [Cov:=====================>             60%]
[Progress:=====>                        18%] [Cov:=====================>             60%]
[Progress:=====>                        18%] [Cov:=====================>             60%]
[Progress:=====>                        18%] [Cov:=====================>             60%]
[Progress:=====>                        18%] [Cov:=====================>             60%]
[Progress:=====>                        18%] [Cov:=====================>             60%]
[Progress:=====>                        18%] [Cov:=====================>             60%]
[Progress:=====>                        18%] [Cov:=====================>             60%]
[Progress:======>                       20%] [Cov:=====================>             60%]
[Progress:======>                       20%] [Cov:=====================>             60%]
[Progress:======>                       20%] [Cov:=====================>             60%]
[Progress:======>                       20%] [Cov:=====================>             60%]
[Progress:======>                       20%] [Cov:=====================>             60%]
[Progress:======>                       20%] [Cov:=====================>             60%]
[Progress:======>                       20%] [Cov:=====================>             60%]
[Progress:======>                       20%] [Cov:=====================>             60%]
[Progress:======>                       20%] [Cov:=====================>             60%]
[Progress:======>                       20%] [Cov:=====================>             60%]
[Progress:======>                       20%] [Cov:=====================>             60%]
[Progress:======>                       20%] [Cov:=====================>             60%]
[Progress:======>                       20%] [Cov:=====================>             60%]
[Progress:======>                       20%] [Cov:=====================>             60%]
[Progress:======>                       20%] [Cov:=====================>             60%]
[Progress:======>                       20%] [Cov:=====================>             60%]
[Progress:======>                       20%] [Cov:=====================>             60%]
[Progress:======>                       20%] [Cov:=====================>             60%]
[Progress:======>                       20%] [Cov:=====================>             60%]
[Progress:======>                       20%] [Cov:=====================>             60%]
[Progress:======>                       21%] [Cov:=====================>             60%]
[Progress:======>                       21%] [Cov:=====================>             60%]
[Progress:======>                       21%] [Cov:=====================>             60%]
[Progress:======>                       21%] [Cov:=====================>             60%]
[Progress:======>                       21%] [Cov:=====================>             60%]
[Progress:======>                       21%] [Cov:=====================>             60%]
[Progress:======>                       21%] [Cov:=====================>             60%]
[Progress:======>                       21%] [Cov:=====================>             60%]
[Progress:======>                       21%] [Cov:=====================>             60%]
[Progress:======>                       21%] [Cov:=====================>             60%]
[Progress:======>                       21%] [Cov:=====================>             60%]
[Progress:======>                       21%] [Cov:=====================>             60%]
[Progress:======>                       21%] [Cov:=====================>             60%]
[Progress:======>                       21%] [Cov:=====================>             60%]
[Progress:======>                       21%] [Cov:=====================>             60%]
[Progress:======>                       21%] [Cov:=====================>             60%]
[Progress:======>                       21%] [Cov:=====================>             60%]
[Progress:======>                       21%] [Cov:=====================>             60%]
[Progress:======>                       21%] [Cov:=====================>             60%]
[Progress:======>                       21%] [Cov:=====================>             60%]
[Progress:======>                       21%] [Cov:=====================>             60%]
[Progress:======>                       23%] [Cov:=====================>             60%]
[Progress:======>                       23%] [Cov:=====================>             60%]
[Progress:======>                       23%] [Cov:=====================>             60%]
[Progress:======>                       23%] [Cov:=====================>             60%]
[Progress:======>                       23%] [Cov:=====================>             60%]
[Progress:======>                       23%] [Cov:=====================>             60%]
[Progress:======>                       23%] [Cov:=====================>             60%]
[Progress:======>                       23%] [Cov:=====================>             60%]
[Progress:======>                       23%] [Cov:=====================>             60%]
[Progress:======>                       23%] [Cov:=====================>             60%]
[Progress:======>                       23%] [Cov:=====================>             60%]
[Progress:======>                       23%] [Cov:=====================>             60%]
[Progress:======>                       23%] [Cov:=====================>             60%]
[Progress:======>                       23%] [Cov:=====================>             60%]
[Progress:======>                       23%] [Cov:=====================>             60%]
[Progress:======>                       23%] [Cov:=====================>             60%]
[Progress:======>                       23%] [Cov:=====================>             60%]
[Progress:======>                       23%] [Cov:=====================>             60%]
[Progress:======>                       23%] [Cov:=====================>             60%]
[Progress:======>                       23%] [Cov:=====================>             60%]
[Progress:======>                       23%] [Cov:=====================>             60%]
[Progress:=======>                      25%] [Cov:=====================>             60%]
[Progress:=======>                      25%] [Cov:=====================>             60%]
[Progress:=======>                      25%] [Cov:=====================>             60%]
[Progress:=======>                      25%] [Cov:=====================>             60%]
[Progress:=======>                      25%] [Cov:=====================>             60%]
[Progress:=======>                      25%] [Cov:=====================>             60%]
[Progress:=======>                      25%] [Cov:=====================>             60%]
[Progress:=======>                      25%] [Cov:=====================>             60%]
[Progress:=======>                      25%] [Cov:=====================>             60%]
[Progress:=======>                      25%] [Cov:=====================>             60%]
[Progress:=======>                      25%] [Cov:=====================>             60%]
[Progress:=======>                      25%] [Cov:=====================>             60%]
[Progress:=======>                      25%] [Cov:=====================>             60%]
[Progress:=======>                      25%] [Cov:=====================>             60%]
[Progress:=======>                      25%] [Cov:=====================>             60%]
[Progress:=======>                      25%] [Cov:=====================>             60%]
[Progress:=======>                      25%] [Cov:=====================>             60%]
[Progress:=======>                      25%] [Cov:=====================>             60%]
[Progress:=======>                      25%] [Cov:=====================>             60%]
[Progress:=======>                      25%] [Cov:=====================>             60%]
[Progress:=======>                      25%] [Cov:=====================>             60%]
[Progress:=======>                      26%] [Cov:=====================>             60%]
[Progress:=======>                      26%] [Cov:=====================>             60%]
[Progress:=======>                      26%] [Cov:=====================>             60%]
[Progress:=======>                      26%] [Cov:=====================>             60%]
[Progress:=======>                      26%] [Cov:=====================>             60%]
[Progress:=======>                      26%] [Cov:=====================>             60%]
[Progress:=======>                      26%] [Cov:=====================>             60%]
[Progress:=======>                      26%] [Cov:=====================>             60%]
[Progress:=======>                      26%] [Cov:=====================>             60%]
[Progress:=======>                      26%] [Cov:=====================>             60%]
[Progress:=======>                      26%] [Cov:=====================>             60%]
[Progress:=======>                      26%] [Cov:=====================>             60%]
[Progress:=======>                      26%] [Cov:=====================>             60%]
[Progress:=======>                      26%] [Cov:=====================>             60%]
[Progress:=======>                      26%] [Cov:=====================>             60%]
[Progress:=======>                      26%] [Cov:=====================>             60%]
[Progress:=======>                      26%] [Cov:=====================>             60%]
[Progress:=======>                      26%] [Cov:=====================>             60%]
[Progress:=======>                      26%] [Cov:=====================>             60%]
[Progress:=======>                      26%] [Cov:=====================>             60%]
[Progress:=======>                      26%] [Cov:=====================>             60%]
[Progress:=======>                      26%] [Cov:=====================>             60%]
[Progress:=======>                      26%] [Cov:=====================>             60%]
[Progress:=======>                      26%] [Cov:=====================>             60%]
[Progress:========>                     28%] [Cov:=====================>             60%]
[Progress:========>                     28%] [Cov:=====================>             60%]
[Progress:========>                     28%] [Cov:=====================>             60%]
[Progress:========>                     28%] [Cov:=====================>             60%]
[Progress:========>                     28%] [Cov:=====================>             60%]
[Progress:========>                     28%] [Cov:=====================>             60%]
[Progress:========>                     28%] [Cov:=====================>             60%]
[Progress:========>                     28%] [Cov:=====================>             60%]
[Progress:========>                     28%] [Cov:=====================>             60%]
[Progress:========>                     28%] [Cov:=====================>             60%]
[Progress:========>                     28%] [Cov:=====================>             60%]
[Progress:========>                     28%] [Cov:=====================>             60%]
[Progress:========>                     28%] [Cov:=====================>             60%]
[Progress:========>                     28%] [Cov:=====================>             60%]
[Progress:========>                     28%] [Cov:=====================>             60%]
[Progress:========>                     28%] [Cov:=====================>             60%]
[Progress:========>                     28%] [Cov:=====================>             60%]
[Progress:========>                     28%] [Cov:=====================>             60%]
[Progress:========>                     28%] [Cov:=====================>             60%]
[Progress:========>                     28%] [Cov:=====================>             60%]
[Progress:========>                     28%] [Cov:=====================>             60%]
[Progress:========>                     28%] [Cov:=====================>             60%]
[Progress:========>                     28%] [Cov:=====================>             60%]
[Progress:=========>                    30%] [Cov:=====================>             60%]
[Progress:=========>                    30%] [Cov:=====================>             60%]
[Progress:=========>                    30%] [Cov:=====================>             60%]
[Progress:=========>                    30%] [Cov:=====================>             60%]
[Progress:=========>                    30%] [Cov:=====================>             60%]
[Progress:=========>                    30%] [Cov:=====================>             60%]
[Progress:=========>                    30%] [Cov:=====================>             60%]
[Progress:=========>                    30%] [Cov:=====================>             60%]
[Progress:=========>                    30%] [Cov:=====================>             60%]
[Progress:=========>                    30%] [Cov:=====================>             60%]
[Progress:=========>                    30%] [Cov:=====================>             60%]
[Progress:=========>                    30%] [Cov:=====================>             60%]
[Progress:=========>                    30%] [Cov:=====================>             60%]
[Progress:=========>                    30%] [Cov:=====================>             60%]
[Progress:=========>                    30%] [Cov:=====================>             60%]
[Progress:=========>                    30%] [Cov:=====================>             60%]
[Progress:=========>                    30%] [Cov:=====================>             60%]
[Progress:=========>                    30%] [Cov:=====================>             60%]
[Progress:=========>                    30%] [Cov:=====================>             60%]
[Progress:=========>                    30%] [Cov:=====================>             60%]
[Progress:=========>                    30%] [Cov:=====================>             60%]
[Progress:=========>                    30%] [Cov:=====================>             60%]
[Progress:=========>                    30%] [Cov:=====================>             60%]
[Progress:=========>                    31%] [Cov:=====================>             60%]
[Progress:=========>                    31%] [Cov:=====================>             60%]
[Progress:=========>                    31%] [Cov:=====================>             60%]
[Progress:=========>                    31%] [Cov:=====================>             60%]
[Progress:=========>                    31%] [Cov:=====================>             60%]
[Progress:=========>                    31%] [Cov:=====================>             60%]
[Progress:=========>                    31%] [Cov:=====================>             60%]
[Progress:=========>                    31%] [Cov:=====================>             60%]
[Progress:=========>                    31%] [Cov:=====================>             60%]
[Progress:=========>                    31%] [Cov:=====================>             60%]
[Progress:=========>                    31%] [Cov:=====================>             60%]
[Progress:=========>                    31%] [Cov:=====================>             60%]
[Progress:=========>                    31%] [Cov:=====================>             60%]
[Progress:=========>                    31%] [Cov:=====================>             60%]
[Progress:=========>                    31%] [Cov:=====================>             60%]
[Progress:=========>                    31%] [Cov:=====================>             60%]
[Progress:=========>                    31%] [Cov:=====================>             60%]
[Progress:=========>                    31%] [Cov:=====================>             60%]
[Progress:=========>                    31%] [Cov:=====================>             60%]
[Progress:=========>                    31%] [Cov:=====================>             60%]
[Progress:=========>                    31%] [Cov:=====================>             60%]
[Progress:=========>                    31%] [Cov:=====================>             60%]
[Progress:=========>                    31%] [Cov:=====================>             60%]
[Progress:=========>                    33%] [Cov:=====================>             60%]
[Progress:=========>                    33%] [Cov:=====================>             60%]
[Progress:=========>                    33%] [Cov:=====================>             60%]
[Progress:=========>                    33%] [Cov:=====================>             60%]
[Progress:=========>                    33%] [Cov:=====================>             60%]
[Progress:=========>                    33%] [Cov:=====================>             60%]
[Progress:=========>                    33%] [Cov:=====================>             60%]
[Progress:=========>                    33%] [Cov:=====================>             60%]
[Progress:=========>                    33%] [Cov:=====================>             60%]
[Progress:=========>                    33%] [Cov:=====================>             60%]
[Progress:=========>                    33%] [Cov:=====================>             60%]
[Progress:=========>                    33%] [Cov:=====================>             60%]
[Progress:=========>                    33%] [Cov:=====================>             60%]
[Progress:=========>                    33%] [Cov:=====================>             60%]
[Progress:=========>                    33%] [Cov:=====================>             60%]
[Progress:=========>                    33%] [Cov:=====================>             60%]
[Progress:=========>                    33%] [Cov:=====================>             60%]
[Progress:=========>                    33%] [Cov:=====================>             60%]
[Progress:=========>                    33%] [Cov:=====================>             60%]
[Progress:=========>                    33%] [Cov:=====================>             60%]
[Progress:=========>                    33%] [Cov:=====================>             60%]
[Progress:=========>                    33%] [Cov:=====================>             60%]
[Progress:==========>                   35%] [Cov:=====================>             60%]
[Progress:==========>                   35%] [Cov:=====================>             60%]
[Progress:==========>                   35%] [Cov:=====================>             60%]
[Progress:==========>                   35%] [Cov:=====================>             60%]
[Progress:==========>                   35%] [Cov:=====================>             60%]
[Progress:==========>                   35%] [Cov:=====================>             60%]
[Progress:==========>                   35%] [Cov:=====================>             60%]
[Progress:==========>                   35%] [Cov:=====================>             60%]
[Progress:==========>                   35%] [Cov:=====================>             60%]
[Progress:==========>                   35%] [Cov:=====================>             60%]
[Progress:==========>                   35%] [Cov:=====================>             60%]
[Progress:==========>                   35%] [Cov:=====================>             60%]
[Progress:==========>                   35%] [Cov:=====================>             60%]
[Progress:==========>                   35%] [Cov:=====================>             60%]
[Progress:==========>                   35%] [Cov:=====================>             60%]
[Progress:==========>                   35%] [Cov:=====================>             60%]
[Progress:==========>                   35%] [Cov:=====================>             60%]
[Progress:==========>                   35%] [Cov:=====================>             60%]
[Progress:==========>                   35%] [Cov:=====================>             60%]
[Progress:==========>                   35%] [Cov:=====================>             60%]
[Progress:==========>                   35%] [Cov:=====================>             60%]
[Progress:==========>                   35%] [Cov:=====================>             60%]
[Progress:==========>                   35%] [Cov:=====================>             60%]
[Progress:==========>                   36%] [Cov:=====================>             60%]
[Progress:==========>                   36%] [Cov:=====================>             60%]
[Progress:==========>                   36%] [Cov:=====================>             60%]
[Progress:==========>                   36%] [Cov:=====================>             60%]
[Progress:==========>                   36%] [Cov:=====================>             60%]
[Progress:==========>                   36%] [Cov:=====================>             60%]
[Progress:==========>                   36%] [Cov:=====================>             60%]
[Progress:==========>                   36%] [Cov:=====================>             60%]
[Progress:==========>                   36%] [Cov:=====================>             60%]
[Progress:==========>                   36%] [Cov:=====================>             60%]
[Progress:==========>                   36%] [Cov:=====================>             60%]
[Progress:==========>                   36%] [Cov:=====================>             60%]
[Progress:==========>                   36%] [Cov:=====================>             60%]
[Progress:==========>                   36%] [Cov:=====================>             60%]
[Progress:==========>                   36%] [Cov:=====================>             60%]
[Progress:==========>                   36%] [Cov:=====================>             60%]
[Progress:==========>                   36%] [Cov:=====================>             60%]
[Progress:==========>                   36%] [Cov:=====================>             60%]
[Progress:==========>                   36%] [Cov:=====================>             60%]
[Progress:==========>                   36%] [Cov:=====================>             60%]
[Progress:==========>                   36%] [Cov:=====================>             60%]
[Progress:==========>                   36%] [Cov:=====================>             60%]
[Progress:==========>                   36%] [Cov:=====================>             60%]
[Progress:===========>                  38%] [Cov:=====================>             60%]
[Progress:===========>                  38%] [Cov:=====================>             60%]
[Progress:===========>                  38%] [Cov:=====================>             60%]
[Progress:===========>                  38%] [Cov:=====================>             60%]
[Progress:===========>                  38%] [Cov:=====================>             60%]
[Progress:===========>                  38%] [Cov:=====================>             60%]
[Progress:===========>                  38%] [Cov:=====================>             60%]
[Progress:===========>                  38%] [Cov:=====================>             60%]
[Progress:===========>                  38%] [Cov:=====================>             60%]
[Progress:===========>                  38%] [Cov:=====================>             60%]
[Progress:===========>                  38%] [Cov:=====================>             60%]
[Progress:===========>                  38%] [Cov:=====================>             60%]
[Progress:===========>                  38%] [Cov:=====================>             60%]
[Progress:===========>                  38%] [Cov:=====================>             60%]
[Progress:===========>                  38%] [Cov:=====================>             60%]
[Progress:===========>                  38%] [Cov:=====================>             60%]
[Progress:===========>                  38%] [Cov:=====================>             60%]
[Progress:===========>                  38%] [Cov:=====================>             60%]
[Progress:===========>                  38%] [Cov:=====================>             60%]
[Progress:===========>                  38%] [Cov:=====================>             60%]
[Progress:===========>                  38%] [Cov:=====================>             60%]
[Progress:===========>                  38%] [Cov:=====================>             60%]
[Progress:===========>                  38%] [Cov:=====================>             60%]
[Progress:============>                 40%] [Cov:=====================>             60%]
[Progress:============>                 40%] [Cov:=====================>             60%]
[Progress:============>                 40%] [Cov:=====================>             60%]
[Progress:============>                 40%] [Cov:=====================>             60%]
[Progress:============>                 40%] [Cov:=====================>             60%]
[Progress:============>                 40%] [Cov:=====================>             60%]
[Progress:============>                 40%] [Cov:=====================>             60%]
[Progress:============>                 40%] [Cov:=====================>             60%]
[Progress:============>                 40%] [Cov:=====================>             60%]
[Progress:============>                 40%] [Cov:=====================>             60%]
[Progress:============>                 40%] [Cov:=====================>             60%]
[Progress:============>                 40%] [Cov:=====================>             60%]
[Progress:============>                 40%] [Cov:=====================>             60%]
[Progress:============>                 40%] [Cov:=====================>             60%]
[Progress:============>                 40%] [Cov:=====================>             60%]
[Progress:============>                 40%] [Cov:=====================>             60%]
[Progress:============>                 40%] [Cov:=====================>             60%]
[Progress:============>                 40%] [Cov:=====================>             60%]
[Progress:============>                 40%] [Cov:=====================>             60%]
[Progress:============>                 40%] [Cov:=====================>             60%]
[Progress:============>                 40%] [Cov:=====================>             60%]
[Progress:============>                 40%] [Cov:=====================>             60%]
[Progress:============>                 40%] [Cov:=====================>             60%]
[Progress:============>                 40%] [Cov:=====================>             60%]
[Progress:============>                 41%] [Cov:=====================>             60%]
[Progress:============>                 41%] [Cov:=====================>             60%]
[Progress:============>                 41%] [Cov:=====================>             60%]
[Progress:============>                 41%] [Cov:=====================>             60%]
[Progress:============>                 41%] [Cov:=====================>             60%]
[Progress:============>                 41%] [Cov:=====================>             60%]
[Progress:============>                 41%] [Cov:=====================>             60%]
[Progress:============>                 41%] [Cov:=====================>             60%]
[Progress:============>                 41%] [Cov:=====================>             60%]
[Progress:============>                 41%] [Cov:=====================>             60%]
[Progress:============>                 41%] [Cov:=====================>             60%]
[Progress:============>                 41%] [Cov:=====================>             60%]
[Progress:============>                 41%] [Cov:=====================>             60%]
[Progress:============>                 41%] [Cov:=====================>             60%]
[Progress:============>                 41%] [Cov:=====================>             60%]
[Progress:============>                 41%] [Cov:=====================>             60%]
[Progress:============>                 41%] [Cov:=====================>             60%]
[Progress:============>                 41%] [Cov:=====================>             60%]
[Progress:============>                 41%] [Cov:=====================>             60%]
[Progress:============>                 41%] [Cov:=====================>             60%]
[Progress:============>                 41%] [Cov:=====================>             60%]
[Progress:============>                 41%] [Cov:=====================>             60%]
[Progress:============>                 41%] [Cov:=====================>             60%]
[Progress:============>                 41%] [Cov:=====================>             60%]
[Progress:============>                 41%] [Cov:=====================>             60%]
[Progress:============>                 43%] [Cov:=====================>             60%]
[Progress:============>                 43%] [Cov:=====================>             60%]
[Progress:============>                 43%] [Cov:=====================>             60%]
[Progress:============>                 43%] [Cov:=====================>             60%]
[Progress:============>                 43%] [Cov:=====================>             60%]
[Progress:============>                 43%] [Cov:=====================>             60%]
[Progress:============>                 43%] [Cov:=====================>             60%]
[Progress:============>                 43%] [Cov:=====================>             60%]
[Progress:============>                 43%] [Cov:=====================>             60%]
[Progress:============>                 43%] [Cov:=====================>             60%]
[Progress:============>                 43%] [Cov:=====================>             60%]
[Progress:============>                 43%] [Cov:=====================>             60%]
[Progress:============>                 43%] [Cov:=====================>             60%]
[Progress:============>                 43%] [Cov:=====================>             60%]
[Progress:============>                 43%] [Cov:=====================>             60%]
[Progress:============>                 43%] [Cov:=====================>             60%]
[Progress:============>                 43%] [Cov:=====================>             60%]
[Progress:============>                 43%] [Cov:=====================>             60%]
[Progress:============>                 43%] [Cov:=====================>             60%]
[Progress:============>                 43%] [Cov:=====================>             60%]
[Progress:============>                 43%] [Cov:=====================>             60%]
[Progress:============>                 43%] [Cov:=====================>             60%]
[Progress:============>                 43%] [Cov:=====================>             60%]
[Progress:=============>                45%] [Cov:=====================>             60%]
[Progress:=============>                45%] [Cov:=====================>             60%]
[Progress:=============>                45%] [Cov:=====================>             60%]
[Progress:=============>                45%] [Cov:=====================>             60%]
[Progress:=============>                45%] [Cov:=====================>             60%]
[Progress:=============>                45%] [Cov:=====================>             60%]
[Progress:=============>                45%] [Cov:=====================>             60%]
[Progress:=============>                45%] [Cov:=====================>             60%]
[Progress:=============>                45%] [Cov:=====================>             60%]
[Progress:=============>                45%] [Cov:=====================>             60%]
[Progress:=============>                45%] [Cov:=====================>             60%]
[Progress:=============>                45%] [Cov:=====================>             60%]
[Progress:=============>                45%] [Cov:=====================>             60%]
[Progress:=============>                45%] [Cov:=====================>             60%]
[Progress:=============>                45%] [Cov:=====================>             60%]
[Progress:=============>                45%] [Cov:=====================>             60%]
[Progress:=============>                45%] [Cov:=====================>             60%]
[Progress:=============>                45%] [Cov:=====================>             60%]
[Progress:=============>                45%] [Cov:=====================>             60%]
[Progress:=============>                45%] [Cov:=====================>             60%]
[Progress:=============>                45%] [Cov:=====================>             60%]
[Progress:=============>                45%] [Cov:=====================>             60%]
[Progress:=============>                45%] [Cov:=====================>             60%]
[Progress:=============>                45%] [Cov:=====================>             60%]
[Progress:=============>                46%] [Cov:=====================>             60%]
[Progress:=============>                46%] [Cov:=====================>             60%]
[Progress:=============>                46%] [Cov:=====================>             60%]
[Progress:=============>                46%] [Cov:=====================>             60%]
[Progress:=============>                46%] [Cov:=====================>             60%]
[Progress:=============>                46%] [Cov:=====================>             60%]
[Progress:=============>                46%] [Cov:=====================>             60%]
[Progress:=============>                46%] [Cov:=====================>             60%]
[Progress:=============>                46%] [Cov:=====================>             60%]
[Progress:=============>                46%] [Cov:=====================>             60%]
[Progress:=============>                46%] [Cov:=====================>             60%]
[Progress:=============>                46%] [Cov:=====================>             60%]
[Progress:=============>                46%] [Cov:=====================>             60%]
[Progress:=============>                46%] [Cov:=====================>             60%]
[Progress:=============>                46%] [Cov:=====================>             60%]
[Progress:=============>                46%] [Cov:=====================>             60%]
[Progress:=============>                46%] [Cov:=====================>             60%]
[Progress:=============>                46%] [Cov:=====================>             60%]
[Progress:=============>                46%] [Cov:=====================>             60%]
[Progress:=============>                46%] [Cov:=====================>             60%]
[Progress:=============>                46%] [Cov:=====================>             60%]
[Progress:=============>                46%] [Cov:=====================>             60%]
[Progress:=============>                46%] [Cov:=====================>             60%]
[Progress:==============>               48%] [Cov:=====================>             60%]
[Progress:==============>               48%] [Cov:=====================>             60%]
[Progress:==============>               48%] [Cov:=====================>             60%]
[Progress:==============>               48%] [Cov:=====================>             60%]
[Progress:==============>               48%] [Cov:=====================>             60%]
[Progress:==============>               48%] [Cov:=====================>             60%]
[Progress:==============>               48%] [Cov:=====================>             60%]
[Progress:==============>               48%] [Cov:=====================>             60%]
[Progress:==============>               48%] [Cov:=====================>             60%]
[Progress:==============>               48%] [Cov:=====================>             60%]
[Progress:==============>               48%] [Cov:=====================>             60%]
[Progress:==============>               48%] [Cov:=====================>             60%]
[Progress:==============>               48%] [Cov:=====================>             60%]
[Progress:==============>               48%] [Cov:=====================>             60%]
[Progress:==============>               48%] [Cov:=====================>             60%]
[Progress:==============>               48%] [Cov:=====================>             60%]
[Progress:==============>               48%] [Cov:=====================>             60%]
[Progress:==============>               48%] [Cov:=====================>             60%]
[Progress:==============>               48%] [Cov:=====================>             60%]
[Progress:==============>               48%] [Cov:=====================>             60%]
[Progress:==============>               48%] [Cov:=====================>             60%]
[Progress:==============>               48%] [Cov:=====================>             60%]
[Progress:==============>               48%] [Cov:=====================>             60%]
[Progress:===============>              50%] [Cov:=====================>             60%]
[Progress:===============>              50%] [Cov:=====================>             60%]
[Progress:===============>              50%] [Cov:=====================>             60%]
[Progress:===============>              50%] [Cov:=====================>             60%]
[Progress:===============>              50%] [Cov:=====================>             60%]
[Progress:===============>              50%] [Cov:=====================>             60%]
[Progress:===============>              50%] [Cov:=====================>             60%]
[Progress:===============>              50%] [Cov:=====================>             60%]
[Progress:===============>              50%] [Cov:=====================>             60%]
[Progress:===============>              50%] [Cov:=====================>             60%]
[Progress:===============>              50%] [Cov:=====================>             60%]
[Progress:===============>              50%] [Cov:=====================>             60%]
[Progress:===============>              50%] [Cov:=====================>             60%]
[Progress:===============>              50%] [Cov:=====================>             60%]
[Progress:===============>              50%] [Cov:=====================>             60%]
[Progress:===============>              50%] [Cov:=====================>             60%]
[Progress:===============>              50%] [Cov:=====================>             60%]
[Progress:===============>              50%] [Cov:=====================>             60%]
[Progress:===============>              50%] [Cov:=====================>             60%]
[Progress:===============>              50%] [Cov:=====================>             60%]
[Progress:===============>              50%] [Cov:=====================>             60%]
[Progress:===============>              50%] [Cov:=====================>             60%]
[Progress:===============>              50%] [Cov:=====================>             60%]
[Progress:===============>              50%] [Cov:=====================>             60%]
[Progress:===============>              51%] [Cov:=====================>             60%]
[Progress:===============>              51%] [Cov:=====================>             60%]
[Progress:===============>              51%] [Cov:=====================>             60%]
[Progress:===============>              51%] [Cov:=====================>             60%]
[Progress:===============>              51%] [Cov:=====================>             60%]
[Progress:===============>              51%] [Cov:=====================>             60%]
[Progress:===============>              51%] [Cov:=====================>             60%]
[Progress:===============>              51%] [Cov:=====================>             60%]
[Progress:===============>              51%] [Cov:=====================>             60%]
[Progress:===============>              51%] [Cov:=====================>             60%]
[Progress:===============>              51%] [Cov:=====================>             60%]
[Progress:===============>              51%] [Cov:=====================>             60%]
[Progress:===============>              51%] [Cov:=====================>             60%]
[Progress:===============>              51%] [Cov:=====================>             60%]
[Progress:===============>              51%] [Cov:=====================>             60%]
[Progress:===============>              51%] [Cov:=====================>             60%]
[Progress:===============>              51%] [Cov:=====================>             60%]
[Progress:===============>              51%] [Cov:=====================>             60%]
[Progress:===============>              51%] [Cov:=====================>             60%]
[Progress:===============>              51%] [Cov:=====================>             60%]
[Progress:===============>              51%] [Cov:=====================>             60%]
[Progress:===============>              51%] [Cov:=====================>             60%]
[Progress:===============>              51%] [Cov:=====================>             60%]
[Progress:===============>              53%] [Cov:=====================>             60%]
[Progress:===============>              53%] [Cov:=====================>             60%]
[Progress:===============>              53%] [Cov:=====================>             60%]
[Progress:===============>              53%] [Cov:=====================>             60%]
[Progress:===============>              53%] [Cov:=====================>             60%]
[Progress:===============>              53%] [Cov:=====================>             60%]
[Progress:===============>              53%] [Cov:=====================>             60%]
[Progress:===============>              53%] [Cov:=====================>             60%]
[Progress:===============>              53%] [Cov:=====================>             60%]
[Progress:===============>              53%] [Cov:=====================>             60%]
[Progress:===============>              53%] [Cov:=====================>             60%]
[Progress:===============>              53%] [Cov:=====================>             60%]
[Progress:===============>              53%] [Cov:=====================>             60%]
[Progress:===============>              53%] [Cov:=====================>             60%]
[Progress:===============>              53%] [Cov:=====================>             60%]
[Progress:===============>              53%] [Cov:=====================>             60%]
[Progress:===============>              53%] [Cov:=====================>             60%]
[Progress:===============>              53%] [Cov:=====================>             60%]
[Progress:===============>              53%] [Cov:=====================>             60%]
[Progress:===============>              53%] [Cov:=====================>             60%]
[Progress:===============>              53%] [Cov:=====================>             60%]
[Progress:===============>              53%] [Cov:=====================>             60%]
[Progress:===============>              53%] [Cov:=====================>             60%]
[Progress:================>             55%] [Cov:=====================>             60%]
[Progress:================>             55%] [Cov:=====================>             60%]
[Progress:================>             55%] [Cov:=====================>             60%]
[Progress:================>             55%] [Cov:=====================>             60%]
[Progress:================>             55%] [Cov:=====================>             60%]
[Progress:================>             55%] [Cov:=====================>             60%]
[Progress:================>             55%] [Cov:=====================>             60%]
[Progress:================>             55%] [Cov:=====================>             60%]
[Progress:================>             55%] [Cov:=====================>             60%]
[Progress:================>             55%] [Cov:=====================>             60%]
[Progress:================>             55%] [Cov:=====================>             60%]
[Progress:================>             55%] [Cov:=====================>             60%]
[Progress:================>             55%] [Cov:=====================>             60%]
[Progress:================>             55%] [Cov:=====================>             60%]
[Progress:================>             55%] [Cov:=====================>             60%]
[Progress:================>             55%] [Cov:=====================>             60%]
[Progress:================>             55%] [Cov:=====================>             60%]
[Progress:================>             55%] [Cov:=====================>             60%]
[Progress:================>             55%] [Cov:=====================>             60%]
[Progress:================>             55%] [Cov:=====================>             60%]
[Progress:================>             55%] [Cov:=====================>             60%]
[Progress:================>             56%] [Cov:=====================>             60%]
[Progress:================>             56%] [Cov:=====================>             60%]
[Progress:================>             56%] [Cov:=====================>             60%]
[Progress:================>             56%] [Cov:=====================>             60%]
[Progress:================>             56%] [Cov:=====================>             60%]
[Progress:================>             56%] [Cov:=====================>             60%]
[Progress:================>             56%] [Cov:=====================>             60%]
[Progress:================>             56%] [Cov:=====================>             60%]
[Progress:================>             56%] [Cov:=====================>             60%]
[Progress:================>             56%] [Cov:=====================>             60%]
[Progress:================>             56%] [Cov:=====================>             60%]
[Progress:================>             56%] [Cov:=====================>             60%]
[Progress:================>             56%] [Cov:=====================>             60%]
[Progress:================>             56%] [Cov:=====================>             60%]
[Progress:================>             56%] [Cov:=====================>             60%]
[Progress:================>             56%] [Cov:=====================>             60%]
[Progress:================>             56%] [Cov:=====================>             60%]
[Progress:================>             56%] [Cov:=====================>             60%]
[Progress:================>             56%] [Cov:=====================>             60%]
[Progress:================>             56%] [Cov:=====================>             60%]
[Progress:================>             56%] [Cov:=====================>             60%]
[Progress:================>             56%] [Cov:=====================>             60%]
[Progress:================>             56%] [Cov:=====================>             60%]
[Progress:=================>            58%] [Cov:=====================>             60%]
[Progress:=================>            58%] [Cov:=====================>             60%]
[Progress:=================>            58%] [Cov:=====================>             60%]
[Progress:=================>            58%] [Cov:=====================>             60%]
[Progress:=================>            58%] [Cov:=====================>             60%]
[Progress:=================>            58%] [Cov:=====================>             60%]
[Progress:=================>            58%] [Cov:=====================>             60%]
[Progress:=================>            58%] [Cov:=====================>             60%]
[Progress:=================>            58%] [Cov:=====================>             60%]
[Progress:=================>            58%] [Cov:=====================>             60%]
[Progress:=================>            58%] [Cov:=====================>             60%]
[Progress:=================>            58%] [Cov:=====================>             60%]
[Progress:=================>            58%] [Cov:=====================>             60%]
[Progress:=================>            58%] [Cov:=====================>             60%]
[Progress:=================>            58%] [Cov:=====================>             60%]
[Progress:=================>            58%] [Cov:=====================>             60%]
[Progress:=================>            58%] [Cov:=====================>             60%]
[Progress:=================>            58%] [Cov:=====================>             60%]
[Progress:=================>            58%] [Cov:=====================>             60%]
[Progress:=================>            58%] [Cov:=====================>             60%]
[Progress:=================>            58%] [Cov:=====================>             60%]
[Progress:=================>            58%] [Cov:=====================>             60%]
[Progress:=================>            58%] [Cov:=====================>             60%]
[Progress:==================>           60%] [Cov:=====================>             60%]
[Progress:==================>           60%] [Cov:=====================>             60%]
[Progress:==================>           60%] [Cov:=====================>             60%]
[Progress:==================>           60%] [Cov:=====================>             60%]
[Progress:==================>           60%] [Cov:=====================>             60%]
[Progress:==================>           60%] [Cov:=====================>             60%]
[Progress:==================>           60%] [Cov:=====================>             60%]
[Progress:==================>           60%] [Cov:=====================>             60%]
[Progress:==================>           60%] [Cov:=====================>             60%]
[Progress:==================>           60%] [Cov:=====================>             60%]
[Progress:==================>           60%] [Cov:=====================>             60%]
[Progress:==================>           60%] [Cov:=====================>             60%]
[Progress:==================>           60%] [Cov:=====================>             60%]
[Progress:==================>           60%] [Cov:=====================>             60%]
[Progress:==================>           60%] [Cov:=====================>             60%]
[Progress:==================>           60%] [Cov:=====================>             60%]
[Progress:==================>           60%] [Cov:=====================>             60%]
[Progress:==================>           60%] [Cov:=====================>             60%]
[Progress:==================>           60%] [Cov:=====================>             60%]
[Progress:==================>           60%] [Cov:=====================>             60%]
[Progress:==================>           60%] [Cov:=====================>             60%]
[Progress:==================>           60%] [Cov:=====================>             60%]
[Progress:==================>           61%] [Cov:=====================>             60%]
[Progress:==================>           61%] [Cov:=====================>             60%]
[Progress:==================>           61%] [Cov:=====================>             60%]
[Progress:==================>           61%] [Cov:=====================>             60%]
[Progress:==================>           61%] [Cov:=====================>             60%]
[Progress:==================>           61%] [Cov:=====================>             60%]
[Progress:==================>           61%] [Cov:=====================>             60%]
[Progress:==================>           61%] [Cov:=====================>             60%]
[Progress:==================>           61%] [Cov:=====================>             60%]
[Progress:==================>           61%] [Cov:=====================>             60%]
[Progress:==================>           61%] [Cov:=====================>             60%]
[Progress:==================>           61%] [Cov:=====================>             60%]
[Progress:==================>           61%] [Cov:=====================>             60%]
[Progress:==================>           61%] [Cov:=====================>             60%]
[Progress:==================>           61%] [Cov:=====================>             60%]
[Progress:==================>           61%] [Cov:=====================>             60%]
[Progress:==================>           61%] [Cov:=====================>             60%]
[Progress:==================>           61%] [Cov:=====================>             60%]
[Progress:==================>           61%] [Cov:=====================>             60%]
[Progress:==================>           61%] [Cov:=====================>             60%]
[Progress:==================>           61%] [Cov:=====================>             60%]
[Progress:==================>           61%] [Cov:=====================>             60%]
[Progress:==================>           61%] [Cov:=====================>             60%]
[Progress:==================>           63%] [Cov:=====================>             60%]
[Progress:==================>           63%] [Cov:=====================>             60%]
[Progress:==================>           63%] [Cov:=====================>             60%]
[Progress:==================>           63%] [Cov:=====================>             60%]
[Progress:==================>           63%] [Cov:=====================>             60%]
[Progress:==================>           63%] [Cov:=====================>             60%]
[Progress:==================>           63%] [Cov:=====================>             60%]
[Progress:==================>           63%] [Cov:=====================>             60%]
[Progress:==================>           63%] [Cov:=====================>             60%]
[Progress:==================>           63%] [Cov:=====================>             60%]
[Progress:==================>           63%] [Cov:=====================>             60%]
[Progress:==================>           63%] [Cov:=====================>             60%]
[Progress:==================>           63%] [Cov:=====================>             60%]
[Progress:==================>           63%] [Cov:=====================>             60%]
[Progress:==================>           63%] [Cov:=====================>             60%]
[Progress:==================>           63%] [Cov:=====================>             60%]
[Progress:==================>           63%] [Cov:=====================>             60%]
[Progress:==================>           63%] [Cov:=====================>             60%]
[Progress:==================>           63%] [Cov:=====================>             60%]
[Progress:==================>           63%] [Cov:=====================>             60%]
[Progress:==================>           63%] [Cov:=====================>             60%]
[Progress:==================>           63%] [Cov:=====================>             60%]
[Progress:===================>          65%] [Cov:=====================>             60%]
[Progress:===================>          65%] [Cov:=====================>             60%]
[Progress:===================>          65%] [Cov:=====================>             60%]
[Progress:===================>          65%] [Cov:=====================>             60%]
[Progress:===================>          65%] [Cov:=====================>             60%]
[Progress:===================>          65%] [Cov:=====================>             60%]
[Progress:===================>          65%] [Cov:=====================>             60%]
[Progress:===================>          65%] [Cov:=====================>             60%]
[Progress:===================>          65%] [Cov:=====================>             60%]
[Progress:===================>          65%] [Cov:=====================>             60%]
[Progress:===================>          65%] [Cov:=====================>             60%]
[Progress:===================>          65%] [Cov:=====================>             60%]
[Progress:===================>          65%] [Cov:=====================>             60%]
[Progress:===================>          65%] [Cov:=====================>             60%]
[Progress:===================>          65%] [Cov:=====================>             60%]
[Progress:===================>          65%] [Cov:=====================>             60%]
[Progress:===================>          65%] [Cov:=====================>             60%]
[Progress:===================>          65%] [Cov:=====================>             60%]
[Progress:===================>          65%] [Cov:=====================>             60%]
[Progress:===================>          65%] [Cov:=====================>             60%]
[Progress:===================>          65%] [Cov:=====================>             60%]
[Progress:===================>          65%] [Cov:=====================>             60%]
[Progress:===================>          65%] [Cov:=====================>             60%]
[Progress:===================>          65%] [Cov:=====================>             60%]
[Progress:===================>          66%] [Cov:=====================>             60%]
[Progress:===================>          66%] [Cov:=====================>             60%]
[Progress:===================>          66%] [Cov:=====================>             60%]
[Progress:===================>          66%] [Cov:=====================>             60%]
[Progress:===================>          66%] [Cov:=====================>             60%]
[Progress:===================>          66%] [Cov:=====================>             60%]
[Progress:===================>          66%] [Cov:=====================>             60%]
[Progress:===================>          66%] [Cov:=====================>             60%]
[Progress:===================>          66%] [Cov:=====================>             60%]
[Progress:===================>          66%] [Cov:=====================>             60%]
[Progress:===================>          66%] [Cov:=====================>             60%]
[Progress:===================>          66%] [Cov:=====================>             60%]
[Progress:===================>          66%] [Cov:=====================>             60%]
[Progress:===================>          66%] [Cov:=====================>             60%]
[Progress:===================>          66%] [Cov:=====================>             60%]
[Progress:===================>          66%] [Cov:=====================>             60%]
[Progress:===================>          66%] [Cov:=====================>             60%]
[Progress:===================>          66%] [Cov:=====================>             60%]
[Progress:===================>          66%] [Cov:=====================>             60%]
[Progress:===================>          66%] [Cov:=====================>             60%]
[Progress:===================>          66%] [Cov:=====================>             60%]
[Progress:===================>          66%] [Cov:=====================>             60%]
[Progress:===================>          66%] [Cov:=====================>             60%]
[Progress:====================>         68%] [Cov:=====================>             60%]
[Progress:====================>         68%] [Cov:=====================>             60%]
[Progress:====================>         68%] [Cov:=====================>             60%]
[Progress:====================>         68%] [Cov:=====================>             60%]
[Progress:====================>         68%] [Cov:=====================>             60%]
[Progress:====================>         68%] [Cov:=====================>             60%]
[Progress:====================>         68%] [Cov:=====================>             60%]
[Progress:====================>         68%] [Cov:=====================>             60%]
[Progress:====================>         68%] [Cov:=====================>             60%]
[Progress:====================>         68%] [Cov:=====================>             60%]
[Progress:====================>         68%] [Cov:=====================>             60%]
[Progress:====================>         68%] [Cov:=====================>             60%]
[Progress:====================>         68%] [Cov:=====================>             60%]
[Progress:====================>         68%] [Cov:=====================>             60%]
[Progress:====================>         68%] [Cov:=====================>             60%]
[Progress:====================>         68%] [Cov:=====================>             60%]
[Progress:====================>         68%] [Cov:=====================>             60%]
[Progress:====================>         68%] [Cov:=====================>             60%]
[Progress:====================>         68%] [Cov:=====================>             60%]
[Progress:====================>         68%] [Cov:=====================>             60%]
[Progress:====================>         68%] [Cov:=====================>             60%]
[Progress:====================>         68%] [Cov:=====================>             60%]
[Progress:====================>         68%] [Cov:=====================>             60%]
[Progress:====================>         68%] [Cov:=====================>             60%]
[Progress:====================>         68%] [Cov:=====================>             60%]
[Progress:=====================>        70%] [Cov:=====================>             60%]
[Progress:=====================>        70%] [Cov:=====================>             60%]
[Progress:=====================>        70%] [Cov:=====================>             60%]
[Progress:=====================>        70%] [Cov:=====================>             60%]
[Progress:=====================>        70%] [Cov:=====================>             60%]
[Progress:=====================>        70%] [Cov:=====================>             60%]
[Progress:=====================>        70%] [Cov:=====================>             60%]
[Progress:=====================>        70%] [Cov:=====================>             60%]
[Progress:=====================>        70%] [Cov:=====================>             60%]
[Progress:=====================>        70%] [Cov:=====================>             60%]
[Progress:=====================>        70%] [Cov:=====================>             60%]
[Progress:=====================>        70%] [Cov:=====================>             60%]
[Progress:=====================>        70%] [Cov:=====================>             60%]
[Progress:=====================>        70%] [Cov:=====================>             60%]
[Progress:=====================>        70%] [Cov:=====================>             60%]
[Progress:=====================>        70%] [Cov:=====================>             60%]
[Progress:=====================>        70%] [Cov:=====================>             60%]
[Progress:=====================>        70%] [Cov:=====================>             60%]
[Progress:=====================>        70%] [Cov:=====================>             60%]
[Progress:=====================>        70%] [Cov:=====================>             60%]
[Progress:=====================>        70%] [Cov:=====================>             60%]
[Progress:=====================>        70%] [Cov:=====================>             60%]
[Progress:=====================>        70%] [Cov:=====================>             60%]
[Progress:=====================>        71%] [Cov:=====================>             60%]
[Progress:=====================>        71%] [Cov:=====================>             60%]
[Progress:=====================>        71%] [Cov:=====================>             60%]
[Progress:=====================>        71%] [Cov:=====================>             60%]
[Progress:=====================>        71%] [Cov:=====================>             60%]
[Progress:=====================>        71%] [Cov:=====================>             60%]
[Progress:=====================>        71%] [Cov:=====================>             60%]
[Progress:=====================>        71%] [Cov:=====================>             60%]
[Progress:=====================>        71%] [Cov:=====================>             60%]
[Progress:=====================>        71%] [Cov:=====================>             60%]
[Progress:=====================>        71%] [Cov:=====================>             60%]
[Progress:=====================>        71%] [Cov:=====================>             60%]
[Progress:=====================>        71%] [Cov:=====================>             60%]
[Progress:=====================>        71%] [Cov:=====================>             60%]
[Progress:=====================>        71%] [Cov:=====================>             60%]
[Progress:=====================>        71%] [Cov:=====================>             60%]
[Progress:=====================>        71%] [Cov:=====================>             60%]
[Progress:=====================>        71%] [Cov:=====================>             60%]
[Progress:=====================>        71%] [Cov:=====================>             60%]
[Progress:=====================>        71%] [Cov:=====================>             60%]
[Progress:=====================>        71%] [Cov:=====================>             60%]
[Progress:=====================>        71%] [Cov:=====================>             60%]
[Progress:=====================>        71%] [Cov:=====================>             60%]
[Progress:=====================>        73%] [Cov:=====================>             60%]
[Progress:=====================>        73%] [Cov:=====================>             60%]
[Progress:=====================>        73%] [Cov:=====================>             60%]
[Progress:=====================>        73%] [Cov:=====================>             60%]
[Progress:=====================>        73%] [Cov:=====================>             60%]
[Progress:=====================>        73%] [Cov:=====================>             60%]
[Progress:=====================>        73%] [Cov:=====================>             60%]
[Progress:=====================>        73%] [Cov:=====================>             60%]
[Progress:=====================>        73%] [Cov:=====================>             60%]
[Progress:=====================>        73%] [Cov:=====================>             60%]
[Progress:=====================>        73%] [Cov:=====================>             60%]
[Progress:=====================>        73%] [Cov:=====================>             60%]
[Progress:=====================>        73%] [Cov:=====================>             60%]
[Progress:=====================>        73%] [Cov:=====================>             60%]
[Progress:=====================>        73%] [Cov:=====================>             60%]
[Progress:=====================>        73%] [Cov:=====================>             60%]
[Progress:=====================>        73%] [Cov:=====================>             60%]
[Progress:=====================>        73%] [Cov:=====================>             60%]
[Progress:=====================>        73%] [Cov:=====================>             60%]
[Progress:=====================>        73%] [Cov:=====================>             60%]
[Progress:=====================>        73%] [Cov:=====================>             60%]
[Progress:=====================>        73%] [Cov:=====================>             60%]
[Progress:=====================>        73%] [Cov:=====================>             60%]
[Progress:=====================>        73%] [Cov:=====================>             60%]
[Progress:======================>       75%] [Cov:=====================>             60%]
[Progress:======================>       75%] [Cov:=====================>             60%]
[Progress:======================>       75%] [Cov:=====================>             60%]
[Progress:======================>       75%] [Cov:=====================>             60%]
[Progress:======================>       75%] [Cov:=====================>             60%]
[Progress:======================>       75%] [Cov:=====================>             60%]
[Progress:======================>       75%] [Cov:=====================>             60%]
[Progress:======================>       75%] [Cov:=====================>             60%]
[Progress:======================>       75%] [Cov:=====================>             60%]
[Progress:======================>       75%] [Cov:=====================>             60%]
[Progress:======================>       75%] [Cov:=====================>             60%]
[Progress:======================>       75%] [Cov:=====================>             60%]
[Progress:======================>       75%] [Cov:=====================>             60%]
[Progress:======================>       75%] [Cov:=====================>             60%]
[Progress:======================>       75%] [Cov:=====================>             60%]
[Progress:======================>       75%] [Cov:=====================>             60%]
[Progress:======================>       75%] [Cov:=====================>             60%]
[Progress:======================>       75%] [Cov:=====================>             60%]
[Progress:======================>       75%] [Cov:=====================>             60%]
[Progress:======================>       75%] [Cov:=====================>             60%]
[Progress:======================>       75%] [Cov:=====================>             60%]
[Progress:======================>       75%] [Cov:=====================>             60%]
[Progress:======================>       75%] [Cov:=====================>             60%]
[Progress:======================>       76%] [Cov:=====================>             60%]
[Progress:======================>       76%] [Cov:=====================>             60%]
[Progress:======================>       76%] [Cov:=====================>             60%]
[Progress:======================>       76%] [Cov:=====================>             60%]
[Progress:======================>       76%] [Cov:=====================>             60%]
[Progress:======================>       76%] [Cov:=====================>             60%]
[Progress:======================>       76%] [Cov:=====================>             60%]
[Progress:======================>       76%] [Cov:=====================>             60%]
[Progress:======================>       76%] [Cov:=====================>             60%]
[Progress:======================>       76%] [Cov:=====================>             60%]
[Progress:======================>       76%] [Cov:=====================>             60%]
[Progress:======================>       76%] [Cov:=====================>             60%]
[Progress:======================>       76%] [Cov:=====================>             60%]
[Progress:======================>       76%] [Cov:=====================>             60%]
[Progress:======================>       76%] [Cov:=====================>             60%]
[Progress:======================>       76%] [Cov:=====================>             60%]
[Progress:======================>       76%] [Cov:=====================>             60%]
[Progress:======================>       76%] [Cov:=====================>             60%]
[Progress:======================>       76%] [Cov:=====================>             60%]
[Progress:======================>       76%] [Cov:=====================>             60%]
[Progress:======================>       76%] [Cov:=====================>             60%]
[Progress:======================>       76%] [Cov:=====================>             60%]
[Progress:======================>       76%] [Cov:=====================>             60%]
[Progress:=======================>      78%] [Cov:=====================>             60%]
[Progress:=======================>      78%] [Cov:=====================>             60%]
[Progress:=======================>      78%] [Cov:=====================>             60%]
[Progress:=======================>      78%] [Cov:=====================>             60%]
[Progress:=======================>      78%] [Cov:=====================>             60%]
[Progress:=======================>      78%] [Cov:=====================>             60%]
[Progress:=======================>      78%] [Cov:=====================>             60%]
[Progress:=======================>      78%] [Cov:=====================>             60%]
[Progress:=======================>      78%] [Cov:=====================>             60%]
[Progress:=======================>      78%] [Cov:=====================>             60%]
[Progress:=======================>      78%] [Cov:=====================>             60%]
[Progress:=======================>      78%] [Cov:=====================>             60%]
[Progress:=======================>      78%] [Cov:=====================>             60%]
[Progress:=======================>      78%] [Cov:=====================>             60%]
[Progress:=======================>      78%] [Cov:=====================>             60%]
[Progress:=======================>      78%] [Cov:=====================>             60%]
[Progress:=======================>      78%] [Cov:=====================>             60%]
[Progress:=======================>      78%] [Cov:=====================>             60%]
[Progress:=======================>      78%] [Cov:=====================>             60%]
[Progress:=======================>      78%] [Cov:=====================>             60%]
[Progress:=======================>      78%] [Cov:=====================>             60%]
[Progress:=======================>      78%] [Cov:=====================>             60%]
[Progress:=======================>      78%] [Cov:=====================>             60%]
[Progress:=======================>      78%] [Cov:=====================>             60%]
[Progress:========================>     80%] [Cov:=====================>             60%]
[Progress:========================>     80%] [Cov:=====================>             60%]
[Progress:========================>     80%] [Cov:=====================>             60%]
[Progress:========================>     80%] [Cov:=====================>             60%]
[Progress:========================>     80%] [Cov:=====================>             60%]
[Progress:========================>     80%] [Cov:=====================>             60%]
[Progress:========================>     80%] [Cov:=====================>             60%]
[Progress:========================>     80%] [Cov:=====================>             60%]
[Progress:========================>     80%] [Cov:=====================>             60%]
[Progress:========================>     80%] [Cov:=====================>             60%]
[Progress:========================>     80%] [Cov:=====================>             60%]
[Progress:========================>     80%] [Cov:=====================>             60%]
[Progress:========================>     80%] [Cov:=====================>             60%]
[Progress:========================>     80%] [Cov:=====================>             60%]
[Progress:========================>     80%] [Cov:=====================>             60%]
[Progress:========================>     80%] [Cov:=====================>             60%]
[Progress:========================>     80%] [Cov:=====================>             60%]
[Progress:========================>     80%] [Cov:=====================>             60%]
[Progress:========================>     80%] [Cov:=====================>             60%]
[Progress:========================>     80%] [Cov:=====================>             60%]
[Progress:========================>     80%] [Cov:=====================>             60%]
[Progress:========================>     80%] [Cov:=====================>             60%]
[Progress:========================>     80%] [Cov:=====================>             60%]
[Progress:========================>     81%] [Cov:=====================>             60%]
[Progress:========================>     81%] [Cov:=====================>             60%]
[Progress:========================>     81%] [Cov:=====================>             60%]
[Progress:========================>     81%] [Cov:=====================>             60%]
[Progress:========================>     81%] [Cov:=====================>             60%]
[Progress:========================>     81%] [Cov:=====================>             60%]
[Progress:========================>     81%] [Cov:=====================>             60%]
[Progress:========================>     81%] [Cov:=====================>             60%]
[Progress:========================>     81%] [Cov:=====================>             60%]
[Progress:========================>     81%] [Cov:=====================>             60%]
[Progress:========================>     81%] [Cov:=====================>             60%]
[Progress:========================>     81%] [Cov:=====================>             60%]
[Progress:========================>     81%] [Cov:=====================>             60%]
[Progress:========================>     81%] [Cov:=====================>             60%]
[Progress:========================>     81%] [Cov:=====================>             60%]
[Progress:========================>     81%] [Cov:=====================>             60%]
[Progress:========================>     81%] [Cov:=====================>             60%]
[Progress:========================>     81%] [Cov:=====================>             60%]
[Progress:========================>     81%] [Cov:=====================>             60%]
[Progress:========================>     81%] [Cov:=====================>             60%]
[Progress:========================>     81%] [Cov:=====================>             60%]
[Progress:========================>     81%] [Cov:=====================>             60%]
[Progress:========================>     81%] [Cov:=====================>             60%]
[Progress:========================>     83%] [Cov:=====================>             60%]
[Progress:========================>     83%] [Cov:=====================>             60%]
[Progress:========================>     83%] [Cov:=====================>             60%]
[Progress:========================>     83%] [Cov:=====================>             60%]
[Progress:========================>     83%] [Cov:=====================>             60%]
[Progress:========================>     83%] [Cov:=====================>             60%]
[Progress:========================>     83%] [Cov:=====================>             60%]
[Progress:========================>     83%] [Cov:=====================>             60%]
[Progress:========================>     83%] [Cov:=====================>             60%]
[Progress:========================>     83%] [Cov:=====================>             60%]
[Progress:========================>     83%] [Cov:=====================>             60%]
[Progress:========================>     83%] [Cov:=====================>             60%]
[Progress:========================>     83%] [Cov:=====================>             60%]
[Progress:========================>     83%] [Cov:=====================>             60%]
[Progress:========================>     83%] [Cov:=====================>             60%]
[Progress:========================>     83%] [Cov:=====================>             60%]
[Progress:========================>     83%] [Cov:=====================>             60%]
[Progress:========================>     83%] [Cov:=====================>             60%]
[Progress:========================>     83%] [Cov:=====================>             60%]
[Progress:========================>     83%] [Cov:=====================>             60%]
[Progress:========================>     83%] [Cov:=====================>             60%]
[Progress:========================>     83%] [Cov:=====================>             60%]
[Progress:=========================>    85%] [Cov:=====================>             60%]
[Progress:=========================>    85%] [Cov:=====================>             60%]
[Progress:=========================>    85%] [Cov:=====================>             60%]
[Progress:=========================>    85%] [Cov:=====================>             60%]
[Progress:=========================>    85%] [Cov:=====================>             60%]
[Progress:=========================>    85%] [Cov:=====================>             60%]
[Progress:=========================>    85%] [Cov:=====================>             60%]
[Progress:=========================>    85%] [Cov:=====================>             60%]
[Progress:=========================>    85%] [Cov:=====================>             60%]
[Progress:=========================>    85%] [Cov:=====================>             60%]
[Progress:=========================>    85%] [Cov:=====================>             60%]
[Progress:=========================>    85%] [Cov:=====================>             60%]
[Progress:=========================>    85%] [Cov:=====================>             60%]
[Progress:=========================>    85%] [Cov:=====================>             60%]
[Progress:=========================>    85%] [Cov:=====================>             60%]
[Progress:=========================>    85%] [Cov:=====================>             60%]
[Progress:=========================>    85%] [Cov:=====================>             60%]
[Progress:=========================>    85%] [Cov:=====================>             60%]
[Progress:=========================>    85%] [Cov:=====================>             60%]
[Progress:=========================>    85%] [Cov:=====================>             60%]
[Progress:=========================>    86%] [Cov:=====================>             60%]
[Progress:=========================>    86%] [Cov:=====================>             60%]
[Progress:=========================>    86%] [Cov:=====================>             60%]
[Progress:=========================>    86%] [Cov:=====================>             60%]
[Progress:=========================>    86%] [Cov:=====================>             60%]
[Progress:=========================>    86%] [Cov:=====================>             60%]
[Progress:=========================>    86%] [Cov:=====================>             60%]
[Progress:=========================>    86%] [Cov:=====================>             60%]
[Progress:=========================>    86%] [Cov:=====================>             60%]
[Progress:=========================>    86%] [Cov:=====================>             60%]
[Progress:=========================>    86%] [Cov:=====================>             60%]
[Progress:=========================>    86%] [Cov:=====================>             60%]
[Progress:=========================>    86%] [Cov:=====================>             60%]
[Progress:=========================>    86%] [Cov:=====================>             60%]
[Progress:=========================>    86%] [Cov:=====================>             60%]
[Progress:=========================>    86%] [Cov:=====================>             60%]
[Progress:=========================>    86%] [Cov:=====================>             60%]
[Progress:=========================>    86%] [Cov:=====================>             60%]
[Progress:=========================>    86%] [Cov:=====================>             60%]
[Progress:=========================>    86%] [Cov:=====================>             60%]
[Progress:==========================>   88%] [Cov:=====================>             60%]
[Progress:==========================>   88%] [Cov:=====================>             60%]
[Progress:==========================>   88%] [Cov:=====================>             60%]
[Progress:==========================>   88%] [Cov:=====================>             60%]
[Progress:==========================>   88%] [Cov:=====================>             60%]
[Progress:==========================>   88%] [Cov:=====================>             60%]
[Progress:==========================>   88%] [Cov:=====================>             60%]
[Progress:==========================>   88%] [Cov:=====================>             60%]
[Progress:==========================>   88%] [Cov:=====================>             60%]
[Progress:==========================>   88%] [Cov:=====================>             60%]
[Progress:==========================>   88%] [Cov:=====================>             60%]
[Progress:==========================>   88%] [Cov:=====================>             60%]
[Progress:==========================>   88%] [Cov:=====================>             60%]
[Progress:==========================>   88%] [Cov:=====================>             60%]
[Progress:==========================>   88%] [Cov:=====================>             60%]
[Progress:==========================>   88%] [Cov:=====================>             60%]
[Progress:==========================>   88%] [Cov:=====================>             60%]
[Progress:==========================>   88%] [Cov:=====================>             60%]
[Progress:==========================>   88%] [Cov:=====================>             60%]
[Progress:==========================>   88%] [Cov:=====================>             60%]
[Progress:==========================>   88%] [Cov:=====================>             60%]
[Progress:===========================>  90%] [Cov:=====================>             60%]
[Progress:===========================>  90%] [Cov:=====================>             60%]
[Progress:===========================>  90%] [Cov:=====================>             60%]
[Progress:===========================>  90%] [Cov:=====================>             60%]
[Progress:===========================>  90%] [Cov:=====================>             60%]
[Progress:===========================>  90%] [Cov:=====================>             60%]
[Progress:===========================>  90%] [Cov:=====================>             60%]
[Progress:===========================>  90%] [Cov:=====================>             60%]
[Progress:===========================>  90%] [Cov:=====================>             60%]
[Progress:===========================>  90%] [Cov:=====================>             60%]
[Progress:===========================>  90%] [Cov:=====================>             60%]
[Progress:===========================>  90%] [Cov:=====================>             60%]
[Progress:===========================>  90%] [Cov:=====================>             60%]
[Progress:===========================>  90%] [Cov:=====================>             60%]
[Progress:===========================>  90%] [Cov:=====================>             60%]
[Progress:===========================>  90%] [Cov:=====================>             60%]
[Progress:===========================>  90%] [Cov:=====================>             60%]
[Progress:===========================>  90%] [Cov:=====================>             60%]
[Progress:===========================>  90%] [Cov:=====================>             60%]
[Progress:===========================>  90%] [Cov:=====================>             60%]
[Progress:===========================>  90%] [Cov:=====================>             60%]
[Progress:===========================>  90%] [Cov:=====================>             60%]
[Progress:===========================>  90%] [Cov:=====================>             60%]
[Progress:===========================>  90%] [Cov:=====================>             60%]
[Progress:===========================>  91%] [Cov:=====================>             60%]
[Progress:===========================>  91%] [Cov:=====================>             60%]
[Progress:===========================>  91%] [Cov:=====================>             60%]
[Progress:===========================>  91%] [Cov:=====================>             60%]
[Progress:===========================>  91%] [Cov:=====================>             60%]
[Progress:===========================>  91%] [Cov:=====================>             60%]
[Progress:===========================>  91%] [Cov:=====================>             60%]
[Progress:===========================>  91%] [Cov:=====================>             60%]
[Progress:===========================>  91%] [Cov:=====================>             60%]
[Progress:===========================>  91%] [Cov:=====================>             60%]
[Progress:===========================>  91%] [Cov:=====================>             60%]
[Progress:===========================>  91%] [Cov:=====================>             60%]
[Progress:===========================>  91%] [Cov:=====================>             60%]
[Progress:===========================>  91%] [Cov:=====================>             60%]
[Progress:===========================>  91%] [Cov:=====================>             60%]
[Progress:===========================>  91%] [Cov:=====================>             60%]
[Progress:===========================>  91%] [Cov:=====================>             60%]
[Progress:===========================>  91%] [Cov:=====================>             60%]
[Progress:===========================>  91%] [Cov:=====================>             60%]
[Progress:===========================>  91%] [Cov:=====================>             60%]
[Progress:===========================>  91%] [Cov:=====================>             60%]
[Progress:===========================>  91%] [Cov:=====================>             60%]
[Progress:===========================>  93%] [Cov:=====================>             60%]
[Progress:===========================>  93%] [Cov:=====================>             60%]
[Progress:===========================>  93%] [Cov:=====================>             60%]
[Progress:===========================>  93%] [Cov:=====================>             60%]
[Progress:===========================>  93%] [Cov:=====================>             60%]
[Progress:===========================>  93%] [Cov:=====================>             60%]
[Progress:===========================>  93%] [Cov:=====================>             60%]
[Progress:===========================>  93%] [Cov:=====================>             60%]
[Progress:===========================>  93%] [Cov:=====================>             60%]
[Progress:===========================>  93%] [Cov:=====================>             60%]
[Progress:===========================>  93%] [Cov:=====================>             60%]
[Progress:===========================>  93%] [Cov:=====================>             60%]
[Progress:===========================>  93%] [Cov:=====================>             60%]
[Progress:===========================>  93%] [Cov:=====================>             60%]
[Progress:===========================>  93%] [Cov:=====================>             60%]
[Progress:===========================>  93%] [Cov:=====================>             60%]
[Progress:===========================>  93%] [Cov:=====================>             60%]
[Progress:===========================>  93%] [Cov:=====================>             60%]
[Progress:===========================>  93%] [Cov:=====================>             60%]
[Progress:===========================>  93%] [Cov:=====================>             60%]
[Progress:===========================>  93%] [Cov:=====================>             60%]
[Progress:===========================>  93%] [Cov:=====================>             60%]
[Progress:===========================>  93%] [Cov:=====================>             60%]
[Progress:===========================>  93%] [Cov:=====================>             60%]
[Progress:============================> 95%] [Cov:=====================>             60%]
[Progress:============================> 95%] [Cov:=====================>             60%]
[Progress:============================> 95%] [Cov:=====================>             60%]
[Progress:============================> 95%] [Cov:=====================>             60%]
[Progress:============================> 95%] [Cov:=====================>             60%]
[Progress:============================> 95%] [Cov:=====================>             60%]
[Progress:============================> 95%] [Cov:=====================>             60%]
[Progress:============================> 95%] [Cov:=====================>             60%]
[Progress:============================> 95%] [Cov:=====================>             60%]
[Progress:============================> 95%] [Cov:=====================>             60%]
[Progress:============================> 95%] [Cov:=====================>             60%]
[Progress:============================> 95%] [Cov:=====================>             60%]
[Progress:============================> 95%] [Cov:=====================>             60%]
[Progress:============================> 95%] [Cov:=====================>             60%]
[Progress:============================> 95%] [Cov:=====================>             60%]
[Progress:============================> 95%] [Cov:=====================>             60%]
[Progress:============================> 95%] [Cov:=====================>             60%]
[Progress:============================> 95%] [Cov:=====================>             60%]
[Progress:============================> 95%] [Cov:=====================>             60%]
[Progress:============================> 95%] [Cov:=====================>             60%]
[Progress:============================> 95%] [Cov:=====================>             60%]
[Progress:============================> 95%] [Cov:=====================>             60%]
[Progress:============================> 95%] [Cov:=====================>             60%]
[Progress:============================> 95%] [Cov:=====================>             60%]
[Progress:============================> 96%] [Cov:=====================>             60%]
[Progress:============================> 96%] [Cov:=====================>             60%]
[Progress:============================> 96%] [Cov:=====================>             60%]
[Progress:============================> 96%] [Cov:=====================>             60%]
[Progress:============================> 96%] [Cov:=====================>             60%]
[Progress:============================> 96%] [Cov:=====================>             60%]
[Progress:============================> 96%] [Cov:=====================>             60%]
[Progress:============================> 96%] [Cov:=====================>             60%]
[Progress:============================> 96%] [Cov:=====================>             60%]
[Progress:============================> 96%] [Cov:=====================>             60%]
[Progress:============================> 96%] [Cov:=====================>             60%]
[Progress:============================> 96%] [Cov:=====================>             60%]
[Progress:============================> 96%] [Cov:=====================>             60%]
[Progress:============================> 96%] [Cov:=====================>             60%]
[Progress:============================> 96%] [Cov:=====================>             60%]
[Progress:============================> 96%] [Cov:=====================>             60%]
[Progress:============================> 96%] [Cov:=====================>             60%]
[Progress:============================> 96%] [Cov:=====================>             60%]
[Progress:============================> 96%] [Cov:=====================>             60%]
[Progress:============================> 96%] [Cov:=====================>             60%]
[Progress:============================> 96%] [Cov:=====================>             60%]
[Progress:============================> 96%] [Cov:=====================>             60%]
[Progress:============================> 96%] [Cov:=====================>             60%]
[Progress:============================> 96%] [Cov:=====================>             60%]
[Progress:=============================>98%] [Cov:=====================>             60%]
[Progress:=============================>98%] [Cov:=====================>             60%]
[Progress:=============================>98%] [Cov:=====================>             60%]
[Progress:=============================>98%] [Cov:=====================>             60%]
[Progress:=============================>98%] [Cov:=====================>             60%]
[Progress:=============================>98%] [Cov:=====================>             60%]
[Progress:=============================>98%] [Cov:=====================>             60%]
[Progress:=============================>98%] [Cov:=====================>             60%]
[Progress:=============================>98%] [Cov:=====================>             60%]
[Progress:=============================>98%] [Cov:=====================>             60%]
[Progress:=============================>98%] [Cov:=====================>             60%]
[Progress:=============================>98%] [Cov:=====================>             60%]
[Progress:=============================>98%] [Cov:=====================>             60%]
[Progress:=============================>98%] [Cov:=====================>             60%]
[Progress:=============================>98%] [Cov:=====================>             60%]
[Progress:=============================>98%] [Cov:=====================>             60%]
[Progress:=============================>98%] [Cov:=====================>             60%]
[Progress:=============================>98%] [Cov:=====================>             60%]
[Progress:=============================>98%] [Cov:=====================>             60%]
[Progress:=============================>98%] [Cov:=====================>             60%]
[Progress:=============================>98%] [Cov:=====================>             60%]
[Progress:=============================>98%] [Cov:=====================>             60%]
[Progress:=============================>98%] [Cov:=====================>             60%]
[Progress:=============================>98%] [Cov:=====================>             60%]
[Progress:==============================100%] [Cov:=====================>             60%]
[Progress:==============================100%] [Cov:=====================>             60%]
[Progress:==============================100%] [Cov:=====================>             60%]
[Progress:==============================100%] [Cov:=====================>             60%]
[Progress:==============================100%] [Cov:=====================>             60%]
[Progress:==============================100%] [Cov:=====================>             60%]
[Progress:==============================100%] [Cov:=====================>             60%]
[Progress:==============================100%] [Cov:=====================>             60%]
[Progress:==============================100%] [Cov:=====================>             60%]
[Progress:==============================100%] [Cov:=====================>             60%]
[Progress:==============================100%] [Cov:=====================>             60%]
[Progress:==============================100%] [Cov:=====================>             60%]
[Progress:==============================100%] [Cov:=====================>             60%]
[Progress:==============================100%] [Cov:=====================>             60%]
[Progress:==============================100%] [Cov:=====================>             60%]
[Progress:==============================100%] [Cov:=====================>             60%]
[Progress:==============================100%] [Cov:=====================>             60%]
[Progress:==============================100%] [Cov:=====================>             60%]
[Progress:==============================100%] [Cov:=====================>             60%]
[Progress:==============================100%] [Cov:=====================>             60%]
[Progress:==============================100%] [Cov:=====================>             60%]
[Progress:==============================100%] [Cov:=====================>             60%]
[Progress:==============================100%] [Cov:=====================>             60%]
[Progress:==============================100%] [Cov:=====================>             60%]
[Progress:==============================100%] [Cov:=====================>             60%]
[Progress:==============================100%] [Cov:=====================>             60%]
[Progress:==============================100%] [Cov:=====================>             60%]
* Search finished after 61s and 1228 generations, 171748 statements, best individual has fitness: 36.048484848484854
* Minimizing test suite
* Going to analyze the coverage criteria
* Coverage analysis for criterion LINE
* Coverage of criterion LINE: 37%
* Total number of goals: 86
* Number of covered goals: 32
* Coverage analysis for criterion BRANCH
* Coverage of criterion BRANCH: 44%
* Total number of goals: 39
* Number of covered goals: 17
* Coverage analysis for criterion EXCEPTION
* Coverage of criterion EXCEPTION: 100%
* Total number of goals: 14
* Number of covered goals: 14
* Generated 17 tests with total length 40
* Resulting test suite's coverage: 60% (average coverage for all fitness functions)
* Generating assertions
* Resulting test suite's mutation score: 2%
* Compiling and checking tests
* Writing tests to file
* Writing JUnit test case 'AbstractLeastSquaresOptimizer_ESTest' to /work/evo_out/Math_13f/budget60_seed1/tests
* Done!

* Computation finished

[exit=0 timeout=False time=70.7s]

$ javac -nowarn -cp /work/Math_13f/target/classes:/opt/defects4j/framework/projects/lib/junit-4.12-hamcrest-1.3.jar:/work/Math_13f/target/classes:/work/Math_13f/target/test-classes:/opt/evosuite/evosuite-standalone-runtime-1.2.0.jar -d /work/evo_out/Math_13f/budget60_seed1/classes /work/evo_out/Math_13f/budget60_seed1/tests/org/apache/commons/math3/optimization/general/AbstractLeastSquaresOptimizer_ESTest.java /work/evo_out/Math_13f/budget60_seed1/tests/org/apache/commons/math3/optimization/general/AbstractLeastSquaresOptimizer_ESTest_scaffolding.java
Note: /work/evo_out/Math_13f/budget60_seed1/tests/org/apache/commons/math3/optimization/general/AbstractLeastSquaresOptimizer_ESTest.java uses or overrides a deprecated API.
Note: Recompile with -Xlint:deprecation for details.

[exit=0 timeout=False time=0.8s]

$ java -jar /opt/jacoco/lib/jacococli.jar instrument /work/Math_13f/target/classes --dest /work/evo_out/Math_13f/budget60_seed1/instrumented
[INFO] 1012 classes instrumented to /work/evo_out/Math_13f/budget60_seed1/instrumented.

[exit=0 timeout=False time=0.9s]

$ java -Djacoco-agent.destfile=/workspace/EvoSuite/Result_Round1/Math_13/budget60_seed1/jacoco.exec -cp /work/evo_out/Math_13f/budget60_seed1/instrumented:/work/evo_out/Math_13f/budget60_seed1/classes:/opt/defects4j/framework/projects/lib/junit-4.12-hamcrest-1.3.jar:/work/Math_13f/target/classes:/work/Math_13f/target/test-classes:/opt/evosuite/evosuite-standalone-runtime-1.2.0.jar:/opt/jacoco/lib/jacocoagent.jar org.junit.runner.JUnitCore org.apache.commons.math3.optimization.general.AbstractLeastSquaresOptimizer_ESTest
JUnit version 4.12
.................
Time: 0.72

OK (17 tests)

SLF4J: Failed to load class "org.slf4j.impl.StaticLoggerBinder".
SLF4J: Defaulting to no-operation (NOP) logger implementation
SLF4J: See http://www.slf4j.org/codes.html#StaticLoggerBinder for further details.
WARNING: An illegal reflective access operation has occurred
WARNING: Illegal reflective access by org.evosuite.runtime.GuiSupport (file:/opt/evosuite/evosuite-standalone-runtime-1.2.0.jar) to field java.awt.GraphicsEnvironment.headless
WARNING: Please consider reporting this to the maintainers of org.evosuite.runtime.GuiSupport
WARNING: Use --illegal-access=warn to enable warnings of further illegal reflective access operations
WARNING: All illegal access operations will be denied in a future release

[exit=0 timeout=False time=1.2s]

$ java -jar /opt/jacoco/lib/jacococli.jar report /workspace/EvoSuite/Result_Round1/Math_13/budget60_seed1/jacoco.exec --classfiles /work/Math_13f/target/classes --csv /workspace/EvoSuite/Result_Round1/Math_13/budget60_seed1/jacoco.csv
[INFO] Loading execution data file /workspace/EvoSuite/Result_Round1/Math_13/budget60_seed1/jacoco.exec.
[INFO] Analyzing 785 classes.

[exit=0 timeout=False time=0.8s]

$ java -cp /work/evo_out/Math_13f/budget60_seed1/classes:/opt/defects4j/framework/projects/lib/junit-4.12-hamcrest-1.3.jar:/work/Math_13b/target/classes:/work/Math_13b/target/test-classes:/opt/evosuite/evosuite-standalone-runtime-1.2.0.jar org.junit.runner.JUnitCore org.apache.commons.math3.optimization.general.AbstractLeastSquaresOptimizer_ESTest
JUnit version 4.12
.................
Time: 0.669

OK (17 tests)

SLF4J: Failed to load class "org.slf4j.impl.StaticLoggerBinder".
SLF4J: Defaulting to no-operation (NOP) logger implementation
SLF4J: See http://www.slf4j.org/codes.html#StaticLoggerBinder for further details.
WARNING: An illegal reflective access operation has occurred
WARNING: Illegal reflective access by org.evosuite.runtime.GuiSupport (file:/opt/evosuite/evosuite-standalone-runtime-1.2.0.jar) to field java.awt.GraphicsEnvironment.headless
WARNING: Please consider reporting this to the maintainers of org.evosuite.runtime.GuiSupport
WARNING: Use --illegal-access=warn to enable warnings of further illegal reflective access operations
WARNING: All illegal access operations will be denied in a future release

[exit=0 timeout=False time=0.9s]
